// Gerado automaticamente - blue.png
// Tamanho: 240x240 pixels
// Uso: tft.pushImage(x, y, 240, 240, blue);

#pragma once
#include <pgmspace.h>

#define BLUE_W 240
#define BLUE_H 240

static const uint16_t blue[] PROGMEM = {
  0x1E04, 0x1E04, 0x1E04, 0x1E04, 0x1E04, 0x1E04, 0x1E04, 0x1E04, 0x1E04, 0x1E04, 0x1E04, 0x1E04, 0x1E04, 0x1E04, 0x1E04, 0x1E04, 
  0x1E04, 0x1E04, 0x1E04, 0x1E04, 0x1E04, 0x1E04, 0x1E04, 0x1E04, 0x1E04, 0x1E04, 0x1E04, 0x1E04, 0x1E04, 0x1E04, 0x1E04, 0x1E04, 
  0x1E04, 0x1E04, 0x1E04, 0x1E04, 0x1E04, 0x1E04, 0x1E04, 0x1E04, 0x1E04, 0x1E04, 0x1E04, 0x1E04, 0x1E04, 0x1E04, 0x1E04, 0x1E04, 
  0x1E04, 0x1E04, 0x1E04, 0x1E04, 0x1E04, 0x1E04, 0x1E04, 0x1E04, 0x1E04, 0x1E04, 0x1E04, 0x1E04, 0x1E04, 0x1E04, 0x1E04, 0x1E04, 
  0x1E04, 0x1E04, 0x1E04, 0x1E04, 0x1E04, 0x1E04, 0x1E04, 0x1E04, 0x1E04, 0x1E04, 0x1E04, 0x1E04, 0x1E04, 0x1E04, 0x1E04, 0x1E04, 
  0x1E04, 0x1E04, 0x1E04, 0x1E04, 0x1E04, 0x1E04, 0x1E04, 0x1E04, 0x1E04, 0x1E04, 0x1E04, 0x1E04, 0x1E04, 0x1E04, 0x1E04, 0x1E04, 
  0x1E04, 0x1E04, 0x1E04, 0x1E04, 0x1E04, 0x1E04, 0x1E04, 0x1E04, 0x1E04, 0x1E04, 0x1E04, 0x1E04, 0x1E04, 0x1E04, 0x1E04, 0x1E04, 
  0x1E04, 0x1E04, 0x1E04, 0x1E04, 0x1E04, 0x1E04, 0x1E04, 0x1E04, 0x1E04, 0x1E04, 0x1E04, 0x1E04, 0x1E04, 0x1E04, 0x1E04, 0x1E04, 
  0x1E04, 0x1E04, 0x1E04, 0x1E04, 0x1E04, 0x1E04, 0x1E04, 0x1E04, 0x1E04, 0x1E04, 0x1E04, 0x1E04, 0x1E04, 0x1E04, 0x1E04, 0x1E04, 
  0x1E04, 0x1E04, 0x1E04, 0x1E04, 0x1E04, 0x1E04, 0x1E04, 0x1E04, 0x1E04, 0x1E04, 0x1E04, 0x1E04, 0x1E04, 0x1E04, 0x1E04, 0x1E04, 
  0x1E04, 0x1E04, 0x1E04, 0x1E04, 0x1E04, 0x1E04, 0x1E04, 0x1E04, 0x1E04, 0x1E04, 0x1E04, 0x1E04, 0x1E04, 0x1E04, 0x1E04, 0x1E04, 
  0x1E04, 0x1E04, 0x1E04, 0x1E04, 0x1E04, 0x1E04, 0x1E04, 0x1E04, 0x1E04, 0x1E04, 0x1E04, 0x1E04, 0x1E04, 0x1E04, 0x1E04, 0x1E04, 
  0x1E04, 0x1E04, 0x1E04, 0x1E04, 0x1E04, 0x1E04, 0x1E04, 0x1E04, 0x1E04, 0x1E04, 0x1E04, 0x1E04, 0x1E04, 0x1E04, 0x1E04, 0x1E04, 
  0x1E04, 0x1E04, 0x1E04, 0x1E04, 0x1E04, 0x1E04, 0x1E04, 0x1E04, 0x1E04, 0x1E04, 0x1E04, 0x1E04, 0x1E04, 0x1E04, 0x1E04, 0x1E04, 
  0x1E04, 0x1E04, 0x1E04, 0x1E04, 0x1E04, 0x1E04, 0x1E04, 0x1E04, 0x1E04, 0x1E04, 0x1E04, 0x1E04, 0x1E04, 0x1E04, 0x1E04, 0x3E04, 
  0x1E04, 0x1E04, 0x1E04, 0x1E04, 0x1E04, 0x1E04, 0x1E04, 0x1E04, 0x1E04, 0x1E04, 0x1E04, 0x1E04, 0x1E04, 0x1E04, 0x1E04, 0x1E04, 
  0x1E04, 0x1E04, 0x1E04, 0x1E04, 0x1E04, 0x1E04, 0x1E04, 0x1E04, 0x1E04, 0x1E04, 0x1E04, 0x1E04, 0x1E04, 0x1E04, 0x1E04, 0x1E04, 
  0x1E04, 0x1E04, 0x1E04, 0x1E04, 0x1E04, 0x1E04, 0x1E04, 0x1E04, 0x1E04, 0x1E04, 0x1E04, 0x1E04, 0x1E04, 0x1E04, 0x1E04, 0x1E04, 
  0x1E04, 0x1E04, 0x1E04, 0x1E04, 0x1E04, 0x1E04, 0x1E04, 0x1E04, 0x1E04, 0x1E04, 0x1E04, 0x1E04, 0x1E04, 0x1E04, 0x1E04, 0x1E04, 
  0x1E04, 0x1E04, 0x1E04, 0x1E04, 0x1E04, 0x1E04, 0x1E04, 0x1E04, 0x1E04, 0x1E04, 0x1E04, 0x1E04, 0x1E04, 0x1E04, 0x1E04, 0x1E04, 
  0x1E04, 0x1E04, 0x1E04, 0x1E04, 0x1E04, 0x1E04, 0x1E04, 0x1E04, 0x1E04, 0x1E04, 0x1E04, 0x1E04, 0x1E04, 0x1E04, 0x1E04, 0x1E04, 
  0x1E04, 0x1E04, 0x1E04, 0x1E04, 0x1E04, 0x1E04, 0x1E04, 0x1E04, 0x1E04, 0x1E04, 0x1E04, 0x1E04, 0x1E04, 0x1E04, 0x1E04, 0x1E04, 
  0x1E04, 0x1E04, 0x1E04, 0x1E04, 0x1E04, 0x1E04, 0x1E04, 0x1E04, 0x1E04, 0x1E04, 0x1E04, 0x1E04, 0x1E04, 0x1E04, 0x1E04, 0x1E04, 
  0x1E04, 0x1E04, 0x1E04, 0x1E04, 0x1E04, 0x1E04, 0x1E04, 0x1E04, 0x1E04, 0x1E04, 0x1E04, 0x1E04, 0x1E04, 0x1E04, 0x1E04, 0x1E04, 
  0x1E04, 0x1E04, 0x1E04, 0x1E04, 0x1E04, 0x1E04, 0x1E04, 0x1E04, 0x1E04, 0x1E04, 0x1E04, 0x1E04, 0x1E04, 0x1E04, 0x1E04, 0x1E04, 
  0x1E04, 0x1E04, 0x1E04, 0x1E04, 0x1E04, 0x1E04, 0x1E04, 0x1E04, 0x1E04, 0x1E04, 0x1E04, 0x1E04, 0x1E04, 0x1E04, 0x1E04, 0x1E04, 
  0x1E04, 0x1E04, 0x1E04, 0x1E04, 0x1E04, 0x1E04, 0x1E04, 0x1E04, 0x1E04, 0x1E04, 0x1E04, 0x1E04, 0x1E04, 0x1E04, 0x1E04, 0x1E04, 
  0x1E04, 0x1E04, 0x1E04, 0x1E04, 0x1E04, 0x1E04, 0x1E04, 0x1E04, 0x1E04, 0x1E04, 0x1E04, 0x1E04, 0x1E04, 0x1E04, 0x1E04, 0x1E04, 
  0x1E04, 0x1E04, 0x1E04, 0x1E04, 0x1E04, 0x1E04, 0x1E04, 0x1E04, 0x1E04, 0x1E04, 0x1E04, 0x1E04, 0x1E04, 0x1E04, 0x1E04, 0x1E04, 
  0x1E04, 0x1E04, 0x1E04, 0x1E04, 0x1E04, 0x1E04, 0x1E04, 0x1E04, 0x1E04, 0x1E04, 0x1E04, 0x1E04, 0x1E04, 0x1E04, 0x1E04, 0x3E04, 
  0x1E04, 0x1E04, 0x1E04, 0x1E04, 0x1E04, 0x1E04, 0x1E04, 0x1E04, 0x1E04, 0x1E04, 0x1E04, 0x1E04, 0x1E04, 0x1E04, 0x1E04, 0x1E04, 
  0x1E04, 0x1E04, 0x1E04, 0x1E04, 0x1E04, 0x1E04, 0x1E04, 0x1E04, 0x1E04, 0x1E04, 0x1E04, 0x1E04, 0x1E04, 0x1E04, 0x1E04, 0x1E04, 
  0x1E04, 0x1E04, 0x1E04, 0x1E04, 0x1E04, 0x1E04, 0x1E04, 0x1E04, 0x1E04, 0x1E04, 0x1E04, 0x1E04, 0x1E04, 0x1E04, 0x1E04, 0x1E04, 
  0x1E04, 0x1E04, 0x1E04, 0x1E04, 0x1E04, 0x1E04, 0x1E04, 0x1E04, 0x1E04, 0x1E04, 0x1E04, 0x1E04, 0x1E04, 0x1E04, 0x1E04, 0x1E04, 
  0x1E04, 0x1E04, 0x1E04, 0x1E04, 0x1E04, 0x1E04, 0x1E04, 0x1E04, 0x1E04, 0x1E04, 0x1E04, 0x1E04, 0x1E04, 0x1E04, 0x1E04, 0x1E04, 
  0x1E04, 0x1E04, 0x1E04, 0x1E04, 0x1E04, 0x1E04, 0x1E04, 0x1E04, 0x1E04, 0x1E04, 0x1E04, 0x1E04, 0x1E04, 0x1E04, 0x1E04, 0x1E04, 
  0x1E04, 0x1E04, 0x1E04, 0x1E04, 0x1E04, 0x1E04, 0x1E04, 0x1E04, 0x1E04, 0x1E04, 0x1E04, 0x1E04, 0x1E04, 0x1E04, 0x1E04, 0x1E04, 
  0x1E04, 0x1E04, 0x1E04, 0x1E04, 0x1E04, 0x1E04, 0x1E04, 0x1E04, 0x1E04, 0x1E04, 0x1E04, 0x1E04, 0x1E04, 0x1E04, 0x1E04, 0x1E04, 
  0x1E04, 0x1E04, 0x1E04, 0x1E04, 0x1E04, 0x1E04, 0x1E04, 0x1E04, 0x1E04, 0x1E04, 0x1E04, 0x1E04, 0x1E04, 0x1E04, 0x1E04, 0x1E04, 
  0x1E04, 0x1E04, 0x1E04, 0x1E04, 0x1E04, 0x1E04, 0x1E04, 0x1E04, 0x1E04, 0x1E04, 0x1E04, 0x1E04, 0x1E04, 0x1E04, 0x1E04, 0x1E04, 
  0x1E04, 0x1E04, 0x1E04, 0x1E04, 0x1E04, 0x1E04, 0x1E04, 0x1E04, 0x1E04, 0x1E04, 0x1E04, 0x1E04, 0x1E04, 0x1E04, 0x1E04, 0x1E04, 
  0x1E04, 0x1E04, 0x1E04, 0x1E04, 0x1E04, 0x1E04, 0x1E04, 0x1E04, 0x1E04, 0x1E04, 0x1E04, 0x1E04, 0x1E04, 0x1E04, 0x1E04, 0x1E04, 
  0x1E04, 0x1E04, 0x1E04, 0x1E04, 0x1E04, 0x1E04, 0x1E04, 0x1E04, 0x1E04, 0x1E04, 0x1E04, 0x1E04, 0x1E04, 0x1E04, 0x1E04, 0x1E04, 
  0x1E04, 0x1E04, 0x1E04, 0x1E04, 0x1E04, 0x1E04, 0x1E04, 0x1E04, 0x1E04, 0x1E04, 0x1E04, 0x1E04, 0x1E04, 0x1E04, 0x1E04, 0x1E04, 
  0x1E04, 0x1E04, 0x1E04, 0x1E04, 0x1E04, 0x1E04, 0x1E04, 0x1E04, 0x1E04, 0x1E04, 0x1E04, 0x1E04, 0x1E04, 0x1E04, 0x1E04, 0x3E04, 
  0x1E04, 0x1E04, 0x1E04, 0x1E04, 0x1E04, 0x1E04, 0x1E04, 0x1E04, 0x1E04, 0x1E04, 0x1E04, 0x1E04, 0x1E04, 0x1E04, 0x1E04, 0x1E04, 
  0x1E04, 0x1E04, 0x1E04, 0x1E04, 0x1E04, 0x1E04, 0x1E04, 0x1E04, 0x1E04, 0x1E04, 0x1E04, 0x1E04, 0x1E04, 0x1E04, 0x1E04, 0x1E04, 
  0x1E04, 0x1E04, 0x1E04, 0x1E04, 0x1E04, 0x1E04, 0x1E04, 0x1E04, 0x1E04, 0x1E04, 0x1E04, 0x1E04, 0x1E04, 0x1E04, 0x1E04, 0x1E04, 
  0x1E04, 0x1E04, 0x1E04, 0x1E04, 0x1E04, 0x1E04, 0x1E04, 0x1E04, 0x1E04, 0x1E04, 0x1E04, 0x1E04, 0x1E04, 0x1E04, 0x1E04, 0x1E04, 
  0x1E04, 0x1E04, 0x1E04, 0x1E04, 0x1E04, 0x1E04, 0x1E04, 0x1E04, 0x1E04, 0x1E04, 0x1E04, 0x1E04, 0x1E04, 0x1E04, 0x1E04, 0x1E04, 
  0x1E04, 0x1E04, 0x1E04, 0x1E04, 0x1E04, 0x1E04, 0x1E04, 0x1E04, 0x1E04, 0x1E04, 0x1E04, 0x1E04, 0x1E04, 0x1E04, 0x1E04, 0x1E04, 
  0x1E04, 0x1E04, 0x1E04, 0x1E04, 0x1E04, 0x1E04, 0x1E04, 0x1E04, 0x1E04, 0x1E04, 0x1E04, 0x1E04, 0x1E04, 0x1E04, 0x1E04, 0x1E04, 
  0x1E04, 0x1E04, 0x1E04, 0x1E04, 0x1E04, 0x1E04, 0x1E04, 0x1E04, 0x1E04, 0x1E04, 0x1E04, 0x1E04, 0x1E04, 0x1E04, 0x1E04, 0x1E04, 
  0x1E04, 0x1E04, 0x1E04, 0x1E04, 0x1E04, 0x1E04, 0x1E04, 0x1E04, 0x1E04, 0x1E04, 0x1E04, 0x1E04, 0x1E04, 0x1E04, 0x1E04, 0x1E04, 
  0x1E04, 0x1E04, 0x1E04, 0x1E04, 0x1E04, 0x1E04, 0x1E04, 0x1E04, 0x1E04, 0x1E04, 0x1E04, 0x1E04, 0x1E04, 0x1E04, 0x1E04, 0x1E04, 
  0x1E04, 0x1E04, 0x1E04, 0x1E04, 0x1E04, 0x1E04, 0x1E04, 0x1E04, 0x1E04, 0x1E04, 0x1E04, 0x1E04, 0x1E04, 0x1E04, 0x1E04, 0x1E04, 
  0x1E04, 0x1E04, 0x1E04, 0x1E04, 0x1E04, 0x1E04, 0x1E04, 0x1E04, 0x1E04, 0x1E04, 0x1E04, 0x1E04, 0x1E04, 0x1E04, 0x1E04, 0x1E04, 
  0x1E04, 0x1E04, 0x1E04, 0x1E04, 0x1E04, 0x1E04, 0x1E04, 0x1E04, 0x1E04, 0x1E04, 0x1E04, 0x1E04, 0x1E04, 0x1E04, 0x1E04, 0x1E04, 
  0x1E04, 0x1E04, 0x1E04, 0x1E04, 0x1E04, 0x1E04, 0x1E04, 0x1E04, 0x1E04, 0x1E04, 0x1E04, 0x1E04, 0x1E04, 0x1E04, 0x1E04, 0x1E04, 
  0x1E04, 0x1E04, 0x1E04, 0x1E04, 0x1E04, 0x1E04, 0x1E04, 0x1E04, 0x1E04, 0x1E04, 0x1E04, 0x1E04, 0x1E04, 0x1E04, 0x1E04, 0x3E04, 
  0x1E04, 0x1E04, 0x1E04, 0x1E04, 0x1E04, 0x1E04, 0x1E04, 0x1E04, 0x1E04, 0x1E04, 0x1E04, 0x1E04, 0x1E04, 0x1E04, 0x1E04, 0x1E04, 
  0x1E04, 0x1E04, 0x1E04, 0x1E04, 0x1E04, 0x1E04, 0x1E04, 0x1E04, 0x1E04, 0x1E04, 0x1E04, 0x1E04, 0x1E04, 0x1E04, 0x1E04, 0x1E04, 
  0x1E04, 0x1E04, 0x1E04, 0x1E04, 0x1E04, 0x1E04, 0x1E04, 0x1E04, 0x1E04, 0x1E04, 0x1E04, 0x1E04, 0x1E04, 0x1E04, 0x1E04, 0x1E04, 
  0x1E04, 0x1E04, 0x1E04, 0x1E04, 0x1E04, 0x1E04, 0x1E04, 0x1E04, 0x1E04, 0x1E04, 0x1E04, 0x1E04, 0x1E04, 0x1E04, 0x1E04, 0x1E04, 
  0x1E04, 0x1E04, 0x1E04, 0x1E04, 0x1E04, 0x1E04, 0x1E04, 0x1E04, 0x1E04, 0x1E04, 0x1E04, 0x1E04, 0x1E04, 0x1E04, 0x1E04, 0x1E04, 
  0x1E04, 0x1E04, 0x1E04, 0x1E04, 0x1E04, 0x1E04, 0x1E04, 0x1E04, 0x1E04, 0x1E04, 0x1E04, 0x1E04, 0x1E04, 0x1E04, 0x1E04, 0x1E04, 
  0x1E04, 0x1E04, 0x1E04, 0x1E04, 0x1E04, 0x1E04, 0x1E04, 0x1E04, 0x1E04, 0x1E04, 0x1E04, 0x1E04, 0x1E04, 0x1E04, 0x1E04, 0x1E04, 
  0x1E04, 0x1E04, 0x1E04, 0x1E04, 0x1E04, 0x1E04, 0x1E04, 0x1E04, 0x1E04, 0x1E04, 0x1E04, 0x1E04, 0x1E04, 0x1E04, 0x1E04, 0x1E04, 
  0x1E04, 0x1E04, 0x1E04, 0x1E04, 0x1E04, 0x1E04, 0x1E04, 0x1E04, 0x1E04, 0x1E04, 0x1E04, 0x1E04, 0x1E04, 0x1E04, 0x1E04, 0x1E04, 
  0x1E04, 0x1E04, 0x1E04, 0x1E04, 0x1E04, 0x1E04, 0x1E04, 0x1E04, 0x1E04, 0x1E04, 0x1E04, 0x1E04, 0x1E04, 0x1E04, 0x1E04, 0x1E04, 
  0x1E04, 0x1E04, 0x1E04, 0x1E04, 0x1E04, 0x1E04, 0x1E04, 0x1E04, 0x1E04, 0x1E04, 0x1E04, 0x1E04, 0x1E04, 0x1E04, 0x1E04, 0x1E04, 
  0x1E04, 0x1E04, 0x1E04, 0x1E04, 0x1E04, 0x1E04, 0x1E04, 0x1E04, 0x1E04, 0x1E04, 0x1E04, 0x1E04, 0x1E04, 0x1E04, 0x1E04, 0x1E04, 
  0x1E04, 0x1E04, 0x1E04, 0x1E04, 0x1E04, 0x1E04, 0x1E04, 0x1E04, 0x1E04, 0x1E04, 0x1E04, 0x1E04, 0x1E04, 0x1E04, 0x1E04, 0x1E04, 
  0x1E04, 0x1E04, 0x1E04, 0x1E04, 0x1E04, 0x1E04, 0x1E04, 0x1E04, 0x1E04, 0x1E04, 0x1E04, 0x1E04, 0x1E04, 0x1E04, 0x1E04, 0x1E04, 
  0x1E04, 0x1E04, 0x1E04, 0x1E04, 0x1E04, 0x1E04, 0x1E04, 0x1E04, 0x1E04, 0x1E04, 0x1E04, 0x1E04, 0x1E04, 0x1E04, 0x1E04, 0x3E04, 
  0x1E04, 0x1E04, 0x1E04, 0x1E04, 0x1E04, 0x1E04, 0x1E04, 0x1E04, 0x1E04, 0x1E04, 0x1E04, 0x1E04, 0x1E04, 0x1E04, 0x1E04, 0x1E04, 
  0x1E04, 0x1E04, 0x1E04, 0x1E04, 0x1E04, 0x1E04, 0x1E04, 0x1E04, 0x1E04, 0x1E04, 0x1E04, 0x1E04, 0x1E04, 0x1E04, 0x1E04, 0x1E04, 
  0x1E04, 0x1E04, 0x1E04, 0x1E04, 0x1E04, 0x1E04, 0x1E04, 0x1E04, 0x1E04, 0x1E04, 0x1E04, 0x1E04, 0x1E04, 0x1E04, 0x1E04, 0x1E04, 
  0x1E04, 0x1E04, 0x1E04, 0x1E04, 0x1E04, 0x1E04, 0x1E04, 0x1E04, 0x1E04, 0x1E04, 0x1E04, 0x1E04, 0x1E04, 0x1E04, 0x1E04, 0x1E04, 
  0x1E04, 0x1E04, 0x1E04, 0x1E04, 0x1E04, 0x1E04, 0x1E04, 0x1E04, 0x1E04, 0x1E04, 0x1E04, 0x1E04, 0x1E04, 0x1E04, 0x1E04, 0x1E04, 
  0x1E04, 0x1E04, 0x1E04, 0x1E04, 0x1E04, 0x1E04, 0x1E04, 0x1E04, 0x1E04, 0x1E04, 0x1E04, 0x1E04, 0x1E04, 0x1E04, 0x1E04, 0x1E04, 
  0x1E04, 0x1E04, 0x1E04, 0x1E04, 0x1E04, 0x1E04, 0x1E04, 0x1E04, 0x1E04, 0x1E04, 0x1E04, 0x1E04, 0x1E04, 0x1E04, 0x1E04, 0x1E04, 
  0x1E04, 0x1E04, 0x1E04, 0x1E04, 0x1E04, 0x1E04, 0x1E04, 0x1E04, 0x1E04, 0x1E04, 0x1E04, 0x1E04, 0x1E04, 0x1E04, 0x1E04, 0x1E04, 
  0x1E04, 0x1E04, 0x1E04, 0x1E04, 0x1E04, 0x1E04, 0x1E04, 0x1E04, 0x1E04, 0x1E04, 0x1E04, 0x1E04, 0x1E04, 0x1E04, 0x1E04, 0x1E04, 
  0x1E04, 0x1E04, 0x1E04, 0x1E04, 0x1E04, 0x1E04, 0x1E04, 0x1E04, 0x1E04, 0x1E04, 0x1E04, 0x1E04, 0x1E04, 0x1E04, 0x1E04, 0x1E04, 
  0x1E04, 0x1E04, 0x1E04, 0x1E04, 0x1E04, 0x1E04, 0x1E04, 0x1E04, 0x1E04, 0x1E04, 0x1E04, 0x1E04, 0x1E04, 0x1E04, 0x1E04, 0x1E04, 
  0x1E04, 0x1E04, 0x1E04, 0x1E04, 0x1E04, 0x1E04, 0x1E04, 0x1E04, 0x1E04, 0x1E04, 0x1E04, 0x1E04, 0x1E04, 0x1E04, 0x1E04, 0x1E04, 
  0x1E04, 0x1E04, 0x1E04, 0x1E04, 0x1E04, 0x1E04, 0x1E04, 0x1E04, 0x1E04, 0x1E04, 0x1E04, 0x1E04, 0x1E04, 0x1E04, 0x1E04, 0x1E04, 
  0x1E04, 0x1E04, 0x1E04, 0x1E04, 0x1E04, 0x1E04, 0x1E04, 0x1E04, 0x1E04, 0x1E04, 0x1E04, 0x1E04, 0x1E04, 0x1E04, 0x1E04, 0x1E04, 
  0x1E04, 0x1E04, 0x1E04, 0x1E04, 0x1E04, 0x1E04, 0x1E04, 0x1E04, 0x1E04, 0x1E04, 0x1E04, 0x1E04, 0x1E04, 0x1E04, 0x1E04, 0x3E04, 
  0x1E04, 0x1E04, 0x1E04, 0x1E04, 0x1E04, 0x1E04, 0x1E04, 0x1E04, 0x1E04, 0x1E04, 0x1E04, 0x1E04, 0x1E04, 0x1E04, 0x1E04, 0x1E04, 
  0x1E04, 0x1E04, 0x1E04, 0x1E04, 0x1E04, 0x1E04, 0x1E04, 0x1E04, 0x1E04, 0x1E04, 0x1E04, 0x1E04, 0x1E04, 0x1E04, 0x1E04, 0x1E04, 
  0x1E04, 0x1E04, 0x1E04, 0x1E04, 0x1E04, 0x1E04, 0x1E04, 0x1E04, 0x1E04, 0x1E04, 0x1E04, 0x1E04, 0x1E04, 0x1E04, 0x1E04, 0x1E04, 
  0x1E04, 0x1E04, 0x1E04, 0x1E04, 0x1E04, 0x1E04, 0x1E04, 0x1E04, 0x1E04, 0x1E04, 0x1E04, 0x1E04, 0x1E04, 0x1E04, 0x1E04, 0x1E04, 
  0x1E04, 0x1E04, 0x1E04, 0x1E04, 0x1E04, 0x1E04, 0x1E04, 0x1E04, 0x1E04, 0x1E04, 0x1E04, 0x1E04, 0x1E04, 0x1E04, 0x1E04, 0x1E04, 
  0x1E04, 0x1E04, 0x1E04, 0x1E04, 0x1E04, 0x1E04, 0x1E04, 0x1E04, 0x1E04, 0x1E04, 0x1E04, 0x1E04, 0x1E04, 0x1E04, 0x1E04, 0x1E04, 
  0x1E04, 0x1E04, 0x1E04, 0x1E04, 0x1E04, 0x1E04, 0x1E04, 0x1E04, 0x1E04, 0x1E04, 0x1E04, 0x1E04, 0x1E04, 0x1E04, 0x1E04, 0x1E04, 
  0x1E04, 0x1E04, 0x1E04, 0x1E04, 0x1E04, 0x1E04, 0x1E04, 0x1E04, 0x1E04, 0x1E04, 0x1E04, 0x1E04, 0x1E04, 0x1E04, 0x1E04, 0x1E04, 
  0x1E04, 0x1E04, 0x1E04, 0x1E04, 0x1E04, 0x1E04, 0x1E04, 0x1E04, 0x1E04, 0x1E04, 0x1E04, 0x1E04, 0x1E04, 0x1E04, 0x1E04, 0x1E04, 
  0x1E04, 0x1E04, 0x1E04, 0x1E04, 0x1E04, 0x1E04, 0x1E04, 0x1E04, 0x1E04, 0x1E04, 0x1E04, 0x1E04, 0x1E04, 0x1E04, 0x1E04, 0x1E04, 
  0x1E04, 0x1E04, 0x1E04, 0x1E04, 0x1E04, 0x1E04, 0x1E04, 0x1E04, 0x1E04, 0x1E04, 0x1E04, 0x1E04, 0x1E04, 0x1E04, 0x1E04, 0x1E04, 
  0x1E04, 0x1E04, 0x1E04, 0x1E04, 0x1E04, 0x1E04, 0x1E04, 0x1E04, 0x1E04, 0x1E04, 0x1E04, 0x1E04, 0x1E04, 0x1E04, 0x1E04, 0x1E04, 
  0x1E04, 0x1E04, 0x1E04, 0x1E04, 0x1E04, 0x1E04, 0x1E04, 0x1E04, 0x1E04, 0x1E04, 0x1E04, 0x1E04, 0x1E04, 0x1E04, 0x1E04, 0x1E04, 
  0x1E04, 0x1E04, 0x1E04, 0x1E04, 0x1E04, 0x1E04, 0x1E04, 0x1E04, 0x1E04, 0x1E04, 0x1E04, 0x1E04, 0x1E04, 0x1E04, 0x1E04, 0x1E04, 
  0x1E04, 0x1E04, 0x1E04, 0x1E04, 0x1E04, 0x1E04, 0x1E04, 0x1E04, 0x1E04, 0x1E04, 0x1E04, 0x1E04, 0x1E04, 0x1E04, 0x1E04, 0x3E04, 
  0x1E04, 0x1E04, 0x1E04, 0x1E04, 0x1E04, 0x1E04, 0x1E04, 0x1E04, 0x1E04, 0x1E04, 0x1E04, 0x1E04, 0x1E04, 0x1E04, 0x1E04, 0x1E04, 
  0x1E04, 0x1E04, 0x1E04, 0x1E04, 0x1E04, 0x1E04, 0x1E04, 0x1E04, 0x1E04, 0x1E04, 0x1E04, 0x1E04, 0x1E04, 0x1E04, 0x1E04, 0x1E04, 
  0x1E04, 0x1E04, 0x1E04, 0x1E04, 0x1E04, 0x1E04, 0x1E04, 0x1E04, 0x1E04, 0x1E04, 0x1E04, 0x1E04, 0x1E04, 0x1E04, 0x1E04, 0x1E04, 
  0x1E04, 0x1E04, 0x1E04, 0x1E04, 0x1E04, 0x1E04, 0x1E04, 0x1E04, 0x1E04, 0x1E04, 0x1E04, 0x1E04, 0x1E04, 0x1E04, 0x1E04, 0x1E04, 
  0x1E04, 0x1E04, 0x1E04, 0x1E04, 0x1E04, 0x1E04, 0x1E04, 0x1E04, 0x1E04, 0x1E04, 0x1E04, 0x1E04, 0x1E04, 0x1E04, 0x1E04, 0x1E04, 
  0x1E04, 0x1E04, 0x1E04, 0x1E04, 0x1E04, 0x1E04, 0x1E04, 0x1E04, 0x1E04, 0x1E04, 0x1E04, 0x1E04, 0x1E04, 0x1E04, 0x1E04, 0x1E04, 
  0x1E04, 0x1E04, 0x1E04, 0x1E04, 0x1E04, 0x1E04, 0x1E04, 0x1E04, 0x1E04, 0x1E04, 0x1E04, 0x1E04, 0x1E04, 0x1E04, 0x1E04, 0x1E04, 
  0x1E04, 0x1E04, 0x1E04, 0x1E04, 0x1E04, 0x1E04, 0x1E04, 0x1E04, 0x1E04, 0x1E04, 0x1E04, 0x1E04, 0x1E04, 0x1E04, 0x1E04, 0x1E04, 
  0x1E04, 0x1E04, 0x1E04, 0x1E04, 0x1E04, 0x1E04, 0x1E04, 0x1E04, 0x1E04, 0x1E04, 0x1E04, 0x1E04, 0x1E04, 0x1E04, 0x1E04, 0x1E04, 
  0x1E04, 0x1E04, 0x1E04, 0x1E04, 0x1E04, 0x1E04, 0x1E04, 0x1E04, 0x1E04, 0x1E04, 0x1E04, 0x1E04, 0x1E04, 0x1E04, 0x1E04, 0x1E04, 
  0x1E04, 0x1E04, 0x1E04, 0x1E04, 0x1E04, 0x1E04, 0x1E04, 0x1E04, 0x1E04, 0x1E04, 0x1E04, 0x1E04, 0x1E04, 0x1E04, 0x1E04, 0x1E04, 
  0x1E04, 0x1E04, 0x1E04, 0x1E04, 0x1E04, 0x1E04, 0x1E04, 0x1E04, 0x1E04, 0x1E04, 0x1E04, 0x1E04, 0x1E04, 0x1E04, 0x1E04, 0x1E04, 
  0x1E04, 0x1E04, 0x1E04, 0x1E04, 0x1E04, 0x1E04, 0x1E04, 0x1E04, 0x1E04, 0x1E04, 0x1E04, 0x1E04, 0x1E04, 0x1E04, 0x1E04, 0x1E04, 
  0x1E04, 0x1E04, 0x1E04, 0x1E04, 0x1E04, 0x1E04, 0x1E04, 0x1E04, 0x1E04, 0x1E04, 0x1E04, 0x1E04, 0x1E04, 0x1E04, 0x1E04, 0x1E04, 
  0x1E04, 0x1E04, 0x1E04, 0x1E04, 0x1E04, 0x1E04, 0x1E04, 0x1E04, 0x1E04, 0x1E04, 0x1E04, 0x1E04, 0x1E04, 0x1E04, 0x1E04, 0x3E04, 
  0x1E04, 0x1E04, 0x1E04, 0x1E04, 0x1E04, 0x1E04, 0x1E04, 0x1E04, 0x1E04, 0x1E04, 0x1E04, 0x1E04, 0x1E04, 0x1E04, 0x1E04, 0x1E04, 
  0x1E04, 0x1E04, 0x1E04, 0x1E04, 0x1E04, 0x1E04, 0x1E04, 0x1E04, 0x1E04, 0x1E04, 0x1E04, 0x1E04, 0x1E04, 0x1E04, 0x1E04, 0x1E04, 
  0x1E04, 0x1E04, 0x1E04, 0x1E04, 0x1E04, 0x1E04, 0x1E04, 0x1E04, 0x1E04, 0x1E04, 0x1E04, 0x1E04, 0x1E04, 0x1E04, 0x1E04, 0x1E04, 
  0x1E04, 0x1E04, 0x1E04, 0x1E04, 0x1E04, 0x1E04, 0x1E04, 0x1E04, 0x1E04, 0x1E04, 0x1E04, 0x1E04, 0x1E04, 0x1E04, 0x1E04, 0x1E04, 
  0x1E04, 0x1E04, 0x1E04, 0x1E04, 0x1E04, 0x1E04, 0x1E04, 0x1E04, 0x1E04, 0x1E04, 0x1E04, 0x1E04, 0x1E04, 0x1E04, 0x1E04, 0x1E04, 
  0x1E04, 0x1E04, 0x1E04, 0x1E04, 0x1E04, 0x1E04, 0x1E04, 0x1E04, 0x1E04, 0x1E04, 0x1E04, 0x1E04, 0x1E04, 0x1E04, 0x1E04, 0x1E04, 
  0x1E04, 0x1E04, 0x1E04, 0x1E04, 0x1E04, 0x1E04, 0x1E04, 0x1E04, 0x1E04, 0x1E04, 0x1E04, 0x1E04, 0x1E04, 0x1E04, 0x1E04, 0x1E04, 
  0x1E04, 0x1E04, 0x1E04, 0x1E04, 0x1E04, 0x1E04, 0x1E04, 0x1E04, 0x1E04, 0x1E04, 0x1E04, 0x1E04, 0x1E04, 0x1E04, 0x1E04, 0x1E04, 
  0x1E04, 0x1E04, 0x1E04, 0x1E04, 0x1E04, 0x1E04, 0x1E04, 0x1E04, 0x1E04, 0x1E04, 0x1E04, 0x1E04, 0x1E04, 0x1E04, 0x1E04, 0x1E04, 
  0x1E04, 0x1E04, 0x1E04, 0x1E04, 0x1E04, 0x1E04, 0x1E04, 0x1E04, 0x1E04, 0x1E04, 0x1E04, 0x1E04, 0x1E04, 0x1E04, 0x1E04, 0x1E04, 
  0x1E04, 0x1E04, 0x1E04, 0x1E04, 0x1E04, 0x1E04, 0x1E04, 0x1E04, 0x1E04, 0x1E04, 0x1E04, 0x1E04, 0x1E04, 0x1E04, 0x1E04, 0x1E04, 
  0x1E04, 0x1E04, 0x1E04, 0x1E04, 0x1E04, 0x1E04, 0x1E04, 0x1E04, 0x1E04, 0x1E04, 0x1E04, 0x1E04, 0x1E04, 0x1E04, 0x1E04, 0x1E04, 
  0x1E04, 0x1E04, 0x1E04, 0x1E04, 0x1E04, 0x1E04, 0x1E04, 0x1E04, 0x1E04, 0x1E04, 0x1E04, 0x1E04, 0x1E04, 0x1E04, 0x1E04, 0x1E04, 
  0x1E04, 0x1E04, 0x1E04, 0x1E04, 0x1E04, 0x1E04, 0x1E04, 0x1E04, 0x1E04, 0x1E04, 0x1E04, 0x1E04, 0x1E04, 0x1E04, 0x1E04, 0x1E04, 
  0x1E04, 0x1E04, 0x1E04, 0x1E04, 0x1E04, 0x1E04, 0x1E04, 0x1E04, 0x1E04, 0x1E04, 0x1E04, 0x1E04, 0x1E04, 0x1E04, 0x1E04, 0x3E04, 
  0x1E04, 0x1E04, 0x1E04, 0x1E04, 0x1E04, 0x1E04, 0x1E04, 0x1E04, 0x1E04, 0x1E04, 0x1E04, 0x1E04, 0x1E04, 0x1E04, 0x1E04, 0x1E04, 
  0x1E04, 0x1E04, 0x1E04, 0x1E04, 0x1E04, 0x1E04, 0x1E04, 0x1E04, 0x1E04, 0x1E04, 0x1E04, 0x1E04, 0x1E04, 0x1E04, 0x1E04, 0x1E04, 
  0x1E04, 0x1E04, 0x1E04, 0x1E04, 0x1E04, 0x1E04, 0x1E04, 0x1E04, 0x1E04, 0x1E04, 0x1E04, 0x1E04, 0x1E04, 0x1E04, 0x1E04, 0x1E04, 
  0x1E04, 0x1E04, 0x1E04, 0x1E04, 0x1E04, 0x1E04, 0x1E04, 0x1E04, 0x1E04, 0x1E04, 0x1E04, 0x1E04, 0x1E04, 0x1E04, 0x1E04, 0x1E04, 
  0x1E04, 0x1E04, 0x1E04, 0x1E04, 0x1E04, 0x1E04, 0x1E04, 0x1E04, 0x1E04, 0x1E04, 0x1E04, 0x1E04, 0x1E04, 0x1E04, 0x1E04, 0x1E04, 
  0x1E04, 0x1E04, 0x1E04, 0x1E04, 0x1E04, 0x1E04, 0x1E04, 0x1E04, 0x1E04, 0x1E04, 0x1E04, 0x1E04, 0x1E04, 0x1E04, 0x1E04, 0x1E04, 
  0x1E04, 0x1E04, 0x1E04, 0x1E04, 0x1E04, 0x1E04, 0x1E04, 0x1E04, 0x1E04, 0x1E04, 0x1E04, 0x1E04, 0x1E04, 0x1E04, 0x1E04, 0x1E04, 
  0x1E04, 0x1E04, 0x1E04, 0x1E04, 0x1E04, 0x1E04, 0x1E04, 0x1E04, 0x1E04, 0x1E04, 0x1E04, 0x1E04, 0x1E04, 0x1E04, 0x1E04, 0x1E04, 
  0x1E04, 0x1E04, 0x1E04, 0x1E04, 0x1E04, 0x1E04, 0x1E04, 0x1E04, 0x1E04, 0x1E04, 0x1E04, 0x1E04, 0x1E04, 0x1E04, 0x1E04, 0x1E04, 
  0x1E04, 0x1E04, 0x1E04, 0x1E04, 0x1E04, 0x1E04, 0x1E04, 0x1E04, 0x1E04, 0x1E04, 0x1E04, 0x1E04, 0x1E04, 0x1E04, 0x1E04, 0x1E04, 
  0x1E04, 0x1E04, 0x1E04, 0x1E04, 0x1E04, 0x1E04, 0x1E04, 0x1E04, 0x1E04, 0x1E04, 0x1E04, 0x1E04, 0x1E04, 0x1E04, 0x1E04, 0x1E04, 
  0x1E04, 0x1E04, 0x1E04, 0x1E04, 0x1E04, 0x1E04, 0x1E04, 0x1E04, 0x1E04, 0x1E04, 0x1E04, 0x1E04, 0x1E04, 0x1E04, 0x1E04, 0x1E04, 
  0x1E04, 0x1E04, 0x1E04, 0x1E04, 0x1E04, 0x1E04, 0x1E04, 0x1E04, 0x1E04, 0x1E04, 0x1E04, 0x1E04, 0x1E04, 0x1E04, 0x1E04, 0x1E04, 
  0x1E04, 0x1E04, 0x1E04, 0x1E04, 0x1E04, 0x1E04, 0x1E04, 0x1E04, 0x1E04, 0x1E04, 0x1E04, 0x1E04, 0x1E04, 0x1E04, 0x1E04, 0x1E04, 
  0x1E04, 0x1E04, 0x1E04, 0x1E04, 0x1E04, 0x1E04, 0x1E04, 0x1E04, 0x1E04, 0x1E04, 0x1E04, 0x1E04, 0x1E04, 0x1E04, 0x1E04, 0x3E04, 
  0x1E04, 0x1E04, 0x1E04, 0x1E04, 0x1E04, 0x1E04, 0x1E04, 0x1E04, 0x1E04, 0x1E04, 0x1E04, 0x1E04, 0x1E04, 0x1E04, 0x1E04, 0x1E04, 
  0x1E04, 0x1E04, 0x1E04, 0x1E04, 0x1E04, 0x1E04, 0x1E04, 0x1E04, 0x1E04, 0x1E04, 0x1E04, 0x1E04, 0x1E04, 0x1E04, 0x1E04, 0x1E04, 
  0x1E04, 0x1E04, 0x1E04, 0x1E04, 0x1E04, 0x1E04, 0x1E04, 0x1E04, 0x1E04, 0x1E04, 0x1E04, 0x1E04, 0x1E04, 0x1E04, 0x1E04, 0x1E04, 
  0x1E04, 0x1E04, 0x1E04, 0x1E04, 0x1E04, 0x1E04, 0x1E04, 0x1E04, 0x1E04, 0x1E04, 0x1E04, 0x1E04, 0x1E04, 0x1E04, 0x1E04, 0x1E04, 
  0x1E04, 0x1E04, 0x1E04, 0x1E04, 0x1E04, 0x1E04, 0x1E04, 0x1E04, 0x1E04, 0x1E04, 0x1E04, 0x1E04, 0x1E04, 0x1E04, 0x1E04, 0x1E04, 
  0x1E04, 0x1E04, 0x1E04, 0x1E04, 0x1E04, 0x1E04, 0x1E04, 0x1E04, 0x1E04, 0x1E04, 0x1E04, 0x1E04, 0x1E04, 0x1E04, 0x1E04, 0x1E04, 
  0x1E04, 0x1E04, 0x1E04, 0x1E04, 0x1E04, 0x1E04, 0x1E04, 0x1E04, 0x1E04, 0x1E04, 0x1E04, 0x1E04, 0x1E04, 0x1E04, 0x1E04, 0x1E04, 
  0x1E04, 0x1E04, 0x1E04, 0x1E04, 0x1E04, 0x1E04, 0x1E04, 0x1E04, 0x1E04, 0x1E04, 0x1E04, 0x1E04, 0x1E04, 0x1E04, 0x1E04, 0x1E04, 
  0x1E04, 0x1E04, 0x1E04, 0x1E04, 0x1E04, 0x1E04, 0x1E04, 0x1E04, 0x1E04, 0x1E04, 0x1E04, 0x1E04, 0x1E04, 0x1E04, 0x1E04, 0x1E04, 
  0x1E04, 0x1E04, 0x1E04, 0x1E04, 0x1E04, 0x1E04, 0x1E04, 0x1E04, 0x1E04, 0x1E04, 0x1E04, 0x1E04, 0x1E04, 0x1E04, 0x1E04, 0x1E04, 
  0x1E04, 0x1E04, 0x1E04, 0x1E04, 0x1E04, 0x1E04, 0x1E04, 0x1E04, 0x1E04, 0x1E04, 0x1E04, 0x1E04, 0x1E04, 0x1E04, 0x1E04, 0x1E04, 
  0x1E04, 0x1E04, 0x1E04, 0x1E04, 0x1E04, 0x1E04, 0x1E04, 0x1E04, 0x1E04, 0x1E04, 0x1E04, 0x1E04, 0x1E04, 0x1E04, 0x1E04, 0x1E04, 
  0x1E04, 0x1E04, 0x1E04, 0x1E04, 0x1E04, 0x1E04, 0x1E04, 0x1E04, 0x1E04, 0x1E04, 0x1E04, 0x1E04, 0x1E04, 0x1E04, 0x1E04, 0x1E04, 
  0x1E04, 0x1E04, 0x1E04, 0x1E04, 0x1E04, 0x1E04, 0x1E04, 0x1E04, 0x1E04, 0x1E04, 0x1E04, 0x1E04, 0x1E04, 0x1E04, 0x1E04, 0x1E04, 
  0x1E04, 0x1E04, 0x1E04, 0x1E04, 0x1E04, 0x1E04, 0x1E04, 0x1E04, 0x1E04, 0x1E04, 0x1E04, 0x1E04, 0x1E04, 0x1E04, 0x1E04, 0x3E04, 
  0x1E04, 0x1E04, 0x1E04, 0x1E04, 0x1E04, 0x1E04, 0x1E04, 0x1E04, 0x1E04, 0x1E04, 0x1E04, 0x1E04, 0x1E04, 0x1E04, 0x1E04, 0x1E04, 
  0x1E04, 0x1E04, 0x1E04, 0x1E04, 0x1E04, 0x1E04, 0x1E04, 0x1E04, 0x1E04, 0x1E04, 0x1E04, 0x1E04, 0x1E04, 0x1E04, 0x1E04, 0x1E04, 
  0x1E04, 0x1E04, 0x1E04, 0x1E04, 0x1E04, 0x1E04, 0x1E04, 0x1E04, 0x1E04, 0x1E04, 0x1E04, 0x1E04, 0x1E04, 0x1E04, 0x1E04, 0x1E04, 
  0x1E04, 0x1E04, 0x1E04, 0x1E04, 0x1E04, 0x1E04, 0x1E04, 0x1E04, 0x1E04, 0x1E04, 0x1E04, 0x1E04, 0x1E04, 0x1E04, 0x1E04, 0x1E04, 
  0x1E04, 0x1E04, 0x1E04, 0x1E04, 0x1E04, 0x1E04, 0x1E04, 0x1E04, 0x1E04, 0x1E04, 0x1E04, 0x1E04, 0x1E04, 0x1E04, 0x1E04, 0x1E04, 
  0x1E04, 0x1E04, 0x1E04, 0x1E04, 0x1E04, 0x1E04, 0x1E04, 0x1E04, 0x1E04, 0x1E04, 0x1E04, 0x1E04, 0x1E04, 0x1E04, 0x1E04, 0x1E04, 
  0x1E04, 0x1E04, 0x1E04, 0x1E04, 0x1E04, 0x1E04, 0x1E04, 0x1E04, 0x1E04, 0x1E04, 0x1E04, 0x1E04, 0x1E04, 0x1E04, 0x1E04, 0x1E04, 
  0x1E04, 0x1E04, 0x1D04, 0x1D04, 0x1E04, 0x1E04, 0x1E04, 0x1E04, 0x1E04, 0x1E04, 0x1E04, 0x1E04, 0x1E04, 0x3E04, 0x1D04, 0x1D04, 
  0x1E04, 0x1D04, 0x3D04, 0x1D04, 0x1E04, 0x1E04, 0x1E04, 0x1E04, 0x1E04, 0x1E04, 0x1E04, 0x1E04, 0x1E04, 0x1E04, 0x1E04, 0x1E04, 
  0x1E04, 0x1E04, 0x1E04, 0x1E04, 0x1E04, 0x1E04, 0x1E04, 0x1E04, 0x1E04, 0x1E04, 0x1E04, 0x1E04, 0x1E04, 0x1E04, 0x1E04, 0x1E04, 
  0x1E04, 0x1E04, 0x1E04, 0x1E04, 0x1E04, 0x1E04, 0x1E04, 0x1E04, 0x1E04, 0x1E04, 0x1E04, 0x1E04, 0x1E04, 0x1E04, 0x1E04, 0x1E04, 
  0x1E04, 0x1E04, 0x1E04, 0x1E04, 0x1E04, 0x1E04, 0x1E04, 0x1E04, 0x1E04, 0x1E04, 0x1E04, 0x1E04, 0x1E04, 0x1E04, 0x1E04, 0x1E04, 
  0x1E04, 0x1E04, 0x1E04, 0x1E04, 0x1E04, 0x1E04, 0x1E04, 0x1E04, 0x1E04, 0x1E04, 0x1E04, 0x1E04, 0x1E04, 0x1E04, 0x1E04, 0x1E04, 
  0x1E04, 0x1E04, 0x1E04, 0x1E04, 0x1E04, 0x1E04, 0x1E04, 0x1E04, 0x1E04, 0x1E04, 0x1E04, 0x1E04, 0x1E04, 0x1E04, 0x1E04, 0x1E04, 
  0x1E04, 0x1E04, 0x1E04, 0x1E04, 0x1E04, 0x1E04, 0x1E04, 0x1E04, 0x1E04, 0x1E04, 0x1E04, 0x1E04, 0x1E04, 0x1E04, 0x1E04, 0x3E04, 
  0x1E04, 0x1E04, 0x1E04, 0x1E04, 0x1E04, 0x1E04, 0x1E04, 0x1E04, 0x1E04, 0x1E04, 0x1E04, 0x1E04, 0x1E04, 0x1E04, 0x1E04, 0x1E04, 
  0x1E04, 0x1E04, 0x1E04, 0x1E04, 0x1E04, 0x1E04, 0x1E04, 0x1E04, 0x1E04, 0x1E04, 0x1E04, 0x1E04, 0x1E04, 0x1E04, 0x1E04, 0x1E04, 
  0x1E04, 0x1E04, 0x1E04, 0x1E04, 0x1E04, 0x1E04, 0x1E04, 0x1E04, 0x1E04, 0x1E04, 0x1E04, 0x1E04, 0x1E04, 0x1E04, 0x1E04, 0x1E04, 
  0x1E04, 0x1E04, 0x1E04, 0x1E04, 0x1E04, 0x1E04, 0x1E04, 0x1E04, 0x1E04, 0x1E04, 0x1E04, 0x1E04, 0x1E04, 0x1E04, 0x1E04, 0x1E04, 
  0x1E04, 0x1E04, 0x1E04, 0x1E04, 0x1E04, 0x1E04, 0x1E04, 0x1E04, 0x1E04, 0x1E04, 0x1E04, 0x1E04, 0x1E04, 0x1E04, 0x1E04, 0x1E04, 
  0x1E04, 0x1E04, 0x1E04, 0x1E04, 0x1E04, 0x1E04, 0x1E04, 0x1E04, 0x1E04, 0x1E04, 0x1E04, 0x1E04, 0x1E04, 0x1E04, 0x1E04, 0x1E04, 
  0x1E04, 0x1E04, 0x1E04, 0x1E04, 0x1E04, 0x1E04, 0x1E04, 0x1E04, 0x1E04, 0x1E04, 0x1E04, 0x1E04, 0x1E04, 0x1E04, 0x1E04, 0x1E04, 
  0x1E04, 0x1E04, 0x1D04, 0x1D04, 0x1E04, 0x1E04, 0x1E04, 0x3E04, 0x3D04, 0x1D04, 0x3D04, 0x1E04, 0x1D04, 0x3E04, 0x1D04, 0x1D04, 
  0x1E04, 0x1D04, 0x1D04, 0x1D04, 0x1E04, 0x1E04, 0x1E04, 0x1E04, 0x1E04, 0x1E04, 0x1E04, 0x1E04, 0x1E04, 0x1E04, 0x1E04, 0x1E04, 
  0x1E04, 0x1E04, 0x1E04, 0x1E04, 0x1E04, 0x1E04, 0x1E04, 0x1E04, 0x1E04, 0x1E04, 0x1E04, 0x1E04, 0x1E04, 0x1E04, 0x1E04, 0x1E04, 
  0x1E04, 0x1E04, 0x1E04, 0x1E04, 0x1E04, 0x1E04, 0x1E04, 0x1E04, 0x1E04, 0x1E04, 0x1E04, 0x1E04, 0x1E04, 0x1E04, 0x1E04, 0x1E04, 
  0x1E04, 0x1E04, 0x1E04, 0x1E04, 0x1E04, 0x1E04, 0x1E04, 0x1E04, 0x1E04, 0x1E04, 0x1E04, 0x1E04, 0x1E04, 0x1E04, 0x1E04, 0x1E04, 
  0x1E04, 0x1E04, 0x1E04, 0x1E04, 0x1E04, 0x1E04, 0x1E04, 0x1E04, 0x1E04, 0x1E04, 0x1E04, 0x1E04, 0x1E04, 0x1E04, 0x1E04, 0x1E04, 
  0x1E04, 0x1E04, 0x1E04, 0x1E04, 0x1E04, 0x1E04, 0x1E04, 0x1E04, 0x1E04, 0x1E04, 0x1E04, 0x1E04, 0x1E04, 0x1E04, 0x1E04, 0x1E04, 
  0x1E04, 0x1E04, 0x1E04, 0x1E04, 0x1E04, 0x1E04, 0x1E04, 0x1E04, 0x1E04, 0x1E04, 0x1E04, 0x1E04, 0x1E04, 0x1E04, 0x1E04, 0x3E04, 
  0x1E04, 0x1E04, 0x1E04, 0x1E04, 0x1E04, 0x1E04, 0x1E04, 0x1E04, 0x1E04, 0x1E04, 0x1E04, 0x1E04, 0x1E04, 0x1E04, 0x1E04, 0x1E04, 
  0x1E04, 0x1E04, 0x1E04, 0x1E04, 0x1E04, 0x1E04, 0x1E04, 0x1E04, 0x1E04, 0x1E04, 0x1E04, 0x1E04, 0x1E04, 0x1E04, 0x1E04, 0x1E04, 
  0x1E04, 0x1E04, 0x1E04, 0x1E04, 0x1E04, 0x1E04, 0x1E04, 0x1E04, 0x1E04, 0x1E04, 0x1E04, 0x1E04, 0x1E04, 0x1E04, 0x1E04, 0x1E04, 
  0x1E04, 0x1E04, 0x1E04, 0x1E04, 0x1E04, 0x1E04, 0x1E04, 0x1E04, 0x1E04, 0x1E04, 0x1E04, 0x1E04, 0x1E04, 0x1E04, 0x1E04, 0x1E04, 
  0x1E04, 0x1E04, 0x1E04, 0x1E04, 0x1E04, 0x1E04, 0x1E04, 0x1E04, 0x1E04, 0x1E04, 0x1E04, 0x1E04, 0x1E04, 0x1E04, 0x1E04, 0x1E04, 
  0x1E04, 0x1E04, 0x1E04, 0x1E04, 0x1E04, 0x1E04, 0x1E04, 0x1E04, 0x1E04, 0x1E04, 0x1E04, 0x1E04, 0x1E04, 0x1E04, 0x1E04, 0x1E04, 
  0x1E04, 0x1E04, 0x1E04, 0x1E04, 0x1E04, 0x1E04, 0x1E04, 0x1E04, 0x1E04, 0x1E04, 0x1E04, 0x1E04, 0x1E04, 0x1E04, 0x1E04, 0x1E04, 
  0x1E04, 0x1E04, 0x1E04, 0x1E04, 0x3E04, 0x3D04, 0x1D04, 0x1D0C, 0x1D0C, 0x1E04, 0x3E04, 0x1D04, 0x1D04, 0x3D04, 0x3D04, 0x3D04, 
  0x1E04, 0x3E04, 0x3D04, 0x1E04, 0x1E04, 0x1E04, 0x1E04, 0x1E04, 0x1E04, 0x1E04, 0x1E04, 0x1E04, 0x1E04, 0x1E04, 0x1E04, 0x1E04, 
  0x1E04, 0x1E04, 0x1E04, 0x1E04, 0x1E04, 0x1E04, 0x1E04, 0x1E04, 0x1E04, 0x1E04, 0x1E04, 0x1E04, 0x1E04, 0x1E04, 0x1E04, 0x1E04, 
  0x1E04, 0x1E04, 0x1E04, 0x1E04, 0x1E04, 0x1E04, 0x1E04, 0x1E04, 0x1E04, 0x1E04, 0x1E04, 0x1E04, 0x1E04, 0x1E04, 0x1E04, 0x1E04, 
  0x1E04, 0x1E04, 0x1E04, 0x1E04, 0x1E04, 0x1E04, 0x1E04, 0x1E04, 0x1E04, 0x1E04, 0x1E04, 0x1E04, 0x1E04, 0x1E04, 0x1E04, 0x1E04, 
  0x1E04, 0x1E04, 0x1E04, 0x1E04, 0x1E04, 0x1E04, 0x1E04, 0x1E04, 0x1E04, 0x1E04, 0x1E04, 0x1E04, 0x1E04, 0x1E04, 0x1E04, 0x1E04, 
  0x1E04, 0x1E04, 0x1E04, 0x1E04, 0x1E04, 0x1E04, 0x1E04, 0x1E04, 0x1E04, 0x1E04, 0x1E04, 0x1E04, 0x1E04, 0x1E04, 0x1E04, 0x1E04, 
  0x1E04, 0x1E04, 0x1E04, 0x1E04, 0x1E04, 0x1E04, 0x1E04, 0x1E04, 0x1E04, 0x1E04, 0x1E04, 0x1E04, 0x1E04, 0x1E04, 0x1E04, 0x3E04, 
  0x1E04, 0x1E04, 0x1E04, 0x1E04, 0x1E04, 0x1E04, 0x1E04, 0x1E04, 0x1E04, 0x1E04, 0x1E04, 0x1E04, 0x1E04, 0x1E04, 0x1E04, 0x1E04, 
  0x1E04, 0x1E04, 0x1E04, 0x1E04, 0x1E04, 0x1E04, 0x1E04, 0x1E04, 0x1E04, 0x1E04, 0x1E04, 0x1E04, 0x1E04, 0x1E04, 0x1E04, 0x1E04, 
  0x1E04, 0x1E04, 0x1E04, 0x1E04, 0x1E04, 0x1E04, 0x1E04, 0x1E04, 0x1E04, 0x1E04, 0x1E04, 0x1E04, 0x1E04, 0x1E04, 0x1E04, 0x1E04, 
  0x1E04, 0x1E04, 0x1E04, 0x1E04, 0x1E04, 0x1E04, 0x1E04, 0x1E04, 0x1E04, 0x1E04, 0x1E04, 0x1E04, 0x1E04, 0x1E04, 0x1E04, 0x1E04, 
  0x1E04, 0x1E04, 0x1E04, 0x1E04, 0x1E04, 0x1E04, 0x1E04, 0x1E04, 0x1E04, 0x1E04, 0x1E04, 0x1E04, 0x1E04, 0x1E04, 0x1E04, 0x1E04, 
  0x1E04, 0x1E04, 0x1E04, 0x1E04, 0x1E04, 0x1E04, 0x1E04, 0x1E04, 0x1E04, 0x1E04, 0x1E04, 0x1E04, 0x1E04, 0x1E04, 0x1E04, 0x1E04, 
  0x1E04, 0x1E04, 0x1E04, 0x1E04, 0x1E04, 0x1E04, 0x1E04, 0x1E04, 0x1E04, 0x1E04, 0x1E04, 0x1E04, 0x1E04, 0x1E04, 0x1E04, 0x1E04, 
  0x1E04, 0x1E04, 0x1D04, 0x1D04, 0x1E04, 0x3E04, 0x3E04, 0x3E04, 0x3E04, 0x1E04, 0x1D04, 0x3D04, 0x3D04, 0x1D04, 0x1D04, 0x1E04, 
  0x1E04, 0x1E04, 0x1D04, 0x1E04, 0x1E04, 0x1E04, 0x1E04, 0x1E04, 0x1E04, 0x1E04, 0x1E04, 0x1E04, 0x1E04, 0x1E04, 0x1E04, 0x1E04, 
  0x1E04, 0x1E04, 0x1E04, 0x1E04, 0x1E04, 0x1E04, 0x1E04, 0x1E04, 0x1E04, 0x1E04, 0x1E04, 0x1E04, 0x1E04, 0x1E04, 0x1E04, 0x1E04, 
  0x1E04, 0x1E04, 0x1E04, 0x1E04, 0x1E04, 0x1E04, 0x1E04, 0x1E04, 0x1E04, 0x1E04, 0x1E04, 0x1E04, 0x1E04, 0x1E04, 0x1E04, 0x1E04, 
  0x1E04, 0x1E04, 0x1E04, 0x1E04, 0x1E04, 0x1E04, 0x1E04, 0x1E04, 0x1E04, 0x1E04, 0x1E04, 0x1E04, 0x1E04, 0x1E04, 0x1E04, 0x1E04, 
  0x1E04, 0x1E04, 0x1E04, 0x1E04, 0x1E04, 0x1E04, 0x1E04, 0x1E04, 0x1E04, 0x1E04, 0x1E04, 0x1E04, 0x1E04, 0x1E04, 0x1E04, 0x1E04, 
  0x1E04, 0x1E04, 0x1E04, 0x1E04, 0x1E04, 0x1E04, 0x1E04, 0x1E04, 0x1E04, 0x1E04, 0x1E04, 0x1E04, 0x1E04, 0x1E04, 0x1E04, 0x1E04, 
  0x1E04, 0x1E04, 0x1E04, 0x1E04, 0x1E04, 0x1E04, 0x1E04, 0x1E04, 0x1E04, 0x1E04, 0x1E04, 0x1E04, 0x1E04, 0x1E04, 0x1E04, 0x3E04, 
  0x1E04, 0x1E04, 0x1E04, 0x1E04, 0x1E04, 0x1E04, 0x1E04, 0x1E04, 0x1E04, 0x1E04, 0x1E04, 0x1E04, 0x1E04, 0x1E04, 0x1E04, 0x1E04, 
  0x1E04, 0x1E04, 0x1E04, 0x1E04, 0x1E04, 0x1E04, 0x1E04, 0x1E04, 0x1E04, 0x1E04, 0x1E04, 0x1E04, 0x1E04, 0x1E04, 0x1E04, 0x1E04, 
  0x1E04, 0x1E04, 0x1E04, 0x1E04, 0x1E04, 0x1E04, 0x1E04, 0x1E04, 0x1E04, 0x1E04, 0x1E04, 0x1E04, 0x1E04, 0x1E04, 0x1E04, 0x1E04, 
  0x1E04, 0x1E04, 0x1E04, 0x1E04, 0x1E04, 0x1E04, 0x1E04, 0x1E04, 0x1E04, 0x1E04, 0x1E04, 0x1E04, 0x1E04, 0x1E04, 0x1E04, 0x1E04, 
  0x1E04, 0x1E04, 0x1E04, 0x1E04, 0x1E04, 0x1E04, 0x1E04, 0x1E04, 0x1E04, 0x1E04, 0x1E04, 0x1E04, 0x1E04, 0x1E04, 0x1E04, 0x1E04, 
  0x1E04, 0x1E04, 0x1E04, 0x1E04, 0x1E04, 0x1E04, 0x1E04, 0x1E04, 0x1E04, 0x1E04, 0x1E04, 0x1E04, 0x1E04, 0x1E04, 0x1E04, 0x1E04, 
  0x1E04, 0x1E04, 0x1E04, 0x1E04, 0x1E04, 0x1E04, 0x1E04, 0x1E04, 0x1E04, 0x1E04, 0x1E04, 0x1E04, 0x1E04, 0x1E04, 0x1E04, 0x1E04, 
  0x1E04, 0x1E04, 0x3D04, 0x3D04, 0x1E04, 0x1E04, 0x1E04, 0x3E04, 0x3E04, 0x1D04, 0x1D04, 0x3D04, 0x3D04, 0x1E04, 0x1E04, 0x3E04, 
  0x3E04, 0x3D04, 0x3D04, 0x3E04, 0x1E04, 0x1E04, 0x1E04, 0x1E04, 0x1E04, 0x1E04, 0x1E04, 0x1E04, 0x1E04, 0x1E04, 0x1E04, 0x1E04, 
  0x1E04, 0x1E04, 0x1E04, 0x1E04, 0x1E04, 0x1E04, 0x1E04, 0x1E04, 0x1E04, 0x1E04, 0x1E04, 0x1E04, 0x1E04, 0x1E04, 0x1E04, 0x1E04, 
  0x1E04, 0x1E04, 0x1E04, 0x1E04, 0x1E04, 0x1E04, 0x1E04, 0x1E04, 0x1E04, 0x1E04, 0x1E04, 0x1E04, 0x1E04, 0x1E04, 0x1E04, 0x1E04, 
  0x1E04, 0x1E04, 0x1E04, 0x1E04, 0x1E04, 0x1E04, 0x1E04, 0x1E04, 0x1E04, 0x1E04, 0x1E04, 0x1E04, 0x1E04, 0x1E04, 0x1E04, 0x1E04, 
  0x1E04, 0x1E04, 0x1E04, 0x1E04, 0x1E04, 0x1E04, 0x1E04, 0x1E04, 0x1E04, 0x1E04, 0x1E04, 0x1E04, 0x1E04, 0x1E04, 0x1E04, 0x1E04, 
  0x1E04, 0x1E04, 0x1E04, 0x1E04, 0x1E04, 0x1E04, 0x1E04, 0x1E04, 0x1E04, 0x1E04, 0x1E04, 0x1E04, 0x1E04, 0x1E04, 0x1E04, 0x1E04, 
  0x1E04, 0x1E04, 0x1E04, 0x1E04, 0x1E04, 0x1E04, 0x1E04, 0x1E04, 0x1E04, 0x1E04, 0x1E04, 0x1E04, 0x1E04, 0x1E04, 0x1E04, 0x3E04, 
  0x1E04, 0x1E04, 0x1E04, 0x1E04, 0x1E04, 0x1E04, 0x1E04, 0x1E04, 0x1E04, 0x1E04, 0x1E04, 0x1E04, 0x1E04, 0x1E04, 0x1E04, 0x1E04, 
  0x1E04, 0x1E04, 0x1E04, 0x1E04, 0x1E04, 0x1E04, 0x1E04, 0x1E04, 0x1E04, 0x1E04, 0x1E04, 0x1E04, 0x1E04, 0x1E04, 0x1E04, 0x1E04, 
  0x1E04, 0x1E04, 0x1E04, 0x1E04, 0x1E04, 0x1E04, 0x1E04, 0x1E04, 0x1E04, 0x1E04, 0x1E04, 0x1E04, 0x1E04, 0x1E04, 0x1E04, 0x1E04, 
  0x1E04, 0x1E04, 0x1E04, 0x1E04, 0x1E04, 0x1E04, 0x1E04, 0x1E04, 0x1E04, 0x1E04, 0x1E04, 0x1E04, 0x1E04, 0x1E04, 0x1E04, 0x1E04, 
  0x1E04, 0x1E04, 0x1E04, 0x1E04, 0x1E04, 0x1E04, 0x1E04, 0x1E04, 0x1E04, 0x1E04, 0x1E04, 0x1E04, 0x1E04, 0x1E04, 0x1E04, 0x1E04, 
  0x1E04, 0x1E04, 0x1E04, 0x1E04, 0x1E04, 0x1E04, 0x1E04, 0x1E04, 0x1E04, 0x1E04, 0x1E04, 0x1E04, 0x1E04, 0x1E04, 0x1E04, 0x1E04, 
  0x1E04, 0x1E04, 0x1E04, 0x1E04, 0x1E04, 0x1E04, 0x1E04, 0x1E04, 0x1E04, 0x1E04, 0x1E04, 0x1E04, 0x1E04, 0x1E04, 0x1E04, 0x1E04, 
  0x1E04, 0x1E04, 0x1E04, 0x1D04, 0x1D04, 0x1D04, 0x1D04, 0x1D14, 0x1D14, 0x3E0C, 0x3D14, 0x1D1C, 0xFE1B, 0x1E14, 0x3D04, 0x1D04, 
  0x1E04, 0x1D04, 0x3D04, 0x3D04, 0x3E04, 0x1E04, 0x1E04, 0x1E04, 0x1E04, 0x1E04, 0x1E04, 0x1E04, 0x1E04, 0x1D04, 0x1E04, 0x1E04, 
  0x1E04, 0x1E04, 0x1E04, 0x1E04, 0x1E04, 0x1E04, 0x1E04, 0x1E04, 0x1E04, 0x1E04, 0x1E04, 0x1E04, 0x1E04, 0x1E04, 0x1E04, 0x1E04, 
  0x1E04, 0x1E04, 0x1E04, 0x1E04, 0x1E04, 0x1E04, 0x1E04, 0x1E04, 0x1E04, 0x1E04, 0x1E04, 0x1E04, 0x1E04, 0x1E04, 0x1E04, 0x1E04, 
  0x1E04, 0x1E04, 0x1E04, 0x1E04, 0x1E04, 0x1E04, 0x1E04, 0x1E04, 0x1E04, 0x1E04, 0x1E04, 0x1E04, 0x1E04, 0x1E04, 0x1E04, 0x1E04, 
  0x1E04, 0x1E04, 0x1E04, 0x1E04, 0x1E04, 0x1E04, 0x1E04, 0x1E04, 0x1E04, 0x1E04, 0x1E04, 0x1E04, 0x1E04, 0x1E04, 0x1E04, 0x1E04, 
  0x1E04, 0x1E04, 0x1E04, 0x1E04, 0x1E04, 0x1E04, 0x1E04, 0x1E04, 0x1E04, 0x1E04, 0x1E04, 0x1E04, 0x1E04, 0x1E04, 0x1E04, 0x1E04, 
  0x1E04, 0x1E04, 0x1E04, 0x1E04, 0x1E04, 0x1E04, 0x1E04, 0x1E04, 0x1E04, 0x1E04, 0x1E04, 0x1E04, 0x1E04, 0x1E04, 0x1E04, 0x3E04, 
  0x1E04, 0x1E04, 0x1E04, 0x1E04, 0x1E04, 0x1E04, 0x1E04, 0x1E04, 0x1E04, 0x1E04, 0x1E04, 0x1E04, 0x1E04, 0x1E04, 0x1E04, 0x1E04, 
  0x1E04, 0x1E04, 0x1E04, 0x1E04, 0x1E04, 0x1E04, 0x1E04, 0x1E04, 0x1E04, 0x1E04, 0x1E04, 0x1E04, 0x1E04, 0x1E04, 0x1E04, 0x1E04, 
  0x1E04, 0x1E04, 0x1E04, 0x1E04, 0x1E04, 0x1E04, 0x1E04, 0x1E04, 0x1E04, 0x1E04, 0x1E04, 0x1E04, 0x1E04, 0x1E04, 0x1E04, 0x1E04, 
  0x1E04, 0x1E04, 0x1E04, 0x1E04, 0x1E04, 0x1E04, 0x1E04, 0x1E04, 0x1E04, 0x1E04, 0x1E04, 0x1E04, 0x1E04, 0x1E04, 0x1E04, 0x1E04, 
  0x1E04, 0x1E04, 0x1E04, 0x1E04, 0x1E04, 0x1E04, 0x1E04, 0x1E04, 0x1E04, 0x1E04, 0x1E04, 0x1E04, 0x1E04, 0x1E04, 0x1E04, 0x1E04, 
  0x1E04, 0x1E04, 0x1E04, 0x1E04, 0x1E04, 0x1E04, 0x1E04, 0x1E04, 0x1E04, 0x1E04, 0x1D04, 0x1D04, 0x1E04, 0x1E04, 0x1E04, 0x3E04, 
  0x3E04, 0x1E04, 0x3E04, 0x1D04, 0x1D04, 0x3D04, 0x3D04, 0x3D04, 0x3E04, 0x1E04, 0x1E04, 0x1D04, 0x1E04, 0x1D04, 0x1D04, 0x1D04, 
  0x3D04, 0x1D04, 0x3E04, 0x3E04, 0x1E04, 0x7F44, 0x3F7C, 0xFA7A, 0xB371, 0x1262, 0x125A, 0x3252, 0xF159, 0x9562, 0x1E6C, 0x7D44, 
  0x7B24, 0xFD2B, 0x1F5C, 0x1D14, 0x3D04, 0xFE03, 0x1D04, 0x1D04, 0x1E04, 0x3D04, 0x3E04, 0x3E04, 0x3E04, 0x3E04, 0x1E04, 0x1D04, 
  0x1D04, 0x1E04, 0x1D04, 0x1E04, 0x1E04, 0x3E04, 0x1E04, 0x1E04, 0x1E04, 0x1E04, 0x1D04, 0x1E04, 0x1E04, 0x1E04, 0x1E04, 0x1E04, 
  0x1E04, 0x1E04, 0x1E04, 0x1E04, 0x1E04, 0x1E04, 0x1E04, 0x1E04, 0x1E04, 0x1E04, 0x1E04, 0x1E04, 0x1E04, 0x1E04, 0x1E04, 0x1E04, 
  0x1E04, 0x1E04, 0x1E04, 0x1E04, 0x1E04, 0x1E04, 0x1E04, 0x1E04, 0x1E04, 0x1E04, 0x1E04, 0x1E04, 0x1E04, 0x1E04, 0x1E04, 0x1E04, 
  0x1E04, 0x1E04, 0x1E04, 0x1E04, 0x1E04, 0x1E04, 0x1E04, 0x1E04, 0x1E04, 0x1E04, 0x1E04, 0x1E04, 0x1E04, 0x1E04, 0x1E04, 0x1E04, 
  0x1E04, 0x1E04, 0x1E04, 0x1E04, 0x1E04, 0x1E04, 0x1E04, 0x1E04, 0x1E04, 0x1E04, 0x1E04, 0x1E04, 0x1E04, 0x1E04, 0x1E04, 0x1E04, 
  0x1E04, 0x1E04, 0x1E04, 0x1E04, 0x1E04, 0x1E04, 0x1E04, 0x1E04, 0x1E04, 0x1E04, 0x1E04, 0x1E04, 0x1E04, 0x1E04, 0x1E04, 0x3E04, 
  0x1E04, 0x1E04, 0x1E04, 0x1E04, 0x1E04, 0x1E04, 0x1E04, 0x1E04, 0x1E04, 0x1E04, 0x1E04, 0x1E04, 0x1E04, 0x1E04, 0x1E04, 0x1E04, 
  0x1E04, 0x1E04, 0x1E04, 0x1E04, 0x1E04, 0x1E04, 0x1E04, 0x1E04, 0x1E04, 0x1E04, 0x1E04, 0x1E04, 0x1E04, 0x1E04, 0x1E04, 0x1E04, 
  0x1E04, 0x1E04, 0x1E04, 0x1E04, 0x1E04, 0x1E04, 0x1E04, 0x1E04, 0x1E04, 0x1E04, 0x1E04, 0x1E04, 0x1E04, 0x1E04, 0x1E04, 0x1E04, 
  0x1E04, 0x1E04, 0x1E04, 0x1E04, 0x1E04, 0x1E04, 0x1E04, 0x1E04, 0x1E04, 0x1E04, 0x1E04, 0x1E04, 0x1E04, 0x1E04, 0x1E04, 0x1E04, 
  0x1E04, 0x1E04, 0x1E04, 0x1E04, 0x1E04, 0x1E04, 0x1E04, 0x1E04, 0x1E04, 0x1E04, 0x1E04, 0x1E04, 0x1E04, 0x1E04, 0x1E04, 0x1E04, 
  0x1E04, 0x1E04, 0x1E04, 0x1E04, 0x1E04, 0x1E04, 0x1E04, 0x1E04, 0x1E04, 0x1E04, 0x1D04, 0x1D04, 0x1D04, 0x1E04, 0x1E04, 0x3E04, 
  0x3E04, 0x1D04, 0x3E04, 0x1D04, 0x1D04, 0x3E04, 0x1E04, 0x3D04, 0x1D04, 0xFD03, 0x1E04, 0x3D04, 0x5E04, 0x5E14, 0x7F24, 0x5F34, 
  0x3E3C, 0x1E54, 0xFE73, 0x7B6B, 0x375B, 0x747A, 0x7081, 0xCB80, 0x6A90, 0x8A80, 0xEB70, 0x4B51, 0x0759, 0x117A, 0x3EA4, 0x7FEF, 
  0xBFEF, 0x5EAD, 0x9FA3, 0x5F8C, 0x5F6C, 0x5F4C, 0x7E34, 0x7E24, 0x5E0C, 0x1E04, 0xFE03, 0x1D04, 0x1D04, 0xFD03, 0x1E04, 0x3D04, 
  0x1D0C, 0x3D04, 0x1E04, 0x1E04, 0x3E04, 0x1E04, 0x1D04, 0x1D04, 0x3D04, 0x3D04, 0x3D04, 0x3D04, 0x3E04, 0x3E04, 0x1E04, 0x1E04, 
  0x1E04, 0x1E04, 0x1E04, 0x1E04, 0x1E04, 0x1E04, 0x1E04, 0x1E04, 0x1E04, 0x1E04, 0x1E04, 0x1E04, 0x1E04, 0x1E04, 0x1E04, 0x1E04, 
  0x1E04, 0x1E04, 0x1E04, 0x1E04, 0x1E04, 0x1E04, 0x1E04, 0x1E04, 0x1E04, 0x1E04, 0x1E04, 0x1E04, 0x1E04, 0x1E04, 0x1E04, 0x1E04, 
  0x1E04, 0x1E04, 0x1E04, 0x1E04, 0x1E04, 0x1E04, 0x1E04, 0x1E04, 0x1E04, 0x1E04, 0x1E04, 0x1E04, 0x1E04, 0x1E04, 0x1E04, 0x1E04, 
  0x1E04, 0x1E04, 0x1E04, 0x1E04, 0x1E04, 0x1E04, 0x1E04, 0x1E04, 0x1E04, 0x1E04, 0x1E04, 0x1E04, 0x1E04, 0x1E04, 0x1E04, 0x1E04, 
  0x1E04, 0x1E04, 0x1E04, 0x1E04, 0x1E04, 0x1E04, 0x1E04, 0x1E04, 0x1E04, 0x1E04, 0x1E04, 0x1E04, 0x1E04, 0x1E04, 0x1E04, 0x3E04, 
  0x1E04, 0x1E04, 0x1E04, 0x1E04, 0x1E04, 0x1E04, 0x1E04, 0x1E04, 0x1E04, 0x1E04, 0x1E04, 0x1E04, 0x1E04, 0x1E04, 0x1E04, 0x1E04, 
  0x1E04, 0x1E04, 0x1E04, 0x1E04, 0x1E04, 0x1E04, 0x1E04, 0x1E04, 0x1E04, 0x1E04, 0x1E04, 0x1E04, 0x1E04, 0x1E04, 0x1E04, 0x1E04, 
  0x1E04, 0x1E04, 0x1E04, 0x1E04, 0x1E04, 0x1E04, 0x1E04, 0x1E04, 0x1E04, 0x1E04, 0x1E04, 0x1E04, 0x1E04, 0x1E04, 0x1E04, 0x1E04, 
  0x1E04, 0x1E04, 0x1E04, 0x1E04, 0x1E04, 0x1E04, 0x1E04, 0x1E04, 0x1E04, 0x1E04, 0x1E04, 0x1E04, 0x1E04, 0x1E04, 0x1E04, 0x1E04, 
  0x1E04, 0x1E04, 0x1E04, 0x1E04, 0x1E04, 0x1E04, 0x1E04, 0x1E04, 0x1E04, 0x1E04, 0x1E04, 0x1E04, 0x1E04, 0x1E04, 0x1E04, 0x1E04, 
  0x1E04, 0x1E04, 0x1E04, 0x1E04, 0x1E04, 0x1E04, 0x1E04, 0x1E04, 0x1E04, 0x1E04, 0x1E04, 0x1E04, 0x3D04, 0x3D04, 0x1D04, 0x1D04, 
  0x3D04, 0x1D0C, 0x1E04, 0x1E04, 0x1D04, 0xFD03, 0xFE0B, 0x3E14, 0x3E24, 0x3E34, 0x1D4C, 0xDC53, 0x9A63, 0xD97A, 0x757A, 0x9191, 
  0x3099, 0x4E81, 0xEE88, 0x6D88, 0x0A59, 0x4951, 0xE960, 0xE978, 0xAA80, 0x2E99, 0xAB98, 0x8B98, 0x6A88, 0x5792, 0x3EBD, 0xFFFF, 
  0xFFFF, 0x7DB4, 0xDFBB, 0x3CC3, 0x3282, 0x5172, 0x569A, 0xD992, 0x7C83, 0xFD6B, 0x1C54, 0x5E44, 0x5E2C, 0x3E24, 0x1E14, 0x1E04, 
  0x1E04, 0x1E04, 0x3D04, 0x3D04, 0x1D04, 0x1D0C, 0x3D04, 0x3D04, 0x3D04, 0x1D04, 0x1E04, 0x1D04, 0x1D04, 0x1E04, 0x1E04, 0x1E04, 
  0x1E04, 0x1E04, 0x1E04, 0x1E04, 0x1E04, 0x1E04, 0x1E04, 0x1E04, 0x1E04, 0x1E04, 0x1E04, 0x1E04, 0x1E04, 0x1E04, 0x1E04, 0x1E04, 
  0x1E04, 0x1E04, 0x1E04, 0x1E04, 0x1E04, 0x1E04, 0x1E04, 0x1E04, 0x1E04, 0x1E04, 0x1E04, 0x1E04, 0x1E04, 0x1E04, 0x1E04, 0x1E04, 
  0x1E04, 0x1E04, 0x1E04, 0x1E04, 0x1E04, 0x1E04, 0x1E04, 0x1E04, 0x1E04, 0x1E04, 0x1E04, 0x1E04, 0x1E04, 0x1E04, 0x1E04, 0x1E04, 
  0x1E04, 0x1E04, 0x1E04, 0x1E04, 0x1E04, 0x1E04, 0x1E04, 0x1E04, 0x1E04, 0x1E04, 0x1E04, 0x1E04, 0x1E04, 0x1E04, 0x1E04, 0x1E04, 
  0x1E04, 0x1E04, 0x1E04, 0x1E04, 0x1E04, 0x1E04, 0x1E04, 0x1E04, 0x1E04, 0x1E04, 0x1E04, 0x1E04, 0x1E04, 0x1E04, 0x1E04, 0x3E04, 
  0x1E04, 0x1E04, 0x1E04, 0x1E04, 0x1E04, 0x1E04, 0x1E04, 0x1E04, 0x1E04, 0x1E04, 0x1E04, 0x1E04, 0x1E04, 0x1E04, 0x1E04, 0x1E04, 
  0x1E04, 0x1E04, 0x1E04, 0x1E04, 0x1E04, 0x1E04, 0x1E04, 0x1E04, 0x1E04, 0x1E04, 0x1E04, 0x1E04, 0x1E04, 0x1E04, 0x1E04, 0x1E04, 
  0x1E04, 0x1E04, 0x1E04, 0x1E04, 0x1E04, 0x1E04, 0x1E04, 0x1E04, 0x1E04, 0x1E04, 0x1E04, 0x1E04, 0x1E04, 0x1E04, 0x1E04, 0x1E04, 
  0x1E04, 0x1E04, 0x1E04, 0x1E04, 0x1E04, 0x1E04, 0x1E04, 0x1E04, 0x1E04, 0x1E04, 0x1E04, 0x1E04, 0x1E04, 0x1E04, 0x1E04, 0x1E04, 
  0x1E04, 0x1E04, 0x1E04, 0x1E04, 0x1E04, 0x1E04, 0x1E04, 0x1E04, 0x1E04, 0x1E04, 0x1E04, 0x1E04, 0x1E04, 0x1E04, 0x1E04, 0x1E04, 
  0x1E04, 0x1E04, 0x1E04, 0x1E04, 0x1E04, 0x1E04, 0x1E04, 0x1E04, 0x1E04, 0x1E04, 0x3D04, 0x1E04, 0x1E04, 0x3E04, 0x3E04, 0x3D04, 
  0x1E04, 0x1E04, 0x1D04, 0x1E14, 0x5F2C, 0x7F54, 0x1E6C, 0xDC83, 0x5883, 0x7372, 0x6F81, 0xCA78, 0x2B71, 0xAB70, 0x6A70, 0x0988, 
  0x0BA8, 0x8CA0, 0x4A98, 0x8D98, 0x6B59, 0x8C49, 0xAC70, 0xAA80, 0x2B88, 0xED88, 0xCA98, 0x6A98, 0xCD98, 0x3BA3, 0xBEDE, 0xFFFF, 
  0xFEE6, 0xBDA3, 0xBCC3, 0x0D79, 0x2959, 0x6A80, 0x0AA0, 0xC970, 0x0B69, 0x0E79, 0x0E6A, 0xD279, 0xF381, 0x9682, 0x5963, 0xDB53, 
  0x5C3C, 0x3E2C, 0x3E1C, 0x3E0C, 0x3E04, 0x1D04, 0xFE03, 0x1E04, 0x1D04, 0x1E04, 0x3E04, 0x1E04, 0x1D04, 0x1E04, 0x1E04, 0x1E04, 
  0x1E04, 0x1E04, 0x1E04, 0x1E04, 0x1E04, 0x1E04, 0x1E04, 0x1E04, 0x1E04, 0x1E04, 0x1E04, 0x1E04, 0x1E04, 0x1E04, 0x1E04, 0x1E04, 
  0x1E04, 0x1E04, 0x1E04, 0x1E04, 0x1E04, 0x1E04, 0x1E04, 0x1E04, 0x1E04, 0x1E04, 0x1E04, 0x1E04, 0x1E04, 0x1E04, 0x1E04, 0x1E04, 
  0x1E04, 0x1E04, 0x1E04, 0x1E04, 0x1E04, 0x1E04, 0x1E04, 0x1E04, 0x1E04, 0x1E04, 0x1E04, 0x1E04, 0x1E04, 0x1E04, 0x1E04, 0x1E04, 
  0x1E04, 0x1E04, 0x1E04, 0x1E04, 0x1E04, 0x1E04, 0x1E04, 0x1E04, 0x1E04, 0x1E04, 0x1E04, 0x1E04, 0x1E04, 0x1E04, 0x1E04, 0x1E04, 
  0x1E04, 0x1E04, 0x1E04, 0x1E04, 0x1E04, 0x1E04, 0x1E04, 0x1E04, 0x1E04, 0x1E04, 0x1E04, 0x1E04, 0x1E04, 0x1E04, 0x1E04, 0x3E04, 
  0x1E04, 0x1E04, 0x1E04, 0x1E04, 0x1E04, 0x1E04, 0x1E04, 0x1E04, 0x1E04, 0x1E04, 0x1E04, 0x1E04, 0x1E04, 0x1E04, 0x1E04, 0x1E04, 
  0x1E04, 0x1E04, 0x1E04, 0x1E04, 0x1E04, 0x1E04, 0x1E04, 0x1E04, 0x1E04, 0x1E04, 0x1E04, 0x1E04, 0x1E04, 0x1E04, 0x1E04, 0x1E04, 
  0x1E04, 0x1E04, 0x1E04, 0x1E04, 0x1E04, 0x1E04, 0x1E04, 0x1E04, 0x1E04, 0x1E04, 0x1E04, 0x1E04, 0x1E04, 0x1E04, 0x1E04, 0x1E04, 
  0x1E04, 0x1E04, 0x1E04, 0x1E04, 0x1E04, 0x1E04, 0x1E04, 0x1E04, 0x1E04, 0x1E04, 0x1E04, 0x1E04, 0x1E04, 0x1E04, 0x1E04, 0x1E04, 
  0x1E04, 0x1E04, 0x1E04, 0x1E04, 0x1E04, 0x1E04, 0x1E04, 0x1E04, 0x1E04, 0x1E04, 0x1E04, 0x1E04, 0x1E04, 0x1E04, 0x1E04, 0x1E04, 
  0x1E04, 0x1E04, 0x1E04, 0x1E04, 0x1E04, 0x1E04, 0x1E04, 0x1E04, 0x1E04, 0x1E04, 0x3D04, 0x1D04, 0x1E0C, 0x1E04, 0x1E04, 0x1D04, 
  0xFE03, 0x5E24, 0x5E54, 0x9E93, 0x1993, 0x558A, 0x3099, 0xAC90, 0xC870, 0xE868, 0xAA90, 0x4B98, 0x6C98, 0x8B90, 0x4BA0, 0x2B90, 
  0x6CA0, 0xAD88, 0x6D88, 0x6DA8, 0x8BA0, 0xEA70, 0x8B70, 0x6A80, 0x8D90, 0x92B1, 0xEC90, 0xE868, 0x9389, 0xBEB4, 0xBFFF, 0xFFFF, 
  0x5DC5, 0x9FB3, 0xF389, 0x4A80, 0x6B90, 0xEA78, 0xAB80, 0xAA49, 0x8A41, 0xCB70, 0x4A51, 0xAB68, 0x6A78, 0xA880, 0x8859, 0x6B59, 
  0xEE59, 0x127A, 0x9682, 0x7A5B, 0xDD53, 0x3E3C, 0x7E24, 0x5E0C, 0x3D04, 0x1D04, 0x1D04, 0x1E04, 0x3E04, 0x1E04, 0x1E04, 0x1D04, 
  0x1E04, 0x1E04, 0x1E04, 0x1E04, 0x1E04, 0x1E04, 0x1E04, 0x1E04, 0x1E04, 0x1E04, 0x1E04, 0x1E04, 0x1E04, 0x1E04, 0x1E04, 0x1E04, 
  0x1E04, 0x1E04, 0x1E04, 0x1E04, 0x1E04, 0x1E04, 0x1E04, 0x1E04, 0x1E04, 0x1E04, 0x1E04, 0x1E04, 0x1E04, 0x1E04, 0x1E04, 0x1E04, 
  0x1E04, 0x1E04, 0x1E04, 0x1E04, 0x1E04, 0x1E04, 0x1E04, 0x1E04, 0x1E04, 0x1E04, 0x1E04, 0x1E04, 0x1E04, 0x1E04, 0x1E04, 0x1E04, 
  0x1E04, 0x1E04, 0x1E04, 0x1E04, 0x1E04, 0x1E04, 0x1E04, 0x1E04, 0x1E04, 0x1E04, 0x1E04, 0x1E04, 0x1E04, 0x1E04, 0x1E04, 0x1E04, 
  0x1E04, 0x1E04, 0x1E04, 0x1E04, 0x1E04, 0x1E04, 0x1E04, 0x1E04, 0x1E04, 0x1E04, 0x1E04, 0x1E04, 0x1E04, 0x1E04, 0x1E04, 0x3E04, 
  0x1E04, 0x1E04, 0x1E04, 0x1E04, 0x1E04, 0x1E04, 0x1E04, 0x1E04, 0x1E04, 0x1E04, 0x1E04, 0x1E04, 0x1E04, 0x1E04, 0x1E04, 0x1E04, 
  0x1E04, 0x1E04, 0x1E04, 0x1E04, 0x1E04, 0x1E04, 0x1E04, 0x1E04, 0x1E04, 0x1E04, 0x1E04, 0x1E04, 0x1E04, 0x1E04, 0x1E04, 0x1E04, 
  0x1E04, 0x1E04, 0x1E04, 0x1E04, 0x1E04, 0x1E04, 0x1E04, 0x1E04, 0x1E04, 0x1E04, 0x1E04, 0x1E04, 0x1E04, 0x1E04, 0x1E04, 0x1E04, 
  0x1E04, 0x1E04, 0x1E04, 0x1E04, 0x1E04, 0x1E04, 0x1E04, 0x1E04, 0x1E04, 0x1E04, 0x1E04, 0x1E04, 0x1E04, 0x1E04, 0x1E04, 0x1E04, 
  0x1E04, 0x1E04, 0x1E04, 0x1E04, 0x1E04, 0x1E04, 0x1E04, 0x1E04, 0x1E04, 0x1E04, 0x1E04, 0x1E04, 0x1E04, 0x1E04, 0x1E04, 0x1E04, 
  0x1E04, 0x1E04, 0x1E04, 0x1E04, 0x1E04, 0x1E04, 0x1E04, 0x1E04, 0x1E04, 0x1E04, 0x1E04, 0x1E04, 0x1D04, 0x3D04, 0x1C0C, 0x3E34, 
  0x5F7C, 0x7B93, 0x7299, 0x6DA0, 0xAA70, 0xE870, 0x4A98, 0x0BA0, 0x4B90, 0xAC78, 0x6C88, 0x8C88, 0x6C90, 0x2B98, 0x4CA8, 0x0BB0, 
  0x0BB0, 0x8B80, 0xCB68, 0x6B90, 0x2BB0, 0x8BA0, 0x8B88, 0xAA88, 0x4B90, 0xCFB8, 0x8C98, 0x8870, 0x989A, 0x7FD6, 0xFFFF, 0x9EF7, 
  0x5EA4, 0x99B2, 0x6C80, 0x0A79, 0xED90, 0x0C71, 0xAB88, 0x2A69, 0x4A61, 0x2A71, 0x0A69, 0xCC78, 0xEC78, 0x8851, 0x6A59, 0xCB70, 
  0x8B88, 0x2BA0, 0x8A78, 0x2A69, 0x0D99, 0x6F89, 0x348A, 0x197B, 0xFD5B, 0x5E44, 0x7D3C, 0x3E14, 0x1E04, 0x1D04, 0x1E04, 0x1E04, 
  0x1E04, 0x1E04, 0x1E04, 0x1E04, 0x1E04, 0x1E04, 0x1E04, 0x1E04, 0x1E04, 0x1E04, 0x1E04, 0x1E04, 0x1E04, 0x1E04, 0x1E04, 0x1E04, 
  0x1E04, 0x1E04, 0x1E04, 0x1E04, 0x1E04, 0x1E04, 0x1E04, 0x1E04, 0x1E04, 0x1E04, 0x1E04, 0x1E04, 0x1E04, 0x1E04, 0x1E04, 0x1E04, 
  0x1E04, 0x1E04, 0x1E04, 0x1E04, 0x1E04, 0x1E04, 0x1E04, 0x1E04, 0x1E04, 0x1E04, 0x1E04, 0x1E04, 0x1E04, 0x1E04, 0x1E04, 0x1E04, 
  0x1E04, 0x1E04, 0x1E04, 0x1E04, 0x1E04, 0x1E04, 0x1E04, 0x1E04, 0x1E04, 0x1E04, 0x1E04, 0x1E04, 0x1E04, 0x1E04, 0x1E04, 0x1E04, 
  0x1E04, 0x1E04, 0x1E04, 0x1E04, 0x1E04, 0x1E04, 0x1E04, 0x1E04, 0x1E04, 0x1E04, 0x1E04, 0x1E04, 0x1E04, 0x1E04, 0x1E04, 0x3E04, 
  0x1E04, 0x1E04, 0x1E04, 0x1E04, 0x1E04, 0x1E04, 0x1E04, 0x1E04, 0x1E04, 0x1E04, 0x1E04, 0x1E04, 0x1E04, 0x1E04, 0x1E04, 0x1E04, 
  0x1E04, 0x1E04, 0x1E04, 0x1E04, 0x1E04, 0x1E04, 0x1E04, 0x1E04, 0x1E04, 0x1E04, 0x1E04, 0x1E04, 0x1E04, 0x1E04, 0x1E04, 0x1E04, 
  0x1E04, 0x1E04, 0x1E04, 0x1E04, 0x1E04, 0x1E04, 0x1E04, 0x1E04, 0x1E04, 0x1E04, 0x1E04, 0x1E04, 0x1E04, 0x1E04, 0x1E04, 0x1E04, 
  0x1E04, 0x1E04, 0x1E04, 0x1E04, 0x1E04, 0x1E04, 0x1E04, 0x1E04, 0x1E04, 0x1E04, 0x1E04, 0x1E04, 0x1E04, 0x1E04, 0x1E04, 0x1E04, 
  0x1E04, 0x1E04, 0x1E04, 0x1E04, 0x1E04, 0x1E04, 0x1E04, 0x1E04, 0x1E04, 0x1E04, 0x1E04, 0x1E04, 0x1E04, 0x1E04, 0x1E04, 0x1E04, 
  0x1E04, 0x1E04, 0x1E04, 0x1E04, 0x1D04, 0x1E04, 0x1E04, 0x1E04, 0x1E04, 0x1D04, 0x1E04, 0x3D04, 0x3D0C, 0x3D34, 0x1F74, 0x1FAC, 
  0xB6A2, 0x4E90, 0x0DB0, 0x4DB8, 0x4B88, 0x6B98, 0x4BA0, 0x6B90, 0x4A88, 0x0C71, 0xAB78, 0x8A80, 0xEB60, 0x4A78, 0x2B88, 0xAE98, 
  0x8DA8, 0x29A0, 0x6CA8, 0x6DB0, 0x2BA0, 0x2DA8, 0x2CA0, 0xAA88, 0x6B90, 0x0A98, 0x6A90, 0x4E71, 0x1DAC, 0x9FFF, 0xFFFF, 0x5ED6, 
  0x1DA3, 0xF0A8, 0xABA0, 0x0779, 0x4659, 0x6C88, 0x4A98, 0x0A71, 0xEA58, 0xAB68, 0x4B90, 0x6D88, 0x8B70, 0x8751, 0xE970, 0x29A8, 
  0x4AA8, 0x4A90, 0x6A90, 0xAB98, 0x6BA0, 0x6978, 0xE968, 0xEB70, 0x6C71, 0xF181, 0xB79A, 0xFD93, 0x7F5C, 0x7F2C, 0x1D0C, 0xFD03, 
  0x1D04, 0x1E04, 0x1D04, 0x1E04, 0x1D04, 0x1E04, 0x1D04, 0x1D04, 0x1E04, 0x1D04, 0x1D04, 0x1D04, 0x1D04, 0x1E04, 0x3E04, 0x1E04, 
  0x1E04, 0x1E04, 0x1E04, 0x1E04, 0x1E04, 0x1E04, 0x1E04, 0x1E04, 0x1E04, 0x1E04, 0x1E04, 0x1E04, 0x1E04, 0x1E04, 0x1E04, 0x1E04, 
  0x1E04, 0x1E04, 0x1E04, 0x1E04, 0x1E04, 0x1E04, 0x1E04, 0x1E04, 0x1E04, 0x1E04, 0x1E04, 0x1E04, 0x1E04, 0x1E04, 0x1E04, 0x1E04, 
  0x1E04, 0x1E04, 0x1E04, 0x1E04, 0x1E04, 0x1E04, 0x1E04, 0x1E04, 0x1E04, 0x1E04, 0x1E04, 0x1E04, 0x1E04, 0x1E04, 0x1E04, 0x1E04, 
  0x1E04, 0x1E04, 0x1E04, 0x1E04, 0x1E04, 0x1E04, 0x1E04, 0x1E04, 0x1E04, 0x1E04, 0x1E04, 0x1E04, 0x1E04, 0x1E04, 0x1E04, 0x3E04, 
  0x1E04, 0x1E04, 0x1E04, 0x1E04, 0x1E04, 0x1E04, 0x1E04, 0x1E04, 0x1E04, 0x1E04, 0x1E04, 0x1E04, 0x1E04, 0x1E04, 0x1E04, 0x1E04, 
  0x1E04, 0x1E04, 0x1E04, 0x1E04, 0x1E04, 0x1E04, 0x1E04, 0x1E04, 0x1E04, 0x1E04, 0x1E04, 0x1E04, 0x1E04, 0x1E04, 0x1E04, 0x1E04, 
  0x1E04, 0x1E04, 0x1E04, 0x1E04, 0x1E04, 0x1E04, 0x1E04, 0x1E04, 0x1E04, 0x1E04, 0x1E04, 0x1E04, 0x1E04, 0x1E04, 0x1E04, 0x1E04, 
  0x1E04, 0x1E04, 0x1E04, 0x1E04, 0x1E04, 0x1E04, 0x1E04, 0x1E04, 0x1E04, 0x1E04, 0x1E04, 0x1E04, 0x1E04, 0x1E04, 0x1E04, 0x1E04, 
  0x1E04, 0x1E04, 0x1E04, 0x1E04, 0x1E04, 0x1E04, 0x1E04, 0x1E04, 0x1E04, 0x1E04, 0x1E04, 0x1E04, 0x1E04, 0x1E04, 0x1E04, 0x1E04, 
  0x1E04, 0x1E04, 0x1E04, 0x1E04, 0x3E04, 0x1E04, 0x1E04, 0x1D04, 0x3D04, 0x3E04, 0x3E0C, 0x5E2C, 0xDE53, 0xBF93, 0xFFBB, 0x9EB3, 
  0x0B71, 0xAFB0, 0xD0C8, 0x8DA8, 0x6C98, 0x4AA0, 0x4B98, 0x2C98, 0x2BA0, 0x8C90, 0x2A69, 0x0A69, 0x2A90, 0x11A9, 0xB9B2, 0xBEBB, 
  0x769A, 0xE768, 0xCC98, 0x2DB8, 0x2BA0, 0x6C88, 0x6B90, 0x4B88, 0x6B90, 0x6DA0, 0x6B98, 0xF489, 0x9ECD, 0xFFFF, 0xFEFF, 0xDFB4, 
  0x369A, 0x2998, 0x6A90, 0xCC59, 0x517A, 0x35A2, 0x35A2, 0xB78A, 0xF78A, 0xF89A, 0xF8B2, 0x169B, 0xB382, 0x517A, 0x9499, 0x1191, 
  0x3071, 0x3289, 0xB0A8, 0x8E98, 0xAE70, 0x0D71, 0x2B71, 0x6A80, 0x2898, 0x4998, 0x0B90, 0x4DA0, 0x53A9, 0xD8A2, 0x1E8C, 0x3E44, 
  0x3E0C, 0xFD03, 0x1D04, 0x3E04, 0x1D0C, 0x1E04, 0x1E04, 0x3D04, 0x1E04, 0x1D04, 0x3D04, 0x1D04, 0x1D04, 0x1E04, 0x3E04, 0x1E04, 
  0x1E04, 0x1E04, 0x1E04, 0x1E04, 0x1E04, 0x1E04, 0x1E04, 0x1E04, 0x1E04, 0x1E04, 0x1E04, 0x1E04, 0x1E04, 0x1E04, 0x1E04, 0x1E04, 
  0x1E04, 0x1E04, 0x1E04, 0x1E04, 0x1E04, 0x1E04, 0x1E04, 0x1E04, 0x1E04, 0x1E04, 0x1E04, 0x1E04, 0x1E04, 0x1E04, 0x1E04, 0x1E04, 
  0x1E04, 0x1E04, 0x1E04, 0x1E04, 0x1E04, 0x1E04, 0x1E04, 0x1E04, 0x1E04, 0x1E04, 0x1E04, 0x1E04, 0x1E04, 0x1E04, 0x1E04, 0x1E04, 
  0x1E04, 0x1E04, 0x1E04, 0x1E04, 0x1E04, 0x1E04, 0x1E04, 0x1E04, 0x1E04, 0x1E04, 0x1E04, 0x1E04, 0x1E04, 0x1E04, 0x1E04, 0x3E04, 
  0x1E04, 0x1E04, 0x1E04, 0x1E04, 0x1E04, 0x1E04, 0x1E04, 0x1E04, 0x1E04, 0x1E04, 0x1E04, 0x1E04, 0x1E04, 0x1E04, 0x1E04, 0x1E04, 
  0x1E04, 0x1E04, 0x1E04, 0x1E04, 0x1E04, 0x1E04, 0x1E04, 0x1E04, 0x1E04, 0x1E04, 0x1E04, 0x1E04, 0x1E04, 0x1E04, 0x1E04, 0x1E04, 
  0x1E04, 0x1E04, 0x1E04, 0x1E04, 0x1E04, 0x1E04, 0x1E04, 0x1E04, 0x1E04, 0x1E04, 0x1E04, 0x1E04, 0x1E04, 0x1E04, 0x1E04, 0x1E04, 
  0x1E04, 0x1E04, 0x1E04, 0x1E04, 0x1E04, 0x1E04, 0x1E04, 0x1E04, 0x1E04, 0x1E04, 0x1E04, 0x1E04, 0x1E04, 0x1E04, 0x1E04, 0x1E04, 
  0x1E04, 0x1E04, 0x1E04, 0x1E04, 0x1E04, 0x1E04, 0x1E04, 0x1E04, 0x1E04, 0x1E04, 0x1E04, 0x1E04, 0x1E04, 0x1E04, 0x1E04, 0x1E04, 
  0x1E04, 0x1E04, 0x1E04, 0x1E04, 0x1E04, 0x3D04, 0x3D04, 0x3D04, 0xFD03, 0xDD0B, 0xBD43, 0xFE6A, 0x9F72, 0xFE7A, 0xDFB3, 0x1FBC, 
  0xD391, 0x2AA0, 0x6BA8, 0x8B80, 0x6C88, 0x4A90, 0xAA88, 0x4A90, 0xCA78, 0x8C90, 0xCB88, 0x8990, 0x93A9, 0xDFC3, 0xBFAB, 0xFFBB, 
  0xD8A2, 0x2759, 0xEB80, 0x2CB0, 0x2B98, 0xCA80, 0x6B98, 0x4BA0, 0x2BA0, 0x2CA8, 0x6C88, 0xF9A2, 0x1FEF, 0xFFFF, 0x1FE7, 0x7CA3, 
  0x2E81, 0x8B88, 0x99C2, 0xFFBB, 0x1FC4, 0x1FBC, 0xBE9B, 0xDF8B, 0xDFCD, 0x1FEF, 0x7FFF, 0x7FF7, 0x7FF7, 0x1FEF, 0x1FE7, 0x9FE6, 
  0x9FE6, 0x1FDE, 0xDED5, 0x9DCD, 0x5CAC, 0xFB8A, 0xDAA2, 0x79B2, 0xB5A9, 0x4F89, 0xAA78, 0x6998, 0x4978, 0x6A78, 0x0E81, 0x58AA, 
  0xBC83, 0x3E54, 0x5E1C, 0x1D04, 0x1D04, 0x1E04, 0x1E04, 0x3E04, 0x3D04, 0x3E04, 0x1E04, 0x1E04, 0x1E04, 0x1E04, 0x1E04, 0x1E04, 
  0x1E04, 0x1E04, 0x1E04, 0x1E04, 0x1E04, 0x1E04, 0x1E04, 0x1E04, 0x1E04, 0x1E04, 0x1E04, 0x1E04, 0x1E04, 0x1E04, 0x1E04, 0x1E04, 
  0x1E04, 0x1E04, 0x1E04, 0x1E04, 0x1E04, 0x1E04, 0x1E04, 0x1E04, 0x1E04, 0x1E04, 0x1E04, 0x1E04, 0x1E04, 0x1E04, 0x1E04, 0x1E04, 
  0x1E04, 0x1E04, 0x1E04, 0x1E04, 0x1E04, 0x1E04, 0x1E04, 0x1E04, 0x1E04, 0x1E04, 0x1E04, 0x1E04, 0x1E04, 0x1E04, 0x1E04, 0x1E04, 
  0x1E04, 0x1E04, 0x1E04, 0x1E04, 0x1E04, 0x1E04, 0x1E04, 0x1E04, 0x1E04, 0x1E04, 0x1E04, 0x1E04, 0x1E04, 0x1E04, 0x1E04, 0x3E04, 
  0x1E04, 0x1E04, 0x1E04, 0x1E04, 0x1E04, 0x1E04, 0x1E04, 0x1E04, 0x1E04, 0x1E04, 0x1E04, 0x1E04, 0x1E04, 0x1E04, 0x1E04, 0x1E04, 
  0x1E04, 0x1E04, 0x1E04, 0x1E04, 0x1E04, 0x1E04, 0x1E04, 0x1E04, 0x1E04, 0x1E04, 0x1E04, 0x1E04, 0x1E04, 0x1E04, 0x1E04, 0x1E04, 
  0x1E04, 0x1E04, 0x1E04, 0x1E04, 0x1E04, 0x1E04, 0x1E04, 0x1E04, 0x1E04, 0x1E04, 0x1E04, 0x1E04, 0x1E04, 0x1E04, 0x1E04, 0x1E04, 
  0x1E04, 0x1E04, 0x1E04, 0x1E04, 0x1E04, 0x1E04, 0x1E04, 0x1E04, 0x1E04, 0x1E04, 0x1E04, 0x1E04, 0x1E04, 0x1E04, 0x1E04, 0x1E04, 
  0x1E04, 0x1E04, 0x1E04, 0x1E04, 0x1E04, 0x1E04, 0x1E04, 0x1E04, 0x1E04, 0x1E04, 0x1E04, 0x1E04, 0x1E04, 0x1E04, 0x1E04, 0x1E04, 
  0x1E04, 0x1E04, 0x1E04, 0x1E04, 0x1E04, 0x1E0C, 0x1E04, 0xFD03, 0x9D44, 0xBDAD, 0x3DCE, 0xFECD, 0x7D9C, 0xDD6A, 0x1F83, 0xFFBB, 
  0xDFBB, 0xF5A1, 0x2A90, 0x4BA0, 0x2CB0, 0x8C98, 0xC978, 0x6A90, 0x8A98, 0x8C98, 0x4969, 0x8D81, 0xBFC3, 0x5F8B, 0xFD72, 0xFFB3, 
  0x77A2, 0x6759, 0xCA88, 0x0BA0, 0x6B88, 0x6BA0, 0x4CA0, 0x2AA8, 0x6BA0, 0x4998, 0xEF90, 0x7DB4, 0xFFFF, 0xFFFF, 0xBECD, 0x7792, 
  0xCA50, 0xD582, 0xD892, 0x7091, 0x2F91, 0x5081, 0xF281, 0x7272, 0x5482, 0xF692, 0x57A3, 0x78A3, 0xF9B3, 0x3ABC, 0x7ABC, 0x99BC, 
  0xBAC4, 0xDDCC, 0x9CC4, 0xBCC4, 0x1BA4, 0x5C93, 0x7CAB, 0xDEBB, 0xFFC3, 0xDDBB, 0x3AAB, 0x55AA, 0x2D69, 0x4742, 0x6759, 0x8C88, 
  0x8C88, 0x74A1, 0x3CA3, 0x7F64, 0x1D2C, 0x3D04, 0x1D04, 0x1E04, 0x1E04, 0x1E0C, 0x1E0C, 0x1E04, 0x3E04, 0x3E04, 0x1D04, 0x1E04, 
  0x1E04, 0x1E04, 0x1E04, 0x1E04, 0x1E04, 0x1E04, 0x1E04, 0x1E04, 0x1E04, 0x1E04, 0x1E04, 0x1E04, 0x1E04, 0x1E04, 0x1E04, 0x1E04, 
  0x1E04, 0x1E04, 0x1E04, 0x1E04, 0x1E04, 0x1E04, 0x1E04, 0x1E04, 0x1E04, 0x1E04, 0x1E04, 0x1E04, 0x1E04, 0x1E04, 0x1E04, 0x1E04, 
  0x1E04, 0x1E04, 0x1E04, 0x1E04, 0x1E04, 0x1E04, 0x1E04, 0x1E04, 0x1E04, 0x1E04, 0x1E04, 0x1E04, 0x1E04, 0x1E04, 0x1E04, 0x1E04, 
  0x1E04, 0x1E04, 0x1E04, 0x1E04, 0x1E04, 0x1E04, 0x1E04, 0x1E04, 0x1E04, 0x1E04, 0x1E04, 0x1E04, 0x1E04, 0x1E04, 0x1E04, 0x3E04, 
  0x1E04, 0x1E04, 0x1E04, 0x1E04, 0x1E04, 0x1E04, 0x1E04, 0x1E04, 0x1E04, 0x1E04, 0x1E04, 0x1E04, 0x1E04, 0x1E04, 0x1E04, 0x1E04, 
  0x1E04, 0x1E04, 0x1E04, 0x1E04, 0x1E04, 0x1E04, 0x1E04, 0x1E04, 0x1E04, 0x1E04, 0x1E04, 0x1E04, 0x1E04, 0x1E04, 0x1E04, 0x1E04, 
  0x1E04, 0x1E04, 0x1E04, 0x1E04, 0x1E04, 0x1E04, 0x1E04, 0x1E04, 0x1E04, 0x1E04, 0x1E04, 0x1E04, 0x1E04, 0x1E04, 0x1E04, 0x1E04, 
  0x1E04, 0x1E04, 0x1E04, 0x1E04, 0x1E04, 0x1E04, 0x1E04, 0x1E04, 0x1E04, 0x1E04, 0x1E04, 0x1E04, 0x1E04, 0x1E04, 0x1E04, 0x1E04, 
  0x1E04, 0x1E04, 0x1E04, 0x1E04, 0x1E04, 0x1E04, 0x1E04, 0x1E04, 0x1E04, 0x1E04, 0x1E04, 0x1E04, 0x1E04, 0x1E04, 0x1E04, 0x1E04, 
  0x1E04, 0x1E04, 0x1E04, 0x3E04, 0x3E04, 0x1D04, 0xDC13, 0x7E7D, 0x7FEF, 0xFFFF, 0xFFFF, 0xFFFF, 0xFFFF, 0xDEC5, 0xDE6A, 0x1E8B, 
  0xDFB3, 0x1FC4, 0x56A2, 0x4A98, 0x8B98, 0x4C88, 0x4B98, 0x6BA8, 0x4A90, 0x4BA0, 0xC970, 0x7AAB, 0x5E9B, 0xBD72, 0xFF7A, 0xFFC3, 
  0xB4A1, 0x8A78, 0x8CA0, 0x8C90, 0x4B80, 0x53C1, 0x10D1, 0x8CA8, 0x2B71, 0x8978, 0xD591, 0x1FD6, 0xFFFF, 0xBFF7, 0x3DB4, 0xB071, 
  0xAD80, 0x9181, 0x0851, 0x6A90, 0x4890, 0x6990, 0xAB80, 0x2A71, 0x4A80, 0xE860, 0x4951, 0xC868, 0xCA88, 0xC980, 0x4B80, 0xEA68, 
  0xAA70, 0xAE80, 0x6F90, 0x8D90, 0xEE88, 0x0E81, 0xCD88, 0xCC88, 0x0E81, 0x53A9, 0x5199, 0xF399, 0xAE71, 0x653A, 0xE949, 0x2B61, 
  0xEC70, 0x2988, 0x8C80, 0x35A2, 0x5E9C, 0x3F6C, 0x1C24, 0x1D04, 0x1E04, 0x3D04, 0x1E04, 0x1E04, 0x1E04, 0x1E04, 0x1D04, 0x1E04, 
  0x1E04, 0x1E04, 0x1E04, 0x1E04, 0x1E04, 0x1E04, 0x1E04, 0x1E04, 0x1E04, 0x1E04, 0x1E04, 0x1E04, 0x1E04, 0x1E04, 0x1E04, 0x1E04, 
  0x1E04, 0x1E04, 0x1E04, 0x1E04, 0x1E04, 0x1E04, 0x1E04, 0x1E04, 0x1E04, 0x1E04, 0x1E04, 0x1E04, 0x1E04, 0x1E04, 0x1E04, 0x1E04, 
  0x1E04, 0x1E04, 0x1E04, 0x1E04, 0x1E04, 0x1E04, 0x1E04, 0x1E04, 0x1E04, 0x1E04, 0x1E04, 0x1E04, 0x1E04, 0x1E04, 0x1E04, 0x1E04, 
  0x1E04, 0x1E04, 0x1E04, 0x1E04, 0x1E04, 0x1E04, 0x1E04, 0x1E04, 0x1E04, 0x1E04, 0x1E04, 0x1E04, 0x1E04, 0x1E04, 0x1E04, 0x3E04, 
  0x1E04, 0x1E04, 0x1E04, 0x1E04, 0x1E04, 0x1E04, 0x1E04, 0x1E04, 0x1E04, 0x1E04, 0x1E04, 0x1E04, 0x1E04, 0x1E04, 0x1E04, 0x1E04, 
  0x1E04, 0x1E04, 0x1E04, 0x1E04, 0x1E04, 0x1E04, 0x1E04, 0x1E04, 0x1E04, 0x1E04, 0x1E04, 0x1E04, 0x1E04, 0x1E04, 0x1E04, 0x1E04, 
  0x1E04, 0x1E04, 0x1E04, 0x1E04, 0x1E04, 0x1E04, 0x1E04, 0x1E04, 0x1E04, 0x1E04, 0x1E04, 0x1E04, 0x1E04, 0x1E04, 0x1E04, 0x1E04, 
  0x1E04, 0x1E04, 0x1E04, 0x1E04, 0x1E04, 0x1E04, 0x1E04, 0x1E04, 0x1E04, 0x1E04, 0x1E04, 0x1E04, 0x1E04, 0x1E04, 0x1E04, 0x1E04, 
  0x1E04, 0x1E04, 0x1E04, 0x1E04, 0x1E04, 0x1E04, 0x1E04, 0x1E04, 0x1E04, 0x1E04, 0x1E04, 0x1E04, 0x1E04, 0x1E04, 0x1E04, 0x1E04, 
  0x1E04, 0x1E04, 0x1E04, 0x1D04, 0x3D0C, 0xFC1B, 0xBD9D, 0xFFFF, 0xFFFF, 0xFEF7, 0xDFFF, 0xDFFF, 0xFFFF, 0xFFFF, 0xFECD, 0xBD6A, 
  0x3E83, 0xBFB3, 0x1FC4, 0x16AA, 0x8B90, 0xCD68, 0xAB70, 0x6B88, 0xE970, 0xA970, 0xD299, 0x7FAB, 0x9CAC, 0x1FCE, 0xFF82, 0xDFC3, 
  0x4F81, 0x8B88, 0x6AA0, 0xED98, 0x8C80, 0xAB80, 0x0CB0, 0x6C90, 0x4959, 0xEA48, 0x1A93, 0x3FEF, 0xFFFF, 0xBFDE, 0xDA9A, 0xAA70, 
  0xCA80, 0x6C80, 0x6B90, 0x4BB0, 0x6BA0, 0x8A90, 0x8979, 0x2B79, 0xAC78, 0xCA70, 0x8A51, 0xEB78, 0x8A90, 0xCA90, 0xAA80, 0x4A71, 
  0x8A98, 0xA978, 0x0971, 0xCA88, 0x4CA0, 0x4D98, 0x8B78, 0xEA78, 0x8A78, 0x6A80, 0x6A78, 0xA870, 0x6A61, 0xEB70, 0xC970, 0x6B61, 
  0xC959, 0x4969, 0xAB80, 0x6A78, 0xEF79, 0xDEC3, 0x1FA4, 0x1E64, 0x3E24, 0x1D04, 0x3D04, 0x1E04, 0xFE0B, 0x1D0C, 0x3D04, 0x1E04, 
  0x1E04, 0x1E04, 0x1E04, 0x1E04, 0x1E04, 0x1E04, 0x1E04, 0x1E04, 0x1E04, 0x1E04, 0x1E04, 0x1E04, 0x1E04, 0x1E04, 0x1E04, 0x1E04, 
  0x1E04, 0x1E04, 0x1E04, 0x1E04, 0x1E04, 0x1E04, 0x1E04, 0x1E04, 0x1E04, 0x1E04, 0x1E04, 0x1E04, 0x1E04, 0x1E04, 0x1E04, 0x1E04, 
  0x1E04, 0x1E04, 0x1E04, 0x1E04, 0x1E04, 0x1E04, 0x1E04, 0x1E04, 0x1E04, 0x1E04, 0x1E04, 0x1E04, 0x1E04, 0x1E04, 0x1E04, 0x1E04, 
  0x1E04, 0x1E04, 0x1E04, 0x1E04, 0x1E04, 0x1E04, 0x1E04, 0x1E04, 0x1E04, 0x1E04, 0x1E04, 0x1E04, 0x1E04, 0x1E04, 0x1E04, 0x3E04, 
  0x1E04, 0x1E04, 0x1E04, 0x1E04, 0x1E04, 0x1E04, 0x1E04, 0x1E04, 0x1E04, 0x1E04, 0x1E04, 0x1E04, 0x1E04, 0x1E04, 0x1E04, 0x1E04, 
  0x1E04, 0x1E04, 0x1E04, 0x1E04, 0x1E04, 0x1E04, 0x1E04, 0x1E04, 0x1E04, 0x1E04, 0x1E04, 0x1E04, 0x1E04, 0x1E04, 0x1E04, 0x1E04, 
  0x1E04, 0x1E04, 0x1E04, 0x1E04, 0x1E04, 0x1E04, 0x1E04, 0x1E04, 0x1E04, 0x1E04, 0x1E04, 0x1E04, 0x1E04, 0x1E04, 0x1E04, 0x1E04, 
  0x1E04, 0x1E04, 0x1E04, 0x1E04, 0x1E04, 0x1E04, 0x1E04, 0x1E04, 0x1E04, 0x1E04, 0x1E04, 0x1E04, 0x1E04, 0x1E04, 0x1E04, 0x1E04, 
  0x1E04, 0x1E04, 0x1E04, 0x1E04, 0x1E04, 0x1E04, 0x1E04, 0x1E04, 0x1E04, 0x1E04, 0x1E04, 0x1E04, 0x1E04, 0x1E04, 0x1E04, 0x1E04, 
  0x1D04, 0x3D04, 0x1E04, 0x1E0C, 0x9D43, 0x9DA5, 0xFFFF, 0xFFFF, 0xDEFF, 0xFFFF, 0xFFFF, 0xFFFF, 0xFFFF, 0xDFFF, 0xFFFF, 0x7DBD, 
  0xBD6A, 0x1F8B, 0xDFB3, 0x9EBB, 0xCE90, 0x6A80, 0x8B80, 0x6B90, 0x8A90, 0x8A90, 0x1DB3, 0xDD93, 0xBFF7, 0xBEDE, 0x3E8B, 0x3CCB, 
  0x6C98, 0x0B69, 0xEB78, 0x8A98, 0xCA80, 0xCB80, 0x8B98, 0x8B98, 0x4A90, 0x2E79, 0x9EAC, 0xFFFF, 0xFFFF, 0x3EB5, 0xF481, 0x8B98, 
  0xCB70, 0xCA78, 0xAB90, 0x0971, 0x4961, 0xC761, 0x6861, 0x4A61, 0xE849, 0xAB70, 0x0B71, 0xCB78, 0xEB78, 0x2A71, 0x2971, 0x0A71, 
  0x2BA8, 0x6C98, 0x8A88, 0xCA80, 0x4C90, 0x2CA0, 0x8A88, 0x0A71, 0xEA90, 0xEA60, 0x2B69, 0xEB70, 0xEA70, 0x6D90, 0x2B90, 0x0A71, 
  0xCB88, 0x6A90, 0xAB80, 0x2A61, 0x6851, 0xD291, 0x1FC4, 0xFFBB, 0xFF9B, 0x1F54, 0x1D1C, 0x3D04, 0x1E04, 0x1E0C, 0x3D04, 0x1E04, 
  0x1E04, 0x1E04, 0x1E04, 0x3E04, 0x1D04, 0x1E04, 0x1E04, 0x1E04, 0x1E04, 0x1E04, 0x1E04, 0x1E04, 0x1E04, 0x1E04, 0x1E04, 0x1E04, 
  0x1E04, 0x1E04, 0x1E04, 0x1E04, 0x1E04, 0x1E04, 0x1E04, 0x1E04, 0x1E04, 0x1E04, 0x1E04, 0x1E04, 0x1E04, 0x1E04, 0x1E04, 0x1E04, 
  0x1E04, 0x1E04, 0x1E04, 0x1E04, 0x1E04, 0x1E04, 0x1E04, 0x1E04, 0x1E04, 0x1E04, 0x1E04, 0x1E04, 0x1E04, 0x1E04, 0x1E04, 0x1E04, 
  0x1E04, 0x1E04, 0x1E04, 0x1E04, 0x1E04, 0x1E04, 0x1E04, 0x1E04, 0x1E04, 0x1E04, 0x1E04, 0x1E04, 0x1E04, 0x1E04, 0x1E04, 0x3E04, 
  0x1E04, 0x1E04, 0x1E04, 0x1E04, 0x1E04, 0x1E04, 0x1E04, 0x1E04, 0x1E04, 0x1E04, 0x1E04, 0x1E04, 0x1E04, 0x1E04, 0x1E04, 0x1E04, 
  0x1E04, 0x1E04, 0x1E04, 0x1E04, 0x1E04, 0x1E04, 0x1E04, 0x1E04, 0x1E04, 0x1E04, 0x1E04, 0x1E04, 0x1E04, 0x1E04, 0x1E04, 0x1E04, 
  0x1E04, 0x1E04, 0x1E04, 0x1E04, 0x1E04, 0x1E04, 0x1E04, 0x1E04, 0x1E04, 0x1E04, 0x1E04, 0x1E04, 0x1E04, 0x1E04, 0x1E04, 0x1E04, 
  0x1E04, 0x1E04, 0x1E04, 0x1E04, 0x1E04, 0x1E04, 0x1E04, 0x1E04, 0x1E04, 0x1E04, 0x1E04, 0x1E04, 0x1E04, 0x1E04, 0x1E04, 0x1E04, 
  0x1E04, 0x1E04, 0x1E04, 0x1E04, 0x1E04, 0x1E04, 0x1E04, 0x1E04, 0x1E04, 0x1E04, 0x1E04, 0x1E04, 0x1E04, 0x1E04, 0x1E04, 0x3E04, 
  0x3E04, 0x3C04, 0x3E1C, 0x9D43, 0xDDA4, 0xFFFF, 0xFEFF, 0xFFFF, 0xFFFF, 0xFFFF, 0xFFFF, 0xFFFF, 0xFFFF, 0xFFFF, 0xFFFF, 0xFFFF, 
  0x3D9C, 0xBE62, 0x5E93, 0xFFC3, 0xD591, 0x4A80, 0x4C88, 0x6B88, 0x0AB0, 0x94B1, 0x5E9B, 0xDDC5, 0xFFFF, 0x9DBD, 0x5F9B, 0x35B2, 
  0x8A80, 0xAA78, 0xEC68, 0x6C80, 0x4B90, 0x8A88, 0xE970, 0xCA98, 0x0BA8, 0xD391, 0x3ECE, 0xFFFF, 0x5FF7, 0xBDAB, 0x5091, 0xCB88, 
  0xAB78, 0xCA78, 0x6951, 0x073A, 0xA949, 0xE949, 0xEA60, 0xCB51, 0x6861, 0x2961, 0x2969, 0xEA68, 0xCD90, 0x6B98, 0x0A71, 0x2B71, 
  0xCC78, 0x8C88, 0x8B80, 0x4A51, 0xEB80, 0x0DA0, 0x6C90, 0xCB78, 0x0B69, 0x6A59, 0xCA78, 0x6B88, 0x4A80, 0x6A88, 0xEC68, 0x0A61, 
  0x2BA0, 0x2BA8, 0xE970, 0xEB78, 0xAB90, 0x6A90, 0xFABA, 0x1FBC, 0xDFB3, 0x9F9B, 0x3E6B, 0xFF3B, 0x1E0C, 0x1D04, 0x1E04, 0x1E04, 
  0x1E04, 0x1E04, 0x1E04, 0x3D04, 0x3D04, 0x1E04, 0x1E04, 0x1E04, 0x1E04, 0x1E04, 0x1E04, 0x1E04, 0x1E04, 0x1E04, 0x1E04, 0x1E04, 
  0x1E04, 0x1E04, 0x1E04, 0x1E04, 0x1E04, 0x1E04, 0x1E04, 0x1E04, 0x1E04, 0x1E04, 0x1E04, 0x1E04, 0x1E04, 0x1E04, 0x1E04, 0x1E04, 
  0x1E04, 0x1E04, 0x1E04, 0x1E04, 0x1E04, 0x1E04, 0x1E04, 0x1E04, 0x1E04, 0x1E04, 0x1E04, 0x1E04, 0x1E04, 0x1E04, 0x1E04, 0x1E04, 
  0x1E04, 0x1E04, 0x1E04, 0x1E04, 0x1E04, 0x1E04, 0x1E04, 0x1E04, 0x1E04, 0x1E04, 0x1E04, 0x1E04, 0x1E04, 0x1E04, 0x1E04, 0x3E04, 
  0x1E04, 0x1E04, 0x1E04, 0x1E04, 0x1E04, 0x1E04, 0x1E04, 0x1E04, 0x1E04, 0x1E04, 0x1E04, 0x1E04, 0x1E04, 0x1E04, 0x1E04, 0x1E04, 
  0x1E04, 0x1E04, 0x1E04, 0x1E04, 0x1E04, 0x1E04, 0x1E04, 0x1E04, 0x1E04, 0x1E04, 0x1E04, 0x1E04, 0x1E04, 0x1E04, 0x1E04, 0x1E04, 
  0x1E04, 0x1E04, 0x1E04, 0x1E04, 0x1E04, 0x1E04, 0x1E04, 0x1E04, 0x1E04, 0x1E04, 0x1E04, 0x1E04, 0x1E04, 0x1E04, 0x1E04, 0x1E04, 
  0x1E04, 0x1E04, 0x1E04, 0x1E04, 0x1E04, 0x1E04, 0x1E04, 0x1E04, 0x1E04, 0x1E04, 0x1E04, 0x1E04, 0x1E04, 0x1E04, 0x1E04, 0x1E04, 
  0x1E04, 0x1E04, 0x1E04, 0x1E04, 0x1E04, 0x1E04, 0x1E04, 0x1E04, 0x1E04, 0x1E04, 0x1E04, 0x1E04, 0x1E04, 0x3E04, 0x3D04, 0x1E04, 
  0xFE03, 0x3D14, 0xBE4B, 0xFC93, 0xBFFF, 0xFEFF, 0xFFFF, 0xFFFF, 0xFFFF, 0xFFFF, 0xFFFF, 0xFFFF, 0xFFFF, 0xFFFF, 0xDFFF, 0xFFFF, 
  0xDFE6, 0xDE72, 0xFE82, 0xFFBB, 0xF9AA, 0xAA78, 0x8B80, 0x6A98, 0x6CA8, 0xDCBA, 0xFE9B, 0xBFF7, 0xFFFF, 0x9DA4, 0x7FAB, 0x2FA1, 
  0x8978, 0xEB80, 0xEA68, 0x2C71, 0x4DA8, 0x6B88, 0x4B98, 0x6BA0, 0x8DA0, 0x199B, 0x3FEF, 0xFFFF, 0x3ED6, 0xBB9A, 0x8DB0, 0x8B90, 
  0xAA80, 0xC980, 0xC849, 0xA751, 0x2A69, 0x4959, 0xA941, 0xCB80, 0x0979, 0xA978, 0x0B79, 0x4971, 0xA869, 0xC988, 0xCB90, 0xA951, 
  0x4951, 0x6C98, 0x2B71, 0x2A69, 0x6A98, 0xAC80, 0xCC70, 0x6B80, 0x8C78, 0x8A88, 0x6B90, 0xE970, 0x0A69, 0x6A90, 0xAB70, 0x6D98, 
  0x0B98, 0x0BA8, 0xCB90, 0x2869, 0xEC98, 0xCCA0, 0xF098, 0xBFC3, 0xFFB3, 0xFFB3, 0x3F9B, 0xFE72, 0xBE5B, 0x1D2C, 0x3D04, 0x1D04, 
  0x1D04, 0x3E04, 0x3E04, 0x1D04, 0x3D04, 0x1E04, 0x1E04, 0x1E04, 0x1E04, 0x1E04, 0x1E04, 0x1E04, 0x1E04, 0x1E04, 0x1E04, 0x1E04, 
  0x1E04, 0x1E04, 0x1E04, 0x1E04, 0x1E04, 0x1E04, 0x1E04, 0x1E04, 0x1E04, 0x1E04, 0x1E04, 0x1E04, 0x1E04, 0x1E04, 0x1E04, 0x1E04, 
  0x1E04, 0x1E04, 0x1E04, 0x1E04, 0x1E04, 0x1E04, 0x1E04, 0x1E04, 0x1E04, 0x1E04, 0x1E04, 0x1E04, 0x1E04, 0x1E04, 0x1E04, 0x1E04, 
  0x1E04, 0x1E04, 0x1E04, 0x1E04, 0x1E04, 0x1E04, 0x1E04, 0x1E04, 0x1E04, 0x1E04, 0x1E04, 0x1E04, 0x1E04, 0x1E04, 0x1E04, 0x3E04, 
  0x1E04, 0x1E04, 0x1E04, 0x1E04, 0x1E04, 0x1E04, 0x1E04, 0x1E04, 0x1E04, 0x1E04, 0x1E04, 0x1E04, 0x1E04, 0x1E04, 0x1E04, 0x1E04, 
  0x1E04, 0x1E04, 0x1E04, 0x1E04, 0x1E04, 0x1E04, 0x1E04, 0x1E04, 0x1E04, 0x1E04, 0x1E04, 0x1E04, 0x1E04, 0x1E04, 0x1E04, 0x1E04, 
  0x1E04, 0x1E04, 0x1E04, 0x1E04, 0x1E04, 0x1E04, 0x1E04, 0x1E04, 0x1E04, 0x1E04, 0x1E04, 0x1E04, 0x1E04, 0x1E04, 0x1E04, 0x1E04, 
  0x1E04, 0x1E04, 0x1E04, 0x1E04, 0x1E04, 0x1E04, 0x1E04, 0x1E04, 0x1E04, 0x1E04, 0x1E04, 0x1E04, 0x1E04, 0x1E04, 0x1E04, 0x1E04, 
  0x1E04, 0x1E04, 0x1E04, 0x1E04, 0x1E04, 0x1E04, 0x1E04, 0x1E04, 0x1E04, 0x1E04, 0x1E04, 0x1E04, 0x1E04, 0x1D04, 0x3D04, 0xFE03, 
  0x1D1C, 0x1F6C, 0x5E7B, 0x1FEF, 0xFEFF, 0xDFFF, 0xFFFF, 0xFFFF, 0xFFFF, 0xFFFF, 0xFFFF, 0xFFFF, 0xFFFF, 0xFFFF, 0xFFFF, 0xFFFF, 
  0xDFFF, 0xFD93, 0xBE72, 0xFFAB, 0x19B3, 0x2CA0, 0x4CA0, 0x2A98, 0x9291, 0x7EAB, 0x5DBD, 0xFFFF, 0x3EEF, 0xBE9B, 0x1AB3, 0x4B90, 
  0x4BA8, 0x8C98, 0xCA88, 0xE970, 0x8B88, 0x4B98, 0xAA88, 0x2A51, 0x4F69, 0x7DBC, 0xDFFF, 0xFFFF, 0xDEAC, 0x179A, 0x29A0, 0x6D98, 
  0x6C78, 0x4A69, 0xEB80, 0x8B80, 0xAB80, 0x0871, 0xE749, 0xC841, 0x0832, 0x0971, 0xCC70, 0x0A69, 0x4869, 0xEA78, 0x6C88, 0x4A61, 
  0xEA78, 0x4BA0, 0x6A51, 0x6959, 0xE980, 0xAB80, 0x6B80, 0xAD88, 0x6B98, 0x0B98, 0x2CA0, 0x0852, 0xC851, 0x6BA0, 0x0BA0, 0x4CA8, 
  0x2CB0, 0x4CA8, 0x8AA0, 0x4C91, 0xB2A9, 0x4A69, 0x8749, 0x36A2, 0x3FC4, 0xDEC3, 0xDFBB, 0x3E7B, 0xDF7A, 0x1F73, 0xDF43, 0x1E1C, 
  0x1D04, 0x3D04, 0x1E04, 0x1E04, 0x1E04, 0x1E04, 0x1E04, 0x1E04, 0x1E04, 0x1E04, 0x1E04, 0x1E04, 0x1E04, 0x1E04, 0x1E04, 0x1E04, 
  0x1E04, 0x1E04, 0x1E04, 0x1E04, 0x1E04, 0x1E04, 0x1E04, 0x1E04, 0x1E04, 0x1E04, 0x1E04, 0x1E04, 0x1E04, 0x1E04, 0x1E04, 0x1E04, 
  0x1E04, 0x1E04, 0x1E04, 0x1E04, 0x1E04, 0x1E04, 0x1E04, 0x1E04, 0x1E04, 0x1E04, 0x1E04, 0x1E04, 0x1E04, 0x1E04, 0x1E04, 0x1E04, 
  0x1E04, 0x1E04, 0x1E04, 0x1E04, 0x1E04, 0x1E04, 0x1E04, 0x1E04, 0x1E04, 0x1E04, 0x1E04, 0x1E04, 0x1E04, 0x1E04, 0x1E04, 0x3E04, 
  0x1E04, 0x1E04, 0x1E04, 0x1E04, 0x1E04, 0x1E04, 0x1E04, 0x1E04, 0x1E04, 0x1E04, 0x1E04, 0x1E04, 0x1E04, 0x1E04, 0x1E04, 0x1E04, 
  0x1E04, 0x1E04, 0x1E04, 0x1E04, 0x1E04, 0x1E04, 0x1E04, 0x1E04, 0x1E04, 0x1E04, 0x1E04, 0x1E04, 0x1E04, 0x1E04, 0x1E04, 0x1E04, 
  0x1E04, 0x1E04, 0x1E04, 0x1E04, 0x1E04, 0x1E04, 0x1E04, 0x1E04, 0x1E04, 0x1E04, 0x1E04, 0x1E04, 0x1E04, 0x1E04, 0x1E04, 0x1E04, 
  0x1E04, 0x1E04, 0x1E04, 0x1E04, 0x1E04, 0x1E04, 0x1E04, 0x1E04, 0x1E04, 0x1E04, 0x1E04, 0x1E04, 0x1E04, 0x1E04, 0x1E04, 0x1E04, 
  0x1E04, 0x1E04, 0x1E04, 0x1E04, 0x1E04, 0x1E04, 0x1E04, 0x1E04, 0x1E04, 0x1E04, 0x1E04, 0x1E04, 0x1E04, 0x1E04, 0x1E04, 0x1D0C, 
  0x3E74, 0xFE82, 0x7EBD, 0xFFFF, 0xFFFF, 0xFFFF, 0xFFFF, 0xFFFF, 0xFFFF, 0xFFFF, 0xFFFF, 0xFFFF, 0xFFFF, 0xFFFF, 0xFFFF, 0xFFFF, 
  0xFFFF, 0xBCA4, 0xBE62, 0xFFB3, 0x19AB, 0x4A78, 0x4B90, 0x2B78, 0xB9AA, 0x9F9B, 0xDEEE, 0xFFFF, 0xDDCD, 0x7FAB, 0x9492, 0xA860, 
  0x6C90, 0xAA80, 0x0969, 0x8859, 0x0A71, 0xEB70, 0x6859, 0xA970, 0xD589, 0x1ECE, 0xFFFF, 0x1EEF, 0xDD9B, 0xD179, 0x2878, 0x4C98, 
  0xCA68, 0xE970, 0x8878, 0x8978, 0x6A88, 0x6A90, 0x6859, 0xC841, 0xE741, 0x6969, 0x0B71, 0xEB78, 0x4C88, 0xAB88, 0xAB80, 0x0969, 
  0x0B81, 0x2BA0, 0xAB58, 0x8C51, 0xAB88, 0x69A0, 0x6B98, 0x6D88, 0x4C69, 0x4A51, 0xAC88, 0x4969, 0xCA78, 0xAA90, 0x2BA0, 0x8BA0, 
  0x4BA8, 0x8B90, 0x0771, 0xEEB0, 0x1099, 0xCB70, 0x6969, 0x2C89, 0xDAB2, 0x1FC4, 0xDFBB, 0xBFB3, 0x1F8B, 0xDF72, 0xFF72, 0x7F63, 
  0xFE2B, 0x1D04, 0x1D04, 0x3E04, 0x1E04, 0x1E04, 0x1E04, 0x1E04, 0x1E04, 0x1E04, 0x1E04, 0x1E04, 0x1E04, 0x1E04, 0x1E04, 0x1E04, 
  0x1E04, 0x1E04, 0x1E04, 0x1E04, 0x1E04, 0x1E04, 0x1E04, 0x1E04, 0x1E04, 0x1E04, 0x1E04, 0x1E04, 0x1E04, 0x1E04, 0x1E04, 0x1E04, 
  0x1E04, 0x1E04, 0x1E04, 0x1E04, 0x1E04, 0x1E04, 0x1E04, 0x1E04, 0x1E04, 0x1E04, 0x1E04, 0x1E04, 0x1E04, 0x1E04, 0x1E04, 0x1E04, 
  0x1E04, 0x1E04, 0x1E04, 0x1E04, 0x1E04, 0x1E04, 0x1E04, 0x1E04, 0x1E04, 0x1E04, 0x1E04, 0x1E04, 0x1E04, 0x1E04, 0x1E04, 0x3E04, 
  0x1E04, 0x1E04, 0x1E04, 0x1E04, 0x1E04, 0x1E04, 0x1E04, 0x1E04, 0x1E04, 0x1E04, 0x1E04, 0x1E04, 0x1E04, 0x1E04, 0x1E04, 0x1E04, 
  0x1E04, 0x1E04, 0x1E04, 0x1E04, 0x1E04, 0x1E04, 0x1E04, 0x1E04, 0x1E04, 0x1E04, 0x1E04, 0x1E04, 0x1E04, 0x1E04, 0x1E04, 0x1E04, 
  0x1E04, 0x1E04, 0x1E04, 0x1E04, 0x1E04, 0x1E04, 0x1E04, 0x1E04, 0x1E04, 0x1E04, 0x1E04, 0x1E04, 0x1E04, 0x1E04, 0x1E04, 0x1E04, 
  0x1E04, 0x1E04, 0x1E04, 0x1E04, 0x1E04, 0x1E04, 0x1E04, 0x1E04, 0x1E04, 0x1E04, 0x1E04, 0x1E04, 0x1E04, 0x1E04, 0x1E04, 0x1E04, 
  0x1E04, 0x1E04, 0x1E04, 0x1E04, 0x1E04, 0x1E04, 0x1E04, 0x1E04, 0x1E04, 0x1E04, 0x1E04, 0x1E04, 0x1E04, 0x1E04, 0x1D14, 0x5F74, 
  0x7FA3, 0x7C83, 0xBFF7, 0xFFFF, 0xFFFF, 0xFFFF, 0xFEFF, 0xFFFF, 0xFFFF, 0xFFFF, 0xFFFF, 0xFFFF, 0xFFFF, 0xFFFF, 0xFFFF, 0xFFFF, 
  0xDFFF, 0xDD8B, 0xDE7A, 0xFFBB, 0x7592, 0x4990, 0x8C78, 0x6D69, 0x5EB3, 0x5E9C, 0xDFFF, 0xFFFF, 0x9D9C, 0x9EAB, 0x51A1, 0x6BA0, 
  0xEA70, 0x2869, 0xEA70, 0x0A61, 0xCA70, 0x6A88, 0x6A90, 0x6B90, 0xD9A2, 0x5FE7, 0xFFFF, 0xDECD, 0x3CA3, 0xED61, 0xEA39, 0x8A80, 
  0xE978, 0x4A61, 0x70A1, 0x0E91, 0x6B88, 0x0B71, 0xA851, 0x2B69, 0xAB78, 0xEB78, 0x8D90, 0x2B90, 0x2BA0, 0x4B90, 0xA988, 0xCA78, 
  0x8A88, 0x8B88, 0x4CA0, 0xEC88, 0xEB80, 0x8AA0, 0x8B90, 0x8B80, 0x0C59, 0xE941, 0x2842, 0xEB78, 0x8B88, 0x0A71, 0x6B90, 0xAA78, 
  0xCC78, 0xCB80, 0x4971, 0x6A90, 0xAA78, 0xAC78, 0x8B78, 0xF199, 0x0F89, 0xB692, 0x1EBC, 0xDFB3, 0xFFAB, 0x3E83, 0xFF72, 0xDF7A, 
  0xFF72, 0xDF43, 0x5E14, 0x1D04, 0x1E0C, 0x1E04, 0x1E04, 0x1E04, 0x1E04, 0x1E04, 0x1E04, 0x1E04, 0x1E04, 0x1E04, 0x1E04, 0x1E04, 
  0x1E04, 0x1E04, 0x1E04, 0x1E04, 0x1E04, 0x1E04, 0x1E04, 0x1E04, 0x1E04, 0x1E04, 0x1E04, 0x1E04, 0x1E04, 0x1E04, 0x1E04, 0x1E04, 
  0x1E04, 0x1E04, 0x1E04, 0x1E04, 0x1E04, 0x1E04, 0x1E04, 0x1E04, 0x1E04, 0x1E04, 0x1E04, 0x1E04, 0x1E04, 0x1E04, 0x1E04, 0x1E04, 
  0x1E04, 0x1E04, 0x1E04, 0x1E04, 0x1E04, 0x1E04, 0x1E04, 0x1E04, 0x1E04, 0x1E04, 0x1E04, 0x1E04, 0x1E04, 0x1E04, 0x1E04, 0x3E04, 
  0x1E04, 0x1E04, 0x1E04, 0x1E04, 0x1E04, 0x1E04, 0x1E04, 0x1E04, 0x1E04, 0x1E04, 0x1E04, 0x1E04, 0x1E04, 0x1E04, 0x1E04, 0x1E04, 
  0x1E04, 0x1E04, 0x1E04, 0x1E04, 0x1E04, 0x1E04, 0x1E04, 0x1E04, 0x1E04, 0x1E04, 0x1E04, 0x1E04, 0x1E04, 0x1E04, 0x1E04, 0x1E04, 
  0x1E04, 0x1E04, 0x1E04, 0x1E04, 0x1E04, 0x1E04, 0x1E04, 0x1E04, 0x1E04, 0x1E04, 0x1E04, 0x1E04, 0x1E04, 0x1E04, 0x1E04, 0x1E04, 
  0x1E04, 0x1E04, 0x1E04, 0x1E04, 0x1E04, 0x1E04, 0x1E04, 0x1E04, 0x1E04, 0x1E04, 0x1E04, 0x1E04, 0x1E04, 0x1E04, 0x1E04, 0x1E04, 
  0x1E04, 0x1E04, 0x1E04, 0x1E04, 0x1E04, 0x1E04, 0x1E04, 0x1E04, 0x1D04, 0x1D04, 0x1E04, 0x1E04, 0x1E04, 0xFD0B, 0x3F6C, 0x1FBC, 
  0xFE82, 0x1DAD, 0xFFFF, 0xFFFF, 0xFFFF, 0xFFFF, 0xFFFF, 0xFFFF, 0xFFFF, 0xFFFF, 0xFFFF, 0xFFFF, 0xFFFF, 0xFFFF, 0xFFFF, 0xFFFF, 
  0xBEDE, 0xBE72, 0x5F9B, 0x1FBC, 0x7299, 0x0BA0, 0x0B98, 0xB299, 0x7FAB, 0x5DB5, 0xFFFF, 0xFEE6, 0xBE93, 0x1BB3, 0x4C78, 0x4B98, 
  0x0961, 0xCA78, 0x4CA0, 0x8B90, 0x2A98, 0x2D98, 0x2B90, 0xCF88, 0x7CB4, 0xDFFF, 0xFFFF, 0x9DAC, 0x1CA3, 0xAB80, 0xCB68, 0x8B90, 
  0x0A71, 0x0B69, 0x73B9, 0x8D98, 0x8A90, 0xEC80, 0xCA80, 0x6BB0, 0x8B70, 0xCC68, 0xCB80, 0xAA88, 0x2D98, 0x2CA0, 0x4BA8, 0x8B98, 
  0x8B88, 0x4B90, 0x2CA8, 0x8BA0, 0x8FA9, 0xAB90, 0x8B78, 0x0B79, 0x8C78, 0x6C88, 0xC978, 0x0A69, 0x2A69, 0xAA80, 0x4B90, 0x4C90, 
  0x4D88, 0xAA80, 0x8A61, 0xAC80, 0x8B70, 0xCA78, 0xEB70, 0xAA70, 0x0A69, 0xC841, 0x1392, 0x7EC3, 0xFFB3, 0xDFB3, 0x3F8B, 0xFF72, 
  0xFF7A, 0xFF72, 0x9F5B, 0xFE23, 0x1D04, 0x3E04, 0x1D04, 0x1D04, 0x1E04, 0x1E04, 0x3D04, 0x1E04, 0x1E04, 0x1E04, 0x1E04, 0x1E04, 
  0x1E04, 0x1E04, 0x1E04, 0x1E04, 0x1E04, 0x1E04, 0x1E04, 0x1E04, 0x1E04, 0x1E04, 0x1E04, 0x1E04, 0x1E04, 0x1E04, 0x1E04, 0x1E04, 
  0x1E04, 0x1E04, 0x1E04, 0x1E04, 0x1E04, 0x1E04, 0x1E04, 0x1E04, 0x1E04, 0x1E04, 0x1E04, 0x1E04, 0x1E04, 0x1E04, 0x1E04, 0x1E04, 
  0x1E04, 0x1E04, 0x1E04, 0x1E04, 0x1E04, 0x1E04, 0x1E04, 0x1E04, 0x1E04, 0x1E04, 0x1E04, 0x1E04, 0x1E04, 0x1E04, 0x1E04, 0x3E04, 
  0x1E04, 0x1E04, 0x1E04, 0x1E04, 0x1E04, 0x1E04, 0x1E04, 0x1E04, 0x1E04, 0x1E04, 0x1E04, 0x1E04, 0x1E04, 0x1E04, 0x1E04, 0x1E04, 
  0x1E04, 0x1E04, 0x1E04, 0x1E04, 0x1E04, 0x1E04, 0x1E04, 0x1E04, 0x1E04, 0x1E04, 0x1E04, 0x1E04, 0x1E04, 0x1E04, 0x1E04, 0x1E04, 
  0x1E04, 0x1E04, 0x1E04, 0x1E04, 0x1E04, 0x1E04, 0x1E04, 0x1E04, 0x1E04, 0x1E04, 0x1E04, 0x1E04, 0x1E04, 0x1E04, 0x1E04, 0x1E04, 
  0x1E04, 0x1E04, 0x1E04, 0x1E04, 0x1E04, 0x1E04, 0x1E04, 0x1E04, 0x1E04, 0x1E04, 0x1E04, 0x1E04, 0x1E04, 0x1E04, 0x1E04, 0x1E04, 
  0x1E04, 0x1E04, 0x1E04, 0x1E04, 0x1E04, 0x1E04, 0x1E04, 0x1E04, 0x1D04, 0x3D04, 0x1E04, 0x1E04, 0x1D04, 0x3E54, 0xFFAB, 0xFFB3, 
  0xFD7A, 0x7ED6, 0xFFFF, 0xFFFF, 0xFFFF, 0xFFFF, 0xFFFF, 0xFFFF, 0xFFFF, 0xFFFF, 0xFFFF, 0xFFFF, 0xFFFF, 0xDFFF, 0xFFFF, 0x9FF7, 
  0xDD83, 0xBE7A, 0xDFB3, 0x7DB3, 0x8C80, 0x6B88, 0x0C98, 0x58B2, 0x9E9B, 0x5ECE, 0xFFFF, 0x9DBD, 0x9E9B, 0xF6B9, 0x2A90, 0x4C98, 
  0x4B90, 0x6C98, 0x8C90, 0x8C88, 0x6BA0, 0x4C98, 0xAB60, 0xB589, 0xFFD5, 0xFFFF, 0x1EE7, 0x9D9B, 0xFBAA, 0x4A90, 0x0BC0, 0x4EB8, 
  0xEA70, 0x2959, 0x4A69, 0x8978, 0x2B90, 0x6B80, 0x4B90, 0x2CB8, 0x6B88, 0xAB60, 0xCB80, 0x6A71, 0x0B69, 0xEB78, 0x2971, 0x8A90, 
  0x8A90, 0xAA70, 0xAFA0, 0x4DA8, 0x8B80, 0x2B61, 0x2969, 0x8B88, 0xEA68, 0xEB78, 0x0CB0, 0xEA70, 0x6961, 0xA980, 0x0FA9, 0x8C98, 
  0x8C90, 0xEB80, 0x2A61, 0xAC70, 0xCB70, 0xE978, 0x6C80, 0x6B80, 0xAB70, 0x4A51, 0xCA78, 0xD0A8, 0x1BB3, 0xDFBB, 0xFFB3, 0x5E8B, 
  0xFF72, 0xFF72, 0xDF7A, 0x7F6B, 0x5E34, 0x1D04, 0x3D04, 0x1E04, 0x1E04, 0x1E04, 0x3D04, 0x1D04, 0x1E04, 0x1E04, 0x1E04, 0x1E04, 
  0x1E04, 0x1E04, 0x1E04, 0x1E04, 0x1E04, 0x1E04, 0x1E04, 0x1E04, 0x1E04, 0x1E04, 0x1E04, 0x1E04, 0x1E04, 0x1E04, 0x1E04, 0x1E04, 
  0x1E04, 0x1E04, 0x1E04, 0x1E04, 0x1E04, 0x1E04, 0x1E04, 0x1E04, 0x1E04, 0x1E04, 0x1E04, 0x1E04, 0x1E04, 0x1E04, 0x1E04, 0x1E04, 
  0x1E04, 0x1E04, 0x1E04, 0x1E04, 0x1E04, 0x1E04, 0x1E04, 0x1E04, 0x1E04, 0x1E04, 0x1E04, 0x1E04, 0x1E04, 0x1E04, 0x1E04, 0x3E04, 
  0x1E04, 0x1E04, 0x1E04, 0x1E04, 0x1E04, 0x1E04, 0x1E04, 0x1E04, 0x1E04, 0x1E04, 0x1E04, 0x1E04, 0x1E04, 0x1E04, 0x1E04, 0x1E04, 
  0x1E04, 0x1E04, 0x1E04, 0x1E04, 0x1E04, 0x1E04, 0x1E04, 0x1E04, 0x1E04, 0x1E04, 0x1E04, 0x1E04, 0x1E04, 0x1E04, 0x1E04, 0x1E04, 
  0x1E04, 0x1E04, 0x1E04, 0x1E04, 0x1E04, 0x1E04, 0x1E04, 0x1E04, 0x1E04, 0x1E04, 0x1E04, 0x1E04, 0x1E04, 0x1E04, 0x1E04, 0x1E04, 
  0x1E04, 0x1E04, 0x1E04, 0x1E04, 0x1E04, 0x1E04, 0x1E04, 0x1E04, 0x1E04, 0x1E04, 0x1E04, 0x1E04, 0x1E04, 0x1E04, 0x1E04, 0x1E04, 
  0x1E04, 0x1E04, 0x1E04, 0x1E04, 0x1E04, 0x1E04, 0x1E04, 0x1E04, 0x3E04, 0x3D04, 0x1D0C, 0x1D04, 0x3E44, 0x1FB4, 0xDFBB, 0xBFB3, 
  0xFD7A, 0xFFDE, 0xFFFF, 0xFFFF, 0xFFFF, 0xFFFF, 0xFFFF, 0xFFFF, 0xFFFF, 0xFFFF, 0xFFFF, 0xFFFF, 0xFFFF, 0xFEFF, 0xDFFF, 0x3D9C, 
  0x9F6A, 0x9FAB, 0x3FBC, 0x149A, 0xE868, 0x8869, 0x6B80, 0xDCB2, 0xDD9B, 0x9FF7, 0xDFFF, 0x1CA4, 0x5EB3, 0xCB69, 0xCA78, 0x6D88, 
  0x4C88, 0xAB90, 0x4B88, 0x6B98, 0x8BB0, 0x8EB0, 0xCC88, 0x3993, 0x3FF7, 0xFFFF, 0xBDBD, 0x7F9B, 0x57B2, 0x0A98, 0x8B98, 0x2C71, 
  0xA849, 0x082A, 0xC741, 0xCB80, 0xADA8, 0x8A80, 0xCC70, 0x4C90, 0x8CB0, 0xCB98, 0x8C90, 0x0A79, 0xCA70, 0x8951, 0x8A51, 0x6A80, 
  0x8998, 0xC978, 0x4A79, 0x0A79, 0xEA68, 0x0C79, 0xA990, 0x2CB0, 0x8B90, 0x0B81, 0xAD98, 0x4B88, 0x0971, 0xCA70, 0xEA78, 0x6BA0, 
  0x4DA8, 0xAC88, 0xEA60, 0xCA80, 0x0869, 0x2A79, 0x4D98, 0x4C98, 0x2BB8, 0xAC90, 0x4B59, 0xAA88, 0xAC90, 0x79B2, 0x1FBC, 0xDFBB, 
  0xFF8A, 0xFF72, 0xFF7A, 0xDE7A, 0x9F73, 0x3E44, 0xFD03, 0x3E04, 0x1D04, 0x1D04, 0x1E04, 0x1E04, 0x1E04, 0x1E04, 0x1E04, 0x1E04, 
  0x1E04, 0x1E04, 0x1E04, 0x1E04, 0x1E04, 0x1E04, 0x1E04, 0x1E04, 0x1E04, 0x1E04, 0x1E04, 0x1E04, 0x1E04, 0x1E04, 0x1E04, 0x1E04, 
  0x1E04, 0x1E04, 0x1E04, 0x1E04, 0x1E04, 0x1E04, 0x1E04, 0x1E04, 0x1E04, 0x1E04, 0x1E04, 0x1E04, 0x1E04, 0x1E04, 0x1E04, 0x1E04, 
  0x1E04, 0x1E04, 0x1E04, 0x1E04, 0x1E04, 0x1E04, 0x1E04, 0x1E04, 0x1E04, 0x1E04, 0x1E04, 0x1E04, 0x1E04, 0x1E04, 0x1E04, 0x3E04, 
  0x1E04, 0x1E04, 0x1E04, 0x1E04, 0x1E04, 0x1E04, 0x1E04, 0x1E04, 0x1E04, 0x1E04, 0x1E04, 0x1E04, 0x1E04, 0x1E04, 0x1E04, 0x1E04, 
  0x1E04, 0x1E04, 0x1E04, 0x1E04, 0x1E04, 0x1E04, 0x1E04, 0x1E04, 0x1E04, 0x1E04, 0x1E04, 0x1E04, 0x1E04, 0x1E04, 0x1E04, 0x1E04, 
  0x1E04, 0x1E04, 0x1E04, 0x1E04, 0x1E04, 0x1E04, 0x1E04, 0x1E04, 0x1E04, 0x1E04, 0x1E04, 0x1E04, 0x1E04, 0x1E04, 0x1E04, 0x1E04, 
  0x1E04, 0x1E04, 0x1E04, 0x1E04, 0x1E04, 0x1E04, 0x1E04, 0x1E04, 0x1E04, 0x1E04, 0x1E04, 0x1E04, 0x1E04, 0x1E04, 0x1E04, 0x1E04, 
  0x1E04, 0x1E04, 0x1E04, 0x1E04, 0x1E04, 0x1E04, 0x1E04, 0x1E04, 0x1E04, 0x1D04, 0x1D04, 0x3E24, 0xDF93, 0xDFBB, 0xFFBB, 0x9FB3, 
  0xFD7A, 0x1FDF, 0xFFFF, 0xFFFF, 0xFFFF, 0xFFFF, 0xFFFF, 0xFFFF, 0xFFFF, 0xFFFF, 0xFFFF, 0xFFFF, 0xFFFF, 0xDFFF, 0x5D9C, 0x7E6A, 
  0x5F9B, 0x1FC4, 0xF9A2, 0x4A61, 0x2971, 0xA978, 0x2D91, 0x5EAB, 0x9DA4, 0xFFFF, 0x9EDE, 0x7E9B, 0xBAAA, 0xCA68, 0xAB88, 0xEA70, 
  0xEB68, 0xCA80, 0x0971, 0xAC90, 0xED90, 0x6C71, 0x9179, 0xDDBC, 0xFFFF, 0xFFFF, 0x1D9C, 0xBFAB, 0x5392, 0xE968, 0x8961, 0x073A, 
  0x6959, 0xEC78, 0x2A61, 0x6B98, 0xCC90, 0x0A69, 0xA851, 0xCB78, 0xADA0, 0xEA80, 0xAA78, 0x6C88, 0x0DB0, 0xEA70, 0x8B49, 0x2D88, 
  0x6CA8, 0x6B98, 0xEA78, 0x0A69, 0xCA90, 0xAA80, 0xEA78, 0x4BB0, 0x6BA8, 0x2A71, 0x0969, 0xEB70, 0xAB78, 0x8DA0, 0xCEB8, 0x4BB0, 
  0xAC88, 0x0B71, 0xCA78, 0x8D80, 0x0B61, 0x6851, 0x8B90, 0x2DC8, 0x6CB0, 0x6C88, 0xCB70, 0x0A89, 0x8A90, 0x8B78, 0x99B2, 0x3FC4, 
  0x7FA3, 0xDE7A, 0xFF72, 0xDF7A, 0xDF7A, 0xBF7B, 0x7F3C, 0x1D04, 0x3D04, 0x1D04, 0x1E04, 0x1E04, 0x1E04, 0x1E04, 0x1E04, 0x1E04, 
  0x1E04, 0x1E04, 0x1E04, 0x1E04, 0x1E04, 0x1E04, 0x1E04, 0x1E04, 0x1E04, 0x1E04, 0x1E04, 0x1E04, 0x1E04, 0x1E04, 0x1E04, 0x1E04, 
  0x1E04, 0x1E04, 0x1E04, 0x1E04, 0x1E04, 0x1E04, 0x1E04, 0x1E04, 0x1E04, 0x1E04, 0x1E04, 0x1E04, 0x1E04, 0x1E04, 0x1E04, 0x1E04, 
  0x1E04, 0x1E04, 0x1E04, 0x1E04, 0x1E04, 0x1E04, 0x1E04, 0x1E04, 0x1E04, 0x1E04, 0x1E04, 0x1E04, 0x1E04, 0x1E04, 0x1E04, 0x3E04, 
  0x1E04, 0x1E04, 0x1E04, 0x1E04, 0x1E04, 0x1E04, 0x1E04, 0x1E04, 0x1E04, 0x1E04, 0x1E04, 0x1E04, 0x1E04, 0x1E04, 0x1E04, 0x1E04, 
  0x1E04, 0x1E04, 0x1E04, 0x1E04, 0x1E04, 0x1E04, 0x1E04, 0x1E04, 0x1E04, 0x1E04, 0x1E04, 0x1E04, 0x1E04, 0x1E04, 0x1E04, 0x1E04, 
  0x1E04, 0x1E04, 0x1E04, 0x1E04, 0x1E04, 0x1E04, 0x1E04, 0x1E04, 0x1E04, 0x1E04, 0x1E04, 0x1E04, 0x1E04, 0x1E04, 0x1E04, 0x1E04, 
  0x1E04, 0x1E04, 0x1E04, 0x1E04, 0x1E04, 0x1E04, 0x1E04, 0x1E04, 0x1E04, 0x1E04, 0x1E04, 0x1E04, 0x1E04, 0x1E04, 0x1E04, 0x1E04, 
  0x1E04, 0x1E04, 0x1E04, 0x1E04, 0x1E04, 0x1E04, 0x1E04, 0x1E04, 0x1E04, 0x1D04, 0x3E1C, 0x7F5B, 0x3E9B, 0xDFB3, 0xDFB3, 0xBFAB, 
  0xDE7A, 0xBED6, 0xFFFF, 0xFFFF, 0xFFFF, 0xFFFF, 0xFFFF, 0xFFFF, 0xFFFF, 0xFFFF, 0xFFFF, 0xFFFF, 0xDFFF, 0x3D9C, 0x5E72, 0x7E93, 
  0xFFB3, 0xBEB3, 0xED70, 0xA978, 0x8A88, 0x8EC0, 0x37BA, 0x5FA3, 0xFEBD, 0xFFFF, 0x9DAC, 0x9FA3, 0xD299, 0x4C80, 0xEC58, 0xEB70, 
  0xAB90, 0xAA78, 0x0A71, 0xCB60, 0x2A51, 0x6839, 0x9682, 0x5FD6, 0xFFFF, 0xFFEE, 0x3E83, 0x1FBC, 0x9199, 0xE968, 0xE849, 0xA751, 
  0xCA88, 0xCB88, 0x6861, 0xAA90, 0x6B90, 0xCB80, 0x8C78, 0x0A69, 0xC970, 0xAA90, 0x2A79, 0x8B88, 0x8B98, 0x2969, 0x2EA1, 0x4C90, 
  0x8978, 0x4CA0, 0x6B90, 0xAB80, 0xEA80, 0xCB68, 0x6B90, 0x6A80, 0xCA88, 0xCA88, 0xEDA0, 0x8E98, 0x8C98, 0xCB98, 0x0CA9, 0xCB98, 
  0xAC78, 0xA978, 0xA849, 0x4A61, 0x2A79, 0x4971, 0xCA80, 0xCBA0, 0x6BB0, 0xEA78, 0xAA80, 0x0BA0, 0xC978, 0xAA80, 0xED90, 0xBEB3, 
  0xDFBB, 0xFE82, 0xFE72, 0xDF72, 0xFF72, 0xDE72, 0x9F8B, 0x5E34, 0x1D04, 0x1E04, 0x3E04, 0x3D04, 0x1E04, 0x1E04, 0x1E04, 0x1E04, 
  0x1E04, 0x1E04, 0x1E04, 0x1E04, 0x1E04, 0x1E04, 0x1E04, 0x1E04, 0x1E04, 0x1E04, 0x1E04, 0x1E04, 0x1E04, 0x1E04, 0x1E04, 0x1E04, 
  0x1E04, 0x1E04, 0x1E04, 0x1E04, 0x1E04, 0x1E04, 0x1E04, 0x1E04, 0x1E04, 0x1E04, 0x1E04, 0x1E04, 0x1E04, 0x1E04, 0x1E04, 0x1E04, 
  0x1E04, 0x1E04, 0x1E04, 0x1E04, 0x1E04, 0x1E04, 0x1E04, 0x1E04, 0x1E04, 0x1E04, 0x1E04, 0x1E04, 0x1E04, 0x1E04, 0x1E04, 0x3E04, 
  0x1E04, 0x1E04, 0x1E04, 0x1E04, 0x1E04, 0x1E04, 0x1E04, 0x1E04, 0x1E04, 0x1E04, 0x1E04, 0x1E04, 0x1E04, 0x1E04, 0x1E04, 0x1E04, 
  0x1E04, 0x1E04, 0x1E04, 0x1E04, 0x1E04, 0x1E04, 0x1E04, 0x1E04, 0x1E04, 0x1E04, 0x1E04, 0x1E04, 0x1E04, 0x1E04, 0x1E04, 0x1E04, 
  0x1E04, 0x1E04, 0x1E04, 0x1E04, 0x1E04, 0x1E04, 0x1E04, 0x1E04, 0x1E04, 0x1E04, 0x1E04, 0x1E04, 0x1E04, 0x1E04, 0x1E04, 0x1E04, 
  0x1E04, 0x1E04, 0x1E04, 0x1E04, 0x1E04, 0x1E04, 0x1E04, 0x1E04, 0x1E04, 0x1E04, 0x1E04, 0x1E04, 0x1E04, 0x1E04, 0x1E04, 0x1E04, 
  0x1E04, 0x1E04, 0x1E04, 0x1E04, 0x1E04, 0x1E04, 0x1E04, 0x1E04, 0x3D04, 0x3D14, 0xDF63, 0xDE72, 0x7FA3, 0xDFAB, 0x1EB4, 0x1FB4, 
  0xBE72, 0xBEBD, 0xFFFF, 0xFFFF, 0xFFFF, 0xFFFF, 0xFFFF, 0xFFFF, 0xFFFF, 0xFFFF, 0xDFFF, 0xDFFF, 0x9DA4, 0x5E6A, 0x7F9B, 0xFEB3, 
  0xDFBB, 0xF289, 0xAA70, 0x0BA8, 0x2DB8, 0x0EA1, 0x1A9B, 0x3F93, 0x3ECE, 0xBEDE, 0x3D8B, 0x5DC3, 0xAF88, 0xE970, 0x2959, 0xCB78, 
  0x2CA0, 0x8C90, 0x8B80, 0x4A98, 0x2A80, 0xCF88, 0xDCA3, 0x9FEF, 0xFFFF, 0x7DBD, 0xFE82, 0xFFCB, 0xAF98, 0x8A78, 0x6A61, 0xE739, 
  0xEA78, 0xEB78, 0xCB88, 0xAC80, 0x6B69, 0x6961, 0x2B61, 0xCB70, 0xCB80, 0x8B98, 0xCA80, 0xCB90, 0xAA70, 0x0A69, 0x6B98, 0x8CA0, 
  0x6CA0, 0x6B98, 0xEA78, 0x8B80, 0x6D88, 0x8A78, 0x4C90, 0xAC80, 0x4EA0, 0xAB80, 0x8B61, 0x6EA8, 0x8B90, 0x8A90, 0x4BA8, 0x0B79, 
  0x4A59, 0xEA68, 0x2869, 0xE988, 0x8B88, 0x2A81, 0x2969, 0x0A71, 0x8B88, 0xEA68, 0xCC88, 0x4C98, 0x6B88, 0x4B90, 0x6978, 0xB8A2, 
  0x1FC4, 0x1F83, 0x5D7B, 0x7DA4, 0xDE72, 0xFF72, 0xDE82, 0xFF83, 0x3E1C, 0x1D04, 0x1E04, 0x1E04, 0x1E04, 0x1E04, 0x1E04, 0x1E04, 
  0x1E04, 0x1E04, 0x1E04, 0x1E04, 0x1E04, 0x1E04, 0x1E04, 0x1E04, 0x1E04, 0x1E04, 0x1E04, 0x1E04, 0x1E04, 0x1E04, 0x1E04, 0x1E04, 
  0x1E04, 0x1E04, 0x1E04, 0x1E04, 0x1E04, 0x1E04, 0x1E04, 0x1E04, 0x1E04, 0x1E04, 0x1E04, 0x1E04, 0x1E04, 0x1E04, 0x1E04, 0x1E04, 
  0x1E04, 0x1E04, 0x1E04, 0x1E04, 0x1E04, 0x1E04, 0x1E04, 0x1E04, 0x1E04, 0x1E04, 0x1E04, 0x1E04, 0x1E04, 0x1E04, 0x1E04, 0x3E04, 
  0x1E04, 0x1E04, 0x1E04, 0x1E04, 0x1E04, 0x1E04, 0x1E04, 0x1E04, 0x1E04, 0x1E04, 0x1E04, 0x1E04, 0x1E04, 0x1E04, 0x1E04, 0x1E04, 
  0x1E04, 0x1E04, 0x1E04, 0x1E04, 0x1E04, 0x1E04, 0x1E04, 0x1E04, 0x1E04, 0x1E04, 0x1E04, 0x1E04, 0x1E04, 0x1E04, 0x1E04, 0x1E04, 
  0x1E04, 0x1E04, 0x1E04, 0x1E04, 0x1E04, 0x1E04, 0x1E04, 0x1E04, 0x1E04, 0x1E04, 0x1E04, 0x1E04, 0x1E04, 0x1E04, 0x1E04, 0x1E04, 
  0x1E04, 0x1E04, 0x1E04, 0x1E04, 0x1E04, 0x1E04, 0x1E04, 0x1E04, 0x1E04, 0x1E04, 0x1E04, 0x1E04, 0x1E04, 0x1E04, 0x1E04, 0x1E04, 
  0x1E04, 0x1E04, 0x1D04, 0x1E04, 0x1E04, 0x1E04, 0x1E04, 0x3E04, 0x1D04, 0x1F5C, 0x3E7B, 0xFE7A, 0xBFB3, 0x7EB4, 0x7ECD, 0x7EB4, 
  0xDF7A, 0x1D94, 0xFFFF, 0xFFFF, 0xFFFF, 0xFFFF, 0xFFFF, 0xFFFF, 0xFFFF, 0xFFFF, 0xFFFF, 0x1DB5, 0x9D6A, 0x9F93, 0x1FB4, 0x1FBC, 
  0x57A2, 0xAA78, 0x6B59, 0xCB68, 0x8B78, 0x6C80, 0x7CBB, 0x5F93, 0x7E7B, 0x3D7B, 0xDFAB, 0x759A, 0x6B78, 0xCB78, 0xCA80, 0x4B98, 
  0x6CA8, 0x8A90, 0x4B88, 0x4BA0, 0x0A98, 0x75A1, 0x3FC5, 0xFFFF, 0xFFFF, 0xFD93, 0x5E8B, 0x9FC3, 0xED90, 0xCA70, 0x4A69, 0xEB68, 
  0x0A59, 0xC759, 0xEB68, 0x6B78, 0xEA78, 0xEA49, 0x294A, 0x6B69, 0x6B90, 0x4CB0, 0x4DB8, 0x4B98, 0x4A90, 0x6B88, 0x2C98, 0x4CA8, 
  0xAC98, 0xCC88, 0x8CB0, 0x4A88, 0xAA51, 0x6A61, 0x8B90, 0xEB80, 0xCC80, 0x6A49, 0x2A69, 0x2CA0, 0x8B90, 0x2CA8, 0x4CA0, 0x8988, 
  0x2969, 0xCA80, 0x4DB8, 0x4CB0, 0x0CB0, 0x8B90, 0x0A61, 0x6B80, 0x6BA8, 0x8DA8, 0x0BA0, 0x0AA8, 0x2BB0, 0x2EA1, 0xCFA8, 0xF399, 
  0x3FBC, 0xFF82, 0x9D83, 0xFEEE, 0x3D7B, 0xFF72, 0xFF72, 0x1F83, 0x1F6C, 0x1D0C, 0x1E04, 0x1E04, 0x3E04, 0x1E04, 0x1E04, 0x1E04, 
  0x1E04, 0x1E04, 0x1E04, 0x1E04, 0x1E04, 0x1E04, 0x1E04, 0x1E04, 0x1E04, 0x1E04, 0x1E04, 0x1E04, 0x1E04, 0x1E04, 0x1E04, 0x1E04, 
  0x1E04, 0x1E04, 0x1E04, 0x1E04, 0x1E04, 0x1E04, 0x1E04, 0x1E04, 0x1E04, 0x1E04, 0x1E04, 0x1E04, 0x1E04, 0x1E04, 0x1E04, 0x1E04, 
  0x1E04, 0x1E04, 0x1E04, 0x1E04, 0x1E04, 0x1E04, 0x1E04, 0x1E04, 0x1E04, 0x1E04, 0x1E04, 0x1E04, 0x1E04, 0x1E04, 0x1E04, 0x3E04, 
  0x1E04, 0x1E04, 0x1E04, 0x1E04, 0x1E04, 0x1E04, 0x1E04, 0x1E04, 0x1E04, 0x1E04, 0x1E04, 0x1E04, 0x1E04, 0x1E04, 0x1E04, 0x1E04, 
  0x1E04, 0x1E04, 0x1E04, 0x1E04, 0x1E04, 0x1E04, 0x1E04, 0x1E04, 0x1E04, 0x1E04, 0x1E04, 0x1E04, 0x1E04, 0x1E04, 0x1E04, 0x1E04, 
  0x1E04, 0x1E04, 0x1E04, 0x1E04, 0x1E04, 0x1E04, 0x1E04, 0x1E04, 0x1E04, 0x1E04, 0x1E04, 0x1E04, 0x1E04, 0x1E04, 0x1E04, 0x1E04, 
  0x1E04, 0x1E04, 0x1E04, 0x1E04, 0x1E04, 0x1E04, 0x1E04, 0x1E04, 0x1E04, 0x1E04, 0x1E04, 0x1E04, 0x1E04, 0x1E04, 0x1E04, 0x1E04, 
  0x1E04, 0x1D04, 0x1D04, 0x3D04, 0x1E04, 0x1E04, 0x3D04, 0x1D04, 0x5E34, 0x7F83, 0xDF72, 0x3F83, 0xDFB3, 0xFEBC, 0x5EAC, 0xFEB3, 
  0x5F9B, 0xDD72, 0xDED6, 0xFFFF, 0xFFFF, 0xFFFF, 0xFFFF, 0xFEFF, 0xDFFF, 0xFFFF, 0x1ECE, 0x9D72, 0x5F93, 0xFEB3, 0xFFBB, 0xFBB2, 
  0x2C69, 0xAA80, 0xAC70, 0x8B78, 0xC968, 0x3089, 0xDEC3, 0x7F9B, 0xBE6A, 0x9FA3, 0xDEC3, 0x0E89, 0x6990, 0x6CA8, 0x6C98, 0x4D90, 
  0x8B78, 0xA978, 0x8C88, 0xEB80, 0xAB80, 0xB8A2, 0x9EDE, 0xFFFF, 0x3FEF, 0x1D73, 0xBF9B, 0x1CC3, 0x4BA8, 0x4AA0, 0x4B98, 0x6CA8, 
  0x0B81, 0xC978, 0xAC80, 0xCB60, 0x4B88, 0x6D88, 0x2A61, 0xEA70, 0xC988, 0xAA90, 0x8CA8, 0x8B98, 0x6B90, 0x0B88, 0x2BA0, 0x4BB8, 
  0x4DA8, 0x4B80, 0x6B98, 0xAA59, 0xE941, 0x6D78, 0xAB80, 0xCA78, 0x8B80, 0x8B78, 0x8B88, 0xCC98, 0x6CA8, 0x2CB8, 0x4CA8, 0x4B98, 
  0x0B69, 0x6B78, 0x4B98, 0xAA80, 0x8A88, 0x8A80, 0xCB78, 0xAB80, 0x4CB0, 0x4CB0, 0x4DB0, 0x2CB0, 0x2CB0, 0xEFA8, 0xCCA8, 0x93A9, 
  0x1FBC, 0xDE7A, 0x7E9C, 0xFFFF, 0x9EA4, 0xBE6A, 0xFF7A, 0xDF72, 0x5E83, 0x5E44, 0xFD03, 0x1E04, 0x3E04, 0x3D04, 0x1D04, 0x1E04, 
  0x3E04, 0x1E04, 0x1E04, 0x1E04, 0x1E04, 0x1E04, 0x1E04, 0x1E04, 0x1E04, 0x1E04, 0x1E04, 0x1E04, 0x1E04, 0x1E04, 0x1E04, 0x1E04, 
  0x1E04, 0x1E04, 0x1E04, 0x1E04, 0x1E04, 0x1E04, 0x1E04, 0x1E04, 0x1E04, 0x1E04, 0x1E04, 0x1E04, 0x1E04, 0x1E04, 0x1E04, 0x1E04, 
  0x1E04, 0x1E04, 0x1E04, 0x1E04, 0x1E04, 0x1E04, 0x1E04, 0x1E04, 0x1E04, 0x1E04, 0x1E04, 0x1E04, 0x1E04, 0x1E04, 0x1E04, 0x3E04, 
  0x1E04, 0x1E04, 0x1E04, 0x1E04, 0x1E04, 0x1E04, 0x1E04, 0x1E04, 0x1E04, 0x1E04, 0x1E04, 0x1E04, 0x1E04, 0x1E04, 0x1E04, 0x1E04, 
  0x1E04, 0x1E04, 0x1E04, 0x1E04, 0x1E04, 0x1E04, 0x1E04, 0x1E04, 0x1E04, 0x1E04, 0x1E04, 0x1E04, 0x1E04, 0x1E04, 0x1E04, 0x1E04, 
  0x1E04, 0x1E04, 0x1E04, 0x1E04, 0x1E04, 0x1E04, 0x1E04, 0x1E04, 0x1E04, 0x1E04, 0x1E04, 0x1E04, 0x1E04, 0x1E04, 0x1E04, 0x1E04, 
  0x1E04, 0x1E04, 0x1E04, 0x1E04, 0x1E04, 0x1E04, 0x1E04, 0x1E04, 0x1E04, 0x1E04, 0x1E04, 0x1E04, 0x1E04, 0x1E04, 0x1E04, 0x1E04, 
  0x1E04, 0x1E04, 0x1D04, 0x3D04, 0x1E04, 0xFE0B, 0x1E04, 0x1D14, 0xFE63, 0xFE7A, 0xDF72, 0x5F93, 0xFFB3, 0x9FAB, 0xBFBB, 0xDFBB, 
  0xDFB3, 0x9E7A, 0x3D94, 0xFFFF, 0xFFFF, 0xFFFF, 0xFFFF, 0xDFFF, 0xFFFF, 0xDEDE, 0x1D73, 0x1F8B, 0xDFBB, 0xDFBB, 0x7DC3, 0xCE98, 
  0xCA78, 0x6B88, 0x2C88, 0x2BA8, 0x49A0, 0x5091, 0xDDBB, 0xBFAB, 0xBEA3, 0x1FCC, 0x38B2, 0x6978, 0x0979, 0xAC88, 0x8B98, 0x0FA9, 
  0xCC88, 0xAB88, 0xCB80, 0x4AA0, 0xCD80, 0xFBA3, 0x7FEF, 0xFFFF, 0x1ED6, 0xBD6A, 0xDFA3, 0x3CB3, 0x8B80, 0x6A90, 0x4B98, 0x8BA0, 
  0xCC88, 0xCA78, 0x4B69, 0x0A71, 0x2B90, 0x4A61, 0x6A59, 0xC949, 0x8959, 0xC980, 0xCB80, 0x8A78, 0xAA80, 0x8C88, 0x6D80, 0x6B98, 
  0x8A90, 0xEB70, 0x8C70, 0xC859, 0x6B71, 0x2C88, 0x6A88, 0xAFC0, 0x6DA0, 0xAB88, 0xCC98, 0x2A79, 0x4869, 0x0981, 0x4CA0, 0x8B70, 
  0x6C51, 0xCC80, 0xAB80, 0xCB80, 0xAB88, 0x6A88, 0xEB80, 0xAB88, 0x2BB0, 0x8DC0, 0x4CC0, 0x2CB0, 0x0A71, 0xAA78, 0xE758, 0xF079, 
  0x1FC4, 0x1E83, 0x1FB5, 0xFFFF, 0x9EDE, 0xDE72, 0xFF72, 0x1F73, 0xBE8B, 0xDF73, 0x3E1C, 0x1E04, 0x1E04, 0x3D04, 0x3D04, 0x1E04, 
  0x1E04, 0x1E04, 0x1E04, 0x1E04, 0x1E04, 0x1E04, 0x1E04, 0x1E04, 0x1E04, 0x1E04, 0x1E04, 0x1E04, 0x1E04, 0x1E04, 0x1E04, 0x1E04, 
  0x1E04, 0x1E04, 0x1E04, 0x1E04, 0x1E04, 0x1E04, 0x1E04, 0x1E04, 0x1E04, 0x1E04, 0x1E04, 0x1E04, 0x1E04, 0x1E04, 0x1E04, 0x1E04, 
  0x1E04, 0x1E04, 0x1E04, 0x1E04, 0x1E04, 0x1E04, 0x1E04, 0x1E04, 0x1E04, 0x1E04, 0x1E04, 0x1E04, 0x1E04, 0x1E04, 0x1E04, 0x3E04, 
  0x1E04, 0x1E04, 0x1E04, 0x1E04, 0x1E04, 0x1E04, 0x1E04, 0x1E04, 0x1E04, 0x1E04, 0x1E04, 0x1E04, 0x1E04, 0x1E04, 0x1E04, 0x1E04, 
  0x1E04, 0x1E04, 0x1E04, 0x1E04, 0x1E04, 0x1E04, 0x1E04, 0x1E04, 0x1E04, 0x1E04, 0x1E04, 0x1E04, 0x1E04, 0x1E04, 0x1E04, 0x1E04, 
  0x1E04, 0x1E04, 0x1E04, 0x1E04, 0x1E04, 0x1E04, 0x1E04, 0x1E04, 0x1E04, 0x1E04, 0x1E04, 0x1E04, 0x1E04, 0x1E04, 0x1E04, 0x1E04, 
  0x1E04, 0x1E04, 0x1E04, 0x1E04, 0x1E04, 0x1E04, 0x1E04, 0x1E04, 0x1E04, 0x1E04, 0x1E04, 0x1E04, 0x1E04, 0x1E04, 0x1E04, 0x1E04, 
  0x1E04, 0x1E04, 0x3E04, 0x1D04, 0x1D04, 0x1E04, 0x1D04, 0x1F3C, 0x1F7B, 0xFF72, 0xDF72, 0x7FA3, 0xDEBB, 0xDFB3, 0xDFAB, 0xDEB3, 
  0x1FB4, 0x5F93, 0x9E6A, 0xFECD, 0xFFFF, 0xDFFF, 0xDFFF, 0xFFFF, 0x7FEF, 0x7C7B, 0xDE72, 0xFFB3, 0xFFBB, 0xFDBB, 0xD081, 0x4A98, 
  0x6DA8, 0x4CA8, 0x2BA0, 0x4B98, 0x4A90, 0x6F89, 0xFEBB, 0xDFBB, 0xFFBB, 0x7CAB, 0xCB70, 0x4B80, 0x4B69, 0xCC70, 0x0B69, 0xCC78, 
  0xCC78, 0x6B90, 0x4CB8, 0x0CA0, 0x3291, 0xBEB4, 0xBFFF, 0xFFFF, 0x5FB5, 0x7D72, 0xFFB3, 0xB9A2, 0x4B80, 0x8A90, 0x8B90, 0xAA88, 
  0xEA68, 0x8C90, 0xCB88, 0xCB70, 0x8C80, 0x8961, 0x4A61, 0x8951, 0x2B71, 0x8B80, 0x6C88, 0xAC98, 0x0A69, 0x6941, 0x0A69, 0x4A69, 
  0xA861, 0x883A, 0xEA60, 0x8A90, 0x2A79, 0x4A71, 0x4CA0, 0x0EA9, 0x0B69, 0x6B80, 0x6EA9, 0xCA88, 0xCB98, 0xCA88, 0x2B98, 0x8C88, 
  0xCB70, 0x0A71, 0xAB78, 0xCB80, 0xCB78, 0x8B88, 0x6959, 0x2A61, 0x2BA0, 0x0BA8, 0x2CA8, 0x0BA8, 0xAB98, 0x8CA0, 0x8978, 0x6C71, 
  0xBDC3, 0x1D93, 0xFDB4, 0xFFFF, 0x9FF7, 0x5E83, 0xDF6A, 0x1E73, 0x3E83, 0x1E83, 0x3F44, 0x3D04, 0x1E04, 0x1D04, 0x3E04, 0x1E04, 
  0x1E04, 0x1E04, 0x1E04, 0x1E04, 0x1E04, 0x1E04, 0x1E04, 0x1E04, 0x1E04, 0x1E04, 0x1E04, 0x1E04, 0x1E04, 0x1E04, 0x1E04, 0x1E04, 
  0x1E04, 0x1E04, 0x1E04, 0x1E04, 0x1E04, 0x1E04, 0x1E04, 0x1E04, 0x1E04, 0x1E04, 0x1E04, 0x1E04, 0x1E04, 0x1E04, 0x1E04, 0x1E04, 
  0x1E04, 0x1E04, 0x1E04, 0x1E04, 0x1E04, 0x1E04, 0x1E04, 0x1E04, 0x1E04, 0x1E04, 0x1E04, 0x1E04, 0x1E04, 0x1E04, 0x1E04, 0x3E04, 
  0x1E04, 0x1E04, 0x1E04, 0x1E04, 0x1E04, 0x1E04, 0x1E04, 0x1E04, 0x1E04, 0x1E04, 0x1E04, 0x1E04, 0x1E04, 0x1E04, 0x1E04, 0x1E04, 
  0x1E04, 0x1E04, 0x1E04, 0x1E04, 0x1E04, 0x1E04, 0x1E04, 0x1E04, 0x1E04, 0x1E04, 0x1E04, 0x1E04, 0x1E04, 0x1E04, 0x1E04, 0x1E04, 
  0x1E04, 0x1E04, 0x1E04, 0x1E04, 0x1E04, 0x1E04, 0x1E04, 0x1E04, 0x1E04, 0x1E04, 0x1E04, 0x1E04, 0x1E04, 0x1E04, 0x1E04, 0x1E04, 
  0x1E04, 0x1E04, 0x1E04, 0x1E04, 0x1E04, 0x1E04, 0x1E04, 0x1E04, 0x1E04, 0x1E04, 0x1E04, 0x1E04, 0x1E04, 0x1E04, 0x1E04, 0x1E04, 
  0x1E04, 0x1E04, 0x1E04, 0x1D04, 0x1D04, 0x3E04, 0x3D14, 0xBE6B, 0xFF7A, 0xFF72, 0xFE7A, 0xBFAB, 0xFFC3, 0x9EAB, 0xFDAA, 0xFFB3, 
  0xFFB3, 0xBFAB, 0xBF72, 0x7D83, 0x7FF7, 0xFFFF, 0xDFFF, 0xDFFF, 0x3D94, 0x9E6A, 0x9FA3, 0xDFBB, 0xDFBB, 0xF189, 0xAA70, 0x2CA8, 
  0x8CB0, 0x2B90, 0xAA98, 0x4BA8, 0x2AA0, 0xCF98, 0x7DBB, 0xDFB3, 0x5CBB, 0x2D62, 0x4859, 0x6B90, 0x2C90, 0x6C80, 0x6B88, 0x8B88, 
  0x6B88, 0x2B98, 0x6BA0, 0x4A88, 0xD599, 0x3EBD, 0xDFFF, 0xFFFF, 0x3EAD, 0x9D6A, 0x1FBC, 0xF499, 0x4988, 0xCA80, 0xAB70, 0x4B90, 
  0xCB88, 0x2A71, 0x8D78, 0xEC68, 0x0B71, 0x0C79, 0x2A69, 0xE960, 0x6B51, 0xEB78, 0x4B98, 0xAA88, 0xCB78, 0xCA70, 0x4B61, 0xAA49, 
  0xA949, 0x6B61, 0x6990, 0x6B88, 0x8B88, 0xCC88, 0x8B90, 0x6B80, 0xA978, 0x2CA0, 0x2A51, 0x4A69, 0x8D90, 0xCC88, 0xAAA0, 0x2B91, 
  0xEC68, 0x6B88, 0x2B98, 0x8A80, 0x2B81, 0xEA78, 0x2B79, 0x6B98, 0xCCA0, 0x6BA0, 0x4CB0, 0xAB80, 0x0B71, 0xCDA8, 0x4871, 0xE968, 
  0x3AB3, 0x7F9B, 0x9DA4, 0xFFFF, 0xFFFF, 0x1D8C, 0xFF7A, 0x3F8B, 0xBF72, 0xDF7A, 0x9F63, 0x3D0C, 0x3D04, 0x1E0C, 0x1E04, 0x1E04, 
  0x3E04, 0x3E04, 0x1E04, 0x1E04, 0x1E04, 0x1E04, 0x1E04, 0x1E04, 0x1E04, 0x1E04, 0x1E04, 0x1E04, 0x1E04, 0x1E04, 0x1E04, 0x1E04, 
  0x1E04, 0x1E04, 0x1E04, 0x1E04, 0x1E04, 0x1E04, 0x1E04, 0x1E04, 0x1E04, 0x1E04, 0x1E04, 0x1E04, 0x1E04, 0x1E04, 0x1E04, 0x1E04, 
  0x1E04, 0x1E04, 0x1E04, 0x1E04, 0x1E04, 0x1E04, 0x1E04, 0x1E04, 0x1E04, 0x1E04, 0x1E04, 0x1E04, 0x1E04, 0x1E04, 0x1E04, 0x3E04, 
  0x1E04, 0x1E04, 0x1E04, 0x1E04, 0x1E04, 0x1E04, 0x1E04, 0x1E04, 0x1E04, 0x1E04, 0x1E04, 0x1E04, 0x1E04, 0x1E04, 0x1E04, 0x1E04, 
  0x1E04, 0x1E04, 0x1E04, 0x1E04, 0x1E04, 0x1E04, 0x1E04, 0x1E04, 0x1E04, 0x1E04, 0x1E04, 0x1E04, 0x1E04, 0x1E04, 0x1E04, 0x1E04, 
  0x1E04, 0x1E04, 0x1E04, 0x1E04, 0x1E04, 0x1E04, 0x1E04, 0x1E04, 0x1E04, 0x1E04, 0x1E04, 0x1E04, 0x1E04, 0x1E04, 0x1E04, 0x1E04, 
  0x1E04, 0x1E04, 0x1E04, 0x1E04, 0x1E04, 0x1E04, 0x1E04, 0x1E04, 0x1E04, 0x1E04, 0x1E04, 0x1E04, 0x1E04, 0x1E04, 0x1E04, 0x1E04, 
  0x1E04, 0x1E04, 0x1E04, 0x3D04, 0x1E04, 0x3E04, 0x1D3C, 0xBDAC, 0x5E7B, 0xDF72, 0x3E83, 0xFFBB, 0xFFC3, 0xDBB2, 0x75A9, 0xFFBB, 
  0xBFB3, 0xDFB3, 0x1F8B, 0xBE62, 0x7ED6, 0xFFFF, 0xFEFF, 0x3EB5, 0x7E6A, 0x5F93, 0xDFAB, 0xDFC3, 0xB4A9, 0x0A98, 0x4C98, 0x2AA8, 
  0x2B98, 0xAB78, 0xC988, 0xCB70, 0x8B90, 0x4CA0, 0x5CBB, 0xBDB3, 0x2F99, 0xCC80, 0xCB88, 0xAC88, 0x2CA0, 0x8C90, 0xCB70, 0x0B69, 
  0xAB80, 0x6A80, 0x6BA0, 0xE978, 0xB782, 0x9ECD, 0xFFFF, 0xFFFF, 0x3EBD, 0x9E7A, 0xFFC3, 0x93B1, 0x4A90, 0xEB70, 0x4D78, 0x6C88, 
  0xAB80, 0x0A79, 0xAB70, 0xCA70, 0xCB98, 0x8A88, 0x0961, 0x2A69, 0x0A69, 0xAA80, 0xEC78, 0x4A51, 0xEB70, 0x8859, 0x093A, 0x8B80, 
  0x2A69, 0x2969, 0xCB78, 0xEB68, 0x4BA0, 0x4CA8, 0xAB78, 0x8D80, 0xCB80, 0x2A79, 0xEBA0, 0x8DA0, 0x6961, 0xE980, 0x4B90, 0xEB68, 
  0xAC78, 0x0CA0, 0xAA80, 0xEA78, 0x8B98, 0x8B90, 0x6AA0, 0x2AA0, 0xCC88, 0x2971, 0xE980, 0x8B51, 0x8931, 0x4859, 0x6B98, 0x6978, 
  0x36A2, 0xDFB3, 0x5C7B, 0x5FEF, 0xFFFF, 0x1D8C, 0xFF82, 0xBFAB, 0xDF72, 0xFF7A, 0x1F73, 0xFE2B, 0x3D04, 0x1D0C, 0x1E04, 0x1E04, 
  0x1E04, 0x3E04, 0x1E04, 0x1E04, 0x1E04, 0x1E04, 0x1E04, 0x1E04, 0x1E04, 0x1E04, 0x1E04, 0x1E04, 0x1E04, 0x1E04, 0x1E04, 0x1E04, 
  0x1E04, 0x1E04, 0x1E04, 0x1E04, 0x1E04, 0x1E04, 0x1E04, 0x1E04, 0x1E04, 0x1E04, 0x1E04, 0x1E04, 0x1E04, 0x1E04, 0x1E04, 0x1E04, 
  0x1E04, 0x1E04, 0x1E04, 0x1E04, 0x1E04, 0x1E04, 0x1E04, 0x1E04, 0x1E04, 0x1E04, 0x1E04, 0x1E04, 0x1E04, 0x1E04, 0x1E04, 0x3E04, 
  0x1E04, 0x1E04, 0x1E04, 0x1E04, 0x1E04, 0x1E04, 0x1E04, 0x1E04, 0x1E04, 0x1E04, 0x1E04, 0x1E04, 0x1E04, 0x1E04, 0x1E04, 0x1E04, 
  0x1E04, 0x1E04, 0x1E04, 0x1E04, 0x1E04, 0x1E04, 0x1E04, 0x1E04, 0x1E04, 0x1E04, 0x1E04, 0x1E04, 0x1E04, 0x1E04, 0x1E04, 0x1E04, 
  0x1E04, 0x1E04, 0x1E04, 0x1E04, 0x1E04, 0x1E04, 0x1E04, 0x1E04, 0x1E04, 0x1E04, 0x1E04, 0x1E04, 0x1E04, 0x1E04, 0x1E04, 0x1E04, 
  0x1E04, 0x1E04, 0x1E04, 0x1E04, 0x1E04, 0x1E04, 0x1E04, 0x1E04, 0x1E04, 0x1E04, 0x1E04, 0x1E04, 0x1E04, 0x1E04, 0x1E04, 0x1E04, 
  0x1E04, 0x1E04, 0x1E04, 0x3D04, 0x1D04, 0xFE0B, 0x9E84, 0x1DBD, 0xBE6A, 0xDF7A, 0x7F9B, 0xDFB3, 0xFFBB, 0xD4C1, 0x6B88, 0x5CAB, 
  0xFFB3, 0xDFAB, 0x5F8B, 0xBD6A, 0x5ECE, 0xFFFF, 0x9EDE, 0xFD6A, 0x1F83, 0xDFAB, 0x1FBC, 0xF5A9, 0x0AA8, 0x8B88, 0x8B88, 0x2AA0, 
  0x2CA0, 0x6CA0, 0x8A90, 0x2A69, 0xCA78, 0x2A88, 0xB499, 0x4E89, 0x2AA0, 0x4C98, 0x2BA0, 0x4B98, 0x4BA8, 0x6A90, 0x2B61, 0x4B69, 
  0x4B90, 0x4B98, 0x0DA0, 0x8D98, 0x9AA2, 0x9EBD, 0xFFFF, 0xFEFF, 0x3EB5, 0xDF72, 0x9FBB, 0x31A9, 0x6B80, 0x2B90, 0x8C68, 0x6C80, 
  0xCB78, 0x0B79, 0x8A88, 0xADA8, 0xCE98, 0x2A90, 0x6B88, 0x2B61, 0xCA80, 0xCB88, 0xAA80, 0xCB78, 0xA951, 0x282A, 0x4C49, 0xAC80, 
  0x8C78, 0x8A80, 0xCA70, 0xEA78, 0xAA98, 0x6AA0, 0xAA78, 0x0C61, 0xAA59, 0x074A, 0xCB90, 0x2B90, 0xECA8, 0xCBA0, 0xAC78, 0xCD78, 
  0xEA78, 0xCA78, 0xCC80, 0xABA0, 0x2BB0, 0xAB80, 0xEB68, 0x0A71, 0x8B80, 0x2971, 0xAA88, 0xAB88, 0x0B69, 0xEB60, 0x0B81, 0xC960, 
  0xB069, 0x3FC4, 0xFE8A, 0x5DA4, 0xDFFF, 0x7E83, 0x1F93, 0xFFB3, 0x1E7B, 0xDF7A, 0xFF7A, 0xBE5B, 0x3E0C, 0x1D04, 0x1E04, 0x3E04, 
  0x1E04, 0x1E04, 0x1E04, 0x1E04, 0x1E04, 0x1E04, 0x1E04, 0x1E04, 0x1E04, 0x1E04, 0x1E04, 0x1E04, 0x1E04, 0x1E04, 0x1E04, 0x1E04, 
  0x1E04, 0x1E04, 0x1E04, 0x1E04, 0x1E04, 0x1E04, 0x1E04, 0x1E04, 0x1E04, 0x1E04, 0x1E04, 0x1E04, 0x1E04, 0x1E04, 0x1E04, 0x1E04, 
  0x1E04, 0x1E04, 0x1E04, 0x1E04, 0x1E04, 0x1E04, 0x1E04, 0x1E04, 0x1E04, 0x1E04, 0x1E04, 0x1E04, 0x1E04, 0x1E04, 0x1E04, 0x3E04, 
  0x1E04, 0x1E04, 0x1E04, 0x1E04, 0x1E04, 0x1E04, 0x1E04, 0x1E04, 0x1E04, 0x1E04, 0x1E04, 0x1E04, 0x1E04, 0x1E04, 0x1E04, 0x1E04, 
  0x1E04, 0x1E04, 0x1E04, 0x1E04, 0x1E04, 0x1E04, 0x1E04, 0x1E04, 0x1E04, 0x1E04, 0x1E04, 0x1E04, 0x1E04, 0x1E04, 0x1E04, 0x1E04, 
  0x1E04, 0x1E04, 0x1E04, 0x1E04, 0x1E04, 0x1E04, 0x1E04, 0x1E04, 0x1E04, 0x1E04, 0x1E04, 0x1E04, 0x1E04, 0x1E04, 0x1E04, 0x1E04, 
  0x1E04, 0x1E04, 0x1E04, 0x1E04, 0x1E04, 0x1E04, 0x1E04, 0x1E04, 0x1E04, 0x1E04, 0x1E04, 0x1E04, 0x1E04, 0x1E04, 0x1E04, 0x1E04, 
  0x1E04, 0x3D04, 0x1D04, 0x1E04, 0x1D04, 0xDD2B, 0x1ECE, 0x9D83, 0xDF72, 0xDF82, 0xDFAB, 0xDFB3, 0x5DB3, 0xED90, 0x4A98, 0xD090, 
  0x7DBB, 0xFFBB, 0x9F9B, 0x9D6A, 0x5ED6, 0x5FF7, 0x5D83, 0xFE6A, 0x9FA3, 0xFFBB, 0x569A, 0x0B98, 0x2B98, 0xF0A8, 0xAFB0, 0x0A90, 
  0x0BA8, 0x4CB0, 0x2CB0, 0xCA88, 0xEA80, 0x6BA0, 0x0A98, 0x6BA0, 0x2CC0, 0x8B88, 0xCA78, 0xCA78, 0x8A88, 0x2BB0, 0x4B98, 0x4CA0, 
  0x6CA8, 0x6A88, 0x2B98, 0x4C90, 0xBBAA, 0x1DB5, 0xFFFF, 0xFFFF, 0x5DA4, 0x3F83, 0x5BB3, 0x4C90, 0x8A90, 0x6B90, 0x8B78, 0x4C88, 
  0x8C88, 0x8B88, 0x4CB0, 0x6A98, 0x8B88, 0x6B98, 0x2B98, 0x6C98, 0x6BA8, 0xCD98, 0x6C98, 0x6879, 0x473A, 0xAB39, 0x4B31, 0xAA80, 
  0xEB70, 0x0B61, 0x6851, 0xA951, 0x2969, 0x6869, 0xC749, 0xAA59, 0x8A59, 0x0A71, 0xEA80, 0x0971, 0x6B98, 0x8DA8, 0xCB90, 0xCB88, 
  0x0A81, 0x0971, 0xCF90, 0xCF98, 0x4B98, 0xCB80, 0x6A51, 0x2C79, 0xEA68, 0x8951, 0x6C88, 0xAB80, 0x0A79, 0x4B88, 0x2961, 0x4A69, 
  0x2959, 0xF79A, 0xFFC3, 0xDD72, 0x5EC5, 0x3E83, 0x5F93, 0x1FC4, 0x5F93, 0xBF72, 0x9F8B, 0xFD9C, 0xDE1B, 0x3D04, 0x1E0C, 0x3E04, 
  0x1E04, 0x1E04, 0x1E04, 0x1E04, 0x1E04, 0x1E04, 0x1E04, 0x1E04, 0x1E04, 0x1E04, 0x1E04, 0x1E04, 0x1E04, 0x1E04, 0x1E04, 0x1E04, 
  0x1E04, 0x1E04, 0x1E04, 0x1E04, 0x1E04, 0x1E04, 0x1E04, 0x1E04, 0x1E04, 0x1E04, 0x1E04, 0x1E04, 0x1E04, 0x1E04, 0x1E04, 0x1E04, 
  0x1E04, 0x1E04, 0x1E04, 0x1E04, 0x1E04, 0x1E04, 0x1E04, 0x1E04, 0x1E04, 0x1E04, 0x1E04, 0x1E04, 0x1E04, 0x1E04, 0x1E04, 0x3E04, 
  0x1E04, 0x1E04, 0x1E04, 0x1E04, 0x1E04, 0x1E04, 0x1E04, 0x1E04, 0x1E04, 0x1E04, 0x1E04, 0x1E04, 0x1E04, 0x1E04, 0x1E04, 0x1E04, 
  0x1E04, 0x1E04, 0x1E04, 0x1E04, 0x1E04, 0x1E04, 0x1E04, 0x1E04, 0x1E04, 0x1E04, 0x1E04, 0x1E04, 0x1E04, 0x1E04, 0x1E04, 0x1E04, 
  0x1E04, 0x1E04, 0x1E04, 0x1E04, 0x1E04, 0x1E04, 0x1E04, 0x1E04, 0x1E04, 0x1E04, 0x1E04, 0x1E04, 0x1E04, 0x1E04, 0x1E04, 0x1E04, 
  0x1E04, 0x1E04, 0x1E04, 0x1E04, 0x1E04, 0x1E04, 0x1E04, 0x1E04, 0x1E04, 0x1E04, 0x1E04, 0x1E04, 0x1E04, 0x1E04, 0x1E04, 0x1E04, 
  0x1E04, 0x1D04, 0x1D04, 0x1E04, 0xDE03, 0x1D85, 0xBEBD, 0x9E6A, 0xFF72, 0x5E8B, 0xFFB3, 0xDFC3, 0x15A2, 0xC980, 0xADA8, 0x2CA8, 
  0x52A1, 0x1FBC, 0xDFAB, 0x3E83, 0x9E83, 0x5E83, 0xBE72, 0x7FA3, 0xFFBB, 0x78B2, 0x8C88, 0x6B90, 0x6C88, 0xAFB0, 0x8DB0, 0x4AA0, 
  0x0BA8, 0x2C90, 0x0BA0, 0xEA88, 0x4A71, 0x0B71, 0x4CB0, 0x4DB8, 0x2CA8, 0x8B80, 0x0A71, 0xAB59, 0xEC68, 0x0BB0, 0x2CB8, 0x4CB0, 
  0x4CB0, 0x0B98, 0x2BB0, 0xEB98, 0x3CA3, 0x1DA4, 0xFFFF, 0x3EC6, 0xFD72, 0x9FA3, 0x98B2, 0x6A90, 0x2B98, 0x6B98, 0xAA90, 0x2C98, 
  0x0CA8, 0x2B90, 0xAC80, 0xAA80, 0x2B98, 0x0D99, 0x2EA1, 0x0BA8, 0x6B88, 0xCC70, 0x0969, 0x2852, 0xEA70, 0x2A61, 0xE939, 0xE968, 
  0x0B71, 0x093A, 0x8A31, 0x4C61, 0xCA78, 0x8861, 0x6951, 0xCB88, 0xA851, 0xC941, 0xCC68, 0x2A61, 0x8859, 0xEA68, 0x8B78, 0x8B88, 
  0x4DB8, 0xABA8, 0xAA78, 0x2969, 0x0A69, 0xEA68, 0x2971, 0xAA80, 0xCA70, 0x6971, 0x8AA8, 0xCC80, 0xCC98, 0x8B98, 0x31B1, 0xCC88, 
  0x4869, 0x0E89, 0xDFBB, 0x9F8B, 0xDE72, 0xFF72, 0x5F93, 0xFFBB, 0x9FA3, 0xFF7A, 0xFE72, 0xBEC5, 0x1C44, 0x1D04, 0x1E04, 0x1D04, 
  0x3D04, 0x1E04, 0x1E04, 0x1E04, 0x1E04, 0x1E04, 0x1E04, 0x1E04, 0x1E04, 0x1E04, 0x1E04, 0x1E04, 0x1E04, 0x1E04, 0x1E04, 0x1E04, 
  0x1E04, 0x1E04, 0x1E04, 0x1E04, 0x1E04, 0x1E04, 0x1E04, 0x1E04, 0x1E04, 0x1E04, 0x1E04, 0x1E04, 0x1E04, 0x1E04, 0x1E04, 0x1E04, 
  0x1E04, 0x1E04, 0x1E04, 0x1E04, 0x1E04, 0x1E04, 0x1E04, 0x1E04, 0x1E04, 0x1E04, 0x1E04, 0x1E04, 0x1E04, 0x1E04, 0x1E04, 0x3E04, 
  0x1E04, 0x1E04, 0x1E04, 0x1E04, 0x1E04, 0x1E04, 0x1E04, 0x1E04, 0x1E04, 0x1E04, 0x1E04, 0x1E04, 0x1E04, 0x1E04, 0x1E04, 0x1E04, 
  0x1E04, 0x1E04, 0x1E04, 0x1E04, 0x1E04, 0x1E04, 0x1E04, 0x1E04, 0x1E04, 0x1E04, 0x1E04, 0x1E04, 0x1E04, 0x1E04, 0x1E04, 0x1E04, 
  0x1E04, 0x1E04, 0x1E04, 0x1E04, 0x1E04, 0x1E04, 0x1E04, 0x1E04, 0x1E04, 0x1E04, 0x1E04, 0x1E04, 0x1E04, 0x1E04, 0x1E04, 0x1E04, 
  0x1E04, 0x1E04, 0x1E04, 0x1E04, 0x1E04, 0x1E04, 0x1E04, 0x1E04, 0x1E04, 0x1E04, 0x1E04, 0x1E04, 0x1E04, 0x1E04, 0x1E04, 0x1E04, 
  0x1E04, 0x1E04, 0x1E04, 0x3D04, 0xFD23, 0x3ECE, 0xFE8B, 0xBF72, 0xFE72, 0x9FAB, 0xFFBB, 0x5BB3, 0x6B90, 0x0AA8, 0x4CA0, 0x8C90, 
  0x6880, 0x969A, 0x1FCC, 0xFFB3, 0x3E8B, 0x1E8B, 0xBFAB, 0x1FBC, 0x58A2, 0x2C90, 0xAA88, 0x8C80, 0x6B80, 0x4A90, 0x4B98, 0x8B88, 
  0x2CA8, 0x0BA0, 0x4CA8, 0xEC90, 0x4BA8, 0x6B98, 0xAB88, 0x4CA0, 0x2B98, 0x8B88, 0x8B80, 0x8B88, 0x6B88, 0x2BA0, 0x8988, 0xAA88, 
  0x4A98, 0x4B98, 0x2AA0, 0xACA0, 0x7EAB, 0x3E83, 0x5EBD, 0x1D7B, 0xDE72, 0xDFB3, 0x33B1, 0x2BA8, 0xCCA8, 0x2CB0, 0x8B98, 0x6A88, 
  0x0BA0, 0x4B90, 0xAC88, 0x6B90, 0x6C88, 0xCB78, 0x4B71, 0x4B98, 0x8CA0, 0xEA70, 0x8859, 0xAA51, 0x0B61, 0x0A61, 0xCA68, 0x4B59, 
  0xC959, 0xC849, 0x0D59, 0x2B71, 0xAB78, 0xC841, 0x0942, 0xAA80, 0xC988, 0x6959, 0xAC90, 0x0C79, 0xEA70, 0xCB70, 0xAB80, 0x4B70, 
  0x4C90, 0x2BA0, 0x8A88, 0x0879, 0xA859, 0xEA60, 0x4CA8, 0xEB90, 0x6959, 0x4969, 0x8B90, 0x0EA1, 0xEEA0, 0x8DA8, 0xCC80, 0x6951, 
  0xE851, 0xE968, 0x758A, 0x1FBC, 0xFF82, 0xDF72, 0x5F8B, 0xFEBB, 0xFFB3, 0x5F93, 0x9E6A, 0x1EB5, 0x7D9D, 0xDD0B, 0x3E04, 0x1D0C, 
  0x3D04, 0x3E04, 0x1E04, 0x1E04, 0x1E04, 0x1E04, 0x1E04, 0x1E04, 0x1E04, 0x1E04, 0x1E04, 0x1E04, 0x1E04, 0x1E04, 0x1E04, 0x1E04, 
  0x1E04, 0x1E04, 0x1E04, 0x1E04, 0x1E04, 0x1E04, 0x1E04, 0x1E04, 0x1E04, 0x1E04, 0x1E04, 0x1E04, 0x1E04, 0x1E04, 0x1E04, 0x1E04, 
  0x1E04, 0x1E04, 0x1E04, 0x1E04, 0x1E04, 0x1E04, 0x1E04, 0x1E04, 0x1E04, 0x1E04, 0x1E04, 0x1E04, 0x1E04, 0x1E04, 0x1E04, 0x3E04, 
  0x1E04, 0x1E04, 0x1E04, 0x1E04, 0x1E04, 0x1E04, 0x1E04, 0x1E04, 0x1E04, 0x1E04, 0x1E04, 0x1E04, 0x1E04, 0x1E04, 0x1E04, 0x1E04, 
  0x1E04, 0x1E04, 0x1E04, 0x1E04, 0x1E04, 0x1E04, 0x1E04, 0x1E04, 0x1E04, 0x1E04, 0x1E04, 0x1E04, 0x1E04, 0x1E04, 0x1E04, 0x1E04, 
  0x1E04, 0x1E04, 0x1E04, 0x1E04, 0x1E04, 0x1E04, 0x1E04, 0x1E04, 0x1E04, 0x1E04, 0x1E04, 0x1E04, 0x1E04, 0x1E04, 0x1E04, 0x1E04, 
  0x1E04, 0x1E04, 0x1E04, 0x1E04, 0x1E04, 0x1E04, 0x1E04, 0x1E04, 0x1E04, 0x1E04, 0x1E04, 0x1E04, 0x1E04, 0x1E04, 0x1E04, 0x1E04, 
  0x1E04, 0x1D04, 0x3E04, 0x1D04, 0xBD64, 0x1ECE, 0xBE72, 0xFF72, 0x3F83, 0xFFBB, 0x1FC4, 0xD5A1, 0x0AA0, 0x2BB0, 0x0DC0, 0xCA80, 
  0x2969, 0x6B59, 0xB792, 0xDFC3, 0x1FBC, 0xFFBB, 0xBEB3, 0xB6B1, 0xF2C8, 0x6CA0, 0x4A90, 0x6C70, 0x4C88, 0x4BA0, 0x6C90, 0x8C80, 
  0x2BA0, 0x4B98, 0xAB90, 0xAA98, 0x8BA0, 0x6B90, 0xAA78, 0x2961, 0x8A88, 0x2BA0, 0x4B88, 0x0C90, 0x0BA0, 0x0BA8, 0x6C90, 0x6B90, 
  0x6DA8, 0x4DB8, 0x0AA8, 0xAEA0, 0x9FB3, 0x3E8B, 0xBF72, 0xDF72, 0x3F83, 0x9EBB, 0xCEA0, 0x8DA8, 0x2DA1, 0x2B98, 0x4B88, 0x0A71, 
  0x6B98, 0x2B98, 0xAB78, 0x6C90, 0xAC80, 0x6A80, 0xEA78, 0xEA78, 0xB0C0, 0xAD80, 0xAB70, 0xCA70, 0xAB80, 0xCB78, 0x4A61, 0x2969, 
  0xE980, 0x6CB0, 0xCB78, 0xCB70, 0xCA70, 0xEA68, 0x4A61, 0x0B71, 0xAB88, 0xEA78, 0x6CA0, 0xCB78, 0x0A61, 0x8B88, 0x0969, 0xAA70, 
  0xAC88, 0x6A88, 0x4C98, 0x6B98, 0xE778, 0xC988, 0x4CA8, 0x8DB0, 0xAA69, 0x4A51, 0x2B71, 0xAB88, 0x2B88, 0x8A70, 0x2B51, 0x6951, 
  0x0942, 0xC849, 0xAB51, 0xBEB3, 0x7F9B, 0xBF72, 0x1F83, 0xBEB3, 0xDFBB, 0xDFAB, 0xBE7A, 0xDE8B, 0xBEDE, 0xFD2B, 0x1F04, 0x3D0C, 
  0x1E04, 0x1E04, 0x1D04, 0x1E04, 0x1E04, 0x1E04, 0x1E04, 0x1E04, 0x1E04, 0x1E04, 0x1E04, 0x1E04, 0x1E04, 0x1E04, 0x1E04, 0x1E04, 
  0x1E04, 0x1E04, 0x1E04, 0x1E04, 0x1E04, 0x1E04, 0x1E04, 0x1E04, 0x1E04, 0x1E04, 0x1E04, 0x1E04, 0x1E04, 0x1E04, 0x1E04, 0x1E04, 
  0x1E04, 0x1E04, 0x1E04, 0x1E04, 0x1E04, 0x1E04, 0x1E04, 0x1E04, 0x1E04, 0x1E04, 0x1E04, 0x1E04, 0x1E04, 0x1E04, 0x1E04, 0x3E04, 
  0x1E04, 0x1E04, 0x1E04, 0x1E04, 0x1E04, 0x1E04, 0x1E04, 0x1E04, 0x1E04, 0x1E04, 0x1E04, 0x1E04, 0x1E04, 0x1E04, 0x1E04, 0x1E04, 
  0x1E04, 0x1E04, 0x1E04, 0x1E04, 0x1E04, 0x1E04, 0x1E04, 0x1E04, 0x1E04, 0x1E04, 0x1E04, 0x1E04, 0x1E04, 0x1E04, 0x1E04, 0x1E04, 
  0x1E04, 0x1E04, 0x1E04, 0x1E04, 0x1E04, 0x1E04, 0x1E04, 0x1E04, 0x1E04, 0x1E04, 0x1E04, 0x1E04, 0x1E04, 0x1E04, 0x1E04, 0x1E04, 
  0x1E04, 0x1E04, 0x1E04, 0x1E04, 0x1E04, 0x1E04, 0x1E04, 0x1E04, 0x1E04, 0x1E04, 0x1E04, 0x1E04, 0x1E04, 0x1E04, 0x1E04, 0x1E04, 
  0x1E04, 0x1D04, 0x3D04, 0xBD0B, 0xFEB5, 0x9DA4, 0x9F6A, 0xDE7A, 0x9F9B, 0xDFBB, 0x7DBB, 0xAD98, 0x2BB0, 0x2CB8, 0x4DC0, 0x6B98, 
  0xAA78, 0xEA78, 0x2B78, 0xF198, 0xB6C1, 0x93A1, 0xED88, 0x0C98, 0xD1C0, 0x6CA8, 0x4A90, 0x6A80, 0x8A98, 0xE978, 0x0A81, 0x8C90, 
  0xC978, 0x6A90, 0xEB70, 0x2B59, 0x2A61, 0x2969, 0x8978, 0x0B89, 0xEB90, 0x6B98, 0x2C98, 0x0C98, 0x2A98, 0xE960, 0xCA78, 0x6FB8, 
  0x2BA8, 0x0CC0, 0x0CC0, 0x8C98, 0x5CAB, 0x9FA3, 0xDF72, 0xFE72, 0xFFAB, 0x99BA, 0xA978, 0xCA70, 0x8C80, 0x4B98, 0x6CA0, 0x0D91, 
  0xEA68, 0xCA78, 0xAA78, 0x8B80, 0xCB88, 0x4B98, 0x8B88, 0xE960, 0x4E99, 0x2C89, 0xAA78, 0xAC78, 0x8D88, 0xCB90, 0xAB88, 0x2B71, 
  0x6849, 0xCB80, 0x6971, 0x0971, 0x0DA1, 0xAB88, 0x8A59, 0x8B51, 0x0B71, 0x8B70, 0x0969, 0xE970, 0x0A69, 0x4A41, 0x0A79, 0x6B88, 
  0xC970, 0x4D89, 0x2DB0, 0x6CA0, 0xCCA0, 0x4C98, 0x2B90, 0x6CA0, 0x8DB0, 0xEA78, 0x4959, 0x2C61, 0x8C90, 0x6A80, 0xAA68, 0xAA80, 
  0xAA78, 0x6B49, 0x6949, 0x757A, 0xDFAB, 0xDE7A, 0xFF72, 0xBFAB, 0xDFBB, 0xFFBB, 0x5F93, 0xDD6A, 0x7EDE, 0x1E7D, 0xDE03, 0x3D04, 
  0x3E04, 0x1E04, 0x1D04, 0x1E04, 0x1E04, 0x1E04, 0x1E04, 0x1E04, 0x1E04, 0x1E04, 0x1E04, 0x1E04, 0x1E04, 0x1E04, 0x1E04, 0x1E04, 
  0x1E04, 0x1E04, 0x1E04, 0x1E04, 0x1E04, 0x1E04, 0x1E04, 0x1E04, 0x1E04, 0x1E04, 0x1E04, 0x1E04, 0x1E04, 0x1E04, 0x1E04, 0x1E04, 
  0x1E04, 0x1E04, 0x1E04, 0x1E04, 0x1E04, 0x1E04, 0x1E04, 0x1E04, 0x1E04, 0x1E04, 0x1E04, 0x1E04, 0x1E04, 0x1E04, 0x1E04, 0x3E04, 
  0x1E04, 0x1E04, 0x1E04, 0x1E04, 0x1E04, 0x1E04, 0x1E04, 0x1E04, 0x1E04, 0x1E04, 0x1E04, 0x1E04, 0x1E04, 0x1E04, 0x1E04, 0x1E04, 
  0x1E04, 0x1E04, 0x1E04, 0x1E04, 0x1E04, 0x1E04, 0x1E04, 0x1E04, 0x1E04, 0x1E04, 0x1E04, 0x1E04, 0x1E04, 0x1E04, 0x1E04, 0x1E04, 
  0x1E04, 0x1E04, 0x1E04, 0x1E04, 0x1E04, 0x1E04, 0x1E04, 0x1E04, 0x1E04, 0x1E04, 0x1E04, 0x1E04, 0x1E04, 0x1E04, 0x1E04, 0x1E04, 
  0x1E04, 0x1E04, 0x1E04, 0x1E04, 0x1E04, 0x1E04, 0x1E04, 0x1E04, 0x1E04, 0x1E04, 0x1E04, 0x1E04, 0x1E04, 0x1E04, 0x1E04, 0x1E04, 
  0x1E04, 0x1E04, 0x1E04, 0x7D44, 0x7FD6, 0x3E7B, 0xDF6A, 0x3E93, 0xDFB3, 0x1FBC, 0xB9AA, 0x8978, 0x4BA0, 0x6BA8, 0x4BB8, 0x4CA0, 
  0x2C88, 0x4C98, 0x0B81, 0xCA88, 0x2BB0, 0x2BB0, 0x2BB0, 0x2B90, 0x0CA0, 0x2BB0, 0x0A79, 0xEA80, 0xAA78, 0x8B80, 0x0A71, 0x6A90, 
  0x4B98, 0x0BB0, 0x2CA0, 0x4C98, 0x8BA8, 0xE980, 0x6A90, 0x2CB8, 0x8CA0, 0x4BA0, 0x0BB8, 0x2BB0, 0x8B88, 0xCA68, 0x8B90, 0x4CB0, 
  0x6DB0, 0x0FB9, 0x6A90, 0x4A80, 0xFAAA, 0x1FB4, 0xFE82, 0x5F9B, 0xFFB3, 0x2F99, 0x4A90, 0x8B90, 0x8B90, 0x8B88, 0x0FB1, 0x0E91, 
  0x8B78, 0x2969, 0x0A71, 0x4B98, 0x4CB0, 0x0CA0, 0x2DA0, 0xAA90, 0xCA70, 0xE968, 0x4A59, 0x6A49, 0x8951, 0x0B69, 0xCA80, 0x8969, 
  0x0A42, 0xE839, 0xE641, 0x0971, 0x2971, 0xEB78, 0x4951, 0x0742, 0x0A4A, 0xEA60, 0x4A69, 0x8951, 0x0A71, 0x6959, 0xAB80, 0x6B88, 
  0xAA90, 0xCDA8, 0x4B98, 0x8BA0, 0xAEA8, 0x4E90, 0x8B88, 0x8B90, 0x6B98, 0x6B90, 0xEA78, 0xAD88, 0x8A51, 0x6951, 0x8A51, 0xAB80, 
  0x2B98, 0x0A69, 0x2969, 0x2F91, 0xDFBB, 0x3F8B, 0xDF72, 0x5F9B, 0xDFBB, 0xDFBB, 0xDFAB, 0x9E6A, 0x3EB5, 0x5ECE, 0xFD1B, 0x1E04, 
  0x1D04, 0x1E04, 0x1E04, 0x1E04, 0x1E04, 0x1E04, 0x1E04, 0x1E04, 0x1E04, 0x1E04, 0x1E04, 0x1E04, 0x1E04, 0x1E04, 0x1E04, 0x1E04, 
  0x1E04, 0x1E04, 0x1E04, 0x1E04, 0x1E04, 0x1E04, 0x1E04, 0x1E04, 0x1E04, 0x1E04, 0x1E04, 0x1E04, 0x1E04, 0x1E04, 0x1E04, 0x1E04, 
  0x1E04, 0x1E04, 0x1E04, 0x1E04, 0x1E04, 0x1E04, 0x1E04, 0x1E04, 0x1E04, 0x1E04, 0x1E04, 0x1E04, 0x1E04, 0x1E04, 0x1E04, 0x3E04, 
  0x1E04, 0x1E04, 0x1E04, 0x1E04, 0x1E04, 0x1E04, 0x1E04, 0x1E04, 0x1E04, 0x1E04, 0x1E04, 0x1E04, 0x1E04, 0x1E04, 0x1E04, 0x1E04, 
  0x1E04, 0x1E04, 0x1E04, 0x1E04, 0x1E04, 0x1E04, 0x1E04, 0x1E04, 0x1E04, 0x1E04, 0x1E04, 0x1E04, 0x1E04, 0x1E04, 0x1E04, 0x1E04, 
  0x1E04, 0x1E04, 0x1E04, 0x1E04, 0x1E04, 0x1E04, 0x1E04, 0x1E04, 0x1E04, 0x1E04, 0x1E04, 0x1E04, 0x1E04, 0x1E04, 0x1E04, 0x1E04, 
  0x1E04, 0x1E04, 0x1E04, 0x1E04, 0x1E04, 0x1E04, 0x1E04, 0x1E04, 0x1E04, 0x1E04, 0x1E04, 0x1E04, 0x1E04, 0x1E04, 0x1D04, 0x1D04, 
  0x1E04, 0x1E04, 0xDD03, 0x9E85, 0x7DC5, 0x9E62, 0x1F7B, 0xDFB3, 0xBFB3, 0x1FBC, 0xD4A1, 0x6B90, 0x8C98, 0x4C98, 0x4CA0, 0xE978, 
  0x4969, 0x4869, 0x2A69, 0xCA80, 0x8B88, 0xCB80, 0xCA80, 0x0BB0, 0x2BA8, 0x4A98, 0x8B90, 0xAC98, 0x4C90, 0x6BA0, 0x6A98, 0x2AA8, 
  0x2DC8, 0x0BB0, 0x4BA0, 0x6CB8, 0x8CB8, 0x4BB0, 0x4CC0, 0xCA88, 0x6B88, 0x2CB0, 0x0CB0, 0x6B98, 0xEA80, 0x0CA8, 0x2CB8, 0x2AA0, 
  0xB0B0, 0x8EA1, 0xCA78, 0x0B80, 0xB9AA, 0xDFBB, 0xBFB3, 0x1FB4, 0x35A2, 0x8A80, 0x4AA0, 0x4CA0, 0x4CB8, 0x2AA0, 0x4B90, 0x6B90, 
  0x2969, 0x0A71, 0xCA78, 0xCA80, 0x2B69, 0xEA68, 0xCB88, 0x2A71, 0x8B88, 0x0A69, 0xAA41, 0xAB70, 0xAB88, 0xCA78, 0x6B88, 0x8B90, 
  0x0A69, 0xE851, 0xE849, 0x8951, 0xC849, 0xC841, 0x8951, 0x2842, 0xA849, 0x4961, 0x4A51, 0xEC70, 0xEA70, 0xEB70, 0xEC60, 0x4A59, 
  0xAA61, 0x8A90, 0xAA90, 0xAA78, 0x6B70, 0x4951, 0x2971, 0x8B90, 0x4BA0, 0x8B90, 0xEB90, 0x4BA0, 0xEB78, 0xAA80, 0x0B61, 0x6C61, 
  0x8B78, 0xAB80, 0xAA80, 0x6B90, 0xFABA, 0xBFA3, 0xBF72, 0x1F83, 0xFFBB, 0xBFBB, 0xDFAB, 0x1F83, 0x9C83, 0xFFE6, 0x5D4C, 0x1D04, 
  0x1E04, 0x1E04, 0x1E04, 0x1E04, 0x1E04, 0x1E04, 0x1E04, 0x1E04, 0x1E04, 0x1E04, 0x1E04, 0x1E04, 0x1E04, 0x1E04, 0x1E04, 0x1E04, 
  0x1E04, 0x1E04, 0x1E04, 0x1E04, 0x1E04, 0x1E04, 0x1E04, 0x1E04, 0x1E04, 0x1E04, 0x1E04, 0x1E04, 0x1E04, 0x1E04, 0x1E04, 0x1E04, 
  0x1E04, 0x1E04, 0x1E04, 0x1E04, 0x1E04, 0x1E04, 0x1E04, 0x1E04, 0x1E04, 0x1E04, 0x1E04, 0x1E04, 0x1E04, 0x1E04, 0x1E04, 0x3E04, 
  0x1E04, 0x1E04, 0x1E04, 0x1E04, 0x1E04, 0x1E04, 0x1E04, 0x1E04, 0x1E04, 0x1E04, 0x1E04, 0x1E04, 0x1E04, 0x1E04, 0x1E04, 0x1E04, 
  0x1E04, 0x1E04, 0x1E04, 0x1E04, 0x1E04, 0x1E04, 0x1E04, 0x1E04, 0x1E04, 0x1E04, 0x1E04, 0x1E04, 0x1E04, 0x1E04, 0x1E04, 0x1E04, 
  0x1E04, 0x1E04, 0x1E04, 0x1E04, 0x1E04, 0x1E04, 0x1E04, 0x1E04, 0x1E04, 0x1E04, 0x1E04, 0x1E04, 0x1E04, 0x1E04, 0x1E04, 0x1E04, 
  0x1E04, 0x1E04, 0x1E04, 0x1E04, 0x1E04, 0x1E04, 0x1E04, 0x1E04, 0x1E04, 0x1E04, 0x1E04, 0x1E04, 0x1E04, 0x1E04, 0x1D04, 0x1D04, 
  0x1E04, 0x1D04, 0xFD1B, 0x5FBE, 0x1DA4, 0xFE82, 0x9FA3, 0xFFBB, 0xDFB3, 0x1EB4, 0x9081, 0x6980, 0x8BA0, 0x6CB8, 0xCA80, 0x8861, 
  0x2871, 0x6BA8, 0x0BA8, 0x8A98, 0x6BA0, 0xAA78, 0xAA90, 0x0BB0, 0x4BA8, 0x6BA0, 0x2BA8, 0x8CA8, 0x2AA8, 0x8B90, 0x8FA9, 0xADB0, 
  0x2BA0, 0x2BA0, 0x8B90, 0xCB78, 0x8C90, 0x2CA8, 0x4BA8, 0x2B71, 0x8A90, 0x0BA8, 0x6A98, 0xAA78, 0x6A90, 0x2CA8, 0x4CA0, 0x4B88, 
  0x2AA0, 0x0B98, 0x2B98, 0x0FA1, 0xDEBB, 0x1FC4, 0xDFC3, 0x5592, 0xCA68, 0x4A61, 0x4A90, 0x4DB8, 0x8CA8, 0x4B98, 0x2CA8, 0x6A98, 
  0x8861, 0x6A80, 0xAB78, 0x0842, 0xCA51, 0x0C81, 0x8A80, 0xE970, 0x4971, 0x6C80, 0x6B88, 0xAB88, 0xCB80, 0x6B88, 0x4C90, 0xAA80, 
  0x6A59, 0x6751, 0xA859, 0x0A69, 0xAB70, 0xE849, 0x6959, 0xEA78, 0x6B90, 0x4A61, 0x4A59, 0x6B78, 0x6B78, 0x2B61, 0xAA41, 0xA949, 
  0x4A61, 0x8C80, 0xEB70, 0x4A61, 0xCC68, 0xE841, 0x8869, 0x8D90, 0x0C98, 0x2BA0, 0x2D98, 0x4B80, 0xCC80, 0x6C98, 0x6A59, 0x2A61, 
  0x6C98, 0xEB80, 0x2B61, 0x6980, 0x139A, 0xFFBB, 0xDE7A, 0xDF72, 0x9FAB, 0xDFBB, 0xDFB3, 0xDFAB, 0xBD72, 0x9FDE, 0x5E8D, 0xDD0B, 
  0x1E04, 0x1E04, 0x1E04, 0x1E04, 0x1E04, 0x1E04, 0x1E04, 0x1E04, 0x1E04, 0x1E04, 0x1E04, 0x1E04, 0x1E04, 0x1E04, 0x1E04, 0x1E04, 
  0x1E04, 0x1E04, 0x1E04, 0x1E04, 0x1E04, 0x1E04, 0x1E04, 0x1E04, 0x1E04, 0x1E04, 0x1E04, 0x1E04, 0x1E04, 0x1E04, 0x1E04, 0x1E04, 
  0x1E04, 0x1E04, 0x1E04, 0x1E04, 0x1E04, 0x1E04, 0x1E04, 0x1E04, 0x1E04, 0x1E04, 0x1E04, 0x1E04, 0x1E04, 0x1E04, 0x1E04, 0x3E04, 
  0x1E04, 0x1E04, 0x1E04, 0x1E04, 0x1E04, 0x1E04, 0x1E04, 0x1E04, 0x1E04, 0x1E04, 0x1E04, 0x1E04, 0x1E04, 0x1E04, 0x1E04, 0x1E04, 
  0x1E04, 0x1E04, 0x1E04, 0x1E04, 0x1E04, 0x1E04, 0x1E04, 0x1E04, 0x1E04, 0x1E04, 0x1E04, 0x1E04, 0x1E04, 0x1E04, 0x1E04, 0x1E04, 
  0x1E04, 0x1E04, 0x1E04, 0x1E04, 0x1E04, 0x1E04, 0x1E04, 0x1E04, 0x1E04, 0x1E04, 0x1E04, 0x1E04, 0x1E04, 0x1E04, 0x1E04, 0x1E04, 
  0x1E04, 0x1E04, 0x1E04, 0x1E04, 0x1E04, 0x1E04, 0x1E04, 0x1E04, 0x1E04, 0x1E04, 0x1E04, 0x1E04, 0x1E04, 0x1E04, 0x3E04, 0x3D04, 
  0x3D04, 0xFE03, 0xBD5C, 0x1DD6, 0x7D9B, 0xBFAB, 0xBFBB, 0xDFB3, 0xDFB3, 0xFFBB, 0xD279, 0x6A78, 0x0A98, 0x2DA8, 0xAB88, 0xA980, 
  0x2A90, 0x8C88, 0x2C88, 0x4C90, 0x2CA8, 0x4B90, 0x4BA0, 0x4CA8, 0xACA8, 0x8BB0, 0x6B88, 0x6A98, 0xE978, 0x4C90, 0x4DA0, 0xAFA8, 
  0x6DB0, 0x4BA8, 0x4B98, 0x6B88, 0xAC78, 0x6C80, 0x8B88, 0x0B69, 0xEA80, 0x4BA8, 0x2A69, 0x0A81, 0x4BA0, 0x8C80, 0x6D98, 0x4BA0, 
  0x2BA8, 0xAB78, 0x8B60, 0x5299, 0x97A2, 0xD6B9, 0xD198, 0x4B80, 0x8B98, 0xCA88, 0xCA70, 0x8B80, 0x4B88, 0xAEC0, 0xCC98, 0x4B80, 
  0x4CA0, 0x2CA0, 0x4D98, 0x2A79, 0x8B88, 0x6D88, 0x0C61, 0xEA70, 0xE851, 0xCA80, 0x2C98, 0x8C88, 0xA959, 0x6959, 0xCA60, 0x0832, 
  0x6A49, 0xAB78, 0xCB88, 0xAB80, 0x8C80, 0xCB78, 0x2B90, 0x6B88, 0xEB78, 0xA949, 0x6B88, 0x6969, 0x4B69, 0xAA70, 0xEB58, 0x482A, 
  0x2A59, 0x8B88, 0x4A51, 0x2A51, 0x0B71, 0x2971, 0x2961, 0x0A61, 0x4B98, 0x6BA0, 0x8D68, 0xCE78, 0xCA78, 0xCC80, 0xAB88, 0x4B98, 
  0x2CA8, 0xAB88, 0x8A88, 0x0AA8, 0x9199, 0xFFBB, 0x3E83, 0xDF72, 0x5F93, 0xDFBB, 0xDFBB, 0xFFBB, 0xBE7A, 0x1DB5, 0xFDBD, 0xBD1B, 
  0x3E04, 0x1E04, 0x1E04, 0x1E04, 0x1E04, 0x1E04, 0x1E04, 0x1E04, 0x1E04, 0x1E04, 0x1E04, 0x1E04, 0x1E04, 0x1E04, 0x1E04, 0x1E04, 
  0x1E04, 0x1E04, 0x1E04, 0x1E04, 0x1E04, 0x1E04, 0x1E04, 0x1E04, 0x1E04, 0x1E04, 0x1E04, 0x1E04, 0x1E04, 0x1E04, 0x1E04, 0x1E04, 
  0x1E04, 0x1E04, 0x1E04, 0x1E04, 0x1E04, 0x1E04, 0x1E04, 0x1E04, 0x1E04, 0x1E04, 0x1E04, 0x1E04, 0x1E04, 0x1E04, 0x1E04, 0x3E04, 
  0x1E04, 0x1E04, 0x1E04, 0x1E04, 0x1E04, 0x1E04, 0x1E04, 0x1E04, 0x1E04, 0x1E04, 0x1E04, 0x1E04, 0x1E04, 0x1E04, 0x1E04, 0x1E04, 
  0x1E04, 0x1E04, 0x1E04, 0x1E04, 0x1E04, 0x1E04, 0x1E04, 0x1E04, 0x1E04, 0x1E04, 0x1E04, 0x1E04, 0x1E04, 0x1E04, 0x1E04, 0x1E04, 
  0x1E04, 0x1E04, 0x1E04, 0x1E04, 0x1E04, 0x1E04, 0x1E04, 0x1E04, 0x1E04, 0x1E04, 0x1E04, 0x1E04, 0x1E04, 0x1E04, 0x1E04, 0x1E04, 
  0x1E04, 0x1E04, 0x1E04, 0x1E04, 0x1E04, 0x1E04, 0x1E04, 0x1E04, 0x1E04, 0x1E04, 0x1E04, 0x1E04, 0x1E04, 0x3E04, 0x3E04, 0x1D04, 
  0x3D04, 0xDD0B, 0xDE95, 0x1DBD, 0x7EA3, 0xFFBB, 0xDFB3, 0xDFB3, 0xBFBB, 0xBFC3, 0xBEB3, 0x1BAB, 0xD6B1, 0x1099, 0xB098, 0xD0B0, 
  0x6B90, 0x0B90, 0x4BA0, 0x6A90, 0x4B90, 0x6B88, 0xEB78, 0xCC80, 0x6BA0, 0x6A98, 0xADA0, 0x4CA0, 0x8A78, 0x0A79, 0x8A88, 0x8CA0, 
  0x6A90, 0x6CA8, 0x6EC8, 0xAC90, 0xAB70, 0x6D78, 0x8C98, 0xCA70, 0x0A71, 0x8B80, 0x2B59, 0xEB78, 0x6B80, 0xE960, 0x8C90, 0x2DC0, 
  0xA990, 0x4A61, 0xCB78, 0x2A88, 0x2B80, 0x0C78, 0x0C90, 0x2BA8, 0x2CA8, 0x0BA0, 0x8B98, 0xAB88, 0x0CA8, 0x6BA8, 0x2B71, 0x8C80, 
  0x2BA0, 0xCB80, 0xAB88, 0x0A69, 0xCB70, 0x6A61, 0x4A51, 0xAC68, 0x8959, 0x4A88, 0xCB80, 0xCB70, 0xA851, 0xC849, 0x6B61, 0x4A51, 
  0xAA78, 0xEA78, 0xAD98, 0xEC68, 0xAC78, 0xCB70, 0xCB80, 0x4A98, 0xEB80, 0x4961, 0x4C88, 0xCA78, 0x2B69, 0x2B71, 0x8C90, 0xAA49, 
  0x691A, 0xEB60, 0x8B80, 0x0B61, 0xAA88, 0xE978, 0x4C90, 0xAB98, 0x2B71, 0xAC68, 0xA970, 0x0D89, 0xEC78, 0xCB88, 0x2BA0, 0x8B78, 
  0xEA78, 0xCA88, 0x2A79, 0xC878, 0xEF80, 0xDFBB, 0x7F93, 0xDF72, 0x1F83, 0xFFB3, 0xBFB3, 0xDFBB, 0x5F93, 0x9D8B, 0xBFE6, 0x1E3C, 
  0x1E04, 0x3D04, 0x1E04, 0x1E04, 0x1E04, 0x1E04, 0x1E04, 0x1E04, 0x1E04, 0x1E04, 0x1E04, 0x1E04, 0x1E04, 0x1E04, 0x1E04, 0x1E04, 
  0x1E04, 0x1E04, 0x1E04, 0x1E04, 0x1E04, 0x1E04, 0x1E04, 0x1E04, 0x1E04, 0x1E04, 0x1E04, 0x1E04, 0x1E04, 0x1E04, 0x1E04, 0x1E04, 
  0x1E04, 0x1E04, 0x1E04, 0x1E04, 0x1E04, 0x1E04, 0x1E04, 0x1E04, 0x1E04, 0x1E04, 0x1E04, 0x1E04, 0x1E04, 0x1E04, 0x1E04, 0x3E04, 
  0x1E04, 0x1E04, 0x1E04, 0x1E04, 0x1E04, 0x1E04, 0x1E04, 0x1E04, 0x1E04, 0x1E04, 0x1E04, 0x1E04, 0x1E04, 0x1E04, 0x1E04, 0x1E04, 
  0x1E04, 0x1E04, 0x1E04, 0x1E04, 0x1E04, 0x1E04, 0x1E04, 0x1E04, 0x1E04, 0x1E04, 0x1E04, 0x1E04, 0x1E04, 0x1E04, 0x1E04, 0x1E04, 
  0x1E04, 0x1E04, 0x1E04, 0x1E04, 0x1E04, 0x1E04, 0x1E04, 0x1E04, 0x1E04, 0x1E04, 0x1E04, 0x1E04, 0x1E04, 0x1E04, 0x1E04, 0x1E04, 
  0x1E04, 0x1E04, 0x1E04, 0x1E04, 0x1E04, 0x1E04, 0x1E04, 0x1E04, 0x1E04, 0x1E04, 0x1E04, 0x1E04, 0x1E04, 0x3E04, 0x3E04, 0x1D04, 
  0x1D04, 0x3D24, 0x7EC6, 0xFCA3, 0xDFB3, 0xDFB3, 0xDFAB, 0xBEAB, 0xDEAB, 0xBFB3, 0xBFB3, 0xDFBB, 0xDFC3, 0xFEBB, 0xBEB3, 0xBFBB, 
  0x1AB3, 0x72A9, 0x4BA8, 0xEA88, 0x8A78, 0x6B90, 0x2BA8, 0x4EC0, 0x6CB8, 0x6BB0, 0x2DB8, 0x2DC0, 0x8B80, 0xEA80, 0x8CB0, 0x4DC0, 
  0x2CB0, 0x2BB8, 0x6CC8, 0x8EC0, 0x6EA0, 0x6C98, 0xCEA8, 0xAB88, 0xCB80, 0xCB80, 0xEC70, 0xAB70, 0xAB88, 0xCB80, 0xAC90, 0x4CA0, 
  0xA980, 0x0981, 0x6DB0, 0x8DB8, 0x6B88, 0x8C80, 0x0BA0, 0x6BA0, 0x8CA8, 0x6C90, 0x8D88, 0xCB88, 0x0BB8, 0x8A98, 0x6961, 0xCB70, 
  0x6B88, 0x6A59, 0x6951, 0x6949, 0xA951, 0x6859, 0x6B78, 0x0961, 0x2B71, 0xEB70, 0x8A51, 0x2B51, 0x2A71, 0x8C81, 0x6A59, 0x2969, 
  0x2969, 0xEA70, 0xAC70, 0xAB70, 0xA980, 0x4C71, 0x6A61, 0x2C90, 0x4D90, 0x4B88, 0x4BA0, 0x4B88, 0x0961, 0xAA59, 0xAC98, 0xEA58, 
  0x8949, 0x8B78, 0x4B80, 0x4C79, 0x2B71, 0xC841, 0xCC78, 0xEA70, 0x6B59, 0xCA78, 0x8A90, 0x6A80, 0x8B88, 0x8A78, 0x8B80, 0x2959, 
  0x8951, 0x0B79, 0x8C61, 0xC841, 0xCB78, 0x9DC3, 0xBFA3, 0xDE72, 0xDE72, 0x9F9B, 0xFFBB, 0xFFBB, 0xDFAB, 0xDD72, 0xDDCD, 0x7E64, 
  0x1D04, 0x1D04, 0x1E04, 0x1E04, 0x1E04, 0x1E04, 0x1E04, 0x1E04, 0x1E04, 0x1E04, 0x1E04, 0x1E04, 0x1E04, 0x1E04, 0x1E04, 0x1E04, 
  0x1E04, 0x1E04, 0x1E04, 0x1E04, 0x1E04, 0x1E04, 0x1E04, 0x1E04, 0x1E04, 0x1E04, 0x1E04, 0x1E04, 0x1E04, 0x1E04, 0x1E04, 0x1E04, 
  0x1E04, 0x1E04, 0x1E04, 0x1E04, 0x1E04, 0x1E04, 0x1E04, 0x1E04, 0x1E04, 0x1E04, 0x1E04, 0x1E04, 0x1E04, 0x1E04, 0x1E04, 0x3E04, 
  0x1E04, 0x1E04, 0x1E04, 0x1E04, 0x1E04, 0x1E04, 0x1E04, 0x1E04, 0x1E04, 0x1E04, 0x1E04, 0x1E04, 0x1E04, 0x1E04, 0x1E04, 0x1E04, 
  0x1E04, 0x1E04, 0x1E04, 0x1E04, 0x1E04, 0x1E04, 0x1E04, 0x1E04, 0x1E04, 0x1E04, 0x1E04, 0x1E04, 0x1E04, 0x1E04, 0x1E04, 0x1E04, 
  0x1E04, 0x1E04, 0x1E04, 0x1E04, 0x1E04, 0x1E04, 0x1E04, 0x1E04, 0x1E04, 0x1E04, 0x1E04, 0x1E04, 0x1E04, 0x1E04, 0x1E04, 0x1E04, 
  0x1E04, 0x1E04, 0x1E04, 0x1E04, 0x1E04, 0x1E04, 0x1E04, 0x1E04, 0x1E04, 0x1E04, 0x1E04, 0x1E04, 0x1E04, 0x1E04, 0x1E04, 0x1D0C, 
  0xDD03, 0xDD44, 0xDDC5, 0x7EA3, 0xDFB3, 0xDFAB, 0xBFB3, 0xDFBB, 0xFFBB, 0xDFBB, 0xFEB3, 0xFFB3, 0xFFBB, 0xDFC3, 0xBFB3, 0xDFAB, 
  0xFFB3, 0xFFCB, 0x9299, 0x6990, 0x4BA8, 0x6CA0, 0x0BB0, 0x0DB0, 0x4CB0, 0x6B98, 0x4DB8, 0x2DC0, 0x4BA0, 0x4BA0, 0x6CB0, 0x4CB8, 
  0xEDA8, 0x6B98, 0x0BA0, 0x8DB0, 0x8DA8, 0x4B98, 0x6D80, 0x4C98, 0x6B98, 0xCB78, 0x6B90, 0x6CA8, 0x8C98, 0xAA88, 0x2A69, 0x4A90, 
  0x2DA8, 0x6DA8, 0x8CB0, 0x4CB8, 0x4AA0, 0xCB80, 0x6DA0, 0x8B88, 0x8CA0, 0x4B90, 0x2B51, 0xEC70, 0x0DB0, 0x4CB8, 0x6AA0, 0xAA78, 
  0xCB80, 0xCB68, 0x8B70, 0xEA70, 0xEA68, 0xC949, 0x2A61, 0x8969, 0xEA68, 0x0A42, 0x6951, 0x8B70, 0xAC78, 0xCB88, 0xE980, 0xCB80, 
  0xCC68, 0x6C78, 0xAC80, 0x0BA0, 0x6FC8, 0x72D9, 0x8B90, 0xCA70, 0xAA70, 0x8970, 0x6B80, 0x4D90, 0xAB78, 0xAA59, 0x4C89, 0x32A9, 
  0x4E71, 0x4A59, 0x0A71, 0x2B81, 0x2D79, 0x4B51, 0x6949, 0xA859, 0x8A80, 0x0CA1, 0x8D90, 0x4C80, 0xEB68, 0x0A69, 0x2B71, 0x0B61, 
  0xAA88, 0x0A61, 0x0B59, 0xAB78, 0xCD80, 0xBEBB, 0x9FA3, 0x5D83, 0x5D83, 0x5F93, 0xFFBB, 0xDFBB, 0xDFBB, 0xDE7A, 0xFDAC, 0x5D95, 
  0xBD0B, 0x3E04, 0x1D04, 0x1E04, 0x1E04, 0x1E04, 0x1E04, 0x1E04, 0x1E04, 0x1E04, 0x1E04, 0x1E04, 0x1E04, 0x1E04, 0x1E04, 0x1E04, 
  0x1E04, 0x1E04, 0x1E04, 0x1E04, 0x1E04, 0x1E04, 0x1E04, 0x1E04, 0x1E04, 0x1E04, 0x1E04, 0x1E04, 0x1E04, 0x1E04, 0x1E04, 0x1E04, 
  0x1E04, 0x1E04, 0x1E04, 0x1E04, 0x1E04, 0x1E04, 0x1E04, 0x1E04, 0x1E04, 0x1E04, 0x1E04, 0x1E04, 0x1E04, 0x1E04, 0x1E04, 0x3E04, 
  0x1E04, 0x1E04, 0x1E04, 0x1E04, 0x1E04, 0x1E04, 0x1E04, 0x1E04, 0x1E04, 0x1E04, 0x1E04, 0x1E04, 0x1E04, 0x1E04, 0x1E04, 0x1E04, 
  0x1E04, 0x1E04, 0x1E04, 0x1E04, 0x1E04, 0x1E04, 0x1E04, 0x1E04, 0x1E04, 0x1E04, 0x1E04, 0x1E04, 0x1E04, 0x1E04, 0x1E04, 0x1E04, 
  0x1E04, 0x1E04, 0x1E04, 0x1E04, 0x1E04, 0x1E04, 0x1E04, 0x1E04, 0x1E04, 0x1E04, 0x1E04, 0x1E04, 0x1E04, 0x1E04, 0x1E04, 0x1E04, 
  0x1E04, 0x1E04, 0x1E04, 0x1E04, 0x1E04, 0x1E04, 0x1E04, 0x1E04, 0x1E04, 0x1E04, 0x1E04, 0x1E04, 0x1D04, 0x1D04, 0x1E04, 0x3D04, 
  0xDC03, 0x9D8D, 0xDDBC, 0x9FA3, 0xBEB3, 0xDFB3, 0xDFB3, 0xFFB3, 0x7F93, 0xDE82, 0xFE8A, 0x5F93, 0x5E93, 0x3D93, 0x9D93, 0xDE9B, 
  0x5DA3, 0xDFB3, 0x9DB3, 0x8DA0, 0x0AB0, 0x2CB0, 0x4BA0, 0x4B90, 0x6B88, 0x4A90, 0x6CA8, 0x8CB0, 0x0BB8, 0x2BB0, 0x2BA0, 0x4B90, 
  0x6A69, 0xEA78, 0x0AA8, 0x2AA8, 0x2BA8, 0x4CC0, 0xADA8, 0x2CA8, 0x0CA8, 0x2B98, 0x4BA8, 0x6A98, 0x2B90, 0x4B98, 0x6A98, 0x2DC0, 
  0x2CB0, 0x4CC0, 0x4CB8, 0x0BC0, 0x2BA8, 0x4C70, 0x4DA8, 0x2BA8, 0x2C98, 0x2B88, 0x70A9, 0x6C98, 0x6B88, 0x4869, 0xEA88, 0xAB90, 
  0x0B69, 0x2B61, 0x0C61, 0x4A69, 0xAA80, 0xC949, 0x2959, 0x0A71, 0x4971, 0xE960, 0x2A61, 0x6A61, 0xCB68, 0xAB78, 0xAB90, 0xEB78, 
  0x0A71, 0x2A69, 0x6969, 0x4AA0, 0x6D98, 0x2CA8, 0x2AB0, 0xCA98, 0x8A88, 0xCC88, 0x8C98, 0x8C90, 0x2A59, 0x6A61, 0x2A61, 0xAD90, 
  0x2C81, 0x0A59, 0x6959, 0xEA80, 0x6B88, 0xAA60, 0x6851, 0x6951, 0xEB58, 0x8951, 0xEB70, 0x0C98, 0xEA70, 0x4B61, 0x8961, 0x0A61, 
  0x8B98, 0x0B61, 0x8B88, 0xEA78, 0x8E71, 0xFFC3, 0x5FA3, 0xBCAC, 0x9EC5, 0xBE7A, 0xFFB3, 0xFFBB, 0xDFBB, 0x3E8B, 0xDE8B, 0x9EAD, 
  0xBE13, 0x3E04, 0x1E04, 0x1E04, 0x1E04, 0x1E04, 0x1E04, 0x1E04, 0x1E04, 0x1E04, 0x1E04, 0x1E04, 0x1E04, 0x1E04, 0x1E04, 0x1E04, 
  0x1E04, 0x1E04, 0x1E04, 0x1E04, 0x1E04, 0x1E04, 0x1E04, 0x1E04, 0x1E04, 0x1E04, 0x1E04, 0x1E04, 0x1E04, 0x1E04, 0x1E04, 0x1E04, 
  0x1E04, 0x1E04, 0x1E04, 0x1E04, 0x1E04, 0x1E04, 0x1E04, 0x1E04, 0x1E04, 0x1E04, 0x1E04, 0x1E04, 0x1E04, 0x1E04, 0x1E04, 0x3E04, 
  0x1E04, 0x1E04, 0x1E04, 0x1E04, 0x1E04, 0x1E04, 0x1E04, 0x1E04, 0x1E04, 0x1E04, 0x1E04, 0x1E04, 0x1E04, 0x1E04, 0x1E04, 0x1E04, 
  0x1E04, 0x1E04, 0x1E04, 0x1E04, 0x1E04, 0x1E04, 0x1E04, 0x1E04, 0x1E04, 0x1E04, 0x1E04, 0x1E04, 0x1E04, 0x1E04, 0x1E04, 0x1E04, 
  0x1E04, 0x1E04, 0x1E04, 0x1E04, 0x1E04, 0x1E04, 0x1E04, 0x1E04, 0x1E04, 0x1E04, 0x1E04, 0x1E04, 0x1E04, 0x1E04, 0x1E04, 0x1E04, 
  0x1E04, 0x1E04, 0x1E04, 0x1E04, 0x1E04, 0x1E04, 0x1E04, 0x1E04, 0x1E04, 0x1E04, 0x1E04, 0x3D04, 0x3D04, 0x1E04, 0x1D04, 0x1E04, 
  0x3D24, 0xFEB5, 0xDEA3, 0xDFAB, 0xBFAB, 0xFFB3, 0xBFA3, 0xBF7A, 0xBD6A, 0xDD8B, 0xBEA4, 0x1EB5, 0x9EC5, 0x9EDE, 0x9FF7, 0xDFF7, 
  0x3DD6, 0x7C8B, 0xFFB3, 0x37AA, 0x4AA0, 0x4CB0, 0x0CB8, 0x6CB0, 0x8B90, 0x4BA0, 0x8A88, 0xAA88, 0x0BA8, 0x0AB0, 0x4DC0, 0x8D98, 
  0xEB78, 0x6B98, 0x4AA0, 0x6AA8, 0x4DB8, 0x2DC0, 0x4DC8, 0x0BA0, 0x2A98, 0x2A98, 0x4AA0, 0x6BA0, 0x8C98, 0xEC90, 0x6CA0, 0x4BA0, 
  0xACA8, 0x0BA8, 0x2A98, 0x6BA0, 0xAA88, 0xCB70, 0x0BA0, 0xAC90, 0xCC78, 0x2B90, 0x0D91, 0x4C98, 0xAB88, 0xE968, 0xE980, 0x8B88, 
  0xAA88, 0x2A71, 0xAB78, 0xCC70, 0x0B61, 0xAD58, 0x0E81, 0xCC98, 0xC759, 0x8A59, 0xAB80, 0xCB60, 0x4951, 0xCB78, 0xAB80, 0x6A90, 
  0x8B98, 0x8A69, 0xCA78, 0x6CB8, 0x8BA0, 0x6A88, 0xAA98, 0xCA80, 0x6B98, 0xEA80, 0x6BA0, 0x4BB8, 0xEB70, 0xC939, 0x6959, 0xEA68, 
  0x0B69, 0x8C90, 0xAC80, 0x6B88, 0x2A98, 0x8C80, 0x6C90, 0x2B61, 0xAB59, 0xCB70, 0xEA68, 0x2871, 0xAB80, 0x4D70, 0x0A59, 0xE941, 
  0x8B78, 0x2C90, 0x2B90, 0x6B80, 0x2F72, 0x3FC4, 0x5E9B, 0x7DBD, 0x7FF7, 0xFC7A, 0x9FA3, 0xFFBB, 0xFFB3, 0x9FA3, 0x3D7B, 0x7D94, 
  0xFE23, 0x3E04, 0x1E04, 0x1E04, 0x1E04, 0x1E04, 0x1E04, 0x1E04, 0x1E04, 0x1E04, 0x1E04, 0x1E04, 0x1E04, 0x1E04, 0x1E04, 0x1E04, 
  0x1E04, 0x1E04, 0x1E04, 0x1E04, 0x1E04, 0x1E04, 0x1E04, 0x1E04, 0x1E04, 0x1E04, 0x1E04, 0x1E04, 0x1E04, 0x1E04, 0x1E04, 0x1E04, 
  0x1E04, 0x1E04, 0x1E04, 0x1E04, 0x1E04, 0x1E04, 0x1E04, 0x1E04, 0x1E04, 0x1E04, 0x1E04, 0x1E04, 0x1E04, 0x1E04, 0x1E04, 0x3E04, 
  0x1E04, 0x1E04, 0x1E04, 0x1E04, 0x1E04, 0x1E04, 0x1E04, 0x1E04, 0x1E04, 0x1E04, 0x1E04, 0x1E04, 0x1E04, 0x1E04, 0x1E04, 0x1E04, 
  0x1E04, 0x1E04, 0x1E04, 0x1E04, 0x1E04, 0x1E04, 0x1E04, 0x1E04, 0x1E04, 0x1E04, 0x1E04, 0x1E04, 0x1E04, 0x1E04, 0x1E04, 0x1E04, 
  0x1E04, 0x1E04, 0x1E04, 0x1E04, 0x1E04, 0x1E04, 0x1E04, 0x1E04, 0x1E04, 0x1E04, 0x1E04, 0x1E04, 0x1E04, 0x1E04, 0x1E04, 0x1E04, 
  0x1E04, 0x1E04, 0x1E04, 0x1E04, 0x1E04, 0x1E04, 0x1E04, 0x1E04, 0x1E04, 0x1E04, 0x1E04, 0x3D04, 0x3D04, 0xFE03, 0x3D04, 0x1E04, 
  0x7E4C, 0x3DBD, 0x7E9B, 0xDFAB, 0xBFAB, 0xDFA3, 0xBF7A, 0x5C7B, 0x3ECE, 0xFFFF, 0xFFFF, 0xFFFF, 0xFFFF, 0xFFFF, 0xFFFF, 0xFFFF, 
  0xFFFF, 0x7EDE, 0x5D8B, 0xDFBB, 0xEFA0, 0x0BA8, 0xB0D0, 0x4EC8, 0x4DC8, 0x2DB8, 0x2CA0, 0x2BA0, 0x2BB0, 0x8BA0, 0x4AB0, 0x6BB0, 
  0x6B90, 0xCB80, 0xCA78, 0x2BA0, 0x6BA0, 0x6C90, 0x6CA0, 0x4AA0, 0x8B80, 0x6C98, 0x2B98, 0xEA78, 0x0961, 0x6B61, 0xED70, 0x0B71, 
  0xAA88, 0x2CA0, 0x6B88, 0x8B80, 0x8C90, 0x6B80, 0x0B90, 0xAB80, 0xAA78, 0x4B90, 0xEB68, 0x6C88, 0x8C90, 0xCA78, 0xAA80, 0x4D98, 
  0xCC80, 0xCA78, 0xAB88, 0x2A69, 0x8CA0, 0x6C98, 0xEB80, 0xAD98, 0xA949, 0xAA49, 0xAC78, 0x0A61, 0x4A71, 0xAB90, 0xEA48, 0x0A59, 
  0x8C88, 0xEA68, 0xAC98, 0x2BB8, 0x4DB8, 0xEB78, 0x0A79, 0x8B80, 0x4CB0, 0x8DA8, 0x6DA8, 0xAA90, 0xEA70, 0xE941, 0x8832, 0x2832, 
  0xEC70, 0x2C98, 0xAB80, 0x2A69, 0x0A69, 0x8B90, 0x6C88, 0xCC70, 0x4B98, 0x2B98, 0xCB88, 0x6B89, 0x6C90, 0xAB80, 0xCB61, 0x2D71, 
  0xAA78, 0xEB78, 0x2B90, 0x0BA0, 0x77A2, 0x1FC4, 0x1D93, 0x7ED6, 0xFFFF, 0x5D9C, 0x1E8B, 0xFFBB, 0xBFAB, 0xBFB3, 0x1E7B, 0x9F83, 
  0xFD33, 0x1D04, 0x1E04, 0x1E04, 0x1E04, 0x1E04, 0x1E04, 0x1E04, 0x1E04, 0x1E04, 0x1E04, 0x1E04, 0x1E04, 0x1E04, 0x1E04, 0x1E04, 
  0x1E04, 0x1E04, 0x1E04, 0x1E04, 0x1E04, 0x1E04, 0x1E04, 0x1E04, 0x1E04, 0x1E04, 0x1E04, 0x1E04, 0x1E04, 0x1E04, 0x1E04, 0x1E04, 
  0x1E04, 0x1E04, 0x1E04, 0x1E04, 0x1E04, 0x1E04, 0x1E04, 0x1E04, 0x1E04, 0x1E04, 0x1E04, 0x1E04, 0x1E04, 0x1E04, 0x1E04, 0x3E04, 
  0x1E04, 0x1E04, 0x1E04, 0x1E04, 0x1E04, 0x1E04, 0x1E04, 0x1E04, 0x1E04, 0x1E04, 0x1E04, 0x1E04, 0x1E04, 0x1E04, 0x1E04, 0x1E04, 
  0x1E04, 0x1E04, 0x1E04, 0x1E04, 0x1E04, 0x1E04, 0x1E04, 0x1E04, 0x1E04, 0x1E04, 0x1E04, 0x1E04, 0x1E04, 0x1E04, 0x1E04, 0x1E04, 
  0x1E04, 0x1E04, 0x1E04, 0x1E04, 0x1E04, 0x1E04, 0x1E04, 0x1E04, 0x1E04, 0x1E04, 0x1E04, 0x1E04, 0x1E04, 0x1E04, 0x1E04, 0x1E04, 
  0x1E04, 0x1E04, 0x1E04, 0x1E04, 0x1E04, 0x1E04, 0x1E04, 0x1E04, 0x1E04, 0x1E04, 0x1E04, 0x1E04, 0x1E04, 0x1E0C, 0x3D04, 0x1D04, 
  0x7E6C, 0xFEA3, 0x9FAB, 0xDFB3, 0xDFB3, 0xFE82, 0x5D7B, 0x3FEF, 0xFFFF, 0xFFFF, 0xDFFF, 0xFFFF, 0xFFFF, 0xFFFF, 0xFFFF, 0xFEFF, 
  0xBEFF, 0xFFFF, 0x9DA4, 0xBFAB, 0x57B2, 0x6BA8, 0x4B98, 0x2CA8, 0x6BA8, 0x4B98, 0x4C98, 0x8B98, 0x2DB8, 0xABA0, 0xAC88, 0xEA60, 
  0xEA70, 0x4969, 0xCB70, 0x2D98, 0x6BA8, 0xCC80, 0xEC90, 0x0AA0, 0x4DA8, 0x4DB8, 0x4B98, 0x6A88, 0xCA80, 0xEC70, 0x8C70, 0x6B80, 
  0x6A90, 0x6CA0, 0x4CA0, 0x8BA8, 0x6A88, 0x2CA0, 0xAA78, 0x8B90, 0x2C98, 0x2B90, 0x4C90, 0x4A98, 0x6B98, 0x6B90, 0xCA78, 0x8C80, 
  0x4C88, 0xCA68, 0x0C71, 0x2869, 0xAB90, 0x2EC8, 0x6B90, 0x8B80, 0x4D78, 0x8C80, 0x4A71, 0x6959, 0x4B71, 0xA859, 0x8B51, 0x6B80, 
  0x4CA0, 0x8C90, 0x6BA0, 0x4BA0, 0x4C88, 0x4B61, 0x0B61, 0x2CA0, 0x2CA0, 0x6C98, 0xEA88, 0x2961, 0x0861, 0xEA78, 0xA849, 0x0832, 
  0xE741, 0xEA70, 0xCB78, 0x8A61, 0xC849, 0xE988, 0x2B59, 0xCB78, 0x2AA0, 0xC978, 0xCB90, 0x2CA8, 0x0CB0, 0xE880, 0x8E89, 0x8DA0, 
  0x4BA8, 0x8C90, 0x2CA0, 0xF4B1, 0x1FBC, 0xBFB3, 0x3E93, 0x1FE7, 0xFFFF, 0xDEC5, 0xDE7A, 0xDFB3, 0xDFB3, 0xDFBB, 0x3F8B, 0xDF72, 
  0xDE43, 0x1D04, 0x1E04, 0x1E04, 0x1E04, 0x1E04, 0x1E04, 0x1E04, 0x1E04, 0x1E04, 0x1E04, 0x1E04, 0x1E04, 0x1E04, 0x1E04, 0x1E04, 
  0x1E04, 0x1E04, 0x1E04, 0x1E04, 0x1E04, 0x1E04, 0x1E04, 0x1E04, 0x1E04, 0x1E04, 0x1E04, 0x1E04, 0x1E04, 0x1E04, 0x1E04, 0x1E04, 
  0x1E04, 0x1E04, 0x1E04, 0x1E04, 0x1E04, 0x1E04, 0x1E04, 0x1E04, 0x1E04, 0x1E04, 0x1E04, 0x1E04, 0x1E04, 0x1E04, 0x1E04, 0x3E04, 
  0x1E04, 0x1E04, 0x1E04, 0x1E04, 0x1E04, 0x1E04, 0x1E04, 0x1E04, 0x1E04, 0x1E04, 0x1E04, 0x1E04, 0x1E04, 0x1E04, 0x1E04, 0x1E04, 
  0x1E04, 0x1E04, 0x1E04, 0x1E04, 0x1E04, 0x1E04, 0x1E04, 0x1E04, 0x1E04, 0x1E04, 0x1E04, 0x1E04, 0x1E04, 0x1E04, 0x1E04, 0x1E04, 
  0x1E04, 0x1E04, 0x1E04, 0x1E04, 0x1E04, 0x1E04, 0x1E04, 0x1E04, 0x1E04, 0x1E04, 0x1E04, 0x1E04, 0x1E04, 0x1E04, 0x1E04, 0x1E04, 
  0x1E04, 0x1E04, 0x1E04, 0x1E04, 0x1E04, 0x1E04, 0x1E04, 0x1E04, 0x1E04, 0x1E04, 0x1E04, 0x1E04, 0x1E04, 0x1D04, 0x3E04, 0x3D1C, 
  0x5E63, 0x5F9B, 0xFFBB, 0xDFB3, 0x9FA3, 0xBD72, 0x9ED6, 0xFFFF, 0xFFFF, 0xFFFF, 0xFFFF, 0xFFFF, 0xFFFF, 0xFFFF, 0xFFFF, 0xFFFF, 
  0xFFFF, 0xBFF7, 0xFD8B, 0xBFAB, 0xDAB2, 0x6990, 0xA998, 0x4BB0, 0x6B98, 0x8B80, 0xAC78, 0x6B88, 0x2CB8, 0x6BA8, 0x6A80, 0xAB80, 
  0xA988, 0xAB88, 0x6B90, 0x4C90, 0x4CA0, 0x0AA0, 0x4CB8, 0x8CA0, 0x2AA0, 0x2B98, 0xAC80, 0x2B98, 0xAB80, 0x4C98, 0x0CA0, 0x0DA8, 
  0x2BA8, 0x2CB0, 0x2CA0, 0x4B79, 0x8959, 0xEA78, 0xE868, 0x8A88, 0x8C88, 0x0B69, 0x4B80, 0xAA98, 0x8CA8, 0x4B98, 0xC978, 0xCB70, 
  0xCA78, 0x2A61, 0xE970, 0x8B98, 0xCB80, 0x4B90, 0xAB88, 0x6C90, 0x0CA8, 0xCA80, 0x0971, 0x2979, 0xAA78, 0x4B80, 0xEA88, 0xCC78, 
  0xEA70, 0x8B88, 0x4B98, 0xCC80, 0x6B88, 0xCB70, 0x8C80, 0x2BA8, 0x6BA8, 0x6BA0, 0x6961, 0xC941, 0x0B81, 0x4DA0, 0xCA80, 0x4A69, 
  0x0979, 0xC880, 0xEB88, 0xAB80, 0xEA68, 0x4969, 0x2959, 0xAA80, 0x2CA8, 0xADB0, 0xAD98, 0x8EB0, 0x2CA8, 0x2BB8, 0x4AA0, 0xAB90, 
  0x4BA0, 0x8CA8, 0x6B78, 0xF8AA, 0xFFC3, 0xBFB3, 0x9D9B, 0x9FF7, 0xFFFF, 0x1EE7, 0xFD7A, 0x9FA3, 0xDFB3, 0xBFB3, 0x5F9B, 0xDF72, 
  0xDF53, 0x1D0C, 0x1D04, 0x1E04, 0x1E04, 0x1E04, 0x1E04, 0x1E04, 0x1E04, 0x1E04, 0x1E04, 0x1E04, 0x1E04, 0x1E04, 0x1E04, 0x1E04, 
  0x1E04, 0x1E04, 0x1E04, 0x1E04, 0x1E04, 0x1E04, 0x1E04, 0x1E04, 0x1E04, 0x1E04, 0x1E04, 0x1E04, 0x1E04, 0x1E04, 0x1E04, 0x1E04, 
  0x1E04, 0x1E04, 0x1E04, 0x1E04, 0x1E04, 0x1E04, 0x1E04, 0x1E04, 0x1E04, 0x1E04, 0x1E04, 0x1E04, 0x1E04, 0x1E04, 0x1E04, 0x3E04, 
  0x1E04, 0x1E04, 0x1E04, 0x1E04, 0x1E04, 0x1E04, 0x1E04, 0x1E04, 0x1E04, 0x1E04, 0x1E04, 0x1E04, 0x1E04, 0x1E04, 0x1E04, 0x1E04, 
  0x1E04, 0x1E04, 0x1E04, 0x1E04, 0x1E04, 0x1E04, 0x1E04, 0x1E04, 0x1E04, 0x1E04, 0x1E04, 0x1E04, 0x1E04, 0x1E04, 0x1E04, 0x1E04, 
  0x1E04, 0x1E04, 0x1E04, 0x1E04, 0x1E04, 0x1E04, 0x1E04, 0x1E04, 0x1E04, 0x1E04, 0x1E04, 0x1E04, 0x1E04, 0x1E04, 0x1E04, 0x1E04, 
  0x1E04, 0x1E04, 0x1E04, 0x1E04, 0x1E04, 0x1E04, 0x1E04, 0x1E04, 0x1E04, 0x1E04, 0x1E04, 0x1E04, 0x1D04, 0x3D04, 0x3E04, 0xDE33, 
  0xFF7A, 0xBFAB, 0xDFBB, 0xFFB3, 0xFE82, 0x9C9C, 0xFFFF, 0xDFFF, 0xFFFF, 0xFFFF, 0xFFFF, 0xFFFF, 0xFFFF, 0xFFFF, 0xDFFF, 0xFFFF, 
  0xBFF7, 0x5D9C, 0x1E9B, 0x1FBC, 0xF6A1, 0x2BA0, 0x8B90, 0x4B98, 0x0D90, 0x6C70, 0x8C80, 0x0BA0, 0x2CA8, 0x4CB8, 0x2BA8, 0x2CA8, 
  0x0BA0, 0x0BA0, 0x0CB0, 0x2BA8, 0x4CA0, 0x2CC0, 0x2CC0, 0x6BA0, 0x0AA8, 0x6B98, 0x8B88, 0x2BA0, 0xAB80, 0x0C81, 0xAEB0, 0x8FD0, 
  0x0CB0, 0xCB90, 0x2B71, 0x2A69, 0x4A69, 0x2A61, 0x2A90, 0x2B90, 0x4CA0, 0xCA78, 0x0B69, 0xCA70, 0xAB80, 0x4B88, 0xAB70, 0x0B79, 
  0xC980, 0xA851, 0x0871, 0x6C98, 0x8B80, 0x8A80, 0xEA68, 0x8B90, 0x2BA8, 0x4A59, 0x4961, 0x4C80, 0xAA80, 0xCB88, 0x2D99, 0x2B61, 
  0x8A78, 0x6B98, 0x6A90, 0x8B80, 0xAB98, 0x8D88, 0x2C90, 0x2CA8, 0x2AA8, 0x6C88, 0xCC78, 0x2B91, 0x72B9, 0xCD90, 0x6A90, 0x8A88, 
  0x4C90, 0x90C0, 0x6DA8, 0x8B90, 0x6B90, 0x4BA0, 0x6D98, 0x2CB0, 0x6DA8, 0xEEA0, 0x8B98, 0x8A88, 0x6B80, 0x8BB0, 0x6BA0, 0x4CA0, 
  0x8A90, 0x0C91, 0xAA80, 0x159B, 0xFFBB, 0xDFB3, 0xBC9B, 0x7FF7, 0xFFFF, 0xDFFF, 0xBD83, 0x5F9B, 0xFEB3, 0xDFB3, 0xBFAB, 0xFE7A, 
  0x7F53, 0x1D0C, 0x1E04, 0x1E04, 0x1E04, 0x1E04, 0x1E04, 0x1E04, 0x1E04, 0x1E04, 0x1E04, 0x1E04, 0x1E04, 0x1E04, 0x1E04, 0x1E04, 
  0x1E04, 0x1E04, 0x1E04, 0x1E04, 0x1E04, 0x1E04, 0x1E04, 0x1E04, 0x1E04, 0x1E04, 0x1E04, 0x1E04, 0x1E04, 0x1E04, 0x1E04, 0x1E04, 
  0x1E04, 0x1E04, 0x1E04, 0x1E04, 0x1E04, 0x1E04, 0x1E04, 0x1E04, 0x1E04, 0x1E04, 0x1E04, 0x1E04, 0x1E04, 0x1E04, 0x1E04, 0x3E04, 
  0x1E04, 0x1E04, 0x1E04, 0x1E04, 0x1E04, 0x1E04, 0x1E04, 0x1E04, 0x1E04, 0x1E04, 0x1E04, 0x1E04, 0x1E04, 0x1E04, 0x1E04, 0x1E04, 
  0x1E04, 0x1E04, 0x1E04, 0x1E04, 0x1E04, 0x1E04, 0x1E04, 0x1E04, 0x1E04, 0x1E04, 0x1E04, 0x1E04, 0x1E04, 0x1E04, 0x1E04, 0x1E04, 
  0x1E04, 0x1E04, 0x1E04, 0x1E04, 0x1E04, 0x1E04, 0x1E04, 0x1E04, 0x1E04, 0x1E04, 0x1E04, 0x1E04, 0x1E04, 0x1E04, 0x1E04, 0x1E04, 
  0x1E04, 0x1E04, 0x1E04, 0x1E04, 0x1E04, 0x1D04, 0x3D04, 0x3D04, 0x1E04, 0x1E04, 0x1D0C, 0x3D04, 0x1E04, 0x3D04, 0x3E0C, 0x9E53, 
  0x3E93, 0xFFB3, 0xDFB3, 0xBFAB, 0xDD72, 0xFEDE, 0xFFFF, 0xDFFF, 0xFFFF, 0xFFFF, 0xFFFF, 0xFFFF, 0xFFFF, 0xFFFF, 0xFFFF, 0xFFFF, 
  0x9DA4, 0x1E8B, 0xFFB3, 0xFFBB, 0x74A1, 0x6EA0, 0x8B90, 0x4C98, 0x0EA8, 0x8D90, 0x8B80, 0xAA88, 0x6B90, 0x2CB0, 0x4BA0, 0x6A90, 
  0x4CA0, 0x4CB8, 0x4A90, 0x8A90, 0x8B88, 0x6CA0, 0xCDA8, 0x8FC0, 0x33D9, 0x6CB0, 0x6998, 0x0BA0, 0x2C98, 0x4C81, 0xAC98, 0x0BB0, 
  0x4C98, 0xCB68, 0xCA70, 0xAB78, 0xAB78, 0x2B69, 0xAB88, 0x2CB0, 0x6CA8, 0xCA88, 0x4971, 0x8B80, 0x0A71, 0x4859, 0x6951, 0x8A78, 
  0xCB80, 0xA949, 0xCA80, 0x4B88, 0x6B88, 0xAB88, 0x4C71, 0xAB80, 0x6B88, 0xC951, 0x8C78, 0x4C98, 0xCA80, 0x0989, 0xEA78, 0x4A61, 
  0x8B78, 0x4CA0, 0x6B98, 0x4AA0, 0x4A90, 0xAD90, 0xCD80, 0xCB88, 0x4BA8, 0xEC78, 0x8B88, 0x2B90, 0xEF98, 0xCD80, 0x8A88, 0x8C90, 
  0x4B98, 0x8CA0, 0x6B90, 0xCB90, 0xEA80, 0x6B69, 0x0C69, 0x8B98, 0x11B9, 0xCC88, 0x6B98, 0x2BA8, 0x8A90, 0xCD80, 0xAB88, 0x6BB0, 
  0x4BA8, 0x6B98, 0xAB90, 0xB8B2, 0xFFBB, 0xDFBB, 0x5D93, 0x3EE7, 0xFFFF, 0xFFFF, 0x7EA4, 0x1E93, 0xFFBB, 0xBFBB, 0xDFAB, 0x1E83, 
  0x5F53, 0x1D0C, 0x3E04, 0x1E04, 0x3D04, 0x1D04, 0x3D04, 0x3E04, 0x1E04, 0x1E04, 0x1E04, 0x1E04, 0x1E04, 0x1E04, 0x1E04, 0x1E04, 
  0x1E04, 0x1E04, 0x1E04, 0x1E04, 0x1E04, 0x1E04, 0x1E04, 0x1E04, 0x1E04, 0x1E04, 0x1E04, 0x1E04, 0x1E04, 0x1E04, 0x1E04, 0x1E04, 
  0x1E04, 0x1E04, 0x1E04, 0x1E04, 0x1E04, 0x1E04, 0x1E04, 0x1E04, 0x1E04, 0x1E04, 0x1E04, 0x1E04, 0x1E04, 0x1E04, 0x1E04, 0x3E04, 
  0x1E04, 0x1E04, 0x1E04, 0x1E04, 0x1E04, 0x1E04, 0x1E04, 0x1E04, 0x1E04, 0x1E04, 0x1E04, 0x1E04, 0x1E04, 0x1E04, 0x1E04, 0x1E04, 
  0x1E04, 0x1E04, 0x1E04, 0x1E04, 0x1E04, 0x1E04, 0x1E04, 0x1E04, 0x1E04, 0x1E04, 0x1E04, 0x1E04, 0x1E04, 0x1E04, 0x1E04, 0x1E04, 
  0x1E04, 0x1E04, 0x1E04, 0x1E04, 0x1E04, 0x1E04, 0x1E04, 0x1E04, 0x1E04, 0x1E04, 0x1E04, 0x1E04, 0x1E04, 0x1E04, 0x1E04, 0x1E04, 
  0x1E04, 0x1E04, 0x1E04, 0x1E04, 0x1E04, 0x1D04, 0x3D04, 0xFD0B, 0x1D04, 0x3E04, 0x1E04, 0x3D04, 0x1E04, 0x1E04, 0x1E1C, 0x9E7B, 
  0xBFBB, 0xDFB3, 0xFFB3, 0x1E8B, 0x1D94, 0xFFFF, 0xFFFF, 0xFFFF, 0xFFFF, 0xFFFF, 0xFFFF, 0xFFFF, 0xFFFF, 0xFFFF, 0xFFFF, 0xFEE6, 
  0xFD7A, 0xFFB3, 0xDFB3, 0xFFBB, 0x53A1, 0x4A90, 0xA988, 0x6C90, 0x2C98, 0x4AA0, 0x6A98, 0xAA88, 0xCA80, 0x4CA8, 0xEEB0, 0x6B98, 
  0x4BA8, 0x4BA0, 0xEA78, 0x0A71, 0xAB88, 0x4B90, 0xAFB8, 0x6EB0, 0x6B98, 0x6CB0, 0x2BB8, 0x4BA0, 0xACA8, 0xAB70, 0x4959, 0x6A98, 
  0x4CA8, 0x8B80, 0x6CA0, 0x4CA0, 0x4B90, 0x2A69, 0x8998, 0x8A88, 0x0969, 0x2969, 0x2B69, 0xEB60, 0x6951, 0xA722, 0x6A51, 0x0852, 
  0x6632, 0x6B61, 0x2DA0, 0x8B88, 0xCB78, 0x4C88, 0xCA78, 0x0C71, 0x6B59, 0x0A69, 0x6C88, 0xCC68, 0xEB50, 0xEA70, 0xCA80, 0xCCA0, 
  0x4C98, 0xAD98, 0x2FA1, 0x8C98, 0x4CA8, 0xC980, 0x2861, 0x4959, 0xCA68, 0x4980, 0x2CA8, 0x4CA0, 0x6A98, 0x8C80, 0xCB70, 0x0B71, 
  0x0FB1, 0xAB90, 0x0971, 0xADA0, 0x6B90, 0x8A80, 0x8B88, 0xAB90, 0xAA80, 0x4BA0, 0x0CB0, 0x0CB8, 0x6BA0, 0xEA68, 0xEA80, 0x6BA0, 
  0x4C90, 0xCC80, 0x8B78, 0x98A2, 0x1FB4, 0xDFBB, 0x3D8B, 0xFEE6, 0xFFFF, 0xFFFF, 0x5EBD, 0xFE82, 0x1FBC, 0xBFBB, 0xFFB3, 0x3F8B, 
  0x3F63, 0x1D1C, 0x1D04, 0x1E04, 0x1D04, 0x1D04, 0x3E04, 0x3E04, 0x1E04, 0x1E04, 0x1E04, 0x1E04, 0x1E04, 0x1E04, 0x1E04, 0x1E04, 
  0x1E04, 0x1E04, 0x1E04, 0x1E04, 0x1E04, 0x1E04, 0x1E04, 0x1E04, 0x1E04, 0x1E04, 0x1E04, 0x1E04, 0x1E04, 0x1E04, 0x1E04, 0x1E04, 
  0x1E04, 0x1E04, 0x1E04, 0x1E04, 0x1E04, 0x1E04, 0x1E04, 0x1E04, 0x1E04, 0x1E04, 0x1E04, 0x1E04, 0x1E04, 0x1E04, 0x1E04, 0x3E04, 
  0x1E04, 0x1E04, 0x1E04, 0x1E04, 0x1E04, 0x1E04, 0x1E04, 0x1E04, 0x1E04, 0x1E04, 0x1E04, 0x1E04, 0x1E04, 0x1E04, 0x1E04, 0x1E04, 
  0x1E04, 0x1E04, 0x1E04, 0x1E04, 0x1E04, 0x1E04, 0x1E04, 0x1E04, 0x1E04, 0x1E04, 0x1E04, 0x1E04, 0x1E04, 0x1E04, 0x1E04, 0x1E04, 
  0x1E04, 0x1E04, 0x1E04, 0x1E04, 0x1E04, 0x1E04, 0x1E04, 0x1E04, 0x1E04, 0x1E04, 0x1E04, 0x1E04, 0x1E04, 0x1E04, 0x1E04, 0x1E04, 
  0x1E04, 0x1E04, 0x1E04, 0x1E04, 0x1E04, 0x1E04, 0x1E04, 0x1D04, 0x5D04, 0x3D04, 0xFE0B, 0x1E04, 0x3E04, 0x1D04, 0x3E44, 0xFFAB, 
  0xDFBB, 0xDFBB, 0xFFBB, 0xBE72, 0xFEC5, 0xFFFF, 0xFFFF, 0xFFFF, 0xFFFF, 0xFFFF, 0xFFFF, 0xFFFF, 0xFFFF, 0xFFFF, 0xFFFF, 0xFDAC, 
  0xBE72, 0xDFB3, 0xBFB3, 0xBFBB, 0x10A1, 0x6A88, 0x4AA8, 0x6B98, 0xCA80, 0x2BB0, 0xAA88, 0x2C98, 0x2C90, 0x4DB8, 0xF3F0, 0x91C8, 
  0xAEA0, 0xED88, 0x4A88, 0x6C90, 0x6C90, 0x2B90, 0x0BA8, 0x0BB8, 0x4BA0, 0x4DC0, 0x4CB8, 0xAB98, 0xAA80, 0x4D88, 0x0B71, 0xAB98, 
  0x4FC8, 0x4CB8, 0x2CB8, 0x4C88, 0x2B98, 0x4BA8, 0x2BB0, 0x6B78, 0x6C98, 0xAB88, 0xCA70, 0xAD88, 0xCB70, 0x0A61, 0xEB68, 0xCA68, 
  0x4759, 0x2971, 0x4B90, 0x0AA8, 0x4CA0, 0x6CA0, 0x8CB0, 0x4A71, 0xAA51, 0x0A69, 0xEB60, 0x0B61, 0x6C51, 0x8B80, 0x4AA0, 0x6CB8, 
  0x8BA8, 0x8D98, 0x0A79, 0xEA70, 0x0DA8, 0x10B1, 0xF4A1, 0x79B2, 0xB9A2, 0xF489, 0x1091, 0x6A90, 0x2A88, 0x4A98, 0x6B90, 0xCDA8, 
  0xCEB8, 0x2DB0, 0xAB90, 0x4B90, 0x0CA8, 0x8BA0, 0xAA88, 0x2D78, 0xAC68, 0x8B90, 0x6B88, 0x4C88, 0x4B90, 0x8A88, 0xEA80, 0x8B88, 
  0xEB68, 0x4961, 0x4980, 0xB8A2, 0x1FB4, 0xDFB3, 0x3E8B, 0xBFDE, 0xFFFF, 0xFFFF, 0x5ED6, 0xFE7A, 0xFFB3, 0xDFB3, 0xFFC3, 0x5F9B, 
  0x1F73, 0x1E2C, 0x1D04, 0x1E04, 0x1E04, 0x1D04, 0x1E04, 0x1E04, 0x1E04, 0x1E04, 0x1E04, 0x1E04, 0x1E04, 0x1E04, 0x1E04, 0x1E04, 
  0x1E04, 0x1E04, 0x1E04, 0x1E04, 0x1E04, 0x1E04, 0x1E04, 0x1E04, 0x1E04, 0x1E04, 0x1E04, 0x1E04, 0x1E04, 0x1E04, 0x1E04, 0x1E04, 
  0x1E04, 0x1E04, 0x1E04, 0x1E04, 0x1E04, 0x1E04, 0x1E04, 0x1E04, 0x1E04, 0x1E04, 0x1E04, 0x1E04, 0x1E04, 0x1E04, 0x1E04, 0x3E04, 
  0x1E04, 0x1E04, 0x1E04, 0x1E04, 0x1E04, 0x1E04, 0x1E04, 0x1E04, 0x1E04, 0x1E04, 0x1E04, 0x1E04, 0x1E04, 0x1E04, 0x1E04, 0x1E04, 
  0x1E04, 0x1E04, 0x1E04, 0x1E04, 0x1E04, 0x1E04, 0x1E04, 0x1E04, 0x1E04, 0x1E04, 0x1E04, 0x1E04, 0x1E04, 0x1E04, 0x1E04, 0x1E04, 
  0x1E04, 0x1E04, 0x1E04, 0x1E04, 0x1E04, 0x1E04, 0x1E04, 0x1E04, 0x1E04, 0x1E04, 0x1E04, 0x1E04, 0x1E04, 0x1E04, 0x1E04, 0x1E04, 
  0x1E04, 0x1E04, 0x1E04, 0x1E04, 0x1E04, 0x1E04, 0x1E04, 0x3D04, 0x5D04, 0x1D04, 0x1E0C, 0x3E04, 0x1D04, 0x1D3C, 0x1F94, 0xBFBB, 
  0xDFB3, 0xFFBB, 0x7FA3, 0x1E73, 0x7FEF, 0xFFFF, 0xFFFF, 0xFFFF, 0xFFFF, 0xFFFF, 0xFFFF, 0xFFFF, 0xDFFF, 0xFFFF, 0xFFE6, 0x1D73, 
  0xFF7A, 0xBFB3, 0xBFB3, 0xBEB3, 0xEFA0, 0x2BB0, 0x6DB8, 0xCDA0, 0xEA80, 0x8B88, 0x6C78, 0x4C90, 0x2CA8, 0x8FB0, 0xF7E1, 0xF1C8, 
  0xADA0, 0xCC88, 0x4A90, 0x6CA0, 0x4B88, 0x2BA0, 0x2CB8, 0x4CC0, 0x6AA8, 0x6BA0, 0x8A80, 0xEB70, 0x6C98, 0x2CA0, 0x2BA0, 0x4BA8, 
  0xACA0, 0x8DB0, 0x6B88, 0x6B88, 0x4BB0, 0x8CA0, 0x0BA0, 0x2C90, 0x8C80, 0xEB50, 0xEA70, 0x4951, 0x4742, 0x2B71, 0x4C98, 0x4D80, 
  0xAB80, 0x4B98, 0x6A98, 0x8B90, 0x4C98, 0x4CA0, 0x6A90, 0x0B71, 0x8A59, 0x2959, 0x2971, 0x0B79, 0x0A79, 0x6B98, 0x4BA0, 0x4BA8, 
  0x6CA0, 0x0BA0, 0x6990, 0xAC88, 0x38C2, 0xBFBB, 0xDFAB, 0x5F9B, 0x7F9B, 0x9FB3, 0xBEBB, 0x3AB3, 0xF599, 0xEE90, 0x4B90, 0x2BA8, 
  0x0BA0, 0x2A98, 0x6B90, 0xEA70, 0x8B90, 0x0A79, 0x074A, 0x2961, 0x4B61, 0xEB78, 0xAB88, 0x0A69, 0x6BA0, 0x4BA0, 0x0B71, 0xEA70, 
  0x4B98, 0xCA80, 0xAB70, 0xB9B2, 0x1FBC, 0xFFB3, 0xFE82, 0x7FD6, 0xFFFF, 0xFFFF, 0xFFE6, 0x1E83, 0xDFBB, 0xDFB3, 0xFEBB, 0x7FA3, 
  0xFF72, 0x3E3C, 0x3D04, 0x1E04, 0x1E04, 0x1E04, 0x1E04, 0x1E04, 0x1E04, 0x1E04, 0x1E04, 0x1E04, 0x1E04, 0x1E04, 0x1E04, 0x1E04, 
  0x1E04, 0x1E04, 0x1E04, 0x1E04, 0x1E04, 0x1E04, 0x1E04, 0x1E04, 0x1E04, 0x1E04, 0x1E04, 0x1E04, 0x1E04, 0x1E04, 0x1E04, 0x1E04, 
  0x1E04, 0x1E04, 0x1E04, 0x1E04, 0x1E04, 0x1E04, 0x1E04, 0x1E04, 0x1E04, 0x1E04, 0x1E04, 0x1E04, 0x1E04, 0x1E04, 0x1E04, 0x3E04, 
  0x1E04, 0x1E04, 0x1E04, 0x1E04, 0x1E04, 0x1E04, 0x1E04, 0x1E04, 0x1E04, 0x1E04, 0x1E04, 0x1E04, 0x1E04, 0x1E04, 0x1E04, 0x1E04, 
  0x1E04, 0x1E04, 0x1E04, 0x1E04, 0x1E04, 0x1E04, 0x1E04, 0x1E04, 0x1E04, 0x1E04, 0x1E04, 0x1E04, 0x1E04, 0x1E04, 0x1E04, 0x1E04, 
  0x1E04, 0x1E04, 0x1E04, 0x1E04, 0x1E04, 0x1E04, 0x1E04, 0x1E04, 0x1E04, 0x1E04, 0x1E04, 0x1E04, 0x1E04, 0x1E04, 0x1E04, 0x1E04, 
  0x1E04, 0x1E04, 0x1E04, 0x1E04, 0x1E04, 0x1D04, 0x1D04, 0x1E04, 0x1E04, 0xFD0B, 0x3D04, 0x3D0C, 0x3F5C, 0x1FAC, 0xDFB3, 0xBFB3, 
  0xBFBB, 0xDFBB, 0xDE7A, 0xFD93, 0xFFFF, 0xFFFF, 0xFFFF, 0xFFFF, 0xFFFF, 0xFFFF, 0xFFFF, 0xFEFF, 0xFFFF, 0x7EF7, 0xDC8B, 0x9E72, 
  0x7F9B, 0xFFBB, 0xFFB3, 0xBDB3, 0xAD90, 0x4BB0, 0x4B98, 0x6CA0, 0x4DC0, 0x8B80, 0x4B78, 0x2CB0, 0x4CC0, 0x2B98, 0x6C90, 0x2B98, 
  0x6B98, 0x2B90, 0x4B98, 0x4B88, 0x4C98, 0x2BA8, 0x2BA0, 0xAA88, 0xE970, 0x2B98, 0x2B90, 0x8CB0, 0x6CD0, 0x2AA0, 0x0AA0, 0x6BA8, 
  0xE970, 0xCA78, 0xCA70, 0x6B90, 0x2A90, 0x6BA8, 0x6DC8, 0x2AA0, 0x8C88, 0x8B78, 0xEA80, 0x6961, 0x4979, 0x8B80, 0x6B88, 0x0A71, 
  0x6951, 0x4B88, 0x2BA0, 0xAB78, 0xEC88, 0xAC60, 0x8B68, 0x0B71, 0x0C59, 0x6B88, 0x6990, 0xAB90, 0x2CB0, 0x4DC0, 0x6B98, 0x2CA0, 
  0x4D98, 0xAC90, 0x0AA0, 0x32B1, 0xFFC3, 0x7F9B, 0xFD72, 0x9D9C, 0x3EB5, 0x5DA4, 0x7D8B, 0x5F93, 0xDFB3, 0xDFC3, 0xB9AA, 0xCE90, 
  0xAA78, 0x2A69, 0x2969, 0x6A61, 0xAA90, 0x4C88, 0xAA49, 0xA759, 0xEA70, 0x6C78, 0x4BA0, 0xEA80, 0x6BA0, 0x0CB8, 0x2CA0, 0x2C90, 
  0x2C98, 0x2BA8, 0x6C88, 0x3BAB, 0xFFBB, 0xDFB3, 0xDE82, 0x3ECE, 0xFFFF, 0xFEFF, 0x9FF7, 0x5D83, 0x9FAB, 0xFFBB, 0xFFB3, 0xBFA3, 
  0x1F73, 0x1E44, 0x1D04, 0x1E04, 0x1E04, 0x3E04, 0x1E04, 0x1E04, 0x1E04, 0x1E04, 0x1E04, 0x1E04, 0x1E04, 0x1E04, 0x1E04, 0x1E04, 
  0x1E04, 0x1E04, 0x1E04, 0x1E04, 0x1E04, 0x1E04, 0x1E04, 0x1E04, 0x1E04, 0x1E04, 0x1E04, 0x1E04, 0x1E04, 0x1E04, 0x1E04, 0x1E04, 
  0x1E04, 0x1E04, 0x1E04, 0x1E04, 0x1E04, 0x1E04, 0x1E04, 0x1E04, 0x1E04, 0x1E04, 0x1E04, 0x1E04, 0x1E04, 0x1E04, 0x1E04, 0x3E04, 
  0x1E04, 0x1E04, 0x1E04, 0x1E04, 0x1E04, 0x1E04, 0x1E04, 0x1E04, 0x1E04, 0x1E04, 0x1E04, 0x1E04, 0x1E04, 0x1E04, 0x1E04, 0x1E04, 
  0x1E04, 0x1E04, 0x1E04, 0x1E04, 0x1E04, 0x1E04, 0x1E04, 0x1E04, 0x1E04, 0x1E04, 0x1E04, 0x1E04, 0x1E04, 0x1E04, 0x1E04, 0x1E04, 
  0x1E04, 0x1E04, 0x1E04, 0x1E04, 0x1E04, 0x1E04, 0x1E04, 0x1E04, 0x1E04, 0x1E04, 0x1E04, 0x1E04, 0x1E04, 0x1E04, 0x1E04, 0x1E04, 
  0x1E04, 0x1E04, 0x1E04, 0x1E04, 0x1E04, 0x1D04, 0x1D04, 0x1E04, 0x1E04, 0x3D04, 0x1D0C, 0x5F6C, 0x1FB4, 0xDFC3, 0xDFAB, 0xDFBB, 
  0xFFB3, 0x7F8B, 0xBE6A, 0x5CA4, 0xFFFF, 0xFFFF, 0xFFFF, 0xFFFF, 0xFFFF, 0xFFFF, 0xFFFF, 0x3EEF, 0xDEC5, 0x9D83, 0xDE72, 0x7F9B, 
  0xDFB3, 0xDFB3, 0xDFB3, 0x1DB3, 0x4DB0, 0x4CB8, 0x4B98, 0x6B98, 0x0BA8, 0x2C90, 0x4C90, 0xAB88, 0x6A80, 0x6BA0, 0x6B90, 0x4C98, 
  0x6A90, 0x8BA0, 0x2B98, 0x4BA0, 0x2CA8, 0x6B98, 0xAB80, 0x8B78, 0x8C90, 0x2BA0, 0x4BB8, 0x2BB0, 0x2BB0, 0x2DA0, 0xCFD0, 0x4BB8, 
  0xAC88, 0xAB70, 0x6B80, 0xAB90, 0x2CA0, 0x8EB0, 0x12D9, 0x4B98, 0xAC98, 0xAA98, 0xEA80, 0x6C98, 0x4BA0, 0x2AA0, 0x8C98, 0xEA88, 
  0x6C88, 0x4CA0, 0x4C88, 0x4B88, 0x6990, 0x2A79, 0xAB78, 0x6B98, 0xAD78, 0xCB78, 0x4B90, 0x8CA8, 0x4CB0, 0x4BA8, 0x8CA0, 0x6CA0, 
  0x8B90, 0xCC88, 0x2B88, 0x97AA, 0x1FBC, 0xBD7A, 0xFEAC, 0xFFFF, 0xFFFF, 0xFFFF, 0x5FEF, 0x5DBD, 0x3C83, 0x3E8B, 0x3FBC, 0x9DBB, 
  0x6F79, 0x0961, 0x4859, 0x4961, 0x0DA8, 0x2BA0, 0x6C80, 0x0C61, 0xCC60, 0x4B88, 0x2B90, 0x2D81, 0x4971, 0x8A88, 0xA968, 0x6959, 
  0x2A71, 0x6AA0, 0x2C98, 0x1BB3, 0xFFB3, 0xBFAB, 0xDE7A, 0xFEC5, 0xFFFF, 0xFEFF, 0xDFFF, 0xBD8B, 0x9F9B, 0xDFB3, 0x7FA3, 0xDFAB, 
  0xFF7A, 0xBE3B, 0x1D04, 0x1E04, 0x1E04, 0x3D04, 0x1D04, 0x1E04, 0x1E04, 0x1E04, 0x1E04, 0x1E04, 0x1E04, 0x1E04, 0x1E04, 0x1E04, 
  0x1E04, 0x1E04, 0x1E04, 0x1E04, 0x1E04, 0x1E04, 0x1E04, 0x1E04, 0x1E04, 0x1E04, 0x1E04, 0x1E04, 0x1E04, 0x1E04, 0x1E04, 0x1E04, 
  0x1E04, 0x1E04, 0x1E04, 0x1E04, 0x1E04, 0x1E04, 0x1E04, 0x1E04, 0x1E04, 0x1E04, 0x1E04, 0x1E04, 0x1E04, 0x1E04, 0x1E04, 0x3E04, 
  0x1E04, 0x1E04, 0x1E04, 0x1E04, 0x1E04, 0x1E04, 0x1E04, 0x1E04, 0x1E04, 0x1E04, 0x1E04, 0x1E04, 0x1E04, 0x1E04, 0x1E04, 0x1E04, 
  0x1E04, 0x1E04, 0x1E04, 0x1E04, 0x1E04, 0x1E04, 0x1E04, 0x1E04, 0x1E04, 0x1E04, 0x1E04, 0x1E04, 0x1E04, 0x1E04, 0x1E04, 0x1E04, 
  0x1E04, 0x1E04, 0x1E04, 0x1E04, 0x1E04, 0x1E04, 0x1E04, 0x1E04, 0x1E04, 0x1E04, 0x1E04, 0x1E04, 0x1E04, 0x1E04, 0x1E04, 0x1E04, 
  0x1E04, 0x1E04, 0x1E04, 0x1E04, 0x1E04, 0x1D04, 0x3D04, 0x3D04, 0x1E04, 0x1E0C, 0x3F6C, 0x1FB4, 0xFFBB, 0x5FC4, 0xFFB3, 0xDFB3, 
  0x5E93, 0xFE72, 0xFF72, 0x1E7B, 0xFE93, 0xFEAC, 0x7DBD, 0x9CBD, 0x1CAD, 0x7D9C, 0x9C83, 0x1C7B, 0xFD82, 0x3FA3, 0xDFB3, 0xDFB3, 
  0xDFBB, 0xFFB3, 0x3EB3, 0xB1B0, 0x0BC0, 0x2CB8, 0x4CA8, 0x4A98, 0x6C98, 0xAC90, 0xEC78, 0xCB78, 0xAA80, 0x8B80, 0x6B98, 0x8B80, 
  0xCA78, 0x6C88, 0x2CA0, 0x4CA8, 0xAC90, 0xCB88, 0x6B88, 0x6C98, 0x2EC0, 0x6FD0, 0x0AA8, 0x2BA0, 0x2BB0, 0x2CB8, 0xAEC0, 0x2CB0, 
  0x4CA8, 0x6C98, 0x4C98, 0xAB90, 0x4B98, 0x2C98, 0xCDA8, 0xCA88, 0x4BA0, 0x6B98, 0x8B98, 0x6B88, 0x4B98, 0x0BA0, 0x2CA0, 0x6BA0, 
  0x6BA8, 0x4BA8, 0x6C98, 0xAB90, 0x6BA0, 0x6AB0, 0xC988, 0x4AA0, 0x8DA8, 0x0EB9, 0x4CA8, 0x4CA0, 0x8A88, 0x2A69, 0xEDA8, 0x8DB0, 
  0x8C80, 0xCB88, 0xAC90, 0x5BB3, 0xDFAB, 0xBD72, 0x9EDE, 0xFFFF, 0xDFFF, 0xFFFF, 0xFFFF, 0xFFFF, 0x3FEF, 0x1D94, 0xDD7A, 0x1FB4, 
  0x9CB3, 0xED80, 0xAB80, 0xAB80, 0x0C90, 0x8A90, 0xA988, 0xED68, 0xCC78, 0x8B88, 0x4CA0, 0xAB90, 0x0971, 0x6A98, 0xCA80, 0x0A69, 
  0x6B80, 0x4B98, 0x8B90, 0xFABA, 0xFFBB, 0xFFBB, 0xDE82, 0x7DB5, 0xFFFF, 0xFFFF, 0xFFFF, 0x1D94, 0x5F93, 0xFFBB, 0xBFB3, 0x9FAB, 
  0x1E83, 0x9E3B, 0x3D04, 0x3E04, 0x1E04, 0x3D04, 0x1D04, 0x1D04, 0x1E04, 0x1E04, 0x1E04, 0x1E04, 0x1E04, 0x1E04, 0x1E04, 0x1E04, 
  0x1E04, 0x1E04, 0x1E04, 0x1E04, 0x1E04, 0x1E04, 0x1E04, 0x1E04, 0x1E04, 0x1E04, 0x1E04, 0x1E04, 0x1E04, 0x1E04, 0x1E04, 0x1E04, 
  0x1E04, 0x1E04, 0x1E04, 0x1E04, 0x1E04, 0x1E04, 0x1E04, 0x1E04, 0x1E04, 0x1E04, 0x1E04, 0x1E04, 0x1E04, 0x1E04, 0x1E04, 0x3E04, 
  0x1E04, 0x1E04, 0x1E04, 0x1E04, 0x1E04, 0x1E04, 0x1E04, 0x1E04, 0x1E04, 0x1E04, 0x1E04, 0x1E04, 0x1E04, 0x1E04, 0x1E04, 0x1E04, 
  0x1E04, 0x1E04, 0x1E04, 0x1E04, 0x1E04, 0x1E04, 0x1E04, 0x1E04, 0x1E04, 0x1E04, 0x1E04, 0x1E04, 0x1E04, 0x1E04, 0x1E04, 0x1E04, 
  0x1E04, 0x1E04, 0x1E04, 0x1E04, 0x1E04, 0x1E04, 0x1E04, 0x1E04, 0x1E04, 0x1E04, 0x1E04, 0x1E04, 0x1E04, 0x1E04, 0x1E04, 0x1E04, 
  0x1E04, 0x1E04, 0x1E04, 0x1E04, 0x1E04, 0x3E04, 0x3E04, 0x1D0C, 0x1D04, 0x5E4C, 0xFFB3, 0xDFB3, 0xFFBB, 0xDFB3, 0x7F9B, 0x1F7B, 
  0xDF72, 0xDF7A, 0xFF7A, 0x1F7B, 0xDE72, 0x9D6A, 0xFC72, 0x1D94, 0x3C9C, 0xBDAC, 0xDDAC, 0xFFAC, 0xFFB4, 0x5DB4, 0xDDAB, 0x9EA3, 
  0x9FAB, 0x9FAB, 0x7FBB, 0x52B9, 0x4CA8, 0x0BA0, 0x0AA8, 0x2AA0, 0xAB90, 0xEB70, 0xAB90, 0xEB80, 0x0A69, 0xAB70, 0x4C88, 0x8B80, 
  0x6B98, 0x4A90, 0x6A80, 0xCA78, 0x8A90, 0x4C98, 0xAA78, 0x8B90, 0x6CA8, 0x6BA8, 0x2DA8, 0xAFA8, 0x8FC0, 0x8DA8, 0x0A90, 0x8C90, 
  0xCB80, 0x8DA0, 0x8C98, 0x8B88, 0xCA78, 0x8980, 0x6CA8, 0xCB78, 0x4B90, 0x2DA8, 0x4B90, 0xAB78, 0x6B90, 0x2B98, 0x8C88, 0x4C90, 
  0x8A80, 0x8B90, 0x6C90, 0x8B90, 0x6A88, 0x2A90, 0x8980, 0x4B98, 0x2CA0, 0x2DC8, 0x2BA0, 0x4B80, 0x6C88, 0x8B90, 0xC980, 0x4BA8, 
  0x8B98, 0x6A90, 0xAFB0, 0xDEBB, 0x5F93, 0xFE72, 0x3EE7, 0xFFFF, 0xFFFF, 0xFFFF, 0xFFFF, 0xFFFF, 0xFFFF, 0xFFFF, 0xBDA4, 0xDD82, 
  0x3FBC, 0xD9B2, 0x2A90, 0x6BA8, 0x4B98, 0x6B80, 0x4CA8, 0x4DA8, 0x6990, 0xCA88, 0x2A98, 0x4CB8, 0x6C98, 0x6DC0, 0x8CA0, 0x2CA0, 
  0xB0C8, 0x2CA0, 0x6A98, 0xD7A2, 0xFFB3, 0xDFB3, 0xFE82, 0x7EB5, 0xFFFF, 0xFFFF, 0xFFFF, 0x9DA4, 0x3F93, 0xFFBB, 0xFFB3, 0xFFB3, 
  0x1F83, 0x9F4B, 0x1D04, 0x1D04, 0x1E04, 0x3E04, 0x1D04, 0x1D04, 0x1E04, 0x1E04, 0x1E04, 0x1E04, 0x1E04, 0x1E04, 0x1E04, 0x1E04, 
  0x1E04, 0x1E04, 0x1E04, 0x1E04, 0x1E04, 0x1E04, 0x1E04, 0x1E04, 0x1E04, 0x1E04, 0x1E04, 0x1E04, 0x1E04, 0x1E04, 0x1E04, 0x1E04, 
  0x1E04, 0x1E04, 0x1E04, 0x1E04, 0x1E04, 0x1E04, 0x1E04, 0x1E04, 0x1E04, 0x1E04, 0x1E04, 0x1E04, 0x1E04, 0x1E04, 0x1E04, 0x3E04, 
  0x1E04, 0x1E04, 0x1E04, 0x1E04, 0x1E04, 0x1E04, 0x1E04, 0x1E04, 0x1E04, 0x1E04, 0x1E04, 0x1E04, 0x1E04, 0x1E04, 0x1E04, 0x1E04, 
  0x1E04, 0x1E04, 0x1E04, 0x1E04, 0x1E04, 0x1E04, 0x1E04, 0x1E04, 0x1E04, 0x1E04, 0x1E04, 0x1E04, 0x1E04, 0x1E04, 0x1E04, 0x1E04, 
  0x1E04, 0x1E04, 0x1E04, 0x1E04, 0x1E04, 0x1E04, 0x1E04, 0x1E04, 0x1E04, 0x1E04, 0x1E04, 0x1E04, 0x1E04, 0x1E04, 0x1E04, 0x1E04, 
  0x1E04, 0x1E04, 0x1E04, 0x1E04, 0x1E04, 0x3E04, 0x1E04, 0xFD03, 0x5E44, 0xFFA3, 0xDFC3, 0xDFB3, 0x7F9B, 0x1F83, 0xDF72, 0xDF72, 
  0x3F8B, 0x7F9B, 0xDFAB, 0xBFAB, 0x9FAB, 0xBFA3, 0xBF9B, 0x9F9B, 0xBE9B, 0xDEA3, 0x3DAC, 0x9CAC, 0x3DBD, 0xBEC5, 0x1DCE, 0xDDCD, 
  0x3DBD, 0x7DB4, 0xDF9B, 0x7FA3, 0xDCAA, 0x38A2, 0xB399, 0x71A1, 0x2E89, 0xAC78, 0x6A80, 0xC878, 0x6B78, 0x6C80, 0xCB78, 0xCA80, 
  0xAC88, 0x8B88, 0x8B88, 0xAB80, 0x6B88, 0x8B88, 0xAB78, 0x4C81, 0xAA80, 0x4A98, 0x4D98, 0x17D2, 0x3BFA, 0xF2D0, 0x0990, 0xE870, 
  0xA878, 0x6A80, 0x2BA8, 0x4AA0, 0xAC90, 0xCC80, 0x6D88, 0x6C98, 0x6B90, 0x2B98, 0x4C88, 0x8B88, 0x2A88, 0x8B88, 0x8A78, 0x4978, 
  0xAA70, 0xCB70, 0x6C88, 0x2D98, 0x2E98, 0xCF80, 0x0E81, 0x8E90, 0x6F98, 0x90B8, 0xAEA0, 0x0E99, 0xAC80, 0x6A88, 0x4988, 0xAA90, 
  0xC978, 0x4A80, 0x17B2, 0x1FBC, 0x1F83, 0x3D73, 0x5FEF, 0xFFFF, 0xFFFF, 0xFFFF, 0xFFFF, 0xFFFF, 0xFFFF, 0xFFFF, 0xFFFF, 0x7D9C, 
  0x1E8B, 0x3FC4, 0xF5A9, 0x2BA0, 0x4CA0, 0xAC80, 0xCA78, 0x8B88, 0x6B88, 0x4CA8, 0x4BA0, 0x2CA8, 0x2BA0, 0x4BB8, 0x6B88, 0x8B98, 
  0x6DC8, 0x4CA8, 0x0A98, 0x37AA, 0xFFBB, 0xDFBB, 0xDE82, 0x1DAD, 0xFFFF, 0xDFFF, 0xFFFF, 0xFDAC, 0x1E93, 0xFFBB, 0xBEAB, 0xFFB3, 
  0x1F83, 0x5F5B, 0x1E14, 0x1D04, 0x1E04, 0x3E04, 0x1D04, 0x1E04, 0x1E04, 0x1E04, 0x1E04, 0x1E04, 0x1E04, 0x1E04, 0x1E04, 0x1E04, 
  0x1E04, 0x1E04, 0x1E04, 0x1E04, 0x1E04, 0x1E04, 0x1E04, 0x1E04, 0x1E04, 0x1E04, 0x1E04, 0x1E04, 0x1E04, 0x1E04, 0x1E04, 0x1E04, 
  0x1E04, 0x1E04, 0x1E04, 0x1E04, 0x1E04, 0x1E04, 0x1E04, 0x1E04, 0x1E04, 0x1E04, 0x1E04, 0x1E04, 0x1E04, 0x1E04, 0x1E04, 0x3E04, 
  0x1E04, 0x1E04, 0x1E04, 0x1E04, 0x1E04, 0x1E04, 0x1E04, 0x1E04, 0x1E04, 0x1E04, 0x1E04, 0x1E04, 0x1E04, 0x1E04, 0x1E04, 0x1E04, 
  0x1E04, 0x1E04, 0x1E04, 0x1E04, 0x1E04, 0x1E04, 0x1E04, 0x1E04, 0x1E04, 0x1E04, 0x1E04, 0x1E04, 0x1E04, 0x1E04, 0x1E04, 0x1E04, 
  0x1E04, 0x1E04, 0x1E04, 0x1E04, 0x1E04, 0x1E04, 0x1E04, 0x1E04, 0x1E04, 0x1E04, 0x1E04, 0x1E04, 0x1E04, 0x1E04, 0x1E04, 0x1E04, 
  0x1E04, 0x1E04, 0x1E04, 0x1D04, 0x1E04, 0x1D04, 0x3D04, 0x3D34, 0xFFA3, 0xFFBB, 0x5E93, 0x3E83, 0xFF72, 0xDE72, 0x1E83, 0x9FA3, 
  0xFFBB, 0xDFB3, 0xBFBB, 0xBFBB, 0xDFAB, 0xBFB3, 0xDFB3, 0x1FB4, 0xFFBB, 0xFFB3, 0xDFB3, 0x9FAB, 0x7FAB, 0x7EAB, 0xDEAB, 0x3EB4, 
  0x3FBD, 0x9DCD, 0xDDCD, 0xDDC5, 0x7DC5, 0x3DBD, 0xBFBC, 0x1EA4, 0x7CA3, 0xBAA2, 0x389A, 0x96A1, 0xD188, 0x4C79, 0xCA70, 0x2990, 
  0x2A80, 0x0C90, 0x4B90, 0x4B78, 0x6C78, 0xCB78, 0x6CA0, 0x6B98, 0x2BA0, 0x4A90, 0xAA80, 0xCA80, 0x8FC0, 0x6CA8, 0xB3B9, 0xB8BA, 
  0xF0B8, 0x6DA8, 0x4DA0, 0x2AB0, 0x8B98, 0x8B80, 0x4A90, 0x4A90, 0x2B98, 0x2CB8, 0x4CA8, 0x8E98, 0x1191, 0x9391, 0x9491, 0x17A2, 
  0x989A, 0xD99A, 0x5AA3, 0x9BA3, 0x7BAB, 0xBBA3, 0xDB93, 0x9B9B, 0x5B9B, 0x7B93, 0x3BA3, 0x3BA3, 0x3993, 0x199B, 0x57AA, 0x159A, 
  0xD491, 0x98AA, 0xDFC3, 0x9FAB, 0xDF7A, 0x1D73, 0xFEEE, 0xFFFF, 0xFFFF, 0xFFFF, 0xFFFF, 0xFFFF, 0xFFFF, 0xFFFF, 0xFFFF, 0xBFFF, 
  0xBD8B, 0x5FA3, 0x1FC4, 0xF4A9, 0x0A90, 0xAB80, 0xEB78, 0x4B98, 0xAA88, 0x6A88, 0xAA90, 0x4BB0, 0x4BA8, 0x6A88, 0x50B1, 0x2DA9, 
  0x6A88, 0x8C88, 0x4A88, 0x56A2, 0xFFB3, 0xDFB3, 0xFE8A, 0xFCAC, 0xFFFF, 0xDFFF, 0xFFFF, 0xFDAC, 0x3E93, 0xFFBB, 0xBFB3, 0xBFAB, 
  0xFF82, 0x5F5B, 0x1D14, 0x3D04, 0x3E04, 0x1E04, 0x1E04, 0x1E04, 0x1E04, 0x1E04, 0x1E04, 0x1E04, 0x1E04, 0x1E04, 0x1E04, 0x1E04, 
  0x1E04, 0x1E04, 0x1E04, 0x1E04, 0x1E04, 0x1E04, 0x1E04, 0x1E04, 0x1E04, 0x1E04, 0x1E04, 0x1E04, 0x1E04, 0x1E04, 0x1E04, 0x1E04, 
  0x1E04, 0x1E04, 0x1E04, 0x1E04, 0x1E04, 0x1E04, 0x1E04, 0x1E04, 0x1E04, 0x1E04, 0x1E04, 0x1E04, 0x1E04, 0x1E04, 0x1E04, 0x3E04, 
  0x1E04, 0x1E04, 0x1E04, 0x1E04, 0x1E04, 0x1E04, 0x1E04, 0x1E04, 0x1E04, 0x1E04, 0x1E04, 0x1E04, 0x1E04, 0x1E04, 0x1E04, 0x1E04, 
  0x1E04, 0x1E04, 0x1E04, 0x1E04, 0x1E04, 0x1E04, 0x1E04, 0x1E04, 0x1E04, 0x1E04, 0x1E04, 0x1E04, 0x1E04, 0x1E04, 0x1E04, 0x1E04, 
  0x1E04, 0x1E04, 0x1E04, 0x1E04, 0x1E04, 0x1E04, 0x1E04, 0x1E04, 0x1E04, 0x1E04, 0x1E04, 0x1E04, 0x1E04, 0x1E04, 0x1E04, 0x1E04, 
  0x1E04, 0x1E04, 0x1E04, 0x1E04, 0x1E04, 0x1D04, 0x1E2C, 0x1F9C, 0xBFB3, 0xFC82, 0xDDAC, 0xDEC5, 0xFD7A, 0x3E93, 0xBFB3, 0xDFB3, 
  0xBFAB, 0xDFB3, 0x1FBC, 0x1FB4, 0xDFB3, 0x9FC3, 0x9DBB, 0xF9B2, 0xF6A1, 0x379A, 0x5DB3, 0xBFBB, 0xDFB3, 0xFFB3, 0xBFB3, 0x9FB3, 
  0x1CAB, 0x3DB3, 0x9DB3, 0x1FB4, 0x7FBC, 0x1EBD, 0x7EBD, 0xDECD, 0xDEC5, 0xDEC5, 0x3EBD, 0x9EB4, 0xDDAB, 0x3B9B, 0x3AA2, 0xD791, 
  0x7199, 0xCF90, 0x0B69, 0x4B70, 0x4980, 0x6A80, 0x2CA8, 0x8DC8, 0x2BB0, 0x4CB0, 0x6B88, 0x8B98, 0x4B90, 0x8B78, 0xB2A9, 0x78CA, 
  0x0FA1, 0xAEB0, 0x6C90, 0xAC88, 0xAD88, 0xF190, 0x3291, 0xB491, 0x169A, 0x79A2, 0x5AA3, 0x1CB4, 0xDDBC, 0x9EC5, 0xFFD5, 0x5ED6, 
  0x7ED6, 0x5FDE, 0x5FD6, 0x7FCE, 0x5FD6, 0x5FD6, 0x3FD6, 0x5FCE, 0xFEC5, 0x7EC5, 0x5DBD, 0xBDAC, 0x1F8B, 0xFF82, 0x5F9B, 0x9FA3, 
  0xBFB3, 0xDFB3, 0x9F9B, 0x1E7B, 0xFF7A, 0xDE6A, 0x5ECE, 0xFFFF, 0xDFFF, 0xFFFF, 0xFFFF, 0xFFFF, 0xFFFF, 0xFFFF, 0xFFFF, 0xFFFF, 
  0x7EDE, 0xDD7A, 0xFFAB, 0xBEBB, 0x8EA0, 0x6990, 0xAA98, 0x2DC8, 0x4BC0, 0x6BA8, 0x6B98, 0x2BA0, 0x4BA0, 0x6BA0, 0xADB0, 0xCC90, 
  0x8C80, 0x4CA8, 0x2BB0, 0x31A9, 0xDFB3, 0xFFBB, 0xFE8A, 0xFDAC, 0xFFFF, 0xDFFF, 0xFFFF, 0x1CAD, 0x1E93, 0xFFBB, 0xDFB3, 0xDFB3, 
  0xDF82, 0x3E5B, 0x1D0C, 0x3D04, 0x1E04, 0x1E04, 0x1E04, 0x1E04, 0x1E04, 0x1E04, 0x1E04, 0x1E04, 0x1E04, 0x1E04, 0x1E04, 0x1E04, 
  0x1E04, 0x1E04, 0x1E04, 0x1E04, 0x1E04, 0x1E04, 0x1E04, 0x1E04, 0x1E04, 0x1E04, 0x1E04, 0x1E04, 0x1E04, 0x1E04, 0x1E04, 0x1E04, 
  0x1E04, 0x1E04, 0x1E04, 0x1E04, 0x1E04, 0x1E04, 0x1E04, 0x1E04, 0x1E04, 0x1E04, 0x1E04, 0x1E04, 0x1E04, 0x1E04, 0x1E04, 0x3E04, 
  0x1E04, 0x1E04, 0x1E04, 0x1E04, 0x1E04, 0x1E04, 0x1E04, 0x1E04, 0x1E04, 0x1E04, 0x1E04, 0x1E04, 0x1E04, 0x1E04, 0x1E04, 0x1E04, 
  0x1E04, 0x1E04, 0x1E04, 0x1E04, 0x1E04, 0x1E04, 0x1E04, 0x1E04, 0x1E04, 0x1E04, 0x1E04, 0x1E04, 0x1E04, 0x1E04, 0x1E04, 0x1E04, 
  0x1E04, 0x1E04, 0x1E04, 0x1E04, 0x1E04, 0x1E04, 0x1E04, 0x1E04, 0x1E04, 0x1E04, 0x1E04, 0x1E04, 0x1E04, 0x1E04, 0x1E04, 0x1E04, 
  0x1E04, 0x1E04, 0x1E04, 0x3E04, 0x1E04, 0x1E14, 0x3F84, 0xDFB3, 0x1C83, 0xDDC5, 0x5FEF, 0x5C83, 0x5E9B, 0xFFB3, 0xBFAB, 0x9FAB, 
  0xDFB3, 0xDFBB, 0xFBBA, 0xD7B9, 0xB399, 0x9089, 0xED88, 0x6DA8, 0x94B1, 0x5BC3, 0xFFBB, 0xFFB3, 0xBFB3, 0xDFBB, 0xFEB3, 0x9FBB, 
  0x99A2, 0x9599, 0x5399, 0x13A9, 0x32A1, 0x94A1, 0xD699, 0xB9A2, 0x7CAB, 0x7DBC, 0x5EC5, 0xDFCD, 0x5ECE, 0x3FCE, 0xDEC5, 0xFDBC, 
  0x5DB4, 0x9DA3, 0x1B9B, 0x58A2, 0xD3A1, 0x31A1, 0x6DA8, 0x4DB0, 0x0BA8, 0x4DB8, 0x2CA0, 0x4A98, 0x8CA8, 0x4D98, 0x8E98, 0xCF98, 
  0x9271, 0x3582, 0x989A, 0x1BA3, 0xBCB3, 0x7DBC, 0x1EBD, 0xDECD, 0x5FDE, 0xDFDE, 0xFFE6, 0xDFDE, 0x7FD6, 0xFFC5, 0x3EBD, 0x9EB4, 
  0x1DA4, 0x7BA3, 0x5BAB, 0x3B9B, 0xBAAA, 0xFA9A, 0x1BA3, 0xFAA2, 0x5C9B, 0x5DA3, 0x9EA3, 0xFEA3, 0x7F9B, 0x3F83, 0xFE72, 0xBE6A, 
  0xDF6A, 0xDF72, 0xFE72, 0xFF72, 0x1F73, 0xBF72, 0x7D9C, 0xFFFF, 0xDFFF, 0xFFFF, 0xFFFF, 0xFFFF, 0xFFFF, 0xFFFF, 0xFFF7, 0xFFFF, 
  0xDFE6, 0xDD72, 0xBFA3, 0x1FBC, 0x71A1, 0xCA80, 0xE970, 0x2EA8, 0x2AA8, 0xAB88, 0xAB80, 0x0998, 0x0AA8, 0x2BA8, 0x4A98, 0x4BA0, 
  0x6CB0, 0x6DB8, 0x0BA8, 0x74B1, 0xDFB3, 0xFFBB, 0xFE8A, 0xFDAC, 0xFFFF, 0xFFFF, 0xFFFF, 0x9DA4, 0x3E93, 0xDFBB, 0xDFBB, 0xDFB3, 
  0x9D93, 0xBF73, 0xFD13, 0x1D04, 0x1E04, 0x1E04, 0x3E04, 0x1E04, 0x1E04, 0x1E04, 0x1E04, 0x1E04, 0x1E04, 0x1E04, 0x1E04, 0x1E04, 
  0x1E04, 0x1E04, 0x1E04, 0x1E04, 0x1E04, 0x1E04, 0x1E04, 0x1E04, 0x1E04, 0x1E04, 0x1E04, 0x1E04, 0x1E04, 0x1E04, 0x1E04, 0x1E04, 
  0x1E04, 0x1E04, 0x1E04, 0x1E04, 0x1E04, 0x1E04, 0x1E04, 0x1E04, 0x1E04, 0x1E04, 0x1E04, 0x1E04, 0x1E04, 0x1E04, 0x1E04, 0x3E04, 
  0x1E04, 0x1E04, 0x1E04, 0x1E04, 0x1E04, 0x1E04, 0x1E04, 0x1E04, 0x1E04, 0x1E04, 0x1E04, 0x1E04, 0x1E04, 0x1E04, 0x1E04, 0x1E04, 
  0x1E04, 0x1E04, 0x1E04, 0x1E04, 0x1E04, 0x1E04, 0x1E04, 0x1E04, 0x1E04, 0x1E04, 0x1E04, 0x1E04, 0x1E04, 0x1E04, 0x1E04, 0x1E04, 
  0x1E04, 0x1E04, 0x1E04, 0x1E04, 0x1E04, 0x1E04, 0x1E04, 0x1E04, 0x1E04, 0x1E04, 0x1E04, 0x1E04, 0x1E04, 0x1E04, 0x1E04, 0x1E04, 
  0x3D04, 0x3E04, 0x1D04, 0x1E04, 0x1D0C, 0x3F74, 0xFFB3, 0xFD82, 0x1DC6, 0xFFFF, 0x7C8B, 0x3F93, 0xFFB3, 0xDFAB, 0xBFAB, 0xFFBB, 
  0x7DB3, 0x94A9, 0x50C8, 0x2EC8, 0x2861, 0x0961, 0x2980, 0x53A9, 0xDFC3, 0x9F9B, 0xFE7A, 0x1F83, 0x5F93, 0xBFAB, 0xFEBB, 0xFFBB, 
  0xFFBB, 0xDFBB, 0x7CB3, 0xDAB2, 0x58B2, 0xD6B1, 0x54A9, 0x32A1, 0x2F91, 0xF088, 0xD799, 0x38A2, 0x3AAB, 0x1CAC, 0x1EBD, 0x9EC5, 
  0xBDCD, 0xBEBD, 0x3EB5, 0xDEB4, 0xFFA3, 0x5FA3, 0x1DA3, 0x9AA2, 0x9AAA, 0x5AB2, 0x18AA, 0x58A2, 0x99AA, 0x1AAB, 0xDDAB, 0x3FB4, 
  0x3EC5, 0xFECD, 0x7FD6, 0xBFE6, 0xBFDE, 0xBED6, 0x7ED6, 0xFFCD, 0x7FC5, 0xBEBC, 0xDCA3, 0x1BA3, 0x59A2, 0xB7A1, 0x9391, 0x6F89, 
  0x4C69, 0x0D79, 0x8C88, 0x8C90, 0x4D98, 0x6EA0, 0x8C90, 0xAB88, 0x6C90, 0x6DA0, 0x8DA0, 0x11A9, 0x349A, 0xF9A2, 0x9DAB, 0x9F9B, 
  0x1F83, 0xBE72, 0xFF72, 0xFF7A, 0xFF72, 0xFF72, 0xBD72, 0xDDC5, 0xFFFF, 0xFEFF, 0xFFFF, 0xDFFF, 0xDFFF, 0xDFFF, 0xFFFF, 0xFFFF, 
  0x9D9C, 0xDE7A, 0xDFB3, 0xBFBB, 0x0E81, 0x4B78, 0x6C88, 0xD6A9, 0xB8AA, 0x5AAB, 0x3AA3, 0x36B2, 0x31A9, 0x4B98, 0x0BB8, 0x2BC0, 
  0x4CC8, 0x0DB0, 0x4B98, 0xB7AA, 0xFFBB, 0xFFBB, 0x1F8B, 0xFDAC, 0xFFFF, 0xFFFF, 0xFFFF, 0xFD8B, 0x7FA3, 0xFFBB, 0xFFBB, 0x9EA3, 
  0xBCAC, 0xBE9C, 0xDE23, 0x3D04, 0x1E04, 0x1D04, 0x1E04, 0x1E04, 0x1E04, 0x1E04, 0x1E04, 0x1E04, 0x1E04, 0x1E04, 0x1E04, 0x1E04, 
  0x1E04, 0x1E04, 0x1E04, 0x1E04, 0x1E04, 0x1E04, 0x1E04, 0x1E04, 0x1E04, 0x1E04, 0x1E04, 0x1E04, 0x1E04, 0x1E04, 0x1E04, 0x1E04, 
  0x1E04, 0x1E04, 0x1E04, 0x1E04, 0x1E04, 0x1E04, 0x1E04, 0x1E04, 0x1E04, 0x1E04, 0x1E04, 0x1E04, 0x1E04, 0x1E04, 0x1E04, 0x3E04, 
  0x1E04, 0x1E04, 0x1E04, 0x1E04, 0x1E04, 0x1E04, 0x1E04, 0x1E04, 0x1E04, 0x1E04, 0x1E04, 0x1E04, 0x1E04, 0x1E04, 0x1E04, 0x1E04, 
  0x1E04, 0x1E04, 0x1E04, 0x1E04, 0x1E04, 0x1E04, 0x1E04, 0x1E04, 0x1E04, 0x1E04, 0x1E04, 0x1E04, 0x1E04, 0x1E04, 0x1E04, 0x1E04, 
  0x1E04, 0x1E04, 0x1E04, 0x1E04, 0x1E04, 0x1E04, 0x1E04, 0x1E04, 0x1E04, 0x1E04, 0x1E04, 0x1E04, 0x1E04, 0x1E04, 0x1E04, 0x1E04, 
  0x1D04, 0x1D04, 0x1E04, 0x1E04, 0x3E54, 0x3FAC, 0x1E93, 0x1EB5, 0xFFFF, 0x5C9C, 0x1E8B, 0x1FB4, 0xBFB3, 0xBFB3, 0xFFB3, 0x3DBB, 
  0x8FA0, 0x0AA0, 0x0BA8, 0x4CB8, 0xAA98, 0xCA80, 0x8C88, 0x3BBB, 0xBFAB, 0xDD8B, 0xDD8B, 0xDF6A, 0xFF6A, 0xFE7A, 0x5F9B, 0xBFAB, 
  0xDFB3, 0xDFB3, 0xFFB3, 0x1FB4, 0x1FBC, 0x1FBC, 0x1FBC, 0xFEBB, 0xBDB3, 0x1BAB, 0x98A2, 0xB4A9, 0x32A9, 0xB4A9, 0x9591, 0xD891, 
  0x5992, 0x3CA3, 0xDEAB, 0xFEA3, 0xFD9B, 0x7E8B, 0xFF72, 0x1F7B, 0xFF7A, 0x1F83, 0xFF93, 0x9EA4, 0xFEAC, 0x5EB5, 0x9DBD, 0x9DBD, 
  0x7DC5, 0x1EB5, 0x9FAC, 0x3EA4, 0xBC9B, 0xFB9A, 0x979A, 0x159A, 0x33A1, 0x12A1, 0xF2B0, 0x6EB8, 0x2BA0, 0x6BA0, 0x6B80, 0x6A78, 
  0xA878, 0xCA80, 0x8B98, 0x8A90, 0x0AA0, 0x2B98, 0xAA78, 0xAA90, 0x2CB0, 0x6BA8, 0x0BB8, 0x0AA8, 0x2B88, 0x2B80, 0xCFA0, 0xF5B1, 
  0x5CAB, 0x9FAB, 0x3F83, 0xBF7A, 0xDF7A, 0x1F73, 0xFF72, 0xDE72, 0xFEAC, 0x3EEF, 0xFFFF, 0xFFFF, 0xFFFF, 0xFFFF, 0xFFFF, 0x5DB5, 
  0xBD6A, 0x7F9B, 0x1FBC, 0xFAB2, 0x4C98, 0xAE90, 0x1BBB, 0xFFBB, 0xFFBB, 0xFFBB, 0xFFB3, 0x1FBC, 0xFFB3, 0xFBB2, 0x12B1, 0x0B98, 
  0x2AA0, 0x2DA8, 0x4C88, 0x1AB3, 0xFFBB, 0xDFBB, 0x3E8B, 0xFCAC, 0xFFFF, 0xFFFF, 0x5FEF, 0x5D83, 0xBFB3, 0xDFBB, 0xFFC3, 0x7EA3, 
  0x3DBD, 0x1DAD, 0x9D33, 0x3D04, 0x1E04, 0x1D04, 0x1E04, 0x1E04, 0x1E04, 0x1E04, 0x1E04, 0x1E04, 0x1E04, 0x1E04, 0x1E04, 0x1E04, 
  0x1E04, 0x1E04, 0x1E04, 0x1E04, 0x1E04, 0x1E04, 0x1E04, 0x1E04, 0x1E04, 0x1E04, 0x1E04, 0x1E04, 0x1E04, 0x1E04, 0x1E04, 0x1E04, 
  0x1E04, 0x1E04, 0x1E04, 0x1E04, 0x1E04, 0x1E04, 0x1E04, 0x1E04, 0x1E04, 0x1E04, 0x1E04, 0x1E04, 0x1E04, 0x1E04, 0x1E04, 0x3E04, 
  0x1E04, 0x1E04, 0x1E04, 0x1E04, 0x1E04, 0x1E04, 0x1E04, 0x1E04, 0x1E04, 0x1E04, 0x1E04, 0x1E04, 0x1E04, 0x1E04, 0x1E04, 0x1E04, 
  0x1E04, 0x1E04, 0x1E04, 0x1E04, 0x1E04, 0x1E04, 0x1E04, 0x1E04, 0x1E04, 0x1E04, 0x1E04, 0x1E04, 0x1E04, 0x1E04, 0x1E04, 0x1E04, 
  0x1E04, 0x1E04, 0x1E04, 0x1E04, 0x1E04, 0x1E04, 0x1E04, 0x1E04, 0x1E04, 0x1E04, 0x1E04, 0x1E04, 0x1E04, 0x1E04, 0x1E04, 0x3E04, 
  0x1E04, 0xFD0B, 0x1D04, 0x3E34, 0x1FAC, 0x7FA3, 0xFC93, 0xFFFF, 0xBEC5, 0xDD82, 0x1FB4, 0xBFB3, 0xBFBB, 0xFFB3, 0x5DB3, 0xCF98, 
  0x0A90, 0x8B90, 0x4B98, 0x2B90, 0xCB80, 0x2859, 0x9399, 0xFFC3, 0x3D93, 0xFEEE, 0x5EBD, 0x9E72, 0x1F7B, 0xDF72, 0xDF7A, 0xBF9B, 
  0xFFB3, 0xFFBB, 0xFFBB, 0xBFB3, 0xBFB3, 0xBEB3, 0xBFB3, 0xDFB3, 0x1FB4, 0xFFBB, 0x1FBC, 0xFFC3, 0xDFC3, 0xFEBB, 0x5BAB, 0xFAB2, 
  0xFAB2, 0x5DBB, 0xBFBB, 0xDFB3, 0xDFB3, 0xDFAB, 0xBFAB, 0x7FA3, 0x5F9B, 0x5E93, 0x7E9B, 0x9E9B, 0xBEA3, 0x9E9B, 0x7E9B, 0x3EA3, 
  0xBB9A, 0x7792, 0xB389, 0x4E71, 0x0C71, 0x4C88, 0x0A88, 0x6878, 0xABB0, 0x6DB8, 0x4B98, 0x69A0, 0x2898, 0x6878, 0x8980, 0xEA78, 
  0xC880, 0x4A88, 0x4980, 0xA878, 0x4B90, 0x4B90, 0xCB80, 0x6B90, 0x6FB8, 0x4DB0, 0x2AA8, 0x6A98, 0xEC78, 0xCC80, 0x8B88, 0x8978, 
  0xEC88, 0x7492, 0x9CB3, 0x9FA3, 0xFF7A, 0xDF72, 0xFE7A, 0xFE7A, 0xBE72, 0x5D83, 0x7D9C, 0x7EB5, 0xDFC5, 0x7EBD, 0x3C8C, 0xBE6A, 
  0xDF8A, 0xFFB3, 0x1FBC, 0x73A9, 0x6DA0, 0x1BBB, 0x1FB4, 0xFFAB, 0x3F93, 0xBE72, 0xFD7A, 0xFE8A, 0xBFAB, 0x3FBC, 0xBFC3, 0x99B2, 
  0xCE90, 0x09A8, 0x8FA0, 0x7EBB, 0xDFB3, 0xFFBB, 0x1E8B, 0x1CAD, 0xFFFF, 0xFFFF, 0x3ECE, 0x1E83, 0xFFBB, 0xDFBB, 0xFFBB, 0x3E9B, 
  0x7DC5, 0x7DC5, 0xBE43, 0x3D04, 0x1E04, 0x3E04, 0x3E04, 0x1E04, 0x1E04, 0x1E04, 0x1E04, 0x1E04, 0x1E04, 0x1E04, 0x1E04, 0x1E04, 
  0x1E04, 0x1E04, 0x1E04, 0x1E04, 0x1E04, 0x1E04, 0x1E04, 0x1E04, 0x1E04, 0x1E04, 0x1E04, 0x1E04, 0x1E04, 0x1E04, 0x1E04, 0x1E04, 
  0x1E04, 0x1E04, 0x1E04, 0x1E04, 0x1E04, 0x1E04, 0x1E04, 0x1E04, 0x1E04, 0x1E04, 0x1E04, 0x1E04, 0x1E04, 0x1E04, 0x1E04, 0x3E04, 
  0x1E04, 0x1E04, 0x1E04, 0x1E04, 0x1E04, 0x1E04, 0x1E04, 0x1E04, 0x1E04, 0x1E04, 0x1E04, 0x1E04, 0x1E04, 0x1E04, 0x1E04, 0x1E04, 
  0x1E04, 0x1E04, 0x1E04, 0x1E04, 0x1E04, 0x1E04, 0x1E04, 0x1E04, 0x1E04, 0x1E04, 0x1E04, 0x1E04, 0x1E04, 0x1E04, 0x1E04, 0x1E04, 
  0x1E04, 0x1E04, 0x1E04, 0x1E04, 0x1E04, 0x1E04, 0x1E04, 0x1E04, 0x1E04, 0x1E04, 0x1E04, 0x1E04, 0x1E04, 0x1E04, 0x1E04, 0x1D04, 
  0x1E04, 0x1E04, 0x1C14, 0x3F84, 0xDFBB, 0x3D83, 0xFEDE, 0x5FEF, 0xFC82, 0xBFAB, 0xDFB3, 0x9FB3, 0xDFB3, 0xDFBB, 0x1099, 0x4888, 
  0x6B98, 0x6C90, 0x2CA8, 0x8B88, 0xCB78, 0xA978, 0xD7A2, 0xDFB3, 0xFC93, 0xFFFF, 0x9EA4, 0x9F72, 0xFF72, 0x1F8B, 0xBFAB, 0xFFB3, 
  0xBEB3, 0xDFBB, 0xBEB3, 0xBDA3, 0x9DA3, 0x7EAB, 0x7EAB, 0x7FAB, 0xBFB3, 0xBFB3, 0xBFB3, 0xDFB3, 0xDEAB, 0xBFAB, 0xBFAB, 0xDFA3, 
  0xDFA3, 0xDFAB, 0xBEA3, 0xDFAB, 0xDFB3, 0xFFB3, 0xDEB3, 0xFFB3, 0xFFB3, 0xDFB3, 0xFFBB, 0xFFBB, 0xFFBB, 0xDFBB, 0xDFBB, 0x9FBB, 
  0xBBA2, 0xB8A2, 0x97A2, 0x759A, 0x139A, 0x9399, 0xB391, 0xD391, 0xD1A8, 0x8E98, 0x4C81, 0x9091, 0x148A, 0x98AA, 0xD9BA, 0x39AB, 
  0xD8AA, 0x57AA, 0xB5B1, 0x51B1, 0x0B79, 0x2A88, 0x2B98, 0x8B70, 0x4C80, 0x4EC0, 0x8B90, 0x8B88, 0x4A88, 0xACA0, 0xADB0, 0xACA0, 
  0x4BA8, 0x6978, 0xCC90, 0x56B2, 0xDFAB, 0x7F8B, 0xBF72, 0xFF7A, 0x1F73, 0xFF72, 0xDF7A, 0x9E72, 0x7E6A, 0x7F6A, 0xBF6A, 0xDF7A, 
  0x7FA3, 0x1FBC, 0xBEBB, 0xD298, 0x99B2, 0xFFB3, 0xDFAB, 0x7F9B, 0x1C83, 0x5FCE, 0xDFDE, 0xBDAC, 0xDD7A, 0x3E93, 0xBFBB, 0x1FC4, 
  0x9CBB, 0x1099, 0x79B2, 0x1FB4, 0xBFAB, 0xFFBB, 0xFE82, 0xBEBD, 0xFFFF, 0xFFFF, 0x9EA4, 0x1F93, 0xFFBB, 0xFFBB, 0xFFBB, 0x5EA3, 
  0x9DC5, 0xFDC5, 0x9D43, 0x5D04, 0x1E04, 0x1E04, 0x3D04, 0x1E04, 0x1E04, 0x1E04, 0x1E04, 0x1E04, 0x1E04, 0x1E04, 0x1E04, 0x1E04, 
  0x1E04, 0x1E04, 0x1E04, 0x1E04, 0x1E04, 0x1E04, 0x1E04, 0x1E04, 0x1E04, 0x1E04, 0x1E04, 0x1E04, 0x1E04, 0x1E04, 0x1E04, 0x1E04, 
  0x1E04, 0x1E04, 0x1E04, 0x1E04, 0x1E04, 0x1E04, 0x1E04, 0x1E04, 0x1E04, 0x1E04, 0x1E04, 0x1E04, 0x1E04, 0x1E04, 0x1E04, 0x3E04, 
  0x1E04, 0x1E04, 0x1E04, 0x1E04, 0x1E04, 0x1E04, 0x1E04, 0x1E04, 0x1E04, 0x1E04, 0x1E04, 0x1E04, 0x1E04, 0x1E04, 0x1E04, 0x1E04, 
  0x1E04, 0x1E04, 0x1E04, 0x1E04, 0x1E04, 0x1E04, 0x1E04, 0x1E04, 0x1E04, 0x1E04, 0x1E04, 0x1E04, 0x1E04, 0x1E04, 0x1E04, 0x1E04, 
  0x1E04, 0x1E04, 0x1E04, 0x1E04, 0x1E04, 0x1E04, 0x1E04, 0x1E04, 0x1E04, 0x1E04, 0x1E04, 0x1E04, 0x1E04, 0x1E04, 0x1E04, 0x3E04, 
  0x3E04, 0x1E04, 0x3E4C, 0x1FB4, 0x3E9B, 0xDC9C, 0xFFFF, 0x1D9C, 0x5E9B, 0xFFBB, 0xBFB3, 0xBFB3, 0x1FBC, 0xB3A1, 0x2998, 0x4BB0, 
  0x8EB0, 0x4DA8, 0x0BA0, 0x6BA8, 0x0BA8, 0x8EA8, 0xBDBB, 0x5EA3, 0x3DBD, 0xFFFF, 0x9D8B, 0xBF72, 0xBF93, 0x3FBC, 0x1FB4, 0x5FA3, 
  0x3F9B, 0x1F8B, 0x7FAC, 0xDECD, 0x3ED6, 0x5FDE, 0xFFD5, 0x7FC5, 0x9EBC, 0xDDAB, 0x9EAB, 0xBFB3, 0xDFBB, 0x1F93, 0xBF72, 0xDF6A, 
  0xDF72, 0xDE72, 0xFE72, 0xFE7A, 0xDF7A, 0xFF82, 0x1F8B, 0x3E8B, 0x7E93, 0x7F93, 0x7F9B, 0xBFA3, 0xBFB3, 0xFFB3, 0x1EB4, 0xFFB3, 
  0xFFBB, 0x1FC4, 0x1FC4, 0x1FC4, 0xFFC3, 0xBFBB, 0xDEA3, 0xDEAB, 0x1AB3, 0xFAB3, 0xBE93, 0x3E9B, 0x5CAB, 0x9ABA, 0xD691, 0x9181, 
  0x8F81, 0xF1A0, 0x52A1, 0x949A, 0xF9B2, 0x9AB2, 0xD2A1, 0x6C69, 0x8C68, 0x0998, 0x8B90, 0xABA0, 0x6BA0, 0x2BA0, 0x2DC0, 0x4CB0, 
  0x2CB8, 0x4DB8, 0x0AB0, 0x0898, 0x8F79, 0x3BAB, 0x9FB3, 0xFF7A, 0xFF6A, 0x1E73, 0x5F8B, 0xBFA3, 0xDFAB, 0x7F9B, 0x3F8B, 0x9E9B, 
  0xFFBB, 0xDFB3, 0xBFB3, 0x3EC3, 0xDFBB, 0xFFB3, 0xBFAB, 0xDD7A, 0x5ED6, 0xFFFF, 0xFFFF, 0xFFFF, 0x5ED6, 0x1D73, 0x1E7B, 0xDFB3, 
  0xFFC3, 0xDFC3, 0xDFB3, 0xDFB3, 0xDFB3, 0xFFAB, 0xFE82, 0x7FD6, 0xFFFF, 0x9FF7, 0x7D8B, 0x7FA3, 0xDFBB, 0xDFBB, 0xFFBB, 0x7EA3, 
  0x9DBD, 0x5ED6, 0x5D43, 0x5D04, 0x1E04, 0x1E04, 0x1D04, 0x1E04, 0x1E04, 0x1E04, 0x1E04, 0x1E04, 0x1E04, 0x1E04, 0x1E04, 0x1E04, 
  0x1E04, 0x1E04, 0x1E04, 0x1E04, 0x1E04, 0x1E04, 0x1E04, 0x1E04, 0x1E04, 0x1E04, 0x1E04, 0x1E04, 0x1E04, 0x1E04, 0x1E04, 0x1E04, 
  0x1E04, 0x1E04, 0x1E04, 0x1E04, 0x1E04, 0x1E04, 0x1E04, 0x1E04, 0x1E04, 0x1E04, 0x1E04, 0x1E04, 0x1E04, 0x1E04, 0x1E04, 0x3E04, 
  0x1E04, 0x1E04, 0x1E04, 0x1E04, 0x1E04, 0x1E04, 0x1E04, 0x1E04, 0x1E04, 0x1E04, 0x1E04, 0x1E04, 0x1E04, 0x1E04, 0x1E04, 0x1E04, 
  0x1E04, 0x1E04, 0x1E04, 0x1E04, 0x1E04, 0x1E04, 0x1E04, 0x1E04, 0x1E04, 0x1E04, 0x1E04, 0x1E04, 0x1E04, 0x1E04, 0x1E04, 0x1E04, 
  0x1E04, 0x1E04, 0x1E04, 0x1E04, 0x1E04, 0x1E04, 0x1E04, 0x1E04, 0x1E04, 0x1E04, 0x1E04, 0x1E04, 0x1E04, 0x1E04, 0x1E04, 0x3E04, 
  0x3D04, 0x1D1C, 0x3F94, 0xFFBB, 0x1D83, 0x3FEF, 0xDEC5, 0xFD82, 0xFFB3, 0xBFBB, 0xBFB3, 0xFFB3, 0x779A, 0x6A90, 0x8A98, 0x4CA8, 
  0x8CA8, 0x4BA8, 0x0CB0, 0xAB90, 0x6A88, 0x17B2, 0x3FBC, 0x5D93, 0xDEE6, 0xFEC5, 0x9D72, 0xDFA3, 0xBFBB, 0x9AC2, 0xF6B1, 0x1282, 
  0x1272, 0x9391, 0x94A9, 0x35B2, 0x53AA, 0x54BB, 0x57C4, 0x5BD5, 0x3FDE, 0x7EDE, 0xFFD5, 0xBEB4, 0xDEAB, 0xFFB3, 0x9FA3, 0x1F83, 
  0xFF72, 0xFF7A, 0xFF7A, 0xFF72, 0xFF72, 0xFF72, 0xFF72, 0xDF72, 0xDF72, 0xDF72, 0xDF72, 0xDF7A, 0xDF7A, 0x1E7B, 0x5E8B, 0xBFA3, 
  0xBFAB, 0xDFB3, 0x9FB3, 0x9EAB, 0xFDA3, 0xDDBC, 0xFED5, 0xBFDE, 0x5FDE, 0x7CCC, 0x36A2, 0x11A1, 0x4C90, 0x0A98, 0x2A98, 0x29A0, 
  0xA990, 0x6B80, 0x0A90, 0x8878, 0x8D80, 0xB4A1, 0x1CC3, 0xBDB3, 0x9892, 0xD190, 0x2DB0, 0x6CA0, 0x6BA0, 0x2BA8, 0x2DC0, 0x2CB8, 
  0x0AB0, 0x0CA8, 0x2D98, 0xAEA8, 0x6A90, 0x8C80, 0x37B2, 0xDFC3, 0x3E8B, 0xDE72, 0xDF7A, 0xFF82, 0x9F9B, 0xFFB3, 0xFFB3, 0xDFB3, 
  0xBFB3, 0xDFB3, 0xFFBB, 0xDFB3, 0xBFB3, 0xDFB3, 0xBE7A, 0x7E9C, 0xFFFF, 0xDFFF, 0xDFFF, 0xDEFF, 0xFFFF, 0x1ECE, 0xBD62, 0x5F93, 
  0xDFC3, 0xDFBB, 0xDFB3, 0xDFB3, 0xBFB3, 0xBFA3, 0x3D83, 0x3FE7, 0xFFFF, 0x7EDE, 0x1D83, 0xFFBB, 0xDFBB, 0xFFBB, 0xFFBB, 0x7EA3, 
  0x9DBD, 0xBFE6, 0x7E5B, 0x5D04, 0x1E04, 0x1E04, 0x1D04, 0x1E04, 0x1E04, 0x1E04, 0x1E04, 0x1E04, 0x1E04, 0x1E04, 0x1E04, 0x1E04, 
  0x1E04, 0x1E04, 0x1E04, 0x1E04, 0x1E04, 0x1E04, 0x1E04, 0x1E04, 0x1E04, 0x1E04, 0x1E04, 0x1E04, 0x1E04, 0x1E04, 0x1E04, 0x1E04, 
  0x1E04, 0x1E04, 0x1E04, 0x1E04, 0x1E04, 0x1E04, 0x1E04, 0x1E04, 0x1E04, 0x1E04, 0x1E04, 0x1E04, 0x1E04, 0x1E04, 0x1E04, 0x3E04, 
  0x1E04, 0x1E04, 0x1E04, 0x1E04, 0x1E04, 0x1E04, 0x1E04, 0x1E04, 0x1E04, 0x1E04, 0x1E04, 0x1E04, 0x1E04, 0x1E04, 0x1E04, 0x1E04, 
  0x1E04, 0x1E04, 0x1E04, 0x1E04, 0x1E04, 0x1E04, 0x1E04, 0x1E04, 0x1E04, 0x1E04, 0x1E04, 0x1E04, 0x1E04, 0x1E04, 0x1E04, 0x1E04, 
  0x1E04, 0x1E04, 0x1E04, 0x1E04, 0x1E04, 0x1E04, 0x1E04, 0x1E04, 0x1E04, 0x1E04, 0x1E04, 0x1E04, 0x1D04, 0x1D04, 0x1E04, 0x1D04, 
  0x1D04, 0x1E44, 0xFFB3, 0x3F9B, 0xDDA4, 0x5FEF, 0x1C83, 0xDFAB, 0xDFB3, 0xBFB3, 0xFFB3, 0xDAB2, 0x4B88, 0x4A98, 0x4A90, 0x4CB0, 
  0x2CB8, 0x2CB8, 0x2DB8, 0x6BB0, 0x8C98, 0x1DBB, 0xDFB3, 0x1E83, 0x9EA4, 0xFC7A, 0xBF9B, 0x1CBB, 0xF1B0, 0x4DB8, 0x4DC0, 0x2990, 
  0x6780, 0x6990, 0x0A98, 0x09A0, 0x0990, 0x0CB8, 0x0CB0, 0x0C90, 0xAF98, 0x91A9, 0x17BB, 0x7CC4, 0xFE9B, 0xFE82, 0x5E93, 0x7E93, 
  0x5F8B, 0x1F83, 0xDF72, 0x1F73, 0x1E73, 0xFF72, 0xFF72, 0xFF7A, 0xFF72, 0xFF72, 0xFF7A, 0xFF6A, 0xFF72, 0xFF7A, 0xDF7A, 0xDF72, 
  0x9D7A, 0xBEA3, 0x1DBD, 0x5FE6, 0x7FF7, 0xFEF6, 0x7BD5, 0x36B3, 0x2F91, 0x2DA0, 0x0BA8, 0x6B98, 0x4BA0, 0x8A88, 0xEC80, 0x8BA8, 
  0xAA88, 0xAB60, 0x2A98, 0x6B90, 0x6B78, 0x2661, 0x0E99, 0x53A1, 0xDB9A, 0x3F9B, 0x1BAB, 0x1089, 0x0BA8, 0x8ED0, 0x2CB8, 0x2BA0, 
  0x6A90, 0x8A88, 0x2C98, 0x92C1, 0x8DA0, 0x2B98, 0x4C90, 0xD2A9, 0x5CB3, 0x7F93, 0xBF72, 0xFF7A, 0xDF6A, 0x1F83, 0xBFB3, 0xBFB3, 
  0xBFAB, 0xBFB3, 0xDFB3, 0xDFBB, 0xFFBB, 0x7F9B, 0xBE72, 0x9EDE, 0xFFFF, 0xFFFF, 0xFFFF, 0xFFFF, 0xFFFF, 0xFFFF, 0xDD93, 0xDE72, 
  0xDFB3, 0xBEB3, 0xBEAB, 0xDFB3, 0xFFB3, 0x5F93, 0xBC8B, 0xDFFF, 0xFFFF, 0x7EBD, 0x1E8B, 0xFFBB, 0xDFB3, 0xDFBB, 0xFFBB, 0x7EAB, 
  0x9DC5, 0x3FEF, 0x7E63, 0x1D0C, 0x1E04, 0x1E04, 0x3D04, 0x3D04, 0x1E04, 0x1E04, 0x1E04, 0x1E04, 0x1E04, 0x1E04, 0x1E04, 0x1E04, 
  0x1E04, 0x1E04, 0x1E04, 0x1E04, 0x1E04, 0x1E04, 0x1E04, 0x1E04, 0x1E04, 0x1E04, 0x1E04, 0x1E04, 0x1E04, 0x1E04, 0x1E04, 0x1E04, 
  0x1E04, 0x1E04, 0x1E04, 0x1E04, 0x1E04, 0x1E04, 0x1E04, 0x1E04, 0x1E04, 0x1E04, 0x1E04, 0x1E04, 0x1E04, 0x1E04, 0x1E04, 0x3E04, 
  0x1E04, 0x1E04, 0x1E04, 0x1E04, 0x1E04, 0x1E04, 0x1E04, 0x1E04, 0x1E04, 0x1E04, 0x1E04, 0x1E04, 0x1E04, 0x1E04, 0x1E04, 0x1E04, 
  0x1E04, 0x1E04, 0x1E04, 0x1E04, 0x1E04, 0x1E04, 0x1E04, 0x1E04, 0x1E04, 0x1E04, 0x1E04, 0x1E04, 0x1E04, 0x1E04, 0x1E04, 0x1E04, 
  0x1E04, 0x1E04, 0x1E04, 0x1E04, 0x1E04, 0x1E04, 0x1E04, 0x1E04, 0x1E04, 0x1E04, 0x1E04, 0x1D04, 0x1D04, 0x1D04, 0x1E04, 0x1E04, 
  0x1D0C, 0x1F74, 0xFFBB, 0x1D83, 0xDFDE, 0x5D9C, 0x5F93, 0xFFB3, 0xBFB3, 0xDFB3, 0x7DB3, 0x6E90, 0x4A90, 0x8B90, 0x4BB0, 0x2CB0, 
  0x8CA0, 0x4B98, 0x2CA0, 0x0BA8, 0x1099, 0xFEB3, 0x9FA3, 0xFE72, 0xBD6A, 0x9FA3, 0xDAC2, 0x2CA8, 0x0AB8, 0x2CB0, 0x4CB8, 0x2CB0, 
  0x0BB0, 0x2DB8, 0x2DA0, 0x2CC0, 0x2BA8, 0xCFC0, 0x4ED0, 0x4AA8, 0x4BA0, 0xD0C0, 0x7098, 0xF9A9, 0x1EA3, 0xDFAB, 0x7E9B, 0x5F93, 
  0x5F93, 0x3F8B, 0xDF7A, 0xDF72, 0xDF72, 0xFF72, 0x1F73, 0xFF72, 0xFF72, 0xFF7A, 0xFF72, 0xFE7A, 0x5E93, 0x1F7B, 0xBE6A, 0x9D83, 
  0xDECD, 0x7FF7, 0x7FF7, 0xDBC5, 0x36A3, 0xF098, 0x0B90, 0x4A60, 0xEC80, 0x8DB8, 0x6CA8, 0xAC80, 0xAC88, 0x6B90, 0x4B90, 0x4BB8, 
  0x4BA0, 0x6B78, 0x6BA0, 0x4CA0, 0x6D98, 0x6D99, 0x6C89, 0x8978, 0x0B79, 0xB279, 0x5CBC, 0x3EDE, 0x58C3, 0x90B8, 0x0DC0, 0xAB80, 
  0xCA88, 0x6A88, 0x6B90, 0x6B90, 0x4BA8, 0xF0B8, 0x6C78, 0xC958, 0xED78, 0x39A3, 0x9F9B, 0xDE7A, 0xFF7A, 0xFF6A, 0x1D83, 0xDFB3, 
  0xFFB3, 0xBFBB, 0xDFBB, 0xBFBB, 0xFFBB, 0xDF82, 0xBD8B, 0xDFFF, 0xFFFF, 0xFFFF, 0xFFFF, 0xFFFF, 0xFFFF, 0xFFFF, 0x1EAD, 0x9E6A, 
  0xBFAB, 0xDFB3, 0xDFB3, 0xDFB3, 0xFFBB, 0xFE82, 0xDDAC, 0xFFFF, 0xFFFF, 0xBEA4, 0x5F9B, 0xFFBB, 0xDFB3, 0xBFB3, 0xFFBB, 0x7EAB, 
  0x7DBD, 0x9FF7, 0xBE6B, 0x3E14, 0x1D04, 0x1E04, 0x1D04, 0x1D04, 0x1E04, 0x1E04, 0x1E04, 0x1E04, 0x1E04, 0x1E04, 0x1E04, 0x1E04, 
  0x1E04, 0x1E04, 0x1E04, 0x1E04, 0x1E04, 0x1E04, 0x1E04, 0x1E04, 0x1E04, 0x1E04, 0x1E04, 0x1E04, 0x1E04, 0x1E04, 0x1E04, 0x1E04, 
  0x1E04, 0x1E04, 0x1E04, 0x1E04, 0x1E04, 0x1E04, 0x1E04, 0x1E04, 0x1E04, 0x1E04, 0x1E04, 0x1E04, 0x1E04, 0x1E04, 0x1E04, 0x3E04, 
  0x1E04, 0x1E04, 0x1E04, 0x1E04, 0x1E04, 0x1E04, 0x1E04, 0x1E04, 0x1E04, 0x1E04, 0x1E04, 0x1E04, 0x1E04, 0x1E04, 0x1E04, 0x1E04, 
  0x1E04, 0x1E04, 0x1E04, 0x1E04, 0x1E04, 0x1E04, 0x1E04, 0x1E04, 0x1E04, 0x1E04, 0x1E04, 0x1E04, 0x1E04, 0x1E04, 0x1E04, 0x1E04, 
  0x1E04, 0x1E04, 0x1E04, 0x1E04, 0x1E04, 0x1E04, 0x1E04, 0x1E04, 0x1E04, 0x1E04, 0x1D04, 0x1D04, 0x1D04, 0x3E04, 0x1E04, 0x1E04, 
  0x1E2C, 0x1FAC, 0x7E9B, 0x9D9C, 0x9EC5, 0xFD8A, 0xFFBB, 0xBFAB, 0xDEB3, 0xDFC3, 0x5199, 0x0A98, 0x2BA8, 0x2AA8, 0x2BB0, 0x4CA0, 
  0x4CA0, 0x2AA0, 0x2BA0, 0x0CB0, 0xB5A9, 0x1FC4, 0x1E93, 0xFE7A, 0xDFAB, 0xD9B2, 0x2DA8, 0x2BC0, 0x2CB8, 0x6B90, 0x4BA8, 0x2D98, 
  0x4DA0, 0x4DB8, 0x0BB8, 0x2CC8, 0x4CC0, 0x4BB0, 0x4CC0, 0x0CB8, 0xB6C9, 0xBFC3, 0xBFBB, 0xFFB3, 0xDFAB, 0xBFB3, 0xDFBB, 0xFFB3, 
  0xDFB3, 0xDFB3, 0xFFB3, 0x9FAB, 0x5F9B, 0x1E83, 0xDE7A, 0xFF72, 0xDF7A, 0xFF72, 0xFE72, 0x7E9B, 0x1F8B, 0xDD6A, 0x5DAD, 0xDFFF, 
  0xDFEE, 0x57A4, 0x8F5A, 0x8A49, 0x4968, 0x0C98, 0x4C88, 0xC968, 0x70A9, 0xD1C0, 0xCCA8, 0x8B90, 0x8C80, 0x4B98, 0x4B98, 0xD0B0, 
  0x4CA8, 0x2AA0, 0x0A98, 0x6AA0, 0x8DB0, 0xCDA8, 0x0969, 0xCB78, 0x8B78, 0x2A80, 0x8D80, 0x58A3, 0xDFF6, 0xFDE5, 0xD4B9, 0x4B80, 
  0x2BB0, 0x4BA0, 0x2A79, 0x0969, 0xEF98, 0xF1B8, 0x4B78, 0x6A51, 0xAA70, 0x4B88, 0x76A2, 0xBFAB, 0xDF82, 0xFF7A, 0xFF72, 0x3E83, 
  0xFFB3, 0xFFBB, 0xDFBB, 0xDFB3, 0xDFAB, 0x9F72, 0x1EAD, 0xFFFF, 0xDFFF, 0xFFFF, 0xFFFF, 0xFFFF, 0xDFFF, 0xFFFF, 0x9EBD, 0x9E6A, 
  0xBFAB, 0xFFB3, 0xFFB3, 0xBFB3, 0xFFB3, 0xDE7A, 0xBEC5, 0xFFFF, 0xFFFF, 0x1D94, 0x7FA3, 0xFFBB, 0xDFB3, 0xDFBB, 0xFFBB, 0x9FAB, 
  0x1CB5, 0xDFFF, 0xFD7B, 0xFE1B, 0x1D04, 0x1E04, 0x1D04, 0x1D04, 0x1E04, 0x1E04, 0x1E04, 0x1E04, 0x1E04, 0x1E04, 0x1E04, 0x1E04, 
  0x1E04, 0x1E04, 0x1E04, 0x1E04, 0x1E04, 0x1E04, 0x1E04, 0x1E04, 0x1E04, 0x1E04, 0x1E04, 0x1E04, 0x1E04, 0x1E04, 0x1E04, 0x1E04, 
  0x1E04, 0x1E04, 0x1E04, 0x1E04, 0x1E04, 0x1E04, 0x1E04, 0x1E04, 0x1E04, 0x1E04, 0x1E04, 0x1E04, 0x1E04, 0x1E04, 0x1E04, 0x3E04, 
  0x1E04, 0x1E04, 0x1E04, 0x1E04, 0x1E04, 0x1E04, 0x1E04, 0x1E04, 0x1E04, 0x1E04, 0x1E04, 0x1E04, 0x1E04, 0x1E04, 0x1E04, 0x1E04, 
  0x1E04, 0x1E04, 0x1E04, 0x1E04, 0x1E04, 0x1E04, 0x1E04, 0x1E04, 0x1E04, 0x1E04, 0x1E04, 0x1E04, 0x1E04, 0x1E04, 0x1E04, 0x1E04, 
  0x1E04, 0x1E04, 0x1E04, 0x1E04, 0x1E04, 0x1E04, 0x1E04, 0x1E04, 0x1E04, 0x1D04, 0x1D04, 0x1D04, 0x3E04, 0x3E04, 0x1E04, 0x1D04, 
  0x3E5C, 0xDFBB, 0x3D8B, 0x5EB5, 0x5D8B, 0xBFAB, 0xDFB3, 0xDFAB, 0x1FB4, 0x36AA, 0x0AA0, 0x2BB0, 0x2BB0, 0x2A98, 0x4BA8, 0x2CB8, 
  0x2BB0, 0x2BA0, 0x2C98, 0x0AA0, 0xF8B1, 0x1FBC, 0xFFB3, 0xDFC3, 0xD79A, 0xCC88, 0x8DC0, 0x2BA0, 0x0CA0, 0x8A80, 0xAA80, 0x0BA0, 
  0x2CA8, 0x4DB8, 0x2BA8, 0x2AA8, 0x4AA8, 0x2BA0, 0x8EA8, 0x57B2, 0xBEC3, 0xDFB3, 0xBFAB, 0xDFAB, 0xDFAB, 0x5E9B, 0x1E8B, 0x1E7B, 
  0xFF82, 0x1F8B, 0x7F93, 0xBE9B, 0xDEA3, 0xBFAB, 0x5F93, 0xFF72, 0xFF72, 0xDF72, 0x7E93, 0x7F9B, 0xBD6A, 0xDDC5, 0xFFFF, 0xDBC4, 
  0xAFA0, 0x4BA0, 0x8A88, 0x8A88, 0xAB88, 0x0DA1, 0xAB80, 0xCB78, 0x2BA0, 0x0BA8, 0x4A98, 0x2AA8, 0x4B98, 0xAC88, 0x8B88, 0x6D98, 
  0x0BA0, 0xB0B0, 0x53A9, 0xEFA8, 0x4A88, 0x4A80, 0x8AA0, 0x6B90, 0x2B88, 0x8B98, 0xCA70, 0x0A61, 0xB191, 0x1EE6, 0x7FF7, 0x56AB, 
  0x6FA0, 0xAB98, 0xEA78, 0x6A88, 0x6B90, 0x2A90, 0xA978, 0xCA78, 0x2BB0, 0x8A98, 0x2990, 0xD291, 0x9EB3, 0x1E83, 0xDF72, 0xFF6A, 
  0x3F8B, 0xDFB3, 0xDFAB, 0xBEB3, 0xBFAB, 0x9F72, 0x7EB5, 0xFEFF, 0xDFFF, 0xFFFF, 0xFFFF, 0xFFFF, 0xDFFF, 0xFFFF, 0x1DAD, 0xBD72, 
  0xBFB3, 0xDFB3, 0xDFB3, 0xDFBB, 0xDFB3, 0xDD7A, 0x7FD6, 0xFFFF, 0xDFFF, 0xDC93, 0x7FA3, 0xDFBB, 0xBFB3, 0xBFB3, 0x1FBC, 0xBFB3, 
  0xDDB4, 0xFFFF, 0x5D84, 0xDD13, 0x3D04, 0x3E04, 0x3D04, 0x1E04, 0x1E04, 0x1E04, 0x1E04, 0x1E04, 0x1E04, 0x1E04, 0x1E04, 0x1E04, 
  0x1E04, 0x1E04, 0x1E04, 0x1E04, 0x1E04, 0x1E04, 0x1E04, 0x1E04, 0x1E04, 0x1E04, 0x1E04, 0x1E04, 0x1E04, 0x1E04, 0x1E04, 0x1E04, 
  0x1E04, 0x1E04, 0x1E04, 0x1E04, 0x1E04, 0x1E04, 0x1E04, 0x1E04, 0x1E04, 0x1E04, 0x1E04, 0x1E04, 0x1E04, 0x1E04, 0x1E04, 0x3E04, 
  0x1E04, 0x1E04, 0x1E04, 0x1E04, 0x1E04, 0x1E04, 0x1E04, 0x1E04, 0x1E04, 0x1E04, 0x1E04, 0x1E04, 0x1E04, 0x1E04, 0x1E04, 0x1E04, 
  0x1E04, 0x1E04, 0x1E04, 0x1E04, 0x1E04, 0x1E04, 0x1E04, 0x1E04, 0x1E04, 0x1E04, 0x1E04, 0x1E04, 0x1E04, 0x1E04, 0x1E04, 0x1E04, 
  0x1E04, 0x1E04, 0x1E04, 0x1E04, 0x1E04, 0x1E04, 0x1E04, 0x1E04, 0x1E04, 0x1D04, 0x1D04, 0x1E04, 0x3E04, 0x1D04, 0x1D04, 0x1D14, 
  0x5F8C, 0xBFAB, 0x3E7B, 0x5D83, 0x9EA3, 0xDFB3, 0xBEB3, 0xFFC3, 0x1BA3, 0xAB80, 0x4A98, 0x4B98, 0x2BA0, 0x8B98, 0x8B90, 0x2CC0, 
  0x2BA8, 0x6DC0, 0x4BA8, 0x29A0, 0x17AA, 0xFFC3, 0x1AB3, 0x52A9, 0x2CA0, 0x4B90, 0x2AA0, 0x0BB0, 0x2CA8, 0x4C90, 0xAD98, 0x2BB8, 
  0x8ED0, 0x4ED8, 0x6CA8, 0x2BA0, 0x2DA0, 0xF5A1, 0x7DBB, 0xFFB3, 0x1FB4, 0xFFC3, 0xBFB3, 0xBFBB, 0xBFBB, 0xBFB3, 0xBFAB, 0xBFA3, 
  0x5F93, 0xFF82, 0x1E7B, 0xFD93, 0x1D9C, 0x3E83, 0xDF7A, 0xFF72, 0xFE72, 0x3E8B, 0xFFB3, 0x9E7A, 0x1DB5, 0xFFFF, 0x9AC4, 0x2D90, 
  0x0AC0, 0x2BB8, 0x2CB0, 0x4CA8, 0x6D98, 0xADA0, 0x4BA8, 0x0BA0, 0x0BA0, 0x2BA8, 0x6C90, 0x6CA0, 0x6B88, 0x0C71, 0x6B88, 0x2AA8, 
  0x2AA8, 0x2B88, 0x759A, 0x7DBB, 0x37AA, 0xCE90, 0x2BA0, 0x2CB8, 0x8C98, 0xAB80, 0xCB78, 0x0B69, 0x0A88, 0x1291, 0x3ECD, 0xDFFF, 
  0x9ACC, 0xAD70, 0xCB60, 0x6A88, 0x6B98, 0x8C88, 0x6A88, 0x8B88, 0x4CA8, 0xCA80, 0x4B98, 0x2A90, 0x7089, 0x9CAB, 0x3F8B, 0xDF72, 
  0xBF7A, 0x3F8B, 0xFFB3, 0xDFB3, 0xFFB3, 0xDE7A, 0x3EB5, 0xFFFF, 0xFFFF, 0xFFFF, 0xFFFF, 0xFFFF, 0xFFFF, 0xFFFF, 0x5D9C, 0xDE7A, 
  0xDFB3, 0xBFB3, 0xDFB3, 0xBFB3, 0xBFAB, 0xDD7A, 0x9FDE, 0xFFFF, 0xFFFF, 0xFC93, 0x9FAB, 0xFFBB, 0xBFB3, 0xBFB3, 0xFFBB, 0xBFB3, 
  0x7DAC, 0xFFFF, 0x9C8C, 0x9D13, 0x3E04, 0x3D04, 0x3D04, 0x1E04, 0x1E04, 0x1E04, 0x1E04, 0x1E04, 0x1E04, 0x1E04, 0x1E04, 0x1E04, 
  0x1E04, 0x1E04, 0x1E04, 0x1E04, 0x1E04, 0x1E04, 0x1E04, 0x1E04, 0x1E04, 0x1E04, 0x1E04, 0x1E04, 0x1E04, 0x1E04, 0x1E04, 0x1E04, 
  0x1E04, 0x1E04, 0x1E04, 0x1E04, 0x1E04, 0x1E04, 0x1E04, 0x1E04, 0x1E04, 0x1E04, 0x1E04, 0x1E04, 0x1E04, 0x1E04, 0x1E04, 0x3E04, 
  0x1E04, 0x1E04, 0x1E04, 0x1E04, 0x1E04, 0x1E04, 0x1E04, 0x1E04, 0x1E04, 0x1E04, 0x1E04, 0x1E04, 0x1E04, 0x1E04, 0x1E04, 0x1E04, 
  0x1E04, 0x1E04, 0x1E04, 0x1E04, 0x1E04, 0x1E04, 0x1E04, 0x1E04, 0x1E04, 0x1E04, 0x1E04, 0x1E04, 0x1E04, 0x1E04, 0x1E04, 0x1E04, 
  0x1E04, 0x1E04, 0x1E04, 0x1E04, 0x1E04, 0x1E04, 0x1E04, 0x1E04, 0x1E04, 0x1E04, 0x1E04, 0x1E04, 0x1E04, 0x1D0C, 0x1D04, 0x3E3C, 
  0xFFB3, 0x5E93, 0xBE72, 0x1F8B, 0xFFBB, 0xDEAB, 0xDFB3, 0x9EC3, 0x0E79, 0xAA78, 0x0A71, 0xCB78, 0x8B78, 0x2BA8, 0x4BA0, 0x2B98, 
  0x6DB0, 0x0BB8, 0x0BB8, 0x0BB0, 0x8DA0, 0xF0A0, 0x6FB8, 0x4CB0, 0x2CB8, 0x6C98, 0x2BA8, 0x2DC8, 0x2BB0, 0x2B98, 0x4DB0, 0x2BB0, 
  0x6DC0, 0x2CA8, 0x0BA8, 0x53B1, 0x3DBB, 0xFFBB, 0xFFB3, 0xDFBB, 0x1CC3, 0xF6A9, 0xDC9A, 0xDFB3, 0xFFBB, 0xFFB3, 0x9FA3, 0x7EA3, 
  0xBFA3, 0xBFA3, 0xBFA3, 0x9EA3, 0xBF9B, 0x7E93, 0x3E8B, 0x5E93, 0x9E9B, 0xFFBB, 0x5E93, 0x5B7B, 0xBFFF, 0xFFEE, 0x9181, 0x4A90, 
  0xAC98, 0xCA80, 0x6A98, 0x4CA8, 0x6DA0, 0x0CA8, 0x0BB0, 0x6B88, 0x6C90, 0x2B98, 0xEA70, 0xCA78, 0x4B90, 0x4B88, 0x4A71, 0xAB68, 
  0xCA78, 0x0969, 0xCA60, 0xF491, 0x1FC4, 0xDFBB, 0x98A2, 0x1099, 0x0869, 0x8980, 0xAC80, 0xEB78, 0x6B90, 0x2B88, 0xB289, 0xDCBC, 
  0x9FFF, 0x5BCD, 0x0D71, 0xC980, 0xCA78, 0xCB70, 0xEB78, 0x2B90, 0x2BA0, 0x2BA0, 0x2BA0, 0x8B98, 0xEA70, 0xAD88, 0xF9B2, 0x5F93, 
  0xBF72, 0xFF72, 0x3F93, 0xDFBB, 0x1FBC, 0x5E93, 0x1D9C, 0xFFFF, 0xFFFF, 0xFFFF, 0xFFFF, 0xFFFF, 0xFEFF, 0xFFFF, 0xBD8B, 0x1F83, 
  0xBFB3, 0xBFB3, 0xBFAB, 0x9FAB, 0xDFAB, 0xDE7A, 0x3ECE, 0xFFFF, 0xFFFF, 0x5D9C, 0x5FA3, 0xDFBB, 0xDFBB, 0xDFBB, 0xFFBB, 0xBFB3, 
  0x5DA4, 0xFFFF, 0xFD9C, 0x9D1B, 0x1E04, 0x3D04, 0x1D04, 0x1E04, 0x1E04, 0x1E04, 0x1E04, 0x1E04, 0x1E04, 0x1E04, 0x1E04, 0x1E04, 
  0x1E04, 0x1E04, 0x1E04, 0x1E04, 0x1E04, 0x1E04, 0x1E04, 0x1E04, 0x1E04, 0x1E04, 0x1E04, 0x1E04, 0x1E04, 0x1E04, 0x1E04, 0x1E04, 
  0x1E04, 0x1E04, 0x1E04, 0x1E04, 0x1E04, 0x1E04, 0x1E04, 0x1E04, 0x1E04, 0x1E04, 0x1E04, 0x1E04, 0x1E04, 0x1E04, 0x1E04, 0x3E04, 
  0x1E04, 0x1E04, 0x1E04, 0x1E04, 0x1E04, 0x1E04, 0x1E04, 0x1E04, 0x1E04, 0x1E04, 0x1E04, 0x1E04, 0x1E04, 0x1E04, 0x1E04, 0x1E04, 
  0x1E04, 0x1E04, 0x1E04, 0x1E04, 0x1E04, 0x1E04, 0x1E04, 0x1E04, 0x1E04, 0x1E04, 0x1E04, 0x1E04, 0x1E04, 0x1E04, 0x1E04, 0x1E04, 
  0x1E04, 0x1E04, 0x1E04, 0x1E04, 0x1E04, 0x1E04, 0x1E04, 0x1E04, 0x1E04, 0x1E04, 0x1E04, 0x3E04, 0x3D04, 0x3D04, 0x1D0C, 0x5F7C, 
  0xBFB3, 0xDE7A, 0xFE7A, 0xDFAB, 0xBFBB, 0xDEB3, 0xFFC3, 0x74A1, 0x4B90, 0xAC98, 0xCA78, 0xCB80, 0xCC88, 0x4BA0, 0x2BA8, 0x4CA8, 
  0x0BA8, 0x0BA8, 0x2CB0, 0x0CC8, 0x6BC0, 0x2CA8, 0xD7D9, 0x11B1, 0x0BA0, 0x6B90, 0x6B98, 0x4CB8, 0x2CC8, 0x2BB0, 0x4CB8, 0x0DC0, 
  0x4CB8, 0x4CB0, 0x9599, 0xBFAB, 0x99B2, 0x74B1, 0x38BA, 0x10A9, 0x8F98, 0xBABA, 0xBFB3, 0x7EBB, 0x1BAB, 0x1CAB, 0x7EAB, 0xBFA3, 
  0x7E9B, 0x7E93, 0x7E9B, 0xDFAB, 0xFFB3, 0xFFB3, 0xFFB3, 0xFFBB, 0xDFBB, 0xDFB3, 0xBF7A, 0x7D94, 0xFFFF, 0x3BCD, 0x6E88, 0xAB80, 
  0xEB60, 0x0979, 0x2BA0, 0x2CB0, 0x6A80, 0x6B90, 0x6B88, 0xAA51, 0x2A79, 0x4BA0, 0xE980, 0xEA78, 0x0BA8, 0x6B88, 0x6A51, 0xED90, 
  0xEC80, 0x4969, 0xAB88, 0x4C88, 0x9499, 0xBFBB, 0xFFAB, 0xFFBB, 0xB8AA, 0xCF98, 0x6C88, 0x8C78, 0x0A79, 0x0A81, 0x6A80, 0xB399, 
  0x7DBC, 0xBFFF, 0xFBCC, 0xAE90, 0x4C98, 0xEC68, 0xE849, 0x8B80, 0x2CB8, 0x4BB0, 0x2BA8, 0x8B80, 0xCA68, 0x4B88, 0x8A78, 0xB8AA, 
  0x7F8B, 0xFF6A, 0xDF7A, 0x5E93, 0xFFBB, 0xDFAB, 0xFD7A, 0xFFEE, 0xFFFF, 0xFFFF, 0xFFFF, 0xFFFF, 0xFEFF, 0xBFFF, 0x7E83, 0x7F93, 
  0xDFB3, 0xBFB3, 0xFFB3, 0xDFB3, 0xFFBB, 0xDE82, 0x9EBD, 0xFFFF, 0xFFFF, 0xDEAC, 0x3F9B, 0x1FC4, 0xDFBB, 0xDFB3, 0xDFBB, 0xDEB3, 
  0x1EA4, 0xFFFF, 0x5EB5, 0x7E1B, 0x3D04, 0x3D04, 0x1E04, 0x1E04, 0x1E04, 0x1E04, 0x1E04, 0x1E04, 0x1E04, 0x1E04, 0x1E04, 0x1E04, 
  0x1E04, 0x1E04, 0x1E04, 0x1E04, 0x1E04, 0x1E04, 0x1E04, 0x1E04, 0x1E04, 0x1E04, 0x1E04, 0x1E04, 0x1E04, 0x1E04, 0x1E04, 0x1E04, 
  0x1E04, 0x1E04, 0x1E04, 0x1E04, 0x1E04, 0x1E04, 0x1E04, 0x1E04, 0x1E04, 0x1E04, 0x1E04, 0x1E04, 0x1E04, 0x1E04, 0x1E04, 0x3E04, 
  0x1E04, 0x1E04, 0x1E04, 0x1E04, 0x1E04, 0x1E04, 0x1E04, 0x1E04, 0x1E04, 0x1E04, 0x1E04, 0x1E04, 0x1E04, 0x1E04, 0x1E04, 0x1E04, 
  0x1E04, 0x1E04, 0x1E04, 0x1E04, 0x1E04, 0x1E04, 0x1E04, 0x1E04, 0x1E04, 0x1E04, 0x1E04, 0x1E04, 0x1E04, 0x1E04, 0x1E04, 0x1E04, 
  0x1E04, 0x1E04, 0x1E04, 0x1E04, 0x1E04, 0x1E04, 0x1E04, 0x1E04, 0x1E04, 0x1D04, 0x1E04, 0x1D04, 0x3D04, 0x1E04, 0x1E2C, 0x1FAC, 
  0x3E93, 0xBF6A, 0x5F93, 0x1FBC, 0xDFB3, 0xFFBB, 0xB4A1, 0x0C98, 0x4CA8, 0x2BB8, 0x2DB8, 0x0CB0, 0x4CA0, 0x6B90, 0x6BA0, 0xCA80, 
  0x4BA0, 0x6DB8, 0x0AA0, 0x2CC0, 0x4CB8, 0xCFA0, 0xFCC2, 0xADA0, 0x4CC0, 0x4DB0, 0x6DB0, 0x4DB8, 0x0BB0, 0x6DC8, 0x8DC0, 0x2CA0, 
  0x2CB0, 0x16A2, 0xBFA3, 0x95A9, 0x0CB8, 0x2BB8, 0x0A90, 0x32A1, 0x9EBB, 0x1BBB, 0x54B9, 0x8EA0, 0x6A80, 0x8C78, 0xCE98, 0x1AC3, 
  0x1FBC, 0xFFB3, 0xBFB3, 0x9FB3, 0xDFBB, 0xBFBB, 0xDFBB, 0xBEBB, 0xDEBB, 0xBFAB, 0x7E72, 0x5EB5, 0xFFFF, 0xF9BB, 0x0CA0, 0x6C98, 
  0x2B88, 0x4C80, 0x4D88, 0x4CA8, 0x6B98, 0x4CB0, 0x4B90, 0xEA60, 0xC978, 0x2969, 0x0C71, 0xAC78, 0x0B90, 0x6B80, 0x8B88, 0x6B90, 
  0x6B80, 0x4CA8, 0x6890, 0xAF91, 0x7ABA, 0x399A, 0x9FAB, 0xFD8A, 0xBFAB, 0xDDBB, 0x128A, 0x6970, 0x2969, 0xCA70, 0xAB78, 0x4A78, 
  0xF389, 0x9CB4, 0xDFF7, 0x5BCC, 0x0E98, 0x4A88, 0x0879, 0x6CA0, 0x6DB8, 0x4BA8, 0x2DA0, 0xAC78, 0xEC78, 0xCC78, 0xEB60, 0xEB68, 
  0x77A2, 0x5F93, 0xDE72, 0xDF72, 0x5F9B, 0x1FBC, 0x1E8B, 0xDEAC, 0xFFFF, 0xFFFF, 0xFFFF, 0xFFFF, 0xFFFF, 0xDFFF, 0x7D83, 0x7F9B, 
  0xFFBB, 0xDFB3, 0xFFB3, 0xDFBB, 0xFFC3, 0x3F9B, 0xBDA4, 0xFFFF, 0xFFFF, 0xBEBD, 0x1E93, 0xFFBB, 0xDFBB, 0xFFBB, 0xDFBB, 0xDEB3, 
  0xDD9B, 0xDFFF, 0xBEC5, 0x7E23, 0x3D04, 0x1D04, 0x1E04, 0x1E04, 0x1E04, 0x1E04, 0x1E04, 0x1E04, 0x1E04, 0x1E04, 0x1E04, 0x1E04, 
  0x1E04, 0x1E04, 0x1E04, 0x1E04, 0x1E04, 0x1E04, 0x1E04, 0x1E04, 0x1E04, 0x1E04, 0x1E04, 0x1E04, 0x1E04, 0x1E04, 0x1E04, 0x1E04, 
  0x1E04, 0x1E04, 0x1E04, 0x1E04, 0x1E04, 0x1E04, 0x1E04, 0x1E04, 0x1E04, 0x1E04, 0x1E04, 0x1E04, 0x1E04, 0x1E04, 0x1E04, 0x3E04, 
  0x1E04, 0x1E04, 0x1E04, 0x1E04, 0x1E04, 0x1E04, 0x1E04, 0x1E04, 0x1E04, 0x1E04, 0x1E04, 0x1E04, 0x1E04, 0x1E04, 0x1E04, 0x1E04, 
  0x1E04, 0x1E04, 0x1E04, 0x1E04, 0x1E04, 0x1E04, 0x1E04, 0x1E04, 0x1E04, 0x1E04, 0x1E04, 0x1E04, 0x1E04, 0x1E04, 0x1E04, 0x1E04, 
  0x1E04, 0x1E04, 0x1E04, 0x1E04, 0x1E04, 0x1E04, 0x1E04, 0x1E04, 0x1E04, 0x3D04, 0x3E04, 0x1D04, 0x1E04, 0xFE03, 0x3F6C, 0xBEAB, 
  0x5E83, 0x1E7B, 0xFFAB, 0xBEB3, 0xFFBB, 0x36AA, 0x0B98, 0x8B90, 0x4BA8, 0x2CA0, 0x2CA8, 0x2B98, 0x2C98, 0x2BA0, 0x2BC0, 0x2BB0, 
  0xAEB8, 0xAFC0, 0x0AA8, 0x2CA8, 0x0990, 0xB299, 0xDCB2, 0x2BA0, 0x2BB8, 0x4CB8, 0x0CA8, 0x4CA0, 0x2BA8, 0x2BB0, 0x6998, 0x4B90, 
  0xD6A1, 0x5E9B, 0xF6B1, 0x0CB0, 0x2AA0, 0x2B78, 0x159A, 0xBFCB, 0x94A1, 0x0AA8, 0x09B0, 0x2BA0, 0xAB88, 0xEC88, 0xCA88, 0xCD90, 
  0x1DAB, 0xDFB3, 0xBFBB, 0xDFB3, 0xDFAB, 0xBFA3, 0xBFA3, 0x9FA3, 0xDFAB, 0xBFA3, 0x7E72, 0x7DBD, 0xFFFF, 0x39B3, 0x0A98, 0x4BB0, 
  0x2BB0, 0x4CA0, 0x4C98, 0x8A90, 0x6BA8, 0x2DB8, 0x4B98, 0xAB80, 0x2C90, 0xCB78, 0x2961, 0x2B79, 0x2CA8, 0x6B98, 0xAA80, 0xCA78, 
  0xCB78, 0x8B98, 0xAB80, 0x0D71, 0x5CBB, 0x9EBB, 0xDFB3, 0xBFA3, 0xDE7A, 0x3F8B, 0x1FB4, 0xF5B1, 0x4B98, 0xE880, 0x8AA0, 0x4BA8, 
  0x6B80, 0x1492, 0xFEC4, 0x9FF7, 0x59B3, 0x8C80, 0xA990, 0x2BA8, 0xCB78, 0xAB90, 0x4C98, 0x0969, 0x8B80, 0x6C98, 0xEC78, 0x8A80, 
  0x6B90, 0xD8AA, 0x7E8B, 0xBF72, 0xBF7A, 0xBFA3, 0xDFB3, 0x1D83, 0x1FE7, 0xFFFF, 0xFFFF, 0xFFFF, 0xFFFF, 0xFFFF, 0xBD8B, 0x5F9B, 
  0xDFBB, 0xDFB3, 0xDFB3, 0xBFBB, 0x1FC4, 0x7FA3, 0xFC93, 0xFFFF, 0xFFFF, 0xBEDE, 0x1D8B, 0xDFBB, 0xFFBB, 0xFFBB, 0xDFB3, 0xDFB3, 
  0xDE9B, 0xBFFF, 0x1ED6, 0x7E33, 0x3D04, 0x1D04, 0x1E04, 0x1E04, 0x1E04, 0x1E04, 0x1E04, 0x1E04, 0x1E04, 0x1E04, 0x1E04, 0x1E04, 
  0x1E04, 0x1E04, 0x1E04, 0x1E04, 0x1E04, 0x1E04, 0x1E04, 0x1E04, 0x1E04, 0x1E04, 0x1E04, 0x1E04, 0x1E04, 0x1E04, 0x1E04, 0x1E04, 
  0x1E04, 0x1E04, 0x1E04, 0x1E04, 0x1E04, 0x1E04, 0x1E04, 0x1E04, 0x1E04, 0x1E04, 0x1E04, 0x1E04, 0x1E04, 0x1E04, 0x1E04, 0x3E04, 
  0x1E04, 0x1E04, 0x1E04, 0x1E04, 0x1E04, 0x1E04, 0x1E04, 0x1E04, 0x1E04, 0x1E04, 0x1E04, 0x1E04, 0x1E04, 0x1E04, 0x1E04, 0x1E04, 
  0x1E04, 0x1E04, 0x1E04, 0x1E04, 0x1E04, 0x1E04, 0x1E04, 0x1E04, 0x1E04, 0x1E04, 0x1E04, 0x1E04, 0x1E04, 0x1E04, 0x1E04, 0x1E04, 
  0x1E04, 0x1E04, 0x1E04, 0x1E04, 0x1E04, 0x1E04, 0x1E04, 0x1E04, 0x1E04, 0x1E04, 0x1E04, 0x1E04, 0x1D04, 0x3D24, 0xFFA3, 0x5DA4, 
  0x3E94, 0x3F93, 0x7EB3, 0xFFBB, 0x97A2, 0x4DA0, 0x6A90, 0xEA70, 0x4B98, 0x0BA0, 0x2BA0, 0x4B90, 0x8BA0, 0x2AB0, 0x4CB8, 0x2CB0, 
  0x4CB8, 0x2AB0, 0x2CA8, 0x2BA0, 0x2AA8, 0x59C2, 0xDBBA, 0x2DA0, 0x2CB0, 0x4A90, 0xAA88, 0x8B90, 0x4CA0, 0x8B80, 0x8970, 0x9499, 
  0x7F9B, 0x53A1, 0x0CC8, 0x2BB0, 0x8B88, 0xD9AA, 0x5CB3, 0xF1A0, 0x0A90, 0x8A88, 0x4C98, 0x2BB0, 0x6A98, 0x8B80, 0x6880, 0x7091, 
  0xBFC3, 0xDFA3, 0x5E8B, 0x1E7B, 0xFE7A, 0xFE72, 0xFE72, 0xDF72, 0xDE7A, 0x3F83, 0x9F6A, 0xBEBD, 0xFFFF, 0xB79A, 0x4978, 0x4D88, 
  0xAB80, 0xAB90, 0x4C98, 0x6B88, 0xAA90, 0x0A79, 0x4C90, 0x4B98, 0x2B80, 0xAC88, 0x0981, 0xAA98, 0x2BC0, 0x2AB0, 0xACA0, 0x6BA0, 
  0x4CA0, 0x4A98, 0x6B98, 0xCE80, 0x9BA3, 0xFFC3, 0xDFB3, 0xFEB3, 0xBFAB, 0xFE82, 0x7D8B, 0xFFBB, 0x78B2, 0x2A98, 0x6BA8, 0x6CA8, 
  0x4C98, 0xCE98, 0x38A2, 0xDFD5, 0xDFEE, 0xD892, 0x8A59, 0xAB78, 0x8B88, 0x6A90, 0x4B80, 0xCA78, 0x8B98, 0x8A90, 0x8A80, 0xE978, 
  0xEA58, 0x6D70, 0x5BA3, 0x3F83, 0xDE72, 0xFF7A, 0xDFB3, 0x3E9B, 0x5C9C, 0xFFFF, 0xDFFF, 0xFFFF, 0xFFFF, 0xFFFF, 0x7DA4, 0x1E8B, 
  0xFFBB, 0xDFB3, 0xDFBB, 0xDFBB, 0xFFBB, 0xDFB3, 0x7D8B, 0x7FF7, 0xFFFF, 0x7FEF, 0x7D83, 0xDFB3, 0xFFBB, 0xDFB3, 0xDFBB, 0xFFBB, 
  0xBE9B, 0xBFF7, 0x7FDE, 0x5C33, 0x3E04, 0x1D04, 0x1E04, 0x1E04, 0x1E04, 0x1E04, 0x1E04, 0x1E04, 0x1E04, 0x1E04, 0x1E04, 0x1E04, 
  0x1E04, 0x1E04, 0x1E04, 0x1E04, 0x1E04, 0x1E04, 0x1E04, 0x1E04, 0x1E04, 0x1E04, 0x1E04, 0x1E04, 0x1E04, 0x1E04, 0x1E04, 0x1E04, 
  0x1E04, 0x1E04, 0x1E04, 0x1E04, 0x1E04, 0x1E04, 0x1E04, 0x1E04, 0x1E04, 0x1E04, 0x1E04, 0x1E04, 0x1E04, 0x1E04, 0x1E04, 0x3E04, 
  0x1E04, 0x1E04, 0x1E04, 0x1E04, 0x1E04, 0x1E04, 0x1E04, 0x1E04, 0x1E04, 0x1E04, 0x1E04, 0x1E04, 0x1E04, 0x1E04, 0x1E04, 0x1E04, 
  0x1E04, 0x1E04, 0x1E04, 0x1E04, 0x1E04, 0x1E04, 0x1E04, 0x1E04, 0x1E04, 0x1E04, 0x1E04, 0x1E04, 0x1E04, 0x1E04, 0x1E04, 0x1E04, 
  0x1E04, 0x1E04, 0x1E04, 0x1E04, 0x1E04, 0x1E04, 0x1E04, 0x1E04, 0x1E04, 0x1D04, 0x1D04, 0x3E04, 0xFD03, 0x3E5C, 0xBEA3, 0x9DC5, 
  0x5E83, 0x3CA3, 0xD4A1, 0x98AA, 0x6B90, 0x4BA0, 0x4AA0, 0x2A98, 0x2BA8, 0x2CA8, 0x0CA8, 0x8A90, 0xEA80, 0x2CB0, 0x0DB0, 0x4B90, 
  0x8A88, 0x8A88, 0x2BA8, 0x4CB8, 0x53D9, 0x1DC3, 0x17CA, 0x0CB8, 0x2CA0, 0x4AA8, 0xA998, 0xEB88, 0x8C98, 0x6C90, 0xEF70, 0x3FB4, 
  0x57A2, 0x0BA0, 0x4CC8, 0x2C98, 0x19AB, 0x5BC3, 0x0C79, 0x4A90, 0x6BA0, 0x8B80, 0x2C88, 0x2BA8, 0x2AA8, 0x2C90, 0x32A1, 0x9EC3, 
  0x5F9B, 0x1E83, 0xFD72, 0x3F8B, 0x5F9B, 0x9F9B, 0xBFA3, 0x9FA3, 0x1E8B, 0xDE7A, 0xBF6A, 0x1FC6, 0xDFFF, 0xF5A1, 0x2BA0, 0x4C88, 
  0xEC70, 0xA959, 0x0971, 0x2C90, 0x6B90, 0xAA98, 0x2BA0, 0x2B98, 0xAB88, 0x8C90, 0x2DB8, 0x0CB8, 0x4BB0, 0x6CB0, 0x2B90, 0x0CB0, 
  0x6DA8, 0xCA78, 0x2988, 0x30A1, 0xDFBB, 0xDFBB, 0xFFBB, 0xBEBB, 0xFFBB, 0xDFAB, 0x3D9C, 0x9D93, 0xDFB3, 0x35A2, 0xCA78, 0x8CB0, 
  0x29A0, 0xED90, 0x0D89, 0xDAA2, 0xDFDE, 0xBECD, 0x3692, 0x6B80, 0xCB80, 0x0A79, 0xCB78, 0xAB80, 0xEB80, 0x8B80, 0x4B98, 0x0971, 
  0xAB70, 0x4A80, 0xEE80, 0x9DA3, 0x1E73, 0xBF72, 0x3E8B, 0x1FB4, 0xDD82, 0x1ECE, 0xFEFF, 0xDFFF, 0xFFFF, 0xFFFF, 0xDDC5, 0xDD82, 
  0xFFBB, 0xDFBB, 0xDFB3, 0xDFB3, 0xDFB3, 0xDFB3, 0x3D83, 0xFFE6, 0xFFFF, 0xFFFF, 0x3D94, 0x9FAB, 0xFFBB, 0xDFB3, 0xDFBB, 0xDFBB, 
  0x9E9B, 0x7FEF, 0xFFE6, 0x7C3B, 0x3E04, 0x1D04, 0x3D04, 0x3E04, 0x1E04, 0x1E04, 0x1E04, 0x1E04, 0x1E04, 0x1E04, 0x1E04, 0x1E04, 
  0x1E04, 0x1E04, 0x1E04, 0x1E04, 0x1E04, 0x1E04, 0x1E04, 0x1E04, 0x1E04, 0x1E04, 0x1E04, 0x1E04, 0x1E04, 0x1E04, 0x1E04, 0x1E04, 
  0x1E04, 0x1E04, 0x1E04, 0x1E04, 0x1E04, 0x1E04, 0x1E04, 0x1E04, 0x1E04, 0x1E04, 0x1E04, 0x1E04, 0x1E04, 0x1E04, 0x1E04, 0x3E04, 
  0x1E04, 0x1E04, 0x1E04, 0x1E04, 0x1E04, 0x1E04, 0x1E04, 0x1E04, 0x1E04, 0x1E04, 0x1E04, 0x1E04, 0x1E04, 0x1E04, 0x1E04, 0x1E04, 
  0x1E04, 0x1E04, 0x1E04, 0x1E04, 0x1E04, 0x1E04, 0x1E04, 0x1E04, 0x1E04, 0x1E04, 0x1E04, 0x1E04, 0x1E04, 0x1E04, 0x1E04, 0x1E04, 
  0x1E04, 0x1E04, 0x1E04, 0x1E04, 0x1E04, 0x1E04, 0x1E04, 0x1E04, 0x1E04, 0x1E04, 0x3D04, 0x3D04, 0x1E1C, 0xDE73, 0xBECD, 0x9DA4, 
  0x5F9B, 0x3182, 0x4A80, 0x0CB0, 0x2BA8, 0x6CA8, 0x2CB8, 0x0BB8, 0x4CA8, 0x4C98, 0x2C90, 0x6C90, 0xCB90, 0x6CB8, 0x2CB8, 0x2CB8, 
  0x4CC0, 0x2CB0, 0x4DB8, 0x4BC0, 0x8FA8, 0x3DB3, 0x53B9, 0x0AA0, 0x6D98, 0x6DC0, 0x2A98, 0x4CA0, 0x4C88, 0x2C88, 0x5AB3, 0xDBB3, 
  0x2C98, 0x4B90, 0x6DA8, 0xBAC2, 0x3CBB, 0x8B88, 0x2771, 0x8A88, 0x2B98, 0x2B98, 0x2CA0, 0x2BB0, 0x0A90, 0xF7B1, 0xFFBB, 0x3D8B, 
  0x9DA4, 0xBE93, 0xBFA3, 0xFFBB, 0xDFBB, 0xFFBB, 0xFFB3, 0xDFB3, 0xFFAB, 0x5E8B, 0x7E6A, 0xFECD, 0x7FF7, 0x32A1, 0x0AB8, 0x4AA8, 
  0x6BA0, 0x4BA8, 0xACA8, 0x6B90, 0x2CA0, 0x2BA0, 0x2A98, 0x6B78, 0x0C71, 0xCB70, 0x6A90, 0x4B90, 0x8C90, 0x8B90, 0x4B98, 0x4B88, 
  0xC968, 0xAA80, 0x6B90, 0x77A2, 0xDFAB, 0x1E8B, 0xFFBB, 0xDFB3, 0x7EA3, 0xFFBB, 0xBFB3, 0x3E83, 0xFE82, 0x1FB4, 0xB189, 0x2A88, 
  0x4C98, 0x8C88, 0x2998, 0x3091, 0x5EB4, 0xDEE6, 0x1EBC, 0xD399, 0xCB60, 0x8B88, 0x6A88, 0xCA69, 0x4A79, 0x2B98, 0x2CA0, 0x4CA0, 
  0x6C90, 0x4E91, 0xEEA0, 0x7291, 0x7FA3, 0xFE72, 0xDF72, 0x9F9B, 0xBFA3, 0x5D7B, 0x7FF7, 0xFFFF, 0xFFFF, 0xFFFF, 0x5FEF, 0x3D7B, 
  0xBFAB, 0xDFB3, 0xDFB3, 0xBFB3, 0xBFAB, 0xFFBB, 0x1E8B, 0x3ECE, 0xFFFF, 0xFFFF, 0x3DB5, 0x3E9B, 0xFFBB, 0xDFB3, 0xDFBB, 0xDFBB, 
  0x9EA3, 0x5FEF, 0x1FEF, 0xBD53, 0x3E04, 0x1D04, 0x1E04, 0x1E04, 0x1E04, 0x1E04, 0x1E04, 0x1E04, 0x1E04, 0x1E04, 0x1E04, 0x1E04, 
  0x1E04, 0x1E04, 0x1E04, 0x1E04, 0x1E04, 0x1E04, 0x1E04, 0x1E04, 0x1E04, 0x1E04, 0x1E04, 0x1E04, 0x1E04, 0x1E04, 0x1E04, 0x1E04, 
  0x1E04, 0x1E04, 0x1E04, 0x1E04, 0x1E04, 0x1E04, 0x1E04, 0x1E04, 0x1E04, 0x1E04, 0x1E04, 0x1E04, 0x1E04, 0x1E04, 0x1E04, 0x3E04, 
  0x1E04, 0x1E04, 0x1E04, 0x1E04, 0x1E04, 0x1E04, 0x1E04, 0x1E04, 0x1E04, 0x1E04, 0x1E04, 0x1E04, 0x1E04, 0x1E04, 0x1E04, 0x1E04, 
  0x1E04, 0x1E04, 0x1E04, 0x1E04, 0x1E04, 0x1E04, 0x1E04, 0x1E04, 0x1E04, 0x1E04, 0x1E04, 0x1E04, 0x1E04, 0x1E04, 0x1E04, 0x1E04, 
  0x1E04, 0x1E04, 0x1E04, 0x1E04, 0x1E04, 0x1E04, 0x1E04, 0x1E04, 0x1E04, 0x1E04, 0x1E04, 0x1D04, 0x1E44, 0x9EAC, 0xBEDE, 0x5E8B, 
  0xF9AA, 0x6C98, 0x2BA8, 0x0BB0, 0x2C90, 0x6C88, 0x8C98, 0x2B98, 0x4A90, 0x0CA8, 0x2BA8, 0x6CA8, 0x6C98, 0x2C98, 0x2CA8, 0x4CA8, 
  0x2CB0, 0x2CB8, 0x2CB0, 0x0BB0, 0x8DA0, 0x5DBB, 0xCFB0, 0x4A98, 0x4BA0, 0x2BA8, 0x2BA0, 0x2DB0, 0x0AB0, 0x9399, 0xFFC4, 0xF2A0, 
  0x0A90, 0x8A70, 0x57A2, 0x5EC3, 0x8FA8, 0x4CC0, 0x6EC8, 0xD1D0, 0x8EC0, 0x4BB0, 0x4CC0, 0x6BA8, 0xD299, 0x9FB3, 0x1C83, 0xFDC5, 
  0x1ED6, 0x7D8B, 0xFFBB, 0xBFBB, 0x7F9B, 0x3F8B, 0xFE82, 0x1F83, 0x9F9B, 0xBFA3, 0x9D6A, 0x1FCE, 0xBEEE, 0xB098, 0x2C90, 0x6B90, 
  0xA980, 0x4B90, 0x8C98, 0xEB98, 0x6BA8, 0x2CA0, 0x2BB8, 0x2CB0, 0xCB88, 0xEA78, 0xCA90, 0x8B88, 0x2B61, 0x2959, 0x4C90, 0x8C88, 
  0x6959, 0x6E99, 0x51A9, 0x7DB3, 0xDEA3, 0xDC8B, 0x7EA3, 0xFFBB, 0x5E9B, 0x3E93, 0x1FB4, 0xFFB3, 0xFE8A, 0x5F93, 0xBEC3, 0xAE88, 
  0x4B80, 0xCB78, 0x8B98, 0x6A90, 0x1792, 0xDED5, 0xBECD, 0xFCB2, 0x0C69, 0x6859, 0x4971, 0xAC98, 0x2BB0, 0x6A88, 0xAA80, 0x8B90, 
  0xCC78, 0xAF98, 0x0EA1, 0x6B80, 0x78B2, 0x7F8B, 0xDF72, 0xDE7A, 0xDFAB, 0x1E8B, 0x7D9C, 0xFFFF, 0xDFFF, 0xFFFF, 0xFFFF, 0x7DA4, 
  0x3E8B, 0xDFB3, 0xDFB3, 0xDFB3, 0xBFB3, 0xFFBB, 0x3E93, 0x7DBD, 0xFFFF, 0xFFFF, 0x7ED6, 0x3D8B, 0xFFBB, 0xDFBB, 0xDFBB, 0xFFC3, 
  0x9EA3, 0xFEE6, 0x9FF7, 0xFC6B, 0x1E14, 0x1D04, 0x1E04, 0x1E04, 0x1E04, 0x1E04, 0x1E04, 0x1E04, 0x1E04, 0x1E04, 0x1E04, 0x1E04, 
  0x1E04, 0x1E04, 0x1E04, 0x1E04, 0x1E04, 0x1E04, 0x1E04, 0x1E04, 0x1E04, 0x1E04, 0x1E04, 0x1E04, 0x1E04, 0x1E04, 0x1E04, 0x1E04, 
  0x1E04, 0x1E04, 0x1E04, 0x1E04, 0x1E04, 0x1E04, 0x1E04, 0x1E04, 0x1E04, 0x1E04, 0x1E04, 0x1E04, 0x1E04, 0x1E04, 0x1E04, 0x3E04, 
  0x1E04, 0x1E04, 0x1E04, 0x1E04, 0x1E04, 0x1E04, 0x1E04, 0x1E04, 0x1E04, 0x1E04, 0x1E04, 0x1E04, 0x1E04, 0x1E04, 0x1E04, 0x1E04, 
  0x1E04, 0x1E04, 0x1E04, 0x1E04, 0x1E04, 0x1E04, 0x1E04, 0x1E04, 0x1E04, 0x1E04, 0x1E04, 0x1E04, 0x1E04, 0x1E04, 0x1E04, 0x1E04, 
  0x1E04, 0x1E04, 0x1E04, 0x1E04, 0x1E04, 0x1E04, 0x1E04, 0x1E04, 0x1E04, 0x3E04, 0x3E04, 0x3D14, 0xDE73, 0x9FE6, 0x1DAD, 0x3FAB, 
  0x50A1, 0x6CB0, 0x6CB0, 0x2CC0, 0x2BA0, 0xAA68, 0x6B88, 0x0AA0, 0x4BA0, 0x2CA8, 0x2BA8, 0x6A80, 0x2BA0, 0x0CB0, 0x6B90, 0x8A90, 
  0x2B98, 0x0CA8, 0x2DA8, 0x0CA8, 0x31A1, 0x3CBB, 0x2B90, 0x8BA0, 0x4CA0, 0x2BB0, 0x2CB0, 0x2CA0, 0x2CA8, 0x9CBB, 0x38AB, 0x0BB8, 
  0x2C98, 0x3191, 0x7EAB, 0xF1A8, 0x0AB0, 0x2CB0, 0x4AA0, 0xADA8, 0x6CB0, 0x0BA8, 0x0CB0, 0xCFA0, 0xBEB3, 0x7C8B, 0x5ECE, 0xFFFF, 
  0x1DB5, 0x5E9B, 0xFFBB, 0x5E9B, 0x3E8B, 0x7F9B, 0x7FA3, 0x7E8B, 0xFE82, 0x9FA3, 0x9E72, 0x3FCE, 0xDDD5, 0x6D90, 0xACA0, 0x4B69, 
  0x4C69, 0x8C78, 0xCA80, 0x8B98, 0x2CA8, 0x2BB8, 0x2DC8, 0x4CB8, 0x4AB0, 0x2C98, 0x4B88, 0x4BA8, 0xEA90, 0xAB90, 0x2C80, 0x2B88, 
  0xCDA0, 0xADC0, 0x3191, 0xDFB3, 0x3DAC, 0x9FF7, 0xBCAC, 0x9FAB, 0x3FBC, 0x3E93, 0x3E93, 0xFFBB, 0xDFB3, 0x1F83, 0xBFA3, 0xDABA, 
  0x0B98, 0x4CA0, 0x4CA8, 0x0BA8, 0x70B8, 0xDCBB, 0x7ED6, 0xFEB3, 0xF399, 0x0879, 0x8B88, 0x4A98, 0x2AA0, 0x6B98, 0xAA80, 0x6A88, 
  0x8C88, 0x6A90, 0xA980, 0x8B90, 0x0C69, 0x7DA3, 0x1F83, 0xDF72, 0x1E83, 0xFFAB, 0xDD72, 0x1ECE, 0xFFFF, 0xDFFF, 0xFFFF, 0x7ED6, 
  0xDD7A, 0xFFB3, 0xDFBB, 0xDFB3, 0xDFBB, 0xFFBB, 0x5EA3, 0x9DA4, 0xFFFF, 0xFFFF, 0x9FF7, 0x9D93, 0xBFB3, 0xBFB3, 0xDFBB, 0xFFC3, 
  0x9EA3, 0xBEDE, 0xDFFF, 0xDC7B, 0xFE13, 0x3E04, 0x1E04, 0x1D04, 0x1E04, 0x1E04, 0x1E04, 0x1E04, 0x1E04, 0x1E04, 0x1E04, 0x1E04, 
  0x1E04, 0x1E04, 0x1E04, 0x1E04, 0x1E04, 0x1E04, 0x1E04, 0x1E04, 0x1E04, 0x1E04, 0x1E04, 0x1E04, 0x1E04, 0x1E04, 0x1E04, 0x1E04, 
  0x1E04, 0x1E04, 0x1E04, 0x1E04, 0x1E04, 0x1E04, 0x1E04, 0x1E04, 0x1E04, 0x1E04, 0x1E04, 0x1E04, 0x1E04, 0x1E04, 0x1E04, 0x3E04, 
  0x1E04, 0x1E04, 0x1E04, 0x1E04, 0x1E04, 0x1E04, 0x1E04, 0x1E04, 0x1E04, 0x1E04, 0x1E04, 0x1E04, 0x1E04, 0x1E04, 0x1E04, 0x1E04, 
  0x1E04, 0x1E04, 0x1E04, 0x1E04, 0x1E04, 0x1E04, 0x1E04, 0x1E04, 0x1E04, 0x1E04, 0x1E04, 0x1E04, 0x1E04, 0x1E04, 0x1E04, 0x1E04, 
  0x1E04, 0x1E04, 0x1E04, 0x1E04, 0x1E04, 0x1E04, 0x1E04, 0x1E04, 0x1E04, 0x3D04, 0x1D04, 0x1E34, 0xDEB4, 0x5EF7, 0xBE8B, 0xBAAA, 
  0x6A70, 0x8BA0, 0x8DB0, 0x2AA0, 0xEC90, 0x2A79, 0x4BA0, 0x4BA8, 0x2AA0, 0x4BA8, 0x2CA8, 0x4CB0, 0x6CA0, 0x6C98, 0x4B90, 0x8B90, 
  0x4BA0, 0x6CA8, 0x2CB0, 0x0AB0, 0x94A9, 0xF8AA, 0x4A90, 0x2BA0, 0x0B90, 0xAEB8, 0x72D1, 0x0AB8, 0x33A9, 0xBF9B, 0x3199, 0x4AB0, 
  0x8D90, 0xFCAA, 0x559A, 0x0B90, 0x2CA0, 0x6BA0, 0x6A98, 0x4BA0, 0x2AA8, 0x4CA0, 0x0B88, 0x37BA, 0x9E9B, 0x3DC6, 0xFFFF, 0xFFFF, 
  0xFDCD, 0x5EA3, 0xFFBB, 0x9E9B, 0xDFB3, 0xDFBB, 0xDFBB, 0xFFB3, 0x9F9B, 0x7F8B, 0x9E72, 0x1FD6, 0xDCBC, 0x4B90, 0x6AA0, 0x4971, 
  0x0C71, 0x8C78, 0x8B80, 0x2BA8, 0x90E0, 0x6CA8, 0x2BA0, 0x2BB0, 0x4CB8, 0x0BA8, 0x8CA0, 0xCA90, 0x4BA8, 0x2DB0, 0x2DA0, 0x2B98, 
  0x2BA8, 0x0AA0, 0x36A2, 0xDFB3, 0x7CAC, 0xFFFF, 0x9FF7, 0x1DA4, 0xBFB3, 0xFFB3, 0x1F8B, 0x9F9B, 0xFEB3, 0xDFAB, 0xBFAB, 0xDFBB, 
  0x5199, 0x4990, 0x6AA0, 0x2B98, 0xADA0, 0x789A, 0x5ECE, 0xBEB4, 0xBAAA, 0xEA70, 0xAD88, 0xEA78, 0xACA0, 0x6C90, 0x6B90, 0x4B98, 
  0x4B90, 0x2A90, 0xCB80, 0x6B90, 0xC870, 0x1392, 0x9FA3, 0xDF72, 0xDF6A, 0x7F93, 0x5FA3, 0x3C73, 0x3FEF, 0xFFFF, 0xFFFF, 0xDFFF, 
  0xBD93, 0x9EA3, 0xDFBB, 0xDFB3, 0xDEBB, 0xFFBB, 0x9FAB, 0xDD93, 0xDFFF, 0xFFFF, 0xFFFF, 0xBDAC, 0x7EA3, 0xFFBB, 0xDFBB, 0xDFBB, 
  0x9EA3, 0x7EDE, 0xFFFF, 0x5D84, 0x1E24, 0x1D04, 0x1E04, 0x1E04, 0x1E04, 0x1E04, 0x1E04, 0x1E04, 0x1E04, 0x1E04, 0x1E04, 0x1E04, 
  0x1E04, 0x1E04, 0x1E04, 0x1E04, 0x1E04, 0x1E04, 0x1E04, 0x1E04, 0x1E04, 0x1E04, 0x1E04, 0x1E04, 0x1E04, 0x1E04, 0x1E04, 0x1E04, 
  0x1E04, 0x1E04, 0x1E04, 0x1E04, 0x1E04, 0x1E04, 0x1E04, 0x1E04, 0x1E04, 0x1E04, 0x1E04, 0x1E04, 0x1E04, 0x1E04, 0x1E04, 0x3E04, 
  0x1E04, 0x1E04, 0x1E04, 0x1E04, 0x1E04, 0x1E04, 0x1E04, 0x1E04, 0x1E04, 0x1E04, 0x1E04, 0x1E04, 0x1E04, 0x1E04, 0x1E04, 0x1E04, 
  0x1E04, 0x1E04, 0x1E04, 0x1E04, 0x1E04, 0x1E04, 0x1E04, 0x1E04, 0x1E04, 0x1E04, 0x1E04, 0x1E04, 0x1E04, 0x1E04, 0x1E04, 0x1E04, 
  0x1E04, 0x1E04, 0x1E04, 0x1E04, 0x1E04, 0x1E04, 0x1E04, 0x1E04, 0x1E04, 0x1D04, 0x1D0C, 0xFD5B, 0xDFE6, 0xFEC5, 0x1D93, 0x93A1, 
  0x2BA8, 0x4BA0, 0x4BA0, 0x2A90, 0xAF91, 0x4CA1, 0x2BB0, 0x6CB0, 0x6B98, 0x6BA0, 0x6B98, 0x8BA0, 0xAB88, 0xAB88, 0x2B98, 0x2C98, 
  0x6A88, 0x8A88, 0x8A88, 0x2888, 0xF7A9, 0x57B2, 0x4DB0, 0xB1C8, 0x4CC0, 0x6DA0, 0x8DB0, 0x0CB0, 0x59A2, 0xBC92, 0x4B90, 0x2988, 
  0xD699, 0x1EAB, 0x8DA0, 0x6A88, 0x8B88, 0xAB80, 0x4D98, 0x2CA8, 0x2CA0, 0x4BB8, 0x6B98, 0xFCAA, 0x5DA4, 0xFFFF, 0xDFFF, 0xFFFF, 
  0xDEDE, 0x7EA3, 0xDFBB, 0xDEB3, 0xDFB3, 0xBFB3, 0xBFB3, 0xBFBB, 0xBFB3, 0x5F8B, 0xBE6A, 0xFFCD, 0x99B3, 0x2C80, 0xAB80, 0x0A71, 
  0x6B88, 0x6A88, 0x4B88, 0xA980, 0xCE90, 0x6C98, 0x2B98, 0x0BA0, 0x2BC0, 0x4BB8, 0x4B98, 0x8C98, 0x6B80, 0x2C88, 0x8CA8, 0x6C98, 
  0x6B90, 0x0A88, 0xB8A2, 0x7FA3, 0x9EC5, 0xFFFF, 0xFFFF, 0xFEE6, 0x7C9B, 0xDFB3, 0xBFAB, 0x1E8B, 0xFFAB, 0xBEBB, 0x7DAB, 0x1FBC, 
  0xD9AA, 0x8A80, 0x4B98, 0x4C98, 0x8A98, 0xB379, 0xBFCD, 0x9EC5, 0x7DAB, 0x2D71, 0xEB60, 0x8B88, 0x6CA0, 0x6C98, 0x2CB0, 0x2BA8, 
  0x2CB8, 0xAB88, 0xAB88, 0x2B90, 0x2A98, 0x6A80, 0x1AA3, 0x5F8B, 0xFF72, 0xDF7A, 0xDFAB, 0x3E8B, 0x5D9C, 0xFFFF, 0xDFFF, 0xFFFF, 
  0x9EC5, 0x1E8B, 0x1FBC, 0xDFBB, 0xDFBB, 0xDFBB, 0xDFB3, 0x5E8B, 0x7FEF, 0xFFFF, 0xFFFF, 0xFECD, 0x3D93, 0x1FBC, 0xDFB3, 0xDFBB, 
  0x9EA3, 0x3DD6, 0xFFFF, 0x9D94, 0xFE1B, 0x1D04, 0x1E04, 0x1E04, 0x1E04, 0x1E04, 0x1E04, 0x1E04, 0x1E04, 0x1E04, 0x1E04, 0x1E04, 
  0x1E04, 0x1E04, 0x1E04, 0x1E04, 0x1E04, 0x1E04, 0x1E04, 0x1E04, 0x1E04, 0x1E04, 0x1E04, 0x1E04, 0x1E04, 0x1E04, 0x1E04, 0x1E04, 
  0x1E04, 0x1E04, 0x1E04, 0x1E04, 0x1E04, 0x1E04, 0x1E04, 0x1E04, 0x1E04, 0x1E04, 0x1E04, 0x1E04, 0x1E04, 0x1E04, 0x1E04, 0x3E04, 
  0x1E04, 0x1E04, 0x1E04, 0x1E04, 0x1E04, 0x1E04, 0x1E04, 0x1E04, 0x1E04, 0x1E04, 0x1E04, 0x1E04, 0x1E04, 0x1E04, 0x1E04, 0x1E04, 
  0x1E04, 0x1E04, 0x1E04, 0x1E04, 0x1E04, 0x1E04, 0x1E04, 0x1E04, 0x1E04, 0x1E04, 0x1E04, 0x1E04, 0x1E04, 0x1E04, 0x1E04, 0x1E04, 
  0x1E04, 0x1E04, 0x1E04, 0x1E04, 0x1E04, 0x1E04, 0x1E04, 0x1E04, 0x1E04, 0x1E04, 0x1D14, 0x9E8C, 0xBFFF, 0x7E9C, 0x9BA2, 0x2BA0, 
  0x0BB8, 0x2BA0, 0x6B90, 0x4C98, 0x0A90, 0x0B98, 0x0CB0, 0x2CB0, 0x8B90, 0xCB78, 0x2A61, 0x8B88, 0x4CA0, 0x4A98, 0xCB78, 0x4A98, 
  0x6CA0, 0x2CA8, 0x6C90, 0x4A88, 0x58AA, 0x37B2, 0x0AA8, 0xAFC0, 0x6CB8, 0x6A98, 0x0BB0, 0x4EA8, 0x1E93, 0x96A1, 0x2DC8, 0x8EA0, 
  0x3CA3, 0xD6A1, 0x0BA8, 0x4CC0, 0xCEC0, 0xCB80, 0x8C80, 0x6B98, 0x2BA0, 0x09A0, 0xAEB8, 0xFEA2, 0x1DAD, 0xFFFF, 0xFFFF, 0xFFFF, 
  0xFEE6, 0x9E9B, 0xDFBB, 0x7FA3, 0x3E93, 0x3EA4, 0xFD9B, 0x7EA3, 0xFFC3, 0x9F9B, 0xDD6A, 0x3FB5, 0xF692, 0x4C70, 0x8C80, 0xAB80, 
  0x4AA0, 0xAA88, 0x6B88, 0x8A80, 0x2C81, 0x8B98, 0x2CA0, 0x8B88, 0xAC88, 0x8B88, 0xCA70, 0xEB98, 0xCA88, 0x8B80, 0xAB78, 0x6B70, 
  0xAD78, 0x8B88, 0x1AB3, 0x9E9B, 0x9ED6, 0xFFFF, 0xDFFF, 0xFFFF, 0xDDAC, 0x7FAB, 0xDFBB, 0x9FAB, 0x9FAB, 0xFFB3, 0xD591, 0xDAAA, 
  0xFFBB, 0x6F89, 0x2A90, 0x0CA0, 0x4BA8, 0xB281, 0x5EC5, 0xDED5, 0xBEAB, 0x1072, 0xA970, 0x4BA8, 0xAB78, 0x4C98, 0x0BB0, 0x4BA8, 
  0x4BB0, 0xAB80, 0x2AA0, 0x2B98, 0x6EA8, 0x0BB0, 0x7099, 0x1FAC, 0xFF7A, 0xDF72, 0x3E83, 0x1FB4, 0xBE7A, 0x1ED6, 0xFFFF, 0xFFFF, 
  0x7FF7, 0x5D83, 0xDFAB, 0xDFBB, 0xFFBB, 0xFFB3, 0xDFB3, 0x1D8B, 0xDEDE, 0xFFFF, 0xFFFF, 0x3FEF, 0x5C8B, 0xBFB3, 0xBFB3, 0xDFB3, 
  0x7EA3, 0xDDCD, 0xFFFF, 0xDD9C, 0xBD1B, 0x3E04, 0x1E04, 0x1E04, 0x1E04, 0x1E04, 0x1E04, 0x1E04, 0x1E04, 0x1E04, 0x1E04, 0x1E04, 
  0x1E04, 0x1E04, 0x1E04, 0x1E04, 0x1E04, 0x1E04, 0x1E04, 0x1E04, 0x1E04, 0x1E04, 0x1E04, 0x1E04, 0x1E04, 0x1E04, 0x1E04, 0x1E04, 
  0x1E04, 0x1E04, 0x1E04, 0x1E04, 0x1E04, 0x1E04, 0x1E04, 0x1E04, 0x1E04, 0x1E04, 0x1E04, 0x1E04, 0x1E04, 0x1E04, 0x1E04, 0x3E04, 
  0x1E04, 0x1E04, 0x1E04, 0x1E04, 0x1E04, 0x1E04, 0x1E04, 0x1E04, 0x1E04, 0x1E04, 0x1E04, 0x1E04, 0x1E04, 0x1E04, 0x1E04, 0x1E04, 
  0x1E04, 0x1E04, 0x1E04, 0x1E04, 0x1E04, 0x1E04, 0x1E04, 0x1E04, 0x1E04, 0x1E04, 0x1E04, 0x1E04, 0x1E04, 0x1E04, 0x1E04, 0x1E04, 
  0x1E04, 0x1E04, 0x1E04, 0x1E04, 0x1E04, 0x1E04, 0x1E04, 0x1E04, 0x3E04, 0x1D04, 0xFD3B, 0x5ECE, 0xFFE6, 0x7EA3, 0x7299, 0x4870, 
  0x4C88, 0x0BA8, 0x4BA0, 0x6BA0, 0x0CA0, 0x2CA8, 0x4CB0, 0x4CA8, 0x4A90, 0xEB78, 0xEB70, 0xAA70, 0xAC88, 0x4CB0, 0x8B98, 0x6C98, 
  0x2B90, 0x2BA8, 0x6DC8, 0x09A0, 0x97AA, 0x57AA, 0x0990, 0x2AA0, 0x4DC0, 0x6DC0, 0x0BB8, 0xD0B0, 0x1EA3, 0xCF98, 0x2AB0, 0x73A9, 
  0x3DA3, 0x6BA0, 0x0AC0, 0x0DD0, 0x6CB0, 0x8CA0, 0xAA88, 0xAA88, 0x0BB0, 0x4CC0, 0xAFB8, 0x1EAB, 0x9EBD, 0xFFFF, 0xDFFF, 0xFFFF, 
  0x3DD6, 0x9EA3, 0xBFA3, 0x3F93, 0xDE9A, 0x7CB4, 0x3EDE, 0x7DC5, 0x7D9B, 0x9FA3, 0x3D7B, 0x5F83, 0x578A, 0x2B88, 0x4AA0, 0x2A90, 
  0x8BA0, 0x0B71, 0x4B88, 0x8C70, 0x6951, 0x4969, 0x6A98, 0x0A89, 0x0B61, 0x6B88, 0xCA88, 0xABA0, 0x4AA0, 0x8A88, 0x6B88, 0xCD90, 
  0x6CB0, 0x6DA0, 0x5DB3, 0xDD9B, 0x3EEF, 0xFFFF, 0xFFFF, 0xFFFF, 0xFDCD, 0xBFA3, 0x79AA, 0xDBB2, 0xFFBB, 0x1FBC, 0x55AA, 0xAF88, 
  0x5DBB, 0xF399, 0x2990, 0x2C98, 0x4C70, 0x7381, 0x3ECD, 0xDECD, 0xBFAB, 0xB389, 0x2B90, 0x2BA8, 0x4B90, 0x4B88, 0x0B98, 0x4C98, 
  0x4CA0, 0x0BA8, 0x0CA8, 0x6CB0, 0xAFB8, 0x2CA8, 0x6A70, 0xB7A2, 0x5F93, 0xDF72, 0xDF72, 0x9F9B, 0x9FA3, 0x7C8B, 0xBFF7, 0xFFFF, 
  0xFFFF, 0xDDAC, 0x3E93, 0xFFC3, 0xDFAB, 0xBFAB, 0xFFBB, 0x1D8B, 0x7DD6, 0xFFFF, 0xFFFF, 0xFFFF, 0x1C94, 0x5FA3, 0xDFB3, 0x1FB4, 
  0x7EAB, 0x9DC5, 0xFFFF, 0x5EAD, 0xBD1B, 0x3D04, 0x1E04, 0x1E04, 0x1E04, 0x1E04, 0x1E04, 0x1E04, 0x1E04, 0x1E04, 0x1E04, 0x1E04, 
  0x1E04, 0x1E04, 0x1E04, 0x1E04, 0x1E04, 0x1E04, 0x1E04, 0x1E04, 0x1E04, 0x1E04, 0x1E04, 0x1E04, 0x1E04, 0x1E04, 0x1E04, 0x1E04, 
  0x1E04, 0x1E04, 0x1E04, 0x1E04, 0x1E04, 0x1E04, 0x1E04, 0x1E04, 0x1E04, 0x1E04, 0x1E04, 0x1E04, 0x1E04, 0x1E04, 0x1E04, 0x3E04, 
  0x1E04, 0x1E04, 0x1E04, 0x1E04, 0x1E04, 0x1E04, 0x1E04, 0x1E04, 0x1E04, 0x1E04, 0x1E04, 0x1E04, 0x1E04, 0x1E04, 0x1E04, 0x1E04, 
  0x1E04, 0x1E04, 0x1E04, 0x1E04, 0x1E04, 0x1E04, 0x1E04, 0x1E04, 0x1E04, 0x1E04, 0x1E04, 0x1E04, 0x1E04, 0x1E04, 0x1E04, 0x1E04, 
  0x1E04, 0x1E04, 0x1E04, 0x3E04, 0x1D04, 0x1E0C, 0x1E04, 0x3D04, 0x3E04, 0x1D0C, 0x3D74, 0x7FFF, 0xBDBD, 0x9BAA, 0xCEA8, 0x2B71, 
  0xCB68, 0x4B98, 0x2AA8, 0x2BA8, 0x2B98, 0x2BA0, 0x2CA0, 0x4CA8, 0x6EB0, 0x2DB8, 0x6B90, 0x0B69, 0xCC60, 0x6CA8, 0x4BA0, 0xAC78, 
  0x6B98, 0x2AA8, 0x8B80, 0x8980, 0xD9B2, 0x369A, 0x29A0, 0x2CB8, 0x4DB0, 0x4DC0, 0x0AB0, 0xD6A1, 0xFBAA, 0x4BA0, 0x2BA0, 0xDBBA, 
  0x36A2, 0x08A0, 0x4BB0, 0x4B98, 0x4B80, 0x6C90, 0x2AA0, 0x4CA8, 0x8BA8, 0x6A90, 0x4D81, 0x9EA3, 0xBDBD, 0xFFFF, 0xDFFF, 0xFFFF, 
  0xBEBC, 0xBEAB, 0x7DB3, 0xD4A9, 0xCFB8, 0x90A8, 0x5592, 0x7EE6, 0x7ED6, 0xFE82, 0x1F7B, 0x1F7B, 0xD7A1, 0x6A80, 0x0A79, 0x6B98, 
  0x2BB0, 0x6B90, 0x4D90, 0x8C90, 0x8A90, 0x6A90, 0xABA8, 0xCBA8, 0xAA80, 0xCA80, 0x4CA0, 0x0CC0, 0x4CA8, 0xCB80, 0x6B88, 0xED88, 
  0x8EC8, 0x8EA0, 0x9CAB, 0xFEA3, 0x7FF7, 0xFFFF, 0xFFFF, 0xFFFF, 0x7DD6, 0xBF9B, 0xD499, 0x0F89, 0xFEB3, 0xFFBB, 0x3492, 0x4A78, 
  0x12A9, 0x93B1, 0x2A90, 0xCC78, 0x8970, 0xF689, 0xBFD5, 0x1ECE, 0xBFB3, 0xB499, 0x0B80, 0x4BA0, 0x4CA0, 0x4BA0, 0x0BA8, 0xCA80, 
  0x8A90, 0x4B98, 0x6B98, 0x4CA0, 0x4CA8, 0xF0B0, 0x6BA0, 0xCF90, 0x7E9B, 0x1F73, 0xFF7A, 0xDF7A, 0xFFB3, 0xFD82, 0x7DBD, 0xFFFF, 
  0xFFFF, 0xDEDE, 0x1E83, 0xDFBB, 0xDFB3, 0xDFB3, 0xFFBB, 0x3D8B, 0x7ED6, 0xFFFF, 0xDFFF, 0xFFFF, 0xBDA4, 0x7FA3, 0xFFBB, 0xFFB3, 
  0x7EAB, 0x5DBD, 0xFFFF, 0xBEBD, 0xFE2B, 0x1D04, 0x3E04, 0x3E04, 0x1E04, 0x1E04, 0x1E04, 0x1E04, 0x1E04, 0x1E04, 0x1E04, 0x1E04, 
  0x1E04, 0x1E04, 0x1E04, 0x1E04, 0x1E04, 0x1E04, 0x1E04, 0x1E04, 0x1E04, 0x1E04, 0x1E04, 0x1E04, 0x1E04, 0x1E04, 0x1E04, 0x1E04, 
  0x1E04, 0x1E04, 0x1E04, 0x1E04, 0x1E04, 0x1E04, 0x1E04, 0x1E04, 0x1E04, 0x1E04, 0x1E04, 0x1E04, 0x1E04, 0x1E04, 0x1E04, 0x3E04, 
  0x1E04, 0x1E04, 0x1E04, 0x1E04, 0x1E04, 0x1E04, 0x1E04, 0x1E04, 0x1E04, 0x1E04, 0x1E04, 0x1E04, 0x1E04, 0x1E04, 0x1E04, 0x1E04, 
  0x1E04, 0x1E04, 0x1E04, 0x1E04, 0x1E04, 0x1E04, 0x1E04, 0x1E04, 0x1E04, 0x1E04, 0x1E04, 0x1E04, 0x1E04, 0x1E04, 0x1E04, 0x1E04, 
  0x1E04, 0x1E04, 0x1E04, 0x3E04, 0x1D04, 0x1D04, 0x3E04, 0x3D04, 0x1E04, 0xFE23, 0x5EAD, 0x9FFF, 0x5EA4, 0x9491, 0x0A98, 0x6B98, 
  0xCB88, 0x4B90, 0x4B98, 0x4BA0, 0x4BA8, 0x4B98, 0x6B98, 0x0B98, 0x4CA0, 0x4CB0, 0x6C98, 0x2C98, 0x4C90, 0x6BA0, 0x4A98, 0xAC88, 
  0x4CA8, 0x0BA8, 0xAA80, 0x6998, 0xBAAA, 0xB7A2, 0x08A0, 0x6BA0, 0x2B88, 0x2CA0, 0x0BB0, 0xBBBA, 0x58B2, 0x0998, 0xCEA8, 0x7FCB, 
  0x0F99, 0x2BB8, 0x2BA8, 0x0CA0, 0xAB78, 0x2A79, 0x2CA0, 0x6EB8, 0xC988, 0xE960, 0xD189, 0x9EA3, 0xFDC5, 0xFFFF, 0xFFFF, 0xFFE6, 
  0xBDA3, 0xFFBB, 0x53B1, 0x0A98, 0x0AA8, 0x2AA8, 0x0A90, 0x9499, 0xBFEE, 0x1EC6, 0xBE62, 0x1F83, 0x179A, 0xC978, 0xAB78, 0x6B80, 
  0xCA88, 0x2B98, 0xCB60, 0x8B88, 0x0AA8, 0x2BB0, 0x2EC0, 0x0CB8, 0x2B90, 0xC978, 0x6B90, 0x4CA8, 0xAA90, 0xA951, 0xAB80, 0xEEB0, 
  0x4CA0, 0x0E99, 0xBDB3, 0x3DA4, 0xDFFF, 0xFFFF, 0xFFFF, 0xFFFF, 0x5DCE, 0x7FA3, 0x94A1, 0x2998, 0x1AAB, 0xDFC3, 0xEF90, 0x8978, 
  0xCC80, 0xEEA8, 0xCB88, 0x8A69, 0xCD90, 0x1CAB, 0x5EDE, 0xBECD, 0xBFAB, 0x15AA, 0x0AA0, 0x8B88, 0x8C88, 0x4CA0, 0x2B98, 0x4B90, 
  0x4A98, 0x6AA8, 0x6B98, 0x6D90, 0x4CA8, 0x8B98, 0xCB98, 0x0998, 0x37B2, 0x5F93, 0xDE72, 0xFF72, 0x3F93, 0xBFAB, 0x7D83, 0x7FF7, 
  0xFFFF, 0xFFFF, 0x1D94, 0x7FA3, 0xFFBB, 0xDFBB, 0xFFBB, 0x3D8B, 0x7ED6, 0xFFFF, 0xDFFF, 0xFFFF, 0x1EAD, 0x5E9B, 0xFFBB, 0xDFBB, 
  0x7EAB, 0x3DBD, 0xFFFF, 0x3ECE, 0xDD33, 0x1D04, 0x3E04, 0x3E04, 0x1E04, 0x1E04, 0x1E04, 0x1E04, 0x1E04, 0x1E04, 0x1E04, 0x1E04, 
  0x1E04, 0x1E04, 0x1E04, 0x1E04, 0x1E04, 0x1E04, 0x1E04, 0x1E04, 0x1E04, 0x1E04, 0x1E04, 0x1E04, 0x1E04, 0x1E04, 0x1E04, 0x1E04, 
  0x1E04, 0x1E04, 0x1E04, 0x1E04, 0x1E04, 0x1E04, 0x1E04, 0x1E04, 0x1E04, 0x1E04, 0x1E04, 0x1E04, 0x1E04, 0x1E04, 0x1E04, 0x3E04, 
  0x1E04, 0x1E04, 0x1E04, 0x1E04, 0x1E04, 0x1E04, 0x1E04, 0x1E04, 0x1E04, 0x1E04, 0x1E04, 0x1E04, 0x1E04, 0x1E04, 0x1E04, 0x1E04, 
  0x1E04, 0x1E04, 0x1E04, 0x1E04, 0x1E04, 0x1E04, 0x1E04, 0x1E04, 0x1E04, 0x1E04, 0x1E04, 0x1E04, 0x1E04, 0x1E04, 0x1E04, 0x1E04, 
  0x1E04, 0x1E04, 0x1E04, 0x1E04, 0x1D0C, 0x3D04, 0x3D04, 0x1D04, 0xFE03, 0xDD43, 0xBFE6, 0xBFDE, 0xFCA2, 0x6D98, 0x0BA8, 0x2BA0, 
  0x6B88, 0x6B90, 0x4CA8, 0x2BB0, 0x0BB8, 0x6CB0, 0x4C90, 0x2C98, 0x8980, 0x6A88, 0x0BA8, 0x2CA8, 0x8EC0, 0x4CB8, 0x2BA8, 0x4CC0, 
  0x0CB0, 0x8DA8, 0x4B98, 0x0AB8, 0x38B2, 0x1AB3, 0x6CA8, 0x8BB0, 0x2B90, 0x0BA0, 0x2CA8, 0x1CBB, 0x72A1, 0x0AA0, 0xD4A9, 0xBABA, 
  0x2CA8, 0x4BA8, 0x0BB0, 0x2CB8, 0x6B98, 0x4A98, 0x6CA0, 0xAC90, 0x2B90, 0x4B88, 0xBAB2, 0xBD9B, 0x1EEF, 0xFFFF, 0x9FF7, 0x3DAC, 
  0xFFBB, 0x979A, 0x0B98, 0x2CA8, 0x4CA8, 0x2CA0, 0x2AA8, 0x0AA0, 0x179B, 0xBFF7, 0x9D8B, 0xDF72, 0xBBA2, 0x4BA8, 0x2AA8, 0x2B98, 
  0x4C98, 0x8B88, 0x8B80, 0x6C88, 0x0BA0, 0x4C98, 0x4B90, 0xCB70, 0x8C80, 0x8988, 0x2971, 0x6B61, 0x0A79, 0x2969, 0x8B88, 0x4B98, 
  0x6A88, 0x2F81, 0xBFB3, 0x5DA4, 0xFFFF, 0xFFFF, 0xFFFF, 0xFFFF, 0xDDCD, 0x7EB3, 0x7191, 0x4788, 0xD081, 0x9EBB, 0x6D90, 0x2A98, 
  0xAA80, 0xAA88, 0x6B88, 0x2988, 0xB3A9, 0xDFAB, 0xFEEE, 0xFDBC, 0xBFBB, 0x149A, 0x8878, 0xCA78, 0xAA80, 0x6B98, 0xCFC8, 0x2CC0, 
  0x2DB8, 0x2CB8, 0x2AA0, 0x2C90, 0x2CB8, 0x0BA0, 0x0B90, 0x2AA0, 0x6FA0, 0x3EB3, 0xFF7A, 0xFF72, 0xDE7A, 0xBFAB, 0x1D83, 0x9EBD, 
  0xFFFF, 0xFFFF, 0xFEC5, 0x1E8B, 0xFFBB, 0xDFBB, 0xFFBB, 0x1D8B, 0x7ED6, 0xFFFF, 0xDFFF, 0xFFFF, 0x3EB5, 0x3E9B, 0xFFBB, 0xDFBB, 
  0x9FAB, 0xBDAC, 0xFFFF, 0x9EDE, 0xDC3B, 0x1D04, 0x1E04, 0x1E04, 0x1E04, 0x1E04, 0x1E04, 0x1E04, 0x1E04, 0x1E04, 0x1E04, 0x1E04, 
  0x1E04, 0x1E04, 0x1E04, 0x1E04, 0x1E04, 0x1E04, 0x1E04, 0x1E04, 0x1E04, 0x1E04, 0x1E04, 0x1E04, 0x1E04, 0x1E04, 0x1E04, 0x1E04, 
  0x1E04, 0x1E04, 0x1E04, 0x1E04, 0x1E04, 0x1E04, 0x1E04, 0x1E04, 0x1E04, 0x1E04, 0x1E04, 0x1E04, 0x1E04, 0x1E04, 0x1E04, 0x3E04, 
  0x1E04, 0x1E04, 0x1E04, 0x1E04, 0x1E04, 0x1E04, 0x1E04, 0x1E04, 0x1E04, 0x1E04, 0x1E04, 0x1E04, 0x1E04, 0x1E04, 0x1E04, 0x1E04, 
  0x1E04, 0x1E04, 0x1E04, 0x1E04, 0x1E04, 0x1E04, 0x1E04, 0x1E04, 0x1E04, 0x1E04, 0x1E04, 0x1E04, 0x1E04, 0x1E04, 0x1E04, 0x1E04, 
  0x1E04, 0x1E04, 0x1E04, 0x1E04, 0x1D04, 0x3D04, 0x1D04, 0x1E04, 0x1E0C, 0x7C7C, 0xBFFF, 0xFFB4, 0xD6B9, 0x2BB0, 0x4CA8, 0x8A80, 
  0xAC98, 0x8DA8, 0x4B90, 0x6B98, 0x0BB0, 0x2CB8, 0x4C98, 0x2BA0, 0x4BA0, 0x4CA0, 0x2AA0, 0x8A90, 0x4A88, 0x4B90, 0x4BA0, 0x6BA8, 
  0x6CA8, 0x4DA8, 0x0BA0, 0x0BA0, 0x37B2, 0xBEBB, 0xAEA0, 0x0BB8, 0x6EC0, 0x4CC0, 0x6CB0, 0x1DBB, 0xCFA8, 0x0BB0, 0x9BC2, 0x72B9, 
  0x0BB8, 0x6DB0, 0x2BB0, 0x0AB0, 0x0C98, 0x2BA0, 0x2AA0, 0x0BB0, 0x4DA8, 0x56B2, 0x7DA3, 0x5ED6, 0xFFFF, 0xDEE6, 0x3CAC, 0xBEA3, 
  0x9DC3, 0x6FA0, 0x2CB8, 0x2AB0, 0x4CA0, 0xAC90, 0xAC80, 0x4878, 0xB281, 0xDFF6, 0x1DB5, 0x9E62, 0x5F9B, 0xCEA8, 0x4990, 0xCB80, 
  0x2A79, 0x2A59, 0x6C88, 0x4BA0, 0x4A98, 0x4EB8, 0xAEB0, 0xEC78, 0x4D78, 0x4CA0, 0xCB78, 0xCB68, 0x6C88, 0x6B90, 0x4C98, 0x8B88, 
  0x6A88, 0x3289, 0xBFB3, 0x5DAC, 0xFFFF, 0xFFFF, 0xFFFF, 0xFFFF, 0x3EBD, 0x5DAB, 0xEE98, 0x4898, 0x4D81, 0xB9B2, 0x4CA0, 0x2DD0, 
  0x2BB8, 0x0C71, 0xCC78, 0x8D98, 0xDCBA, 0x5FAC, 0x9FF7, 0x3CA4, 0xDFC3, 0xF379, 0x2849, 0xAA70, 0xCB78, 0x8B78, 0x8CA8, 0x4B98, 
  0x4BA0, 0xAB98, 0x4B98, 0x0B98, 0x4B90, 0x8C90, 0xAA49, 0x0971, 0x0988, 0xD3A1, 0x9F93, 0xDF72, 0xDE7A, 0x3F8B, 0x9FA3, 0xBC8B, 
  0xBFFF, 0xFFFF, 0x9FEF, 0x7D8B, 0xBFAB, 0xDFB3, 0xFFBB, 0xFD82, 0x7ED6, 0xFFFF, 0xDFFF, 0xFFFF, 0xFEAC, 0x3FA3, 0x1FBC, 0xDFBB, 
  0x7EA3, 0x9EA4, 0xFFFF, 0xDEE6, 0x1D4C, 0x3E04, 0x1E04, 0x1E04, 0x1E04, 0x1E04, 0x1E04, 0x1E04, 0x1E04, 0x1E04, 0x1E04, 0x1E04, 
  0x1E04, 0x1E04, 0x1E04, 0x1E04, 0x1E04, 0x1E04, 0x1E04, 0x1E04, 0x1E04, 0x1E04, 0x1E04, 0x1E04, 0x1E04, 0x1E04, 0x1E04, 0x1E04, 
  0x1E04, 0x1E04, 0x1E04, 0x1E04, 0x1E04, 0x1E04, 0x1E04, 0x1E04, 0x1E04, 0x1E04, 0x1E04, 0x1E04, 0x1E04, 0x1E04, 0x1E04, 0x3E04, 
  0x1E04, 0x1E04, 0x1E04, 0x1E04, 0x1E04, 0x1E04, 0x1E04, 0x1E04, 0x1E04, 0x1E04, 0x1E04, 0x1E04, 0x1E04, 0x1E04, 0x1E04, 0x1E04, 
  0x1E04, 0x1E04, 0x1E04, 0x1E04, 0x1E04, 0x1E04, 0x1E04, 0x1E04, 0x1E04, 0x1E04, 0x1E04, 0x1E04, 0x1E04, 0x1E04, 0x1E04, 0x1E04, 
  0x1E04, 0x1E04, 0x1E04, 0x1E04, 0x1E04, 0x1E04, 0x1D04, 0x1E04, 0x1E2C, 0xDEC5, 0x5FF7, 0x5CA3, 0xCD90, 0x4B90, 0x6C88, 0x4B61, 
  0x8C98, 0xF1E0, 0x8EC0, 0x6CB0, 0x8CA0, 0x0AA8, 0x2BB8, 0x0BA0, 0x0C90, 0x2CA8, 0x4A90, 0x2A88, 0x4A90, 0x2CA0, 0x4CA8, 0x4A90, 
  0x8BA0, 0x2BA0, 0x2BA0, 0x0B98, 0x7299, 0x1FB4, 0x5399, 0x2A90, 0x8C88, 0x4AA8, 0xCDA8, 0xBAAA, 0x4CA8, 0x4DB0, 0x9ABA, 0x4C98, 
  0xCEC0, 0x6DB0, 0x2BA0, 0x4BB8, 0x4AA0, 0x4B98, 0x4A80, 0x31A9, 0xDBB2, 0xBE8B, 0x1ECE, 0xDEE6, 0x3EB5, 0xBD9B, 0xBFB3, 0xDFC3, 
  0x96C1, 0x4EC8, 0x6CA0, 0x4A90, 0x8A80, 0xAB78, 0x6C88, 0x6CB0, 0x5599, 0x9FE6, 0x7DBD, 0x9E62, 0x3F8B, 0xB9AA, 0x0A90, 0x4B98, 
  0xAB80, 0x8A80, 0x4DA8, 0x2BB8, 0x2BA8, 0x2DC0, 0x32D9, 0x8DA8, 0x6C90, 0x2BA0, 0x2A88, 0x6B90, 0x0CA8, 0x6BA8, 0x2CA8, 0x2CB0, 
  0x2AA0, 0x3091, 0xBFBB, 0xFCAB, 0xBFF7, 0xFFFF, 0xFFFF, 0xFFFF, 0x9EAC, 0xFBAA, 0x6C90, 0x6CA0, 0xCD90, 0xD2A8, 0x0BA8, 0x4BA8, 
  0x6BA0, 0x6B98, 0x0998, 0xF4A1, 0x7FBB, 0x9DBD, 0x3FEF, 0x7DA3, 0xDFBB, 0x7289, 0x4A88, 0x6B88, 0x4B90, 0x6C98, 0x6B90, 0x4A98, 
  0x4A90, 0xCA68, 0x2C88, 0xCA70, 0xCC80, 0x8D88, 0x6959, 0xCA88, 0xCA78, 0xAC88, 0x3CB3, 0x1F83, 0xFF72, 0xDE7A, 0xBFA3, 0x1D83, 
  0x1ECE, 0xFFFF, 0xFFFF, 0xDEAC, 0x3F93, 0xFFBB, 0xFFBB, 0x3E8B, 0x5ED6, 0xFFFF, 0xDFFF, 0xFFFF, 0x5D9C, 0x7FAB, 0xFFBB, 0xFFBB, 
  0x5F9B, 0x9EA4, 0xFFFF, 0x3FEF, 0xDD53, 0x1E04, 0x1D04, 0x1E04, 0x1E04, 0x1E04, 0x1E04, 0x1E04, 0x1E04, 0x1E04, 0x1E04, 0x1E04, 
  0x1E04, 0x1E04, 0x1E04, 0x1E04, 0x1E04, 0x1E04, 0x1E04, 0x1E04, 0x1E04, 0x1E04, 0x1E04, 0x1E04, 0x1E04, 0x1E04, 0x1E04, 0x1E04, 
  0x1E04, 0x1E04, 0x1E04, 0x1E04, 0x1E04, 0x1E04, 0x1E04, 0x1E04, 0x1E04, 0x1E04, 0x1E04, 0x1E04, 0x1E04, 0x1E04, 0x1E04, 0x3E04, 
  0x1E04, 0x1E04, 0x1E04, 0x1E04, 0x1E04, 0x1E04, 0x1E04, 0x1E04, 0x1E04, 0x1E04, 0x1E04, 0x1E04, 0x1E04, 0x1E04, 0x1E04, 0x1E04, 
  0x1E04, 0x1E04, 0x1E04, 0x1E04, 0x1E04, 0x1E04, 0x1E04, 0x1E04, 0x1E04, 0x1E04, 0x1E04, 0x1E04, 0x1E04, 0x1E04, 0x1E04, 0x1E04, 
  0x1E04, 0x1E04, 0x1E04, 0x1E04, 0x1D04, 0x1E04, 0x3D04, 0x1E04, 0xFD53, 0x3EEF, 0x1FDE, 0xF591, 0xAB60, 0x8C80, 0x2CA8, 0x8B98, 
  0x4CA8, 0x0CB0, 0xCFC8, 0x6DB8, 0x6B98, 0x4AA0, 0x6A90, 0x2BA0, 0x6B88, 0x4B88, 0x2B98, 0x0BA8, 0x2BA8, 0x0CA8, 0x4DB8, 0x2BA8, 
  0x6988, 0x8988, 0x6B90, 0x4B70, 0x4F81, 0x1FBC, 0x37AA, 0x2A80, 0x8A80, 0x4BA8, 0x32B9, 0xF7C9, 0x0998, 0x5299, 0xB3A1, 0x4A90, 
  0x6CA8, 0x6AA0, 0x0C98, 0x6CA8, 0xEE98, 0xD4A9, 0x3BB3, 0xBEA3, 0x1F8B, 0x3E8B, 0xBEA3, 0x3B9B, 0xFEB3, 0xDFB3, 0x1EBC, 0xF3A9, 
  0x2BB0, 0x6DB8, 0x4DB8, 0x6CA8, 0x8DB0, 0x4CB0, 0x4CB8, 0x4DC8, 0x19A2, 0x1FEF, 0xDDAC, 0x9F6A, 0xDF7A, 0x5F8B, 0x99B2, 0x8DA0, 
  0x0BA0, 0x2B88, 0xCC70, 0x6C98, 0x4BB0, 0x4BA0, 0x0BA0, 0x2B98, 0xAB78, 0x8B80, 0x4DA0, 0x4D88, 0x6DA8, 0x4CA8, 0x2D98, 0x2C98, 
  0x0AB0, 0xEF90, 0xDFC3, 0x9DA3, 0x3EE7, 0xFFFF, 0xFFFF, 0x3EEF, 0xDEA3, 0x79B2, 0x6988, 0x0A81, 0xE980, 0x8C90, 0x4D88, 0xAB78, 
  0x6A88, 0x6DA0, 0x11B1, 0x9EC3, 0x7EA3, 0xBEDE, 0x3ED6, 0x7E9B, 0xDEB3, 0x1091, 0x0C90, 0x6C98, 0xAC98, 0x4CA8, 0x6A90, 0x2B98, 
  0xADA8, 0x2C80, 0x4B90, 0xCB78, 0x8C98, 0x4DA0, 0x2CA0, 0x0CA8, 0x4B98, 0x4A88, 0xD399, 0x9FA3, 0xDF72, 0xDF72, 0x1F8B, 0x7F9B, 
  0xFD8B, 0xDFFF, 0xFFFF, 0xBEDE, 0x1D83, 0xFFBB, 0xFFC3, 0x3D93, 0xFDCD, 0xFFFF, 0xFFFF, 0xFFFF, 0xFC93, 0xBFAB, 0xFFBB, 0xFFB3, 
  0x1E93, 0x7E9C, 0xFFFF, 0x9FFF, 0x1E5C, 0x1E04, 0x3D04, 0x1D04, 0x1E04, 0x1E04, 0x1E04, 0x1E04, 0x1E04, 0x1E04, 0x1E04, 0x1E04, 
  0x1E04, 0x1E04, 0x1E04, 0x1E04, 0x1E04, 0x1E04, 0x1E04, 0x1E04, 0x1E04, 0x1E04, 0x1E04, 0x1E04, 0x1E04, 0x1E04, 0x1E04, 0x1E04, 
  0x1E04, 0x1E04, 0x1E04, 0x1E04, 0x1E04, 0x1E04, 0x1E04, 0x1E04, 0x1E04, 0x1E04, 0x1E04, 0x1E04, 0x1E04, 0x1E04, 0x1E04, 0x3E04, 
  0x1E04, 0x1E04, 0x1E04, 0x1E04, 0x1E04, 0x1E04, 0x1E04, 0x1E04, 0x1E04, 0x1E04, 0x1E04, 0x1E04, 0x1E04, 0x1E04, 0x1E04, 0x1E04, 
  0x1E04, 0x1E04, 0x1E04, 0x1E04, 0x1E04, 0x1E04, 0x1E04, 0x1E04, 0x1E04, 0x1E04, 0x1E04, 0x1E04, 0x1E04, 0x1E04, 0x1E04, 0x1E04, 
  0x1E04, 0x1E04, 0x1E04, 0x3D04, 0x1D04, 0x1E04, 0x3D04, 0xFD13, 0xDD94, 0xDFFF, 0x1CBC, 0x8D80, 0x4B88, 0x6B88, 0x2BA8, 0x2DA0, 
  0x2CA8, 0x6B98, 0x4CA8, 0x4B90, 0xEB68, 0x8C90, 0x4B88, 0x2CA8, 0xCA80, 0x8CA8, 0x6DA0, 0x4C98, 0x2CB0, 0x6BB0, 0x2CA0, 0x8A88, 
  0xE539, 0xC649, 0x6CA0, 0x4CA8, 0xEE90, 0xDFBB, 0xDAB2, 0x2A80, 0x6B90, 0x0BA0, 0xF0A8, 0xCFA0, 0x4BA8, 0x0E99, 0x6CA8, 0x0CB8, 
  0x0AA0, 0xEE90, 0xD5A1, 0xFAAA, 0x9EB3, 0x9FBB, 0x3FB3, 0xBEA2, 0x9D9A, 0xBD9A, 0xDEA2, 0xBFC3, 0xFFBB, 0x99B2, 0x9071, 0xC968, 
  0x6B90, 0x4A90, 0x4BA0, 0x8BA0, 0x4A90, 0x2C98, 0x4BB8, 0x7199, 0x3DAC, 0x9ED6, 0x3D7B, 0xDF7A, 0xFF72, 0xFF72, 0x1E83, 0xFCA2, 
  0x16AA, 0xCF90, 0xA970, 0x0A69, 0xAB78, 0x6B80, 0x4C98, 0x2BA0, 0x4BA0, 0x2AA8, 0xCEA0, 0x6D88, 0x2CA8, 0x8CA0, 0x6C80, 0x2A88, 
  0x2B88, 0xF7A9, 0x1FC4, 0x7D93, 0xBEDE, 0xFFFF, 0xFFFF, 0xFCAC, 0xBFBB, 0xB4A9, 0x29A0, 0x6B90, 0x0A90, 0x4988, 0xE958, 0xCD80, 
  0x93B1, 0xBABA, 0xDFBB, 0x1FBC, 0x9D9B, 0x5FF7, 0x5DB5, 0x9FAB, 0xBDBB, 0x2D79, 0x4B88, 0x4B90, 0xAB88, 0x8DB0, 0x6DB0, 0x2DA0, 
  0x6B88, 0x4B90, 0x8C90, 0x6B90, 0xCCA0, 0x6BA8, 0x2B98, 0x6CA8, 0x4BA0, 0xCA80, 0x8D98, 0x3CB3, 0x3F7B, 0xFF72, 0xBF7A, 0x9FA3, 
  0x1D7B, 0x5ECE, 0xFFFF, 0xFFFF, 0xFD93, 0x7FA3, 0x1FBC, 0x3E93, 0xFDAC, 0xFFFF, 0xFFFF, 0x9FF7, 0x9C8B, 0xBFB3, 0xBFB3, 0xFFB3, 
  0xDE82, 0xDEAC, 0xFFFF, 0xDFFF, 0x3D5C, 0xFE03, 0x3D04, 0x1D04, 0x1E04, 0x1E04, 0x1E04, 0x1E04, 0x1E04, 0x1E04, 0x1E04, 0x1E04, 
  0x1E04, 0x1E04, 0x1E04, 0x1E04, 0x1E04, 0x1E04, 0x1E04, 0x1E04, 0x1E04, 0x1E04, 0x1E04, 0x1E04, 0x1E04, 0x1E04, 0x1E04, 0x1E04, 
  0x1E04, 0x1E04, 0x1E04, 0x1E04, 0x1E04, 0x1E04, 0x1E04, 0x1E04, 0x1E04, 0x1E04, 0x1E04, 0x1E04, 0x1E04, 0x1E04, 0x1E04, 0x3E04, 
  0x1E04, 0x1E04, 0x1E04, 0x1E04, 0x1E04, 0x1E04, 0x1E04, 0x1E04, 0x1E04, 0x1E04, 0x1E04, 0x1E04, 0x1E04, 0x1E04, 0x1E04, 0x1E04, 
  0x1E04, 0x1E04, 0x1E04, 0x1E04, 0x1E04, 0x1E04, 0x1E04, 0x1E04, 0x1E04, 0x1E04, 0x1E04, 0x1E04, 0x1E04, 0x1E04, 0x1E04, 0x1E04, 
  0x1E04, 0x1E04, 0x1E04, 0x1D04, 0x1E04, 0x1E04, 0x3D04, 0xDE43, 0x3ED6, 0x1FE7, 0xF6A1, 0x2A90, 0x4C98, 0x2B98, 0x4A98, 0x4DA0, 
  0x6DB8, 0x6A98, 0x4A98, 0xAC78, 0xEB68, 0xAA78, 0x2BA0, 0x6BA0, 0xAA88, 0x4DC0, 0x6C90, 0x2C80, 0x2BA8, 0x0A79, 0x2B90, 0xC980, 
  0x4422, 0xE741, 0x8B90, 0x4C98, 0xEE90, 0xDFBB, 0xDAAA, 0x0B98, 0x2DC0, 0x0BA0, 0x4A88, 0x8A88, 0xACA0, 0x4CB8, 0x2CB0, 0x4DA8, 
  0xD4B1, 0x7DC3, 0xBFB3, 0xBFB3, 0xBEB3, 0x9DA3, 0xBDA3, 0x3E93, 0xDF8A, 0x5E93, 0x5DB3, 0x57AA, 0x0E91, 0x2A88, 0x4980, 0x6A80, 
  0x4BA8, 0x0BB0, 0x6B90, 0x6B90, 0x4BA0, 0x2AA0, 0x6C98, 0x1CAB, 0xBE8B, 0x9E83, 0xBF72, 0xFF72, 0xFE72, 0xFF72, 0x1E8C, 0xBD8B, 
  0x1F93, 0xDB92, 0x558A, 0xAF71, 0xEA68, 0x2B98, 0x4BB0, 0x4BA8, 0x2BB8, 0x6BA0, 0x4A88, 0x4CB0, 0x4CB8, 0x2A88, 0x8DA0, 0x32B9, 
  0xB9B2, 0xFFBB, 0x5F93, 0x3D7B, 0x1ED6, 0x5DCE, 0x9CA4, 0x7EA3, 0xB7A2, 0xCB88, 0x6C98, 0xAF88, 0x73A1, 0x36A2, 0xF992, 0x5DA3, 
  0x5F9B, 0xDFA3, 0xFFBB, 0xBFAB, 0x9D93, 0x7FF7, 0x9CA4, 0xBFB3, 0x9CB3, 0xEB88, 0x2BA0, 0x2BB0, 0x4BA8, 0x2BA0, 0x4C90, 0x8A88, 
  0x2BA0, 0x2CB0, 0x6DB0, 0x4B98, 0xAB88, 0x2C90, 0x6B78, 0x4B90, 0x2B98, 0xAA98, 0x0998, 0xD491, 0x9F9B, 0xFE6A, 0xFF7A, 0x1F83, 
  0x7F9B, 0xDC8B, 0xBFFF, 0xFFFF, 0xBDC5, 0xFE8A, 0xFFBB, 0x9FA3, 0xFD93, 0xDFFF, 0xFFFF, 0x7FEF, 0x7C8B, 0x9FAB, 0xDFB3, 0xDFB3, 
  0xBE72, 0x3DB5, 0xFFFF, 0xFFFF, 0x9D64, 0xFD03, 0x3D04, 0x1D04, 0x1E04, 0x1E04, 0x1E04, 0x1E04, 0x1E04, 0x1E04, 0x1E04, 0x1E04, 
  0x1E04, 0x1E04, 0x1E04, 0x1E04, 0x1E04, 0x1E04, 0x1E04, 0x1E04, 0x1E04, 0x1E04, 0x1E04, 0x1E04, 0x1E04, 0x1E04, 0x1E04, 0x1E04, 
  0x1E04, 0x1E04, 0x1E04, 0x1E04, 0x1E04, 0x1E04, 0x1E04, 0x1E04, 0x1E04, 0x1E04, 0x1E04, 0x1E04, 0x1E04, 0x1E04, 0x1E04, 0x3E04, 
  0x1E04, 0x1E04, 0x1E04, 0x1E04, 0x1E04, 0x1E04, 0x1E04, 0x1E04, 0x1E04, 0x1E04, 0x1E04, 0x1E04, 0x1E04, 0x1E04, 0x1E04, 0x1E04, 
  0x1E04, 0x1E04, 0x1E04, 0x1E04, 0x1E04, 0x1E04, 0x1E04, 0x1E04, 0x1E04, 0x1E04, 0x1E04, 0x1E04, 0x1E04, 0x1E04, 0x1E04, 0x1E04, 
  0x1E04, 0x1E04, 0x1D04, 0x1E04, 0x1E04, 0x3D04, 0x1C0C, 0x3E74, 0x7FFF, 0x3ECD, 0xAFA0, 0x2AB0, 0x2DB0, 0x2B98, 0x6BB0, 0xAA88, 
  0x6C98, 0x2D98, 0x4B90, 0x6B90, 0xAB80, 0x4BA0, 0x2BA8, 0xEA70, 0x2B71, 0x8A80, 0x6B90, 0x6B88, 0x4A98, 0x6BA0, 0x2CB0, 0x0BB8, 
  0xCA90, 0x2A69, 0x4B98, 0x0BA0, 0x71A9, 0x1FC4, 0xF4A1, 0x2A90, 0x6CB0, 0x2CB8, 0x2998, 0x2988, 0x4C88, 0xF0B0, 0xF5A1, 0x1CB3, 
  0xDFAB, 0x7E9B, 0xFD9B, 0x7DC5, 0xBDC5, 0xDECD, 0x5EC5, 0xFE9B, 0xBAA2, 0xD499, 0x8DA0, 0x0898, 0x4B78, 0xAE80, 0x3091, 0x93A9, 
  0x11A1, 0x6FB0, 0x0CB8, 0x2B98, 0x8D98, 0x6A88, 0x569A, 0x9F9B, 0x9F72, 0xDF7A, 0xFF7A, 0xFF72, 0xFF7A, 0xBF72, 0x1DAD, 0xDFFF, 
  0xFEE6, 0x7EC5, 0x7E9C, 0x3B9B, 0x9992, 0xB499, 0xD0B0, 0x8FB8, 0x0DB0, 0xADA0, 0xAC90, 0x0CA0, 0x90C0, 0x37B2, 0x5DB3, 0xDFBB, 
  0xFFBB, 0xDFB3, 0x5F9B, 0x5F93, 0x7D93, 0x7DA3, 0x9FB3, 0x1DA3, 0xD579, 0x989A, 0x5BA3, 0xFDAB, 0x7F8B, 0x1F8B, 0xFF82, 0xFF72, 
  0xDF72, 0xFE7A, 0x9FAB, 0xBFAB, 0x7E8B, 0x3FEF, 0x1EA4, 0xDFBB, 0x3AA3, 0xAB80, 0x2BB8, 0x6A90, 0xAB80, 0xAC70, 0x6D80, 0x6C90, 
  0x2C98, 0x2CA0, 0x2C88, 0x4CA0, 0x2B98, 0xAC78, 0xEC78, 0x0CA8, 0x2B88, 0x6B88, 0x4C98, 0x8D80, 0x1CC3, 0x3F83, 0xFF72, 0xDF72, 
  0x7FA3, 0xFE82, 0x9DBD, 0xFFFF, 0x5FEF, 0x3D83, 0xBFB3, 0xFFB3, 0x3D8B, 0xBEDE, 0xFFFF, 0x7FEF, 0x7D8B, 0xBFAB, 0xFFB3, 0xBFAB, 
  0xBD72, 0x7DBD, 0xFFFF, 0xFFFF, 0xDE6C, 0xDD03, 0x1E04, 0x1E04, 0x1E04, 0x1E04, 0x1E04, 0x1E04, 0x1E04, 0x1E04, 0x1E04, 0x1E04, 
  0x1E04, 0x1E04, 0x1E04, 0x1E04, 0x1E04, 0x1E04, 0x1E04, 0x1E04, 0x1E04, 0x1E04, 0x1E04, 0x1E04, 0x1E04, 0x1E04, 0x1E04, 0x1E04, 
  0x1E04, 0x1E04, 0x1E04, 0x1E04, 0x1E04, 0x1E04, 0x1E04, 0x1E04, 0x1E04, 0x1E04, 0x1E04, 0x1E04, 0x1E04, 0x1E04, 0x1E04, 0x3E04, 
  0x1E04, 0x1E04, 0x1E04, 0x1E04, 0x1E04, 0x1E04, 0x1E04, 0x1E04, 0x1E04, 0x1E04, 0x1E04, 0x1E04, 0x1E04, 0x1E04, 0x1E04, 0x1E04, 
  0x1E04, 0x1E04, 0x1E04, 0x1E04, 0x1E04, 0x1E04, 0x1E04, 0x1E04, 0x1E04, 0x1E04, 0x1E04, 0x1E04, 0x1E04, 0x1E04, 0x1E04, 0x1E04, 
  0x1E04, 0x1E04, 0x1D04, 0x3E04, 0x3D04, 0x3D04, 0xDE23, 0x9EAD, 0xDFFF, 0xB7AA, 0x4B98, 0x4CA0, 0x0BA0, 0x2BA8, 0x2CC8, 0xECA8, 
  0x8A88, 0x0DC0, 0x2BB0, 0x4A98, 0x4CA0, 0x4BA8, 0x2A90, 0xEA70, 0xAB78, 0x8A88, 0x6C98, 0x4BA0, 0x4BA8, 0x2BB0, 0x2BA8, 0x2CC0, 
  0x2CB0, 0x4BA0, 0xCDA0, 0x2CA8, 0xB9C2, 0xBEB3, 0xEC70, 0x6998, 0x2BB0, 0x4DC8, 0x6EA8, 0xD5A1, 0x3BAB, 0xDFBB, 0xFFBB, 0x5F9B, 
  0xFE7A, 0xDF82, 0xBE9B, 0x9DAC, 0x1FAC, 0x7EA3, 0x7892, 0x1199, 0x6DA0, 0x0A80, 0x0C98, 0x13A1, 0x79A3, 0xFDCC, 0x5EC5, 0x1EB5, 
  0x5FAC, 0xFDA2, 0x17AA, 0xAD90, 0xA968, 0x2C88, 0x1CBB, 0x5F83, 0xDF72, 0xFF72, 0x1E73, 0xFF72, 0xFF72, 0xFF72, 0xBE6A, 0x1C94, 
  0x7ED6, 0xDFFF, 0xFFFF, 0x3FEF, 0xDFCD, 0xFDAC, 0xDCAB, 0xFCAA, 0x79A2, 0x39B2, 0x39A2, 0x98A2, 0xFAB2, 0x3EAC, 0xFEAB, 0xFEAB, 
  0xFEA3, 0xBEA3, 0xDEAB, 0xDEB3, 0xFFB3, 0xFEB3, 0x3DB4, 0xBDC4, 0xFFDD, 0x7FDE, 0x3ED6, 0xBEA4, 0xFE72, 0xDF72, 0xFF72, 0xFF72, 
  0xFF72, 0xDF7A, 0x9FAB, 0xBFA3, 0x5E83, 0xDFE6, 0xBEA3, 0x1FBC, 0x78A2, 0x2A90, 0xAC90, 0x4951, 0xEB70, 0xCC80, 0x2BA0, 0x4C98, 
  0x6B90, 0x6AA0, 0x8CA8, 0x6B98, 0x2BA0, 0xEA68, 0xEC68, 0x2BA0, 0x4A90, 0xAB88, 0x8B98, 0x4980, 0xF399, 0x9FA3, 0xDF72, 0xFF72, 
  0x1E8B, 0xBFAB, 0x3D7B, 0x1FEF, 0xFFFF, 0x9D9C, 0x1F93, 0x1FC4, 0x3E93, 0x3DB5, 0xFFFF, 0xBFFF, 0xBC93, 0x7FA3, 0xFFBB, 0xBFAB, 
  0x9D6A, 0xDDC5, 0xFFFF, 0xFFFF, 0x5D75, 0xDD03, 0x3E04, 0x1E04, 0x1E04, 0x1E04, 0x1E04, 0x1E04, 0x1E04, 0x1E04, 0x1E04, 0x1E04, 
  0x1E04, 0x1E04, 0x1E04, 0x1E04, 0x1E04, 0x1E04, 0x1E04, 0x1E04, 0x1E04, 0x1E04, 0x1E04, 0x1E04, 0x1E04, 0x1E04, 0x1E04, 0x1E04, 
  0x1E04, 0x1E04, 0x1E04, 0x1E04, 0x1E04, 0x1E04, 0x1E04, 0x1E04, 0x1E04, 0x1E04, 0x1E04, 0x1E04, 0x1E04, 0x1E04, 0x1E04, 0x3E04, 
  0x1E04, 0x1E04, 0x1E04, 0x1E04, 0x1E04, 0x1E04, 0x1E04, 0x1E04, 0x1E04, 0x1E04, 0x1E04, 0x1E04, 0x1E04, 0x1E04, 0x1E04, 0x1E04, 
  0x1E04, 0x1E04, 0x1E04, 0x1E04, 0x1E04, 0x1E04, 0x1E04, 0x1E04, 0x1E04, 0x1E04, 0x1E04, 0x1E04, 0x1E04, 0x1E04, 0x1E04, 0x1E04, 
  0x1E04, 0x1E04, 0x1E04, 0x3E04, 0x1D0C, 0x1D04, 0xFE3B, 0xFFE6, 0x5EDE, 0xF188, 0x0AB0, 0x4DC0, 0xAEC0, 0x2CB0, 0x0CB0, 0x0BB8, 
  0x0BB0, 0x0BA0, 0x2B98, 0x2CA0, 0x4CA0, 0x8B90, 0x6C98, 0x8B90, 0x4B98, 0x8A78, 0x6B90, 0x0AA0, 0x0BA8, 0x4BA0, 0x0AA0, 0x4B98, 
  0x4B90, 0x0BB0, 0x8DC0, 0xB4A9, 0x5DC3, 0x11A1, 0x8B98, 0x4AA8, 0x2AA8, 0x2B98, 0xB399, 0xB8B2, 0x98AA, 0x1BAB, 0x7DAB, 0xDDAB, 
  0xBEB3, 0x9DAB, 0x1CAB, 0x79A2, 0x73B1, 0x0C89, 0x0751, 0xAD88, 0x2DA8, 0xF1A0, 0xDBAA, 0xBFCD, 0xBEBD, 0x5EA4, 0x7D8B, 0x3D8B, 
  0x5E83, 0x1F73, 0x1F7B, 0x1D9B, 0x5091, 0x0AA8, 0xF7B9, 0xDFB3, 0x3F83, 0xFE72, 0x1E7B, 0xFF82, 0x1F83, 0x1F83, 0xFF7A, 0x9F72, 
  0x9D6A, 0x5D7B, 0xBEA4, 0x5ED6, 0x7FF7, 0xFFFF, 0xFFFF, 0x7FF7, 0x3FEF, 0xFFE6, 0xDFDE, 0xDFE6, 0xFFE6, 0xBEE6, 0xFFEE, 0xBFE6, 
  0xFFEE, 0xDEE6, 0xDFE6, 0xFFE6, 0xDFE6, 0xFFE6, 0x1FE7, 0xDEDE, 0xBEBD, 0x3D9C, 0x3D7B, 0xDE7A, 0xFF72, 0xFF72, 0xDF7A, 0xFF72, 
  0xFF72, 0x1F83, 0xFFAB, 0x3F93, 0x3D7B, 0xFECD, 0x9DA3, 0x3FC4, 0xD5B1, 0x0BA0, 0x6B80, 0x0B81, 0x8BA0, 0x4B88, 0x2CA0, 0x6A98, 
  0x4C98, 0x4BA0, 0x4BA8, 0x4BA0, 0x6C90, 0x6C90, 0x0C88, 0x4A98, 0x6CA0, 0xCB70, 0x0A71, 0xC970, 0xEC68, 0x7CA3, 0x3F83, 0xFF72, 
  0xDF72, 0x9FA3, 0x5E8B, 0x3C94, 0xFFFF, 0x5ECE, 0xDE7A, 0xFFBB, 0xBFAB, 0xBC93, 0xBFF7, 0xFFFF, 0x3D9C, 0x5F93, 0xFFBB, 0x9FA3, 
  0x9D6A, 0x9DBD, 0xFFFF, 0xFFFF, 0x5C75, 0xDC03, 0x3E04, 0x1E04, 0x1E04, 0x1E04, 0x1E04, 0x1E04, 0x1E04, 0x1E04, 0x1E04, 0x1E04, 
  0x1E04, 0x1E04, 0x1E04, 0x1E04, 0x1E04, 0x1E04, 0x1E04, 0x1E04, 0x1E04, 0x1E04, 0x1E04, 0x1E04, 0x1E04, 0x1E04, 0x1E04, 0x1E04, 
  0x1E04, 0x1E04, 0x1E04, 0x1E04, 0x1E04, 0x1E04, 0x1E04, 0x1E04, 0x1E04, 0x1E04, 0x1E04, 0x1E04, 0x1E04, 0x1E04, 0x1E04, 0x3E04, 
  0x1E04, 0x1E04, 0x1E04, 0x1E04, 0x1E04, 0x1E04, 0x1E04, 0x1E04, 0x1E04, 0x1E04, 0x1E04, 0x1E04, 0x1E04, 0x1E04, 0x1E04, 0x1E04, 
  0x1E04, 0x1E04, 0x1E04, 0x1E04, 0x1E04, 0x1E04, 0x1E04, 0x1E04, 0x1E04, 0x1E04, 0x1E04, 0x1E04, 0x1E04, 0x1E04, 0x1E04, 0x1E04, 
  0x1E04, 0x1E04, 0x1E04, 0x1E04, 0x3E04, 0xFE0B, 0xBD74, 0xDFFF, 0xB9BB, 0x0CA0, 0x2CA8, 0x2BB0, 0x8C98, 0x6CA0, 0x0BB8, 0x2BA0, 
  0x0B98, 0x0AA0, 0x2B98, 0x0BA0, 0xACA8, 0xAB98, 0x2BA0, 0x8CA8, 0x6CA0, 0x6B88, 0x4B98, 0x0BA0, 0x4CB0, 0x4B98, 0x0CA8, 0x4BA0, 
  0x6BA8, 0x0AA8, 0x0FA9, 0xF9C2, 0xD0B0, 0xAFD8, 0xCB90, 0x6A90, 0x0BB0, 0x4B90, 0x8A80, 0x6A80, 0x6A90, 0xEB78, 0xCD78, 0xAC98, 
  0xAEA0, 0xAB88, 0x4888, 0x6A70, 0x0B90, 0x0F91, 0xD7AA, 0xD399, 0xB4A1, 0xBDA3, 0x1ECE, 0xBCAC, 0x7D9B, 0x5FA3, 0x9EA3, 0xBDA3, 
  0x7E9B, 0x5E93, 0xFF82, 0xFF72, 0x1D9B, 0xCE98, 0x4CA0, 0x3BC3, 0x1FB4, 0xBFA3, 0x9FAB, 0xBFB3, 0xDFB3, 0xFFBB, 0xFFB3, 0xDFAB, 
  0x9FA3, 0x3F8B, 0xBE72, 0x9E62, 0xFE72, 0xDD8B, 0x1DAD, 0xFECD, 0x9FDE, 0x3FE7, 0xFFE6, 0x9DA4, 0xBE83, 0x9E8B, 0x9D83, 0x5E83, 
  0x9E8B, 0xBF8B, 0xFF8B, 0xFE93, 0xFE93, 0xFE93, 0x5E7B, 0xFE6A, 0xBE6A, 0xBF6A, 0x1F73, 0x1F83, 0xDF7A, 0x1F73, 0xFF72, 0xFF72, 
  0xFF72, 0xFE7A, 0x3E83, 0xBF72, 0x9E8B, 0xBDB4, 0x9EA3, 0x1FC4, 0x5299, 0x2B88, 0x4BA8, 0x6BA0, 0xCB78, 0xCC70, 0x4B80, 0xCC80, 
  0x2B90, 0x6B80, 0x6A98, 0xABA0, 0xAB78, 0x8980, 0x6B90, 0x4B90, 0x2AA0, 0x8B90, 0xAC98, 0x8B80, 0x0A90, 0xB4A9, 0x9FA3, 0xDF72, 
  0xFF72, 0xFF82, 0xFFB3, 0xDD72, 0x7EBD, 0xBFFF, 0x5D7B, 0x9FA3, 0xFFC3, 0x1D8B, 0x3ECE, 0xFFFF, 0x3EB5, 0x1E83, 0x1FC4, 0xBFAB, 
  0x9E6A, 0x1DAD, 0xFFFF, 0xFFFF, 0xDEAE, 0xFC03, 0x3D04, 0x1E04, 0x1E04, 0x1E04, 0x1E04, 0x1E04, 0x1E04, 0x1E04, 0x1E04, 0x1E04, 
  0x1E04, 0x1E04, 0x1E04, 0x1E04, 0x1E04, 0x1E04, 0x1E04, 0x1E04, 0x1E04, 0x1E04, 0x1E04, 0x1E04, 0x1E04, 0x1E04, 0x1E04, 0x1E04, 
  0x1E04, 0x1E04, 0x1E04, 0x1E04, 0x1E04, 0x1E04, 0x1E04, 0x1E04, 0x1E04, 0x1E04, 0x1E04, 0x1E04, 0x1E04, 0x1E04, 0x1E04, 0x3E04, 
  0x1E04, 0x1E04, 0x1E04, 0x1E04, 0x1E04, 0x1E04, 0x1E04, 0x1E04, 0x1E04, 0x1E04, 0x1E04, 0x1E04, 0x1E04, 0x1E04, 0x1E04, 0x1E04, 
  0x1E04, 0x1E04, 0x1E04, 0x1E04, 0x1E04, 0x1E04, 0x1E04, 0x1E04, 0x1E04, 0x1E04, 0x1E04, 0x1E04, 0x1E04, 0x1E04, 0x1E04, 0x1E04, 
  0x1E04, 0x1E04, 0x1E04, 0x1E04, 0x3E04, 0xBD13, 0x1EBE, 0x5FEF, 0x73A9, 0x0CC0, 0x2CA0, 0x2B98, 0x0B90, 0x0A90, 0x0AB0, 0x0CB0, 
  0x2CA0, 0x2CC0, 0x2B98, 0x2BA0, 0x0BB0, 0x2BB0, 0x0AA8, 0x6A98, 0x6CA8, 0x2BB8, 0x0BA8, 0x0BA8, 0x4B88, 0x0A69, 0xEB80, 0x0AA8, 
  0x2BB0, 0x4B98, 0x6EB0, 0x6CA8, 0x2CB8, 0x2CC0, 0x6AA8, 0x6C90, 0x2BA8, 0x6BA0, 0x4AA8, 0x8A98, 0x8B88, 0x8B90, 0x2A90, 0x2988, 
  0x8C88, 0x3191, 0xB4A1, 0x98A2, 0x5DC3, 0x9ECB, 0xB2A1, 0x149A, 0x9EA3, 0xDDC5, 0x9DB4, 0x5FAB, 0x9EAB, 0x1DBD, 0x9EDE, 0x5EEF, 
  0xFEE6, 0x3DC5, 0x9D9B, 0x1F83, 0xFE72, 0x1B9B, 0xCFA0, 0x11B1, 0x9EBB, 0xDFAB, 0xBFB3, 0xFFB3, 0xDFBB, 0x7DB3, 0x3BB3, 0x3BB3, 
  0x5BA3, 0x5CB3, 0xBFBB, 0xDFAB, 0x7F93, 0xFF82, 0x9E72, 0x9E6A, 0x1E7B, 0x1E8B, 0x3D8B, 0xFD7A, 0x9F72, 0xBF72, 0xDF6A, 0xBF72, 
  0xBF72, 0xBF72, 0xBE6A, 0xBE6A, 0xBF72, 0xBF72, 0xDF7A, 0xDF7A, 0xFF7A, 0xFF7A, 0xFE72, 0xDF72, 0xDF72, 0xFF72, 0xFF7A, 0xFF72, 
  0xFF72, 0xFF72, 0xFF72, 0xFF72, 0x1F7B, 0x1E8B, 0xFFB3, 0x9EB3, 0xAD98, 0x4B90, 0x4CA8, 0x6CB0, 0x4B98, 0x8B90, 0xEA70, 0x6B98, 
  0x2B98, 0xEA80, 0x8A90, 0xE980, 0x6961, 0xCC78, 0x8CA0, 0x2979, 0x6988, 0x2C80, 0xAB80, 0xCA70, 0x6988, 0x4C78, 0x3CA3, 0x1F83, 
  0xFE72, 0xDF72, 0x9F9B, 0xBFA3, 0xBD72, 0xFECD, 0x1C8C, 0x1E8B, 0xFFC3, 0x5FA3, 0x7DA4, 0xFFFF, 0x7ED6, 0xDD7A, 0xFFB3, 0xDFB3, 
  0xBE72, 0x9E9C, 0xFFFF, 0xFFFF, 0x5FC7, 0xFD0B, 0x1E04, 0x1D04, 0x1E04, 0x1E04, 0x1E04, 0x1E04, 0x1E04, 0x1E04, 0x1E04, 0x1E04, 
  0x1E04, 0x1E04, 0x1E04, 0x1E04, 0x1E04, 0x1E04, 0x1E04, 0x1E04, 0x1E04, 0x1E04, 0x1E04, 0x1E04, 0x1E04, 0x1E04, 0x1E04, 0x1E04, 
  0x1E04, 0x1E04, 0x1E04, 0x1E04, 0x1E04, 0x1E04, 0x1E04, 0x1E04, 0x1E04, 0x1E04, 0x1E04, 0x1E04, 0x1E04, 0x1E04, 0x1E04, 0x3E04, 
  0x1E04, 0x1E04, 0x1E04, 0x1E04, 0x1E04, 0x1E04, 0x1E04, 0x1E04, 0x1E04, 0x1E04, 0x1E04, 0x1E04, 0x1E04, 0x1E04, 0x1E04, 0x1E04, 
  0x1E04, 0x1E04, 0x1E04, 0x1E04, 0x1E04, 0x1E04, 0x1E04, 0x1E04, 0x1E04, 0x1E04, 0x1E04, 0x1E04, 0x1E04, 0x1E04, 0x1E04, 0x1E04, 
  0x1E04, 0x1E04, 0x1E04, 0x3D04, 0xFD03, 0x1D44, 0x7FEF, 0x3CCD, 0x2EA0, 0x0BA8, 0x2B90, 0x0BA0, 0x2CC0, 0x4DB0, 0x0BA8, 0x2BA8, 
  0x2AA8, 0x2CB0, 0x4CA8, 0x4B90, 0x4B88, 0x4C98, 0x2BA0, 0x4BA0, 0x2BB0, 0x2BA8, 0x4B98, 0x2CB0, 0x6B98, 0x8B78, 0xEA88, 0xCA90, 
  0xAA80, 0xCB80, 0x2CA0, 0x2C98, 0x2C98, 0x6BA8, 0x4B90, 0x6B88, 0x4BA0, 0x6CA0, 0x8C90, 0x6B88, 0x8B88, 0xED90, 0xD5B1, 0x399B, 
  0xDDAB, 0xDEC3, 0xDFBB, 0x5DB3, 0x16AA, 0xD0A8, 0xF6A9, 0x9FB3, 0x9CAC, 0xBEC5, 0x7EA3, 0xBEA3, 0x9ECD, 0xFFFF, 0xFFFF, 0xFFFF, 
  0xFFFF, 0xFFFF, 0x5DDE, 0xBD93, 0xFF7A, 0x1F83, 0x9AB2, 0x0BA0, 0x32A9, 0xBFBB, 0x1FB4, 0x1CB3, 0x9291, 0x4D61, 0x8B78, 0x4B70, 
  0xCC68, 0x8C69, 0xAC81, 0x72A1, 0x79BA, 0x3CB3, 0x7DAB, 0x5E9B, 0x5F8B, 0x5F93, 0x7F9B, 0x9FA3, 0xBFAB, 0x7FA3, 0x3F8B, 0x3F8B, 
  0x3E83, 0x1E83, 0x5F93, 0xBFA3, 0xDFAB, 0xDFAB, 0xBFAB, 0xBFAB, 0xDFAB, 0xBFAB, 0xBFAB, 0x9FA3, 0x7F9B, 0x9F9B, 0x1F83, 0xDF72, 
  0x1F7B, 0xFF7A, 0xFF7A, 0xFF72, 0xDF72, 0x7F9B, 0x1FBC, 0xDBBA, 0x0BA0, 0x2BB0, 0x6B90, 0x6A90, 0x4B98, 0x8B88, 0x8B90, 0x4BA8, 
  0x2BA8, 0x2BA8, 0x4BB0, 0x0A71, 0xEA70, 0x4BA0, 0x8C88, 0xA988, 0xAA90, 0x4A61, 0x8C80, 0x0B69, 0xAB98, 0x0AA0, 0xD499, 0x9FA3, 
  0xDF72, 0xFF72, 0x1F83, 0xFFBB, 0x1F8B, 0x5E7B, 0xDEA4, 0xFE82, 0xBFB3, 0xDFB3, 0x3D83, 0x3FEF, 0xBFFF, 0x5D83, 0x9F9B, 0xDFB3, 
  0xDE72, 0xFE8B, 0xDFFF, 0xFFFF, 0x1FD7, 0x1D1C, 0x1D04, 0x1E04, 0x1E04, 0x1E04, 0x1E04, 0x1E04, 0x1E04, 0x1E04, 0x1E04, 0x1E04, 
  0x1E04, 0x1E04, 0x1E04, 0x1E04, 0x1E04, 0x1E04, 0x1E04, 0x1E04, 0x1E04, 0x1E04, 0x1E04, 0x1E04, 0x1E04, 0x1E04, 0x1E04, 0x1E04, 
  0x1E04, 0x1E04, 0x1E04, 0x1E04, 0x1E04, 0x1E04, 0x1E04, 0x1E04, 0x1E04, 0x1E04, 0x1E04, 0x1E04, 0x1E04, 0x1E04, 0x1E04, 0x3E04, 
  0x1E04, 0x1E04, 0x1E04, 0x1E04, 0x1E04, 0x1E04, 0x1E04, 0x1E04, 0x1E04, 0x1E04, 0x1E04, 0x1E04, 0x1E04, 0x1E04, 0x1E04, 0x1E04, 
  0x1E04, 0x1E04, 0x1E04, 0x1E04, 0x1E04, 0x1E04, 0x1E04, 0x1E04, 0x1E04, 0x1E04, 0x1E04, 0x1E04, 0x1E04, 0x1E04, 0x1E04, 0x1E04, 
  0x1E04, 0x1E04, 0x1E04, 0x3E04, 0xFD0B, 0x5E95, 0xBFFF, 0x75AA, 0x2A90, 0x4AA0, 0x8B88, 0x4B90, 0x6B98, 0x8B90, 0x4C98, 0x4B88, 
  0x6DA0, 0x4C98, 0x2CA8, 0x2BA8, 0x2AA0, 0x2BA0, 0x2C98, 0x4CA0, 0x6B98, 0xCB78, 0x8B90, 0x2BA8, 0x4CA0, 0x2A98, 0x0BA8, 0xCA80, 
  0xEA70, 0xCC80, 0x4C98, 0x2BA0, 0x4BA0, 0x4BA8, 0x6B80, 0x6B88, 0x4CA8, 0x8DA8, 0x8A88, 0xEA68, 0xB089, 0xD8A2, 0xD9AA, 0xF7B1, 
  0x74A9, 0x12A1, 0xB0A8, 0x12A9, 0xB5A9, 0x1BBB, 0xDFA3, 0x5D9B, 0x3DCE, 0x5DAC, 0x9EAB, 0x3DC5, 0xFFFF, 0xFEFF, 0xDFFF, 0xFFFF, 
  0xDFFF, 0xDFFF, 0xFFFF, 0xDDC5, 0x5E93, 0xDF7A, 0x3E93, 0x1091, 0x0980, 0x3299, 0xF5A9, 0x6C90, 0x4A80, 0x2759, 0x0D89, 0x58A2, 
  0x1CA3, 0x1C93, 0x19A3, 0xB3A1, 0x0C98, 0xCA70, 0xEC78, 0x5099, 0xD591, 0x988A, 0xFC92, 0x3F8B, 0x9F9B, 0xFFA3, 0xFEBB, 0xFFBB, 
  0xFFBB, 0xDFB3, 0xDFBB, 0xDFBB, 0xDFBB, 0xDFBB, 0xDFBB, 0xDFBB, 0xDFBB, 0xFFBB, 0xFFB3, 0x9FA3, 0x5F93, 0x1E83, 0xFF7A, 0xFF72, 
  0xFF72, 0xFF72, 0xFF72, 0xDF72, 0x1E8B, 0xDFB3, 0xFFBB, 0x15AA, 0x0A98, 0x2BA0, 0x2BA8, 0x8988, 0xEA78, 0x0A98, 0x2AA0, 0x6BA0, 
  0x6CB0, 0x2BA0, 0x2BA8, 0x8B98, 0xAC88, 0xAA88, 0xCB68, 0x8B98, 0x6AA0, 0xAA90, 0x2B98, 0x6C88, 0xADA0, 0x0CB8, 0x4C98, 0x3CAB, 
  0x3E7B, 0xDF72, 0xDF7A, 0x7FA3, 0xDFAB, 0xFE82, 0x1E73, 0xFE7A, 0xBFAB, 0x1FBC, 0x1E93, 0x5DB5, 0xFFFF, 0x3D94, 0x1E8B, 0xDFBB, 
  0xFF7A, 0x5E7B, 0x7FF7, 0xFFFF, 0x5FEF, 0x1D3C, 0x1D04, 0x1E04, 0x1E04, 0x1E04, 0x1E04, 0x1E04, 0x1E04, 0x1E04, 0x1E04, 0x1E04, 
  0x1E04, 0x1E04, 0x1E04, 0x1E04, 0x1E04, 0x1E04, 0x1E04, 0x1E04, 0x1E04, 0x1E04, 0x1E04, 0x1E04, 0x1E04, 0x1E04, 0x1E04, 0x1E04, 
  0x1E04, 0x1E04, 0x1E04, 0x1E04, 0x1E04, 0x1E04, 0x1E04, 0x1E04, 0x1E04, 0x1E04, 0x1E04, 0x1E04, 0x1E04, 0x1E04, 0x1E04, 0x3E04, 
  0x1E04, 0x1E04, 0x1E04, 0x1E04, 0x1E04, 0x1E04, 0x1E04, 0x1E04, 0x1E04, 0x1E04, 0x1E04, 0x1E04, 0x1E04, 0x1E04, 0x1E04, 0x1E04, 
  0x1E04, 0x1E04, 0x1E04, 0x1E04, 0x1E04, 0x1E04, 0x1E04, 0x1E04, 0x1E04, 0x1E04, 0x1E04, 0x1E04, 0x1E04, 0x1E04, 0x1E04, 0x1E04, 
  0x1E04, 0x1E04, 0x1E04, 0x1E04, 0x1D2C, 0x1EDF, 0x1EE6, 0x6FA0, 0x4BA8, 0x6BA0, 0x2BA8, 0x6A90, 0xAA88, 0x8A90, 0xCB78, 0x2B90, 
  0x8EA0, 0x6C90, 0x4C80, 0x4BB8, 0x2BB0, 0x2BA0, 0x2CB0, 0x2CB8, 0x6B90, 0xAB80, 0x2BA0, 0x2BB0, 0x2B98, 0x2BA0, 0x2CA0, 0x2C90, 
  0x6990, 0xCA78, 0x4CA0, 0x0AA8, 0x0AB0, 0x2CA8, 0x6C88, 0x2B98, 0x4BA8, 0x8BA0, 0x8998, 0xC788, 0xE980, 0xAC70, 0x8E90, 0x70A0, 
  0x32A1, 0x18A2, 0x7BA2, 0x3DA3, 0x7F93, 0x1F7B, 0x5F93, 0x7EAC, 0xFDD5, 0x9EA3, 0xFEAB, 0x5EF7, 0xFFFF, 0xFFFF, 0xFFFF, 0xFFFF, 
  0xFFFF, 0xFFFF, 0xFEFF, 0xDFF7, 0x1DAC, 0xFF82, 0x1F7B, 0xDAA2, 0x8B80, 0x4B80, 0x2A90, 0x6C88, 0x4C88, 0xED90, 0x3DB3, 0x9E9B, 
  0xBEA4, 0xDEAC, 0x7E93, 0xDFAB, 0xB8B2, 0xAA78, 0xAB70, 0xCB70, 0x6988, 0x8A90, 0x0FA9, 0xB4A1, 0x3AA2, 0xDE9A, 0x5F8B, 0x9F9B, 
  0xDFAB, 0xDFB3, 0xDFB3, 0xDFAB, 0xDFB3, 0xDFBB, 0xDFBB, 0xDFB3, 0xDFBB, 0xBFAB, 0xFE82, 0xDF72, 0xDF72, 0xFF72, 0xFF72, 0xFF72, 
  0xFF7A, 0xFF72, 0xDF72, 0xFE82, 0xDFB3, 0xDFB3, 0xBFBB, 0x6F71, 0x8A70, 0x8C88, 0x4DB8, 0x4BA0, 0x4B90, 0x0BC0, 0xAA88, 0x0A79, 
  0x4CC0, 0x6CA8, 0x2B90, 0x6B88, 0xAC60, 0x8B78, 0xAC78, 0x8B80, 0x6C90, 0x6B90, 0x2AA0, 0xEA78, 0xAB78, 0x4B98, 0x4A80, 0xF499, 
  0x9F9B, 0xDF72, 0xDF72, 0x1F8B, 0xDFB3, 0x9FA3, 0xDF7A, 0xDF7A, 0xDFA3, 0x1FBC, 0x7FAB, 0xBD8B, 0xFFFF, 0x9EBD, 0xBD72, 0xDFB3, 
  0xFF82, 0xFD72, 0xFEE6, 0xFFFF, 0xBFFF, 0x5C64, 0xFD03, 0x1E04, 0x1E04, 0x1E04, 0x1E04, 0x1E04, 0x1E04, 0x1E04, 0x1E04, 0x1E04, 
  0x1E04, 0x1E04, 0x1E04, 0x1E04, 0x1E04, 0x1E04, 0x1E04, 0x1E04, 0x1E04, 0x1E04, 0x1E04, 0x1E04, 0x1E04, 0x1E04, 0x1E04, 0x1E04, 
  0x1E04, 0x1E04, 0x1E04, 0x1E04, 0x1E04, 0x1E04, 0x1E04, 0x1E04, 0x1E04, 0x1E04, 0x1E04, 0x1E04, 0x1E04, 0x1E04, 0x1E04, 0x3E04, 
  0x1E04, 0x1E04, 0x1E04, 0x1E04, 0x1E04, 0x1E04, 0x1E04, 0x1E04, 0x1E04, 0x1E04, 0x1E04, 0x1E04, 0x1E04, 0x1E04, 0x1E04, 0x1E04, 
  0x1E04, 0x1E04, 0x1E04, 0x1E04, 0x1E04, 0x1E04, 0x1E04, 0x1E04, 0x1E04, 0x1E04, 0x1E04, 0x1E04, 0x1E04, 0x1E04, 0x1E04, 0x1E04, 
  0x1E04, 0x3E04, 0x3E04, 0xFD03, 0xBD6C, 0xFFFF, 0x57B3, 0x0CB0, 0x2BA8, 0x4BA0, 0x0BB0, 0x0AA8, 0x6BA8, 0xAA88, 0x8CA0, 0x6CA8, 
  0x6A80, 0x4B90, 0x4B90, 0x4BA0, 0x2B98, 0x0CA8, 0x2BA0, 0x0AA8, 0x2BB8, 0x4CA0, 0x2CA8, 0x2CB0, 0x2BA8, 0x2CB0, 0x4B90, 0x6BA0, 
  0x4A98, 0x4B88, 0x0BA0, 0x4EB0, 0xEE90, 0x0D81, 0x6B88, 0x2C88, 0x4B98, 0x4D98, 0xD1A0, 0x3299, 0x358A, 0xD89A, 0x9DAB, 0x5EAC, 
  0x5EBD, 0xFEC5, 0x9EDE, 0x5EB5, 0xBE62, 0x3F83, 0x7FAB, 0x5DC5, 0x3EC5, 0x5FA3, 0x1EC5, 0xFFFF, 0xFFFF, 0xFFFF, 0xFFFF, 0xFFFF, 
  0xFFFF, 0xFFFF, 0xFFFF, 0xFFFF, 0x5EC5, 0x1E83, 0xFE6A, 0x7F8B, 0x56AA, 0x0B80, 0x0AA0, 0x0AA0, 0x4B80, 0xDAA2, 0x1D94, 0xBEDE, 
  0xFFFF, 0xFFFF, 0x1EE7, 0x7D8B, 0xDFB3, 0xB181, 0x8A68, 0x6C90, 0x4BA8, 0x4DB8, 0x8DB8, 0xCDC0, 0xAFC0, 0xD0B0, 0xB5A1, 0xBB9A, 
  0x5E93, 0x9F9B, 0xBFB3, 0xBFBB, 0xDFB3, 0xBFBB, 0xDFBB, 0xDFB3, 0xDFBB, 0x9FAB, 0xDE7A, 0xFF7A, 0xFF7A, 0xFF7A, 0xFF7A, 0xFF7A, 
  0xFF72, 0xFF72, 0xFE82, 0xBFAB, 0xDFBB, 0xFFBB, 0xFBBA, 0x2B80, 0x8B88, 0x2C98, 0x2EC0, 0x4C90, 0x8B78, 0x6CA0, 0xAA88, 0x8A80, 
  0x2BA8, 0x6C98, 0xEB70, 0x4B69, 0x8C78, 0x4BA8, 0x6BB0, 0x2B88, 0x4B98, 0x4B90, 0x8B88, 0x6C90, 0x0CA0, 0x4C98, 0xAB88, 0x6C88, 
  0x1CB3, 0x1F7B, 0xFF7A, 0x1E73, 0x9FA3, 0x1FBC, 0xBFA3, 0xDF82, 0xDFAB, 0xFFBB, 0xDFB3, 0xDD7A, 0x7FDE, 0x1FE7, 0xDD72, 0x9F9B, 
  0x3F83, 0xBD6A, 0x9ED6, 0xFFFF, 0xFFFF, 0x1D8D, 0xDE0B, 0x3E04, 0x1E04, 0x1E04, 0x1E04, 0x1E04, 0x1E04, 0x1E04, 0x1E04, 0x1E04, 
  0x1E04, 0x1E04, 0x1E04, 0x1E04, 0x1E04, 0x1E04, 0x1E04, 0x1E04, 0x1E04, 0x1E04, 0x1E04, 0x1E04, 0x1E04, 0x1E04, 0x1E04, 0x1E04, 
  0x1E04, 0x1E04, 0x1E04, 0x1E04, 0x1E04, 0x1E04, 0x1E04, 0x1E04, 0x1E04, 0x1E04, 0x1E04, 0x1E04, 0x1E04, 0x1E04, 0x1E04, 0x3E04, 
  0x1E04, 0x1E04, 0x1E04, 0x1E04, 0x1E04, 0x1E04, 0x1E04, 0x1E04, 0x1E04, 0x1E04, 0x1E04, 0x1E04, 0x1E04, 0x1E04, 0x1E04, 0x1E04, 
  0x1E04, 0x1E04, 0x1E04, 0x1E04, 0x1E04, 0x1E04, 0x1E04, 0x1E04, 0x1E04, 0x1E04, 0x1E04, 0x1E04, 0x1E04, 0x1E04, 0x1E04, 0x1E04, 
  0x1E04, 0x3D04, 0x3E04, 0xDD1B, 0x5EBE, 0xFEF6, 0xF090, 0x2AA0, 0x4BA0, 0x4CA8, 0x4A90, 0x6B98, 0x6B90, 0xAA80, 0x4BA8, 0xCA78, 
  0xAA78, 0x0BA8, 0x0BA8, 0x2BA0, 0x0BA0, 0x4C98, 0x2BA0, 0x0BB8, 0x2CC0, 0x2CA8, 0x2CB0, 0x2BB0, 0x4BA8, 0x0BB0, 0x4A88, 0x4CA0, 
  0x4C98, 0x6A80, 0x168A, 0xFCBB, 0xBCC4, 0x5CAC, 0x3A9B, 0xFAA2, 0x1AA3, 0xBBAB, 0xBDB4, 0x9EBD, 0x5ED6, 0x1FE7, 0xBFF7, 0xFFFF, 
  0xFFFF, 0xFFFF, 0xFFFF, 0x9FD6, 0xDE6A, 0x5F93, 0xBEA3, 0x1ED6, 0x5EAC, 0x7EAB, 0x7EDE, 0xFFFF, 0xFFFF, 0xFFFF, 0xFFFF, 0xFFFF, 
  0xFFFF, 0xFFFF, 0xFFFF, 0xFFFF, 0x7ED6, 0x5E93, 0x1E83, 0xDF72, 0x5F9B, 0x79B2, 0xF0A8, 0x8EA8, 0x56A2, 0xBEA3, 0x7ED6, 0xFFFF, 
  0xDEFF, 0xDFFF, 0xFFFF, 0x9DB4, 0x7FA3, 0xF2A1, 0x0B90, 0x4B98, 0x6B98, 0xA988, 0x8B98, 0x2DB0, 0x4B90, 0x4BB0, 0x0AA0, 0x4D98, 
  0xF198, 0x179A, 0x3DB3, 0xFFB3, 0xFFAB, 0xDFB3, 0xDFB3, 0x9FA3, 0xDFBB, 0x9F9B, 0xDF72, 0xFF7A, 0xFF72, 0xFF72, 0xFF72, 0xFF72, 
  0xFF72, 0xFF7A, 0x9FA3, 0xDFB3, 0xBFB3, 0x1FBC, 0xF599, 0x0C98, 0x2CB0, 0x4B98, 0x6C88, 0x4B88, 0x8B90, 0x2C90, 0x6B80, 0x6C88, 
  0x0CB0, 0x0BB0, 0xA980, 0xA880, 0x6CA0, 0x6CA8, 0xCAA0, 0x8B98, 0x2BA8, 0x2B90, 0x4B98, 0x4BA0, 0x0BB8, 0x2CA8, 0x6CB0, 0x2AA8, 
  0xB4A1, 0x7F93, 0xFE72, 0xDF72, 0x5F93, 0xFFBB, 0xFFBB, 0xBFB3, 0xDFB3, 0xDFBB, 0xFFBB, 0x1F8B, 0x5E9C, 0xDFFF, 0x7D83, 0xFF7A, 
  0x1F83, 0x9E6A, 0xDEC5, 0xFFFF, 0xFFFF, 0xDEBD, 0x9C1B, 0x3D04, 0x1E04, 0x1E04, 0x1E04, 0x1E04, 0x1E04, 0x1E04, 0x1E04, 0x1E04, 
  0x1E04, 0x1E04, 0x1E04, 0x1E04, 0x1E04, 0x1E04, 0x1E04, 0x1E04, 0x1E04, 0x1E04, 0x1E04, 0x1E04, 0x1E04, 0x1E04, 0x1E04, 0x1E04, 
  0x1E04, 0x1E04, 0x1E04, 0x1E04, 0x1E04, 0x1E04, 0x1E04, 0x1E04, 0x1E04, 0x1E04, 0x1E04, 0x1E04, 0x1E04, 0x1E04, 0x1E04, 0x3E04, 
  0x1E04, 0x1E04, 0x1E04, 0x1E04, 0x1E04, 0x1E04, 0x1E04, 0x1E04, 0x1E04, 0x1E04, 0x1E04, 0x1E04, 0x1E04, 0x1E04, 0x1E04, 0x1E04, 
  0x1E04, 0x1E04, 0x1E04, 0x1E04, 0x1E04, 0x1E04, 0x1E04, 0x1E04, 0x1E04, 0x1E04, 0x1E04, 0x1E04, 0x1E04, 0x1D04, 0x1E04, 0x1D04, 
  0x3E04, 0x3E04, 0x1D04, 0x5D54, 0x9FF7, 0x7ACC, 0x0B88, 0x2B98, 0x8BA0, 0x8C98, 0x0A61, 0x6C69, 0xAB90, 0x4A88, 0x4BA0, 0x6B98, 
  0x8CA0, 0x2B98, 0x2CA0, 0x2BB0, 0x2AB0, 0xCA78, 0x8B88, 0x2EC8, 0x2CB0, 0x2BA8, 0x2CA0, 0x2BA0, 0x6B80, 0x2D90, 0x4BA0, 0x4BA8, 
  0x4BA0, 0x7399, 0x7FC5, 0x9FD6, 0x3EB5, 0x9EC5, 0x3FE7, 0x5FEF, 0x7FEF, 0xDFFF, 0xFFFF, 0xFFFF, 0xFFFF, 0xFFFF, 0xFFFF, 0xFEFF, 
  0xFEFF, 0xDFF7, 0xDFFF, 0xDD93, 0x9F72, 0x9FA3, 0x7EB4, 0x3ED6, 0x9EA3, 0xDEAB, 0x7FF7, 0xFFFF, 0xFFFF, 0xFFFF, 0xFFFF, 0xFFFF, 
  0xFFFF, 0xFFFF, 0xFFFF, 0xFFFF, 0xDFDE, 0x9E9B, 0xFE8A, 0x3F83, 0x1E83, 0x5F8B, 0x7FA3, 0x7FAB, 0xBFB3, 0x7DAC, 0xFFFF, 0xFFFF, 
  0xDFFF, 0xFFFF, 0xFFFF, 0x3D9C, 0x9FAB, 0xD089, 0x4B90, 0x6DA8, 0xEB80, 0x0B71, 0xEA70, 0xCB98, 0x8B88, 0x2CB0, 0x2D98, 0x6C80, 
  0xAD88, 0x4B90, 0xAD88, 0x9299, 0xD9B2, 0x9EBB, 0xDFBB, 0xDFAB, 0xFFBB, 0x3E93, 0xFF6A, 0xFF72, 0xFF7A, 0xFF7A, 0xFF7A, 0xFF7A, 
  0xFF72, 0x7F8B, 0xDFAB, 0xBFB3, 0xDFBB, 0xBFBB, 0x578A, 0x56B2, 0x0BA8, 0x2AA8, 0x4B98, 0x2BA0, 0x8B90, 0x8C98, 0xCB98, 0x8B90, 
  0xC980, 0xCA88, 0x6B98, 0x2BA8, 0x6CA0, 0x6DA0, 0x4B98, 0x6DB8, 0x2C98, 0x6B90, 0x2BA0, 0x4C90, 0x6BA0, 0x6CA0, 0x2BB0, 0x4CC0, 
  0x6DA8, 0x3DA3, 0xFF72, 0xDF72, 0xFE82, 0xBFB3, 0xBFB3, 0xDEBB, 0xFFC3, 0xDFB3, 0xDFB3, 0xBFA3, 0xFD72, 0x3FEF, 0xBDA4, 0xBF6A, 
  0xFF7A, 0x9F6A, 0x3FBD, 0xFEFF, 0xFFFF, 0xDFDE, 0xDC43, 0x3E0C, 0x1E04, 0x1E04, 0x1E04, 0x1E04, 0x1D04, 0x1D04, 0x1E04, 0x1E04, 
  0x1E04, 0x1E04, 0x1E04, 0x1E04, 0x1E04, 0x1E04, 0x1E04, 0x1E04, 0x1E04, 0x1E04, 0x1E04, 0x1E04, 0x1E04, 0x1E04, 0x1E04, 0x1E04, 
  0x1E04, 0x1E04, 0x1E04, 0x1E04, 0x1E04, 0x1E04, 0x1E04, 0x1E04, 0x1E04, 0x1E04, 0x1E04, 0x1E04, 0x1E04, 0x1E04, 0x1E04, 0x3E04, 
  0x1E04, 0x1E04, 0x1E04, 0x1E04, 0x1E04, 0x1E04, 0x1E04, 0x1E04, 0x1E04, 0x1E04, 0x1E04, 0x1E04, 0x1E04, 0x1E04, 0x1E04, 0x1E04, 
  0x1E04, 0x1E04, 0x1E04, 0x1E04, 0x1E04, 0x1E04, 0x1E04, 0x1E04, 0x1E04, 0x1E04, 0x1E04, 0x1E04, 0x1E04, 0x3D04, 0x1E04, 0x1D04, 
  0x1E04, 0x3E04, 0xBD0B, 0xBD95, 0x9FFF, 0xB3A9, 0x2B90, 0x2BA0, 0xCB98, 0xCC78, 0xCA70, 0xCB78, 0x8A90, 0x6A80, 0x4AA0, 0x4CC0, 
  0x4CA8, 0x6B88, 0x4B90, 0x4AA0, 0x0BB8, 0x4AA0, 0x8BA0, 0x4DB8, 0x4B98, 0x8980, 0x2A79, 0x8CA8, 0x2C88, 0x6D70, 0xAC88, 0x8AA0, 
  0xCEA8, 0x78A2, 0x1FEF, 0x9C83, 0x5E62, 0x1C7B, 0x9EDE, 0xFFFF, 0xFFFF, 0xDFFF, 0xFFFF, 0xFFFF, 0xFFFF, 0xFFFF, 0xFFFF, 0xFFFF, 
  0xFFFF, 0xFFFF, 0x3EEF, 0xFD72, 0x1F7B, 0x7EA3, 0xBDCD, 0x3EBD, 0x5EA3, 0xBDB4, 0xFFFF, 0xDFFF, 0xFFFF, 0xFFFF, 0xFFFF, 0xFFFF, 
  0xFFFF, 0xFFFF, 0xFFFF, 0xFFFF, 0x1FE7, 0xBE9B, 0x1F83, 0xFF72, 0x9F9B, 0x9E9B, 0x3E93, 0x1E83, 0x1E83, 0x3E8B, 0x3DBD, 0xFFFF, 
  0xFFFF, 0xFFFF, 0x3EEF, 0xBD93, 0x9DBB, 0xCE80, 0x4A98, 0x2B98, 0x4C88, 0xAB80, 0x6A88, 0x4A98, 0x6CA8, 0x2AA8, 0x2BA0, 0xEC90, 
  0xF4C1, 0x8FA8, 0x2990, 0x2BA8, 0x2B88, 0xD6A1, 0xFFC3, 0xFEB3, 0xFFB3, 0xFF7A, 0xFF72, 0xFF72, 0xFF7A, 0xFF7A, 0xFF72, 0xFF72, 
  0xFE82, 0xDFB3, 0xDFAB, 0xBFB3, 0xDFBB, 0xDEBB, 0xFFC3, 0x5AB3, 0x4C90, 0x4B98, 0x4B98, 0x2CB0, 0x4BB0, 0x8A88, 0xAA88, 0x4BA8, 
  0x0A89, 0xEB90, 0xCC98, 0x6C80, 0x2CA0, 0x8988, 0x4B88, 0x2BA8, 0x4DA8, 0x6DA0, 0x6B98, 0x4BA0, 0x4BB0, 0x4B98, 0x0BA0, 0x8C98, 
  0x0AB0, 0xF6A9, 0x7F8B, 0xDF72, 0xDF72, 0x5F9B, 0xDFB3, 0xDFBB, 0xBFBB, 0xDFAB, 0xBFB3, 0xFFB3, 0xBE72, 0x7DBD, 0xFECD, 0xBE6A, 
  0xFF7A, 0x9F6A, 0x7EA4, 0xFFFF, 0xFFFF, 0xBFF7, 0x3C6C, 0xFE13, 0x3E04, 0x1E04, 0x1E04, 0x1E04, 0x3D04, 0x1D04, 0x1E04, 0x1E04, 
  0x1E04, 0x1E04, 0x1E04, 0x1E04, 0x1E04, 0x1E04, 0x1E04, 0x1E04, 0x1E04, 0x1E04, 0x1E04, 0x1E04, 0x1E04, 0x1E04, 0x1E04, 0x1E04, 
  0x1E04, 0x1E04, 0x1E04, 0x1E04, 0x1E04, 0x1E04, 0x1E04, 0x1E04, 0x1E04, 0x1E04, 0x1E04, 0x1E04, 0x1E04, 0x1E04, 0x1E04, 0x3E04, 
  0x1E04, 0x1E04, 0x1E04, 0x1E04, 0x1E04, 0x1E04, 0x1E04, 0x1E04, 0x1E04, 0x1E04, 0x1E04, 0x1E04, 0x1E04, 0x1E04, 0x1E04, 0x1E04, 
  0x1E04, 0x1E04, 0x1E04, 0x1E04, 0x1E04, 0x1E04, 0x1E04, 0x1E04, 0x1E04, 0x1E04, 0x1E04, 0x1E04, 0x1E04, 0x1D04, 0x3E04, 0x3E04, 
  0x1D0C, 0x1C04, 0xFD33, 0x9FE7, 0x9CD5, 0x0C90, 0x2AB0, 0x2BB0, 0xEA70, 0xEC68, 0x0B61, 0x4B61, 0x6B90, 0x4BA0, 0x4BA8, 0x2BB0, 
  0x2A90, 0x2B90, 0x4CB0, 0x4BA8, 0x2BB8, 0x8B88, 0x6B98, 0x4BA0, 0x6BB0, 0x4BA0, 0xCB78, 0xAB78, 0x4C90, 0x4C88, 0x4B90, 0x4B98, 
  0x2B90, 0x18AB, 0x1FE7, 0x1D73, 0xFF7A, 0x1E7B, 0xDE72, 0x9D83, 0x3DCE, 0xFFFF, 0xFFFF, 0xFFFF, 0xFFFF, 0xFFFF, 0xFFFF, 0xFFFF, 
  0xDFFF, 0xFFFF, 0x5DB5, 0xBD6A, 0x9F9B, 0x1EAC, 0x7EDE, 0xBD93, 0x9EAB, 0xFCB4, 0xFFFF, 0xDFFF, 0xDFFF, 0xFFFF, 0xFFFF, 0xFFFF, 
  0xFFFF, 0xFFFF, 0xFFFF, 0xFFFF, 0x1FEF, 0xBDA3, 0x3F93, 0x1E73, 0x1E73, 0x5F8B, 0xDFAB, 0xFFB3, 0x9EA3, 0x1F8B, 0x9E72, 0xFC93, 
  0x1FEF, 0xFFFF, 0xBDD6, 0xBDA3, 0xBAB2, 0x2EA8, 0x4BB8, 0x2C90, 0x6D90, 0x6CB0, 0x4CB0, 0x2BB0, 0x2CB0, 0x2BA0, 0x0A98, 0x8B90, 
  0x0BA8, 0x0BA8, 0x2AA8, 0x6B98, 0x6C90, 0x8B80, 0x3CB3, 0x1FBC, 0x5F93, 0xDF72, 0xFF72, 0xFF7A, 0xFF7A, 0xFF7A, 0xFF7A, 0xDF72, 
  0x5F9B, 0xBFBB, 0xBFB3, 0xDFB3, 0xDFB3, 0xDEBB, 0x1FBC, 0x79BA, 0x2DA0, 0x6B98, 0x8B90, 0x6CA0, 0x8A90, 0x6AA0, 0x0B98, 0x4C98, 
  0x6DB0, 0x0BA0, 0xEA80, 0x0B69, 0x6C88, 0xABA0, 0x8B80, 0x8C78, 0x6B98, 0x8C90, 0x8C88, 0x6B88, 0x6B90, 0x4BA0, 0x4B98, 0xCB80, 
  0x8B90, 0xAEA8, 0x5EA3, 0xFF7A, 0xDE72, 0x1F83, 0xFFAB, 0xDFB3, 0xBFB3, 0xBFB3, 0xDFBB, 0xFFB3, 0x3F8B, 0x9D8B, 0x5FD6, 0xFE72, 
  0xFF7A, 0xBF72, 0xBD8B, 0xDFFF, 0xFFFF, 0xFFFF, 0x1E9D, 0xFE1B, 0x3D04, 0x3D04, 0x1D04, 0x1E04, 0x1E04, 0x1E04, 0x1E04, 0x1E04, 
  0x1E04, 0x1E04, 0x1E04, 0x1E04, 0x1E04, 0x1E04, 0x1E04, 0x1E04, 0x1E04, 0x1E04, 0x1E04, 0x1E04, 0x1E04, 0x1E04, 0x1E04, 0x1E04, 
  0x1E04, 0x1E04, 0x1E04, 0x1E04, 0x1E04, 0x1E04, 0x1E04, 0x1E04, 0x1E04, 0x1E04, 0x1E04, 0x1E04, 0x1E04, 0x1E04, 0x1E04, 0x3E04, 
  0x1E04, 0x1E04, 0x1E04, 0x1E04, 0x1E04, 0x1E04, 0x1E04, 0x1E04, 0x1E04, 0x1E04, 0x1E04, 0x1E04, 0x1E04, 0x1E04, 0x1E04, 0x1E04, 
  0x1E04, 0x1E04, 0x1E04, 0x1E04, 0x1E04, 0x1E04, 0x1E04, 0x1E04, 0x1E04, 0x1E04, 0x1E04, 0x1E04, 0x1E04, 0x1D04, 0x3D04, 0x1E04, 
  0x3E04, 0xDD03, 0x9D85, 0xFFFF, 0x75AA, 0x2A90, 0x6AA8, 0x2BA8, 0x2A88, 0x4B90, 0x8A90, 0x8B88, 0x4BB0, 0x6BA0, 0x2CB8, 0x2CC8, 
  0x6CA0, 0x6EB8, 0x8EB0, 0x4C98, 0x2AA8, 0x8A80, 0x2BA0, 0x8A80, 0xAA78, 0x6DA8, 0x4C98, 0x2CA8, 0x2C98, 0x4B90, 0x4B90, 0x2B98, 
  0x0B98, 0xB7B2, 0x7FF7, 0x5D7B, 0xDF72, 0xFF7A, 0xFF7A, 0xDF72, 0xBD6A, 0x7ED6, 0xFFFF, 0xFFFF, 0xFFFF, 0xFFFF, 0xFFFF, 0xFFFF, 
  0xFFFF, 0xBFE6, 0xDD72, 0x5F93, 0xDDAB, 0x9EDE, 0x9DAC, 0x7FAB, 0xFFBB, 0xDFAB, 0x3EDE, 0xFFFF, 0xFFFF, 0xFFFF, 0xFFFF, 0xFFFF, 
  0xFEFF, 0xFFFF, 0xFFFF, 0xFFFF, 0xBFF7, 0x3CAC, 0x5F93, 0x5E83, 0x1F83, 0xDF72, 0xFF72, 0x1F8B, 0x9FB3, 0xFFB3, 0xBFA3, 0x1E83, 
  0xFD7A, 0x5ED6, 0xDFF7, 0xFEAB, 0x3DBB, 0x6EA0, 0x4BA8, 0x2CA8, 0x8DC8, 0xCDC0, 0x4A98, 0x6B88, 0x4CA0, 0x2CB0, 0x0BA8, 0x6C98, 
  0x2CA8, 0x2BC0, 0x6AA0, 0xCA80, 0xAB90, 0x6B90, 0x1CB3, 0xFFAB, 0xFE7A, 0xFF72, 0xFF72, 0xFF72, 0xFF72, 0xFF72, 0xFF7A, 0xFE7A, 
  0xBFA3, 0xDFBB, 0xDFB3, 0xDFB3, 0xBFAB, 0xBFB3, 0xFFBB, 0x32B1, 0x0BA8, 0x4DB8, 0x4AA0, 0xAA80, 0x4A61, 0xAA98, 0x2CA8, 0x6A80, 
  0xCB80, 0xAB80, 0x8B90, 0xCA88, 0xCC78, 0x8EC0, 0xCC90, 0x2C90, 0x2A98, 0x4B90, 0x4CA0, 0xCB80, 0x8B80, 0x4A98, 0x4BA0, 0x4BA0, 
  0x4B98, 0x8980, 0x979A, 0x3F8B, 0xFF72, 0xFF72, 0xBFA3, 0xDFB3, 0xBFBB, 0xDFBB, 0xFFB3, 0xFFBB, 0xBFAB, 0x9E72, 0xBEC5, 0xDD8B, 
  0xDF72, 0xFF7A, 0x1D73, 0x1FE7, 0xFFFF, 0xFFFF, 0x3ECE, 0xDD33, 0x3D04, 0x1D04, 0x1D04, 0x1D04, 0x1E04, 0x1E04, 0x1E04, 0x1E04, 
  0x1E04, 0x1E04, 0x1E04, 0x1E04, 0x1E04, 0x1E04, 0x1E04, 0x1E04, 0x1E04, 0x1E04, 0x1E04, 0x1E04, 0x1E04, 0x1E04, 0x1E04, 0x1E04, 
  0x1E04, 0x1E04, 0x1E04, 0x1E04, 0x1E04, 0x1E04, 0x1E04, 0x1E04, 0x1E04, 0x1E04, 0x1E04, 0x1E04, 0x1E04, 0x1E04, 0x1E04, 0x3E04, 
  0x1E04, 0x1E04, 0x1E04, 0x1E04, 0x1E04, 0x1E04, 0x1E04, 0x1E04, 0x1E04, 0x1E04, 0x1E04, 0x1E04, 0x1E04, 0x1E04, 0x1E04, 0x1E04, 
  0x1E04, 0x1E04, 0x1E04, 0x1E04, 0x1E04, 0x1E04, 0x1E04, 0x1E04, 0x1E04, 0x1E04, 0x1E04, 0x1E04, 0x1E04, 0x1D04, 0x1D04, 0x1E04, 
  0x3E04, 0xFD1B, 0x3FDF, 0x5EE6, 0xAE88, 0x8978, 0x6B90, 0x4BA0, 0x2BB0, 0x2BB8, 0x0BA8, 0x6CA8, 0x2CB8, 0xCD90, 0xCB90, 0x2CB8, 
  0x2CB0, 0x8CA8, 0x0FB9, 0x2C98, 0x0CA8, 0x2CA0, 0x0B98, 0x2A98, 0x4A88, 0x2B98, 0x4B98, 0x4B98, 0x2B90, 0x2BA0, 0x4B98, 0x6B98, 
  0x4CB0, 0xF4B1, 0x7FF7, 0xFD93, 0x9F72, 0x1F7B, 0x1F7B, 0xFF7A, 0xBF72, 0x9E8B, 0xBFF7, 0xFFFF, 0xFFFF, 0xFFFF, 0xDFFF, 0xFFFF, 
  0xFEDE, 0x3D7B, 0x1F93, 0xBEA3, 0x5EDE, 0x1DB5, 0x7D93, 0x1FC4, 0x98B2, 0x36A2, 0xD9A2, 0x3DB4, 0x3FCE, 0x5FEF, 0xBFFF, 0xFFFF, 
  0xFFFF, 0xFFFF, 0xBFFF, 0xBFFF, 0xFFFF, 0x5ED6, 0x9E9B, 0xFF82, 0xBF72, 0x1F73, 0xFF72, 0xDF72, 0xDF72, 0x5E93, 0xBFAB, 0xFFBB, 
  0xDFAB, 0x3D8B, 0x5ED6, 0x7ED6, 0xBEA3, 0xB4B1, 0x0AA0, 0xAA88, 0xAA90, 0xAA80, 0xCA78, 0xCB70, 0x6B80, 0x0B98, 0x2BA8, 0x2BA8, 
  0x4BB0, 0x6CD0, 0x0BB0, 0x4CA8, 0x6AA0, 0xCF98, 0x7FB3, 0xDDA3, 0x7EA4, 0xDF6A, 0xFF7A, 0xFF72, 0xFF72, 0xFF72, 0xDF72, 0x3E93, 
  0xFFB3, 0xFFBB, 0xFFBB, 0xDEB3, 0xDFB3, 0xFFBB, 0x79B2, 0x4C88, 0x6A90, 0x0A71, 0xAA80, 0x4A80, 0x6B88, 0x0BA0, 0x2CA0, 0xCA78, 
  0xCB78, 0x6B80, 0x4CA0, 0x4B98, 0x4B98, 0x2CA8, 0x4A90, 0xAA78, 0x6A90, 0x8B80, 0x2A88, 0xCA70, 0xAB90, 0x8BA0, 0x2BB0, 0x4CA8, 
  0x2CA0, 0xAA70, 0x0F89, 0x7EA3, 0xFE72, 0xFF72, 0x3F93, 0x7AAA, 0xDFBB, 0xFEBB, 0xDFB3, 0xBFB3, 0xDFB3, 0xBF82, 0x1E94, 0x3D9C, 
  0xBF6A, 0x1F7B, 0xBE6A, 0xFEC5, 0xFFFF, 0xFFFF, 0x5FF7, 0x1D5C, 0xFD0B, 0x1E04, 0x1D04, 0x3D04, 0x1D04, 0x1E04, 0x1E04, 0x1E04, 
  0x1E04, 0x1E04, 0x1E04, 0x1E04, 0x1E04, 0x1E04, 0x1E04, 0x1E04, 0x1E04, 0x1E04, 0x1E04, 0x1E04, 0x1E04, 0x1E04, 0x1E04, 0x1E04, 
  0x1E04, 0x1E04, 0x1E04, 0x1E04, 0x1E04, 0x1E04, 0x1E04, 0x1E04, 0x1E04, 0x1E04, 0x1E04, 0x1E04, 0x1E04, 0x1E04, 0x1E04, 0x3E04, 
  0x1E04, 0x1E04, 0x1E04, 0x1E04, 0x1E04, 0x1E04, 0x1E04, 0x1E04, 0x1E04, 0x1E04, 0x1E04, 0x1E04, 0x1E04, 0x1E04, 0x1E04, 0x1E04, 
  0x1E04, 0x1E04, 0x1E04, 0x1E04, 0x1E04, 0x1E04, 0x1E04, 0x1E04, 0x1E04, 0x1E04, 0x1E04, 0x1E04, 0x1E04, 0x1E04, 0x1D04, 0x3E0C, 
  0xDC03, 0x5C6D, 0xFFFF, 0x97B3, 0x4C80, 0x4A98, 0x4CA0, 0x2CB0, 0x0BA8, 0x0BA8, 0x2CA0, 0x6B88, 0x2C98, 0x8B88, 0xAB80, 0x4A88, 
  0x2B80, 0x8C90, 0x4C98, 0x0C90, 0x8C70, 0x4C98, 0x2B98, 0x2B88, 0x2CB0, 0x4D98, 0x2C88, 0x2B90, 0x4BA0, 0x0BA8, 0x6B98, 0x8B98, 
  0x0BB8, 0x0FA1, 0x3EF7, 0x1EB5, 0xBF72, 0xDF72, 0xFF72, 0xFF72, 0x1F7B, 0x9E6A, 0xBEC5, 0xFFFF, 0xFFFF, 0xFFFF, 0xFFFF, 0x7EDE, 
  0x1D7B, 0x1F8B, 0x3EAC, 0x7EE6, 0x3EB5, 0xBC72, 0xFFBB, 0xD6B9, 0x0AA8, 0x2B98, 0x4C90, 0x12A9, 0x33A1, 0x98A2, 0x7BA3, 0xFCBB, 
  0xFCBB, 0x9BBB, 0x3AAB, 0x59B3, 0x3CBD, 0x9FFF, 0x1DC5, 0x1E8B, 0xDE8B, 0x1E7B, 0xFF7A, 0xFF72, 0xFF72, 0x1E73, 0x7EAC, 0xFEBB, 
  0x7A9A, 0x7DAB, 0x9EA3, 0x1DCE, 0xDDCD, 0x3DAB, 0xF0A8, 0x4998, 0x6B98, 0xAC98, 0xEB70, 0xAB80, 0x8C88, 0x6CA0, 0x0BA0, 0x0BB0, 
  0x2BA0, 0x6BA0, 0x2BA0, 0x2DA0, 0x2AA0, 0xB3A1, 0xBFAB, 0x9DC5, 0x1D94, 0xBF72, 0xFF72, 0xFF72, 0xFF72, 0xFF72, 0xDE7A, 0xBFAB, 
  0xDFBB, 0xBFBB, 0xBFBB, 0xDFB3, 0x1FC4, 0xFABA, 0xCE88, 0xAB88, 0x4A98, 0x8B88, 0x6B98, 0x2B98, 0x2CA0, 0x2B88, 0x8C78, 0x8B78, 
  0x0BA8, 0x2BA0, 0x8CA0, 0x4C98, 0x2B90, 0x8A88, 0x4959, 0xCB78, 0x8A98, 0x6B90, 0x8B90, 0x2CA0, 0x4B90, 0x2B90, 0x4988, 0xEB78, 
  0x2CA0, 0x8C78, 0x0A88, 0x97AA, 0x3F8B, 0xDE6A, 0x1F83, 0xF8A1, 0x15A2, 0xFFC3, 0xBFB3, 0xBFB3, 0xFFBB, 0x5F93, 0xFE72, 0x1E7B, 
  0xDF72, 0xFF7A, 0xBF6A, 0x5D9C, 0xFFFF, 0xFEF7, 0xFFFF, 0xDD94, 0xFC1B, 0x1E04, 0x3E04, 0x3D04, 0x1E04, 0x1E04, 0x1E04, 0x1E04, 
  0x1E04, 0x1E04, 0x1E04, 0x1E04, 0x1E04, 0x1E04, 0x1E04, 0x1E04, 0x1E04, 0x1E04, 0x1E04, 0x1E04, 0x1E04, 0x1E04, 0x1E04, 0x1E04, 
  0x1E04, 0x1E04, 0x1E04, 0x1E04, 0x1E04, 0x1E04, 0x1E04, 0x1E04, 0x1E04, 0x1E04, 0x1E04, 0x1E04, 0x1E04, 0x1E04, 0x1E04, 0x3E04, 
  0x1E04, 0x1E04, 0x1E04, 0x1E04, 0x1E04, 0x1E04, 0x1E04, 0x1E04, 0x1E04, 0x1E04, 0x1E04, 0x1E04, 0x1E04, 0x1E04, 0x1E04, 0x1E04, 
  0x1E04, 0x1E04, 0x1E04, 0x1E04, 0x1E04, 0x1E04, 0x1E04, 0x1E04, 0x1E04, 0x1E04, 0x1E04, 0x1E04, 0x1E04, 0x1E04, 0x3E04, 0x1D04, 
  0x7C24, 0x9FDF, 0xDEEE, 0x3089, 0x2BB8, 0x4BB0, 0x2BA0, 0x2BA8, 0x2B98, 0x2B98, 0x8EA8, 0x6B80, 0x4B80, 0x2CA8, 0x2BA8, 0x4BA8, 
  0x2CA8, 0x2BA8, 0x4DA8, 0x0DA0, 0x2B88, 0x2BA8, 0x4CA0, 0x8C88, 0x6C98, 0x4B98, 0xAB90, 0x8A88, 0x0BA0, 0x0BB0, 0x8B98, 0x8A78, 
  0x4BA8, 0xAC80, 0x3DE6, 0x3ECE, 0xDE7A, 0x5F8B, 0x1F7B, 0xFF72, 0xFF7A, 0xBF72, 0xBD8B, 0xDFFF, 0xFFFF, 0xFFFF, 0xDEC5, 0xFC7A, 
  0x1F93, 0xBDBC, 0xBEE6, 0xDDB4, 0xBD7A, 0xBFA3, 0x59B2, 0x2BA0, 0x4BB8, 0x4BA0, 0x4BA8, 0x4AB0, 0x0AB0, 0x0BB0, 0x8A78, 0x8C80, 
  0x2DA0, 0x8EB8, 0x0AA0, 0x4C88, 0x3079, 0x1AAC, 0x1FF7, 0xBE9B, 0x7DAC, 0x9DAC, 0xBF6A, 0xFF7A, 0xFF72, 0xFF72, 0x1D7B, 0x3EBD, 
  0x7BB4, 0x9379, 0x36A2, 0x5DA3, 0x1FD6, 0xFFD5, 0xD992, 0x6B90, 0x4CA0, 0x4D98, 0x6B90, 0x6B88, 0x4B90, 0xAC88, 0x8B90, 0x6B90, 
  0x2D98, 0xCB90, 0x4B98, 0x0BA8, 0x0890, 0xD6A1, 0xBEB4, 0x1EC6, 0xBE72, 0xDF7A, 0x1F73, 0xFF7A, 0xFF7A, 0xDF72, 0x5F8B, 0xFFB3, 
  0xDEB3, 0xDFBB, 0xDFB3, 0xFFBB, 0xFABA, 0x8DA0, 0x6B90, 0x8B78, 0x2A71, 0xCD88, 0x0BB0, 0x0BA8, 0x0CA8, 0x2CA8, 0x8B88, 0xAB80, 
  0x6B88, 0x4BA8, 0x4CB8, 0x2DB8, 0x2CB8, 0xAB90, 0x0A71, 0x8B90, 0xAA88, 0x4B98, 0x4C98, 0x4CA0, 0x4A98, 0x8B88, 0x8B88, 0x0B69, 
  0x6B90, 0x2B98, 0x0A88, 0x2E91, 0x7E9B, 0xFF72, 0xFF72, 0x1D9B, 0xAF98, 0x78A2, 0x1FC4, 0xDFB3, 0xDFBB, 0x9FA3, 0xFF72, 0xDF7A, 
  0xFE7A, 0xFF7A, 0xFF72, 0x3E83, 0x7FF7, 0xFEFF, 0xFFFF, 0x1EC6, 0x3D34, 0x1D04, 0x3E04, 0x3E04, 0x1D04, 0x1E04, 0x1E04, 0x1E04, 
  0x1E04, 0x1E04, 0x1E04, 0x1E04, 0x1E04, 0x1E04, 0x1E04, 0x1E04, 0x1E04, 0x1E04, 0x1E04, 0x1E04, 0x1E04, 0x1E04, 0x1E04, 0x1E04, 
  0x1E04, 0x1E04, 0x1E04, 0x1E04, 0x1E04, 0x1E04, 0x1E04, 0x1E04, 0x1E04, 0x1E04, 0x1E04, 0x1E04, 0x1E04, 0x1E04, 0x1E04, 0x3E04, 
  0x1E04, 0x1E04, 0x1E04, 0x1E04, 0x1E04, 0x1E04, 0x1E04, 0x1E04, 0x1E04, 0x1E04, 0x1E04, 0x1E04, 0x1E04, 0x1E04, 0x1E04, 0x1E04, 
  0x1E04, 0x1E04, 0x1E04, 0x1E04, 0x1E04, 0x1E04, 0x1E04, 0x1E04, 0x1E04, 0x1E04, 0x1E04, 0x1E04, 0x1E04, 0x1D04, 0x1E04, 0x3D1C, 
  0x3FCF, 0xFFFF, 0xFABB, 0x0B98, 0x0BB0, 0x2CB8, 0x4CB8, 0x0BB0, 0x2AA0, 0x6A90, 0x6CA8, 0xAA88, 0xA978, 0x6B98, 0xAA88, 0x2BA0, 
  0x2BB0, 0x2CB0, 0x8DC0, 0x2BA8, 0x4CA8, 0x4BB0, 0x6EB8, 0xD1C8, 0xEDB8, 0xCEB0, 0x2BA8, 0xAB90, 0x6DB8, 0xACA0, 0x8B80, 0xAB80, 
  0xCA78, 0x6A68, 0xFBC4, 0x1FEF, 0x1D8B, 0x7FA3, 0x5F93, 0xDF72, 0xFF72, 0xBF72, 0xBD8B, 0xFFFF, 0xFFFF, 0x1DAD, 0xBD7A, 0x3E9B, 
  0x5EC5, 0x9EE6, 0x7DB4, 0xFE82, 0x7F93, 0x3BB3, 0x8C88, 0x6A90, 0xCC78, 0x8C98, 0x2BB0, 0x0AA8, 0x2BA8, 0xC998, 0x6B98, 0xAB78, 
  0x4B88, 0x2B98, 0x2BB8, 0x6CA0, 0x0CA8, 0x8E98, 0x1CCD, 0xFED5, 0x5D8B, 0x1ED6, 0x7E7B, 0xDF72, 0xFF72, 0xFF7A, 0xDF7A, 0xDE6A, 
  0x3EB5, 0x3CD5, 0x1091, 0xAD90, 0x169A, 0x9FDD, 0xFED5, 0x94A1, 0x4B90, 0x6C90, 0x6B88, 0x8B78, 0x4B88, 0xAB88, 0x8BA0, 0x6B88, 
  0x6CA0, 0xCA98, 0xCB78, 0xCB78, 0x2AA0, 0x18A2, 0x3FD6, 0x9EA4, 0x9F6A, 0xFF7A, 0xFF72, 0xFF7A, 0xFF72, 0x1E83, 0xFFB3, 0xDFBB, 
  0xBFBB, 0xDFB3, 0xFFBB, 0xD9BA, 0xCC88, 0xCA78, 0xCC78, 0xAB88, 0xAA80, 0x6C90, 0x2CB0, 0x4BA8, 0x6B80, 0x2DA8, 0x8CA0, 0x0979, 
  0x8C88, 0x2BA0, 0x2BA8, 0x2BB8, 0x2AB0, 0x6B90, 0xCC70, 0x8B80, 0x8988, 0xEA90, 0x6A59, 0xCC78, 0x6C98, 0xCB80, 0x2A98, 0x6B88, 
  0x8B90, 0x4BA0, 0x2DB8, 0x0AA8, 0x99B2, 0x3F83, 0xDF6A, 0x5F83, 0x1382, 0xE960, 0xF9AA, 0x1FBC, 0xBFC3, 0xBFB3, 0xFF7A, 0xFF72, 
  0xFF72, 0xFF7A, 0xFF7A, 0xBE6A, 0x1ECE, 0xFFFF, 0xFFFF, 0x1FEF, 0xDD43, 0x3D04, 0x1D04, 0x1E04, 0x1D04, 0x1D04, 0x1E04, 0x1E04, 
  0x1E04, 0x1E04, 0x1E04, 0x1E04, 0x1E04, 0x1E04, 0x1E04, 0x1E04, 0x1E04, 0x1E04, 0x1E04, 0x1E04, 0x1E04, 0x1E04, 0x1E04, 0x1E04, 
  0x1E04, 0x1E04, 0x1E04, 0x1E04, 0x1E04, 0x1E04, 0x1E04, 0x1E04, 0x1E04, 0x1E04, 0x1E04, 0x1E04, 0x1E04, 0x1E04, 0x1E04, 0x3E04, 
  0x1E04, 0x1E04, 0x1E04, 0x1E04, 0x1E04, 0x1E04, 0x1E04, 0x1E04, 0x1E04, 0x1E04, 0x1E04, 0x1E04, 0x1E04, 0x1E04, 0x1E04, 0x1E04, 
  0x1E04, 0x1E04, 0x1E04, 0x1E04, 0x1E04, 0x1E04, 0x1E04, 0x1E04, 0x1E04, 0x1E04, 0x1E04, 0x1E04, 0x1D04, 0x1F04, 0xDD03, 0xBC75, 
  0xFFFF, 0x1FEF, 0x7299, 0x0BA8, 0x2BB0, 0xACA0, 0x4CB8, 0x4DB8, 0x6B98, 0x8B80, 0x8C98, 0x6BA0, 0x6C98, 0x6CA0, 0xEA70, 0x2BA0, 
  0x4BA8, 0x6A90, 0x2BA0, 0x2BA8, 0x0BA8, 0x4B98, 0x6B88, 0x2CA0, 0x6B90, 0x6B88, 0x0BB8, 0xEDB0, 0x0DA9, 0x8B88, 0x4B59, 0xCB49, 
  0x4A61, 0x4A78, 0x56B3, 0x9FF7, 0xFD9B, 0x5FA3, 0xBFAB, 0xFF7A, 0x1F7B, 0xBE6A, 0xFEC5, 0x7FF7, 0x1C94, 0xBD7A, 0x9FA3, 0xDECD, 
  0x5EDE, 0xFDAB, 0x1E93, 0xFF72, 0x9FAB, 0xF0A8, 0x0AB0, 0x4BA0, 0xEB70, 0xCB68, 0x2BA8, 0x6A90, 0xEB90, 0xCB88, 0x2C88, 0x2C98, 
  0x4B90, 0x0CA0, 0x2CB0, 0xF1A8, 0xF1A0, 0x4998, 0x7199, 0x7FE6, 0x3DA4, 0xDDB4, 0xBEC5, 0x9E6A, 0x1F7B, 0xFF7A, 0xDF7A, 0xFF7A, 
  0xBD6A, 0x3FB5, 0xFEDD, 0x5091, 0x4A98, 0x13A9, 0x9DD5, 0x3EDE, 0x7089, 0xC980, 0xCB88, 0x6A78, 0x4BA0, 0x6B98, 0x6B88, 0xAC88, 
  0x6A88, 0x2BA0, 0x6B90, 0xAA88, 0x8EA0, 0xBCBB, 0x9EDE, 0xFE7A, 0xFF7A, 0xFE72, 0xFF72, 0xFF72, 0xFE7A, 0xBFB3, 0xDFBB, 0xDFBB, 
  0xFFC3, 0x1FBC, 0x98B2, 0xEB80, 0xEA70, 0x2A59, 0xCB88, 0x6DC0, 0x0BA0, 0x4A90, 0x0B71, 0x8C90, 0x6BA0, 0x4A88, 0xEA78, 0x0979, 
  0x6CB0, 0xADB8, 0x4BA8, 0x8B90, 0xCA80, 0x4A90, 0x6B80, 0x6B80, 0x8B78, 0x2A71, 0xE949, 0xAB80, 0x6C90, 0x6B90, 0x2BB0, 0x4BA0, 
  0x4C80, 0x4E98, 0x4EB0, 0x09A0, 0x32B1, 0x5FAB, 0xBF72, 0x1F7B, 0x3983, 0x8751, 0xCC88, 0x3DC3, 0xDFBB, 0xFFBB, 0x3E8B, 0xFF72, 
  0x1F7B, 0xFF72, 0xFF7A, 0xBE72, 0x7E9C, 0xFFFF, 0xFFFF, 0xDFFF, 0x7D6C, 0xFE03, 0x3D04, 0x1E04, 0x1E04, 0x1D04, 0x1E04, 0x1E04, 
  0x1E04, 0x1E04, 0x1E04, 0x1E04, 0x1E04, 0x1E04, 0x1E04, 0x1E04, 0x1E04, 0x1E04, 0x1E04, 0x1E04, 0x1E04, 0x1E04, 0x1E04, 0x1E04, 
  0x1E04, 0x1E04, 0x1E04, 0x1E04, 0x1E04, 0x1E04, 0x1E04, 0x1E04, 0x1E04, 0x1E04, 0x1E04, 0x1E04, 0x1E04, 0x1E04, 0x1E04, 0x3E04, 
  0x1E04, 0x1E04, 0x1E04, 0x1E04, 0x1E04, 0x1E04, 0x1E04, 0x1E04, 0x1E04, 0x1E04, 0x1E04, 0x1E04, 0x1E04, 0x1E04, 0x1E04, 0x1E04, 
  0x1E04, 0x1E04, 0x1E04, 0x1E04, 0x1E04, 0x1E04, 0x1E04, 0x1E04, 0x1E04, 0x1E04, 0x1E04, 0x1E04, 0x3E04, 0xFE03, 0x9C2C, 0xBFE7, 
  0xFFFF, 0x9BC4, 0x0BA0, 0x8ED0, 0xCFD8, 0x6B90, 0x8C98, 0x2C98, 0x2B98, 0x2DA0, 0xAC78, 0xEB78, 0x0C88, 0x6B90, 0xC988, 0x4BA0, 
  0x4BA8, 0x6B98, 0x2B90, 0x6B88, 0x6C88, 0x4B90, 0x4B98, 0x2B98, 0x4B88, 0x8B88, 0x2CB8, 0x2CA8, 0x2BA0, 0x4BA8, 0xEB80, 0xAB90, 
  0x4BA0, 0x0AA8, 0xB1A1, 0x7FF7, 0x9DAC, 0x9FAB, 0xDFB3, 0xFF82, 0xBF72, 0xFD93, 0xDECD, 0x3D83, 0xDE82, 0xDEAB, 0x1EDE, 0xDED5, 
  0xBEA3, 0x5F93, 0xBD72, 0x9FA3, 0x5592, 0x2A88, 0x4B98, 0x2B98, 0x6CA8, 0x2B90, 0x2C98, 0x8A98, 0x8A90, 0xCFB8, 0x4DB0, 0x4CB0, 
  0xCA80, 0xCA90, 0x0B98, 0x93A1, 0x349A, 0xAA88, 0x6A78, 0xB8B3, 0x3FDE, 0x5C93, 0xBEDE, 0x1D94, 0xBF72, 0x3E73, 0xFF72, 0xDF7A, 
  0xFF7A, 0x9E6A, 0x7EB5, 0x9ED5, 0x2F81, 0x4A98, 0xF098, 0x9CD5, 0x5EDE, 0x5089, 0x2B98, 0x4A90, 0x4AA0, 0x2BA8, 0x8B90, 0x6B90, 
  0x4C90, 0x4BA0, 0x0CB8, 0x0AB8, 0x12A1, 0xDEDD, 0xFDAC, 0x9F6A, 0x1F7B, 0xFF72, 0xFF6A, 0xFE72, 0x9FA3, 0xDFBB, 0xDFB3, 0x3FBC, 
  0x9EBB, 0xB399, 0x6A88, 0xCA70, 0x8B88, 0x6A88, 0x0961, 0x6C98, 0x8B88, 0x4961, 0x2A61, 0xEB68, 0x6990, 0x2C98, 0xAB80, 0xACB0, 
  0x2CA8, 0x8C80, 0xAC80, 0x6B80, 0x8B90, 0x2AA0, 0x6BA0, 0x6B90, 0xEC68, 0xEC68, 0x6961, 0x0A61, 0x8A80, 0x6A90, 0x4CA8, 0x6C90, 
  0x8B88, 0xAB70, 0x4B78, 0x2AA0, 0x2C90, 0x1AA3, 0x3F83, 0xFE6A, 0x5E83, 0xB081, 0x2888, 0x93A9, 0xFFBB, 0xDFAB, 0x9F9B, 0x9E7A, 
  0x5E9C, 0x5E7B, 0xDF72, 0xDF72, 0x1D7B, 0x3FEF, 0xFFFF, 0xFFFF, 0x7EA5, 0xDE13, 0x3D04, 0x1D04, 0x1E04, 0x1D04, 0x1E04, 0x1E04, 
  0x1E04, 0x1E04, 0x1E04, 0x1E04, 0x1E04, 0x1E04, 0x1E04, 0x1E04, 0x1E04, 0x1E04, 0x1E04, 0x1E04, 0x1E04, 0x1E04, 0x1E04, 0x1E04, 
  0x1E04, 0x1E04, 0x1E04, 0x1E04, 0x1E04, 0x1E04, 0x1E04, 0x1E04, 0x1E04, 0x1E04, 0x1E04, 0x1E04, 0x1E04, 0x1E04, 0x1E04, 0x3E04, 
  0x1E04, 0x1E04, 0x1E04, 0x1E04, 0x1E04, 0x1E04, 0x1E04, 0x1E04, 0x1E04, 0x1E04, 0x1E04, 0x1E04, 0x1E04, 0x1E04, 0x1E04, 0x1E04, 
  0x1E04, 0x1E04, 0x1E04, 0x1E04, 0x1E04, 0x1E04, 0x1E04, 0x1E04, 0x1E04, 0x1E04, 0x1E04, 0x1E04, 0x3E04, 0xFD03, 0x9C3C, 0xFFF7, 
  0x9FF7, 0xD3A9, 0x0AA8, 0x4A98, 0x0CC0, 0x6BA0, 0x6B90, 0x2CA0, 0x2B98, 0x0CA0, 0xAB80, 0xAA90, 0x4CA0, 0x4BA0, 0x8A90, 0x2CA8, 
  0x4BB0, 0x4BA8, 0x2BA0, 0xAB78, 0xCB58, 0x6C98, 0x4BB0, 0x2CA8, 0x4CB8, 0x4CA0, 0x4BA0, 0x6DB0, 0x0BA8, 0x8AA0, 0x0A91, 0x6B98, 
  0x4DC8, 0x6BB0, 0xAE88, 0xBFF6, 0x7DC5, 0x9FAB, 0xDFBB, 0x1F8B, 0xFF72, 0x3F7B, 0xDE72, 0x1D93, 0xFEAB, 0x7EDE, 0x7ECD, 0x7EAB, 
  0x1EB4, 0xBE8B, 0x3E83, 0x7BA3, 0x2B71, 0x6B88, 0xCC78, 0x4B98, 0x0BA8, 0x2B98, 0x2C98, 0x0BB0, 0x8AA0, 0x8BA0, 0x0CB0, 0x2CB0, 
  0x8A88, 0xEB68, 0xA870, 0x359A, 0x16AA, 0x2A88, 0xCB78, 0x2D79, 0xFEE5, 0x7EBC, 0xBDAC, 0xBEDE, 0xBE72, 0xFF72, 0x1F73, 0xFF72, 
  0xFF7A, 0xFF7A, 0x9D6A, 0xFFCD, 0x1CCD, 0xAF98, 0x0CB8, 0x8FA0, 0xBCCD, 0x1EE6, 0xCF90, 0x0B90, 0x2E90, 0x0CA8, 0x2BB8, 0x2BA0, 
  0x2CA0, 0x2BA8, 0x4CB8, 0x0CA8, 0xD9B2, 0x7FDE, 0x1D73, 0xFF72, 0x1F73, 0xFF72, 0xFF72, 0x9FA3, 0xDFBB, 0xFFB3, 0xDFC3, 0x77AA, 
  0xAE90, 0x0BB0, 0x4A98, 0xAC90, 0x6CA8, 0x4A98, 0xAB80, 0x6C88, 0xAB88, 0x2959, 0xCB68, 0x2A61, 0xA968, 0xAC90, 0x6CB0, 0x4BB8, 
  0x8D98, 0x6C78, 0x2CA0, 0x6EC0, 0x2CB8, 0x0A98, 0x4BB0, 0x6BA8, 0xAB80, 0xCC80, 0x8A98, 0x6A88, 0x2DA0, 0x8A90, 0x4B90, 0x6B80, 
  0x6AA0, 0x6A98, 0x0B98, 0x2BA0, 0x4A88, 0xB299, 0x7FA3, 0xDF6A, 0x1F83, 0x58A2, 0x8978, 0x8C90, 0x3CC3, 0xFFBB, 0xDFAB, 0x9E72, 
  0x5D9C, 0x7DA4, 0xBE6A, 0xFF7A, 0x9E6A, 0x9DBD, 0xFFFF, 0xFFFF, 0x5ECE, 0xBD2B, 0x3D04, 0x3E04, 0x1D04, 0x1E04, 0x1E04, 0x1E04, 
  0x1E04, 0x1E04, 0x1E04, 0x1E04, 0x1E04, 0x1E04, 0x1E04, 0x1E04, 0x1E04, 0x1E04, 0x1E04, 0x1E04, 0x1E04, 0x1E04, 0x1E04, 0x1E04, 
  0x1E04, 0x1E04, 0x1E04, 0x1E04, 0x1E04, 0x1E04, 0x1E04, 0x1E04, 0x1E04, 0x1E04, 0x1E04, 0x1E04, 0x1E04, 0x1E04, 0x1E04, 0x3E04, 
  0x1E04, 0x1E04, 0x1E04, 0x1E04, 0x1E04, 0x1E04, 0x1E04, 0x1E04, 0x1E04, 0x1E04, 0x1E04, 0x1E04, 0x1E04, 0x1E04, 0x1E04, 0x1E04, 
  0x1E04, 0x1E04, 0x1E04, 0x1E04, 0x1E04, 0x1E04, 0x1E04, 0x1E04, 0x1E04, 0x1E04, 0x1E04, 0x1D04, 0x1E04, 0x1C04, 0xFD85, 0xFFFF, 
  0x5CC5, 0x4D98, 0x4DC0, 0x4CA8, 0x2CB0, 0x2BB8, 0x2CC0, 0x2BA8, 0x0AA0, 0x2BA0, 0x6B98, 0x2DC8, 0x90C0, 0x2DA8, 0x0CB0, 0x0BB0, 
  0x6BA0, 0x8B98, 0x0CA8, 0x6B88, 0xCC78, 0x8C98, 0x2CB0, 0x2CA8, 0x4BB8, 0x0BA8, 0x2BA8, 0x2BA8, 0x4A98, 0xAA88, 0x4CA8, 0x2CA8, 
  0x2BA8, 0x4A98, 0x0C88, 0x7CD5, 0x9EDE, 0x7EA3, 0xFFBB, 0x5F8B, 0xDE6A, 0xFF7A, 0x7F9B, 0x7DAC, 0x5FDE, 0x7CB4, 0x5EA3, 0x3DBC, 
  0x7DC5, 0x1D7B, 0xBFB3, 0xB081, 0x6A78, 0x2CB8, 0xACA8, 0x4BA8, 0x2CB0, 0x4BB0, 0x2BB0, 0x2EC8, 0x6CB8, 0x8EC0, 0x4DC8, 0x4C90, 
  0x4C88, 0xAB70, 0xAA78, 0x1ABB, 0xD6B1, 0x2BA8, 0x4BA0, 0x2A90, 0xB5AA, 0x9FE6, 0x5C93, 0x7FE6, 0xFEB4, 0x9E72, 0x1F7B, 0xFF72, 
  0xFF72, 0xFF72, 0xDF7A, 0xFD72, 0x9FDE, 0x7ABC, 0xAC80, 0x2998, 0xCD80, 0xFDDD, 0xBDDD, 0xAF88, 0x0CA8, 0x4BA8, 0x8A90, 0x2BA0, 
  0x4BB0, 0x2CB0, 0x2A88, 0xF090, 0x5FD5, 0xBDA4, 0xBE6A, 0x1F73, 0xFF72, 0xFF82, 0x9FA3, 0xFFBB, 0xFFC3, 0x5DBB, 0x9291, 0x6A80, 
  0x8A88, 0x6CA8, 0x4BA0, 0x2AA0, 0x4B98, 0xAA88, 0x8A90, 0x2B98, 0xCA78, 0x2A59, 0x2A59, 0x2B81, 0xE951, 0x0971, 0x4B98, 0x4AA8, 
  0xCA88, 0x0A69, 0x4BA0, 0x4DC0, 0x0DC0, 0x4DB8, 0x0CC0, 0x2BA0, 0x6B88, 0x0BA8, 0x2AB0, 0x4BA8, 0x6DB8, 0x6BA0, 0xEB88, 0x8A59, 
  0x4B98, 0x4CA0, 0xCC90, 0x4DB8, 0x6CB0, 0x4C98, 0xDCB2, 0x1F83, 0xDF72, 0x1E93, 0xEE98, 0x0A98, 0xB5B1, 0xDFC3, 0xDFB3, 0x1E83, 
  0x5E83, 0xFECD, 0xFE72, 0xFF7A, 0xBF72, 0xDD8B, 0xBFFF, 0xFFFF, 0x5FEF, 0x3C54, 0x1E04, 0x3E04, 0x1D04, 0x1E04, 0x1E04, 0x1E04, 
  0x1E04, 0x1E04, 0x1E04, 0x1E04, 0x1E04, 0x1E04, 0x1E04, 0x1E04, 0x1E04, 0x1E04, 0x1E04, 0x1E04, 0x1E04, 0x1E04, 0x1E04, 0x1E04, 
  0x1E04, 0x1E04, 0x1E04, 0x1E04, 0x1E04, 0x1E04, 0x1E04, 0x1E04, 0x1E04, 0x1E04, 0x1E04, 0x1E04, 0x1E04, 0x1E04, 0x1E04, 0x3E04, 
  0x1E04, 0x1E04, 0x1E04, 0x1E04, 0x1E04, 0x1E04, 0x1E04, 0x1E04, 0x1E04, 0x1E04, 0x1E04, 0x1E04, 0x1E04, 0x1E04, 0x1E04, 0x1E04, 
  0x1E04, 0x1E04, 0x1E04, 0x1E04, 0x1E04, 0x1E04, 0x1E04, 0x1D04, 0x1D04, 0x1D04, 0x1D04, 0x1E04, 0x1E04, 0x7C2C, 0xDFEF, 0xDFFF, 
  0xB69A, 0x0B90, 0x6C90, 0x2B98, 0x2CB0, 0x2BB0, 0x2BA8, 0x2BB0, 0x4CB0, 0x6CA8, 0x6B88, 0x4B98, 0x4B90, 0x6BA0, 0x4BA0, 0x4AA0, 
  0x2AA0, 0x2BA8, 0x2BB0, 0x4BA0, 0x6C98, 0x4BA0, 0x2CA0, 0x4B88, 0x4A90, 0x2CA8, 0x4DB0, 0x0AA8, 0x6B98, 0xADA0, 0x2CA8, 0x0BA8, 
  0xAA70, 0x2B59, 0x0B78, 0xB7BB, 0x5FEF, 0xBEA3, 0xBFBB, 0x5E93, 0x5E9B, 0xBFBB, 0x7DAC, 0x1ED6, 0x18A3, 0xD891, 0xFEAB, 0x7EDE, 
  0xBD83, 0x7F9B, 0x369A, 0x2980, 0x6CA8, 0x4CB8, 0x2AB0, 0x0BC0, 0x2CA8, 0x4B90, 0x2BA8, 0x8EB0, 0x2CA8, 0x2BA0, 0x6BA0, 0x2D98, 
  0xAB78, 0x2861, 0xAF90, 0x7DBB, 0x32C1, 0x0DC8, 0x2BB0, 0x4BA0, 0x6E80, 0x7CD5, 0x3EC5, 0x1CA4, 0x3FE7, 0x3E7B, 0xDF72, 0xDF7A, 
  0xFF72, 0xFF72, 0xFF72, 0xDF72, 0x7C83, 0xFFEE, 0x79AB, 0x6D90, 0x0AA0, 0xF0A0, 0x7DE6, 0x7CD5, 0xAE98, 0x6BA8, 0xA988, 0x4AA8, 
  0x4AA0, 0x6C98, 0x0D90, 0xB7A2, 0x9EC5, 0x1D83, 0xDF7A, 0xDF72, 0x1F8B, 0xBFA3, 0xFEB3, 0xFFC3, 0xB9B2, 0x8E98, 0x0AA8, 0x4CB8, 
  0x4C98, 0xCDA0, 0x4A90, 0x2CB0, 0x2CB0, 0x8B98, 0x4B90, 0x4B88, 0x0A79, 0xEB70, 0xAB70, 0x2969, 0x4A61, 0xAB90, 0x8B88, 0x6A98, 
  0x4C98, 0xAC68, 0x8B88, 0x4B98, 0x4B80, 0x4CA8, 0xAEC0, 0x8B88, 0x8A80, 0xA980, 0x4B98, 0x6B98, 0x0A81, 0xAB90, 0xEA80, 0xE968, 
  0x6D90, 0xAFB0, 0x4C89, 0xAA88, 0x2BA0, 0x6980, 0x3392, 0x7F93, 0xDE6A, 0x3F8B, 0xB4A1, 0x0A98, 0x8E98, 0x7DB3, 0xFFB3, 0x7FA3, 
  0x9D6A, 0x3ED6, 0x3E9C, 0xBF72, 0x1F7B, 0xBE6A, 0x3ED6, 0xFFFF, 0xDFFF, 0x9C7C, 0xDE0B, 0x3E04, 0x1D04, 0x1E04, 0x1E04, 0x1E04, 
  0x1E04, 0x1E04, 0x1E04, 0x1E04, 0x1E04, 0x1E04, 0x1E04, 0x1E04, 0x1E04, 0x1E04, 0x1E04, 0x1E04, 0x1E04, 0x1E04, 0x1E04, 0x1E04, 
  0x1E04, 0x1E04, 0x1E04, 0x1E04, 0x1E04, 0x1E04, 0x1E04, 0x1E04, 0x1E04, 0x1E04, 0x1E04, 0x1E04, 0x1E04, 0x1E04, 0x1E04, 0x3E04, 
  0x1E04, 0x1E04, 0x1E04, 0x1E04, 0x1E04, 0x1E04, 0x1E04, 0x1E04, 0x1E04, 0x1E04, 0x1E04, 0x1E04, 0x1E04, 0x1E04, 0x1E04, 0x1E04, 
  0x1E04, 0x1E04, 0x1E04, 0x1E04, 0x1E04, 0x1E04, 0x1E04, 0x1D04, 0x1D04, 0x3D04, 0x1D04, 0x3E04, 0xFE03, 0xBB4C, 0xFFFF, 0x3EDE, 
  0xF090, 0x4C88, 0x8B90, 0x4A98, 0x4B98, 0x2BA0, 0x2CA8, 0x0BA8, 0x4BA0, 0x2A98, 0x2B98, 0xAC80, 0xAB78, 0xCA88, 0xCB80, 0x8B80, 
  0x6B88, 0x4A80, 0x8B90, 0x6CB0, 0x2CA0, 0x4C98, 0x2BA8, 0x6CA0, 0x4CA8, 0x6CA0, 0x4CA8, 0x4BA8, 0x6B90, 0x6B98, 0x2CB0, 0x4B88, 
  0x8B78, 0x8C78, 0x2A88, 0x338A, 0x7FF7, 0x3EAC, 0xBFBB, 0xDFB3, 0xFFBB, 0x9F93, 0xBFB4, 0x1292, 0xAF88, 0x5DB3, 0x9FE6, 0xDDAC, 
  0x1F8B, 0x3AB3, 0x2B80, 0x6A90, 0x6BA0, 0x2BA8, 0x4DC8, 0x4BC0, 0xAEC8, 0x4CB8, 0x6C98, 0xD6B1, 0x8CA0, 0x0B98, 0x2B90, 0x6B98, 
  0xEB90, 0xC988, 0xD381, 0xFEAA, 0x6EA8, 0x2BA0, 0x0BA0, 0x2D98, 0x0B98, 0xF2A1, 0xBFEE, 0x9D9B, 0xFED5, 0xDEC5, 0xBD62, 0xFF7A, 
  0xDF7A, 0xFF72, 0xFF72, 0x1F7B, 0x9E72, 0x7D9C, 0xDFEE, 0x37A2, 0x0C89, 0xCEB0, 0x7291, 0xBFEE, 0x9AC4, 0x0C88, 0x2CA8, 0x0BB0, 
  0x4CA0, 0xA970, 0x4F89, 0x7EA3, 0xDF9B, 0xFE82, 0xFE7A, 0x9FA3, 0xDFBB, 0xDFB3, 0x1FBC, 0x57B2, 0x2C98, 0x2B98, 0x6BA8, 0x2BA8, 
  0x2CA8, 0x2BB0, 0xA988, 0x6DB8, 0x90C0, 0x8CA8, 0x6EB8, 0x4DB0, 0x4CB8, 0x6CA8, 0x4CA0, 0x2B98, 0xAB80, 0xACA0, 0x2CA8, 0x0BA0, 
  0x4B90, 0x4C90, 0x6BA8, 0x2C98, 0x8C98, 0x4AA8, 0x6CB8, 0x0B71, 0xEB68, 0xA941, 0x0A71, 0x2BA8, 0x0D99, 0x0B69, 0x0A71, 0xEA70, 
  0xED88, 0xCA88, 0xE970, 0xEA90, 0x4CB8, 0x6A98, 0xEE90, 0x5DAB, 0xFF72, 0xFF7A, 0xDBA2, 0x6C80, 0x4A80, 0x97AA, 0xFFB3, 0xBFAB, 
  0xBE6A, 0x3EB5, 0x3FD6, 0x9E6A, 0x1F7B, 0xBE72, 0x3D94, 0xDFFF, 0xFFFF, 0x7EAD, 0xFE1B, 0x3E04, 0x1D04, 0x3D04, 0x1E04, 0x1E04, 
  0x1E04, 0x1E04, 0x1E04, 0x1E04, 0x1E04, 0x1E04, 0x1E04, 0x1E04, 0x1E04, 0x1E04, 0x1E04, 0x1E04, 0x1E04, 0x1E04, 0x1E04, 0x1E04, 
  0x1E04, 0x1E04, 0x1E04, 0x1E04, 0x1E04, 0x1E04, 0x1E04, 0x1E04, 0x1E04, 0x1E04, 0x1E04, 0x1E04, 0x1E04, 0x1E04, 0x1E04, 0x3E04, 
  0x1E04, 0x1E04, 0x1E04, 0x1E04, 0x1E04, 0x1E04, 0x1E04, 0x1E04, 0x1E04, 0x1E04, 0x1E04, 0x1E04, 0x1E04, 0x1E04, 0x1E04, 0x1E04, 
  0x1E04, 0x1E04, 0x1E04, 0x1E04, 0x1E04, 0x1E04, 0x1E04, 0x1E04, 0x3D04, 0x1E04, 0x1D0C, 0x3D04, 0xDC03, 0x3E96, 0xFFFF, 0x79C3, 
  0x2A98, 0x4C90, 0x2DA8, 0x4CA0, 0x4CA8, 0x0AA8, 0x2BA0, 0x4C98, 0x4A90, 0x0AB0, 0x2CA8, 0x2C90, 0x8EB8, 0x8DB0, 0x4B98, 0x2CA0, 
  0x4CA0, 0x4CA8, 0x4CB0, 0x4CB0, 0x2B98, 0x2B90, 0x2BA0, 0x51C9, 0xD0C0, 0x2DC0, 0x4CB8, 0x4B98, 0x2BA0, 0x2A98, 0x4CA8, 0xAEB0, 
  0x2BB0, 0x0CA8, 0x6A88, 0x4F81, 0xDFF6, 0xFDC4, 0x9EB3, 0xFFB3, 0x5F93, 0x7C8B, 0x7191, 0x0A78, 0x58A2, 0xFFD5, 0x5DCE, 0xFD7A, 
  0xBEC3, 0xAD98, 0x2AA0, 0x4CB0, 0x0BA8, 0x2BA0, 0xAB78, 0x6B90, 0xCFD0, 0x6EC0, 0xD499, 0x17BA, 0x0998, 0x4DB8, 0x2CB0, 0x6A90, 
  0x6CA8, 0x2CB8, 0x589A, 0x7CAA, 0x4A98, 0x8C88, 0x2CA0, 0xAD88, 0x31B1, 0x4C98, 0x9AC4, 0xDFD5, 0x7C9B, 0x3FEF, 0xFC93, 0xBF6A, 
  0xDF7A, 0xDF7A, 0xFF72, 0xFF72, 0xFF7A, 0x9E62, 0xDDB5, 0x5FD6, 0xB581, 0x4CA0, 0x0CA0, 0xB3A1, 0x1FEF, 0x57AB, 0x0B88, 0x8DB8, 
  0x2CA8, 0x6990, 0x9692, 0x3F83, 0xDFAB, 0x7F9B, 0xBFAB, 0xFEB3, 0xFFBB, 0xDFC3, 0x738A, 0x8B98, 0xAA98, 0x8A88, 0x4A90, 0x8CA8, 
  0x4FC0, 0x8B90, 0x6A59, 0x6BA0, 0x4EA8, 0x8DB0, 0x6CC0, 0x4BA8, 0x6BA0, 0x2BB0, 0x4CA8, 0x4B98, 0x6BA0, 0x8B88, 0x8C78, 0x4B98, 
  0x6A98, 0x6B90, 0x4BA0, 0x0CC0, 0x2EC0, 0x8DA8, 0x8CA0, 0x6A90, 0x8C98, 0x2C71, 0x8B98, 0x4BA0, 0x6CA8, 0x8C90, 0x6B90, 0x4BA0, 
  0xCB88, 0xEA70, 0xAA88, 0xAB80, 0x2AA0, 0x2A98, 0x2A98, 0x77B2, 0x5F8B, 0xDE72, 0x5E9B, 0x73B1, 0x2990, 0x7291, 0xDFC3, 0xFFBB, 
  0x1E83, 0xBD83, 0x9FF7, 0xBD8B, 0xBF72, 0x1F7B, 0xDD72, 0x7EDE, 0xFFFF, 0x7ECE, 0xBD33, 0x1E04, 0x1E04, 0x1E04, 0x1E04, 0x1E04, 
  0x1E04, 0x1E04, 0x1E04, 0x1E04, 0x1E04, 0x1E04, 0x1E04, 0x1E04, 0x1E04, 0x1E04, 0x1E04, 0x1E04, 0x1E04, 0x1E04, 0x1E04, 0x1E04, 
  0x1E04, 0x1E04, 0x1E04, 0x1E04, 0x1E04, 0x1E04, 0x1E04, 0x1E04, 0x1E04, 0x1E04, 0x1E04, 0x1E04, 0x1E04, 0x1E04, 0x1E04, 0x3E04, 
  0x1E04, 0x1E04, 0x1E04, 0x1E04, 0x1E04, 0x1E04, 0x1E04, 0x1E04, 0x1E04, 0x1E04, 0x1E04, 0x1E04, 0x1E04, 0x1E04, 0x1E04, 0x1E04, 
  0x1E04, 0x1E04, 0x1E04, 0x1E04, 0x1E04, 0x1E04, 0x1E04, 0x3E04, 0x1D04, 0x1E04, 0x3E04, 0xFD03, 0xBD3C, 0xDFEF, 0xFEEE, 0xF3B0, 
  0x2CB8, 0x2AA0, 0x8B98, 0x8C88, 0x2BA0, 0x0BB0, 0x6CA0, 0x6B80, 0x4A90, 0x4BA0, 0x6A90, 0x2C90, 0x0CA8, 0x0CA8, 0x2CC0, 0x2BA8, 
  0x2BA0, 0x0BA8, 0x0BB0, 0x4B88, 0x6B88, 0x8C78, 0x4B88, 0x4BA8, 0x8FC8, 0x8FC8, 0x2AA8, 0x2BB0, 0x2CB8, 0x0AB0, 0x4DB0, 0x6DC0, 
  0x4DC0, 0x8EB8, 0x4BB0, 0x2B90, 0xBCDD, 0xBECD, 0x7EAB, 0xDFB3, 0x1DAB, 0xCE71, 0xC870, 0x2D90, 0x5DC4, 0x5FE7, 0x9C8B, 0xBFB3, 
  0x53A9, 0x2AA8, 0x5199, 0xF0A0, 0x0CA8, 0xCA70, 0x4A59, 0x6D98, 0xAC98, 0x4B90, 0xDBC2, 0x73B1, 0x0AA8, 0x2CB8, 0x2CC0, 0x2BB8, 
  0x6EC8, 0xF1C0, 0xDD9A, 0xF699, 0x0AA8, 0x2B90, 0x8C80, 0xCB78, 0xF8B9, 0x6FA0, 0x1099, 0x7FEE, 0x1DA4, 0x1EBD, 0x9EDE, 0xBD6A, 
  0xFF7A, 0xDF7A, 0xFF7A, 0xFF72, 0xFF7A, 0xFF7A, 0xDD72, 0xBEDE, 0x1EC5, 0x3189, 0x8A98, 0x0BA8, 0xF7BA, 0xBFEE, 0xF191, 0x6CB0, 
  0xADA8, 0x8FA8, 0xDDA2, 0x9F9B, 0xDFBB, 0xDEC3, 0xFFBB, 0xDFBB, 0x3BBB, 0x5089, 0x6B78, 0x2CA8, 0x8B98, 0xAA88, 0x8B90, 0x6AA0, 
  0x2BB0, 0x6CA8, 0x6B78, 0x4B98, 0x0BA8, 0x0B98, 0x0BB0, 0x0BB0, 0x4BA0, 0x4A98, 0x2BA8, 0x2D79, 0x8B90, 0xAA80, 0x8B78, 0x4BA0, 
  0x6A88, 0xAB90, 0xAA90, 0xAB90, 0x6B80, 0xEB68, 0xCA70, 0x8BA0, 0x4DB8, 0x0CB8, 0x0AB8, 0x2CA8, 0x8D88, 0x2969, 0xAB88, 0x4B90, 
  0x6BA0, 0xEA70, 0xAB78, 0x6B88, 0x2B98, 0x2BA0, 0x2A98, 0xEE90, 0x7EA3, 0xFF6A, 0x3F83, 0xB8B2, 0x0A98, 0x6D88, 0x5CAB, 0xFFBB, 
  0x7FA3, 0xBD6A, 0x1FE7, 0x3ECE, 0x9D6A, 0xFF7A, 0xBF72, 0x5DA4, 0xFFFF, 0x7EEF, 0xDD53, 0xFE03, 0x1D04, 0x1E04, 0x1E04, 0x1E04, 
  0x1E04, 0x1E04, 0x1E04, 0x1E04, 0x1E04, 0x1E04, 0x1E04, 0x1E04, 0x1E04, 0x1E04, 0x1E04, 0x1E04, 0x1E04, 0x1E04, 0x1E04, 0x1E04, 
  0x1E04, 0x1E04, 0x1E04, 0x1E04, 0x1E04, 0x1E04, 0x1E04, 0x1E04, 0x1E04, 0x1E04, 0x1E04, 0x1E04, 0x1E04, 0x1E04, 0x1E04, 0x3E04, 
  0x1E04, 0x1E04, 0x1E04, 0x1E04, 0x1E04, 0x1E04, 0x1E04, 0x1E04, 0x1E04, 0x1E04, 0x1E04, 0x1E04, 0x1E04, 0x1E04, 0x1E04, 0x1E04, 
  0x1E04, 0x1E04, 0x1E04, 0x1E04, 0x1E04, 0x1E04, 0x1E04, 0x3D04, 0x1D0C, 0x1E0C, 0x3E04, 0xDD03, 0xDD9D, 0xFFFF, 0xBDBC, 0x53A9, 
  0x2BA8, 0x2DB8, 0xADA8, 0x6CC0, 0x0CC0, 0xF0C0, 0x6CA0, 0x2BC0, 0x2BA8, 0x6C98, 0x2BA8, 0x6B88, 0x4AA0, 0x2BB0, 0x4BA8, 0x4C98, 
  0x2CB8, 0x6CA8, 0x4BA0, 0x4CA8, 0x2CC0, 0x0BA0, 0x2B98, 0x2C90, 0x2EA8, 0xD0C8, 0x2BA0, 0x4DB0, 0x4BA8, 0x0AB0, 0x2CB0, 0x0BA0, 
  0x4B98, 0x8C90, 0x8B98, 0x6CA0, 0x7AC4, 0x3FD6, 0x7EAB, 0xFFC3, 0x7299, 0x4A80, 0x2C90, 0xD491, 0x5FF7, 0xBCA4, 0x9FAB, 0x38C2, 
  0x2998, 0x2BA8, 0x18B2, 0x0D81, 0x2B98, 0x4C98, 0x4DC0, 0x2BA8, 0x4A90, 0xCF98, 0x7DC3, 0xAFA0, 0x0AA8, 0x2BA8, 0x2CA8, 0x4BB0, 
  0x91C9, 0x74A9, 0xFF92, 0x5191, 0x0AA8, 0x8C90, 0x8D98, 0x0A90, 0xF499, 0x94B9, 0x0CA0, 0x18B4, 0x3FDE, 0x3D9B, 0xDFE6, 0xBDAC, 
  0xBE6A, 0xFF7A, 0xDF7A, 0xFF7A, 0xFF72, 0x1F73, 0xBF72, 0x9D8B, 0x7FF7, 0xFCAB, 0xAFA0, 0x6BB0, 0x4D80, 0x5BBC, 0x7EDD, 0x8E90, 
  0x0998, 0xF2B0, 0x9FB3, 0xBFB3, 0xFEB3, 0xFFB3, 0x1BAB, 0xF391, 0xEC60, 0x2A88, 0x8B90, 0x2AA0, 0x6BA8, 0xAB88, 0xCB88, 0x2971, 
  0xAB80, 0x4B98, 0x4B90, 0xCA78, 0x2CA8, 0x4CB8, 0x4BA0, 0x4CA0, 0x4CA0, 0xACA0, 0x4B98, 0x8D98, 0x8C90, 0xCB70, 0x0B79, 0xCCB0, 
  0x0CA8, 0x2BA8, 0x6BA8, 0xEA80, 0x8C88, 0xAC70, 0xEA70, 0x0C89, 0x6CA8, 0x2CA0, 0x4BA8, 0xCB78, 0xCB78, 0xCA80, 0xCB80, 0x6CA0, 
  0x0BA8, 0x4B98, 0x4B98, 0x2BA0, 0x2BA8, 0x0BA8, 0x4C98, 0xE968, 0xB8A2, 0x1F8B, 0xDF7A, 0x9EB3, 0x2F89, 0x2A70, 0x77A2, 0x1FC4, 
  0xDFAB, 0x9E72, 0x3EB5, 0xFFFF, 0xBD8B, 0xDF72, 0xFF7A, 0xFD72, 0x1EE7, 0xFFFF, 0x7E7C, 0xDD03, 0x3D04, 0x1E04, 0x1E04, 0x1E04, 
  0x1E04, 0x1E04, 0x1E04, 0x1E04, 0x1E04, 0x1E04, 0x1E04, 0x1E04, 0x1E04, 0x1E04, 0x1E04, 0x1E04, 0x1E04, 0x1E04, 0x1E04, 0x1E04, 
  0x1E04, 0x1E04, 0x1E04, 0x1E04, 0x1E04, 0x1E04, 0x1E04, 0x1E04, 0x1E04, 0x1E04, 0x1E04, 0x1E04, 0x1E04, 0x1E04, 0x1E04, 0x3E04, 
  0x1E04, 0x1E04, 0x1E04, 0x1E04, 0x1E04, 0x1E04, 0x1E04, 0x1E04, 0x1E04, 0x1E04, 0x1E04, 0x1E04, 0x1E04, 0x1E04, 0x1E04, 0x1E04, 
  0x1E04, 0x1E04, 0x1E04, 0x1E04, 0x1E04, 0x1E04, 0x1E04, 0x3D04, 0x3E04, 0x1D04, 0xFD03, 0x7D44, 0x9FF7, 0x5FF7, 0x7AB2, 0x18D2, 
  0x6DB8, 0x8FD0, 0x6FB8, 0x4CC0, 0x2BB8, 0x2BA0, 0x4BA0, 0x2AB0, 0x2BA0, 0x4B98, 0x4CB0, 0x8B88, 0x6A98, 0x2BC8, 0x4CA8, 0x4CA0, 
  0x2CC0, 0x2CB8, 0x2BB8, 0x0BB8, 0x0CC0, 0x2CB8, 0x2BA8, 0x2CA8, 0x2CA0, 0x2BA8, 0x2CC0, 0x6CB0, 0x6CA8, 0x0AB0, 0x4DB8, 0x8EC8, 
  0x4AA8, 0x4BA0, 0x6B98, 0x2B98, 0xF8B2, 0x7FDE, 0xDFAB, 0x1BB3, 0x4B80, 0x2BA0, 0x6E90, 0x5DDE, 0x1ECE, 0x9EA3, 0xFAB2, 0x4C90, 
  0x6890, 0x4F91, 0x98AA, 0x0A88, 0x4CB0, 0x4EC0, 0x4DC8, 0x2CB0, 0x4BC8, 0x17B2, 0x1B9B, 0xAA78, 0x4B88, 0x2CB8, 0x6BA8, 0xAB98, 
  0x4BA0, 0xF7A1, 0xFD92, 0x6D98, 0x2BA0, 0x6B88, 0x2D90, 0x0A80, 0xD291, 0x7ABA, 0x2AB0, 0x0E91, 0x1EDE, 0x5EAC, 0x7CAC, 0xFFEE, 
  0x1E73, 0xFF7A, 0xFF7A, 0xFF7A, 0xFF72, 0x1F6B, 0xFF7A, 0x9F6A, 0xBEA4, 0x1FEF, 0xD9A2, 0x6EB0, 0x2B98, 0xF078, 0x1EBD, 0xF9A2, 
  0x2990, 0xF0A0, 0xFFBB, 0xDFB3, 0xBEBB, 0x3592, 0x2C98, 0x2AA0, 0x2B88, 0x4C90, 0x8B88, 0x8A88, 0x8988, 0xAA80, 0x4B69, 0xC741, 
  0xAA70, 0x0BA0, 0x4A98, 0xAB78, 0x6B98, 0xCB90, 0x4990, 0x8A90, 0x2B98, 0x0BB0, 0x4BA0, 0x6B88, 0x8A80, 0xEA70, 0x0B69, 0xAA78, 
  0x4C88, 0x6C98, 0x2B98, 0x2BA8, 0x2AA0, 0xCA68, 0xEC70, 0x8B80, 0x2CA8, 0xAA80, 0x0A61, 0x4B69, 0x4BA8, 0x4C90, 0x8B78, 0x6CA0, 
  0x2DB0, 0x2BA8, 0x8BA0, 0x2B79, 0xCB70, 0x6A80, 0xCC78, 0xCA78, 0xB091, 0x7F9B, 0xFE7A, 0xFFBB, 0x359A, 0x2978, 0x5099, 0xFFBB, 
  0xFFBB, 0x1F8B, 0x9D8B, 0xFFFF, 0x1ECE, 0xBD6A, 0x1F7B, 0xBE6A, 0xFEB4, 0xFFFF, 0x7DAD, 0xBD0B, 0x3E04, 0x1D04, 0x1E04, 0x1E04, 
  0x1E04, 0x1E04, 0x1E04, 0x1E04, 0x1E04, 0x1E04, 0x1E04, 0x1E04, 0x1E04, 0x1E04, 0x1E04, 0x1E04, 0x1E04, 0x1E04, 0x1E04, 0x1E04, 
  0x1E04, 0x1E04, 0x1E04, 0x1E04, 0x1E04, 0x1E04, 0x1E04, 0x1E04, 0x1E04, 0x1E04, 0x1E04, 0x1E04, 0x1E04, 0x1E04, 0x1E04, 0x3E04, 
  0x1E04, 0x1E04, 0x1E04, 0x1E04, 0x1E04, 0x1E04, 0x1E04, 0x1E04, 0x1E04, 0x1E04, 0x1E04, 0x1E04, 0x1E04, 0x1E04, 0x1E04, 0x1E04, 
  0x1E04, 0x1E04, 0x1E04, 0x1E04, 0x1E04, 0x1E04, 0x1E04, 0x1D04, 0x3E04, 0x3E04, 0xDC0B, 0xDDA5, 0xFFFF, 0xFCC4, 0x2E90, 0x2CB8, 
  0x4CB8, 0x0BC0, 0x0AB8, 0x2CB8, 0x2CB8, 0x0BB8, 0x2BB8, 0x2BA8, 0x2CA8, 0x2BB0, 0x2BB0, 0x0BA0, 0x2CA0, 0x4DB8, 0x4CB0, 0x0BA0, 
  0x2BA8, 0x6CB8, 0x4CC0, 0x2BA8, 0x2CC0, 0x2CC0, 0x2CC0, 0x2CC0, 0x2BB0, 0x2BA0, 0x2BA0, 0x2BA8, 0x2BB0, 0x0BA8, 0x4CA0, 0x8DB8, 
  0x4B98, 0x4BA0, 0x2BA0, 0x0A98, 0xF3A1, 0xFED5, 0xFFAB, 0x37B2, 0x2B90, 0x0A80, 0x79C4, 0x1FEF, 0xDDAB, 0x5EC3, 0x6EA8, 0x2BB8, 
  0x0BB0, 0x78BA, 0x15A2, 0x2BA0, 0x6CA0, 0x4DB8, 0x0B98, 0x0B98, 0x2B90, 0x1C9B, 0xF7A1, 0x0A98, 0x8A88, 0x4BA0, 0x2BA8, 0x2AA8, 
  0x2B98, 0x7A92, 0x7A9A, 0x0C90, 0x2CA0, 0x4B90, 0x4C88, 0x0A98, 0x15AA, 0xFCB2, 0x2AB0, 0x0BB0, 0xF8BA, 0x5FDE, 0x3C93, 0x3ED6, 
  0x7EBD, 0x9E6A, 0x1F73, 0xFF7A, 0xDF7A, 0xFF72, 0xFF7A, 0xFF7A, 0xBE6A, 0xDDA4, 0x9ECD, 0x189A, 0x4BB0, 0x2A98, 0xD591, 0x3FA3, 
  0x1299, 0x6C88, 0x5BB3, 0xFFBB, 0x56A2, 0x6990, 0xAA88, 0xCA80, 0x4CA0, 0xACA8, 0xAC98, 0x4CB0, 0x2CA8, 0x8B90, 0x8B80, 0x6A88, 
  0x4A90, 0x2BB0, 0x2CC0, 0x4CA8, 0x2A98, 0xA988, 0xAC88, 0x6B98, 0x0BB0, 0x4B98, 0x8B90, 0x6B98, 0x8BA0, 0x4CB0, 0x2CA0, 0x4B88, 
  0x4A80, 0x6CA0, 0xCFC0, 0x2CA8, 0x2CB0, 0x6CA8, 0x4CA0, 0x4DB0, 0x4BA0, 0x8BA8, 0x6B88, 0x6CA0, 0x6CA0, 0x6C88, 0xCB80, 0x0B81, 
  0x4C90, 0x4C98, 0x6B98, 0x6988, 0x6B88, 0x6C90, 0xCB70, 0x6A98, 0x8B80, 0x1BA3, 0xFE7A, 0xBFAB, 0x5CB3, 0x4A88, 0xAD90, 0x7DB3, 
  0xFEB3, 0x9FA3, 0xBE72, 0xDFE6, 0xDFFF, 0x7D83, 0xDF72, 0xDF72, 0x5E83, 0xBFFF, 0x9ED6, 0xBD2B, 0x1E04, 0x1D04, 0x1E04, 0x1E04, 
  0x1E04, 0x1E04, 0x1E04, 0x1E04, 0x1E04, 0x1E04, 0x1E04, 0x1E04, 0x1E04, 0x1E04, 0x1E04, 0x1E04, 0x1E04, 0x1E04, 0x1E04, 0x1E04, 
  0x1E04, 0x1E04, 0x1E04, 0x1E04, 0x1E04, 0x1E04, 0x1E04, 0x1E04, 0x1E04, 0x1E04, 0x1E04, 0x1E04, 0x1E04, 0x1E04, 0x1E04, 0x3E04, 
  0x1E04, 0x1E04, 0x1E04, 0x1E04, 0x1E04, 0x1E04, 0x1E04, 0x1E04, 0x1E04, 0x1E04, 0x1E04, 0x1E04, 0x1E04, 0x1E04, 0x1E04, 0x1E04, 
  0x1E04, 0x1E04, 0x1E04, 0x1E04, 0x1E04, 0x1E04, 0x1E04, 0x1D04, 0x3D04, 0xFE03, 0x5D4C, 0x9FF7, 0x9FF7, 0x75A2, 0x4A98, 0xAB98, 
  0x2B98, 0x4D90, 0xF6B1, 0x58B2, 0x2CA0, 0x2CC0, 0x4DC0, 0x4BB8, 0x2CB8, 0x0CB0, 0x2BA8, 0x2BA8, 0x2CB8, 0x6EC8, 0x2DC0, 0x6EC0, 
  0x6CA0, 0x8B98, 0x6BA0, 0x4BB8, 0x2BB0, 0x0BA8, 0x2BB8, 0x4CA8, 0x4B98, 0x4A98, 0x6C90, 0x2B98, 0x2AA0, 0x0BA8, 0x0CA0, 0x6B90, 
  0x0B71, 0x8B88, 0x2BA8, 0x0B90, 0xD189, 0xDEB4, 0xDFAB, 0x7291, 0x0A80, 0x94A2, 0x7FFF, 0x5DAC, 0x9FC3, 0x1099, 0x2B90, 0x6CA0, 
  0x4DA8, 0xFCCA, 0x9289, 0x8C88, 0x6A98, 0x6A90, 0x6C80, 0x2B98, 0xF188, 0x3F93, 0x12B1, 0x0BC0, 0x6AA0, 0x4BA0, 0x2BA0, 0x0AA0, 
  0x8EA8, 0x1E93, 0xF591, 0x0B88, 0x0BA8, 0x2BA0, 0x2B98, 0x0AA0, 0x98BA, 0xBAB2, 0x2AA0, 0x4B98, 0xB090, 0x5DD5, 0xDEB4, 0x9D9B, 
  0xDEE6, 0x5D7B, 0xDF72, 0xFF7A, 0xFF72, 0xFF7A, 0xFF7A, 0xFF72, 0xFF7A, 0x9E6A, 0xDD93, 0xBE8B, 0x7291, 0x29A8, 0x8C90, 0x1B9B, 
  0x9B9A, 0x0B88, 0x36AA, 0xDFCB, 0x0E89, 0x6AA8, 0xEA80, 0x6A59, 0x0B79, 0x8B98, 0x6BB0, 0x2CB0, 0x2CA8, 0x6B90, 0x4C80, 0x4C80, 
  0x6B88, 0x0CB0, 0x2DC0, 0x4BA0, 0x6B90, 0x4BB0, 0x6C98, 0x6CA0, 0x4BB8, 0x6C88, 0xCB78, 0xAB88, 0x6C80, 0xCB70, 0x6B80, 0x6B88, 
  0x4B98, 0x6CA0, 0x8BB0, 0x4BA0, 0x4B88, 0x2B88, 0x4BA8, 0xACA0, 0x4BA0, 0x4DC0, 0x2BB0, 0x8B90, 0x8B90, 0x6A80, 0x2B90, 0xAA90, 
  0x4A98, 0x2BA8, 0x2BA8, 0x0CB8, 0x2BB0, 0x2BA0, 0x6C80, 0x6B98, 0x0998, 0x94A1, 0x5F93, 0x3E83, 0x1FB4, 0x15C2, 0xD0B8, 0x97A2, 
  0xFFBB, 0xDFBB, 0xBE7A, 0x1DAD, 0xFFFF, 0x7DB5, 0x9E6A, 0x1F7B, 0xBD6A, 0x5ED6, 0x9FF7, 0xFD5B, 0x1D0C, 0x1E04, 0x1E04, 0x1E04, 
  0x1E04, 0x1E04, 0x1E04, 0x1E04, 0x1E04, 0x1E04, 0x1E04, 0x1E04, 0x1E04, 0x1E04, 0x1E04, 0x1E04, 0x1E04, 0x1E04, 0x1E04, 0x1E04, 
  0x1E04, 0x1E04, 0x1E04, 0x1E04, 0x1E04, 0x1E04, 0x1E04, 0x1E04, 0x1E04, 0x1E04, 0x1E04, 0x1E04, 0x1E04, 0x1E04, 0x1E04, 0x3E04, 
  0x1E04, 0x1E04, 0x1E04, 0x1E04, 0x1E04, 0x1E04, 0x1E04, 0x1E04, 0x1E04, 0x1E04, 0x1E04, 0x1E04, 0x1E04, 0x1E04, 0x1E04, 0x1E04, 
  0x1E04, 0x1E04, 0x1E04, 0x1E04, 0x1E04, 0x1E04, 0x1E04, 0x1E04, 0x5D04, 0xDD1B, 0xBEB5, 0xFFFF, 0x5CCD, 0x8E80, 0x6B80, 0x6B80, 
  0x1081, 0x5CAB, 0x1FB4, 0x7CBB, 0x4C90, 0x0B98, 0x4DB8, 0x0BC0, 0x0AA8, 0x2B88, 0x2BA0, 0x4B98, 0x4BA0, 0x4B98, 0x2BA0, 0x2CB0, 
  0xEB68, 0xAB80, 0x4DB8, 0x2BB0, 0x6BB0, 0x4BA8, 0x0BA8, 0x6B88, 0x8B80, 0x4B90, 0x6BA0, 0x8B88, 0x6C98, 0x2BA0, 0x4B98, 0x0B71, 
  0x2A69, 0xED70, 0x4CB8, 0x4AA0, 0x7391, 0x5E8B, 0x5DB3, 0x4C90, 0x0F89, 0xDFF6, 0x3DC5, 0xBFB3, 0xB399, 0x2A80, 0x8D90, 0x4CA8, 
  0x12A9, 0x5DB3, 0x8D90, 0x2B90, 0x8B98, 0xCA78, 0xAB98, 0x0B90, 0x759A, 0x1DB4, 0x2CA8, 0x4CC8, 0x2BA8, 0x2CA0, 0x2CB0, 0x0CC8, 
  0x11A9, 0x3F9B, 0x6F89, 0x8978, 0x8CA0, 0x2CA8, 0x2A98, 0x4C98, 0x5DAB, 0x16AA, 0x0B98, 0x4CA8, 0x0990, 0x14A2, 0x1FD6, 0x9D92, 
  0x7EBD, 0xBEC5, 0x9E6A, 0xFF7A, 0xDF72, 0xFF7A, 0xFF7A, 0xFF72, 0xDF7A, 0x3E73, 0xDF72, 0xDF72, 0x1C8B, 0x6DA0, 0x4A98, 0x9191, 
  0x9FBB, 0xAF98, 0xB1A8, 0xB7B9, 0x2DB0, 0x2EB0, 0x4BA0, 0xCB80, 0xEB88, 0x6A80, 0x0DA8, 0x4CA8, 0x2A90, 0x4C78, 0x8C80, 0x4CA0, 
  0x6C88, 0x6A88, 0x6B80, 0x4C98, 0x6CA8, 0x2C98, 0x2C98, 0x6B80, 0x8BA0, 0x4BA0, 0x8A88, 0x8B80, 0x8B80, 0x2A69, 0x2959, 0xCB80, 
  0x8B78, 0x8A68, 0x0BB0, 0x6CB0, 0xADA8, 0x6DA8, 0x4BA0, 0x2AA0, 0x4BB0, 0x2CB8, 0x2CA8, 0x8B98, 0x6B90, 0x4CA8, 0x2BA8, 0x6DC8, 
  0x0EC8, 0x2CB8, 0x4B98, 0x0B90, 0x0B98, 0x4A90, 0x6B98, 0x6B90, 0x6B90, 0x0E79, 0x5D9B, 0x5F83, 0x7EA4, 0x3CC3, 0x6CB8, 0x50A9, 
  0xBFC3, 0xFFBB, 0x1F8B, 0x7D83, 0xDFFF, 0x7FEF, 0x1D7B, 0xFF72, 0xBF6A, 0x7C9C, 0xFFFF, 0x5D7C, 0xFD13, 0x3D04, 0x1E04, 0x1E04, 
  0x1E04, 0x1E04, 0x1E04, 0x1E04, 0x1E04, 0x1E04, 0x1E04, 0x1E04, 0x1E04, 0x1E04, 0x1E04, 0x1E04, 0x1E04, 0x1E04, 0x1E04, 0x1E04, 
  0x1E04, 0x1E04, 0x1E04, 0x1E04, 0x1E04, 0x1E04, 0x1E04, 0x1E04, 0x1E04, 0x1E04, 0x1E04, 0x1E04, 0x1E04, 0x1E04, 0x1E04, 0x3E04, 
  0x1E04, 0x1E04, 0x1E04, 0x1E04, 0x1E04, 0x1E04, 0x1E04, 0x1E04, 0x1E04, 0x1E04, 0x1E04, 0x1E04, 0x1E04, 0x1E04, 0x1E04, 0x1E04, 
  0x1E04, 0x1E04, 0x1E04, 0x1E04, 0x1E04, 0x1E04, 0x1D04, 0x1E04, 0xFE0B, 0x5D64, 0x5FF7, 0xBFF7, 0x96A2, 0x0A98, 0x0B88, 0xF080, 
  0x9EB3, 0xDFBB, 0xDFB3, 0x5DB3, 0x4D90, 0x2AA8, 0x4B90, 0x2B90, 0x6BA0, 0x4CA8, 0x2BA8, 0x2BA8, 0x2BB0, 0x0BA8, 0x4BA8, 0x2B88, 
  0xAB78, 0x4BA8, 0x4DC0, 0x6CB8, 0x6AA0, 0x4BA8, 0x4CA8, 0x4A88, 0x6C98, 0xAB88, 0x4BA0, 0xAA98, 0xC988, 0x8B88, 0x2990, 0x6B98, 
  0xAD70, 0x6C80, 0x4BA0, 0x6990, 0x54A1, 0x9FA3, 0x15AA, 0x0B88, 0xBBDD, 0x5EDE, 0xDEAB, 0x78BA, 0x0DA0, 0x6B90, 0x2CA0, 0x0BB0, 
  0x38C2, 0xBAB2, 0x0B90, 0x6CA0, 0x4B98, 0x6B98, 0x6AA0, 0x0B88, 0x5CBC, 0xB8B3, 0x0B90, 0x0CA8, 0x8DC0, 0x4DC0, 0x2AB0, 0x0BC8, 
  0x74B1, 0x3DA3, 0xAEA0, 0x4AA8, 0x4B98, 0xAD98, 0x6AA0, 0x3099, 0x9FA3, 0x73A1, 0x4CB0, 0x2CB0, 0x0AB0, 0x0B90, 0x7BCC, 0x5EB4, 
  0xDD92, 0x7EDE, 0xBD8B, 0xBF72, 0xFF72, 0xFF7A, 0xFF72, 0xFF72, 0xFF72, 0xFF72, 0xFF72, 0xDF7A, 0x3F73, 0x59AA, 0x6DC0, 0x4A98, 
  0x19B3, 0x57B2, 0x0CA8, 0x2EA8, 0x4C98, 0x4DA8, 0x4BA8, 0x6BA0, 0x8A98, 0x2A98, 0x0CA8, 0x0BA0, 0x2AA0, 0x4C80, 0x6C88, 0x4B98, 
  0x4C90, 0xAC88, 0x8B70, 0x6B88, 0x2CB8, 0x8C90, 0x6C88, 0x0C90, 0x2BA0, 0x2B98, 0x4B98, 0x8B98, 0x6C98, 0x6B90, 0xCDA0, 0x8C90, 
  0xE968, 0x2B61, 0x6C98, 0x2C98, 0x4BA0, 0x8A98, 0x4A98, 0x4CC0, 0x8CB8, 0x6BA0, 0x2CB0, 0x2BA0, 0x2BA8, 0x0BB8, 0x6C98, 0x4CA8, 
  0x2BB0, 0x8DB8, 0x4DB8, 0x2BA8, 0x2DB0, 0x0C69, 0x2A71, 0x4A98, 0x6A69, 0xC968, 0x57A2, 0x5F8B, 0xBE93, 0x9EAB, 0xB1B8, 0x6DB0, 
  0xFAB2, 0xFFBB, 0x9FA3, 0xBE72, 0x9EDE, 0xFFFF, 0xBDA4, 0xBF6A, 0xFF72, 0x3D7B, 0x7FF7, 0xFDAC, 0xDD23, 0x3D04, 0x1E04, 0x1E04, 
  0x1E04, 0x1E04, 0x1E04, 0x1E04, 0x1E04, 0x1E04, 0x1E04, 0x1E04, 0x1E04, 0x1E04, 0x1E04, 0x1E04, 0x1E04, 0x1E04, 0x1E04, 0x1E04, 
  0x1E04, 0x1E04, 0x1E04, 0x1E04, 0x1E04, 0x1E04, 0x1E04, 0x1E04, 0x1E04, 0x1E04, 0x1E04, 0x1E04, 0x1E04, 0x1E04, 0x1E04, 0x3E04, 
  0x1E04, 0x1E04, 0x1E04, 0x1E04, 0x1E04, 0x1E04, 0x1E04, 0x1E04, 0x1E04, 0x1E04, 0x1E04, 0x1E04, 0x1E04, 0x1E04, 0x1E04, 0x1E04, 
  0x1E04, 0x1E04, 0x1E04, 0x1E04, 0x1E04, 0x1E04, 0x1E04, 0x3D04, 0xFD23, 0x7EB5, 0xFFFF, 0xDECD, 0x90A8, 0x4AC0, 0x8FA8, 0xDCB2, 
  0xBFB3, 0xDFB3, 0xFFBB, 0x3CB3, 0x2CA8, 0x0BA0, 0x2C98, 0x4B88, 0xCB90, 0x4CA0, 0x2A98, 0x0BA8, 0x2BB0, 0x0AA0, 0x2BA0, 0x4B98, 
  0x4BA8, 0x0AB8, 0x4CB8, 0x2CC0, 0x2CB0, 0x4DB0, 0x2BA8, 0x2BA0, 0x4B90, 0x8B88, 0x2BB0, 0x6CC0, 0xC990, 0x4AA0, 0x2DB0, 0x2BA0, 
  0x2A59, 0xCB70, 0xAB90, 0x4C98, 0xF691, 0xBEBB, 0x6E78, 0x57BB, 0x1FF7, 0xFEB3, 0xDAB2, 0x6C88, 0x2DC0, 0x6AA8, 0x6BA8, 0x2A98, 
  0xDAAA, 0xF6A1, 0x4A80, 0x6B88, 0x2BA0, 0x4CA0, 0x2AA8, 0x8C90, 0x5FCD, 0xD1A1, 0x0BA0, 0x4CB0, 0x4BA8, 0x4DB0, 0x6DC8, 0x0AB0, 
  0x38B2, 0xFABA, 0x0C90, 0x2C98, 0x6B88, 0xCC88, 0x4B98, 0xF499, 0x7EA3, 0x8FA8, 0x2BC8, 0x2CB0, 0x2CA8, 0x0AA8, 0x92A1, 0x5ECD, 
  0x3B9A, 0x7DB4, 0x7EBD, 0xBD6A, 0xFF7A, 0xFF72, 0xFF7A, 0xFF72, 0xFF72, 0xFF7A, 0xFF7A, 0xFF7A, 0xFF6A, 0x1F93, 0xF1B0, 0x09A0, 
  0x4F99, 0x3BBB, 0x6CA0, 0x4BC0, 0x0BB8, 0x4BA8, 0x6C90, 0x8980, 0x4B98, 0x0BA8, 0x4CA8, 0x8EC0, 0x0CB0, 0x4B98, 0xAC88, 0x8D80, 
  0x4BB0, 0x2BA0, 0x8A88, 0x8B98, 0x4B88, 0x8A78, 0xAB78, 0xAB80, 0x2BA0, 0x4BA8, 0x6CA0, 0x4D98, 0x4A88, 0xAB98, 0xAF98, 0xADA0, 
  0x6A88, 0x6C98, 0x6D98, 0x2CA8, 0x4BB8, 0x0BB8, 0x0BA8, 0x4BB0, 0x2BA0, 0x6A80, 0x4B90, 0x0BA0, 0x6CB0, 0x2AA8, 0x6B80, 0x4CA0, 
  0x8B98, 0x6A98, 0x2CB8, 0x0CA8, 0x6C98, 0x8B80, 0xAA80, 0x4A90, 0x6B69, 0x4A59, 0x0F99, 0x5FA3, 0x3E7B, 0x1FAC, 0xF7B1, 0x0890, 
  0xF591, 0xFFC3, 0xDFB3, 0x9E72, 0xFDAC, 0xFFFF, 0x7EDE, 0xDD72, 0x1F7B, 0x9D6A, 0x1DCE, 0xDFD5, 0x5E33, 0x3D04, 0x1E04, 0x1E04, 
  0x1E04, 0x1E04, 0x1E04, 0x1E04, 0x1E04, 0x1E04, 0x1E04, 0x1E04, 0x1E04, 0x1E04, 0x1E04, 0x1E04, 0x1E04, 0x1E04, 0x1E04, 0x1E04, 
  0x1E04, 0x1E04, 0x1E04, 0x1E04, 0x1E04, 0x1E04, 0x1E04, 0x1E04, 0x1E04, 0x1E04, 0x1E04, 0x1E04, 0x1E04, 0x1E04, 0x1E04, 0x3E04, 
  0x1E04, 0x1E04, 0x1E04, 0x1E04, 0x1E04, 0x1E04, 0x1E04, 0x1E04, 0x1E04, 0x1E04, 0x1E04, 0x1E04, 0x1E04, 0x1E04, 0x1E04, 0x1E04, 
  0x1E04, 0x1E04, 0x1E04, 0x1E04, 0x1E04, 0x1E04, 0x1E04, 0x1D0C, 0x5E6C, 0x1FEF, 0xFFFF, 0x18AB, 0x0AA0, 0x8EA8, 0xFBC2, 0xBFB3, 
  0xDFAB, 0xBFB3, 0xDFBB, 0xFBBA, 0x6DB0, 0x2BA0, 0x0CB8, 0x2BC0, 0x2BA0, 0x4C90, 0x2BA8, 0x0CC8, 0x0BA8, 0x4BA8, 0x4CA0, 0x4CA0, 
  0x4BA8, 0x2AA8, 0x4CB8, 0x0CB8, 0x2CB8, 0x2DB0, 0x2AA8, 0x2AB0, 0x4CB0, 0x4B90, 0x0CB8, 0x6CB8, 0xAA80, 0x6CA0, 0x4DB8, 0x2BA8, 
  0xEA78, 0xCA70, 0x2B90, 0x4B98, 0x3CB3, 0x76A2, 0x6F89, 0xFFF6, 0x9DB4, 0x5DBB, 0x8EA8, 0x6990, 0x6BA0, 0x2BB0, 0x2BA8, 0x8D98, 
  0x7CB3, 0x5089, 0x2B90, 0x4A98, 0xAA90, 0xEB88, 0x0AA0, 0xF3B1, 0x7FD5, 0x4F90, 0x8EB0, 0x8DB0, 0x0B98, 0x4CA0, 0x8EA0, 0x6A98, 
  0xDAB2, 0x77AA, 0x0AB0, 0xEFA8, 0x6C90, 0x4BB0, 0x2BA8, 0x58A2, 0xFBAA, 0x2B98, 0x4BA0, 0x8B90, 0x8CB0, 0x4CA8, 0x0B90, 0x7AAB, 
  0x3DA3, 0x7A92, 0xFDB4, 0x7D83, 0xDF72, 0xFF72, 0xFF7A, 0xDF72, 0xFF7A, 0xFF72, 0xDF7A, 0xDF7A, 0xFF72, 0x1F73, 0x59B2, 0x0CB0, 
  0x2AA0, 0x36A2, 0x51A9, 0x09A8, 0x4A98, 0x6A80, 0x2C98, 0xAA88, 0xCB80, 0xAB78, 0x4D98, 0x6ED0, 0x4DC8, 0x2BA0, 0x6C90, 0x4CA0, 
  0x2BA0, 0x0BA0, 0x2AA8, 0x6BA0, 0xAB80, 0x2B98, 0xA978, 0x4969, 0xCA88, 0x4BB0, 0x6CA8, 0x8B80, 0xC978, 0x0981, 0x0A71, 0x8C90, 
  0x2CA0, 0xE978, 0x8B98, 0x4CB8, 0x0BB0, 0x2CC0, 0x2DD0, 0x0BA8, 0x2AA0, 0x2CB0, 0x2CA0, 0x2B88, 0x6CA0, 0x6BA0, 0x8C98, 0x6BA8, 
  0x4C90, 0x0A98, 0x4AA0, 0xEA68, 0x8B78, 0x8CA8, 0x6BA8, 0x2BA8, 0x4CB0, 0xCA90, 0x4CB0, 0xDBB2, 0xFE7A, 0xBFAB, 0x9BBB, 0x8B88, 
  0xAF88, 0x9EBB, 0xFFBB, 0xFE82, 0xBE83, 0xDFFF, 0xBFFF, 0xDC8B, 0xDF72, 0xBF6A, 0x7D9C, 0x7FE6, 0x5E43, 0x1E0C, 0x1E04, 0x1E04, 
  0x1E04, 0x1E04, 0x1E04, 0x1E04, 0x1E04, 0x1E04, 0x1E04, 0x1E04, 0x1E04, 0x1E04, 0x1E04, 0x1E04, 0x1E04, 0x1E04, 0x1E04, 0x1E04, 
  0x1E04, 0x1E04, 0x1E04, 0x1E04, 0x1E04, 0x1E04, 0x1E04, 0x1E04, 0x1E04, 0x1E04, 0x1E04, 0x1E04, 0x1E04, 0x1E04, 0x1E04, 0x3E04, 
  0x1E04, 0x1E04, 0x1E04, 0x1E04, 0x1E04, 0x1E04, 0x1E04, 0x1E04, 0x1E04, 0x1E04, 0x1E04, 0x1E04, 0x1E04, 0x1E04, 0x1E04, 0x1E04, 
  0x1E04, 0x1D04, 0x1D04, 0x1E04, 0x1E04, 0x3E04, 0x1D04, 0x1D34, 0xFEAC, 0xFFFF, 0x3EDE, 0x3299, 0x1199, 0xDBB2, 0xDFB3, 0xBEAB, 
  0xDFAB, 0xDFB3, 0xFFBB, 0x9AAA, 0x8B80, 0x4BA0, 0x2DC0, 0x4CA0, 0x4AA0, 0x6BA0, 0x4B98, 0x2CB0, 0x0AA0, 0x4DC8, 0x8EC8, 0x4CA8, 
  0x6DC0, 0x0BA8, 0x2BA8, 0x0CB8, 0x0CB8, 0x4CB8, 0x2BA8, 0x4A90, 0x8A88, 0x8C98, 0x4DB0, 0x4BA8, 0x4BA8, 0x4C88, 0x2B98, 0x0BB0, 
  0x8B80, 0xAB68, 0x4B88, 0x10A1, 0x9ECB, 0x1389, 0xBCDD, 0x9ECD, 0x9EBB, 0x5299, 0x0BA0, 0x2DB0, 0x0B98, 0x0CA8, 0x0BA0, 0x3191, 
  0x7CBB, 0x6C80, 0x0CA0, 0x49A0, 0x4AA0, 0xAC90, 0x4B88, 0x79B3, 0x5ABC, 0x5391, 0xDBBA, 0x6D98, 0x4BA8, 0x8B98, 0xCB68, 0x4B90, 
  0x1BBB, 0xF491, 0x4998, 0xAB90, 0x8B78, 0x0AA0, 0x4BA0, 0xFDB2, 0x9692, 0xAB90, 0x6CB0, 0x4B90, 0x4BA8, 0x6B98, 0x2998, 0x5399, 
  0x3F9B, 0x5992, 0x3D93, 0x1F7B, 0xFF7A, 0xFE7A, 0xFF72, 0xFF72, 0xFF72, 0xFF7A, 0x1F73, 0xFF72, 0xFF72, 0x1F7B, 0x5FA3, 0xED90, 
  0x6AA0, 0x8EA8, 0xB0B8, 0x2BA8, 0x0C98, 0x2BA8, 0x0BB8, 0x6AA0, 0xEA78, 0xCB78, 0x2C90, 0x8CA8, 0x2BA8, 0x0BA0, 0x2B98, 0x2CA0, 
  0x4B98, 0x4BA8, 0x2AB8, 0x6BA0, 0x4B98, 0x6C98, 0x0A71, 0x8C88, 0x8C70, 0x2CA8, 0x6C98, 0xCB78, 0x4A69, 0x4A69, 0xC980, 0x8A71, 
  0xEB70, 0xA849, 0x083A, 0x4B98, 0x4AA0, 0x2AB0, 0x4DD0, 0x4DC0, 0x2BA8, 0x2BB0, 0x0B90, 0x2B90, 0x2BA0, 0x4B98, 0xEB80, 0x6A88, 
  0x8FA8, 0x2DA0, 0xAA88, 0x2969, 0x0B98, 0x4CA8, 0x4B98, 0x2BB0, 0x0BC0, 0x4CA8, 0x6B90, 0xB4A9, 0x7F8B, 0x5F93, 0x1FC4, 0x52A9, 
  0x2988, 0xF9AA, 0x3FC4, 0x3F8B, 0xDD6A, 0xBEE6, 0xFFFF, 0x5DBD, 0x9E6A, 0x1F73, 0x1D73, 0x1ED6, 0xBD63, 0xFE0B, 0x3D04, 0x3E04, 
  0x1E04, 0x1E04, 0x1E04, 0x1E04, 0x1E04, 0x1E04, 0x1E04, 0x1E04, 0x1E04, 0x1E04, 0x1E04, 0x1E04, 0x1E04, 0x1E04, 0x1E04, 0x1E04, 
  0x1E04, 0x1E04, 0x1E04, 0x1E04, 0x1E04, 0x1E04, 0x1E04, 0x1E04, 0x1E04, 0x1E04, 0x1E04, 0x1E04, 0x1E04, 0x1E04, 0x1E04, 0x3E04, 
  0x1E04, 0x1E04, 0x1E04, 0x1E04, 0x1E04, 0x1E04, 0x1E04, 0x1E04, 0x1E04, 0x1E04, 0x1E04, 0x1E04, 0x1E04, 0x1E04, 0x1E04, 0x1E04, 
  0x1E04, 0x3D04, 0x1E04, 0x1E04, 0x1E04, 0x3E04, 0x1E14, 0x7D73, 0x7EE6, 0xFFFF, 0x9BB3, 0x97B9, 0xBFB3, 0xDFB3, 0xBFB3, 0xDFB3, 
  0xDFB3, 0xBFB3, 0xFFBB, 0xF6A1, 0x2A78, 0x6B90, 0x0CB8, 0x0BA0, 0x2AA8, 0x4BA8, 0x2A98, 0x0C90, 0x2BA8, 0x2DB8, 0x4DC8, 0x0BB0, 
  0x2DC0, 0x0BA0, 0x4CA0, 0x2BB0, 0x4BA0, 0x4DC0, 0x2DC0, 0x2A98, 0xAB88, 0xAC90, 0x2BB0, 0x6B98, 0x2CA0, 0x2CA0, 0x2BA0, 0x0CB0, 
  0x6C90, 0xEA68, 0x2B80, 0xD8AA, 0xBCAA, 0xD9B3, 0x7FDE, 0xDFB3, 0x57A2, 0x2A80, 0x4B90, 0x2CA8, 0x2A98, 0x2BA8, 0x0AA8, 0x57B2, 
  0x78AA, 0x8B70, 0xAC80, 0x2B90, 0x4BA0, 0x4A90, 0xCD80, 0x5DB4, 0x3BA3, 0x3DAB, 0xFFC3, 0xF0B0, 0x8988, 0x0C81, 0x6C90, 0x90A0, 
  0x1BBB, 0x6D88, 0x6DA0, 0x8CA0, 0x8A80, 0x4BA8, 0xAFA8, 0xBFB3, 0x7199, 0x2BB8, 0x6DB8, 0x0A98, 0x2CB8, 0x2EC8, 0x2CA8, 0x4DA8, 
  0x9BA2, 0x9A92, 0x99A2, 0x3F83, 0xFE72, 0xFE7A, 0x1F73, 0xFF7A, 0xFF72, 0xFF7A, 0xFF72, 0xFF72, 0xDF7A, 0x9F9B, 0x1FC4, 0xB291, 
  0x6988, 0x2BB0, 0x0BC0, 0x2BC0, 0x0BA8, 0x2BA0, 0x8B98, 0x4CA8, 0xAB68, 0xCA78, 0x6B90, 0x4B98, 0x0BA8, 0x4B90, 0x8C88, 0x4A90, 
  0x0BA0, 0x4CB0, 0x4AA8, 0x6A98, 0x6B98, 0x8B98, 0xCB80, 0x2B90, 0x4B90, 0x0B90, 0x6B88, 0x8B88, 0xAA88, 0x6B80, 0xAB80, 0x6961, 
  0x4A69, 0xCB78, 0xCB78, 0x6BA8, 0x6CA8, 0x0BB8, 0x8CA8, 0x4B81, 0xCB80, 0x4CA0, 0x4BB0, 0x2BA8, 0x8CA8, 0x49A0, 0xEB78, 0xCB70, 
  0xAB68, 0x6B80, 0x8B88, 0x2CB0, 0x4CB8, 0x2CB0, 0x2DB0, 0x2CB8, 0x2CC0, 0x4CB0, 0x4A90, 0xAFA8, 0x3EAB, 0x1E83, 0x3FBC, 0xB8B2, 
  0x0A98, 0xB3A9, 0x1FBC, 0x7F93, 0x9E62, 0x3EBD, 0xFFFF, 0xFEE6, 0xFE72, 0xFF7A, 0x9E6A, 0x1EB5, 0x3E8C, 0xBE1B, 0x3D04, 0x3E04, 
  0x1E04, 0x1E04, 0x1E04, 0x1E04, 0x1E04, 0x1E04, 0x1E04, 0x1E04, 0x1E04, 0x1E04, 0x1E04, 0x1E04, 0x1E04, 0x1E04, 0x1E04, 0x1E04, 
  0x1E04, 0x1E04, 0x1E04, 0x1E04, 0x1E04, 0x1E04, 0x1E04, 0x1E04, 0x1E04, 0x1E04, 0x1E04, 0x1E04, 0x1E04, 0x1E04, 0x1E04, 0x3E04, 
  0x1E04, 0x1E04, 0x1E04, 0x1E04, 0x1E04, 0x1E04, 0x1E04, 0x1E04, 0x1E04, 0x1E04, 0x1E04, 0x1E04, 0x1E04, 0x1E04, 0x1E04, 0x1E04, 
  0x1E04, 0x1E04, 0x1E04, 0x1D04, 0x1C0C, 0x1E04, 0x9E33, 0x9CA3, 0xFFFF, 0xBFDE, 0x7499, 0xDAB2, 0xDFAB, 0xBFB3, 0xDFB3, 0xDFB3, 
  0xDFB3, 0xDFB3, 0xDFB3, 0xD5B1, 0x4BC0, 0x4BA0, 0x4CB8, 0x0BB8, 0x2AA8, 0x0AA0, 0x0BB0, 0x4CC0, 0x2BA8, 0x2CA8, 0x4DC0, 0x6BB0, 
  0x2BA8, 0x2BA0, 0x2BB0, 0x2BA8, 0x6CA0, 0x2CB0, 0x4CB8, 0x2BB0, 0x2CC0, 0x2CC0, 0x0BB8, 0x2BA0, 0x2B90, 0x6C88, 0x4BA8, 0x2DA8, 
  0x6D80, 0x4978, 0x0F89, 0xDFBB, 0xBDAB, 0x1EDE, 0x3EB4, 0x5CB3, 0xAC88, 0x4BA0, 0x6BB0, 0x4A90, 0x6C88, 0x0AB0, 0x2C98, 0x1EC3, 
  0x51B1, 0x8980, 0xCC88, 0x2EB0, 0x4EC0, 0xA870, 0x537A, 0x5E93, 0xBFAB, 0xFFBB, 0x3BB3, 0x8D98, 0x8B88, 0x3099, 0xD1B8, 0x56B2, 
  0xB5B1, 0x0998, 0x4DA8, 0xCDA8, 0xAC88, 0x0BA0, 0x74B1, 0xDEB3, 0xEF90, 0x2BC0, 0x4DC0, 0x6A88, 0x0B99, 0xF0B8, 0x4C98, 0xE978, 
  0x9091, 0x5EA3, 0xB699, 0x3DA3, 0xDF72, 0xFE6A, 0xFF72, 0xBF7A, 0xDF72, 0xFE72, 0xFF72, 0xBF72, 0xFE7A, 0x9FAB, 0xFFBB, 0x95A1, 
  0x0A98, 0x6CA0, 0x4CB0, 0x2AA8, 0x2CA8, 0x2C98, 0x6B90, 0x2BA0, 0x6BA0, 0x8A90, 0x6B98, 0x2CB0, 0x0BB0, 0x4A90, 0x6B88, 0x4BA0, 
  0x2DC8, 0x6CB0, 0x4BA0, 0x6BA8, 0xAB88, 0xAB98, 0x2B90, 0x8B80, 0x6B90, 0x8B80, 0x6C90, 0x2CA0, 0x0CB8, 0x2BB0, 0x2BA0, 0x2CA0, 
  0x8CA0, 0x4B98, 0x4B98, 0x6CA0, 0x2AA0, 0x4B98, 0x0B71, 0x8A51, 0x0B69, 0x8C78, 0x4B98, 0x2BA0, 0x6B98, 0x4B98, 0x0CB8, 0x2BA0, 
  0x6B80, 0x2B90, 0x6B90, 0x4BA0, 0x6BB0, 0xAB88, 0x8C98, 0x4BA8, 0x2CB8, 0x2CA0, 0x2BB0, 0x2CB0, 0x9ABA, 0x3F8B, 0xBEAB, 0xBEBB, 
  0x8FB0, 0x8EA0, 0xBFBB, 0x7F9B, 0xBF6A, 0xDE93, 0xDFFF, 0xFFFF, 0x3D94, 0xBF72, 0xDF72, 0x5E7B, 0x7F7B, 0xBF33, 0x3D04, 0x1D04, 
  0x1E04, 0x1E04, 0x1E04, 0x1E04, 0x1E04, 0x1E04, 0x1E04, 0x1E04, 0x1E04, 0x1E04, 0x1E04, 0x1E04, 0x1E04, 0x1E04, 0x1E04, 0x1E04, 
  0x1E04, 0x1E04, 0x1E04, 0x1E04, 0x1E04, 0x1E04, 0x1E04, 0x1E04, 0x1E04, 0x1E04, 0x1E04, 0x1E04, 0x1E04, 0x1E04, 0x1E04, 0x3E04, 
  0x1E04, 0x1E04, 0x1E04, 0x1E04, 0x1E04, 0x1E04, 0x1E04, 0x1E04, 0x1E04, 0x1E04, 0x1E04, 0x1E04, 0x1E04, 0x1E04, 0x1E04, 0x1E04, 
  0x1E04, 0x1E04, 0x1E04, 0x3D04, 0x3D04, 0x3E14, 0x1D6B, 0xBEDD, 0xFFFF, 0xFAB3, 0x76A1, 0x1FBC, 0xFFB3, 0xDFB3, 0xDFB3, 0xDFB3, 
  0xDFB3, 0xBFB3, 0xDFB3, 0xB5A1, 0x4CC0, 0x2BA8, 0x2B98, 0x2CB0, 0x0BA0, 0x2CB0, 0x4DC0, 0x0BB8, 0x2BB0, 0x2DB8, 0x6B98, 0xCA90, 
  0x4BA0, 0x2BB0, 0x2BA8, 0x4BA0, 0x4BA0, 0x6A88, 0x8BA0, 0xACA0, 0x4AA8, 0x2CB8, 0x2CB8, 0x2BB8, 0x0AA0, 0x6C80, 0x4C88, 0x6A78, 
  0x8B70, 0xCD88, 0x3BBB, 0xBFB3, 0x5EC5, 0xDDC4, 0xDFB3, 0x5592, 0x4A80, 0x8C90, 0x8C98, 0x2DA8, 0x6D88, 0x8D90, 0x16AA, 0x348A, 
  0x6A80, 0x4988, 0x4990, 0x29A0, 0x2998, 0xCA80, 0xFB92, 0x5F8B, 0xDEB3, 0xBFB3, 0xBEAB, 0x53A1, 0x2980, 0x4A88, 0x70B8, 0x1299, 
  0x0B90, 0x8A90, 0x4A90, 0x6A90, 0x6A90, 0x4CA0, 0x5CBB, 0xB8AA, 0x2B80, 0x6B90, 0x0CB0, 0x4CB8, 0x8BA0, 0x6BA0, 0x4B98, 0xAA98, 
  0x6C98, 0xD9AA, 0xDAB2, 0xD599, 0xFFB3, 0x7F93, 0x7F93, 0x7F93, 0x5F8B, 0x5F93, 0x3F93, 0x7F8B, 0xDEA3, 0xDFBB, 0xDFBB, 0xF0A0, 
  0x0CA8, 0x2BB0, 0x6A98, 0xCA78, 0x8B90, 0x4B98, 0x2BB0, 0x4CB0, 0x6DB8, 0x2DC8, 0x2CC0, 0x4EC8, 0x2CB8, 0x2AA8, 0x2A90, 0x2BA0, 
  0x2BB0, 0x4B98, 0x8C80, 0x2BA0, 0x2AA8, 0x4CA8, 0xAC98, 0xEA78, 0xAA80, 0x8B88, 0x6A90, 0x6B80, 0x4BA8, 0x2BA8, 0x6A98, 0x4CB0, 
  0x0BC0, 0x2AB0, 0x4CA0, 0x4C90, 0x2C98, 0x8C88, 0x6B88, 0xEA68, 0x8B88, 0x6C98, 0x4CB0, 0x0CA0, 0x8C80, 0xCB80, 0x4BA0, 0x6CA8, 
  0x4CA8, 0x4DC0, 0x4CA8, 0x2B98, 0x2AA8, 0x6A98, 0x8B90, 0x4A98, 0x4BC0, 0x2CA8, 0x2CB0, 0x2998, 0xF399, 0x7F9B, 0x5E93, 0x1FC4, 
  0xB6B9, 0x0DB0, 0x3DC3, 0xBFA3, 0xDE72, 0x1D7B, 0xFFEE, 0xFFFF, 0xBEC5, 0xBE6A, 0xFF7A, 0xDF72, 0xFF72, 0x9E4B, 0x3D04, 0x1D0C, 
  0x1E04, 0x3E04, 0x1E04, 0x1E04, 0x1E04, 0x1E04, 0x1E04, 0x1E04, 0x1E04, 0x1E04, 0x1E04, 0x1E04, 0x1E04, 0x1E04, 0x1E04, 0x1E04, 
  0x1E04, 0x1E04, 0x1E04, 0x1E04, 0x1E04, 0x1E04, 0x1E04, 0x1E04, 0x1E04, 0x1E04, 0x1E04, 0x1E04, 0x1E04, 0x1E04, 0x1E04, 0x3E04, 
  0x1E04, 0x1E04, 0x1E04, 0x1E04, 0x1E04, 0x1E04, 0x1E04, 0x1E04, 0x1E04, 0x1E04, 0x1E04, 0x1E04, 0x1E04, 0x1E04, 0x1E04, 0x1E04, 
  0x1E04, 0x1D04, 0x1D04, 0x3E04, 0x1E04, 0x1E44, 0xFEAB, 0xBFF7, 0x1EDF, 0xF691, 0x1CBB, 0xFFB3, 0xBFBB, 0xDFB3, 0xBFAB, 0xDFB3, 
  0xBFB3, 0x9FAB, 0xFFB3, 0x16A2, 0x09A0, 0x4BA0, 0x4B98, 0x2C98, 0x0BB0, 0x2DC0, 0x4DB0, 0xAA90, 0x2BA0, 0x2CB0, 0x4CC0, 0x4BB0, 
  0x0AA8, 0x4CB8, 0x6BA8, 0x6CB8, 0x6CB0, 0x8C98, 0xAA78, 0x0A71, 0x2BA8, 0x0BB0, 0x0BB8, 0x0BB8, 0x2BA8, 0x2B90, 0xAD70, 0x9399, 
  0x57A2, 0x3DA3, 0xBFBB, 0xFFAB, 0x7DBD, 0xBEAB, 0xDFB3, 0x579A, 0xB6A2, 0x5AA3, 0xFAAA, 0x3AB2, 0xBAA1, 0x3A9A, 0x79A2, 0x537A, 
  0x34A2, 0xB4A9, 0x7199, 0x7091, 0xB291, 0x99AA, 0x1E8B, 0xDFA3, 0xBFB3, 0xBFB3, 0x1FAC, 0x7CBB, 0xB199, 0xEE90, 0x4DB0, 0x0CA8, 
  0xB3B1, 0x4A90, 0x2B98, 0x50A8, 0xD3B0, 0x58B2, 0xB8AA, 0x8B80, 0x6878, 0x2988, 0x0AA0, 0x09A0, 0x0A98, 0xA978, 0x8B88, 0x6FB0, 
  0x0A98, 0x11A1, 0xFFC3, 0x7089, 0xB299, 0xB69A, 0x97A2, 0xF9B2, 0xBEB3, 0x1FC4, 0xDFBB, 0xDFBB, 0xDFBB, 0x1FBC, 0xB68A, 0xA968, 
  0x4A88, 0x6A98, 0x4CA8, 0x2B98, 0x4C88, 0x6B98, 0x2BA0, 0x2BA8, 0x6CB0, 0xCCA8, 0x8B90, 0x0B98, 0x2BA8, 0x2AA0, 0x2BA0, 0x2B98, 
  0x2BA0, 0x2BA0, 0x6C88, 0xAB80, 0x8A98, 0x2BA0, 0x6D90, 0x2B90, 0x4C98, 0x8D98, 0x4C98, 0x4C98, 0x2C88, 0x4B88, 0x8A88, 0x4BA8, 
  0x2CB0, 0x2B90, 0x0CA0, 0x0CA8, 0x2CB0, 0x4CB8, 0x2BA8, 0x8CB0, 0x6BA0, 0x6BA8, 0x6AA8, 0x0AA0, 0x6A90, 0x2A79, 0x0969, 0x8B80, 
  0x4B90, 0x8DC8, 0xB0D0, 0x2BB0, 0x0AB0, 0x0BB0, 0x2BA0, 0x2AA0, 0x2BB0, 0x2CB0, 0x4BA0, 0x2AA8, 0x2D91, 0x5DA3, 0x1F8B, 0x1FBC, 
  0x1CBB, 0x4EB0, 0x79C2, 0xDFAB, 0xFE7A, 0xBE6A, 0xDEC5, 0xFFFF, 0x1FEF, 0x1C73, 0xFF7A, 0x3F83, 0xDF7A, 0x7F63, 0x3E14, 0x1D04, 
  0x1D04, 0x3E04, 0x1E04, 0x1E04, 0x1E04, 0x1E04, 0x1E04, 0x1E04, 0x1E04, 0x1E04, 0x1E04, 0x1E04, 0x1E04, 0x1E04, 0x1E04, 0x1E04, 
  0x1E04, 0x1E04, 0x1E04, 0x1E04, 0x1E04, 0x1E04, 0x1E04, 0x1E04, 0x1E04, 0x1E04, 0x1E04, 0x1E04, 0x1E04, 0x1E04, 0x1E04, 0x3E04, 
  0x1E04, 0x1E04, 0x1E04, 0x1E04, 0x1E04, 0x1E04, 0x1E04, 0x1E04, 0x1E04, 0x1E04, 0x1E04, 0x1E04, 0x1E04, 0x1E04, 0x1E04, 0x1E04, 
  0x1E04, 0x1D04, 0x3D04, 0x1E04, 0x1E1C, 0xFE83, 0xDED5, 0xFFFF, 0xFAAB, 0x389A, 0xFFBB, 0xDFBB, 0xDFBB, 0xDFAB, 0xBFAB, 0xDFB3, 
  0xBFB3, 0xDFB3, 0xFFB3, 0xBBBA, 0x2CB0, 0x2BA8, 0x4DB0, 0x4B98, 0xA988, 0x0BA0, 0x0CA8, 0x8BA0, 0xCD98, 0x8CA8, 0x0AA0, 0x2BA0, 
  0x2A98, 0x4A90, 0x2BA8, 0x0BA8, 0x2BB0, 0x4CB0, 0x4BA0, 0x6B88, 0x2AA0, 0x0CB0, 0x2CA8, 0x6B98, 0x2998, 0xAE98, 0x39A3, 0x1EAC, 
  0x3E7B, 0xFE7A, 0x9FA3, 0xDEA3, 0x3DA4, 0xDFAB, 0xBFBB, 0xDFCB, 0x5FCC, 0xFFC3, 0x1FB4, 0xFFB3, 0xDFC3, 0xDFB3, 0xFFBB, 0x1FC4, 
  0x3FBC, 0x3FBC, 0x1FBC, 0xFFB3, 0xDFAB, 0x7FA3, 0xBFA3, 0x1FB4, 0xFFBB, 0xDFAB, 0x7EA3, 0xBFAB, 0xDFA3, 0x7EB3, 0x1CB3, 0xFABA, 
  0xBDC3, 0x57AA, 0x3ABA, 0x5EC2, 0x7FC2, 0x5AAA, 0x38A2, 0x97A2, 0x969A, 0xF7B1, 0xB4A1, 0x7291, 0x5191, 0x1492, 0x3AA3, 0x5DBB, 
  0x92A1, 0x6A88, 0x5CC3, 0x9BAA, 0x9499, 0x3792, 0xD791, 0x5489, 0xAF90, 0x95B1, 0x9DBB, 0xDEBB, 0xBFC3, 0x369A, 0x0A71, 0x0A61, 
  0xEB70, 0xEA70, 0x6B78, 0x6BA0, 0x2BA0, 0x4B98, 0x4BA8, 0x4B98, 0x6B90, 0xEA78, 0xEA58, 0x2C98, 0x2B98, 0x6B90, 0x2CA8, 0x0BA0, 
  0x6B98, 0x6B90, 0x2DA8, 0xAB70, 0xAB78, 0x4BA8, 0x4A90, 0x0C98, 0x6C98, 0x6B88, 0x4B90, 0x8B98, 0x4C88, 0x6D80, 0x4C98, 0x2CB0, 
  0x4B98, 0x4B98, 0x4CA8, 0x4B98, 0x8DB8, 0x4C90, 0x2B98, 0x8DB8, 0x4EC8, 0x6FD0, 0x6CC0, 0x4CC0, 0x2BA8, 0x4B98, 0xAB80, 0x8C88, 
  0x2BA0, 0x8B80, 0x2CA0, 0x4DD0, 0x4CC8, 0x2AA0, 0x2BB0, 0x6BA0, 0x0B79, 0x8B78, 0x4B98, 0x0AB8, 0x2A98, 0xD9A2, 0x3F8B, 0xBFA3, 
  0xDFBB, 0xD0A8, 0x73B1, 0xDFB3, 0xFF82, 0x9F6A, 0xBCA4, 0xFFFF, 0xFFFF, 0x1D94, 0xBF72, 0x9F93, 0xFE7A, 0x5F73, 0x1E24, 0x1D04, 
  0x1E04, 0x1E04, 0x1E04, 0x1E04, 0x1E04, 0x1E04, 0x1E04, 0x1E04, 0x1E04, 0x1E04, 0x1E04, 0x1E04, 0x1E04, 0x1E04, 0x1E04, 0x1E04, 
  0x1E04, 0x1E04, 0x1E04, 0x1E04, 0x1E04, 0x1E04, 0x1E04, 0x1E04, 0x1E04, 0x1E04, 0x1E04, 0x1E04, 0x1E04, 0x1E04, 0x1E04, 0x3E04, 
  0x1E04, 0x1E04, 0x1E04, 0x1E04, 0x1E04, 0x1E04, 0x1E04, 0x1E04, 0x1E04, 0x1E04, 0x1E04, 0x1E04, 0x1E04, 0x1E04, 0x1E04, 0x1E04, 
  0x1E04, 0x3E04, 0x3E04, 0x1C04, 0x5E5C, 0x1DA4, 0x7FF7, 0x7FE6, 0xF899, 0x3EAB, 0xDFAB, 0xBFB3, 0xDFB3, 0xBFAB, 0xBFAB, 0xDFB3, 
  0xDFB3, 0xDFB3, 0xDFB3, 0xBFBB, 0xEFA0, 0x2CB0, 0x4EB0, 0x4B90, 0x6A98, 0x2CB8, 0x0BA0, 0x2BB0, 0x4CA8, 0x4BB0, 0x2B98, 0x4C98, 
  0x2BA8, 0x2BA8, 0x0BB0, 0x2BA8, 0x2BA8, 0x0BA8, 0x0DC0, 0x2CC0, 0x4DA0, 0x2CA0, 0x4CA8, 0x4BA8, 0x2CA8, 0x19A3, 0x1FE7, 0x7D9C, 
  0xBE6A, 0xFF7A, 0x3F8B, 0xFE7A, 0xBEAB, 0xBFBB, 0xFFB3, 0x39AB, 0xD299, 0x12B1, 0x32A1, 0x93A1, 0xD4A1, 0x38B2, 0x38B2, 0x58AA, 
  0x79BA, 0xFAB2, 0x3BAB, 0x5CBB, 0x9BB3, 0x7CB3, 0x5CBB, 0x7BBB, 0x3CC3, 0x7DB3, 0x5EA3, 0x3FA3, 0x3F9B, 0x5F8B, 0x5F8B, 0x7F8B, 
  0x5F93, 0x9F9B, 0x9F93, 0x9F93, 0x7E9B, 0x7F93, 0x9F93, 0xBF9B, 0xBFA3, 0xBFAB, 0xDFB3, 0x1FBC, 0x1FB4, 0xFFC3, 0xFFBB, 0x5FC4, 
  0x99BA, 0x2A90, 0xFBB2, 0x1EA3, 0x7F93, 0xFF82, 0xDF8B, 0x7ECD, 0x7BC4, 0xD098, 0x8DA8, 0x32A9, 0x2F89, 0x0990, 0x2BB0, 0x2BA8, 
  0x2B98, 0x6CA0, 0xCDB8, 0x4BA0, 0x2BB0, 0x2BB8, 0xABA8, 0xEA70, 0x6B78, 0x6B98, 0x6B98, 0x2B98, 0x0B98, 0xCB78, 0x8C88, 0x4B88, 
  0x8B78, 0x2CA0, 0x4CA8, 0x8DA8, 0x2BA0, 0x4BB0, 0x2CA8, 0x2C98, 0x4B90, 0x6CA8, 0x8B98, 0xAA80, 0x4BA0, 0x4BA0, 0x2CA0, 0x6CA0, 
  0xEA80, 0x4AA8, 0xAA98, 0x8B98, 0x4CA8, 0xCC88, 0x2BA0, 0x0BA0, 0x2AA0, 0x0BA0, 0x2AA0, 0x2DB8, 0x0CA8, 0x2BA0, 0x8B88, 0xCC80, 
  0x2B98, 0x8B90, 0x4C90, 0x4BB0, 0x4BA8, 0x0C98, 0x4DA0, 0x4A98, 0x4A98, 0x8B90, 0x4B98, 0x2BA0, 0x0A90, 0xB4A1, 0x7F9B, 0x5F93, 
  0x1FBC, 0x38BA, 0x8FA0, 0xDFB3, 0x1F8B, 0xBF72, 0xBD83, 0xBFFF, 0xFFFF, 0x5EBD, 0x7E6A, 0xDF9B, 0x5F8B, 0xFF72, 0xFE3B, 0x3D04, 
  0x1E04, 0x1E04, 0x1E04, 0x1E04, 0x1E04, 0x1E04, 0x1E04, 0x1E04, 0x1E04, 0x1E04, 0x1E04, 0x1E04, 0x1E04, 0x1E04, 0x1E04, 0x1E04, 
  0x1E04, 0x1E04, 0x1E04, 0x1E04, 0x1E04, 0x1E04, 0x1E04, 0x1E04, 0x1E04, 0x1E04, 0x1E04, 0x1E04, 0x1E04, 0x1E04, 0x1E04, 0x3E04, 
  0x1E04, 0x1E04, 0x1E04, 0x1E04, 0x1E04, 0x1E04, 0x1E04, 0x1E04, 0x1E04, 0x1E04, 0x1E04, 0x1E04, 0x1E04, 0x1E04, 0x1E04, 0x1E04, 
  0x1E04, 0x3E04, 0x1E04, 0x3D24, 0xFF8B, 0x5DCD, 0xFFFF, 0x9BAB, 0x7CAA, 0xFFB3, 0xBFAB, 0xDFB3, 0xDFB3, 0xBFAB, 0x9FAB, 0xDFB3, 
  0xBFB3, 0xDFB3, 0xBFAB, 0xFFB3, 0x1BB3, 0x4D98, 0x09B0, 0x4BB8, 0x0CB8, 0x2CA8, 0x4BA0, 0x8B88, 0x0A98, 0x2BB0, 0x6CC0, 0x2BB8, 
  0x2CB0, 0x2CB0, 0x2CA8, 0x6CB0, 0x4CB8, 0x0CC8, 0x4DC8, 0x4DC8, 0xACB0, 0xCB88, 0x2BA0, 0x2AB8, 0x8F98, 0x7DCD, 0xFFFF, 0xDC8B, 
  0xBF72, 0xFF7A, 0xFF6A, 0xFF82, 0xFFBB, 0x1FC4, 0x989A, 0x6A78, 0x8990, 0x4A98, 0x0CB0, 0x0BB8, 0x6CB0, 0x2AB0, 0x6BB0, 0x2A98, 
  0x2A98, 0x2B98, 0x8C88, 0x8D90, 0xCB98, 0x0C79, 0xAC90, 0x6BA0, 0x8C98, 0x8E98, 0xB0B0, 0x31A9, 0x92A1, 0x14A2, 0xF491, 0x159A, 
  0x38A2, 0x369A, 0x7792, 0xB99A, 0x9AAA, 0xDBAA, 0xDBAA, 0xFA9A, 0xDB9A, 0x3CAB, 0x3DBB, 0x7EBB, 0x9DAB, 0x7CAB, 0xFBB2, 0x76A2, 
  0xAE90, 0x73A9, 0x7FB3, 0x7FA3, 0x3E83, 0xFF72, 0xDE72, 0x1D73, 0xDFC5, 0xFCCC, 0x4DA0, 0x09A0, 0x6B98, 0x4BB8, 0x0BB0, 0x2CB8, 
  0x2AA8, 0x2BA0, 0xCFA8, 0x2C98, 0x8FB0, 0x8BA0, 0x6A61, 0x4A61, 0x6C78, 0xAB80, 0x4A90, 0x4B98, 0x0CA8, 0x4B90, 0x8B88, 0xAA88, 
  0xAA80, 0x6B98, 0x4AA0, 0x4BA8, 0x2CC0, 0x2BA8, 0x0BA0, 0x0BA8, 0x4BA0, 0x4DB0, 0x2CB8, 0x6C90, 0xAB80, 0x2CA0, 0x4B80, 0x8A80, 
  0x6A61, 0xAB98, 0x2DC0, 0x6B90, 0xACA0, 0xADA0, 0x4B88, 0x4A98, 0x6AA0, 0x4B90, 0x6A88, 0x6BA0, 0x2CB8, 0x4C90, 0xCB58, 0x6B90, 
  0x0BA0, 0x2CB0, 0x6B88, 0x4B90, 0x2A90, 0x6C88, 0x2C90, 0x8EB8, 0x52D1, 0x6A80, 0x8B90, 0x6C98, 0x2B98, 0xAEA8, 0x5EA3, 0x1F8B, 
  0xFFAB, 0x5DB3, 0x13A9, 0x5CBB, 0x5F93, 0xDF72, 0xFE72, 0xFFE6, 0xFFFF, 0x7EDE, 0xDE62, 0x5F93, 0x9FA3, 0xDF72, 0x1E54, 0x3D04, 
  0x1E04, 0x1D04, 0x3E04, 0x1D04, 0x1E04, 0x1E04, 0x1E04, 0x1E04, 0x1E04, 0x1E04, 0x1E04, 0x1E04, 0x1E04, 0x1E04, 0x1E04, 0x1E04, 
  0x1E04, 0x1E04, 0x1E04, 0x1E04, 0x1E04, 0x1E04, 0x1E04, 0x1E04, 0x1E04, 0x1E04, 0x1E04, 0x1E04, 0x1E04, 0x1E04, 0x1E04, 0x3E04, 
  0x1E04, 0x1E04, 0x1E04, 0x1E04, 0x1E04, 0x1E04, 0x1E04, 0x1E04, 0x1E04, 0x1E04, 0x1E04, 0x1E04, 0x1E04, 0x1E04, 0x1E04, 0x1E04, 
  0x1E04, 0x1E04, 0x1D04, 0x5F64, 0xBE9B, 0x3FEF, 0x3EE6, 0x3A92, 0x9FBB, 0xBFAB, 0xDFAB, 0xDFB3, 0xDFB3, 0xDFAB, 0xDFB3, 0xDFB3, 
  0xDFB3, 0xDFB3, 0xBFAB, 0xBEAB, 0x1FAC, 0x1CAB, 0x31B1, 0x0AA8, 0x0BA8, 0x2CA8, 0x2CB8, 0x6B88, 0x2CA8, 0x0CB0, 0x4B98, 0x2BB0, 
  0x2CC0, 0x2B98, 0x4B88, 0x4BA0, 0x2BA0, 0x2BA8, 0x4BA8, 0x4BA8, 0x4CB8, 0x6CB0, 0x4CB0, 0x0AA8, 0x4FA0, 0x1CC5, 0xFFFF, 0x3ED6, 
  0xDD7A, 0x1E7B, 0xFE7A, 0xBFB3, 0x9DB3, 0x78A2, 0xCC88, 0x2988, 0x0CB0, 0x0B98, 0x0CA0, 0x0CB0, 0x2CA0, 0x0B88, 0x0B90, 0x0B98, 
  0x0BA0, 0x0AA0, 0x0B88, 0x0C88, 0x2B88, 0x0B59, 0x2C98, 0x0BC0, 0x4BA0, 0x2BB0, 0x2BD8, 0x29A8, 0x0990, 0x8970, 0x8978, 0x0898, 
  0x8A98, 0x8978, 0x8A80, 0x6CA0, 0x8DA8, 0x8C98, 0x4DB0, 0xAEB8, 0x6D98, 0xAD98, 0x8EA8, 0xAEA0, 0xCE78, 0xEB78, 0xB0A0, 0x5499, 
  0xF899, 0x1EAB, 0xBFB3, 0xFFB3, 0x1D83, 0xDE72, 0x1F7B, 0xDE6A, 0x3D7B, 0x7FE6, 0x7599, 0x09A0, 0x2BB8, 0x2BA8, 0x6B98, 0x4B98, 
  0x0BA8, 0x4B80, 0xEC60, 0x6B80, 0x4B90, 0x4BA0, 0xEA58, 0xEB70, 0x6A80, 0xAA78, 0x8B88, 0x4BA0, 0x2CA8, 0x0CB8, 0x2BA0, 0x2A90, 
  0x6CA0, 0x30B9, 0x8DA8, 0xAC88, 0xAB80, 0x0CB0, 0x4CC0, 0xD0C8, 0x4BA8, 0x0CA0, 0x0BB0, 0x2AA0, 0xAA78, 0x6D88, 0xAB90, 0xA978, 
  0x0B79, 0x4CA0, 0x2C98, 0x4C98, 0x8A98, 0x4BA8, 0x2CA8, 0x2BA0, 0x2AA0, 0x2CA8, 0x6CA0, 0x2CA8, 0x0BB0, 0x4CA8, 0x8C90, 0x4CB0, 
  0x2CB8, 0x2CB8, 0x2B98, 0x2B98, 0x2BA8, 0x0BB0, 0x2AB0, 0x6EC8, 0x10B9, 0x2AA0, 0x2BA0, 0xED88, 0xCC88, 0xAA78, 0xB9AA, 0x3F83, 
  0xBE9B, 0xFFC3, 0xB4A1, 0x77B2, 0xDFA3, 0xDF72, 0xBD6A, 0x1DCE, 0xFFFF, 0x7FF7, 0x5D7B, 0xFF82, 0xDFAB, 0xFF7A, 0xBE53, 0x3D04, 
  0x1E04, 0x1E04, 0x1E04, 0x1D04, 0x1E04, 0x1E04, 0x1E04, 0x1E04, 0x1E04, 0x1E04, 0x1E04, 0x1E04, 0x1E04, 0x1E04, 0x1E04, 0x1E04, 
  0x1E04, 0x1E04, 0x1E04, 0x1E04, 0x1E04, 0x1E04, 0x1E04, 0x1E04, 0x1E04, 0x1E04, 0x1E04, 0x1E04, 0x1E04, 0x1E04, 0x1E04, 0x3E04, 
  0x1E04, 0x1E04, 0x1E04, 0x1E04, 0x1E04, 0x1E04, 0x1E04, 0x1E04, 0x1E04, 0x1E04, 0x1E04, 0x1E04, 0x1E04, 0x1E04, 0x1E04, 0x1E04, 
  0x1E04, 0x1D04, 0x3E24, 0x9F83, 0x9DB4, 0xFFFF, 0xBCAB, 0xBDAA, 0xFFB3, 0xDFAB, 0xBFB3, 0xBFB3, 0xBFAB, 0xDFB3, 0xDFB3, 0xDFB3, 
  0xDFBB, 0xDFB3, 0xBFB3, 0xBFAB, 0xDFB3, 0xFFB3, 0xDFB3, 0x37AA, 0xCE90, 0x4A88, 0x0BB8, 0x0BB8, 0x0CC0, 0x4DC0, 0x2CB8, 0x2BB0, 
  0x2CB8, 0x0CB8, 0x2BA0, 0x2B90, 0x4B98, 0x4CB8, 0x4CA8, 0x4CB0, 0x4DB8, 0x2CB8, 0x6CB0, 0x4CC0, 0x2DC8, 0x56A2, 0x9FD6, 0x9FEF, 
  0xDEC5, 0x7E8B, 0x1D9B, 0x37A2, 0xB189, 0x9381, 0x9491, 0xD5A2, 0x17BB, 0xB6B2, 0x13AA, 0x72B2, 0x1293, 0x128B, 0x92A2, 0x72AA, 
  0x12BA, 0xB1A9, 0x9099, 0xB0A9, 0x6D89, 0xAD79, 0x2E99, 0xF1C0, 0xAFA8, 0x8DA0, 0x4CB0, 0x8C90, 0x4C90, 0x6C88, 0x4C78, 0xAD90, 
  0x2B80, 0x8A70, 0x2B80, 0x0C98, 0x0A88, 0x8968, 0x0A80, 0x0CA8, 0x0A90, 0x0998, 0x0BA8, 0x0A90, 0x0B80, 0x0890, 0x6EA0, 0xDBBA, 
  0x7DC3, 0x5FBB, 0x9FB3, 0xDFB3, 0x7F9B, 0xDF82, 0x3F8B, 0xDD82, 0xBDA4, 0x3FDE, 0xF2B0, 0x4BB0, 0x0BB0, 0x6C80, 0x6B51, 0x8B80, 
  0x2BA8, 0x8B90, 0x8B88, 0x6A88, 0xAA68, 0x4B98, 0x4CA0, 0x4B90, 0x6B90, 0xCC78, 0x0B69, 0x6B80, 0x2BA0, 0x2CB0, 0x2BA0, 0xAB88, 
  0x6CA0, 0x2BA8, 0x2B90, 0x2A71, 0xEA68, 0xADB8, 0x6BA0, 0x90C8, 0x4DB0, 0x0D98, 0x2DB8, 0x0DC8, 0x2CA8, 0x6B80, 0x8A78, 0x6CA0, 
  0x6B90, 0x2BA0, 0x2BA0, 0x4B98, 0x2BA8, 0x4BB8, 0x2CC0, 0x2CB0, 0x4BA0, 0x6DC0, 0x6ED0, 0x2CA8, 0x6DA8, 0xAC90, 0x4BA8, 0x4CC0, 
  0x4CC0, 0x6DB0, 0x4DA8, 0x4C88, 0x6B90, 0x4BA8, 0x0BA8, 0x2CB0, 0x8990, 0x6979, 0x4C98, 0x8B80, 0x2B69, 0x6B90, 0xB2A1, 0x7F93, 
  0x3F93, 0xFFB3, 0xB9B2, 0xF5A1, 0xDFBB, 0x3F73, 0x9E6A, 0xFEAC, 0xFFFF, 0xFFFF, 0x3D94, 0x9D72, 0xDFAB, 0x3F8B, 0x5E5B, 0x1E0C, 
  0x3E04, 0x3E04, 0x1D04, 0x1D04, 0x1E04, 0x1E04, 0x1E04, 0x1E04, 0x1E04, 0x1E04, 0x1E04, 0x1E04, 0x1E04, 0x1E04, 0x1E04, 0x1E04, 
  0x1E04, 0x1E04, 0x1E04, 0x1E04, 0x1E04, 0x1E04, 0x1E04, 0x1E04, 0x1E04, 0x1E04, 0x1E04, 0x1E04, 0x1E04, 0x1E04, 0x1E04, 0x3E04, 
  0x1E04, 0x1E04, 0x1E04, 0x1E04, 0x1E04, 0x1E04, 0x1E04, 0x1E04, 0x1E04, 0x1E04, 0x1E04, 0x1E04, 0x1E04, 0x1E04, 0x1E04, 0x1E04, 
  0x1E04, 0x3D04, 0x1F54, 0x1F8B, 0xDED5, 0xDFDE, 0x3C92, 0x7FBB, 0xDFAB, 0xDFB3, 0xDFB3, 0xBFB3, 0xDFB3, 0xDFB3, 0xDFB3, 0xDFB3, 
  0xBFB3, 0xDFB3, 0xBFB3, 0xBFB3, 0xDFBB, 0xFFB3, 0xDEB3, 0xFFB3, 0x9FAB, 0xD9AA, 0xD4A9, 0xF098, 0x4D98, 0x4DB0, 0x0AC0, 0x0AB0, 
  0x2CB8, 0x2CC8, 0x0AA0, 0x0AA0, 0x4CB8, 0x0EC9, 0x6DB0, 0x4CB0, 0x4BA0, 0x2BB0, 0x0CC0, 0x4CB0, 0x2CB8, 0x2DB0, 0xB5A1, 0x189B, 
  0x199B, 0x7A9A, 0x589A, 0xDAB2, 0x1DBB, 0xFDB2, 0xDEA2, 0xDEBB, 0xFDCC, 0x9EDD, 0xBEE5, 0x1EDE, 0x7FE6, 0xBFEE, 0xBFEE, 0x9FEE, 
  0xFFEE, 0xFFEE, 0xFFF6, 0xDFEE, 0x9EEE, 0xBEEE, 0xBEEE, 0x7FEE, 0x9FE6, 0x7EE6, 0x3DDE, 0x1DE6, 0xFDDD, 0xFEE5, 0xFEE5, 0xFEED, 
  0xBCDD, 0x9CDD, 0x7CDD, 0x9CCD, 0x9DD5, 0x7CCD, 0xDAD4, 0xB9D4, 0x98D4, 0x17CC, 0xD7C3, 0xF8C3, 0x35B3, 0x14B3, 0xF2AA, 0xB3A2, 
  0x17A3, 0x7CA3, 0x3EB4, 0xDFAB, 0xFEAB, 0x1EAC, 0x3DAC, 0x1EC5, 0xBFEE, 0xF7AA, 0x0BB0, 0x8CA0, 0x4C90, 0xAB88, 0xE949, 0xAA90, 
  0x6A90, 0xAC80, 0x0B98, 0x2AA8, 0x6CA8, 0x8DB8, 0x2CA8, 0x0CA0, 0x4D98, 0xAB80, 0x2BA0, 0x2CB0, 0x2CB8, 0x2CB0, 0x0B98, 0x2B90, 
  0x6B90, 0x4B90, 0x2C90, 0xAB88, 0x8B88, 0x6C90, 0x6A90, 0x4A98, 0x4CB0, 0x4A98, 0x2BA0, 0x4BA8, 0x4A98, 0x4A88, 0x6B90, 0x6B90, 
  0x6B88, 0x4C98, 0xAC80, 0x6B90, 0x2BA8, 0x8B98, 0x6AA8, 0x4AA0, 0x4D90, 0x2BA0, 0x2CB0, 0x0CB8, 0x4CA8, 0x8B98, 0xAB88, 0x6CA0, 
  0x2BB0, 0x2BA0, 0x4CA8, 0x6DA0, 0x6B90, 0xEA88, 0x4CA0, 0x2B98, 0xAB80, 0xE978, 0xAB88, 0x2B59, 0xCC88, 0x2AA0, 0x4DA0, 0xFDAA, 
  0x3F8B, 0xBFA3, 0x5EAB, 0xD7A1, 0xDFBB, 0x5E83, 0x9F72, 0xDE8B, 0xDFFF, 0xFFFF, 0x5DBD, 0x3E7B, 0x9F9B, 0x7F9B, 0x1F6B, 0xFE23, 
  0x3D04, 0x3E04, 0x1D04, 0x1D04, 0x1E04, 0x1E04, 0x1E04, 0x1E04, 0x1E04, 0x1E04, 0x1E04, 0x1E04, 0x1E04, 0x1E04, 0x1E04, 0x1E04, 
  0x1E04, 0x1E04, 0x1E04, 0x1E04, 0x1E04, 0x1E04, 0x1E04, 0x1E04, 0x1E04, 0x1E04, 0x1E04, 0x1E04, 0x1E04, 0x1E04, 0x1E04, 0x3E04, 
  0x1E04, 0x1E04, 0x1E04, 0x1E04, 0x1E04, 0x1E04, 0x1E04, 0x1E04, 0x1E04, 0x1E04, 0x1E04, 0x1E04, 0x1E04, 0x1E04, 0x1E04, 0x1E04, 
  0x1D04, 0x5D14, 0xBF7B, 0x1E8B, 0x9FDE, 0x1EBD, 0x5DA2, 0xFFBB, 0xBFB3, 0xBFB3, 0xBFB3, 0xDFB3, 0xDFBB, 0xDFB3, 0xDFB3, 0xBFB3, 
  0xDFB3, 0xDFB3, 0xDFB3, 0xBFB3, 0xBFB3, 0xBFAB, 0xDFB3, 0xDFB3, 0xBFAB, 0xFFBB, 0xFFBB, 0xDFBB, 0x7DB3, 0xDABA, 0xF6B1, 0xD1A8, 
  0x2FC8, 0x0CB0, 0x2BA8, 0x2CB8, 0x2CB0, 0x4BA0, 0x4CA0, 0x6B90, 0x4B90, 0x6CA8, 0x4DC0, 0x0CB0, 0x4DB8, 0x4BB8, 0x0AC0, 0x8FB0, 
  0x9399, 0xD6A1, 0x16BA, 0x50A9, 0x6E98, 0x2CA8, 0xAFB0, 0x72D0, 0x2EB0, 0x2DA8, 0x4DA0, 0x8D98, 0xAFB0, 0x0E81, 0x0E71, 0xEFA0, 
  0xEDA8, 0x2DA1, 0x4E91, 0xAF89, 0xAE99, 0x10AA, 0x12A2, 0x31AA, 0xD4B2, 0xD5BA, 0xD6C2, 0x36CB, 0xB7D3, 0xD6BB, 0xD5BB, 0xF7CB, 
  0x9BD4, 0xFBC4, 0x79C4, 0x59D4, 0xD9CC, 0x19BD, 0xBAC4, 0xFBCC, 0x1BD5, 0x1CD5, 0x3BCD, 0xDCDD, 0xDDE5, 0xBDDD, 0xBDDD, 0xBDD5, 
  0x9EEE, 0x1DD6, 0xDCCD, 0xFED5, 0xFED5, 0xFED5, 0xFDD5, 0x1CBD, 0xB392, 0x4B98, 0x2CA8, 0x8C88, 0x2A98, 0x6BA8, 0xCA80, 0x4B88, 
  0x6BB0, 0x4BA0, 0x2CA8, 0x4BB0, 0x6C90, 0xCB80, 0x2A90, 0x6A98, 0x6B88, 0x6C98, 0x4DB8, 0x2CB8, 0x2DC8, 0x0BA8, 0x6B88, 0x4C98, 
  0x2B88, 0x2B98, 0x4CA0, 0x2C98, 0x2B98, 0x2BA0, 0x2CA8, 0x6A98, 0x4BA8, 0x6B90, 0x4B90, 0x6A88, 0x0BA8, 0x2CB0, 0x4AA0, 0x6A98, 
  0x8A88, 0x6C88, 0x8C80, 0x4AA0, 0x2CA0, 0x2BA0, 0x2AA8, 0x4B98, 0xAB70, 0x4A98, 0x8B98, 0x6B90, 0x2BA8, 0x2BB0, 0x6A90, 0x4A90, 
  0x0BA8, 0x0BA8, 0x6C80, 0x8B78, 0x8B90, 0xAB98, 0x4A98, 0x6CB8, 0x2C88, 0x2CA8, 0x2CB0, 0x8B98, 0x6DC0, 0x4C90, 0x0A88, 0x17B2, 
  0x5F83, 0x9F9B, 0x9FA3, 0x7BAA, 0x5DB3, 0x9F9B, 0xFE72, 0xFD72, 0xFEE6, 0xFFFF, 0x1DCE, 0xFE72, 0x9F9B, 0xBFAB, 0xFF72, 0xBE3B, 
  0x3D04, 0x1E04, 0x3D04, 0x1E04, 0x1E04, 0x1E04, 0x1E04, 0x1E04, 0x1E04, 0x1E04, 0x1E04, 0x1E04, 0x1E04, 0x1E04, 0x1E04, 0x1E04, 
  0x1E04, 0x1E04, 0x1E04, 0x1E04, 0x1E04, 0x1E04, 0x1E04, 0x1E04, 0x1E04, 0x1E04, 0x1E04, 0x1E04, 0x1E04, 0x1E04, 0x1E04, 0x3E04, 
  0x1E04, 0x1E04, 0x1E04, 0x1E04, 0x1E04, 0x1E04, 0x1E04, 0x1E04, 0x1E04, 0x1E04, 0x1E04, 0x1E04, 0x1E04, 0x1E04, 0x1E04, 0x1E04, 
  0x1D04, 0x3D34, 0xBF8B, 0x3E93, 0x3FD6, 0xBDB3, 0xDEAA, 0xFFBB, 0xBFB3, 0xBFB3, 0xFFB3, 0xDFB3, 0xDFB3, 0xBFB3, 0xDFB3, 0xDFB3, 
  0xBFB3, 0xDFB3, 0xDFB3, 0xDFB3, 0xBFAB, 0xBFB3, 0xBFB3, 0xDFB3, 0xDFB3, 0xDFB3, 0xDFB3, 0xBFBB, 0xDFB3, 0xDFB3, 0xFFBB, 0xDEB3, 
  0xB9BA, 0x4EA8, 0x2B98, 0x4BA8, 0x0BA0, 0x2BA0, 0x4BA8, 0x6A90, 0xEB78, 0xEB70, 0x2BB0, 0x2BA8, 0x8B90, 0x6B90, 0x4CA8, 0x2DB8, 
  0x4CB0, 0x8CA0, 0x6A88, 0xAA90, 0x4A98, 0x2BA0, 0x2AB0, 0x6BB8, 0x6DB8, 0x2CB8, 0x4DC0, 0x8B90, 0x6B98, 0xAA80, 0x6CB0, 0x4EC8, 
  0x0CB0, 0x0A98, 0x0AA8, 0x6990, 0xA868, 0x0A90, 0x0AA0, 0x0998, 0x0AA0, 0x0DA8, 0x0CA0, 0x0A88, 0x0A98, 0x2A90, 0x4B78, 0x0B88, 
  0x2DA0, 0x4B80, 0x0A88, 0x0A90, 0x4A78, 0xCA60, 0x2A78, 0x0B90, 0x0B98, 0x0DA8, 0x6B88, 0x6A78, 0x2B98, 0x4B80, 0x4B98, 0xAB88, 
  0xCC88, 0xEE98, 0x71A9, 0x6F99, 0x70A1, 0x51B9, 0xEEA0, 0x2A59, 0x0861, 0x4BA8, 0x2CA0, 0x6B80, 0x2C98, 0x0BB0, 0x0BC0, 0x2DC0, 
  0x4EC8, 0x6EC0, 0x10C9, 0x30C9, 0x6C98, 0xAA88, 0x2CA0, 0x4BA0, 0xCA88, 0xCB80, 0x2CA0, 0x0BA0, 0x2B90, 0x2B90, 0x4C98, 0x0BA0, 
  0x0B98, 0x6B98, 0x2AA0, 0x6B88, 0xED90, 0x8A90, 0x2BB8, 0x4EC8, 0x8C98, 0x8B80, 0x2CA8, 0x4CB0, 0x4BA8, 0x4BA0, 0x09A8, 0x2BB8, 
  0x4DA0, 0x8C88, 0x4B98, 0x2B98, 0x2BA0, 0x6CA0, 0x6DC0, 0x0AB0, 0x8B98, 0x6AA0, 0x8B90, 0xAA78, 0x2AA0, 0x0BA0, 0x8B80, 0x2BA0, 
  0x2AA0, 0x2BA8, 0x2CA8, 0x4DB8, 0x4CA0, 0x4CA8, 0x4BA8, 0xAEB8, 0x0C98, 0x4BA8, 0x2BA0, 0x8B98, 0x6B98, 0x6B90, 0x2B88, 0xB0A0, 
  0x5EA3, 0x5E93, 0x9F9B, 0xFCA2, 0xFCB2, 0x7FA3, 0xFD93, 0xDD8B, 0x5DBD, 0xFFFF, 0x5ED6, 0xBE6A, 0x5F93, 0xBFAB, 0xDF7A, 0x9F53, 
  0x3D0C, 0x1E04, 0x3D04, 0x1D04, 0x1E04, 0x1E04, 0x1E04, 0x1E04, 0x1E04, 0x1E04, 0x1E04, 0x1E04, 0x1E04, 0x1E04, 0x1E04, 0x1E04, 
  0x1E04, 0x1E04, 0x1E04, 0x1E04, 0x1E04, 0x1E04, 0x1E04, 0x1E04, 0x1E04, 0x1E04, 0x1E04, 0x1E04, 0x1E04, 0x1E04, 0x1E04, 0x3E04, 
  0x1E04, 0x1E04, 0x1E04, 0x1E04, 0x1E04, 0x1E04, 0x1E04, 0x1E04, 0x1E04, 0x1E04, 0x1E04, 0x1E04, 0x1E04, 0x1E04, 0x1E04, 0x3E04, 
  0x1D04, 0x3E3C, 0xBFA3, 0x5F9B, 0x9EC5, 0x5DAB, 0x1FB3, 0xDFB3, 0xDFB3, 0xDFB3, 0xBFAB, 0x3E93, 0x9FA3, 0xDFB3, 0xDFB3, 0xDFB3, 
  0xBFAB, 0xBFB3, 0xBFB3, 0xDFB3, 0xDFB3, 0xBFB3, 0xDFBB, 0xDFBB, 0xBFB3, 0xBFB3, 0xDFBB, 0xDEBB, 0xBFB3, 0xBFAB, 0xBFB3, 0xFFBB, 
  0xB9BA, 0x4FA8, 0x2BA0, 0x2BA0, 0x0CA0, 0x2CA8, 0x2CB0, 0x2AA0, 0x2B98, 0x4C98, 0x2BA8, 0x4BB0, 0x8A88, 0x4C90, 0x2CB0, 0x0AB0, 
  0x2BC0, 0xB0C8, 0x2B98, 0x8C98, 0x8B90, 0x6CB8, 0x4BA0, 0x6A88, 0x8B90, 0x4FB8, 0xAEA0, 0xCFB0, 0x8EA0, 0x4EA8, 0x2CA8, 0x0A98, 
  0x2A90, 0x2B98, 0x2BA0, 0x6A98, 0x4C90, 0x2B98, 0x2DA8, 0x2CB0, 0x4AA0, 0x4C90, 0x6B98, 0x6B80, 0x4A90, 0x4BA8, 0x4C98, 0x0AA0, 
  0x4AA8, 0x0AA0, 0x2AB0, 0x4AB0, 0x2BB0, 0x6CB8, 0x8A98, 0x4CC0, 0x0AB8, 0x0AA8, 0x28A0, 0x8B98, 0x4B98, 0x6A88, 0x2BB8, 0x8BA8, 
  0x6A80, 0x4B88, 0x2EC0, 0x09B0, 0x0AB0, 0x0BA8, 0x0AB0, 0x4BB0, 0x8CA0, 0x4BA8, 0x2BB8, 0x2BA8, 0x2BA8, 0x4BB8, 0x2BB8, 0x4CC0, 
  0x6EB8, 0x90C0, 0x6EC8, 0x4DC8, 0x0BB0, 0x2AA0, 0x6BA0, 0x4CA8, 0x2BB8, 0x4AA0, 0x4B98, 0x4B88, 0xAC80, 0x4C90, 0x4B98, 0x2BA8, 
  0x0BA8, 0x6A90, 0x6B98, 0x6B88, 0x30A9, 0xCC98, 0x4CB8, 0x6FC8, 0x2BA0, 0x4998, 0x2CB8, 0x4DC0, 0x2BB0, 0x2BA8, 0x0BA8, 0x4B90, 
  0x6C88, 0x6CA0, 0x2B98, 0x4C98, 0x0BA0, 0x2BA0, 0x4CB0, 0x4AA0, 0xACA8, 0x4BB0, 0x6BA0, 0x6C98, 0x4DA0, 0x0BA0, 0x8C98, 0x4B98, 
  0x4CA0, 0x2A90, 0x2BB0, 0x4ED0, 0x0BB0, 0x0AB0, 0x4BB8, 0x2AA8, 0x8C90, 0xCB80, 0x6BA8, 0x4BA0, 0x6BA0, 0x2CA8, 0x4BA0, 0x2CA8, 
  0x99A2, 0x7F93, 0x9FA3, 0x3E9B, 0xBCB2, 0x9FB3, 0x9E93, 0x3EB5, 0xFC8B, 0xFFFF, 0xDFE6, 0xDE6A, 0x3F8B, 0xBFAB, 0xDE72, 0xBF7B, 
  0x5D2C, 0xFD03, 0x1E04, 0x1D04, 0x1E04, 0x1E04, 0x1E04, 0x1E04, 0x1E04, 0x1E04, 0x1E04, 0x1E04, 0x1E04, 0x1E04, 0x1E04, 0x1E04, 
  0x1E04, 0x1E04, 0x1E04, 0x1E04, 0x1E04, 0x1E04, 0x1E04, 0x1E04, 0x1E04, 0x1E04, 0x1E04, 0x1E04, 0x1E04, 0x1E04, 0x1E04, 0x3E04, 
  0x1E04, 0x1E04, 0x1E04, 0x1E04, 0x1E04, 0x1E04, 0x1E04, 0x1E04, 0x1E04, 0x1E04, 0x1E04, 0x1E04, 0x1E04, 0x1E04, 0x1E04, 0x3E04, 
  0x1D04, 0x1E3C, 0xFFAB, 0x9FAB, 0xDE8B, 0x5E9B, 0x7FAB, 0xDFB3, 0xDFBB, 0xDFB3, 0x1E83, 0xBE72, 0x5E93, 0xDFB3, 0xDFBB, 0xDFB3, 
  0xDFB3, 0xDFB3, 0xDFB3, 0xDFB3, 0xBFAB, 0xBFB3, 0xDFBB, 0xDFBB, 0xDFB3, 0xBFB3, 0xBFBB, 0xDFB3, 0xDFB3, 0xBFAB, 0xFFAB, 0xDAB2, 
  0x0CA0, 0x0BA8, 0x2AA8, 0x0BB8, 0x2CC0, 0x4DC0, 0x4DD0, 0x2BB0, 0x0BB0, 0x4CB8, 0x6B98, 0x2BA0, 0x0BA8, 0x6B88, 0x2B98, 0x2CB0, 
  0x2CA0, 0x0BA0, 0x4BA0, 0xABA0, 0x4BA0, 0x2CC8, 0x2BB8, 0x2BA8, 0x2BA0, 0x2CA0, 0x8A78, 0x32A9, 0xD7C1, 0x58AA, 0xD9B2, 0x77B2, 
  0xD499, 0xCFA0, 0x6988, 0x2A98, 0x4A88, 0x4BA0, 0x2BA8, 0x0CB0, 0x2BA0, 0x8978, 0x6B90, 0x0BB0, 0x0AA0, 0x0CA0, 0x6D90, 0x0F99, 
  0xD189, 0xB2A1, 0xB5B9, 0x12B1, 0x0BA8, 0x0A90, 0x2A90, 0x6B98, 0xF1A8, 0x94B1, 0x54A9, 0x4DA8, 0x2BA8, 0x4B98, 0x4988, 0x09A0, 
  0x8EA8, 0x1089, 0x9299, 0x92A9, 0x75B9, 0x4EB8, 0x2BA0, 0x0AA0, 0x0BB8, 0x2CB8, 0x2CA0, 0x4B90, 0x2BA8, 0x4CB0, 0x0CB0, 0x2A98, 
  0x8A88, 0x8BA8, 0x2DB8, 0x4DD0, 0x2BB0, 0x2C90, 0x4BA0, 0x2AA0, 0x2BB0, 0x2CB8, 0x6DA8, 0x8B80, 0x2B98, 0x2BA0, 0x0CA8, 0x2CB0, 
  0x0BA8, 0x2BA0, 0x2B98, 0x2BA8, 0x0DA8, 0x4B90, 0x8B98, 0x8EB8, 0x4EC8, 0x2AA8, 0x2BB0, 0x2BA8, 0x0B90, 0x4B88, 0x2A90, 0x8B80, 
  0xAA78, 0x8A98, 0x4AA0, 0x6B98, 0x4BA0, 0x0BA8, 0x4CA0, 0x4B88, 0xAEC0, 0x4CA8, 0x6BA0, 0xAB90, 0x2CB0, 0x0BB8, 0x2BA8, 0x4BA0, 
  0x2DC0, 0x0CB0, 0x2CA8, 0x2DB0, 0x2B98, 0x2BB8, 0x2BA8, 0x2BB0, 0x6CA0, 0x8B90, 0x2BA0, 0x4A90, 0x8CA0, 0x0CB0, 0x4AB0, 0x2AA8, 
  0x1199, 0x5F9B, 0x7E9B, 0x7F93, 0x5A9A, 0xFCB2, 0x7F93, 0x1DB5, 0x1C94, 0x9FDE, 0x1FEF, 0xDE6A, 0x1F8B, 0xBFAB, 0xBF72, 0x1E94, 
  0x1E55, 0x1D04, 0x3E04, 0x1E04, 0x1E04, 0x1E04, 0x1E04, 0x1E04, 0x1E04, 0x1E04, 0x1E04, 0x1E04, 0x1E04, 0x1E04, 0x1E04, 0x1E04, 
  0x1E04, 0x1E04, 0x1E04, 0x1E04, 0x1E04, 0x1E04, 0x1E04, 0x1E04, 0x1E04, 0x1E04, 0x1E04, 0x1E04, 0x1E04, 0x1E04, 0x1E04, 0x3E04, 
  0x1E04, 0x1E04, 0x1E04, 0x1E04, 0x1E04, 0x1E04, 0x1E04, 0x1E04, 0x1E04, 0x1E04, 0x1E04, 0x1E04, 0x1E04, 0x1E04, 0x1E04, 0x1E04, 
  0x1D04, 0x1E24, 0x3D9B, 0xBFBB, 0x3F8B, 0x7F93, 0xBFB3, 0xDFB3, 0xBFB3, 0xDFB3, 0x3F83, 0xFF6A, 0x1E83, 0xDFB3, 0xDFB3, 0xBFB3, 
  0xBFB3, 0xBFAB, 0xBFAB, 0xDFAB, 0xBFB3, 0xDFB3, 0xDFB3, 0xDFB3, 0xBFB3, 0xDFAB, 0x9FB3, 0xBFB3, 0xBFAB, 0xDFB3, 0x9EB3, 0xEF90, 
  0x4A90, 0x2AA0, 0x2BC0, 0x4BB0, 0x0BB8, 0x0BB0, 0x2CA8, 0x2CB0, 0x2BB0, 0x0CC0, 0x6BB0, 0x6A90, 0x2A90, 0x6B80, 0x4C98, 0x8B98, 
  0x2B98, 0x6B90, 0xCA80, 0xABA8, 0x2BB8, 0x4CC0, 0x4CC0, 0x2CB0, 0x2BB8, 0x0BA8, 0x6CB0, 0x31B9, 0x1099, 0x3099, 0x7191, 0x569A, 
  0xFBB2, 0x7CC3, 0x3BAB, 0x16A2, 0x5191, 0x8E98, 0x2BA0, 0x29B0, 0x4DC8, 0x4FB8, 0x6FA8, 0x31B1, 0x37AA, 0x3CB3, 0x7CB3, 0x3BBB, 
  0xDAAA, 0xD5A9, 0xB0A8, 0x6FA0, 0x8FA0, 0x73A9, 0x98B2, 0x1ABB, 0x78B2, 0x93B9, 0x8EA0, 0x4CA0, 0x0BA0, 0x2B90, 0x3089, 0x579A, 
  0x7DBB, 0x3CC3, 0x77B2, 0xAF91, 0x0E89, 0x91D8, 0x0CB0, 0x2CA0, 0x2BB8, 0x2CA8, 0x4C90, 0x6B90, 0x2AA8, 0x2B98, 0x4BA0, 0xAEA8, 
  0x0B98, 0x6A80, 0x2971, 0x6998, 0x2B98, 0x0B98, 0x2B98, 0x4BB8, 0x2BA0, 0x4C90, 0x6CB0, 0xAB80, 0x6A78, 0x4B98, 0x2BA8, 0x0BA8, 
  0x2CB0, 0x4CA8, 0x6CB0, 0x2BA8, 0x2CA8, 0x2BB0, 0x4BB0, 0x2DC8, 0x0DB8, 0x0BA8, 0x4BA8, 0x6CB0, 0x2DB0, 0x2DA0, 0x2A78, 0x8BA0, 
  0xABA0, 0x8A80, 0x4BB0, 0x2CA8, 0x4BA8, 0x4B98, 0x6B90, 0x6B90, 0x2A90, 0x6CB0, 0x2BB8, 0xAA88, 0xAB98, 0x72E1, 0x6DB8, 0x4CB0, 
  0x2BA8, 0x2BB0, 0x0BA0, 0x0A98, 0xE870, 0xCA88, 0x8CA0, 0x8BA0, 0x2BA8, 0x2BB8, 0xACA8, 0xCEA0, 0x0AA0, 0x2AA8, 0x2B98, 0x2CB0, 
  0x4BA0, 0xFBAA, 0x9F9B, 0x7F93, 0xFD9A, 0x58AA, 0xDFB3, 0xFDA3, 0xBEBD, 0xBCA4, 0xFFE6, 0xDE6A, 0x1F83, 0xBFAB, 0xBF72, 0xBE8B, 
  0xBC85, 0xFC03, 0x3E04, 0x1E04, 0x1E04, 0x1E04, 0x1E04, 0x1E04, 0x1E04, 0x1E04, 0x1E04, 0x1E04, 0x1E04, 0x1E04, 0x1E04, 0x1E04, 
  0x1E04, 0x1E04, 0x1E04, 0x1E04, 0x1E04, 0x1E04, 0x1E04, 0x1E04, 0x1E04, 0x1E04, 0x1E04, 0x1E04, 0x1E04, 0x1E04, 0x1E04, 0x3E04, 
  0x1E04, 0x1E04, 0x1E04, 0x1E04, 0x1E04, 0x1E04, 0x1E04, 0x1E04, 0x1E04, 0x1E04, 0x1E04, 0x1E04, 0x1E04, 0x1E04, 0x1E04, 0x1E04, 
  0x1E04, 0x3D04, 0x9E7B, 0xDFB3, 0xBFAB, 0x5E9B, 0x9EAB, 0xDFB3, 0xDFB3, 0xBFB3, 0xBFA3, 0xFE7A, 0xDE72, 0xBFA3, 0xDFB3, 0xBFB3, 
  0xDFB3, 0xDFB3, 0xDFB3, 0xDFB3, 0xDFB3, 0xBFB3, 0xBFB3, 0xBFB3, 0xBFB3, 0xFFAB, 0xBFB3, 0xDFB3, 0xDFB3, 0xDFBB, 0x37B2, 0x2B90, 
  0xAB88, 0x4BA0, 0x4DC0, 0x2BA8, 0x2AA0, 0x2BA0, 0x0BA8, 0x0BA0, 0x0A98, 0x4CA8, 0x4CA0, 0x4BA0, 0x2AA0, 0x2BA0, 0x8B88, 0x4A81, 
  0x6A98, 0x4CA8, 0x6CA0, 0x2CA0, 0x4CB0, 0x0B98, 0x2DB0, 0x2DB8, 0x0AA8, 0x31B1, 0x56B1, 0xD6A9, 0x99BA, 0xFBC2, 0xBABA, 0x56A2, 
  0x5091, 0xD198, 0x54A9, 0xF5A9, 0xB5B1, 0xD1A0, 0xAC80, 0xEE88, 0xB7C9, 0x5ABA, 0x5EBB, 0xDFBB, 0x1BBB, 0xD6B9, 0xD2B8, 0x0C98, 
  0x0A88, 0x0B88, 0x5091, 0x78B2, 0x5EC3, 0x5BAB, 0x36A2, 0xAFA0, 0x0AA0, 0x0AA8, 0x0AB0, 0xAFB0, 0xF6B1, 0x1DB3, 0xDFBB, 0x1ECB, 
  0x95B9, 0x6CA0, 0x0998, 0xEB78, 0x8F89, 0x6CA8, 0xCEA8, 0x75A1, 0xD7C1, 0x2DB8, 0x4AA8, 0x4BB0, 0x2CB8, 0x4CA8, 0x6A88, 0xF5A9, 
  0xFBC2, 0x12A9, 0x4D90, 0x6B90, 0x8A98, 0xAEB0, 0x4CA0, 0x0CA8, 0x2C98, 0x6C90, 0x6BA8, 0x4CB8, 0x4BA8, 0x2BA8, 0x0CA8, 0x2CB0, 
  0x4B98, 0x4CA8, 0x4DB8, 0x6DB8, 0x4CA0, 0x4CB0, 0x4DB8, 0x0BA8, 0x2CA8, 0x4B98, 0xEB90, 0xCC98, 0x2BB8, 0x0BA8, 0x2CB0, 0x6EB8, 
  0x8FC0, 0x4BA0, 0x2BB0, 0x2BB0, 0x4CB0, 0x4CB8, 0x4B98, 0x4BA0, 0x2BA8, 0x6A98, 0x4AB0, 0x4AA0, 0xEB78, 0xCE98, 0x4EA0, 0x6DB0, 
  0xEA80, 0x6AA0, 0xB1C8, 0xF2C8, 0xAB98, 0x8CA0, 0x6BA8, 0x0971, 0x4B90, 0x8A78, 0xAB88, 0xAEA0, 0x2B98, 0x0BA0, 0x4B90, 0x2BA8, 
  0x4AA8, 0xB3A1, 0x9FAB, 0xBE9B, 0x3F8B, 0x379A, 0x3BB3, 0x3E93, 0xBEC5, 0x3D94, 0xBEC5, 0x1E73, 0x1F83, 0xBFA3, 0xFF7A, 0x1E7B, 
  0x3EB6, 0x5C24, 0x1E04, 0x1D04, 0x1E04, 0x1E04, 0x1E04, 0x1E04, 0x1E04, 0x1E04, 0x1E04, 0x1E04, 0x1E04, 0x1E04, 0x1E04, 0x1E04, 
  0x1E04, 0x1E04, 0x1E04, 0x1E04, 0x1E04, 0x1E04, 0x1E04, 0x1E04, 0x1E04, 0x1E04, 0x1E04, 0x1E04, 0x1E04, 0x1E04, 0x1E04, 0x3E04, 
  0x1E04, 0x1E04, 0x1E04, 0x1E04, 0x1E04, 0x1E04, 0x1E04, 0x1E04, 0x1E04, 0x1E04, 0x1E04, 0x1E04, 0x1E04, 0x1E04, 0x1E04, 0x1E04, 
  0x1E04, 0x1D04, 0x3E24, 0x3F84, 0xDFB3, 0xDFB3, 0xFFAB, 0xBFAB, 0xDFB3, 0xDFBB, 0xFFBB, 0x9FA3, 0xDE82, 0x1E8B, 0xDFB3, 0xDFB3, 
  0xDFB3, 0xBFB3, 0xBFB3, 0xBFB3, 0xDFB3, 0xDFB3, 0xBFB3, 0xDFB3, 0xDFB3, 0xFFB3, 0xDFB3, 0xDFBB, 0xDFB3, 0xFFBB, 0x31B1, 0x0BA8, 
  0x2BA8, 0x0CA8, 0x2DC8, 0x2CC8, 0x2CA8, 0x6A98, 0x2BA8, 0x4CB0, 0xAB90, 0xEB68, 0x4B80, 0x4BA8, 0x2BB8, 0x2BA8, 0x4B98, 0x4BB0, 
  0x6BA8, 0x2CB0, 0x2BB8, 0x2CA0, 0x6DC0, 0x2BB0, 0x6DB0, 0x2BA8, 0x0BB0, 0x52A9, 0xDFC3, 0xBAAA, 0xB5A1, 0x7499, 0xD6A9, 0xB9AA, 
  0x5CB3, 0x3BAB, 0x77B2, 0xF5A1, 0xD5A9, 0x55B2, 0x39AB, 0xBFBB, 0xFFBB, 0x5DBB, 0x77AA, 0x6E81, 0x09A0, 0x0CB8, 0xCEA8, 0xD499, 
  0xB8B2, 0x9EBB, 0x9EBB, 0x57B2, 0xEFA0, 0x4B80, 0x0888, 0x4B90, 0x6EA0, 0x94B1, 0xD9B2, 0xBFB3, 0x1FB4, 0xFABA, 0x32B1, 0x0BA0, 
  0x09A8, 0xB0A0, 0x169A, 0x77AA, 0x53C1, 0x31B1, 0xB8B2, 0x7399, 0xDFBB, 0xD6B9, 0x2BB0, 0x0AA0, 0x4CA0, 0x6C98, 0x0BB0, 0x2BA8, 
  0xD8AA, 0x1FCC, 0xBABA, 0xEFA8, 0x4988, 0x8C98, 0x6A90, 0x8EB0, 0x6EA8, 0x6DC0, 0x4DC8, 0x6DB8, 0x6A98, 0x4B98, 0x4DB0, 0x8DB8, 
  0x8DA0, 0x6C98, 0x2B90, 0x8CA8, 0x4DB0, 0x2CB8, 0x2EB8, 0x6EB8, 0x4A90, 0x4A88, 0x8A90, 0x8B90, 0x2BB0, 0x2AA8, 0x2BA8, 0x90B8, 
  0x8FB0, 0x8A80, 0x6A98, 0x2AA0, 0x0BB8, 0x2CB8, 0x4BA0, 0x2CB0, 0x0CB0, 0x0BA0, 0x6DB8, 0x4BB0, 0x0CA0, 0x8C78, 0x6B80, 0x2B98, 
  0x8B98, 0x2BA8, 0x4FB8, 0x56E9, 0xCFB0, 0x4CA0, 0x6DC8, 0x8AA0, 0x4B98, 0xAB80, 0x6A98, 0x4BA0, 0x2C90, 0x0B98, 0x4A98, 0x4CA8, 
  0x2CB8, 0x8DA8, 0xFCB2, 0xFFAB, 0x5F93, 0x9A92, 0x37A2, 0x7FAB, 0x5DA4, 0x7EBD, 0x3D83, 0x1F7B, 0x1E83, 0x9F9B, 0xFF7A, 0xBE6A, 
  0x3FCE, 0x3E65, 0xFD03, 0x3D04, 0x1E04, 0x1E04, 0x1E04, 0x1E04, 0x1E04, 0x1E04, 0x1E04, 0x1E04, 0x1E04, 0x1E04, 0x1E04, 0x1E04, 
  0x1E04, 0x1E04, 0x1E04, 0x1E04, 0x1E04, 0x1E04, 0x1E04, 0x1E04, 0x1E04, 0x1E04, 0x1E04, 0x1E04, 0x1E04, 0x1E04, 0x1E04, 0x3E04, 
  0x1E04, 0x1E04, 0x1E04, 0x1E04, 0x1E04, 0x1E04, 0x1E04, 0x1E04, 0x1E04, 0x1E04, 0x1E04, 0x1E04, 0x1E04, 0x1E04, 0x1E04, 0x1E04, 
  0x1E04, 0x1E04, 0x1D04, 0x1D14, 0x3F64, 0x9DAB, 0x5DBB, 0xFFBB, 0xDFB3, 0xDFB3, 0xDFBB, 0xFFBB, 0xBFAB, 0x7F9B, 0xDFAB, 0xDFB3, 
  0xDFB3, 0xDFBB, 0xDFB3, 0xBFB3, 0xDFBB, 0xDFB3, 0xDFB3, 0xDFB3, 0xBFB3, 0xDFBB, 0xBFBB, 0xBFB3, 0xDFB3, 0xBEAB, 0x8DA0, 0x0BB8, 
  0x2BB0, 0x0BA8, 0x2DC8, 0x2CC0, 0x4BB0, 0x2A98, 0x2CA8, 0x4C98, 0xCA80, 0x6A90, 0xEA60, 0x8951, 0xCB80, 0x4BA8, 0x2BB8, 0x0CA8, 
  0x2BA8, 0x4BA0, 0x2B98, 0x2BA0, 0x2CB0, 0x2DC0, 0x2BA0, 0x4CB8, 0x2BC8, 0x0CB0, 0xFAB2, 0x3FB4, 0xFFBB, 0x7DBB, 0x1AAB, 0x9A9A, 
  0x9BA2, 0xBFB3, 0xFFC3, 0x3FBC, 0x3FBC, 0x3FBC, 0xBFBB, 0xDAB2, 0x51A9, 0x0CA0, 0x0A90, 0xED88, 0x15A2, 0x3CB3, 0xFFBB, 0xDFBB, 
  0xFBAA, 0x93A1, 0x6C90, 0x0988, 0x2A88, 0xCE98, 0xF6A1, 0x1BB3, 0x9FC3, 0x1FC4, 0xBFB3, 0x59B2, 0x90A0, 0x2D98, 0x6EA8, 0x16B2, 
  0x7CAB, 0x3DB3, 0x18C2, 0x6FB0, 0x0AB0, 0xD5A9, 0x9EBB, 0xF290, 0xBEBB, 0x1FBC, 0xDBB2, 0x95B1, 0x6FB0, 0x6A90, 0x6A98, 0x2BA8, 
  0x2B90, 0xB8AA, 0x3FC4, 0x9EBB, 0x359A, 0xEB70, 0x0961, 0x6DA8, 0x6DA8, 0x8C98, 0x4CA0, 0x6C98, 0x0B79, 0xAB90, 0x2B88, 0xAC80, 
  0x2B98, 0x2CB0, 0x2DB8, 0x0BA8, 0x0CB8, 0x0BB8, 0xF1D0, 0x12D9, 0x0AB0, 0x2BB0, 0x2BA8, 0x6DA8, 0x2AA0, 0x4BA8, 0x4CA8, 0x2AA0, 
  0x2BA8, 0xAB88, 0x2B98, 0x4C98, 0x8EC8, 0x2CC0, 0x6A98, 0x4BA8, 0x4BA8, 0x2DB0, 0x4CB8, 0x2CB0, 0x4CB0, 0x8B90, 0x6B90, 0x2BA0, 
  0x2B98, 0x8A88, 0x4A90, 0x2DB8, 0x6DC8, 0x2BA8, 0x2BB0, 0x2BB0, 0x0AB0, 0x2BB8, 0x4CB8, 0x4CA8, 0x2CB0, 0x4CB8, 0x2BA8, 0x2CA8, 
  0x2BA0, 0x0AB0, 0x94A9, 0xFFBB, 0x9EA3, 0x9EA3, 0xD6A1, 0x5DB3, 0x7D93, 0x9DBD, 0x3E7B, 0xDF72, 0x1E83, 0x7F9B, 0xFF7A, 0xBE62, 
  0x7DC5, 0xDE95, 0xDD03, 0x3D04, 0x1E04, 0x1E04, 0x3E04, 0x1E04, 0x1E04, 0x1E04, 0x1E04, 0x1E04, 0x1E04, 0x1E04, 0x1E04, 0x1E04, 
  0x1E04, 0x1E04, 0x1E04, 0x1E04, 0x1E04, 0x1E04, 0x1E04, 0x1E04, 0x1E04, 0x1E04, 0x1E04, 0x1E04, 0x1E04, 0x1E04, 0x1E04, 0x3E04, 
  0x1E04, 0x1E04, 0x1E04, 0x1E04, 0x1E04, 0x1E04, 0x1E04, 0x1E04, 0x1E04, 0x1E04, 0x1E04, 0x1E04, 0x1E04, 0x1E04, 0x1E04, 0x1E04, 
  0x1E04, 0x1D04, 0x1D04, 0x1E04, 0x1D04, 0xFD43, 0x5982, 0x9ABA, 0xDFB3, 0x1FAC, 0xDEBB, 0x9FB3, 0xBFAB, 0xDFAB, 0xDFB3, 0xDFB3, 
  0xDFB3, 0xDFB3, 0xBFB3, 0xDFB3, 0xDFB3, 0xBFB3, 0xDFB3, 0xBFB3, 0xDFB3, 0xDFB3, 0xDFB3, 0xDFB3, 0xDFB3, 0x5EB3, 0x6D98, 0x2AB0, 
  0x2BA8, 0x2BA8, 0x2CB8, 0x2BA0, 0x4BA0, 0x2BA8, 0x0CA8, 0x4C90, 0x6A80, 0xAC98, 0x4B90, 0xEA78, 0x0971, 0x2B90, 0x2C98, 0x2B98, 
  0x2BA8, 0x6CA0, 0x4B90, 0x2B90, 0x2BA0, 0x0CB8, 0x4BA0, 0x2CB0, 0x4DC0, 0x0BB0, 0xAFA0, 0x7DBB, 0xFFB3, 0xDFB3, 0x1FB4, 0x3FB4, 
  0x1FBC, 0xFFBB, 0xBFB3, 0x3CC3, 0x99C2, 0xB5A9, 0x8DA0, 0x0888, 0x0A88, 0x31A1, 0xBABA, 0xDFCB, 0x3FC4, 0xBCBB, 0x36AA, 0xB0A8, 
  0x4B90, 0x0990, 0x4B98, 0xB4A1, 0x1CA3, 0xFFBB, 0x3FC4, 0xDFBB, 0xD9B2, 0x72A9, 0x8F90, 0x8FA0, 0x94B1, 0x1BB3, 0xDFC3, 0x7DC3, 
  0x17AA, 0x4C98, 0x0BB0, 0x4CB8, 0x2CA0, 0xD9B2, 0xFFC3, 0x7399, 0x98AA, 0xFFB3, 0xBFAB, 0xFFC3, 0xFCBA, 0xD0A8, 0x2A90, 0x8B90, 
  0x2AA0, 0x8C90, 0x5BAB, 0xFFB3, 0xFFBB, 0x1AAB, 0xEC80, 0x2BA0, 0x6C90, 0xAC78, 0x6CA8, 0x6CA0, 0x4B98, 0x2BA8, 0x4CA0, 0x4CA8, 
  0x2CB8, 0x4FD8, 0x2EC8, 0x2AA0, 0x4BA0, 0x2BB0, 0x2BA8, 0x4CA8, 0x6CB8, 0x6CB8, 0x6B98, 0x6BA0, 0x4998, 0x6990, 0x2CC0, 0x2AC8, 
  0x2CB0, 0x8A88, 0x8B88, 0x4B88, 0x4BA8, 0x2CC0, 0x2CC8, 0x2DB8, 0x2BA0, 0x2CA0, 0x6CA8, 0x2A90, 0x4BA0, 0x0B79, 0x6A90, 0x2BB8, 
  0x2BA8, 0x4B88, 0x6C90, 0x8DB8, 0x0BC0, 0x0AB0, 0x0BB0, 0x6CA8, 0x2CB0, 0x0BB0, 0x0BB0, 0x2CB0, 0x0BC0, 0x2AB0, 0x4B98, 0x2B98, 
  0x0BA0, 0x4BB8, 0x8DA0, 0x7DBB, 0xBFAB, 0xDFB4, 0xD79A, 0x148A, 0xDFB3, 0x1D9C, 0x3E9C, 0xBE6A, 0x1F7B, 0x5F8B, 0xFF7A, 0xBE6A, 
  0xBEAC, 0xBEBE, 0xFD13, 0x1E04, 0x1E0C, 0x1E04, 0x3E04, 0x1E04, 0x1E04, 0x1E04, 0x1E04, 0x1E04, 0x1E04, 0x1E04, 0x1E04, 0x1E04, 
  0x1E04, 0x1E04, 0x1E04, 0x1E04, 0x1E04, 0x1E04, 0x1E04, 0x1E04, 0x1E04, 0x1E04, 0x1E04, 0x1E04, 0x1E04, 0x1E04, 0x1E04, 0x3E04, 
  0x1E04, 0x1E04, 0x1E04, 0x1E04, 0x1E04, 0x1E04, 0x1E04, 0x1E04, 0x1E04, 0x1E04, 0x1E04, 0x1E04, 0x1E04, 0x1E04, 0x1E04, 0x1E04, 
  0x1E04, 0x3D04, 0x1D04, 0x1E04, 0x1E04, 0x3D04, 0x1D2C, 0x996A, 0xD491, 0xD9AA, 0xDFBB, 0xDFB3, 0xBFA3, 0xBFAB, 0xDFB3, 0xDFB3, 
  0xFFB3, 0xDFB3, 0xDFAB, 0xDFAB, 0xDFB3, 0xDFB3, 0xDFB3, 0xDFB3, 0xDFB3, 0xBFB3, 0xDFB3, 0xDFB3, 0xDFB3, 0x9EBB, 0xAFB0, 0x0AB8, 
  0x2BA8, 0x4BB0, 0xCC90, 0x0B71, 0x4B90, 0x4CA0, 0x2CB0, 0x4DA0, 0x6B98, 0xAB98, 0x2BA8, 0x2BC0, 0x0BB8, 0x2BA0, 0x0BB0, 0x2BB0, 
  0x2CB0, 0x4CA0, 0x0BA0, 0x2CB8, 0x0BB0, 0x6DC0, 0x2CB0, 0x6DB8, 0x2CB0, 0x8B88, 0x2988, 0xD0A0, 0x7DBB, 0x1FBC, 0x7AAA, 0xB4B1, 
  0xB3B9, 0x73A9, 0x1099, 0x6DA8, 0x0BB8, 0x09A8, 0x8F90, 0x16AA, 0x7CBB, 0xDFBB, 0xDBB2, 0x76AA, 0xB299, 0x6D90, 0x2A90, 0x4BA0, 
  0x2DB8, 0x52B1, 0x5CBB, 0x3FBC, 0x1FBC, 0xBBB2, 0xD289, 0x0D71, 0xAD88, 0x32A1, 0xB9B2, 0xDFBB, 0x1FBC, 0x5DC3, 0x74B1, 0x4EB0, 
  0x2FD0, 0x2BB0, 0x2CC0, 0x4DC8, 0x4FB8, 0x1DBB, 0x3FB4, 0x98AA, 0x3291, 0xDFBB, 0xBFA3, 0x7EA3, 0x1FB4, 0x9FC3, 0x3299, 0xAA78, 
  0xEB80, 0x0BA8, 0x0F81, 0xDEB3, 0xBFB3, 0xFFBB, 0x3CBB, 0x8C98, 0x6B88, 0xAB80, 0x8BA8, 0x8DB0, 0x2CB0, 0x4CB8, 0x2CB8, 0x0BA8, 
  0x0BC0, 0x2DD0, 0x6FD0, 0x6BA0, 0x4BA0, 0xCC98, 0x6B90, 0x0AA0, 0x2BB0, 0x2CC0, 0x2BB0, 0x0BA8, 0x4DC0, 0x4EC0, 0x4DB8, 0xAFC8, 
  0x2BA0, 0x6A90, 0x8A88, 0x8B88, 0x6A90, 0x0CC0, 0x2BB8, 0x2CC0, 0x2CB8, 0x2A88, 0x6C90, 0x4AA0, 0x0BA8, 0x2C98, 0x4A90, 0x4CB8, 
  0x0BA0, 0x0B90, 0x2DC0, 0x6CB0, 0x4BA8, 0x2BB0, 0x2BA8, 0x6B98, 0x2CB0, 0x2BA8, 0x2BA0, 0x2CB0, 0x4CB8, 0x8B98, 0x6B90, 0x0CA8, 
  0x2BB0, 0x4BA8, 0x6990, 0x56A2, 0xFFBB, 0x5DAC, 0xFDBC, 0x5181, 0x7DBB, 0x7F8B, 0x1D7B, 0xFF7A, 0xDF7A, 0x1F73, 0xFF7A, 0xBF72, 
  0xFD83, 0x7FEF, 0x5D4C, 0x1E04, 0x1E04, 0x1E04, 0x3E04, 0x1E04, 0x1E04, 0x3E04, 0x1E04, 0x1E04, 0x1E04, 0x1E04, 0x1E04, 0x1E04, 
  0x1E04, 0x1E04, 0x1E04, 0x1E04, 0x1E04, 0x1E04, 0x1E04, 0x1E04, 0x1E04, 0x1E04, 0x1E04, 0x1E04, 0x1E04, 0x1E04, 0x1E04, 0x3E04, 
  0x1E04, 0x1E04, 0x1E04, 0x1E04, 0x1E04, 0x1E04, 0x1E04, 0x1E04, 0x1E04, 0x1E04, 0x1E04, 0x1E04, 0x1E04, 0x1E04, 0x1E04, 0x1E04, 
  0x1E04, 0x3D04, 0x1D04, 0x1E04, 0x3E04, 0x3E04, 0x1E04, 0x5F14, 0x9B53, 0x7181, 0x32A1, 0xB9B2, 0xDFBB, 0xDFB3, 0xBFB3, 0xBFB3, 
  0xBFB3, 0xDFB3, 0xBFAB, 0x9FAB, 0xDFB3, 0xBFAB, 0xBFB3, 0xDFB3, 0xDFBB, 0xDFB3, 0xBFBB, 0xBFBB, 0xDFB3, 0xBFB3, 0xD0A8, 0x0BB0, 
  0x2DB0, 0x4CC8, 0x4B98, 0x8B88, 0x6CA0, 0x6A80, 0x4AA8, 0x2CC0, 0x0BB8, 0x0BC0, 0x2DC0, 0x2CB8, 0x2CB8, 0x0BB8, 0x0BB8, 0x2BB8, 
  0x4CC0, 0x4CB8, 0x4DC8, 0x2DC0, 0x4DC8, 0x6DB8, 0x2BA8, 0x6CA0, 0xAB90, 0x8B90, 0x8DB8, 0x0BB8, 0x6EB0, 0x99BA, 0xDCAA, 0xB1B0, 
  0x0CB0, 0x0990, 0x2BA0, 0xAEA0, 0xD6A1, 0xDBB2, 0x7FBB, 0x5DAB, 0xF5A9, 0xCE98, 0x2C98, 0x6A98, 0x0998, 0x8FB0, 0x74B9, 0x2B98, 
  0xB6B1, 0x1EBC, 0x3FBC, 0x78B2, 0xAEA0, 0xAD98, 0x53A9, 0x989A, 0xBFBB, 0x3FCC, 0xDEBB, 0x99BA, 0x12B1, 0x0CA0, 0x4B90, 0xB4B9, 
  0x3AD2, 0xEF98, 0x4B88, 0x0AA0, 0xAFB8, 0x5EBB, 0x5F93, 0xDFC3, 0x1091, 0x79B2, 0xDFBB, 0xDD7A, 0xFE7A, 0x9FA3, 0xDEC3, 0x9191, 
  0x8A78, 0xACA0, 0x0961, 0xF399, 0xDFC3, 0xFEB3, 0xFFBB, 0xD9AA, 0x6B88, 0x4BA8, 0x4B98, 0x4B98, 0x6B88, 0x2B98, 0x0BA8, 0x2A98, 
  0x4BA8, 0x0BB8, 0x0AB0, 0x4BB8, 0x4CC0, 0x6A98, 0x6BA0, 0x4CB8, 0x2BA8, 0x0BA8, 0x0BA8, 0x6C98, 0xAC90, 0x2CB0, 0xCB80, 0x8CA0, 
  0x2B98, 0x4A98, 0x2CB8, 0x2CB8, 0x2A98, 0xAB98, 0xCC90, 0x6BA0, 0x6A78, 0x4CA0, 0x4B98, 0x6B98, 0x2BA8, 0x2CA8, 0x4BA8, 0x0BB8, 
  0x2CB8, 0x2CB8, 0x2BA8, 0x4CA8, 0x2CB8, 0x2CB0, 0x2BA0, 0x6CA0, 0x2BA8, 0x4DC0, 0x4CB8, 0x4CB0, 0x2BA8, 0x4B90, 0x6B90, 0x2DC0, 
  0x4BA8, 0x4C98, 0xEB80, 0x71B1, 0x7EC3, 0xBFAB, 0xBECD, 0x77A2, 0x33A1, 0xDEB3, 0xFF7A, 0x1F73, 0xFF72, 0xFF72, 0xFF72, 0xDF72, 
  0x3D73, 0x3FF7, 0x3D85, 0xFD03, 0x3D04, 0x3E04, 0x1E04, 0x1E04, 0x1E04, 0x1E04, 0x1E04, 0x1E04, 0x1E04, 0x1E04, 0x1E04, 0x1E04, 
  0x1E04, 0x1E04, 0x1E04, 0x1E04, 0x1E04, 0x1E04, 0x1E04, 0x1E04, 0x1E04, 0x1E04, 0x1E04, 0x1E04, 0x1E04, 0x1E04, 0x1E04, 0x3E04, 
  0x1E04, 0x1E04, 0x1E04, 0x1E04, 0x1E04, 0x1E04, 0x1E04, 0x1E04, 0x1E04, 0x1E04, 0x1E04, 0x1E04, 0x1E04, 0x1E04, 0x1E04, 0x1E04, 
  0x1E04, 0x1E04, 0x1E04, 0x1D04, 0x3D04, 0x3D04, 0x1E0C, 0x1E04, 0x3E0C, 0x1D24, 0xB64A, 0xCE80, 0xF1B0, 0xDAB2, 0xFFB3, 0xFFC3, 
  0xBFB3, 0x9FAB, 0x7FAB, 0xBFAB, 0xDFB3, 0x9FAB, 0xBFB3, 0xDFB3, 0xBFB3, 0xDFB3, 0xDFB3, 0xDFBB, 0xDFAB, 0xFFB3, 0x32A1, 0x0AA0, 
  0xD0C0, 0x4CC0, 0x0BB8, 0x2CC0, 0x2CC0, 0x4BA8, 0x4BA8, 0x0CB8, 0x2DC0, 0x2DC8, 0x2DD8, 0x4EC8, 0x2BB8, 0x2DC8, 0x2EC8, 0x8FD8, 
  0x6DD0, 0x4BB0, 0x8EC0, 0x6ED0, 0x6ED0, 0xCDA0, 0x4A88, 0x2A98, 0x8A90, 0x6CA8, 0x0CB0, 0x8CA0, 0x6A90, 0x2A98, 0x52A1, 0xDCBA, 
  0xFEC2, 0x1CBB, 0x3DB3, 0xBFBB, 0x7DC3, 0x79B2, 0x31A1, 0x4B90, 0x0BC0, 0x09A8, 0x2C88, 0xF198, 0x17B2, 0x99BA, 0xAD98, 0x52B1, 
  0xFFBB, 0xDFBB, 0x73A1, 0x2FA8, 0x75B1, 0x7DB3, 0x1FC4, 0xBFBB, 0xB9AA, 0x72A1, 0x9098, 0x8FA8, 0x96C1, 0xDBC2, 0x5CB3, 0x78B2, 
  0x77C9, 0x8B80, 0x6D80, 0x2A98, 0x6EA0, 0x5EB3, 0xDE82, 0xFFAB, 0xFAB2, 0xCF90, 0xDEBB, 0x7F8B, 0xDF72, 0xDE72, 0x7FA3, 0xDFC3, 
  0x1299, 0x6A88, 0x8A61, 0x4C98, 0xBABA, 0xFFBB, 0xBFAB, 0xFFBB, 0xF6A1, 0x6B88, 0xAB88, 0x4CB0, 0x6CA8, 0x6EC0, 0x6DC0, 0x4B90, 
  0x6C90, 0x4EB0, 0x91B9, 0xEFB0, 0x2CB8, 0x0CC0, 0x4BA8, 0x4CA0, 0x4CA8, 0x2CA0, 0x2CA0, 0xAFC0, 0x6C90, 0x4CA8, 0xCEB8, 0x4AA0, 
  0x4B90, 0x8988, 0x4AA0, 0x2CB0, 0x4B98, 0x8A88, 0x6B90, 0x6AA0, 0x6CA0, 0xD0C8, 0x2BA8, 0x6B90, 0x4CA0, 0x2BB0, 0x0BB8, 0x4BB8, 
  0x4BB8, 0x2CC0, 0x2BA8, 0x0BB0, 0x2DC0, 0x0CB8, 0x4DB0, 0x6CA8, 0x2BA8, 0x2BA8, 0xAC90, 0x8B90, 0x2BA0, 0x0B90, 0x4CA8, 0x6DD0, 
  0x4BA8, 0x4CA0, 0x6C90, 0x2A90, 0x3592, 0xBFB3, 0xFDBC, 0xFCB4, 0x2C80, 0x94B1, 0x7FA3, 0xDE72, 0x1F73, 0xDF7A, 0xFF72, 0xFF7A, 
  0xBD6A, 0x9EDE, 0x7FBE, 0x9C13, 0x3D04, 0x3E04, 0x1E04, 0x1E04, 0x3D04, 0x1D04, 0x1E04, 0x1E04, 0x1E04, 0x1E04, 0x1E04, 0x1E04, 
  0x1E04, 0x1E04, 0x1E04, 0x1E04, 0x1E04, 0x1E04, 0x1E04, 0x1E04, 0x1E04, 0x1E04, 0x1E04, 0x1E04, 0x1E04, 0x1E04, 0x1E04, 0x3E04, 
  0x1E04, 0x1E04, 0x1E04, 0x1E04, 0x1E04, 0x1E04, 0x1E04, 0x1E04, 0x1E04, 0x1E04, 0x1E04, 0x1E04, 0x1E04, 0x1E04, 0x1E04, 0x1E04, 
  0x1E04, 0x3E04, 0x1E04, 0x1E04, 0x1D04, 0x1D04, 0x3D04, 0x3E04, 0x3E04, 0x1E04, 0x5F04, 0x9C2B, 0x9279, 0x2BA0, 0x1199, 0xBBBA, 
  0xDFB3, 0xDFA3, 0xBFA3, 0xBFAB, 0xDFB3, 0xBFB3, 0xBFB3, 0xDFB3, 0xBFAB, 0xDFAB, 0xFFAB, 0xBFAB, 0xBFAB, 0xBFAB, 0x38B2, 0xD0D0, 
  0x11D9, 0x4BB0, 0x4CA0, 0x4CA8, 0x4DC8, 0x6DC0, 0x8EC0, 0x4DC0, 0x4DB0, 0x6BA0, 0x6AA0, 0x8DB8, 0x2CB0, 0x2B88, 0x6DA8, 0xB0C8, 
  0x0DC0, 0x0BB0, 0x4CB8, 0x2CC0, 0x2BB0, 0x2BA0, 0x4BA0, 0x2A90, 0x4B98, 0x2CA0, 0x8A90, 0x8AA8, 0x6AA0, 0x6CA0, 0x0A98, 0x4E98, 
  0xB3A1, 0x37BA, 0xF6B1, 0xD098, 0x2C90, 0x0BC0, 0x0998, 0x2AA0, 0xB1B8, 0xD5A1, 0x3BBB, 0x7EBB, 0x37BA, 0x4C98, 0x0F89, 0xBEB3, 
  0xFFBB, 0x12A1, 0xAF98, 0x5DB3, 0x3FBC, 0x5DB3, 0xB399, 0xCF90, 0xD090, 0xB4A1, 0x1CBB, 0xDFC3, 0xFFBB, 0xD9A2, 0x4F81, 0x6CA0, 
  0xD1D0, 0x2AA8, 0x2AA8, 0x2BA8, 0x4CA0, 0x3DB3, 0xFF7A, 0x1F83, 0x1FBC, 0xB399, 0xD399, 0xFFB3, 0xFF7A, 0xFF72, 0xDE72, 0x7F93, 
  0x9EBB, 0xAEA0, 0x4B88, 0x4B80, 0xEE80, 0x9EC3, 0xDFB3, 0xDEB3, 0xDFBB, 0x8E79, 0xA980, 0x6CA8, 0x2CB8, 0x2CB8, 0x6EC0, 0x4DC0, 
  0x0B98, 0x6DA8, 0x52C9, 0x6FB8, 0x2AA0, 0x2CB8, 0x6FD0, 0x0CC0, 0x2BB8, 0x2C90, 0x8C98, 0xCC90, 0x4CA8, 0x2BB8, 0x2DC0, 0x6BA8, 
  0x6B98, 0x6B88, 0x4A90, 0x4CB0, 0x2BA0, 0x0BA8, 0x8CB0, 0x6BA8, 0x4CB0, 0x6B90, 0x6B90, 0x6CA0, 0x2CB0, 0x0CB8, 0x0CB0, 0x4B90, 
  0x4A90, 0x4B98, 0x2BA0, 0x2BA0, 0x6C88, 0x0B90, 0x0D91, 0x8CA8, 0x0AA8, 0x4BA8, 0xEB68, 0xEA68, 0x4CA8, 0x0BA8, 0x2BA8, 0x4B98, 
  0x6CA0, 0xAB90, 0x4C88, 0x2998, 0xCC88, 0x5DBB, 0xFEAB, 0xBECD, 0xF4A1, 0x0BA0, 0xFCBA, 0x3F7B, 0xFF72, 0xFF7A, 0x1F73, 0xFF72, 
  0x9E6A, 0x7EB5, 0x9FEF, 0x3D44, 0xFD03, 0x3D04, 0x1E04, 0x1E04, 0x3D04, 0x1D04, 0x1E04, 0x1E04, 0x1E04, 0x1E04, 0x1E04, 0x1E04, 
  0x1E04, 0x1E04, 0x1E04, 0x1E04, 0x1E04, 0x1E04, 0x1E04, 0x1E04, 0x1E04, 0x1E04, 0x1E04, 0x1E04, 0x1E04, 0x1E04, 0x1E04, 0x3E04, 
  0x1E04, 0x1E04, 0x1E04, 0x1E04, 0x1E04, 0x1E04, 0x1E04, 0x1E04, 0x1E04, 0x1E04, 0x1E04, 0x1E04, 0x1E04, 0x1E04, 0x1E04, 0x1E04, 
  0x1E04, 0x1D04, 0x3D04, 0x3E04, 0x1E0C, 0xFE0B, 0x3E04, 0x3E04, 0x1E04, 0x1E04, 0x1D04, 0x3D04, 0x3E2C, 0xF95A, 0xCF88, 0x0BB8, 
  0x12C9, 0xBBB2, 0xBFB3, 0xDFB3, 0xBFB3, 0xDFB3, 0xDFB3, 0xDFB3, 0xDFB3, 0xDFB3, 0xBFB3, 0xBFB3, 0xDFB3, 0xBFAB, 0xDAA2, 0x2B98, 
  0x2BB0, 0x0AA8, 0x4DB0, 0x4DB0, 0x2CA8, 0x2CB8, 0x0BB8, 0x4CC0, 0xAC90, 0x0B81, 0x8A90, 0x0BB0, 0x4CC0, 0x6BA8, 0x4BA8, 0x0A98, 
  0x0BA8, 0x2BB8, 0x0BB0, 0x2BB0, 0x2BA8, 0x0BB0, 0x0BB0, 0x4BA8, 0x2BA0, 0xF2A8, 0x379A, 0xB699, 0xB2B0, 0x2DB8, 0x4CB0, 0x2B98, 
  0x0BA0, 0x0AA0, 0x0CA0, 0x72A9, 0xED80, 0x2DA8, 0x5199, 0xDAAA, 0x9FBB, 0x7EBB, 0x38AA, 0x8FA8, 0x0BB8, 0x6FB0, 0x5DBB, 0xFFC3, 
  0x7291, 0x1091, 0x9DC3, 0xFFB3, 0x36AA, 0x6FA0, 0x53A1, 0xFAAA, 0xDFBB, 0x1FBC, 0xFFC3, 0xB9B2, 0x2E89, 0x6B90, 0x8980, 0x4AA8, 
  0x0AB0, 0x2CB8, 0x2CA8, 0x4BA0, 0x0CB0, 0x1AAB, 0x5F7B, 0xDE72, 0x9F9B, 0xBDC3, 0x8E98, 0x77B2, 0xDFAB, 0xDE72, 0x1F73, 0xBE7A, 
  0xBFA3, 0x1BB3, 0x6E98, 0x6BA8, 0x2B98, 0x17B2, 0x1FBC, 0xDEB3, 0xFFBB, 0xBABA, 0x0B98, 0x4DC0, 0x2CC0, 0x4CA8, 0x4CA0, 0x2C88, 
  0x0C88, 0x6A98, 0x09A0, 0x0BB8, 0xEA80, 0xCB90, 0x2BB0, 0x4CB0, 0x4BB0, 0x2AA0, 0xCA80, 0x2C61, 0x6BA0, 0x11C1, 0x30B1, 0x2AA8, 
  0x4CA0, 0x6B88, 0xAA88, 0x6B90, 0x4CA8, 0x4BA0, 0xAB88, 0x4BA8, 0x2CB8, 0xAB80, 0xAB80, 0x6B98, 0x2CB0, 0xB0D8, 0x2CA8, 0x0C90, 
  0x2C90, 0x2B98, 0x4CA8, 0x0BB0, 0x4C98, 0x2C90, 0x6B88, 0x4B98, 0x2CB8, 0x2CC0, 0x4B98, 0x6DB8, 0x8EC0, 0x2CA8, 0x6B98, 0x2BA0, 
  0x6CA8, 0x6C90, 0xAB98, 0x2BB0, 0x0BA0, 0xB3A1, 0xBFB3, 0x1EBD, 0xB9AB, 0x0B98, 0x53B9, 0xBF9B, 0xDE72, 0xFF7A, 0xFF72, 0x1F73, 
  0xBE72, 0x3E9C, 0xFFFF, 0xBD64, 0xDD03, 0x3D04, 0x1E04, 0x3E04, 0x1D04, 0x1D04, 0x1E04, 0x1E04, 0x1E04, 0x1E04, 0x1E04, 0x1E04, 
  0x1E04, 0x1E04, 0x1E04, 0x1E04, 0x1E04, 0x1E04, 0x1E04, 0x1E04, 0x1E04, 0x1E04, 0x1E04, 0x1E04, 0x1E04, 0x1E04, 0x1E04, 0x3E04, 
  0x1E04, 0x1E04, 0x1E04, 0x1E04, 0x1E04, 0x1E04, 0x1E04, 0x1E04, 0x1E04, 0x1E04, 0x1E04, 0x1E04, 0x1E04, 0x1E04, 0x1E04, 0x1E04, 
  0x1E04, 0x1E04, 0x1E04, 0x1E04, 0x1E04, 0x1E04, 0x1E04, 0x1D04, 0x1E04, 0x1E04, 0x3D04, 0x1D04, 0x1D04, 0x3E04, 0x1D34, 0x5792, 
  0xAFC0, 0x0AA8, 0x31B1, 0x3DC3, 0x1FB4, 0x9FAB, 0xBFB3, 0xDFAB, 0xDFB3, 0xDFB3, 0xBFB3, 0xDFB3, 0xDEAB, 0xDFB3, 0x7DB3, 0xEB88, 
  0x2A90, 0xAFC8, 0x4EC8, 0x0AA8, 0x2BA8, 0x0BA0, 0x2BB8, 0x4CB8, 0x6B98, 0x2A71, 0x0B79, 0x2BA0, 0x4CB8, 0x8A90, 0x8A80, 0x6BA0, 
  0x4BA8, 0x6DB8, 0x6FD0, 0x2BA8, 0x2BA8, 0x2CB0, 0x0BA8, 0xABA0, 0x9291, 0x7EB4, 0xDFE6, 0xDFE6, 0xBDBC, 0x54A9, 0x2BA8, 0x4BA8, 
  0x2CB8, 0x4C98, 0x5CBB, 0xD8AA, 0x6F79, 0x1BAB, 0xDFBB, 0xFBBA, 0x94A9, 0x8EA8, 0x2EB8, 0x2DB0, 0x31A1, 0x7EC3, 0xBFBB, 0x11A1, 
  0x11B1, 0xBEB3, 0x1FBC, 0x57AA, 0x4A80, 0xBABA, 0xDFBB, 0xDFB3, 0xFFBB, 0xDAB2, 0xD198, 0x0A90, 0x0888, 0x8B78, 0x6D98, 0x2BA8, 
  0x2DB8, 0x4DC0, 0x2CB8, 0x4CA8, 0x2CB0, 0x38AA, 0x1F9C, 0x7DBD, 0xDC7A, 0x1FBC, 0x58B2, 0x2B88, 0x1BB3, 0xDF9B, 0xDF7A, 0xFF7A, 
  0xFE72, 0xFFAB, 0x59C2, 0x2BA0, 0x2BA8, 0x6EA8, 0x9DB3, 0xDFB3, 0x9FB3, 0xBFBB, 0x3291, 0x0CA0, 0x2BB0, 0x6BA8, 0x6BA8, 0xAB80, 
  0x6D90, 0x6CA8, 0xADC0, 0x2BB0, 0x6B90, 0x6B90, 0x4C80, 0x4CA0, 0x6BB8, 0xCB98, 0x4BA0, 0x8B90, 0x4CA0, 0x2CA0, 0xCC98, 0x2B98, 
  0x4C90, 0x4CA0, 0x6990, 0x4A98, 0x0BA0, 0x4BA0, 0x4BB0, 0x6BA0, 0x4BA0, 0x8B90, 0x6B98, 0x2BB8, 0x6DC8, 0x2DC0, 0x2DB0, 0x2CB0, 
  0x4B90, 0x2C90, 0x4DA0, 0x2AA8, 0x2BA8, 0x2BA8, 0x2AA0, 0x2B90, 0x0C98, 0x2DB8, 0x2BB8, 0x0CB8, 0x0AA8, 0x4B90, 0x4BA0, 0x2CB8, 
  0x8A98, 0xCA88, 0x4CA0, 0x2BB0, 0x2BB8, 0x2DA0, 0xDBB2, 0x5FB4, 0xDDBC, 0xD098, 0x8A88, 0x3CAB, 0x7F8B, 0xDF72, 0x1F73, 0xFF72, 
  0xDF72, 0x5D7B, 0xBFFF, 0xFEB5, 0xFC13, 0x1D04, 0x3D04, 0x3E04, 0x1E04, 0x1D04, 0x1E04, 0x1E04, 0x1E04, 0x1E04, 0x1E04, 0x1E04, 
  0x1E04, 0x1E04, 0x1E04, 0x1E04, 0x1E04, 0x1E04, 0x1E04, 0x1E04, 0x1E04, 0x1E04, 0x1E04, 0x1E04, 0x1E04, 0x1E04, 0x1E04, 0x3E04, 
  0x1E04, 0x1E04, 0x1E04, 0x1E04, 0x1E04, 0x1E04, 0x1E04, 0x1E04, 0x1E04, 0x1E04, 0x1E04, 0x1E04, 0x1E04, 0x1E04, 0x1E04, 0x1E04, 
  0x1E04, 0x1E04, 0x1E04, 0x1E04, 0x1E04, 0x1E04, 0x1E04, 0x1E04, 0x1E04, 0x1E04, 0x1E04, 0x1E04, 0x3E04, 0x1D0C, 0x1E04, 0x1F1C, 
  0xBC5B, 0xB189, 0x2CB0, 0x6FB8, 0x38B2, 0xDEBB, 0xDFB3, 0xBFAB, 0xBFAB, 0xBFB3, 0xDFB3, 0xBFB3, 0xDFB3, 0xBFB3, 0xBFC3, 0x10A1, 
  0x0BA8, 0x4DB8, 0x0BB0, 0x4DC8, 0x4DC0, 0x4CB8, 0x2DC0, 0x4DC0, 0x4BA0, 0xCA78, 0x2B71, 0x2B90, 0x0BB0, 0x6B98, 0x4A98, 0x4CA8, 
  0xADA0, 0x2BA8, 0x4CB8, 0x0BB0, 0x4AA8, 0x4BA0, 0x2BA0, 0x8C80, 0x5BA3, 0x7FF7, 0xFFFF, 0xFFFF, 0xFFFF, 0xBDB4, 0x8E88, 0x4990, 
  0x29A0, 0xF1A0, 0xDFB3, 0xB599, 0x5DC3, 0x5CB3, 0x12A9, 0x2DC0, 0x0AB8, 0x2CB0, 0x32C1, 0xB9BA, 0xFFC3, 0xFCCA, 0xAFA8, 0x0FA1, 
  0x9DBB, 0xFFB3, 0x9EBB, 0x10A1, 0xFAB2, 0xFFAB, 0x9FAB, 0x3FBC, 0x77B2, 0x0BA0, 0x0A80, 0xD198, 0xB5A9, 0x56A2, 0x31A9, 0xF0C8, 
  0xAED0, 0x2CB8, 0x4DB0, 0x6FB8, 0xAB98, 0x369A, 0x9EA3, 0x1EEF, 0x1E94, 0x3E93, 0xFEBB, 0xAE98, 0x4C90, 0x1CBB, 0x7F93, 0xDE72, 
  0xDF72, 0xFE8A, 0xFFBB, 0x7299, 0x0AB0, 0x0CC0, 0x58B2, 0xFFAB, 0xBFB3, 0x1FB4, 0xFAB2, 0x2C98, 0x4A90, 0x2CB8, 0x2CB8, 0xADC0, 
  0xAFC8, 0x8EC0, 0x8ED8, 0x2BA8, 0x4CB0, 0x2BA0, 0x6C90, 0x2C90, 0x2998, 0x6CA0, 0x4BA0, 0x2C98, 0x4DA0, 0xAB88, 0x6B98, 0x2CA0, 
  0x4B98, 0x2BA8, 0x8A88, 0xCA88, 0xAB80, 0x4B98, 0x2BB0, 0x4BA0, 0x6CB0, 0x4CB0, 0x4BB0, 0x4CB8, 0x2BB0, 0x2BA8, 0x2B90, 0x2BA8, 
  0x4BB0, 0x4BA0, 0x4CA8, 0x4A98, 0x0BA8, 0x6A98, 0xCA88, 0x2BA8, 0x0BA0, 0x2CA8, 0x8B98, 0x4A98, 0x2BA0, 0x4A98, 0x2CB0, 0x0BB0, 
  0x0FA1, 0x8A88, 0xF1B0, 0x6EB0, 0x4CB8, 0x2998, 0x3191, 0x3EB3, 0x7FAC, 0x57B2, 0x6888, 0xB3A1, 0xFFB3, 0x1E7B, 0xFF6A, 0x1F73, 
  0xFF72, 0xDE6A, 0xBFDE, 0xFEE6, 0xFD33, 0x1E04, 0x3E04, 0x1E04, 0x3E04, 0x1E04, 0x1E04, 0x1E04, 0x1E04, 0x1E04, 0x1E04, 0x1E04, 
  0x1E04, 0x1E04, 0x1E04, 0x1E04, 0x1E04, 0x1E04, 0x1E04, 0x1E04, 0x1E04, 0x1E04, 0x1E04, 0x1E04, 0x1E04, 0x1E04, 0x1E04, 0x3E04, 
  0x1E04, 0x1E04, 0x1E04, 0x1E04, 0x1E04, 0x1E04, 0x1E04, 0x1E04, 0x1E04, 0x1E04, 0x1E04, 0x1E04, 0x1E04, 0x1E04, 0x1E04, 0x1E04, 
  0x1E04, 0x1E04, 0x1E04, 0x1E04, 0x1E04, 0x1E04, 0x1E04, 0x1E04, 0x1E04, 0x1E04, 0x1E04, 0x1E04, 0x1E04, 0x3D04, 0x1E04, 0x1D04, 
  0x5D04, 0x1E2C, 0xD75A, 0x5089, 0x4EB0, 0x11A9, 0x9CB3, 0x1FB4, 0xDFB3, 0xDFB3, 0xDFB3, 0xDFBB, 0xDFB3, 0xDFAB, 0xDFB3, 0x14B1, 
  0x2BA8, 0x4BA8, 0x2BB0, 0x2CB8, 0x0CB8, 0x4DC8, 0x2DC8, 0x2CB0, 0x2BC0, 0xCA88, 0x0A69, 0x4B98, 0x2BA0, 0x4BA8, 0x0BB8, 0x4CA8, 
  0xEEA8, 0x4BA0, 0x0AA8, 0x2BA8, 0xAA88, 0x8BA0, 0xAA88, 0x2E71, 0xFEBC, 0xFEDE, 0x7CB5, 0xFDC5, 0xFFFF, 0xDFDE, 0xB699, 0x4BA8, 
  0x0DB8, 0x96C1, 0x9EB3, 0xBDA2, 0x1CBB, 0x2BA0, 0x2BC0, 0xD0D0, 0x9289, 0xF9AA, 0xBFC3, 0x1CBB, 0x75B9, 0x8FB0, 0x94B9, 0xBFC3, 
  0xDFB3, 0x9FB3, 0xB4A1, 0x38B2, 0x1FB4, 0xBEAB, 0x1FBC, 0xDAB2, 0x0DA0, 0x53B9, 0xDAB2, 0xBAB2, 0x96B9, 0xB0A8, 0x4CB0, 0x2DC0, 
  0x6BB0, 0x8A88, 0x4B88, 0x6C78, 0x4A80, 0x7291, 0x5C9B, 0xDEDE, 0x7FD6, 0xDD7A, 0x3FB4, 0x37AA, 0x0AA0, 0xCDA0, 0x9DB3, 0x5F83, 
  0xDF72, 0xDE7A, 0x9F9B, 0x7DAB, 0x6DA0, 0x0CC0, 0x71A1, 0xBFC3, 0xBFB3, 0xBFB3, 0xFFC3, 0x51A1, 0x0A98, 0x6CA8, 0x4CB0, 0x4DB8, 
  0x2DC0, 0x2BB8, 0x0BB8, 0x8B98, 0xCA80, 0x6BA0, 0xCA88, 0x8B80, 0xCB80, 0x8A59, 0xAB88, 0x4D80, 0x4BA0, 0x8B90, 0x6B80, 0x0BA0, 
  0x2BB8, 0x4B98, 0x8B88, 0xEA80, 0x8B90, 0x2BA0, 0x0BB0, 0x2BB0, 0x2CC0, 0x2CC0, 0x2CC0, 0x2BB0, 0x4CB8, 0x2BA0, 0x4B90, 0x2BA0, 
  0x2BB0, 0x2AA0, 0x0AA8, 0x2AA0, 0x2B98, 0x8D98, 0xCFC8, 0x4DC0, 0xAC88, 0x4DB0, 0x8DA8, 0x6DB8, 0x4BB8, 0x4BA0, 0x4CB0, 0x2AB0, 
  0xF6C1, 0x51A9, 0x4B98, 0x4DB8, 0x0AB0, 0x0BA8, 0x2B90, 0xD198, 0xDC92, 0x3E9B, 0x8EA0, 0x6DA8, 0xDCC2, 0xBFB3, 0xFE82, 0xFE72, 
  0xFF7A, 0x7E72, 0x5EB5, 0xFFFF, 0x5D64, 0xFE03, 0x1E04, 0x1E04, 0x3E04, 0x1E04, 0x1E04, 0x1E04, 0x1E04, 0x1E04, 0x1E04, 0x1E04, 
  0x1E04, 0x1E04, 0x1E04, 0x1E04, 0x1E04, 0x1E04, 0x1E04, 0x1E04, 0x1E04, 0x1E04, 0x1E04, 0x1E04, 0x1E04, 0x1E04, 0x1E04, 0x3E04, 
  0x1E04, 0x1E04, 0x1E04, 0x1E04, 0x1E04, 0x1E04, 0x1E04, 0x1E04, 0x1E04, 0x1E04, 0x1E04, 0x1E04, 0x1E04, 0x1E04, 0x1E04, 0x1E04, 
  0x1E04, 0x1E04, 0x1E04, 0x1E04, 0x1E04, 0x1E04, 0x1E04, 0x1E04, 0x1E04, 0x1E04, 0x1E04, 0x1E04, 0x1E04, 0x3D04, 0x1E04, 0x3E04, 
  0x1D04, 0xFE03, 0x5D04, 0x1E3C, 0x9A82, 0x4D90, 0x6DA0, 0x59B2, 0xFFBB, 0xFFB3, 0xBFAB, 0xDEB3, 0xBFAB, 0x9FAB, 0xFFC3, 0x13A9, 
  0x0AA0, 0x4CA0, 0x2CB0, 0x2BB0, 0x2CC8, 0x0CC0, 0x2A98, 0x2BA0, 0x0AB8, 0xEA88, 0xEB90, 0x6B90, 0x6B98, 0x8B98, 0x4BA0, 0x0AA0, 
  0x2BA0, 0x4BA0, 0x2BA0, 0x2BA8, 0x2CA0, 0x8DB8, 0xEB90, 0x2F89, 0x5EC5, 0x5DD6, 0x3C94, 0xFD8B, 0xFFFF, 0xFFEE, 0x5AB2, 0x90E0, 
  0x4BA8, 0x77A2, 0xBFBB, 0x9FB3, 0x94A1, 0x0998, 0x73B1, 0x1DB3, 0x7DC3, 0x78BA, 0xD0A0, 0x2DA0, 0x33B1, 0xBABA, 0xDFBB, 0xFFC3, 
  0xFEB2, 0xF7A1, 0x73A1, 0xDFC3, 0x9FB3, 0xDFBB, 0x3CB3, 0x95A1, 0xFBC2, 0xB8AA, 0xEF90, 0x2B90, 0x0AA8, 0x0AA8, 0x2C98, 0x2C98, 
  0x6A98, 0x0969, 0xAB80, 0xEC78, 0x6B78, 0xAC98, 0xDC9A, 0xBEC5, 0xDFFF, 0x7D83, 0x9FA3, 0x5DB3, 0x4DA8, 0x6A90, 0x9191, 0xBFB3, 
  0xDF72, 0xFF72, 0xDE7A, 0xDFAB, 0x77AA, 0x0B90, 0x8D90, 0x5DBB, 0xFFB3, 0xBEB3, 0x1FB4, 0xFAB2, 0xAB88, 0xE880, 0x2BA8, 0x6DC0, 
  0x2AA0, 0x6B90, 0x2BA0, 0x4B98, 0x4BA0, 0x4A90, 0xEA80, 0x6B90, 0x8B88, 0x2A79, 0x8B98, 0xCB98, 0x2BB0, 0x0BA8, 0x6C78, 0x6C88, 
  0x2CB0, 0x4BA0, 0x4CA0, 0x4BA8, 0x6DB0, 0x6DB0, 0x2CA8, 0x6DC8, 0x2CB0, 0x2BB0, 0x0BB8, 0x0BB0, 0x4CB8, 0x2BA0, 0x2BA8, 0x0BA0, 
  0x6A88, 0xAB68, 0x2B90, 0x2AA8, 0x2BA0, 0x2BA8, 0x0BC0, 0x2AA0, 0xAB88, 0x6B90, 0x6C80, 0x6C90, 0x2CA0, 0x4CC0, 0x4DC8, 0x0AB0, 
  0x53A9, 0x7DC3, 0x4DA0, 0x0BC0, 0x2DC0, 0x8A98, 0x6A88, 0x0AA0, 0x31A1, 0x5F8B, 0x589A, 0x6988, 0x32A1, 0xDFB3, 0xDFAB, 0x1E83, 
  0x1F73, 0xBF7A, 0xDC8B, 0xFFFF, 0x3D8D, 0xFD13, 0x1E04, 0x1D04, 0x1E04, 0x1E04, 0x1E04, 0x1E04, 0x1E04, 0x1E04, 0x1E04, 0x1E04, 
  0x1E04, 0x1E04, 0x1E04, 0x1E04, 0x1E04, 0x1E04, 0x1E04, 0x1E04, 0x1E04, 0x1E04, 0x1E04, 0x1E04, 0x1E04, 0x1E04, 0x1E04, 0x3E04, 
  0x1E04, 0x1E04, 0x1E04, 0x1E04, 0x1E04, 0x1E04, 0x1E04, 0x1E04, 0x1E04, 0x1E04, 0x1E04, 0x1E04, 0x1E04, 0x1E04, 0x1E04, 0x1E04, 
  0x1E04, 0x1E04, 0x1E04, 0x1E04, 0x1E04, 0x1E04, 0x1E04, 0x1E04, 0x1E04, 0x1E04, 0x1E04, 0x1E04, 0x1E04, 0x1D04, 0x1D04, 0x1E04, 
  0x1E04, 0xFE0B, 0x1E04, 0x1E04, 0x3E0C, 0x9B33, 0xF359, 0x8B78, 0x3099, 0xDBBA, 0xFFBB, 0xFFB3, 0xDFA3, 0x9EAB, 0xDEBB, 0x3299, 
  0x0AA8, 0x2CA0, 0x2C98, 0x2BA8, 0x4CC0, 0x4CB0, 0x4BB0, 0x8B88, 0x2BA8, 0x0AB0, 0x4AA0, 0x2BA8, 0x4CA8, 0xACB0, 0x2BB0, 0x2CB8, 
  0x2BA8, 0x4BA0, 0x4B98, 0x0A98, 0x2B98, 0x2BA0, 0x0AB0, 0xD0A0, 0x3EBD, 0x5EF7, 0x5CB5, 0x7CB5, 0xFFFF, 0xDFDE, 0x9591, 0x0BB0, 
  0xAB98, 0x3AB3, 0xDFBB, 0xFFBB, 0xF689, 0x389A, 0x9DC3, 0x16A2, 0xB2A8, 0xD1B0, 0xD5B1, 0x1BB3, 0xFFB3, 0x1FB4, 0x1FBC, 0xDAB2, 
  0x18AA, 0x1299, 0x5CB3, 0xFFB3, 0xBEB3, 0xFFB3, 0x5EBB, 0x9AC2, 0x31A9, 0x8D90, 0x31A9, 0xAFB0, 0x6BB0, 0x2BA8, 0x0A98, 0x4CA0, 
  0x6C80, 0x4CA8, 0x8B98, 0x8B90, 0x6C98, 0xE978, 0xBA92, 0x7EAC, 0xFFFF, 0x5DA4, 0x3F8B, 0x1FBC, 0x30A1, 0x2B98, 0x0998, 0x79B2, 
  0x7F93, 0xDF72, 0xFF6A, 0x1E83, 0xFFC3, 0x73A1, 0x0A88, 0x56B2, 0x1FBC, 0x9EB3, 0xFFAB, 0xDFB3, 0x7189, 0x6A90, 0x0BB0, 0x2CB8, 
  0x4BB0, 0x6B98, 0x6B98, 0x6B90, 0x2BA0, 0x4B90, 0x0CB0, 0x2AA8, 0x4B98, 0x6B88, 0x8A90, 0x6988, 0x0BA8, 0x2CA8, 0xCC78, 0x0B69, 
  0x6B90, 0x2BA0, 0x6C90, 0x2B98, 0x4B88, 0x0BB0, 0x0BB0, 0x2CB8, 0x2CB0, 0x2CB8, 0x2BA8, 0x2CB8, 0xAEC8, 0x2BA0, 0x0CB0, 0x0BB0, 
  0xCA80, 0xF279, 0xF0A0, 0x0AB0, 0x0BA8, 0x2CB8, 0x4CA0, 0x4A88, 0xAA78, 0x8A88, 0x4CB0, 0x6C98, 0x2CB0, 0x4DD0, 0x2DB8, 0x2BB8, 
  0xF1B0, 0xDFBB, 0x79BA, 0x0BA0, 0x4BA8, 0xC988, 0x8CA8, 0x6EC0, 0x2AA0, 0xF7A1, 0x3F9B, 0x7499, 0x0988, 0x19AB, 0xFFBB, 0x7F9B, 
  0x3E7B, 0xFF72, 0xBE72, 0x1FEF, 0x5EC6, 0x9D23, 0x3D04, 0x3D04, 0x1E04, 0x1E04, 0x1E04, 0x1E04, 0x1E04, 0x1E04, 0x1E04, 0x1E04, 
  0x1E04, 0x1E04, 0x1E04, 0x1E04, 0x1E04, 0x1E04, 0x1E04, 0x1E04, 0x1E04, 0x1E04, 0x1E04, 0x1E04, 0x1E04, 0x1E04, 0x1E04, 0x3E04, 
  0x1E04, 0x1E04, 0x1E04, 0x1E04, 0x1E04, 0x1E04, 0x1E04, 0x1E04, 0x1E04, 0x1E04, 0x1E04, 0x1E04, 0x1E04, 0x1E04, 0x1E04, 0x1E04, 
  0x1E04, 0x1E04, 0x1E04, 0x1E04, 0x1E04, 0x1E04, 0x1E04, 0x1E04, 0x1E04, 0x1E04, 0x1E04, 0x1E04, 0x1E04, 0x1E04, 0x3D04, 0x1D04, 
  0x1E04, 0x3D04, 0x3D04, 0xFD0B, 0x3D04, 0x3E04, 0x3E0C, 0x7933, 0x9169, 0x6C90, 0x12A9, 0xFBB2, 0xBEB3, 0xFFBB, 0x1FB4, 0x37B2, 
  0x4CB8, 0x2CC0, 0x0CB0, 0x2C98, 0x8DC0, 0x2AB0, 0x6CB0, 0x8C98, 0x2CA8, 0x0CB0, 0x6CA0, 0x4CB0, 0x6DC0, 0x2CB8, 0x0DC8, 0x0DC0, 
  0x0B98, 0x4BA8, 0x4BB0, 0x2CB0, 0x4CA8, 0x2BA8, 0x0AB0, 0x6D98, 0x1CA4, 0xFFFF, 0xDFFF, 0xDFFF, 0xFFFF, 0xFDBC, 0x8E90, 0x0BB0, 
  0x8FB8, 0x7DB3, 0xFFB3, 0xBFAB, 0x9FB3, 0xDFBB, 0xD9A2, 0x78AA, 0x1DBB, 0xBFBB, 0xFFB3, 0xFFB3, 0xFFB3, 0x9EB3, 0x58A2, 0x58B2, 
  0x32A9, 0x79AA, 0xFFAB, 0xDFB3, 0x1FBC, 0x5CBB, 0x7299, 0x8F98, 0xF7B9, 0xDCCA, 0x55B9, 0x6DB0, 0x2BB0, 0x2DB8, 0x2DC0, 0x0AA8, 
  0x4B98, 0x2CA8, 0x2BB0, 0x2BB0, 0x4CA8, 0x6970, 0x568A, 0xDDA3, 0x9FF7, 0xBDC5, 0xDE7A, 0x1FC4, 0x16AA, 0x0AA0, 0x2BA8, 0x0F99, 
  0xDFA3, 0xDE7A, 0x1F73, 0xFE72, 0x5F93, 0x9DBB, 0xAFA0, 0xCF98, 0xFFB3, 0xBFBB, 0xDFB3, 0x1FBC, 0xBAB2, 0x0C90, 0x2BA8, 0x0BB0, 
  0x2BB0, 0x2CB8, 0x4BA0, 0x4BA0, 0x6B80, 0x6C90, 0xF0D8, 0x4CB8, 0x4CB8, 0x4C90, 0x6A90, 0x4A90, 0x6DB8, 0x2B98, 0x8A80, 0x4BA0, 
  0x6B98, 0x4B98, 0x4BA0, 0x2CB0, 0x4CA8, 0x4CB8, 0x2BB8, 0x4A98, 0x6B88, 0x6CB8, 0x4B98, 0x2CB8, 0x6DB8, 0x2BA0, 0x2CB8, 0x2BA8, 
  0x2A98, 0xF7A9, 0x35A2, 0x4988, 0x6C98, 0x2BB0, 0x4B88, 0x2B98, 0x8B90, 0xAC98, 0x2ED0, 0x0CB8, 0x4DC8, 0x2CC0, 0x4C98, 0x4C98, 
  0xAEB0, 0x9DB3, 0xFFBB, 0x7091, 0x0B98, 0x2CC0, 0x2DD0, 0x6EC0, 0x8C98, 0xAC88, 0x9AA2, 0x1F93, 0x51A1, 0xF0A0, 0x7FBB, 0xBFB3, 
  0xBEAB, 0xFF7A, 0x9E6A, 0x5DBD, 0x1FEF, 0xBD4B, 0x1D04, 0x3D04, 0x1E04, 0x1E04, 0x1E04, 0x1E04, 0x1E04, 0x1E04, 0x1E04, 0x1E04, 
  0x1E04, 0x1E04, 0x1E04, 0x1E04, 0x1E04, 0x1E04, 0x1E04, 0x1E04, 0x1E04, 0x1E04, 0x1E04, 0x1E04, 0x1E04, 0x1E04, 0x1E04, 0x3E04, 
  0x1E04, 0x1E04, 0x1E04, 0x1E04, 0x1E04, 0x1E04, 0x1E04, 0x1E04, 0x1E04, 0x1E04, 0x1E04, 0x1E04, 0x1E04, 0x1E04, 0x1E04, 0x1E04, 
  0x1E04, 0x1E04, 0x1E04, 0x1E04, 0x1E04, 0x1E04, 0x1E04, 0x1E04, 0x1E04, 0x1E04, 0x1E04, 0x1E04, 0x1E04, 0x1E04, 0x1E04, 0x1E04, 
  0x1E04, 0x3D04, 0x3D04, 0x3E04, 0x3E04, 0x1D04, 0x3D04, 0x3E04, 0xFE1B, 0x5A5B, 0x1089, 0x2B98, 0x6C98, 0x95B1, 0x39BA, 0xB6B9, 
  0x6DB0, 0x2BB0, 0x0CC0, 0x2CA0, 0x0BA0, 0x0AA8, 0x0BA0, 0x2BB0, 0x2BA8, 0x2B98, 0x8C80, 0x2BA0, 0x2CB8, 0x2CC0, 0x2CA8, 0x4DB8, 
  0x2BA8, 0x2BA0, 0x0AB0, 0x2BB0, 0x2BB0, 0x2CA8, 0x4CB8, 0x2AA0, 0xD591, 0x9FC5, 0xDFF7, 0xBFFF, 0xBFC5, 0xD599, 0x2CA8, 0x2BB8, 
  0xF2B0, 0xBEA3, 0xBFAB, 0xDFB3, 0xDFB3, 0xDFB3, 0xFFBB, 0xFFBB, 0xDFB3, 0xBFAB, 0xBFB3, 0xDEAB, 0xDFB3, 0xDCAA, 0xBAB2, 0xD499, 
  0xF5A1, 0x1FBC, 0xFFBB, 0x3CBB, 0x9299, 0xEF90, 0x16AA, 0x7DBB, 0x98B2, 0x8D98, 0x2CB8, 0x4DC8, 0x2BA8, 0x4CB0, 0x2DC0, 0x2CC0, 
  0x2BB8, 0x2BA8, 0x6B90, 0x4BA0, 0x2B98, 0x0B98, 0x31A1, 0x5EA3, 0x7FD6, 0xBEDE, 0xBD7A, 0xFFBB, 0x3BAB, 0x4B80, 0x6DA0, 0x4BA0, 
  0xFBAA, 0x5F8B, 0xFF72, 0xFF72, 0xDE72, 0xBFA3, 0xFBBA, 0x6A70, 0xF8A2, 0xFFBB, 0xBFB3, 0xBEB3, 0xDFBB, 0x32A1, 0x0AB0, 0x4DD0, 
  0x8ED0, 0x4DB8, 0x2BA0, 0x0BA0, 0x2B98, 0x2BA8, 0x4BB8, 0x2BB0, 0x4DB8, 0x2CA0, 0x6A98, 0x8A78, 0x4B98, 0x8BA0, 0xAB88, 0x6B98, 
  0x0C90, 0x4CB0, 0x2AB0, 0x4CB0, 0x4CB8, 0x4BA8, 0x4CB0, 0x8BA8, 0xAB88, 0x8C90, 0x4A88, 0x4B98, 0x0BA8, 0x4DC8, 0x4DC8, 0x4CB0, 
  0x2AA0, 0xB6A1, 0x79A3, 0xC880, 0x2BA8, 0x2C98, 0x6B90, 0x2AA0, 0x4AA0, 0x6DC0, 0x4DC0, 0x0AA0, 0x2BB0, 0x0BA0, 0x2B98, 0x2CA8, 
  0x6EB8, 0x7DBB, 0xFFBB, 0x3BB3, 0x6D98, 0x4CC0, 0x4BB0, 0x2C98, 0xAC88, 0x8A78, 0xEEA8, 0x3C93, 0x5F93, 0xD5A1, 0x9289, 0xDEBB, 
  0xFFB3, 0x9FA3, 0xBF72, 0x9D8B, 0x3FEF, 0x5D7C, 0x1D1C, 0x3D04, 0x1E04, 0x1E04, 0x1E04, 0x1E04, 0x1E04, 0x1E04, 0x1E04, 0x1E04, 
  0x1E04, 0x1E04, 0x1E04, 0x1E04, 0x1E04, 0x1E04, 0x1E04, 0x1E04, 0x1E04, 0x1E04, 0x1E04, 0x1E04, 0x1E04, 0x1E04, 0x1E04, 0x3E04, 
  0x1E04, 0x1E04, 0x1E04, 0x1E04, 0x1E04, 0x1E04, 0x1E04, 0x1E04, 0x1E04, 0x1E04, 0x1E04, 0x1E04, 0x1E04, 0x1E04, 0x1E04, 0x1E04, 
  0x1E04, 0x1E04, 0x1E04, 0x1E04, 0x1E04, 0x1E04, 0x1E04, 0x1E04, 0x1E04, 0x1E04, 0x1E04, 0x1E04, 0x1E04, 0x1E04, 0x1E04, 0x1E04, 
  0x1E04, 0x1E04, 0x1E04, 0x3E04, 0x1D04, 0x1D04, 0x3D04, 0x3D04, 0x1D04, 0x3E0C, 0x3D24, 0xD762, 0x0F91, 0x09A8, 0x0AA8, 0x4EB8, 
  0x2BB0, 0x2BA8, 0x4CA0, 0x2BA0, 0x0BA8, 0x2DB0, 0x0BA8, 0x0BC0, 0x2BB8, 0x2BA0, 0x2CA8, 0x6DC8, 0x2CB8, 0x0BA0, 0x4B90, 0x2DC0, 
  0x2DC8, 0x2BA0, 0x4BB8, 0x2BB0, 0x2BA0, 0x2BA0, 0x4B98, 0x4A90, 0x4CA8, 0x95A9, 0x79AB, 0x58AB, 0x7399, 0x4B90, 0x2BA8, 0x09A8, 
  0xD5A9, 0x5F93, 0x5E9B, 0xFEBB, 0xDFB3, 0xBFB3, 0xDFB3, 0xBFB3, 0xBFAB, 0xDFB3, 0xBFAB, 0xBFAB, 0xDFAB, 0xFFBB, 0xFA9A, 0xF491, 
  0xFFC3, 0xBEB3, 0xD6B1, 0xB098, 0xD3A1, 0x9DBB, 0x5ABB, 0xF098, 0x0BA8, 0x4BB0, 0x4BB8, 0x2BA8, 0x4BA8, 0x2BA8, 0x0BA8, 0x4DD0, 
  0x2CC0, 0x2BA0, 0x8C98, 0x4BA8, 0x4B98, 0x0BB0, 0x6EA8, 0x1DAB, 0x3DBD, 0x5FEF, 0xFD7A, 0xBFAB, 0xDEC3, 0xF098, 0x2B98, 0x0BA8, 
  0x94B1, 0xBFA3, 0xBF72, 0x1F83, 0x1F7B, 0xDE7A, 0xFFB3, 0x169A, 0xEF88, 0xDFBB, 0xDFAB, 0xBEB3, 0xFFAB, 0xFAAA, 0x0CA0, 0x2CA8, 
  0x4EC0, 0x2CA0, 0x2BA8, 0x0BA8, 0x0BA8, 0x0BA8, 0x2CB0, 0x2EC0, 0x4DB8, 0x2CB8, 0x0CB8, 0x2C90, 0x0CA0, 0xEA80, 0x6851, 0x4961, 
  0xCA80, 0xAEB0, 0x4CA8, 0x6B98, 0x6B88, 0x4A98, 0x0CB8, 0x6BA8, 0x2B90, 0x2CA8, 0x6DB0, 0x8DB0, 0x2CB0, 0x2CC0, 0x6DB8, 0x4CB8, 
  0x2AA0, 0x94A1, 0x9DC3, 0x6DA0, 0x2A98, 0x4B80, 0x6B88, 0x2C81, 0x8EA0, 0x4BB8, 0x4B98, 0x4CA8, 0x4BB0, 0x4B88, 0x8DA8, 0x4DC8, 
  0xCFA8, 0xDEBB, 0xDFBB, 0x1FC4, 0xB5A9, 0x0BA8, 0x8C90, 0xAC80, 0x4C98, 0x8C80, 0x8988, 0x0C81, 0x1992, 0x7F8B, 0x568A, 0x148A, 
  0xBFBB, 0xDFB3, 0x7F8B, 0x9E6A, 0xDEC5, 0xDDAC, 0x7D4C, 0x1D04, 0x3E04, 0x1D04, 0x1E04, 0x1E04, 0x1E04, 0x1E04, 0x1E04, 0x1E04, 
  0x1E04, 0x1E04, 0x1E04, 0x1E04, 0x1E04, 0x1E04, 0x1E04, 0x1E04, 0x1E04, 0x1E04, 0x1E04, 0x1E04, 0x1E04, 0x1E04, 0x1E04, 0x3E04, 
  0x1E04, 0x1E04, 0x1E04, 0x1E04, 0x1E04, 0x1E04, 0x1E04, 0x1E04, 0x1E04, 0x1E04, 0x1E04, 0x1E04, 0x1E04, 0x1E04, 0x1E04, 0x1E04, 
  0x1E04, 0x1E04, 0x1E04, 0x1E04, 0x1E04, 0x1E04, 0x1E04, 0x1E04, 0x1E04, 0x1E04, 0x1E04, 0x1E04, 0x1E04, 0x1E04, 0x1E04, 0x1E04, 
  0x1E04, 0x1E04, 0x1E04, 0x3D04, 0x1D04, 0x1D04, 0x1D04, 0x3E04, 0x3D04, 0x1E04, 0x1E04, 0x5E04, 0x3E3C, 0xF862, 0x3089, 0x2BA8, 
  0x0BC0, 0x4AA0, 0x8A90, 0x0BA0, 0x2CA0, 0x0CB0, 0x4CA8, 0x2BA0, 0x2BA8, 0x2BA8, 0x2BB8, 0x4CC0, 0x2BB0, 0x2BA8, 0x2CA8, 0x0BA8, 
  0x2BA8, 0x2BB0, 0x2AA0, 0x0BA0, 0x2BB0, 0x8ED0, 0x2BA8, 0x6B90, 0x2BB0, 0x0AB0, 0xAF98, 0x4C98, 0x2AA0, 0x2BA8, 0x0BA8, 0x2AA0, 
  0xD9A2, 0x1F83, 0x5E93, 0xDFB3, 0xDFB3, 0xBFB3, 0xBFB3, 0xBFB3, 0xDFB3, 0xBFB3, 0xBEB3, 0xBFB3, 0xDFB3, 0xDFBB, 0x1B93, 0xBEA3, 
  0x3FC3, 0x33B1, 0x54A9, 0x3DBB, 0xBFC3, 0x74A9, 0x0A90, 0x2AA8, 0x2CA0, 0x2DB0, 0x2BB0, 0x2BA8, 0x8A90, 0x4BA8, 0x0BA8, 0x2CC0, 
  0x2CD0, 0x4DB0, 0x4DB0, 0x2BA8, 0x4A90, 0x0BB0, 0x0CA8, 0xDBB2, 0x3DAC, 0x5FEF, 0x7D7B, 0x7FA3, 0xFFC3, 0xB4A9, 0x8B88, 0x6CA0, 
  0xEFB0, 0x9EB3, 0xFE7A, 0x1F83, 0xBF9B, 0xDE72, 0x3E83, 0xDFBB, 0xF190, 0x98AA, 0xFFB3, 0x9EB3, 0xFFB3, 0xFFB3, 0x94A9, 0x0CB0, 
  0x0CB8, 0x0CB0, 0x4CB8, 0x0BB0, 0x2B98, 0x0B98, 0x6DA8, 0xAEC8, 0x6CB8, 0x0BA8, 0x2BA8, 0x2AA0, 0xE980, 0xC959, 0x8951, 0x2A69, 
  0x6A59, 0xAB78, 0x2AB0, 0x4BA8, 0xAB80, 0xAB90, 0x6BA0, 0x4A98, 0x2BA0, 0x4BA0, 0x4A98, 0x4BA0, 0x6C98, 0x2DC0, 0x4C98, 0x0BB0, 
  0x2990, 0x53A9, 0xFFC3, 0x53A1, 0x2AA0, 0x6B98, 0x2B98, 0xCD79, 0x37A2, 0x6A80, 0x8B88, 0x4CB0, 0x8CB0, 0x4B90, 0x2BA0, 0x2CB0, 
  0x31A9, 0xDEBB, 0xBFAB, 0xDFAB, 0x7CBB, 0x8E88, 0x4C80, 0x8BA0, 0x6BA0, 0xAB78, 0xAB88, 0x2B98, 0x4DB0, 0xF8A9, 0x5F93, 0xDA8A, 
  0x78A2, 0xBFBB, 0xDFB3, 0xDF82, 0x9E83, 0xBD9B, 0x1E64, 0x1D04, 0x1E04, 0x1D04, 0x1E04, 0x1E04, 0x1E04, 0x1E04, 0x1E04, 0x1E04, 
  0x1E04, 0x1E04, 0x1E04, 0x1E04, 0x1E04, 0x1E04, 0x1E04, 0x1E04, 0x1E04, 0x1E04, 0x1E04, 0x1E04, 0x1E04, 0x1E04, 0x1E04, 0x3E04, 
  0x1E04, 0x1E04, 0x1E04, 0x1E04, 0x1E04, 0x1E04, 0x1E04, 0x1E04, 0x1E04, 0x1E04, 0x1E04, 0x1E04, 0x1E04, 0x1E04, 0x1E04, 0x1E04, 
  0x1E04, 0x1E04, 0x1E04, 0x1E04, 0x1E04, 0x1E04, 0x1E04, 0x1E04, 0x1E04, 0x1E04, 0x1E04, 0x1E04, 0x1E04, 0x1E04, 0x1E04, 0x1E04, 
  0x1E04, 0x1E04, 0x1E04, 0x1D04, 0x3D04, 0x1D04, 0x1E04, 0x1E04, 0x1E04, 0x1E04, 0x1E04, 0x1D04, 0xFD03, 0x3F04, 0xFD23, 0xB74A, 
  0x3089, 0x2CA8, 0x2AA8, 0x0BA0, 0x2CA8, 0x2BB8, 0x4CB8, 0x0BA8, 0x0BB0, 0x2BB8, 0x6CC8, 0x4CB8, 0x0CB8, 0x4CC0, 0x4CA8, 0xADB0, 
  0x4CA0, 0x0BB0, 0x4BA0, 0x4DB0, 0x2CA0, 0x4CC0, 0x8CB8, 0x2AA0, 0x2CB8, 0x4BA8, 0x8988, 0x8B80, 0x6B90, 0x2BA8, 0x0BB8, 0x8DA0, 
  0x5CA3, 0xFE72, 0x1F83, 0xDFAB, 0xDFB3, 0xBFB3, 0xDFB3, 0xDFB3, 0xDFB3, 0xDFB3, 0xDFB3, 0xDFB3, 0xBFB3, 0xBFBB, 0xBFAB, 0x7FAB, 
  0x12A9, 0x57BA, 0xBEC3, 0xD6B1, 0x8D98, 0x0AA0, 0x4CB8, 0x2AA8, 0x2AA8, 0x2CA0, 0x2A98, 0x6CA8, 0x6DB8, 0x0BA8, 0x6BA0, 0x4CA8, 
  0x2CC0, 0x2BB8, 0x0CB8, 0x4C98, 0x8A88, 0x0BA8, 0x2CB0, 0x79B2, 0xBFA3, 0xBFDE, 0x1D8C, 0x7F93, 0x1FBC, 0x98B2, 0x6A80, 0x4B98, 
  0x2CA0, 0xFAB2, 0x7F8B, 0xDE72, 0xDFAB, 0x5F93, 0x9F72, 0x7F8B, 0x3CBB, 0x54A1, 0xBFB3, 0xDFAB, 0xBFBB, 0xBFB3, 0x5CB3, 0x4DB8, 
  0x2CC0, 0xAEB0, 0x4B98, 0x0A98, 0x0BA0, 0x0CA8, 0x4CA0, 0x6990, 0x09A0, 0x0BA8, 0x8DA8, 0xCA68, 0x4961, 0xCA78, 0xCB70, 0x8C80, 
  0x8B88, 0x0A79, 0x8A90, 0x2BA8, 0x2CB0, 0x4C98, 0x6A78, 0x4BA0, 0x2CB0, 0x0B98, 0x2CA8, 0x2CA8, 0x6CB0, 0x4DD0, 0x6CB0, 0xACA0, 
  0x0B98, 0xF098, 0x1FC4, 0x16AA, 0x0AA0, 0x4AA0, 0x0BA8, 0x4C71, 0x5BBB, 0xCE78, 0xCA88, 0x4B90, 0x2BA0, 0x2CA8, 0x2AA0, 0x2BA0, 
  0x51A1, 0xFEBB, 0xFE82, 0x7F9B, 0xFFC3, 0xD489, 0x2A88, 0x6B98, 0x8CA0, 0x8EC0, 0x2DA8, 0x4B98, 0xCDB0, 0x4CA0, 0xB599, 0x5F8B, 
  0x1D9B, 0xBEBB, 0xFFBB, 0xBFA3, 0xBE7A, 0xDE7A, 0xDF6B, 0x3D0C, 0x1D04, 0x1E04, 0x1E04, 0x1E04, 0x1E04, 0x1E04, 0x1E04, 0x1E04, 
  0x1E04, 0x1E04, 0x1E04, 0x1E04, 0x1E04, 0x1E04, 0x1E04, 0x1E04, 0x1E04, 0x1E04, 0x1E04, 0x1E04, 0x1E04, 0x1E04, 0x1E04, 0x3E04, 
  0x1E04, 0x1E04, 0x1E04, 0x1E04, 0x1E04, 0x1E04, 0x1E04, 0x1E04, 0x1E04, 0x1E04, 0x1E04, 0x1E04, 0x1E04, 0x1E04, 0x1E04, 0x1E04, 
  0x1E04, 0x1E04, 0x1E04, 0x1E04, 0x1E04, 0x1E04, 0x1E04, 0x1E04, 0x1E04, 0x1E04, 0x1E04, 0x1E04, 0x1E04, 0x1E04, 0x1E04, 0x1E04, 
  0x1E04, 0x1E04, 0x1E04, 0x1D04, 0x1D04, 0x1E04, 0x1E04, 0x1E04, 0x1E04, 0x1D04, 0x3C04, 0x3D04, 0x1E04, 0x1E04, 0x1E04, 0x3E04, 
  0x3D24, 0x394B, 0x7271, 0xCEA0, 0x6BA8, 0x0AA0, 0x0AA0, 0x4CB0, 0x2CB0, 0x0AB0, 0x2BC0, 0x2CC8, 0x4DC8, 0x0CC0, 0x4CA8, 0x8EC8, 
  0x2CB0, 0x2A98, 0x8B98, 0xAEB0, 0x2B88, 0x2AA0, 0x4BA0, 0x0AA0, 0x2BB8, 0x6DA8, 0xEA80, 0x8C90, 0x2CA8, 0x4CC0, 0x0AA8, 0x1099, 
  0x5E9B, 0xBEC5, 0xDD93, 0xBFAB, 0xBFB3, 0xDFB3, 0xDFB3, 0xBFAB, 0xBFAB, 0xDFB3, 0xDFB3, 0xBFB3, 0xBFAB, 0xBFAB, 0x1FBC, 0x58AA, 
  0x16B2, 0x5DBB, 0xD098, 0x0990, 0x4CA8, 0x8DB0, 0x6CA8, 0x2BB8, 0x2CB8, 0x2CB0, 0x0BA8, 0xEA88, 0x8B88, 0x0AA8, 0xAA98, 0x6B88, 
  0x2CA0, 0x4BB0, 0x2BA8, 0x2CA0, 0x4BA8, 0x2BA8, 0x2B90, 0x98B2, 0x7FA3, 0x9DC5, 0xDD83, 0x5F9B, 0xFFB3, 0x5CAB, 0xADA8, 0x6EC8, 
  0x2CB0, 0xF4A9, 0xBFB3, 0xDE72, 0xBFA3, 0xBFB3, 0xDF7A, 0xFE6A, 0xDFAB, 0x7AAA, 0xFCAA, 0xFFAB, 0xBFAB, 0xBFB3, 0x1FB4, 0xD4A1, 
  0x0BA8, 0x4CB0, 0x6B98, 0x6B98, 0x2CB0, 0x2B98, 0x6C90, 0x4C90, 0xCEA8, 0xCDA0, 0x6A80, 0xAB80, 0xAB70, 0x2C98, 0x0BA0, 0xEA70, 
  0xAA90, 0x0A81, 0x0B69, 0x2B98, 0x2DB8, 0x6C80, 0xCB80, 0x6B88, 0x6B90, 0x2BB8, 0x2CB8, 0x2CB0, 0x4CA8, 0x2CA8, 0x6CB0, 0xAC98, 
  0x0CA0, 0xD0A8, 0xFFBB, 0xBAB2, 0x2CA0, 0x2BA8, 0x2A88, 0xEB61, 0x9DBB, 0xF198, 0x4A90, 0x6B88, 0x6B98, 0x0B98, 0x8A88, 0x4A88, 
  0x52A9, 0xDFAB, 0xFF72, 0xFE82, 0xFFBB, 0x1BB3, 0x4B88, 0x2C98, 0x90B8, 0x8DC0, 0x6CA8, 0x8DA8, 0x4BA0, 0xAA78, 0x8978, 0xB389, 
  0x5E8B, 0xBFAB, 0xFFBB, 0x1FBC, 0x3F93, 0xDF72, 0x9F7B, 0x3D24, 0x1D04, 0x1E04, 0x1E04, 0x1E04, 0x1E04, 0x1E04, 0x1E04, 0x1E04, 
  0x1E04, 0x1E04, 0x1E04, 0x1E04, 0x1E04, 0x1E04, 0x1E04, 0x1E04, 0x1E04, 0x1E04, 0x1E04, 0x1E04, 0x1E04, 0x1E04, 0x1E04, 0x3E04, 
  0x1E04, 0x1E04, 0x1E04, 0x1E04, 0x1E04, 0x1E04, 0x1E04, 0x1E04, 0x1E04, 0x1E04, 0x1E04, 0x1E04, 0x1E04, 0x1E04, 0x1E04, 0x1E04, 
  0x1E04, 0x1E04, 0x1E04, 0x1E04, 0x1E04, 0x1E04, 0x1E04, 0x1E04, 0x1E04, 0x1E04, 0x1E04, 0x1E04, 0x1E04, 0x1E04, 0x1E04, 0x1E04, 
  0x1E04, 0x1E04, 0x1E04, 0x1E04, 0x1E04, 0x3E04, 0x3E04, 0x1E04, 0x1E04, 0x3E04, 0x1E04, 0x1E04, 0x3E04, 0x3D04, 0x1D04, 0x1E04, 
  0x1E04, 0x3E04, 0xFE1B, 0x9B53, 0x3472, 0xEE98, 0x0A98, 0x0AA0, 0x0BC0, 0x4AA8, 0x4AA0, 0x0CB0, 0x0CB8, 0x4DD0, 0x6DB8, 0x0BB0, 
  0x0BB8, 0x2AB0, 0x4AA8, 0x4CA8, 0x4CB8, 0x2AA8, 0xCA80, 0x4B98, 0x2DC0, 0x2CC8, 0x4CB8, 0x6EB8, 0x0BB0, 0x2BB8, 0x0BA0, 0xD591, 
  0x1FAC, 0xBFFF, 0x9CAC, 0x9FAB, 0xDFBB, 0xDFB3, 0xBFAB, 0x9FAB, 0xBFAB, 0xBFB3, 0xDFB3, 0xDFB3, 0xDFB3, 0xBFB3, 0xFFBB, 0x98A2, 
  0x19A2, 0xCF88, 0x2B98, 0x2BA0, 0x4D98, 0xEEA0, 0x8B98, 0xB0C8, 0x4FD0, 0x2CC0, 0x4DC0, 0x4B90, 0x6C90, 0x4CB0, 0x0BA8, 0x0BA8, 
  0x2B98, 0x2CA0, 0x2BA8, 0x2B98, 0x2BA8, 0x4BA0, 0x2B90, 0x57BA, 0xBFAB, 0x5CA4, 0x7E83, 0x5FA3, 0xFFB3, 0xBFBB, 0x3199, 0x4CC0, 
  0x2DD0, 0xD0A8, 0xBFBB, 0xFF7A, 0x7F93, 0xDFBB, 0x7F93, 0xDF6A, 0x1F8B, 0xDFB3, 0x9EB3, 0xBFAB, 0xBFAB, 0xDFB3, 0xDFB3, 0x7EBB, 
  0xAE90, 0x2AA0, 0x2A98, 0x2B98, 0x2BA0, 0x8B98, 0x6AA0, 0x2A90, 0x92C1, 0x91B9, 0x0BA8, 0x4BB0, 0x6B90, 0x2CB0, 0xCB80, 0x4959, 
  0x2971, 0x2AA0, 0xAC90, 0x6B90, 0x2B88, 0x6B80, 0x6BA0, 0x4BA8, 0x2AA0, 0x4B98, 0x6B90, 0x4BA0, 0x2BA8, 0x0BA8, 0x2B98, 0xCA70, 
  0x6B98, 0xAFC0, 0xBFBB, 0x5CAB, 0x52B1, 0x8DA8, 0xE960, 0xCA61, 0xBFBB, 0x72A9, 0x0A90, 0x8C78, 0x8CA0, 0x2CA8, 0x6AA0, 0x0998, 
  0x93A9, 0xBFAB, 0xDF72, 0xDF72, 0x7E93, 0xDFBB, 0xCF98, 0x0BB0, 0x0BB0, 0x0BA0, 0x6B70, 0x2B90, 0x0CA0, 0x4B88, 0x6C98, 0x0998, 
  0x3099, 0x3DA3, 0xDFB3, 0xDFBB, 0xDFB3, 0xFE7A, 0x1F7B, 0x3E44, 0x1E04, 0x3E04, 0x1E04, 0x1E04, 0x1E04, 0x1E04, 0x1E04, 0x1E04, 
  0x1E04, 0x1E04, 0x1E04, 0x1E04, 0x1E04, 0x1E04, 0x1E04, 0x1E04, 0x1E04, 0x1E04, 0x1E04, 0x1E04, 0x1E04, 0x1E04, 0x1E04, 0x3E04, 
  0x1E04, 0x1E04, 0x1E04, 0x1E04, 0x1E04, 0x1E04, 0x1E04, 0x1E04, 0x1E04, 0x1E04, 0x1E04, 0x1E04, 0x1E04, 0x1E04, 0x1E04, 0x1E04, 
  0x1E04, 0x1E04, 0x1E04, 0x1E04, 0x1E04, 0x1E04, 0x1E04, 0x1E04, 0x1E04, 0x1E04, 0x1E04, 0x1E04, 0x1E04, 0x1E04, 0x1E04, 0x1E04, 
  0x1E04, 0x1E04, 0x1E04, 0x1E04, 0x1E04, 0x1E04, 0x1E04, 0x1E04, 0x1E04, 0x1E04, 0x1E04, 0x1E04, 0x3D04, 0x1D04, 0x1E04, 0x1E04, 
  0x1E04, 0x1D04, 0x1D04, 0x3E04, 0x3E1C, 0x1D44, 0xB76A, 0x9291, 0x8DA8, 0x2BA8, 0x0AB0, 0x2AC0, 0x2CC0, 0x4DD0, 0x4DC8, 0x2CB0, 
  0x2BA0, 0x0BB0, 0x2BB0, 0x8BA8, 0x8C98, 0x4BA0, 0x6BA8, 0x4DB8, 0x0CA0, 0x2AA8, 0x0CB0, 0x6FB0, 0x2B98, 0x6BA0, 0x4B98, 0x589A, 
  0x5EC5, 0xFFFF, 0xDC9B, 0x9FAB, 0xDFAB, 0xBFAB, 0x9FAB, 0xBFAB, 0xDFB3, 0xDFB3, 0xBFB3, 0xDFB3, 0xDFB3, 0xDFB3, 0xBFB3, 0x9DAB, 
  0xB599, 0x1199, 0x2DA0, 0x2BB8, 0x6A98, 0x6A80, 0x4CB0, 0x6EC0, 0x2CB8, 0x2AA0, 0x2AA0, 0x2CA0, 0x0CA8, 0x6B98, 0x2BA0, 0x2BA0, 
  0x4B98, 0x4C98, 0x0BB0, 0x2C90, 0x2B88, 0x4C90, 0x0B78, 0x769A, 0x1FB4, 0x1E83, 0xDE7A, 0xBFA3, 0xBFB3, 0x1FB4, 0xF6A9, 0x0AA0, 
  0x4DC0, 0x4DB8, 0x3BBB, 0x7F93, 0x3E93, 0xFFB3, 0xBFA3, 0xFF7A, 0xFF72, 0x9FA3, 0xDFB3, 0xBFB3, 0xDFB3, 0xFFB3, 0xDFB3, 0xFFBB, 
  0x77AA, 0x2CA8, 0x2BA8, 0x2BA8, 0x2BA0, 0x2BA8, 0x4CA8, 0x4B90, 0x2CA8, 0x0AA8, 0x4DC8, 0x4CA8, 0x2CA8, 0x6CB0, 0xCA70, 0x2A69, 
  0xAA80, 0x6BA0, 0x6CA8, 0xAB78, 0x6B78, 0x6C88, 0x4DA8, 0x2BA8, 0x4AA8, 0xAA98, 0xAB78, 0x8A90, 0x8A80, 0x4C88, 0x6B90, 0xEA68, 
  0xAA80, 0x4EB0, 0x7EB3, 0xDFB3, 0xF098, 0x4A80, 0x2A69, 0x4B79, 0xDFC3, 0xD4A9, 0x0A90, 0xAC80, 0xCB78, 0x6B98, 0x4BB0, 0x0998, 
  0xD4A9, 0xBFAB, 0xFE72, 0xDF72, 0xFE7A, 0xFFBB, 0x94B1, 0x0A98, 0x2CA0, 0x6DA0, 0x2C90, 0x0AA0, 0x4CB8, 0x6EC0, 0x0BA8, 0x4AA0, 
  0xE970, 0x4F81, 0x7CB3, 0xFFBB, 0xDFBB, 0x9FAB, 0xDF72, 0x9E4B, 0x3D04, 0x1E04, 0x1E04, 0x1E04, 0x1E04, 0x1E04, 0x1E04, 0x1E04, 
  0x1E04, 0x1E04, 0x1E04, 0x1E04, 0x1E04, 0x1E04, 0x1E04, 0x1E04, 0x1E04, 0x1E04, 0x1E04, 0x1E04, 0x1E04, 0x1E04, 0x1E04, 0x3E04, 
  0x1E04, 0x1E04, 0x1E04, 0x1E04, 0x1E04, 0x1E04, 0x1E04, 0x1E04, 0x1E04, 0x1E04, 0x1E04, 0x1E04, 0x1E04, 0x1E04, 0x1E04, 0x1E04, 
  0x1E04, 0x1E04, 0x1E04, 0x1E04, 0x1E04, 0x1E04, 0x1E04, 0x1E04, 0x1E04, 0x1E04, 0x1E04, 0x1E04, 0x1E04, 0x1E04, 0x1E04, 0x1E04, 
  0x1E04, 0x1E04, 0x1E04, 0x1E04, 0x1E04, 0x1E04, 0x1E04, 0x1E04, 0x1E04, 0x1E04, 0x1E04, 0x1E04, 0x1E04, 0x1E04, 0x1E04, 0x1E04, 
  0x1E04, 0x1E04, 0x3D04, 0x1D04, 0x1D04, 0x1D04, 0x5E0C, 0x5D1C, 0x9C43, 0xDA72, 0xF489, 0x2F99, 0x2CA8, 0x0BC0, 0x0CD0, 0x2DB8, 
  0x0C98, 0x8B80, 0x8B90, 0x6C98, 0x6A88, 0x49A0, 0x4CB8, 0xAFA8, 0x2BA0, 0x2BA8, 0x4B90, 0x6B88, 0x4B90, 0x8B98, 0x4DA0, 0xFC9A, 
  0xBEDE, 0x1EE7, 0x3C83, 0xFFB3, 0xDFB3, 0xDFAB, 0xBFAB, 0xDFB3, 0xDFB3, 0xDFB3, 0xBFB3, 0xDFB3, 0xDFB3, 0xBFB3, 0x9FAB, 0xDFB3, 
  0xBDB3, 0x549A, 0xCEA8, 0x4A90, 0xA978, 0x8B98, 0x0CA0, 0x4CB8, 0x6BA8, 0x8CA8, 0x0AB0, 0x2B90, 0x4CA8, 0x2BB8, 0x6B98, 0x6A90, 
  0xA988, 0x4BA0, 0x2BB0, 0x4BA0, 0x2B90, 0x6C90, 0x6C88, 0x78B2, 0x1FBC, 0x1E83, 0xFE7A, 0xDFAB, 0xBFB3, 0xFFB3, 0xBBBA, 0x0CA8, 
  0x2CC0, 0x0CC8, 0x58B2, 0xDFAB, 0x5F9B, 0xDFB3, 0xDFAB, 0x5F8B, 0xDF72, 0x1E8B, 0xDFB3, 0xDFB3, 0xDFB3, 0xDFB3, 0xBFB3, 0xBFB3, 
  0xBFBB, 0x1091, 0x8B98, 0x4CA8, 0x2BA0, 0x2CB0, 0x0BA0, 0x2CA0, 0x2CA0, 0x2B90, 0x4CA8, 0x2CB0, 0x4CB0, 0x4CA8, 0x2CA8, 0x2BA8, 
  0x6A88, 0xAC88, 0xAA90, 0x6A88, 0x2BB0, 0xAC90, 0xAD78, 0x6C88, 0x6CA0, 0x6B79, 0x2B71, 0x6A90, 0x6A90, 0xEA78, 0x6A88, 0x0BA0, 
  0x2B90, 0x2C90, 0x1CB3, 0xFFBB, 0x6F89, 0xCB90, 0xCB88, 0xEB70, 0x9EBB, 0x55AA, 0x0988, 0x2BA0, 0x6B90, 0x8B88, 0x4DA8, 0x2B88, 
  0x7499, 0xBFAB, 0xDF72, 0xFF7A, 0xDE72, 0xDFAB, 0xF4B1, 0x0A90, 0x6D80, 0x4C90, 0x8DB0, 0x8DB0, 0x2CB0, 0x6CA0, 0x0C98, 0x8B78, 
  0xAB51, 0x6B80, 0xAE98, 0x7DB3, 0xFFBB, 0xFEBB, 0x5FA3, 0x5E5B, 0x3E0C, 0x1E04, 0x1E04, 0x1E04, 0x1E04, 0x1E04, 0x1E04, 0x1E04, 
  0x1E04, 0x1E04, 0x1E04, 0x1E04, 0x1E04, 0x1E04, 0x1E04, 0x1E04, 0x1E04, 0x1E04, 0x1E04, 0x1E04, 0x1E04, 0x1E04, 0x1E04, 0x3E04, 
  0x1E04, 0x1E04, 0x1E04, 0x1E04, 0x1E04, 0x1E04, 0x1E04, 0x1E04, 0x1E04, 0x1E04, 0x1E04, 0x1E04, 0x1E04, 0x1E04, 0x1E04, 0x1E04, 
  0x1E04, 0x1E04, 0x1E04, 0x1E04, 0x1E04, 0x1E04, 0x1E04, 0x1E04, 0x1E04, 0x1E04, 0x1E04, 0x1E04, 0x1E04, 0x1E04, 0x1E04, 0x1E04, 
  0x1E04, 0x1E04, 0x1E04, 0x1E04, 0x1E04, 0x1E04, 0x1E04, 0x1E04, 0x1E04, 0x1E04, 0x1E04, 0x1E04, 0x1E04, 0x1E04, 0x1E04, 0x1D04, 
  0x1D04, 0x1D04, 0x3D04, 0x1D04, 0x1D04, 0x1E0C, 0x1E04, 0x3D04, 0x3D04, 0x3E0C, 0x3E1C, 0xDD2B, 0x1A4B, 0xF581, 0x8EA0, 0x0AA8, 
  0x2BB0, 0x8C98, 0x4BA8, 0x2BB0, 0x4AA8, 0x4AA0, 0x2BA8, 0x6CA0, 0x2CB0, 0x2BC0, 0x2BB0, 0x4BA0, 0x4CA0, 0x0B98, 0x94B1, 0xFDA3, 
  0x9FF7, 0x9ED6, 0xBD9B, 0xBFB3, 0xBFB3, 0xBFAB, 0xBFB3, 0xDFB3, 0xDFAB, 0xBFAB, 0xDFB3, 0xBFB3, 0xBFB3, 0xBFAB, 0xBFAB, 0xDFB3, 
  0xFFB3, 0xDFBB, 0x9DB3, 0xD9A2, 0x7291, 0x0B98, 0x6990, 0x4B98, 0x2C98, 0x8B88, 0x4BB8, 0x2CA8, 0x2CA8, 0x2CA8, 0x4CA0, 0x6CA0, 
  0xAC90, 0x4DC8, 0x2CC0, 0x2BA0, 0x6AA0, 0x4CC0, 0x0CA0, 0x58B2, 0x1FBC, 0x3E93, 0xFE7A, 0xFFAB, 0xBFB3, 0x9FA3, 0x7FB3, 0xD1B8, 
  0x0AB0, 0x08A8, 0x74B1, 0xFFB3, 0xBFAB, 0xBFB3, 0xDFB3, 0x9F9B, 0xFF7A, 0xFF7A, 0xDFA3, 0xFFBB, 0xBFB3, 0xDFB3, 0xDFB3, 0xDFB3, 
  0xFFBB, 0x769A, 0x6B78, 0x2CA0, 0x8C88, 0xCFB8, 0x2CB0, 0x0AA0, 0x0BA0, 0x2C98, 0x2CA8, 0x2BA8, 0x8B90, 0x2BA0, 0x0BA8, 0x0AA8, 
  0x4C88, 0x6B80, 0x8C88, 0x6C80, 0x2B98, 0x4CA8, 0xAB78, 0x4A80, 0x0A71, 0xEB78, 0x6BA8, 0x2AA0, 0x2B90, 0x30A9, 0x4EA0, 0x0BB0, 
  0x4BA0, 0x4B88, 0xDBBA, 0xFFC3, 0x327A, 0x2961, 0xEB68, 0x0951, 0x5CAB, 0xB7B2, 0x0A98, 0x0BA0, 0x0BA8, 0x2AA8, 0x2CB0, 0x0BA0, 
  0x6F99, 0xBFB3, 0xFF72, 0xFF7A, 0xDE72, 0xDFA3, 0xD4B9, 0x0A98, 0x2C90, 0x2B90, 0x8CA0, 0x8C98, 0x4B90, 0x4C98, 0x2C98, 0xAB88, 
  0x8959, 0xEB78, 0x8DA8, 0xF1B8, 0xBAB2, 0xFFAB, 0xBFBB, 0xDF9B, 0x1E2C, 0x1D04, 0x1E04, 0x1E04, 0x1E04, 0x1E04, 0x1E04, 0x1E04, 
  0x1E04, 0x1E04, 0x1E04, 0x1E04, 0x1E04, 0x1E04, 0x1E04, 0x1E04, 0x1E04, 0x1E04, 0x1E04, 0x1E04, 0x1E04, 0x1E04, 0x1E04, 0x3E04, 
  0x1E04, 0x1E04, 0x1E04, 0x1E04, 0x1E04, 0x1E04, 0x1E04, 0x1E04, 0x1E04, 0x1E04, 0x1E04, 0x1E04, 0x1E04, 0x1E04, 0x1E04, 0x1E04, 
  0x1E04, 0x1E04, 0x1E04, 0x1E04, 0x1E04, 0x1E04, 0x1E04, 0x1E04, 0x1E04, 0x1E04, 0x1E04, 0x1E04, 0x1E04, 0x1E04, 0x1E04, 0x1E04, 
  0x1E04, 0x1E04, 0x1E04, 0x1E04, 0x1E04, 0x1E04, 0x1E04, 0x1E04, 0x1E04, 0x1E04, 0x1E04, 0x1E04, 0x1E04, 0x1E04, 0x1E04, 0x1D04, 
  0x1D04, 0x1D04, 0x3E04, 0x3E04, 0x3E04, 0x1E04, 0x1D04, 0x1D04, 0x3D04, 0x1D04, 0x1D04, 0x3D04, 0x3E04, 0x3E0C, 0x9B33, 0x556A, 
  0xAD90, 0x0AC0, 0x0BB8, 0x2AB0, 0x2BB8, 0x0BA8, 0x2BB0, 0x2CC8, 0x4EC8, 0x0AA8, 0x0BB8, 0x2DC0, 0x0CB8, 0x53B1, 0x7FB3, 0xFDBC, 
  0xDFFF, 0xFD93, 0xBFA3, 0xFFBB, 0xBFB3, 0xBFB3, 0xBFAB, 0xBFB3, 0xDFB3, 0xBFAB, 0xBFB3, 0xBFB3, 0xDFAB, 0xFFB3, 0xBEAB, 0x9EAB, 
  0xBFB3, 0xBEB3, 0xDFB3, 0xFFBB, 0xDFC3, 0x98AA, 0xAD98, 0x0AA0, 0x4CB0, 0x2BA8, 0x2CA0, 0x6ED0, 0x0CB8, 0x2CA0, 0x0CB0, 0x8C88, 
  0xCFA0, 0x0CA8, 0x6B90, 0x2B90, 0x2AB0, 0x0BC0, 0x4DA0, 0x3CB3, 0xFFBB, 0x5E93, 0xFE7A, 0xDFAB, 0xBFB3, 0x9FAB, 0xDFB3, 0x59BA, 
  0xAE98, 0x8EA0, 0x15C1, 0xDFB3, 0xBFAB, 0xDFB3, 0xBFB3, 0xFFB3, 0x1E83, 0xDF72, 0x3F8B, 0xFFB3, 0xBFB3, 0xBFB3, 0xDFB3, 0xDFB3, 
  0xDFB3, 0xBEBB, 0x4E71, 0x2AA8, 0x2BA8, 0x6C78, 0x4B98, 0x8A98, 0x4B98, 0x0BB0, 0x2CB0, 0x2AA0, 0x4BA0, 0xCFA8, 0x8CA8, 0x2BC0, 
  0x2CA8, 0x4C88, 0x2B90, 0x4B90, 0x6B88, 0x8B90, 0x2C98, 0x4B90, 0x6B88, 0x2A90, 0x6C98, 0x4C98, 0x2C90, 0x54C1, 0xCE98, 0x4990, 
  0x8B98, 0x2980, 0x37AA, 0x3FC4, 0x327A, 0x6849, 0x0A81, 0x4968, 0x5492, 0x35B2, 0x0BA8, 0x2B98, 0x0BA0, 0x2BB0, 0x0AB0, 0x0CA0, 
  0x6A88, 0x1AA3, 0x9F93, 0xBD72, 0x1F83, 0xFFAB, 0x3199, 0x2A98, 0x6B98, 0x6B98, 0x8B88, 0xAA78, 0x6A80, 0x2BA8, 0x8B88, 0x6B90, 
  0x8B80, 0x6B88, 0x2BB8, 0x4A88, 0xAD80, 0xBABA, 0xDFBB, 0x1FB4, 0x3D44, 0x1D04, 0x1E04, 0x1E04, 0x1E04, 0x1E04, 0x1E04, 0x1E04, 
  0x1E04, 0x1E04, 0x1E04, 0x1E04, 0x1E04, 0x1E04, 0x1E04, 0x1E04, 0x1E04, 0x1E04, 0x1E04, 0x1E04, 0x1E04, 0x1E04, 0x1E04, 0x3E04, 
  0x1E04, 0x1E04, 0x1E04, 0x1E04, 0x1E04, 0x1E04, 0x1E04, 0x1E04, 0x1E04, 0x1E04, 0x1E04, 0x1E04, 0x1E04, 0x1E04, 0x1E04, 0x1E04, 
  0x1E04, 0x1E04, 0x1E04, 0x1E04, 0x1E04, 0x1E04, 0x1E04, 0x1E04, 0x1E04, 0x1E04, 0x1E04, 0x1E04, 0x1E04, 0x1E04, 0x1E04, 0x1E04, 
  0x1E04, 0x1E04, 0x1E04, 0x1E04, 0x1E04, 0x1E04, 0x1E04, 0x1E04, 0x1E04, 0x1E04, 0x1E04, 0x1E04, 0x1E04, 0x1E04, 0x1E04, 0x1E04, 
  0x1E04, 0x1E04, 0x1E04, 0x1E04, 0x3E04, 0x3E04, 0x1E04, 0x1E04, 0x3E04, 0x3E04, 0x1E04, 0x3D04, 0x3D04, 0x1D04, 0x3E04, 0x3F14, 
  0xDB43, 0xB271, 0x2CB0, 0x2AB8, 0x4CB8, 0x2CB0, 0x4CA8, 0x91D0, 0x2BB0, 0x4CB0, 0x2DB8, 0x2CB0, 0x4DA8, 0x3CC3, 0xBF9B, 0x3FD6, 
  0xFEEE, 0xBD6A, 0x9FA3, 0xFFB3, 0xDFB3, 0xDFB3, 0xDFB3, 0xBFB3, 0xDFB3, 0xDFB3, 0xBFAB, 0xDFB3, 0x1FB4, 0x3EB4, 0xFEB3, 0xBFB3, 
  0xDFB3, 0xFFB3, 0xBFB3, 0xBFBB, 0xDEB3, 0x1FBC, 0x1BAB, 0x6D98, 0x0BC0, 0x2CC0, 0x0CB0, 0x2DB8, 0x6CB8, 0x6A90, 0x4C98, 0x8C90, 
  0x4BA0, 0x2CA8, 0x6D98, 0x4B90, 0x6BA0, 0x4A98, 0xF0A0, 0xDFBB, 0xFFB3, 0x5F9B, 0x1E83, 0xFFB3, 0xDFB3, 0xDFB3, 0xDFB3, 0x9EB3, 
  0x5DB3, 0xFDBA, 0xDDC2, 0xFFBB, 0xDFB3, 0xDFB3, 0xDFBB, 0xDFB3, 0x3F93, 0xDF72, 0xFE7A, 0xDFAB, 0xDFB3, 0xDFB3, 0xDFB3, 0xDFB3, 
  0xDFB3, 0xFFC3, 0x98A2, 0x2A80, 0x4DA8, 0x6BA8, 0x6AA0, 0x4B98, 0x4BA0, 0x2A98, 0x6B98, 0xAB90, 0x4BB0, 0xF1B8, 0x8DA8, 0x4A98, 
  0xAE98, 0x2B90, 0x8A88, 0xCA78, 0xAA78, 0x4B90, 0x2BA8, 0x2CA0, 0x0BA0, 0x0CA0, 0x4B90, 0x8BA0, 0x0BB0, 0xF1C0, 0xACA8, 0x2BA8, 
  0x6EC0, 0x0AA8, 0xB2A1, 0x1FC4, 0x518A, 0x4859, 0xAA78, 0x2BA0, 0x6EA0, 0xCFA0, 0x0BA0, 0x4DB8, 0x2DC0, 0x0CB0, 0x2BA8, 0x2DA0, 
  0x0B98, 0x0E89, 0x9CB3, 0xBFA3, 0xBFBB, 0x57B2, 0x2BA8, 0x2DC0, 0x2BB8, 0x2A90, 0x6B90, 0xAB80, 0x6BA0, 0x2BB0, 0x6B98, 0x4B98, 
  0x0AA0, 0x4C98, 0x0CA8, 0x8C98, 0x6BA0, 0x6DA8, 0x5CB3, 0x1FB4, 0x3E5C, 0x1D04, 0x3E04, 0x1E04, 0x1E04, 0x1E04, 0x1E04, 0x1E04, 
  0x1E04, 0x1E04, 0x1E04, 0x1E04, 0x1E04, 0x1E04, 0x1E04, 0x1E04, 0x1E04, 0x1E04, 0x1E04, 0x1E04, 0x1E04, 0x1E04, 0x1E04, 0x3E04, 
  0x1E04, 0x1E04, 0x1E04, 0x1E04, 0x1E04, 0x1E04, 0x1E04, 0x1E04, 0x1E04, 0x1E04, 0x1E04, 0x1E04, 0x1E04, 0x1E04, 0x1E04, 0x1E04, 
  0x1E04, 0x1E04, 0x1E04, 0x1E04, 0x1E04, 0x1E04, 0x1E04, 0x1E04, 0x1E04, 0x1E04, 0x1E04, 0x1E04, 0x1E04, 0x1E04, 0x1E04, 0x1E04, 
  0x1E04, 0x1E04, 0x1E04, 0x1E04, 0x1E04, 0x1E04, 0x1E04, 0x1E04, 0x1E04, 0x1E04, 0x1E04, 0x1E04, 0x1E04, 0x1E04, 0x1E04, 0x1E04, 
  0x1E04, 0x1E04, 0x1E04, 0x1E04, 0x1E04, 0x1D04, 0x1D04, 0x1E04, 0x1E04, 0x1D04, 0x1D04, 0x1E04, 0x1E04, 0x1D04, 0x1E04, 0x1D04, 
  0x1D04, 0x5E0C, 0xB752, 0x6DA0, 0x0CC0, 0x2CC8, 0x2AA8, 0x8FC0, 0x2BB0, 0x8CB0, 0x6CB8, 0x0A90, 0x53A1, 0xFFBB, 0x7CA3, 0x1FE7, 
  0x5DCE, 0x9D6A, 0x9F93, 0xDFAB, 0xDFB3, 0xDFB3, 0xBFAB, 0xBFB3, 0xDFB3, 0xDFB3, 0xDFB3, 0xBFAB, 0x1FB4, 0xDEAB, 0xDFB3, 0xDFB3, 
  0xFFBB, 0xBFB3, 0xDFB3, 0xFFB3, 0xDEBB, 0xBFB3, 0xFFB3, 0x3BB3, 0x12B1, 0x4BA0, 0x4B98, 0x0BA0, 0x0AB0, 0x2BB0, 0x0BB8, 0x0CC0, 
  0x2EC0, 0x6DB8, 0x2CA8, 0x0B98, 0x2A90, 0x0998, 0x33B9, 0xBFB3, 0xFFB3, 0x9FA3, 0x1E83, 0xDFB3, 0xDFB3, 0xDFB3, 0xDFB3, 0xDFAB, 
  0x9FA3, 0xFFAB, 0xDFB3, 0xBFB3, 0xDFB3, 0xDFB3, 0xDFB3, 0xDFB3, 0xBFA3, 0xFE7A, 0xDE72, 0x9F9B, 0xDFAB, 0xBFB3, 0xDFB3, 0xBFB3, 
  0xDFB3, 0xDFB3, 0x7DBB, 0x4F98, 0x6BA0, 0x4CA8, 0x4BA0, 0x4BA0, 0x4CA8, 0x4CB0, 0x8CA8, 0x4A98, 0x6CB0, 0x0AB0, 0x4C90, 0x6B80, 
  0x78B2, 0x1091, 0x8B70, 0x2B69, 0x4B88, 0x0BB0, 0x0AA0, 0x2AA0, 0x4BA8, 0x4B98, 0x2BB0, 0x6B90, 0x6B88, 0x0BA8, 0x0BB0, 0x4BA0, 
  0x4BA0, 0x2BA0, 0x10A1, 0xBFBB, 0x51A9, 0x4B90, 0x2BA8, 0x2C98, 0x0BA0, 0x2BA0, 0x4B90, 0x4EC0, 0x4EC8, 0x2CC0, 0x6AA8, 0x6BA0, 
  0x2BA8, 0x4BB0, 0xF0B8, 0x95B9, 0x33B9, 0x4CA8, 0x4BA8, 0x4B98, 0x4B98, 0x2A90, 0x2BA8, 0x6B88, 0x6A98, 0x2BA8, 0x2BA8, 0x0A98, 
  0x4DA8, 0x6EA0, 0x2B88, 0xADA0, 0xADB0, 0x0B98, 0xD499, 0xFFBB, 0xFF6B, 0x1D04, 0x1E04, 0x1E04, 0x1E04, 0x1E04, 0x1E04, 0x1E04, 
  0x1E04, 0x1E04, 0x1E04, 0x1E04, 0x1E04, 0x1E04, 0x1E04, 0x1E04, 0x1E04, 0x1E04, 0x1E04, 0x1E04, 0x1E04, 0x1E04, 0x1E04, 0x3E04, 
  0x1E04, 0x1E04, 0x1E04, 0x1E04, 0x1E04, 0x1E04, 0x1E04, 0x1E04, 0x1E04, 0x1E04, 0x1E04, 0x1E04, 0x1E04, 0x1E04, 0x1E04, 0x1E04, 
  0x1E04, 0x1E04, 0x1E04, 0x1E04, 0x1E04, 0x1E04, 0x1E04, 0x1E04, 0x1E04, 0x1E04, 0x1E04, 0x1E04, 0x1E04, 0x1E04, 0x1E04, 0x1E04, 
  0x1E04, 0x1E04, 0x1E04, 0x1E04, 0x1E04, 0x1E04, 0x1E04, 0x1E04, 0x1E04, 0x1E04, 0x1E04, 0x1E04, 0x1E04, 0x1E04, 0x1E04, 0x1E04, 
  0x1E04, 0x1E04, 0x1E04, 0x1E04, 0x1E04, 0x1D04, 0x1D04, 0x1D04, 0x1E04, 0x3E04, 0x1E04, 0x1E04, 0x1E04, 0x1D04, 0x1D04, 0x1D04, 
  0x1E04, 0x1D04, 0x3E0C, 0x5C5B, 0xAE90, 0x09A8, 0x4BB8, 0x4CB8, 0x0AA0, 0x6CA0, 0x6BA0, 0x8CA8, 0xFBC2, 0xFFBB, 0x9CAB, 0x5FF7, 
  0x5ECE, 0x7D6A, 0x5E8B, 0xBFAB, 0xBFAB, 0xBFB3, 0xDFB3, 0xBFB3, 0xBFB3, 0xDFB3, 0xDFB3, 0xDFB3, 0xBFAB, 0xBFB3, 0xBFB3, 0xDFB3, 
  0xBFB3, 0xDFB3, 0xBFAB, 0xDFB3, 0xDFB3, 0xBFAB, 0xBFAB, 0xFFB3, 0xBFBB, 0x1BB3, 0xB9B2, 0xD6A1, 0xF7C1, 0xD6C1, 0x53B1, 0x32B1, 
  0x52B1, 0x51A1, 0x51A1, 0x31A1, 0x94B1, 0xB5A9, 0xDBB2, 0xDFB3, 0xFFB3, 0xBFA3, 0x3E8B, 0xDFAB, 0xBFB3, 0xBFAB, 0xDFAB, 0xBFAB, 
  0xBFAB, 0xDFAB, 0xBFB3, 0xBFB3, 0xDFB3, 0xFFBB, 0xDFB3, 0xBFB3, 0xFFB3, 0x3E8B, 0xDF72, 0x3F83, 0xBFAB, 0xBEB3, 0xDFB3, 0xBFAB, 
  0xBFAB, 0xDFB3, 0xDEBB, 0xB0A0, 0x0AA0, 0x2CA0, 0x2BB0, 0x0AA8, 0x0CB0, 0x2CB0, 0x4BA8, 0x0BB0, 0x2B98, 0x6DB8, 0xAC98, 0x4988, 
  0xF5A9, 0x9BB2, 0x0BA0, 0x4AA8, 0x0BA8, 0x0BC0, 0x6CC0, 0x2DB0, 0xAA90, 0x0A71, 0x6BA8, 0x6CB8, 0x4A80, 0x4BA8, 0x4CC8, 0x8CB8, 
  0xAA90, 0x0AA0, 0x0CA0, 0x1BBB, 0x5072, 0xCA80, 0x2CC0, 0x6BA8, 0x4BA0, 0xAB88, 0xAA80, 0x0C90, 0x4CB0, 0x2BB8, 0x2BB8, 0x4BA0, 
  0x0AA8, 0x0BB0, 0x2CB0, 0x4DB8, 0x0BC0, 0x2B90, 0x4B88, 0x4A90, 0x2B90, 0x2BA0, 0x4BA0, 0xEA88, 0x8851, 0x8A88, 0x2BB0, 0x2B90, 
  0x6C90, 0x4A88, 0x6A98, 0x4C98, 0x8C88, 0x2A69, 0x8D90, 0x5DB3, 0x5F94, 0x1D1C, 0x1E04, 0x1D04, 0x1E04, 0x1E04, 0x1E04, 0x1E04, 
  0x1E04, 0x1E04, 0x1E04, 0x1E04, 0x1E04, 0x1E04, 0x1E04, 0x1E04, 0x1E04, 0x1E04, 0x1E04, 0x1E04, 0x1E04, 0x1E04, 0x1E04, 0x3E04, 
  0x1E04, 0x1E04, 0x1E04, 0x1E04, 0x1E04, 0x1E04, 0x1E04, 0x1E04, 0x1E04, 0x1E04, 0x1E04, 0x1E04, 0x1E04, 0x1E04, 0x1E04, 0x1E04, 
  0x1E04, 0x1E04, 0x1E04, 0x1E04, 0x1E04, 0x1E04, 0x1E04, 0x1E04, 0x1E04, 0x1E04, 0x1E04, 0x1E04, 0x1E04, 0x1E04, 0x1E04, 0x1E04, 
  0x1E04, 0x1E04, 0x1E04, 0x1E04, 0x1E04, 0x1E04, 0x1E04, 0x1E04, 0x1E04, 0x1E04, 0x1E04, 0x1E04, 0x1E04, 0x1E04, 0x1E04, 0x1E04, 
  0x1E04, 0x1E04, 0x1E04, 0x1E04, 0x1E04, 0x1E04, 0x1E04, 0x1E04, 0x1E04, 0x1E04, 0x1E04, 0x1E04, 0x1E04, 0x1E04, 0x1E04, 0x1E04, 
  0x1E04, 0x1D04, 0x1D04, 0x3E04, 0x9943, 0x0E89, 0x2CA8, 0x2BA0, 0x4CB0, 0x2DC0, 0x0AA8, 0xCFA8, 0xFFBB, 0xDFB3, 0x9DA3, 0x9FE6, 
  0x5EEF, 0xFD7A, 0xDF82, 0x9F9B, 0xBFAB, 0x9FAB, 0xDFB3, 0xDFB3, 0xDFB3, 0xDFB3, 0xFFBB, 0xDFB3, 0xBFB3, 0xBFB3, 0xBFAB, 0xBFAB, 
  0xBFAB, 0xBFAB, 0xBFAB, 0x9FAB, 0xBFAB, 0xDFB3, 0xBFB3, 0xDFBB, 0xDFB3, 0xFFBB, 0xFFBB, 0xFFBB, 0xFFBB, 0x1FBC, 0xFFB3, 0xDFB3, 
  0xDFB3, 0xFFB3, 0xFFB3, 0xDFB3, 0xDFBB, 0xFFBB, 0xDFBB, 0xDFB3, 0xBFB3, 0xBFAB, 0x7F9B, 0xDFAB, 0xDFB3, 0xDFB3, 0xDFB3, 0xBFAB, 
  0xBFAB, 0xBFAB, 0xBFB3, 0xBFAB, 0xBFB3, 0xBFB3, 0xBFAB, 0xBFB3, 0xBFB3, 0xBFA3, 0xFE7A, 0x1E8B, 0xDFB3, 0xBFB3, 0xFFB3, 0xDFB3, 
  0xBFB3, 0xDFBB, 0xDFBB, 0x52A9, 0x0BB8, 0x2CB0, 0x4DC0, 0x4BA8, 0x49A0, 0x4A98, 0x8C90, 0x2CA8, 0x4BB0, 0x4CA8, 0xCB88, 0x0A98, 
  0x15A2, 0x9DB3, 0x2A98, 0x4BB8, 0x6CA8, 0x4DC0, 0x2BB8, 0x2BA0, 0x4B88, 0x8C90, 0x4B90, 0x6BA0, 0xCC98, 0xACA0, 0x0BC0, 0x2BA8, 
  0x6A90, 0x4B98, 0x0AB0, 0xB3A1, 0x107A, 0x4B98, 0x8BA0, 0x4BA8, 0x0CB0, 0x4B98, 0x4B90, 0x2BA8, 0x2AB0, 0x2CC0, 0x2CA8, 0x4DC0, 
  0x6AA0, 0xC990, 0x6B88, 0x2CA8, 0x2CB0, 0x6C88, 0x2CA0, 0x0CA8, 0x2BA0, 0x0BB0, 0x0BA8, 0x6CB8, 0x0979, 0xAA80, 0x2C98, 0x2A78, 
  0xCA70, 0xEC88, 0x4A88, 0xCFB0, 0xECA0, 0xE968, 0x2B98, 0x94A9, 0x7F9C, 0xFD1B, 0x1E04, 0x1E04, 0x1E04, 0x1E04, 0x1E04, 0x1E04, 
  0x1E04, 0x1E04, 0x1E04, 0x1E04, 0x1E04, 0x1E04, 0x1E04, 0x1E04, 0x1E04, 0x1E04, 0x1E04, 0x1E04, 0x1E04, 0x1E04, 0x1E04, 0x3E04, 
  0x1E04, 0x1E04, 0x1E04, 0x1E04, 0x1E04, 0x1E04, 0x1E04, 0x1E04, 0x1E04, 0x1E04, 0x1E04, 0x1E04, 0x1E04, 0x1E04, 0x1E04, 0x1E04, 
  0x1E04, 0x1E04, 0x1E04, 0x1E04, 0x1E04, 0x1E04, 0x1E04, 0x1E04, 0x1E04, 0x1E04, 0x1E04, 0x1E04, 0x1E04, 0x1E04, 0x1E04, 0x1E04, 
  0x1E04, 0x1E04, 0x1E04, 0x1E04, 0x1E04, 0x1E04, 0x1E04, 0x1E04, 0x1E04, 0x1E04, 0x1E04, 0x1E04, 0x1E04, 0x1E04, 0x1E04, 0x1E04, 
  0x1E04, 0x1E04, 0x1E04, 0x1E04, 0x1E04, 0x1E04, 0x1E04, 0x1E04, 0x1E04, 0x1E04, 0x1E04, 0x1E04, 0x1E04, 0x1E04, 0x1E04, 0x1E04, 
  0x1E04, 0x1E04, 0x1E04, 0x1D04, 0x3E04, 0x9B5B, 0xCFA0, 0x0AA0, 0x8FC8, 0x6EC0, 0x4DB0, 0x74B9, 0xFFB3, 0xDFAB, 0x9FA3, 0xFDBC, 
  0xFFFF, 0xDDAC, 0xFE82, 0x3E8B, 0xDFB3, 0xFFB3, 0xDFB3, 0xBFB3, 0xDFB3, 0xDFB3, 0xDFB3, 0xDFB3, 0xDFB3, 0xDFB3, 0xDFB3, 0xDFB3, 
  0xDFB3, 0xDFB3, 0xDFB3, 0xDFB3, 0xDFB3, 0xBFAB, 0xBFB3, 0xBFB3, 0xBFAB, 0xBFAB, 0x9EA3, 0xBEAB, 0xDFBB, 0xBFB3, 0xBFB3, 0xBFAB, 
  0xDFB3, 0xDFB3, 0xDFB3, 0xBEAB, 0xBEAB, 0xBFAB, 0xDFB3, 0xBFB3, 0xDFB3, 0xBFB3, 0xDFAB, 0xDFB3, 0xDFB3, 0xDFB3, 0xBFB3, 0xBFB3, 
  0xDFAB, 0xBFAB, 0xDFB3, 0xBFAB, 0xDFB3, 0xDFAB, 0xBFAB, 0xDFB3, 0xBFB3, 0xDFAB, 0xDFA3, 0x9FA3, 0xDFB3, 0xDFB3, 0xDFB3, 0xDFB3, 
  0xBFB3, 0xBFBB, 0xDFBB, 0x53A1, 0x2AB8, 0x6BA0, 0x6B88, 0x4B98, 0x2BA8, 0x4CA8, 0x4BA0, 0x2B90, 0x8B88, 0x6B98, 0x0A98, 0x6B90, 
  0x9DBB, 0xDAAA, 0x4A90, 0x2CB0, 0x4A90, 0x2AB0, 0x0CB8, 0x0B90, 0x2BA0, 0x6CA0, 0x4EB0, 0x2DB8, 0x8B80, 0x8B90, 0x4B98, 0x8B90, 
  0x6A98, 0x6C88, 0x4BA8, 0x6B98, 0x8C90, 0x2C88, 0x8B88, 0x2C98, 0x2C98, 0x4A88, 0xAC98, 0x2CB8, 0x0BB8, 0x4CC0, 0x4DB8, 0xAFD0, 
  0xAB90, 0xCA78, 0x6CA0, 0xEA88, 0xED78, 0x0C69, 0xAC80, 0xAC88, 0x0A81, 0xA988, 0x6988, 0x0BB0, 0x4BA0, 0x8E98, 0x9189, 0x7692, 
  0x98AA, 0x9081, 0x6A78, 0x2A88, 0x4F99, 0x1089, 0x09A0, 0x4AA0, 0xD87A, 0x3E1C, 0x1D04, 0x1E04, 0x1E04, 0x1E04, 0x1E04, 0x1E04, 
  0x1E04, 0x1E04, 0x1E04, 0x1E04, 0x1E04, 0x1E04, 0x1E04, 0x1E04, 0x1E04, 0x1E04, 0x1E04, 0x1E04, 0x1E04, 0x1E04, 0x1E04, 0x3E04, 
  0x1E04, 0x1E04, 0x1E04, 0x1E04, 0x1E04, 0x1E04, 0x1E04, 0x1E04, 0x1E04, 0x1E04, 0x1E04, 0x1E04, 0x1E04, 0x1E04, 0x1E04, 0x1E04, 
  0x1E04, 0x1E04, 0x1E04, 0x1E04, 0x1E04, 0x1E04, 0x1E04, 0x1E04, 0x1E04, 0x1E04, 0x1E04, 0x1E04, 0x1E04, 0x1E04, 0x1E04, 0x1E04, 
  0x1E04, 0x1E04, 0x1E04, 0x1E04, 0x1E04, 0x1E04, 0x1E04, 0x1E04, 0x1E04, 0x1E04, 0x1E04, 0x1E04, 0x1E04, 0x1E04, 0x1E04, 0x1E04, 
  0x1E04, 0x1E04, 0x1E04, 0x1E04, 0x1E04, 0x1E04, 0x1E04, 0x1E04, 0x1E04, 0x1E04, 0x1E04, 0x1E04, 0x1E04, 0x1E04, 0x1E04, 0x1E04, 
  0x1E04, 0x3E04, 0x1E04, 0xFD0B, 0x1E04, 0x5F0C, 0x756A, 0x2CB0, 0x4DC0, 0x6EC0, 0x4FC0, 0x9ABA, 0xFFB3, 0xBFB3, 0xDFB3, 0x7DA3, 
  0xBEDE, 0xBFF7, 0xFC9B, 0xFF82, 0x3F93, 0x1FB4, 0xBEAB, 0xBFB3, 0xDFB3, 0xDFB3, 0xDFB3, 0xDFB3, 0xDFB3, 0xBFB3, 0xDFB3, 0xDFB3, 
  0xBFB3, 0xDFB3, 0xDFB3, 0xDFB3, 0xBFB3, 0xBFAB, 0xDFB3, 0xDFB3, 0xDFB3, 0xBFB3, 0x9FB3, 0xDFBB, 0xDFBB, 0xDFB3, 0xBFAB, 0xBFAB, 
  0xDFB3, 0xBFB3, 0xBFB3, 0xBFB3, 0xDFB3, 0xFFB3, 0xFFB3, 0xBFB3, 0xBFB3, 0x9FAB, 0xBFAB, 0xBFB3, 0xBFB3, 0xDFB3, 0xBFB3, 0xDFB3, 
  0xDFAB, 0xBFAB, 0xBFAB, 0xBFAB, 0xDFAB, 0xDFAB, 0xDFB3, 0xFFBB, 0xDFB3, 0xDFB3, 0xDFB3, 0xDFB3, 0xBFAB, 0xBFAB, 0xBFAB, 0xBFB3, 
  0xBFB3, 0xDFB3, 0xFFB3, 0x58AA, 0x0BA8, 0x4CB8, 0x4BA0, 0x2BB0, 0x2CB0, 0xAFD0, 0x0CC0, 0x4B90, 0xAA80, 0x0AA0, 0x8FA0, 0x1BBB, 
  0xFFC3, 0x1091, 0x4A98, 0x2BB0, 0x2BB0, 0x2BB0, 0x0BB8, 0x4CC0, 0x2CB0, 0x6CA8, 0x2AA8, 0x0AB0, 0x2A90, 0x4B98, 0x4BA0, 0x4B98, 
  0x4CA8, 0x4C90, 0x6B88, 0xCBA8, 0x0CA0, 0x2C90, 0x2B80, 0x2BA0, 0x2BA8, 0x2CB0, 0x4AA0, 0x4A90, 0x2BA8, 0x2BB0, 0x4BA8, 0x0BA8, 
  0x4BA8, 0xE988, 0xCB88, 0x6B90, 0x8B88, 0x6A88, 0x2990, 0x4A88, 0x8A78, 0xCC88, 0x8F89, 0x16AA, 0xFCB2, 0x3CBB, 0xFBBA, 0x78BA, 
  0x8FB0, 0x0CA0, 0x2BA8, 0x4E81, 0x9DB3, 0x93A1, 0x8BA0, 0x68A0, 0x9269, 0x1F14, 0x1D04, 0x1E04, 0x1E04, 0x1E04, 0x1E04, 0x1E04, 
  0x1E04, 0x1E04, 0x1E04, 0x1E04, 0x1E04, 0x1E04, 0x1E04, 0x1E04, 0x1E04, 0x1E04, 0x1E04, 0x1E04, 0x1E04, 0x1E04, 0x1E04, 0x3E04, 
  0x1E04, 0x1E04, 0x1E04, 0x1E04, 0x1E04, 0x1E04, 0x1E04, 0x1E04, 0x1E04, 0x1E04, 0x1E04, 0x1E04, 0x1E04, 0x1E04, 0x1E04, 0x1E04, 
  0x1E04, 0x1E04, 0x1E04, 0x1E04, 0x1E04, 0x1E04, 0x1E04, 0x1E04, 0x1E04, 0x1E04, 0x1E04, 0x1E04, 0x1E04, 0x1E04, 0x1E04, 0x1E04, 
  0x1E04, 0x1E04, 0x1E04, 0x1E04, 0x1E04, 0x1E04, 0x1E04, 0x1E04, 0x1E04, 0x1E04, 0x1E04, 0x1E04, 0x1E04, 0x1E04, 0x1E04, 0x1E04, 
  0x1E04, 0x1E04, 0x1E04, 0x1E04, 0x1E04, 0x1E04, 0x1E04, 0x1E04, 0x1E04, 0x1E04, 0x1E04, 0x1E04, 0x1E04, 0x1E04, 0x1E04, 0x1E04, 
  0x1E04, 0x3D04, 0x1D04, 0x1E04, 0x3D04, 0x3D04, 0xFE2B, 0x5291, 0x2DC8, 0x2DC0, 0x4EA8, 0x5DB3, 0xDFAB, 0xDFB3, 0xBFB3, 0x7FA3, 
  0xBD9B, 0xFFE6, 0x5FF7, 0xDD93, 0xFE82, 0x7E9B, 0xFFB3, 0xDFB3, 0xDFB3, 0xDFB3, 0xDFB3, 0xDFB3, 0xDFB3, 0xBFB3, 0xDFB3, 0xDFB3, 
  0xDFB3, 0xDFBB, 0xDFB3, 0xDFB3, 0xBFAB, 0xBFAB, 0xBFBB, 0xBFBB, 0xBFB3, 0xDFB3, 0xBFB3, 0x9FAB, 0x3FBC, 0xDDAB, 0xBEAB, 0xDFAB, 
  0xDFAB, 0xBFAB, 0xDFBB, 0xDFB3, 0xBFB3, 0xBFB3, 0xDFB3, 0xBFB3, 0xBFB3, 0xBFAB, 0xBFB3, 0xDFB3, 0xDFB3, 0xBFB3, 0xDFB3, 0xBFB3, 
  0xBFAB, 0x9FAB, 0x9FAB, 0xDFB3, 0xBFAB, 0xBFAB, 0xBFB3, 0xBFB3, 0xBFB3, 0xBFB3, 0xDFB3, 0xBFB3, 0xBFB3, 0xBFB3, 0xDFB3, 0xDFB3, 
  0xDFB3, 0xDFAB, 0xDFAB, 0x5DBB, 0x90A8, 0x0BB0, 0x4CC8, 0x2CC0, 0x2BA8, 0x0AB0, 0x0BA8, 0x8D98, 0x53B1, 0x99BA, 0x9FC3, 0x5BBB, 
  0xB099, 0x2A78, 0x2A90, 0x6B98, 0x0BA8, 0x6FB0, 0xF0B0, 0x0AB0, 0x2BB0, 0x4BA0, 0x8DB0, 0x8FC0, 0x6FC8, 0x4DB0, 0x0BB0, 0x2CC0, 
  0x2DC8, 0x2DB8, 0x8B90, 0xACA8, 0x2CA8, 0x4BA0, 0x2DC0, 0x2BA8, 0x8C90, 0x4C90, 0x2BA0, 0x4BA0, 0x2CA0, 0x0CA0, 0x4B90, 0x0BA8, 
  0x2A88, 0x8980, 0xE958, 0x0A88, 0x0B98, 0x6F98, 0x12A9, 0x15B2, 0x1BB3, 0x5EBB, 0x9FC3, 0xBACA, 0xF5B9, 0xCFA0, 0x0A98, 0x2A88, 
  0x6EA0, 0x54B9, 0x79BA, 0x9EB3, 0xBFBB, 0xEE98, 0x6CB0, 0x4CB8, 0xD762, 0x5E04, 0x1D04, 0x1E04, 0x1E04, 0x1E04, 0x1E04, 0x1E04, 
  0x1E04, 0x1E04, 0x1E04, 0x1E04, 0x1E04, 0x1E04, 0x1E04, 0x1E04, 0x1E04, 0x1E04, 0x1E04, 0x1E04, 0x1E04, 0x1E04, 0x1E04, 0x3E04, 
  0x1E04, 0x1E04, 0x1E04, 0x1E04, 0x1E04, 0x1E04, 0x1E04, 0x1E04, 0x1E04, 0x1E04, 0x1E04, 0x1E04, 0x1E04, 0x1E04, 0x1E04, 0x1E04, 
  0x1E04, 0x1E04, 0x1E04, 0x1E04, 0x1E04, 0x1E04, 0x1E04, 0x1E04, 0x1E04, 0x1E04, 0x1E04, 0x1E04, 0x1E04, 0x1E04, 0x1E04, 0x1E04, 
  0x1E04, 0x1E04, 0x1E04, 0x1E04, 0x1E04, 0x1E04, 0x1E04, 0x1E04, 0x1E04, 0x1E04, 0x1E04, 0x1E04, 0x1E04, 0x1E04, 0x1E04, 0x1E04, 
  0x1E04, 0x1E04, 0x1E04, 0x1E04, 0x1E04, 0x1E04, 0x1D04, 0x1E04, 0x1E04, 0x1E04, 0x1D04, 0x1E04, 0x1E04, 0x1E04, 0x1E04, 0x1E04, 
  0x1E04, 0x1D04, 0x1E04, 0x3E04, 0x1E0C, 0x1E04, 0x3E04, 0x5A4B, 0x4DA8, 0x0AA8, 0x51A1, 0x9FB3, 0xBFB3, 0xDEB3, 0xBEAB, 0xDFB3, 
  0xBFB3, 0xDDA3, 0xDEDE, 0x7FEF, 0xDD8B, 0xBE7A, 0x7FA3, 0xFFBB, 0xDFB3, 0xBFB3, 0xDFB3, 0xDFB3, 0xBFB3, 0xDFB3, 0xDFB3, 0xDFB3, 
  0xDFB3, 0xFFBB, 0xBFB3, 0x9EAB, 0xDFB3, 0xBFAB, 0xDFB3, 0xDFB3, 0xDFAB, 0xDFAB, 0xDFAB, 0xBFAB, 0xDFAB, 0xBFAB, 0xDFAB, 0xBFAB, 
  0xBFB3, 0xDFB3, 0xDFAB, 0xDFB3, 0xDFB3, 0xBFB3, 0xDFB3, 0xDFAB, 0xBFAB, 0xDFAB, 0xBFAB, 0xBFAB, 0xDFB3, 0xDFB3, 0xDFB3, 0xDFB3, 
  0xBFA3, 0xBFAB, 0xDFB3, 0xDFB3, 0xBFB3, 0xDFB3, 0xBFB3, 0xBFAB, 0xBFAB, 0xBFAB, 0xDFB3, 0xBFB3, 0xDFB3, 0xDFBB, 0xDFBB, 0xBFB3, 
  0xBFB3, 0xDFB3, 0xDFAB, 0xDFB3, 0x37AA, 0x2BA0, 0x4CC0, 0x4DB8, 0x2CA8, 0x8EA8, 0xD6A9, 0x78B2, 0xBBBA, 0x78B2, 0x7299, 0x4C98, 
  0x0898, 0xCFA0, 0xD198, 0x0A88, 0xF0A0, 0x9AC2, 0x52A9, 0xAFA0, 0x6B90, 0x6A98, 0x6DA8, 0x8FA8, 0x6EB0, 0x0AA0, 0x8A90, 0x4BA8, 
  0x2CB8, 0x4DC8, 0x2BB0, 0x0AA8, 0x4B98, 0x8C80, 0x4BA0, 0x4CB8, 0x6B88, 0x2B98, 0x0A90, 0x0A90, 0x2B88, 0x0A88, 0x2A90, 0x4C88, 
  0xAE80, 0x13A1, 0xF599, 0x98AA, 0x3BBB, 0x9FC3, 0xBFC3, 0x3CB3, 0x57B2, 0x51A9, 0x8FA0, 0x2A78, 0x2A88, 0x8FA0, 0xD5A9, 0xDAB2, 
  0x9EBB, 0xFFB3, 0xDFAB, 0x5FBC, 0x99AA, 0x2B88, 0x4A98, 0x5291, 0x1C34, 0x1D04, 0x1E04, 0x1E04, 0x1E04, 0x1E04, 0x1E04, 0x1E04, 
  0x1E04, 0x1E04, 0x1E04, 0x1E04, 0x1E04, 0x1E04, 0x1E04, 0x1E04, 0x1E04, 0x1E04, 0x1E04, 0x1E04, 0x1E04, 0x1E04, 0x1E04, 0x3E04, 
  0x1E04, 0x1E04, 0x1E04, 0x1E04, 0x1E04, 0x1E04, 0x1E04, 0x1E04, 0x1E04, 0x1E04, 0x1E04, 0x1E04, 0x1E04, 0x1E04, 0x1E04, 0x1E04, 
  0x1E04, 0x1E04, 0x1E04, 0x1E04, 0x1E04, 0x1E04, 0x1E04, 0x1E04, 0x1E04, 0x1E04, 0x1E04, 0x1E04, 0x1E04, 0x1E04, 0x1E04, 0x1E04, 
  0x1E04, 0x1E04, 0x1E04, 0x1E04, 0x1E04, 0x1E04, 0x1E04, 0x1E04, 0x1E04, 0x1E04, 0x1E04, 0x1E04, 0x1E04, 0x1E04, 0x1E04, 0x1E04, 
  0x1D04, 0x1D04, 0x1E04, 0x1E04, 0x1E04, 0x1E04, 0x3D04, 0x1E04, 0x1E04, 0x1E04, 0x3E04, 0x1E04, 0x1E04, 0x1E04, 0x1E04, 0x3E04, 
  0x1E04, 0x1D04, 0xFD03, 0x1E04, 0x1D04, 0x1D04, 0x1E04, 0x3D1C, 0xB381, 0x09A0, 0x72A1, 0x3FBC, 0xFFBB, 0x1FB4, 0xFFB3, 0xFFAB, 
  0xFFBB, 0xBEB3, 0x9D93, 0x7ED6, 0x7FEF, 0x7C83, 0x9E6A, 0x7F93, 0xBEAB, 0xDFB3, 0xFEBB, 0xDFBB, 0xDFBB, 0xDFBB, 0xBFB3, 0xDFB3, 
  0xDFBB, 0xBFB3, 0xBFB3, 0xDFB3, 0xDFB3, 0xDFB3, 0xDFB3, 0xDFB3, 0xDFB3, 0xBFAB, 0xDFB3, 0xBFB3, 0xBFB3, 0xBFB3, 0x9FAB, 0xDFB3, 
  0xDFB3, 0xBFB3, 0xBFAB, 0xDFB3, 0xDFB3, 0xBFB3, 0xBFB3, 0xBFB3, 0xDFB3, 0xBFAB, 0x9FA3, 0xBFB3, 0xBFB3, 0xDFB3, 0xBFB3, 0xDFB3, 
  0xDFB3, 0xDFB3, 0xFFBB, 0xDFB3, 0xDFB3, 0xDFB3, 0xDFB3, 0xBFB3, 0xDFB3, 0xDFB3, 0xBFB3, 0xDFB3, 0xDFB3, 0xDFB3, 0xDFB3, 0xDFB3, 
  0xDFAB, 0xBFB3, 0xDFB3, 0xFFB3, 0x1DBB, 0x4DB8, 0x0AB8, 0x4DB8, 0x0BA8, 0xCC90, 0x8D81, 0xACA0, 0x0AA0, 0x0898, 0x0A90, 0xAE98, 
  0xD5B9, 0xD5B9, 0xCF88, 0x35A2, 0x1AB3, 0x7191, 0x97AA, 0xF6B9, 0x6988, 0xAA88, 0x0A71, 0x6A88, 0x4BA0, 0x30C1, 0xAC90, 0x6A98, 
  0x6CB0, 0x0BA8, 0x2990, 0x6A80, 0x2B90, 0x6C80, 0xEC90, 0xCEA0, 0xF1A0, 0x31A1, 0x5199, 0xB4A9, 0x37B2, 0xB9A2, 0x1BAB, 0x7DBB, 
  0x9ECB, 0xBECB, 0x7DBB, 0xFBB2, 0x969A, 0x50A1, 0x6CA0, 0x0AA8, 0x0998, 0x4AA0, 0x2FA1, 0x569A, 0x3BA3, 0xBEB3, 0x1FBC, 0xFFB3, 
  0xDFB3, 0xDFB3, 0x1FB4, 0xDAB2, 0x4EA8, 0x0A90, 0x7189, 0xBC4B, 0x3D04, 0x1D04, 0x1E04, 0x1E04, 0x1E04, 0x1E04, 0x1E04, 0x1E04, 
  0x1E04, 0x1E04, 0x1E04, 0x1E04, 0x1E04, 0x1E04, 0x1E04, 0x1E04, 0x1E04, 0x1E04, 0x1E04, 0x1E04, 0x1E04, 0x1E04, 0x1E04, 0x3E04, 
  0x1E04, 0x1E04, 0x1E04, 0x1E04, 0x1E04, 0x1E04, 0x1E04, 0x1E04, 0x1E04, 0x1E04, 0x1E04, 0x1E04, 0x1E04, 0x1E04, 0x1E04, 0x1E04, 
  0x1E04, 0x1E04, 0x1E04, 0x1E04, 0x1E04, 0x1E04, 0x1E04, 0x1E04, 0x1E04, 0x1E04, 0x1E04, 0x1E04, 0x1E04, 0x1E04, 0x1E04, 0x1E04, 
  0x1E04, 0x1E04, 0x1E04, 0x1E04, 0x1E04, 0x1E04, 0x1E04, 0x1E04, 0x1E04, 0x1E04, 0x1E04, 0x1E04, 0x1E04, 0x1E04, 0x1E04, 0x1E04, 
  0x3E04, 0x1E04, 0x3D04, 0x3D04, 0x3D04, 0x1D04, 0x1E04, 0x3D04, 0x3D04, 0x1D04, 0x1D04, 0x3D04, 0x3D04, 0x3D04, 0x5D04, 0x3D0C, 
  0x1D14, 0x5D1C, 0x5E24, 0x5F24, 0x7F24, 0x5E1C, 0x5F04, 0x7F04, 0x5A5B, 0x2DB0, 0x4D88, 0x56AA, 0x98BA, 0xF5A1, 0x78B2, 0x1CB3, 
  0x5CAB, 0xFFBB, 0xBFBB, 0x5C93, 0x5ED6, 0x7FF7, 0xBD8B, 0x9E6A, 0x3F7B, 0x5E8B, 0x7F9B, 0x7F9B, 0xBFA3, 0xFFAB, 0xDFB3, 0xBFB3, 
  0xBFB3, 0xBFB3, 0xDFB3, 0xDFB3, 0xBFAB, 0x7EA3, 0xBFB3, 0xDFB3, 0xBFB3, 0xDFB3, 0xFFB3, 0xBFB3, 0xDFB3, 0xDFB3, 0xDFAB, 0xBFAB, 
  0xBFAB, 0xBFB3, 0xBFB3, 0xBFB3, 0xDFB3, 0xDFB3, 0xDFB3, 0xBFB3, 0xDFBB, 0xDFB3, 0xDFB3, 0xDFB3, 0xBFB3, 0xBFB3, 0xFFB3, 0xDFB3, 
  0xBFB3, 0xBFB3, 0xDFBB, 0xBFB3, 0xBFB3, 0x9EB3, 0xBFB3, 0x9FB3, 0x9FB3, 0xBFB3, 0xBFB3, 0xDFB3, 0xDFB3, 0xBFB3, 0xBFB3, 0xBFB3, 
  0xBFB3, 0xDFB3, 0xDFBB, 0xDFC3, 0x5DB3, 0xD0B0, 0xEFB8, 0x2BB0, 0x8CC0, 0x4BA8, 0x4788, 0x2B98, 0xF1B8, 0x72A9, 0x96AA, 0xB9A2, 
  0x33A1, 0x32A9, 0xFABA, 0xB9BA, 0xF391, 0x3BB3, 0x1CC3, 0x8EA8, 0x4BA0, 0xACA0, 0x6BA0, 0x2BB8, 0x4DB8, 0x8DB0, 0x4B90, 0x2BA0, 
  0x4CA8, 0xB5B1, 0x98AA, 0xFBAA, 0x5CB3, 0x7EBB, 0x7EC3, 0x9EBB, 0x9EBB, 0x9FC3, 0xDDBB, 0x9CB3, 0x1BC3, 0x99BA, 0x57B2, 0xF499, 
  0x5189, 0x6F98, 0x2A90, 0x4780, 0x6870, 0x8C78, 0x3091, 0xB5B1, 0xBAB2, 0x3DAB, 0x9F9B, 0x7F9B, 0x5E8B, 0x7EA3, 0xBFAB, 0x9FAB, 
  0xBFBB, 0x3CBB, 0x379A, 0x0F89, 0xD4A1, 0xB962, 0xDD23, 0x1E04, 0x1E04, 0x1E04, 0x1E04, 0x1E04, 0x1E04, 0x1E04, 0x1E04, 0x1E04, 
  0x1E04, 0x1E04, 0x1E04, 0x1E04, 0x1E04, 0x1E04, 0x1E04, 0x1E04, 0x1E04, 0x1E04, 0x1E04, 0x1E04, 0x1E04, 0x1E04, 0x1E04, 0x3E04, 
  0x1E04, 0x1E04, 0x1E04, 0x1E04, 0x1E04, 0x1E04, 0x1E04, 0x1E04, 0x1E04, 0x1E04, 0x1E04, 0x1E04, 0x1E04, 0x1E04, 0x1E04, 0x1E04, 
  0x1E04, 0x1E04, 0x1E04, 0x1E04, 0x1E04, 0x1E04, 0x1E04, 0x1E04, 0x1E04, 0x1E04, 0x1E04, 0x1E04, 0x1E04, 0x1E04, 0x1E04, 0x1E04, 
  0x1E04, 0x1E04, 0x1E04, 0x1E04, 0x1E04, 0x1E04, 0x1E04, 0x1E04, 0x1E04, 0x1E04, 0x1E04, 0x1E04, 0x1E04, 0x1E04, 0x1E04, 0x1D04, 
  0x1D04, 0x1D0C, 0x1E04, 0x1E04, 0x1E04, 0x3E04, 0x3E04, 0x1E04, 0x1D04, 0x3D14, 0x3E44, 0x1E64, 0xFE5B, 0xFE63, 0x3F74, 0x1F84, 
  0xFF8B, 0xDF93, 0x789A, 0xD389, 0x98A2, 0x989A, 0x9672, 0xB852, 0x9772, 0x8DB8, 0x0BB0, 0x0B98, 0x0BA8, 0x29A0, 0x4CB0, 0xD0C0, 
  0x8D90, 0x79BA, 0xDFBB, 0xDFAB, 0x5D93, 0x3ED6, 0xBFFF, 0x3D9C, 0xBE6A, 0xBF6A, 0xDF72, 0xDF72, 0xFE7A, 0x3E8B, 0xDFAB, 0xDFB3, 
  0xDFB3, 0xDFB3, 0xBFB3, 0xDFB3, 0xDFB3, 0xDFB3, 0xDFB3, 0xDFB3, 0xDFB3, 0xDFB3, 0xDFB3, 0xBFB3, 0xDFB3, 0xDFB3, 0xBFAB, 0xBFAB, 
  0xBFB3, 0xDFB3, 0xDFB3, 0xBFB3, 0xBFAB, 0xDFB3, 0xDFB3, 0xBFB3, 0xBFB3, 0xDFB3, 0xDFB3, 0xDFB3, 0xBFB3, 0xBFAB, 0xDFAB, 0xDFB3, 
  0xBFB3, 0xDFB3, 0xDFB3, 0xDFB3, 0xDFB3, 0xBFB3, 0xFFB3, 0xDFB3, 0xDFB3, 0xDFB3, 0xDFB3, 0xBFB3, 0xDFBB, 0xDFB3, 0xDFB3, 0xDFAB, 
  0xDFB3, 0xBFBB, 0xDFB3, 0x1FBC, 0x1AA3, 0x91B0, 0x11D1, 0x0AB0, 0x2DB8, 0xF3D0, 0xD7B9, 0x78A2, 0x9BB2, 0x78AA, 0xD399, 0x9299, 
  0x58B2, 0xDDC2, 0x59AA, 0x39A2, 0xDFC3, 0xFCBA, 0x6EA8, 0x2BA8, 0x2CB8, 0x2BA0, 0x2BB0, 0x6CA8, 0x4BA8, 0x4A88, 0xAB98, 0x6A90, 
  0x8B90, 0xCE98, 0x4F91, 0x94B1, 0xB3A1, 0x9291, 0x7191, 0x3199, 0x0FA1, 0x2C71, 0x0C81, 0x4D90, 0x0B80, 0x0898, 0x0890, 0xC758, 
  0x0871, 0x0E91, 0x5199, 0x5492, 0xD8AA, 0x5DBB, 0xDFB3, 0xFFB3, 0x9F9B, 0x3F83, 0x1E8B, 0x5E9B, 0xBFAB, 0xFFB3, 0xBFB3, 0xDFAB, 
  0x7D93, 0xDA62, 0x5A53, 0xDC43, 0x5E1C, 0x3E04, 0x1D04, 0x1D04, 0x1E04, 0x1E04, 0x1E04, 0x1E04, 0x1E04, 0x1E04, 0x1E04, 0x1E04, 
  0x1E04, 0x1E04, 0x1E04, 0x1E04, 0x1E04, 0x1E04, 0x1E04, 0x1E04, 0x1E04, 0x1E04, 0x1E04, 0x1E04, 0x1E04, 0x1E04, 0x1E04, 0x3E04, 
  0x1E04, 0x1E04, 0x1E04, 0x1E04, 0x1E04, 0x1E04, 0x1E04, 0x1E04, 0x1E04, 0x1E04, 0x1E04, 0x1E04, 0x1E04, 0x1E04, 0x1E04, 0x1E04, 
  0x1E04, 0x1E04, 0x1E04, 0x1E04, 0x1E04, 0x1E04, 0x1E04, 0x1E04, 0x1E04, 0x1E04, 0x1E04, 0x1E04, 0x1E04, 0x1E04, 0x1E04, 0x1E04, 
  0x1E04, 0x1E04, 0x1E04, 0x1E04, 0x1E04, 0x1E04, 0x1E04, 0x1E04, 0x1E04, 0x1E04, 0x1E04, 0x1E04, 0x1E04, 0x1E04, 0x1E04, 0x1E04, 
  0x3E04, 0x1E04, 0x1E04, 0x1E04, 0x1D04, 0x1E04, 0x3E14, 0x3E34, 0x1E5C, 0x1E84, 0x1E94, 0x1E9C, 0x5EA4, 0xFD9B, 0xDE9B, 0x1D8B, 
  0x1E8B, 0x3F9B, 0xFCB2, 0xF7B9, 0x6FB8, 0x0BC0, 0x0AB8, 0x2CB0, 0x4B98, 0x6BB0, 0x0BB8, 0x2CB0, 0x4CB8, 0x2C90, 0x6C98, 0x6B98, 
  0x0CA0, 0x2BA0, 0xD4A1, 0xBFBB, 0xDFAB, 0x5D8B, 0x7ED6, 0xFFFF, 0x9DC5, 0xBE8B, 0x1E7B, 0xBD6A, 0xBF6A, 0xDF72, 0x1F83, 0xDFAB, 
  0xDFB3, 0xBFB3, 0xBFB3, 0xBFB3, 0xDFB3, 0xBFB3, 0xDFB3, 0xBFB3, 0xBFB3, 0xBFAB, 0xDFB3, 0xBFB3, 0xBFB3, 0xDFB3, 0xBFB3, 0xDFB3, 
  0xBFB3, 0xBFAB, 0xDFB3, 0xBFB3, 0xDFB3, 0xBFB3, 0xBFB3, 0xDFB3, 0xBFAB, 0xBFAB, 0xDFB3, 0xDFB3, 0xDFB3, 0xBFB3, 0xBFAB, 0xBFAB, 
  0x7FA3, 0x5E93, 0x3D8B, 0x3D8B, 0x1D83, 0xFD7A, 0xDE82, 0x3F8B, 0x7F93, 0xDFAB, 0xDFB3, 0xDFB3, 0xDFBB, 0xDFB3, 0xDFB3, 0xBFB3, 
  0xBEB3, 0xBFB3, 0xFFB3, 0xBFBB, 0x32B1, 0x4EC8, 0x4BB0, 0x0BB0, 0x94B1, 0x9BB2, 0x5A9A, 0xD48A, 0x14A2, 0xF7B1, 0x79B2, 0x9BBA, 
  0x1A9A, 0x598A, 0xFC8A, 0x9F9B, 0xBAB2, 0x4DA8, 0x4A98, 0xAB90, 0x4A98, 0x4BA0, 0x6BA0, 0xEA78, 0x0BA0, 0xAB88, 0x8CA0, 0xAC88, 
  0x2A71, 0x4990, 0x2A80, 0x8970, 0x2890, 0x0AA8, 0x09A0, 0x0A90, 0x0898, 0x4990, 0x8DA0, 0x8DA0, 0x7089, 0xB3A9, 0x17AA, 0xF9A2, 
  0x7BAB, 0xDEB3, 0xFFBB, 0x1FB4, 0xFFB3, 0x1FB4, 0xDFBB, 0xBFBB, 0x9FB3, 0xDFB3, 0xFFB3, 0x3FB4, 0xDFA3, 0xFE7B, 0x1E64, 0x3E3C, 
  0x3D24, 0x3E0C, 0x3E04, 0x3E04, 0x1E04, 0x3D04, 0x1E04, 0x1E04, 0x1D04, 0x1D04, 0x1E04, 0x1E04, 0x1E04, 0x1E04, 0x1E04, 0x1E04, 
  0x1E04, 0x1E04, 0x1E04, 0x1E04, 0x1E04, 0x1E04, 0x1E04, 0x1E04, 0x1E04, 0x1E04, 0x1E04, 0x1E04, 0x1E04, 0x1E04, 0x1E04, 0x3E04, 
  0x1E04, 0x1E04, 0x1E04, 0x1E04, 0x1E04, 0x1E04, 0x1E04, 0x1E04, 0x1E04, 0x1E04, 0x1E04, 0x1E04, 0x1E04, 0x1E04, 0x1E04, 0x1E04, 
  0x1E04, 0x1E04, 0x1E04, 0x1E04, 0x1E04, 0x1E04, 0x1E04, 0x1E04, 0x1E04, 0x1E04, 0x1E04, 0x1E04, 0x1E04, 0x1E04, 0x1E04, 0x1E04, 
  0x1E04, 0x1E04, 0x1E04, 0x1E04, 0x1E04, 0x1E04, 0x1E04, 0x1E04, 0x1E04, 0x1E04, 0x1E04, 0x1E04, 0x1E04, 0x1E04, 0x1E04, 0x1E04, 
  0x1E04, 0x1E04, 0x3D0C, 0x1D1C, 0x1E34, 0x1E5C, 0xFE83, 0xFE93, 0xFE9B, 0xFE93, 0xDE93, 0xBE93, 0xBF93, 0x9F93, 0x9F93, 0x5F8B, 
  0x1F83, 0xDE72, 0x1E7B, 0xBFA3, 0x5EB3, 0xB6B9, 0x4CA8, 0x09A8, 0x2A98, 0x0B90, 0x0BB0, 0x2BB8, 0x49A0, 0x4A90, 0x2AA0, 0x2990, 
  0x2AA0, 0x4BA0, 0x0BA8, 0x94B1, 0xBEBB, 0xDFB3, 0x5C83, 0x5ECE, 0xFFFF, 0xFFFF, 0x1FEF, 0x3ED6, 0x5E9C, 0xFF72, 0xDF7A, 0x1E83, 
  0x9FA3, 0x9FAB, 0xDFB3, 0xDFB3, 0xBFB3, 0xBFAB, 0xBFB3, 0xDFB3, 0xBFAB, 0xBFAB, 0xDFAB, 0xBFAB, 0xDFB3, 0xDFB3, 0xBFB3, 0xBFB3, 
  0xDFB3, 0xDFB3, 0xDFB3, 0xBFAB, 0xDFB3, 0xDFB3, 0xBFAB, 0xBFAB, 0xBFAB, 0xDFAB, 0xDFB3, 0xDFB3, 0xBFB3, 0xDFB3, 0xDFA3, 0x1D83, 
  0x7D8B, 0xFEB4, 0x1DCE, 0xBEDE, 0xDFDE, 0x5DCE, 0x5C9C, 0xBF6A, 0xDF72, 0x1E8B, 0xDFAB, 0xDFB3, 0x9FBB, 0x9FB3, 0xDFAB, 0xFFAB, 
  0xFFB3, 0x9DBB, 0xDAC2, 0x32B9, 0x0BB8, 0x4CB0, 0x2BB0, 0x74A9, 0x5EBB, 0xDBA2, 0xD9AA, 0x16A2, 0xF8A1, 0x19A2, 0x39A2, 0x3AAB, 
  0xFDA3, 0x1E83, 0x5F93, 0x38A2, 0x6B88, 0x2AA8, 0x2BA8, 0x4BA0, 0x2DA8, 0x8DC0, 0x4A90, 0x6BA8, 0x2CB8, 0x2CB0, 0x2AA0, 0x4B90, 
  0x8B88, 0x8B98, 0x0CA8, 0x2B98, 0x31A9, 0xD6C1, 0x39D2, 0xB9BA, 0xFAB2, 0x1DBB, 0x9FB3, 0xFFBB, 0x1FC4, 0x3FCC, 0x5FC4, 0x1FC4, 
  0xBFBB, 0xBFB3, 0x7FB3, 0x7EAB, 0x7FB3, 0x7FBB, 0xFFB3, 0x3F9C, 0x1F8C, 0xFF73, 0x3E5C, 0x3E3C, 0x1D1C, 0x1D14, 0xFD03, 0x1D04, 
  0x1D04, 0x1E04, 0x1E04, 0x3D04, 0x1D04, 0x1E04, 0x1E04, 0x1D04, 0x3D04, 0x3D04, 0x1E04, 0x1E04, 0x1E04, 0x1E04, 0x1E04, 0x1E04, 
  0x1E04, 0x1E04, 0x1E04, 0x1E04, 0x1E04, 0x1E04, 0x1E04, 0x1E04, 0x1E04, 0x1E04, 0x1E04, 0x1E04, 0x1E04, 0x1E04, 0x1E04, 0x3E04, 
  0x1E04, 0x1E04, 0x1E04, 0x1E04, 0x1E04, 0x1E04, 0x1E04, 0x1E04, 0x1E04, 0x1E04, 0x1E04, 0x1E04, 0x1E04, 0x1E04, 0x1E04, 0x1E04, 
  0x1E04, 0x1E04, 0x1E04, 0x1E04, 0x1E04, 0x1E04, 0x1E04, 0x1E04, 0x1E04, 0x1E04, 0x1E04, 0x1E04, 0x1E04, 0x1E04, 0x1E04, 0x1E04, 
  0x1E04, 0x1E04, 0x1E04, 0x1E04, 0x1D04, 0x1D04, 0x1D04, 0x1E04, 0x1E04, 0x1E04, 0x1E04, 0x1D04, 0x1D04, 0x1D04, 0x3E04, 0x3E14, 
  0x3D34, 0x1E4C, 0x1F6C, 0x9F73, 0x3F7B, 0x3F83, 0x7E8B, 0x7E93, 0x9E9B, 0x7E9B, 0xBFAB, 0xBFB3, 0xBFAB, 0xBFB3, 0xDFB3, 0xBFAB, 
  0xDFB3, 0xDFAB, 0x5F8B, 0xBE72, 0x5E8B, 0xFFB3, 0x1CB3, 0x14A2, 0x3191, 0x4EA0, 0x4B90, 0x6CA0, 0x2DB8, 0x4FB0, 0xF1B0, 0xD4A1, 
  0x16AA, 0x6EA8, 0x0AA8, 0x0AA0, 0xF0A8, 0x3CC3, 0x1FB4, 0x5D8B, 0xDCAC, 0x1EE7, 0xFFFF, 0xFFFF, 0x5ED6, 0xFD6A, 0xFF72, 0xDF72, 
  0xFE82, 0x7F9B, 0xBFAB, 0xBFAB, 0xDFB3, 0xBFAB, 0xBFB3, 0xDFB3, 0xBFAB, 0xBFAB, 0xBFAB, 0xBFB3, 0xDFB3, 0xDFB3, 0xDFB3, 0xBFB3, 
  0xDFB3, 0xBFB3, 0xDFB3, 0xDFB3, 0xDFB3, 0xDFB3, 0xDFB3, 0xBFAB, 0xBFB3, 0xDFB3, 0xDFB3, 0xBFB3, 0xDFB3, 0x9FA3, 0xBD7A, 0x9DA4, 
  0x9EF7, 0xFEFF, 0xFFFF, 0xFFFF, 0xFFFF, 0xFFFF, 0xBFFF, 0x3E7B, 0xDF6A, 0x1E83, 0xDFAB, 0xDFB3, 0xBFAB, 0x1FB4, 0xBEBB, 0x58B2, 
  0x74B1, 0x8EA0, 0x2CB0, 0x0BA8, 0x4CA8, 0x2CB8, 0x0BB0, 0x98B2, 0x1FB4, 0x1BBB, 0x1299, 0x379A, 0x3BBC, 0x9DCD, 0xFEC5, 0x7EC5, 
  0x3DA4, 0xFFAB, 0x3CC3, 0x2CA0, 0x2AA0, 0x2CA8, 0xAB88, 0x8B80, 0x2BB8, 0x6DC8, 0x6CB0, 0x0BB0, 0x0BA8, 0x6A90, 0xAA90, 0x6A88, 
  0x6B90, 0x8B98, 0x0BB0, 0x2BA8, 0x52A9, 0xD8AA, 0x3AAB, 0x5DB3, 0x7EC3, 0x5DBB, 0xFAB2, 0x99AA, 0x36A2, 0xD4A9, 0x92A9, 0x72A1, 
  0xB499, 0xF791, 0x1882, 0xFC72, 0x7E63, 0xFE5B, 0x3E44, 0x1D24, 0x1D14, 0x1D0C, 0x1D04, 0x1D04, 0x1D04, 0x1E04, 0x3E04, 0x3E04, 
  0x3E04, 0x1E04, 0x1E04, 0x1E04, 0x3D04, 0x3D04, 0x1D04, 0x1E04, 0x1E04, 0x1E04, 0x1E04, 0x1E04, 0x1E04, 0x1E04, 0x1E04, 0x1E04, 
  0x1E04, 0x1E04, 0x1E04, 0x1E04, 0x1E04, 0x1E04, 0x1E04, 0x1E04, 0x1E04, 0x1E04, 0x1E04, 0x1E04, 0x1E04, 0x1E04, 0x1E04, 0x3E04, 
  0x1E04, 0x1E04, 0x1E04, 0x1E04, 0x1E04, 0x1D04, 0x3D04, 0x3D04, 0x1D04, 0x1D04, 0x1D04, 0x3E04, 0x3D04, 0x1E04, 0x1E04, 0x1E04, 
  0x3E04, 0x3D04, 0x3D04, 0x3D04, 0x3D04, 0x3D04, 0x3E04, 0x1E04, 0x1E04, 0x1E04, 0x1E04, 0x1E04, 0x1E04, 0x1D04, 0x1E04, 0x1E04, 
  0x1E04, 0x1E04, 0x1E04, 0x1E04, 0x1E04, 0x1E04, 0x1D04, 0x1D04, 0x1D04, 0xFD03, 0x1D0C, 0x3D1C, 0x3E34, 0x1E54, 0xFF6B, 0xBF73, 
  0x7F7B, 0x1E7B, 0xDE82, 0xFE82, 0x3E8B, 0x7F9B, 0xBFA3, 0xBFAB, 0xBFB3, 0xBFB3, 0xDFB3, 0xBFAB, 0xDFAB, 0xDFAB, 0xBFAB, 0xDFB3, 
  0xBFB3, 0xDFB3, 0xDFB3, 0x9F9B, 0xDD7A, 0x9FA3, 0xFFB3, 0xFFB3, 0xDEB3, 0x5DBB, 0x1BAB, 0xFBB2, 0xFCBA, 0x3DBB, 0xBFC3, 0xBFB3, 
  0xD8B1, 0xF2B8, 0xAEA8, 0x2CA8, 0x0AA8, 0x2DA0, 0x37AA, 0xFFBB, 0x5F93, 0x5D83, 0xDD93, 0xDE8B, 0xFD72, 0x1E73, 0x1E83, 0x7F9B, 
  0xDFAB, 0xDFB3, 0x9FAB, 0xBFAB, 0xDFB3, 0xBFAB, 0xDFB3, 0xDFB3, 0xDFB3, 0xBFB3, 0xBFAB, 0xDFB3, 0xDFB3, 0xBFB3, 0xDFB3, 0xDFB3, 
  0xDFB3, 0xBFAB, 0xDFB3, 0xDFB3, 0xBFAB, 0xBFB3, 0xDFB3, 0xBFAB, 0xDFB3, 0xDFB3, 0xDFB3, 0xBFB3, 0xBFAB, 0xFF82, 0x9E72, 0x9EC5, 
  0xFFFF, 0xFEFF, 0xFFFF, 0xFFFF, 0xFFFF, 0x5FEF, 0x1DAD, 0xFE6A, 0x3F8B, 0xBFA3, 0xDFB3, 0xDFBB, 0xDFBB, 0x79AA, 0xB0B0, 0x4DC0, 
  0x0BA8, 0x2BB0, 0x0BA8, 0x0BA8, 0x2BB0, 0x2BB0, 0x0CA8, 0x1CBB, 0xBFB3, 0xF298, 0xF9A2, 0x3FCE, 0x5DBD, 0x1E9C, 0xBE9B, 0x7EA3, 
  0xDFB3, 0x7DC3, 0xF1A0, 0x2AA0, 0x2BA0, 0x4DA0, 0x8B70, 0xAB78, 0x2B98, 0x8B98, 0xCB90, 0x4CA8, 0x2CA8, 0xACA0, 0x4AA0, 0x4B98, 
  0x4D98, 0xAFB8, 0x4CC0, 0x0AA8, 0x09A8, 0x0B98, 0x6B88, 0xAC88, 0x0E89, 0x2D79, 0x2F71, 0x5279, 0xF481, 0x9782, 0x976A, 0x1853, 
  0xBA43, 0xDC33, 0xFD2B, 0x3E14, 0x1D04, 0x3D04, 0x1D04, 0x1D04, 0x1D04, 0x3D04, 0x3D04, 0x1D04, 0x1E04, 0x3E04, 0x1D04, 0x1D04, 
  0x1E04, 0x1E04, 0x1E04, 0x1E04, 0x1E04, 0x3D04, 0x1D04, 0x1E04, 0x1E04, 0x1E04, 0x1E04, 0x1E04, 0x1E04, 0x1E04, 0x1E04, 0x1E04, 
  0x1E04, 0x1E04, 0x1E04, 0x1E04, 0x1E04, 0x1E04, 0x1E04, 0x1E04, 0x1E04, 0x1E04, 0x1E04, 0x1E04, 0x1E04, 0x1E04, 0x1E04, 0x3E04, 
  0x1E04, 0x1E04, 0x1E04, 0x1E04, 0x1E04, 0x1D04, 0x1D04, 0x1D04, 0x1D04, 0x1E04, 0x3E04, 0x3D04, 0x3D04, 0x1D04, 0x1D04, 0x3D04, 
  0x3D04, 0x1D04, 0x1D04, 0x1E04, 0x1E04, 0x1E04, 0x1E04, 0x1D04, 0x1D04, 0x1D04, 0x3D04, 0x3D04, 0x3D04, 0x3D04, 0x3E04, 0x1E04, 
  0x1E04, 0x1D04, 0x1D04, 0x1D04, 0x1D0C, 0x3E14, 0x5E2C, 0x3E34, 0x5E4C, 0xFE53, 0xBF63, 0x9F73, 0x3E7B, 0x1F83, 0x1F83, 0x1F83, 
  0x3F8B, 0x7F93, 0xBF9B, 0xBFA3, 0xDFAB, 0xBFAB, 0xBFB3, 0xDFB3, 0xBFAB, 0xBFAB, 0xBFAB, 0x9FAB, 0xBFB3, 0xBFAB, 0xBFAB, 0xDFB3, 
  0xBFB3, 0xBFB3, 0x7FA3, 0xBFA3, 0xBFA3, 0x9FA3, 0xDFB3, 0xBFB3, 0xBFAB, 0xDFB3, 0xFFB3, 0xDFB3, 0xFFB3, 0xDFAB, 0xDFA3, 0xDFAB, 
  0x9EAB, 0x7FB3, 0x3EA3, 0xFCA2, 0x78AA, 0x11A1, 0x0980, 0xAE88, 0xD9B2, 0x9EBB, 0x9FBB, 0xBFAB, 0xDFAB, 0xFFBB, 0xFFBB, 0xDFB3, 
  0xDFB3, 0xDFBB, 0xBFAB, 0xBFA3, 0x3E9B, 0xBFAB, 0xBFB3, 0xBFB3, 0xBFB3, 0xDFB3, 0xDFB3, 0xDFB3, 0xDFB3, 0x9FAB, 0x9FAB, 0xDFB3, 
  0xDFB3, 0xDFB3, 0xDFB3, 0xDFB3, 0xBFB3, 0xDFB3, 0xBFB3, 0xBFAB, 0xDFB3, 0xDFB3, 0xBFB3, 0xFFB3, 0x7E9B, 0xDE72, 0xFF6A, 0xFD6A, 
  0x3EAD, 0x3ECE, 0xFECD, 0x5DBD, 0x7CA4, 0x7D83, 0x1E83, 0x9FAB, 0xBFAB, 0xBFAB, 0xFFB3, 0x1CBB, 0x31A9, 0x4EB8, 0x2DC8, 0x4BB0, 
  0x6B88, 0x4BA0, 0x4BA0, 0x6CA8, 0x2BA0, 0x2BA8, 0x2AA8, 0x14A2, 0x5CB3, 0xD190, 0xFEBC, 0x5EA4, 0x7C6A, 0xBD93, 0xFCA3, 0xBFAB, 
  0xDFB3, 0x72B1, 0x4CB0, 0x8EB0, 0x4C88, 0x8CB8, 0x8CA8, 0x2C98, 0x4BA0, 0xA988, 0x8B98, 0x2CA0, 0x4BA0, 0x8FC8, 0x2BB0, 0x4BA0, 
  0x8B90, 0x6CB0, 0x2DD0, 0x10A9, 0xB88A, 0x987A, 0x3A6B, 0x7C43, 0xBC23, 0xDC1B, 0xFD13, 0x5D1C, 0x7F1C, 0x3F14, 0x5F0C, 0x5E04, 
  0x3E04, 0x3E04, 0x1E04, 0x1D04, 0x1E04, 0x1E04, 0x1E04, 0x1E04, 0x1E04, 0x1E04, 0x1E04, 0x1E04, 0x1E04, 0x1E04, 0x1E04, 0x1E04, 
  0x1E04, 0x1E04, 0x1E04, 0x1D04, 0x1E04, 0x1E04, 0x1E04, 0x1E04, 0x1E04, 0x1E04, 0x1E04, 0x1E04, 0x1E04, 0x1E04, 0x1E04, 0x1E04, 
  0x1E04, 0x1E04, 0x1E04, 0x1E04, 0x1E04, 0x1E04, 0x1E04, 0x1E04, 0x1E04, 0x1E04, 0x1E04, 0x1E04, 0x1E04, 0x1E04, 0x1E04, 0x3E04, 
  0x1E04, 0x1E04, 0x1E04, 0x1E04, 0x1E04, 0x1D04, 0x1D04, 0x3E04, 0x3E04, 0x1E04, 0x1E04, 0x1E04, 0x1E04, 0x1E04, 0x3E04, 0x1D04, 
  0x1D0C, 0x1E04, 0x3E04, 0x1E04, 0x1E04, 0x1E04, 0x1E04, 0x3E04, 0x3E04, 0x3E04, 0x3E04, 0x1E04, 0x1D04, 0x1D04, 0xFD03, 0x1D04, 
  0x3D0C, 0x1D24, 0x1E44, 0xFE53, 0xFE5B, 0xFF73, 0x9F7B, 0x5E83, 0x3E8B, 0x1E8B, 0x3F8B, 0x3F93, 0x7F9B, 0xBFA3, 0xDFAB, 0xBFAB, 
  0xBFAB, 0xDFAB, 0xBFAB, 0xBFAB, 0xBFAB, 0x9FAB, 0xBFAB, 0xBFAB, 0xBFAB, 0xBFB3, 0xBFB3, 0xDFB3, 0xDFB3, 0xBFAB, 0xBFAB, 0xBFAB, 
  0xBFAB, 0xDFB3, 0xBFAB, 0x9FAB, 0xDFB3, 0xBFB3, 0xBFB3, 0xBFB3, 0x9FAB, 0xDFB3, 0xDFB3, 0xDFB3, 0xBFAB, 0x9FAB, 0xDFB3, 0x5F9B, 
  0x1E83, 0xDF72, 0x1F83, 0x9F9B, 0x3FBC, 0x1FBC, 0x1CBB, 0x7291, 0xCC80, 0xCC88, 0x52A1, 0xF4A9, 0x56B2, 0x58B2, 0xFCB2, 0xDFB3, 
  0xDFAB, 0xBFBB, 0xFFB3, 0x3E8B, 0x5F9B, 0xFFB3, 0xDFB3, 0xDFB3, 0xBFAB, 0xBFAB, 0xBFAB, 0xBFAB, 0xBFB3, 0xDFAB, 0x9FAB, 0xBFB3, 
  0xBFB3, 0x9FAB, 0xDFAB, 0xDFAB, 0xBFAB, 0xBFAB, 0xBFAB, 0x9FAB, 0xBFB3, 0xDFB3, 0xBFB3, 0xDFB3, 0xDFAB, 0x7F9B, 0x3F93, 0x1E8B, 
  0xDE82, 0x1E83, 0x3D8B, 0x3E93, 0x7F93, 0x9E93, 0x5E93, 0x3F83, 0x5F8B, 0x1CAB, 0xF5A9, 0x6EA0, 0x0A98, 0x6DB8, 0x4BC0, 0x0AB0, 
  0x2BA8, 0x0CA8, 0x2B90, 0x2A88, 0x8988, 0x6B98, 0x2980, 0xAC90, 0x58C2, 0x54A9, 0x5DA3, 0x1F73, 0x1F7B, 0xBEA4, 0xDDCD, 0x5EAC, 
  0x1DB3, 0x4DB0, 0x4BC0, 0x6DC0, 0xADB0, 0x72C9, 0x4EB8, 0x2BA8, 0x2A98, 0xCA78, 0x4A98, 0x2CC0, 0x0C98, 0x6EA0, 0x8CB0, 0x4AA0, 
  0x4BA8, 0x0BA0, 0x2CC0, 0xAEB0, 0x3653, 0x9D0C, 0x5E04, 0x3E04, 0x3E04, 0x3E04, 0x3D04, 0x1E04, 0x1E04, 0x1E04, 0x1D04, 0x1D04, 
  0x1E04, 0x1D04, 0x1D04, 0x1E04, 0x1E04, 0x1E04, 0x1E04, 0x1E04, 0x1E04, 0x1E04, 0x1E04, 0x1E04, 0x1E04, 0x1E04, 0x1E04, 0x1E04, 
  0x1E04, 0x1E04, 0x1E04, 0x1E04, 0x1E04, 0x1E04, 0x1E04, 0x1E04, 0x1E04, 0x1E04, 0x1E04, 0x1E04, 0x1E04, 0x1E04, 0x1E04, 0x1E04, 
  0x1E04, 0x1E04, 0x1E04, 0x1E04, 0x1E04, 0x1E04, 0x1E04, 0x1E04, 0x1E04, 0x1E04, 0x1E04, 0x1E04, 0x1E04, 0x1E04, 0x1E04, 0x3E04, 
  0x1E04, 0x1E04, 0x1E04, 0x1E04, 0x1E04, 0x3D04, 0x3D04, 0x1E04, 0x3E04, 0x3E04, 0x1D04, 0x1E04, 0x1E04, 0x1E04, 0x3E04, 0x3D04, 
  0x1D04, 0x1D04, 0x1D04, 0x1D04, 0x1D04, 0x1D04, 0x1C04, 0x1D04, 0xFD03, 0x1D04, 0xFD03, 0x1D0C, 0x1D14, 0x1D24, 0x3E44, 0x1F64, 
  0xFF83, 0xFF9B, 0x9E93, 0x9E93, 0x3F93, 0x5F9B, 0x5FA3, 0x9FAB, 0xBFAB, 0xDFB3, 0xFFB3, 0xBFB3, 0xBFB3, 0xDFB3, 0x9FB3, 0x9FAB, 
  0xBFAB, 0x9FAB, 0x9FAB, 0xDFB3, 0xBFB3, 0xBFAB, 0xBFAB, 0xBFAB, 0xBFAB, 0xBFB3, 0xBFB3, 0xDFBB, 0xDFB3, 0xBFAB, 0xBFAB, 0xBFAB, 
  0xBFAB, 0xBFAB, 0xFFB3, 0xBFB3, 0xBFB3, 0xBFB3, 0x9FA3, 0x9FA3, 0xBFB3, 0xBFB3, 0xDFAB, 0xBFAB, 0xBFAB, 0xBFB3, 0x3F9B, 0x3D9C, 
  0x9D8B, 0x5F8B, 0xFBB2, 0xD5B9, 0x54B1, 0x16A2, 0x5DBB, 0x1FC4, 0x5BA3, 0x359A, 0x0F91, 0x6D90, 0x4FA0, 0x14A9, 0xBBB2, 0xDFB3, 
  0xDFB3, 0xDFBB, 0x7F9B, 0x1E83, 0xBFA3, 0xBFAB, 0xBFA3, 0x9F9B, 0x9F9B, 0xDFAB, 0xDFB3, 0xBFB3, 0xBFB3, 0xDFAB, 0x9FAB, 0xBFAB, 
  0xDFB3, 0xDFAB, 0x5E9B, 0x9FA3, 0xDFAB, 0xDFB3, 0xDFB3, 0xBFAB, 0xDFAB, 0xDFB3, 0xBFB3, 0xDFB3, 0xBFB3, 0xBFB3, 0xDFB3, 0xDFB3, 
  0xDFB3, 0xBFAB, 0x7F93, 0x5F83, 0x3F7B, 0x7F93, 0x3F93, 0xBB92, 0xD4A9, 0x8EB0, 0x0BB8, 0x2BC0, 0x2CB0, 0x4DC0, 0x0AB8, 0x0CB0, 
  0x70B0, 0x8FA8, 0x7299, 0x769A, 0xB992, 0xBA8A, 0x999A, 0xD6A9, 0xD0B0, 0x14B1, 0x39A2, 0x3E8B, 0xDE72, 0xBE6A, 0xFD7A, 0xDE9B, 
  0xDAB2, 0x0BA0, 0x2BA8, 0x0AA8, 0x8DA8, 0xF0A8, 0x2EB0, 0x4CB8, 0x2BB0, 0x2B98, 0x2C90, 0x0BB0, 0x4CB0, 0x2CA8, 0x4BB8, 0x6A98, 
  0x0BA0, 0x2B98, 0x4CB0, 0x0AA0, 0xCA68, 0xB642, 0x1E0C, 0x1D04, 0x3D04, 0x3F04, 0x1E04, 0x1D04, 0x1D04, 0x1D04, 0x1D04, 0x1E04, 
  0x1E04, 0x1E04, 0x1E04, 0x1E04, 0x1E04, 0x1E04, 0x1E04, 0x1E04, 0x1E04, 0x1E04, 0x1E04, 0x1E04, 0x1E04, 0x1E04, 0x1E04, 0x1E04, 
  0x1E04, 0x1E04, 0x1E04, 0x1E04, 0x1E04, 0x1E04, 0x1E04, 0x1E04, 0x1E04, 0x1E04, 0x1E04, 0x1E04, 0x1E04, 0x1E04, 0x1E04, 0x1E04, 
  0x1E04, 0x1E04, 0x1E04, 0x1E04, 0x1E04, 0x1E04, 0x1E04, 0x1E04, 0x1E04, 0x1E04, 0x1E04, 0x1E04, 0x1E04, 0x1E04, 0x1E04, 0x3E04, 
  0x1E04, 0x1E04, 0x1E04, 0x1E04, 0x1E04, 0x3D04, 0x1E04, 0xFE0B, 0x1E0C, 0x3D04, 0x3D04, 0x1D04, 0x1D04, 0xFD13, 0x1D24, 0x1D2C, 
  0x5E3C, 0x5E4C, 0x5E54, 0x5E54, 0x5E54, 0x5E54, 0x5E5C, 0x7E5C, 0x1D4C, 0x3E5C, 0x3F74, 0x3F84, 0x1F94, 0xFF9B, 0xFFAB, 0xDFAB, 
  0x9FAB, 0x9FAB, 0xBFAB, 0xBFAB, 0xFFB3, 0xDFB3, 0xDFB3, 0xFFB3, 0xFFB3, 0xDFB3, 0xDFB3, 0xBFB3, 0xBFB3, 0xBFB3, 0xDFAB, 0xDFB3, 
  0xDFB3, 0xBFAB, 0xDFB3, 0xDFB3, 0xBFAB, 0xBFAB, 0xBFAB, 0xBFAB, 0xBFAB, 0xBFAB, 0xBFB3, 0xBFB3, 0xBFAB, 0xBFAB, 0xBFAB, 0xDFAB, 
  0xBFAB, 0xBFAB, 0xBFAB, 0x9FAB, 0xBFAB, 0xDFB3, 0xDFAB, 0xBFAB, 0xBFAB, 0xDFB3, 0xDFB3, 0xDFB3, 0xFFB3, 0x7F9B, 0x1D9C, 0x9EBD, 
  0x7E9B, 0xD6B1, 0x2DA8, 0x0BA0, 0x0CA8, 0x0AA8, 0x4CA8, 0x99AA, 0x1FBC, 0xFFBB, 0x9FB3, 0x9EB3, 0x9EB3, 0xDEBB, 0x1FBC, 0xDEB3, 
  0xDEB3, 0xDFB3, 0x1E83, 0x7F93, 0xBFB3, 0x9FA3, 0xFE7A, 0xDE72, 0xFE7A, 0x5E93, 0xDFAB, 0xDFBB, 0xDFB3, 0xBFAB, 0xBFAB, 0xDFB3, 
  0xFFB3, 0x3E93, 0x3E93, 0xDFAB, 0xBFAB, 0xDFB3, 0xBFAB, 0xBFAB, 0xBFAB, 0xBFAB, 0xDFB3, 0xDFAB, 0xBFA3, 0xBFAB, 0xBE9B, 0x7E8B, 
  0x3F83, 0x1F7B, 0x1F83, 0xFE8A, 0xBB92, 0xF7AA, 0x13B2, 0x2AA0, 0x09A8, 0x8DC8, 0x4ED0, 0x0BB8, 0x0AA8, 0x4EB0, 0xF1B0, 0x96BA, 
  0x7CC4, 0xFDD5, 0x3FD6, 0x3FC5, 0x5F93, 0xDE9A, 0xDBAA, 0x5CBB, 0x3CC3, 0x98A9, 0x9198, 0x57A2, 0x7F8B, 0x3F7B, 0xBE72, 0xBF93, 
  0x17B2, 0x09A0, 0x2DC0, 0x6EB8, 0x6D90, 0x0A98, 0x2BA8, 0x2CB0, 0x2AB0, 0x0BA0, 0x2BA0, 0x0CB0, 0x2CB0, 0x0BB0, 0x0AA8, 0xED98, 
  0x6DA0, 0x0CA8, 0x8B90, 0xEC70, 0xAB78, 0x6C90, 0x1572, 0x1E14, 0x3E04, 0x1D04, 0x1D0C, 0x1E04, 0x3E04, 0x1E04, 0x3D04, 0x3D04, 
  0x3D04, 0x1D04, 0x1E04, 0x1E04, 0x1E04, 0x1E04, 0x1E04, 0x1E04, 0x1E04, 0x1E04, 0x1E04, 0x1E04, 0x1E04, 0x1E04, 0x1E04, 0x1E04, 
  0x1E04, 0x1E04, 0x1E04, 0x1E04, 0x1E04, 0x1E04, 0x1E04, 0x1E04, 0x1E04, 0x1E04, 0x1E04, 0x1E04, 0x1E04, 0x1E04, 0x1E04, 0x1E04, 
  0x1E04, 0x1E04, 0x1E04, 0x1E04, 0x1E04, 0x1E04, 0x1E04, 0x1E04, 0x1E04, 0x1E04, 0x1E04, 0x1E04, 0x1E04, 0x1E04, 0x1E04, 0x3E04, 
  0x1E04, 0x1E04, 0x1E04, 0x1E04, 0x1E04, 0x1D04, 0x1D04, 0x1D04, 0x1D04, 0x1D0C, 0x1D2C, 0x1E4C, 0x3E64, 0x1F84, 0x1F9C, 0xDFA3, 
  0xBFB3, 0xDFB3, 0xFFB3, 0xFFB3, 0xFFB3, 0xDFB3, 0xFFBB, 0xDFB3, 0xBFB3, 0xBFAB, 0xDFB3, 0xBFB3, 0xDFB3, 0xDFB3, 0x9EAB, 0xDFAB, 
  0xDFAB, 0xBFAB, 0xDFB3, 0xDFB3, 0xBFAB, 0xBFB3, 0xBFAB, 0xBFAB, 0xBFB3, 0x9FB3, 0xDFBB, 0xDFB3, 0xBFAB, 0xBFAB, 0xDFB3, 0xBFB3, 
  0xDFB3, 0xBFAB, 0xBFAB, 0xDFAB, 0xBFAB, 0x9FAB, 0x9FA3, 0xBFAB, 0xDFAB, 0xBFAB, 0xBFAB, 0xBFAB, 0xDFB3, 0xBFAB, 0xBFAB, 0xBFAB, 
  0xBFAB, 0xBFB3, 0xDFB3, 0xBFAB, 0xBFAB, 0xBFAB, 0xDFB3, 0xBFB3, 0xBFAB, 0xDFB3, 0xDFBB, 0xDFB3, 0xFFB3, 0x7D93, 0x5DBD, 0xBDA3, 
  0xB6B9, 0x0DB0, 0x0BA8, 0x2BA8, 0x2CA8, 0x4CB8, 0x2BB8, 0x2B90, 0xD4A1, 0xBEB3, 0xDFB3, 0xDFAB, 0xDFAB, 0x9FB3, 0x9FB3, 0xDFB3, 
  0xFFBB, 0xBFA3, 0xFE7A, 0xBFA3, 0xBFBB, 0x9FA3, 0xDF72, 0xFF72, 0xFF72, 0xFE7A, 0x1E8B, 0xBFA3, 0xBFB3, 0xDFB3, 0xBFAB, 0xFFB3, 
  0x5E9B, 0xFD8A, 0xFFB3, 0xBFAB, 0xBFAB, 0xDFB3, 0xBFAB, 0xBFAB, 0xDFB3, 0xDFBB, 0xBFB3, 0xDFB3, 0xBFB3, 0x7EBB, 0x1DB3, 0xBBAA, 
  0x59A2, 0xD5A9, 0x31A9, 0xB0B0, 0xB0C0, 0x4DB8, 0x2BA8, 0x2BC0, 0x0BC0, 0x09A8, 0x0A98, 0xD1A8, 0xF6A9, 0x9B92, 0xBFAC, 0xFFCD, 
  0x5FCD, 0x1BB4, 0x9592, 0x9289, 0xEFA0, 0x8EA8, 0x4EB8, 0x4CA8, 0xEFA8, 0xD4A9, 0x11A9, 0x8C88, 0xB4A1, 0x3CAB, 0x9FA3, 0xBFAB, 
  0x53A1, 0x2AC0, 0x2CC0, 0x8CA8, 0x6B98, 0x2CB8, 0x4CC0, 0x0BB0, 0x2AA0, 0x2BA8, 0x2BB0, 0x4CA8, 0x4CA8, 0x0AB0, 0x6DB0, 0x11B1, 
  0x0D89, 0x6B88, 0x8B80, 0x2A61, 0xCB70, 0x6C98, 0x4A98, 0xB261, 0xFC23, 0x1D0C, 0x1E04, 0x3E04, 0x1D04, 0x1E04, 0x1E04, 0x1D04, 
  0x1D04, 0x1D04, 0x1E04, 0x1E04, 0x1E04, 0x1E04, 0x1E04, 0x1E04, 0x1E04, 0x1E04, 0x1E04, 0x1E04, 0x1E04, 0x1E04, 0x1E04, 0x1E04, 
  0x1E04, 0x1E04, 0x1E04, 0x1E04, 0x1E04, 0x1E04, 0x1E04, 0x1E04, 0x1E04, 0x1E04, 0x1E04, 0x1E04, 0x1E04, 0x1E04, 0x1E04, 0x1E04, 
  0x1E04, 0x1E04, 0x1E04, 0x1E04, 0x1E04, 0x1E04, 0x1E04, 0x1E04, 0x1E04, 0x1E04, 0x1E04, 0x1E04, 0x1E04, 0x1E04, 0x1E04, 0x3E04, 
  0x1D0C, 0x1E0C, 0x1E04, 0x1D04, 0x1D04, 0x1D04, 0x3D14, 0x3E34, 0x3F64, 0x1F84, 0xFF9B, 0xFFAB, 0xDFB3, 0x1FBC, 0xDFB3, 0xDFB3, 
  0xBFB3, 0xDFB3, 0xBFAB, 0xBFAB, 0xBFB3, 0xBFAB, 0x9EAB, 0xBFAB, 0xBFAB, 0xDFAB, 0xBFAB, 0xBFAB, 0xBFAB, 0xBFAB, 0xBFAB, 0xDFB3, 
  0xBFB3, 0xDFB3, 0xBFAB, 0xDFB3, 0xBFB3, 0xBFB3, 0xBFB3, 0xDFB3, 0xBFAB, 0xDFB3, 0xDFB3, 0xDFB3, 0xBFAB, 0xBFAB, 0xDFB3, 0xBFB3, 
  0xBFB3, 0xDFB3, 0xBFAB, 0x9FA3, 0x9FA3, 0xBFAB, 0xBFAB, 0x9FAB, 0xBFAB, 0xBFB3, 0xDFB3, 0xDFB3, 0xBFB3, 0xBFAB, 0xBFAB, 0xDFAB, 
  0xDFB3, 0xBFB3, 0xBFAB, 0xDFB3, 0xBFB3, 0xDFB3, 0xDFBB, 0xDFB3, 0xDFB3, 0xBFB3, 0xBFBB, 0xBFB3, 0xBFA3, 0x1E83, 0xBF93, 0x59B2, 
  0x0BC8, 0x2BA8, 0x4CA8, 0x2CC0, 0x0CB0, 0x4BB0, 0x6DC0, 0x2BB0, 0x0AA8, 0xCFA0, 0x99B2, 0xBEBB, 0xFFBB, 0xDFBB, 0xFFB3, 0xFFB3, 
  0xDEBB, 0x7FA3, 0xDE7A, 0xDFAB, 0xDFAB, 0xDFAB, 0x5F93, 0xFF72, 0xFF6A, 0x1F83, 0x5E8B, 0x3E8B, 0xDFB3, 0xBFBB, 0xFFBB, 0xDFB3, 
  0xFF82, 0xBFAB, 0xDFAB, 0xBFB3, 0xDFB3, 0xBFB3, 0xBFB3, 0xDFB3, 0x7CB2, 0xF1A0, 0x8D98, 0xEEA0, 0xEFA0, 0xAFB8, 0x4DB8, 0x0BB0, 
  0x0AA8, 0x0AB8, 0x0CC0, 0x0AB0, 0x0BB8, 0x2CB0, 0x4BA8, 0x8EB8, 0xF0B8, 0xD4A1, 0xFA9A, 0x7F9B, 0x5F9B, 0x1D93, 0x99A2, 0xB4B1, 
  0x9098, 0x0C88, 0x0A98, 0x4AA8, 0x29A0, 0x4AA8, 0x2CC0, 0x2BB0, 0x0BB0, 0x0BB0, 0x6CA0, 0x6DB8, 0x2CB8, 0x6DA8, 0xBABA, 0xDFBB, 
  0xEF80, 0x2AA8, 0x2CC0, 0x2BA8, 0x2BB0, 0x2CB8, 0x2CC8, 0x2BB0, 0x4BA0, 0x2BB0, 0x4BA0, 0x6C98, 0x4A98, 0x8BB0, 0x8EC0, 0x4998, 
  0xAA88, 0x8B98, 0xAB80, 0x2A61, 0x6B88, 0x2CB0, 0x8A98, 0x4998, 0x5191, 0xDC53, 0x3D04, 0x1E04, 0x1D04, 0x3D04, 0xFE03, 0x1E04, 
  0x1E04, 0x1D04, 0x1D04, 0x3E04, 0x3D04, 0x1D04, 0x1D04, 0x1D04, 0x1E04, 0x1E04, 0x1E04, 0x1E04, 0x1E04, 0x1E04, 0x1E04, 0x1E04, 
  0x1E04, 0x1E04, 0x1E04, 0x1E04, 0x1E04, 0x1E04, 0x1E04, 0x1E04, 0x1E04, 0x1E04, 0x1E04, 0x1E04, 0x1E04, 0x1E04, 0x1E04, 0x1E04, 
  0x1E04, 0x1E04, 0x1E04, 0x1E04, 0x1E04, 0x1E04, 0x1E04, 0x1E04, 0x1E04, 0x1E04, 0x1E04, 0x1E04, 0x1E04, 0x1E04, 0x1E04, 0x3E04, 
  0x3D04, 0x1D04, 0x1C0C, 0x3D2C, 0x3E4C, 0x3F7C, 0xFF93, 0xDFAB, 0xDFB3, 0xFFB3, 0xBFBB, 0xBFB3, 0xDFB3, 0xDFAB, 0xDFAB, 0xDFB3, 
  0xBFB3, 0xDFB3, 0xDFB3, 0xDFB3, 0xBFAB, 0xBFAB, 0xBFAB, 0xBFAB, 0xBFAB, 0xBFB3, 0xBFB3, 0xDFB3, 0x9FAB, 0x9FAB, 0xBFAB, 0xBFAB, 
  0xDFB3, 0xDFB3, 0xDFB3, 0xDFB3, 0xDFB3, 0xBFAB, 0xDFB3, 0xDFAB, 0xBFAB, 0xBFAB, 0xDFB3, 0xBFAB, 0xBFAB, 0x9FAB, 0xBFB3, 0xDFB3, 
  0xBFB3, 0xDFB3, 0xBFB3, 0xBFAB, 0xBFAB, 0xBFAB, 0xBFAB, 0xDFB3, 0xBFB3, 0xDFB3, 0xBFAB, 0xBFAB, 0xBFAB, 0xBFAB, 0xBFAB, 0xBFAB, 
  0xDFB3, 0xDFB3, 0xDFB3, 0xDFB3, 0xDFAB, 0xBFA3, 0x7F93, 0x5F8B, 0xBFAB, 0xDFBB, 0xBFAB, 0xBFB3, 0x5E93, 0xDE72, 0x1CAB, 0x8FB8, 
  0x2AA8, 0x4C90, 0x6DA0, 0x2CB0, 0x4BA0, 0x4BA0, 0x2BA0, 0x2BA0, 0x2AB0, 0x0CB8, 0x0DB0, 0xAFA8, 0x93A1, 0x37AA, 0xBAAA, 0x7DB3, 
  0xFFB3, 0x9FA3, 0xDF7A, 0x5F9B, 0xFFBB, 0xFEBB, 0xFFBB, 0x9FAB, 0x1F83, 0xDE72, 0x9F9B, 0x1D93, 0xDFAB, 0xBFB3, 0x1EB4, 0x5F9B, 
  0x3F93, 0xFFB3, 0xBFB3, 0xDFB3, 0xBFAB, 0xBFAB, 0xBFAB, 0x7F9B, 0x9FB3, 0xDAC2, 0x53A9, 0x0BA0, 0x0BB0, 0x0AC0, 0x2CB0, 0x11B1, 
  0xB5B1, 0x17B2, 0x1ABA, 0x59AA, 0x98B2, 0x78AA, 0xDCB2, 0x5EBB, 0xBEBB, 0xDFC3, 0x1DBB, 0x17AA, 0x31A1, 0x8CA0, 0x0CC0, 0x8FC8, 
  0xADB0, 0x4998, 0x4AA0, 0x4BB0, 0x2CB0, 0x4CA8, 0x2AA8, 0x2CA0, 0x6C88, 0x4CB0, 0x2BB8, 0x2AB0, 0x2BA8, 0x0CB8, 0x4D98, 0x3BBB, 
  0xB291, 0x0A90, 0x6DB8, 0x0BB0, 0x2AB8, 0x0CB8, 0x2CC0, 0x6BA0, 0x4CA8, 0x2CC8, 0x0BA8, 0x2BA0, 0xEA70, 0x4A59, 0x6B98, 0x4CC8, 
  0x2CB8, 0x8B98, 0xE978, 0xEA70, 0x4A90, 0x2DC0, 0x2DB8, 0x2CB0, 0x0BC0, 0xD0A8, 0x5A63, 0x3E1C, 0x3E04, 0x1D04, 0x3D04, 0x1E04, 
  0x1D04, 0x3D04, 0x3E04, 0x1E04, 0x1D04, 0x1D04, 0x1E04, 0x1E04, 0x1E04, 0x1E04, 0x1E04, 0x1E04, 0x1E04, 0x1E04, 0x1E04, 0x1E04, 
  0x1E04, 0x1E04, 0x1E04, 0x1E04, 0x1E04, 0x1E04, 0x1E04, 0x1E04, 0x1E04, 0x1E04, 0x1E04, 0x1E04, 0x1E04, 0x1E04, 0x1E04, 0x1E04, 
  0x1E04, 0x1E04, 0x1E04, 0x1E04, 0x1E04, 0x1E04, 0x1E04, 0x1E04, 0x1E04, 0x1E04, 0x1E04, 0x1E04, 0x1E04, 0x1E04, 0x1E04, 0x3E04, 
  0x1E34, 0x7F64, 0x5F84, 0xDEAB, 0x3DBB, 0x3DB3, 0xDFB3, 0xBFB3, 0xBFB3, 0xBFB3, 0xDFAB, 0xDFB3, 0xDFB3, 0xDFB3, 0xDFAB, 0xDFB3, 
  0xBFB3, 0xBFAB, 0xBFAB, 0xBFAB, 0xDFB3, 0xDFB3, 0xDFB3, 0xDFB3, 0xBFB3, 0xDFB3, 0xDFB3, 0xDFB3, 0xDFB3, 0x9FAB, 0xBFAB, 0xBFAB, 
  0xBFB3, 0xDFB3, 0xBFB3, 0xBFB3, 0xDFB3, 0xDFB3, 0xDFB3, 0xDFB3, 0xBFAB, 0xBFAB, 0xDFB3, 0xBFB3, 0xBFB3, 0xDFB3, 0xDFB3, 0xDFB3, 
  0xBFB3, 0xBFAB, 0xBFB3, 0xBFB3, 0xBFAB, 0xBFAB, 0xBFAB, 0xDFB3, 0xBFAB, 0xBFAB, 0xDFAB, 0xDFAB, 0xDFAB, 0xBFB3, 0xBFB3, 0xBFAB, 
  0xBFA3, 0x9F9B, 0x9FA3, 0x3F93, 0xFE82, 0xDE7A, 0xDF72, 0xDF6A, 0x7F9B, 0xDFBB, 0xDFAB, 0xDFAB, 0xDF7A, 0x7F9B, 0x94B1, 0x2AA0, 
  0x8C90, 0x6B90, 0x8B90, 0x6A98, 0x4BA0, 0x0BB8, 0x0BA8, 0x2B98, 0x2BB0, 0x4EC8, 0x4EC8, 0x2BB0, 0x09A8, 0x09B0, 0x0B98, 0x8F98, 
  0x57AA, 0xBEBB, 0xBFAB, 0x1E7B, 0x3F8B, 0x7F9B, 0x9FA3, 0xDFB3, 0xDEB3, 0x9FA3, 0x7E9B, 0x5E8B, 0x5DB3, 0x3DB3, 0xFFAB, 0x1F8B, 
  0x9FA3, 0xDFB3, 0xDFBB, 0xDFB3, 0xDFB3, 0xDFB3, 0xBFA3, 0x1E8B, 0xFE82, 0x7F93, 0xFFAB, 0xFBBA, 0xAD88, 0x5299, 0x1CBB, 0x5F9B, 
  0x7F8B, 0x9E8B, 0xBF9B, 0xDFAB, 0xDFB3, 0x1FB4, 0x3EAB, 0x79AA, 0xB6A1, 0x34A1, 0xAF90, 0x6A90, 0x0BA8, 0x0BA8, 0x0AB8, 0x0CC0, 
  0x4BB0, 0x4BA0, 0x2C90, 0x2BA8, 0x6AB0, 0x2AA0, 0x2CA8, 0x2BC0, 0x0AB8, 0x4DC0, 0xD1D0, 0x2DD0, 0x0BC8, 0x2CB8, 0x2A98, 0xF0A8, 
  0xF5B1, 0x6A88, 0x2AA0, 0x2CC0, 0x2CB8, 0x2CB0, 0x2DB8, 0x4CB0, 0x6CC0, 0x0CC0, 0x2B90, 0x6988, 0x2671, 0x2651, 0x4980, 0x2AA8, 
  0x2B98, 0x6A88, 0x6B98, 0xAB98, 0x6CA0, 0x0CA8, 0x2CA0, 0x2C98, 0x2BC0, 0x2AA8, 0x8E98, 0xD481, 0x3A73, 0xFD43, 0x3D14, 0x3E04, 
  0x3D04, 0x3D04, 0x1E04, 0xFE0B, 0x1E04, 0x3E04, 0x1E04, 0x1E04, 0x1E04, 0x1E04, 0x1E04, 0x1E04, 0x1E04, 0x1E04, 0x1E04, 0x1E04, 
  0x1E04, 0x1E04, 0x1E04, 0x1E04, 0x1E04, 0x1E04, 0x1E04, 0x1E04, 0x1E04, 0x1E04, 0x1E04, 0x1E04, 0x1E04, 0x1E04, 0x1E04, 0x1E04, 
  0x1E04, 0x1E04, 0x1E04, 0x1E04, 0x1E04, 0x1E04, 0x1E04, 0x1E04, 0x1E04, 0x1E04, 0x1E04, 0x1E04, 0x1E04, 0x1E04, 0x1E04, 0x3E04, 
  0x5CA3, 0x37AA, 0x73A9, 0x95A9, 0x59A2, 0x5DAB, 0xFFB3, 0xDFAB, 0xDFAB, 0xDFB3, 0xDFB3, 0xBFB3, 0xBFB3, 0xBFB3, 0xBFAB, 0x9FAB, 
  0xBFAB, 0xBFAB, 0xDFB3, 0xFFB3, 0xDFB3, 0x9FAB, 0xBFAB, 0xBFB3, 0xDFB3, 0xDFB3, 0xBFB3, 0xDFB3, 0xDFB3, 0xBFAB, 0xBFAB, 0xBFB3, 
  0xDFB3, 0xDFB3, 0xDFB3, 0xBFB3, 0xDFB3, 0xDFB3, 0xBFAB, 0xDFB3, 0xBFAB, 0xBFAB, 0xBFAB, 0xDFB3, 0xDFB3, 0xDFB3, 0xBFAB, 0xDFB3, 
  0xDFAB, 0xBFAB, 0xBFAB, 0xBFAB, 0xBFAB, 0xDFAB, 0xDFB3, 0xDFB3, 0xBFB3, 0xDFAB, 0xBFAB, 0xDFAB, 0xDFB3, 0xBFB3, 0xDFB3, 0x9FA3, 
  0x1E83, 0xDF72, 0xFF72, 0xDF72, 0xFF72, 0xFF72, 0xFF72, 0xFF72, 0xBFA3, 0xBFB3, 0xDFB3, 0x7F93, 0x3F7B, 0xFBBA, 0x2CB8, 0x6990, 
  0x0869, 0x4BA8, 0x2DB8, 0x6B98, 0x6B98, 0x6CA8, 0x4BA0, 0x2BA0, 0x2BA8, 0x0BA8, 0x4CB0, 0x4CB8, 0x0BB0, 0x2BA0, 0x8B98, 0x2BC8, 
  0x0BB0, 0x0D89, 0x759A, 0x1CA3, 0x5E9B, 0x5F8B, 0x5F8B, 0x5F8B, 0x7F93, 0x7F93, 0x5F93, 0xDFAB, 0x5291, 0xD6A9, 0x9FB3, 0x5E93, 
  0xBFB3, 0xBFB3, 0xDFB3, 0xDFB3, 0xDFB3, 0xBFAB, 0xDFB3, 0xFFB3, 0x9FA3, 0x3F7B, 0xFD7A, 0xDFBB, 0xF799, 0x9FB3, 0xFE9B, 0x3E8B, 
  0x7E9B, 0xDFAB, 0xBFB3, 0xBFAB, 0xBEB3, 0xDFB3, 0xBEAB, 0x3BAB, 0xFBB2, 0x1CB3, 0x5BAB, 0x1AAB, 0xBAB2, 0x18C2, 0x53B1, 0xD0B8, 
  0x4CB0, 0x2AA8, 0x0AA8, 0x0BB0, 0x0AA8, 0x0BB0, 0x8FD0, 0x2AB8, 0x2AB0, 0x4CB8, 0x6DC0, 0xB0B8, 0x96B9, 0x53B1, 0x8DA8, 0x0C88, 
  0x6C98, 0x0C81, 0x4BA0, 0x0CB8, 0x2CB0, 0x4C90, 0x0AA0, 0x2BB0, 0x6CB8, 0x6FB0, 0x2F81, 0xB3B1, 0x15B2, 0x138A, 0x4DA0, 0x4B90, 
  0xCC90, 0xD0A0, 0xD4C0, 0xD0B8, 0xAA90, 0x2A98, 0x2BA8, 0x4BA0, 0x6A98, 0x6B98, 0x6988, 0x8880, 0x4B98, 0xDA92, 0xFE7B, 0x3B63, 
  0xFC33, 0x3D14, 0x3E04, 0x1D04, 0x1D04, 0x3D04, 0x1E04, 0x1E04, 0x1E04, 0x1E04, 0x1E04, 0x1E04, 0x1E04, 0x1E04, 0x1E04, 0x1E04, 
  0x1E04, 0x1E04, 0x1E04, 0x1E04, 0x1E04, 0x1E04, 0x1E04, 0x1E04, 0x1E04, 0x1E04, 0x1E04, 0x1E04, 0x1E04, 0x1E04, 0x1E04, 0x1E04, 
  0x1E04, 0x1E04, 0x1E04, 0x1E04, 0x1E04, 0x1E04, 0x1E04, 0x1E04, 0x1E04, 0x1E04, 0x1E04, 0x1E04, 0x1E04, 0x1E04, 0x1E04, 0x1E04, 
  0x11A1, 0xD5A1, 0xDAB2, 0x9EBB, 0xDFB3, 0x1FAC, 0xFFAB, 0xBFAB, 0xBFAB, 0xDFB3, 0xBFBB, 0xBFB3, 0xBFB3, 0xBFAB, 0xDFB3, 0xDFB3, 
  0xBFAB, 0xBFAB, 0xBFAB, 0xBFAB, 0xBFAB, 0xDFB3, 0xDFB3, 0xBFAB, 0xBFAB, 0xBFAB, 0xBFAB, 0x9FAB, 0xBFAB, 0xDFB3, 0xDFB3, 0xBFB3, 
  0xBFB3, 0xBFAB, 0xDFB3, 0xDFB3, 0xDFB3, 0xBFAB, 0xBFB3, 0xDFB3, 0xDFB3, 0xBFAB, 0xBFAB, 0xBFAB, 0xDFAB, 0xBFAB, 0xBFAB, 0xBFAB, 
  0xBFAB, 0x9EA3, 0x9FAB, 0xDFAB, 0xDFB3, 0xDFB3, 0xDFB3, 0xBFB3, 0xBFB3, 0xBFB3, 0xDFB3, 0xDFAB, 0xDFB3, 0xDFB3, 0xDFB3, 0xBFA3, 
  0xDE7A, 0xFF72, 0xFF7A, 0xFF72, 0xFF72, 0xFF72, 0xFF72, 0x1F7B, 0xDFAB, 0xBFB3, 0xBFAB, 0xFD82, 0xBFAB, 0x32A1, 0x0BA0, 0x4DB8, 
  0x89A0, 0x4AB0, 0x2CC0, 0x4BB0, 0x2BB0, 0x4CA8, 0x0BA8, 0x2BB0, 0x2CA8, 0x0BA0, 0x4CA8, 0x4CB0, 0x0BA0, 0x4BA0, 0x6BA0, 0x2BB0, 
  0x4DC0, 0x6DB8, 0x2988, 0x6B88, 0xF0A8, 0x73A1, 0xD7B9, 0x7ABA, 0xBAB2, 0x9AB2, 0x37AA, 0x3099, 0x2A98, 0x2E98, 0x19A2, 0xFFB3, 
  0xBFB3, 0xDFB3, 0xBFAB, 0xDFB3, 0xBFAB, 0xBFB3, 0xDFBB, 0xDFB3, 0xDFBB, 0xBFA3, 0xDE72, 0x7FA3, 0x9EAA, 0x9FAB, 0xDDB4, 0x1DA4, 
  0xBFB3, 0xDFB3, 0xDFB3, 0xDFB3, 0xDFB3, 0xBFBB, 0xDFBB, 0xFFBB, 0xFFBB, 0xFFBB, 0xFFBB, 0xFFB3, 0x3FAC, 0xFFC3, 0xDFB3, 0xDFAB, 
  0x5DB3, 0x1CB3, 0x79A2, 0xD5A9, 0x73A1, 0x12B1, 0xD0B0, 0x0CA0, 0x0BA0, 0x0BA0, 0xF0A8, 0x9CB3, 0xDFB3, 0xDEB3, 0x3CBB, 0x74A9, 
  0x2B80, 0x6A78, 0x4988, 0x10A1, 0x9ABA, 0xB599, 0x93A1, 0xD9A2, 0x5DB3, 0x7DBB, 0xDDB3, 0xDFBB, 0xDFCB, 0xFFC3, 0xDBBA, 0xBBB2, 
  0x7CB3, 0xBEB3, 0xFFB3, 0x9DBB, 0xEF90, 0x2CA0, 0x4CA8, 0x6A98, 0xAB90, 0x8C90, 0x2979, 0x0A81, 0x2A98, 0xB99A, 0xFCA3, 0x4C88, 
  0x0F89, 0x136A, 0x594B, 0x1D2C, 0x3E14, 0x3E04, 0x1E04, 0x1D04, 0x1E04, 0x1E04, 0x1E04, 0x1E04, 0x1E04, 0x1E04, 0x1E04, 0x1E04, 
  0x1E04, 0x1E04, 0x1E04, 0x1E04, 0x1E04, 0x1E04, 0x1E04, 0x1E04, 0x1E04, 0x1E04, 0x1E04, 0x1E04, 0x1E04, 0x1E04, 0x1E04, 0x1E04, 
  0x1E04, 0x1E04, 0x1E04, 0x1E04, 0x1E04, 0x1E04, 0x1E04, 0x1E04, 0x1E04, 0x1E04, 0x1E04, 0x1E04, 0x1E04, 0x1E04, 0x1E04, 0x1E04, 
  0x9EB3, 0xFFAB, 0xFFB3, 0xDFB3, 0xDEB3, 0xBFB3, 0xBFB3, 0xBFB3, 0xBFB3, 0x9FAB, 0xBFAB, 0xDFAB, 0xBFAB, 0xBFB3, 0xDFB3, 0xDFB3, 
  0xBFB3, 0xDFB3, 0xBFAB, 0xBFAB, 0xDFB3, 0xDFB3, 0xBFAB, 0xBFAB, 0xBFAB, 0xDFAB, 0x9FA3, 0xBFAB, 0xBFAB, 0x9FAB, 0xDFB3, 0xBFAB, 
  0xBFAB, 0xBFAB, 0xBFAB, 0xDFB3, 0xDFB3, 0xBFB3, 0xDFB3, 0xBFAB, 0xBFAB, 0xBFAB, 0xBFAB, 0xBFAB, 0x9FAB, 0xBFAB, 0xDFB3, 0xBFAB, 
  0xDFB3, 0xDFB3, 0xBFB3, 0xDFB3, 0xBFB3, 0xBFB3, 0xDFB3, 0xDFB3, 0xDFB3, 0xDFB3, 0xDFB3, 0xDFB3, 0xDFB3, 0xBFB3, 0xDFB3, 0x3E93, 
  0xDF72, 0xFF72, 0xFF7A, 0xFF7A, 0xFF72, 0xFF7A, 0xDF72, 0x3F8B, 0xDFB3, 0xDFBB, 0x7E93, 0x7F9B, 0xD9BA, 0x2B90, 0x2BA0, 0x2BA8, 
  0x2CA8, 0x2BB0, 0x6BB0, 0x2AA8, 0x2BB0, 0x2C98, 0x0BA0, 0x0BB0, 0x4CA8, 0x4CA8, 0x6ED0, 0x4DB8, 0x2BA8, 0x4CB0, 0x2BA8, 0x4CB8, 
  0x2BB0, 0x2CC0, 0x2CB0, 0x2BA0, 0x2B98, 0x0BB8, 0x0CC0, 0x2CB0, 0x2BB0, 0x0BB0, 0x0AB8, 0x0AA8, 0x2AA8, 0x09A0, 0x93A1, 0xFFBB, 
  0xBFB3, 0xBFB3, 0xBFB3, 0xDFB3, 0xDFB3, 0xDFBB, 0xDFBB, 0xBFB3, 0xDFBB, 0x5F93, 0xDF72, 0x9FA3, 0xFEB2, 0xDFAB, 0x5DC5, 0xFDA3, 
  0xDFB3, 0xDFB3, 0xDFAB, 0xDFB3, 0xDFB3, 0xDFBB, 0xBFBB, 0xDFAB, 0xDFB3, 0xBFB3, 0xBFAB, 0x7F9B, 0x3E8B, 0x3F8B, 0x1E7B, 0x1E7B, 
  0xFF7A, 0x5F83, 0x1F9C, 0xDF9B, 0x7F93, 0x9FA3, 0x9EB3, 0x3CBB, 0x74A1, 0x9098, 0x3CBB, 0xFFBB, 0xDEB3, 0xDFBB, 0xFFAB, 0xFFBB, 
  0xDBB2, 0x3181, 0x37A2, 0xDFBB, 0xDDA2, 0x3DAB, 0x1FC4, 0xFFBB, 0xFFB3, 0xFFB3, 0xDFB3, 0xDFAB, 0xDFAB, 0xDFAB, 0xDFAB, 0xDFBB, 
  0xDFB3, 0x1FB4, 0x3DBB, 0x7DBB, 0x98B2, 0x2C98, 0x4B90, 0x2CA8, 0x4BA8, 0x6CB0, 0xAFD0, 0x2CC0, 0x0CA8, 0xFAA2, 0x9BB4, 0x4C88, 
  0x0BA0, 0x0AA8, 0x6B88, 0x0F89, 0x1582, 0x3A4B, 0xFD23, 0x5F0C, 0x1E04, 0x1D04, 0x1D04, 0x1E04, 0x1E04, 0x1E04, 0x1E04, 0x1E04, 
  0x1E04, 0x1E04, 0x1E04, 0x1E04, 0x1E04, 0x1E04, 0x1E04, 0x1E04, 0x1E04, 0x1E04, 0x1E04, 0x1E04, 0x1E04, 0x1E04, 0x1E04, 0x1E04, 
  0x1E04, 0x1E04, 0x1E04, 0x1E04, 0x1E04, 0x1E04, 0x1E04, 0x1E04, 0x1E04, 0x1E04, 0x1E04, 0x1E04, 0x1E04, 0x1E04, 0x1E04, 0x1E04, 
  0xDFB3, 0xBFAB, 0xBFAB, 0xDFB3, 0xDFB3, 0xDFB3, 0xDFB3, 0xBFB3, 0xBFAB, 0xBFAB, 0xDFB3, 0xDFAB, 0xBFAB, 0xBFAB, 0xDFB3, 0xDFB3, 
  0xDFAB, 0xBFB3, 0xDFB3, 0xDFB3, 0xDFB3, 0xDFB3, 0xBFAB, 0xBFAB, 0xBFAB, 0xBFAB, 0xDFB3, 0xDFB3, 0xDFAB, 0xBFAB, 0xBFAB, 0xBFAB, 
  0xDFB3, 0xDFB3, 0xDFB3, 0xDFB3, 0xDFB3, 0xDFB3, 0xBFAB, 0xBFAB, 0xBFAB, 0xBFB3, 0xDFB3, 0xDFB3, 0xBFAB, 0xBFAB, 0xBFB3, 0xBFB3, 
  0xDFB3, 0xBFB3, 0xBFB3, 0xBFB3, 0xDFB3, 0xBFB3, 0xBFAB, 0xBFAB, 0xDFB3, 0xBFB3, 0xBFB3, 0xBFB3, 0xBFAB, 0xBFB3, 0xBFA3, 0xFF82, 
  0xFF72, 0xFF72, 0xFF72, 0xFF72, 0xFF7A, 0xFF7A, 0xDE7A, 0xBFA3, 0xBFB3, 0xBFB3, 0xBFAB, 0x9FBB, 0xCFA8, 0x0BB0, 0x6DB8, 0x2BB0, 
  0x2CB8, 0x2BB0, 0x6C90, 0x4B90, 0x4CC0, 0x6CB8, 0x2BA8, 0x2BA8, 0x2CB0, 0xB0C8, 0x2CB0, 0x2BB8, 0x0BB8, 0x2CB0, 0x0BA0, 0x0BA0, 
  0x0CA0, 0x2DB8, 0x0CB8, 0x6BA8, 0x6A98, 0x2BA0, 0x0BA0, 0x2A98, 0x6B98, 0x0BA8, 0x2CB8, 0x2CB0, 0x0CB0, 0x2AB0, 0xF1A8, 0xBFBB, 
  0xDFB3, 0xDFBB, 0xDFB3, 0xBFB3, 0xDFAB, 0xBFB3, 0xBFB3, 0xFFB3, 0x5F9B, 0xFD6A, 0x5E8B, 0x7EB3, 0x5AB2, 0x9FBB, 0xFECD, 0x3DAC, 
  0xBFBB, 0xDFB3, 0xBEAB, 0xBFB3, 0xDFB3, 0xBFAB, 0xBFAB, 0xBFAB, 0xBFAB, 0xDFB3, 0x9FA3, 0x3E93, 0x3E93, 0x5F93, 0x7F93, 0x7F93, 
  0x5F93, 0x7E93, 0xDE9B, 0x7E93, 0xFE7A, 0xDE72, 0xFF7A, 0x9FA3, 0xDFB3, 0x1DB3, 0xDFBB, 0xBFB3, 0xFFAB, 0xFFB3, 0xBFBB, 0xFEB3, 
  0xFFBB, 0x9FB3, 0xFFBB, 0xBFBB, 0x7FB3, 0xFFBB, 0xDFB3, 0xBFB3, 0xDFB3, 0xDFB3, 0x9FBB, 0xBFAB, 0xDFB3, 0x9EAB, 0x5E93, 0xBFB3, 
  0xFFB3, 0xBABA, 0x4DA8, 0x4D98, 0x1CBB, 0x36AA, 0x0A90, 0x4DC0, 0x6ED0, 0x0AA8, 0x2CB0, 0x0BB0, 0x2DA8, 0xBCB3, 0x1ABD, 0xEC78, 
  0x6B98, 0x4B98, 0xAB88, 0x2A98, 0x0BA8, 0xAB88, 0x0F79, 0x966A, 0xFC3B, 0x1E0C, 0x1E04, 0x1E04, 0x1E04, 0x3D04, 0x3D04, 0x1E04, 
  0x1D04, 0x1D0C, 0x3D04, 0x3D04, 0x3E04, 0x3E04, 0x1E04, 0x1E04, 0x3E04, 0x3E04, 0x1E04, 0x1E04, 0x1E04, 0x1E04, 0x1E04, 0x1E04, 
  0x1E04, 0x1E04, 0x1E04, 0x1E04, 0x1E04, 0x1E04, 0x1E04, 0x1E04, 0x1E04, 0x1E04, 0x1E04, 0x1E04, 0x1E04, 0x1E04, 0x1E04, 0x1E04, 
  0xDFB3, 0xFFBB, 0xBFB3, 0xBFB3, 0xBFB3, 0xBFB3, 0xDFB3, 0xDFB3, 0xDFB3, 0xBFB3, 0xDFB3, 0xBFB3, 0xBFB3, 0xBFB3, 0xBFB3, 0xDFB3, 
  0xBFAB, 0xBFAB, 0xDFB3, 0xDFB3, 0xDFB3, 0xDFB3, 0xDFB3, 0xBFAB, 0xDFB3, 0xBFAB, 0xBFAB, 0xBFAB, 0xDFAB, 0xBFAB, 0xDFB3, 0xDFB3, 
  0xDFB3, 0xBFB3, 0xBFAB, 0xBFB3, 0xBFB3, 0xDFB3, 0xDFB3, 0xDFB3, 0xBFB3, 0xBFB3, 0xBFB3, 0xDFB3, 0xDFB3, 0xBFAB, 0xDFB3, 0xDFB3, 
  0xDFB3, 0xDFB3, 0xFFB3, 0xBFAB, 0xDFB3, 0xBFAB, 0xBFB3, 0xBFB3, 0xDFB3, 0xDFB3, 0xDFB3, 0xDFB3, 0x9FAB, 0xDFB3, 0x5E93, 0xDF72, 
  0xFF72, 0xFF72, 0xFF7A, 0xFF72, 0xFF7A, 0xDF72, 0x3F8B, 0xFFB3, 0xDFAB, 0xBFAB, 0x1FB4, 0x58B2, 0x0AA8, 0x6CB8, 0x2DB8, 0x4CC0, 
  0x2CC0, 0x2DB8, 0x2BA8, 0x4C98, 0xAB78, 0x6BA0, 0x0BB8, 0x4CC8, 0x4CB8, 0x0CB0, 0x2BA8, 0x4DA0, 0x2E91, 0x0A88, 0x0BA0, 0x2AA0, 
  0x2AA8, 0x4CA0, 0x4BA8, 0x2BA0, 0x2BA8, 0xC988, 0x8A80, 0x2CA8, 0x2BA8, 0x2CB8, 0x6B98, 0x4BA0, 0x0AB0, 0x2BA8, 0x4A90, 0xF9B2, 
  0x1FBC, 0xBFB3, 0xFFB3, 0xFFBB, 0xDFB3, 0xDFB3, 0xDFB3, 0x5D93, 0xBD93, 0xDE7A, 0xDFAB, 0x17AA, 0x12A9, 0x9FAB, 0xBEBD, 0x7DBD, 
  0x7EAB, 0xFFBB, 0xDEAB, 0xDFB3, 0xDFB3, 0xDFB3, 0xDFB3, 0xBFAB, 0xBFB3, 0xDFB3, 0xDFBB, 0xFFBB, 0x1FC4, 0xDFBB, 0xDFB3, 0x7F9B, 
  0x3E93, 0x9E9B, 0x9E9B, 0xDFAB, 0xDFB3, 0xBFAB, 0x5E8B, 0xDE72, 0xBFA3, 0xBFB3, 0x9FAB, 0xDEB3, 0xBFAB, 0x9FA3, 0x9FAB, 0xDFAB, 
  0xDFAB, 0xDFB3, 0xDFB3, 0xDFB3, 0xDFBB, 0x9FB3, 0xDFB3, 0xDFB3, 0xDFBB, 0xBFAB, 0xBFA3, 0xBFB3, 0xDFB3, 0x1E8B, 0xBFA3, 0xFFBB, 
  0xBEBB, 0xCFA8, 0x09B8, 0x0AC0, 0xB0B0, 0xBFBB, 0xD391, 0x0BB0, 0x8ED8, 0x4DC0, 0x0CA8, 0x2AA8, 0xAEA0, 0x9EB4, 0xDBC4, 0x6C80, 
  0x2C98, 0x0BA8, 0x4C98, 0x8A90, 0x6A88, 0x6B90, 0x0A98, 0x6A78, 0x6C81, 0x5662, 0xBB23, 0x3D1C, 0x3E04, 0x1E04, 0x1E04, 0x1D04, 
  0x3D04, 0x1E04, 0x1E04, 0x1E04, 0x1E04, 0x1E04, 0x1E04, 0x1E04, 0x1D04, 0x1E04, 0x1E04, 0x1E04, 0x1E04, 0x1E04, 0x1E04, 0x1E04, 
  0x1E04, 0x1E04, 0x1E04, 0x1E04, 0x1E04, 0x1E04, 0x1E04, 0x1E04, 0x1E04, 0x1E04, 0x1E04, 0x1E04, 0x1E04, 0x1E04, 0x1E04, 0x1E04, 
  0xDFB3, 0xDFB3, 0xDFB3, 0xDFB3, 0xDFB3, 0xDFB3, 0xDFB3, 0xDFB3, 0xDFB3, 0xDFB3, 0xDFB3, 0xDFB3, 0xBFB3, 0xDFB3, 0xDFB3, 0xDFB3, 
  0xDFB3, 0xDFB3, 0xBFAB, 0xBFAB, 0xDFB3, 0xBFB3, 0xBFB3, 0x9FAB, 0xDFAB, 0xDFAB, 0xDFAB, 0xBFAB, 0xBFAB, 0xDFB3, 0xDFB3, 0xDFB3, 
  0xDFB3, 0xBFB3, 0xDFB3, 0xDFB3, 0xDFB3, 0xBFB3, 0xBFB3, 0xDFB3, 0xDFB3, 0xDFB3, 0xDFB3, 0xBFAB, 0xBFAB, 0xBFAB, 0xDFB3, 0xFFB3, 
  0xBFB3, 0xBFB3, 0xBFAB, 0xBFAB, 0xBFAB, 0x9FAB, 0xDFB3, 0xDFB3, 0xDFB3, 0xDFB3, 0xBFAB, 0xBFAB, 0xBFAB, 0xBFA3, 0xFF7A, 0xFF72, 
  0xFF72, 0xFF72, 0xFF7A, 0xDF7A, 0xFF72, 0xFF7A, 0xBFAB, 0xBFB3, 0xBFB3, 0xFFB3, 0x7DBB, 0x8E98, 0x2AA8, 0x2BB8, 0x2BC0, 0x4CB8, 
  0x4CA8, 0x0C98, 0x2CA0, 0x8B88, 0x6C90, 0x2BA8, 0x2BB0, 0x6BA0, 0xAA88, 0x4BA0, 0x2CB0, 0x2B98, 0xF5A9, 0xF5A9, 0x0C98, 0x4CA8, 
  0x6CC0, 0x0B98, 0xCEB0, 0x4DB8, 0x4AA0, 0x8A80, 0x2CA0, 0x0B98, 0x2CB0, 0x2BB0, 0x6A88, 0x4AA0, 0x2CC0, 0x4CA8, 0x0BB0, 0xCEA0, 
  0x3CBB, 0x9FC3, 0x98B2, 0x73A9, 0xBAB2, 0xDFAB, 0x7D93, 0xFDC5, 0xBEC5, 0x3F93, 0xDBBA, 0x4CA0, 0x2BA0, 0x59B2, 0x7FAC, 0x1EE7, 
  0xBD9B, 0xDFB3, 0xBEAB, 0xBFB3, 0xDFAB, 0x9FAB, 0xDFB3, 0xBFB3, 0xDFB3, 0xDFB3, 0xDFB3, 0xBFBB, 0x1FC4, 0x1FC4, 0xDFB3, 0xBFA3, 
  0x3E93, 0xFE82, 0x3E8B, 0x1E8B, 0x9FA3, 0xBFBB, 0xDFB3, 0x7FA3, 0x9FAB, 0xFFB3, 0xFFAB, 0xDFB3, 0xDFB3, 0xBFAB, 0xDFAB, 0xDFB3, 
  0xBFB3, 0xDFBB, 0xDFB3, 0xDFB3, 0xDFB3, 0xBFB3, 0xBFB3, 0xBFB3, 0xBFB3, 0xDFB3, 0xBEAB, 0xFFBB, 0x5E93, 0x1E93, 0xDFBB, 0xDFAB, 
  0x3DBB, 0x4FA8, 0x4CB0, 0x4BB8, 0x2DC8, 0x18BA, 0xDFBB, 0x52A9, 0x0BB8, 0x4CB0, 0x4A90, 0x4BA8, 0x59BA, 0x3EBD, 0x5ABC, 0x2B88, 
  0x0BA8, 0x2CB8, 0x8C90, 0xCA88, 0x8B90, 0x4BA8, 0x0CA8, 0x0BA8, 0x0990, 0x0988, 0xCD80, 0x5582, 0x9B4B, 0x1F14, 0x1E04, 0xFC03, 
  0x3E04, 0x3D04, 0x1D04, 0x1E04, 0x1E04, 0x1E04, 0x3E04, 0x3E04, 0x3D04, 0x1D04, 0x1E04, 0x1E04, 0x1E04, 0x1E04, 0x1E04, 0x1E04, 
  0x1E04, 0x1E04, 0x1E04, 0x1E04, 0x1E04, 0x1E04, 0x1E04, 0x1E04, 0x1E04, 0x1E04, 0x1E04, 0x1E04, 0x1E04, 0x1E04, 0x1E04, 0x1E04, 
  0xDFB3, 0xBFB3, 0xBFB3, 0xBFB3, 0xDFB3, 0xDFB3, 0xDFB3, 0xDFB3, 0xDFB3, 0xBFAB, 0xBFAB, 0xBFB3, 0xDFB3, 0xDFB3, 0xDFB3, 0xDFB3, 
  0xDFB3, 0xDFB3, 0xDFB3, 0xBFAB, 0xDFB3, 0xBFB3, 0xDFB3, 0xBFAB, 0xBFAB, 0x9FA3, 0x9FA3, 0x9FAB, 0xBFAB, 0xBFB3, 0xBFB3, 0xBFB3, 
  0xBFAB, 0xBFB3, 0xBFB3, 0xDFB3, 0xDFB3, 0xBFB3, 0xDFB3, 0xDFB3, 0xDFB3, 0xBFB3, 0xDFB3, 0xBFAB, 0xBFAB, 0xBFAB, 0xBFAB, 0xBFAB, 
  0xDFB3, 0xDFB3, 0x9FAB, 0x9FAB, 0xBFAB, 0xDFB3, 0xDFB3, 0xDFB3, 0xDFB3, 0xBFB3, 0xBFAB, 0xBFAB, 0xDFAB, 0x1F8B, 0xDF72, 0x1F73, 
  0xFF72, 0xDF7A, 0xFF72, 0xFF7A, 0xDF72, 0x5F8B, 0xDFB3, 0xBFB3, 0xBFAB, 0x1FBC, 0xD4A1, 0x0AA8, 0x4CB0, 0x6CB8, 0x2AA8, 0x0AA0, 
  0x0AA8, 0x4D98, 0x2D98, 0x2BB8, 0x2CB8, 0x4B98, 0x4B90, 0xCA80, 0xAA88, 0x4BA8, 0x2BB0, 0x2CB0, 0x0CA8, 0xB9C2, 0x56BA, 0x0CA0, 
  0x6D98, 0x8A90, 0x2AA0, 0x6CA8, 0x8C98, 0x8CA0, 0x0BA8, 0x2BA8, 0x4CB0, 0x2CB8, 0x4CA8, 0x4B98, 0x2CB8, 0x2CB8, 0x6DD0, 0x0BB0, 
  0x8EA8, 0xCF98, 0x0A98, 0x0990, 0x18A2, 0x1EAC, 0xFEE6, 0xBFF7, 0xBD93, 0x7CAB, 0xAD98, 0x2BB0, 0x2CB0, 0x2CA0, 0x75A1, 0x5FE6, 
  0x7ED6, 0x1D8B, 0xFFBB, 0xDFBB, 0xBFAB, 0x9FAB, 0xDFB3, 0xDFB3, 0xDFB3, 0xBFB3, 0xBFB3, 0xDFAB, 0x7F9B, 0x5F8B, 0x5F93, 0x7FA3, 
  0x1FB4, 0x7F9B, 0xFF7A, 0x9F93, 0x9DAC, 0x9EA3, 0xBFAB, 0xBFB3, 0xBFB3, 0x7EAB, 0x9EBB, 0xBFB3, 0xBFB3, 0xDFBB, 0xDEBB, 0xDFB3, 
  0xBEBB, 0xDEBB, 0xDFB3, 0xDFB3, 0xFFB3, 0xDFB3, 0xDFBB, 0xDFB3, 0xDFB3, 0xBFB3, 0x9EB3, 0x7E9B, 0x3E7B, 0xDEB3, 0xDFBB, 0x1FC4, 
  0xF399, 0x8A80, 0x6A98, 0x4B98, 0x0BB0, 0x2DB0, 0xFCBA, 0xBFC3, 0x94B9, 0x4C98, 0x2BA0, 0x93B9, 0x7EAB, 0x9FC5, 0x75A2, 0x2AA8, 
  0x2CC0, 0x2CA0, 0x4A90, 0x0AB0, 0x2B98, 0x0BB8, 0x0CB0, 0x4CA0, 0xF3B9, 0xF0A8, 0x0AA0, 0x0998, 0x14C1, 0xDBAA, 0xFD5B, 0x3E24, 
  0x1D04, 0x3D04, 0x1D04, 0x1E0C, 0x1E0C, 0x1E04, 0x3E04, 0x3E04, 0x1D0C, 0x1D04, 0x1E04, 0x1E04, 0x1E04, 0x1E04, 0x1E04, 0x1E04, 
  0x1E04, 0x1E04, 0x1E04, 0x1E04, 0x1E04, 0x1E04, 0x1E04, 0x1E04, 0x1E04, 0x1E04, 0x1E04, 0x1E04, 0x1E04, 0x1E04, 0x1E04, 0x1E04, 
  0xBFB3, 0xDFB3, 0xDFB3, 0xDFB3, 0xDFAB, 0xDFB3, 0xBFB3, 0xBFB3, 0xDFB3, 0xBFAB, 0xDFB3, 0xDFB3, 0xDFB3, 0xBFB3, 0xDFB3, 0xDFB3, 
  0xBFAB, 0xBFAB, 0xBFB3, 0xBFAB, 0xBFB3, 0xBFB3, 0xBFAB, 0xBFAB, 0xBFAB, 0xBFAB, 0xBFAB, 0x9FAB, 0xBFAB, 0xDFB3, 0xDFB3, 0xDFB3, 
  0xBFAB, 0xDFB3, 0xBFAB, 0xDFB3, 0xBFB3, 0xBFAB, 0xBFAB, 0xBFAB, 0xBFB3, 0xBFB3, 0xBFAB, 0xBFAB, 0xBFAB, 0xBFAB, 0xBFAB, 0xBFB3, 
  0xBFB3, 0xBFAB, 0xBFAB, 0xBFAB, 0xDFB3, 0xDFB3, 0xDFB3, 0xDFB3, 0xBFAB, 0xDFB3, 0xBFAB, 0xBFAB, 0xBFA3, 0xDE7A, 0xFF72, 0x1F73, 
  0xFF72, 0xFF72, 0xFF72, 0xFF72, 0x1E7B, 0xBFA3, 0xBFB3, 0xBFB3, 0xBEAB, 0x1DBB, 0x4CA0, 0x4CB0, 0x8C90, 0x6A90, 0x6EA0, 0xB6B1, 
  0x6EA0, 0x09A8, 0x2CB0, 0x0BB8, 0x0BB0, 0x4CB0, 0x2B88, 0x2B98, 0x2BB0, 0x0BA8, 0x2DB8, 0x2CC0, 0x2AB8, 0x6C90, 0x9DC3, 0xF6A9, 
  0x2A88, 0x6B98, 0x4AA0, 0x2CB0, 0x4DB8, 0x6CC8, 0x2BB0, 0x4BB0, 0x2BA0, 0x0BB0, 0x2CB0, 0x4CA8, 0x2CA0, 0x0BB0, 0x2BB8, 0x4DC0, 
  0x0AA8, 0x6998, 0xCA80, 0x158A, 0xDDB4, 0x7EF7, 0xFFFF, 0xBEAC, 0x1DAB, 0xEFA0, 0x2BA8, 0x2CB8, 0x0BA0, 0x09B0, 0x0CA8, 0x19B3, 
  0xFFFF, 0x1DB5, 0x3E9B, 0xFFBB, 0xDFB3, 0xBFB3, 0xBFB3, 0xBFB3, 0xDFB3, 0xDFB3, 0xDFB3, 0x9FA3, 0xFE7A, 0xFF6A, 0xFF6A, 0xBE72, 
  0x5E93, 0xBFB3, 0x7E93, 0xBD93, 0x5DBD, 0xFDA3, 0xBFA3, 0xBFA3, 0xFFA3, 0x99AA, 0x37B2, 0x1FBC, 0xBEB3, 0xBEBB, 0xBFBB, 0xDFB3, 
  0xFFB3, 0xDFBB, 0xDFBB, 0xDFBB, 0xBFB3, 0xBFAB, 0xDFB3, 0xBFB3, 0xDFB3, 0xFFB3, 0xDFB3, 0x9FA3, 0xFFAB, 0xFFBB, 0xBEC3, 0x149A, 
  0xE970, 0xEA80, 0x6998, 0x4BA8, 0x2BA0, 0x2AA8, 0xCF98, 0x7DBB, 0x3FC4, 0x5DB3, 0x1CB3, 0x9FAB, 0xDF8B, 0xDCAB, 0x4E98, 0x2CB8, 
  0x8CB0, 0xAA78, 0x6C90, 0x2BB0, 0x4CC0, 0x2CA8, 0x2A90, 0xB0B0, 0x53D1, 0xAFB0, 0x4C90, 0x4BB8, 0xD2E8, 0x8EB8, 0xCE88, 0x7CA3, 
  0x5E74, 0xFE2B, 0xFE0B, 0x3C04, 0x3D04, 0x3E04, 0x1E04, 0x1D04, 0x3D04, 0x3D04, 0x1E04, 0x1E04, 0x1E04, 0x1E04, 0x1E04, 0x1E04, 
  0x1E04, 0x1E04, 0x1E04, 0x1E04, 0x1E04, 0x1E04, 0x1E04, 0x1E04, 0x1E04, 0x1E04, 0x1E04, 0x1E04, 0x1E04, 0x1E04, 0x1E04, 0x1E04, 
  0xBFB3, 0xBFB3, 0xBFB3, 0xDFB3, 0xBFAB, 0xDFB3, 0xBFB3, 0xBFAB, 0xDFB3, 0xDFB3, 0xDFB3, 0xBFB3, 0xBFAB, 0xDFB3, 0xDFB3, 0xBFAB, 
  0xBFAB, 0xDFB3, 0xDFB3, 0xDFB3, 0xDFB3, 0xDFB3, 0xFEB3, 0xDFB3, 0xBFB3, 0xDFB3, 0xDFB3, 0xBFAB, 0xBFAB, 0xBFAB, 0xBFAB, 0xBFAB, 
  0xBFAB, 0xDFB3, 0xBFAB, 0xBFAB, 0xDFAB, 0xBFAB, 0xBFAB, 0xDFB3, 0xBFB3, 0xBFAB, 0xDFB3, 0xDFAB, 0x9FAB, 0xDFAB, 0xBFAB, 0xBFAB, 
  0xDFB3, 0xDFB3, 0xBFAB, 0xBFAB, 0xBFAB, 0xBFAB, 0xBFAB, 0x9FAB, 0xBFAB, 0xBFAB, 0xBFAB, 0xBFAB, 0x1E8B, 0x3E7B, 0x3F73, 0xFF72, 
  0xFF72, 0xFF72, 0xFF72, 0xFF72, 0x7F9B, 0xDFB3, 0xBFAB, 0xBFB3, 0xFFBB, 0x54B1, 0x0AA8, 0x6B98, 0x8B90, 0x6CC0, 0xF1B8, 0xBFB3, 
  0x5DB3, 0x50A1, 0x0BA0, 0x2BB8, 0x2BB0, 0x6DB8, 0x6DB0, 0x4DC8, 0x2CC0, 0x8FC0, 0xAFD0, 0x2CC8, 0x4DD0, 0x4B88, 0xB291, 0x1FC4, 
  0xD3A1, 0x0A98, 0x4BA0, 0x2BA0, 0x0B98, 0x4CB8, 0x6B98, 0x6B90, 0x0BA8, 0x4DC0, 0x4DC0, 0x2CA0, 0x6B90, 0x2AA8, 0x0CB0, 0x2CB8, 
  0x2CB8, 0x2AA8, 0x3289, 0xBDB4, 0xBFF7, 0xFFFF, 0xBEBD, 0x3EA3, 0x12B9, 0x0BA8, 0x4CB8, 0x2CC0, 0x8EB8, 0x4DC0, 0x4CC0, 0x1091, 
  0x5DC5, 0xFFFF, 0x1C94, 0x7FA3, 0xFFBB, 0xDFB3, 0xBFB3, 0xBFB3, 0xDFB3, 0xDFBB, 0x9FA3, 0xFF72, 0xFF7A, 0xFF72, 0xFF72, 0xFF72, 
  0xDE72, 0x3FA3, 0x5FAC, 0x3CA4, 0xBDB4, 0x7FB4, 0x9FAB, 0xDFB3, 0xFFB3, 0x3BB3, 0x6E98, 0x37BA, 0x9EBB, 0x3FBC, 0xFCAA, 0x96B1, 
  0xFEBB, 0xDFB3, 0x9FB3, 0xFEAA, 0xBFAB, 0xFFB3, 0xDFB3, 0xDFB3, 0xFFB3, 0xFFBB, 0xBFBB, 0x9EBB, 0x99B2, 0x14A2, 0xEF90, 0x0B90, 
  0x6B90, 0x4A90, 0x4CA8, 0x2C98, 0x2BA0, 0x2BA0, 0x0A98, 0x1099, 0x7BAB, 0xFFA3, 0x9F8B, 0x3F8B, 0xBD9A, 0x3299, 0xAEB0, 0x0BA8, 
  0x6A88, 0x8B98, 0x6B88, 0x2B98, 0x6EC0, 0x4BA8, 0x2BA8, 0x8EB0, 0x4B90, 0xAA70, 0x0C71, 0x2BA8, 0x6CB0, 0xCEB0, 0x2AB0, 0x4DB0, 
  0x3CBB, 0x3FAC, 0x3E74, 0x3E44, 0x1D1C, 0x1D04, 0x1D04, 0x1E04, 0x3D04, 0x3D04, 0x1E04, 0x1E04, 0x1E04, 0x1E04, 0x1E04, 0x1E04, 
  0x1E04, 0x1E04, 0x1E04, 0x1E04, 0x1E04, 0x1E04, 0x1E04, 0x1E04, 0x1E04, 0x1E04, 0x1E04, 0x1E04, 0x1E04, 0x1E04, 0x1E04, 0x1E04, 
  0xDFB3, 0xBFB3, 0xDFB3, 0xDFB3, 0xDFAB, 0xDFB3, 0xDFB3, 0xDFB3, 0xDFB3, 0xBFAB, 0xBFB3, 0xDFB3, 0xBFB3, 0xBFAB, 0xBFB3, 0xBFAB, 
  0xBFB3, 0xDFB3, 0xDFB3, 0x9FAB, 0xDFB3, 0xDFB3, 0xFFB3, 0xDFB3, 0xBFB3, 0xBFAB, 0xDFB3, 0xBFB3, 0xBFB3, 0xDFB3, 0xDFB3, 0x9FAB, 
  0xBFB3, 0xDFB3, 0x9FA3, 0x9FA3, 0xDFB3, 0x9FAB, 0x9FA3, 0xBFAB, 0xBFAB, 0xBFAB, 0xDFAB, 0xBFAB, 0xBFAB, 0xDFB3, 0xDFB3, 0xDFB3, 
  0xDFB3, 0xBFB3, 0xBFAB, 0xBFAB, 0xBFAB, 0xBFAB, 0xBFAB, 0xBFAB, 0xBFB3, 0xBFB3, 0xDFB3, 0x5F9B, 0xDF72, 0x3F7B, 0x5F7B, 0xDF72, 
  0xFF72, 0xFF72, 0xDF72, 0x3F8B, 0xDFB3, 0xDFB3, 0xDFB3, 0xFFB3, 0xFABA, 0x2BA0, 0x0BA8, 0x2BB0, 0x4CC0, 0x4CA0, 0x17B2, 0xBFBB, 
  0xDFB3, 0xFFBB, 0x37B2, 0x0CA0, 0x2BB0, 0x2BA8, 0x2BB8, 0x4EC8, 0x2CB8, 0x6DC8, 0x2BC0, 0x4CC0, 0x2CB8, 0x4B98, 0x4A90, 0xB8B2, 
  0xBFAB, 0x1089, 0x2B98, 0x2CA8, 0x2C98, 0x0CA0, 0x8C88, 0x6DB8, 0x0BB8, 0x4BA8, 0x4CC0, 0x2CA0, 0x4BB0, 0x2BB8, 0x0B98, 0x8CA8, 
  0xAEC8, 0x6FA0, 0xFCB3, 0x9FF7, 0xFFFF, 0x1EC6, 0x5DA3, 0x52C1, 0x2AA8, 0x4CB0, 0x0AA8, 0x0BB8, 0x8DA8, 0x6B98, 0x8CA0, 0x4B98, 
  0xF5A1, 0x7FF7, 0x3FEF, 0x5D8B, 0xBFB3, 0xDFB3, 0xDFB3, 0xBFB3, 0xDFB3, 0xDFB3, 0x7F9B, 0xFF72, 0x1F73, 0xDF7A, 0xDF72, 0x5E7B, 
  0xDE8B, 0x5F9B, 0x9EB4, 0xDDB4, 0x7CAC, 0x7EAC, 0x9FA3, 0xBFAB, 0xDEB3, 0x9EB3, 0xD1B0, 0x4A98, 0xCD88, 0xD4A9, 0xDBBA, 0x70B0, 
  0xB8B2, 0x1FBC, 0x5EB3, 0x7CAA, 0xDFB3, 0x57A2, 0x11A9, 0x53B1, 0x93A9, 0x51A1, 0x2FA1, 0xAE88, 0x4C98, 0x4BA8, 0xEDB0, 0x2BB8, 
  0x6B98, 0x4A98, 0x0BA8, 0x0C98, 0x2BB0, 0x0CC8, 0x6DB8, 0x2A88, 0xAD90, 0x92A9, 0xB4B1, 0x73A9, 0x4E98, 0x4CA0, 0x0FC1, 0x2CA8, 
  0x2CA8, 0x2BB8, 0x2BA8, 0x0B98, 0x2C98, 0x2CC0, 0x6DC8, 0x8CB0, 0x4BA8, 0x0A71, 0x6B61, 0xAC90, 0x6B90, 0x4CB0, 0x4DB8, 0x09A0, 
  0x8D98, 0x5DBB, 0xDFB3, 0xDFAB, 0xFF93, 0x1F64, 0x3D24, 0x3D04, 0x1D04, 0x1D04, 0x3E04, 0x1F04, 0x1E04, 0x3D04, 0x1E04, 0x1E04, 
  0x1D04, 0x3E04, 0x1D04, 0x1D04, 0x3E04, 0x3E04, 0x1D04, 0x3D04, 0x3D04, 0x3E04, 0x1E04, 0x1E04, 0x1E04, 0x1E04, 0x1E04, 0x1E04, 
  0xDFB3, 0xDFB3, 0xBFB3, 0xBFAB, 0xDFAB, 0xDFB3, 0xDFB3, 0xDFB3, 0xDFB3, 0xBFB3, 0xDFB3, 0xDFBB, 0xDFBB, 0xBFB3, 0xBFB3, 0xDFB3, 
  0xDFB3, 0xDFB3, 0xBFAB, 0xDFB3, 0xDFB3, 0xBFB3, 0xBFB3, 0xDFB3, 0xDFB3, 0xDFB3, 0xBFB3, 0xDFB3, 0xDFB3, 0xDFAB, 0xDFAB, 0xBFAB, 
  0xBFB3, 0xBFB3, 0x7FA3, 0xBFAB, 0xDFB3, 0xBFAB, 0xBFAB, 0xDFAB, 0xBFAB, 0xBFAB, 0xBFA3, 0x9FAB, 0xBFAB, 0xDFB3, 0xBFB3, 0xBFAB, 
  0xDFB3, 0xBFB3, 0x9FAB, 0xDFB3, 0xDFB3, 0xBFAB, 0xDFB3, 0xDFB3, 0xFFB3, 0xDFB3, 0xBFA3, 0xFE7A, 0xFF72, 0xFF72, 0xFF72, 0xFF7A, 
  0xFF72, 0xFF72, 0xDF7A, 0x9FAB, 0xDFB3, 0xBFAB, 0xBEB3, 0xBFB3, 0x33B1, 0x0AB0, 0x2BA8, 0x4C98, 0x0BA0, 0xCF90, 0xDEB3, 0xDEB3, 
  0xDEB3, 0xDFAB, 0xFFC3, 0xB9BA, 0xAD88, 0xAA90, 0x2BB0, 0x0BB0, 0x4CC0, 0xCCB0, 0x2BA0, 0x4BA0, 0x8998, 0x4B88, 0x0BB0, 0x12C1, 
  0x5F93, 0xDBA2, 0xAD98, 0x0BA0, 0x2CC8, 0x2CB0, 0x4B90, 0x2CA8, 0x2BA8, 0x2CB0, 0x2BA0, 0x2BA8, 0x2BB0, 0x2BB8, 0x4BB8, 0x8EC8, 
  0xB0C8, 0xB8A2, 0x3FEF, 0xFFFF, 0xDEC5, 0x3BA3, 0x53B1, 0x0BB0, 0x6DC8, 0x2CC0, 0x0BB0, 0x2BB8, 0x2BA8, 0x8A88, 0x8C98, 0x8A98, 
  0x4EA0, 0xBCBC, 0xFFFF, 0xBDBD, 0x3E8B, 0xDFB3, 0xBFB3, 0xDFB3, 0xDFAB, 0xBFB3, 0xDFB3, 0x3E83, 0xFE6A, 0xFF72, 0xFF72, 0x5D7B, 
  0x5EBD, 0x5E9B, 0x9FB4, 0xFDBC, 0x7DAC, 0x9FB4, 0xBFAB, 0xDFB3, 0xBFB3, 0xDFBB, 0x54C1, 0x4AA8, 0x2AA8, 0x0AA0, 0xCFA0, 0x6EA0, 
  0xF2A1, 0xDFBB, 0xBBA2, 0xBBBA, 0x74A2, 0x6980, 0x4EC8, 0x4DC0, 0x0A98, 0x0BA0, 0x2AB0, 0x2AA0, 0x6DB8, 0x2CB8, 0x2B98, 0x0BB8, 
  0x6CA8, 0x6B98, 0x2CA8, 0x4CB0, 0x2B98, 0x2BA0, 0x2CB0, 0x2B90, 0x2B98, 0x6CA8, 0x4A98, 0x09A0, 0x0CA8, 0x0AA8, 0x6DC0, 0x8EA8, 
  0x2B98, 0x8DA8, 0x4CA8, 0x8B88, 0x4B80, 0x2CA8, 0x2CA8, 0x0AA0, 0x2BC0, 0xACA0, 0x6B90, 0xCB88, 0xEA80, 0x4988, 0x2B98, 0x2BA0, 
  0x0AA8, 0x19BA, 0xDFB3, 0x7FB3, 0xDFB3, 0xFFAB, 0xFFA3, 0x1F7C, 0x1E44, 0x1D1C, 0x1D0C, 0x3D04, 0x1D04, 0xFD03, 0x1D04, 0x1D04, 
  0x3E04, 0x3E04, 0x3D04, 0x3D04, 0x1D04, 0x1E04, 0x1E04, 0x1D04, 0x3D04, 0x3D04, 0x1E04, 0x1E04, 0x1E04, 0x1E04, 0x1E04, 0x1E04, 
  0xDFB3, 0xBFAB, 0xBFAB, 0xDFB3, 0xDFB3, 0xDFB3, 0xDFB3, 0xBFB3, 0xBFB3, 0xDFB3, 0xDFB3, 0xBFB3, 0xDFB3, 0xDFB3, 0xDFB3, 0xDFB3, 
  0xDFB3, 0xDFB3, 0xBFB3, 0xFFB3, 0xDFB3, 0xDFB3, 0xBFB3, 0xBFB3, 0xBFB3, 0xBFAB, 0x9FAB, 0xBFAB, 0xBFB3, 0xBFA3, 0xDFA3, 0xDFAB, 
  0xDFB3, 0xBFB3, 0xBFAB, 0xBFAB, 0xBFAB, 0x9FAB, 0xBFAB, 0xDFB3, 0xDFB3, 0xDFB3, 0xDFAB, 0xBFAB, 0xBFAB, 0xDFB3, 0xDFAB, 0xBFAB, 
  0xDFAB, 0xDFAB, 0xDFB3, 0xDFB3, 0xBFAB, 0xBFAB, 0xDFB3, 0xBFB3, 0xDFB3, 0xDFAB, 0x1E83, 0xFF72, 0xFF72, 0xFF72, 0x1F73, 0x1F73, 
  0xFF72, 0xDF72, 0x5F9B, 0xDFB3, 0xBEAB, 0xBFB3, 0xDFBB, 0xBAB2, 0x2DB0, 0x2CB8, 0x2BB0, 0x4CB0, 0x0BA8, 0x57AA, 0xFFB3, 0xDEB3, 
  0xBEB3, 0xDFB3, 0xBFAB, 0xDFB3, 0x3BAB, 0xEFA0, 0x0BB0, 0x2CA8, 0x4CB0, 0x8A98, 0x6BA0, 0x4CA8, 0xCCA0, 0x8C90, 0x8BA8, 0xF1D8, 
  0x9DB2, 0x1F8B, 0xB5A9, 0x2B88, 0xCCA8, 0x0BB0, 0x8BA0, 0x6B90, 0x2B90, 0x2CA0, 0x4CA8, 0x6AA0, 0x2AA8, 0x6DC8, 0x2CC0, 0x0CC0, 
  0x54A9, 0xFECD, 0xFFFF, 0xBEC5, 0xFB9A, 0xD0A8, 0x0BA8, 0x2BA0, 0x0A98, 0x4DB0, 0x4DC8, 0x0BC0, 0x4BA0, 0x2B90, 0x8EC0, 0x8DC0, 
  0x0AB8, 0x36A2, 0x5FEF, 0xDFFF, 0xBD93, 0xBFAB, 0xDFB3, 0xDFB3, 0xDFB3, 0xBFAB, 0xDFB3, 0x9F9B, 0xDE72, 0xFF72, 0xDF72, 0x3D7B, 
  0xBECD, 0x5E9B, 0xDFBC, 0x1CBD, 0x9D93, 0xFFA3, 0xBFB3, 0xDFB3, 0xDFB3, 0xDFBB, 0x53B1, 0x0AB8, 0x4CA0, 0xAC98, 0x2BA0, 0x0998, 
  0x7191, 0x5DB2, 0x16A2, 0xD299, 0x8DA8, 0x4CB8, 0xAFC8, 0x6D98, 0x2CA8, 0x2C90, 0x4CB0, 0x2CA0, 0x0CB0, 0x2CC8, 0x2BB0, 0x2CB8, 
  0x4A98, 0x6C98, 0x2B88, 0x6CB8, 0x6C98, 0x8B88, 0x4CA8, 0x4BA8, 0x6CB0, 0x6CA0, 0x4BA0, 0x2BB0, 0x2CB8, 0x4CC0, 0x6EC0, 0x6CB0, 
  0x2BA0, 0x4B98, 0x4B88, 0xEC78, 0x4B98, 0x2CB0, 0x4CA0, 0x0BA8, 0x2DC0, 0x6DB0, 0x6CA0, 0x0AA0, 0x2BA8, 0x2BB0, 0x2BA8, 0x2BB0, 
  0x2CB8, 0xD8C1, 0xFFB3, 0xFFB3, 0xDFB3, 0xBFB3, 0xBFB3, 0xDFB3, 0xDFAB, 0x1F9C, 0xBE73, 0x9D53, 0xFD33, 0x3E14, 0x5E04, 0x3E04, 
  0x1D04, 0x1E04, 0x1D04, 0x1E04, 0x1E04, 0x1E04, 0x1E04, 0x1E04, 0x1E04, 0x1E04, 0x3E04, 0x1E04, 0x1E04, 0x1E04, 0x1E04, 0x1E04, 
  0xDFB3, 0xDFB3, 0xDFB3, 0xDFB3, 0xBFB3, 0xBFB3, 0xDFB3, 0xDFB3, 0xBFB3, 0xBFB3, 0xBFB3, 0xDFBB, 0xFFB3, 0xBFB3, 0xBFB3, 0xDFB3, 
  0xBFAB, 0xBFB3, 0xDFB3, 0xDFB3, 0xDFB3, 0xDFB3, 0xBFB3, 0xDFB3, 0xBFAB, 0xBFAB, 0xBFAB, 0xBFAB, 0xDFB3, 0xBFAB, 0x9FAB, 0xBFAB, 
  0xBFB3, 0xBFB3, 0xBFB3, 0xBFAB, 0xBFAB, 0xBFAB, 0xBFAB, 0xBFB3, 0xDFB3, 0xBFAB, 0xBFAB, 0xBFAB, 0x9FAB, 0xDFB3, 0xBFAB, 0xDFAB, 
  0xBFAB, 0xDFAB, 0xDFB3, 0xBFAB, 0xBFAB, 0xDFB3, 0xBFAB, 0xBFAB, 0xDFAB, 0x3E8B, 0xDE72, 0xFF72, 0xFF72, 0xFF72, 0xFF72, 0xFF72, 
  0xFF72, 0x1F83, 0xDFB3, 0xDFB3, 0xDFB3, 0xDFB3, 0xBFBB, 0xD0A8, 0x2AA8, 0x2CB0, 0x2BB8, 0x0BB0, 0x6EA8, 0x5DBB, 0xDFB3, 0xDFBB, 
  0xDFB3, 0xDFB3, 0xBFB3, 0xBFB3, 0xDFB3, 0x7DB3, 0xF0A8, 0x0BA0, 0x2BB0, 0x2CC0, 0x0BB8, 0x31B1, 0x73A1, 0x2BA0, 0x8BB0, 0x4CD0, 
  0x76C1, 0x5FAC, 0x1DB4, 0xD098, 0x8BB0, 0x4CB8, 0x2CB0, 0x4CA8, 0x4DC0, 0x6DB8, 0x4CA8, 0x2BB0, 0x2BB0, 0x2CC0, 0x0BB8, 0x6EA8, 
  0x9BAB, 0xFFFF, 0xFEC5, 0xDB92, 0xCFA0, 0x0BB0, 0x0BB8, 0x2BC0, 0x2CB0, 0x2C98, 0x4A90, 0x8A90, 0x6BA0, 0x0BA8, 0x6DC8, 0x6FD8, 
  0x2BB8, 0xAF90, 0x1DCD, 0xFFFF, 0xDEC5, 0x1D8B, 0xDFB3, 0xBFAB, 0xBFB3, 0xBFAB, 0xDFB3, 0xBFAB, 0xFE7A, 0x1E73, 0x5E7B, 0x3C7B, 
  0x1DD6, 0xBDA3, 0x9FB4, 0x1CBD, 0x1E83, 0x5E93, 0xFFBB, 0xDFBB, 0xBFB3, 0xDFB3, 0x52A1, 0x0AB0, 0x6CA0, 0xCA88, 0x2A98, 0x4DB0, 
  0xD1A0, 0x75A9, 0x30A1, 0x2B88, 0x2DB8, 0x6ED0, 0x2AB8, 0x4BA0, 0x2C98, 0x0CC0, 0x4DC8, 0x6CB0, 0x6CA0, 0x2BA8, 0x2CA8, 0x2BA8, 
  0x6BB0, 0x2CB8, 0x4BA8, 0x4BB0, 0x2BA0, 0x6C90, 0x8A80, 0x6DC8, 0x4BB8, 0x4BB0, 0x2CC8, 0x0CA8, 0x0BA0, 0x2CB0, 0x0AB0, 0x2CC0, 
  0x8DC8, 0x6CC0, 0x6CA8, 0x4CA8, 0x0BA8, 0x2CC0, 0x2BA8, 0x0BB8, 0x6CB8, 0x2CB0, 0x2ED0, 0x4ED0, 0x4DC0, 0x4CB8, 0x0BB0, 0x4BB0, 
  0x2C90, 0x78A2, 0xFFB3, 0xBFB3, 0xBFAB, 0xBFB3, 0xDFB3, 0xDFB3, 0xBFBB, 0xDFBB, 0xBFB3, 0x3FB3, 0xBB9A, 0x987A, 0xF95A, 0xDB43, 
  0x5E24, 0x3E0C, 0x1F04, 0x1E04, 0x1D04, 0x3E04, 0x3E04, 0x3E04, 0x1E04, 0x1E04, 0x1E04, 0x3E04, 0x1E04, 0x1E04, 0x1E04, 0x1E04, 
  0xDFB3, 0xDFB3, 0xBFB3, 0xDFB3, 0xBFB3, 0xBFB3, 0xDFB3, 0xDFB3, 0xDFB3, 0xBFB3, 0xDFB3, 0xDFB3, 0xDFB3, 0xBFB3, 0xBFB3, 0xDFB3, 
  0xBFAB, 0xDFB3, 0xBFAB, 0xBFB3, 0xBFB3, 0xDFB3, 0xDFB3, 0xBFB3, 0xBFAB, 0xBFAB, 0xBFAB, 0xDFB3, 0xBFAB, 0xBFB3, 0xBFB3, 0xBFB3, 
  0xDFB3, 0xFFB3, 0xBFAB, 0xBFAB, 0xDFB3, 0xDFB3, 0xBFB3, 0xBFB3, 0xBFAB, 0xBFAB, 0xBFAB, 0xBFAB, 0xDFB3, 0xBFAB, 0xBFAB, 0xBFAB, 
  0xBFAB, 0xBFAB, 0xBFB3, 0x9FAB, 0x9FAB, 0xBFB3, 0xBFAB, 0xFFAB, 0x5F8B, 0xDE7A, 0xFF72, 0xFF72, 0xFF72, 0xFF7A, 0xFF72, 0xFF72, 
  0xDE7A, 0xBFA3, 0xFFBB, 0xBFB3, 0xBFB3, 0x1FBC, 0x16B2, 0x09A8, 0x0BC0, 0x2CB8, 0x2BA0, 0x09A8, 0x52A1, 0xFFB3, 0xDFAB, 0xBFAB, 
  0xBFB3, 0xDFB3, 0xDFB3, 0xDFAB, 0xBFAB, 0xFFB3, 0x7DBB, 0xF0A0, 0x0A98, 0x4CB0, 0x0CB0, 0x4BA8, 0xF9B2, 0x93A1, 0x0BA0, 0x0BC0, 
  0x6C98, 0xDBAB, 0xBFDE, 0x98A2, 0x0BB0, 0x4CA8, 0x6DB0, 0x6CB0, 0x4CB8, 0x6A90, 0x4A90, 0x4BA8, 0x2DC0, 0x4CB8, 0x4AB0, 0x9499, 
  0x7ED6, 0xFEE6, 0x3CA3, 0xD1A8, 0x0BB0, 0x4CB8, 0xEFC0, 0x4CA8, 0x2CA8, 0x2BA0, 0x2A98, 0xCB90, 0x6BA0, 0x2BB8, 0x2CB8, 0x0CC0, 
  0x8EC8, 0x2DC0, 0x97AA, 0xBFF7, 0xBFFF, 0xBE93, 0xDFAB, 0xDEB3, 0xBFB3, 0xDFB3, 0xDFB3, 0xDFB3, 0x1F8B, 0x3E7B, 0xDEC5, 0x1C7B, 
  0x7EDE, 0xFDA3, 0x5FAC, 0xBDB4, 0x1F8B, 0x9F9B, 0xDFB3, 0xDFB3, 0xBFB3, 0xFFB3, 0x72A1, 0x0AA0, 0x6A90, 0xCA88, 0x4CA8, 0x2AA0, 
  0x4CB8, 0x2DB8, 0x4BA8, 0x2BA0, 0x2BA0, 0x2CA8, 0x0BB8, 0x8BA8, 0xAB78, 0x6BA0, 0x4DC0, 0x6CA8, 0x6BA8, 0x6B88, 0x6A88, 0x2BB0, 
  0x2BA8, 0x0BB0, 0x0BB8, 0x2AB8, 0x4A90, 0x6B90, 0x6B98, 0x0BB0, 0x2BB0, 0x2BA8, 0x4DC0, 0x8FC0, 0x2BA8, 0x2CA0, 0x6BA0, 0x6BB0, 
  0x2BA8, 0x2CC0, 0x2CA8, 0x4B88, 0x8B88, 0x8B88, 0xEB90, 0x6BA0, 0x0AA8, 0x2CB8, 0x4DE0, 0x6ED8, 0x4CC8, 0x4CB0, 0x6CA8, 0x4CA0, 
  0x4C90, 0x3CAB, 0xDFBB, 0xBEB3, 0xBFB3, 0xDFB3, 0xDFAB, 0xDFA3, 0xBFAB, 0x9FAB, 0xBFB3, 0xFFB3, 0xDFB3, 0x3CB3, 0x58AA, 0x3492, 
  0x767A, 0xFA4A, 0x9B1B, 0x3D0C, 0x5E04, 0x1D04, 0x1D04, 0x3E04, 0x3E04, 0x1E04, 0x1E04, 0x1E04, 0x1E04, 0x1E04, 0x1E04, 0x1E04, 
  0xDFB3, 0xDFB3, 0xDFB3, 0xBFB3, 0xBFAB, 0xDFB3, 0xDFB3, 0xDFB3, 0xBFAB, 0xDFB3, 0xBFB3, 0xBFAB, 0xBFB3, 0xDFB3, 0xDFB3, 0xDFB3, 
  0xDFAB, 0xDFAB, 0xDFB3, 0xBFB3, 0xBFB3, 0xDFB3, 0xDFB3, 0xDFB3, 0xDFB3, 0xDFAB, 0xBFAB, 0xBFAB, 0xDFB3, 0xDFB3, 0xBFAB, 0xDFAB, 
  0xDFB3, 0xDFB3, 0xDFB3, 0xDFB3, 0xDFB3, 0xDFB3, 0xDFB3, 0xBFB3, 0xBFAB, 0xDFB3, 0xDFB3, 0xDFB3, 0xBFB3, 0xBFB3, 0xDFB3, 0xDFAB, 
  0xBFAB, 0xBFAB, 0xBFB3, 0xBFB3, 0xBFB3, 0xDFB3, 0xDFAB, 0x5F8B, 0xDF72, 0xFF72, 0xFF7A, 0xFF72, 0xFF72, 0xFF7A, 0xFF72, 0xFE72, 
  0x7E9B, 0xDFBB, 0xDFB3, 0xBFB3, 0xDFB3, 0x3CB3, 0x4D90, 0x2CA8, 0x2CC0, 0x0BB0, 0x0BA8, 0x0BA8, 0x37BA, 0x1FB4, 0xBFAB, 0xBFAB, 
  0xDFB3, 0xDFB3, 0xDFB3, 0xBFAB, 0xFFB3, 0xDEB3, 0xDFB3, 0x9EBB, 0xF190, 0x0B88, 0x2BA8, 0x0A98, 0x1191, 0xDFC3, 0xD5A9, 0x0BB0, 
  0x4CA8, 0x779A, 0xBFDE, 0xBECD, 0x1289, 0x0AA0, 0x4C98, 0x4B98, 0x2CB0, 0x2BA0, 0x4BA0, 0x6CA8, 0x4DC0, 0x0BB0, 0x2BA0, 0x5BAB, 
  0x7FE7, 0x3DAC, 0x34B9, 0x0AA8, 0x0BB0, 0x2CB0, 0x8EB0, 0xADA0, 0x6C98, 0x0BA8, 0x4BA8, 0xCC90, 0x8B90, 0x4BB0, 0x2BB8, 0x2BB0, 
  0x2BB0, 0x2CB8, 0xF098, 0xFED5, 0xFFFF, 0x5DBD, 0x3E93, 0xDFB3, 0xBFB3, 0xDFB3, 0xBFAB, 0xDFB3, 0x7F9B, 0xFD72, 0xFFE6, 0xDD93, 
  0x5DD6, 0x3CAC, 0xBF9B, 0xFEA3, 0x3E8B, 0x9FA3, 0xBFA3, 0x7E9B, 0xDFBB, 0xFFBB, 0xB5A9, 0x4A80, 0x8A78, 0x4B88, 0x4BA0, 0x8B90, 
  0x6CA0, 0x4BA0, 0x2BA8, 0x4BA0, 0x2B98, 0x2B88, 0x0CA8, 0x8CA0, 0xAC90, 0xAB90, 0x2C90, 0x2B98, 0x4A88, 0x6CA0, 0x4BA8, 0x2BA0, 
  0x0B90, 0x4BA8, 0x2BB8, 0x2B98, 0x4B90, 0x4B98, 0x8C98, 0x2AA0, 0x0AB0, 0x0AA8, 0x2AA0, 0x2CA8, 0x2BB8, 0x0BB0, 0x2CB8, 0x2CB8, 
  0x0B98, 0x6CA0, 0x6CA8, 0x8A80, 0xAA51, 0x0D61, 0xBAAA, 0x3DB3, 0x37B2, 0x30A1, 0x0BA8, 0x6DC8, 0x4DC8, 0x2CA8, 0x6B88, 0x4B90, 
  0x6C98, 0x7EB3, 0xDFB3, 0xDFB3, 0xDFB3, 0xDFB3, 0xBFAB, 0x9FAB, 0xDFAB, 0xDFAB, 0xBFB3, 0xDFB3, 0xBFB3, 0xDFB3, 0x1FBC, 0xDFBB, 
  0x3DB3, 0x78A2, 0x777A, 0xB952, 0x7D5B, 0xDD3B, 0x1D14, 0x1D04, 0x1D04, 0x1E04, 0x3E04, 0x3E04, 0x1E04, 0x1E04, 0x1E04, 0x1E04, 
  0xBFB3, 0xBFAB, 0xDFB3, 0xBFB3, 0xBFB3, 0xDFB3, 0xDFB3, 0xDFB3, 0xDFB3, 0xDFBB, 0xBFB3, 0xFFB3, 0xFFB3, 0xDFB3, 0xDFB3, 0xBFB3, 
  0xBFAB, 0xBFAB, 0xBFAB, 0xDFB3, 0xDFB3, 0xDFB3, 0xBFB3, 0xBFAB, 0xDFB3, 0xBFB3, 0xDFB3, 0xBFB3, 0xBFAB, 0xDFB3, 0xBFB3, 0xDFAB, 
  0xBFAB, 0xBFAB, 0xBFAB, 0xBFAB, 0xBFAB, 0xDFAB, 0xBFAB, 0xBFAB, 0xDFAB, 0xBFAB, 0xBFB3, 0xBFB3, 0xBFB3, 0xDFB3, 0xDFB3, 0xBFB3, 
  0xBFAB, 0x9FAB, 0xDFB3, 0xDFB3, 0xDFAB, 0x7F9B, 0x1F83, 0xDF72, 0xFF72, 0xFF72, 0xFF72, 0xFF7A, 0xFF72, 0xFF72, 0xFF72, 0x1E83, 
  0xDFAB, 0xBFB3, 0xBFB3, 0xDFAB, 0xDFBB, 0x55B1, 0x0BA0, 0x2CA0, 0x2CC0, 0x4CC0, 0x2AA0, 0x2BA0, 0xDABA, 0xFFB3, 0xBFB3, 0xDFB3, 
  0xDFB3, 0xDFB3, 0xDFB3, 0xBFAB, 0xDFB3, 0xDFB3, 0x9FB3, 0xDFAB, 0x9CC3, 0xEE90, 0x4990, 0x2BA0, 0x0A90, 0xD6A9, 0x1FC4, 0xD5B1, 
  0x0BA8, 0xD599, 0x1EC5, 0xBFFF, 0x9BAB, 0x4DA0, 0x0BB0, 0x2CB0, 0x0CB8, 0x2CB8, 0x2BA8, 0x2BB0, 0x4CD0, 0x0AB8, 0x13A1, 0x5EBD, 
  0xDEC5, 0x59AA, 0x4DB0, 0x2BA0, 0x2BA8, 0x2BA0, 0x2B88, 0x2BA8, 0x2CA8, 0x2CB0, 0x6CA8, 0x6CA8, 0x4DB8, 0x2CA0, 0x6B90, 0x8C90, 
  0x2CB0, 0x2BB8, 0x0C98, 0x79AB, 0xFFFF, 0x3EEF, 0x5D93, 0xDFB3, 0xDFAB, 0xDEB3, 0xDFB3, 0xDFB3, 0xDFAB, 0xBD72, 0xDFDE, 0xFBAC, 
  0xFDCD, 0xBDBC, 0x3E8B, 0x3F8B, 0x7E9B, 0x9FA3, 0x9F9B, 0x1E8B, 0xDFB3, 0xFFB3, 0x53B1, 0x0A98, 0x4BA0, 0x2CB0, 0x0B90, 0x4B78, 
  0x2BA8, 0x2CA0, 0x2BB0, 0x0AA8, 0x0AB0, 0x2CB0, 0x2CC0, 0x0AA8, 0x6B98, 0x2BB8, 0x2DB0, 0x6DA8, 0x4B98, 0x4CA8, 0x2BA8, 0x2BA8, 
  0x2CB0, 0x2CB0, 0x0A98, 0x4CA0, 0x4BA8, 0x4A78, 0x8D98, 0x90A0, 0x4FA0, 0xCEB0, 0xADA8, 0x4CB8, 0x4DC0, 0x2CB0, 0x2DB0, 0x2CA8, 
  0x2B98, 0x8B88, 0xCB80, 0xAB80, 0x0B69, 0x0E71, 0x3DBB, 0x1FBC, 0xFFBB, 0xDFBB, 0x17AA, 0x0DA0, 0x0AB0, 0x2AA0, 0x2B90, 0x6DC8, 
  0x2CA8, 0xBAAA, 0xFFBB, 0xBFBB, 0xFFB3, 0xBFB3, 0x9FB3, 0xDFB3, 0xBFB3, 0xDFB3, 0xDFAB, 0xBFB3, 0xBFB3, 0xDFB3, 0xDFB3, 0xDFAB, 
  0xBFAB, 0xDFAB, 0xDFBB, 0x5EBB, 0xFDB2, 0xFE9A, 0x7E73, 0x3F54, 0x1D1C, 0x1D04, 0x1D04, 0x3E04, 0x1E04, 0x3E04, 0x1E04, 0x3E04, 
  0xDFB3, 0xBFAB, 0xBFB3, 0xDFB3, 0xDFB3, 0xDFB3, 0xDFB3, 0xDFB3, 0xDFB3, 0xDFBB, 0xBFB3, 0xDEB3, 0x1FB4, 0xBFB3, 0xBFB3, 0xBFB3, 
  0xDFB3, 0xDFAB, 0x9FA3, 0x9FAB, 0xDFB3, 0x3FBC, 0xDFB3, 0xDFAB, 0xBFAB, 0xBFB3, 0xDFB3, 0xDFB3, 0xBFB3, 0xBFB3, 0xBFB3, 0xBFAB, 
  0xBFAB, 0xDFAB, 0xDFB3, 0xBFAB, 0xBFB3, 0xBFAB, 0xBFAB, 0xDFAB, 0xBFAB, 0xDFB3, 0xBFB3, 0xBFB3, 0xDFAB, 0xDFAB, 0xDFB3, 0xBFB3, 
  0xDFB3, 0xDFAB, 0x1E8B, 0x3E8B, 0x3F8B, 0xDE72, 0xFF72, 0xFF72, 0xFF72, 0xFF72, 0xFF72, 0xFF72, 0xFF7A, 0xFF72, 0xDE7A, 0x9FA3, 
  0xDFB3, 0xBFB3, 0x9FAB, 0xFFB3, 0x18BA, 0x0BB0, 0x6BB0, 0x2BB8, 0x2DC8, 0x4BB0, 0x4AA8, 0x6C98, 0x5DBB, 0xFFB3, 0xDFBB, 0xDFB3, 
  0xDFB3, 0xBFB3, 0xBFAB, 0xDFAB, 0xBFB3, 0xBFB3, 0xBFAB, 0xBFAB, 0xDFBB, 0x5ABB, 0x8D90, 0x0BA8, 0x2BA8, 0x2C90, 0x1BB3, 0x3FBC, 
  0x94A9, 0xB4A1, 0xFEAB, 0x5EF7, 0x9FDE, 0x7599, 0x2BA8, 0x8DB8, 0x0CC0, 0x0DD0, 0x2CB0, 0x0BA8, 0x4DD0, 0x2DC0, 0x59AA, 0xFEC5, 
  0xFDAB, 0x52A1, 0x2AA0, 0x2BB8, 0x4CA0, 0x2BA8, 0x2CA8, 0x0B98, 0x2BA8, 0x2BA8, 0x0BA8, 0x2CC8, 0x4CB0, 0x2B98, 0x6A90, 0x6C78, 
  0x2DB0, 0x2BB0, 0x4BA0, 0x52A1, 0x9FDE, 0xFFFF, 0x7CAC, 0x5F9B, 0xFFBB, 0xDFB3, 0xDFBB, 0xDFB3, 0xFFB3, 0xDE7A, 0x1FCE, 0x5DCE, 
  0xDDC5, 0xDEBC, 0x5E93, 0x5F8B, 0x7FA3, 0xBFAB, 0x7F93, 0xFE82, 0xDFB3, 0x1FB4, 0xB3B1, 0x29A0, 0x2CA0, 0x4DB8, 0x90C0, 0x0B98, 
  0x0BB8, 0x0CB0, 0x0AA0, 0x8DD0, 0x2CC8, 0x2CB8, 0x4DC0, 0x8DC0, 0x8A98, 0x2AA8, 0xCEB0, 0x8D90, 0x8EA8, 0x4BA0, 0x2BA8, 0x0CB8, 
  0x8CC0, 0x6AB0, 0x2BA0, 0x0CB8, 0x0BA8, 0x4A98, 0x6CB0, 0xACA8, 0x6CA0, 0xAEB0, 0xADA0, 0x8EC0, 0x6EC0, 0x2CA8, 0x2CB0, 0x4A90, 
  0x4B90, 0x8B90, 0x8A80, 0xAC80, 0x6A88, 0xAD88, 0x5CAB, 0xDFB3, 0xBEB3, 0xDFAB, 0xFFB3, 0xB9BA, 0x4C98, 0x2BA8, 0x4DC0, 0x4CB8, 
  0x0BB8, 0xAF98, 0xBEBB, 0xBFBB, 0xDFB3, 0xBFB3, 0xFFB3, 0xFFB3, 0xDFBB, 0xBFB3, 0xDFB3, 0xDFB3, 0xDFB3, 0xBFB3, 0xDFB3, 0xDFB3, 
  0xBFAB, 0xBFAB, 0xDFB3, 0xFFB3, 0xFFBB, 0xDFB3, 0x9FB3, 0xFFBB, 0x1F9C, 0x3F6C, 0x3E34, 0x1D14, 0x1D04, 0x1D04, 0x1E04, 0x1E0C, 
  0xBFAB, 0xDFB3, 0xDFB3, 0xDFB3, 0xDFB3, 0xDFB3, 0xDFB3, 0xDFB3, 0xDFB3, 0xDFB3, 0xDFB3, 0xDFB3, 0xDFB3, 0xDFB3, 0xDFB3, 0xDFB3, 
  0xBFB3, 0x9FAB, 0xBFAB, 0xBFB3, 0xDFB3, 0xFFB3, 0xBEAB, 0xBFAB, 0xDFB3, 0xDFB3, 0xBFB3, 0xBFB3, 0xDFB3, 0xBFAB, 0xBFAB, 0xBFAB, 
  0xDFAB, 0xBFAB, 0xDFAB, 0xBFAB, 0xBFB3, 0xDFB3, 0xBFAB, 0xDFAB, 0xDFB3, 0xDFB3, 0xDFAB, 0xBFAB, 0xBFAB, 0xBFAB, 0xBFB3, 0xDFB3, 
  0xDFB3, 0x3E8B, 0xDE72, 0xFF72, 0xDF72, 0xFF72, 0xFF72, 0xFF72, 0xFF72, 0xFF72, 0xFF72, 0xFF72, 0xFF72, 0xDE7A, 0x5E93, 0xDFB3, 
  0xDFB3, 0xDFB3, 0xDFAB, 0x3BA3, 0x8FB0, 0x2BC0, 0x4CA0, 0x2CA8, 0x2BB0, 0x2BA8, 0x0A98, 0xCE88, 0x7EBB, 0xFFB3, 0xBFB3, 0xBFB3, 
  0xDFB3, 0xDFB3, 0xBFB3, 0xDFB3, 0xBFB3, 0xBFB3, 0xDEB3, 0xDFAB, 0x9FA3, 0xBFB3, 0x1BB3, 0xAEA8, 0x4DB8, 0x0A98, 0xEFA0, 0x5EA3, 
  0x9FA3, 0xDEBB, 0x9EA3, 0x7ECD, 0xFFFF, 0x5CBC, 0xAF98, 0x4DA0, 0x6DA8, 0x2CC8, 0x2DB8, 0x2BB0, 0x0BB8, 0x8FB8, 0x7D9B, 0x5F9C, 
  0xDAAA, 0x6A90, 0x4BA0, 0x0BB0, 0x2BA0, 0x4CA8, 0x0CA8, 0x4ED0, 0x2CA8, 0x0BA0, 0x2CB0, 0x4CB8, 0x0BA0, 0x0BB0, 0x0BB0, 0x4CA8, 
  0x2BA0, 0x2BA8, 0x2BB0, 0x2DA0, 0x5DBC, 0xFFFF, 0x7ED6, 0x3D93, 0xDFB3, 0xBFB3, 0xDFB3, 0xBFB3, 0xFFB3, 0xFF8A, 0x1DAD, 0x5FEF, 
  0x3ECE, 0x1EC5, 0x5E93, 0x3E8B, 0xDFAB, 0xFFB3, 0x3F93, 0xDF7A, 0xBFAB, 0xDFB3, 0xF4A1, 0x2998, 0x2BA8, 0x4CB0, 0x8FC0, 0x0BB0, 
  0x0CC0, 0x4CB8, 0x2CA0, 0x4DB8, 0x4CB0, 0x4BA0, 0x2CB8, 0x4DC8, 0x6CB0, 0x4BA0, 0x8B80, 0x8B78, 0xCC80, 0x4BA0, 0x0BA8, 0x2CB8, 
  0xCA80, 0xC980, 0x2BB0, 0x0BA8, 0x2BA0, 0x2AA8, 0x2CB8, 0x4A98, 0x6A90, 0x0CA8, 0x0BA8, 0x2CA8, 0x4B90, 0x2A90, 0x6BA8, 0x8A90, 
  0x4CA8, 0x4BA8, 0x8DB8, 0x6C71, 0x3382, 0x8F98, 0xFBBA, 0xFFBB, 0xDFB3, 0xBFAB, 0xBFB3, 0xFFBB, 0xD9A2, 0x4C88, 0x2BA0, 0x0BB8, 
  0x6BA8, 0x2B98, 0x31A9, 0xBEBB, 0xDFB3, 0xBFB3, 0x1FB4, 0xFFB3, 0xDFB3, 0xBFAB, 0xBFB3, 0xBFAB, 0xBFB3, 0xDFB3, 0xDFB3, 0xDFB3, 
  0xDFB3, 0xBFB3, 0xDFB3, 0xDFB3, 0xDFB3, 0xDFB3, 0xFFB3, 0xBFB3, 0xBFB3, 0xDFB3, 0x1FB4, 0x1F8C, 0x1E5C, 0x1D34, 0x3D0C, 0x3D04, 
  0xDFB3, 0xDFB3, 0xDFB3, 0xBFB3, 0xBFB3, 0xDFB3, 0xBFB3, 0xBFAB, 0xDFB3, 0xDFB3, 0xBFB3, 0xBFB3, 0xBFB3, 0xBFAB, 0xDFAB, 0xDFB3, 
  0xDFB3, 0xDFB3, 0xBFB3, 0xBFAB, 0xDFB3, 0xDFAB, 0xBFAB, 0xDFB3, 0xDFB3, 0xBFB3, 0xDFB3, 0xDFB3, 0xDFB3, 0xDFB3, 0xBFAB, 0x7FA3, 
  0xBFAB, 0xDFAB, 0xBFAB, 0xBFAB, 0xBFAB, 0xDFB3, 0xBFAB, 0xBFAB, 0xBFAB, 0xBFAB, 0xDFAB, 0xBFAB, 0xBFAB, 0xBFB3, 0x9FAB, 0xDFAB, 
  0x5F93, 0xDF7A, 0xFF72, 0xFF72, 0xFF72, 0xFF72, 0xFF72, 0xFF72, 0xFF72, 0xFF72, 0xFF72, 0xFF72, 0xDF72, 0x1E83, 0xFFB3, 0xDEB3, 
  0xDFB3, 0xFFB3, 0xBEBB, 0xF098, 0x6CA8, 0x6FD0, 0x2BB0, 0x29A8, 0x0AA8, 0x2BB0, 0x0BA0, 0xAE88, 0x9EB3, 0xDFB3, 0xDFBB, 0xDFBB, 
  0xDFBB, 0xDFB3, 0xDFB3, 0xDFB3, 0xDFB3, 0xBFB3, 0xBFB3, 0xBFAB, 0xBFAB, 0xBFAB, 0x1FB4, 0xBAB2, 0x4DA8, 0x2BB0, 0x0BA0, 0xB6B1, 
  0x3F83, 0x5F8B, 0xBFBB, 0xFEA3, 0xBFF7, 0x1FEF, 0x57A2, 0x2CA0, 0x4CB8, 0x2BB8, 0x2BA8, 0x2CB8, 0x0A98, 0xB3A9, 0x1F8B, 0x3F8B, 
  0xF5B1, 0x0AB8, 0x2CC8, 0x4CC8, 0x4CB8, 0x2CC8, 0x4DD0, 0x4DD0, 0x2CB0, 0x4CA8, 0x0BA0, 0x4CB8, 0x2BB0, 0x6BB0, 0x6CB0, 0x0BA8, 
  0x2AA8, 0x2CB0, 0x0DB0, 0x0CC0, 0x37B2, 0x5FEF, 0xDFFF, 0xFC93, 0x9FAB, 0xDFBB, 0xDFAB, 0xDFB3, 0xFFBB, 0x5F9B, 0xFC93, 0xDFFF, 
  0xBFF7, 0x7EC5, 0x5E93, 0x5F93, 0xBFAB, 0xFFB3, 0x5E93, 0xDF72, 0x7FA3, 0xFFB3, 0x15A2, 0x2B88, 0x2BB0, 0x4CA0, 0x4C98, 0x0BB0, 
  0x2CB0, 0x2BB0, 0x4DC0, 0x2DC0, 0x0BB0, 0x2CC0, 0x2CB8, 0x2BA8, 0x6CA0, 0x2BB0, 0x2AA0, 0x4B98, 0x8A78, 0x6C90, 0x2CA0, 0x4B98, 
  0xAB88, 0x6B98, 0x0BB0, 0x0BB0, 0x2BB8, 0x4CB0, 0x6CB0, 0x0DA8, 0x2C98, 0x2AA0, 0x0AA8, 0x2BB0, 0x2C98, 0x2BA0, 0x2AA0, 0x2BA8, 
  0x0AB0, 0x2BA8, 0x2BB0, 0x4B90, 0x99B2, 0x5299, 0x77AA, 0x1FBC, 0x9FAB, 0x7FA3, 0x9FB3, 0xBFB3, 0xFFBB, 0x57A2, 0x2BA0, 0x2CC8, 
  0xADB0, 0x8CA8, 0x0AA8, 0x3199, 0xDEB3, 0xDFB3, 0xBFB3, 0xBFB3, 0xDFAB, 0xDFB3, 0xFFBB, 0xDFB3, 0xDFB3, 0xDFB3, 0xBFB3, 0xDFB3, 
  0xDFB3, 0xBFB3, 0xDFB3, 0xDFB3, 0xBFB3, 0xDFB3, 0xBFB3, 0xBFB3, 0xBFAB, 0xBFB3, 0xBFBB, 0xDFBB, 0xDFB3, 0x1FAC, 0xFF8B, 0x3F64, 
  0xDFB3, 0xBFB3, 0xFFBB, 0xDFB3, 0xDFB3, 0xDFB3, 0xDFB3, 0xBFB3, 0xBFAB, 0xBFB3, 0xBFAB, 0xDFB3, 0xBFAB, 0xBFAB, 0xDFB3, 0xBFAB, 
  0x9FAB, 0x9FAB, 0xBFAB, 0xBFAB, 0xDFB3, 0xDFB3, 0xBFAB, 0xBFAB, 0xBFB3, 0xBFB3, 0xBFB3, 0xBFB3, 0xBFAB, 0xDFAB, 0xDFAB, 0xBFAB, 
  0x9FAB, 0xBFAB, 0xBFAB, 0xBFAB, 0xBFAB, 0x9EAB, 0x9FAB, 0xDFB3, 0xBFAB, 0xBFAB, 0xBFAB, 0xBFAB, 0xBFB3, 0xBFB3, 0xDFAB, 0x7F93, 
  0xDE7A, 0xFF72, 0xFF72, 0xFF72, 0xFF7A, 0xFF72, 0xFF72, 0xFF72, 0xFF72, 0xFF72, 0xFF72, 0xFF72, 0xDF7A, 0xBFA3, 0xDFB3, 0xDFB3, 
  0xDFB3, 0xFFC3, 0xD4A1, 0x8EA8, 0xF0B8, 0x4EB8, 0x0BB0, 0x2AB0, 0x0BB0, 0x0BB0, 0x2BA8, 0xAE90, 0x7EBB, 0xDFBB, 0xDFB3, 0xDFB3, 
  0xDFB3, 0xDFB3, 0xDFB3, 0xBFB3, 0xDFB3, 0xDFB3, 0xBFB3, 0xBFB3, 0xDFB3, 0xBEB3, 0xBFBB, 0x1FC4, 0x58B2, 0x0B98, 0x2BA0, 0x2CA8, 
  0x5AA2, 0xBE93, 0xBEA3, 0x7DA3, 0xBEC5, 0xFFFF, 0xFDBC, 0xD0A0, 0x0BB0, 0x4AA0, 0x0BB8, 0x2CB0, 0x2B98, 0xBAA2, 0x1F7B, 0x5E9B, 
  0x8FB8, 0x6BA0, 0x6CA8, 0x4BA0, 0x6A88, 0x0BB8, 0x2BC0, 0x2BB8, 0x4DD0, 0x2CB0, 0x0BA8, 0x4CB8, 0x2BB0, 0x4BA0, 0x8CB0, 0x0CA8, 
  0x4CA8, 0x4B90, 0x4C98, 0x0AB0, 0x6F98, 0x3DCD, 0xFFFF, 0x7EBD, 0x3E93, 0xDFB3, 0xDFAB, 0xBFB3, 0xDFBB, 0xDFAB, 0x3E8B, 0x5FEF, 
  0xFEFF, 0x1ED6, 0x5E9B, 0x5F9B, 0xBFAB, 0xBFB3, 0x5E93, 0xBE6A, 0x7F9B, 0x3FB4, 0x37B2, 0x0C90, 0x4BB8, 0x4CA0, 0x4CA0, 0x4BB0, 
  0x4CC0, 0x4CB8, 0x2CB8, 0x10C9, 0x4CB0, 0x2CB8, 0x0BA8, 0x2BA8, 0x4BA0, 0x0BB0, 0x8B90, 0x6A90, 0x0B98, 0x2BA0, 0x6B88, 0x6CA8, 
  0x2CB0, 0x4EB8, 0x4EC0, 0x6BA0, 0x4BB0, 0x4CC0, 0x6CA8, 0x2BA0, 0x4B98, 0x2BB8, 0x2AA8, 0x2BA8, 0x4B98, 0x2C88, 0x2CA0, 0x0BB8, 
  0x2A98, 0x2C90, 0x4B90, 0x2978, 0x79B2, 0xD7A2, 0x9079, 0xFFBB, 0x9EAB, 0xBEA3, 0xFFB3, 0xBFB3, 0xBFAB, 0xFFBB, 0x36AA, 0x4A90, 
  0x2AA0, 0x8B98, 0xAB88, 0x0AA8, 0x32A9, 0xBFBB, 0xBFB3, 0xBFB3, 0xBFB3, 0xDFBB, 0xDFB3, 0xDFB3, 0xFFBB, 0xDFB3, 0xDFB3, 0xDFB3, 
  0xDFB3, 0xDFBB, 0xFFBB, 0xDFB3, 0xDFB3, 0xFFB3, 0xDFB3, 0xBFB3, 0xDFB3, 0xDFB3, 0xFFB3, 0xDFAB, 0xFFB3, 0xDFBB, 0xBFBB, 0xBFAB, 
  0xDFBB, 0xDFB3, 0xDFB3, 0xDFB3, 0xDFB3, 0xDFB3, 0xDFB3, 0xBFB3, 0xBFB3, 0xDFB3, 0xBFB3, 0xDFAB, 0xDFAB, 0xDFB3, 0xDFB3, 0x9FAB, 
  0x9FA3, 0x9FA3, 0xDFAB, 0xDFAB, 0xBFAB, 0xBFB3, 0xDFB3, 0xDFB3, 0xDFB3, 0xDFB3, 0xDFB3, 0xBFAB, 0xBFAB, 0xBFAB, 0xBFAB, 0xBFAB, 
  0xBFB3, 0xBFAB, 0xBFAB, 0xBFAB, 0xDFAB, 0xBFAB, 0xBFB3, 0xBFB3, 0xBFAB, 0x9FAB, 0xBFAB, 0xBFA3, 0x9FAB, 0xDFAB, 0x9F9B, 0xDF72, 
  0xFF72, 0xFF72, 0xFF72, 0xFF7A, 0xFF72, 0xFF72, 0xFF72, 0xFF72, 0xFF72, 0xFF72, 0xFF72, 0xDF72, 0x5E93, 0xDFB3, 0xDFB3, 0xDFB3, 
  0x1FBC, 0x98A2, 0x2A98, 0x4B98, 0x0BA0, 0x0AB0, 0x2BA8, 0x2BA8, 0x2BB0, 0x0BB0, 0x2AB0, 0x4DA0, 0x5DBB, 0xFFBB, 0xBFB3, 0xBFB3, 
  0xBFB3, 0xDFB3, 0xBFB3, 0xBFB3, 0xBFB3, 0xFFB3, 0xDFB3, 0xDFB3, 0xDFB3, 0xBFB3, 0xBFB3, 0xBFAB, 0xFFBB, 0xF5A1, 0x0B90, 0x0AB0, 
  0x8FA8, 0x5DB4, 0xDEC5, 0x5D93, 0x1DAC, 0xBFF7, 0x7FEF, 0xB9A2, 0x2EB0, 0x6BA8, 0x2CA0, 0x0BA8, 0xCFA0, 0x3EA3, 0x5F7B, 0xBBBA, 
  0x0DC0, 0xAA98, 0x8A78, 0x4CA0, 0x4BA8, 0x0BB0, 0x2CC0, 0x0CB0, 0x2CC8, 0x2CB8, 0x0CB8, 0x0CB8, 0x4DB0, 0x2CB0, 0x2CC8, 0x0CB8, 
  0x2CC0, 0x6CB0, 0x4BB0, 0x4BB0, 0x0CB0, 0xD7AA, 0xDFFF, 0x3EEF, 0x7C83, 0xDFB3, 0xDFB3, 0xDFB3, 0xBFBB, 0xFFBB, 0x1E8B, 0x3ECE, 
  0xFFFF, 0xBEDE, 0x7D9B, 0x9FA3, 0xDFB3, 0xFFBB, 0x7F9B, 0x5D9C, 0x9D93, 0x1FBC, 0x37BA, 0x0DB8, 0x6CB8, 0x4CA8, 0x2BB0, 0xCA90, 
  0x2A69, 0x2CA0, 0x2A88, 0x6B98, 0x4A98, 0x4B90, 0xAC80, 0x6CA0, 0x2CB0, 0x0BA8, 0x2BA8, 0x2B98, 0x2BA0, 0x0A98, 0x6BA0, 0xACB0, 
  0x2CC8, 0x2CB8, 0x0BB0, 0x2BA8, 0x2CB0, 0x2BB0, 0x2A98, 0x0AA0, 0x6B98, 0x2CA8, 0x0BA0, 0x0BA0, 0x6B90, 0x8B78, 0x6DA8, 0x6C98, 
  0x4C90, 0x8C78, 0x8A88, 0x4A78, 0xD499, 0xDEC3, 0xAF90, 0xDABA, 0xFFB3, 0xBFB3, 0xFFC3, 0xDFAB, 0xDFB3, 0xDFB3, 0x1FBC, 0x56A2, 
  0x0A90, 0x4CB0, 0x8D90, 0x4BB0, 0x0BB0, 0x37AA, 0x1FBC, 0xBFB3, 0xDFB3, 0xDFBB, 0xDFB3, 0xDFB3, 0xDFB3, 0xDFB3, 0xDFB3, 0xBFB3, 
  0xDFB3, 0xDFB3, 0xDFBB, 0xDFB3, 0xDFBB, 0xBFB3, 0xBFB3, 0xDFB3, 0xDFB3, 0xDFB3, 0xDFB3, 0xBFB3, 0xBFB3, 0xBEAB, 0xDFB3, 0xBFB3, 
  0xDFB3, 0xDFB3, 0xDFB3, 0xDFB3, 0xDFB3, 0x9FAB, 0xBFAB, 0xBFAB, 0xBFB3, 0xFFB3, 0xFFB3, 0xDFB3, 0xDFAB, 0xBFB3, 0xDFB3, 0xBFAB, 
  0x9FA3, 0x9FA3, 0xDFAB, 0xDFB3, 0xDFB3, 0xBFB3, 0xBFAB, 0xDFBB, 0x59AA, 0x51A1, 0xF6A9, 0xBFB3, 0xBFAB, 0xBFB3, 0xBFAB, 0xBFAB, 
  0xBFAB, 0xDFAB, 0x9FAB, 0xBFAB, 0xBFB3, 0x9FAB, 0xBFB3, 0xDFB3, 0xDFB3, 0xBFB3, 0xBFB3, 0xBFAB, 0x7EA3, 0xBFA3, 0x1E7B, 0xFF72, 
  0xFF72, 0xFF72, 0xFF72, 0xFF72, 0xFF72, 0xFF72, 0xFF72, 0xFF72, 0xFF72, 0xFF72, 0xDF72, 0x1E83, 0xDFB3, 0xDFB3, 0xDFB3, 0xDFB3, 
  0x7DC3, 0xAFA8, 0x2CC0, 0x2DC0, 0x2CC8, 0x6DC0, 0x2BB0, 0x2CC0, 0x4EC0, 0x4CB8, 0x2AA0, 0x0C98, 0xBAB2, 0x1FB4, 0xDFB3, 0xBFB3, 
  0xDFB3, 0xDFB3, 0xDFB3, 0xDFB3, 0xBFB3, 0xDFB3, 0xBFB3, 0xDFB3, 0xDFB3, 0xDFAB, 0xDFA3, 0xBFAB, 0xBEB3, 0x9FA3, 0x75A9, 0x0BB0, 
  0x0AB8, 0x3399, 0x3ED6, 0xFDCD, 0xBC7A, 0x1ECE, 0xFFFF, 0x5EC5, 0x13A1, 0x2BB0, 0x4CB0, 0x0CB0, 0x96B1, 0x3E93, 0x7F93, 0x93A9, 
  0x4A98, 0x4BB0, 0x4A98, 0x2CA8, 0x2CB8, 0x2BB0, 0x2CC0, 0x2CB8, 0x0BB0, 0x2BB8, 0x4CC0, 0x4DC0, 0x4CC0, 0x6ED0, 0x0BB0, 0x2BA8, 
  0x0B98, 0x0BA8, 0x2CC0, 0x4CB8, 0x0BB0, 0x32A1, 0x5EDE, 0xFFFF, 0x7D9C, 0x7F9B, 0xDFB3, 0xDFB3, 0xDFBB, 0xFFBB, 0x3E93, 0xDDAC, 
  0xFFFF, 0x9FF7, 0xBE9B, 0xDFAB, 0xBFB3, 0xFFB3, 0x3E9B, 0xBEC5, 0x3DA4, 0xDFAB, 0x99BA, 0x0CA8, 0x4BB0, 0x2CA0, 0x2A98, 0xAB80, 
  0xCB80, 0x6BA8, 0x4BB0, 0x2BB0, 0x8C90, 0xEB78, 0x8B90, 0x8DA8, 0x2BA8, 0x0AA0, 0x2BB8, 0x2BA0, 0x2B98, 0x4CA8, 0x0BC0, 0x4BB8, 
  0x4DC8, 0x4DC8, 0x2CB8, 0x2CB0, 0x0BA8, 0x8B90, 0x2CA8, 0x0BB8, 0x2AB0, 0x0AA8, 0x4B90, 0xAB80, 0x6B80, 0x2B90, 0x6C90, 0x8C80, 
  0x4C98, 0x6B80, 0xAC78, 0x0AA0, 0x8DA0, 0xFFBB, 0xF6B1, 0xD0A8, 0xBEC3, 0xBFB3, 0xDFC3, 0xFEB3, 0xBFB3, 0xBFB3, 0xDFB3, 0xDFC3, 
  0x37B2, 0x2CA8, 0x2BB0, 0x6B79, 0x4759, 0xAC69, 0xBFBB, 0xBFBB, 0xFFB3, 0xDFB3, 0xBFB3, 0xDFB3, 0xDFB3, 0xDFB3, 0xDFB3, 0xDFBB, 
  0xDFBB, 0xBFB3, 0xBFB3, 0xFFBB, 0xDFB3, 0xBFB3, 0xDFB3, 0xBFB3, 0xDFB3, 0xDFBB, 0xBFB3, 0xBFBB, 0xBFB3, 0xDFAB, 0xBFAB, 0xBFB3, 
  0xDFB3, 0xDFB3, 0xDFB3, 0xBFB3, 0xDFB3, 0xBFAB, 0xBFB3, 0xBFB3, 0xDFB3, 0xDFB3, 0xDFB3, 0xDFB3, 0xBFAB, 0xBFAB, 0xDFB3, 0xBFAB, 
  0xBFAB, 0xBFAB, 0xDFAB, 0xBFAB, 0xDFB3, 0xBFB3, 0xDFAB, 0x94A9, 0x0BA0, 0x0AB0, 0x6FA8, 0x5EBB, 0xBFA3, 0xBFAB, 0xDFB3, 0x9FAB, 
  0xDFAB, 0xDFAB, 0xBFAB, 0xBFAB, 0xDFB3, 0xBFAB, 0x9FAB, 0xBFAB, 0xDFB3, 0xDFB3, 0xDFB3, 0xBFB3, 0xDFB3, 0x5F93, 0xDF72, 0xFF72, 
  0xFF72, 0xFF72, 0xFF72, 0xFF72, 0xFF72, 0xFF72, 0xFF72, 0xFF7A, 0xFF72, 0xFF72, 0xDE7A, 0xBFA3, 0xDFBB, 0xBFB3, 0xBFAB, 0xBFBB, 
  0xD6C1, 0x4DC8, 0x6DC8, 0x8ED8, 0x2CB0, 0x2CB0, 0x0BB0, 0x0BB8, 0x2CC8, 0x2AA8, 0x8EA0, 0x2AB0, 0xB6B1, 0x1FB4, 0xDFB3, 0xDFB3, 
  0xBFB3, 0xDFB3, 0xDFB3, 0xBFB3, 0xDFB3, 0xDFB3, 0xDFB3, 0xDFB3, 0xBFAB, 0xBFAB, 0xBFAB, 0xBFBB, 0xFFB3, 0x9FA3, 0xFFA2, 0xD098, 
  0x0AB8, 0x4DB8, 0xB99A, 0x9FF7, 0x1DAD, 0x9C83, 0xDFFF, 0x7FEF, 0x3BAB, 0xAFB8, 0x4CB8, 0x4BB0, 0x79B2, 0x9F93, 0x5DB3, 0xAE98, 
  0xA978, 0x4BA0, 0x8BA0, 0x4A98, 0x6B98, 0x2CB0, 0x0CC0, 0x2BB0, 0x6CB8, 0x4DC0, 0x0BC0, 0x0CC0, 0x4CB8, 0x6DC0, 0x0BB0, 0x2CB0, 
  0x2C90, 0x2BA8, 0x2DB8, 0x4BB0, 0x0AB0, 0x0C98, 0x1BBC, 0xFFFF, 0x1DD6, 0x1E83, 0xDFB3, 0xDFB3, 0xDFB3, 0xDFBB, 0xBFAB, 0xDD93, 
  0xDFFF, 0xFFFF, 0x5EA4, 0x7FA3, 0xDFB3, 0xFFB3, 0x5F9B, 0x9EBD, 0x5DBD, 0x9F9B, 0x1CC3, 0x0C98, 0x4AA8, 0x0BB0, 0x2CA0, 0x8B80, 
  0x4CA0, 0x4B90, 0x8C90, 0x2BB8, 0xAA80, 0xCB78, 0x4BA8, 0x8B78, 0x4980, 0x2AA0, 0x2CA0, 0x6B88, 0x2BA8, 0x2BB0, 0x0CA8, 0x6DC0, 
  0x2CC0, 0x2BB8, 0x4CA8, 0x2CA8, 0x2B98, 0x4B98, 0xABA8, 0x6BA8, 0x0BB0, 0x2CB8, 0x6B98, 0xAB80, 0xAD98, 0xAA70, 0xCB80, 0x2B98, 
  0x2CA8, 0x2A69, 0x2B61, 0xAA80, 0x2B90, 0xDAAA, 0xBFB3, 0x4D98, 0xB4A1, 0xFFB3, 0xDFB3, 0xFFBB, 0xBFB3, 0xBFB3, 0xBFB3, 0xDFB3, 
  0xFFC3, 0x97B2, 0xCD90, 0x4759, 0x4969, 0x0B71, 0x7CAB, 0xDFBB, 0xDFBB, 0xDFBB, 0xDFB3, 0xDFB3, 0xDFB3, 0xDFB3, 0xDFB3, 0xDFB3, 
  0xDFBB, 0xBFBB, 0xFFBB, 0xDFBB, 0xDFB3, 0xDFB3, 0xDFB3, 0xDFB3, 0xDFB3, 0xDFB3, 0xDFB3, 0xBFB3, 0xBFB3, 0xDFB3, 0xDFB3, 0xDFAB, 
  0xDFB3, 0xBFB3, 0x9FAB, 0xDFB3, 0xBFB3, 0xDFB3, 0xBFB3, 0xBFB3, 0xDFB3, 0xDFB3, 0xBFB3, 0xBFB3, 0xBFAB, 0xBFAB, 0xBFAB, 0xBFAB, 
  0xBFAB, 0xBFB3, 0xBFB3, 0x9FAB, 0xDFAB, 0xDFB3, 0x78B2, 0x0AA8, 0x4CC8, 0x0CB0, 0x17B2, 0xBFC3, 0xDEAB, 0xBEAB, 0xBFAB, 0xBFAB, 
  0xBFAB, 0xBFAB, 0xBFAB, 0xBFAB, 0xDFAB, 0xBFAB, 0x9FA3, 0xBFAB, 0xDFAB, 0xDFAB, 0xBFAB, 0x9EAB, 0x7FA3, 0xDF72, 0xFF72, 0xFF72, 
  0xFF72, 0xFF72, 0xFF72, 0xFF72, 0xFF72, 0xFF72, 0xFF72, 0xDF7A, 0xDF7A, 0xDF72, 0x7F9B, 0xDFB3, 0xDFB3, 0x9FB3, 0xFFAB, 0xDBBA, 
  0x2EC0, 0x0CC0, 0x0BA8, 0x4DB8, 0x4CA8, 0x2BA0, 0x2BA0, 0x2BB0, 0x0BB0, 0x6DB8, 0xB2C8, 0x4BB0, 0xD0A8, 0xBFBB, 0xFFB3, 0xBFB3, 
  0xBFB3, 0xDFB3, 0xBFB3, 0xBFAB, 0xDFB3, 0xDFB3, 0xBFB3, 0xDFB3, 0xBFB3, 0xDFB3, 0xDFBB, 0xDFBB, 0xDFB3, 0xFEB3, 0x5F93, 0xBB92, 
  0x6FC0, 0x2AB0, 0x6F98, 0x7CB4, 0xFFFF, 0xFCAC, 0xFEDE, 0xFFFF, 0xBFCD, 0x54A1, 0x2BB0, 0x0AB0, 0x79BA, 0x3FAC, 0xDAB2, 0x0CA8, 
  0x6BA0, 0x2BB0, 0x4BA8, 0x4CB0, 0x2B98, 0x6DB8, 0x4DC0, 0x0BA0, 0x0BA8, 0x4CC0, 0x2BA8, 0x4BA8, 0x8B98, 0x6AA0, 0x2CC0, 0x2CB8, 
  0x2CB8, 0x6BB0, 0x6AA0, 0x09A0, 0x4BB0, 0x2CB0, 0x16AA, 0x3FEF, 0xDFFF, 0x5D8B, 0x7F9B, 0xBFB3, 0xBFBB, 0xBFB3, 0xFFB3, 0x3D8B, 
  0xDEDE, 0xFFFF, 0x3DBD, 0x1E93, 0xFEB3, 0xDFB3, 0x5FA3, 0x1DB5, 0x5EDE, 0x5E9B, 0x9EBB, 0x6DA0, 0x0998, 0x6C98, 0xAFC8, 0x6CA8, 
  0x0CA8, 0x8B88, 0xCB80, 0x4CA8, 0x2AA0, 0x2C90, 0x8A70, 0x0E99, 0x6EA8, 0x6A90, 0xAEB0, 0xADB0, 0x0BB0, 0x0BB0, 0x2CB8, 0x2DB8, 
  0x4DC0, 0x2BA8, 0x2BA0, 0x2BB0, 0x0BB0, 0x0BA8, 0x2879, 0x2A71, 0x2CA0, 0x6CA0, 0xAB88, 0xCB70, 0xEC80, 0x6B90, 0x2AA8, 0x2BA8, 
  0x2BA8, 0x8C90, 0xCA70, 0x8C88, 0x0BA0, 0x31A1, 0x1FC4, 0x57B2, 0x0A90, 0x7AB2, 0xFFBB, 0xDFB3, 0xDFB3, 0xDFB3, 0xBFB3, 0xBFAB, 
  0xDFB3, 0x1FBC, 0x9BAB, 0x7091, 0x0C98, 0x0A90, 0xF9A2, 0x1FB4, 0xBFC3, 0xDFBB, 0xDFB3, 0xFFBB, 0xBFB3, 0xDFB3, 0xDFB3, 0xDFB3, 
  0xBFB3, 0xDFB3, 0xDFB3, 0xDFB3, 0xDFB3, 0xDFB3, 0xDFB3, 0xDFB3, 0xDFB3, 0xDFB3, 0xDFB3, 0xBFB3, 0xDFB3, 0xDFB3, 0xBFB3, 0xBFB3, 
  0xBFB3, 0xDFB3, 0xBFB3, 0xDFB3, 0xDFB3, 0xDFB3, 0xBFAB, 0x5EA3, 0xBFAB, 0xDFAB, 0xBFAB, 0xBFAB, 0xBFAB, 0xBFAB, 0xBFAB, 0xBFAB, 
  0xBFAB, 0xDFAB, 0xBFBB, 0xDFB3, 0xDFAB, 0x9FBB, 0xB1B0, 0x0BB8, 0x90B8, 0x58BA, 0xDFB3, 0xDFB3, 0xBFB3, 0xBFB3, 0xBFAB, 0xBFAB, 
  0xDFAB, 0xBFAB, 0xBFAB, 0xBFAB, 0xBFAB, 0xDFAB, 0xBFAB, 0xDFB3, 0xBFAB, 0xBFAB, 0xDFAB, 0xBFAB, 0xFE8A, 0xFF72, 0xFF72, 0xFF72, 
  0xFF72, 0xFF72, 0xFF72, 0xFF72, 0xFF72, 0xFF72, 0xFF72, 0xFF72, 0xDF72, 0x3F8B, 0xFFB3, 0xBFB3, 0xDFB3, 0xDFB3, 0xBFB3, 0x11A9, 
  0x0BC0, 0x0CC0, 0x0BB0, 0x2CB8, 0x2CB0, 0x4B90, 0x4B90, 0x0BA8, 0x0BA0, 0x4CC0, 0x2CC8, 0x8BA0, 0x0A90, 0xBAB2, 0xFFB3, 0xBFB3, 
  0xDFB3, 0xBFB3, 0xBFB3, 0xDFAB, 0xDFB3, 0xDFB3, 0xDFB3, 0xBFB3, 0xDFB3, 0xBFAB, 0xDFB3, 0xBFB3, 0xBFB3, 0xDFAB, 0xBFAB, 0x9E93, 
  0x79AA, 0x0BB8, 0x0AB8, 0x5399, 0x3FD6, 0xFFFF, 0xBFF7, 0xFFFF, 0xBFF7, 0x5AAB, 0x8D98, 0x0A98, 0xF7B1, 0x3FC4, 0xD5A9, 0x0AA8, 
  0x6CA0, 0x4DB0, 0x8DB8, 0x0BB8, 0x4DC8, 0x10D9, 0x4CA8, 0x2BA8, 0x0CB8, 0x0BA8, 0x2BA0, 0x6BB0, 0x8A88, 0x4AA0, 0x0CC0, 0x0BB0, 
  0x6CA8, 0x6A98, 0x2A98, 0x8CB8, 0x6CA8, 0x2AB0, 0x6EA0, 0x1DC5, 0xFFFF, 0xDDAC, 0xFD7A, 0xFFBB, 0xBFBB, 0xDFAB, 0xFFBB, 0x1E93, 
  0x9EBD, 0xFFFF, 0x5ED6, 0xFE82, 0x1FB4, 0xDFB3, 0x9FAB, 0x7CAC, 0x3FF7, 0x9EA3, 0xBFB3, 0xCE90, 0x6A90, 0x8B90, 0x6CA8, 0x2CA0, 
  0x2BA0, 0x4A90, 0x2CB8, 0x2CC0, 0x2B90, 0x4C80, 0x6D98, 0xF0A8, 0x6C88, 0x6B90, 0x4BA0, 0x0BB0, 0x4DB8, 0x0BA8, 0x4CA8, 0x2B90, 
  0x2CA0, 0x2CA8, 0x0BA8, 0x0AA8, 0x2AA0, 0xAB80, 0x6C98, 0x4B88, 0x6AA0, 0x4BA0, 0x6B90, 0xAB98, 0xCB78, 0x4C90, 0x0BA8, 0x2BA8, 
  0x2BB8, 0x4C90, 0x6B90, 0x4C70, 0x6C90, 0x2BA8, 0xDAB2, 0xFFBB, 0xCDA0, 0x6DA0, 0x5DC3, 0x1FBC, 0xBFB3, 0xBFAB, 0xBFB3, 0xBFB3, 
  0xDFBB, 0xDFB3, 0xFFB3, 0xDFBB, 0x9AB2, 0xCE88, 0xD5A1, 0x1FBC, 0xDFB3, 0xDFBB, 0xBFB3, 0xDFB3, 0xDFB3, 0xDFB3, 0xFFB3, 0xDFB3, 
  0xBFB3, 0xDFB3, 0xDFB3, 0xDFB3, 0xBFAB, 0xBFB3, 0xDFB3, 0xDFB3, 0xBFB3, 0xBFAB, 0xFFB3, 0xBFAB, 0xDFB3, 0xDFB3, 0xBFB3, 0xBFB3, 
  0xBFB3, 0xDFB3, 0xBFB3, 0xBFAB, 0x9FAB, 0xBFAB, 0xBFAB, 0xBFAB, 0xBFAB, 0xBFAB, 0xDFAB, 0xBFAB, 0xBFAB, 0x9FA3, 0xBFAB, 0xBFAB, 
  0x9FA3, 0xBFAB, 0xDFB3, 0xBEAB, 0xDFAB, 0xFEB2, 0x7AA1, 0x9AA2, 0x3DB3, 0xBFB3, 0xDFA3, 0xDEAB, 0xDFAB, 0xBFAB, 0xBFAB, 0xBFAB, 
  0xDFAB, 0xBFAB, 0xDFB3, 0xDFB3, 0xBFB3, 0xBFB3, 0xBFB3, 0xBFB3, 0xDFB3, 0xBFB3, 0xDFAB, 0x7F93, 0xDF72, 0xFF72, 0xFF72, 0xFF72, 
  0xFF72, 0xFF72, 0xFF72, 0xFF72, 0xFF72, 0xFF72, 0xFF72, 0xFF6A, 0x3E83, 0xBFAB, 0xBFB3, 0xBFAB, 0xBFB3, 0x1FAC, 0x38AA, 0x0BB8, 
  0x2BC0, 0x2AA0, 0x4BA0, 0x0BB8, 0xEFC8, 0x6CA0, 0x0BA8, 0x2CC0, 0x2CA8, 0x0BB8, 0x6DC0, 0x2CA0, 0x2A88, 0x7299, 0xFFC3, 0xDFB3, 
  0xDFB3, 0xDFB3, 0xDFB3, 0xBFAB, 0xDFB3, 0xDFB3, 0xDFB3, 0xDFB3, 0xBFB3, 0xBFAB, 0xDFAB, 0xBFAB, 0xBFAB, 0xDFB3, 0xBFB3, 0xDEA3, 
  0x5EC5, 0x91A1, 0x0CB8, 0x2DB8, 0x98A2, 0x5FF7, 0xFEFF, 0xDFFF, 0xFFFF, 0xFECD, 0x9381, 0x2988, 0x7391, 0x3FC4, 0x94A9, 0x0A98, 
  0xAC78, 0x6C98, 0x2BB0, 0x2BA8, 0x4CA8, 0x0BA8, 0x0BA0, 0x0BA8, 0x2CB0, 0x6B98, 0x2CA8, 0x2BB0, 0x4DD0, 0x4DC8, 0x6DB0, 0x4DB8, 
  0x4CB0, 0x6BA0, 0x6CA8, 0x4DC0, 0x4CB0, 0x2BA8, 0x0DA8, 0x5ABB, 0xDFFF, 0xBEDE, 0xBD6A, 0xBFA3, 0xDFB3, 0xFFAB, 0xDFBB, 0x5FA3, 
  0x5D9C, 0xFFFF, 0x7FF7, 0x5D83, 0xBFA3, 0xDFB3, 0xDFB3, 0xDD9B, 0x9FEF, 0x7DA4, 0xDFAB, 0x3099, 0x0A98, 0x2DB8, 0x0CA8, 0x0BB8, 
  0x2CC8, 0x2BA8, 0x6AA8, 0x2AA8, 0x4BA8, 0x4A90, 0xAA80, 0x4B90, 0xAA80, 0x6BA0, 0x2CB0, 0x0CB8, 0x4CC0, 0x2BA0, 0x2B90, 0x8B98, 
  0x6A98, 0x2BB8, 0x0CB8, 0x0C98, 0x6C78, 0xAC70, 0x2C90, 0x0BA0, 0x2BA8, 0x2CB0, 0x2AA8, 0x2BA8, 0x4BA0, 0x2B90, 0x4AA0, 0x0BA8, 
  0x2CA0, 0x4B98, 0x2BB0, 0x6E98, 0x8C90, 0x0BA0, 0x1191, 0x1FBC, 0xF9B2, 0x6988, 0x9291, 0x1FC4, 0xBFBB, 0xDFB3, 0xDFB3, 0xDFBB, 
  0xDFBB, 0xDFB3, 0xDFB3, 0xBFB3, 0xFFB3, 0x9DAB, 0x79A2, 0x7EB3, 0xDFB3, 0xBFB3, 0xBFB3, 0xBFB3, 0xDFB3, 0xDFB3, 0xDFB3, 0xDFB3, 
  0xFFBB, 0xBFAB, 0x9FAB, 0x7EA3, 0x9FAB, 0xDFB3, 0xDFB3, 0xBFB3, 0xBFAB, 0xBFAB, 0xDFB3, 0xDFB3, 0xBFB3, 0xBFB3, 0xDFB3, 0xDFB3, 
  0xDFB3, 0xDFB3, 0xBFAB, 0xBFAB, 0xBFAB, 0xDFB3, 0xDFAB, 0xBFAB, 0xBFAB, 0xBFAB, 0x9FA3, 0x9FAB, 0xBFAB, 0xBFAB, 0xBFAB, 0x9FA3, 
  0xBFAB, 0xBFAB, 0xBFB3, 0x9FAB, 0xDFAB, 0x9FB3, 0x9FB3, 0xFFAB, 0xBFB3, 0x7EAB, 0xBFAB, 0xDFAB, 0xBFAB, 0xBFAB, 0xBFAB, 0xBFAB, 
  0xBFAB, 0xDFB3, 0x9FAB, 0xBFAB, 0xBFAB, 0xBFB3, 0xBFB3, 0xDFB3, 0xBFAB, 0xBFB3, 0x9FA3, 0xFF72, 0xFF72, 0xFF7A, 0xFF72, 0xFF72, 
  0xFF72, 0xFF72, 0xFF72, 0xFF72, 0xFF72, 0xFF72, 0xFF72, 0x1F7B, 0xDFA3, 0xDFB3, 0xBFB3, 0xBFAB, 0xDFB3, 0x7DB3, 0x90B0, 0x2CC8, 
  0x2BC0, 0x2BB8, 0x2BA8, 0x4CB8, 0x4DB8, 0x8DC0, 0x0BB0, 0x0CB8, 0x2CC0, 0x2CB8, 0x4DB0, 0x0BB8, 0x2BA8, 0x8B90, 0xFBB2, 0xDFBB, 
  0xBFAB, 0xBFB3, 0xBFB3, 0xBFAB, 0xDFB3, 0xDFB3, 0xBFB3, 0xDFB3, 0xDFB3, 0xBFAB, 0xBFAB, 0xDFAB, 0xDFAB, 0xBFB3, 0xDFAB, 0x9FAB, 
  0xFEBC, 0x3CC5, 0x4F98, 0x2BC0, 0x6DA8, 0x1BB4, 0xFFFF, 0xDFFF, 0xFFFF, 0xBFEF, 0x7AA3, 0x6C88, 0x8D88, 0x7EBB, 0xD5B9, 0x0AB8, 
  0x4A98, 0x2B98, 0x0AA0, 0x6CA0, 0xCC88, 0x2BA8, 0x4CB0, 0x0BB0, 0x4BB0, 0x8CA8, 0x2BB8, 0x2CC0, 0x6DC0, 0x4DC0, 0x4CA0, 0x8CA8, 
  0x8FD8, 0x2CC0, 0x4CA0, 0x0BA8, 0x2CB0, 0x2C98, 0x0BA8, 0x54B1, 0x9FDE, 0xFFFF, 0x9D83, 0xDF7A, 0xDFAB, 0xDFAB, 0xDFBB, 0xDFB3, 
  0x7C83, 0x5FEF, 0xFFFF, 0x5C9C, 0x3F93, 0xDFB3, 0x1FB4, 0x7E9B, 0x7FEF, 0x5DB5, 0x9FAB, 0xF4A9, 0x2BA8, 0x2CB0, 0x2CB8, 0x4CC0, 
  0x4CD0, 0x2CC0, 0x4B88, 0x4A98, 0x4B98, 0x2CA0, 0x2BA8, 0x6BA0, 0x2A69, 0x4AA0, 0x2BB0, 0x4CB0, 0x4BA0, 0x4BA0, 0x4CA8, 0x4CA8, 
  0x4BA0, 0x4B98, 0x0BA8, 0x2C98, 0x6C88, 0xAC78, 0x0BA8, 0x6EC8, 0x0CB0, 0x0AA0, 0x2CB8, 0xAB80, 0xEB70, 0x8EA0, 0x8CC0, 0x0CB0, 
  0x2DB0, 0x4CA8, 0x4B88, 0x2CA0, 0x6A90, 0xAB78, 0xAA78, 0x76A2, 0x3FBC, 0x1292, 0x8970, 0x56A2, 0x1FC4, 0xDFBB, 0xDFB3, 0xDFB3, 
  0xDFB3, 0xDFB3, 0xDFB3, 0xBFBB, 0xFEB3, 0x9FB3, 0xBFB3, 0xBFB3, 0xDEB3, 0xDFB3, 0xDFBB, 0xDFBB, 0xFFBB, 0xDFBB, 0xDFBB, 0xDFBB, 
  0xDFB3, 0xBFAB, 0xBFAB, 0xBFAB, 0xBFAB, 0xBFAB, 0xBFB3, 0xBFB3, 0xBFB3, 0xBFAB, 0xBFAB, 0xBFB3, 0xDFB3, 0xBFB3, 0xDFB3, 0xDFB3, 
  0xBFAB, 0xDFB3, 0xBFB3, 0xBFB3, 0xDFB3, 0xBFAB, 0xBFAB, 0xBFAB, 0xDFAB, 0xBFAB, 0x9FA3, 0x9FA3, 0x9FA3, 0xBFA3, 0xBFA3, 0x9FA3, 
  0xBFAB, 0xDFB3, 0xBFB3, 0x9FB3, 0xBFAB, 0xDFAB, 0xDFB3, 0xBFB3, 0xBFA3, 0x9FA3, 0x9FB3, 0xDFAB, 0x9FA3, 0x9EA3, 0xBFAB, 0xBFAB, 
  0xDFB3, 0xDFB3, 0xBFB3, 0xBFAB, 0xDFAB, 0xDFB3, 0xBFAB, 0xDFAB, 0xDFB3, 0xDFAB, 0x3F8B, 0xDF72, 0xFF72, 0xFF7A, 0xFF72, 0xFF72, 
  0xFF72, 0xFF72, 0xFF72, 0xFF72, 0xFF72, 0xFF72, 0xFF7A, 0x9FA3, 0xDFB3, 0xDFB3, 0xBFB3, 0xBFAB, 0xFFBB, 0x95B9, 0x0BB8, 0x4BB0, 
  0x2BB8, 0x0BB8, 0x4CA8, 0x2BA8, 0x4CB8, 0x6EC8, 0x2DC8, 0x4DC8, 0x8DB8, 0x2CB0, 0x2CA8, 0x2BB8, 0x4CB8, 0x0CB0, 0x73A9, 0xDFBB, 
  0xBFB3, 0xDFB3, 0xBFB3, 0xBFB3, 0xDFB3, 0xDFB3, 0xBFB3, 0xDFB3, 0xDFB3, 0xBFAB, 0xBFAB, 0xBFAB, 0xDFB3, 0xDFB3, 0xDFB3, 0xBFB3, 
  0x7EA3, 0x7FDE, 0x38BB, 0x0DC8, 0x4BB0, 0x1289, 0x9ED5, 0xFFFF, 0xDEF7, 0xFFFF, 0xDED5, 0x5391, 0x0998, 0x58BA, 0x36AA, 0x0BA0, 
  0x8DB0, 0x2BA8, 0x2BA8, 0x4B98, 0x8B88, 0x4BA0, 0x4CA0, 0x0BA0, 0x4B98, 0x4CB0, 0x0BB0, 0x2CB8, 0x4BB8, 0x0BA8, 0x2BA8, 0x6A90, 
  0x2BA8, 0x4CB8, 0x2BB0, 0x4CB8, 0x6DB8, 0x4DB0, 0x4DC8, 0x91B8, 0x9CC4, 0xFFFF, 0x1EB5, 0x7E6A, 0x5F8B, 0xDFAB, 0x9FB3, 0x1FBC, 
  0x3D8B, 0xFEC5, 0xFFFF, 0x9EBD, 0xFE82, 0xDFBB, 0xDFBB, 0x5E9B, 0xBEE6, 0x1ED6, 0x9FA3, 0x97A2, 0x4B88, 0x4B88, 0x4A90, 0x2CA0, 
  0x8BA8, 0x8A90, 0x2BA0, 0x4DB0, 0x4DA0, 0x2DB0, 0x4CB8, 0x6B90, 0x4B88, 0x0A98, 0x4B90, 0x6B98, 0x8D98, 0xAE90, 0x4CA0, 0x2CB0, 
  0x6EA8, 0x6B88, 0x6A98, 0xCA80, 0xAB80, 0x6B90, 0x4BA0, 0xCEB0, 0x4C98, 0x6CA0, 0x4CB0, 0x6B90, 0x6B80, 0x2C98, 0x4B98, 0x2DB0, 
  0x2BA8, 0xCA80, 0x2A71, 0x2C98, 0x4CA0, 0xEA70, 0x0969, 0x8E90, 0x7DBB, 0x9EB3, 0xAEA0, 0x2B90, 0xFCBA, 0x1FBC, 0xBFB3, 0xBFB3, 
  0xFFB3, 0xFFB3, 0xDFBB, 0xDFBB, 0xDFB3, 0xDFBB, 0xDFB3, 0xDFB3, 0xDFB3, 0xDFB3, 0xDFB3, 0xDFB3, 0xDFBB, 0xDFB3, 0xBFB3, 0xDFB3, 
  0xDFB3, 0xDFB3, 0xDFB3, 0xDFB3, 0xBFAB, 0xDFB3, 0xBFB3, 0xBFAB, 0xDFB3, 0xBFB3, 0xDFB3, 0xDFB3, 0xDFB3, 0xDFB3, 0xDFB3, 0xDFB3, 
  0xBFB3, 0xDFB3, 0xDFB3, 0xBFB3, 0xBFAB, 0xBFAB, 0xBFAB, 0xDFB3, 0xDFB3, 0xDFB3, 0xDFAB, 0xBFAB, 0xBFA3, 0xBFA3, 0x9F9B, 0xBFA3, 
  0x9FAB, 0x9FAB, 0xBFAB, 0xBFAB, 0xBFB3, 0xBFAB, 0x7EA3, 0x9FAB, 0xBFAB, 0xBFAB, 0xBFAB, 0xBFAB, 0xBFAB, 0xBFAB, 0xBFAB, 0xBFAB, 
  0xBFB3, 0xBFB3, 0xDFB3, 0xBFB3, 0xDFB3, 0xBFAB, 0xBFAB, 0xBFAB, 0xBFAB, 0x7F9B, 0xFE72, 0xFF7A, 0xFF72, 0xFF72, 0xFF72, 0xFF72, 
  0xFF72, 0xFF72, 0xFF72, 0xFF72, 0xFF72, 0xFF72, 0x7F9B, 0xBFAB, 0xBFAB, 0xFFBB, 0xBFB3, 0xFFB3, 0xDABA, 0x2DC0, 0x0AA8, 0x2AA0, 
  0x0BB0, 0x2BB0, 0x4CB0, 0x4CB0, 0x2CC0, 0x6EE0, 0x2DD0, 0x2CB8, 0x0AA8, 0x0CB0, 0x0BA0, 0x2BA0, 0x2CB8, 0x0BB8, 0x6DA8, 0x3DB3, 
  0xDFB3, 0xDFAB, 0xDFB3, 0xDFB3, 0xDFB3, 0xBFB3, 0xDFB3, 0xDFB3, 0xDFB3, 0xDFB3, 0x9FAB, 0xBFAB, 0xDFB3, 0xDFB3, 0xBFB3, 0xDFB3, 
  0x7FAB, 0xBDB4, 0x9FE6, 0x55C1, 0x2DB8, 0x2DB8, 0x15A2, 0xDEE6, 0xFFFF, 0xFEF7, 0x9FF7, 0x3AAB, 0x2DB0, 0xCFB0, 0x78B2, 0x2CA8, 
  0x2CA0, 0x4CB8, 0x4AA0, 0x4BA0, 0x0BA8, 0x4AA8, 0x4C98, 0x4B90, 0x8A90, 0x4BA0, 0x4BA8, 0x4CB0, 0x4BA8, 0x2AA0, 0x6CC0, 0x4CB8, 
  0x6CA8, 0x4A98, 0x8A88, 0x6BA0, 0x2CB8, 0x2BB0, 0xD0D0, 0x4DB0, 0x56A2, 0xDFFF, 0x9ED6, 0xDE72, 0xFF7A, 0xBFA3, 0xBFB3, 0xFFBB, 
  0x3F9B, 0xBDA4, 0xFFFF, 0xBFDE, 0x1D83, 0xDFB3, 0xFFBB, 0x7E9B, 0xFDCD, 0x1FEF, 0xBF9B, 0xFAAA, 0x2A98, 0x4AB0, 0x2BB0, 0x4DB8, 
  0x6AA0, 0xCB98, 0xADB8, 0x6ED0, 0x70E0, 0xF1E0, 0xAEC8, 0x2CB0, 0x2CB0, 0x6BA0, 0x0BA0, 0x2AA0, 0x4DB8, 0x4C98, 0x2A98, 0x4CA8, 
  0x4CB0, 0x2BB0, 0xCA80, 0xA970, 0xAB88, 0x2BA0, 0x2CB0, 0x2B98, 0x4B90, 0x2A98, 0x2BA0, 0x6B88, 0xCB80, 0x4A80, 0x2B90, 0x2BA8, 
  0x6B80, 0x0B69, 0x6A88, 0x8C70, 0xAC70, 0x8A80, 0x6C90, 0x2A98, 0x73A1, 0xFFC3, 0xF9A2, 0x4A88, 0xCEA0, 0xBDB3, 0xDFBB, 0xBFBB, 
  0xBFB3, 0xDFB3, 0xBFBB, 0xBFBB, 0xBFB3, 0xDFB3, 0xDFB3, 0xDFBB, 0xDFBB, 0xDFB3, 0xBFAB, 0xBFB3, 0xBFB3, 0xBFB3, 0xDFB3, 0xDFB3, 
  0xBFB3, 0xDFB3, 0xDFB3, 0xBFB3, 0xBFAB, 0xBFAB, 0xBFAB, 0xDFB3, 0xDFB3, 0xDFB3, 0xBFB3, 0xDFB3, 0xDFB3, 0xDFB3, 0xBFAB, 0xBFAB, 
  0xDFB3, 0xFFB3, 0xBFB3, 0xBFB3, 0xDFB3, 0xDFB3, 0xDFB3, 0xBFB3, 0xBFB3, 0xBFB3, 0xDFB3, 0xDFB3, 0xBFAB, 0xBFAB, 0x9FA3, 0x9FA3, 
  0xBFAB, 0xBFAB, 0x9FAB, 0xBFAB, 0xBFAB, 0xBFAB, 0xBFA3, 0xBFAB, 0xBFAB, 0xBFAB, 0xBFAB, 0xBFAB, 0xBFAB, 0xDFB3, 0xDFAB, 0xBFAB, 
  0xDFAB, 0xBFAB, 0xDFAB, 0xBFAB, 0xBFAB, 0xBFAB, 0xBFB3, 0x9EAB, 0xBFAB, 0x1E83, 0xFF72, 0xFF72, 0xFF72, 0xFF72, 0xFF72, 0xFF72, 
  0xFF72, 0x1F73, 0x1F73, 0xFF72, 0xDE72, 0x5F8B, 0xBFAB, 0xBFAB, 0xDFB3, 0xBFB3, 0xFFB3, 0x5DBB, 0x8FB0, 0x0BC0, 0x2BA8, 0x2CC0, 
  0x2CB8, 0x0AA0, 0x0AA0, 0x2BA8, 0x2BB0, 0x0BB0, 0x2BA8, 0x2BA8, 0x0BB8, 0x2BA8, 0x4BA0, 0x2CB0, 0x2BA0, 0x4CA0, 0x0BA8, 0x17BA, 
  0xDFB3, 0xBFAB, 0xBFAB, 0xBFB3, 0xBFAB, 0x9FAB, 0xBFAB, 0xBFB3, 0xBFB3, 0xBFAB, 0xBFAB, 0xBFB3, 0xDFB3, 0xDFB3, 0xDFB3, 0xDFB3, 
  0xBFAB, 0x5DA3, 0x7FD6, 0xFBCC, 0x0C90, 0x4BA0, 0x4C98, 0x39A3, 0x9FEF, 0xFFFF, 0xFFFF, 0xDEC5, 0x96C1, 0x2BB8, 0x5299, 0x8DB0, 
  0x0BB8, 0x2CA8, 0xADA8, 0x6CA8, 0x0BA0, 0x2BA8, 0x6C98, 0x4CA0, 0x6CA8, 0x6C80, 0x4BA0, 0x4CB0, 0x2CB0, 0x2BA8, 0x2CB8, 0x2BB8, 
  0x0CB8, 0x4CB8, 0x4A98, 0x8B88, 0x6BA0, 0x0BB0, 0x2CB8, 0x2BB0, 0xF2A0, 0x5FDE, 0xDFF7, 0x7E83, 0xBE72, 0x5F93, 0xDFB3, 0xDFB3, 
  0x9FA3, 0x9D8B, 0xBFF7, 0xDFFF, 0x9D8B, 0x9FA3, 0xFFBB, 0x9FAB, 0x1DB5, 0xDFFF, 0xFDA3, 0x1DB3, 0x6C98, 0x4CC0, 0x2CC8, 0x2B98, 
  0x2A98, 0x6DB8, 0x6FD0, 0x2CC8, 0x2DC0, 0x6DB0, 0x2BA8, 0x4CC8, 0x2DD0, 0x6ED0, 0x4CB0, 0x2BB0, 0x0CC8, 0x6B88, 0x8A90, 0x2A98, 
  0x2C90, 0x8B88, 0x6C98, 0x4BA0, 0x2C80, 0x2BA0, 0x4BA0, 0x4B90, 0x2CB8, 0x2BB0, 0x4BA8, 0x4CB0, 0x2BA0, 0x6A88, 0x2BA8, 0x2DC0, 
  0x4B98, 0x6B88, 0x0BA8, 0x6B88, 0x0A71, 0xCB78, 0x0C71, 0x8B90, 0x6C80, 0x7A9A, 0xDF9B, 0xD5A1, 0x0790, 0x92A1, 0xDFBB, 0xDEB3, 
  0xBFC3, 0xBFBB, 0xFFB3, 0xFFB3, 0xBFB3, 0xDFB3, 0xBFB3, 0xDFB3, 0xDFB3, 0xDFB3, 0xDFB3, 0xBFAB, 0x9FAB, 0xDFB3, 0xFFBB, 0xDFB3, 
  0xDFB3, 0xDFB3, 0xDFB3, 0xDFB3, 0xBFAB, 0xBFAB, 0xBFAB, 0xDFAB, 0xDFB3, 0xBFB3, 0xDFB3, 0xDFB3, 0xBFAB, 0xBFB3, 0xDFB3, 0xDFB3, 
  0xDFB3, 0xDFAB, 0xDFB3, 0xDFB3, 0xBFB3, 0xBFB3, 0xDFB3, 0xBFAB, 0xBFAB, 0xDFB3, 0xDFB3, 0xDFB3, 0xBFB3, 0xBFAB, 0xDFAB, 0xBFAB, 
  0xBFAB, 0xDFB3, 0xBFAB, 0xDFB3, 0xDFAB, 0xDFAB, 0xBFA3, 0x7EA3, 0x9FA3, 0xBFAB, 0xBFAB, 0xBFAB, 0xBFAB, 0xDFB3, 0xBFAB, 0xDFB3, 
  0xDFB3, 0xDFB3, 0xDFAB, 0xBFB3, 0xDFB3, 0xDFAB, 0x9FAB, 0xBFB3, 0xBFA3, 0xFF72, 0xFF72, 0xFF72, 0xFF72, 0xFF72, 0xFF72, 0xFF72, 
  0xFF72, 0xFF72, 0x1F73, 0xDF72, 0x3F8B, 0xBFA3, 0xBFA3, 0xDFB3, 0xFFB3, 0xDFB3, 0xDEB3, 0x94B9, 0x0CC0, 0x2CB8, 0x2AA0, 0x2CA8, 
  0x6DC0, 0x2BB8, 0x0BB0, 0x0CB8, 0x0AA0, 0x4CB0, 0x0BB0, 0x8DC0, 0xD0D8, 0x6B98, 0x4BA8, 0x2CC0, 0x4CB0, 0x4BA0, 0x2BB0, 0xD0B0, 
  0xBFB3, 0xDFAB, 0xDFAB, 0xBFAB, 0xBFAB, 0xBFAB, 0xDFB3, 0xBFAB, 0xBFAB, 0xBFAB, 0xDFB3, 0xBFB3, 0xDFB3, 0xDFB3, 0xDFB3, 0xBFAB, 
  0xDFAB, 0xBFBB, 0x3EB4, 0x3FF7, 0x949A, 0x2988, 0x2BA8, 0x7090, 0x3BB4, 0xDFFF, 0xFFFF, 0xBFF7, 0x7AAB, 0x6C90, 0x6B80, 0x4CA0, 
  0x0BB0, 0x0BA8, 0x2DB8, 0x2CB8, 0x2CA0, 0x2CB8, 0x0CB0, 0x0CB0, 0x2BB0, 0x4C80, 0x6B98, 0xAB98, 0x2BB0, 0x2AB8, 0x4CC0, 0x2CC0, 
  0x2DC0, 0x4DC0, 0x2BA8, 0x2BA0, 0x2CA8, 0x2BA0, 0x2AA0, 0x2BB8, 0x4CA0, 0x5BB4, 0xFFFF, 0xDEA4, 0x9E6A, 0x1F83, 0xDFAB, 0xBFAB, 
  0xBFB3, 0x1E83, 0x9ED6, 0xFFFF, 0x9EA4, 0x3F93, 0xFFBB, 0xBFB3, 0x1E9C, 0xFFFF, 0xBDAC, 0x5EB3, 0xCF98, 0x2BB0, 0x2CC0, 0x2AA8, 
  0x6BA8, 0x0BA8, 0x2BA8, 0x0BB0, 0x2CB8, 0x2CB8, 0x2DC0, 0x6CB8, 0x2CB8, 0x4EA8, 0x2C88, 0x4B90, 0x8EB8, 0x8DA8, 0xA968, 0x2BA8, 
  0x2C98, 0x6A90, 0x2B98, 0x2A90, 0x2B90, 0x2BA0, 0x2BA0, 0x4B98, 0x2BA0, 0x4BA0, 0x6B98, 0x4B90, 0x4A90, 0x2B98, 0x4CA8, 0x6CB0, 
  0x8B98, 0x4C90, 0x0CA0, 0x6C90, 0x2A69, 0x8C80, 0xEA80, 0xAA88, 0xAA70, 0xCE98, 0xFDA2, 0x7F9B, 0x10A1, 0x0998, 0xB3A1, 0xFFBB, 
  0xDFB3, 0xDFB3, 0xDFB3, 0xDFB3, 0xBFAB, 0xBFAB, 0xBFAB, 0xBFAB, 0xDFB3, 0xDFB3, 0xDFB3, 0xDFB3, 0xDFB3, 0xFFBB, 0xDFB3, 0xDFB3, 
  0xBFB3, 0xBFB3, 0xDFB3, 0xDFB3, 0xDFB3, 0xDFAB, 0xBFAB, 0xBFAB, 0xBFB3, 0xDFB3, 0xBFB3, 0xDFB3, 0xBFB3, 0xBFB3, 0xDFB3, 0xDFB3, 
  0xDFB3, 0xBFAB, 0xDFB3, 0xBFB3, 0xBFAB, 0xBFAB, 0xDFB3, 0xDFB3, 0xDFB3, 0xDFB3, 0xBFAB, 0xBFB3, 0xDFB3, 0x9FAB, 0x9FA3, 0xBFAB, 
  0xBFAB, 0xBFAB, 0xBFAB, 0xBFAB, 0xDFB3, 0xBFAB, 0xBFAB, 0x9FA3, 0xBFAB, 0xDFAB, 0xDFAB, 0xBFAB, 0xBFAB, 0xBFB3, 0xBFAB, 0xBFAB, 
  0xDFB3, 0xBFAB, 0xBFAB, 0xDFB3, 0xBFAB, 0x9FA3, 0xBFAB, 0xDFB3, 0x3F8B, 0xFF72, 0xFF72, 0xFF72, 0xFF72, 0xFF72, 0xFF72, 0xFF72, 
  0xFF72, 0xFF72, 0xDF72, 0x1E83, 0xBFA3, 0xBFAB, 0xBFAB, 0x9FB3, 0xBEB3, 0xFFBB, 0x58B2, 0x2A90, 0x6C90, 0x8CA0, 0x0BA0, 0x2DB0, 
  0x2CD8, 0x6DC8, 0x4DC0, 0x2DC0, 0x0CC0, 0x4CB0, 0x2CA8, 0x2CC0, 0x2DC0, 0x0BA8, 0x2CC0, 0x2BB0, 0x0BB0, 0x6CA8, 0x8DB8, 0x0CB0, 
  0xDAB2, 0xDFAB, 0xBFAB, 0xDFAB, 0xBFB3, 0xDFB3, 0xDFB3, 0xBFAB, 0xDFB3, 0xDFB3, 0xBFB3, 0xBFB3, 0xBFB3, 0xDFB3, 0xBFB3, 0xBFAB, 
  0xDFB3, 0xDFB3, 0x5EAB, 0x1EDE, 0x1CD6, 0x8E88, 0x0BA8, 0x2DA8, 0x1199, 0x9DCD, 0xFFFF, 0xFFFF, 0xBFCD, 0x3189, 0x4990, 0x2BA0, 
  0x4CA8, 0x2BA0, 0x8EB8, 0x4AA0, 0x8CA8, 0xAFC8, 0x0BA8, 0x0AA8, 0x2AA8, 0x0BB0, 0x4BB0, 0xACA0, 0x2CB0, 0x0BC0, 0x4DD0, 0x2CD0, 
  0x4DD0, 0x4CB0, 0x2CB0, 0x0BB0, 0x0CA8, 0x4BA0, 0x0AA8, 0x2BA0, 0x2988, 0x759A, 0xDFFF, 0x5ED6, 0xBD6A, 0xDF7A, 0x7F9B, 0xFFB3, 
  0xFFBB, 0x1E93, 0x5DB5, 0xFFFF, 0xDEC5, 0x1E83, 0xDFBB, 0xBFBB, 0xBE9B, 0xBFF7, 0x9DC5, 0x9FA3, 0x9399, 0x0B98, 0x2CA0, 0x0CC0, 
  0x0BA8, 0x4BA0, 0x0BA0, 0x6DC0, 0x6DC8, 0x2BB0, 0x0CB8, 0xADB8, 0x4CB8, 0x4DA8, 0x0CB0, 0x4BA8, 0x6B98, 0x2CA8, 0x6B98, 0x4B98, 
  0x6BA8, 0x2BB0, 0x4BA8, 0xACA0, 0x6BA0, 0x6A80, 0x6B98, 0x4BA0, 0x4B90, 0x2B98, 0x4B90, 0x2B98, 0x6CA8, 0x6B90, 0x6B90, 0x4BA0, 
  0xAA88, 0x4CA0, 0x0BB8, 0xCA80, 0x0A42, 0x4B88, 0x6A90, 0xCB80, 0xEB80, 0x09A8, 0x52A9, 0x3F8B, 0x1D9B, 0xAFA8, 0x0AA0, 0x16BA, 
  0xDFBB, 0xBFB3, 0xBFB3, 0xDFB3, 0xDFB3, 0xBFAB, 0xBFAB, 0xBFAB, 0xDFB3, 0xBFB3, 0xBFB3, 0xDFB3, 0xDFB3, 0xDFB3, 0xBFB3, 0xDFB3, 
  0xDFB3, 0xDFB3, 0xDFB3, 0xDFB3, 0xBFB3, 0xBFB3, 0xBFB3, 0xBFAB, 0xBFAB, 0xDFB3, 0xDFB3, 0xBFB3, 0xBFB3, 0xDFB3, 0xDFB3, 0xDFB3
};
