// Gerado automaticamente - DarthVade.jpg
// Tamanho: 240x240 pixels
// Uso: tft.pushImage(x, y, 240, 240, DarthVader);

#pragma once
#include <pgmspace.h>

#define DARTHVADER_W 240
#define DARTHVADER_H 240

static const uint16_t DarthVader[] PROGMEM = {
  0x30E9, 0x10E9, 0x10E9, 0x10E9, 0x10E9, 0x10E9, 0x10E9, 0x10E9, 0x10E9, 0x10E9, 0x10E9, 0x10E9, 0x10E9, 0x10E9, 0x10E9, 0x10E9, 
  0x10E9, 0x10E9, 0x10E9, 0x10E9, 0x10E9, 0x10E9, 0x10E9, 0x10E9, 0x10E9, 0x10E9, 0x10E9, 0x10E9, 0x10E9, 0x10E9, 0x10E9, 0x10E9, 
  0x10E9, 0x10E9, 0x10E9, 0x10E9, 0x10E9, 0x10E9, 0x10E9, 0x10E9, 0x10E9, 0x10E9, 0x10E9, 0x10E9, 0x10E9, 0x10E9, 0x10E9, 0x10E9, 
  0x10E9, 0x10E9, 0x10E9, 0x10E9, 0x10E9, 0x10E9, 0x10E9, 0x10E9, 0x10E9, 0x10E9, 0x10E9, 0x10E9, 0x10E9, 0x10E9, 0x10E9, 0x10E9, 
  0x10E9, 0x10E9, 0x10E9, 0x10E9, 0x10E9, 0x10E9, 0x10E9, 0x10E9, 0x10E9, 0x10E9, 0x10E9, 0x10E9, 0x10E9, 0x10E9, 0x10E9, 0x10E9, 
  0x10E9, 0x10E9, 0x10E9, 0x10E9, 0x10E9, 0x10E9, 0x10E9, 0x10E9, 0x10E9, 0x10E9, 0x10E9, 0x10E9, 0x10E9, 0x10E9, 0x10E9, 0x10E9, 
  0x10E9, 0x10E9, 0x10E9, 0x10E9, 0x10E9, 0x10E9, 0x10E9, 0x10E9, 0x10E9, 0x10E9, 0x10E9, 0x10E9, 0x10E9, 0x10E9, 0x10E9, 0x10E9, 
  0x10E9, 0x10E9, 0x10E9, 0x10E9, 0x10E9, 0x10E9, 0x10E9, 0x10E9, 0x10E9, 0x10E9, 0x10E9, 0x10E9, 0x10E9, 0x10E9, 0x10E9, 0x10E9, 
  0x10E9, 0x10E9, 0x10E9, 0x10E9, 0x10E9, 0x10E9, 0x10E9, 0x10E9, 0x10E9, 0x10E9, 0x10E9, 0x10E9, 0x10E9, 0x10E9, 0x10E9, 0x10E9, 
  0x10E9, 0x10E9, 0x10E9, 0x10E9, 0x10E9, 0x10E9, 0x30E9, 0x10E9, 0x10E9, 0x10E9, 0x10E9, 0x10E9, 0x10E9, 0x10E9, 0x10E9, 0x10E9, 
  0x10E9, 0x10E9, 0x10E9, 0x10E9, 0x10E9, 0x10E9, 0x10E9, 0x10E9, 0x10E9, 0x10E9, 0x10E9, 0x10E9, 0x10E9, 0x10E9, 0x10E9, 0x10E9, 
  0x10E9, 0x10E9, 0x10E9, 0x10E9, 0x10E9, 0x10E9, 0x10E9, 0x10E9, 0x10E9, 0x10E9, 0x10E9, 0x10E9, 0x10E9, 0x10E9, 0x10E9, 0x10E9, 
  0x10E9, 0x10E9, 0x10E9, 0x10E9, 0x10E9, 0x10E9, 0x10E9, 0x10E9, 0x10E9, 0x10E9, 0x10E9, 0x10E9, 0x30E9, 0x10E9, 0x10E9, 0x10E9, 
  0x10E9, 0x10E9, 0x10E9, 0x10E9, 0x10E9, 0x10E9, 0x10E9, 0x10E9, 0x10E9, 0x10E9, 0x10E9, 0x10E9, 0x10E9, 0x10E9, 0x10E9, 0x10E9, 
  0x10E9, 0x10E9, 0x10E9, 0x10E9, 0x10E9, 0x10E9, 0x10E9, 0x10E9, 0x10E9, 0x10E9, 0x10E9, 0x10E9, 0x10E9, 0x10E9, 0x10E9, 0x30E9, 
  0x10E9, 0xF0E0, 0xF0E8, 0xF0E8, 0xF0E8, 0xEFE8, 0xEFE8, 0xF0E8, 0xF0E8, 0xF0E8, 0xF0E8, 0xF0E8, 0xEFE8, 0xF0E8, 0xF0E8, 0xF0E8, 
  0xEFE8, 0xF0E8, 0xF0E8, 0xF0E8, 0xEFE8, 0xF0E8, 0xF0E8, 0xF0E8, 0xF0E8, 0xF0E8, 0xEFE8, 0xEFE8, 0xEFE8, 0xEFE8, 0xEFE8, 0xEFE8, 
  0xF0E8, 0xF0E8, 0xEFE0, 0xEFE8, 0xF0E8, 0xF0E8, 0xF0E8, 0xF0E8, 0xF0E8, 0xF0E8, 0xF0E8, 0xF0E8, 0xF0E8, 0xEFE8, 0xEFE8, 0xEFE8, 
  0xEFE8, 0xF0E8, 0xF0E8, 0xF0E8, 0xEFE8, 0xF0E8, 0xF0E8, 0xEFE8, 0xEFE8, 0xEFE0, 0xEFE8, 0xEFE8, 0xEFE8, 0xEFE8, 0xF0E8, 0xF0E8, 
  0xF0E8, 0xF0E8, 0xF0E8, 0xF0E8, 0xF0E8, 0xF0E8, 0xF0E8, 0xF0E8, 0xF0E8, 0xF0E0, 0xF0E8, 0xF0E8, 0xF0E8, 0xEFE8, 0xEFE8, 0xEFE8, 
  0xF0E8, 0xF0E8, 0xF0E8, 0xF0E8, 0xF0E8, 0xF0E8, 0xF0E8, 0xF0E8, 0xF0E8, 0xF0E8, 0xEFE8, 0xF0E8, 0xF0E8, 0xF0E8, 0xF0E8, 0xF0E8, 
  0xF0E8, 0xF0E8, 0xF0E8, 0xEFE8, 0xEFE8, 0xF0E8, 0xF0E8, 0xF0E8, 0xF0E8, 0xF0E8, 0xEFE8, 0xEFE8, 0xEFE8, 0xEFE8, 0xF0E0, 0xF0E0, 
  0xF0E8, 0xF0E8, 0xF0E8, 0xF0E8, 0xF0E8, 0xF0E8, 0xEFE0, 0xF0E8, 0xF0E0, 0xF0E0, 0xEFE0, 0xF0E8, 0xF0E8, 0xF0E8, 0xF0E8, 0xF0E8, 
  0xEFE8, 0xEFE8, 0xF0E8, 0xF0E8, 0xF0E8, 0xEFE8, 0xEFE8, 0xEFE8, 0xEFE8, 0xF0E8, 0xF0E8, 0xEFE8, 0xF0E8, 0xF0E8, 0xF0E8, 0xEFE8, 
  0xEFE8, 0xEFE8, 0xF0E8, 0xF0E8, 0xF0E8, 0xF0E0, 0xF0E0, 0xF0E8, 0xF0E8, 0xF0E8, 0xF0E8, 0xF0E8, 0xF0E8, 0xF0E8, 0xF0E8, 0xF0E8, 
  0xF0E8, 0xF0E8, 0xF0E8, 0xEFE8, 0xEFE8, 0xEFE8, 0xEFE8, 0xEFE8, 0xF0E8, 0xF0E8, 0xF0E8, 0xEFE8, 0xEFE8, 0xF0E8, 0xF0E8, 0xF0E0, 
  0xF0E8, 0xF0E8, 0xF0E8, 0xF0E8, 0xF0E8, 0xF0E8, 0xF0E0, 0xF0E8, 0xF0E8, 0xEFE8, 0xEFE8, 0xF0E8, 0xF0E8, 0xEFE8, 0xF0E8, 0xF0E8, 
  0xF0E8, 0xEFE8, 0xF0E8, 0xEFE8, 0xEFE8, 0xF0E8, 0xF0E8, 0xF0E8, 0xF0E8, 0xF0E0, 0xEFE8, 0xEFE8, 0xEFE8, 0xF0E8, 0xF0E8, 0xF0E8, 
  0xF0E8, 0xF0E8, 0xF0E8, 0xEFE8, 0xF0E8, 0xF0E8, 0xF0E8, 0xF0E8, 0xF0E8, 0xF0E8, 0xF0E8, 0xEFE8, 0xEFE8, 0xEFE8, 0xF0E8, 0xF0E8, 
  0xF0E8, 0xF0E8, 0xF0E8, 0xF0E8, 0xF0E8, 0xF0E8, 0xF0E8, 0xEFE8, 0xEFE8, 0xF0E8, 0xF0E0, 0xF0E8, 0xF0E8, 0xF0E8, 0xEFE0, 0x10E9, 
  0x10E9, 0xF0E8, 0xF0E8, 0xF0E8, 0xF0E8, 0xF0E8, 0xF0E8, 0xF0E8, 0xF0E8, 0xF0E8, 0xF0E8, 0xF0E8, 0xF0E8, 0xF0E8, 0xF0E8, 0xF0E8, 
  0xF0E8, 0xF0E8, 0xF0E8, 0xF0E8, 0xF0E8, 0xF0E8, 0xF0E8, 0xF0E8, 0xF0E8, 0xF0E8, 0xF0E8, 0xF0E8, 0xF0E8, 0xF0E8, 0xF0E8, 0xF0E8, 
  0xF0E8, 0xF0E8, 0xF0E8, 0xF0E8, 0xF0E8, 0xF0E8, 0xF0E8, 0xF0E8, 0xF0E8, 0xF0E8, 0xF0E8, 0xF0E8, 0xF0E8, 0xF0E8, 0xF0E8, 0xF0E8, 
  0xF0E8, 0xF0E8, 0xF0E8, 0xF0E8, 0xF0E8, 0xF0E8, 0xF0E8, 0xF0E8, 0xF0E8, 0xF0E8, 0xF0E8, 0xF0E8, 0xF0E8, 0xF0E8, 0xF0E8, 0xF0E8, 
  0xF0E8, 0xF0E8, 0xF0E8, 0xF0E8, 0xF0E8, 0xF0E8, 0xF0E8, 0xF0E8, 0xF0E8, 0xF0E8, 0xF0E8, 0xF0E8, 0xF0E8, 0xEFE8, 0xEFE8, 0xF0E8, 
  0xF0E8, 0xF0E8, 0xF0E8, 0xF0E8, 0x10E9, 0xF0E8, 0xF0E8, 0xF0E8, 0xF0E8, 0xF0E8, 0xF0E8, 0xF0E8, 0xF0E8, 0xF0E8, 0xF0E8, 0xF0E8, 
  0xF0E8, 0xF0E8, 0xF0E8, 0xF0E8, 0xF0E8, 0xF0E8, 0xF0E8, 0xF0E8, 0xF0E8, 0xF0E8, 0xF0E8, 0xF0E8, 0xF0E8, 0xF0E8, 0xF0E8, 0xF0E8, 
  0xF0E8, 0xF0E8, 0xF0E8, 0xF0E8, 0xF0E8, 0xF0E8, 0xF0E8, 0xF0E8, 0xF0E8, 0xF0E8, 0xF0E8, 0xF0E8, 0xF0E8, 0xF0E8, 0xF0E8, 0xF0E8, 
  0xF0E8, 0xF0E8, 0xF0E8, 0xF0E8, 0xF0E8, 0xF0E8, 0xF0E8, 0xF0E8, 0xF0E8, 0xF0E8, 0xF0E8, 0xF0E8, 0xF0E8, 0xF0E8, 0xF0E8, 0xF0E8, 
  0xF0E8, 0xF0E8, 0xF0E8, 0xF0E8, 0xF0E8, 0xF0E8, 0xF0E8, 0xF0E8, 0xF0E8, 0xF0E8, 0xF0E8, 0xF0E8, 0xF0E8, 0xF0E8, 0xF0E8, 0xF0E8, 
  0xF0E8, 0xF0E8, 0xF0E8, 0xF0E8, 0xF0E8, 0xF0E8, 0xF0E8, 0xF0E8, 0xF0E8, 0xF0E8, 0xF0E8, 0xF0E8, 0xF0E8, 0xF0E8, 0xF0E8, 0xF0E8, 
  0xF0E8, 0xF0E8, 0xF0E8, 0xF0E8, 0xF0E8, 0xF0E8, 0xF0E8, 0xF0E8, 0xF0E8, 0xF0E8, 0xF0E8, 0xF0E8, 0xF0E8, 0xF0E8, 0xF0E8, 0xF0E8, 
  0xF0E8, 0xF0E8, 0xF0E8, 0xF0E8, 0xF0E8, 0xF0E8, 0xF0E8, 0xF0E8, 0xF0E8, 0xF0E8, 0xF0E8, 0x10E9, 0xF0E8, 0xF0E8, 0xF0E8, 0xF0E8, 
  0xF0E8, 0xF0E8, 0xF0E8, 0xF0E8, 0xF0E8, 0xF0E8, 0xF0E8, 0xF0E8, 0xF0E8, 0xF0E8, 0xF0E8, 0xF0E8, 0xF0E8, 0xF0E8, 0xF0E8, 0xF0E8, 
  0xF0E8, 0xF0E8, 0xF0E8, 0xF0E8, 0xF0E8, 0xF0E8, 0xF0E8, 0xF0E8, 0xF0E8, 0xF0E8, 0xF0E8, 0xF0E8, 0xF0E8, 0xF0E8, 0xF0E8, 0x10E9, 
  0x10E9, 0xF0E8, 0xF0E8, 0xF0E8, 0xF0E8, 0xF0E8, 0xF0E8, 0xF0E8, 0xF0E8, 0xF0E8, 0xF0E8, 0xF0E8, 0xF0E8, 0xF0E8, 0xF0E8, 0xF0E8, 
  0xF0E8, 0xF0E8, 0xF0E8, 0xF0E8, 0xF0E8, 0xF0E8, 0xF0E8, 0xF0E8, 0xF0E8, 0xF0E8, 0xF0E8, 0xF0E8, 0xF0E8, 0xF0E8, 0xF0E8, 0xF0E8, 
  0xF0E8, 0xF0E8, 0xF0E8, 0xF0E8, 0xF0E8, 0xF0E8, 0xF0E8, 0xF0E8, 0xF0E8, 0xF0E8, 0xF0E8, 0xF0E8, 0xF0E8, 0xF0E8, 0xF0E8, 0xF0E8, 
  0xF0E8, 0xF0E8, 0xF0E8, 0xF0E8, 0xF0E8, 0xF0E8, 0xF0E8, 0xF0E8, 0xF0E8, 0xF0E8, 0xF0E8, 0xF0E8, 0xF0E8, 0xF0E8, 0xF0E8, 0xF0E8, 
  0xF0E8, 0xF0E8, 0xF0E8, 0xF0E8, 0xF0E8, 0xF0E8, 0xF0E8, 0xF0E8, 0xF0E8, 0xF0E8, 0xF0E8, 0xF0E8, 0xF0E8, 0xF0E8, 0xF0E8, 0xF0E8, 
  0xF0E8, 0xF0E8, 0xF0E8, 0xF0E8, 0xF0E8, 0xF0E8, 0xF0E8, 0xF0E8, 0xF0E8, 0xF0E8, 0xF0E8, 0xF0E8, 0xF0E8, 0xF0E8, 0xF0E8, 0xF0E8, 
  0xF0E8, 0xF0E8, 0xF0E8, 0xF0E8, 0xF0E8, 0xF0E8, 0xF0E8, 0xF0E8, 0xF0E8, 0xF0E8, 0xF0E8, 0xF0E8, 0xF0E8, 0xF0E8, 0xF0E8, 0xF0E8, 
  0xF0E8, 0xF0E8, 0xF0E8, 0xF0E8, 0xF0E8, 0xF0E8, 0xF0E8, 0xF0E8, 0xF0E8, 0xF0E8, 0xF0E8, 0xF0E8, 0xF0E8, 0xF0E8, 0xF0E8, 0xF0E8, 
  0xF0E8, 0xF0E8, 0xF0E8, 0xF0E8, 0xF0E8, 0xF0E8, 0xF0E8, 0xF0E8, 0xF0E8, 0xF0E8, 0xF0E8, 0xF0E8, 0xF0E8, 0xF0E8, 0xF0E8, 0xF0E8, 
  0xF0E8, 0xF0E8, 0xF0E8, 0xF0E8, 0xF0E8, 0xF0E8, 0xF0E8, 0xF0E8, 0xF0E8, 0xF0E8, 0xF0E8, 0xF0E8, 0xF0E8, 0xF0E8, 0xF0E8, 0xF0E8, 
  0xF0E8, 0xF0E8, 0xF0E8, 0xF0E8, 0xF0E8, 0xF0E8, 0xF0E8, 0xF0E8, 0xF0E8, 0xF0E8, 0xF0E8, 0xF0E8, 0xF0E8, 0xF0E8, 0xF0E8, 0xF0E8, 
  0xF0E8, 0xF0E8, 0xF0E8, 0xF0E8, 0xF0E8, 0xF0E8, 0xF0E8, 0xF0E8, 0xF0E8, 0xF0E8, 0xF0E8, 0xF0E8, 0xF0E8, 0xF0E8, 0xF0E8, 0xF0E8, 
  0xF0E8, 0xF0E8, 0xF0E8, 0xF0E8, 0xF0E8, 0xF0E8, 0xF0E8, 0xF0E8, 0xF0E8, 0xF0E8, 0xF0E8, 0xF0E8, 0xF0E8, 0xF0E8, 0xF0E8, 0xF0E8, 
  0xF0E8, 0xF0E8, 0xF0E8, 0xF0E8, 0xF0E8, 0xF0E8, 0xF0E8, 0xF0E8, 0xF0E8, 0xF0E8, 0xF0E8, 0xF0E8, 0xF0E8, 0xF0E8, 0xF0E8, 0xF0E8, 
  0xF0E8, 0xF0E8, 0xF0E8, 0xF0E8, 0xF0E8, 0xF0E8, 0xF0E8, 0xF0E8, 0xF0E8, 0xF0E8, 0x10E9, 0xF0E8, 0xF0E8, 0xF0E8, 0xF0E8, 0x10E9, 
  0x10E9, 0xF0E8, 0xF0E8, 0xF0E8, 0xF0E8, 0xF0E8, 0xF0E8, 0x10E9, 0x10E9, 0xF0E0, 0xF0E8, 0xF0E8, 0x10E9, 0xF0E8, 0xF0E8, 0xF0E8, 
  0xF0E8, 0xF0E8, 0xF0E0, 0xF0E8, 0xF0E8, 0x10E9, 0xF0E0, 0xF0E8, 0xF0E8, 0xF0E8, 0xF0E8, 0xF0E8, 0xF0E8, 0xF0E8, 0x10E9, 0xF0E8, 
  0xF0E8, 0xF0E8, 0xF0E8, 0xF0E8, 0xF0E8, 0xF0E8, 0xF0E8, 0xF0E8, 0xF0E0, 0xF0E0, 0x10E9, 0xF0E0, 0xF0E8, 0x10E9, 0x10E9, 0xF0E0, 
  0xF0E8, 0xF0E8, 0xF0E8, 0xF0E8, 0xF0E0, 0xF0E8, 0xF0E8, 0xF0E8, 0xF0E8, 0xF0E8, 0xF0E0, 0xF0E8, 0xF0E8, 0xF0E8, 0xF0E8, 0xF0E0, 
  0x10E9, 0xF0E0, 0xF0E0, 0xF0E8, 0xF0E8, 0xF0E8, 0xF0E8, 0xF0E8, 0x10E9, 0x10E9, 0xF0E0, 0xF0E8, 0xF0E8, 0xF0E8, 0xF0E8, 0xF0E8, 
  0xF0E8, 0xF0E8, 0xF0E0, 0xF0E8, 0xF0E0, 0xF0E0, 0xF0E0, 0xF0E0, 0x10E1, 0xF0E8, 0xF0E8, 0xF0E8, 0xF0E8, 0xF0E8, 0xF0E8, 0xF0E8, 
  0xF0E0, 0xF0E0, 0x10E9, 0xF0E8, 0xF0E8, 0xF0E0, 0x10E9, 0x10E9, 0x10E9, 0x10E9, 0xF0E8, 0xF0E8, 0xF0E8, 0xF0E8, 0xF0E8, 0xF0E8, 
  0xF0E8, 0xF0E8, 0xF0E8, 0xF0E8, 0xF0E8, 0xF0E8, 0xF0E8, 0xF0E8, 0xF0E8, 0xF0E8, 0xF0E0, 0xF0E0, 0xF0E8, 0xF0E8, 0xF0E8, 0xF0E8, 
  0xF0E8, 0xF0E8, 0x10E9, 0xF0E8, 0xF0E8, 0xF0E8, 0xF0E8, 0xF0E0, 0xF0E0, 0x10E1, 0xF0E8, 0xF0E8, 0xF0E8, 0xF0E8, 0xF0E8, 0xF0E8, 
  0xF0E8, 0xF0E8, 0xF0E8, 0xF0E8, 0xF0E8, 0xF0E8, 0xF0E8, 0xF0E8, 0xF0E8, 0xF0E8, 0xF0E8, 0xF0E8, 0xF0E8, 0xF0E8, 0xF0E8, 0xF0E8, 
  0xF0E8, 0xF0E8, 0xF0E8, 0xF0E8, 0xF0E8, 0xF0E0, 0xF0E8, 0xF0E8, 0xF0E8, 0xF0E8, 0xF0E8, 0x10E9, 0x10E9, 0xF0E8, 0xF0E8, 0xF0E0, 
  0xF0E0, 0xF0E0, 0xF0E8, 0xF0E8, 0xF0E0, 0xF0E8, 0xF0E8, 0xF0E8, 0xF0E0, 0xF0E8, 0xF0E8, 0xF0E8, 0xF0E8, 0xF0E8, 0xF0E8, 0xF0E8, 
  0x10E9, 0x10E9, 0xF0E0, 0xF0E0, 0x10E9, 0xF0E0, 0xF0E8, 0xF0E8, 0xF0E8, 0xF0E8, 0xF0E8, 0xF0E8, 0xF0E8, 0xF0E8, 0xF0E8, 0xF0E8, 
  0xF0E8, 0xF0E8, 0xF0E8, 0xF0E8, 0xF0E8, 0xF0E8, 0xF0E8, 0x10E9, 0x10E9, 0xF0E8, 0xF0E8, 0xF0E8, 0xF0E0, 0xF0E8, 0xF0E8, 0xF0E8, 
  0xF0E8, 0xF0E8, 0xF0E8, 0xF0E8, 0xF0E8, 0xF0E8, 0xF0E8, 0xF0E8, 0xF0E8, 0x10E9, 0x10E9, 0xF0E0, 0xF0E0, 0xF0E8, 0xF0E0, 0x10E9, 
  0x10E9, 0xF0E8, 0xF0E8, 0xF0E8, 0xF0E8, 0xF0E8, 0xF0E8, 0xF0E8, 0xF0E8, 0xF0E8, 0xF0E8, 0xF0E8, 0xF0E8, 0xF0E8, 0xF0E8, 0xF0E8, 
  0xF0E8, 0xF0E8, 0xF0E8, 0xF0E8, 0xF0E8, 0xF0E8, 0xF0E8, 0xF0E8, 0xF0E8, 0xF0E8, 0xF0E8, 0xF0E8, 0xF0E8, 0xF0E8, 0xF0E8, 0xF0E8, 
  0xF0E8, 0xF0E8, 0xF0E8, 0xF0E8, 0xF0E8, 0xF0E8, 0xF0E8, 0xF0E8, 0xF0E8, 0xF0E8, 0xF0E8, 0xF0E8, 0xF0E8, 0xF0E8, 0xF0E8, 0xF0E8, 
  0xF0E8, 0xF0E8, 0xF0E8, 0xF0E8, 0xF0E8, 0xF0E8, 0xF0E8, 0xF0E8, 0xF0E8, 0xF0E8, 0xF0E8, 0xF0E8, 0xF0E8, 0xF0E8, 0xF0E8, 0xF0E8, 
  0xF0E8, 0xF0E8, 0xF0E8, 0xF0E8, 0xF0E8, 0xF0E8, 0xF0E8, 0xF0E8, 0xF0E8, 0xF0E8, 0xF0E8, 0xF0E8, 0xF0E8, 0xF0E8, 0xF0E8, 0xF0E8, 
  0xF0E8, 0xF0E8, 0xF0E8, 0xF0E8, 0xF0E8, 0xF0E8, 0xF0E8, 0xF0E8, 0xF0E8, 0xF0E8, 0xF0E8, 0xF0E8, 0xF0E8, 0xF0E8, 0xF0E8, 0xF0E8, 
  0xF0E8, 0xF0E8, 0xF0E8, 0xF0E8, 0xF0E8, 0xF0E8, 0xF0E8, 0xF0E8, 0xF0E8, 0xF0E8, 0xF0E8, 0xF0E8, 0xF0E8, 0xF0E8, 0xF0E8, 0xF0E8, 
  0xF0E8, 0xF0E8, 0xF0E8, 0xF0E8, 0xF0E0, 0xF0E8, 0xF0E8, 0xF0E8, 0xF0E8, 0xF0E8, 0xF0E8, 0xF0E8, 0xF0E8, 0xF0E8, 0xF0E8, 0xF0E8, 
  0xF0E8, 0xF0E8, 0xF0E8, 0xF0E8, 0xF0E8, 0xF0E8, 0xF0E8, 0x10E9, 0x10E9, 0x10E9, 0xF0E8, 0xF0E8, 0xF0E8, 0xF0E8, 0xF0E8, 0xF0E8, 
  0xF0E8, 0xF0E8, 0xF0E8, 0xF0E8, 0xF0E8, 0xF0E8, 0xF0E8, 0xF0E8, 0xF0E8, 0xF0E8, 0xF0E8, 0xF0E8, 0xF0E8, 0xF0E8, 0xF0E8, 0xF0E8, 
  0xF0E8, 0xF0E8, 0xF0E8, 0xF0E8, 0xF0E8, 0xF0E8, 0xF0E8, 0xF0E8, 0xF0E8, 0xF0E8, 0xF0E8, 0xF0E8, 0xF0E8, 0xF0E8, 0xF0E8, 0xF0E8, 
  0xF0E8, 0xF0E8, 0xF0E8, 0xF0E8, 0xF0E8, 0xF0E8, 0xF0E8, 0xF0E8, 0xF0E8, 0xF0E8, 0xF0E8, 0xF0E8, 0xF0E8, 0xF0E8, 0xF0E8, 0xF0E8, 
  0xF0E8, 0xF0E8, 0xF0E8, 0xF0E8, 0xF0E8, 0xF0E8, 0xF0E8, 0xF0E8, 0xF0E8, 0xF0E8, 0xF0E8, 0xF0E8, 0xF0E8, 0xF0E8, 0xF0E8, 0xF0E8, 
  0xF0E8, 0xF0E8, 0xF0E8, 0xF0E8, 0xF0E8, 0xF0E8, 0xF0E8, 0xF0E8, 0xF0E8, 0xF0E8, 0xF0E8, 0xF0E8, 0xF0E8, 0xF0E8, 0xF0E8, 0xF0E8, 
  0xF0E8, 0xF0E8, 0xF0E8, 0xF0E8, 0xF0E8, 0xF0E8, 0xF0E8, 0xF0E8, 0xF0E8, 0xF0E8, 0xF0E8, 0xF0E8, 0xF0E8, 0xF0E8, 0xF0E8, 0x10E9, 
  0x10E9, 0xF0E8, 0xF0E8, 0xF0E8, 0xF0E8, 0xF0E8, 0xF0E8, 0xF0E8, 0xF0E8, 0x10E9, 0xF0E8, 0xF0E8, 0xF0E8, 0xF0E8, 0xF0E8, 0xF0E8, 
  0xF0E8, 0xF0E8, 0xF0E8, 0xF0E8, 0xF0E8, 0xF0E8, 0xF0E8, 0xF0E8, 0xF0E8, 0xF0E8, 0xF0E8, 0xF0E8, 0xF0E8, 0xF0E8, 0xF0E8, 0xF0E8, 
  0xF0E8, 0xF0E8, 0xF0E8, 0xF0E8, 0xF0E8, 0xF0E8, 0xF0E8, 0xF0E8, 0xF0E8, 0xF0E8, 0xF0E8, 0xF0E8, 0xF0E8, 0xF0E8, 0xF0E8, 0xF0E8, 
  0xF0E8, 0xF0E8, 0xF0E8, 0xF0E8, 0xF0E8, 0xF0E8, 0xF0E8, 0xF0E8, 0xF0E8, 0xF0E8, 0xF0E8, 0xF0E8, 0xF0E8, 0xF0E8, 0xF0E8, 0xF0E8, 
  0xF0E8, 0xF0E8, 0xF0E8, 0xF0E8, 0xF0E8, 0xF0E8, 0xF0E8, 0xF0E8, 0xF0E8, 0xF0E8, 0xF0E8, 0xF0E8, 0xF0E8, 0xF0E8, 0xF0E8, 0xF0E8, 
  0xF0E8, 0xF0E8, 0xF0E8, 0xF0E8, 0xF0E8, 0xF0E8, 0xF0E8, 0xF0E8, 0xF0E8, 0xF0E8, 0xF0E8, 0xF0E8, 0xF0E8, 0xF0E8, 0xF0E8, 0xF0E8, 
  0xF0E8, 0xF0E8, 0xF0E8, 0xF0E8, 0xF0E8, 0xF0E8, 0xF0E0, 0xF0E8, 0x10E9, 0xF0E8, 0xF0E8, 0xF0E8, 0xF0E8, 0xF0E8, 0xF0E8, 0xF0E8, 
  0xF0E8, 0xF0E8, 0xF0E8, 0xF0E8, 0xF0E8, 0xF0E8, 0xF0E8, 0xF0E8, 0xF0E8, 0xF0E8, 0xF0E8, 0xF0E8, 0xF0E8, 0xF0E8, 0xF0E8, 0xF0E8, 
  0xF0E8, 0xF0E8, 0xF0E8, 0xF0E8, 0xF0E8, 0xF0E8, 0xF0E8, 0xF0E8, 0xF0E8, 0xF0E8, 0xF0E8, 0xF0E8, 0xF0E8, 0xF0E8, 0xF0E8, 0xF0E8, 
  0xF0E8, 0xF0E8, 0xF0E8, 0xF0E8, 0xF0E8, 0xF0E8, 0xF0E8, 0xF0E8, 0xF0E8, 0xF0E8, 0xF0E8, 0xF0E8, 0xF0E8, 0xF0E8, 0xF0E8, 0xF0E8, 
  0xF0E8, 0xF0E8, 0xF0E8, 0xF0E8, 0xF0E8, 0xF0E8, 0xF0E8, 0xF0E8, 0xF0E8, 0xF0E8, 0xF0E8, 0xF0E8, 0xF0E8, 0xF0E8, 0xF0E8, 0xF0E8, 
  0xF0E8, 0xF0E8, 0xF0E8, 0xF0E8, 0xF0E8, 0xF0E8, 0xF0E8, 0xF0E8, 0xF0E8, 0xF0E8, 0xF0E8, 0xF0E8, 0xF0E8, 0xF0E8, 0xF0E8, 0xF0E8, 
  0xF0E8, 0xF0E8, 0xF0E8, 0xF0E8, 0xF0E8, 0xF0E8, 0xF0E8, 0xF0E8, 0xF0E8, 0xF0E8, 0xF0E8, 0xF0E8, 0xF0E8, 0xF0E8, 0xF0E8, 0xF0E8, 
  0xF0E8, 0xF0E8, 0xF0E8, 0xF0E8, 0xF0E8, 0xF0E8, 0xF0E8, 0xF0E8, 0xF0E8, 0xF0E8, 0xF0E8, 0xF0E8, 0xF0E8, 0xF0E8, 0xF0E8, 0xF0E8, 
  0xF0E8, 0xF0E8, 0xF0E8, 0xF0E8, 0xF0E8, 0xF0E8, 0xF0E8, 0xF0E8, 0xF0E8, 0xF0E8, 0xF0E8, 0xF0E8, 0xF0E8, 0xF0E8, 0xF0E8, 0x10E9, 
  0x10E9, 0xF0E8, 0xF0E8, 0xF0E8, 0xF0E8, 0xF0E8, 0xF0E8, 0xF0E8, 0xF0E8, 0xF0E8, 0xF0E8, 0xF0E8, 0xF0E8, 0xF0E8, 0xF0E8, 0xF0E8, 
  0xF0E8, 0xF0E8, 0xF0E8, 0xF0E8, 0xF0E8, 0xF0E8, 0xF0E8, 0xF0E8, 0xF0E8, 0xF0E8, 0xF0E8, 0xF0E8, 0xF0E8, 0xF0E8, 0xF0E8, 0xF0E8, 
  0xF0E0, 0xF0E8, 0xF0E8, 0xF0E8, 0xF0E8, 0xF0E8, 0xF0E8, 0xF0E8, 0xF0E8, 0xF0E8, 0xF0E8, 0xF0E8, 0xF0E8, 0xF0E8, 0xF0E8, 0xF0E8, 
  0xF0E8, 0xF0E8, 0xF0E8, 0xF0E8, 0xF0E8, 0xF0E8, 0xF0E8, 0xF0E8, 0xF0E8, 0xF0E8, 0xF0E8, 0xF0E8, 0xF0E8, 0xF0E8, 0xF0E8, 0xF0E8, 
  0xF0E8, 0xF0E8, 0xF0E8, 0xF0E8, 0xF0E8, 0xF0E8, 0xF0E8, 0xF0E8, 0xF0E8, 0xF0E8, 0xF0E8, 0xF0E8, 0xF0E8, 0xF0E8, 0xF0E8, 0xF0E8, 
  0xF0E8, 0xF0E8, 0xF0E8, 0xF0E8, 0xF0E8, 0xF0E8, 0xF0E8, 0xF0E8, 0xF0E8, 0x10E9, 0xEFE8, 0xF0E8, 0xF0E8, 0xF0E8, 0xF0E8, 0xF0E8, 
  0xF0E8, 0xF0E8, 0xF0E8, 0xEFE8, 0xF0E8, 0xF0E8, 0xF0E8, 0xF0E8, 0xEFE8, 0xF0E8, 0xF0E8, 0xF0E8, 0xEFE8, 0xF0E8, 0xF0E8, 0xF0E8, 
  0xF0E8, 0xF0E8, 0xF0E8, 0xF0E8, 0xF0E8, 0xF0E8, 0xF0E8, 0xF0E8, 0xF0E8, 0xF0E8, 0xF0E8, 0xF0E8, 0xF0E8, 0xF0E8, 0xF0E8, 0xF0E8, 
  0xF0E8, 0xF0E8, 0xF0E8, 0xF0E8, 0xF0E8, 0xF0E8, 0xF0E8, 0xF0E8, 0xF0E8, 0xF0E8, 0xF0E8, 0xF0E8, 0xF0E8, 0xF0E8, 0xF0E8, 0xF0E8, 
  0xF0E8, 0xF0E8, 0xF0E8, 0xF0E8, 0xF0E8, 0xF0E8, 0xF0E8, 0xF0E8, 0xF0E8, 0xF0E8, 0xF0E8, 0xF0E8, 0xF0E8, 0xF0E8, 0xF0E8, 0xF0E8, 
  0xF0E8, 0xF0E8, 0x10E9, 0xF0E0, 0xF0E0, 0xF0E8, 0xF0E8, 0xF0E8, 0xF0E8, 0xF0E8, 0xF0E8, 0xF0E8, 0xF0E8, 0xF0E8, 0xF0E8, 0xF0E8, 
  0xF0E8, 0xF0E8, 0xF0E8, 0xF0E8, 0xF0E8, 0xF0E8, 0xF0E8, 0xF0E8, 0xF0E8, 0xF0E8, 0xF0E8, 0xF0E8, 0xF0E8, 0xF0E8, 0xF0E8, 0xF0E8, 
  0xF0E8, 0xF0E8, 0xF0E8, 0xF0E8, 0xF0E8, 0xF0E8, 0xF0E8, 0xF0E8, 0xF0E8, 0xF0E8, 0xF0E8, 0xF0E8, 0xF0E8, 0xF0E0, 0xF0E8, 0xF0E8, 
  0xF0E8, 0xF0E8, 0xF0E8, 0xF0E8, 0xF0E8, 0xF0E8, 0xF0E8, 0xF0E8, 0xF0E8, 0xF0E8, 0xF0E8, 0xF0E8, 0xF0E8, 0xF0E8, 0xF0E8, 0xF0E8, 
  0xF0E8, 0xF0E8, 0xF0E8, 0xF0E8, 0xF0E8, 0xF0E8, 0xF0E8, 0xF0E8, 0xF0E8, 0xF0E8, 0xF0E8, 0xF0E8, 0xF0E8, 0xF0E8, 0xF0E8, 0x10E9, 
  0x10E9, 0xF0E8, 0xF0E8, 0xF0E8, 0xF0E8, 0xF0E8, 0xF0E8, 0xF0E8, 0xF0E8, 0xF0E8, 0xF0E8, 0xF0E8, 0xF0E8, 0xF0E8, 0xF0E8, 0xF0E8, 
  0xF0E8, 0xF0E8, 0xF0E8, 0xF0E8, 0xF0E8, 0xF0E8, 0xF0E8, 0xF0E8, 0xF0E8, 0xF0E8, 0xF0E8, 0xF0E8, 0xF0E8, 0xF0E8, 0xF0E8, 0xF0E8, 
  0xF0E8, 0xF0E8, 0xF0E8, 0xF0E8, 0xF0E8, 0xF0E8, 0xF0E8, 0xF0E8, 0xF0E8, 0xF0E8, 0xF0E8, 0xF0E8, 0xF0E8, 0xF0E8, 0xF0E8, 0xF0E8, 
  0xF0E8, 0xF0E8, 0xF0E8, 0xF0E8, 0xF0E8, 0xF0E8, 0xF0E8, 0xF0E8, 0xF0E8, 0xF0E8, 0xF0E8, 0xF0E8, 0xF0E8, 0xF0E8, 0xF0E8, 0xF0E8, 
  0xF0E8, 0xF0E8, 0xF0E8, 0xF0E8, 0xF0E8, 0xF0E8, 0xF0E8, 0xF0E8, 0xF0E8, 0xF0E8, 0xF0E8, 0xF0E8, 0xF0E8, 0xF0E8, 0xF0E8, 0xF0E8, 
  0xF0E8, 0xF0E8, 0xF0E8, 0xF0E8, 0xF0E8, 0xF0E8, 0xF0E8, 0xF0E8, 0xF0E8, 0xF0E8, 0xF0E8, 0xEFE8, 0x0FE9, 0xF0E8, 0xF0E8, 0xEFE8, 
  0xEFE8, 0xEFE8, 0xF0E8, 0xF0E8, 0x0FE9, 0x0FE9, 0x0FE9, 0x0FE9, 0x0FE9, 0x0FE9, 0x10E9, 0x10E9, 0xF0E8, 0xEFE8, 0x10E9, 0xF0E8, 
  0xF0E8, 0xF0E8, 0xF0E8, 0xF0E8, 0xF0E8, 0xF0E8, 0xF0E8, 0xF0E8, 0xF0E8, 0xF0E8, 0xF0E8, 0xF0E8, 0xF0E8, 0xF0E8, 0xF0E8, 0xF0E8, 
  0xF0E8, 0xF0E8, 0xF0E8, 0xF0E8, 0xF0E8, 0xF0E8, 0xF0E8, 0xF0E8, 0xF0E8, 0xF0E8, 0xF0E8, 0xF0E8, 0xF0E8, 0xF0E8, 0xF0E8, 0xF0E8, 
  0xF0E8, 0xF0E8, 0xF0E8, 0xF0E8, 0xF0E8, 0xF0E8, 0xF0E8, 0xF0E8, 0xF0E8, 0xF0E8, 0xF0E8, 0xF0E8, 0xF0E8, 0xF0E8, 0x10E9, 0xF0E8, 
  0xF0E8, 0xF0E8, 0xF0E8, 0xF0E8, 0xF0E8, 0xF0E8, 0xF0E8, 0xF0E8, 0xF0E8, 0xF0E8, 0xF0E8, 0xF0E8, 0xF0E8, 0xF0E8, 0xF0E8, 0xF0E8, 
  0xF0E8, 0xF0E8, 0xF0E8, 0xF0E8, 0xF0E8, 0xF0E8, 0xF0E8, 0xF0E8, 0xF0E8, 0xF0E8, 0xF0E8, 0xF0E8, 0xF0E8, 0xF0E8, 0xF0E8, 0xF0E8, 
  0xF0E8, 0xF0E8, 0xF0E8, 0xF0E8, 0xF0E8, 0xF0E8, 0xF0E8, 0xF0E8, 0xF0E8, 0xF0E8, 0xF0E8, 0xF0E8, 0xF0E8, 0xF0E8, 0xF0E8, 0xF0E8, 
  0xF0E8, 0xF0E8, 0xF0E8, 0xF0E8, 0xF0E8, 0xF0E8, 0xF0E8, 0xF0E8, 0xF0E8, 0xF0E8, 0xF0E8, 0xF0E8, 0xF0E8, 0xF0E8, 0xF0E8, 0xF0E8, 
  0xF0E8, 0xF0E8, 0xF0E8, 0xF0E8, 0xF0E8, 0xF0E8, 0xF0E8, 0xF0E8, 0xF0E8, 0xF0E8, 0xF0E8, 0xF0E8, 0xF0E8, 0xF0E8, 0xF0E0, 0x10E9, 
  0x10E9, 0xF0E8, 0xF0E8, 0xF0E8, 0xF0E8, 0xF0E8, 0xF0E8, 0xF0E8, 0xF0E8, 0xF0E8, 0xF0E8, 0xF0E8, 0xF0E8, 0xF0E8, 0xF0E8, 0xF0E8, 
  0xF0E8, 0xF0E8, 0xF0E8, 0xF0E8, 0xF0E8, 0xF0E8, 0xF0E8, 0xF0E8, 0xF0E8, 0xF0E8, 0xF0E8, 0xF0E8, 0xF0E8, 0xF0E8, 0xF0E8, 0xF0E8, 
  0xF0E8, 0xF0E8, 0xF0E8, 0xF0E8, 0xF0E8, 0xF0E8, 0xF0E8, 0xF0E8, 0xF0E8, 0xF0E8, 0xF0E8, 0xF0E8, 0xF0E8, 0xF0E8, 0xF0E8, 0xF0E8, 
  0xF0E8, 0xF0E8, 0xF0E8, 0xF0E8, 0xF0E8, 0xF0E8, 0xF0E8, 0xF0E8, 0xF0E8, 0xF0E8, 0xF0E8, 0xF0E8, 0xF0E8, 0xF0E8, 0xF0E8, 0xF0E8, 
  0xF0E8, 0xF0E8, 0xF0E8, 0xF0E8, 0xF0E8, 0xF0E8, 0xF0E8, 0xF0E8, 0xF0E8, 0xF0E8, 0xF0E8, 0xF0E8, 0xF0E8, 0xF0E8, 0xF0E8, 0xF0E8, 
  0xF0E8, 0xF0E8, 0xF0E8, 0xF0E8, 0xF0E8, 0xF0E8, 0xF0E8, 0xF0E8, 0xF0E8, 0xF0E8, 0x10E9, 0xF0E8, 0xF0E8, 0xF0E8, 0xEFE8, 0x10E9, 
  0x0EE9, 0x0DE1, 0xEBE0, 0xCAE0, 0xC9E0, 0xA8E0, 0xC8D8, 0xC8D8, 0xC8D8, 0xC9D8, 0xC9E0, 0xEDE0, 0xEFE8, 0xEFE8, 0xF0E8, 0xF0E8, 
  0xF0E8, 0xF0E8, 0xF0E8, 0xF0E8, 0xF0E8, 0x10E9, 0xF0E8, 0xF0E8, 0xF0E8, 0xF0E8, 0xF0E8, 0xF0E8, 0xF0E8, 0xF0E8, 0xF0E8, 0xF0E8, 
  0xF0E8, 0xF0E8, 0xF0E8, 0xF0E8, 0xF0E8, 0xF0E8, 0xF0E8, 0xF0E8, 0xF0E8, 0xF0E8, 0xF0E8, 0xF0E8, 0xF0E8, 0xF0E8, 0xF0E8, 0xF0E8, 
  0xF0E8, 0xF0E8, 0xF0E8, 0xF0E8, 0xF0E8, 0xF0E8, 0xF0E8, 0xF0E8, 0xF0E8, 0xF0E8, 0xF0E8, 0xF0E8, 0xF0E8, 0xF0E8, 0xF0E8, 0xF0E8, 
  0xF0E8, 0xF0E8, 0xF0E8, 0xF0E8, 0x10E9, 0xF0E8, 0xF0E8, 0xF0E8, 0xF0E8, 0xF0E8, 0xF0E8, 0xF0E8, 0xF0E8, 0xF0E8, 0xF0E8, 0xF0E8, 
  0xF0E8, 0xF0E8, 0xF0E8, 0xF0E8, 0xF0E8, 0xF0E8, 0xF0E8, 0xF0E8, 0xF0E8, 0xF0E8, 0xF0E8, 0xF0E8, 0xF0E8, 0xF0E8, 0xF0E8, 0xF0E8, 
  0xF0E8, 0xF0E8, 0xF0E8, 0xF0E8, 0xF0E8, 0xF0E8, 0xF0E8, 0xF0E8, 0xF0E8, 0xF0E8, 0xF0E8, 0xF0E8, 0xF0E8, 0xF0E8, 0xF0E8, 0xF0E8, 
  0xF0E8, 0xF0E8, 0xF0E8, 0xF0E8, 0xF0E8, 0xF0E8, 0xF0E8, 0xF0E8, 0xF0E8, 0xF0E8, 0xF0E8, 0xF0E8, 0xF0E8, 0xF0E8, 0xF0E8, 0xF0E8, 
  0xF0E8, 0xF0E8, 0xF0E8, 0xF0E8, 0xF0E8, 0xF0E8, 0xF0E8, 0xF0E8, 0xF0E8, 0xF0E8, 0xF0E8, 0xF0E8, 0xF0E8, 0xF0E8, 0xF0E0, 0x10E9, 
  0x10E9, 0xF0E8, 0xF0E8, 0xF0E8, 0xF0E8, 0xF0E8, 0xF0E8, 0xF0E8, 0xF0E8, 0xF0E8, 0xF0E8, 0xF0E8, 0xF0E8, 0xF0E8, 0xF0E8, 0xF0E8, 
  0xF0E8, 0xF0E8, 0xF0E8, 0xF0E8, 0xF0E8, 0xF0E8, 0xF0E8, 0xF0E8, 0xF0E8, 0xF0E8, 0xF0E8, 0xF0E8, 0xF0E8, 0xF0E8, 0xF0E8, 0xF0E8, 
  0xF0E8, 0xF0E8, 0xF0E8, 0xF0E8, 0xF0E8, 0xF0E8, 0xF0E8, 0xF0E8, 0xF0E8, 0xF0E8, 0xF0E8, 0xF0E8, 0xF0E8, 0xF0E8, 0xF0E8, 0xF0E8, 
  0xF0E8, 0xF0E8, 0xF0E8, 0xF0E8, 0xF0E8, 0xF0E8, 0xF0E8, 0xF0E8, 0xF0E8, 0xF0E8, 0xF0E8, 0xF0E8, 0xF0E8, 0xF0E8, 0xF0E8, 0xF0E8, 
  0xF0E8, 0xF0E8, 0xF0E8, 0xF0E8, 0xF0E8, 0xF0E8, 0xF0E8, 0xF0E8, 0xF0E8, 0xF0E8, 0xF0E8, 0xF0E8, 0xF0E8, 0xF0E8, 0xF0E8, 0xF0E8, 
  0xF0E8, 0xF0E8, 0xF0E8, 0xF0E8, 0xF0E8, 0xF0E8, 0xF0E8, 0xF0E8, 0xF0E8, 0xEFE8, 0xEFE8, 0xF0E8, 0xF0E8, 0x0FE9, 0xECE8, 0xC9E0, 
  0xA7D8, 0xA5D8, 0xA4D8, 0xA3D8, 0xA3D8, 0xA3D8, 0xA3D0, 0xA3D8, 0xA3D8, 0xA4D8, 0xA3D8, 0xA6D8, 0x0DE9, 0xF0E8, 0xF0E8, 0xF0E8, 
  0xF0E8, 0xF0E8, 0xF0E8, 0xF0E8, 0xF0E8, 0xF0E8, 0xF0E8, 0xF0E8, 0xF0E8, 0xF0E8, 0xF0E8, 0xF0E8, 0xF0E8, 0xF0E8, 0xF0E8, 0xF0E8, 
  0xF0E8, 0xF0E8, 0xF0E8, 0xF0E8, 0xF0E8, 0xF0E8, 0xF0E8, 0xF0E8, 0xF0E8, 0xF0E8, 0xF0E8, 0xF0E8, 0xF0E8, 0xF0E8, 0xF0E8, 0xF0E8, 
  0xF0E8, 0xF0E8, 0xF0E8, 0xF0E8, 0xF0E8, 0xF0E8, 0xF0E8, 0xF0E8, 0xF0E8, 0xF0E8, 0xF0E8, 0x10E9, 0xF0E8, 0xF0E8, 0xF0E8, 0xF0E8, 
  0xF0E8, 0xF0E8, 0xF0E8, 0xF0E8, 0xF0E8, 0xF0E8, 0xF0E8, 0xF0E8, 0xF0E8, 0xF0E8, 0xF0E8, 0xF0E8, 0xF0E8, 0xF0E8, 0xF0E8, 0xF0E8, 
  0xF0E8, 0xF0E8, 0xF0E8, 0xF0E8, 0xF0E8, 0xF0E8, 0xF0E8, 0xF0E8, 0xF0E8, 0xF0E8, 0xF0E8, 0xF0E8, 0xF0E8, 0xF0E8, 0xF0E8, 0xF0E0, 
  0xF0E8, 0xF0E8, 0xF0E8, 0xF0E8, 0xF0E8, 0xF0E8, 0xF0E8, 0xF0E0, 0xF0E8, 0xF0E8, 0xF0E8, 0xF0E8, 0xF0E8, 0xF0E8, 0xF0E8, 0xF0E8, 
  0xF0E8, 0xF0E8, 0xF0E8, 0xF0E8, 0xF0E8, 0xF0E8, 0xF0E8, 0xF0E8, 0xF0E8, 0xF0E8, 0xF0E8, 0xF0E8, 0xF0E8, 0xF0E8, 0xF0E8, 0xF0E8, 
  0xF0E8, 0xF0E8, 0xF0E8, 0xF0E8, 0xF0E8, 0xF0E8, 0xF0E8, 0xF0E8, 0xF0E8, 0xF0E8, 0xF0E8, 0xF0E8, 0xF0E8, 0xF0E8, 0xF0E8, 0x10E9, 
  0x10E9, 0xF0E8, 0xF0E8, 0xF0E8, 0xF0E8, 0xF0E8, 0xF0E8, 0xF0E8, 0xF0E8, 0xF0E8, 0xF0E8, 0xF0E8, 0xF0E8, 0xF0E8, 0xF0E8, 0xF0E8, 
  0xF0E8, 0x10E9, 0xF0E8, 0xF0E8, 0xF0E8, 0xF0E8, 0xF0E8, 0xF0E8, 0xF0E8, 0xF0E8, 0x0FE9, 0xF0E8, 0xF0E8, 0xF0E8, 0xF0E8, 0xF0E8, 
  0xF0E8, 0xF0E8, 0xF0E8, 0xF0E8, 0xF0E8, 0xF0E8, 0xF0E8, 0xF0E8, 0xF0E8, 0xF0E8, 0xF0E8, 0xF0E8, 0xF0E8, 0xF0E8, 0xF0E8, 0xF0E8, 
  0xF0E8, 0xF0E8, 0xF0E8, 0xF0E8, 0xF0E8, 0xF0E8, 0xF0E8, 0xF0E8, 0xF0E8, 0xF0E8, 0xF0E8, 0xF0E8, 0xF0E8, 0xF0E8, 0xF0E8, 0xF0E8, 
  0xF0E8, 0xF0E8, 0xF0E8, 0xF0E8, 0xF0E8, 0xF0E8, 0xF0E8, 0xF0E8, 0xF0E8, 0xF0E8, 0xF0E8, 0xF0E8, 0xF0E8, 0xF0E8, 0xF0E8, 0xF0E8, 
  0xF0E8, 0xF0E8, 0xF0E8, 0xF0E8, 0xF0E8, 0xF0E8, 0xF0E8, 0xF0E8, 0xF0E8, 0xF0E8, 0xF0E8, 0x0FE9, 0x0DE9, 0xC9D8, 0xA5D8, 0xA3D8, 
  0xA3D8, 0x83D0, 0x82D0, 0xA2C8, 0xC2C8, 0x02C9, 0x23C9, 0x02C9, 0xC1C8, 0xA2C8, 0xA2D0, 0xA3D0, 0xC8D8, 0x0EE9, 0x0FE9, 0x0FE9, 
  0x0FE9, 0x0FE9, 0xF0E8, 0xF0E8, 0xF0E8, 0xEFE8, 0xF0E8, 0xF0E8, 0xF0E8, 0xF0E8, 0xF0E8, 0xF0E8, 0xEFE8, 0xF0E8, 0xF0E8, 0xF0E8, 
  0xF0E8, 0xF0E8, 0xF0E8, 0xF0E8, 0xF0E8, 0xF0E8, 0xF0E8, 0xF0E8, 0xF0E8, 0xF0E8, 0xF0E8, 0xF0E8, 0xF0E8, 0xF0E8, 0xF0E8, 0xF0E8, 
  0xF0E8, 0xF0E8, 0xF0E8, 0xF0E8, 0xF0E8, 0xF0E8, 0xF0E8, 0xF0E8, 0xF0E8, 0xF0E8, 0xF0E8, 0xF0E8, 0xF0E8, 0xF0E8, 0xF0E8, 0xF0E8, 
  0xF0E8, 0xF0E8, 0xF0E8, 0xF0E8, 0xF0E8, 0xF0E8, 0xF0E8, 0xF0E8, 0xF0E8, 0xF0E8, 0xF0E8, 0xF0E8, 0xF0E8, 0xF0E8, 0xF0E8, 0xF0E8, 
  0xF0E8, 0xF0E8, 0xF0E8, 0xF0E8, 0xF0E8, 0xF0E8, 0xF0E8, 0xF0E8, 0xF0E8, 0xF0E8, 0xF0E8, 0xF0E8, 0xF0E8, 0xF0E8, 0xF0E8, 0xF0E8, 
  0xF0E8, 0xF0E8, 0xF0E8, 0x10E9, 0xF0E8, 0xF0E8, 0xF0E8, 0xF0E8, 0xF0E8, 0xF0E8, 0xF0E8, 0xF0E8, 0xF0E8, 0xF0E8, 0xF0E8, 0xF0E8, 
  0xF0E8, 0xF0E8, 0xF0E8, 0x10E9, 0x10E9, 0xF0E8, 0xF0E8, 0xF0E8, 0xF0E8, 0xF0E8, 0xF0E8, 0xF0E8, 0xF0E8, 0xF0E8, 0xF0E8, 0xF0E8, 
  0xF0E8, 0xF0E8, 0xF0E8, 0xF0E8, 0xF0E8, 0xF0E8, 0xF0E8, 0xF0E8, 0xF0E8, 0xF0E8, 0xF0E8, 0xF0E8, 0xF0E8, 0xF0E8, 0xF0E8, 0x10E9, 
  0x10E9, 0xF0E8, 0xF0E8, 0xF0E8, 0xF0E8, 0xF0E8, 0xF0E8, 0xF0E8, 0xF0E8, 0xF0E8, 0xF0E8, 0xF0E8, 0xF0E8, 0xF0E8, 0xF0E8, 0xF0E8, 
  0xF0E8, 0xF0E8, 0xF0E8, 0xF0E8, 0xF0E8, 0xF0E8, 0xF0E8, 0xF0E8, 0xF0E8, 0xF0E8, 0xF0E8, 0xF0E8, 0xF0E8, 0xF0E8, 0xF0E8, 0xF0E8, 
  0xF0E8, 0xF0E8, 0xF0E8, 0xF0E8, 0xF0E8, 0xF0E8, 0xF0E8, 0xF0E8, 0xF0E8, 0xF0E8, 0xF0E8, 0xF0E8, 0xF0E0, 0xF0E8, 0xF0E8, 0xF0E8, 
  0xF0E8, 0xF0E8, 0xF0E8, 0xF0E8, 0xF0E8, 0xF0E8, 0xF0E8, 0xF0E8, 0xF0E8, 0xF0E8, 0xF0E8, 0xF0E8, 0xF0E8, 0xF0E8, 0xF0E8, 0xF0E8, 
  0xF0E8, 0xF0E8, 0xF0E8, 0xF0E8, 0xF0E8, 0xF0E8, 0xF0E8, 0xF0E8, 0xF0E8, 0xF0E8, 0xF0E8, 0xF0E8, 0xF0E8, 0xF0E8, 0xF0E8, 0xF0E8, 
  0x10E9, 0xF0E8, 0xF0E8, 0xF0E8, 0xF0E8, 0xF0E8, 0xF0E8, 0xF0E0, 0xF0E8, 0xF0E8, 0x0FE9, 0xEAE0, 0xA6D8, 0xA3D0, 0x82D0, 0xA2C8, 
  0x22C9, 0xE3D1, 0xE5DA, 0xE7E3, 0xC7EC, 0x48ED, 0x89ED, 0x48ED, 0x87EC, 0x45DB, 0x03D2, 0xE2C8, 0x84D0, 0xA6D8, 0xC8D8, 0xC9E0, 
  0xC9E0, 0xCAE0, 0xEBE0, 0xEBE0, 0xEBE0, 0xECE0, 0xECE8, 0xECE8, 0x0DE9, 0x0EE9, 0x0EE9, 0x0FE9, 0xEFE8, 0xEFE8, 0xF0E8, 0x10E9, 
  0xF0E8, 0xF0E8, 0xF0E8, 0xF0E8, 0xF0E8, 0xF0E8, 0xF0E0, 0xF0E8, 0xF0E8, 0xF0E8, 0xF0E8, 0xF0E8, 0xF0E8, 0xF0E8, 0xF0E8, 0xF0E8, 
  0xF0E8, 0xF0E8, 0xF0E8, 0xF0E8, 0xF0E8, 0xF0E8, 0xF0E8, 0xF0E8, 0xF0E8, 0xF0E8, 0xF0E8, 0xF0E8, 0xF0E8, 0xF0E8, 0xF0E8, 0xF0E8, 
  0xF0E8, 0xF0E8, 0xF0E8, 0xF0E8, 0xF0E8, 0xF0E8, 0xF0E8, 0xF0E8, 0xF0E8, 0xF0E8, 0xF0E8, 0xF0E8, 0xF0E8, 0xF0E8, 0xF0E8, 0xF0E8, 
  0xF0E8, 0xF0E8, 0xF0E8, 0xF0E8, 0xF0E8, 0xF0E8, 0xF0E8, 0x10E9, 0xF0E8, 0xF0E8, 0xF0E8, 0xF0E8, 0xF0E8, 0xF0E8, 0xF0E8, 0xF0E8, 
  0xF0E8, 0xF0E8, 0xF0E8, 0xF0E8, 0xF0E8, 0xF0E8, 0xF0E8, 0xF0E8, 0xF0E8, 0xF0E8, 0xF0E8, 0xF0E8, 0xF0E8, 0xF0E8, 0xF0E8, 0xF0E8, 
  0xF0E8, 0xF0E8, 0xF0E8, 0xF0E8, 0x10E9, 0x10E9, 0xF0E8, 0xF0E8, 0xF0E8, 0xF0E8, 0xF0E8, 0xF0E8, 0xF0E8, 0xF0E8, 0xF0E8, 0xF0E8, 
  0xF0E8, 0xF0E8, 0xF0E8, 0xF0E8, 0xF0E8, 0xF0E8, 0xF0E8, 0xF0E8, 0xF0E8, 0xF0E8, 0xF0E8, 0xF0E8, 0xF0E8, 0xF0E8, 0xF0E8, 0x10E9, 
  0x10E9, 0xF0E8, 0xF0E8, 0xF0E8, 0xF0E8, 0xF0E8, 0xF0E8, 0xF0E8, 0xF0E8, 0xF0E8, 0xF0E8, 0xF0E8, 0xF0E8, 0xF0E8, 0xF0E8, 0xF0E8, 
  0xF0E8, 0xF0E8, 0xF0E8, 0xF0E8, 0xF0E8, 0xF0E8, 0xF0E8, 0xF0E8, 0xF0E8, 0xF0E8, 0xF0E8, 0xF0E8, 0xF0E8, 0xF0E8, 0xF0E8, 0xF0E8, 
  0xF0E8, 0xF0E8, 0xF0E8, 0xF0E8, 0xF0E8, 0xF0E8, 0xF0E8, 0xF0E8, 0xF0E8, 0xF0E8, 0xF0E8, 0xF0E8, 0xF0E8, 0xF0E8, 0xF0E8, 0xF0E8, 
  0xF0E8, 0xF0E8, 0xF0E8, 0xF0E8, 0xF0E8, 0xF0E8, 0xF0E8, 0xF0E8, 0xF0E8, 0xF0E8, 0xF0E8, 0xF0E8, 0xF0E8, 0xF0E8, 0xF0E8, 0xF0E8, 
  0xF0E8, 0xF0E8, 0xF0E8, 0xF0E8, 0xF0E8, 0xF0E8, 0xF0E8, 0xF0E8, 0xF0E8, 0xF0E8, 0xF0E8, 0xF0E8, 0xF0E8, 0xF0E8, 0xF0E8, 0xF0E8, 
  0xF0E8, 0xF0E8, 0xF0E8, 0x10E9, 0xF0E8, 0xF0E8, 0xEFE8, 0xF0E8, 0xF0E8, 0x0EE9, 0xCBE0, 0xA5D8, 0xA3D0, 0x22C9, 0x43D2, 0xE7E3, 
  0x48ED, 0x49FE, 0xEBFE, 0x2BFF, 0x2AF7, 0x2AF7, 0x4AF7, 0x2BF7, 0x0CF7, 0x0BFF, 0x6AFE, 0x47EC, 0x43D1, 0xA3D0, 0xA4D8, 0xA4D8, 
  0xA4D8, 0xA4D8, 0xA4D8, 0xA4D8, 0xA4D8, 0xA4D8, 0xA5D8, 0xA5D8, 0xC6D8, 0xA7D8, 0xA7D8, 0xC7D8, 0xC8D8, 0xC9E0, 0xCAE0, 0xEBE0, 
  0xEBE0, 0xECE0, 0xECE0, 0xEDE8, 0x0EE9, 0x0FE9, 0x0FE9, 0xEFE8, 0x10E9, 0x10E9, 0xF0E8, 0xF0E8, 0xF0E8, 0xEFE8, 0x0FE9, 0xF0E8, 
  0xF0E8, 0xF0E8, 0xF0E8, 0xF0E8, 0xF0E8, 0xF0E8, 0xF0E8, 0x10E9, 0xF0E0, 0xF0E8, 0xF0E8, 0xF0E8, 0xF0E8, 0xF0E8, 0xF0E0, 0xF0E8, 
  0xF0E8, 0xF0E8, 0xF0E8, 0xF0E8, 0xF0E8, 0xF0E8, 0xF0E8, 0xF0E8, 0xF0E8, 0xF0E8, 0xF0E8, 0xF0E8, 0xF0E8, 0xF0E8, 0xF0E8, 0xF0E8, 
  0xF0E8, 0xF0E8, 0xF0E8, 0xF0E8, 0xF0E8, 0xF0E8, 0xF0E8, 0xF0E8, 0xF0E8, 0xF0E8, 0xF0E8, 0xF0E8, 0xF0E8, 0xF0E8, 0xF0E8, 0xF0E8, 
  0xF0E8, 0xF0E8, 0xF0E8, 0xF0E8, 0xF0E8, 0xF0E8, 0xF0E8, 0xF0E8, 0xF0E8, 0xF0E8, 0xF0E8, 0xF0E8, 0xF0E8, 0xF0E8, 0xF0E8, 0xF0E8, 
  0xF0E8, 0xF0E8, 0xF0E8, 0xF0E8, 0xF0E8, 0xF0E8, 0xF0E8, 0xF0E8, 0xF0E8, 0xF0E8, 0xF0E8, 0xF0E8, 0xF0E8, 0xF0E8, 0xF0E8, 0xF0E8, 
  0xF0E8, 0xF0E8, 0xF0E8, 0xF0E8, 0xF0E8, 0xF0E8, 0xF0E8, 0xF0E8, 0xF0E8, 0xF0E8, 0xF0E8, 0xF0E8, 0x10E9, 0xF0E8, 0xF0E0, 0x10E9, 
  0x10E9, 0xF0E8, 0xF0E8, 0xF0E8, 0xF0E8, 0xF0E8, 0xF0E8, 0xF0E8, 0xF0E8, 0xF0E8, 0xF0E8, 0xF0E8, 0xF0E8, 0xF0E8, 0xF0E8, 0xF0E8, 
  0xF0E8, 0xF0E8, 0xF0E8, 0xF0E8, 0xF0E8, 0xF0E8, 0xF0E8, 0xF0E8, 0xF0E8, 0xF0E8, 0xF0E8, 0xF0E8, 0xF0E8, 0xF0E8, 0xF0E8, 0xF0E8, 
  0xF0E8, 0xF0E8, 0xF0E8, 0xF0E8, 0xF0E8, 0xF0E8, 0xF0E8, 0xF0E8, 0xF0E8, 0xF0E8, 0xF0E8, 0xF0E8, 0xF0E8, 0xF0E8, 0xF0E8, 0xF0E8, 
  0xF0E8, 0xF0E8, 0xF0E8, 0xF0E8, 0xF0E8, 0xF0E8, 0xF0E8, 0xF0E8, 0xF0E8, 0xF0E8, 0xF0E8, 0xF0E8, 0xF0E8, 0xF0E8, 0xF0E8, 0xF0E8, 
  0xF0E8, 0xF0E8, 0xF0E8, 0xF0E8, 0xF0E8, 0xF0E8, 0xF0E8, 0xF0E8, 0xF0E8, 0xF0E8, 0xF0E8, 0xF0E8, 0xEFE8, 0xF0E8, 0xF0E8, 0xF0E0, 
  0xF0E8, 0xF0E0, 0xF0E8, 0xF0E8, 0xF0E8, 0xF0E8, 0x0FE9, 0x0EE9, 0x0DE9, 0xE9E0, 0xA4D8, 0xA2D0, 0xE3C9, 0x09ED, 0x8BF6, 0xEBF6, 
  0x2AF7, 0x2AEF, 0x09EF, 0x0AEF, 0xEAEE, 0x09EF, 0x0BEF, 0x6473, 0x4694, 0x4BF7, 0x09EF, 0xEBFE, 0xA4D2, 0x81C8, 0xA2D0, 0xA2C8, 
  0xA2C8, 0xA2C8, 0xA2C8, 0x82C8, 0x82C8, 0x82C8, 0x83C8, 0x82C8, 0x82C8, 0x82C8, 0x83D0, 0x82D0, 0x83D0, 0x83D0, 0xA2D0, 0xA3D8, 
  0xA4D8, 0xA5D8, 0xA5D8, 0xA5D8, 0xA6D8, 0xA7D8, 0xC8E0, 0xC9E0, 0xEAE0, 0x0BE1, 0x0CE1, 0xEEE8, 0xEFE8, 0x0FE9, 0x0FE9, 0x0FE9, 
  0xF0E8, 0xF0E8, 0xF0E8, 0xF0E8, 0x10E9, 0x10E9, 0xF0E8, 0xF0E8, 0xF0E8, 0xF0E8, 0xF0E8, 0xF0E8, 0xF0E8, 0xF0E8, 0xF0E8, 0xF0E8, 
  0xF0E8, 0xF0E8, 0xF0E8, 0xF0E8, 0xF0E8, 0xF0E8, 0xF0E8, 0xF0E8, 0xF0E8, 0xF0E8, 0xF0E8, 0xF0E8, 0xF0E8, 0xF0E8, 0xF0E8, 0xF0E8, 
  0xF0E8, 0xF0E8, 0xF0E8, 0xF0E8, 0xF0E8, 0xF0E8, 0xF0E8, 0xF0E8, 0xF0E8, 0xF0E8, 0xF0E8, 0xF0E8, 0xF0E8, 0xF0E8, 0xF0E8, 0xF0E8, 
  0xF0E8, 0xF0E8, 0xF0E8, 0xF0E8, 0xF0E8, 0xF0E8, 0xF0E8, 0xF0E8, 0xF0E8, 0xF0E8, 0xF0E8, 0xF0E8, 0xF0E8, 0xF0E8, 0xF0E8, 0xF0E8, 
  0xF0E8, 0xF0E8, 0xF0E8, 0xF0E8, 0xF0E8, 0xF0E8, 0xF0E8, 0xF0E8, 0xF0E8, 0xF0E8, 0xF0E8, 0xF0E8, 0xF0E8, 0xF0E8, 0xF0E8, 0xF0E8, 
  0xF0E8, 0xF0E8, 0xF0E8, 0xF0E8, 0xF0E8, 0xF0E8, 0xF0E8, 0xF0E8, 0xF0E8, 0xF0E8, 0xF0E8, 0xF0E8, 0xF0E8, 0xF0E8, 0xF0E0, 0x10E9, 
  0x10E9, 0xF0E8, 0xF0E8, 0xF0E8, 0x10E9, 0xF0E8, 0xF0E8, 0xF0E8, 0xF0E8, 0xF0E8, 0xF0E8, 0xF0E8, 0xF0E8, 0xF0E8, 0xF0E8, 0xF0E8, 
  0xF0E8, 0xF0E8, 0xF0E8, 0xF0E8, 0xF0E8, 0xF0E8, 0xF0E8, 0xF0E8, 0xF0E8, 0xF0E8, 0xF0E8, 0xF0E8, 0xF0E8, 0xF0E8, 0xF0E8, 0xF0E8, 
  0xF0E8, 0xF0E8, 0xF0E8, 0xF0E8, 0xF0E8, 0xF0E8, 0xF0E8, 0xF0E8, 0xF0E8, 0xF0E8, 0xF0E8, 0xF0E8, 0xF0E8, 0xF0E8, 0xF0E8, 0xF0E8, 
  0xF0E8, 0xF0E8, 0xF0E8, 0xF0E8, 0xF0E8, 0xF0E8, 0xF0E8, 0xF0E8, 0xF0E8, 0xF0E8, 0xF0E8, 0xF0E8, 0xF0E8, 0xF0E8, 0xF0E8, 0xF0E8, 
  0xF0E8, 0xF0E8, 0xF0E0, 0xF0E8, 0xF0E8, 0xF0E8, 0xF0E8, 0xF0E8, 0xF0E8, 0xF0E8, 0xF0E8, 0xF0E8, 0xF0E8, 0xF0E8, 0xF0E8, 0x10E9, 
  0x10E9, 0x0FE9, 0xEFE8, 0x0EE9, 0x0DE1, 0xEAE0, 0xC8E0, 0xA6D8, 0xA5D8, 0xC4D8, 0xA4D0, 0x82C9, 0x89F5, 0x6CFF, 0x4594, 0xC5A4, 
  0x2AF7, 0xEAEE, 0x0AEF, 0x0AEF, 0xEAEE, 0x4AF7, 0xA9BD, 0xC139, 0x6373, 0xCAE6, 0x0AEF, 0x0AF7, 0x08ED, 0x04D3, 0x04D3, 0x65DB, 
  0xA5DB, 0xE6E3, 0xC6E3, 0xC6E3, 0xC6E3, 0xA5E3, 0x45DB, 0x25DB, 0x05D3, 0xC4D2, 0x64DA, 0x23D2, 0xE3D1, 0x83D1, 0x42C9, 0x02C9, 
  0xC1C0, 0x82C8, 0x62C8, 0x82D0, 0x83D0, 0xA3D0, 0xA3D0, 0xA3D0, 0xA4D8, 0xA4D8, 0xA4D8, 0xA5D8, 0xA6D8, 0xC8E0, 0xCAE0, 0xECE0, 
  0x0EE9, 0x0FE9, 0x10E9, 0xF0E8, 0x0FE9, 0xEFE8, 0xF0E8, 0xF0E8, 0xF0E8, 0xEFE8, 0xF0E8, 0xF0E8, 0xF0E8, 0xF0E8, 0xF0E8, 0xF0E8, 
  0xF0E8, 0xF0E8, 0xF0E8, 0xF0E8, 0xF0E8, 0xF0E8, 0xF0E8, 0xF0E8, 0xF0E8, 0xF0E8, 0xF0E8, 0xF0E8, 0xF0E8, 0xF0E8, 0xF0E8, 0xF0E8, 
  0xF0E8, 0xF0E8, 0xF0E8, 0xF0E8, 0xF0E8, 0xF0E8, 0xF0E8, 0xF0E8, 0xF0E0, 0xF0E8, 0xF0E8, 0xF0E8, 0xF0E8, 0xF0E8, 0xF0E8, 0xF0E8, 
  0xF0E8, 0xF0E8, 0xF0E8, 0xF0E8, 0xF0E8, 0xF0E8, 0xF0E8, 0xF0E8, 0xF0E8, 0xF0E8, 0xF0E8, 0xF0E8, 0xF0E8, 0xF0E8, 0xF0E8, 0xF0E8, 
  0xF0E8, 0xF0E8, 0xF0E8, 0xF0E8, 0xF0E8, 0xF0E8, 0xF0E8, 0xF0E8, 0xF0E8, 0xF0E8, 0xF0E8, 0x10E9, 0xF0E8, 0xF0E8, 0xF0E8, 0xF0E8, 
  0xF0E8, 0xF0E8, 0xF0E8, 0xF0E8, 0xF0E8, 0xF0E8, 0xF0E8, 0xF0E8, 0xF0E8, 0xF0E8, 0xF0E8, 0xF0E8, 0xF0E8, 0xF0E8, 0xF0E8, 0x10E9, 
  0x10E9, 0xF0E8, 0xF0E8, 0xF0E8, 0x10E9, 0xF0E8, 0xF0E8, 0xF0E8, 0xF0E8, 0xF0E8, 0xF0E8, 0xF0E8, 0xF0E8, 0xF0E8, 0xF0E8, 0xF0E8, 
  0xF0E8, 0x10E9, 0xF0E8, 0xF0E8, 0xF0E8, 0xF0E8, 0xF0E8, 0xF0E8, 0xF0E8, 0xF0E8, 0xF0E8, 0xF0E8, 0xF0E8, 0xF0E0, 0xF0E8, 0xF0E8, 
  0xF0E8, 0xF0E8, 0xF0E8, 0xF0E8, 0xF0E8, 0xF0E8, 0xF0E8, 0xF0E8, 0xF0E8, 0xF0E8, 0xF0E8, 0xF0E8, 0xF0E8, 0xF0E8, 0xF0E8, 0xF0E8, 
  0xF0E8, 0xF0E8, 0xF0E8, 0xF0E8, 0xF0E8, 0xF0E8, 0xF0E8, 0xF0E8, 0xF0E8, 0xF0E8, 0xF0E8, 0xF0E8, 0xF0E8, 0xF0E8, 0xF0E8, 0xF0E8, 
  0xF0E8, 0xF0E8, 0xF0E8, 0xF0E8, 0xF0E8, 0xF0E8, 0xF0E8, 0xF0E8, 0xEFE8, 0xEFE8, 0xEFE8, 0xF0E8, 0xF0E8, 0x10E9, 0x0FE9, 0x0FE9, 
  0xEDE8, 0xEAE0, 0xC8E0, 0xC6D8, 0xA5D8, 0xA4D0, 0xA3D8, 0xA2D0, 0x82D0, 0x82C8, 0xA1C0, 0x26E4, 0x2BFF, 0x0BEF, 0xC583, 0x8ABD, 
  0x6BFF, 0x09EF, 0x0AEF, 0x0AEF, 0x0AEF, 0x8CFF, 0x4794, 0xC020, 0x4694, 0x2BEF, 0x0AEF, 0x09EF, 0x2BFF, 0x0CFF, 0xEBFE, 0x0BFF, 
  0x0CFF, 0x8BE6, 0xCBEE, 0xCCEE, 0x2ADE, 0x2ADE, 0x8BEE, 0x0ADE, 0xCAD5, 0x28C5, 0xCADD, 0x89D5, 0x09D5, 0x09D5, 0x0AE5, 0xA9DC, 
  0xA9EC, 0x48EC, 0x86E3, 0xE4DA, 0x03D2, 0x62C1, 0x02C9, 0xC2C8, 0x82C8, 0x83D0, 0xA3D0, 0xA3D8, 0xC3D8, 0xA3D8, 0xA3D8, 0xA4D0, 
  0xA6D8, 0xC9D8, 0xECE8, 0x0FE9, 0x0FE9, 0xF0E8, 0xF0E8, 0xF0E8, 0xF0E8, 0xF0E8, 0xF0E8, 0xF0E8, 0xF0E8, 0xF0E8, 0xF0E8, 0xF0E8, 
  0xF0E8, 0xF0E8, 0xF0E8, 0xF0E8, 0xF0E8, 0xF0E8, 0xF0E8, 0xF0E8, 0xF0E8, 0xF0E8, 0xF0E8, 0xF0E8, 0xF0E8, 0xF0E8, 0xF0E8, 0xF0E8, 
  0xF0E8, 0xF0E8, 0xF0E8, 0xF0E8, 0xF0E8, 0xF0E8, 0xF0E8, 0xF0E8, 0xF0E8, 0xF0E8, 0xF0E8, 0xF0E8, 0xF0E8, 0xF0E8, 0xF0E8, 0xF0E8, 
  0xF0E8, 0xF0E8, 0xF0E8, 0xF0E8, 0xF0E8, 0xF0E8, 0xF0E8, 0xF0E8, 0xF0E8, 0xF0E8, 0xF0E8, 0xF0E8, 0xF0E8, 0xF0E8, 0xF0E8, 0xF0E8, 
  0xF0E8, 0xF0E8, 0xF0E8, 0xF0E8, 0xF0E8, 0xF0E8, 0xF0E8, 0xF0E8, 0xF0E8, 0xF0E8, 0xF0E8, 0xF0E8, 0xF0E8, 0xF0E8, 0xF0E8, 0xF0E8, 
  0xF0E8, 0xF0E8, 0xF0E8, 0xF0E8, 0xF0E8, 0xF0E8, 0xF0E8, 0xF0E8, 0xF0E8, 0xF0E8, 0xF0E8, 0xF0E8, 0xF0E8, 0xF0E8, 0xEFE8, 0x10E9, 
  0x10E9, 0xF0E8, 0xF0E8, 0xF0E8, 0xF0E8, 0xF0E8, 0xF0E8, 0xF0E8, 0xF0E8, 0xF0E8, 0xF0E8, 0xF0E8, 0xF0E8, 0xF0E8, 0x10E9, 0xF0E8, 
  0xF0E8, 0xF0E8, 0xF0E8, 0xF0E8, 0xF0E8, 0xF0E8, 0xF0E8, 0xF0E8, 0xF0E8, 0xF0E8, 0xF0E8, 0xF0E8, 0xF0E8, 0xF0E8, 0xF0E8, 0xF0E8, 
  0xF0E8, 0xF0E8, 0xF0E8, 0xF0E8, 0xF0E8, 0xF0E8, 0xF0E8, 0xF0E8, 0xF0E8, 0xF0E8, 0xF0E8, 0xF0E8, 0xF0E8, 0xF0E8, 0xF0E8, 0xF0E8, 
  0xF0E8, 0xF0E8, 0xF0E8, 0xF0E8, 0xF0E8, 0xF0E8, 0xF0E8, 0xF0E8, 0xF0E8, 0xF0E8, 0xF0E8, 0xF0E8, 0xF0E8, 0xF0E8, 0xF0E8, 0xF0E8, 
  0xF0E8, 0xF0E8, 0xF0E8, 0xF0E8, 0xF0E8, 0xEFE8, 0xF0E8, 0xF0E8, 0xF0E8, 0xF0E8, 0x0FE9, 0x0EE9, 0xEDE8, 0xEBE0, 0xC9D8, 0xC7D8, 
  0xA5D8, 0xC4D0, 0xC4D0, 0xA3D8, 0x82D0, 0x82C8, 0xC2C8, 0x62C9, 0x84D2, 0x66E3, 0xE6E3, 0x4AF6, 0x2BF7, 0x29D6, 0x8352, 0xC55A, 
  0x2CCE, 0xEBE6, 0x0BF7, 0x0BEF, 0x8ADE, 0x49B5, 0xC141, 0xA231, 0xACDE, 0x4BF7, 0x0AEF, 0x0AEF, 0xC9C5, 0xA59C, 0xE8C5, 0xE9C5, 
  0x879C, 0x6473, 0xC89C, 0xA67B, 0x024A, 0xE362, 0xE683, 0x4373, 0x657B, 0x867B, 0x478C, 0x6573, 0x4573, 0xE462, 0xA241, 0x034A, 
  0xE46A, 0x0694, 0x4ABD, 0xABD5, 0x4CF6, 0x2BFE, 0x28ED, 0x47E4, 0x45DB, 0x64D2, 0xA3C9, 0x02C9, 0xA2C8, 0x82D0, 0xA3D0, 0xA3D8, 
  0xC3D0, 0xA3D0, 0xA4D8, 0xC8E0, 0xECE0, 0x0FE9, 0xF0E8, 0xF0E8, 0xF0E8, 0xF0E8, 0xF0E8, 0xF0E8, 0xF0E8, 0xF0E8, 0xF0E8, 0xF0E8, 
  0xF0E8, 0xF0E8, 0xF0E8, 0xF0E8, 0xF0E8, 0xF0E8, 0xF0E0, 0xF0E8, 0xF0E8, 0xF0E8, 0xF0E8, 0xF0E8, 0xF0E8, 0xF0E8, 0x10E9, 0xF0E8, 
  0xF0E8, 0xF0E8, 0xF0E8, 0xF0E8, 0xF0E8, 0xF0E8, 0xF0E8, 0xF0E8, 0xF0E8, 0xF0E8, 0xF0E8, 0xF0E8, 0xF0E8, 0xF0E8, 0xF0E8, 0xF0E8, 
  0xF0E8, 0xF0E8, 0xF0E8, 0xF0E8, 0xF0E8, 0xF0E8, 0xF0E8, 0xF0E8, 0xF0E8, 0xF0E8, 0xF0E8, 0xF0E8, 0xF0E8, 0xF0E8, 0xF0E8, 0xF0E8, 
  0xF0E8, 0xF0E8, 0xF0E8, 0xF0E8, 0xF0E8, 0xF0E8, 0xF0E8, 0xF0E8, 0xF0E8, 0xF0E8, 0xF0E8, 0xF0E8, 0xF0E8, 0xF0E8, 0xF0E8, 0xF0E8, 
  0xF0E8, 0xF0E8, 0xF0E8, 0xF0E8, 0xF0E8, 0xF0E8, 0xF0E8, 0xF0E8, 0xF0E8, 0xF0E8, 0xF0E8, 0xF0E8, 0xF0E8, 0xF0E8, 0xEFE8, 0x10E9, 
  0x10E9, 0xF0E8, 0xF0E8, 0xF0E8, 0xF0E8, 0xF0E8, 0xF0E8, 0xF0E8, 0xF0E8, 0xF0E8, 0xF0E8, 0xF0E8, 0xF0E8, 0xF0E8, 0xF0E8, 0xF0E8, 
  0xF0E8, 0xF0E8, 0xF0E8, 0xF0E8, 0xF0E8, 0xF0E8, 0xF0E8, 0xF0E8, 0xF0E8, 0xF0E8, 0xF0E8, 0xF0E8, 0xF0E8, 0xF0E8, 0xF0E8, 0xF0E8, 
  0xF0E8, 0xF0E8, 0xF0E8, 0xF0E8, 0xF0E8, 0xF0E8, 0xF0E8, 0xF0E8, 0xF0E8, 0xF0E8, 0xF0E8, 0xF0E8, 0xF0E8, 0xF0E8, 0xF0E8, 0xF0E8, 
  0xF0E8, 0xF0E8, 0xF0E8, 0xF0E8, 0xF0E8, 0xF0E8, 0xF0E8, 0xF0E8, 0xF0E8, 0xF0E8, 0xF0E8, 0xF0E8, 0xF0E8, 0xF0E8, 0xF0E8, 0xF0E8, 
  0xF0E8, 0xF0E8, 0xF0E8, 0xF0E8, 0xF0E8, 0x10E9, 0x0FE9, 0x0EE9, 0xEDE8, 0xEBE0, 0xC8E0, 0xC6D8, 0xA5D8, 0xA4D8, 0xA3D8, 0xA3D8, 
  0xA2D0, 0xA2C8, 0xC2C8, 0x42C9, 0x43D2, 0xA6E3, 0xC8EC, 0xCAF5, 0x0BE6, 0x86AC, 0x49DE, 0x2AEF, 0x2AF7, 0x28AD, 0x2021, 0x8010, 
  0x4129, 0x024A, 0x046B, 0x246B, 0xE141, 0x4229, 0x6010, 0x0121, 0x69B5, 0xAAE6, 0xA9E6, 0xEAEE, 0x236B, 0x4029, 0xA45A, 0x4352, 
  0x2029, 0x6131, 0x0342, 0x2129, 0xA018, 0x0442, 0x0342, 0x4129, 0x8231, 0x4131, 0xE341, 0xC339, 0x8452, 0xA239, 0xA018, 0x0121, 
  0xA018, 0x8018, 0x8010, 0xC018, 0xE241, 0xC8A4, 0x0BEF, 0x4AF7, 0x0BFF, 0xAAFE, 0x0AF6, 0xE8EC, 0xC6E3, 0x84D2, 0x62C9, 0xC2C8, 
  0x82D0, 0xA3D0, 0xC3D8, 0xA3D8, 0xA4D8, 0xC8D8, 0x0CE9, 0x0FE9, 0xF0E8, 0xF0E8, 0xF0E8, 0xF0E8, 0xF0E8, 0xF0E8, 0xF0E8, 0xF0E0, 
  0xF0E8, 0xF0E8, 0xF0E8, 0xF0E8, 0xF0E8, 0xF0E8, 0xF0E8, 0xF0E8, 0xF0E8, 0xF0E8, 0xF0E8, 0xF0E8, 0xF0E8, 0xF0E8, 0xF0E8, 0xF0E8, 
  0xF0E8, 0xF0E8, 0xF0E8, 0xF0E8, 0xF0E8, 0xF0E8, 0xF0E8, 0xF0E8, 0xF0E8, 0xF0E8, 0xF0E8, 0xF0E8, 0xF0E8, 0xF0E8, 0xF0E8, 0xF0E8, 
  0xF0E8, 0xF0E8, 0xF0E8, 0xF0E8, 0xF0E8, 0xF0E8, 0xF0E8, 0xF0E8, 0xF0E8, 0xF0E8, 0xF0E8, 0xF0E8, 0xF0E8, 0xF0E8, 0xF0E8, 0xF0E8, 
  0xF0E8, 0xF0E8, 0xF0E8, 0xF0E8, 0xF0E8, 0xF0E8, 0xF0E8, 0xF0E8, 0xF0E8, 0xF0E8, 0xF0E8, 0xF0E8, 0xF0E8, 0xF0E8, 0xF0E8, 0xF0E0, 
  0xF0E8, 0xF0E8, 0xF0E8, 0xF0E8, 0xF0E8, 0xF0E8, 0xF0E8, 0xF0E8, 0xF0E8, 0xF0E8, 0xF0E8, 0xF0E8, 0xF0E8, 0xF0E8, 0xF0E8, 0x10E9, 
  0x10E9, 0xF0E8, 0xF0E8, 0xF0E8, 0xF0E8, 0xF0E8, 0xF0E8, 0xF0E8, 0xF0E8, 0xF0E8, 0xF0E8, 0xF0E8, 0xF0E8, 0xF0E8, 0xF0E8, 0xF0E8, 
  0xF0E8, 0xF0E8, 0xF0E8, 0xF0E8, 0xF0E8, 0xF0E8, 0xF0E8, 0xF0E8, 0xF0E8, 0xF0E8, 0xF0E8, 0xF0E8, 0xF0E8, 0xF0E8, 0xF0E8, 0xF0E8, 
  0xF0E8, 0xF0E8, 0xF0E8, 0xF0E8, 0xF0E8, 0xF0E8, 0xF0E8, 0xF0E8, 0xF0E8, 0xF0E8, 0xF0E8, 0xF0E8, 0xF0E8, 0xF0E8, 0xF0E8, 0xF0E8, 
  0xF0E8, 0xF0E8, 0xF0E8, 0xF0E8, 0xF0E8, 0xF0E8, 0xF0E8, 0xF0E8, 0xF0E8, 0x10E9, 0xF0E8, 0xF0E8, 0xF0E8, 0x0FE9, 0xF0E8, 0x10E9, 
  0xF0E8, 0xEFE8, 0xEFE8, 0x0FE9, 0xEEE8, 0xEBE0, 0xC9E0, 0xA6D8, 0xA5D8, 0xA4D8, 0xA4D8, 0xA3D8, 0x82D0, 0x82D0, 0xA2C8, 0x22C9, 
  0x03D2, 0x45DB, 0x67E4, 0x6AED, 0x2BEE, 0xA9CD, 0x4694, 0xA79C, 0x857B, 0xE78B, 0x87BD, 0x0AEF, 0x4AF7, 0x69B5, 0xA018, 0xE118, 
  0xC018, 0xA118, 0x2008, 0xC120, 0xE120, 0x8018, 0xE120, 0x6010, 0xC139, 0xC8C5, 0xA9E6, 0x2BEF, 0x434A, 0x4008, 0x8010, 0x8010, 
  0x8010, 0x8010, 0x6010, 0x8010, 0xA018, 0x8010, 0x8010, 0x8010, 0x6010, 0x8010, 0x6010, 0x8010, 0xA018, 0xA010, 0xE120, 0xE120, 
  0x0121, 0x2229, 0x2129, 0x2129, 0x4129, 0x4473, 0x8ADE, 0x0AEF, 0x09EF, 0x0AEF, 0x2AEF, 0x2AF7, 0x2BFF, 0xCBFE, 0xE9F5, 0x67EC, 
  0xC5DA, 0x62C9, 0xC2C8, 0xA3D0, 0xC3D8, 0xA3D0, 0xA4D0, 0xC9E0, 0xEEE8, 0xF0E8, 0xF0E8, 0xF0E8, 0xF0E8, 0xF0E8, 0xEFE8, 0xF0E8, 
  0xF0E8, 0xF0E8, 0xF0E8, 0xF0E8, 0xF0E8, 0xF0E8, 0xF0E8, 0xF0E8, 0xF0E8, 0xF0E8, 0xF0E8, 0x10E9, 0xF0E8, 0xF0E8, 0xF0E8, 0xF0E8, 
  0xF0E8, 0xF0E8, 0xF0E8, 0xF0E8, 0xF0E8, 0xF0E8, 0xF0E8, 0xF0E8, 0xF0E8, 0xF0E8, 0xF0E8, 0xF0E8, 0xF0E8, 0xF0E8, 0x10E9, 0xF0E8, 
  0xF0E8, 0xF0E8, 0xF0E8, 0xF0E8, 0xF0E8, 0xF0E8, 0xF0E8, 0xF0E8, 0xF0E8, 0xF0E8, 0xF0E8, 0xF0E8, 0xF0E8, 0xF0E8, 0xF0E8, 0xF0E8, 
  0xF0E8, 0xF0E8, 0xF0E8, 0xF0E8, 0xF0E8, 0xF0E8, 0xF0E8, 0xF0E8, 0xF0E8, 0xF0E8, 0xF0E8, 0xF0E8, 0xF0E8, 0xF0E8, 0xF0E8, 0xF0E8, 
  0xF0E8, 0xF0E8, 0xF0E8, 0x10E9, 0xF0E8, 0xF0E8, 0xF0E8, 0xF0E8, 0xF0E8, 0xF0E8, 0xF0E8, 0xF0E8, 0xF0E8, 0xF0E8, 0xF0E8, 0x10E9, 
  0x10E9, 0xF0E8, 0xF0E8, 0xF0E8, 0xF0E8, 0xF0E8, 0xF0E8, 0xF0E8, 0xF0E8, 0xF0E8, 0xF0E8, 0xF0E8, 0xF0E8, 0xF0E8, 0xF0E8, 0xF0E8, 
  0xF0E8, 0xF0E8, 0xF0E8, 0xF0E8, 0xF0E8, 0xF0E8, 0xF0E8, 0xF0E8, 0xF0E8, 0xF0E8, 0xF0E8, 0xF0E8, 0xF0E8, 0xF0E8, 0xF0E8, 0xF0E8, 
  0xF0E8, 0xF0E8, 0xF0E8, 0xF0E8, 0xF0E8, 0xF0E8, 0xF0E8, 0xF0E8, 0xF0E8, 0xF0E8, 0xF0E8, 0xF0E8, 0xF0E8, 0xF0E8, 0xF0E8, 0xF0E8, 
  0xF0E8, 0xF0E8, 0xF0E8, 0xF0E8, 0xF0E8, 0xF0E8, 0xF0E8, 0xF0E8, 0xF0E8, 0xF0E8, 0x0FE9, 0xF0E8, 0xF0E8, 0xF0E8, 0xF0E8, 0xF0E8, 
  0xF0E8, 0xEEE8, 0xEBE0, 0xC8D8, 0xA5D8, 0xA4D8, 0xA3D8, 0xA3D8, 0xA3D0, 0x82D0, 0xA2C8, 0x02C9, 0xC3D1, 0xE5DA, 0x48E4, 0x08DD, 
  0x49D5, 0xE9B4, 0xA583, 0x6573, 0x6573, 0xE462, 0x434A, 0xE339, 0x6231, 0xE562, 0x4AD6, 0x0AEF, 0x6CF7, 0x078C, 0x4010, 0xE020, 
  0xC018, 0x0121, 0x2129, 0x0121, 0x6231, 0xA339, 0x6231, 0xA118, 0x634A, 0xEBE6, 0x4BF7, 0xEACD, 0x0129, 0x8010, 0xA018, 0xA018, 
  0xA018, 0xA018, 0xA018, 0xA018, 0xA018, 0xC018, 0xA018, 0xA010, 0xA018, 0xA018, 0xA018, 0xA018, 0xA018, 0xA010, 0x6010, 0x8018, 
  0x8010, 0xC018, 0x4229, 0x4231, 0xE9A4, 0x6CF7, 0x09EF, 0x0AEF, 0x0AEF, 0x09EF, 0x0AEF, 0xEAEE, 0x09EF, 0x0AEF, 0x0AF7, 0x2BFF, 
  0x0BFF, 0xC9F5, 0xE6DB, 0x03CA, 0xC1C8, 0xA2D0, 0xA4D8, 0xA4D8, 0xA7D8, 0xECE0, 0x0FE9, 0xF0E8, 0xF0E8, 0x10E9, 0x10E1, 0xF0E8, 
  0xF0E8, 0xF0E8, 0xF0E8, 0xF0E8, 0xF0E8, 0xF0E8, 0xF0E8, 0xF0E8, 0xF0E8, 0xF0E8, 0xF0E8, 0xF0E0, 0xF0E8, 0xF0E8, 0xF0E8, 0x10E9, 
  0xF0E8, 0xF0E8, 0xF0E8, 0xF0E8, 0xF0E8, 0xF0E8, 0xF0E8, 0xF0E8, 0xF0E8, 0xF0E8, 0xF0E8, 0xF0E8, 0xF0E8, 0xF0E8, 0xF0E8, 0xF0E8, 
  0xF0E8, 0xF0E8, 0xF0E8, 0xF0E8, 0xF0E8, 0xF0E8, 0xF0E8, 0xF0E8, 0xF0E8, 0xF0E8, 0xF0E8, 0xF0E8, 0xF0E8, 0xF0E8, 0xF0E8, 0xF0E8, 
  0xF0E8, 0xF0E8, 0xF0E8, 0xF0E8, 0xF0E8, 0xF0E8, 0xF0E8, 0xF0E8, 0xF0E8, 0xF0E8, 0xF0E8, 0xF0E8, 0xF0E8, 0xF0E8, 0xF0E8, 0xF0E8, 
  0xF0E8, 0xF0E8, 0xF0E8, 0xF0E8, 0xF0E8, 0xF0E8, 0xF0E8, 0xF0E8, 0xF0E8, 0xF0E8, 0xF0E8, 0xF0E8, 0xF0E8, 0xF0E8, 0xF0E8, 0x10E9, 
  0x10E9, 0xF0E8, 0xF0E8, 0xF0E8, 0xF0E8, 0xF0E8, 0xF0E8, 0xF0E8, 0xF0E8, 0xF0E8, 0xF0E8, 0xF0E8, 0xF0E8, 0xF0E8, 0xF0E8, 0xF0E8, 
  0xF0E8, 0xF0E8, 0x10E9, 0xF0E8, 0xF0E8, 0xF0E8, 0xF0E8, 0xF0E8, 0xF0E8, 0xF0E8, 0xF0E8, 0xF0E8, 0xF0E8, 0xF0E8, 0xF0E8, 0xF0E8, 
  0xF0E8, 0xF0E8, 0xF0E8, 0xF0E8, 0xF0E8, 0xF0E8, 0xF0E8, 0xF0E8, 0xF0E8, 0xF0E8, 0xF0E8, 0xF0E8, 0xF0E8, 0xF0E8, 0xF0E8, 0xF0E8, 
  0xF0E8, 0xF0E8, 0xF0E8, 0xF0E8, 0xF0E8, 0xF0E8, 0xF0E8, 0xF0E8, 0xF0E8, 0xF0E8, 0x10E9, 0xF0E8, 0xEFE0, 0xF0E8, 0x0FE9, 0xEDE8, 
  0xCAE0, 0xA6D8, 0xA4D8, 0xA3D8, 0xC3D8, 0xC3D8, 0x82D0, 0xA2C8, 0x63C9, 0xE4DA, 0x47EC, 0x6AED, 0x6AD5, 0x6BC5, 0xE68B, 0xA683, 
  0xC362, 0x034A, 0x0342, 0x2129, 0xA018, 0x2229, 0x0121, 0x8010, 0x6010, 0x0029, 0x6BD6, 0x4AF7, 0x2BCE, 0x6131, 0x8018, 0xE120, 
  0xC118, 0xC118, 0xA339, 0xC120, 0xC018, 0xC339, 0xC020, 0xA118, 0xC239, 0x8CDE, 0x6CF7, 0xEAC5, 0xE020, 0x8010, 0xA018, 0x8018, 
  0x8010, 0x8010, 0xA010, 0xA018, 0x8010, 0xA010, 0xA010, 0xA010, 0xA010, 0x8010, 0x8010, 0xA018, 0xC118, 0xC118, 0x2229, 0xC018, 
  0x4229, 0x0121, 0x8010, 0x6010, 0xE462, 0xEBE6, 0x4BF7, 0x2AEF, 0x0AEF, 0x09EF, 0x09EF, 0x0AEF, 0x0AEF, 0x0AEF, 0x0AEF, 0xE9E6, 
  0x8ADE, 0x4CF7, 0x6CFF, 0x6BFE, 0x46E4, 0xE3C9, 0xA3C8, 0xA3D8, 0xC3D8, 0xA5D8, 0xEAE0, 0x2EE1, 0xF0E8, 0xF0E8, 0x10E1, 0x10E9, 
  0xF0E8, 0xF0E8, 0xF0E8, 0xF0E8, 0xF0E8, 0xF0E8, 0xF0E8, 0xF0E8, 0xF0E8, 0xF0E8, 0xF0E8, 0xF0E0, 0xF0E8, 0xF0E8, 0xF0E8, 0xF0E8, 
  0xF0E8, 0xF0E8, 0xF0E8, 0xF0E8, 0xF0E8, 0xF0E8, 0xF0E8, 0xF0E8, 0xF0E8, 0xF0E8, 0xF0E8, 0xF0E8, 0xF0E8, 0xF0E8, 0xF0E8, 0xF0E8, 
  0xF0E8, 0xF0E8, 0xF0E8, 0xF0E8, 0xF0E8, 0xF0E8, 0xF0E8, 0xF0E8, 0xF0E8, 0xF0E8, 0xF0E8, 0xF0E8, 0xF0E8, 0xF0E8, 0xF0E8, 0xF0E8, 
  0xF0E8, 0xF0E8, 0xF0E8, 0xF0E8, 0xF0E8, 0xF0E8, 0xF0E8, 0xF0E8, 0xF0E8, 0xF0E8, 0xF0E8, 0xF0E8, 0xF0E8, 0xF0E8, 0xF0E8, 0xF0E8, 
  0xF0E8, 0xF0E8, 0xF0E8, 0xF0E8, 0xF0E8, 0xF0E8, 0xF0E8, 0xF0E8, 0xF0E8, 0xF0E8, 0xF0E8, 0xF0E8, 0xF0E8, 0xF0E8, 0xF0E8, 0x10E9, 
  0x10E9, 0xF0E8, 0xF0E8, 0xF0E8, 0xF0E8, 0xF0E8, 0xF0E8, 0xF0E8, 0x10E9, 0xF0E8, 0xF0E8, 0xF0E8, 0xF0E8, 0xF0E8, 0xF0E8, 0xF0E8, 
  0xF0E8, 0xF0E8, 0xF0E8, 0xF0E8, 0xF0E8, 0xF0E8, 0xF0E8, 0xF0E8, 0xF0E8, 0xF0E8, 0xF0E8, 0xF0E8, 0xF0E8, 0xF0E8, 0xF0E8, 0xF0E8, 
  0xF0E8, 0x10E9, 0xF0E8, 0xF0E8, 0xF0E8, 0xF0E8, 0xF0E8, 0xF0E8, 0xF0E8, 0xF0E8, 0xF0E8, 0xF0E8, 0xF0E8, 0xF0E8, 0xF0E8, 0xF0E8, 
  0xF0E8, 0x10E9, 0xF0E8, 0xF0E8, 0xF0E8, 0xF0E8, 0xF0E8, 0xF0E8, 0xF0E8, 0xF0E8, 0xF0E8, 0xF0E8, 0x0FE9, 0x0EE9, 0xCAE0, 0xA5D8, 
  0xA3D0, 0xC3D0, 0xC3D8, 0x83D0, 0xA2C8, 0x62C9, 0xC3D2, 0xC8F4, 0x2BF6, 0x8ACD, 0xA9AC, 0xE46A, 0xC241, 0x2129, 0x6229, 0x8231, 
  0x2229, 0x8018, 0xA018, 0x8010, 0xA010, 0x8010, 0x8010, 0xA018, 0x8010, 0x0121, 0x4BCE, 0x8CFF, 0x4573, 0x4010, 0x2121, 0xC018, 
  0x8010, 0xC018, 0xE020, 0x0121, 0x0129, 0x8331, 0x4229, 0x8010, 0x8010, 0xA139, 0x4CD6, 0xCBBD, 0x0029, 0x8018, 0x0121, 0x6331, 
  0xE120, 0x8018, 0xC118, 0xC018, 0x8331, 0xA018, 0xA010, 0xA010, 0xC018, 0x0221, 0xC018, 0xC118, 0xE118, 0xA018, 0x0221, 0xA018, 
  0xEA83, 0x6552, 0x6010, 0xE118, 0xA018, 0x6352, 0xE9A4, 0x8BDE, 0x4BF7, 0x2AF7, 0x2AEF, 0x09EF, 0x09EF, 0xE9EE, 0x09EF, 0xCAE6, 
  0x4373, 0xC362, 0x88A4, 0xABE6, 0x6CFF, 0x4AF6, 0x85DB, 0x21C1, 0xA2D0, 0xC3D8, 0xA4D0, 0xC8D8, 0xEDE8, 0xEFE8, 0xEFE8, 0xF0E8, 
  0xF0E8, 0xF0E8, 0xF0E8, 0xF0E8, 0xF0E8, 0xF0E8, 0xF0E8, 0xF0E8, 0xF0E8, 0xF0E8, 0xF0E8, 0xF0E8, 0xF0E8, 0xF0E8, 0xF0E8, 0xF0E8, 
  0xF0E8, 0xF0E8, 0xF0E8, 0xF0E8, 0xF0E8, 0xF0E8, 0xF0E8, 0xF0E8, 0xF0E8, 0xF0E8, 0xF0E8, 0xF0E8, 0xF0E8, 0xF0E8, 0xF0E8, 0xF0E8, 
  0xF0E8, 0xF0E8, 0xF0E8, 0xF0E8, 0xF0E8, 0xF0E8, 0xF0E8, 0xF0E8, 0xF0E8, 0xF0E8, 0xF0E8, 0xF0E8, 0xF0E8, 0xF0E8, 0xF0E8, 0xF0E8, 
  0xF0E8, 0xF0E8, 0xF0E8, 0xF0E8, 0xF0E8, 0xF0E8, 0xF0E8, 0xF0E8, 0xF0E8, 0xF0E8, 0xF0E8, 0xF0E8, 0xF0E8, 0xF0E8, 0xF0E8, 0xF0E8, 
  0xF0E8, 0xF0E8, 0xF0E8, 0xF0E8, 0xF0E8, 0xF0E8, 0xF0E8, 0xF0E8, 0xF0E8, 0xF0E8, 0xF0E8, 0xF0E8, 0xF0E8, 0xF0E8, 0xF0E8, 0x10E9, 
  0x10E9, 0xF0E8, 0xF0E8, 0xF0E8, 0xF0E8, 0xF0E8, 0xF0E8, 0xF0E8, 0xF0E8, 0xF0E8, 0xF0E8, 0xF0E8, 0xF0E8, 0xF0E8, 0xF0E8, 0xF0E8, 
  0xF0E8, 0xF0E8, 0xF0E8, 0xF0E8, 0xF0E8, 0xF0E8, 0xF0E8, 0xF0E8, 0xF0E8, 0xF0E8, 0xF0E8, 0xF0E8, 0xF0E8, 0xF0E8, 0xF0E8, 0xF0E8, 
  0xF0E8, 0xF0E8, 0xF0E8, 0xF0E8, 0xF0E8, 0xF0E8, 0xF0E8, 0xF0E8, 0xF0E8, 0xF0E8, 0xF0E8, 0xF0E8, 0xF0E8, 0xF0E8, 0xF0E8, 0xF0E8, 
  0xF0E8, 0xF0E8, 0xF0E8, 0xF0E8, 0xF0E8, 0xF0E8, 0xF0E8, 0xF0E8, 0xF0E8, 0xF0E8, 0xEFE8, 0x0EE9, 0xEBE0, 0xA6D8, 0xA4D0, 0xC3D0, 
  0xC4D8, 0x83D0, 0xC2C8, 0xE3C9, 0xE6DB, 0xC9F5, 0xCCFE, 0x8AC5, 0x867B, 0x434A, 0x6231, 0xA339, 0x4229, 0xA010, 0x8018, 0x8018, 
  0xA118, 0x8010, 0xA010, 0xA018, 0xA018, 0xA018, 0xA018, 0x8010, 0xA010, 0x8010, 0x246B, 0xCBE6, 0xC683, 0x6010, 0x6229, 0xE120, 
  0xA018, 0xA018, 0xE120, 0xC120, 0xC120, 0xA018, 0xC118, 0xA010, 0xA010, 0x4010, 0xA239, 0x6131, 0x8010, 0x0129, 0x6331, 0x6331, 
  0xE120, 0xA018, 0xE120, 0xC018, 0x0221, 0xA018, 0xA010, 0x8010, 0xC118, 0x4329, 0xE118, 0x0221, 0xC118, 0xC018, 0x8018, 0x8018, 
  0xC018, 0xE120, 0xA018, 0xC018, 0xE118, 0xC118, 0x0121, 0x0242, 0xE583, 0x0ACE, 0x8ADE, 0x2BEF, 0x6BF7, 0x4BF7, 0x2AF7, 0x6BF7, 
  0x69B5, 0x2129, 0xC018, 0xE241, 0x29AD, 0xEBEE, 0x2CFF, 0xC8E4, 0xC2C1, 0xA2D0, 0xC3D8, 0xA4D0, 0xA7D8, 0x0CE1, 0x0FE9, 0xF0E8, 
  0xF0E8, 0xF0E8, 0xF0E8, 0xF0E8, 0xF0E8, 0xF0E8, 0xF0E8, 0xF0E8, 0xF0E8, 0xF0E8, 0xF0E8, 0xF0E8, 0xF0E8, 0xF0E8, 0xF0E8, 0xF0E8, 
  0xF0E8, 0xF0E8, 0xF0E8, 0xF0E8, 0xF0E8, 0xF0E8, 0xF0E8, 0xF0E8, 0xF0E8, 0xF0E8, 0xF0E8, 0xF0E8, 0xF0E8, 0xF0E8, 0xF0E8, 0xF0E8, 
  0xF0E8, 0xF0E8, 0xF0E8, 0xF0E8, 0xF0E8, 0xF0E8, 0xF0E8, 0xF0E8, 0xF0E8, 0xF0E8, 0xF0E8, 0xF0E8, 0xF0E8, 0xF0E8, 0xF0E8, 0xF0E8, 
  0xF0E8, 0xF0E8, 0xF0E8, 0xF0E8, 0xF0E8, 0xF0E8, 0xF0E8, 0xF0E8, 0xF0E8, 0xF0E8, 0xF0E8, 0xF0E8, 0xF0E8, 0xF0E8, 0x10E9, 0xF0E8, 
  0xF0E8, 0xF0E8, 0xF0E8, 0xF0E8, 0xF0E8, 0xF0E8, 0xF0E8, 0xF0E8, 0xF0E8, 0xF0E8, 0xF0E8, 0xF0E8, 0xF0E8, 0xF0E8, 0xF0E8, 0x10E9, 
  0x10E9, 0xF0E8, 0xF0E8, 0xF0E8, 0xF0E8, 0xF0E8, 0xF0E8, 0xF0E8, 0xF0E8, 0xF0E8, 0xF0E8, 0xF0E8, 0xF0E8, 0xF0E8, 0xF0E8, 0xF0E8, 
  0xF0E8, 0xF0E8, 0xF0E8, 0xF0E8, 0xF0E8, 0xF0E8, 0xF0E8, 0xF0E8, 0xF0E8, 0xF0E8, 0xF0E8, 0xF0E8, 0xF0E8, 0xF0E8, 0xF0E8, 0xF0E8, 
  0xF0E8, 0xF0E8, 0xF0E8, 0xF0E8, 0xF0E8, 0xF0E8, 0xF0E8, 0xF0E8, 0xF0E8, 0xF0E8, 0xF0E8, 0xF0E8, 0xF0E8, 0xF0E8, 0xF0E8, 0xF0E8, 
  0xF0E8, 0xF0E8, 0xF0E8, 0xF0E8, 0xF0E8, 0xF0E8, 0xF0E8, 0xF0E8, 0xF0E8, 0xEFE8, 0x0DE9, 0xC8D8, 0xA4D8, 0xA3D0, 0xC3D0, 0xA3D0, 
  0xC2C8, 0x02D2, 0x47E4, 0x4AFE, 0x2AF7, 0x2BF7, 0x4473, 0x0021, 0x2129, 0xC439, 0xC339, 0x6231, 0xC018, 0x8010, 0xA018, 0xA018, 
  0xA010, 0xC118, 0x2221, 0x8010, 0xC118, 0xA118, 0x8010, 0xC118, 0xE120, 0x6010, 0x6131, 0x8BDE, 0xEACD, 0x2129, 0xA010, 0xA118, 
  0x8018, 0xA018, 0x4129, 0x0129, 0x0121, 0x0221, 0xC118, 0x2229, 0x8010, 0xA018, 0x8018, 0x8110, 0xE220, 0xE120, 0xE120, 0xC020, 
  0xC018, 0xA010, 0xC018, 0xA018, 0x8010, 0xA018, 0x8010, 0xA010, 0x8010, 0x8010, 0xA010, 0xA010, 0xA010, 0xC018, 0xA018, 0x8018, 
  0x8010, 0xA010, 0xC018, 0xE118, 0xA018, 0xA018, 0x2129, 0xE120, 0x2129, 0x8139, 0x6352, 0xE583, 0x8694, 0x08AD, 0xC9CD, 0x2AD6, 
  0x29AD, 0xE341, 0x0121, 0xA010, 0xE018, 0x6352, 0xA9C5, 0x4CFF, 0xCAF5, 0x84CA, 0xC1C8, 0xC3D8, 0xA3D0, 0xA6D0, 0xECE8, 0xEFE8, 
  0xEFE8, 0xEFE8, 0xEFE8, 0xF0E8, 0xF0E8, 0xF0E8, 0xF0E8, 0xF0E8, 0xF0E8, 0xF0E8, 0xF0E8, 0xF0E8, 0xF0E8, 0xF0E8, 0xF0E8, 0xF0E8, 
  0xF0E8, 0xF0E8, 0xF0E8, 0xF0E8, 0xF0E8, 0xF0E8, 0xF0E8, 0xF0E8, 0xF0E8, 0xF0E8, 0xF0E8, 0xF0E8, 0xF0E8, 0xF0E8, 0xF0E8, 0xF0E8, 
  0xF0E8, 0xF0E8, 0xF0E8, 0xF0E8, 0xF0E8, 0xF0E8, 0xF0E8, 0xF0E8, 0xF0E8, 0xF0E8, 0xF0E8, 0xF0E8, 0xF0E8, 0xF0E8, 0xF0E8, 0xF0E8, 
  0xF0E8, 0xF0E8, 0xF0E8, 0xF0E8, 0xF0E8, 0xF0E8, 0xF0E8, 0xF0E8, 0xF0E8, 0xF0E8, 0xF0E8, 0xF0E8, 0xF0E8, 0xF0E8, 0xF0E8, 0xF0E8, 
  0xF0E8, 0xF0E8, 0xF0E8, 0xF0E8, 0xF0E8, 0xF0E8, 0xF0E8, 0xF0E8, 0xF0E8, 0xF0E8, 0xF0E8, 0xF0E8, 0xF0E8, 0xF0E8, 0xF0E8, 0x10E9, 
  0x10E9, 0xF0E8, 0xF0E8, 0xF0E8, 0xF0E8, 0xF0E8, 0xF0E8, 0xF0E8, 0xF0E8, 0xF0E8, 0xF0E8, 0xF0E8, 0xF0E8, 0xF0E8, 0xF0E8, 0xF0E8, 
  0xF0E8, 0xF0E8, 0xF0E8, 0xF0E8, 0xF0E8, 0xF0E8, 0xF0E8, 0xF0E8, 0xF0E8, 0xF0E8, 0xF0E8, 0xF0E8, 0xF0E8, 0xF0E8, 0xF0E8, 0xF0E8, 
  0xF0E8, 0xF0E8, 0xF0E8, 0xF0E8, 0xF0E8, 0xF0E8, 0xF0E8, 0xF0E8, 0xF0E8, 0xF0E8, 0xF0E8, 0xF0E8, 0xF0E8, 0xF0E8, 0xF0E8, 0xF0E8, 
  0xF0E8, 0xF0E8, 0xF0E8, 0xF0E8, 0xF0E8, 0x10E9, 0x10E9, 0xEFE0, 0x0FE9, 0xECE0, 0xA6D8, 0xA3D8, 0xC3D8, 0xC3D0, 0xA2C8, 0xC3C9, 
  0x27E4, 0x6AFE, 0x2BF7, 0x0AEF, 0x0AF7, 0x49D6, 0xA47B, 0x266B, 0xC239, 0xC018, 0xE120, 0x8010, 0x8010, 0xA018, 0xA018, 0xA118, 
  0xA018, 0xA018, 0xA018, 0x8018, 0xC018, 0xE120, 0x8018, 0x2129, 0x4229, 0x0029, 0x28AD, 0x4BF7, 0x6BDE, 0xA239, 0xA010, 0x6010, 
  0x0029, 0x0463, 0xA89C, 0x8573, 0xA239, 0xE120, 0xC120, 0xE120, 0xA010, 0xA018, 0x8010, 0xA010, 0xC018, 0xA018, 0xA018, 0xA018, 
  0xE120, 0xC018, 0xA018, 0x8010, 0xA118, 0xA018, 0xA018, 0x8010, 0xA018, 0xA018, 0xA018, 0xA018, 0xA010, 0xA010, 0xA018, 0xA018, 
  0xC018, 0xE120, 0x8018, 0xA018, 0xC018, 0xA018, 0x0121, 0x6231, 0xC118, 0xC118, 0x0121, 0xC018, 0x8010, 0x0121, 0x0021, 0xE239, 
  0xA352, 0x6452, 0x2229, 0x4229, 0xC018, 0x8010, 0x6031, 0xEAC5, 0x4BF7, 0x4AFE, 0x24D3, 0xC2C8, 0xC3D8, 0xC3D8, 0xA5D8, 0xECE0, 
  0xEFE8, 0xF0E8, 0xF0E8, 0xF0E8, 0xF0E8, 0xF0E8, 0xF0E8, 0xF0E8, 0xF0E8, 0xF0E8, 0xF0E8, 0xF0E8, 0xF0E8, 0xF0E8, 0xF0E8, 0xF0E8, 
  0xF0E8, 0xF0E8, 0xF0E8, 0xF0E8, 0xF0E8, 0xF0E8, 0xF0E8, 0xF0E8, 0xF0E8, 0xF0E8, 0xF0E8, 0xF0E8, 0xF0E8, 0xF0E8, 0xF0E8, 0xF0E8, 
  0xF0E8, 0xF0E8, 0xF0E8, 0xF0E8, 0xF0E8, 0xF0E8, 0xF0E8, 0xF0E8, 0xF0E8, 0xF0E8, 0xF0E8, 0xF0E8, 0xF0E8, 0xF0E8, 0xF0E8, 0xF0E8, 
  0xF0E8, 0xF0E8, 0xF0E8, 0xF0E8, 0xF0E8, 0xF0E8, 0xF0E8, 0xF0E8, 0xF0E8, 0xF0E8, 0xF0E8, 0xF0E8, 0xF0E8, 0xF0E8, 0xF0E8, 0xF0E8, 
  0xF0E8, 0xF0E8, 0xF0E8, 0xF0E8, 0xF0E8, 0xF0E8, 0xF0E8, 0xF0E8, 0xF0E8, 0xF0E8, 0xF0E8, 0xF0E8, 0xF0E8, 0xF0E8, 0xF0E8, 0x10E9, 
  0x10E9, 0xF0E8, 0xF0E8, 0xF0E8, 0xF0E8, 0xF0E8, 0xF0E8, 0xF0E8, 0xF0E8, 0xF0E8, 0x10E9, 0xF0E8, 0xF0E8, 0xF0E8, 0xF0E8, 0xF0E8, 
  0xF0E8, 0xF0E8, 0xF0E8, 0xF0E8, 0xF0E8, 0xF0E8, 0xF0E8, 0xF0E8, 0xF0E8, 0xF0E8, 0xF0E8, 0xF0E8, 0xF0E8, 0xF0E8, 0xF0E8, 0xF0E8, 
  0xF0E8, 0xF0E8, 0xF0E8, 0xF0E8, 0xF0E8, 0xF0E8, 0xF0E8, 0xF0E8, 0xF0E8, 0xF0E8, 0xF0E8, 0xF0E8, 0xF0E8, 0xF0E8, 0xF0E8, 0xF0E8, 
  0xF0E8, 0xF0E8, 0xF0E8, 0xF0E8, 0xF0E8, 0xF0E8, 0xF0E8, 0x0FE9, 0xCAE0, 0x85D8, 0xA3D0, 0xC3D8, 0xA2C8, 0x22C9, 0x66E3, 0x0AFE, 
  0x2BFF, 0x0AEF, 0x09E7, 0x0AEF, 0x0AEF, 0xE9E6, 0xEBE6, 0xA683, 0xA018, 0xA010, 0xA018, 0xA018, 0xA010, 0xA018, 0xA018, 0xA010, 
  0xA010, 0xC018, 0x0121, 0xC118, 0xE120, 0xC120, 0xC118, 0x0221, 0x6010, 0xE241, 0xECE6, 0x4AF7, 0x69BD, 0xC018, 0xE018, 0x224A, 
  0xCAC5, 0xEBE6, 0xEAE6, 0x0CEF, 0x09AD, 0x6131, 0xA118, 0xA018, 0xA118, 0xA018, 0x244A, 0x0021, 0xE441, 0x4229, 0xE120, 0xA018, 
  0xA018, 0xC018, 0xC018, 0xC118, 0xA018, 0xA018, 0xA018, 0xC118, 0xC118, 0x8010, 0x6010, 0x8018, 0xA018, 0xA010, 0xC118, 0xA018, 
  0x2129, 0x4229, 0xC120, 0xA018, 0xE118, 0xC118, 0xC018, 0xC018, 0xA018, 0x4229, 0xE120, 0xA018, 0x0121, 0xC118, 0x8010, 0xC118, 
  0x0121, 0xC239, 0xC341, 0xE241, 0xA462, 0x835A, 0xE020, 0x056B, 0x2CF7, 0x0AEF, 0xABFE, 0x85DB, 0xC1C8, 0xA4D8, 0xC3D8, 0x85D8, 
  0xEBE0, 0x0FE9, 0xF0E8, 0xF0E8, 0x10E1, 0xF0E8, 0xEFE8, 0xF0E8, 0xF0E8, 0xF0E8, 0xF0E8, 0xF0E8, 0xF0E8, 0xF0E8, 0xF0E8, 0xF0E8, 
  0xF0E0, 0xF0E8, 0xF0E8, 0xF0E8, 0xF0E8, 0xF0E8, 0xF0E8, 0xF0E8, 0xF0E8, 0xF0E8, 0xF0E8, 0xF0E8, 0xF0E8, 0xF0E8, 0xF0E8, 0xF0E8, 
  0xF0E8, 0xF0E8, 0xF0E8, 0xF0E8, 0xF0E8, 0xF0E8, 0xF0E8, 0xF0E8, 0xF0E8, 0xF0E8, 0xF0E8, 0xF0E8, 0xF0E8, 0xF0E8, 0xF0E8, 0xF0E8, 
  0xF0E8, 0xF0E8, 0xF0E8, 0xF0E8, 0xF0E8, 0xF0E8, 0xF0E8, 0xF0E8, 0xF0E8, 0xF0E8, 0xF0E8, 0xF0E8, 0xF0E8, 0xF0E8, 0xF0E8, 0xF0E8, 
  0xF0E8, 0xF0E8, 0xF0E8, 0xF0E8, 0xF0E8, 0xF0E8, 0xF0E8, 0xF0E8, 0xF0E8, 0xF0E8, 0xF0E8, 0xF0E8, 0xF0E8, 0xF0E8, 0xEFE8, 0x10E9, 
  0x10E9, 0xEFE8, 0xF0E8, 0xF0E8, 0xF0E8, 0xF0E8, 0xF0E8, 0xF0E8, 0xF0E8, 0xF0E8, 0xF0E8, 0xF0E8, 0xF0E8, 0xF0E8, 0xF0E8, 0xF0E8, 
  0xF0E8, 0xF0E8, 0xF0E8, 0xF0E8, 0xF0E8, 0xF0E8, 0xF0E8, 0xF0E8, 0xF0E8, 0xF0E8, 0xF0E8, 0xF0E8, 0xF0E8, 0xF0E8, 0xF0E8, 0xF0E8, 
  0xF0E8, 0xF0E8, 0xF0E8, 0xF0E8, 0xF0E8, 0xF0E8, 0xF0E8, 0xF0E8, 0xF0E8, 0xF0E8, 0x10E9, 0xF0E8, 0xF0E8, 0xF0E8, 0xF0E8, 0xF0E8, 
  0xF0E8, 0xF0E8, 0xF0E8, 0xEFE8, 0xEFE8, 0xF0E8, 0x0FE9, 0xC9E0, 0xA4D0, 0xC3D0, 0xA3D8, 0xA2C8, 0x23CA, 0x08F5, 0x0BFF, 0x2AEF, 
  0x0AEF, 0x0AEF, 0x0AEF, 0x0AEF, 0xEAEE, 0x0AEF, 0xEBE6, 0x234A, 0x6010, 0x0121, 0xA118, 0xA018, 0xA118, 0x8010, 0x8010, 0xC118, 
  0xE118, 0xE118, 0x4229, 0xC020, 0x0121, 0x2229, 0xC118, 0xC118, 0x6010, 0x434A, 0x0CEF, 0x4BF7, 0x4794, 0x6010, 0x6352, 0xABDE, 
  0x4AF7, 0x0AEF, 0x0AEF, 0x0AF7, 0xECEE, 0x4352, 0x8010, 0xE120, 0x2029, 0x635A, 0xCEE6, 0x835A, 0x254A, 0xE441, 0x2229, 0x2229, 
  0xA018, 0xC118, 0xC118, 0xE120, 0xA010, 0xA018, 0xA118, 0xC118, 0x6010, 0x2129, 0xE241, 0x4129, 0x8018, 0xA118, 0xA018, 0x6231, 
  0x4452, 0x8231, 0x2129, 0x0129, 0xC020, 0x6331, 0x2229, 0x4229, 0xA239, 0xE339, 0xC339, 0x2129, 0xC020, 0xA018, 0xC018, 0x4229, 
  0xA018, 0xA018, 0xE120, 0x056B, 0x6BDE, 0x6ADE, 0x69B5, 0x835A, 0x4694, 0x6CF7, 0x09EF, 0xCAFE, 0xA5DB, 0xC2C8, 0xC3D0, 0xC3D8, 
  0x85D8, 0x0CE1, 0x0FE9, 0xEFE8, 0xF0E0, 0x10E1, 0xF0E8, 0xF0E8, 0xF0E8, 0xF0E8, 0xF0E8, 0xF0E8, 0xF0E8, 0xF0E8, 0xF0E8, 0xF0E8, 
  0xF0E8, 0xF0E8, 0xF0E8, 0xF0E8, 0xF0E8, 0xF0E8, 0xF0E8, 0xF0E8, 0xF0E8, 0xF0E8, 0xF0E8, 0xF0E8, 0xF0E8, 0xF0E8, 0xF0E8, 0x10E9, 
  0xF0E8, 0xF0E8, 0xF0E8, 0xF0E8, 0xF0E8, 0xF0E8, 0xF0E8, 0xF0E8, 0xF0E8, 0xF0E8, 0xF0E8, 0xF0E8, 0xF0E8, 0xF0E8, 0xF0E8, 0xF0E8, 
  0xF0E8, 0xF0E8, 0xF0E8, 0xF0E8, 0xF0E8, 0xF0E8, 0xF0E8, 0xF0E8, 0xF0E8, 0xF0E8, 0xF0E8, 0xF0E8, 0xF0E8, 0xF0E8, 0xF0E8, 0xF0E8, 
  0xF0E8, 0xF0E8, 0xF0E8, 0xF0E8, 0xF0E8, 0xF0E8, 0xF0E8, 0xF0E8, 0xF0E8, 0xF0E8, 0xF0E8, 0xF0E8, 0xF0E8, 0xF0E8, 0xF0E8, 0x10E9, 
  0x10E9, 0xF0E8, 0xF0E8, 0xF0E8, 0xF0E8, 0xF0E8, 0xF0E8, 0xF0E8, 0xF0E8, 0xF0E8, 0xF0E8, 0xF0E8, 0xF0E8, 0xF0E8, 0xF0E8, 0xF0E8, 
  0xF0E8, 0xF0E8, 0xF0E8, 0xF0E8, 0xF0E8, 0xF0E8, 0xF0E8, 0xF0E8, 0xF0E8, 0xF0E8, 0xF0E8, 0xF0E8, 0xF0E8, 0xF0E0, 0xF0E0, 0xF0E8, 
  0xF0E8, 0xF0E8, 0xF0E8, 0xF0E8, 0xF0E8, 0xF0E8, 0xF0E8, 0xF0E8, 0xF0E8, 0xF0E8, 0xF0E8, 0xF0E8, 0x10E9, 0xF0E8, 0xF0E8, 0xF0E8, 
  0xF0E8, 0xF0E8, 0xF0E8, 0xF0E8, 0xEFE8, 0x0FE9, 0xCAE0, 0xA4D0, 0xC3D0, 0xC3D0, 0x02C9, 0x45DB, 0x4AFE, 0x2AF7, 0x09EF, 0x0AEF, 
  0x0AEF, 0x09EF, 0x0AEF, 0x0AEF, 0xEAEE, 0x4BF7, 0xC7A4, 0x0129, 0xA018, 0xA010, 0xA018, 0x8010, 0xA010, 0xC118, 0xA018, 0x0221, 
  0xC118, 0x0121, 0xC018, 0xA018, 0xA010, 0x0121, 0xE018, 0x8010, 0xA018, 0x0129, 0x49B5, 0x2DE7, 0x0242, 0x8010, 0x468C, 0x4BF7, 
  0xE9EE, 0x0AEF, 0x09EF, 0x2AF7, 0x0ACE, 0xE341, 0x8010, 0xE462, 0x4ACE, 0x49D6, 0x6BFF, 0x89BD, 0x6131, 0xE020, 0xA018, 0xC120, 
  0xC120, 0xA018, 0xA118, 0xA118, 0xA010, 0xA018, 0xA010, 0x6010, 0xE662, 0xACDE, 0x0BEF, 0xEBBD, 0x4129, 0x8010, 0x256B, 0xEAC5, 
  0x6AD6, 0x09C6, 0x68B5, 0x49B5, 0x246B, 0x8139, 0xA339, 0x8331, 0x2129, 0xE65A, 0x0342, 0x0442, 0x6131, 0xE341, 0x4229, 0xC018, 
  0xC118, 0xC018, 0x4008, 0x4573, 0x6CF7, 0x0AEF, 0x6BF7, 0x6AD6, 0xE48B, 0x07A5, 0x2CF7, 0x2AF7, 0xCBFE, 0x65DB, 0xC2C0, 0xC3D8, 
  0xA3D8, 0xA6D0, 0x0CE1, 0xEFE8, 0xEFE8, 0xF0E8, 0xF0E8, 0xF0E8, 0xF0E8, 0xF0E8, 0xF0E8, 0xF0E8, 0xF0E8, 0xF0E8, 0xF0E8, 0xF0E8, 
  0xF0E8, 0xF0E8, 0xF0E8, 0xF0E8, 0xF0E8, 0xF0E8, 0xF0E8, 0xF0E8, 0xF0E8, 0xF0E8, 0xF0E8, 0xF0E8, 0xF0E8, 0xF0E8, 0xF0E8, 0xF0E8, 
  0xF0E8, 0xF0E8, 0xF0E8, 0xF0E8, 0xF0E8, 0xF0E8, 0xF0E8, 0xF0E8, 0xF0E8, 0xF0E8, 0xF0E8, 0xF0E8, 0xF0E8, 0xF0E8, 0xF0E8, 0xF0E8, 
  0xF0E8, 0xF0E8, 0xF0E8, 0xF0E8, 0x10E9, 0xF0E8, 0xF0E8, 0x10E9, 0xF0E8, 0xF0E8, 0xF0E8, 0xF0E8, 0xF0E8, 0xF0E8, 0xF0E8, 0xF0E8, 
  0xF0E8, 0xF0E8, 0xF0E8, 0xF0E8, 0xF0E8, 0xF0E8, 0xF0E8, 0xF0E8, 0xF0E8, 0xF0E8, 0xF0E8, 0xF0E8, 0xF0E8, 0xF0E8, 0xF0E8, 0x10E9, 
  0x10E9, 0xEFE0, 0xF0E8, 0xF0E8, 0xF0E8, 0xF0E8, 0xF0E8, 0xF0E8, 0xF0E8, 0xF0E8, 0xF0E8, 0xF0E8, 0xF0E8, 0xF0E8, 0xF0E8, 0xF0E8, 
  0xF0E8, 0xF0E8, 0xF0E8, 0xF0E8, 0xF0E8, 0xF0E8, 0xF0E8, 0xF0E8, 0xF0E8, 0xF0E8, 0xF0E8, 0xF0E8, 0xF0E8, 0xF0E8, 0xF0E8, 0xF0E8, 
  0xF0E8, 0xF0E8, 0xF0E8, 0xF0E8, 0xF0E8, 0xF0E8, 0xF0E8, 0xF0E8, 0xF0E8, 0xF0E8, 0xF0E8, 0xF0E8, 0xF0E8, 0xF0E8, 0xF0E8, 0xF0E8, 
  0xF0E8, 0xF0E8, 0xF0E8, 0xF0E8, 0x0FE9, 0xC9E0, 0x84D8, 0xC3D8, 0xC2D0, 0x42C1, 0x67E4, 0xEBFE, 0x2BF7, 0x0AEF, 0x0AEF, 0x0AEF, 
  0x09EF, 0x0AEF, 0xE9EE, 0x29EF, 0x4BF7, 0x69B5, 0xA139, 0x2229, 0x8010, 0xA018, 0xE018, 0xE120, 0xA339, 0xE118, 0xC018, 0xA010, 
  0xA018, 0x0121, 0xE118, 0x8010, 0x8010, 0xA018, 0xC018, 0xA010, 0xC118, 0x8010, 0xE239, 0x456B, 0xE020, 0xE120, 0xE7A4, 0x4BF7, 
  0xE9EE, 0x09EF, 0xE9EE, 0x4BF7, 0x48B5, 0x2129, 0x6008, 0x6794, 0x8CFF, 0x0AEF, 0xE9EE, 0x0CEF, 0xE55A, 0x8018, 0xA018, 0xA118, 
  0xA018, 0xA018, 0xA018, 0xA018, 0xA018, 0xA018, 0xA010, 0x8010, 0x434A, 0x6BD6, 0xABE6, 0x6DD6, 0x234A, 0x0463, 0xCADE, 0x4AF7, 
  0x0AEF, 0x2AF7, 0x4AF7, 0x4BF7, 0xEBEE, 0x2ACE, 0x068C, 0xE241, 0xA339, 0x276B, 0x8231, 0x8339, 0x6452, 0x444A, 0xA339, 0xC339, 
  0xE120, 0x0121, 0x0121, 0xA139, 0xEAC5, 0x2AF7, 0xE8E6, 0x2AEF, 0x4CF7, 0xC362, 0x6352, 0x8BDE, 0x6BFF, 0xAAFE, 0x05DB, 0xA2C8, 
  0xC4D8, 0xA3D8, 0xA6D8, 0xEDE8, 0xF0E8, 0xF0E8, 0x10E9, 0xF0E8, 0xF0E8, 0xF0E8, 0xF0E8, 0xF0E8, 0xF0E8, 0xF0E8, 0xF0E8, 0xF0E8, 
  0xF0E8, 0xF0E8, 0xF0E8, 0xF0E8, 0xF0E8, 0xF0E8, 0xF0E8, 0xF0E8, 0xF0E8, 0xF0E8, 0xF0E8, 0xF0E8, 0xF0E8, 0xF0E8, 0xF0E8, 0xF0E8, 
  0xF0E8, 0xF0E8, 0xF0E8, 0xF0E8, 0xF0E8, 0xF0E8, 0xF0E8, 0xF0E8, 0xF0E8, 0xF0E8, 0xF0E8, 0xF0E8, 0xF0E8, 0xF0E8, 0xF0E8, 0xF0E8, 
  0xF0E8, 0xF0E8, 0xF0E8, 0xF0E8, 0xF0E8, 0xF0E8, 0xF0E8, 0xF0E8, 0xF0E8, 0xF0E8, 0xF0E8, 0xF0E8, 0xF0E8, 0xF0E8, 0xF0E8, 0xF0E8, 
  0xF0E8, 0xF0E8, 0xF0E8, 0xF0E8, 0xF0E8, 0xF0E8, 0xF0E8, 0xF0E8, 0xF0E8, 0xF0E8, 0xF0E8, 0xF0E8, 0xF0E8, 0xF0E8, 0xF0E8, 0x10E9, 
  0x10E9, 0xF0E0, 0xF0E8, 0xF0E8, 0xF0E8, 0xF0E8, 0xF0E8, 0xF0E8, 0xF0E8, 0xF0E8, 0xF0E8, 0xF0E8, 0xF0E8, 0xF0E8, 0xF0E8, 0xF0E8, 
  0xF0E8, 0xF0E8, 0xF0E8, 0xF0E8, 0xF0E8, 0xF0E8, 0xF0E8, 0xF0E8, 0xF0E8, 0xF0E8, 0xF0E8, 0xF0E8, 0xF0E8, 0xF0E8, 0xF0E8, 0xF0E8, 
  0xF0E8, 0xF0E8, 0xF0E8, 0xF0E8, 0xF0E8, 0xF0E8, 0xF0E8, 0xF0E8, 0xF0E8, 0xF0E8, 0xF0E8, 0xF0E8, 0xF0E8, 0xF0E8, 0xF0E8, 0xF0E8, 
  0xF0E8, 0xF0E8, 0xF0E8, 0x0FE9, 0xCAE0, 0xA4D0, 0xC3D8, 0xA2D0, 0xA2C1, 0x08ED, 0x2BFF, 0x0BE7, 0x08CE, 0x68D6, 0x2AEF, 0xE9EE, 
  0xEAEE, 0x0AEF, 0x6BF7, 0xCBE6, 0x867B, 0x4229, 0xC018, 0xC018, 0xA018, 0x6231, 0xC339, 0x2229, 0x6331, 0xA018, 0x8010, 0xA010, 
  0xC118, 0xA010, 0xE118, 0x0221, 0xE120, 0xC118, 0xA018, 0xA118, 0x4010, 0x8010, 0x8010, 0xE8A4, 0x4794, 0x4029, 0x2463, 0x2CEF, 
  0x4BF7, 0x0AF7, 0x6CF7, 0x0ACE, 0x845A, 0xC020, 0x8010, 0xA89C, 0x2BF7, 0x0AEF, 0x2AEF, 0x4BF7, 0xE583, 0x4008, 0xA018, 0xA018, 
  0xA010, 0xA010, 0xA010, 0xA010, 0xA018, 0x8018, 0xA010, 0x8010, 0xC018, 0xA239, 0xE241, 0x8131, 0x4131, 0xAABD, 0x4BF7, 0xE9EE, 
  0xE9EE, 0xE9EE, 0xE9EE, 0x09EF, 0x09EF, 0x4BF7, 0x2BEF, 0x28AD, 0xA45A, 0xC239, 0xA018, 0x2129, 0x0342, 0x4131, 0x244A, 0x244A, 
  0x0121, 0xC118, 0xE120, 0x6010, 0xA25A, 0xCADE, 0x2BEF, 0xCAEE, 0x0AF7, 0x6BD6, 0xC239, 0x8231, 0xE8AC, 0x2BEF, 0x6AF6, 0xA4CA, 
  0xA2C8, 0xC3D8, 0xA4D8, 0xC7D8, 0x0EE9, 0xF0E8, 0x0FE9, 0xF0E8, 0xF0E8, 0xF0E8, 0xF0E8, 0xF0E8, 0xF0E8, 0xF0E8, 0xF0E8, 0xF0E8, 
  0xF0E8, 0xF0E8, 0xF0E8, 0xF0E8, 0xF0E8, 0xF0E8, 0xF0E8, 0xF0E8, 0xF0E8, 0xF0E8, 0xF0E8, 0xF0E8, 0xF0E8, 0xF0E8, 0xF0E8, 0xF0E8, 
  0xF0E8, 0xF0E8, 0xF0E8, 0xF0E8, 0xF0E8, 0xF0E8, 0xF0E8, 0xF0E8, 0xF0E8, 0xF0E8, 0xF0E8, 0xF0E8, 0xF0E8, 0xF0E8, 0xF0E8, 0xF0E8, 
  0xF0E8, 0xF0E8, 0xF0E8, 0xF0E8, 0xF0E8, 0xF0E8, 0xF0E8, 0xF0E8, 0xF0E8, 0xF0E8, 0xF0E8, 0xF0E8, 0xF0E8, 0xF0E8, 0xF0E8, 0xF0E8, 
  0xF0E8, 0xF0E8, 0xF0E8, 0xF0E8, 0xF0E8, 0xF0E8, 0xF0E8, 0xF0E8, 0xF0E8, 0xF0E8, 0xF0E8, 0xF0E8, 0xF0E8, 0xF0E8, 0xF0E8, 0x10E9, 
  0x10E9, 0xF0E0, 0xF0E8, 0xF0E8, 0xF0E8, 0xF0E8, 0xF0E8, 0xF0E8, 0xF0E8, 0xF0E8, 0xF0E8, 0xF0E8, 0xF0E8, 0xF0E8, 0xF0E8, 0xF0E8, 
  0xF0E8, 0xF0E8, 0xF0E8, 0xF0E8, 0xF0E8, 0xF0E8, 0xF0E8, 0xF0E8, 0xF0E8, 0xF0E8, 0xF0E8, 0xF0E8, 0xF0E8, 0xF0E8, 0xF0E8, 0xF0E8, 
  0xF0E8, 0xF0E8, 0xF0E8, 0xF0E8, 0xF0E8, 0xF0E8, 0xF0E8, 0xF0E8, 0xF0E8, 0xF0E8, 0xF0E8, 0xF0E8, 0xF0E8, 0xF0E8, 0xF0E8, 0xF0E8, 
  0xF0E8, 0xF0E8, 0x10E9, 0xEAE0, 0xA5D0, 0xA3D8, 0xA2D0, 0xE2C1, 0x89ED, 0x0AF7, 0x4BF7, 0xA79C, 0x647B, 0xCAE6, 0x09EF, 0x2AF7, 
  0x6BF7, 0xABE6, 0xC7A4, 0xA45A, 0xE020, 0xA018, 0xE020, 0xA239, 0x8331, 0x6331, 0xA018, 0x8018, 0xA018, 0xA018, 0x8018, 0xA018, 
  0xA018, 0xA018, 0x0221, 0x0121, 0x8331, 0x4329, 0x8010, 0xE020, 0xA452, 0x4129, 0x4352, 0x2CF7, 0x0AEF, 0x0BC6, 0x4029, 0xC362, 
  0xA9BD, 0x4AD6, 0x08AD, 0xA35A, 0xC018, 0xA010, 0x4008, 0x078C, 0x8CFF, 0xE8C5, 0xE8C5, 0x6BFF, 0xAABD, 0xA018, 0xA010, 0xA018, 
  0xA010, 0xA018, 0xA010, 0xA010, 0xA018, 0x8018, 0xA010, 0xA010, 0xA018, 0x8010, 0x6010, 0x8010, 0xE120, 0xE241, 0xAABD, 0x2BF7, 
  0x2AEF, 0x0AEF, 0x09EF, 0x09EF, 0x0AEF, 0xEAEE, 0x0AEF, 0x6CF7, 0x278C, 0x0242, 0x0121, 0x0442, 0x2129, 0x6231, 0x6231, 0xE018, 
  0xA118, 0x4229, 0xA018, 0xC018, 0xC77B, 0x068C, 0xEAC5, 0x4CF7, 0x0AF7, 0x8BFF, 0xA89C, 0x0000, 0xE028, 0xA9BD, 0x0AF7, 0xEAFD, 
  0xE3C9, 0xA2C8, 0xC3D8, 0xA4D0, 0xC9E0, 0xEFE8, 0xF0E8, 0xF0E8, 0xF0E8, 0xF0E8, 0xF0E8, 0xF0E8, 0xF0E8, 0x10E9, 0xF0E8, 0xF0E8, 
  0xF0E8, 0xF0E8, 0xF0E8, 0xF0E8, 0xF0E8, 0xF0E8, 0xF0E8, 0xF0E8, 0xF0E8, 0xF0E8, 0xF0E8, 0xF0E8, 0xF0E8, 0xF0E8, 0xF0E8, 0xF0E8, 
  0xF0E8, 0xF0E8, 0xF0E8, 0xF0E8, 0xF0E8, 0xF0E8, 0xF0E8, 0xF0E8, 0xF0E8, 0xF0E8, 0xF0E8, 0xF0E8, 0xF0E8, 0xF0E8, 0xF0E8, 0xF0E8, 
  0xF0E8, 0xF0E8, 0xF0E8, 0xF0E8, 0xF0E8, 0xF0E8, 0xF0E8, 0xF0E8, 0xF0E8, 0xF0E8, 0xF0E8, 0xF0E8, 0xF0E8, 0xF0E8, 0xF0E8, 0xF0E8, 
  0xF0E8, 0xF0E8, 0xF0E8, 0xF0E8, 0xF0E8, 0x10E9, 0xF0E8, 0xF0E8, 0xF0E8, 0xF0E8, 0xF0E8, 0xF0E8, 0xF0E8, 0x10E9, 0x10E9, 0x10E9, 
  0x10E9, 0xF0E8, 0xF0E8, 0xF0E8, 0xF0E8, 0xF0E8, 0xF0E8, 0xF0E8, 0xF0E8, 0xF0E8, 0xF0E8, 0xF0E8, 0xF0E8, 0xF0E8, 0xF0E8, 0xF0E8, 
  0xF0E8, 0xF0E8, 0xF0E8, 0xF0E8, 0xF0E8, 0xF0E8, 0xF0E8, 0xF0E8, 0xF0E8, 0xF0E8, 0xF0E8, 0xF0E8, 0xF0E8, 0xF0E8, 0xF0E8, 0xF0E8, 
  0xF0E8, 0xF0E8, 0xF0E8, 0xF0E0, 0xF0E8, 0xF0E8, 0xF0E8, 0xF0E8, 0xF0E8, 0xF0E8, 0xF0E8, 0xF0E8, 0xF0E8, 0xF0E8, 0xF0E8, 0xF0E8, 
  0xEFE0, 0xEFE8, 0xECE0, 0xA5D0, 0xC3D8, 0xA3D0, 0xE2C9, 0xA9ED, 0x0AF7, 0x4AEF, 0x29CE, 0x236B, 0x09AD, 0xACFF, 0x0BEF, 0x6AD6, 
  0xE8A4, 0x4352, 0xE020, 0xA018, 0xC339, 0xE241, 0x6552, 0xE562, 0x2129, 0x4229, 0x0121, 0x2121, 0xC018, 0x8010, 0xA118, 0xA018, 
  0xA018, 0xA018, 0xA018, 0x2121, 0xE118, 0x8010, 0xA018, 0x024A, 0x0FE7, 0x068C, 0xA9BD, 0x4BF7, 0xE9EE, 0x4CF7, 0xC45A, 0x6010, 
  0x0021, 0xA239, 0x6231, 0x8010, 0xA018, 0xA018, 0x6010, 0xA45A, 0x4CEF, 0x4AD6, 0x036B, 0xCCE6, 0x49B5, 0x8010, 0xA018, 0xA018, 
  0xA018, 0xA010, 0xA010, 0xA018, 0xA010, 0xA010, 0xA010, 0xA018, 0xA018, 0xA018, 0xA018, 0xA018, 0xA010, 0x6010, 0x2129, 0x678C, 
  0x8BDE, 0xEBE6, 0x2BF7, 0x2AF7, 0x09EF, 0x0AEF, 0xE9EE, 0x2BEF, 0x0784, 0x0342, 0xC239, 0x234A, 0x024A, 0x2129, 0x8231, 0x4129, 
  0x8010, 0xE120, 0x4229, 0xA018, 0x6229, 0xC120, 0xA239, 0xA583, 0x89BD, 0xECE6, 0x8894, 0xC118, 0x4010, 0x068C, 0x4BF7, 0x0BF7, 
  0x28F5, 0x42C1, 0xA3D0, 0xA3D8, 0xA4D0, 0xEBE0, 0x0FE9, 0xF0E8, 0xF0E8, 0xF0E8, 0xF0E8, 0x0FE9, 0xF0E8, 0xF0E8, 0xF0E8, 0xF0E8, 
  0xF0E8, 0xF0E8, 0xF0E8, 0xF0E8, 0xF0E8, 0xF0E8, 0xF0E8, 0xF0E8, 0xF0E8, 0xF0E8, 0xF0E8, 0xF0E8, 0xF0E8, 0xF0E8, 0xF0E8, 0xF0E8, 
  0xF0E8, 0xF0E8, 0xF0E8, 0xF0E8, 0xF0E8, 0xF0E8, 0xF0E8, 0xF0E8, 0xF0E8, 0xF0E8, 0xF0E8, 0xF0E8, 0xF0E8, 0xF0E8, 0x10E9, 0xF0E8, 
  0xF0E8, 0xF0E8, 0xF0E8, 0xF0E8, 0xF0E8, 0xF0E8, 0xF0E8, 0xF0E8, 0xF0E8, 0xF0E8, 0xF0E8, 0xF0E8, 0xF0E8, 0xF0E8, 0xF0E8, 0xF0E8, 
  0xF0E8, 0xF0E8, 0xF0E8, 0xF0E8, 0xF0E8, 0xF0E8, 0xF0E8, 0xF0E8, 0xF0E8, 0xF0E8, 0xF0E8, 0xF0E8, 0xF0E8, 0xF0E8, 0xF0E8, 0x10E9, 
  0x10E9, 0xEFE8, 0xF0E8, 0xF0E8, 0xF0E8, 0xF0E8, 0xF0E8, 0xF0E8, 0xF0E8, 0xF0E8, 0xF0E8, 0xF0E8, 0xF0E8, 0xF0E8, 0x10E9, 0xF0E8, 
  0xF0E8, 0xF0E8, 0xF0E8, 0xF0E8, 0xF0E8, 0xF0E8, 0xF0E8, 0xF0E8, 0xF0E8, 0xF0E8, 0xF0E8, 0xF0E8, 0xF0E8, 0xF0E8, 0xF0E8, 0xF0E8, 
  0xF0E8, 0x10E9, 0xF0E8, 0xF0E8, 0xF0E8, 0xF0E8, 0xF0E8, 0xF0E8, 0xF0E8, 0xF0E8, 0xF0E8, 0xF0E8, 0xF0E8, 0xEFE8, 0xF0E8, 0xF0E8, 
  0xEFE8, 0xEDE8, 0xA6D8, 0xA4D8, 0xA2D0, 0xC3C1, 0xA9F5, 0x0AFF, 0x2BF7, 0x2ACE, 0x4473, 0x6252, 0x068C, 0xE8A4, 0x068C, 0xE462, 
  0xC020, 0x8018, 0xE120, 0x0121, 0xE341, 0xC883, 0x8452, 0x4342, 0x6010, 0xA018, 0x2121, 0x0121, 0xE120, 0xA018, 0xA118, 0xA018, 
  0xA010, 0xA010, 0x8010, 0xA018, 0xA018, 0xA010, 0xA018, 0x2129, 0xE46A, 0x48B5, 0x4AF7, 0x09EF, 0x2AF7, 0xACE6, 0x8131, 0x8010, 
  0xA018, 0xA018, 0x6331, 0xA018, 0xA018, 0xA018, 0x6010, 0x6131, 0xAADE, 0xEBEE, 0x236B, 0xABDE, 0xA89C, 0x4008, 0xA018, 0xA010, 
  0xA018, 0xA018, 0xA018, 0xA010, 0xA010, 0xA010, 0xA010, 0xA018, 0xA018, 0xA010, 0xA010, 0xA010, 0xA010, 0xA118, 0x6010, 0xE020, 
  0x0342, 0x6352, 0x6894, 0x8BDE, 0x4BF7, 0x2AF7, 0x2AEF, 0xCAE6, 0xE483, 0xC583, 0xC9BD, 0x0ACE, 0x2BD6, 0xA79C, 0x8794, 0x0363, 
  0x2129, 0x0129, 0x2129, 0xE018, 0x2121, 0xC018, 0x8010, 0x6010, 0xE020, 0x034A, 0x8239, 0x2121, 0x4010, 0xA67B, 0x6BF7, 0xC9EE, 
  0x0BFF, 0x26E4, 0xE2C0, 0xC3D8, 0xA3D0, 0xA6D8, 0x0DE9, 0xF0E8, 0xF0E8, 0xF0E8, 0xF0E8, 0xF0E8, 0xF0E8, 0xF0E8, 0xF0E8, 0xF0E8, 
  0xF0E8, 0xF0E8, 0xF0E8, 0xF0E8, 0xF0E8, 0xF0E8, 0xF0E8, 0xF0E8, 0xF0E8, 0xF0E8, 0xF0E8, 0xF0E8, 0xF0E8, 0xF0E8, 0xF0E8, 0xF0E8, 
  0xF0E8, 0xF0E8, 0xF0E8, 0xF0E8, 0xF0E8, 0xF0E8, 0xF0E8, 0xF0E8, 0xF0E8, 0xF0E8, 0xF0E8, 0xF0E8, 0xF0E8, 0xF0E8, 0xF0E8, 0xF0E8, 
  0xF0E8, 0xF0E8, 0xF0E8, 0xF0E8, 0xF0E8, 0xF0E8, 0xF0E8, 0xF0E8, 0xF0E8, 0xF0E8, 0xF0E8, 0xF0E8, 0xF0E8, 0xF0E8, 0xF0E8, 0xF0E8, 
  0xF0E8, 0xF0E8, 0xF0E8, 0xF0E8, 0xF0E8, 0xF0E8, 0xF0E8, 0xF0E8, 0xF0E8, 0xF0E8, 0xF0E8, 0xF0E8, 0xF0E8, 0xF0E8, 0xF0E8, 0x10E9, 
  0x10E9, 0xEFE8, 0xF0E8, 0x10E9, 0xF0E8, 0xF0E8, 0xF0E8, 0xF0E8, 0xF0E8, 0xF0E8, 0xF0E8, 0xF0E8, 0xF0E8, 0xF0E8, 0xF0E8, 0xF0E8, 
  0xF0E8, 0xF0E8, 0xF0E8, 0xF0E8, 0xF0E8, 0xF0E8, 0xF0E8, 0xF0E8, 0xF0E8, 0xF0E8, 0xF0E8, 0xF0E8, 0xF0E8, 0xF0E8, 0xF0E8, 0xF0E8, 
  0xF0E8, 0xF0E8, 0xF0E8, 0xF0E8, 0xF0E8, 0xF0E8, 0xF0E8, 0xF0E8, 0xF0E8, 0xF0E8, 0xF0E8, 0xF0E8, 0xF0E8, 0x10E9, 0x0FE9, 0xF0E8, 
  0x0EE9, 0xC7D8, 0xA3D0, 0xA3D0, 0x82C9, 0x89ED, 0x2AF7, 0x2BEF, 0x07AD, 0xC262, 0x6373, 0xC7A4, 0x0684, 0x6010, 0x6231, 0xE441, 
  0xA018, 0xA018, 0xA010, 0xC118, 0xA239, 0x044A, 0xC341, 0x224A, 0x256B, 0xE462, 0x2129, 0x8010, 0xA010, 0x6010, 0x8110, 0xA010, 
  0xA010, 0xA010, 0xA010, 0xC018, 0xC018, 0xC018, 0xA018, 0x8010, 0x6010, 0xCAC5, 0x4BF7, 0xE9E6, 0x2AEF, 0x4AB5, 0xA010, 0xA010, 
  0xA018, 0xA018, 0x8010, 0xA018, 0xA018, 0xA118, 0x8010, 0xA018, 0xA9C5, 0x0BEF, 0xC583, 0x2EEF, 0x456B, 0x4008, 0xA018, 0xA010, 
  0xA010, 0xA010, 0xA018, 0xA010, 0xA010, 0xA010, 0xA010, 0xA018, 0xA010, 0xA018, 0xA010, 0xA010, 0xA010, 0xA018, 0xC018, 0x8010, 
  0x6010, 0x8010, 0xC018, 0x234A, 0x867B, 0x89BD, 0xCBE6, 0xA9E6, 0xA9E6, 0x0BEF, 0x2BF7, 0x4AF7, 0x2AF7, 0x4AF7, 0x4BF7, 0xCBE6, 
  0x29AD, 0x8139, 0xC018, 0x2129, 0xC441, 0xC018, 0xA018, 0xA118, 0x8010, 0x8010, 0xE120, 0xE020, 0xA018, 0xA35A, 0x2CEF, 0xEAEE, 
  0x0AEF, 0xCBFE, 0xE4DA, 0xA2C8, 0xC3D8, 0x84D8, 0xA9E0, 0x0FE9, 0xF0E8, 0xEFE8, 0xF0E8, 0xF0E8, 0xF0E8, 0xF0E8, 0xF0E8, 0xF0E8, 
  0xF0E8, 0xF0E8, 0xF0E8, 0xF0E8, 0xF0E8, 0xF0E8, 0xF0E8, 0xF0E8, 0xF0E8, 0xF0E8, 0xF0E8, 0xF0E8, 0xF0E8, 0xF0E8, 0xF0E8, 0xF0E8, 
  0xF0E8, 0xF0E8, 0xF0E8, 0xF0E8, 0xF0E8, 0xF0E8, 0xF0E8, 0xF0E8, 0xF0E8, 0xF0E8, 0xF0E8, 0xF0E8, 0xF0E8, 0xF0E8, 0xF0E8, 0xF0E8, 
  0xF0E8, 0xF0E8, 0xF0E8, 0xF0E8, 0xF0E8, 0xF0E8, 0xF0E8, 0xF0E8, 0xF0E8, 0xF0E8, 0xF0E8, 0xF0E8, 0xF0E8, 0xF0E8, 0xF0E8, 0xF0E8, 
  0xF0E8, 0xF0E8, 0xF0E8, 0xF0E8, 0xF0E8, 0xF0E8, 0xF0E8, 0xF0E8, 0xF0E8, 0xF0E8, 0xF0E8, 0xF0E8, 0xF0E8, 0xF0E8, 0xF0E8, 0x10E9, 
  0x10E9, 0xEFE8, 0xF0E8, 0xF0E8, 0xF0E8, 0xF0E8, 0xF0E8, 0xF0E8, 0xF0E8, 0xF0E8, 0xF0E8, 0xF0E8, 0xF0E8, 0xF0E8, 0xF0E8, 0xF0E8, 
  0xF0E8, 0xF0E8, 0xF0E8, 0xF0E8, 0xF0E8, 0xF0E8, 0xF0E8, 0xF0E8, 0xF0E8, 0xF0E8, 0xF0E8, 0xF0E8, 0xF0E8, 0xF0E8, 0xF0E8, 0xF0E8, 
  0xF0E8, 0xF0E8, 0x10E9, 0xF0E8, 0xF0E8, 0xF0E8, 0xF0E8, 0xF0E8, 0xF0E8, 0xF0E8, 0xF0E8, 0xF0E8, 0xF0E8, 0xF0E8, 0x10E9, 0x10E9, 
  0xE9D8, 0xA4D0, 0xA3D0, 0x22C1, 0xE7EC, 0x2AF7, 0x0AEF, 0xAADE, 0x847B, 0xE7A4, 0x8ADE, 0x4CEF, 0x6794, 0xE020, 0xC018, 0xC120, 
  0x2121, 0xA339, 0xC118, 0xE441, 0x4129, 0xE020, 0x4352, 0x69BD, 0xEBE6, 0x0CEF, 0xAABD, 0x6252, 0x8131, 0x6231, 0xE120, 0xE120, 
  0xE118, 0xA018, 0xA018, 0xA010, 0xC118, 0xA018, 0xA010, 0xA018, 0x8018, 0xABBD, 0x0CEF, 0xA6A4, 0x2ACE, 0xA239, 0x6010, 0xA018, 
  0xA018, 0xA010, 0xA018, 0xA010, 0xA010, 0x8010, 0xC018, 0x4008, 0xE783, 0x0CC6, 0x825A, 0x4EF7, 0x056B, 0x2008, 0xA018, 0xA010, 
  0xA010, 0xA018, 0xA018, 0xA010, 0xA010, 0xA010, 0xA018, 0xA018, 0xA010, 0xA018, 0x8018, 0xA010, 0xA118, 0xA010, 0xA010, 0xA010, 
  0xA018, 0xA018, 0xA010, 0x8010, 0x4008, 0x8231, 0xC683, 0x28B5, 0xAADE, 0x0BF7, 0xEAEE, 0xE9EE, 0x09EF, 0x09EF, 0x09EF, 0x0AEF, 
  0x4BF7, 0x28AD, 0xC241, 0x8010, 0xC118, 0xC120, 0xE120, 0xC118, 0xA018, 0xA010, 0xE120, 0x2129, 0xC118, 0xE020, 0xA89C, 0x6CF7, 
  0xE9EE, 0x0AF7, 0xE9F5, 0xA2C9, 0xA2D0, 0xC3D8, 0xA5D0, 0xEBE0, 0x0FE9, 0xF0E8, 0xF0E8, 0x0FE9, 0xF0E8, 0xF0E8, 0xF0E8, 0xF0E8, 
  0xF0E8, 0xF0E8, 0xF0E8, 0xF0E8, 0xF0E8, 0xF0E8, 0xF0E8, 0xF0E8, 0xF0E8, 0xF0E8, 0xF0E8, 0xF0E8, 0xF0E8, 0xF0E8, 0xF0E8, 0xF0E8, 
  0xF0E8, 0xF0E8, 0xF0E8, 0xF0E8, 0xF0E8, 0xF0E8, 0xF0E8, 0xF0E8, 0xF0E8, 0xF0E8, 0xF0E8, 0xF0E8, 0xF0E8, 0xF0E8, 0xF0E8, 0xF0E8, 
  0xF0E8, 0xF0E8, 0xF0E8, 0xF0E8, 0xF0E8, 0xF0E8, 0xF0E8, 0xF0E8, 0xF0E8, 0xF0E8, 0xF0E8, 0xF0E8, 0xF0E8, 0xF0E8, 0xF0E8, 0xF0E8, 
  0xF0E8, 0xF0E8, 0xF0E8, 0xF0E8, 0xF0E8, 0xF0E8, 0xF0E8, 0xF0E8, 0xF0E8, 0xF0E8, 0xF0E8, 0xF0E8, 0xF0E8, 0xF0E8, 0xF0E8, 0x10E9, 
  0x10E9, 0xEFE8, 0xF0E8, 0xF0E8, 0xF0E8, 0xF0E8, 0xF0E8, 0xF0E8, 0xF0E8, 0xF0E8, 0xF0E8, 0xF0E8, 0xF0E8, 0xF0E8, 0xF0E8, 0xF0E8, 
  0xF0E8, 0xF0E8, 0xF0E8, 0xF0E8, 0xF0E8, 0xF0E8, 0xF0E8, 0xF0E8, 0xF0E8, 0xF0E8, 0xF0E8, 0xF0E8, 0xF0E8, 0xF0E8, 0xF0E8, 0xF0E8, 
  0xF0E8, 0xF0E8, 0xF0E8, 0xF0E8, 0xF0E8, 0xF0E8, 0xF0E8, 0xF0E8, 0xF0E8, 0xF0E8, 0xF0E8, 0xF0E8, 0xF0E8, 0xF0E8, 0x10E9, 0xECE0, 
  0xA4D8, 0xA3D8, 0xC1C8, 0x06E4, 0x0BFF, 0x0AEF, 0x0AEF, 0xC9E6, 0xEAE6, 0x4BF7, 0x2AEF, 0xECE6, 0x256B, 0x0121, 0x2121, 0xE662, 
  0xA239, 0x8239, 0x4129, 0x4131, 0xA241, 0xC89C, 0xCBDE, 0x2AEF, 0x09EF, 0x0AEF, 0x2AEF, 0xABDE, 0xC79C, 0xA77B, 0xA239, 0x6331, 
  0xA018, 0xA018, 0xA018, 0xA018, 0xA118, 0x8010, 0xA010, 0xA118, 0x2008, 0x867B, 0xC7A4, 0xC483, 0x0EEF, 0x6231, 0x8010, 0xA018, 
  0xA010, 0xA010, 0xA010, 0xA010, 0xA018, 0xA010, 0xA018, 0xA010, 0x6231, 0x2129, 0xA139, 0x4FEF, 0x256B, 0x4008, 0xA018, 0xA010, 
  0xA018, 0xA018, 0xA010, 0xA018, 0xA010, 0xA010, 0xA010, 0xA010, 0xA018, 0xA010, 0xA018, 0xA010, 0xA118, 0x8110, 0xA010, 0xA010, 
  0xA010, 0xA010, 0xA118, 0xA018, 0xC120, 0x8018, 0x8010, 0x8239, 0x278C, 0x6AD6, 0x4AF7, 0x2AF7, 0x0AEF, 0x0AEF, 0x0AEF, 0x0AEF, 
  0xE9EE, 0x8BF7, 0x068C, 0x8010, 0x4229, 0x6231, 0x8339, 0x4231, 0xC118, 0xA118, 0x8018, 0xC241, 0xE783, 0x0463, 0xA018, 0xA79C, 
  0x4BF7, 0xEAEE, 0x2AF7, 0x87EC, 0xC2C8, 0xC3D8, 0xA3D0, 0xA6D8, 0x0EE9, 0xF0E8, 0x10E9, 0x0FE9, 0xF0E8, 0xF0E8, 0xF0E8, 0xF0E8, 
  0xF0E8, 0xF0E8, 0xF0E8, 0x10E9, 0xF0E8, 0xF0E8, 0xF0E8, 0xF0E8, 0xF0E8, 0xF0E8, 0xF0E8, 0xF0E8, 0x10E9, 0xF0E8, 0xF0E8, 0xF0E8, 
  0xF0E8, 0xF0E8, 0xF0E8, 0xF0E8, 0xF0E8, 0xF0E8, 0xF0E8, 0xF0E8, 0xF0E8, 0xF0E8, 0xF0E8, 0xF0E8, 0xF0E8, 0x10E9, 0xF0E8, 0xF0E8, 
  0xF0E8, 0xF0E8, 0xF0E8, 0xF0E8, 0xF0E8, 0xF0E8, 0xF0E8, 0xF0E8, 0xF0E8, 0xF0E8, 0xF0E8, 0xF0E8, 0xF0E8, 0xF0E8, 0xF0E8, 0xF0E8, 
  0xF0E8, 0xF0E8, 0xF0E8, 0xF0E8, 0xF0E8, 0xF0E8, 0xF0E8, 0xF0E8, 0xF0E8, 0xF0E8, 0xF0E8, 0xF0E8, 0xF0E8, 0xF0E8, 0xF0E8, 0x10E9, 
  0x10E9, 0xF0E8, 0xF0E8, 0xF0E8, 0xF0E8, 0xEFE8, 0xF0E8, 0xF0E8, 0xF0E8, 0xF0E8, 0xF0E8, 0xF0E8, 0xF0E8, 0xF0E8, 0xF0E8, 0xF0E8, 
  0xF0E8, 0xF0E8, 0xF0E8, 0xF0E8, 0xF0E8, 0xF0E8, 0xF0E8, 0xF0E8, 0xF0E8, 0xF0E8, 0xF0E8, 0xF0E8, 0xF0E8, 0xF0E8, 0xF0E8, 0xF0E8, 
  0xF0E0, 0xF0E8, 0xF0E8, 0xF0E8, 0xF0E8, 0xF0E8, 0xF0E8, 0xF0E8, 0xF0E8, 0xF0E8, 0xF0E8, 0xF0E8, 0xF0E8, 0xF0E8, 0x0EE9, 0xC7D8, 
  0xA3D0, 0xA2C8, 0x04D3, 0xCBFE, 0x09EF, 0x2AEF, 0x0AEF, 0xE9EE, 0x29EF, 0xE9EE, 0x0BEF, 0xC8A4, 0x2029, 0xA010, 0xC439, 0x0442, 
  0x244A, 0xC339, 0x6231, 0xA35A, 0x47B5, 0x2BF7, 0x2AEF, 0x09EF, 0x0AEF, 0xEAEE, 0x0BEF, 0x89B5, 0x6473, 0x8452, 0x2129, 0xA018, 
  0xA010, 0xA010, 0xA010, 0xA010, 0x8018, 0x8018, 0xA010, 0xA018, 0x4010, 0xE783, 0x4AD6, 0x47B5, 0x2DF7, 0xC341, 0x6010, 0xA018, 
  0xA018, 0xA018, 0xA010, 0xA010, 0xA018, 0xA010, 0xA018, 0xA010, 0x8010, 0x2008, 0x6008, 0x498C, 0x6231, 0x6010, 0xA018, 0xA010, 
  0xA010, 0xA010, 0xA010, 0xA010, 0xA010, 0xA010, 0xA010, 0xA010, 0xA018, 0xA010, 0xA010, 0xA010, 0x8018, 0x8010, 0xA018, 0xA018, 
  0xA010, 0xA010, 0xA018, 0xA018, 0xC018, 0xA018, 0xA010, 0xA010, 0xA018, 0xA35A, 0xC69C, 0x29CE, 0x2BEF, 0x2AEF, 0x09EF, 0x09EF, 
  0xEAEE, 0x2BEF, 0xEAC5, 0xE020, 0xE020, 0xE441, 0xE120, 0x0121, 0xA018, 0xC018, 0x4008, 0x6573, 0x8DFF, 0x0CEF, 0x0563, 0x8010, 
  0xC89C, 0x0BF7, 0x0AEF, 0xCBFE, 0xE4DA, 0xA2C8, 0xA4D8, 0xA3D0, 0xEAE0, 0xEFE8, 0xEFE8, 0xF0E8, 0xF0E8, 0xF0E8, 0xF0E8, 0xF0E8, 
  0xF0E8, 0xF0E8, 0xF0E8, 0x10E9, 0xF0E8, 0xF0E8, 0xF0E8, 0xF0E8, 0xF0E8, 0xF0E8, 0xF0E8, 0xF0E8, 0xF0E8, 0xF0E8, 0xF0E8, 0xF0E8, 
  0xF0E8, 0xF0E8, 0xF0E8, 0xF0E8, 0xF0E8, 0xF0E8, 0xF0E8, 0xF0E8, 0xF0E8, 0xF0E8, 0xF0E8, 0xF0E8, 0xF0E8, 0xF0E8, 0xF0E8, 0xF0E8, 
  0xF0E8, 0xF0E8, 0xF0E8, 0xF0E8, 0xF0E8, 0xF0E8, 0xF0E8, 0xF0E8, 0xF0E8, 0xF0E8, 0xF0E8, 0xF0E8, 0xF0E8, 0xF0E8, 0xF0E8, 0xF0E8, 
  0xF0E8, 0xF0E8, 0xF0E8, 0xF0E8, 0xF0E8, 0xF0E8, 0xF0E8, 0xF0E8, 0xF0E8, 0xF0E8, 0xF0E8, 0xF0E8, 0xF0E8, 0xF0E8, 0xF0E8, 0x10E9, 
  0x10E9, 0xF0E8, 0xF0E8, 0xF0E8, 0xF0E8, 0xF0E8, 0xF0E8, 0xF0E0, 0xF0E8, 0xF0E8, 0xF0E8, 0xF0E8, 0xF0E8, 0xF0E8, 0xF0E8, 0xF0E8, 
  0xF0E8, 0xF0E8, 0xF0E8, 0xF0E8, 0xF0E8, 0xF0E8, 0xF0E8, 0xF0E8, 0xF0E8, 0xF0E8, 0xF0E8, 0xF0E8, 0xF0E8, 0xF0E8, 0xF0E8, 0xF0E8, 
  0xF0E8, 0xF0E8, 0xF0E8, 0xF0E8, 0xF0E8, 0xF0E8, 0xF0E8, 0xF0E8, 0xF0E8, 0xF0E8, 0xF0E8, 0xF0E8, 0xF0E8, 0x0FE9, 0xCAE0, 0xA4D0, 
  0xC2D0, 0xE2C9, 0x0AFE, 0x0AF7, 0x4BF7, 0x8BDE, 0xA8C5, 0x0AEF, 0xEAE6, 0x8CFF, 0xC8A4, 0xC018, 0xC018, 0xA018, 0xE120, 0x6331, 
  0xE341, 0x8231, 0xE020, 0x07A5, 0x4BF7, 0x0AEF, 0x0AEF, 0x0AEF, 0x0AEF, 0x6BF7, 0x88B5, 0x6131, 0xC120, 0xE020, 0xC118, 0x8010, 
  0xA010, 0xA010, 0xA010, 0xA018, 0xA018, 0x8010, 0xA010, 0xE118, 0x8010, 0xC89C, 0x6CF7, 0x0AEF, 0xCCE6, 0xA239, 0x6010, 0xA018, 
  0xA018, 0xA010, 0xA010, 0xA018, 0xA010, 0xA018, 0xA018, 0xA010, 0x8010, 0x6673, 0x234A, 0x2008, 0x8010, 0xA018, 0xA010, 0xA018, 
  0xA018, 0xA010, 0xA018, 0xA010, 0xA010, 0xA010, 0xA010, 0xA010, 0xA010, 0xA010, 0xA018, 0xA018, 0xA018, 0xA018, 0x8010, 0xA010, 
  0xA018, 0xA018, 0xA018, 0xA010, 0x8010, 0xA010, 0xA118, 0xA018, 0x8010, 0xA010, 0x6131, 0x456B, 0x29AD, 0x09CE, 0x2AEF, 0x09EF, 
  0xEAEE, 0x2AF7, 0x8AD6, 0xC239, 0x0121, 0x8231, 0x0221, 0x0221, 0x8010, 0xA018, 0x4008, 0xA67B, 0x6BF7, 0x0AF7, 0x0BCE, 0x2129, 
  0xE020, 0x6794, 0xA8BD, 0x2BF7, 0xC9F5, 0x82C9, 0xA2D0, 0xC3D8, 0xA6D8, 0x0DE9, 0xF0E8, 0xF0E8, 0xF0E8, 0xF0E8, 0xF0E8, 0xF0E8, 
  0xF0E8, 0xF0E8, 0xF0E8, 0xF0E8, 0xF0E8, 0xF0E8, 0xF0E8, 0xF0E8, 0x10E9, 0xF0E8, 0xF0E8, 0xF0E8, 0xF0E8, 0xF0E8, 0xF0E8, 0xF0E8, 
  0xF0E8, 0xF0E8, 0xF0E8, 0xF0E8, 0xF0E8, 0xF0E8, 0xF0E8, 0xF0E8, 0xF0E8, 0xF0E8, 0xF0E8, 0xF0E8, 0xF0E8, 0xF0E8, 0xF0E8, 0xF0E8, 
  0xF0E8, 0xF0E8, 0xF0E8, 0xF0E8, 0xF0E8, 0xF0E8, 0xF0E8, 0xF0E8, 0xF0E8, 0xF0E8, 0xF0E8, 0xF0E8, 0xF0E8, 0xF0E8, 0xF0E8, 0xF0E8, 
  0xF0E8, 0xF0E8, 0xF0E8, 0xF0E8, 0xF0E8, 0xF0E8, 0xF0E8, 0xF0E8, 0xF0E8, 0xF0E8, 0xF0E8, 0xF0E8, 0xF0E8, 0xF0E8, 0xF0E8, 0x10E9, 
  0x10E9, 0xEFE8, 0xF0E8, 0xF0E8, 0xF0E8, 0xF0E8, 0xF0E8, 0xF0E8, 0xF0E8, 0xF0E8, 0xF0E8, 0xF0E8, 0xF0E8, 0xF0E8, 0xF0E8, 0xF0E8, 
  0xF0E8, 0xF0E8, 0xF0E8, 0xF0E8, 0xF0E8, 0xF0E8, 0xF0E8, 0xF0E8, 0xF0E8, 0xF0E8, 0xF0E8, 0xF0E8, 0xF0E8, 0xF0E8, 0xF0E8, 0xF0E8, 
  0xF0E8, 0xF0E8, 0xF0E8, 0xF0E8, 0xF0E8, 0xF0E8, 0xF0E8, 0xF0E8, 0xF0E8, 0xF0E8, 0xF0E8, 0xF0E8, 0xF0E8, 0xEDE8, 0xA6D8, 0xA3D0, 
  0x01C9, 0xC8EC, 0x0BFF, 0x2BEF, 0xEAC5, 0x6239, 0x4473, 0x6CF7, 0x0CEF, 0xE8A4, 0x2129, 0x8010, 0xA010, 0xA018, 0xC018, 0x0121, 
  0x0121, 0xC239, 0x4794, 0x0CEF, 0x09EF, 0x0AEF, 0xE9EE, 0x09EF, 0x0AEF, 0x48B5, 0x845A, 0x8018, 0xC118, 0x8010, 0x8010, 0xA010, 
  0xA018, 0xA018, 0xA010, 0xA010, 0xA010, 0xA010, 0xA010, 0xC118, 0x8010, 0x6894, 0x4BF7, 0x0AEF, 0x6BD6, 0x0129, 0x8010, 0xA018, 
  0xA010, 0xA010, 0xA010, 0xA010, 0xA010, 0xA010, 0xA018, 0x6010, 0x4129, 0x0DEF, 0xEAC5, 0x0342, 0xA018, 0xA010, 0xA010, 0xA010, 
  0xA018, 0xA018, 0xA010, 0xA018, 0xA010, 0xA018, 0xA010, 0xA010, 0xA010, 0xA010, 0xA010, 0xA010, 0xA018, 0xA010, 0xA010, 0xA010, 
  0xA018, 0xA010, 0xA010, 0xA010, 0xA018, 0xA010, 0xA010, 0xA018, 0xA018, 0xA018, 0xC118, 0x0121, 0xC241, 0x4252, 0xC7A4, 0x4CF7, 
  0x2BF7, 0x4BF7, 0x08AD, 0xA239, 0x4129, 0xE120, 0xC120, 0xC118, 0xE120, 0xE120, 0x8010, 0x8131, 0x6BDE, 0x0AEF, 0x2BEF, 0x046B, 
  0x6010, 0x8231, 0xE362, 0xCBE6, 0x0BFF, 0xE6E3, 0xC1C8, 0xC3D8, 0xA4D0, 0xEAE0, 0x10E9, 0xF0E0, 0xF0E8, 0xF0E8, 0xF0E8, 0xF0E8, 
  0xF0E8, 0xF0E8, 0xF0E8, 0xF0E8, 0xF0E8, 0xF0E8, 0xF0E8, 0xF0E8, 0xF0E8, 0xF0E8, 0xF0E8, 0xF0E8, 0xF0E8, 0xF0E8, 0xF0E8, 0xF0E8, 
  0xF0E8, 0xF0E8, 0xF0E8, 0xF0E8, 0xF0E8, 0xF0E8, 0xF0E8, 0xF0E8, 0xF0E8, 0xF0E8, 0xF0E8, 0xF0E8, 0xF0E8, 0xF0E8, 0xF0E8, 0xF0E8, 
  0xF0E8, 0xF0E8, 0xF0E8, 0xF0E8, 0xF0E8, 0xF0E8, 0xF0E8, 0xF0E8, 0xF0E8, 0xF0E8, 0xF0E8, 0xF0E8, 0x10E9, 0xF0E8, 0xF0E8, 0xF0E8, 
  0xF0E8, 0xF0E8, 0xF0E8, 0xF0E8, 0xF0E8, 0xF0E8, 0xF0E8, 0xF0E8, 0xF0E8, 0xF0E8, 0xF0E8, 0xF0E8, 0xF0E8, 0xF0E8, 0xF0E8, 0x10E9, 
  0x10E9, 0xF0E8, 0xF0E8, 0xF0E8, 0xF0E8, 0xF0E8, 0xF0E8, 0xF0E8, 0xF0E8, 0xF0E8, 0xF0E8, 0xF0E8, 0xF0E8, 0xF0E8, 0xF0E8, 0x10E9, 
  0xF0E8, 0xF0E8, 0xF0E8, 0xF0E8, 0xF0E8, 0xF0E8, 0xF0E8, 0xF0E8, 0xF0E8, 0xF0E8, 0xF0E8, 0xF0E8, 0xF0E8, 0xF0E8, 0xF0E8, 0xF0E8, 
  0xF0E8, 0xF0E8, 0xF0E8, 0xF0E8, 0xF0E8, 0xF0E8, 0xF0E8, 0xF0E8, 0x0FE9, 0xF0E8, 0xF0E8, 0xEFE8, 0x0FE9, 0xC8D8, 0xA4D8, 0xA2C8, 
  0x05DB, 0xEBFE, 0xEAEE, 0x89BD, 0x4029, 0x4010, 0x857B, 0xECEE, 0x4473, 0x2029, 0x8010, 0xC339, 0x0121, 0x8018, 0xE120, 0x0121, 
  0x6131, 0x446B, 0x49D6, 0x2AF7, 0xE9EE, 0xE9EE, 0x4BF7, 0xEAE6, 0xE8A4, 0x8239, 0xA018, 0xA010, 0xA010, 0xA018, 0xA010, 0xA010, 
  0xA018, 0xA010, 0xA010, 0xA010, 0xA010, 0xA010, 0xA010, 0xA018, 0x4008, 0xC683, 0x4BF7, 0x4AF7, 0xE8A4, 0x6010, 0xA010, 0xA018, 
  0xA010, 0xA018, 0xA018, 0xA010, 0xA010, 0xA010, 0xA010, 0x6010, 0x2029, 0x4AD6, 0xC9DE, 0x6BD6, 0x6131, 0x6010, 0xA018, 0xA018, 
  0xA010, 0xA018, 0xA018, 0xA018, 0xA018, 0xA018, 0xA010, 0xA010, 0xA010, 0xA010, 0xA018, 0xA010, 0xA010, 0xA018, 0xA010, 0xA010, 
  0xA010, 0xA010, 0xA010, 0xA010, 0xA018, 0xA010, 0xA018, 0xA018, 0xA018, 0xA110, 0x8110, 0x8010, 0xA018, 0x8010, 0xC339, 0xE9A4, 
  0x89BD, 0xEAC5, 0xC462, 0x8018, 0x0129, 0x6331, 0xC020, 0xE120, 0x2129, 0x0121, 0xC118, 0x6010, 0xA462, 0xECE6, 0x4AF7, 0xA9BD, 
  0xC118, 0x8118, 0x845A, 0xA9BD, 0x4AEF, 0x2AFE, 0xE3D1, 0xA2D0, 0xC3D0, 0xA6D8, 0x0DE9, 0xF0E8, 0xF0E8, 0xF0E8, 0xF0E8, 0xF0E8, 
  0xF0E8, 0xF0E8, 0xF0E8, 0xF0E8, 0xF0E8, 0xF0E8, 0xF0E8, 0xF0E8, 0xF0E8, 0xF0E8, 0xF0E8, 0xF0E8, 0xF0E8, 0xF0E8, 0xF0E8, 0xF0E8, 
  0xF0E8, 0xF0E8, 0xF0E8, 0xF0E8, 0xF0E8, 0xF0E8, 0xF0E8, 0xF0E8, 0xF0E8, 0xF0E8, 0xF0E8, 0xF0E8, 0xF0E8, 0xF0E8, 0xF0E8, 0xF0E8, 
  0xF0E8, 0xF0E8, 0xF0E8, 0xF0E8, 0xF0E8, 0xF0E8, 0xF0E8, 0xF0E8, 0xF0E8, 0xF0E8, 0xF0E8, 0xF0E8, 0xF0E8, 0xF0E8, 0xF0E8, 0xF0E8, 
  0xF0E8, 0xF0E8, 0xF0E8, 0xF0E8, 0xF0E8, 0xF0E8, 0xF0E8, 0xF0E8, 0xF0E8, 0xF0E8, 0xF0E8, 0xF0E8, 0xF0E8, 0xF0E8, 0xF0E8, 0x10E9, 
  0x10E9, 0xF0E8, 0xF0E8, 0xF0E8, 0xF0E8, 0xF0E8, 0xF0E8, 0xF0E8, 0xF0E8, 0xF0E8, 0xF0E8, 0xF0E8, 0xF0E8, 0xF0E8, 0xF0E8, 0xF0E8, 
  0xF0E8, 0xF0E8, 0xF0E8, 0xF0E8, 0xF0E8, 0xF0E8, 0xF0E8, 0xF0E8, 0xF0E8, 0xF0E8, 0xF0E8, 0xF0E8, 0xF0E8, 0xF0E8, 0xF0E8, 0xF0E8, 
  0xF0E8, 0xF0E8, 0xF0E8, 0xF0E8, 0xF0E8, 0xF0E8, 0xF0E8, 0xF0E8, 0x10E9, 0xF0E8, 0xF0E8, 0xEFE8, 0xECE0, 0xA5D0, 0xA3D0, 0x82C9, 
  0xEAF5, 0x0AF7, 0x4BF7, 0x6794, 0x0008, 0x0463, 0x0BE7, 0x0CEF, 0x6452, 0x4008, 0xE120, 0xC441, 0x4231, 0xC020, 0x0029, 0x6352, 
  0xE362, 0xC69C, 0x08CE, 0xCBE6, 0x2AF7, 0x2BEF, 0xC9C5, 0xA57B, 0x8239, 0xC120, 0xC118, 0xA010, 0xA010, 0xA010, 0xA010, 0xA010, 
  0xA010, 0xA010, 0xA010, 0xA018, 0xA010, 0xA010, 0x8010, 0xC118, 0x2008, 0xC462, 0x2BF7, 0x4BF7, 0x4573, 0x4008, 0xA018, 0x8018, 
  0xA010, 0xA010, 0xA010, 0xA010, 0xA018, 0xA010, 0xA018, 0x6010, 0x4129, 0x8BDE, 0xC9E6, 0x0BEF, 0xC562, 0x4008, 0xA018, 0xA018, 
  0xA010, 0xA018, 0xA010, 0xA018, 0xA018, 0xA010, 0xA010, 0xA010, 0xA010, 0xA010, 0xA010, 0xA010, 0xA010, 0xA010, 0xA018, 0xA010, 
  0xA018, 0xA010, 0xA010, 0xA018, 0xA018, 0xA010, 0xA018, 0xA018, 0xA018, 0xA010, 0xA010, 0xA018, 0xA018, 0xA010, 0xA018, 0xE020, 
  0x0242, 0x8573, 0x234A, 0xE120, 0xA018, 0x8231, 0x6131, 0x0121, 0x8010, 0x0121, 0x0221, 0xA018, 0x6010, 0x6673, 0x4CF7, 0x4AD6, 
  0x6131, 0xC018, 0x068C, 0x6694, 0xCADE, 0x2BF7, 0x67EC, 0xE1C8, 0xC3D8, 0xA4D8, 0xEAE0, 0x10E9, 0xF0E8, 0xF0E8, 0xF0E8, 0xF0E8, 
  0xF0E8, 0xF0E8, 0xF0E8, 0xF0E8, 0xF0E8, 0xF0E8, 0xF0E8, 0xF0E8, 0xF0E8, 0xF0E8, 0xF0E8, 0xF0E8, 0xF0E8, 0xF0E8, 0xF0E8, 0xF0E8, 
  0xF0E8, 0xF0E8, 0xF0E8, 0xF0E8, 0xF0E8, 0xF0E8, 0xF0E8, 0xF0E8, 0xF0E8, 0xF0E8, 0xF0E8, 0xF0E8, 0xF0E8, 0xF0E8, 0xF0E8, 0xF0E8, 
  0xF0E8, 0xF0E8, 0xF0E8, 0xF0E8, 0xF0E8, 0xF0E8, 0xF0E8, 0xF0E8, 0xF0E8, 0xF0E8, 0xF0E8, 0xF0E8, 0xF0E8, 0xF0E8, 0xF0E8, 0xF0E8, 
  0xF0E8, 0xF0E8, 0xF0E8, 0xF0E8, 0xF0E8, 0xF0E8, 0xF0E8, 0xF0E8, 0xF0E8, 0xF0E8, 0xF0E8, 0xF0E8, 0xF0E8, 0xF0E8, 0xEFE8, 0x10E9, 
  0x10E9, 0xF0E8, 0xF0E8, 0xF0E8, 0xF0E8, 0xF0E8, 0xF0E8, 0xF0E8, 0xF0E8, 0xF0E8, 0xF0E8, 0xF0E8, 0xF0E8, 0xF0E8, 0xF0E8, 0xF0E8, 
  0xF0E8, 0xF0E8, 0xF0E8, 0xF0E8, 0xF0E8, 0xF0E8, 0xF0E8, 0xF0E8, 0xF0E8, 0xF0E8, 0xF0E8, 0xF0E8, 0xF0E8, 0xF0E8, 0xF0E8, 0xF0E8, 
  0xF0E8, 0xF0E8, 0xF0E8, 0xF0E8, 0xF0E8, 0xF0E8, 0x10E9, 0xF0E8, 0xF0E8, 0xEFE8, 0xF0E8, 0x0FE9, 0xC8D8, 0xA3D8, 0xA2C8, 0x07E4, 
  0x2BFF, 0xE9EE, 0x6BF7, 0x09AD, 0x4031, 0x4BD6, 0x4AEF, 0x2CF7, 0x466B, 0x6010, 0xE120, 0x8231, 0x8231, 0x456B, 0xAABD, 0xAADE, 
  0x08CE, 0x89DE, 0xE9CD, 0xE7A4, 0xA9BD, 0xE683, 0x4131, 0x0121, 0x8010, 0xA010, 0xA010, 0xA018, 0xA018, 0xA010, 0xA010, 0xA010, 
  0xA010, 0xA010, 0xA010, 0xA018, 0xA010, 0x8010, 0x0121, 0xC118, 0x4008, 0x4352, 0x0BEF, 0x4BF7, 0xA57B, 0x4008, 0xC118, 0xA018, 
  0xA018, 0xA010, 0xA010, 0xA010, 0xA010, 0xA010, 0xA018, 0x8010, 0xE020, 0x0BCE, 0x0AEF, 0x2CF7, 0x4673, 0x4008, 0xA018, 0xA010, 
  0xA010, 0xA010, 0xA018, 0xA010, 0xA010, 0xA010, 0xA010, 0xA010, 0xA010, 0xA010, 0xA018, 0xA010, 0xA010, 0xA010, 0xA010, 0xA018, 
  0xA010, 0xA018, 0xA018, 0xA010, 0xA018, 0xA010, 0xA018, 0xA018, 0xA010, 0xA010, 0xC018, 0xA018, 0xA010, 0xA010, 0x8010, 0xA018, 
  0x0121, 0xE341, 0x4673, 0x0684, 0xA57B, 0x69B5, 0x4BCE, 0x6473, 0xE020, 0xC120, 0xC118, 0xC118, 0x8010, 0x6131, 0x6AD6, 0x0BF7, 
  0x4352, 0x224A, 0xCCE6, 0x67BD, 0x28CE, 0x2AEF, 0x8AFE, 0x63D2, 0xA3C8, 0xC3D0, 0xC7D8, 0x0EE9, 0xF0E8, 0xF0E8, 0xF0E8, 0xF0E8, 
  0xF0E8, 0xF0E8, 0xF0E8, 0xF0E8, 0xF0E8, 0xF0E8, 0xF0E8, 0xF0E8, 0xF0E8, 0xF0E8, 0xF0E8, 0xF0E8, 0xF0E8, 0xF0E8, 0xF0E8, 0xF0E0, 
  0xF0E8, 0xF0E8, 0xF0E8, 0xF0E8, 0xF0E8, 0xF0E8, 0xF0E8, 0xF0E8, 0xF0E8, 0xF0E8, 0xF0E8, 0xF0E8, 0xF0E8, 0xF0E8, 0xF0E8, 0xF0E8, 
  0xF0E8, 0xF0E8, 0xF0E8, 0xF0E8, 0xF0E8, 0xF0E8, 0xF0E8, 0xF0E8, 0xF0E8, 0xF0E8, 0xF0E8, 0xF0E8, 0xF0E8, 0xF0E8, 0xF0E8, 0xF0E8, 
  0xF0E8, 0xF0E8, 0xF0E8, 0xF0E8, 0xF0E8, 0xF0E8, 0xF0E8, 0xF0E8, 0xF0E8, 0xF0E8, 0xF0E8, 0xF0E8, 0xF0E8, 0xF0E8, 0xF0E8, 0x10E9, 
  0x10E9, 0xF0E8, 0xF0E8, 0xF0E8, 0xF0E8, 0xF0E8, 0xF0E8, 0xF0E8, 0xF0E8, 0xF0E8, 0xF0E8, 0xF0E8, 0xF0E8, 0xF0E8, 0xF0E8, 0xF0E8, 
  0xF0E8, 0xF0E8, 0xF0E8, 0xF0E8, 0xF0E8, 0xF0E8, 0xF0E8, 0xF0E8, 0xF0E8, 0xF0E8, 0xF0E8, 0xF0E8, 0xF0E8, 0xF0E8, 0xF0E8, 0xF0E8, 
  0xF0E8, 0xF0E8, 0xF0E8, 0xF0E8, 0xF0E8, 0xF0E8, 0x10E9, 0xF0E8, 0xF0E8, 0xF0E8, 0xF0E8, 0xECE0, 0xA5D8, 0xA2D0, 0xE3D1, 0x4BF6, 
  0x2AEF, 0xE9EE, 0x4BF7, 0x27AD, 0x637B, 0x2BF7, 0x0AEF, 0xCCE6, 0x034A, 0xA118, 0xC118, 0x0229, 0xE462, 0xEBE6, 0x4BF7, 0x0AEF, 
  0x2AF7, 0x0AEF, 0x28B5, 0xC683, 0x6452, 0x8018, 0x8010, 0x8010, 0xA118, 0xA010, 0xA010, 0xA018, 0x8018, 0xA018, 0xA010, 0xA018, 
  0xA010, 0x8010, 0xA010, 0xA010, 0xA010, 0x8010, 0x0121, 0xC018, 0x4008, 0xE462, 0x2BF7, 0x4AF7, 0x6AB5, 0x8018, 0xA010, 0xA010, 
  0xA018, 0xA010, 0xA018, 0xA018, 0xA018, 0xA010, 0xA010, 0xA018, 0x6010, 0xE9A4, 0x0BEF, 0x0CEF, 0xC55A, 0x4008, 0xA018, 0xA018, 
  0xA010, 0xA018, 0xA010, 0xA018, 0xA018, 0xA010, 0xA010, 0xA010, 0xA010, 0xA010, 0xA010, 0xA010, 0xA010, 0xA010, 0xA010, 0xA010, 
  0xA010, 0xA010, 0xA018, 0xA018, 0xA018, 0xA010, 0xA010, 0xA010, 0xA018, 0xA010, 0xA018, 0xA010, 0xA010, 0x8018, 0x8018, 0xA018, 
  0xA018, 0x8010, 0x256B, 0x6AD6, 0x4BF7, 0x2BF7, 0x4AF7, 0xEBE6, 0xE783, 0xC020, 0x8010, 0xA018, 0x6010, 0xE241, 0xCBE6, 0x6BFF, 
  0x879C, 0x8252, 0xEBE6, 0x2AEF, 0xC9E6, 0xE9EE, 0x2AF7, 0xC7EC, 0x02C1, 0xC3D8, 0xA4D8, 0xEBE0, 0xF0E8, 0xF0E8, 0xF0E8, 0xF0E8, 
  0xF0E8, 0xF0E8, 0xF0E8, 0xF0E8, 0xF0E8, 0xF0E8, 0xF0E8, 0xF0E8, 0xF0E8, 0xF0E8, 0xF0E8, 0xF0E8, 0xF0E8, 0xF0E8, 0xF0E8, 0xF0E8, 
  0xF0E8, 0xF0E8, 0xF0E8, 0xF0E8, 0xF0E8, 0xF0E8, 0xF0E8, 0xF0E8, 0xF0E8, 0xF0E8, 0xF0E8, 0xF0E8, 0xF0E8, 0xF0E8, 0xF0E8, 0xF0E8, 
  0xF0E8, 0xF0E8, 0xF0E8, 0xF0E8, 0xF0E8, 0xF0E8, 0xF0E8, 0xF0E8, 0xF0E8, 0xF0E8, 0xF0E8, 0xF0E8, 0xF0E8, 0xF0E8, 0xF0E8, 0xF0E8, 
  0xF0E8, 0xF0E8, 0xF0E8, 0xF0E8, 0xF0E8, 0xF0E8, 0xF0E8, 0xF0E8, 0xF0E8, 0xF0E8, 0xF0E8, 0xF0E8, 0xF0E8, 0xF0E8, 0xF0E8, 0x10E9, 
  0x10E9, 0xF0E8, 0xF0E8, 0xF0E8, 0xF0E8, 0xF0E8, 0xF0E8, 0xF0E8, 0xF0E8, 0xF0E8, 0xF0E8, 0xF0E8, 0xF0E8, 0xF0E8, 0xF0E8, 0xF0E8, 
  0xF0E8, 0xF0E8, 0xF0E8, 0xF0E8, 0xF0E8, 0xF0E8, 0xF0E8, 0xF0E8, 0xF0E8, 0xF0E8, 0xF0E8, 0xF0E8, 0xF0E8, 0xF0E8, 0xF0E8, 0xF0E8, 
  0xF0E8, 0xF0E8, 0xF0E8, 0xF0E8, 0xF0E8, 0xF0E8, 0xF0E8, 0xF0E8, 0xF0E8, 0xF0E8, 0x0FE9, 0xC8E0, 0xA3D8, 0xC2C8, 0x66E4, 0x2BF7, 
  0x0AEF, 0x09EF, 0x4CF7, 0x6373, 0x47B5, 0x4AF7, 0x2BEF, 0x857B, 0xE020, 0x0121, 0xE118, 0x8010, 0x29AD, 0x4BFF, 0xE9EE, 0x0AEF, 
  0x0AEF, 0xCBE6, 0xC483, 0x234A, 0xA018, 0xA018, 0xA018, 0xA018, 0x8018, 0x8018, 0xA010, 0xA010, 0xA010, 0xA010, 0xA010, 0xA010, 
  0xA010, 0xA010, 0xA010, 0xA010, 0xA010, 0x8118, 0x8010, 0xA018, 0x4008, 0x256B, 0x4BF7, 0x2AEF, 0x4BD6, 0x2129, 0x8010, 0xA018, 
  0xA018, 0xA010, 0xA018, 0xA018, 0xA018, 0xA010, 0xA010, 0xA018, 0x4008, 0x278C, 0x2AD6, 0xEACD, 0x8452, 0x4008, 0xA018, 0xA010, 
  0xA010, 0xA018, 0xA018, 0xA018, 0xA010, 0xA010, 0xA010, 0xA018, 0xA010, 0xA010, 0xA010, 0xA010, 0xA010, 0xA018, 0xA018, 0xA010, 
  0xA010, 0xA010, 0xA010, 0xA018, 0xA018, 0xA010, 0xA010, 0xA010, 0xA018, 0xA018, 0x8010, 0xA010, 0xA018, 0x8018, 0xA018, 0xA018, 
  0xA010, 0x8010, 0x034A, 0x4AD6, 0x0AEF, 0xEAEE, 0xEAEE, 0x4AF7, 0xA9BD, 0x2129, 0xA018, 0xA018, 0xA018, 0x6131, 0x2ACE, 0x4AF7, 
  0xCBE6, 0x4352, 0xC7A4, 0x6BF7, 0xE9EE, 0x0AEF, 0x0AEF, 0x8BFE, 0x63D2, 0x82D0, 0xA3D8, 0xC8D8, 0x0FE9, 0xF0E8, 0xF0E8, 0xF0E8, 
  0xF0E8, 0xF0E8, 0xF0E8, 0xF0E8, 0xF0E8, 0xF0E8, 0xF0E8, 0xF0E8, 0xF0E8, 0xF0E8, 0xF0E8, 0xF0E8, 0xF0E8, 0xF0E8, 0xF0E8, 0xF0E8, 
  0xF0E8, 0xF0E8, 0xF0E8, 0xF0E8, 0xF0E8, 0xF0E8, 0xF0E8, 0x10E9, 0xF0E8, 0xF0E8, 0xF0E8, 0xF0E8, 0xF0E8, 0xF0E8, 0xF0E8, 0xF0E8, 
  0xF0E8, 0xF0E8, 0xF0E8, 0xF0E8, 0xF0E8, 0xF0E8, 0xF0E8, 0xF0E8, 0xF0E8, 0xF0E8, 0xF0E8, 0xF0E8, 0xF0E8, 0xF0E8, 0xF0E8, 0xF0E8, 
  0xF0E8, 0xF0E8, 0xF0E8, 0xF0E8, 0xF0E8, 0xF0E8, 0xF0E8, 0xF0E8, 0xF0E8, 0xF0E8, 0xF0E8, 0xF0E8, 0xF0E8, 0xF0E8, 0xF0E8, 0x10E9, 
  0x10E9, 0xEFE8, 0xF0E8, 0xF0E8, 0xF0E8, 0xF0E8, 0xF0E8, 0xF0E8, 0xF0E8, 0xF0E8, 0xF0E8, 0xF0E8, 0xF0E8, 0xF0E8, 0xF0E8, 0xF0E8, 
  0xF0E8, 0xF0E8, 0xF0E8, 0xF0E8, 0xF0E8, 0xF0E8, 0xF0E8, 0xF0E8, 0xF0E8, 0xF0E8, 0xF0E8, 0xF0E8, 0xF0E8, 0xF0E8, 0xF0E8, 0xF0E8, 
  0xF0E8, 0xF0E8, 0xF0E8, 0xF0E8, 0xF0E8, 0xF0E8, 0x10E1, 0xF0E8, 0xF0E8, 0xF0E8, 0xECE0, 0xA5D8, 0xA2D0, 0x03CA, 0x4AFE, 0x29F7, 
  0xEAEE, 0x4BF7, 0x8ABD, 0x2021, 0xC9BD, 0xADFF, 0x8794, 0x8010, 0xA018, 0x2229, 0xA018, 0x4252, 0xCCE6, 0x09EF, 0x09EF, 0xEAEE, 
  0x2AEF, 0x4AD6, 0x4573, 0x244A, 0x0121, 0x8010, 0xA018, 0xA010, 0xA010, 0xA010, 0xA010, 0xA010, 0xA010, 0xA010, 0xA010, 0xA010, 
  0xA010, 0xA018, 0xA010, 0xA018, 0xA010, 0xA010, 0xA018, 0xA018, 0x4008, 0x6352, 0x0BEF, 0x09EF, 0xACE6, 0x8231, 0x6010, 0x8018, 
  0x8018, 0xA010, 0xA018, 0xA010, 0xA010, 0xA010, 0xA018, 0xC018, 0x2008, 0x4673, 0x0AAD, 0x6894, 0x0342, 0x6010, 0xA018, 0xA018, 
  0xA010, 0xA018, 0xA018, 0x8010, 0xA010, 0xA010, 0xA010, 0xA010, 0xA018, 0xA018, 0xA010, 0xA010, 0xA010, 0xA010, 0xA010, 0xA010, 
  0xA010, 0xA018, 0xA010, 0xA010, 0xA010, 0xA010, 0xA018, 0xA018, 0xA010, 0xA010, 0xA010, 0xA010, 0xA010, 0xA010, 0xA010, 0xA010, 
  0xA018, 0xA018, 0x6131, 0xA79C, 0xEAEE, 0x0AEF, 0x09EF, 0x0AEF, 0xABDE, 0xE241, 0x8010, 0xA118, 0x0121, 0x6010, 0xA89C, 0x6BF7, 
  0x4BF7, 0x256B, 0x8131, 0x0CEF, 0x09EF, 0x0AEF, 0xEAEE, 0x0BF7, 0xC7EC, 0xE2C8, 0xA3D8, 0xA5D8, 0xEEE8, 0xF0E8, 0x10E9, 0xF0E8, 
  0xF0E8, 0xF0E8, 0xF0E8, 0xF0E8, 0xF0E8, 0xF0E8, 0xF0E8, 0xF0E8, 0xF0E8, 0xF0E8, 0x10E9, 0xF0E8, 0xF0E8, 0xF0E8, 0xF0E8, 0xF0E8, 
  0xF0E8, 0xF0E8, 0xF0E8, 0xF0E8, 0xF0E8, 0xF0E8, 0xF0E8, 0xF0E8, 0xF0E8, 0xF0E8, 0xF0E8, 0xF0E8, 0xF0E8, 0xF0E8, 0xF0E8, 0xF0E8, 
  0xF0E8, 0xF0E8, 0xF0E8, 0xF0E8, 0xF0E8, 0xF0E8, 0xF0E8, 0xF0E8, 0xF0E8, 0xF0E8, 0xF0E8, 0xF0E8, 0xF0E8, 0xF0E8, 0xF0E8, 0xF0E8, 
  0xF0E8, 0xF0E8, 0xF0E8, 0xF0E8, 0xF0E8, 0xF0E8, 0xF0E8, 0xF0E8, 0xF0E8, 0xF0E8, 0xF0E8, 0xF0E8, 0xF0E8, 0xF0E8, 0xF0E8, 0x10E9, 
  0x10E9, 0xEFE8, 0xF0E8, 0xF0E8, 0xF0E8, 0xF0E8, 0xF0E8, 0xF0E8, 0xF0E8, 0xF0E8, 0xF0E8, 0x10E9, 0xF0E8, 0xF0E8, 0xF0E8, 0xF0E8, 
  0xF0E8, 0xF0E8, 0xF0E8, 0xF0E8, 0xF0E8, 0xF0E8, 0xF0E8, 0xF0E8, 0xF0E8, 0xF0E8, 0x10E9, 0xF0E8, 0xF0E8, 0xF0E8, 0xF0E8, 0xF0E8, 
  0xF0E8, 0xF0E8, 0xF0E8, 0xF0E8, 0xF0E8, 0xF0E8, 0xF0E8, 0xEFE8, 0xF0E8, 0x0FE9, 0xC9D8, 0xA4D8, 0xC1C8, 0x06E4, 0x0BFF, 0xE9EE, 
  0x2AEF, 0xABDE, 0x234A, 0xA018, 0x4573, 0x867B, 0xA018, 0x8018, 0xA018, 0x0121, 0x0121, 0xE683, 0x2BF7, 0x0AEF, 0x0AEF, 0xE9E6, 
  0x4CF7, 0x8794, 0xA239, 0xA231, 0xE118, 0xE120, 0x8010, 0xA010, 0xA010, 0xA010, 0xA010, 0xA018, 0xA018, 0xA018, 0xA018, 0xA010, 
  0xA010, 0xA010, 0xA010, 0xA018, 0xA010, 0xA010, 0xA010, 0xA018, 0x4008, 0x234A, 0x0BEF, 0x0AEF, 0xCCE6, 0x234A, 0x4010, 0x0121, 
  0xA018, 0xA010, 0xA018, 0xA018, 0xA018, 0xA010, 0xA118, 0xA118, 0x6010, 0xA339, 0x8552, 0xE441, 0x2229, 0x8010, 0xA018, 0xA018, 
  0xA010, 0xA010, 0xA010, 0xA010, 0xA018, 0xA018, 0xA018, 0xA010, 0xA010, 0xA018, 0xA010, 0xA018, 0xA018, 0xA018, 0xA010, 0xA018, 
  0xA010, 0xA010, 0xA010, 0xA010, 0x8010, 0xA018, 0xA010, 0xA010, 0x8010, 0xA010, 0xA010, 0x8010, 0xA018, 0xA018, 0xA018, 0xA018, 
  0xA118, 0xA018, 0x8018, 0x4573, 0xEBE6, 0x0AEF, 0x09EF, 0x09EF, 0x2CF7, 0x246B, 0x6008, 0xA018, 0xE118, 0x6010, 0x6131, 0x2ACE, 
  0x8BFF, 0xE8A4, 0x0008, 0x6794, 0x6CFF, 0xE9EE, 0x0AEF, 0x0AEF, 0x8AFE, 0x43D2, 0x83D8, 0xA4D0, 0xEBE0, 0x10E9, 0xF0E8, 0xF0E8, 
  0xF0E8, 0x10E9, 0xF0E8, 0xF0E8, 0xF0E8, 0xF0E8, 0xF0E8, 0xF0E8, 0xF0E8, 0xF0E8, 0xF0E8, 0xF0E8, 0xF0E8, 0xF0E8, 0xF0E8, 0xF0E8, 
  0xF0E8, 0xF0E8, 0xF0E8, 0xF0E8, 0xF0E8, 0xF0E8, 0xF0E8, 0xF0E8, 0xF0E8, 0xF0E8, 0xF0E8, 0xF0E8, 0xF0E8, 0xF0E8, 0xF0E8, 0xF0E8, 
  0xF0E8, 0xF0E8, 0xF0E8, 0xF0E8, 0xF0E8, 0xF0E8, 0xF0E8, 0xF0E8, 0xF0E8, 0xF0E8, 0xF0E8, 0xF0E8, 0xF0E0, 0xF0E8, 0xF0E8, 0xF0E8, 
  0xF0E8, 0xF0E8, 0xF0E8, 0xF0E8, 0xF0E8, 0xF0E8, 0xF0E8, 0xF0E8, 0xF0E8, 0xF0E8, 0xF0E8, 0xF0E8, 0xF0E8, 0xF0E8, 0xF0E8, 0x10E9, 
  0x10E9, 0xF0E8, 0xF0E8, 0xF0E8, 0xF0E8, 0xF0E8, 0xF0E8, 0xF0E8, 0xF0E8, 0xF0E8, 0xF0E8, 0xF0E8, 0xF0E8, 0xF0E8, 0xF0E8, 0xF0E8, 
  0xF0E8, 0xF0E8, 0xF0E8, 0xF0E8, 0xF0E8, 0xF0E8, 0xF0E8, 0xF0E8, 0xF0E8, 0xF0E8, 0xF0E8, 0xF0E8, 0xF0E8, 0xF0E8, 0xF0E8, 0xF0E8, 
  0xF0E8, 0xF0E8, 0xF0E8, 0xF0E8, 0xF0E8, 0xF0E8, 0xF0E8, 0xF0E8, 0x10E9, 0x0DE1, 0xA5D8, 0xA3D0, 0xA2C9, 0x09F6, 0x2AEF, 0xEAEE, 
  0x4BF7, 0xC79C, 0xA018, 0xC018, 0xA239, 0xC018, 0x8010, 0xA018, 0xC118, 0xE018, 0xA018, 0x256B, 0x4CF7, 0xE9EE, 0x09EF, 0x4AF7, 
  0x29CE, 0xA239, 0x8010, 0xC018, 0xA018, 0xA018, 0xA010, 0xA010, 0xA018, 0xA018, 0xA018, 0xA018, 0xA018, 0xA018, 0xA018, 0xA010, 
  0xA010, 0xA010, 0xA010, 0xA018, 0xA010, 0xA010, 0xA018, 0xA018, 0x4008, 0x835A, 0x0BEF, 0xC9E6, 0x6BDE, 0x4131, 0x8010, 0xE120, 
  0xA018, 0xA010, 0xA018, 0xA010, 0xA010, 0xA018, 0xC118, 0xA010, 0xA010, 0xA018, 0xA018, 0x8018, 0xA018, 0xA010, 0xA018, 0xC018, 
  0x8010, 0xA010, 0xA010, 0xA010, 0xA010, 0xA010, 0xA010, 0xA010, 0xA018, 0xA018, 0xA018, 0xA018, 0xA010, 0xA018, 0xA018, 0xA010, 
  0xA010, 0xA010, 0xA018, 0xA018, 0x8010, 0xA010, 0xA010, 0xA010, 0xA010, 0xA010, 0xA010, 0xA018, 0xA018, 0xA010, 0xA010, 0xA010, 
  0xA010, 0xA118, 0x8010, 0xE020, 0x28AD, 0x4BF7, 0x09EF, 0xEAEE, 0x4CF7, 0xE683, 0x6008, 0xA018, 0xA018, 0xC118, 0x8010, 0x4352, 
  0x6DF7, 0xAABD, 0x6010, 0xE241, 0x8BDE, 0x29EF, 0x0AEF, 0xCAE6, 0x2BFF, 0x47E4, 0xC2C8, 0xC3D8, 0xC8D8, 0x0FE9, 0xF0E8, 0xF0E8, 
  0xEFE8, 0xEFE8, 0xF0E8, 0xF0E8, 0xF0E8, 0xF0E8, 0xF0E8, 0xF0E8, 0x10E9, 0xF0E8, 0xF0E8, 0xF0E8, 0xF0E8, 0xF0E8, 0xF0E8, 0xF0E8, 
  0xF0E8, 0xF0E8, 0xF0E8, 0xF0E8, 0xF0E8, 0xF0E8, 0xF0E8, 0xF0E8, 0xF0E8, 0xF0E8, 0xF0E8, 0xF0E8, 0xF0E8, 0xF0E8, 0xF0E8, 0xF0E8, 
  0xF0E8, 0xF0E8, 0xF0E8, 0xF0E8, 0xF0E8, 0xF0E8, 0xF0E8, 0xF0E8, 0xF0E8, 0xF0E8, 0xF0E8, 0xF0E8, 0xF0E8, 0xF0E8, 0xF0E8, 0xF0E8, 
  0xF0E8, 0xF0E8, 0xF0E8, 0xF0E8, 0xF0E8, 0xF0E8, 0xF0E8, 0xF0E8, 0xF0E8, 0xF0E8, 0xF0E8, 0xF0E8, 0xF0E8, 0xF0E8, 0xF0E8, 0x10E9, 
  0x10E9, 0xF0E8, 0xF0E8, 0xF0E8, 0xF0E8, 0xF0E8, 0xF0E8, 0xF0E8, 0xF0E8, 0xF0E8, 0xF0E8, 0xF0E8, 0xF0E8, 0xF0E8, 0xF0E8, 0xF0E8, 
  0xF0E8, 0xF0E8, 0xF0E8, 0xF0E8, 0xF0E8, 0xF0E8, 0xF0E8, 0xF0E8, 0xF0E8, 0xF0E8, 0xF0E8, 0xF0E8, 0xF0E8, 0xF0E8, 0xF0E8, 0xF0E8, 
  0xF0E8, 0xF0E8, 0xF0E8, 0xF0E8, 0xF0E8, 0xF0E8, 0xF0E8, 0xF0E8, 0x10E9, 0xEAE0, 0xA3D8, 0xA2D0, 0x45DB, 0x0AFF, 0x0AEF, 0xE9EE, 
  0x6BFF, 0x4794, 0x4008, 0x0129, 0x8894, 0x6352, 0x6008, 0xA118, 0xA018, 0x8010, 0x8010, 0x6473, 0x0BEF, 0x09EF, 0x0AEF, 0x6BD6, 
  0x068C, 0x8010, 0xA010, 0xA010, 0x8018, 0x8010, 0xA010, 0xA010, 0xA010, 0xA018, 0xA010, 0xA010, 0xA010, 0xA018, 0xA018, 0xA010, 
  0xA010, 0xA018, 0xA010, 0xA010, 0xA010, 0xA010, 0x8010, 0x0229, 0x8010, 0x8352, 0xEBE6, 0xE9EE, 0x8BDE, 0x6131, 0x8010, 0xA010, 
  0xA010, 0xA010, 0xA018, 0xA018, 0xA010, 0xC118, 0xA018, 0xA010, 0x8010, 0x4129, 0x0442, 0x2229, 0xE120, 0x8010, 0xA018, 0xA118, 
  0xA118, 0x8010, 0xA018, 0xA010, 0xA010, 0xA010, 0xA010, 0xA010, 0xA010, 0xA010, 0xA010, 0xA018, 0xA018, 0xA018, 0xA010, 0xA010, 
  0xA010, 0xA018, 0xA010, 0xA018, 0xA010, 0xA010, 0xA010, 0xA010, 0xA010, 0xA018, 0xA010, 0xA010, 0xA010, 0xA018, 0xA010, 0xA010, 
  0xA018, 0xA010, 0xA018, 0x6010, 0x4252, 0xABE6, 0x0AEF, 0xE9EE, 0x4BF7, 0x4573, 0x6010, 0xA018, 0xA010, 0xA010, 0xC118, 0x6010, 
  0xC9A4, 0x478C, 0x8010, 0x0021, 0x8ABD, 0x2BF7, 0x2AF7, 0x28CE, 0x29CE, 0x6BFE, 0xE3C9, 0xA3D0, 0xA6D8, 0x0DE9, 0xF0E8, 0xF0E8, 
  0xF0E8, 0x0FE9, 0xF0E8, 0xF0E8, 0xF0E8, 0xF0E8, 0xF0E8, 0xF0E8, 0xF0E8, 0xF0E8, 0xF0E8, 0xF0E8, 0xF0E8, 0xF0E8, 0xF0E8, 0xF0E8, 
  0xEFE8, 0xF0E8, 0xF0E8, 0xF0E8, 0xF0E8, 0xF0E8, 0xF0E8, 0xF0E8, 0xF0E8, 0xF0E8, 0xF0E8, 0xF0E8, 0xF0E8, 0xF0E8, 0xF0E8, 0xF0E8, 
  0xF0E8, 0xF0E8, 0xF0E8, 0xF0E8, 0xF0E8, 0xF0E8, 0xF0E8, 0xF0E8, 0xF0E8, 0xF0E8, 0xF0E0, 0xF0E8, 0xF0E8, 0xF0E8, 0xF0E8, 0xF0E8, 
  0xF0E8, 0xF0E8, 0xF0E8, 0xF0E8, 0xF0E8, 0xF0E8, 0xF0E8, 0xF0E8, 0xF0E8, 0xF0E8, 0xF0E8, 0xF0E8, 0xF0E8, 0xF0E8, 0xF0E8, 0x10E9, 
  0x10E9, 0xEFE8, 0xF0E8, 0xF0E8, 0x10E9, 0xF0E8, 0xF0E8, 0xF0E8, 0xF0E8, 0xF0E8, 0xF0E8, 0xF0E8, 0xF0E8, 0xF0E8, 0xF0E8, 0xF0E8, 
  0xF0E8, 0xF0E8, 0xF0E8, 0xF0E8, 0xF0E8, 0xF0E8, 0xF0E8, 0xF0E8, 0xF0E8, 0xF0E8, 0xF0E8, 0xF0E8, 0xF0E8, 0xF0E8, 0xF0E8, 0xF0E8, 
  0xF0E8, 0xF0E8, 0xF0E8, 0xF0E8, 0xF0E8, 0xF0E8, 0xF0E8, 0xF0E8, 0x0EE9, 0xA6D8, 0xA3D8, 0x02C9, 0x28F5, 0x2BF7, 0xEAEE, 0xE9EE, 
  0x6BF7, 0x08A5, 0xA010, 0xC89C, 0xCDFF, 0x69B5, 0xA018, 0xA010, 0xA018, 0xA018, 0x434A, 0x4AD6, 0x0AEF, 0x0AEF, 0x2ACE, 0x2252, 
  0xE662, 0xE120, 0x8010, 0xA018, 0xA018, 0xA010, 0xA018, 0xA018, 0xA010, 0xA018, 0xA010, 0xA010, 0xA010, 0xA010, 0xA010, 0xA010, 
  0xA010, 0xA010, 0xA010, 0xA018, 0xA018, 0xA010, 0x8010, 0x0121, 0x8010, 0x845A, 0x0BEF, 0x0AEF, 0xCCE6, 0x8231, 0x6010, 0xA018, 
  0xA010, 0xA010, 0xA010, 0xA018, 0xA010, 0xA010, 0xA018, 0xA118, 0x6010, 0xA239, 0x6B94, 0xA018, 0xC018, 0xE120, 0x4129, 0x2129, 
  0xC020, 0x8010, 0xA018, 0xA010, 0xA010, 0xA010, 0xA018, 0xA010, 0xA010, 0xA010, 0xA010, 0xA018, 0xA018, 0xA018, 0xA018, 0xA010, 
  0xA018, 0xA010, 0xA010, 0xA010, 0xA010, 0xA018, 0xA018, 0xA010, 0xA010, 0xA010, 0xA010, 0xA018, 0xA010, 0xA010, 0xA010, 0xA010, 
  0xA010, 0xA010, 0xA010, 0xA010, 0x0029, 0xA79C, 0x2BEF, 0x09EF, 0xCCE6, 0xE349, 0x8010, 0xA018, 0xA018, 0xA010, 0x8010, 0xA010, 
  0x0029, 0x635A, 0xC018, 0xA018, 0xAABD, 0x4BF7, 0x2AF7, 0x49D6, 0x859C, 0x2BFF, 0xA6DB, 0xA2C8, 0xA4D0, 0xEBE0, 0x0FE9, 0xF0E8, 
  0xF0E8, 0xF0E8, 0xF0E8, 0xF0E8, 0xF0E8, 0xF0E8, 0xF0E8, 0xF0E8, 0xF0E8, 0xF0E8, 0xF0E8, 0xF0E8, 0xF0E8, 0xF0E8, 0xF0E8, 0xF0E8, 
  0xF0E8, 0xF0E8, 0xF0E8, 0xF0E8, 0xF0E8, 0xF0E8, 0xF0E8, 0xF0E8, 0xF0E8, 0xF0E8, 0xF0E8, 0xF0E8, 0xF0E8, 0xF0E8, 0xF0E8, 0xF0E8, 
  0xF0E8, 0xF0E8, 0xF0E8, 0xF0E8, 0xF0E8, 0xF0E8, 0xF0E8, 0xF0E8, 0xF0E8, 0xF0E8, 0xF0E8, 0xF0E8, 0xF0E8, 0xF0E8, 0xF0E8, 0xF0E8, 
  0xF0E8, 0xF0E8, 0xF0E8, 0xF0E8, 0xF0E8, 0xF0E8, 0xF0E8, 0xF0E8, 0xF0E8, 0xF0E8, 0xF0E8, 0xF0E8, 0xF0E8, 0xF0E8, 0xF0E8, 0x10E9, 
  0x10E9, 0xEFE8, 0xF0E8, 0xF0E8, 0xF0E8, 0xF0E8, 0xF0E8, 0xF0E8, 0xF0E8, 0xF0E8, 0xF0E8, 0xF0E8, 0xF0E8, 0xF0E8, 0xF0E8, 0xF0E8, 
  0xF0E8, 0xF0E8, 0xF0E8, 0xF0E8, 0xF0E8, 0xF0E8, 0xF0E8, 0xF0E8, 0xF0E8, 0xF0E8, 0xF0E8, 0xF0E8, 0xF0E8, 0xF0E8, 0xF0E8, 0xF0E8, 
  0xF0E8, 0xF0E8, 0xF0E8, 0xF0E8, 0xF0E8, 0xF0E8, 0xF0E8, 0x0FE9, 0xECE0, 0xA4D8, 0xA2D0, 0x23D2, 0x8AFE, 0x0AEF, 0x0AEF, 0xEAEE, 
  0x8CFF, 0xE683, 0x8239, 0x0CE7, 0x2AF7, 0x2BD6, 0x0029, 0x8010, 0xC018, 0x4131, 0x69B5, 0x4BF7, 0x09EF, 0xCBE6, 0xA47B, 0xA018, 
  0xC018, 0xA018, 0x8018, 0xA018, 0xA010, 0xA018, 0xA018, 0xA010, 0xA018, 0xA018, 0xA010, 0xA018, 0xA010, 0xA010, 0xA010, 0xA010, 
  0xA010, 0xA010, 0xA010, 0xA018, 0xC118, 0xA010, 0xA010, 0xA010, 0x8110, 0x0342, 0x0BEF, 0xC9E6, 0xACDE, 0x6231, 0x6010, 0xA018, 
  0xA018, 0xC018, 0xA018, 0x8010, 0x8010, 0xA018, 0xA018, 0xA118, 0x4008, 0x434A, 0x6DB5, 0x6010, 0x8010, 0x6231, 0x8452, 0x0342, 
  0xE662, 0x2129, 0x8010, 0xA010, 0xA018, 0xA018, 0xA010, 0xA018, 0xA010, 0xA010, 0xA010, 0xA010, 0xA010, 0xA018, 0xA018, 0xA010, 
  0xA018, 0xA010, 0xA010, 0xA010, 0xA010, 0xA010, 0xA010, 0xA010, 0xA010, 0xA010, 0xA018, 0xA010, 0xA018, 0xA018, 0xA010, 0xA018, 
  0xA010, 0xA010, 0xA010, 0xA018, 0x8010, 0x234A, 0x29CE, 0x4BFF, 0x88BD, 0xA35A, 0xE020, 0x8010, 0xA010, 0xA018, 0xA018, 0x6010, 
  0xC462, 0xCDE6, 0x6352, 0x0000, 0x857B, 0x6CF7, 0x09EF, 0x0BEF, 0x88BD, 0x0AEF, 0xA9ED, 0x42C1, 0x83D8, 0xC8D8, 0x0FE9, 0xEFE8, 
  0xF0E8, 0xF0E8, 0xF0E8, 0xF0E8, 0xF0E8, 0xF0E8, 0xF0E8, 0xF0E8, 0xF0E8, 0xF0E8, 0xF0E8, 0xF0E8, 0xF0E8, 0xF0E8, 0xF0E8, 0xF0E8, 
  0xF0E8, 0xF0E8, 0xF0E8, 0xF0E8, 0xF0E8, 0xF0E8, 0xF0E8, 0xF0E8, 0xF0E8, 0xF0E8, 0xF0E8, 0xF0E8, 0xF0E8, 0xF0E8, 0xF0E8, 0xF0E8, 
  0xF0E8, 0xF0E8, 0xF0E8, 0xF0E8, 0xF0E8, 0xF0E8, 0xF0E8, 0xF0E8, 0xF0E8, 0xF0E8, 0xF0E8, 0xF0E8, 0xF0E8, 0xF0E8, 0xF0E8, 0xF0E8, 
  0xF0E8, 0xF0E8, 0xF0E8, 0xF0E8, 0xF0E8, 0xF0E8, 0xF0E8, 0xF0E8, 0xF0E8, 0xF0E8, 0xF0E8, 0xF0E8, 0xF0E8, 0xF0E8, 0xF0E8, 0x10E9, 
  0x10E9, 0xF0E8, 0xF0E8, 0xF0E8, 0xF0E8, 0xF0E8, 0xF0E8, 0xF0E8, 0xF0E8, 0xF0E8, 0xF0E8, 0xF0E8, 0xF0E8, 0xF0E8, 0xF0E8, 0xF0E8, 
  0xF0E8, 0xF0E8, 0xF0E8, 0xF0E8, 0xF0E8, 0xF0E8, 0xF0E8, 0xF0E8, 0xF0E8, 0xF0E8, 0xF0E8, 0xF0E8, 0xF0E8, 0xF0E8, 0xF0E8, 0xF0E8, 
  0xF0E8, 0xF0E8, 0xF0E8, 0xF0E8, 0xF0E8, 0xF0E8, 0xF0E8, 0x0FE9, 0xE8D8, 0xA4D8, 0xA2C8, 0xA5DB, 0x0AFF, 0x09E7, 0xEAEE, 0x0AEF, 
  0xEBE6, 0xE239, 0xC462, 0x2BF7, 0x4AF7, 0x08AD, 0xE120, 0xC018, 0x8010, 0xA139, 0x6BD6, 0x29EF, 0x0AEF, 0xEBE6, 0x8252, 0x6008, 
  0xA018, 0xA010, 0xA018, 0xA010, 0xA010, 0xA010, 0xA018, 0xA010, 0xA018, 0xA010, 0xA010, 0xA010, 0xA010, 0xA010, 0xA018, 0xA010, 
  0xA010, 0xA010, 0xA010, 0x8010, 0x8010, 0xA010, 0xA010, 0xA018, 0x6010, 0x0242, 0xEBE6, 0x88DE, 0x8BDE, 0x4129, 0x6010, 0xA018, 
  0x8010, 0xC118, 0xC018, 0xA010, 0xA018, 0xA018, 0x8010, 0xA010, 0x8010, 0x6231, 0xA97B, 0x8010, 0x8010, 0x2129, 0x6773, 0x6673, 
  0xC55A, 0xC018, 0xA018, 0xA010, 0xC018, 0xC018, 0x8010, 0xA018, 0x8010, 0x8010, 0xA018, 0xA018, 0xA018, 0xA010, 0xA018, 0xA010, 
  0xA010, 0xA010, 0xA010, 0xA010, 0xA010, 0xA018, 0xA010, 0xA010, 0xA010, 0xA010, 0xA010, 0xA010, 0xA010, 0xA010, 0xA010, 0xA010, 
  0xA010, 0xA010, 0xA010, 0xA118, 0xC018, 0x6010, 0x278C, 0xCBE6, 0x89DE, 0x0CEF, 0xE783, 0xA018, 0xA118, 0xA018, 0xA018, 0x6008, 
  0xA99C, 0xEDFF, 0xA89C, 0x2008, 0x6131, 0x0ACE, 0x2BEF, 0x2AEF, 0x08D6, 0x49D6, 0x0BFF, 0xC4D2, 0x82D0, 0xA5D8, 0xEDE8, 0xF0E8, 
  0xF0E8, 0x10E9, 0xF0E8, 0xF0E8, 0xF0E8, 0xF0E8, 0xF0E8, 0xF0E8, 0xF0E8, 0xF0E8, 0xF0E8, 0x10E9, 0xF0E8, 0xF0E0, 0xF0E8, 0xF0E8, 
  0xF0E8, 0xF0E8, 0xF0E8, 0xF0E8, 0xF0E8, 0xF0E8, 0xF0E8, 0xF0E8, 0xF0E8, 0xF0E8, 0xF0E8, 0xF0E8, 0xF0E8, 0xF0E8, 0xF0E8, 0xF0E8, 
  0xF0E8, 0xF0E8, 0xF0E8, 0xF0E8, 0xF0E8, 0xF0E8, 0xF0E8, 0xF0E8, 0xF0E8, 0xF0E8, 0xF0E8, 0xF0E8, 0xF0E8, 0xF0E8, 0xF0E8, 0xF0E8, 
  0xF0E8, 0xF0E8, 0xF0E8, 0xF0E8, 0xF0E8, 0xF0E8, 0xF0E8, 0xF0E8, 0xF0E8, 0xF0E8, 0xF0E8, 0xF0E8, 0xF0E8, 0xF0E8, 0xF0E8, 0x10E9, 
  0x10E9, 0xF0E8, 0xF0E8, 0xF0E8, 0xF0E8, 0xF0E8, 0xF0E8, 0xF0E8, 0xF0E8, 0xF0E8, 0xF0E8, 0xF0E8, 0xF0E8, 0xF0E8, 0xF0E8, 0xF0E8, 
  0xF0E8, 0xF0E8, 0xF0E8, 0xF0E8, 0xF0E8, 0xF0E8, 0xF0E8, 0xF0E8, 0xF0E8, 0xF0E8, 0xF0E8, 0xF0E8, 0xF0E8, 0xF0E8, 0xF0E8, 0xF0E8, 
  0xF0E8, 0xF0E8, 0xF0E8, 0xF0E8, 0xF0E8, 0xF0E8, 0xF0E8, 0x0EE9, 0xC6D0, 0xA3D8, 0xE2C8, 0x28ED, 0x0AF7, 0xC9E6, 0xE9EE, 0x6BF7, 
  0xE89C, 0x2008, 0x879C, 0x4AF7, 0x2BEF, 0x0463, 0x8018, 0xC018, 0x8010, 0x8139, 0x8BDE, 0x2AEF, 0x09EF, 0xCBE6, 0x0242, 0x6010, 
  0xA018, 0xA010, 0xA010, 0xA010, 0xA018, 0xA018, 0xA018, 0xA010, 0xA010, 0xA010, 0xA010, 0xA010, 0xA010, 0xA018, 0xA018, 0xA018, 
  0xA010, 0xA010, 0xA010, 0xA010, 0xA010, 0xA010, 0xA010, 0xA010, 0xA118, 0x434A, 0xCBE6, 0xE9E6, 0xECE6, 0xA339, 0x6010, 0xA118, 
  0xA010, 0x8010, 0x8010, 0xA018, 0xA018, 0x8010, 0xC018, 0xE118, 0x8010, 0xC018, 0xE020, 0x8018, 0x8010, 0xE020, 0x066B, 0xA45A, 
  0xE020, 0xC118, 0x8018, 0xA018, 0xA010, 0xA010, 0xA010, 0x8010, 0xC118, 0xE120, 0x8010, 0xA018, 0xA018, 0xA010, 0xA010, 0xA010, 
  0xA018, 0xA010, 0xA018, 0xA010, 0xA010, 0xA010, 0xA018, 0xA018, 0xA010, 0xA018, 0xA010, 0xA018, 0xA018, 0xA010, 0xA010, 0xA018, 
  0xA010, 0xA010, 0x8010, 0xC018, 0x2229, 0x8010, 0xE241, 0x88BD, 0x0BEF, 0x4AF7, 0x4BD6, 0x4129, 0x8010, 0xA018, 0xC018, 0x6008, 
  0x0784, 0x8CFF, 0xC9C5, 0xE020, 0x4008, 0x046B, 0x2CEF, 0x2AEF, 0x89DE, 0x67BD, 0x4BFF, 0x87E4, 0xC2C8, 0xA4D0, 0xEBE0, 0xF0E8, 
  0xF0E8, 0xF0E8, 0xF0E8, 0xF0E8, 0xF0E8, 0xF0E8, 0xF0E8, 0xF0E8, 0xF0E8, 0xF0E8, 0xF0E8, 0xF0E8, 0xF0E0, 0xF0E8, 0xF0E8, 0xF0E8, 
  0xF0E8, 0xF0E8, 0xF0E8, 0xF0E8, 0xF0E8, 0xF0E8, 0xF0E8, 0xF0E8, 0xF0E8, 0xF0E8, 0xF0E8, 0xF0E8, 0xF0E8, 0xF0E8, 0xF0E8, 0xF0E8, 
  0xF0E8, 0xF0E8, 0xF0E8, 0x10E9, 0xF0E8, 0xF0E8, 0xF0E8, 0xF0E8, 0xF0E8, 0xF0E8, 0xF0E8, 0x10E9, 0xF0E8, 0xF0E8, 0xF0E8, 0xF0E8, 
  0xF0E8, 0xF0E8, 0xF0E8, 0xF0E8, 0xF0E8, 0xF0E8, 0xF0E8, 0xF0E8, 0xF0E8, 0xF0E8, 0xF0E8, 0xF0E8, 0xF0E8, 0xF0E8, 0xF0E8, 0x10E9, 
  0x10E9, 0xF0E8, 0xF0E8, 0xF0E8, 0xF0E8, 0xF0E8, 0xF0E8, 0xF0E8, 0xF0E8, 0xF0E8, 0xF0E8, 0xF0E8, 0xF0E8, 0xF0E8, 0xF0E8, 0xF0E8, 
  0xF0E8, 0xF0E8, 0xF0E8, 0xF0E8, 0xF0E8, 0xF0E8, 0xF0E8, 0xF0E8, 0xF0E8, 0xF0E8, 0xF0E8, 0xF0E8, 0xF0E8, 0xF0E8, 0xF0E8, 0xF0E8, 
  0xF0E8, 0xF0E8, 0xF0E8, 0xF0E8, 0xF0E8, 0xF0E8, 0x0FE9, 0xECE0, 0xA4D0, 0xA2D8, 0xC3C9, 0x2AF6, 0xCAE6, 0xEAE6, 0x09EF, 0x4CF7, 
  0x056B, 0x0000, 0xA89C, 0xEDFF, 0x89BD, 0x0021, 0x8010, 0xA010, 0xC118, 0x224A, 0x6ADE, 0x0AEF, 0x4BF7, 0x89BD, 0xA018, 0xC118, 
  0x8010, 0xA010, 0xA018, 0xA010, 0xA010, 0xA010, 0xA010, 0xA010, 0xA010, 0xA018, 0xA010, 0xA018, 0xA010, 0xA018, 0xA010, 0xA010, 
  0xA010, 0xA010, 0xA010, 0xA010, 0xA010, 0xA010, 0xA010, 0xA010, 0xA018, 0xA45A, 0xEBE6, 0x88DE, 0xACDE, 0x8231, 0x6010, 0xA018, 
  0xA010, 0xA018, 0xA010, 0xA018, 0xA010, 0x8010, 0x8331, 0x2229, 0x8010, 0xA018, 0xA018, 0x8010, 0x8010, 0xE020, 0x8994, 0x845A, 
  0x6010, 0xA018, 0xA010, 0xA010, 0xA010, 0xA018, 0xA010, 0xA010, 0xA018, 0xC018, 0xA010, 0xA010, 0xA010, 0xA010, 0xA018, 0xA010, 
  0xA010, 0xA010, 0xA010, 0xA010, 0xA018, 0x8010, 0xC018, 0xE120, 0x8010, 0xA018, 0xA018, 0xA010, 0xA010, 0xA010, 0xA010, 0xA010, 
  0xA010, 0xA018, 0xA018, 0x8010, 0xC120, 0xE118, 0x2129, 0x08AD, 0x2BF7, 0xE9EE, 0x0AE7, 0x0142, 0x4010, 0xA118, 0xC018, 0x6010, 
  0x034A, 0xEBE6, 0x0BE7, 0xC239, 0x4010, 0xC020, 0xA9C5, 0x6AF7, 0x6AD6, 0x869C, 0x4BF7, 0x0AF6, 0xA3C9, 0x83D0, 0xC8D8, 0x0FE9, 
  0xF0E8, 0xF0E8, 0xF0E8, 0xF0E8, 0xF0E8, 0xF0E8, 0xF0E8, 0xF0E8, 0xF0E8, 0xF0E8, 0xF0E8, 0xF0E8, 0xF0E8, 0xF0E8, 0xF0E8, 0xF0E8, 
  0xF0E8, 0xF0E8, 0xF0E8, 0xF0E8, 0xF0E8, 0xF0E8, 0xF0E8, 0xF0E8, 0xF0E8, 0xF0E8, 0xF0E8, 0xF0E8, 0xF0E8, 0xF0E8, 0xF0E8, 0xF0E8, 
  0xF0E8, 0xF0E8, 0xF0E8, 0xF0E8, 0xF0E8, 0xF0E8, 0xF0E8, 0xF0E8, 0xF0E8, 0xF0E8, 0xF0E8, 0xF0E8, 0xF0E8, 0xF0E8, 0xF0E8, 0xF0E8, 
  0xF0E8, 0xF0E8, 0xF0E8, 0xF0E8, 0xF0E8, 0xF0E8, 0xF0E8, 0xF0E8, 0xF0E8, 0xF0E8, 0xF0E8, 0xF0E8, 0xF0E8, 0xF0E8, 0xF0E8, 0x10E9, 
  0x10E9, 0xF0E8, 0xF0E8, 0xF0E8, 0xF0E8, 0xF0E8, 0xF0E8, 0xF0E8, 0xF0E8, 0xF0E8, 0xF0E8, 0xF0E8, 0xF0E8, 0xF0E8, 0xF0E8, 0xF0E8, 
  0xF0E8, 0xF0E8, 0xF0E8, 0xF0E8, 0xF0E8, 0xF0E8, 0xF0E8, 0xF0E8, 0xF0E8, 0xF0E8, 0xF0E8, 0xF0E8, 0xF0E8, 0xF0E8, 0xF0E8, 0xF0E8, 
  0xF0E8, 0xF0E8, 0xF0E8, 0xF0E8, 0xF0E8, 0xF0E8, 0x0FE9, 0xC9E0, 0xA3D8, 0x82D0, 0xC4D2, 0x0CFF, 0x87BD, 0x89DE, 0x4AF7, 0x4AD6, 
  0x2029, 0x4008, 0x4352, 0x49B5, 0x4252, 0x6010, 0xA118, 0xA018, 0xA018, 0x857B, 0x0BEF, 0xE9EE, 0x4CF7, 0xE462, 0x4008, 0xA118, 
  0x8010, 0xA010, 0xA018, 0xA010, 0xA010, 0xA010, 0xA010, 0xA010, 0xA010, 0xA010, 0xA010, 0xA010, 0xA010, 0xA010, 0xA010, 0xA010, 
  0xA010, 0xA010, 0xA010, 0xA010, 0xA010, 0xA010, 0xA010, 0xA018, 0x8010, 0xE241, 0xCCE6, 0x48D6, 0xACDE, 0x6231, 0x6010, 0xA018, 
  0x8010, 0xA010, 0xA010, 0xA018, 0x8010, 0xC118, 0x0221, 0x8010, 0xA010, 0xA010, 0x6010, 0xC118, 0xA018, 0xC018, 0x466B, 0x8231, 
  0x8010, 0xA010, 0xA010, 0xA010, 0xA010, 0xA018, 0xA010, 0xA010, 0xA010, 0xA010, 0xA018, 0xA010, 0xA018, 0xA018, 0xA018, 0xA010, 
  0xA010, 0xA010, 0xA010, 0xA010, 0xA010, 0xA010, 0x8010, 0x8010, 0xA010, 0xA010, 0xA018, 0xA010, 0xA010, 0xA018, 0xA010, 0xA010, 
  0xA018, 0xA010, 0xA010, 0xA018, 0x8018, 0x8010, 0x6010, 0x278C, 0x4BF7, 0xE9EE, 0x4BF7, 0x857B, 0x6010, 0xC018, 0xA010, 0x8010, 
  0x8018, 0x8ABD, 0x8CFF, 0x6352, 0x6010, 0xA018, 0x28AD, 0xABFF, 0x47B5, 0x825A, 0x8BDE, 0x2BFF, 0x25D3, 0x82D0, 0xA6D8, 0x0DE9, 
  0xF0E8, 0xF0E8, 0xF0E8, 0xF0E8, 0xF0E8, 0xF0E8, 0xF0E8, 0xF0E8, 0xF0E8, 0xF0E8, 0xF0E8, 0xF0E8, 0xF0E8, 0xF0E8, 0xF0E8, 0xF0E8, 
  0xF0E8, 0xF0E8, 0xF0E8, 0xF0E8, 0xF0E8, 0xF0E8, 0xF0E8, 0xF0E8, 0xF0E8, 0xF0E8, 0xF0E8, 0xF0E8, 0xF0E0, 0xF0E8, 0xF0E8, 0xF0E8, 
  0xF0E8, 0xF0E8, 0xF0E8, 0xF0E8, 0xF0E8, 0xF0E8, 0xF0E8, 0xF0E8, 0xF0E8, 0xF0E8, 0xF0E8, 0xF0E8, 0xF0E8, 0xF0E8, 0xF0E8, 0xF0E8, 
  0xF0E8, 0xF0E8, 0xF0E8, 0xF0E8, 0xF0E8, 0xF0E8, 0xF0E8, 0xF0E8, 0xF0E8, 0xF0E8, 0xF0E8, 0xF0E8, 0xF0E8, 0xF0E8, 0xF0E8, 0x10E9, 
  0x10E9, 0xEFE8, 0xF0E8, 0xF0E8, 0xF0E8, 0xF0E8, 0xF0E8, 0xF0E8, 0xF0E8, 0xF0E8, 0xF0E8, 0xF0E8, 0xF0E8, 0xF0E8, 0xF0E8, 0xF0E8, 
  0xF0E8, 0xF0E8, 0xF0E8, 0xF0E8, 0xF0E8, 0xF0E8, 0xF0E8, 0xF0E8, 0xF0E8, 0xF0E8, 0xF0E8, 0xF0E8, 0xF0E8, 0xF0E8, 0xF0E8, 0xF0E8, 
  0xF0E8, 0xF0E8, 0xF0E8, 0xF0E8, 0xF0E8, 0xEFE8, 0x0EE9, 0xA7D8, 0xA3D8, 0xC2C8, 0x87EC, 0x0AEF, 0x67BD, 0x49D6, 0x2AF7, 0xC9C5, 
  0xE018, 0x8008, 0x6131, 0x49B5, 0x889C, 0x6010, 0xA018, 0x8118, 0xA018, 0xA79C, 0x4BF7, 0x2AF7, 0xC9C5, 0xA018, 0x8010, 0xA118, 
  0x4329, 0xA018, 0xA010, 0xA010, 0xA010, 0xA010, 0xA010, 0xA010, 0xA010, 0xA010, 0xA018, 0xA018, 0xA010, 0xA018, 0xA010, 0xA010, 
  0xA010, 0xA010, 0xA010, 0xA010, 0xA010, 0xA010, 0xA010, 0xA018, 0x8010, 0x0021, 0x2BD6, 0x29D6, 0x6BDE, 0x6131, 0x6010, 0xA010, 
  0xA018, 0xE120, 0x2221, 0x8010, 0xA018, 0xA010, 0x8018, 0xA018, 0xA010, 0xC018, 0x2229, 0x4229, 0x2129, 0x8010, 0xA018, 0xA018, 
  0xA018, 0x8010, 0xA010, 0xA018, 0xA018, 0xA010, 0xA010, 0xA010, 0xA010, 0xA018, 0xA010, 0xA018, 0xA018, 0xA010, 0xA010, 0xA010, 
  0xA010, 0xA010, 0xA010, 0xA010, 0xA010, 0xA018, 0xA010, 0xA018, 0xA010, 0xA010, 0xA010, 0xA010, 0xA018, 0xA010, 0xA010, 0xA018, 
  0xA010, 0xA010, 0xA010, 0x8010, 0xA018, 0x2221, 0x4008, 0x4573, 0x4CF7, 0xE9EE, 0x4BF7, 0x889C, 0x8010, 0xA018, 0xA018, 0xA018, 
  0x4008, 0x6573, 0xADFF, 0x256B, 0xA118, 0x256B, 0xCBDE, 0x4AF7, 0x68BD, 0xE041, 0x48B5, 0xEAEE, 0xC7E4, 0xE2C8, 0x84D8, 0xEBE0, 
  0x0FE9, 0x10E9, 0xEFE8, 0xF0E8, 0xF0E8, 0xF0E8, 0xF0E8, 0xF0E8, 0xF0E8, 0xF0E8, 0xF0E8, 0xF0E8, 0xF0E8, 0xF0E8, 0xF0E8, 0xF0E8, 
  0xF0E8, 0xF0E8, 0xF0E8, 0xF0E8, 0xF0E8, 0xF0E8, 0xF0E0, 0xF0E8, 0xF0E8, 0xF0E8, 0xF0E8, 0xF0E8, 0xF0E8, 0xF0E8, 0xF0E8, 0xF0E8, 
  0xF0E8, 0xF0E8, 0xF0E8, 0xF0E8, 0xF0E8, 0xF0E8, 0xF0E8, 0xF0E8, 0xF0E8, 0xF0E8, 0xF0E8, 0xF0E8, 0xF0E8, 0xF0E8, 0xF0E8, 0xF0E8, 
  0xF0E8, 0xF0E8, 0xF0E8, 0xF0E8, 0xF0E8, 0xF0E8, 0xF0E8, 0xF0E8, 0xF0E8, 0xF0E8, 0xF0E8, 0xF0E8, 0xF0E8, 0xF0E8, 0xF0E8, 0x10E9, 
  0x10E9, 0xEFE8, 0xF0E8, 0xF0E8, 0xF0E8, 0xF0E8, 0xF0E8, 0xF0E8, 0xF0E8, 0xF0E8, 0xF0E8, 0xF0E8, 0xF0E8, 0xF0E8, 0xF0E8, 0xF0E8, 
  0xF0E8, 0xF0E8, 0xF0E8, 0xF0E8, 0xF0E8, 0xF0E8, 0xF0E8, 0xF0E8, 0xF0E8, 0xF0E8, 0xF0E8, 0xF0E8, 0xF0E8, 0xF0E8, 0xF0E8, 0xF0E8, 
  0xF0E8, 0xF0E8, 0xF0E8, 0xF0E8, 0xF0E8, 0xF0E8, 0xECE0, 0xA4D8, 0xA2D0, 0x82C9, 0x0AF6, 0xA9E6, 0x68DE, 0xC9E6, 0x0AEF, 0xABDE, 
  0x8131, 0x2000, 0xE683, 0xCDFF, 0xCBE6, 0x8239, 0x6010, 0xA118, 0xA018, 0x49B5, 0x4AF7, 0x4BF7, 0x48B5, 0xA018, 0xA018, 0xA018, 
  0xC118, 0xA010, 0xA018, 0xA010, 0xA010, 0xA010, 0xA010, 0xA018, 0xA018, 0xA018, 0xA018, 0xA010, 0xA018, 0xA010, 0xA010, 0xA010, 
  0xA010, 0xA018, 0x8010, 0x8010, 0xA010, 0xA010, 0xA010, 0xA018, 0x8010, 0x4129, 0x2BD6, 0x09CE, 0x2BD6, 0x0021, 0xC118, 0x2229, 
  0xC118, 0xC018, 0xA018, 0xA010, 0xA010, 0xA010, 0xA018, 0xA018, 0x8010, 0xE120, 0xCC9C, 0xE341, 0x4231, 0x8010, 0xA018, 0x8010, 
  0x8018, 0x8018, 0xA010, 0xA010, 0xA010, 0xA010, 0xA018, 0xA010, 0xA010, 0xA018, 0xA010, 0xA010, 0xA010, 0xA010, 0xA018, 0xA018, 
  0xA010, 0xA010, 0xA010, 0xA010, 0xA010, 0xA010, 0xA018, 0x8010, 0xA010, 0xA018, 0xA010, 0xA010, 0xA010, 0xA010, 0xA010, 0xA018, 
  0xA010, 0xA010, 0xA010, 0xA010, 0xA018, 0xC118, 0x6010, 0x024A, 0xEBE6, 0x0AEF, 0x4BF7, 0xC8A4, 0x6010, 0xA010, 0xA018, 0xA018, 
  0x6008, 0xE241, 0x6EF7, 0x278C, 0x2008, 0x6794, 0x4BF7, 0x09EF, 0xCBE6, 0x4373, 0x89BD, 0xE9E6, 0x29F6, 0xE2C9, 0x83D0, 0xC9E0, 
  0x0FE9, 0x10E1, 0xF0E8, 0xF0E8, 0xF0E8, 0xF0E8, 0xF0E8, 0xF0E8, 0xF0E8, 0xF0E8, 0xF0E8, 0xF0E8, 0xF0E8, 0xF0E8, 0xF0E8, 0xF0E8, 
  0xF0E8, 0xF0E8, 0xF0E8, 0xF0E8, 0xF0E8, 0xF0E8, 0xF0E8, 0xF0E8, 0xF0E8, 0xF0E8, 0xF0E8, 0xF0E8, 0xF0E8, 0xF0E8, 0xF0E8, 0xF0E8, 
  0xF0E8, 0xF0E8, 0xF0E8, 0xF0E8, 0xF0E8, 0xF0E8, 0xF0E8, 0xF0E8, 0xF0E8, 0xF0E8, 0xF0E8, 0xF0E8, 0xF0E8, 0xF0E8, 0xF0E8, 0xF0E8, 
  0xF0E8, 0xF0E8, 0xF0E8, 0xF0E8, 0xF0E8, 0xF0E8, 0xF0E8, 0xF0E8, 0xF0E8, 0xF0E8, 0xF0E8, 0xF0E8, 0xF0E8, 0xF0E8, 0xF0E8, 0x10E9, 
  0x10E9, 0xF0E8, 0xF0E8, 0xF0E8, 0xF0E8, 0xF0E8, 0xF0E8, 0xF0E8, 0xF0E8, 0xF0E8, 0xF0E8, 0xF0E8, 0xF0E8, 0xF0E8, 0xF0E8, 0xF0E8, 
  0xF0E8, 0xF0E8, 0xF0E8, 0xF0E8, 0xF0E8, 0xF0E8, 0xF0E8, 0xF0E8, 0xF0E8, 0xF0E8, 0xF0E8, 0xF0E8, 0xF0E8, 0xF0E8, 0xF0E8, 0xF0E8, 
  0xF0E8, 0xF0E8, 0xF0E8, 0xF0E8, 0xF0E8, 0x0FE9, 0xC9D8, 0xA3D8, 0xA2D0, 0xA4D2, 0xCBFE, 0x4BF7, 0x2AF7, 0x0AEF, 0x2AEF, 0xEBE6, 
  0xC241, 0x6010, 0x69B5, 0x6BFF, 0x6BDE, 0x4131, 0x8010, 0xA018, 0xA018, 0x69B5, 0x4AF7, 0x4BF7, 0xE7A4, 0xA010, 0xA118, 0xA018, 
  0x8010, 0xA010, 0xA018, 0x8010, 0xA010, 0xA010, 0xA010, 0xA010, 0xA010, 0xA018, 0xA018, 0xA018, 0xA010, 0xA010, 0xA010, 0xA010, 
  0xA018, 0xA018, 0xA010, 0xA018, 0xA010, 0xA010, 0xA010, 0xA018, 0x8010, 0x6129, 0x6BD6, 0xC7C5, 0x4BD6, 0x2029, 0xA010, 0xE120, 
  0x8010, 0xA010, 0x8010, 0xA010, 0xA010, 0x8010, 0x8010, 0x8018, 0x8010, 0x0121, 0x8BB5, 0xC65A, 0x6331, 0x8010, 0xA118, 0xA018, 
  0xA018, 0xA018, 0xA018, 0xA010, 0xA010, 0xA010, 0xA010, 0xA010, 0xA010, 0xA010, 0xA010, 0xA010, 0xA010, 0xA010, 0xA018, 0xA018, 
  0xA010, 0xA010, 0xA010, 0xA010, 0xA010, 0xA018, 0xA010, 0xA010, 0xA010, 0xA018, 0xA018, 0xA010, 0xA010, 0xA010, 0xA010, 0xA018, 
  0xA010, 0xA010, 0xA018, 0xA010, 0xA018, 0x8018, 0x8010, 0xA139, 0x8ADE, 0x0AEF, 0x4BF7, 0xC8A4, 0x6010, 0xA010, 0xA018, 0x8010, 
  0x8010, 0xC020, 0x0BCE, 0x8894, 0x2008, 0xE8AC, 0x6BF7, 0xE9EE, 0x4BF7, 0x68BD, 0xE9CD, 0x2BEF, 0xCBF6, 0x25D3, 0x82C8, 0xA6D8, 
  0x0EE9, 0x10E1, 0xF0E8, 0xF0E8, 0xF0E8, 0xF0E8, 0xF0E8, 0xF0E8, 0xF0E8, 0xF0E8, 0xF0E8, 0xF0E8, 0xF0E8, 0xF0E8, 0xF0E8, 0xF0E8, 
  0xF0E0, 0xF0E0, 0xF0E8, 0xF0E8, 0xF0E8, 0xF0E8, 0xF0E8, 0xF0E8, 0xF0E8, 0xF0E8, 0xF0E8, 0xF0E8, 0xF0E8, 0xF0E8, 0xF0E8, 0xF0E8, 
  0xF0E8, 0xF0E8, 0xF0E8, 0xF0E8, 0xF0E8, 0xF0E8, 0xF0E8, 0xF0E8, 0xF0E8, 0xF0E8, 0xF0E8, 0xF0E8, 0xF0E8, 0xF0E8, 0xF0E8, 0xF0E8, 
  0x10E9, 0xF0E8, 0xF0E8, 0xF0E8, 0xF0E8, 0xF0E8, 0xF0E8, 0xF0E8, 0xF0E8, 0xF0E8, 0xF0E8, 0xF0E8, 0xF0E8, 0xF0E8, 0xF0E8, 0x10E9, 
  0x10E9, 0xF0E8, 0xF0E8, 0xF0E8, 0x10E9, 0xF0E8, 0xF0E8, 0xF0E8, 0xF0E8, 0xF0E8, 0xF0E8, 0xF0E8, 0xF0E8, 0xF0E8, 0xF0E8, 0xF0E8, 
  0xF0E8, 0xF0E8, 0xF0E8, 0xF0E8, 0xF0E8, 0xF0E8, 0xF0E8, 0xF0E8, 0xF0E8, 0xF0E8, 0xF0E8, 0xF0E8, 0xF0E8, 0xF0E8, 0xF0E8, 0xF0E8, 
  0xF0E8, 0xF0E8, 0xF0E8, 0xF0E8, 0xF0E8, 0x0EE9, 0xA6D8, 0xA3D8, 0xA2C8, 0x06E4, 0xEBF6, 0x67BD, 0x8ADE, 0x0AEF, 0xE9EE, 0x2BEF, 
  0x845A, 0x4010, 0xCAC5, 0xCCFF, 0x09A5, 0x6010, 0xA018, 0x8010, 0xC018, 0x08A5, 0x2BF7, 0x4BF7, 0x8794, 0x4008, 0x8010, 0xA018, 
  0xA010, 0xA010, 0xA018, 0xA010, 0xA010, 0xA018, 0xA010, 0xA010, 0x8010, 0xA010, 0xA010, 0xA010, 0xA010, 0xA010, 0xA010, 0xA010, 
  0xA010, 0xA018, 0xA018, 0xA018, 0xA010, 0xA010, 0x8010, 0xA010, 0x8010, 0x4129, 0x2BCE, 0xC8C5, 0x0BCE, 0x0121, 0x8010, 0x8018, 
  0xA018, 0xA018, 0xA010, 0xA018, 0xC018, 0x0121, 0xA65A, 0x4229, 0x6010, 0x0121, 0x6ED6, 0x635A, 0x8010, 0xA018, 0xA018, 0xA010, 
  0xA010, 0xA018, 0xA010, 0xA010, 0x8010, 0x8010, 0xA010, 0xA010, 0xA010, 0xA010, 0xA010, 0xA010, 0xA010, 0xA010, 0x8010, 0xA018, 
  0xA010, 0xA010, 0xA010, 0xA010, 0xA010, 0xA018, 0xA018, 0xA018, 0xA018, 0xA010, 0xA018, 0xA010, 0xA010, 0xA010, 0xA010, 0xA018, 
  0xA010, 0xA010, 0x8010, 0xA018, 0xA010, 0xA018, 0x8018, 0xA018, 0x28AD, 0x2AF7, 0x4BF7, 0x49B5, 0x6010, 0xE018, 0x0021, 0xC239, 
  0xC339, 0x8018, 0x89BD, 0xA894, 0xE020, 0x6BD6, 0x2AF7, 0xEAEE, 0x2AEF, 0x89DE, 0x28CE, 0x0AEF, 0x89E6, 0x87E4, 0xE1C8, 0xA4D8, 
  0xECE0, 0x0FE9, 0xF0E0, 0xF0E0, 0xF0E8, 0xF0E8, 0xF0E8, 0xF0E8, 0xF0E8, 0xF0E8, 0xF0E8, 0xF0E8, 0xF0E8, 0xF0E8, 0xF0E8, 0xF0E0, 
  0xF0E8, 0xF0E8, 0xF0E8, 0xF0E8, 0xF0E8, 0xF0E8, 0xF0E8, 0xF0E8, 0xF0E8, 0xF0E8, 0xF0E8, 0xF0E8, 0xF0E8, 0xF0E8, 0xF0E8, 0xF0E8, 
  0xF0E8, 0xF0E8, 0xF0E8, 0xF0E8, 0xF0E8, 0xF0E8, 0xF0E8, 0xF0E8, 0xF0E8, 0xF0E8, 0xF0E8, 0xF0E8, 0xF0E8, 0xF0E8, 0xF0E8, 0xF0E8, 
  0xF0E8, 0xF0E8, 0xF0E8, 0xF0E8, 0xF0E8, 0xF0E8, 0xF0E8, 0xF0E8, 0xF0E8, 0xF0E8, 0xF0E8, 0xF0E8, 0xF0E8, 0xF0E8, 0xF0E8, 0x10E9, 
  0x10E9, 0xF0E8, 0xF0E8, 0xF0E8, 0xF0E8, 0xF0E8, 0xF0E8, 0xF0E8, 0xF0E8, 0xF0E8, 0xF0E8, 0xF0E8, 0xF0E8, 0xF0E8, 0xF0E8, 0xF0E8, 
  0xF0E8, 0xF0E8, 0xF0E8, 0xF0E8, 0xF0E8, 0xF0E8, 0xF0E8, 0xF0E8, 0xF0E8, 0xF0E8, 0xF0E8, 0xF0E8, 0xF0E8, 0xF0E8, 0xF0E8, 0xF0E8, 
  0xF0E8, 0xF0E8, 0xF0E8, 0xF0E8, 0xF0E8, 0xECE0, 0xA4D0, 0xA3D8, 0xE2C8, 0x28F5, 0x8ADE, 0x036B, 0xA69C, 0x4BF7, 0xE9EE, 0x4CF7, 
  0x0563, 0x0008, 0xE783, 0xEAC5, 0x0142, 0x6010, 0xA018, 0xA110, 0x8018, 0xE583, 0x2BF7, 0x4CF7, 0xA67B, 0x6010, 0xE441, 0xC018, 
  0x8010, 0xA010, 0xA010, 0xA018, 0xA010, 0xA010, 0x8010, 0xC118, 0x0221, 0x8010, 0xA018, 0xA018, 0xA010, 0xA010, 0xA010, 0xA010, 
  0xA010, 0xC118, 0xA018, 0xA010, 0xA018, 0xA018, 0xA010, 0xA018, 0x8018, 0x2129, 0x8ABD, 0x67B5, 0xEBC5, 0xC020, 0x8010, 0xA018, 
  0xA010, 0xA010, 0xA010, 0xA018, 0xE120, 0xE120, 0x8231, 0xC120, 0x8010, 0x2129, 0x0BCE, 0x2794, 0xC65A, 0x4008, 0xA018, 0xC018, 
  0xA018, 0xA010, 0xA010, 0xA010, 0xA018, 0xC018, 0xA010, 0xA018, 0xA010, 0xA010, 0xA018, 0xA010, 0xA010, 0xA010, 0xA010, 0xA010, 
  0xA018, 0xA018, 0xA010, 0xA018, 0xA010, 0xA018, 0xA018, 0xA010, 0xA010, 0xA010, 0xA010, 0xA010, 0xA010, 0xA010, 0xA010, 0xA010, 
  0xA010, 0xA010, 0xA010, 0xA018, 0xA010, 0xA018, 0xA118, 0x6010, 0xE683, 0x4BF7, 0x4BF7, 0xC8A4, 0x6010, 0xC118, 0x034A, 0xA89C, 
  0xE683, 0xE583, 0x2CEF, 0x28AD, 0x6352, 0x0BEF, 0x0AEF, 0x0AEF, 0x0AEF, 0xCAE6, 0xA7BD, 0x0AEF, 0xC9E6, 0xEAF5, 0xA2C9, 0x83D0, 
  0xCAE0, 0x0FE9, 0xF0E8, 0xF0E8, 0xF0E8, 0xF0E8, 0xF0E8, 0xF0E8, 0xF0E8, 0xF0E8, 0xF0E8, 0xF0E8, 0xF0E8, 0xF0E8, 0xF0E8, 0xF0E8, 
  0xF0E8, 0xF0E8, 0xF0E8, 0xF0E8, 0xF0E8, 0xF0E8, 0xF0E8, 0xF0E8, 0xF0E8, 0xF0E8, 0xF0E8, 0xF0E8, 0xF0E8, 0xF0E8, 0xF0E8, 0xF0E8, 
  0xF0E8, 0xF0E8, 0xF0E8, 0xF0E8, 0xF0E8, 0xF0E8, 0xF0E8, 0xF0E8, 0xF0E8, 0xF0E8, 0xF0E0, 0xF0E8, 0xF0E8, 0xF0E8, 0xF0E8, 0xF0E8, 
  0xF0E8, 0xF0E8, 0xF0E8, 0xF0E8, 0xF0E8, 0xF0E8, 0xF0E8, 0xF0E8, 0xF0E8, 0xF0E8, 0xF0E8, 0xF0E8, 0xF0E8, 0xF0E8, 0xF0E0, 0x10E9, 
  0x10E9, 0xF0E0, 0xF0E8, 0xF0E8, 0xF0E8, 0xF0E8, 0xF0E8, 0xF0E8, 0xF0E8, 0xF0E8, 0xF0E8, 0xF0E8, 0xF0E8, 0xF0E8, 0xF0E8, 0xF0E8, 
  0xF0E8, 0xF0E8, 0xF0E8, 0xF0E8, 0xF0E8, 0xF0E8, 0xF0E8, 0xF0E8, 0xF0E8, 0xF0E8, 0xF0E8, 0xF0E8, 0xF0E8, 0xF0E8, 0xF0E8, 0xF0E8, 
  0xF0E8, 0xF0E8, 0x10E9, 0xF0E8, 0x10E9, 0xCAE0, 0xA3D0, 0xA3D0, 0x83C9, 0x2AFE, 0x4AD6, 0x8352, 0xC7A4, 0x4BF7, 0x0AEF, 0xCBE6, 
  0xE241, 0x6010, 0x6010, 0x078C, 0xA89C, 0x8018, 0xA010, 0xC018, 0x4008, 0x224A, 0xEBEE, 0x6CF7, 0xE462, 0x4008, 0x6331, 0xC018, 
  0x8010, 0xA010, 0xA010, 0xA010, 0xA010, 0xA018, 0xA010, 0xA018, 0xA018, 0xA018, 0xA018, 0xA018, 0xA010, 0xA010, 0xA010, 0xA010, 
  0xA010, 0xA010, 0xA018, 0xA010, 0xA018, 0xA018, 0x8018, 0x8018, 0x2229, 0xA339, 0xAABD, 0x88BD, 0xCBC5, 0xA018, 0xE120, 0x2129, 
  0xA010, 0xA018, 0xA010, 0xA018, 0xA018, 0xA018, 0x4329, 0xE120, 0x6008, 0xA239, 0x8BDE, 0xCBE6, 0xE9A4, 0x6010, 0xA018, 0xA018, 
  0xA018, 0xA018, 0xA010, 0xA010, 0xA018, 0xA018, 0xA010, 0xA018, 0xA018, 0xA010, 0xA010, 0xA010, 0xA010, 0xA010, 0xA010, 0xA010, 
  0xA010, 0xA018, 0xA010, 0xA018, 0xA010, 0xA018, 0xA010, 0xA010, 0xA018, 0xA018, 0xA010, 0xA018, 0xA010, 0xA010, 0xA010, 0xA018, 
  0xA018, 0xA010, 0xA018, 0xA018, 0xA010, 0xA010, 0xA018, 0x4008, 0x256B, 0x2BEF, 0x6BF7, 0x278C, 0x4008, 0xE118, 0xA67B, 0xE9C5, 
  0xC483, 0xC9C5, 0x6BF7, 0x09CE, 0x6352, 0xAAE6, 0x0AEF, 0x09EF, 0x09EF, 0x2BEF, 0x06AD, 0x6ADE, 0x89DE, 0xAAF6, 0xA4D2, 0x82D0, 
  0xC7D8, 0x0FE9, 0xF0E8, 0xF0E8, 0xF0E8, 0xF0E8, 0xF0E8, 0xF0E8, 0xF0E8, 0xF0E8, 0xF0E8, 0xF0E8, 0xF0E8, 0xF0E8, 0xF0E8, 0xF0E8, 
  0xF0E8, 0xF0E8, 0xF0E8, 0xF0E8, 0xF0E8, 0xF0E8, 0xF0E8, 0xF0E8, 0xF0E8, 0xF0E8, 0xF0E8, 0xF0E8, 0xF0E8, 0xF0E8, 0xF0E8, 0xF0E8, 
  0xF0E8, 0xF0E8, 0xF0E8, 0xF0E8, 0xF0E8, 0xF0E8, 0xF0E8, 0xF0E8, 0xF0E8, 0xF0E8, 0xF0E8, 0xF0E8, 0xF0E8, 0xF0E8, 0xF0E8, 0xF0E8, 
  0xF0E8, 0xF0E8, 0xF0E8, 0xF0E8, 0xF0E8, 0xF0E8, 0xF0E8, 0xF0E8, 0xF0E8, 0xF0E8, 0xF0E8, 0xF0E8, 0xF0E8, 0xF0E8, 0xF0E0, 0x10E9, 
  0x10E9, 0xF0E0, 0xF0E8, 0xF0E8, 0xF0E8, 0xF0E8, 0xF0E8, 0xF0E8, 0x10E9, 0xF0E8, 0xF0E8, 0xF0E8, 0xF0E8, 0xF0E8, 0xF0E8, 0xF0E8, 
  0xF0E8, 0xF0E8, 0xF0E8, 0xF0E8, 0xF0E8, 0xF0E8, 0xF0E8, 0xF0E8, 0xF0E8, 0xF0E8, 0xF0E8, 0xF0E8, 0xF0E8, 0xF0E8, 0xF0E8, 0xF0E8, 
  0xF0E8, 0xF0E8, 0x10E9, 0xF0E8, 0x0FE9, 0xC7D8, 0xA3D8, 0x82D0, 0x64D2, 0xABF6, 0xE9C5, 0x6252, 0x6794, 0x4AF7, 0x2AF7, 0x2AD6, 
  0x2029, 0x6010, 0x8239, 0x8BDE, 0x8CF7, 0xA67B, 0x6010, 0xC018, 0x8010, 0x0021, 0xA9BD, 0xACFF, 0xE583, 0x4008, 0x8010, 0xA018, 
  0xA018, 0xA010, 0xA010, 0xA010, 0xA010, 0xA010, 0xA018, 0xA018, 0x8010, 0xA010, 0xA010, 0xA010, 0xA010, 0xA018, 0xA010, 0xA010, 
  0x8010, 0xA010, 0xA018, 0xA010, 0x8010, 0xA018, 0xA018, 0xC118, 0x0121, 0x4231, 0x8ABD, 0xCBDE, 0x49B5, 0x6010, 0x4229, 0x2229, 
  0xA018, 0xA010, 0x8010, 0xC018, 0xE120, 0xA018, 0xA118, 0xA018, 0x8010, 0x4129, 0x8BDE, 0x4BF7, 0xC8A4, 0x6010, 0xA018, 0x8010, 
  0xA018, 0xA010, 0xA010, 0xA010, 0xA010, 0xA010, 0xA010, 0xA010, 0xA010, 0xA010, 0xA010, 0xA010, 0xA018, 0xA018, 0x8010, 0x4329, 
  0x2229, 0x8010, 0x8010, 0xA018, 0xA010, 0xA010, 0xA010, 0xA010, 0xA010, 0xA010, 0xA010, 0xA018, 0xA010, 0xA010, 0xA010, 0xA010, 
  0xA010, 0xA010, 0xA010, 0xA018, 0xA010, 0xA010, 0xA018, 0x4008, 0x4352, 0x2BEF, 0x2AF7, 0xEAC5, 0xC018, 0x4129, 0x478C, 0x6BD6, 
  0x859C, 0xE8C5, 0x4BF7, 0xABDE, 0xA35A, 0x4AD6, 0x2AEF, 0x09EF, 0x0AEF, 0x4AF7, 0x88BD, 0x09CE, 0xA7BD, 0x4ADE, 0xE6DB, 0xA2C8, 
  0xA5D8, 0xEDE8, 0xF0E8, 0xF0E8, 0xF0E8, 0xF0E8, 0xF0E8, 0xF0E8, 0xF0E8, 0xF0E8, 0xF0E8, 0xF0E8, 0xF0E8, 0xF0E8, 0xF0E8, 0xF0E8, 
  0xF0E8, 0xF0E8, 0xF0E8, 0xF0E8, 0xF0E8, 0xF0E8, 0xF0E8, 0xF0E8, 0xF0E8, 0xF0E8, 0xF0E8, 0xF0E8, 0xF0E8, 0xF0E8, 0xF0E8, 0xF0E8, 
  0xF0E8, 0xF0E8, 0xF0E8, 0xF0E8, 0xF0E8, 0xF0E8, 0xF0E8, 0xF0E8, 0xF0E8, 0xF0E8, 0xF0E8, 0xF0E8, 0xF0E8, 0xF0E8, 0xF0E8, 0xF0E8, 
  0xF0E8, 0xF0E8, 0xF0E8, 0xF0E8, 0xF0E8, 0xF0E8, 0xF0E8, 0xF0E8, 0xF0E8, 0xF0E8, 0xF0E8, 0xF0E8, 0xF0E8, 0xF0E8, 0xF0E8, 0x10E9, 
  0x10E9, 0xF0E8, 0xF0E8, 0xF0E8, 0xF0E8, 0xF0E8, 0xF0E8, 0xF0E8, 0xF0E8, 0xF0E8, 0x10E9, 0xF0E8, 0xF0E8, 0xF0E8, 0xF0E8, 0xF0E8, 
  0xF0E8, 0xF0E8, 0xF0E8, 0xF0E8, 0xF0E8, 0xF0E8, 0xF0E8, 0xF0E8, 0xF0E8, 0xF0E8, 0xF0E8, 0xF0E8, 0xF0E8, 0xF0E8, 0xF0E8, 0xF0E8, 
  0xF0E8, 0xF0E8, 0xEFE8, 0xF0E8, 0xEEE8, 0xA5D8, 0xC3D8, 0xA2C8, 0x85D3, 0xCAEE, 0x0ACE, 0xE241, 0x857B, 0x4AF7, 0x4AF7, 0x49B5, 
  0xC018, 0x4008, 0x6573, 0x6BF7, 0x0AEF, 0x8CDE, 0x6131, 0x8010, 0xA018, 0x4008, 0x4573, 0x8DFF, 0x48AD, 0x8010, 0xA018, 0xA010, 
  0xA010, 0xA018, 0xA010, 0xA010, 0xA018, 0xA010, 0xA010, 0xA010, 0xA010, 0xA010, 0xA010, 0xA010, 0xA010, 0xA010, 0xA018, 0xA010, 
  0xA018, 0xA010, 0xA010, 0xA018, 0xA010, 0xA018, 0xA018, 0xA018, 0xE120, 0xC018, 0xA7A4, 0x09CE, 0x49B5, 0x4010, 0xC118, 0xC018, 
  0x8010, 0xA018, 0xA018, 0xA018, 0xA018, 0x0121, 0x6231, 0x6231, 0xA018, 0xE241, 0xCBE6, 0x6BFF, 0xC7A4, 0x6008, 0xA118, 0xA010, 
  0xE120, 0x4229, 0x8010, 0xA018, 0xA010, 0xA018, 0xA010, 0xA010, 0xA018, 0xA010, 0xA010, 0xA010, 0xA018, 0xA010, 0xA010, 0xA018, 
  0xA018, 0xC118, 0x0221, 0x8010, 0xA010, 0xA010, 0xA018, 0xA010, 0xA010, 0xA018, 0xA010, 0xA018, 0xA018, 0xA018, 0xA010, 0xA018, 
  0xA018, 0xA018, 0xA010, 0xA018, 0xA010, 0xA010, 0xA018, 0x6010, 0x8139, 0xABDE, 0x2AF7, 0xEAE6, 0x8573, 0x6473, 0x869C, 0x88B5, 
  0x48B5, 0xA8C5, 0x2AEF, 0xEBE6, 0xC141, 0xA67B, 0x6CF7, 0xE9EE, 0xEAEE, 0x2AEF, 0xC8C5, 0x88BD, 0x2ACE, 0xA6A4, 0x09E5, 0x22C9, 
  0x84D0, 0xEAE0, 0x10E9, 0xF0E8, 0xF0E8, 0xF0E8, 0xF0E8, 0xF0E8, 0xF0E8, 0xF0E8, 0xF0E8, 0xF0E8, 0xF0E8, 0xF0E8, 0xF0E8, 0xF0E8, 
  0xF0E8, 0xF0E8, 0xF0E8, 0xF0E8, 0xF0E8, 0xF0E8, 0xF0E8, 0xF0E8, 0xF0E8, 0xF0E8, 0xF0E8, 0xF0E8, 0xF0E8, 0xF0E8, 0xF0E8, 0xF0E8, 
  0xF0E8, 0xF0E8, 0xF0E8, 0xF0E8, 0xF0E8, 0xF0E8, 0xF0E8, 0xF0E8, 0xF0E8, 0xF0E8, 0xF0E8, 0xF0E8, 0xF0E8, 0xF0E8, 0xF0E8, 0xF0E8, 
  0xF0E8, 0xF0E8, 0xF0E8, 0xF0E8, 0xF0E8, 0xF0E8, 0xF0E8, 0xF0E8, 0xF0E8, 0xF0E8, 0xF0E8, 0xF0E8, 0xF0E8, 0xF0E8, 0xF0E8, 0x10E9, 
  0x10E9, 0xF0E8, 0xF0E8, 0xF0E8, 0xF0E0, 0xF0E0, 0xF0E8, 0xF0E8, 0xF0E8, 0xF0E8, 0xF0E8, 0xF0E8, 0xF0E8, 0xF0E8, 0xF0E8, 0xF0E8, 
  0xF0E8, 0xF0E8, 0xF0E8, 0xF0E8, 0xF0E8, 0xF0E8, 0xF0E8, 0xF0E8, 0xF0E8, 0xF0E8, 0xF0E8, 0xF0E8, 0xF0E8, 0xF0E8, 0xF0E8, 0xF0E8, 
  0xF0E8, 0xF0E8, 0x10E9, 0xF0E8, 0xECE8, 0xA4D8, 0xA4D8, 0xC2C8, 0x88DC, 0x2BF7, 0x89BD, 0xC018, 0xE362, 0x0BEF, 0x4BF7, 0x879C, 
  0xA018, 0x4010, 0xA57B, 0x6BF7, 0xE9EE, 0x0BEF, 0x2342, 0x6008, 0xA018, 0x6008, 0xC241, 0x2DEF, 0x68B5, 0x0021, 0x8010, 0xA010, 
  0xA010, 0xA010, 0xA018, 0xA010, 0xA010, 0xA018, 0xA010, 0xA010, 0xA010, 0xA018, 0xA010, 0xA010, 0xA018, 0xA018, 0xA018, 0xA010, 
  0xA010, 0xA018, 0xA010, 0xA018, 0xC018, 0xA018, 0xA018, 0x8010, 0x8010, 0xA018, 0x09AD, 0x29CE, 0x4AB5, 0x4010, 0xA018, 0xA018, 
  0xA018, 0xA018, 0x8010, 0xC118, 0x4229, 0x6010, 0x0442, 0x6552, 0x2008, 0x434A, 0xECEE, 0x4BF7, 0x89B5, 0x8010, 0xA018, 0xA018, 
  0xC018, 0x8652, 0x0121, 0x8010, 0xA018, 0xA010, 0xA010, 0xA010, 0xA010, 0xA018, 0xA018, 0xA010, 0xA018, 0xA010, 0xA010, 0xA010, 
  0x8010, 0xC118, 0x0221, 0x8010, 0xA018, 0xA010, 0xA010, 0xA010, 0xA010, 0xA010, 0xA018, 0xA018, 0xA010, 0xA010, 0xA010, 0xA018, 
  0xA010, 0xA010, 0xA010, 0xA018, 0xA010, 0xA010, 0xA018, 0xA010, 0xC020, 0x0BCE, 0x4AF7, 0x0AEF, 0xE8C5, 0xA8BD, 0x88BD, 0x27AD, 
  0x268C, 0x47B5, 0x2AEF, 0x2CF7, 0x6452, 0x4008, 0x69B5, 0x6BF7, 0x0AEF, 0x6AF7, 0x49D6, 0xC683, 0x6894, 0xC583, 0x4BF6, 0xC3C9, 
  0x83D0, 0xC8D8, 0x0FE9, 0xF0E8, 0xF0E8, 0xF0E8, 0xF0E8, 0xF0E8, 0xF0E8, 0xF0E8, 0xF0E8, 0xF0E8, 0xF0E8, 0xF0E8, 0xF0E8, 0xF0E8, 
  0xF0E8, 0xF0E8, 0xF0E8, 0xF0E8, 0xF0E8, 0xF0E8, 0xF0E8, 0xF0E8, 0xF0E8, 0xF0E8, 0xF0E8, 0xF0E8, 0xF0E8, 0xF0E8, 0xF0E8, 0xF0E8, 
  0xF0E8, 0xF0E8, 0xF0E8, 0xF0E8, 0xF0E8, 0xF0E8, 0xF0E8, 0xF0E8, 0xF0E8, 0xF0E8, 0xF0E8, 0xF0E8, 0xF0E8, 0xF0E8, 0xF0E8, 0xF0E8, 
  0xF0E8, 0xF0E8, 0xF0E8, 0xF0E8, 0xF0E8, 0xF0E8, 0xF0E8, 0xF0E8, 0xF0E8, 0xF0E8, 0xF0E8, 0xF0E8, 0xF0E8, 0xF0E8, 0xF0E8, 0x10E9, 
  0x10E9, 0xF0E8, 0xF0E8, 0xF0E8, 0xF0E8, 0xF0E8, 0xF0E8, 0xF0E0, 0xF0E8, 0xF0E8, 0xF0E8, 0xF0E8, 0xF0E8, 0xF0E8, 0xF0E8, 0xF0E8, 
  0xF0E8, 0xF0E8, 0xF0E8, 0xF0E8, 0xF0E8, 0xF0E8, 0xF0E8, 0xF0E8, 0xF0E8, 0xF0E8, 0xF0E8, 0xF0E8, 0xF0E8, 0xF0E8, 0xF0E8, 0xF0E8, 
  0xF0E8, 0x10E9, 0xF0E8, 0x10E9, 0xCBE0, 0xA3D0, 0xA4D8, 0x22C9, 0x69ED, 0xEAE6, 0xAABD, 0x2029, 0xE8A4, 0x4BF7, 0x2BF7, 0xC8A4, 
  0xA010, 0x4008, 0xC583, 0x6BF7, 0xE9EE, 0x0BEF, 0x6352, 0x4008, 0xA018, 0xA010, 0x8010, 0x8AB5, 0x69B5, 0xA018, 0xA010, 0xA018, 
  0xA010, 0xA010, 0xA018, 0xA018, 0xA010, 0xA010, 0xA010, 0xA010, 0xA010, 0xA018, 0xA018, 0xA010, 0xA010, 0xA010, 0xA018, 0xA018, 
  0xA010, 0xA018, 0xA010, 0xA010, 0xA018, 0xA010, 0xA010, 0x0121, 0x0121, 0x8018, 0x29AD, 0x0BEF, 0x889C, 0x4008, 0xC018, 0x8018, 
  0x8018, 0xA018, 0xA018, 0xA018, 0xA018, 0xA018, 0x4229, 0x6231, 0x6010, 0x2129, 0x6BD6, 0x6AFF, 0xA9BD, 0xC018, 0xC018, 0xA010, 
  0xA010, 0xC018, 0xA018, 0xA010, 0xA010, 0xA010, 0xA010, 0xA010, 0xA010, 0xA010, 0xA010, 0xA010, 0xA010, 0xA010, 0xA010, 0xA010, 
  0xA010, 0x8010, 0x8010, 0xA010, 0xA010, 0xA010, 0xA010, 0xA010, 0xA010, 0xA010, 0xA010, 0xA010, 0xA010, 0xA018, 0xA010, 0xA010, 
  0xA010, 0xA010, 0xA010, 0xA018, 0xA018, 0xA010, 0xA018, 0xA010, 0x8010, 0xE8AC, 0x4BF7, 0x0AEF, 0x89DE, 0xA7BD, 0x67B5, 0xE7A4, 
  0x4694, 0x859C, 0xEAE6, 0x2CEF, 0xA45A, 0x2000, 0xE241, 0x6BD6, 0xE9C5, 0xC8C5, 0x2BD6, 0x024A, 0x2129, 0x424A, 0x0ADE, 0xE4D2, 
  0x82C8, 0xA6D8, 0x0DE1, 0xEFE8, 0xEFE8, 0xF0E8, 0xF0E8, 0xF0E8, 0xF0E8, 0xF0E8, 0xF0E8, 0xF0E8, 0xF0E8, 0xF0E8, 0xF0E8, 0xF0E8, 
  0xF0E8, 0xF0E8, 0xF0E8, 0xF0E8, 0xF0E8, 0xF0E8, 0xF0E8, 0xF0E8, 0xF0E8, 0xF0E8, 0xF0E8, 0xF0E8, 0xF0E8, 0xF0E8, 0xF0E8, 0xF0E8, 
  0xF0E8, 0xF0E8, 0xF0E8, 0xF0E8, 0xF0E8, 0xF0E8, 0xF0E8, 0xF0E8, 0xF0E8, 0xF0E8, 0xF0E8, 0xF0E8, 0xF0E8, 0xF0E8, 0xF0E8, 0xF0E8, 
  0xF0E8, 0xF0E8, 0xF0E8, 0xF0E8, 0xF0E8, 0xF0E8, 0xF0E8, 0xF0E8, 0xF0E8, 0xF0E8, 0xF0E8, 0xF0E8, 0xF0E8, 0xF0E8, 0xF0E8, 0x10E9, 
  0x10E9, 0xF0E8, 0xF0E8, 0xF0E8, 0xF0E8, 0xF0E8, 0xF0E8, 0xF0E8, 0xF0E8, 0xF0E8, 0xF0E8, 0xF0E8, 0xF0E8, 0xF0E8, 0xF0E8, 0xF0E8, 
  0xF0E8, 0xF0E8, 0xF0E8, 0xF0E8, 0xF0E8, 0xF0E8, 0xF0E8, 0xF0E0, 0xF0E8, 0xF0E8, 0xF0E8, 0xF0E8, 0xF0E8, 0xF0E8, 0xF0E8, 0xF0E8, 
  0xF0E8, 0xF0E8, 0xF0E8, 0x0FE9, 0xC9E0, 0xA3D8, 0xA3D0, 0xE2C9, 0x0AEE, 0x29CE, 0xC7A4, 0x835A, 0xECE6, 0xC9E6, 0x4BF7, 0xCAC5, 
  0xE118, 0x2008, 0xE683, 0x6BF7, 0xEAEE, 0xCBE6, 0x0242, 0x6010, 0xA018, 0xA018, 0x6010, 0x8352, 0x6673, 0x6010, 0xC118, 0xC118, 
  0xA010, 0xA010, 0xA010, 0xA010, 0xA010, 0xA010, 0xA010, 0xA010, 0xA010, 0xA010, 0xA010, 0xA010, 0xA010, 0xA018, 0xA010, 0xA010, 
  0xA018, 0xA010, 0xA018, 0x8018, 0x8010, 0xA018, 0xA018, 0xE341, 0xE662, 0x2008, 0x879C, 0xEBEE, 0x4794, 0x0000, 0xC339, 0x454A, 
  0x6010, 0x0121, 0x8010, 0xA018, 0xA018, 0xA018, 0xA339, 0x8339, 0xC018, 0x2129, 0x6CD6, 0x6BFF, 0x69BD, 0x6010, 0x0021, 0x0121, 
  0xA018, 0xE120, 0xC120, 0x8010, 0xA010, 0xA010, 0xA010, 0xA010, 0xA018, 0xA018, 0xA010, 0xA010, 0xA010, 0xA010, 0xA010, 0xA010, 
  0xA010, 0xA010, 0xA018, 0xA010, 0xA010, 0xA010, 0xA018, 0xA018, 0xA010, 0xA010, 0xA010, 0xA010, 0xA010, 0xA010, 0xA010, 0xA018, 
  0xA018, 0xA010, 0xA010, 0xA010, 0x8018, 0xA010, 0xA018, 0xA010, 0x8010, 0x07AD, 0x4BF7, 0x09EF, 0xA9DE, 0x47B5, 0x27AD, 0x08AD, 
  0xC8A4, 0x47B5, 0x0AEF, 0xABDE, 0x4131, 0x6010, 0x4008, 0xC462, 0xC241, 0xA018, 0xE662, 0x0342, 0x0121, 0xA239, 0xAAC5, 0x07E4, 
  0xA2C8, 0xA5D8, 0xEBE0, 0xF0E8, 0xF0E8, 0xF0E8, 0xF0E8, 0xF0E8, 0xF0E8, 0xF0E8, 0xF0E8, 0xF0E8, 0xF0E8, 0xF0E8, 0xF0E8, 0xF0E8, 
  0xF0E8, 0xF0E8, 0xF0E8, 0xF0E8, 0xF0E8, 0xF0E8, 0xF0E8, 0xF0E8, 0xF0E8, 0xF0E8, 0xF0E8, 0xF0E8, 0xF0E8, 0xF0E8, 0xF0E8, 0xF0E8, 
  0xF0E8, 0xF0E8, 0xF0E8, 0xF0E8, 0xF0E8, 0xF0E8, 0xF0E8, 0xF0E8, 0xF0E8, 0xF0E8, 0xF0E8, 0xF0E8, 0xF0E8, 0xF0E8, 0xF0E8, 0xF0E8, 
  0xF0E8, 0xF0E8, 0xF0E8, 0xF0E8, 0xF0E8, 0xF0E8, 0xF0E8, 0xF0E8, 0xF0E8, 0xF0E8, 0xF0E8, 0xF0E8, 0xF0E8, 0xF0E8, 0xF0E8, 0x10E9, 
  0x10E9, 0xF0E8, 0xF0E8, 0xF0E8, 0xF0E8, 0xF0E8, 0xF0E8, 0xF0E8, 0xF0E8, 0xF0E8, 0xF0E8, 0xF0E8, 0xF0E8, 0xF0E8, 0xF0E8, 0xF0E8, 
  0xF0E8, 0xF0E8, 0xF0E8, 0xF0E8, 0xF0E8, 0xF0E8, 0xF0E8, 0xF0E8, 0xF0E8, 0xF0E8, 0xF0E8, 0xF0E8, 0xF0E8, 0xF0E8, 0xF0E8, 0xF0E8, 
  0xF0E8, 0xF0E8, 0xF0E8, 0x0FE9, 0xC8E0, 0xA3D0, 0x82C8, 0xC4D2, 0x08DE, 0xAADE, 0xE9AC, 0x0342, 0x8573, 0x49D6, 0x4BF7, 0x2ACE, 
  0xE120, 0x4008, 0xC8A4, 0x6BF7, 0x2AF7, 0x0ACE, 0x0021, 0x8010, 0xA018, 0xA010, 0x8018, 0xA018, 0x8010, 0xA010, 0xA010, 0x8018, 
  0xA010, 0xA010, 0xA010, 0xA010, 0xA010, 0xA010, 0xA010, 0xA010, 0xA018, 0xA010, 0xA010, 0xA018, 0xA010, 0xA018, 0xA010, 0xA010, 
  0xA010, 0x8010, 0xC118, 0x4229, 0xA018, 0x8118, 0x0121, 0xA55A, 0x0563, 0x4229, 0x268C, 0x4BF7, 0xA89C, 0x4008, 0x2121, 0x8331, 
  0x8010, 0xA018, 0xA010, 0xA018, 0x2229, 0xA018, 0xA45A, 0xE883, 0xE020, 0x0121, 0x4BD6, 0x6BFF, 0xAAC5, 0xA018, 0x6773, 0x6552, 
  0x8018, 0x2229, 0xC120, 0x8010, 0xA010, 0xA010, 0xA010, 0xA018, 0xA010, 0xA010, 0xA018, 0xA018, 0xA010, 0xA010, 0xA018, 0xA018, 
  0xA018, 0xA010, 0xA018, 0xA010, 0xA010, 0xA010, 0xA010, 0xA018, 0xA018, 0xA010, 0xA010, 0xA010, 0xA018, 0xA018, 0xA010, 0xA010, 
  0xA018, 0xA018, 0xA018, 0xA010, 0xA018, 0xA010, 0xA118, 0x8010, 0xE020, 0xEBCD, 0x4AF7, 0x09EF, 0xEAE6, 0x67B5, 0xA69C, 0x869C, 
  0x869C, 0xC6A4, 0xEAE6, 0xABDE, 0x2129, 0x4010, 0x446B, 0x0BC6, 0xE241, 0x6008, 0xA018, 0x4231, 0x0121, 0x0129, 0x4794, 0x09E5, 
  0xE2C0, 0xA3D8, 0xC9E0, 0xF0E8, 0xF0E8, 0xF0E8, 0xF0E8, 0xF0E8, 0xF0E8, 0xF0E8, 0xF0E8, 0xF0E8, 0xF0E8, 0xF0E8, 0xF0E8, 0xF0E8, 
  0xF0E8, 0xF0E8, 0xF0E8, 0xF0E8, 0xF0E8, 0xF0E8, 0xF0E8, 0xF0E8, 0xF0E8, 0xF0E8, 0xF0E8, 0xF0E8, 0xF0E8, 0xF0E8, 0xF0E8, 0xF0E8, 
  0xF0E8, 0xF0E8, 0xF0E8, 0xF0E8, 0xF0E8, 0xF0E8, 0xF0E8, 0xF0E8, 0xF0E8, 0xF0E8, 0xF0E8, 0xF0E8, 0xF0E8, 0xF0E8, 0xF0E8, 0xF0E8, 
  0xF0E8, 0xF0E8, 0xF0E8, 0xF0E8, 0xF0E8, 0xF0E8, 0xF0E8, 0xF0E8, 0xF0E8, 0xF0E8, 0xF0E8, 0xF0E8, 0xF0E8, 0xF0E8, 0xF0E8, 0x10E9, 
  0x10E9, 0xF0E8, 0xF0E8, 0xF0E8, 0xF0E8, 0xF0E8, 0xF0E8, 0xF0E8, 0xF0E8, 0xF0E8, 0xF0E8, 0xF0E8, 0x10E9, 0xF0E8, 0xF0E8, 0xF0E8, 
  0xF0E8, 0xF0E8, 0xF0E8, 0xF0E8, 0xF0E8, 0xF0E8, 0xF0E8, 0xF0E8, 0xF0E8, 0xF0E8, 0xF0E8, 0xF0E8, 0xF0E8, 0xF0E8, 0xF0E8, 0xF0E8, 
  0xF0E8, 0xF0E8, 0xF0E8, 0x0EE9, 0xA6D8, 0xC3D8, 0x82C8, 0xA6DB, 0x4ADE, 0x88BD, 0xC683, 0x2008, 0x4129, 0x4AD6, 0x4AF7, 0x6ADE, 
  0x2129, 0x4008, 0xA79C, 0x6BF7, 0x4AF7, 0xA89C, 0x8010, 0xA010, 0xA018, 0xA010, 0xA018, 0xA010, 0xA010, 0xA010, 0xA010, 0x8018, 
  0xA010, 0xA010, 0xA018, 0xA010, 0xA010, 0xA010, 0xA010, 0xA010, 0xA018, 0xA010, 0xA010, 0xA010, 0xA010, 0xA010, 0xA010, 0xA010, 
  0xA010, 0xA010, 0xA018, 0x2229, 0xA018, 0xA018, 0x8231, 0x644A, 0x434A, 0x244A, 0xC67B, 0x8DFF, 0xA57B, 0x4008, 0xA018, 0xA018, 
  0xA018, 0xA018, 0x8010, 0x6010, 0xE220, 0xE020, 0xA89C, 0x4AB5, 0x8018, 0xE120, 0x2BCE, 0x6AFF, 0xA9BD, 0x6229, 0x6673, 0x6231, 
  0x0121, 0xA018, 0x8010, 0xA018, 0xA010, 0x8010, 0xA010, 0xA010, 0xA018, 0x8010, 0xA010, 0xA018, 0xA010, 0xA010, 0xA010, 0xA010, 
  0xA010, 0xA010, 0xA010, 0xA010, 0xA010, 0xA018, 0xA010, 0xA010, 0xA010, 0xA018, 0xA010, 0xA018, 0xA010, 0xA010, 0xA010, 0xA018, 
  0xA010, 0xA010, 0xA010, 0xA010, 0xA018, 0xA010, 0xA018, 0x8010, 0x6131, 0xEACD, 0x2AF7, 0x09EF, 0xCAE6, 0xC7C5, 0x47B5, 0xE7AC, 
  0x6794, 0xC7A4, 0xC9C5, 0x6794, 0x8010, 0xE020, 0x2BCE, 0x8CFF, 0xCAC5, 0xE120, 0x8010, 0xC120, 0x4231, 0x0121, 0x256B, 0xAAED, 
  0x82C9, 0x82D0, 0xA7D8, 0x0FE9, 0xF0E8, 0xF0E8, 0xF0E8, 0xF0E8, 0xF0E8, 0xF0E8, 0xF0E8, 0xF0E8, 0x10E9, 0xF0E8, 0xF0E8, 0xF0E8, 
  0xF0E8, 0xF0E8, 0xF0E8, 0xF0E8, 0xF0E8, 0xF0E8, 0xF0E8, 0xF0E8, 0xF0E8, 0xF0E8, 0xF0E8, 0xF0E8, 0xF0E8, 0xF0E8, 0xF0E8, 0xF0E8, 
  0xF0E8, 0xF0E8, 0xF0E8, 0xF0E8, 0xF0E8, 0xF0E8, 0xF0E8, 0xF0E8, 0xF0E8, 0xF0E8, 0xF0E8, 0xF0E8, 0xF0E8, 0xF0E8, 0xF0E8, 0xF0E8, 
  0xF0E8, 0xF0E8, 0xF0E8, 0xF0E8, 0xF0E8, 0xF0E8, 0xF0E8, 0xF0E8, 0xF0E8, 0xF0E8, 0xF0E8, 0xF0E8, 0xF0E8, 0xF0E8, 0xF0E8, 0x10E9, 
  0x10E9, 0xF0E8, 0xF0E8, 0xF0E8, 0xF0E8, 0xF0E8, 0xF0E8, 0xF0E8, 0xF0E8, 0xF0E8, 0xF0E8, 0xF0E8, 0xF0E8, 0xF0E8, 0xF0E8, 0xF0E8, 
  0xF0E8, 0xF0E8, 0xF0E8, 0xF0E8, 0xF0E8, 0xF0E8, 0xF0E8, 0xF0E8, 0xF0E8, 0xF0E8, 0xF0E8, 0xF0E8, 0xF0E8, 0xF0E8, 0xF0E8, 0xF0E8, 
  0xF0E8, 0xF0E8, 0xF0E8, 0xEDE8, 0xA5D8, 0xC3D8, 0xC1C8, 0xA8E4, 0xC9C5, 0xE58B, 0x845A, 0x6008, 0x2129, 0x0ACE, 0x6BF7, 0xE9C5, 
  0xC018, 0xA018, 0xCBC5, 0x2AF7, 0x4BF7, 0x268C, 0x8010, 0xA018, 0xA018, 0xA018, 0xA010, 0xA010, 0xA010, 0xA010, 0xA010, 0xA018, 
  0xA010, 0xA010, 0xA018, 0xA010, 0xA010, 0xA010, 0xA010, 0xA018, 0xA010, 0xA010, 0xA010, 0xA010, 0xA010, 0xA018, 0xA010, 0xA010, 
  0xA010, 0xA010, 0xA010, 0x8010, 0xA010, 0xA018, 0xA018, 0x8231, 0xC341, 0xE120, 0x024A, 0x8BDE, 0x6794, 0x2008, 0xC018, 0xE120, 
  0x8018, 0x4008, 0x6229, 0x6231, 0x6010, 0x8018, 0xE683, 0x09AD, 0xC018, 0xA018, 0xCAC5, 0x8BFF, 0x89BD, 0x6231, 0xC562, 0x034A, 
  0x6331, 0xC018, 0xA010, 0xA018, 0xC018, 0xC018, 0xA010, 0xA010, 0xA018, 0x4229, 0xA018, 0x8010, 0xA018, 0xA018, 0xA010, 0xA018, 
  0xA010, 0x8010, 0xA010, 0xA010, 0xA010, 0xA010, 0xA010, 0xA010, 0xA010, 0xA010, 0xA010, 0xA018, 0xA018, 0xA010, 0xA010, 0xA010, 
  0xA010, 0xA010, 0xA010, 0xA018, 0xA018, 0xA010, 0xA018, 0x8010, 0x0021, 0xE9C5, 0x4AF7, 0x0AEF, 0x49D6, 0xA7C5, 0xCAE6, 0xE9C5, 
  0x47B5, 0xC8C5, 0x0ACE, 0xE462, 0x0000, 0xA35A, 0x2CEF, 0xE9EE, 0x4CF7, 0x8673, 0x6008, 0x2229, 0xC339, 0x0121, 0x4573, 0x0BE6, 
  0x64D2, 0x83D0, 0xA5D8, 0x0DE1, 0x10E9, 0xF0E8, 0xF0E8, 0xF0E8, 0xF0E8, 0xF0E8, 0xF0E8, 0xF0E8, 0xF0E8, 0xF0E8, 0xF0E8, 0xF0E8, 
  0xF0E8, 0xF0E8, 0xF0E8, 0xF0E8, 0xF0E8, 0xF0E8, 0xF0E8, 0xF0E8, 0xF0E8, 0xF0E8, 0xF0E8, 0xF0E8, 0xF0E8, 0xF0E8, 0xF0E8, 0xF0E8, 
  0xF0E8, 0xF0E8, 0xF0E8, 0xF0E8, 0xF0E8, 0xF0E8, 0xF0E8, 0xF0E8, 0xF0E8, 0xF0E8, 0xF0E8, 0xF0E8, 0xF0E8, 0xF0E8, 0xF0E8, 0xF0E8, 
  0x10E9, 0xF0E8, 0xF0E8, 0xF0E8, 0xF0E8, 0xF0E8, 0xF0E8, 0xF0E8, 0xF0E8, 0xF0E8, 0xF0E8, 0xF0E8, 0xF0E8, 0xF0E8, 0xF0E0, 0x10E9, 
  0x10E9, 0xF0E8, 0xF0E8, 0xF0E8, 0xF0E8, 0xF0E8, 0xF0E8, 0xF0E8, 0xF0E8, 0xF0E8, 0xF0E8, 0xF0E8, 0xF0E8, 0xF0E8, 0xF0E8, 0xF0E8, 
  0xF0E8, 0xF0E8, 0xF0E8, 0xF0E8, 0xF0E8, 0xF0E8, 0xF0E8, 0xF0E8, 0xF0E8, 0xF0E8, 0xF0E8, 0xF0E8, 0xF0E8, 0xF0E8, 0xF0E8, 0xF0E8, 
  0xF0E8, 0xEFE8, 0xF0E8, 0xEDE8, 0xA5D8, 0xA3D8, 0x22C9, 0x89ED, 0xA79C, 0x256B, 0x6452, 0x6010, 0x0129, 0x2ACE, 0x6BFF, 0x89BD, 
  0xA018, 0x8010, 0x49B5, 0x4AF7, 0x2BF7, 0x4794, 0x8010, 0xA018, 0xA018, 0xA018, 0xA018, 0xA010, 0xA010, 0xA018, 0xA010, 0xA010, 
  0xA010, 0xA018, 0xA018, 0xA010, 0xA010, 0xA010, 0xA018, 0xA018, 0xA010, 0xA010, 0xA018, 0xA010, 0xA010, 0xA010, 0xA010, 0xA010, 
  0xA010, 0xA018, 0xA010, 0xA018, 0x8018, 0xE120, 0x4129, 0x6231, 0x2129, 0x8010, 0xA239, 0x6AD6, 0xA9BD, 0x4010, 0x4229, 0x254A, 
  0x6231, 0x4229, 0xA339, 0x6231, 0xA018, 0x2129, 0x69B5, 0x0BCE, 0xE020, 0xA018, 0xCABD, 0x8BFF, 0x49B5, 0x4129, 0xA77B, 0x4573, 
  0x234A, 0xC018, 0x8018, 0x8010, 0x2221, 0xE441, 0x8010, 0xA018, 0x8010, 0x0121, 0xC118, 0xA010, 0xA018, 0xA018, 0xA010, 0xA018, 
  0xA010, 0xA018, 0xA010, 0xA018, 0xA010, 0xA010, 0xA018, 0xA010, 0xA010, 0xA010, 0xA018, 0xA010, 0xA018, 0xA010, 0xA010, 0xA010, 
  0xA018, 0xA018, 0xA010, 0xA018, 0x8018, 0xA010, 0xA018, 0x8010, 0x0021, 0x2ACE, 0x2AF7, 0x0AEF, 0x89DE, 0x09CE, 0x28CE, 0x28CE, 
  0xA7BD, 0x87BD, 0x6BD6, 0x0563, 0x0000, 0xC683, 0x6BF7, 0xE9E6, 0x6BFF, 0x8794, 0xA118, 0xE120, 0xC239, 0x8231, 0x6131, 0x29BD, 
  0x86DB, 0x81C8, 0xA4D8, 0xEBE0, 0x0FE9, 0xF0E8, 0xF0E8, 0x10E9, 0xF0E8, 0xF0E8, 0xF0E8, 0xF0E8, 0xF0E8, 0xF0E8, 0xF0E8, 0xF0E8, 
  0xF0E8, 0xF0E8, 0xF0E8, 0xF0E8, 0xF0E8, 0xF0E8, 0xF0E8, 0xF0E8, 0xF0E8, 0xF0E8, 0xF0E8, 0xF0E8, 0xF0E8, 0xF0E8, 0xF0E8, 0xF0E8, 
  0xF0E8, 0xF0E8, 0xF0E8, 0xF0E8, 0xF0E8, 0xF0E8, 0xF0E8, 0xF0E8, 0xF0E8, 0xF0E8, 0xF0E8, 0xF0E8, 0xF0E8, 0xF0E8, 0xF0E8, 0xF0E8, 
  0xF0E8, 0xF0E8, 0xF0E8, 0xF0E8, 0xF0E8, 0xF0E8, 0xF0E8, 0xF0E8, 0xF0E8, 0xF0E8, 0xF0E8, 0xF0E8, 0xF0E8, 0xF0E8, 0xF0E8, 0x10E9, 
  0x10E9, 0xF0E8, 0xF0E8, 0xF0E8, 0xF0E8, 0xF0E8, 0xF0E8, 0xF0E8, 0xF0E8, 0xF0E8, 0xF0E8, 0xF0E8, 0xF0E8, 0xF0E8, 0xF0E8, 0xF0E8, 
  0xF0E8, 0x10E9, 0xF0E8, 0xF0E8, 0xF0E8, 0xF0E8, 0xF0E8, 0xF0E8, 0xF0E8, 0xF0E8, 0xF0E8, 0xF0E8, 0xF0E8, 0xF0E8, 0xF0E8, 0xF0E8, 
  0xF0E8, 0xF0E8, 0xF0E8, 0xECE8, 0xA4D8, 0xA3D0, 0xA3C9, 0xEBED, 0xE583, 0xE783, 0xC55A, 0x6010, 0x2029, 0x29CE, 0x6BF7, 0xEAC5, 
  0xC018, 0x0000, 0x857B, 0x4BF7, 0x4BF7, 0x478C, 0x4008, 0xA018, 0xA018, 0x8018, 0xA018, 0xA010, 0xA010, 0xA018, 0xA018, 0xA010, 
  0xA018, 0xA010, 0xA018, 0x8018, 0xA018, 0xA010, 0x8010, 0x8010, 0xA010, 0xA018, 0xA018, 0xA010, 0xA010, 0xA010, 0xA010, 0xA010, 
  0xA010, 0xA018, 0xA010, 0xA018, 0xC118, 0xE120, 0xE341, 0x6773, 0x2129, 0x8010, 0x4131, 0xABDE, 0x4ACE, 0xC018, 0x0129, 0x4573, 
  0x8673, 0x4229, 0x6010, 0xA018, 0x2229, 0x0342, 0x49D6, 0xCADE, 0x6352, 0xC118, 0xCAC5, 0x8BFF, 0x28AD, 0x8131, 0x69B5, 0xE7A4, 
  0x024A, 0x0229, 0xC118, 0xA010, 0xA018, 0xC118, 0xA018, 0x8010, 0xA018, 0x8010, 0x8010, 0xA018, 0xA018, 0xA018, 0xA010, 0xA010, 
  0xA010, 0xA018, 0xA010, 0xA018, 0xA010, 0xA018, 0xA018, 0xA010, 0xA010, 0xA010, 0xA018, 0xA010, 0xA018, 0xA010, 0xA010, 0xA010, 
  0xE120, 0xC018, 0x8010, 0xA018, 0xA018, 0xA010, 0xA018, 0x6010, 0x8139, 0x8BDE, 0x2AEF, 0x0AEF, 0x69D6, 0xE8C5, 0x08CE, 0xAADE, 
  0xC8C5, 0x869C, 0xA9BD, 0x256B, 0x4008, 0x078C, 0x6BF7, 0xE9E6, 0x6BFF, 0x879C, 0x4008, 0x0129, 0x6773, 0x0021, 0xC018, 0x689C, 
  0xA8EC, 0xC1C8, 0xA4D8, 0xC9E0, 0x0FE9, 0xF0E8, 0xF0E8, 0xF0E8, 0xF0E8, 0xF0E8, 0xF0E8, 0xF0E8, 0xF0E8, 0xF0E8, 0xF0E8, 0xF0E8, 
  0xF0E8, 0xF0E8, 0xF0E8, 0xF0E8, 0xF0E8, 0xF0E8, 0xF0E8, 0xF0E8, 0xF0E8, 0xF0E8, 0xF0E8, 0xF0E8, 0xF0E8, 0xF0E8, 0xF0E8, 0xF0E8, 
  0xF0E8, 0xF0E8, 0xF0E8, 0xF0E8, 0xF0E8, 0xF0E8, 0xF0E8, 0xF0E8, 0xF0E8, 0xF0E8, 0xF0E8, 0xF0E8, 0xF0E8, 0xF0E8, 0xF0E8, 0xF0E8, 
  0xF0E8, 0xF0E8, 0xF0E8, 0xF0E8, 0xF0E8, 0xF0E8, 0xF0E8, 0xF0E8, 0xF0E8, 0xF0E8, 0xF0E8, 0xF0E8, 0xF0E8, 0xF0E8, 0xF0E0, 0x10E9, 
  0x10E9, 0xEFE8, 0xF0E8, 0xF0E8, 0xF0E8, 0xF0E8, 0xF0E8, 0xF0E8, 0xF0E8, 0xF0E8, 0xF0E8, 0xF0E8, 0xF0E8, 0xF0E8, 0xF0E8, 0xF0E8, 
  0xF0E8, 0xF0E8, 0xF0E8, 0xF0E8, 0xF0E8, 0xF0E8, 0xF0E8, 0xF0E8, 0xF0E8, 0xF0E8, 0xF0E8, 0xF0E8, 0xF0E8, 0xF0E8, 0xF0E8, 0xF0E8, 
  0xF0E8, 0xF0E8, 0x10E9, 0xCAE0, 0xA4D8, 0xA2C8, 0x84D2, 0x4AE6, 0x879C, 0x4794, 0x434A, 0x6010, 0xA131, 0x8BDE, 0x2AF7, 0xCBE6, 
  0xA139, 0x6008, 0x8573, 0x4BF7, 0x4AF7, 0xEBC5, 0xC018, 0x8018, 0xA018, 0xA010, 0xA018, 0xA010, 0xA010, 0xA010, 0xA018, 0xA018, 
  0x8010, 0xA010, 0xA010, 0x8018, 0x8010, 0xC118, 0xA439, 0xC118, 0x8010, 0xA018, 0xA010, 0xA010, 0xA010, 0xA010, 0xA010, 0xA010, 
  0xA010, 0xA010, 0x8010, 0xA010, 0xA018, 0xA018, 0x4229, 0xE341, 0x4129, 0xA018, 0xE020, 0x29CE, 0xABDE, 0xE020, 0xA45A, 0xEDEE, 
  0x058C, 0x6131, 0x0121, 0xE120, 0x4129, 0xC362, 0x8ADE, 0x4BF7, 0xC8A4, 0x6010, 0xC7A4, 0xEDFF, 0x6794, 0xA45A, 0x0BEF, 0xE8C5, 
  0x446B, 0xE020, 0xA018, 0xC018, 0xA018, 0xA018, 0x8010, 0xA010, 0x8118, 0xA018, 0xA010, 0xA018, 0xA018, 0xA010, 0xA010, 0xA010, 
  0xA018, 0xA018, 0xA010, 0xA018, 0xA010, 0xA010, 0xA018, 0xA010, 0xA018, 0xA010, 0x8010, 0xA010, 0xA010, 0xA010, 0xA010, 0xA010, 
  0x8010, 0x8010, 0xA010, 0xA010, 0xA010, 0xA018, 0xA018, 0x6008, 0xE249, 0xEBEE, 0x0AEF, 0x2AEF, 0xC8C5, 0xE9C5, 0x08CE, 0xAADE, 
  0xE9C5, 0x268C, 0x08AD, 0x8673, 0x4008, 0xA89C, 0x6BF7, 0xE9EE, 0x4BF7, 0x28AD, 0x8139, 0x6231, 0xE562, 0xA231, 0xE020, 0xE683, 
  0x8AED, 0x22C9, 0xA3D0, 0xC6D8, 0x0EE9, 0xF0E8, 0xF0E8, 0xF0E8, 0xF0E8, 0xF0E8, 0xF0E8, 0xF0E8, 0xF0E8, 0xF0E8, 0xF0E8, 0xF0E8, 
  0xF0E8, 0xF0E8, 0xF0E8, 0xF0E8, 0xF0E8, 0xF0E8, 0xF0E8, 0xF0E8, 0xF0E8, 0xF0E8, 0xF0E8, 0xF0E8, 0xF0E8, 0xF0E8, 0xF0E8, 0xF0E8, 
  0xF0E8, 0xF0E8, 0xF0E8, 0xF0E8, 0xF0E8, 0xF0E8, 0xF0E8, 0xF0E8, 0xF0E8, 0xF0E8, 0xF0E8, 0xF0E8, 0xF0E8, 0xF0E8, 0xF0E8, 0xF0E8, 
  0xF0E8, 0xF0E8, 0xF0E8, 0xF0E8, 0xF0E8, 0xF0E8, 0xF0E8, 0xF0E8, 0xF0E8, 0xF0E8, 0xF0E8, 0xF0E8, 0xF0E8, 0xF0E8, 0xF0E8, 0x10E9, 
  0x10E9, 0xF0E8, 0xF0E8, 0xF0E8, 0xF0E8, 0xF0E8, 0xF0E8, 0xF0E8, 0xF0E8, 0xF0E8, 0xF0E8, 0xF0E8, 0xF0E8, 0xF0E8, 0xF0E8, 0xF0E8, 
  0xF0E8, 0xF0E8, 0xF0E8, 0xF0E8, 0xF0E8, 0xF0E8, 0xF0E8, 0xF0E8, 0xF0E8, 0xF0E8, 0xF0E8, 0xF0E8, 0xF0E8, 0xF0E8, 0xF0E8, 0xF0E8, 
  0xF0E8, 0xF0E8, 0x0FE9, 0xC9E0, 0xA4D8, 0x82C8, 0x65DB, 0x2AD6, 0x236B, 0x867B, 0x444A, 0x6010, 0xE020, 0xCAC5, 0x2AF7, 0x2CF7, 
  0xC562, 0x2000, 0x6794, 0x4BF7, 0x4AF7, 0x2AAD, 0x8010, 0xA010, 0x8018, 0xA010, 0xA010, 0xA010, 0xA018, 0xA010, 0xA010, 0x8018, 
  0x0121, 0xA018, 0xA010, 0xA010, 0xA110, 0x8010, 0x0221, 0xE118, 0x8010, 0xA018, 0xA010, 0xA018, 0xA018, 0xA018, 0xA018, 0xA010, 
  0xA018, 0x8010, 0xA010, 0x8010, 0xC018, 0xC118, 0xA018, 0x8018, 0x6131, 0xE97B, 0xA67B, 0x6BF7, 0xABDE, 0x0121, 0xC683, 0x8CFF, 
  0x29CE, 0x478C, 0x0242, 0xE020, 0x2242, 0x88BD, 0x4BF7, 0x09EF, 0x0DEF, 0xE241, 0xA45A, 0x2CD6, 0xE562, 0xE67B, 0x4BF7, 0xEBEE, 
  0xC9BD, 0x835A, 0xC120, 0x6231, 0xA77B, 0x835A, 0xC241, 0xA018, 0xA018, 0xA010, 0xA018, 0xA010, 0xA010, 0xA018, 0xA018, 0xA018, 
  0xA018, 0xA010, 0xA018, 0xA018, 0xA010, 0xA010, 0xA018, 0xA010, 0xA018, 0xA010, 0xA018, 0xA010, 0xA018, 0xA010, 0xA010, 0xA010, 
  0xA018, 0xA010, 0xA018, 0xA010, 0xA010, 0xA018, 0xA018, 0x6008, 0x234A, 0xEBE6, 0x0AEF, 0x8ADE, 0x87BD, 0xE8C5, 0x09CE, 0x87BD, 
  0x68B5, 0xA79C, 0xA79C, 0x466B, 0x6010, 0x08AD, 0x4BFF, 0xCAEE, 0x6BF7, 0x869C, 0xE783, 0x0663, 0x044A, 0xE441, 0x0121, 0xC462, 
  0x6ADD, 0xE3D1, 0xA2D0, 0xA5D0, 0xEDE8, 0xF0E8, 0xF0E8, 0x0FE9, 0xF0E8, 0xF0E8, 0xF0E8, 0xF0E8, 0xF0E8, 0xF0E8, 0xF0E8, 0xF0E8, 
  0xF0E8, 0xF0E8, 0xF0E8, 0xF0E8, 0xF0E8, 0xF0E8, 0xF0E8, 0xF0E8, 0xF0E8, 0xF0E8, 0xF0E8, 0xF0E8, 0xF0E8, 0xF0E8, 0xF0E8, 0x10E9, 
  0xF0E8, 0xF0E8, 0xF0E8, 0xF0E8, 0xF0E8, 0xF0E8, 0x10E9, 0xF0E8, 0xF0E8, 0xF0E8, 0xF0E8, 0xF0E8, 0xF0E8, 0xF0E8, 0xF0E8, 0xF0E8, 
  0xF0E8, 0xF0E8, 0xF0E8, 0xF0E8, 0xF0E8, 0xF0E8, 0xF0E8, 0xF0E8, 0xF0E8, 0xF0E8, 0xF0E8, 0xF0E8, 0xF0E8, 0xF0E8, 0xF0E8, 0x10E9, 
  0x10E9, 0xF0E8, 0xF0E8, 0xF0E8, 0xF0E8, 0xF0E8, 0xF0E8, 0xF0E8, 0xF0E8, 0xF0E8, 0xF0E8, 0xF0E8, 0xF0E8, 0xF0E8, 0xF0E8, 0xF0E8, 
  0xF0E8, 0xF0E8, 0xF0E8, 0xF0E8, 0xF0E8, 0xF0E8, 0xF0E8, 0xF0E8, 0xF0E8, 0xF0E8, 0xF0E8, 0xF0E8, 0xF0E8, 0xF0E8, 0xF0E8, 0xF0E8, 
  0xF0E8, 0xF0E8, 0x0FE9, 0xC8D8, 0xA3D8, 0xA2C8, 0x67E4, 0xEACD, 0x6473, 0x6573, 0x6452, 0xC120, 0x6010, 0xE8A4, 0x4AF7, 0x2CF7, 
  0xA45A, 0x2008, 0xA79C, 0x4BF7, 0x4BF7, 0x068C, 0x2008, 0xA018, 0x8018, 0xA010, 0xA010, 0xA010, 0xA018, 0xA018, 0x8010, 0x2129, 
  0xC97B, 0xC018, 0x8010, 0xA010, 0xA010, 0xA018, 0xA018, 0x8010, 0xA010, 0xA010, 0xA010, 0xA010, 0xA010, 0xA010, 0xA018, 0xA010, 
  0xA010, 0xA010, 0xA010, 0x8010, 0xA018, 0xE118, 0xC118, 0x2229, 0x8231, 0xA65A, 0xE7A4, 0x4AF7, 0xADE6, 0x4231, 0xC57B, 0x6BF7, 
  0x2BEF, 0x29AD, 0x2029, 0x4129, 0xE583, 0x6ADE, 0x0AEF, 0xE9EE, 0x8BFF, 0xE683, 0x2129, 0xA67B, 0x6139, 0xA47B, 0x6CFF, 0xE9EE, 
  0xEAE6, 0xA9BD, 0x424A, 0x234A, 0xCCC5, 0x28AD, 0xABBD, 0x0029, 0x8010, 0xA018, 0x8010, 0xA010, 0xA010, 0xA010, 0xA010, 0x8010, 
  0xA010, 0xA018, 0xA018, 0xA018, 0xA010, 0xA010, 0xA010, 0xA010, 0xA010, 0xA010, 0xA010, 0xA010, 0xA010, 0xA010, 0xA010, 0xA010, 
  0xA018, 0xA010, 0xA010, 0xA010, 0xA010, 0xA018, 0xA018, 0x4008, 0xE462, 0x4BF7, 0x2AEF, 0xA7C5, 0x88BD, 0x68B5, 0xA8BD, 0x47B5, 
  0x869C, 0x258C, 0x08AD, 0x0563, 0xA018, 0xEBC5, 0x4AF7, 0xE9EE, 0x6BF7, 0x068C, 0x6452, 0x0984, 0xC020, 0x0129, 0xE120, 0x6231, 
  0xC9B4, 0x05DB, 0x82D0, 0xA4D0, 0xEBE0, 0xF0E8, 0xF0E8, 0x0FE9, 0x10E9, 0xF0E8, 0xF0E8, 0xF0E8, 0xF0E8, 0xF0E8, 0xF0E8, 0xF0E8, 
  0xF0E8, 0xF0E8, 0xF0E8, 0xF0E8, 0xF0E8, 0xF0E8, 0xF0E8, 0xF0E8, 0xF0E8, 0xF0E8, 0xF0E8, 0xF0E8, 0xF0E8, 0xF0E8, 0xF0E8, 0xF0E8, 
  0xF0E8, 0xF0E8, 0xF0E8, 0xF0E8, 0xF0E8, 0xF0E8, 0xF0E8, 0xF0E8, 0xF0E8, 0xF0E8, 0xF0E8, 0xF0E8, 0xF0E8, 0xF0E8, 0xF0E8, 0xF0E8, 
  0xF0E8, 0xF0E8, 0xF0E8, 0xF0E0, 0xF0E8, 0xF0E8, 0xF0E8, 0xF0E8, 0xF0E8, 0xF0E8, 0xF0E8, 0xF0E8, 0xF0E8, 0xF0E8, 0xF0E8, 0x10E9, 
  0x10E9, 0xF0E8, 0xF0E8, 0xF0E8, 0xF0E8, 0xF0E8, 0xF0E8, 0xF0E8, 0xF0E8, 0xF0E8, 0xF0E8, 0xF0E8, 0xF0E8, 0xF0E8, 0xF0E8, 0xF0E8, 
  0xF0E8, 0xF0E8, 0xF0E8, 0xF0E8, 0xF0E8, 0xF0E8, 0xF0E8, 0xF0E8, 0xF0E8, 0xF0E8, 0xF0E8, 0xF0E8, 0xF0E8, 0xF0E8, 0xF0E8, 0xF0E8, 
  0xF0E8, 0xF0E8, 0x0FE9, 0xC8D8, 0xA3D8, 0x02C1, 0x29ED, 0xA9C5, 0xC583, 0x256B, 0x845A, 0xC120, 0x4010, 0x6694, 0x4BF7, 0x2BEF, 
  0xC462, 0x0121, 0xEAC5, 0x2AF7, 0x4BF7, 0xA57B, 0x6010, 0xA018, 0x8018, 0xA010, 0xA010, 0xA010, 0xA010, 0xA018, 0x8010, 0xE120, 
  0x244A, 0xA018, 0x8010, 0xA010, 0x8010, 0xC118, 0x4329, 0x8010, 0xA018, 0xA010, 0xA010, 0xA010, 0xA018, 0xA018, 0xA010, 0xA018, 
  0xA010, 0xA018, 0x8010, 0x0121, 0xE118, 0x8010, 0xC118, 0xC018, 0xE120, 0xA020, 0x07A5, 0x0AEF, 0x4BD6, 0x6131, 0xC7A4, 0x6BF7, 
  0xEAEE, 0xA8C5, 0xC583, 0xE462, 0xE9C5, 0xE9E6, 0x0AEF, 0xE9EE, 0x4BF7, 0x28AD, 0x6594, 0xECDE, 0x024A, 0x28AD, 0x4BF7, 0xE9EE, 
  0x29EF, 0xEAE6, 0x6794, 0xC462, 0x6039, 0x6573, 0x28AD, 0xC683, 0x6131, 0x6010, 0xC120, 0x8018, 0xA010, 0xA010, 0xA018, 0x0121, 
  0xA010, 0xA010, 0xA018, 0xA010, 0xA018, 0xA010, 0xA010, 0xA010, 0xA010, 0xA010, 0xA010, 0xA010, 0xA010, 0xA010, 0xA010, 0xA010, 
  0xA010, 0xA018, 0xA018, 0xA010, 0xA010, 0xA018, 0xA118, 0x4008, 0x6673, 0x4CF7, 0x0AEF, 0xE8C5, 0x07AD, 0xE7A4, 0x47B5, 0x8ADE, 
  0x88BD, 0x28AD, 0xE8A4, 0x256B, 0x8010, 0xAABD, 0x4BF7, 0xE9EE, 0x4CF7, 0x046B, 0x4008, 0x0121, 0xC018, 0xE120, 0xA018, 0x8010, 
  0x2794, 0x07EC, 0x82C8, 0xA3D8, 0xC8E0, 0x0FE9, 0xF0E8, 0x0FE9, 0xF0E8, 0xF0E8, 0xF0E8, 0xF0E8, 0xF0E8, 0xF0E8, 0xF0E8, 0xF0E8, 
  0xF0E8, 0xF0E8, 0xF0E8, 0xF0E8, 0xF0E8, 0xF0E8, 0x10E9, 0xF0E8, 0xF0E8, 0xF0E8, 0xF0E8, 0xF0E8, 0xF0E8, 0xF0E8, 0xF0E8, 0xF0E8, 
  0xF0E8, 0xF0E8, 0xF0E8, 0xF0E8, 0xF0E8, 0xF0E8, 0xF0E8, 0xF0E8, 0xF0E0, 0xF0E8, 0xF0E8, 0xF0E8, 0xF0E8, 0xF0E8, 0xF0E8, 0xF0E8, 
  0xF0E8, 0xF0E8, 0xF0E8, 0xF0E8, 0xF0E8, 0xF0E0, 0xF0E8, 0xF0E8, 0xF0E8, 0xF0E8, 0xF0E8, 0xF0E8, 0xF0E8, 0xF0E8, 0xF0E8, 0x10E9, 
  0x10E9, 0xF0E8, 0xF0E8, 0xF0E8, 0xF0E8, 0xF0E8, 0xF0E8, 0xF0E8, 0xF0E8, 0xF0E8, 0xF0E8, 0xF0E8, 0xF0E8, 0xF0E8, 0xF0E8, 0xF0E8, 
  0xF0E8, 0xF0E8, 0xF0E8, 0xF0E8, 0xF0E8, 0xF0E8, 0xF0E8, 0xF0E8, 0xF0E8, 0xF0E8, 0xF0E8, 0xF0E8, 0xF0E8, 0xF0E8, 0xF0E8, 0xF0E8, 
  0xF0E8, 0xEFE8, 0x0FE9, 0xC7D8, 0xA3D0, 0x82C9, 0xEAF5, 0x09CE, 0x4573, 0xC341, 0x6552, 0x8331, 0xA139, 0x88BD, 0x2AEF, 0x4BF7, 
  0xC67B, 0xE020, 0x0AC6, 0x2AF7, 0x4BF7, 0xA57B, 0x6008, 0xA010, 0x8018, 0xA010, 0xA010, 0xA010, 0xA010, 0xA010, 0xA010, 0x8018, 
  0x4010, 0x8010, 0xA018, 0xA010, 0xA010, 0xA010, 0x8010, 0xA010, 0xA018, 0xA010, 0x8010, 0xA010, 0xA018, 0xA010, 0xA010, 0xA010, 
  0xA010, 0xA018, 0x8010, 0x244A, 0x4229, 0xA018, 0xE120, 0x0129, 0xA35A, 0x078C, 0x07AD, 0xCADE, 0x29CE, 0x036B, 0xABDE, 0x2AEF, 
  0x0AEF, 0xA9E6, 0xC8C5, 0xC47B, 0x67B5, 0x2BF7, 0x0AEF, 0x0AEF, 0x0AEF, 0xEAE6, 0xC9DE, 0x8CFF, 0x2694, 0x89BD, 0x4BF7, 0x0AEF, 
  0x0AEF, 0x2AF7, 0xCBE6, 0x857B, 0x4252, 0x058C, 0xC9C5, 0xCCE6, 0xE8AC, 0xC683, 0x8239, 0x8018, 0xA018, 0xA010, 0xA018, 0x0121, 
  0xA018, 0xA010, 0xA010, 0x8010, 0xA018, 0xA010, 0xA010, 0xA010, 0xA010, 0xA010, 0xA010, 0xA018, 0xA010, 0xA010, 0xA010, 0xA010, 
  0xA010, 0xA010, 0xA010, 0xA010, 0xA010, 0xA018, 0xA118, 0x4008, 0xE783, 0x4CF7, 0x49D6, 0x47B5, 0x68B5, 0x09CE, 0x26AD, 0x09CE, 
  0xE8C5, 0x88B5, 0xC7A4, 0x244A, 0x4008, 0x879C, 0x6BF7, 0x09EF, 0xEBE6, 0x4352, 0x6008, 0xA010, 0x8018, 0xA010, 0xC018, 0xA339, 
  0xC683, 0xC8EC, 0xE1C8, 0xA3D0, 0xA6D8, 0x0EE9, 0xF0E8, 0xF0E8, 0xF0E8, 0xF0E8, 0xF0E8, 0xF0E8, 0xF0E8, 0xF0E8, 0xF0E8, 0xF0E8, 
  0xF0E8, 0xF0E8, 0xF0E8, 0xF0E8, 0xF0E8, 0xF0E8, 0xF0E8, 0xF0E8, 0xF0E8, 0xF0E8, 0xF0E8, 0xF0E8, 0xF0E8, 0xF0E8, 0xF0E8, 0xF0E8, 
  0xF0E8, 0xF0E8, 0xF0E8, 0xF0E8, 0xF0E8, 0xF0E8, 0xF0E8, 0xF0E8, 0xF0E8, 0xF0E8, 0xF0E8, 0xF0E8, 0xF0E8, 0xF0E8, 0xF0E8, 0xF0E8, 
  0xF0E8, 0xF0E8, 0xF0E8, 0xF0E8, 0xF0E8, 0xF0E8, 0xF0E8, 0xF0E8, 0xF0E8, 0xF0E8, 0xF0E8, 0xF0E8, 0xF0E8, 0xF0E8, 0xF0E8, 0x10E9, 
  0x10E9, 0xF0E8, 0xF0E8, 0xF0E8, 0xF0E8, 0xF0E8, 0xF0E8, 0xF0E8, 0xF0E8, 0xF0E8, 0xF0E8, 0xF0E8, 0xF0E8, 0xF0E8, 0xF0E8, 0xF0E8, 
  0xF0E8, 0xF0E8, 0xF0E0, 0xF0E0, 0xF0E8, 0xF0E8, 0xF0E8, 0xF0E8, 0xF0E8, 0xF0E8, 0xF0E8, 0xF0E8, 0xF0E8, 0xF0E8, 0xF0E8, 0xF0E8, 
  0xEFE8, 0xEFE8, 0x0EE9, 0xA6D8, 0xA2D0, 0x03CA, 0xACFE, 0x08A5, 0xE141, 0x8331, 0xA65A, 0xE120, 0x288C, 0xADFF, 0xC9EE, 0x6BF7, 
  0x6694, 0x6131, 0x6BD6, 0x0AEF, 0x6BF7, 0x068C, 0x4008, 0xC018, 0xA018, 0xA018, 0xA010, 0xA010, 0xA010, 0xA010, 0xA010, 0xA018, 
  0xC118, 0xA010, 0xA018, 0x8018, 0xA018, 0xA018, 0xA018, 0xA010, 0xA018, 0xA010, 0xA018, 0xA010, 0xA010, 0xA010, 0xA018, 0xA010, 
  0xA018, 0xA010, 0xA018, 0xE441, 0xC341, 0xE020, 0x8231, 0x4231, 0x4573, 0x0CE7, 0x88BD, 0x48B5, 0xE9C5, 0xA8BD, 0x2BF7, 0x0AEF, 
  0x0AEF, 0x2AF7, 0xA8BD, 0x268C, 0x67B5, 0x0AEF, 0x0AEF, 0x0AEF, 0x09EF, 0x09EF, 0x0AEF, 0x2BF7, 0x87BD, 0x69D6, 0x2AF7, 0x0AEF, 
  0x0AEF, 0x0AEF, 0x0AEF, 0xE6A4, 0xA79C, 0x47B5, 0x0AEF, 0xEAEE, 0x0AEF, 0x2BEF, 0xC683, 0x8018, 0xA018, 0xC018, 0x8010, 0x8010, 
  0xA018, 0xA018, 0xA010, 0xA010, 0xA010, 0xA018, 0xA010, 0xA010, 0x8010, 0xA018, 0xA010, 0xA018, 0xA010, 0xA018, 0xA018, 0xA010, 
  0xA018, 0xA018, 0xA010, 0xA018, 0xA018, 0xA018, 0x8010, 0xC018, 0x08A5, 0xEAE6, 0x87BD, 0x07AD, 0x88BD, 0xAADE, 0xC8C5, 0x87BD, 
  0xA9C5, 0xC6A4, 0x28AD, 0xA45A, 0x4010, 0xE8A4, 0x4BF7, 0x0AEF, 0x8BD6, 0x4131, 0x8010, 0xA018, 0xA118, 0xA110, 0xA018, 0xA339, 
  0xA67B, 0x8AED, 0x62C9, 0xA3D0, 0xA5D8, 0x0DE9, 0xF0E8, 0xF0E8, 0xF0E8, 0xF0E8, 0xF0E8, 0xF0E8, 0xF0E8, 0xF0E8, 0xF0E8, 0xF0E8, 
  0xF0E8, 0xF0E8, 0xF0E8, 0xF0E8, 0xF0E8, 0xF0E8, 0xF0E8, 0xF0E8, 0xF0E8, 0xF0E8, 0xF0E8, 0xF0E8, 0xF0E8, 0xF0E8, 0xF0E8, 0xF0E8, 
  0xF0E8, 0xF0E8, 0xF0E8, 0xF0E8, 0xF0E8, 0xF0E8, 0xF0E8, 0xF0E8, 0xF0E8, 0xF0E8, 0xF0E8, 0xF0E8, 0xF0E8, 0xF0E0, 0xF0E8, 0xF0E8, 
  0xF0E8, 0xF0E8, 0xF0E8, 0xF0E8, 0xF0E8, 0xF0E8, 0xF0E0, 0xF0E0, 0xF0E0, 0xF0E8, 0xF0E8, 0xF0E8, 0xF0E8, 0xF0E8, 0xF0E8, 0x10E9, 
  0x10E9, 0xF0E8, 0x10E9, 0xF0E8, 0xF0E8, 0xEFE8, 0xF0E8, 0xF0E8, 0xF0E8, 0xF0E8, 0xF0E8, 0xF0E8, 0xF0E8, 0xF0E8, 0xF0E8, 0xF0E8, 
  0xF0E8, 0xF0E8, 0xF0E8, 0xF0E8, 0xF0E8, 0xF0E8, 0xF0E8, 0xF0E8, 0xF0E8, 0xF0E8, 0xF0E8, 0xF0E8, 0xF0E8, 0xF0E8, 0xF0E8, 0xF0E8, 
  0xF0E8, 0xF0E8, 0x0DE9, 0xC5D8, 0x82D0, 0xE4D2, 0x8BEE, 0x268C, 0xE341, 0x6331, 0x444A, 0xA018, 0xC87B, 0x8CDE, 0x0AEF, 0x6BF7, 
  0xC79C, 0x6131, 0xACDE, 0x09EF, 0x4BF7, 0x49B5, 0x8018, 0xC018, 0xC018, 0xA018, 0xA010, 0xA010, 0xA010, 0xA010, 0xA118, 0x8010, 
  0xC018, 0xA018, 0xA118, 0xA010, 0xA018, 0x8018, 0xA018, 0xA010, 0xA018, 0xA010, 0xC118, 0xA010, 0xA018, 0xA010, 0xA010, 0xA018, 
  0x8010, 0xA018, 0x8010, 0xE120, 0x0121, 0xA239, 0x0563, 0x2029, 0xE683, 0x4BF7, 0xEAEE, 0xC9C5, 0xC8C5, 0xCBE6, 0x0AEF, 0x0AEF, 
  0x09EF, 0x0AEF, 0x88BD, 0x0584, 0x88BD, 0x0AEF, 0x0AEF, 0x0AEF, 0x0AEF, 0x0AEF, 0x09EF, 0x0AEF, 0xAAE6, 0x0AEF, 0x09EF, 0x0AEF, 
  0x0AEF, 0x0AEF, 0x2AEF, 0x69D6, 0x27B5, 0xCAE6, 0x2AEF, 0x0AEF, 0x09EF, 0x4AF7, 0xA8BD, 0x034A, 0x8010, 0xA018, 0xA010, 0x8010, 
  0x4010, 0x4010, 0xA010, 0xA010, 0xA018, 0xA010, 0xA010, 0xA018, 0xE120, 0xA118, 0xA118, 0xA118, 0x8010, 0x8010, 0xA010, 0xA018, 
  0xA018, 0xA018, 0xA010, 0xA118, 0xA018, 0xC118, 0x8010, 0xC139, 0x89BD, 0x28CE, 0xE8CD, 0x49D6, 0x08CE, 0x69D6, 0x4AD6, 0x06AD, 
  0x6AD6, 0x48B5, 0x48AD, 0xC55A, 0x0029, 0x8BDE, 0x2AEF, 0x2AF7, 0x2ACE, 0x4129, 0xA018, 0xA018, 0xE120, 0xC118, 0x2129, 0x4131, 
  0xA573, 0x2BEE, 0x03CA, 0xA2D0, 0xA5D8, 0xEBE0, 0x10E9, 0xF0E8, 0xF0E8, 0xF0E8, 0xF0E8, 0xF0E8, 0xF0E8, 0xF0E8, 0xF0E8, 0xF0E8, 
  0xF0E8, 0xF0E8, 0xF0E8, 0xF0E8, 0xF0E8, 0xF0E8, 0xF0E8, 0xF0E8, 0xF0E8, 0xF0E8, 0xF0E8, 0xF0E8, 0xF0E8, 0xF0E8, 0xF0E8, 0xF0E8, 
  0xF0E8, 0xF0E8, 0xF0E8, 0xF0E8, 0xF0E8, 0xF0E8, 0xF0E8, 0xF0E8, 0xF0E8, 0xF0E8, 0x10E9, 0xF0E8, 0xF0E8, 0xF0E8, 0xF0E8, 0xF0E8, 
  0xF0E8, 0xF0E8, 0xF0E8, 0xF0E8, 0xF0E8, 0xF0E8, 0xF0E8, 0xF0E8, 0xF0E8, 0xF0E8, 0xF0E8, 0xF0E8, 0xF0E8, 0xEFE8, 0xEFE8, 0x10E9, 
  0x10E9, 0xF0E8, 0xF0E8, 0xF0E8, 0xF0E8, 0xF0E8, 0xF0E8, 0xF0E8, 0xF0E8, 0xF0E8, 0xF0E8, 0xF0E8, 0xF0E8, 0xF0E8, 0xF0E8, 0xF0E8, 
  0xF0E8, 0xF0E8, 0xF0E8, 0xF0E8, 0xF0E8, 0xF0E8, 0xF0E8, 0xF0E8, 0xF0E8, 0xF0E8, 0xF0E8, 0xF0E8, 0xF0E8, 0xF0E8, 0xF0E8, 0xF0E8, 
  0xEFE8, 0xF0E8, 0xECE0, 0xC5D0, 0xA2C8, 0xA6DB, 0x8BE6, 0x857B, 0x0342, 0x0121, 0x8231, 0x0121, 0x8018, 0x034A, 0xCBE6, 0x6AF7, 
  0xA9BD, 0xA139, 0x8CDE, 0x2AEF, 0x2AEF, 0x6BD6, 0x2129, 0x2008, 0xC118, 0xA118, 0xA018, 0x8010, 0xA018, 0xA018, 0x6010, 0xA239, 
  0x078C, 0xC018, 0xC118, 0xA010, 0x8018, 0xA010, 0xA010, 0xA018, 0xA010, 0xA010, 0x8010, 0xE118, 0xC018, 0x8010, 0xA010, 0x8010, 
  0x8010, 0x8010, 0xA018, 0xC020, 0x434A, 0x058C, 0x69B5, 0xA57B, 0x09C6, 0x2AF7, 0x2AEF, 0xA7C5, 0xE7C5, 0x2BEF, 0x09EF, 0x09EF, 
  0x0AEF, 0x0AEF, 0x68B5, 0xE683, 0x058C, 0xCAE6, 0x0AEF, 0x09EF, 0x09EF, 0x0AEF, 0xEAEE, 0x09EF, 0x0AEF, 0x0AEF, 0x0AEF, 0x09EF, 
  0x0AEF, 0x0AEF, 0x0AEF, 0xAADE, 0x08CE, 0xEAE6, 0x09EF, 0x0AEF, 0x09EF, 0x2AEF, 0x4CD6, 0xA55A, 0xE020, 0xA018, 0x8010, 0xC018, 
  0x6994, 0x8A9C, 0xA018, 0xA010, 0xA018, 0xA010, 0xA018, 0xA018, 0x8010, 0x4008, 0x4008, 0x4008, 0xC018, 0xE120, 0x8010, 0x4008, 
  0x8010, 0x6010, 0x8018, 0x6008, 0x4008, 0x4008, 0x2008, 0xA57B, 0xA8BD, 0x68B5, 0xE7AC, 0xE9C5, 0x09CE, 0x67B5, 0x09C6, 0x26AD, 
  0xE8C5, 0xA79C, 0x6894, 0x0342, 0xA239, 0x0CEF, 0x0AEF, 0x2AF7, 0x0ACE, 0x0021, 0x8010, 0xA010, 0xC018, 0x0121, 0xA018, 0xA239, 
  0xA794, 0xCBF6, 0x05DB, 0xA2C8, 0xA4D8, 0xC9E0, 0x0FE9, 0xF0E8, 0xF0E8, 0xF0E8, 0xF0E8, 0xF0E8, 0xF0E8, 0xF0E8, 0xF0E8, 0xF0E8, 
  0xF0E8, 0xF0E8, 0xF0E8, 0xF0E8, 0xF0E8, 0xF0E8, 0xF0E8, 0xF0E8, 0xF0E8, 0xF0E8, 0xF0E8, 0xF0E8, 0xF0E8, 0xF0E8, 0xF0E8, 0xF0E8, 
  0xF0E8, 0xF0E8, 0xF0E8, 0xF0E8, 0xF0E8, 0xF0E8, 0xF0E8, 0xF0E8, 0xF0E8, 0xF0E8, 0xF0E8, 0xF0E8, 0xF0E8, 0xF0E8, 0xF0E8, 0xF0E8, 
  0xF0E8, 0xF0E8, 0xF0E8, 0xF0E8, 0xF0E8, 0x10E9, 0xF0E8, 0xF0E8, 0xF0E8, 0xF0E8, 0xF0E8, 0xF0E8, 0xF0E8, 0xF0E8, 0xEFE8, 0x10E9, 
  0x10E9, 0xF0E8, 0xF0E8, 0xF0E8, 0xF0E8, 0xF0E8, 0xF0E8, 0xF0E8, 0xF0E8, 0xF0E8, 0xF0E8, 0xF0E8, 0xF0E8, 0xF0E8, 0xF0E8, 0xF0E8, 
  0xF0E8, 0xF0E8, 0xF0E8, 0xF0E8, 0xF0E8, 0xF0E8, 0xF0E8, 0xF0E8, 0xF0E8, 0xF0E8, 0xF0E8, 0xF0E8, 0xF0E8, 0xF0E8, 0xF0E8, 0xF0E8, 
  0x0FE9, 0x10E9, 0xECE0, 0xA5D0, 0xE1C8, 0xA7EC, 0xCBE6, 0x867B, 0xA239, 0xA018, 0xC120, 0xA018, 0x8010, 0xA018, 0x0BC6, 0x8BFF, 
  0x28AD, 0x214A, 0xCBE6, 0x0AEF, 0x2AEF, 0x8BDE, 0x635A, 0xA55A, 0x2121, 0xA018, 0x8018, 0x8010, 0xA018, 0xA018, 0xE020, 0xEBCD, 
  0x6CFF, 0x6894, 0x8010, 0x8010, 0xA018, 0xA010, 0xA010, 0xA010, 0xA018, 0xA010, 0xA010, 0xA018, 0xA010, 0xA010, 0x8010, 0x2229, 
  0xC018, 0x8010, 0xA018, 0xE020, 0x6794, 0xEBE6, 0xCAE6, 0x89DE, 0x0AEF, 0x09EF, 0x2BEF, 0xA8C5, 0x49D6, 0x2AEF, 0x0AEF, 0x0AEF, 
  0x09EF, 0x2AEF, 0x07AD, 0x879C, 0x6594, 0x0BEF, 0x0AEF, 0x0AEF, 0x0AEF, 0x09EF, 0xC9E6, 0x2AEF, 0x2AEF, 0xEAEE, 0x0AEF, 0x0AEF, 
  0x09EF, 0x09EF, 0x0AEF, 0xCAEE, 0x29D6, 0xEAEE, 0x0AEF, 0x0AEF, 0x09EF, 0x4BEF, 0x857B, 0x8018, 0xC118, 0xA018, 0xA018, 0x2129, 
  0xE783, 0x6A94, 0xC018, 0x8010, 0xA018, 0xA018, 0x6010, 0x8018, 0x234A, 0x646B, 0x246B, 0xC683, 0xCAC5, 0x0ACE, 0x89BD, 0xC462, 
  0xA018, 0x8673, 0xCAC5, 0x6794, 0xA35A, 0xE462, 0x4573, 0x2ACE, 0x8AD6, 0x679C, 0xE583, 0xE7A4, 0xC9C5, 0xC9C5, 0x07AD, 0xE9C5, 
  0x2ACE, 0x2473, 0x288C, 0x6352, 0x024A, 0x0BEF, 0xEAEE, 0x2BF7, 0x89BD, 0xC018, 0x8018, 0xA010, 0xC018, 0xC120, 0x6010, 0xE441, 
  0x068C, 0xCAEE, 0x06E4, 0xA2C8, 0xA3D8, 0xC7D8, 0x0FE9, 0xF0E8, 0xF0E8, 0xF0E8, 0xF0E8, 0xF0E8, 0xF0E8, 0xF0E8, 0xF0E8, 0xF0E8, 
  0xF0E8, 0xF0E8, 0xF0E8, 0xF0E8, 0xF0E8, 0xF0E8, 0xF0E8, 0xF0E8, 0xF0E8, 0xF0E8, 0xF0E8, 0xF0E8, 0xF0E8, 0xF0E8, 0xF0E8, 0xF0E8, 
  0xF0E8, 0xF0E8, 0xF0E8, 0xF0E8, 0xF0E8, 0xF0E8, 0xF0E8, 0xF0E8, 0xF0E8, 0xF0E8, 0xF0E8, 0xF0E8, 0xF0E8, 0xF0E8, 0xF0E8, 0xF0E8, 
  0xF0E8, 0x10E9, 0xF0E8, 0xF0E8, 0xF0E8, 0xF0E8, 0xF0E8, 0xF0E8, 0xF0E8, 0xF0E8, 0xF0E8, 0xF0E8, 0xF0E8, 0xF0E8, 0xEFE8, 0x10E9, 
  0x10E9, 0xF0E8, 0xF0E8, 0xF0E8, 0xF0E8, 0xF0E8, 0xF0E8, 0xF0E8, 0xF0E8, 0xF0E8, 0xF0E8, 0xF0E8, 0xF0E8, 0xF0E8, 0xF0E8, 0xF0E8, 
  0xF0E8, 0xF0E8, 0xF0E8, 0xF0E8, 0xF0E8, 0xF0E8, 0xF0E8, 0xF0E8, 0xF0E8, 0xF0E8, 0xF0E8, 0xF0E8, 0xF0E8, 0xF0E8, 0xF0E8, 0xF0E8, 
  0x10E1, 0xF0E8, 0xEBE8, 0x84D8, 0x21C9, 0x69F5, 0x6ADE, 0x256B, 0x4229, 0xC118, 0x0221, 0xC118, 0xA018, 0x8010, 0x08A5, 0xACFF, 
  0xA79C, 0x0029, 0x6BDE, 0x0AF7, 0x0AF7, 0x89DE, 0xA8BD, 0x4CCE, 0x2129, 0xA018, 0xA018, 0xA018, 0xA118, 0x8010, 0xC67B, 0x4BF7, 
  0xEAEE, 0x2CEF, 0xE362, 0x6010, 0xC018, 0xA118, 0xA018, 0xA010, 0xA018, 0xA010, 0xA010, 0xA010, 0xA010, 0xA010, 0x8010, 0x0121, 
  0xC018, 0xA018, 0x6010, 0x8139, 0x2ACE, 0x2AF7, 0x0AEF, 0x0AEF, 0x0AEF, 0x0AEF, 0x2AEF, 0x69DE, 0x29D6, 0x2AEF, 0x09EF, 0x0AEF, 
  0x0AEF, 0x2AEF, 0x48B5, 0x268C, 0x6594, 0x29D6, 0x2AEF, 0x0AEF, 0x0AEF, 0x0AEF, 0x87BD, 0xC8C5, 0x29CE, 0x2AF7, 0x0AEF, 0x0AEF, 
  0x09EF, 0x09EF, 0x2AEF, 0x89DE, 0x26B5, 0x2AEF, 0x0AEF, 0x09EF, 0x2AF7, 0xC9C5, 0x8139, 0x8118, 0xA118, 0xC118, 0xE120, 0xC020, 
  0x4008, 0x4008, 0xA010, 0xA010, 0x6010, 0x2008, 0x234A, 0xCABD, 0x0CEF, 0x4CF7, 0x8CFF, 0x4DF7, 0x2BEF, 0x8CFF, 0xCDFF, 0x4DCE, 
  0x6131, 0xABB5, 0xEEFF, 0x8DFF, 0x4EF7, 0x8EFF, 0x6CFF, 0x4BF7, 0x6BF7, 0x47B5, 0xE7A4, 0xE7A4, 0x26B5, 0x27B5, 0x48B5, 0xC9C5, 
  0x47AD, 0x6473, 0xA57B, 0x8352, 0xC462, 0x2BF7, 0xE9EE, 0x4BFF, 0x268C, 0x6010, 0xA018, 0xA010, 0xA018, 0xA118, 0xA018, 0xE241, 
  0x2694, 0xCBEE, 0x08ED, 0xE2C8, 0xA3D8, 0xA5D8, 0x0EE9, 0xF0E8, 0xF0E8, 0xF0E8, 0xF0E8, 0xF0E8, 0xF0E8, 0xF0E8, 0xF0E8, 0xF0E8, 
  0xF0E8, 0xF0E8, 0xF0E8, 0xF0E8, 0x10E9, 0xF0E8, 0xF0E8, 0xF0E8, 0xF0E8, 0xF0E8, 0xF0E8, 0xF0E8, 0xF0E8, 0xF0E8, 0xF0E8, 0xF0E8, 
  0xF0E8, 0xF0E8, 0xF0E8, 0xF0E8, 0xF0E8, 0xF0E8, 0xF0E8, 0xF0E8, 0xF0E8, 0xF0E8, 0xF0E8, 0xF0E8, 0xF0E8, 0xF0E8, 0xF0E8, 0xF0E8, 
  0xF0E8, 0xF0E0, 0xF0E8, 0xF0E8, 0xF0E8, 0xF0E8, 0xF0E8, 0xF0E8, 0xF0E8, 0xF0E8, 0xF0E8, 0xF0E8, 0xF0E8, 0xF0E8, 0xF0E8, 0x10E9, 
  0x10E9, 0xF0E8, 0xF0E8, 0xF0E8, 0xF0E8, 0xF0E8, 0xF0E8, 0xF0E8, 0xF0E8, 0xF0E8, 0xF0E8, 0xF0E8, 0xF0E8, 0xF0E8, 0xF0E8, 0xF0E8, 
  0xF0E8, 0xF0E8, 0xF0E8, 0xF0E8, 0xF0E8, 0xF0E8, 0xF0E8, 0xF0E8, 0xF0E8, 0xF0E8, 0xF0E8, 0xF0E8, 0xF0E8, 0xF0E8, 0xF0E8, 0xF0E8, 
  0xF0E0, 0x10E9, 0xEBE0, 0x84D0, 0xA2C9, 0x0AF6, 0x49D6, 0xC683, 0x2229, 0xA018, 0xA118, 0xA010, 0xA018, 0x4008, 0xA57B, 0xACFF, 
  0x69BD, 0x8010, 0xCAC5, 0x4AF7, 0x09EF, 0xEAEE, 0x4AF7, 0x6AD6, 0x0029, 0x8010, 0xA018, 0x8018, 0xC018, 0x2008, 0x6894, 0x6BFF, 
  0xE9EE, 0x2AF7, 0xC9C5, 0x0029, 0x6008, 0xA118, 0xA018, 0xA018, 0xA010, 0xA010, 0xA018, 0xA018, 0xA018, 0x8010, 0xA010, 0x8010, 
  0x8010, 0x8010, 0x0129, 0xC462, 0x49D6, 0x2AEF, 0x0AEF, 0x0AEF, 0x0AEF, 0x0AEF, 0x2AEF, 0xA9DE, 0x08CE, 0x0BE7, 0x09EF, 0x0AEF, 
  0x0AEF, 0x0AEF, 0x47B5, 0xE583, 0x2373, 0x4AD6, 0x2AEF, 0x0AEF, 0x0AEF, 0xCBE6, 0xE58B, 0x29AD, 0xE6A4, 0x2AF7, 0x0AEF, 0x0AEF, 
  0x09EF, 0x0AEF, 0xAADE, 0xAADE, 0xE8C5, 0x09CE, 0xEAE6, 0x0AEF, 0x0AEF, 0xE8CD, 0x4473, 0xE341, 0x6229, 0xE118, 0x8010, 0x8010, 
  0xC018, 0xA018, 0xA010, 0x8010, 0x034A, 0xA55A, 0x4573, 0x6EFF, 0x4BF7, 0x2BF7, 0xEACD, 0x6352, 0x4252, 0x056B, 0xA45A, 0xE241, 
  0xA018, 0x0121, 0x4673, 0xA45A, 0x434A, 0x078C, 0xCAC5, 0x0ACE, 0xA9BD, 0xE8A4, 0x278C, 0xA79C, 0xABDE, 0xA9C5, 0x67BD, 0xA8BD, 
  0xC8BD, 0x47AD, 0xC89C, 0x256B, 0xA57B, 0x4BF7, 0xE9EE, 0x4CF7, 0xE783, 0x6008, 0xA018, 0xA010, 0xA010, 0xA010, 0xC118, 0x6352, 
  0xC7A4, 0xEBEE, 0xC9F5, 0x62C9, 0xA3D0, 0xA4D8, 0x0CE1, 0xF0E8, 0xF0E8, 0xF0E8, 0xF0E8, 0xF0E8, 0xF0E8, 0xF0E8, 0xF0E8, 0xF0E8, 
  0xF0E8, 0xF0E8, 0xF0E8, 0xF0E8, 0xF0E8, 0xF0E8, 0xF0E8, 0xF0E8, 0xF0E8, 0xF0E8, 0xF0E8, 0xF0E8, 0xF0E8, 0xF0E8, 0xF0E8, 0xF0E8, 
  0xF0E8, 0xF0E8, 0xF0E8, 0xF0E8, 0xF0E8, 0xF0E8, 0xF0E8, 0xF0E8, 0xF0E8, 0xF0E8, 0xF0E8, 0xF0E8, 0xF0E8, 0xF0E8, 0xF0E8, 0xF0E8, 
  0xF0E8, 0xF0E8, 0xF0E8, 0xF0E8, 0xF0E8, 0xF0E8, 0xF0E8, 0xF0E8, 0xF0E8, 0xF0E8, 0xF0E8, 0xF0E8, 0xF0E8, 0xF0E8, 0xF0E8, 0x10E9, 
  0x10E9, 0xF0E8, 0xF0E8, 0xF0E8, 0xF0E8, 0xF0E8, 0xF0E8, 0xF0E8, 0xF0E8, 0xF0E8, 0xF0E8, 0xF0E8, 0xF0E8, 0xF0E8, 0xF0E8, 0xF0E8, 
  0xF0E8, 0xF0E8, 0xF0E8, 0xF0E8, 0xF0E8, 0xF0E8, 0xF0E8, 0xF0E8, 0xF0E8, 0xF0E8, 0xF0E8, 0xF0E8, 0xF0E8, 0xF0E8, 0xF0E8, 0xF0E8, 
  0xF0E8, 0xF0E8, 0xEAE0, 0x83C8, 0x43D2, 0xABFE, 0xA8BD, 0x8352, 0x2121, 0xC118, 0x8010, 0xC018, 0xA118, 0x6008, 0x024A, 0x2CF7, 
  0x68B5, 0x8010, 0xC683, 0x0CEF, 0x0AEF, 0xEAEE, 0x4AF7, 0x89BD, 0xC018, 0xC018, 0xA018, 0xA118, 0xC018, 0x6010, 0x6352, 0x0CEF, 
  0x09EF, 0xE9EE, 0x0BEF, 0x09AD, 0x6131, 0x4008, 0x6010, 0x6008, 0xA010, 0xA018, 0xA010, 0xA010, 0x8010, 0xA018, 0xA010, 0xA010, 
  0xA018, 0x8018, 0x8231, 0xE362, 0x6ADE, 0x2AEF, 0x0AEF, 0x0AEF, 0x0AEF, 0x0AEF, 0x0AEF, 0x4BEF, 0xA69C, 0x48AD, 0x4BF7, 0xE9EE, 
  0x0AEF, 0xEAEE, 0xE8C5, 0xE8A4, 0x6694, 0x69D6, 0x0AEF, 0x0AEF, 0x09EF, 0xEBEE, 0xE68B, 0xCBBD, 0xA47B, 0x0BEF, 0x0AEF, 0x09EF, 
  0x2AEF, 0x6AD6, 0x248C, 0x69B5, 0x879C, 0x815A, 0x47B5, 0x2AEF, 0xEAEE, 0x2AEF, 0x2CEF, 0xA99C, 0xA239, 0xA018, 0xA018, 0xA018, 
  0x8018, 0xA010, 0xA018, 0x4010, 0xECC5, 0x2AAD, 0x2008, 0x0342, 0xC683, 0x256B, 0x0021, 0x4008, 0x6010, 0x6010, 0x4008, 0x2229, 
  0x2229, 0x8010, 0x4008, 0x4008, 0x4008, 0x4008, 0xA018, 0xE020, 0x8018, 0xA018, 0x8018, 0xC462, 0x68B5, 0x47B5, 0x869C, 0x869C, 
  0xE7A4, 0xC7A4, 0x0684, 0xA35A, 0x6694, 0x0BEF, 0x2AEF, 0xEBE6, 0xC241, 0x6008, 0xA018, 0x8018, 0xA010, 0x8018, 0x4010, 0x234A, 
  0x478C, 0xE8C5, 0xAAFE, 0x23D2, 0xA3D0, 0xA4D8, 0xEAE0, 0x0FE9, 0xF0E8, 0xF0E8, 0xF0E8, 0xF0E8, 0xF0E8, 0xF0E8, 0x10E9, 0xF0E8, 
  0xF0E8, 0xF0E8, 0xF0E8, 0xF0E8, 0xF0E8, 0xF0E8, 0xF0E8, 0xF0E8, 0xF0E8, 0xF0E8, 0xF0E8, 0xF0E8, 0xF0E8, 0xF0E8, 0xF0E8, 0xF0E8, 
  0xF0E8, 0xF0E8, 0xF0E8, 0xF0E8, 0xF0E8, 0xF0E8, 0xF0E8, 0xF0E8, 0xF0E8, 0xF0E8, 0xF0E8, 0xF0E8, 0xF0E8, 0xF0E8, 0xF0E8, 0xF0E8, 
  0xF0E8, 0xF0E8, 0xF0E8, 0xF0E8, 0xF0E8, 0xF0E8, 0xF0E8, 0xF0E8, 0xF0E8, 0xF0E8, 0xF0E8, 0xF0E8, 0xF0E8, 0xF0E8, 0xF0E8, 0x10E9, 
  0x10E9, 0xF0E8, 0xF0E8, 0xF0E8, 0xF0E8, 0xF0E8, 0xF0E8, 0xF0E8, 0xF0E8, 0xF0E8, 0xF0E8, 0xF0E8, 0xF0E8, 0xF0E8, 0xF0E8, 0xF0E8, 
  0xF0E8, 0xF0E8, 0xF0E8, 0xF0E8, 0xF0E8, 0xF0E8, 0xF0E8, 0xF0E8, 0xF0E8, 0xF0E8, 0xF0E8, 0xF0E8, 0xF0E8, 0xF0E8, 0xF0E8, 0xF0E8, 
  0xF0E8, 0x10E9, 0xE9E0, 0x82C8, 0x25DB, 0xEBF6, 0xC6A4, 0x2573, 0xE120, 0xC018, 0xA018, 0x2229, 0xA018, 0xC118, 0xE120, 0xEAC5, 
  0xC9C5, 0xA010, 0xA018, 0x068C, 0x4BF7, 0xE9E6, 0x4AF7, 0xA9C5, 0x0021, 0x8010, 0xA018, 0xA018, 0xC018, 0xA018, 0x8018, 0x6573, 
  0x4CEF, 0x2AEF, 0xEAEE, 0x4BF7, 0x4AD6, 0x056B, 0x234A, 0x234A, 0xA018, 0x8010, 0xA018, 0xA018, 0xA018, 0xA018, 0xA018, 0xA010, 
  0xA118, 0xC118, 0xE341, 0xA47B, 0xEBE6, 0x09EF, 0x0AEF, 0x0AEF, 0x09EF, 0x09EF, 0x09EF, 0x4BF7, 0x046B, 0x8352, 0xEBE6, 0x0AEF, 
  0x0AEF, 0xA9E6, 0x48B5, 0x837B, 0xC6A4, 0x49D6, 0x2AEF, 0x0AEF, 0x09EF, 0xEAE6, 0xA79C, 0xCBBD, 0x6252, 0xAADE, 0x2AEF, 0x0AEF, 
  0x2BEF, 0x28B5, 0x8573, 0xA35A, 0xA35A, 0x28AD, 0xAAE6, 0x09EF, 0xE9EE, 0x6BF7, 0x8ABD, 0x2129, 0x8018, 0x8018, 0xA118, 0xA018, 
  0x8018, 0xA018, 0xA018, 0x6010, 0xC77B, 0x466B, 0x4008, 0x6008, 0x4008, 0x6010, 0x8010, 0xA018, 0xA018, 0xE120, 0xA018, 0xA018, 
  0xC118, 0x8018, 0xC018, 0xA018, 0xA018, 0xA018, 0xA018, 0x8010, 0xA010, 0xA018, 0x6010, 0x2131, 0xC7A4, 0xAADE, 0x49D6, 0xE9C5, 
  0x27B5, 0xC6A4, 0x058C, 0x278C, 0x879C, 0x0BEF, 0x4BF7, 0x28AD, 0x8010, 0xA010, 0x8018, 0x8018, 0x8010, 0x2229, 0x2229, 0x8231, 
  0xE462, 0xC8C5, 0x0BFF, 0xE4DA, 0xA3D0, 0xA4D8, 0xC9D8, 0x0FE9, 0xF0E8, 0xF0E8, 0xF0E8, 0xF0E8, 0xF0E8, 0xF0E8, 0xF0E8, 0xF0E8, 
  0xF0E8, 0xF0E8, 0xF0E8, 0xF0E8, 0xF0E8, 0xF0E8, 0xF0E8, 0xF0E8, 0xF0E8, 0xF0E8, 0xF0E8, 0xF0E8, 0xF0E8, 0xF0E8, 0xF0E8, 0xF0E8, 
  0xF0E8, 0xF0E8, 0xF0E8, 0xF0E8, 0xF0E8, 0xF0E8, 0xF0E8, 0xF0E8, 0xF0E8, 0xF0E8, 0xF0E8, 0xF0E8, 0xF0E8, 0xF0E8, 0xF0E8, 0xF0E8, 
  0xF0E8, 0xF0E8, 0xF0E8, 0xF0E8, 0xF0E8, 0xF0E8, 0xF0E8, 0xF0E8, 0xF0E8, 0xF0E8, 0xF0E8, 0xF0E8, 0xF0E8, 0xF0E8, 0xF0E8, 0x10E9, 
  0x10E9, 0xF0E8, 0xF0E8, 0xF0E8, 0xF0E0, 0xF0E8, 0xF0E8, 0xF0E8, 0xF0E8, 0xF0E8, 0xF0E8, 0xF0E8, 0xF0E8, 0xF0E8, 0xF0E8, 0xF0E8, 
  0xF0E8, 0xF0E8, 0xF0E8, 0xF0E8, 0xF0E8, 0xF0E8, 0xF0E8, 0xF0E8, 0xF0E8, 0xF0E8, 0xF0E8, 0xF0E8, 0xF0E8, 0xF0E8, 0xF0E8, 0xF0E8, 
  0xF0E8, 0x10E9, 0xC8E0, 0x82C8, 0xE6E3, 0xEBF6, 0x69B5, 0x6352, 0xA018, 0xA018, 0xA010, 0x8010, 0xA010, 0xC018, 0x6008, 0x8573, 
  0x6CD6, 0x2029, 0x8010, 0x4129, 0x6BD6, 0x4BFF, 0xE9E6, 0x4BEF, 0x48AD, 0x6131, 0x2029, 0xA018, 0x4008, 0x8010, 0x8010, 0xA018, 
  0xA8A4, 0x6BDE, 0x0CEF, 0x4BF7, 0x8CFF, 0x2BEF, 0xECE6, 0x4CEF, 0x8794, 0xA018, 0xA018, 0xA010, 0x8010, 0xA010, 0xA010, 0xA010, 
  0xA010, 0xC018, 0xC239, 0x69BD, 0x4BF7, 0x09EF, 0x0AEF, 0x0AEF, 0x09EF, 0x0AEF, 0x0AEF, 0x0AEF, 0x857B, 0xE020, 0x89BD, 0x4AF7, 
  0x0AEF, 0xEAE6, 0x06AD, 0x48B5, 0x47B5, 0x49D6, 0x0AEF, 0x0AEF, 0x4AF7, 0x8BDE, 0xA69C, 0x6CCE, 0x6031, 0xCAC5, 0x4BF7, 0xC9E6, 
  0x09CE, 0xE58B, 0x214A, 0x224A, 0xC583, 0x6AD6, 0xEBE6, 0x2CEF, 0x0CEF, 0x4BCE, 0xE241, 0x4008, 0xC018, 0xA010, 0x8010, 0x8010, 
  0xA010, 0xA018, 0xA018, 0xA018, 0xA018, 0x8010, 0x8018, 0xA018, 0xA018, 0xA018, 0xA018, 0xA010, 0xA010, 0x8010, 0xC018, 0xA018, 
  0x8010, 0xA010, 0xA018, 0xA010, 0xA018, 0xA018, 0xA018, 0xA018, 0xA018, 0xA018, 0x6010, 0xC783, 0xAEFF, 0x09EF, 0x09EF, 0x2AEF, 
  0x2AF7, 0x69D6, 0x68B5, 0x246B, 0x2473, 0xEBEE, 0x6BFF, 0xA67B, 0x4008, 0xC018, 0x8018, 0xA018, 0x8010, 0x0121, 0x4231, 0x444A, 
  0x8352, 0xA9C5, 0x2BFF, 0xE6E3, 0xA2C8, 0xA4D8, 0xC7D8, 0x0EE9, 0xF0E8, 0xF0E8, 0xF0E8, 0xF0E8, 0xF0E8, 0xF0E8, 0xF0E8, 0xF0E8, 
  0xF0E8, 0xF0E8, 0xF0E8, 0xF0E8, 0xF0E8, 0xF0E8, 0xF0E8, 0xF0E8, 0xF0E8, 0xF0E8, 0xF0E8, 0xF0E8, 0xF0E8, 0xF0E8, 0xF0E8, 0xF0E8, 
  0xF0E8, 0xF0E8, 0xF0E8, 0xF0E8, 0xF0E8, 0xF0E8, 0xF0E8, 0xF0E8, 0xF0E8, 0xF0E8, 0xF0E8, 0xF0E8, 0xF0E8, 0xF0E8, 0xF0E8, 0xF0E8, 
  0xF0E8, 0xF0E8, 0xF0E8, 0xF0E8, 0xF0E8, 0xF0E0, 0xF0E8, 0xF0E8, 0xF0E8, 0xF0E8, 0xF0E8, 0xF0E8, 0xF0E8, 0xF0E8, 0xF0E8, 0x10E9, 
  0x10E9, 0xF0E8, 0xF0E8, 0xF0E8, 0xF0E8, 0xF0E8, 0xF0E8, 0xF0E8, 0xF0E8, 0xF0E8, 0xF0E8, 0xF0E8, 0xF0E8, 0xF0E8, 0xF0E8, 0xF0E8, 
  0xF0E8, 0xF0E8, 0xF0E8, 0xF0E8, 0xF0E8, 0xF0E8, 0xF0E8, 0xF0E8, 0xF0E8, 0xF0E8, 0xF0E8, 0xF0E8, 0xF0E8, 0xF0E8, 0xF0E8, 0xF0E8, 
  0xF0E8, 0x10E9, 0xC8E0, 0xC1C8, 0xA8F4, 0x89DE, 0x8794, 0x6131, 0xC120, 0xA118, 0xA018, 0x8018, 0xA010, 0xA010, 0x8010, 0xC239, 
  0xEDE6, 0x246B, 0x6010, 0xA010, 0x6452, 0x4AD6, 0x6BF7, 0x0AEF, 0x2BF7, 0x6AD6, 0xE9C5, 0x8ABD, 0x4452, 0x2129, 0xE120, 0x2229, 
  0x4231, 0xC239, 0x2463, 0x258C, 0x4594, 0x28CE, 0x2AEF, 0x0AEF, 0x6CF7, 0x6794, 0x8010, 0xA010, 0xA018, 0xA010, 0xA010, 0xA010, 
  0xC018, 0x8331, 0xC35A, 0x8ADE, 0x2AEF, 0x09EF, 0x0AEF, 0x09EF, 0x0AEF, 0x0AEF, 0x0AEF, 0xCAE6, 0x046B, 0xA018, 0xC7A4, 0x6BF7, 
  0x09EF, 0x0AEF, 0x0AEF, 0x4BF7, 0xCAE6, 0x26B5, 0xE9E6, 0xCADE, 0xABE6, 0x879C, 0xC362, 0xEDE6, 0x014A, 0x0ACE, 0x4AF7, 0xE9EE, 
  0x48D6, 0x27AD, 0x28AD, 0x0AC6, 0xE9A4, 0xC362, 0x4352, 0x845A, 0x6352, 0xE141, 0x8010, 0xA010, 0xE118, 0xC118, 0xA018, 0xA018, 
  0xA010, 0x8010, 0x8010, 0xA018, 0xA118, 0x8118, 0xA018, 0xA018, 0xA018, 0xA018, 0xA018, 0xA010, 0x8010, 0xA018, 0xE120, 0xC018, 
  0xA010, 0xA018, 0xA010, 0xA018, 0xA010, 0x8010, 0xA018, 0xA010, 0xA010, 0xA010, 0x8010, 0xC239, 0x8ABD, 0xECE6, 0x4BF7, 0x4BF7, 
  0x4BF7, 0x8BFF, 0x6BD6, 0x256B, 0xA239, 0x268C, 0x6DFF, 0xE783, 0x6010, 0xA118, 0xA018, 0xA018, 0xA010, 0xA118, 0xC020, 0x0342, 
  0x0342, 0xA7A4, 0x4BFF, 0xE8EC, 0xE2C8, 0xA3D8, 0xA5D0, 0xEDE8, 0xF0E8, 0xF0E8, 0xF0E8, 0xF0E8, 0xF0E8, 0xF0E8, 0xF0E8, 0xF0E8, 
  0xF0E8, 0xF0E8, 0xF0E8, 0xF0E8, 0xF0E8, 0xF0E8, 0xF0E8, 0xF0E8, 0xF0E8, 0xF0E8, 0xF0E8, 0xF0E8, 0xF0E8, 0xF0E8, 0xF0E8, 0xF0E8, 
  0xF0E8, 0xF0E8, 0xF0E8, 0xF0E8, 0xF0E8, 0xF0E8, 0xF0E8, 0xF0E8, 0xF0E8, 0xF0E8, 0xF0E8, 0xF0E8, 0xF0E8, 0xF0E8, 0xF0E8, 0xF0E8, 
  0xF0E8, 0xF0E8, 0xF0E8, 0xF0E8, 0xF0E8, 0xF0E8, 0xF0E8, 0xF0E8, 0xF0E8, 0xF0E8, 0xF0E8, 0xF0E8, 0xF0E8, 0xF0E8, 0xF0E8, 0x10E9, 
  0x10E9, 0xF0E8, 0xF0E8, 0xF0E8, 0xF0E8, 0xF0E8, 0xF0E8, 0xF0E8, 0xF0E8, 0xF0E8, 0xF0E8, 0xF0E8, 0xF0E8, 0xF0E8, 0xF0E8, 0xF0E8, 
  0xF0E8, 0xF0E8, 0xF0E8, 0xF0E8, 0xF0E8, 0xF0E8, 0xF0E8, 0xF0E8, 0xF0E8, 0xF0E8, 0xF0E8, 0xF0E8, 0xF0E8, 0xF0E8, 0xF0E8, 0xF0E8, 
  0xEFE8, 0x0FE9, 0xC7D8, 0x02C9, 0x49F5, 0x6AD6, 0x036B, 0xA239, 0xA018, 0xE220, 0xC118, 0xA018, 0xA018, 0xC118, 0x8010, 0x2021, 
  0x6BD6, 0xABE6, 0x4352, 0x6008, 0x4008, 0x8131, 0x49AD, 0x0BEF, 0x0AEF, 0x2AEF, 0x4AF7, 0x4BF7, 0x0BEF, 0x49AD, 0xA239, 0x4329, 
  0xC018, 0xC018, 0x8018, 0x0029, 0x078C, 0xCAE6, 0x09EF, 0xEAEE, 0x4BF7, 0x69B5, 0xC018, 0xA010, 0xA018, 0xA010, 0xA118, 0xC018, 
  0xC018, 0x8239, 0x6794, 0xA9E6, 0x09EF, 0x0AEF, 0x0AEF, 0x09EF, 0x0AEF, 0x0AEF, 0x2AEF, 0xABDE, 0xC45A, 0xA018, 0x28AD, 0x4BF7, 
  0xEAEE, 0xEAE6, 0x0BE7, 0xABDE, 0x28AD, 0xA8C5, 0x4BF7, 0x258C, 0xA8A4, 0x49B5, 0x6252, 0x0DEF, 0xC6A4, 0xEAE6, 0x0AEF, 0x0AEF, 
  0xEAEE, 0xEAEE, 0x8CFF, 0x2BC6, 0x8239, 0x6010, 0x6010, 0x4008, 0xC239, 0x434A, 0x2129, 0x0121, 0x0221, 0xA118, 0xA018, 0xA018, 
  0xA018, 0x8010, 0xA010, 0xA018, 0x8010, 0xA018, 0xA018, 0xA018, 0xA018, 0xA010, 0xA018, 0xA010, 0xA010, 0xA018, 0xA018, 0xA010, 
  0xA018, 0xA018, 0xA010, 0xA010, 0xA010, 0xA010, 0xA010, 0xA010, 0xA010, 0xA010, 0x8010, 0x8010, 0xC018, 0xE241, 0x056B, 0x6794, 
  0xE8AC, 0x49B5, 0x6994, 0x0121, 0x8010, 0x8018, 0x0BCE, 0xA57B, 0x2008, 0xA118, 0xA010, 0xA018, 0x8110, 0x8010, 0xA018, 0x6010, 
  0xE120, 0x857B, 0xCAE6, 0xE9F5, 0x42C9, 0xA3D8, 0xA4D8, 0xECE0, 0xF0E8, 0xF0E8, 0xF0E8, 0xF0E8, 0xF0E8, 0xF0E8, 0xF0E8, 0xF0E8, 
  0xF0E8, 0xF0E8, 0xF0E8, 0xF0E8, 0xF0E8, 0xF0E8, 0xF0E8, 0xF0E8, 0xF0E8, 0xF0E8, 0xF0E8, 0xF0E8, 0xF0E8, 0xF0E8, 0xF0E8, 0xF0E8, 
  0xF0E8, 0xF0E8, 0xF0E8, 0xF0E8, 0xF0E8, 0xF0E8, 0xF0E8, 0xF0E8, 0xF0E8, 0xF0E8, 0xF0E8, 0xF0E8, 0xF0E8, 0xF0E8, 0xF0E8, 0xF0E8, 
  0xF0E8, 0xF0E8, 0xF0E8, 0xF0E8, 0xF0E8, 0xF0E8, 0xF0E8, 0xF0E8, 0xF0E8, 0xF0E8, 0xF0E8, 0xF0E8, 0xF0E8, 0xF0E8, 0xF0E8, 0x10E9, 
  0x10E9, 0xF0E8, 0xF0E8, 0xF0E8, 0xF0E8, 0xF0E8, 0xF0E8, 0xF0E8, 0xF0E8, 0xF0E8, 0xF0E8, 0xF0E8, 0xF0E0, 0xF0E8, 0xF0E8, 0xF0E8, 
  0xF0E8, 0xF0E8, 0xF0E8, 0xF0E8, 0xF0E8, 0xF0E8, 0xF0E8, 0xF0E8, 0xF0E8, 0xF0E8, 0xF0E8, 0xF0E8, 0xF0E8, 0xF0E8, 0xF0E8, 0xF0E8, 
  0xF0E8, 0x0FE9, 0xA7D8, 0x22C9, 0xA9F5, 0x6AD6, 0xC67B, 0xA239, 0xA018, 0xA018, 0xA018, 0xA018, 0x8010, 0xC118, 0xC120, 0x2129, 
  0x88BD, 0x8CFF, 0xEAC5, 0x4029, 0xE020, 0x4010, 0xA010, 0x246B, 0xEAE6, 0x0AEF, 0xE9EE, 0xEAEE, 0x0CEF, 0xC583, 0xE120, 0xA010, 
  0x8231, 0xE120, 0x0242, 0x69B5, 0x4CF7, 0x0AEF, 0x0AEF, 0x0AEF, 0xCAE6, 0x4694, 0x4229, 0xA018, 0x8018, 0x8018, 0xC018, 0x2229, 
  0xE020, 0x6573, 0xE9C5, 0x0AEF, 0x0AEF, 0x0AEF, 0x0AEF, 0x09EF, 0x0AEF, 0x0AEF, 0x09EF, 0xEBE6, 0x424A, 0x6010, 0x69B5, 0x4AF7, 
  0xEBEE, 0xC6A4, 0x246B, 0x0242, 0x8131, 0xE7A4, 0x8CFF, 0xC6A4, 0xE8C5, 0xCCE6, 0x647B, 0x0CEF, 0x0AEF, 0x0AEF, 0xE9EE, 0x09EF, 
  0x2AF7, 0x6CFF, 0x29AD, 0x0029, 0x8018, 0xA010, 0xE120, 0xC339, 0x466B, 0xE683, 0xE462, 0x4129, 0xE118, 0xA018, 0xA018, 0xA018, 
  0xC018, 0xA018, 0x8010, 0xA010, 0xA010, 0xA010, 0xA018, 0xA018, 0xA018, 0xA018, 0xA018, 0xA010, 0xA010, 0xA010, 0xE120, 0xA018, 
  0x8010, 0xA018, 0xA010, 0xA010, 0xA010, 0xA018, 0xA018, 0xA010, 0xA018, 0xA010, 0xA018, 0xC018, 0xA010, 0xA010, 0x2008, 0x4008, 
  0xA010, 0x6010, 0x8010, 0x4008, 0x6010, 0xA239, 0x4AD6, 0xA8BD, 0xE020, 0xA118, 0xA010, 0xA010, 0x8010, 0xA018, 0xA018, 0xE120, 
  0x4229, 0x4573, 0x49D6, 0x8AFE, 0xE3D1, 0x83D0, 0xA4D8, 0xEBE0, 0xF0E8, 0xF0E8, 0xF0E8, 0xF0E8, 0xF0E8, 0xF0E8, 0xF0E8, 0xF0E8, 
  0xF0E8, 0xF0E8, 0xF0E8, 0xF0E8, 0xF0E8, 0xF0E8, 0xF0E8, 0xF0E8, 0xF0E8, 0xF0E8, 0xF0E8, 0xF0E0, 0xF0E8, 0xF0E8, 0xF0E8, 0xF0E8, 
  0xF0E8, 0xF0E8, 0xF0E8, 0xF0E8, 0xF0E8, 0xF0E8, 0x10E9, 0xF0E8, 0xF0E8, 0xF0E8, 0xF0E8, 0xF0E8, 0xF0E8, 0xF0E8, 0xF0E8, 0xF0E8, 
  0xF0E8, 0xF0E8, 0xF0E8, 0xF0E8, 0xF0E8, 0xF0E8, 0xF0E8, 0xF0E8, 0xF0E8, 0xF0E8, 0xF0E8, 0xF0E8, 0xF0E8, 0xF0E8, 0xF0E8, 0x10E9, 
  0x10E9, 0xF0E0, 0xF0E8, 0xF0E8, 0xF0E8, 0xF0E8, 0xF0E8, 0xF0E8, 0xF0E8, 0xF0E8, 0xF0E8, 0xF0E8, 0xF0E0, 0xF0E8, 0xF0E8, 0xF0E8, 
  0xF0E8, 0xF0E8, 0xF0E8, 0xF0E8, 0xF0E0, 0xF0E8, 0xF0E8, 0xF0E8, 0xF0E8, 0xF0E8, 0xF0E8, 0xF0E8, 0xF0E8, 0xF0E8, 0xF0E8, 0xF0E8, 
  0xF0E8, 0xEFE8, 0xA7D8, 0x42C9, 0x0AF6, 0x87BD, 0x4473, 0xE241, 0x2129, 0xA018, 0x8018, 0xA010, 0xA010, 0xA018, 0xE120, 0x0342, 
  0x6BD6, 0x0AEF, 0x0AEF, 0x09CE, 0x0ACE, 0xC77B, 0x4008, 0xC018, 0xE8CD, 0x2BF7, 0x0AEF, 0xCBE6, 0x657B, 0xE020, 0xC118, 0xC120, 
  0xA231, 0xE241, 0x69B5, 0x8BF7, 0xE9EE, 0x0AEF, 0x09EF, 0x0AEF, 0x27AD, 0x8352, 0xA018, 0xA018, 0xA010, 0x8010, 0xA018, 0xC118, 
  0xE120, 0x4352, 0x28AD, 0x2BF7, 0x0AEF, 0x09EF, 0x0AEF, 0x0AEF, 0x0AEF, 0x0AEF, 0x0AEF, 0x0BEF, 0x234A, 0xE018, 0xE9C5, 0x2AF7, 
  0x0AEF, 0x48B5, 0x0242, 0xA118, 0x6131, 0x88BD, 0x4AF7, 0xCAEE, 0x0AEF, 0xEAEE, 0x67B5, 0x0BEF, 0x28CE, 0xCAE6, 0x4BF7, 0x2CEF, 
  0x09CE, 0x2794, 0x2129, 0x4010, 0xA018, 0xA010, 0xA018, 0xA239, 0x867B, 0x4894, 0x0663, 0x0121, 0x8010, 0xA018, 0xA018, 0xC118, 
  0xA018, 0xC118, 0x8010, 0xA010, 0xA118, 0xA118, 0x8010, 0x4008, 0xC118, 0xC118, 0xA010, 0xA018, 0xA018, 0xA118, 0xC118, 0xC120, 
  0xA018, 0x8018, 0xA018, 0xC118, 0xA018, 0xA010, 0xA018, 0xA010, 0xA010, 0x8010, 0xA018, 0xA018, 0xA018, 0x2121, 0xC018, 0xA018, 
  0xA010, 0xA010, 0x8010, 0x0563, 0x835A, 0x08AD, 0x4BF7, 0x2BEF, 0xC67B, 0x4010, 0xA018, 0xA018, 0x8018, 0xA010, 0xA018, 0x0129, 
  0x2129, 0x8573, 0x29CE, 0xEBFE, 0xC4D2, 0x82D0, 0xA3D8, 0xC9E0, 0x0FE9, 0xF0E8, 0xF0E8, 0xF0E8, 0xF0E8, 0xF0E8, 0xF0E8, 0xF0E8, 
  0xF0E8, 0xF0E8, 0xF0E8, 0xF0E8, 0xF0E8, 0xF0E8, 0xF0E8, 0xF0E8, 0xF0E8, 0xF0E8, 0xF0E8, 0xF0E8, 0xF0E8, 0xF0E8, 0xF0E8, 0xF0E8, 
  0xF0E8, 0xF0E8, 0xF0E8, 0xF0E8, 0xF0E8, 0xF0E8, 0xF0E8, 0xF0E8, 0xF0E8, 0xF0E8, 0xF0E8, 0xF0E8, 0xF0E8, 0xF0E8, 0xF0E8, 0xF0E8, 
  0xF0E8, 0xF0E8, 0xF0E8, 0xF0E8, 0xF0E8, 0xF0E8, 0xF0E8, 0xF0E8, 0xF0E8, 0xF0E8, 0xF0E8, 0xF0E8, 0xF0E8, 0xF0E8, 0xF0E8, 0x10E9, 
  0x10E9, 0xF0E0, 0xF0E8, 0xF0E8, 0xF0E8, 0xF0E8, 0xF0E8, 0xF0E8, 0xF0E8, 0xF0E8, 0xF0E8, 0xF0E8, 0xF0E8, 0xF0E8, 0xF0E8, 0xF0E8, 
  0xF0E8, 0xF0E8, 0xF0E8, 0xF0E8, 0xF0E8, 0xF0E8, 0xF0E8, 0xF0E8, 0xF0E8, 0xF0E8, 0xF0E8, 0xF0E8, 0xF0E8, 0xF0E8, 0xF0E8, 0xF0E8, 
  0xF0E8, 0x0EE9, 0xA6D8, 0x62C9, 0x2BF6, 0xE7A4, 0xC683, 0xA45A, 0xE441, 0xA018, 0xA018, 0xA018, 0xA010, 0xA018, 0xA018, 0x4131, 
  0x09C6, 0x4AF7, 0xEAEE, 0x0AF7, 0xACFF, 0xE9A4, 0x2008, 0xC683, 0x2BEF, 0x09EF, 0x2BEF, 0xC57B, 0xA018, 0xA010, 0xE118, 0x8018, 
  0x2129, 0x28AD, 0x0BEF, 0x09EF, 0x0AEF, 0xE9EE, 0x4BF7, 0x4ACE, 0x6352, 0x0121, 0x8010, 0xA018, 0xA010, 0xA018, 0xA018, 0x8010, 
  0xE120, 0xC120, 0x4573, 0x0BEF, 0x09EF, 0x09EF, 0x09EF, 0x0AEF, 0x0AEF, 0x09EF, 0x0AEF, 0xCBE6, 0xE341, 0x2129, 0x8BDE, 0x0AEF, 
  0x4AF7, 0x68B5, 0x2029, 0x2229, 0xC241, 0x2ACE, 0x2AF7, 0xEAEE, 0x0AEF, 0x0AEF, 0xE9EE, 0x4CF7, 0x869C, 0x458C, 0xEAC5, 0xC783, 
  0x0129, 0x6010, 0x8010, 0xA010, 0xA110, 0xA010, 0xA010, 0x0121, 0x8231, 0x8239, 0x4129, 0xC118, 0xA010, 0xA010, 0x8018, 0xA018, 
  0xA010, 0x8010, 0xA018, 0xA010, 0xA018, 0x6010, 0xA339, 0x234A, 0xC018, 0x8010, 0xA010, 0x4008, 0x6010, 0xC118, 0x6010, 0xE120, 
  0x0121, 0xC018, 0xC118, 0xC018, 0xA018, 0xA018, 0xA018, 0xA010, 0xA010, 0xA018, 0xA010, 0xA018, 0xC118, 0xA018, 0xA118, 0x8010, 
  0xA018, 0xA118, 0x4008, 0x29AD, 0x4BF7, 0xEAE6, 0xEAEE, 0x2AF7, 0x29CE, 0x0242, 0xA018, 0x8010, 0xA018, 0xA018, 0xA018, 0xC118, 
  0xA118, 0x056B, 0x29CE, 0x2BFF, 0xA6DB, 0xA2C8, 0xC3D0, 0xC8D8, 0x0FE9, 0xF0E8, 0xF0E8, 0xF0E8, 0xF0E8, 0xF0E8, 0xF0E8, 0xF0E8, 
  0xF0E8, 0xF0E8, 0xF0E8, 0xF0E8, 0xF0E8, 0xF0E8, 0xF0E8, 0xF0E8, 0xF0E8, 0xF0E8, 0xF0E8, 0xF0E8, 0xF0E8, 0xF0E8, 0xF0E8, 0xF0E8, 
  0xF0E8, 0xF0E8, 0xF0E8, 0xF0E8, 0xF0E8, 0xF0E8, 0xF0E8, 0xF0E8, 0xF0E8, 0xF0E8, 0xF0E8, 0xF0E8, 0xF0E8, 0xF0E8, 0xF0E8, 0xF0E8, 
  0xF0E8, 0xF0E8, 0xF0E8, 0xF0E8, 0xF0E8, 0xF0E8, 0xF0E8, 0xF0E8, 0xF0E8, 0xF0E8, 0xF0E8, 0xF0E8, 0xF0E8, 0xF0E8, 0xEFE8, 0x10E9, 
  0x10E9, 0xF0E8, 0xF0E8, 0x10E9, 0x10E9, 0xF0E8, 0xF0E8, 0xF0E8, 0xF0E8, 0xF0E8, 0xF0E8, 0xF0E8, 0xF0E8, 0xF0E8, 0xF0E8, 0xF0E8, 
  0xF0E8, 0xF0E8, 0xF0E8, 0xF0E8, 0xF0E8, 0xF0E8, 0xF0E8, 0xF0E8, 0xF0E8, 0xF0E8, 0xF0E8, 0xF0E8, 0xF0E8, 0xF0E8, 0xF0E8, 0xF0E8, 
  0xF0E8, 0x0EE9, 0x85D8, 0xA3C9, 0xEAED, 0x28B5, 0xC57B, 0x034A, 0xE120, 0xA018, 0xA018, 0xA018, 0xA010, 0xA010, 0x8110, 0xC020, 
  0x48B5, 0x4BF7, 0xE9EE, 0x0AEF, 0xCCE6, 0xE241, 0x6252, 0xABE6, 0x0AEF, 0x4BF7, 0x08AD, 0xC018, 0xA110, 0xA018, 0x8018, 0xE120, 
  0xE362, 0x0CE7, 0x0AEF, 0x09EF, 0x0AE7, 0x4BF7, 0x0ACE, 0x4352, 0xA018, 0xA018, 0xA010, 0xA010, 0xA010, 0xA018, 0xA010, 0xA018, 
  0xA018, 0xC020, 0xE241, 0x8ABD, 0x4BF7, 0x0AEF, 0x0AEF, 0x09EF, 0x09EF, 0x09EF, 0x09EF, 0xEBE6, 0x234A, 0xA018, 0xA9BD, 0x4AF7, 
  0x2AF7, 0xA9BD, 0xC239, 0x2129, 0x8031, 0xA9BD, 0x2BF7, 0x0AEF, 0x0AEF, 0x09EF, 0xE9EE, 0x4BF7, 0x08A5, 0x434A, 0x0242, 0xE018, 
  0xA018, 0xA018, 0xA018, 0xA010, 0xA010, 0xA018, 0xA010, 0x8010, 0xA018, 0x8010, 0x8010, 0xA010, 0xA018, 0xA010, 0xA010, 0xA010, 
  0xA010, 0x8018, 0x8018, 0xA010, 0xA010, 0x6010, 0x6452, 0x0FE7, 0x8994, 0x8010, 0xA018, 0x256B, 0x6794, 0xC683, 0x424A, 0xC020, 
  0x8010, 0xA018, 0xC118, 0x8010, 0xA010, 0xA018, 0x8018, 0xA010, 0xA010, 0xA018, 0xC118, 0xA010, 0xE018, 0xE118, 0xA118, 0xA018, 
  0xA018, 0xA010, 0x6010, 0x08AD, 0x4AF7, 0xEAEE, 0x0AEF, 0x09EF, 0x4AEF, 0x2AD6, 0xC241, 0x6010, 0xA018, 0x8018, 0xA010, 0x8010, 
  0xC118, 0x0029, 0xA79C, 0x6CFF, 0x87EC, 0xC2D0, 0xA3D0, 0xC7D8, 0xEEE8, 0xF0E8, 0xF0E8, 0xF0E8, 0xF0E8, 0xF0E8, 0xF0E8, 0xF0E8, 
  0xF0E8, 0xF0E8, 0xF0E8, 0xEFE8, 0xF0E8, 0xF0E8, 0xF0E8, 0xF0E8, 0xF0E8, 0xF0E8, 0xF0E8, 0xF0E8, 0xF0E8, 0xF0E8, 0xF0E8, 0xF0E8, 
  0xF0E8, 0xF0E8, 0xF0E8, 0xF0E8, 0xF0E8, 0xF0E8, 0xF0E8, 0xF0E8, 0xF0E8, 0xF0E8, 0xF0E8, 0xF0E8, 0xF0E8, 0xF0E8, 0xF0E8, 0xF0E8, 
  0xF0E8, 0xF0E8, 0xF0E8, 0xF0E8, 0xF0E8, 0xF0E8, 0x10E9, 0xF0E8, 0xF0E8, 0xF0E8, 0xF0E8, 0xF0E8, 0xF0E8, 0xF0E8, 0xF0E8, 0x10E9, 
  0x10E9, 0xF0E8, 0xF0E8, 0xF0E8, 0xF0E8, 0xF0E8, 0xF0E8, 0xF0E8, 0xF0E8, 0xF0E8, 0xF0E8, 0xF0E8, 0xF0E8, 0xF0E8, 0xF0E8, 0xF0E8, 
  0xF0E8, 0xF0E8, 0xF0E8, 0xF0E8, 0xF0E8, 0xF0E8, 0xF0E8, 0xF0E8, 0xF0E8, 0xF0E8, 0xF0E8, 0xF0E8, 0xF0E8, 0xF0E8, 0xF0E8, 0xF0E8, 
  0xEFE8, 0x0DE9, 0x85D0, 0xC3D1, 0x0AEE, 0xA5A4, 0x857B, 0x4129, 0x8331, 0xE118, 0xA010, 0xA018, 0xA010, 0xC018, 0xC118, 0x0029, 
  0xA9BD, 0x4BF7, 0xE9EE, 0x6CF7, 0x0684, 0x4131, 0x4BD6, 0x2AF7, 0x2AF7, 0x0ACE, 0xA139, 0x8010, 0xA018, 0xA118, 0x0121, 0x8131, 
  0xEAC5, 0x2BF7, 0xC9EE, 0x0AF7, 0x4BF7, 0x89BD, 0xA139, 0x4008, 0xA118, 0xA010, 0xA010, 0xA010, 0xA018, 0xA010, 0xA018, 0xA010, 
  0xA018, 0xA018, 0x8239, 0xA45A, 0x48AD, 0xAAE6, 0x0BEF, 0x0AEF, 0x09EF, 0x0AEF, 0x2AEF, 0xAADE, 0xE141, 0x8010, 0x48B5, 0x4BF7, 
  0x0BEF, 0xA79C, 0xC339, 0x6231, 0x4129, 0xE583, 0x4BF7, 0x0AEF, 0x0AEF, 0x09EF, 0xEAEE, 0x6CF7, 0xA67B, 0x6331, 0xC020, 0xC018, 
  0xA018, 0xA010, 0xA018, 0xA010, 0xA018, 0xA010, 0xA010, 0xA018, 0xA010, 0xA010, 0xA110, 0xA010, 0xA010, 0xA018, 0x8018, 0xA018, 
  0xA018, 0x8018, 0x8018, 0xA010, 0xA010, 0xA010, 0x8010, 0xA239, 0xE241, 0xA018, 0x234A, 0x4DEF, 0x6BFF, 0x4BEF, 0xEBE6, 0xA89C, 
  0x2129, 0x8010, 0xA118, 0xA018, 0xA018, 0xA018, 0x8018, 0x8010, 0xA010, 0xA018, 0x8018, 0x8010, 0xC118, 0x2229, 0xA018, 0xA018, 
  0xA018, 0x8110, 0x6231, 0x2ACE, 0x2AF7, 0x0AEF, 0x0AEF, 0x09EF, 0x0AEF, 0x0BEF, 0xE462, 0x6010, 0xA018, 0xA010, 0xA018, 0xA018, 
  0xC018, 0x2129, 0xC683, 0x0BE7, 0x89F5, 0x02C9, 0xA3D0, 0xC7D8, 0xEEE8, 0xF0E8, 0xF0E8, 0xF0E8, 0xF0E8, 0xF0E8, 0xF0E8, 0xF0E8, 
  0xF0E8, 0xF0E8, 0xF0E8, 0xEFE8, 0xF0E8, 0xF0E8, 0xF0E8, 0xF0E8, 0xF0E8, 0xF0E8, 0xF0E8, 0xF0E8, 0xF0E8, 0xF0E8, 0xF0E8, 0x10E9, 
  0xF0E8, 0xF0E8, 0xF0E8, 0xF0E8, 0xF0E8, 0xF0E8, 0xF0E8, 0xF0E8, 0xF0E8, 0xF0E8, 0xF0E8, 0xF0E8, 0xF0E8, 0xF0E8, 0xF0E8, 0xF0E8, 
  0xF0E8, 0xF0E8, 0xF0E8, 0xF0E8, 0xF0E8, 0xF0E8, 0xF0E8, 0xF0E8, 0xF0E8, 0xF0E8, 0xF0E8, 0xF0E8, 0xF0E8, 0xF0E8, 0xF0E8, 0x10E9, 
  0x10E9, 0xEFE8, 0xF0E8, 0xF0E8, 0xF0E8, 0xF0E8, 0xF0E8, 0xF0E8, 0xF0E8, 0xF0E8, 0xF0E8, 0xF0E8, 0xF0E8, 0xF0E8, 0xF0E8, 0xF0E8, 
  0xF0E8, 0xF0E8, 0xF0E8, 0x10E9, 0xF0E8, 0xF0E8, 0xF0E8, 0xF0E8, 0xF0E8, 0xF0E8, 0xF0E8, 0xF0E8, 0xF0E8, 0xF0E8, 0xF0E8, 0xF0E8, 
  0xF0E8, 0x0DE9, 0x84D0, 0xE3D1, 0x6CF6, 0x879C, 0x256B, 0x8231, 0x4229, 0xC018, 0xA018, 0x8010, 0xA018, 0x8010, 0x6231, 0x29AD, 
  0x89DE, 0xE9EE, 0x2BF7, 0xA79C, 0xE018, 0xE8A4, 0x2BF7, 0x4BF7, 0x28AD, 0x8031, 0xA018, 0x8018, 0x8010, 0xC018, 0xA339, 0x4473, 
  0x0BEF, 0x4AF7, 0x4BF7, 0xECE6, 0xA89C, 0x4131, 0x6008, 0xC010, 0xA010, 0xA010, 0x8018, 0xA018, 0xA018, 0xA018, 0xA010, 0xA018, 
  0xA018, 0xC118, 0xA018, 0x8231, 0xE241, 0xC683, 0x669C, 0x29CE, 0x2AEF, 0xEAEE, 0x2AF7, 0xE9CD, 0x6131, 0x4008, 0x07AD, 0x8BFF, 
  0x29D6, 0x6252, 0xE018, 0x2129, 0x0121, 0x0463, 0x2BEF, 0x09EF, 0x09EF, 0xEAEE, 0xEBEE, 0x0AC6, 0x8131, 0x6231, 0x0121, 0xC018, 
  0xA018, 0xA018, 0xA018, 0x8010, 0xA010, 0x8010, 0xA010, 0xA018, 0xA010, 0xA010, 0x8018, 0xA010, 0xA018, 0xA018, 0xA018, 0xA010, 
  0x8010, 0xA018, 0xA018, 0xA018, 0xA018, 0xA018, 0x6010, 0x4131, 0x4131, 0x4010, 0xC239, 0x8BDE, 0x0BF7, 0xEAEE, 0xEAF6, 0xADFF, 
  0xA89C, 0x2008, 0x6010, 0x4008, 0x8010, 0xC018, 0xA018, 0xA010, 0xA010, 0xA018, 0xA018, 0x8018, 0x8018, 0xC018, 0xC018, 0xA018, 
  0xA010, 0xA010, 0x8131, 0x4AD6, 0x2AF7, 0x09EF, 0x09EF, 0x0AEF, 0x0AEF, 0xAAE6, 0xE7A4, 0xA239, 0x6010, 0xA010, 0xA018, 0xE118, 
  0xA118, 0x4231, 0x256B, 0xC8BD, 0x4AFE, 0x82C9, 0xA2D0, 0xA6D8, 0xEEE8, 0xF0E8, 0xF0E8, 0xF0E8, 0xF0E8, 0xF0E8, 0xF0E8, 0xF0E8, 
  0xF0E8, 0xF0E8, 0xF0E8, 0x10E9, 0xF0E8, 0xF0E8, 0xF0E8, 0xF0E8, 0xF0E8, 0xF0E8, 0xF0E8, 0xF0E8, 0xF0E8, 0xF0E8, 0xF0E8, 0xF0E8, 
  0xF0E8, 0xF0E8, 0xF0E8, 0xF0E8, 0xF0E8, 0xF0E8, 0xF0E8, 0xF0E8, 0xF0E8, 0xF0E8, 0xF0E8, 0xF0E8, 0xF0E8, 0xF0E8, 0xF0E8, 0xF0E8, 
  0xF0E8, 0xF0E8, 0xF0E8, 0xF0E8, 0xF0E8, 0xF0E8, 0xF0E8, 0xF0E8, 0xF0E8, 0xF0E8, 0xF0E8, 0xF0E8, 0xF0E8, 0x10E9, 0xF0E8, 0x10E9, 
  0x10E9, 0xEFE8, 0xF0E8, 0xF0E8, 0xF0E8, 0xF0E8, 0xF0E8, 0xF0E8, 0xF0E8, 0xF0E8, 0xF0E8, 0xF0E8, 0xF0E8, 0xF0E8, 0xF0E8, 0xF0E8, 
  0xF0E8, 0xF0E8, 0xF0E8, 0xF0E8, 0xF0E8, 0xF0E8, 0xF0E8, 0xF0E8, 0xF0E8, 0xF0E8, 0xF0E8, 0xF0E8, 0xF0E8, 0xF0E8, 0xF0E8, 0xF0E8, 
  0xF0E8, 0xEDE8, 0x84D0, 0x23D2, 0x8BF6, 0x4694, 0x8452, 0x2129, 0x8010, 0x8010, 0xA018, 0xE120, 0xA018, 0x6010, 0x8231, 0x0BC6, 
  0x0AEF, 0x2AEF, 0xCAC5, 0xE020, 0x0463, 0x2CF7, 0x4BF7, 0x69B5, 0x6231, 0x0229, 0x0221, 0x2129, 0x8010, 0xE020, 0x6794, 0xA9BD, 
  0x0ACE, 0xA9BD, 0xC67B, 0xE341, 0xA018, 0x8010, 0xA018, 0xA018, 0xA018, 0x8018, 0xA018, 0xA018, 0xA010, 0xA010, 0xA018, 0xA010, 
  0xA010, 0xA018, 0xA018, 0xC018, 0x0129, 0x6231, 0x8031, 0xE7A4, 0x4BF7, 0x0AEF, 0x09EF, 0xEBEE, 0x456B, 0x2008, 0xE8AC, 0x8BFF, 
  0xC8C5, 0x024A, 0x4229, 0x6231, 0xC118, 0xA139, 0x6AD6, 0x2AF7, 0xEAEE, 0x2AEF, 0x2AD6, 0x8252, 0x4129, 0xA239, 0xA018, 0xA018, 
  0xA010, 0xA010, 0x8018, 0x8010, 0xA010, 0xC118, 0xA010, 0xA018, 0xA018, 0xA018, 0x8018, 0xA018, 0x6010, 0x6010, 0x4008, 0x8010, 
  0xA118, 0xA010, 0xA010, 0x8010, 0x4010, 0x4010, 0x6462, 0x6ACD, 0x29D5, 0x857A, 0x2010, 0x0352, 0xE8C4, 0x88E5, 0x67E5, 0xE8E5, 
  0xA9D5, 0xA36A, 0x699C, 0x4673, 0xA239, 0x8010, 0xA010, 0xA010, 0xA018, 0xA010, 0xA010, 0xA018, 0xA010, 0xC018, 0xA018, 0x6010, 
  0xA018, 0x8010, 0x8010, 0x6794, 0x6BF7, 0xE9EE, 0x09EF, 0x0AEF, 0x09EF, 0xE9EE, 0x0BEF, 0x08A5, 0x0021, 0xA018, 0xC018, 0x2221, 
  0x8010, 0x0021, 0x0463, 0x69B5, 0xABFE, 0x23D2, 0x82D0, 0xA6D8, 0xEEE8, 0xF0E8, 0xF0E8, 0xF0E8, 0xF0E8, 0xF0E8, 0xF0E8, 0xF0E8, 
  0xF0E8, 0xF0E8, 0xF0E8, 0xEFE8, 0xF0E8, 0xF0E8, 0xF0E8, 0xF0E8, 0xF0E8, 0xF0E8, 0xF0E8, 0xF0E8, 0xF0E8, 0xF0E8, 0xF0E8, 0xF0E8, 
  0xF0E8, 0xF0E8, 0xF0E8, 0xF0E0, 0xF0E8, 0xF0E8, 0xF0E8, 0xF0E8, 0xF0E8, 0xF0E8, 0xF0E8, 0xF0E8, 0xF0E8, 0xF0E8, 0xF0E8, 0xF0E8, 
  0xF0E8, 0xF0E8, 0xF0E8, 0xF0E8, 0xF0E8, 0xF0E8, 0xF0E8, 0xF0E8, 0xF0E8, 0xF0E8, 0xF0E8, 0xF0E8, 0xF0E8, 0xF0E8, 0xF0E8, 0x10E9, 
  0x10E9, 0xF0E8, 0xF0E8, 0xF0E8, 0xF0E8, 0xF0E8, 0xF0E8, 0xF0E8, 0xF0E8, 0xF0E8, 0xF0E8, 0xF0E8, 0xF0E8, 0xF0E8, 0xF0E8, 0xF0E8, 
  0xF0E8, 0xF0E8, 0xF0E8, 0xF0E8, 0xF0E8, 0xF0E8, 0xF0E8, 0xF0E8, 0xF0E8, 0xF0E8, 0xF0E8, 0xF0E8, 0xF0E8, 0xF0E8, 0xF0E8, 0xF0E8, 
  0x10E9, 0xECE8, 0x84D0, 0x43D2, 0xABF6, 0x08A5, 0xE462, 0xC239, 0x2229, 0xC018, 0x8018, 0xA018, 0xA010, 0xE120, 0x6010, 0xE462, 
  0x2BF7, 0xCBE6, 0x0242, 0xA018, 0x6BD6, 0x8CFF, 0x88BD, 0x8131, 0xA010, 0x6231, 0x2229, 0x4129, 0xA139, 0x879C, 0x0CE7, 0xA89C, 
  0x4352, 0xA018, 0x4008, 0x6008, 0xC018, 0xA010, 0xA018, 0xA018, 0xA018, 0xA018, 0xA018, 0xA018, 0xA110, 0xA010, 0xA010, 0xA018, 
  0xA010, 0xA010, 0xA010, 0xA018, 0xE120, 0xE020, 0x634A, 0x8794, 0xEAC5, 0x2BEF, 0x09EF, 0x4AF7, 0x0AC6, 0x8010, 0x09AD, 0x6BFF, 
  0x29CE, 0x4573, 0x4129, 0x0242, 0x6231, 0x8131, 0x28AD, 0x2BF7, 0xE9EE, 0x4BF7, 0x08AD, 0xE020, 0x6231, 0xC339, 0xA018, 0x8010, 
  0x8010, 0x8010, 0xA018, 0xA010, 0xA018, 0xA018, 0xA010, 0xA010, 0xA018, 0xA010, 0xA010, 0x6008, 0x8231, 0x0AAD, 0x0AAD, 0x645A, 
  0xC120, 0xA018, 0xA018, 0x0131, 0x866A, 0xE682, 0xC9CC, 0xA7DC, 0x86DC, 0xC9CC, 0xC449, 0x0008, 0xE038, 0xA47A, 0x459B, 0xC7AB, 
  0x0593, 0xC6A3, 0x89E5, 0xE9E5, 0x0CDE, 0xA562, 0x6010, 0xA018, 0xA018, 0xA018, 0xA010, 0xA018, 0xA018, 0x8010, 0xE120, 0xC783, 
  0xC89C, 0x8131, 0x6010, 0xA139, 0xA8BD, 0x2BEF, 0x2AEF, 0x0AEF, 0x0AEF, 0x0AEF, 0x0AEF, 0x0CEF, 0xA35A, 0xA018, 0xE120, 0x8018, 
  0xA018, 0x4229, 0x4129, 0x857B, 0xECFE, 0x05DB, 0x82D0, 0xA5D8, 0xEEE8, 0xF0E8, 0xF0E8, 0xF0E8, 0xF0E8, 0xF0E8, 0xF0E8, 0xF0E8, 
  0xF0E8, 0xF0E8, 0xF0E8, 0xEFE8, 0xF0E8, 0xF0E8, 0xF0E8, 0xF0E8, 0xF0E8, 0xF0E8, 0xF0E8, 0xF0E8, 0xF0E8, 0xF0E8, 0xF0E8, 0xF0E8, 
  0xF0E8, 0xF0E8, 0xF0E8, 0x10E9, 0xF0E8, 0xF0E8, 0xF0E8, 0xF0E8, 0xF0E8, 0xF0E8, 0xF0E8, 0xF0E8, 0xF0E8, 0xF0E8, 0xF0E8, 0xF0E8, 
  0xF0E8, 0xF0E8, 0xF0E8, 0xF0E8, 0xF0E8, 0x10E9, 0xF0E8, 0xF0E8, 0xF0E8, 0xF0E8, 0xF0E8, 0xF0E8, 0xF0E8, 0xF0E8, 0xF0E8, 0x10E9, 
  0x10E9, 0xEFE8, 0xF0E8, 0xF0E8, 0xF0E8, 0xF0E8, 0xF0E8, 0xF0E8, 0xF0E8, 0xF0E8, 0xF0E8, 0xF0E8, 0xF0E8, 0xF0E8, 0xF0E8, 0xF0E8, 
  0xF0E8, 0xF0E8, 0xF0E8, 0xF0E8, 0xF0E8, 0xF0E8, 0xF0E8, 0xF0E8, 0xF0E8, 0xF0E8, 0xF0E8, 0xF0E8, 0xF0E8, 0xF0E8, 0xF0E8, 0xF0E8, 
  0x10E9, 0xEBE8, 0x84D0, 0x84DA, 0x4AE6, 0x036B, 0xC562, 0x0442, 0xA018, 0xC118, 0xA018, 0x8010, 0x2129, 0x444A, 0xA018, 0x0584, 
  0x8CFF, 0x28AD, 0x4008, 0xA45A, 0xADDE, 0xA67B, 0x4129, 0xE120, 0xC018, 0x6229, 0x2129, 0x234A, 0xEBC5, 0x4CF7, 0x6AD6, 0x8139, 
  0x8010, 0xC118, 0xA018, 0xE120, 0xA118, 0x8010, 0xA018, 0xA018, 0xA010, 0xA110, 0xA010, 0xA018, 0x8010, 0xA018, 0xC018, 0x8010, 
  0xA018, 0xA018, 0x8010, 0xA118, 0xA018, 0x4229, 0x244A, 0x256B, 0x6794, 0xE8C5, 0x8ADE, 0x28D6, 0x6BD6, 0xE020, 0xC8A4, 0x8BFF, 
  0x29D6, 0xA57B, 0xC018, 0xAB9C, 0xA773, 0x8131, 0x258C, 0x2BF7, 0xE9EE, 0x6BF7, 0xA89C, 0x8010, 0xA239, 0x4452, 0x0121, 0xC118, 
  0x8010, 0xA018, 0xA010, 0xA010, 0xA018, 0xA018, 0xA018, 0x8010, 0x8010, 0xA018, 0xA010, 0x0121, 0xCBC5, 0x4BFF, 0x8AF6, 0x2ACD, 
  0xE451, 0xE228, 0x6010, 0xE128, 0xC349, 0xE138, 0xE361, 0x28BC, 0x48C4, 0x246A, 0x4018, 0x6010, 0x4008, 0x4010, 0x6018, 0xA128, 
  0xC128, 0xE140, 0x28BC, 0x86D4, 0x28DD, 0x07A4, 0x6018, 0x8018, 0x4010, 0x4008, 0x8010, 0xA018, 0xA018, 0x6010, 0x6452, 0x2DF7, 
  0x6BFF, 0x2ACE, 0x6131, 0xC018, 0x456B, 0x6694, 0x4AD6, 0x2AF7, 0x0AEF, 0x09EF, 0x0AEF, 0x2BF7, 0x0584, 0x6252, 0xA55A, 0xC020, 
  0xC018, 0xE120, 0xC239, 0x6794, 0xABEE, 0xC6E3, 0xA2C8, 0xA5D8, 0xEDE8, 0xEFE8, 0xF0E8, 0xF0E8, 0xF0E8, 0xF0E8, 0xF0E8, 0xF0E8, 
  0xF0E8, 0xF0E8, 0xF0E8, 0x10E9, 0xF0E8, 0xF0E8, 0xF0E8, 0xF0E8, 0xF0E8, 0xF0E8, 0xF0E8, 0xF0E8, 0xF0E8, 0xF0E8, 0xF0E8, 0xF0E8, 
  0xF0E8, 0xF0E8, 0xF0E8, 0xF0E8, 0xF0E8, 0xF0E8, 0xF0E8, 0xF0E8, 0xF0E0, 0xF0E8, 0xF0E8, 0xF0E8, 0xF0E8, 0xF0E8, 0xF0E8, 0xF0E8, 
  0xF0E8, 0xF0E8, 0xF0E8, 0xF0E8, 0xF0E8, 0xF0E8, 0xF0E8, 0xF0E8, 0xF0E8, 0xF0E8, 0xF0E8, 0xF0E8, 0xF0E8, 0xF0E8, 0xF0E8, 0x10E9, 
  0x10E9, 0xEFE8, 0xF0E8, 0xF0E8, 0xF0E8, 0xF0E8, 0xF0E8, 0xF0E8, 0xF0E8, 0xF0E8, 0xF0E8, 0xF0E8, 0xF0E8, 0xF0E8, 0xF0E8, 0xF0E8, 
  0xF0E8, 0xF0E8, 0xF0E8, 0xF0E8, 0xF0E8, 0xF0E8, 0xF0E8, 0xF0E8, 0xF0E8, 0xF0E8, 0xF0E8, 0xF0E0, 0xF0E8, 0xF0E8, 0xF0E8, 0xF0E8, 
  0xF0E8, 0xEBE0, 0x63D0, 0xE5DA, 0xEAD5, 0x246B, 0x244A, 0xE120, 0xC018, 0xC118, 0xA010, 0x8010, 0x256B, 0xC8A4, 0x4694, 0x69D6, 
  0x2CEF, 0xE462, 0x4008, 0x4229, 0x2129, 0x4010, 0x8010, 0xC018, 0x2229, 0xE120, 0x4029, 0xA57B, 0x6AD6, 0xCBE6, 0x268C, 0xA018, 
  0xA010, 0xA018, 0xA010, 0xC118, 0xA018, 0xA010, 0xA010, 0xA010, 0xA018, 0xA018, 0xA010, 0xA010, 0x8010, 0xC118, 0xC118, 0xC018, 
  0xE120, 0x8018, 0xC118, 0xA010, 0x8018, 0x8339, 0xC118, 0x2129, 0x6573, 0x2594, 0x67B5, 0xA8C5, 0xEBCD, 0x4008, 0x6794, 0x8CFF, 
  0xC8C5, 0xC362, 0x0021, 0xE241, 0xA239, 0x2129, 0x058C, 0x0BEF, 0xEAEE, 0x4AF7, 0xAABD, 0x0029, 0x6452, 0xA87B, 0xE120, 0x8018, 
  0xA010, 0xA018, 0xA118, 0xA018, 0x6008, 0x4008, 0x6010, 0xA018, 0xA018, 0xA018, 0xA018, 0x044A, 0xA9B4, 0x08DD, 0x88C4, 0xE359, 
  0x4010, 0x6010, 0x4010, 0x4010, 0x2008, 0x2008, 0x2008, 0xC128, 0xC128, 0x2010, 0x6010, 0x6010, 0x6010, 0x6010, 0x6010, 0x6010, 
  0x4010, 0x4018, 0x6349, 0xA57A, 0x87A3, 0x8251, 0xA120, 0x8020, 0xA56A, 0x056B, 0xA018, 0x6010, 0xC018, 0x4008, 0xC462, 0x2CEF, 
  0xE8E6, 0x6CFF, 0x4794, 0x8010, 0xA339, 0x4129, 0x0584, 0x2BF7, 0xEAE6, 0x0BEF, 0x08CE, 0x2CEF, 0x879C, 0x4694, 0xABC5, 0x4131, 
  0xA018, 0xA018, 0xA339, 0x0563, 0x8BE6, 0xA7EC, 0xC1C8, 0xA5D8, 0xEDE0, 0xF0E8, 0xF0E8, 0xF0E8, 0xF0E8, 0xF0E8, 0xF0E8, 0xF0E8, 
  0xF0E8, 0xF0E8, 0xF0E8, 0xF0E8, 0xF0E8, 0xF0E8, 0xF0E8, 0xF0E8, 0x10E9, 0x10E9, 0xF0E8, 0xF0E0, 0xF0E8, 0xF0E8, 0xF0E8, 0xF0E8, 
  0xF0E8, 0xF0E8, 0xF0E8, 0xF0E8, 0xF0E8, 0xF0E8, 0xF0E8, 0xF0E8, 0xF0E8, 0xF0E8, 0xF0E8, 0xF0E8, 0xF0E8, 0xF0E8, 0xF0E8, 0xF0E8, 
  0xF0E8, 0xF0E8, 0xF0E8, 0xF0E8, 0xF0E8, 0xF0E8, 0xF0E8, 0xF0E8, 0xF0E8, 0xF0E8, 0xF0E8, 0xF0E8, 0xF0E8, 0xF0E8, 0xF0E8, 0x10E9, 
  0x10E9, 0xF0E8, 0xF0E8, 0xF0E8, 0xF0E8, 0xF0E8, 0xF0E8, 0xF0E8, 0xF0E8, 0xF0E8, 0xF0E8, 0xF0E8, 0xF0E8, 0xF0E8, 0xF0E8, 0xF0E8, 
  0xF0E8, 0xF0E8, 0xF0E8, 0xF0E8, 0xF0E8, 0xF0E8, 0xF0E8, 0xF0E8, 0xF0E8, 0xF0E8, 0xF0E8, 0xF0E8, 0xF0E8, 0xF0E8, 0xF0E8, 0xF0E8, 
  0xF0E8, 0xEBE0, 0x63C8, 0x05DB, 0x6BE6, 0xC67B, 0xA339, 0xA018, 0x2229, 0xA118, 0xA010, 0xC018, 0xA57B, 0x6AD6, 0x2BF7, 0x4BF7, 
  0xC7A4, 0x0021, 0xA018, 0x8010, 0x8010, 0xA018, 0xA018, 0xE120, 0x6010, 0xE241, 0x6794, 0xAADE, 0x4AD6, 0x078C, 0x2029, 0x8010, 
  0xA018, 0xA010, 0xA010, 0x8010, 0xA010, 0xA010, 0xA010, 0xA018, 0xA018, 0xA018, 0xA018, 0x8018, 0xA018, 0x0021, 0x4131, 0x2129, 
  0x0121, 0xA118, 0xA018, 0x0121, 0x0129, 0xE141, 0xA239, 0x4129, 0xA139, 0x6894, 0xE9C5, 0x48B5, 0x8ABD, 0x6010, 0x0684, 0x8BFF, 
  0xCBE6, 0xC35A, 0x0442, 0x6231, 0x0121, 0xE020, 0x268C, 0x0BEF, 0x09EF, 0x09EF, 0x2BEF, 0x4252, 0xC55A, 0x466B, 0xC020, 0xA118, 
  0xA110, 0x6010, 0x6010, 0x6010, 0xE241, 0x434A, 0x244A, 0x2121, 0xA118, 0x6010, 0x8010, 0x2008, 0x6020, 0xE359, 0x6341, 0x2018, 
  0x6010, 0x6010, 0x6010, 0x6010, 0x8018, 0x8010, 0x6010, 0x2010, 0x4010, 0x6110, 0x6110, 0x6110, 0x6110, 0x6010, 0x6010, 0x6010, 
  0x6010, 0x6010, 0x2010, 0x0010, 0x6018, 0x6018, 0xE330, 0xA351, 0xCACC, 0x0AEE, 0x6AC5, 0xE349, 0x6008, 0x8010, 0xA239, 0xEBE6, 
  0x09EF, 0x0AEF, 0xABDE, 0x8131, 0x8010, 0xA239, 0xE583, 0x8ADE, 0x87BD, 0xA6A4, 0xC483, 0x29CE, 0x88BD, 0x27AD, 0x0BEF, 0x8573, 
  0xC339, 0xA018, 0xE120, 0xE462, 0xAAE6, 0x49F5, 0x01C9, 0x84D0, 0xECE0, 0x0FE9, 0xF0E8, 0xF0E8, 0xF0E8, 0xF0E8, 0xF0E8, 0xF0E8, 
  0xF0E8, 0xF0E8, 0xF0E8, 0xF0E8, 0xF0E8, 0xF0E8, 0xF0E8, 0xF0E8, 0xF0E8, 0xF0E8, 0xF0E8, 0xF0E8, 0xF0E8, 0xF0E8, 0xF0E8, 0xF0E8, 
  0xF0E8, 0xF0E8, 0xF0E8, 0xF0E8, 0xF0E8, 0xF0E8, 0xF0E8, 0xF0E8, 0xF0E8, 0xF0E8, 0xF0E8, 0xF0E8, 0xF0E8, 0xF0E8, 0xF0E8, 0xF0E8, 
  0xF0E8, 0xF0E8, 0xF0E8, 0xF0E8, 0xF0E8, 0xF0E8, 0xF0E8, 0xF0E8, 0xF0E8, 0xF0E8, 0xF0E8, 0xF0E8, 0xF0E0, 0xF0E8, 0xF0E8, 0x10E9, 
  0x10E9, 0xEFE8, 0xF0E8, 0xF0E8, 0xF0E8, 0xF0E8, 0xF0E8, 0xF0E8, 0xF0E8, 0xF0E8, 0xF0E8, 0xF0E8, 0xF0E8, 0xF0E8, 0xF0E8, 0xF0E8, 
  0xF0E8, 0xF0E8, 0xF0E8, 0xF0E8, 0xF0E8, 0xF0E8, 0xF0E8, 0xF0E8, 0xF0E8, 0xF0E8, 0xF0E8, 0xF0E8, 0xF0E8, 0xF0E8, 0xF0E8, 0xF0E8, 
  0xF0E8, 0xEBE0, 0x82C8, 0x25DB, 0x4BE6, 0x8352, 0x8239, 0xE120, 0x0221, 0x8010, 0xE120, 0xA139, 0xE583, 0x0AE7, 0xE9EE, 0x2BF7, 
  0xE6A4, 0x0684, 0xA239, 0x8010, 0xC018, 0xA010, 0xC118, 0x6010, 0x835A, 0x6BD6, 0x4CF7, 0x2BF7, 0x669C, 0x2129, 0xC118, 0x8010, 
  0xA018, 0xA010, 0xA010, 0xA018, 0xA018, 0xA018, 0xA018, 0xA018, 0x8118, 0xA018, 0x8010, 0xA018, 0x8010, 0x0463, 0x8CD6, 0xC462, 
  0x0121, 0x2129, 0xE020, 0xA018, 0x6573, 0x2ACE, 0x69B5, 0x847B, 0xC35A, 0x4794, 0xC9C5, 0x6594, 0x8CDE, 0xE018, 0xE462, 0x2DEF, 
  0xCABD, 0x0242, 0x6331, 0x6231, 0xC339, 0xE341, 0xC583, 0x2BEF, 0x09EF, 0xE9EE, 0x6BF7, 0x068C, 0x234A, 0x234A, 0x0121, 0xA018, 
  0x6010, 0xC241, 0xC8A4, 0xE8AC, 0x4DF7, 0x4CD6, 0x034A, 0x6010, 0x6010, 0x6010, 0x6010, 0x6010, 0x6010, 0x0008, 0x2008, 0x6010, 
  0x4010, 0x6010, 0x6010, 0x6010, 0x6010, 0x6118, 0x6118, 0x6118, 0x6118, 0x6118, 0x6118, 0x6110, 0x6118, 0x6118, 0x6118, 0x6110, 
  0x6110, 0x6010, 0x6010, 0x6018, 0x6010, 0x6110, 0x4010, 0x6018, 0x4249, 0x659B, 0x69DD, 0xECDD, 0xA341, 0x2008, 0x6010, 0xAABD, 
  0x4AF7, 0xE9E6, 0x2BF7, 0x4473, 0xA010, 0x4794, 0xE9CD, 0xCAE6, 0x28CE, 0x69BD, 0x07AD, 0xCAE6, 0xAADE, 0xC7C5, 0x2BEF, 0x6794, 
  0x0121, 0xC018, 0xA018, 0x0463, 0xCAE6, 0xCAFD, 0x62C9, 0x84D0, 0xEBE0, 0x10E9, 0xF0E8, 0xF0E8, 0xF0E8, 0xF0E8, 0xF0E8, 0xF0E8, 
  0xF0E8, 0xF0E8, 0xF0E8, 0xF0E8, 0xF0E8, 0xF0E8, 0xF0E8, 0xF0E8, 0xF0E8, 0xF0E8, 0xF0E8, 0xF0E8, 0xF0E8, 0xF0E8, 0xF0E8, 0xF0E8, 
  0xF0E8, 0xF0E8, 0xF0E8, 0xF0E8, 0xF0E8, 0xF0E8, 0xF0E8, 0xF0E8, 0xF0E8, 0xF0E8, 0xF0E8, 0xF0E8, 0xF0E8, 0xF0E8, 0xF0E8, 0xF0E8, 
  0xF0E8, 0xF0E8, 0xF0E8, 0xF0E8, 0xF0E8, 0xF0E8, 0xF0E8, 0xF0E8, 0xF0E8, 0xF0E8, 0xF0E8, 0xF0E8, 0xF0E8, 0xF0E8, 0xEFE8, 0x10E9, 
  0x10E9, 0xEFE8, 0xF0E8, 0xF0E8, 0xF0E8, 0xF0E8, 0xF0E8, 0xF0E8, 0xF0E8, 0xF0E8, 0xF0E8, 0xF0E8, 0xF0E8, 0xF0E8, 0xF0E8, 0xF0E8, 
  0xF0E8, 0xF0E8, 0xF0E8, 0xF0E8, 0xF0E8, 0xF0E8, 0xF0E8, 0xF0E8, 0xF0E8, 0xF0E8, 0xF0E8, 0xF0E8, 0xF0E8, 0xF0E8, 0xF0E8, 0xF0E8, 
  0x10E9, 0xEBE0, 0x82C8, 0x86DB, 0xAACD, 0xC462, 0x4129, 0xC118, 0xC118, 0xE118, 0x2129, 0x6352, 0xEAC5, 0x2BEF, 0xEAEE, 0x0AEF, 
  0x0AEF, 0x6DF7, 0x434A, 0x4008, 0xA018, 0xA018, 0x2129, 0x056B, 0xCCE6, 0x2AEF, 0xE9EE, 0xCBE6, 0x657B, 0xE120, 0xA010, 0xA018, 
  0xA018, 0xA018, 0x8010, 0xA010, 0xA010, 0xA010, 0xA018, 0xA018, 0xA018, 0x6010, 0x0121, 0x2129, 0x4029, 0xC9BD, 0x4AF7, 0xCBE6, 
  0x8ABD, 0xE462, 0x2129, 0xC141, 0x4AD6, 0x4BF7, 0x4BF7, 0xAADE, 0xA8BD, 0x49CE, 0xA9DE, 0x07AD, 0x8CDE, 0x0021, 0x0342, 0x2794, 
  0x4352, 0xE020, 0xA118, 0xE120, 0x4129, 0x8452, 0x058C, 0x0BEF, 0x09EF, 0xE9EE, 0x4BF7, 0xA57B, 0x8239, 0x0342, 0xE118, 0x4008, 
  0x234A, 0xEDE6, 0xCDFF, 0xABE6, 0x29B5, 0x2352, 0x0008, 0x6010, 0x6010, 0x4010, 0x2010, 0x2018, 0x2020, 0x4128, 0x4128, 0x4230, 
  0x4230, 0x4230, 0x4228, 0x4228, 0x4220, 0x4218, 0x4110, 0x4110, 0x6210, 0x6218, 0x6218, 0x6118, 0x8110, 0x8210, 0x8210, 0x6218, 
  0x6218, 0x6118, 0x6110, 0x6110, 0x6110, 0x6010, 0x6010, 0x6010, 0x2010, 0x6018, 0x6249, 0xA572, 0x856A, 0xE893, 0xE341, 0xC462, 
  0x2CEF, 0x29EF, 0x0AEF, 0x6BDE, 0xC239, 0x08A5, 0x8CFF, 0xE9E6, 0x09EF, 0x29CE, 0x26AD, 0x0BEF, 0x29EF, 0xC9E6, 0x2BF7, 0x29B5, 
  0x4129, 0x644A, 0x6231, 0x4352, 0xCBE6, 0x4AFE, 0xC3C9, 0x83D0, 0xEAE0, 0xEFE8, 0xF0E0, 0x10E9, 0xF0E0, 0xF0E8, 0xF0E8, 0xF0E8, 
  0xF0E8, 0xF0E8, 0xF0E8, 0xF0E8, 0xF0E8, 0xF0E8, 0xF0E8, 0xF0E8, 0xF0E8, 0xF0E8, 0xF0E8, 0xF0E8, 0xF0E8, 0xF0E8, 0xF0E8, 0xF0E8, 
  0xF0E8, 0xF0E8, 0xF0E8, 0xF0E8, 0xF0E8, 0xF0E8, 0xF0E8, 0xF0E8, 0xF0E8, 0xF0E8, 0xF0E8, 0xF0E8, 0xF0E8, 0xF0E8, 0xF0E8, 0xF0E8, 
  0xF0E8, 0xF0E8, 0xF0E8, 0xF0E8, 0xF0E8, 0xF0E8, 0xF0E8, 0xF0E8, 0xF0E8, 0xF0E8, 0xF0E8, 0xF0E8, 0xF0E8, 0xF0E8, 0xF0E8, 0x10E9, 
  0x10E9, 0xEFE8, 0xF0E8, 0xF0E8, 0xF0E8, 0xF0E8, 0xF0E8, 0xF0E8, 0xF0E8, 0xF0E8, 0xF0E8, 0xF0E8, 0xF0E8, 0xF0E8, 0xF0E8, 0xF0E8, 
  0xF0E8, 0xF0E8, 0xF0E8, 0xF0E8, 0xF0E8, 0xF0E8, 0xF0E8, 0xF0E8, 0xF0E8, 0xF0E8, 0xF0E8, 0xF0E8, 0xF0E8, 0xF0E8, 0xF0E8, 0xF0E8, 
  0x0FE9, 0xEBE0, 0x82C8, 0xA6DB, 0x6BDE, 0xA57B, 0x0442, 0xA010, 0xA018, 0xC018, 0x2029, 0x879C, 0x6CF7, 0xE9EE, 0x0AEF, 0x09EF, 
  0x0AEF, 0x8CDE, 0x6131, 0x6010, 0xC120, 0x6010, 0xE249, 0xACE6, 0x2AEF, 0xE9EE, 0x2AEF, 0x2ACE, 0xC241, 0xE120, 0x8018, 0x8018, 
  0xC118, 0xC118, 0x8010, 0xA018, 0xA010, 0xA010, 0x8010, 0xA018, 0x8018, 0x8239, 0x8BBD, 0xEAC5, 0xC9C5, 0x0AF7, 0xE9EE, 0x0AEF, 
  0x4AF7, 0xC9C5, 0x4373, 0x89BD, 0x2BEF, 0xE9EE, 0xE9EE, 0x2AF7, 0xC9E6, 0xC9E6, 0x0AEF, 0x0AE7, 0x6BDE, 0xE020, 0x6452, 0x6CB5, 
  0xC141, 0xA018, 0xA018, 0x6231, 0xC339, 0x0563, 0x8594, 0xEAEE, 0x09EF, 0xEAEE, 0x4BF7, 0xA69C, 0x4694, 0x478C, 0x2129, 0x4008, 
  0x899C, 0x6BDE, 0x67A4, 0x6139, 0x0010, 0x2010, 0x4010, 0x2010, 0x2120, 0x6340, 0xA560, 0xE980, 0xEA98, 0x0A99, 0x0BA1, 0x2BA1, 
  0x2BA1, 0x0BA1, 0x0BA1, 0x0B99, 0x0A91, 0xC978, 0xA660, 0x8548, 0x4328, 0x2218, 0x2118, 0x6218, 0x8210, 0x6218, 0x6210, 0x8210, 
  0x6218, 0x6218, 0x6218, 0x6110, 0x6118, 0x6118, 0x4010, 0x6010, 0x8018, 0x6010, 0x2010, 0x0008, 0xC028, 0xC7A3, 0xECDD, 0x89C5, 
  0x47B5, 0xEADE, 0x2AEF, 0x6CF7, 0x845A, 0x046B, 0x4CF7, 0x09EF, 0x2AEF, 0xA7BD, 0x67BD, 0xEAE6, 0x0AEF, 0xA9E6, 0x0AEF, 0x4AD6, 
  0x845A, 0x2342, 0x234A, 0x2473, 0xCADE, 0xAAFE, 0x43D2, 0x63D0, 0xEAE0, 0x10E9, 0xF0E8, 0xF0E8, 0xF0E8, 0xF0E8, 0xF0E8, 0xF0E8, 
  0xF0E8, 0xF0E8, 0xF0E8, 0xF0E8, 0xF0E8, 0xF0E8, 0xF0E8, 0xF0E8, 0xF0E8, 0xF0E8, 0xF0E8, 0xF0E8, 0xF0E8, 0xF0E8, 0xF0E8, 0xF0E8, 
  0xF0E8, 0xF0E8, 0xF0E8, 0xF0E8, 0xF0E8, 0xF0E8, 0xF0E8, 0xF0E8, 0xF0E8, 0xF0E8, 0xF0E8, 0xF0E8, 0xF0E8, 0xF0E8, 0xF0E8, 0xF0E8, 
  0xF0E8, 0xF0E8, 0xF0E8, 0xF0E8, 0xF0E8, 0xF0E8, 0xF0E8, 0xF0E8, 0xF0E8, 0xF0E8, 0xF0E8, 0xF0E8, 0xF0E8, 0xF0E8, 0xF0E8, 0x10E9, 
  0x10E9, 0xF0E8, 0xF0E8, 0xF0E8, 0xF0E8, 0xF0E8, 0xF0E8, 0xF0E8, 0xF0E8, 0xF0E8, 0xF0E8, 0xF0E8, 0xF0E8, 0xF0E8, 0xF0E8, 0xF0E8, 
  0xF0E8, 0xF0E8, 0xF0E8, 0xF0E8, 0xF0E8, 0xF0E8, 0xF0E8, 0xF0E8, 0x10E9, 0xF0E8, 0xF0E8, 0xF0E8, 0xF0E8, 0xF0E8, 0xF0E8, 0xF0E8, 
  0xF0E8, 0xCAE8, 0x82C8, 0xE7DB, 0x2BD6, 0x434A, 0xA339, 0xC118, 0x8010, 0x4231, 0x246B, 0xAADE, 0x0AF7, 0x09EF, 0x0AEF, 0xE9EE, 
  0x4BF7, 0xC9A4, 0x6010, 0xA018, 0x0121, 0x8010, 0x4694, 0x4BF7, 0xC9EE, 0xE9EE, 0x6CF7, 0xE462, 0x6008, 0x8018, 0xA018, 0xA010, 
  0xA018, 0x8018, 0x8018, 0xA018, 0x8018, 0xA018, 0xA018, 0xA018, 0x6010, 0xE562, 0xE8A4, 0x49B5, 0x8BDE, 0x2BF7, 0x0AF7, 0x0AEF, 
  0x2AEF, 0x2BEF, 0x0ACE, 0x29CE, 0x2AEF, 0x09EF, 0x09EF, 0x0AEF, 0xCAE6, 0x68DE, 0xEAEE, 0xAADE, 0xECEE, 0xA239, 0xE120, 0xE883, 
  0xC341, 0xC118, 0xA010, 0xC018, 0xE341, 0x466B, 0x478C, 0x0CE7, 0x6AF7, 0x0AEF, 0x0AEF, 0x2AEF, 0x0AEF, 0x8CFF, 0xC99C, 0x8010, 
  0x0129, 0xC020, 0x0010, 0x2010, 0x4010, 0x2018, 0x4238, 0xC668, 0x0A99, 0x2CB1, 0x0DB9, 0x0DB9, 0xEDB8, 0xEDB8, 0xECB8, 0xEDB8, 
  0xEDB8, 0xEDB8, 0xEDB8, 0xEDB8, 0x0DB9, 0x0DB9, 0x2DB9, 0x2DB1, 0x0BA1, 0xEA88, 0xA660, 0x4338, 0x2218, 0x4110, 0x6218, 0x8210, 
  0x6218, 0x6218, 0x8210, 0x6210, 0x8118, 0x6118, 0x6118, 0x4118, 0x6018, 0x6010, 0x6010, 0x6010, 0x4010, 0x2018, 0x4141, 0xA8B4, 
  0x88A4, 0x635A, 0x09CE, 0x8CFF, 0xA89C, 0xA139, 0x8BDE, 0x2AEF, 0x0AEF, 0xA9E6, 0x49D6, 0xC9E6, 0x2AEF, 0x8ADE, 0xE7C5, 0x2CEF, 
  0x4673, 0x8239, 0xE683, 0xEAC5, 0x88DE, 0xCAF6, 0xC4DA, 0x82D0, 0xE9E0, 0x10E9, 0xF0E8, 0xF0E8, 0xF0E8, 0xF0E8, 0xF0E8, 0xF0E8, 
  0xF0E8, 0xF0E8, 0xF0E8, 0xF0E8, 0xF0E8, 0xF0E8, 0xF0E8, 0xF0E8, 0xF0E8, 0xF0E8, 0xF0E8, 0xF0E8, 0xF0E8, 0xF0E8, 0xF0E8, 0xF0E8, 
  0xF0E8, 0xF0E8, 0xF0E8, 0xF0E8, 0xF0E8, 0xF0E8, 0xF0E8, 0xF0E8, 0xF0E8, 0xF0E8, 0xF0E8, 0xF0E8, 0xF0E8, 0xF0E8, 0xF0E8, 0xF0E8, 
  0xF0E8, 0xF0E8, 0xF0E8, 0xF0E8, 0xF0E8, 0xF0E8, 0xF0E8, 0xF0E8, 0xF0E8, 0xF0E8, 0xF0E8, 0xF0E8, 0xF0E8, 0xF0E8, 0xEFE8, 0x10E9, 
  0x10E9, 0xEFE8, 0xF0E8, 0xF0E8, 0xF0E8, 0xF0E8, 0xF0E8, 0xF0E8, 0xF0E8, 0xF0E8, 0xF0E8, 0xF0E8, 0xF0E8, 0xF0E8, 0xF0E8, 0xF0E8, 
  0xF0E8, 0xF0E8, 0xF0E8, 0xF0E8, 0xF0E8, 0xF0E8, 0xF0E8, 0xF0E8, 0xF0E8, 0xF0E8, 0xF0E8, 0xF0E8, 0xF0E8, 0xF0E8, 0xF0E8, 0xF0E8, 
  0xF0E8, 0xEAE0, 0x82C8, 0x28EC, 0xA7AC, 0xA239, 0x0229, 0xE120, 0x2129, 0x246B, 0x2BCE, 0x2AEF, 0xEAEE, 0x0AEF, 0x0AEF, 0x09EF, 
  0x0BEF, 0x424A, 0x6010, 0x8010, 0x2000, 0x0463, 0x2BEF, 0x09EF, 0x4AF7, 0x6DF7, 0x278C, 0x8010, 0xA018, 0xA018, 0xA018, 0xA010, 
  0x8018, 0x8018, 0x8018, 0x8010, 0x8010, 0x8018, 0x6018, 0x6010, 0x6010, 0x4010, 0x2008, 0x2008, 0x8139, 0xA8AC, 0x29EE, 0x49EE, 
  0x4BDE, 0x69BD, 0x6473, 0x058C, 0x2CEF, 0x29EF, 0x0AEF, 0x0AEF, 0xEAEE, 0xE9E6, 0xC9E6, 0xA7A4, 0x2DCE, 0x6231, 0xA018, 0xC018, 
  0x0121, 0xC018, 0xA018, 0xC020, 0xA239, 0x8231, 0x4231, 0xC462, 0xAABD, 0xCCE6, 0xCCE6, 0x4AD6, 0x0CF7, 0x6CDE, 0xA462, 0x4008, 
  0x4010, 0x4010, 0x6010, 0x2018, 0x4338, 0xE878, 0x2BA1, 0x0CB9, 0xEDB8, 0xEDB8, 0xECB8, 0xECB8, 0xECB0, 0xECB8, 0xEDB8, 0xECB8, 
  0xCCB8, 0xCCB8, 0xCCB0, 0xCCB8, 0xCCB8, 0xCCB8, 0xCCB8, 0xCCB8, 0xECB8, 0x0DB9, 0x2DB9, 0x2CA1, 0xC978, 0x6448, 0x2218, 0x6210, 
  0x6218, 0x8210, 0x8210, 0x6218, 0x6218, 0x8210, 0x8210, 0x6210, 0x6110, 0x6110, 0x6110, 0x6010, 0x8010, 0x6010, 0x2010, 0x2010, 
  0x8341, 0x6339, 0xA239, 0x4AD6, 0x2CF7, 0xC35A, 0xA79C, 0x8BFF, 0xE9EE, 0x0AF7, 0xC9E6, 0x89D6, 0x4BF7, 0x4AD6, 0xA37B, 0x0CEF, 
  0xC462, 0x8239, 0x4AB5, 0x88BD, 0x47B5, 0x6AE6, 0x45E3, 0x82C8, 0xC7D8, 0x0FE9, 0xF0E8, 0xF0E8, 0xF0E8, 0x10E9, 0xF0E8, 0xF0E8, 
  0xF0E8, 0xF0E8, 0xF0E8, 0xF0E8, 0xF0E8, 0xF0E8, 0xF0E8, 0xF0E8, 0xF0E8, 0xF0E8, 0xF0E8, 0xF0E8, 0xF0E8, 0xF0E8, 0xF0E8, 0xF0E8, 
  0xF0E8, 0xF0E8, 0xF0E8, 0xF0E8, 0xF0E8, 0xF0E8, 0xF0E8, 0xF0E8, 0xF0E8, 0xF0E8, 0xF0E8, 0xF0E8, 0xF0E8, 0xF0E8, 0xF0E8, 0xF0E8, 
  0xF0E8, 0xF0E8, 0xF0E8, 0xF0E8, 0xF0E8, 0xF0E8, 0xF0E8, 0xF0E8, 0xF0E8, 0xF0E8, 0xF0E8, 0xF0E8, 0xF0E8, 0xF0E8, 0xF0E8, 0x10E9, 
  0x10E9, 0xF0E0, 0xF0E8, 0xF0E8, 0xF0E8, 0xF0E8, 0xF0E8, 0xF0E8, 0xF0E8, 0xF0E8, 0xF0E8, 0xF0E8, 0xF0E8, 0xF0E8, 0xF0E8, 0xF0E8, 
  0xF0E8, 0xF0E8, 0xF0E8, 0xF0E8, 0xF0E8, 0xF0E8, 0xF0E8, 0xF0E8, 0xF0E8, 0xF0E8, 0xF0E8, 0xF0E8, 0xF0E8, 0xF0E8, 0xF0E8, 0xF0E8, 
  0x10E9, 0xEAE0, 0x82C8, 0x67EC, 0x69C5, 0x0242, 0x2229, 0x6010, 0x8352, 0xCBDE, 0x0AEF, 0xEAEE, 0x0AEF, 0x0AEF, 0xEAEE, 0x8CFF, 
  0xA79C, 0x4008, 0xC020, 0xC241, 0xA239, 0x6AB5, 0x6DF7, 0xABE6, 0x08AD, 0x456B, 0xA018, 0x8018, 0xA110, 0x8010, 0x8018, 0x6010, 
  0x6010, 0x6010, 0x6010, 0x6010, 0x6010, 0x6010, 0x6010, 0x6010, 0x6010, 0x6010, 0x6018, 0x6018, 0x2010, 0x8028, 0x2362, 0xC47A, 
  0x8141, 0x6010, 0x0129, 0xE028, 0xC68B, 0x6BEE, 0xAAF6, 0x0BF7, 0x4BF7, 0x2AF7, 0x2BF7, 0x48B5, 0x6031, 0x8010, 0xA010, 0xA010, 
  0x8010, 0xA018, 0x8018, 0x0121, 0x8973, 0x0121, 0x6010, 0x6008, 0xC018, 0x234A, 0xC239, 0x2029, 0x8462, 0x0129, 0x2010, 0x6110, 
  0x8010, 0x4010, 0x2230, 0xA770, 0x4BA1, 0x0CB9, 0xECB8, 0xECB8, 0xEDB8, 0xEDB8, 0xECB8, 0xEDB8, 0xEDB8, 0xEDB8, 0xECB8, 0x0DC1, 
  0x6ED1, 0x8FD1, 0xAFD9, 0xAFD9, 0xB0D9, 0xB0D9, 0xAFD9, 0x6FD1, 0x2EC9, 0xEDC0, 0xCCB8, 0xCCB8, 0x0DB9, 0x2CA9, 0xE978, 0x4438, 
  0x2118, 0x6218, 0x6218, 0x8210, 0x6218, 0x6218, 0x8210, 0x8210, 0x6210, 0x6218, 0x6110, 0x6110, 0x6010, 0x6010, 0x6018, 0x6010, 
  0x4010, 0xA018, 0xE128, 0xC8AC, 0x8CFF, 0x2ACE, 0x0363, 0x6BDE, 0x2BF7, 0x0AEF, 0x0AEF, 0x47AD, 0xC7A4, 0x49AD, 0xE362, 0x4BD6, 
  0x078C, 0x4129, 0xE783, 0x48B5, 0xC6A4, 0xAAE6, 0xA5E3, 0x82C8, 0xC7D8, 0xEFE8, 0xF0E8, 0xF0E8, 0xF0E8, 0x10E9, 0xF0E8, 0xF0E8, 
  0xF0E8, 0xF0E8, 0xF0E8, 0xF0E8, 0xF0E8, 0xF0E8, 0xF0E8, 0xF0E8, 0xF0E8, 0xF0E8, 0xF0E8, 0xF0E8, 0xF0E8, 0xF0E8, 0xF0E8, 0xF0E8, 
  0xF0E8, 0xF0E8, 0xF0E8, 0xF0E8, 0xF0E8, 0xF0E8, 0xF0E8, 0xF0E8, 0xF0E8, 0xF0E8, 0xF0E8, 0xF0E8, 0xF0E8, 0xF0E8, 0xF0E8, 0xF0E8, 
  0xF0E8, 0xF0E8, 0xF0E8, 0xF0E8, 0xF0E8, 0xF0E8, 0xF0E8, 0xF0E8, 0xF0E8, 0xF0E8, 0xF0E8, 0xF0E8, 0x10E9, 0xF0E8, 0xF0E8, 0x10E9, 
  0x10E9, 0xF0E0, 0xF0E8, 0xF0E8, 0xF0E8, 0xF0E8, 0xF0E8, 0xF0E8, 0xF0E8, 0xF0E8, 0xF0E8, 0xF0E8, 0xF0E8, 0xF0E8, 0xF0E8, 0xF0E8, 
  0xF0E8, 0xF0E8, 0xF0E8, 0xF0E8, 0xF0E8, 0xF0E8, 0xF0E8, 0xF0E8, 0xF0E8, 0xF0E8, 0xF0E8, 0xF0E8, 0xF0E8, 0xF0E8, 0xF0E8, 0xF0E8, 
  0x0FE9, 0xEAE0, 0x82C8, 0x88EC, 0x28B5, 0xC139, 0x8331, 0xC120, 0xA79C, 0xEAEE, 0xE9EE, 0x2BF7, 0xEAE6, 0xE9E6, 0x6CFF, 0x29B5, 
  0xC018, 0x4131, 0x29AD, 0x4DF7, 0xE9AC, 0xE241, 0x234A, 0x8131, 0xC018, 0x4008, 0xA018, 0x8010, 0x6010, 0x6010, 0x6010, 0x6018, 
  0x6010, 0x6010, 0x4010, 0x2010, 0x2018, 0x2018, 0x2018, 0x2018, 0x0018, 0x2018, 0x2010, 0x4010, 0x6010, 0x4010, 0x2010, 0x4010, 
  0x4010, 0x6010, 0x6018, 0x4018, 0x8018, 0x646A, 0x2593, 0xE57A, 0x6583, 0xA9CD, 0x2CF7, 0xCDDE, 0x2129, 0x8010, 0xA018, 0xA018, 
  0xA010, 0xA018, 0x8010, 0xC018, 0x2229, 0xA018, 0xA118, 0xA018, 0x8018, 0x4010, 0x6010, 0x4010, 0x0008, 0x4010, 0x6110, 0x6010, 
  0x2018, 0x6448, 0x2B91, 0x2DB9, 0xECB8, 0xECB8, 0xEDB8, 0xEDB8, 0xECB8, 0xCCB8, 0xEDB8, 0xEDB8, 0xEDB8, 0xCCB8, 0x4EC9, 0x12EA, 
  0x11EA, 0x11EA, 0x11EA, 0xF1E9, 0xF1E1, 0xD0E1, 0xF1E1, 0x11E2, 0xF1E1, 0xD0D9, 0xB0D9, 0x8FD1, 0x0DC1, 0xEDB8, 0x0DB9, 0x2CA1, 
  0xA658, 0x2220, 0x6210, 0x8210, 0x8210, 0x6218, 0x6218, 0x6218, 0x8210, 0x6210, 0x6218, 0x6118, 0x6110, 0x6010, 0x6010, 0x6010, 
  0x6110, 0x6010, 0x2010, 0x435A, 0xA9CD, 0x8CFF, 0xA7A4, 0x6131, 0x4BCE, 0x2BEF, 0x2AF7, 0x09CE, 0x024A, 0xA45A, 0xC239, 0xC8A4, 
  0xE7A4, 0x6131, 0xA45A, 0x67AD, 0x29D6, 0x0BF7, 0xE6E3, 0xA2C8, 0xA6D8, 0xEEE8, 0xF0E8, 0xEFE8, 0x0FE9, 0xF0E8, 0xF0E8, 0xF0E8, 
  0xF0E8, 0xF0E8, 0xF0E8, 0xF0E8, 0xF0E8, 0xF0E8, 0xF0E8, 0xF0E8, 0xF0E8, 0xF0E8, 0xF0E8, 0xF0E8, 0xF0E8, 0xF0E8, 0xF0E8, 0xF0E8, 
  0xF0E8, 0xF0E8, 0xF0E8, 0xF0E8, 0xF0E8, 0xF0E8, 0xF0E8, 0xF0E8, 0xF0E8, 0xF0E8, 0xF0E8, 0xF0E8, 0xF0E8, 0xF0E8, 0xF0E8, 0xF0E8, 
  0xF0E8, 0xF0E8, 0xF0E8, 0xF0E8, 0xF0E8, 0xF0E8, 0xF0E8, 0xF0E8, 0xF0E8, 0xF0E8, 0xF0E8, 0xF0E8, 0xF0E8, 0xF0E8, 0xF0E8, 0x10E9, 
  0x10E9, 0xF0E0, 0xF0E8, 0xF0E8, 0xF0E8, 0xF0E8, 0xF0E8, 0xF0E8, 0xF0E8, 0xF0E8, 0xF0E8, 0xF0E8, 0xF0E8, 0xF0E8, 0xF0E8, 0xF0E8, 
  0xF0E8, 0x10E9, 0xF0E8, 0xF0E8, 0xF0E8, 0xF0E8, 0xF0E8, 0xF0E8, 0xF0E8, 0xF0E8, 0xF0E8, 0xF0E8, 0xF0E8, 0xF0E8, 0xF0E8, 0xF0E8, 
  0x10E9, 0xE9E0, 0xA1C8, 0xC9EC, 0x28B5, 0x234A, 0x0121, 0x024A, 0x0ACE, 0xCAE6, 0x2BEF, 0x679C, 0x88B5, 0xCDFF, 0x29AD, 0xA018, 
  0xA139, 0x4CD6, 0xAEFF, 0x8CD6, 0xC241, 0x2008, 0x6008, 0x6010, 0x8018, 0x6018, 0x4010, 0x6010, 0x4110, 0x4110, 0x6010, 0x8018, 
  0x4010, 0x2018, 0x4238, 0x8550, 0xC870, 0xE980, 0xE980, 0xC880, 0xE878, 0xC770, 0x8558, 0x6448, 0x4338, 0x2128, 0x2018, 0x4010, 
  0x6010, 0x6010, 0x6110, 0x6010, 0x6010, 0x2008, 0x2010, 0x2008, 0x0008, 0xC130, 0x4462, 0x034A, 0xA018, 0x8010, 0x8010, 0x8018, 
  0xA018, 0xA018, 0xA018, 0x8018, 0x6010, 0x8018, 0x8110, 0x8010, 0x8018, 0x6018, 0x6010, 0x6010, 0x6110, 0x6010, 0x4010, 0x0120, 
  0xA768, 0x2CB1, 0x0DB9, 0xEDB8, 0xEDB8, 0xEDB8, 0xEDB8, 0xEDB8, 0xECB8, 0xECB8, 0xEDB8, 0xEDB8, 0xEDB8, 0xECB8, 0x0DC1, 0x8FD1, 
  0x4EC9, 0x2EC9, 0x2DC1, 0x0DC1, 0xEDC0, 0xEDB8, 0xECB8, 0xEDC0, 0x0DC1, 0x0DC1, 0x2DC1, 0x4EC9, 0x6FC9, 0x4EC1, 0x2EC1, 0x0DB9, 
  0x2DB1, 0xE978, 0x2328, 0x4210, 0x8218, 0x6210, 0x6218, 0x6218, 0x6218, 0x6218, 0x6210, 0x6218, 0x6218, 0x6118, 0x6110, 0x6010, 
  0x4010, 0x6010, 0x6010, 0x4010, 0x4141, 0xE8BC, 0xEDF6, 0x2029, 0x8352, 0x4BF7, 0x09EF, 0xEAE6, 0xE583, 0xA67B, 0xE462, 0x669C, 
  0xA9BD, 0xC241, 0xC239, 0xC79C, 0x69D6, 0x89E6, 0xE7E3, 0xA1C8, 0xA4D8, 0xECE8, 0xF0E8, 0xF0E8, 0x10E9, 0xF0E8, 0xF0E8, 0xF0E8, 
  0xF0E8, 0xF0E8, 0xF0E8, 0xF0E8, 0xF0E8, 0xF0E8, 0xF0E8, 0xF0E8, 0xF0E8, 0xF0E8, 0xF0E8, 0xF0E8, 0xF0E8, 0xF0E8, 0xF0E8, 0xF0E8, 
  0xF0E8, 0xF0E8, 0xF0E8, 0xF0E8, 0xF0E8, 0xF0E8, 0x10E9, 0xF0E8, 0xF0E8, 0xF0E8, 0xF0E8, 0xF0E8, 0xF0E8, 0xF0E8, 0xF0E8, 0xF0E8, 
  0xF0E8, 0xF0E8, 0xF0E8, 0xF0E8, 0xF0E8, 0xF0E8, 0xF0E8, 0xF0E0, 0xF0E8, 0xF0E8, 0xF0E8, 0xF0E8, 0xF0E8, 0xF0E8, 0xF0E8, 0x10E9, 
  0x10E9, 0xF0E8, 0xF0E8, 0xF0E8, 0xF0E8, 0xF0E8, 0xF0E8, 0xF0E8, 0xF0E8, 0xF0E8, 0xF0E8, 0xF0E8, 0xF0E8, 0xF0E8, 0xF0E8, 0xF0E8, 
  0xF0E8, 0xF0E8, 0xF0E8, 0xF0E8, 0xF0E8, 0xF0E8, 0xF0E8, 0xF0E8, 0xF0E8, 0xF0E8, 0xF0E8, 0xF0E8, 0xF0E8, 0xF0E8, 0xF0E8, 0xF0E8, 
  0x0FE9, 0xC9E0, 0xA1C8, 0xE8EC, 0xA8A4, 0x6231, 0xE020, 0x478C, 0x68BD, 0xC8C5, 0xE9A4, 0x2010, 0x0884, 0xA99C, 0xA018, 0xE783, 
  0x6CD6, 0xA89C, 0x0463, 0x6131, 0x6010, 0xA118, 0xA018, 0x8018, 0x6010, 0x6018, 0xA120, 0x4010, 0x8010, 0x6010, 0x2010, 0x0128, 
  0x6550, 0xE880, 0x2BA1, 0x2CB1, 0x0DB9, 0xEDB8, 0x0DB9, 0x0DB9, 0x0DB9, 0x0DB9, 0x0CB9, 0x2CB1, 0x2CA9, 0x2A99, 0xE878, 0x8558, 
  0x4238, 0x2018, 0x2010, 0x6010, 0x6018, 0x6018, 0x6010, 0x8010, 0x6010, 0x6018, 0x2008, 0x0008, 0x6010, 0x6010, 0x6010, 0x6010, 
  0x6010, 0x6010, 0x8010, 0x8010, 0x6010, 0x6010, 0x6010, 0x6010, 0x6010, 0x6010, 0x6010, 0x6010, 0x6018, 0x4010, 0x2228, 0xE980, 
  0x2DB9, 0xCDB8, 0xCDB8, 0xECB8, 0xECB8, 0xECB8, 0xEDB8, 0xECB8, 0xEDB8, 0xEDB8, 0xEDB8, 0xEDB8, 0xECB8, 0xEDB8, 0xECB8, 0xCCB8, 
  0xCCB8, 0xCCB0, 0xCCB8, 0xECB8, 0xEDB8, 0xCCB0, 0x2EC1, 0x2EC1, 0xCCB0, 0xECB8, 0xCCB8, 0xCCB8, 0xCCB8, 0xEDC0, 0x0DC1, 0x4EC1, 
  0x0EC1, 0x2DC1, 0x2B91, 0x4440, 0x2218, 0x8210, 0x6218, 0x8110, 0x6210, 0x6218, 0x6218, 0x6218, 0x6218, 0x6210, 0x6118, 0x6110, 
  0x6010, 0x6010, 0x6010, 0x6110, 0x2010, 0xC028, 0x279C, 0x88A4, 0xC362, 0x89DE, 0x0AEF, 0x2BEF, 0x67B5, 0x27AD, 0xAADE, 0xAADE, 
  0xABE6, 0xA35A, 0x8131, 0x4573, 0x29D6, 0x0AF7, 0xA5DB, 0xA1C8, 0xA3D0, 0xC9E0, 0x0FE9, 0xF0E8, 0xF0E8, 0xF0E8, 0xF0E8, 0x10E9, 
  0xF0E8, 0xF0E8, 0xF0E8, 0xF0E8, 0xF0E8, 0xF0E8, 0xF0E8, 0xF0E8, 0xF0E8, 0xF0E8, 0xF0E8, 0xF0E8, 0xF0E8, 0xF0E8, 0xF0E8, 0xF0E8, 
  0xF0E8, 0xF0E8, 0xF0E8, 0xF0E8, 0xF0E8, 0xF0E8, 0xF0E8, 0xF0E8, 0xF0E8, 0xF0E8, 0xF0E8, 0xF0E8, 0xF0E8, 0xF0E8, 0xF0E8, 0xF0E8, 
  0xF0E8, 0xF0E8, 0xF0E8, 0xF0E8, 0xF0E8, 0xF0E8, 0xF0E8, 0xF0E0, 0xF0E8, 0xF0E8, 0xF0E8, 0xF0E8, 0xF0E8, 0xF0E8, 0xF0E8, 0x10E9, 
  0x10E9, 0xF0E8, 0xF0E8, 0xF0E8, 0xF0E8, 0xF0E8, 0xF0E8, 0xF0E8, 0xF0E8, 0xF0E8, 0xF0E8, 0xF0E8, 0xF0E8, 0xF0E8, 0xF0E8, 0xF0E8, 
  0xF0E8, 0xF0E8, 0xF0E8, 0xF0E8, 0xF0E8, 0xF0E8, 0xF0E8, 0xF0E8, 0xF0E8, 0xF0E8, 0xF0E8, 0xF0E8, 0xF0E8, 0xF0E8, 0xF0E8, 0xF0E8, 
  0x0FE9, 0xC9D8, 0xC1C8, 0x09F5, 0x6794, 0x2129, 0x6573, 0x68B5, 0x26B5, 0xA8BD, 0x4352, 0x2008, 0xE120, 0x4008, 0x8239, 0xEDC5, 
  0xC462, 0x0000, 0x4008, 0x8010, 0xA018, 0x6018, 0xA118, 0x6010, 0x4010, 0xC120, 0x0331, 0x4010, 0x4010, 0x2020, 0x8558, 0x0A99, 
  0x2DB1, 0x0DB9, 0xCDB8, 0xECB8, 0xECB0, 0xECB8, 0xECB8, 0xECB8, 0xEDB8, 0xEDB8, 0xEDB8, 0xECB8, 0xEDB8, 0xEDB8, 0x0DC1, 0x2DB9, 
  0x2CA9, 0xE980, 0x6448, 0x2020, 0x4010, 0x4018, 0x4010, 0x6010, 0x6010, 0x6010, 0x8010, 0x6118, 0x6010, 0x6010, 0x6010, 0x6010, 
  0x6010, 0x6010, 0x6010, 0x6010, 0x4110, 0x6110, 0x6010, 0x6010, 0x4010, 0x4018, 0x6018, 0x6010, 0x6010, 0x2120, 0x0981, 0x2DB9, 
  0xEDB8, 0xEDB8, 0xEDB8, 0xEDB8, 0xEDB8, 0xEDB8, 0xEDB8, 0xEDB8, 0x0DB9, 0xEDB8, 0xEDB8, 0xEDB8, 0xEDB8, 0xEDB8, 0xEDB8, 0xEDB8, 
  0xEDB8, 0xEDB8, 0xEDB8, 0xEDB8, 0xEDB8, 0xCCB8, 0x0DC1, 0x6FC9, 0xCCB8, 0xEDB8, 0xEDB8, 0xEDB8, 0xEDB8, 0xECB8, 0xECB8, 0xEDB8, 
  0xEDB8, 0x0DB9, 0x2DC1, 0x4CA9, 0xA658, 0x2218, 0x6210, 0x8210, 0x6218, 0x6218, 0x6218, 0x6218, 0x6218, 0x6218, 0x6218, 0x8218, 
  0x8110, 0x6010, 0x4010, 0x6018, 0x8010, 0x2010, 0x6020, 0x2AC5, 0x8BEE, 0x89DE, 0x0AEF, 0x0AEF, 0xCAE6, 0x08CE, 0xEAE6, 0x2AEF, 
  0x4BF7, 0xC7A4, 0x234A, 0xC45A, 0x0ACE, 0x0BEF, 0xC7E4, 0xE2C0, 0xA3D8, 0xA6D8, 0x0DE9, 0xF0E8, 0xF0E8, 0xF0E8, 0x10E9, 0xF0E8, 
  0xF0E8, 0xF0E8, 0xF0E8, 0xF0E8, 0xF0E8, 0xF0E8, 0xF0E8, 0xF0E8, 0xF0E8, 0xF0E8, 0xF0E8, 0xF0E8, 0xF0E8, 0xF0E8, 0xF0E8, 0xF0E8, 
  0xF0E8, 0xF0E8, 0xF0E8, 0xF0E8, 0xF0E8, 0xF0E8, 0xF0E8, 0xF0E8, 0xF0E8, 0xF0E8, 0xF0E8, 0xF0E8, 0xF0E8, 0xF0E8, 0xF0E8, 0xF0E8, 
  0xF0E8, 0xF0E8, 0xF0E8, 0xF0E8, 0xF0E8, 0xF0E8, 0xF0E8, 0xF0E8, 0xF0E8, 0xF0E8, 0xF0E8, 0xF0E8, 0xF0E8, 0xF0E8, 0xEFE0, 0x10E9, 
  0x10E9, 0xEFE8, 0xF0E8, 0xF0E8, 0xF0E8, 0xF0E8, 0xF0E8, 0xF0E8, 0xF0E8, 0xF0E8, 0x10E9, 0x10E9, 0xF0E8, 0xF0E8, 0xF0E8, 0xF0E8, 
  0xF0E8, 0xF0E8, 0xF0E0, 0xF0E8, 0xF0E8, 0xF0E8, 0xF0E8, 0xF0E8, 0xF0E8, 0xF0E8, 0xF0E8, 0xF0E8, 0xF0E8, 0xF0E8, 0xF0E8, 0xF0E8, 
  0x0FE9, 0xC8D8, 0xC1C8, 0x2AF5, 0x4573, 0xA139, 0x48B5, 0x49D6, 0x0BEF, 0xCBE6, 0x214A, 0x4131, 0xA018, 0xA010, 0x0121, 0xA010, 
  0x6010, 0xA018, 0xC118, 0xA018, 0x6010, 0x6010, 0x6010, 0x2010, 0x4010, 0x6010, 0x4010, 0x2118, 0x8450, 0x0A91, 0x2DB9, 0x0CB9, 
  0xECB8, 0xECB8, 0xEDB8, 0xEDB8, 0xEDB8, 0xEDB8, 0xECB8, 0xECB8, 0xEDB8, 0xEDB8, 0xEDB8, 0xEDB8, 0xEDB8, 0xEDB8, 0xEDB8, 0xEDB8, 
  0xEDB8, 0x2DB9, 0x4CB1, 0xE980, 0x4338, 0x4110, 0x6118, 0x6018, 0x6010, 0x6010, 0x6010, 0x4010, 0x6010, 0x6010, 0x6110, 0x6010, 
  0x6010, 0x6010, 0x6010, 0x6010, 0x6010, 0x6010, 0x6010, 0x4010, 0xE359, 0xA8A3, 0xE459, 0x4110, 0x2118, 0xC768, 0x2DB9, 0xECB8, 
  0xECB8, 0xECB8, 0xEDB8, 0xEDB8, 0xEDB8, 0xEDB8, 0xEDB8, 0xEDB8, 0xECB8, 0xECB8, 0xEDB8, 0xEDB8, 0xEDB8, 0xEDB8, 0xEDB8, 0xEDB8, 
  0xECB8, 0xEDB8, 0xECB8, 0xEDB8, 0xEDB8, 0xECB8, 0xEDC0, 0xECB8, 0xECB8, 0xEDB8, 0xECB8, 0xEDB8, 0xEDB8, 0xEDB8, 0xEDB8, 0xCCB8, 
  0xECB8, 0xECB0, 0xECB8, 0x0DB9, 0x4DB9, 0xC878, 0x2228, 0x4210, 0x6218, 0x6218, 0x6218, 0x6218, 0x6218, 0x6218, 0x6218, 0x6218, 
  0x6218, 0x8210, 0x6110, 0x6010, 0x6010, 0x6118, 0x2010, 0x2141, 0xC8C4, 0xEBF6, 0xEAEE, 0x09EF, 0x2AEF, 0x0AEF, 0xC9E6, 0x0AE7, 
  0x4BF7, 0x258C, 0xC241, 0x0342, 0x08B5, 0x49D6, 0x2AEE, 0x03CA, 0x82D0, 0xA3D0, 0xEAE0, 0xF0E8, 0xF0E8, 0xF0E8, 0x10E9, 0xF0E8, 
  0xF0E8, 0xF0E8, 0xF0E8, 0xF0E8, 0xF0E8, 0xF0E8, 0xF0E8, 0xF0E8, 0xF0E8, 0xF0E8, 0xF0E8, 0xF0E8, 0xF0E8, 0xF0E8, 0xF0E8, 0xF0E8, 
  0xF0E8, 0xF0E8, 0xF0E8, 0xF0E8, 0xF0E8, 0xF0E8, 0xF0E8, 0xF0E8, 0xF0E8, 0xF0E8, 0xF0E8, 0xF0E8, 0xF0E8, 0xF0E8, 0xF0E8, 0xF0E8, 
  0xF0E8, 0xF0E8, 0xF0E8, 0xF0E8, 0xF0E8, 0xF0E8, 0xF0E8, 0xF0E8, 0xF0E8, 0xF0E8, 0xF0E8, 0xF0E8, 0xF0E8, 0xF0E8, 0xEFE0, 0x10E9, 
  0x10E9, 0xF0E8, 0xF0E8, 0xF0E8, 0x10E9, 0xF0E8, 0xF0E8, 0xF0E8, 0xF0E8, 0xF0E8, 0xF0E8, 0xF0E8, 0xF0E8, 0xF0E8, 0xF0E8, 0xF0E8, 
  0xF0E8, 0xF0E8, 0xF0E8, 0xF0E8, 0xF0E8, 0xF0E8, 0xF0E8, 0xF0E8, 0xF0E8, 0xF0E8, 0xF0E8, 0xF0E8, 0xF0E8, 0xF0E8, 0xF0E8, 0xF0E8, 
  0x0FE9, 0xC8D8, 0x02C9, 0xE9E4, 0x8352, 0x0463, 0x48BD, 0x2BEF, 0x0AEF, 0xCAE6, 0x6AD6, 0x6AB5, 0xA018, 0xA018, 0xA010, 0xA010, 
  0xA018, 0xA018, 0x8010, 0x6010, 0x6010, 0x6010, 0x2010, 0x4339, 0xC128, 0x2008, 0x2128, 0xE878, 0x4CB1, 0x0DB9, 0xCDB8, 0xECB8, 
  0xECB8, 0xEDB8, 0xEDB8, 0xEDB8, 0xECB8, 0xEDB8, 0xEDB8, 0xEDB8, 0xECB8, 0xECB8, 0xEDB8, 0xEDB8, 0xEDB8, 0xEDB8, 0xEDB8, 0xEDB8, 
  0xEDB8, 0xECB8, 0xECB8, 0x2DB9, 0x4CA1, 0x8650, 0x2118, 0x6118, 0x6110, 0x6110, 0x6110, 0x6010, 0x6010, 0x6010, 0x6010, 0x6010, 
  0x6010, 0x6010, 0x6010, 0x6010, 0x6010, 0x6010, 0x2010, 0xC128, 0x8CC4, 0x71F5, 0x2FB4, 0x6220, 0x6548, 0x4CA9, 0xECB8, 0xEDB8, 
  0xEDB8, 0xEDB8, 0xEDB8, 0xEDB8, 0xEDB8, 0xEDB8, 0xECB8, 0xECB8, 0xEDB8, 0xEDB8, 0xEDB8, 0xECB8, 0xEDB8, 0xEDB8, 0xEDB8, 0x0DB9, 
  0xECB8, 0xEDB8, 0xEDB8, 0xECB8, 0xECB8, 0xCDB8, 0xEDC0, 0xECB8, 0xEDB8, 0xEDB8, 0xEDB8, 0xEDB8, 0xEDB8, 0xEDB8, 0xEDB8, 0xEDB8, 
  0xEDB8, 0xEDB8, 0xEDB8, 0xECB8, 0xECB8, 0x2DB9, 0x0A91, 0x4438, 0x2110, 0x6218, 0x6218, 0x6218, 0x6218, 0x8210, 0x8210, 0x6210, 
  0x8210, 0x6210, 0x6110, 0x6110, 0x4010, 0x6010, 0x8018, 0x0010, 0x4141, 0x29C5, 0x2BF7, 0x09EF, 0x0AEF, 0x0AEF, 0xC9E6, 0x0AEF, 
  0x69DE, 0x268C, 0x034A, 0x0342, 0xE683, 0x27B5, 0x4AE6, 0xE7E3, 0xA1C8, 0xC3D8, 0xA6D8, 0xEEE8, 0xF0E8, 0x10E9, 0xF0E8, 0xEFE8, 
  0xF0E8, 0xF0E8, 0xF0E8, 0xF0E8, 0xF0E8, 0xF0E8, 0xF0E8, 0xF0E8, 0xF0E8, 0xF0E8, 0xF0E8, 0xF0E8, 0xF0E8, 0xF0E8, 0xF0E8, 0xF0E8, 
  0xF0E8, 0xF0E8, 0xF0E8, 0xF0E8, 0xF0E8, 0xF0E8, 0xF0E8, 0xF0E8, 0xF0E8, 0xF0E8, 0xF0E8, 0xF0E8, 0xF0E8, 0xF0E8, 0xF0E8, 0xF0E8, 
  0xF0E8, 0xF0E8, 0xF0E8, 0xF0E8, 0xF0E8, 0xF0E8, 0xF0E8, 0xF0E8, 0xF0E8, 0xF0E8, 0xF0E8, 0xF0E8, 0xF0E8, 0xF0E8, 0xEFE8, 0x10E9, 
  0x10E9, 0xF0E8, 0xF0E8, 0xF0E8, 0x10E9, 0xF0E8, 0xF0E8, 0xF0E8, 0xF0E8, 0xF0E8, 0xF0E8, 0xF0E8, 0xF0E8, 0xF0E8, 0xF0E8, 0xF0E8, 
  0xF0E8, 0xF0E8, 0xF0E8, 0xF0E8, 0xF0E8, 0xF0E8, 0xF0E8, 0xF0E8, 0xF0E8, 0xF0E8, 0xF0E8, 0xF0E8, 0xF0E8, 0xF0E8, 0xF0E8, 0xF0E8, 
  0x0FE9, 0xA7D8, 0x23C9, 0x89CC, 0x246B, 0xE8A4, 0x69D6, 0x0AEF, 0x09EF, 0xEAEE, 0xACFF, 0x8894, 0x6008, 0xA018, 0xA010, 0xA018, 
  0xA018, 0xA018, 0x6010, 0x4010, 0x6010, 0x6010, 0x4018, 0xC449, 0x8020, 0x2228, 0x0A89, 0x2DB9, 0xECB8, 0xEDB8, 0xEDB8, 0xECB8, 
  0xEDB8, 0xEDB8, 0xECB8, 0xECB8, 0xECB8, 0xEDB8, 0xEDB8, 0xECB8, 0xECB8, 0xEDB8, 0xEDB8, 0xEDB8, 0xECB8, 0xEDB8, 0xEDB8, 0xECB8, 
  0xEDB8, 0xECB8, 0xCCB8, 0xECB8, 0xEDB8, 0x4CA9, 0x8550, 0x4110, 0x6218, 0x6218, 0x8218, 0x6110, 0x6110, 0x6110, 0x6110, 0x6110, 
  0x6010, 0x6110, 0x6110, 0x6110, 0x6110, 0x6118, 0x2010, 0x6549, 0x35E5, 0x55ED, 0x31BC, 0x2338, 0x2B91, 0x0DB1, 0xECB8, 0xECB8, 
  0xEDB8, 0x0DB9, 0xEDB8, 0xEDB8, 0xEDB8, 0xECB8, 0xEDB8, 0xEDB8, 0x0DC1, 0x0DC1, 0xEDB8, 0xEDB8, 0xEDB8, 0xECB8, 0xECB8, 0x2DC1, 
  0xECB8, 0xEDB8, 0xECB8, 0xECB8, 0x0DB9, 0xECB8, 0xCCB8, 0xEDB8, 0xEDB8, 0xEDB8, 0xECB8, 0xECB8, 0xECB8, 0xEDB8, 0xEDB8, 0xEDB8, 
  0xEDB8, 0xEDB8, 0xEDB8, 0xEDB8, 0xEDB8, 0xECB8, 0x0DB9, 0x2BA1, 0x8658, 0x2218, 0x6210, 0x6218, 0x6218, 0x8210, 0x6218, 0x6218, 
  0x6218, 0x6218, 0x8110, 0x8110, 0x6110, 0x6010, 0x4018, 0x6110, 0x2008, 0x0139, 0x0AD6, 0x4AF7, 0xEAEE, 0x2AF7, 0x49D6, 0xCAE6, 
  0x29CE, 0x6252, 0xA45A, 0xE562, 0xC45A, 0xE8A4, 0x29D6, 0xA9F5, 0x63C9, 0xA3D0, 0xA4D8, 0xEBE0, 0x0FE9, 0x10E9, 0xF0E8, 0xF0E8, 
  0xF0E8, 0xF0E8, 0xF0E8, 0xF0E8, 0xF0E8, 0xF0E8, 0xF0E8, 0xF0E8, 0xF0E8, 0x0FE9, 0xF0E8, 0xF0E8, 0xF0E8, 0xF0E8, 0xF0E8, 0xF0E8, 
  0xF0E8, 0xF0E8, 0xF0E8, 0xF0E8, 0xF0E8, 0xF0E8, 0xF0E8, 0xF0E8, 0xF0E8, 0xF0E8, 0xF0E8, 0xF0E8, 0xF0E8, 0xF0E8, 0xF0E8, 0xF0E8, 
  0xF0E8, 0xF0E8, 0xF0E8, 0xF0E8, 0xF0E8, 0xF0E8, 0xF0E8, 0xF0E8, 0xF0E8, 0xF0E8, 0xF0E8, 0xF0E8, 0xF0E8, 0xF0E8, 0xF0E8, 0x10E9, 
  0x10E9, 0xF0E8, 0xF0E8, 0xF0E8, 0xF0E0, 0xF0E8, 0xF0E8, 0xF0E8, 0xF0E8, 0xF0E8, 0xF0E8, 0xF0E8, 0xF0E8, 0xF0E8, 0xF0E8, 0xF0E8, 
  0xF0E8, 0xF0E8, 0xF0E8, 0xF0E8, 0xF0E8, 0xF0E8, 0xF0E8, 0xF0E8, 0xF0E8, 0xF0E8, 0xF0E8, 0xF0E8, 0xF0E8, 0xF0E8, 0xF0E8, 0xF0E8, 
  0x0EE9, 0xA7D8, 0x43D1, 0x68C4, 0x268C, 0xA69C, 0xEAE6, 0x09EF, 0xE9EE, 0x6CF7, 0xE8A4, 0xE020, 0x8010, 0xA018, 0xA010, 0x8010, 
  0x8018, 0x8010, 0x6010, 0x6010, 0x6010, 0x4010, 0x6118, 0xA120, 0x4238, 0x0A91, 0x2DB9, 0xEDB8, 0xEDB8, 0xCDB8, 0xEDB8, 0xEDB8, 
  0xEDB8, 0xECB8, 0xEDB8, 0xEDB8, 0xEDB8, 0x2DC1, 0x0DC1, 0x2EC1, 0x0DC1, 0xEDB8, 0x0DB9, 0xEDB8, 0x0DB9, 0xEDB8, 0xEDB8, 0xEDB8, 
  0x0DC1, 0x2EC1, 0x4EC9, 0xEDB8, 0xCCB8, 0xEDB8, 0x4B99, 0x4330, 0x6118, 0x6218, 0x6210, 0x6218, 0x6218, 0x6218, 0x6218, 0x8218, 
  0x6218, 0x6218, 0x8210, 0x8210, 0x8218, 0x8218, 0x2008, 0x296A, 0x56ED, 0x55ED, 0xF0B3, 0x8668, 0x2DB9, 0xECB8, 0xEDB8, 0xEDB8, 
  0xEDB8, 0x0DB9, 0xEDB8, 0xEDB8, 0xEDB8, 0xECB8, 0xEDB8, 0xEDB8, 0xEDB8, 0xEDB8, 0xCCB0, 0xECB8, 0x0DB9, 0xEDB8, 0x0DC1, 0xCCB8, 
  0xCCB8, 0xCDB8, 0xEDB8, 0xEDC0, 0x2DC1, 0x0DB9, 0xEDB8, 0xEDB8, 0xEDB8, 0xEDB8, 0xECB8, 0xEDB8, 0xEDB8, 0xEDB8, 0xEDB8, 0xEDB8, 
  0xECB8, 0xECB8, 0xECB8, 0xEDB8, 0xEDB8, 0xEDB8, 0xEDB8, 0xECB8, 0x4CB1, 0xE870, 0x2230, 0x4110, 0x8110, 0x8218, 0x6218, 0x8210, 
  0x6218, 0x6218, 0x6218, 0x6210, 0x8118, 0x6110, 0x6110, 0x6010, 0x8018, 0x0008, 0x2352, 0xECEE, 0x0AEF, 0x4AF7, 0x27AD, 0xA69C, 
  0x0DE7, 0x224A, 0x0021, 0x6352, 0xA57B, 0x278C, 0x28CE, 0xABF6, 0x05DB, 0xA2C8, 0xA3D8, 0xC7D8, 0x0EE9, 0xF0E8, 0xF0E8, 0xF0E8, 
  0xF0E8, 0xF0E8, 0xF0E8, 0xF0E8, 0xF0E8, 0xF0E8, 0xF0E8, 0xF0E8, 0xF0E8, 0xF0E8, 0xF0E8, 0xF0E8, 0xF0E8, 0xF0E8, 0xF0E8, 0xF0E8, 
  0xF0E8, 0xF0E8, 0xF0E8, 0xF0E8, 0xF0E8, 0xF0E8, 0xF0E8, 0xF0E8, 0xF0E8, 0xF0E8, 0xF0E8, 0xF0E8, 0xF0E8, 0xF0E8, 0xF0E8, 0xF0E8, 
  0xF0E8, 0xF0E8, 0xF0E8, 0xF0E8, 0xF0E8, 0xF0E8, 0xF0E8, 0xF0E8, 0xF0E8, 0xF0E8, 0xF0E8, 0xF0E8, 0xF0E8, 0xF0E8, 0xF0E8, 0x10E9, 
  0x10E9, 0xF0E8, 0xF0E8, 0xF0E8, 0xF0E0, 0xF0E8, 0xF0E8, 0xF0E8, 0xF0E8, 0xF0E8, 0xF0E8, 0xF0E8, 0xF0E8, 0xF0E8, 0xF0E8, 0xF0E8, 
  0xF0E8, 0xF0E8, 0xF0E0, 0xF0E8, 0xF0E8, 0xF0E8, 0xF0E8, 0xF0E8, 0xF0E8, 0xF0E8, 0xF0E8, 0xF0E8, 0xF0E8, 0xF0E8, 0xF0E8, 0xF0E8, 
  0x0EE9, 0xA7D8, 0x43D1, 0xA8D4, 0x048C, 0xC8C5, 0x0AEF, 0x0AEF, 0x0CEF, 0xE783, 0xA018, 0x8010, 0xA018, 0xA010, 0xA010, 0xA018, 
  0xC118, 0x4010, 0x6010, 0x6010, 0x6010, 0x6110, 0x6210, 0x4338, 0x2B99, 0x0DB9, 0xECB8, 0xEDB8, 0xEDB8, 0xEDB8, 0xEDB8, 0xEDB8, 
  0xEDB8, 0xEDB8, 0xEDB8, 0x2DC1, 0xEDB8, 0xEDB8, 0xEDB8, 0xEDB8, 0xCCB8, 0xEDB8, 0xEDB8, 0xEDB8, 0xEDB8, 0xEDB8, 0xEDB8, 0xEDB8, 
  0xEDB8, 0xEDB8, 0x2EC1, 0xEDB8, 0xEDB0, 0xEDB0, 0x0DB9, 0xC978, 0x2218, 0x8210, 0x6218, 0x6218, 0x6218, 0x6218, 0x6210, 0x6218, 
  0x6218, 0x6210, 0x8210, 0x6210, 0x0010, 0x2010, 0x0008, 0x2D93, 0x75ED, 0x34ED, 0x32CC, 0x2BA1, 0xEDB8, 0xEDB8, 0xEDB8, 0xECB8, 
  0xEDB8, 0xEDB8, 0xECB8, 0xEDB8, 0xEDB8, 0xEDB8, 0xEDB8, 0xECB8, 0xECB8, 0xEDC0, 0x4EC9, 0x8FD9, 0xB0E1, 0xB0E1, 0xCFD9, 0xCFD1, 
  0x8EC9, 0x2CA9, 0x2CA1, 0xEBA0, 0xEA98, 0x0B99, 0x2CA1, 0x2CA9, 0x2DB9, 0x0DB9, 0xEDB8, 0xCDB8, 0xCDB8, 0xEDB8, 0xEDB8, 0xEDB8, 
  0xEDB8, 0xEDB8, 0xEDB8, 0xEDB8, 0xEDB8, 0xEDB8, 0xEDB8, 0xEDB8, 0xEDB8, 0x2DB1, 0x0B91, 0x8550, 0x2220, 0x4110, 0x6110, 0x8210, 
  0x8210, 0x6218, 0x6218, 0x6218, 0x6218, 0x8210, 0x6218, 0x6010, 0x6010, 0x8010, 0x2008, 0x4352, 0x8BDE, 0x6BF7, 0x0ACE, 0x4152, 
  0x69B5, 0x246B, 0x6231, 0x845A, 0x867B, 0x6373, 0x26AD, 0x6ADE, 0x08ED, 0x02C9, 0xA3D8, 0xA5D8, 0xECE0, 0xF0E8, 0xF0E8, 0xF0E8, 
  0xF0E8, 0xF0E8, 0xF0E8, 0xF0E8, 0xF0E8, 0xF0E8, 0xF0E8, 0xF0E8, 0xF0E8, 0xF0E8, 0xF0E8, 0xF0E8, 0xF0E8, 0xF0E8, 0xF0E8, 0xF0E8, 
  0xF0E8, 0xF0E8, 0xF0E8, 0xF0E8, 0xF0E8, 0xF0E8, 0xF0E8, 0xF0E8, 0xF0E0, 0xF0E0, 0xF0E8, 0xF0E8, 0xF0E8, 0xF0E8, 0xF0E8, 0xF0E8, 
  0xF0E8, 0xF0E8, 0xF0E8, 0xF0E8, 0xF0E8, 0xF0E8, 0xF0E8, 0xF0E8, 0xF0E8, 0xF0E8, 0xF0E8, 0xF0E8, 0xF0E8, 0xF0E8, 0xF0E8, 0x10E9, 
  0x10E9, 0xF0E8, 0xF0E8, 0xF0E8, 0xF0E0, 0xF0E8, 0xF0E8, 0xF0E8, 0xF0E8, 0xF0E8, 0xF0E8, 0xF0E8, 0xF0E8, 0xF0E8, 0xF0E8, 0xF0E8, 
  0xF0E8, 0xF0E8, 0xF0E8, 0xF0E8, 0xF0E8, 0xF0E8, 0xF0E8, 0xF0E8, 0xF0E8, 0xF0E8, 0xF0E8, 0xF0E8, 0xF0E8, 0xF0E8, 0xF0E8, 0xF0E8, 
  0x0EE9, 0xA6D8, 0xA2C9, 0xAAE5, 0xC69C, 0x49D6, 0x2AF7, 0xEBE6, 0xA35A, 0x4008, 0x8018, 0xA018, 0x8010, 0xA010, 0x8010, 0xA018, 
  0x8018, 0x6010, 0x6010, 0x4010, 0x6118, 0x2118, 0xE758, 0x2BA1, 0x0DB9, 0xCCB8, 0xECC0, 0xECB8, 0xECB8, 0xEDB8, 0xEDB8, 0xEDB8, 
  0xEDB8, 0xEDB8, 0xEDB8, 0xCCB8, 0xECB8, 0xEDB8, 0xEDB8, 0xEDB8, 0xEDB8, 0xEDB8, 0xEDB8, 0xEDB8, 0xEDB8, 0xEDB8, 0xEDB8, 0xEDB8, 
  0xEDB8, 0xECB8, 0xECB8, 0xECB8, 0xCDB8, 0xEDB8, 0xEDB8, 0x2CA9, 0x6540, 0x4110, 0x6218, 0x6218, 0x6218, 0x6218, 0x6218, 0x6218, 
  0x6218, 0x6210, 0x6110, 0x8220, 0x696A, 0x696A, 0xCB7A, 0x92CC, 0x15ED, 0x35ED, 0x54EC, 0x2CB9, 0xECB0, 0xECB8, 0xEDB8, 0xECB8, 
  0xEDB8, 0xEDB8, 0xEDB8, 0xEDB8, 0xEDB8, 0xEDB8, 0xEDB8, 0xECB8, 0xCCB8, 0x6FD1, 0x11E2, 0x10DA, 0xB1E2, 0x12EB, 0xB3EB, 0x54EC, 
  0xD1C3, 0x4759, 0x4220, 0x4220, 0x4220, 0x2228, 0x4328, 0x6438, 0x8658, 0xC878, 0x0B91, 0x2CA9, 0x2DB9, 0x0DB9, 0xEDB8, 0xEDB8, 
  0xEDB8, 0xEDB8, 0xEDB8, 0xEDB8, 0xEDB8, 0xEDB8, 0xCDB8, 0xEDB8, 0xEDB8, 0xCDB8, 0xEDB8, 0x2DB1, 0xEA88, 0x8550, 0x2228, 0x2218, 
  0x4110, 0x6110, 0x6110, 0x6110, 0x4110, 0x4110, 0x4118, 0x2118, 0x4120, 0x6018, 0x6010, 0x2008, 0xE241, 0x4AD6, 0x4BF7, 0x258C, 
  0x879C, 0x08A5, 0xC241, 0x234A, 0x825A, 0x068C, 0x879C, 0xE9CD, 0x8BFE, 0x63D2, 0xA2D0, 0xA4D8, 0xC9E0, 0x0FE9, 0xEFE8, 0xF0E8, 
  0xF0E8, 0xF0E8, 0xF0E8, 0xF0E8, 0xF0E8, 0xF0E8, 0xF0E8, 0xF0E8, 0xF0E8, 0xF0E8, 0xF0E8, 0xF0E8, 0x10E9, 0xF0E8, 0xF0E8, 0xF0E8, 
  0xF0E8, 0xF0E8, 0xF0E8, 0xF0E8, 0xF0E8, 0xF0E8, 0xF0E8, 0xF0E8, 0xF0E0, 0xF0E8, 0xF0E8, 0xF0E8, 0xF0E8, 0xF0E8, 0xF0E8, 0xF0E8, 
  0xF0E8, 0xF0E8, 0xF0E8, 0xF0E8, 0xF0E8, 0xF0E8, 0xF0E8, 0xF0E8, 0xF0E8, 0xF0E8, 0xF0E8, 0xF0E8, 0xF0E8, 0xF0E8, 0xF0E8, 0x10E9, 
  0x10E9, 0xF0E8, 0xF0E8, 0xF0E8, 0xF0E8, 0xF0E8, 0xF0E8, 0xF0E8, 0xF0E8, 0xF0E8, 0xF0E8, 0xF0E8, 0xF0E8, 0xF0E8, 0xF0E8, 0xF0E8, 
  0xF0E8, 0xF0E8, 0xF0E8, 0xF0E8, 0xF0E8, 0xF0E8, 0xF0E8, 0xF0E8, 0xF0E8, 0xF0E8, 0xF0E8, 0xF0E8, 0xF0E8, 0xF0E8, 0xF0E8, 0xF0E8, 
  0xECE8, 0x83C8, 0x85DB, 0xCAD5, 0x2373, 0x8ADE, 0x4CF7, 0x4794, 0x4008, 0xA118, 0xA018, 0xA018, 0xA110, 0xA010, 0x8018, 0x6010, 
  0x6010, 0x6010, 0x6010, 0x6118, 0x2118, 0x8550, 0x2CA1, 0xEDB8, 0xEDB8, 0xEDB8, 0xECB8, 0xEDB8, 0xEDB8, 0xEDB8, 0xECB8, 0xECB8, 
  0xECB8, 0xECB8, 0xECB8, 0xECB8, 0xEDB8, 0xECB8, 0xEDB8, 0xECB8, 0xECB8, 0xECB8, 0xEDB8, 0xEDB8, 0xEDB8, 0xEDB8, 0xEDB8, 0xEDB8, 
  0xEDB8, 0xEDB8, 0xEDB8, 0xEDB8, 0xEDB8, 0xECB8, 0xEDB8, 0x0DB9, 0xE980, 0x2218, 0x6210, 0x6218, 0x6218, 0x6210, 0x6218, 0x6218, 
  0x6210, 0x8210, 0x2118, 0x0C83, 0xB7ED, 0x76ED, 0x56ED, 0x34ED, 0x14E5, 0x35ED, 0xF3EB, 0xAED1, 0x4EC9, 0xECB8, 0xECB8, 0xEDB8, 
  0xEDB8, 0xEDB8, 0xEDB8, 0xEDB8, 0xEDB8, 0xEDB8, 0xECB8, 0x0DB9, 0x0CB1, 0x2FD2, 0x93EB, 0x54EC, 0xF5EC, 0x15F5, 0x15ED, 0x15E5, 
  0xAB82, 0xC328, 0x6118, 0x6210, 0x6210, 0x6110, 0x6210, 0x4110, 0x4110, 0x4218, 0x4228, 0x6548, 0xC870, 0x2B91, 0x2DB1, 0x0DC1, 
  0x0DB9, 0x0DB9, 0xECB8, 0xECB8, 0xECB8, 0xECB8, 0xCCB8, 0xECB8, 0xECB8, 0xEDB8, 0xEDB8, 0xEDB8, 0x0DB9, 0x2DB1, 0x2B91, 0xC870, 
  0x8650, 0x4440, 0x4430, 0x4438, 0x6540, 0x8650, 0xC870, 0x4A81, 0x0759, 0x4018, 0x6010, 0x8018, 0x0000, 0x068C, 0x8CFF, 0xE9CD, 
  0x847B, 0x4CCE, 0xE462, 0xC55A, 0xA67B, 0xC683, 0x488C, 0x48B5, 0xEBF6, 0x67E4, 0xC2C8, 0xA3D8, 0xA6D8, 0x0DE1, 0xF0E8, 0xF0E8, 
  0xF0E8, 0xF0E8, 0xF0E8, 0xF0E8, 0xF0E8, 0xF0E8, 0xF0E8, 0xF0E8, 0xF0E8, 0xF0E8, 0xF0E8, 0xF0E8, 0xF0E8, 0xF0E8, 0xF0E8, 0xF0E8, 
  0xF0E8, 0xF0E8, 0xF0E8, 0xF0E8, 0xF0E8, 0xF0E8, 0xF0E8, 0xF0E8, 0xF0E8, 0xF0E8, 0xF0E8, 0xF0E8, 0xF0E8, 0xF0E8, 0xF0E8, 0xF0E8, 
  0xF0E8, 0xF0E8, 0xF0E8, 0xF0E8, 0xF0E8, 0xF0E8, 0xF0E8, 0xF0E8, 0xF0E8, 0xF0E8, 0xF0E8, 0x10E9, 0x10E9, 0xF0E8, 0xF0E8, 0x10E9, 
  0x10E9, 0xF0E8, 0xF0E8, 0xF0E8, 0x10E9, 0xF0E8, 0xF0E8, 0xF0E8, 0xF0E8, 0xF0E8, 0xF0E8, 0xF0E8, 0xF0E8, 0xF0E8, 0xF0E8, 0xF0E8, 
  0xF0E8, 0xF0E8, 0xF0E8, 0xF0E8, 0xF0E8, 0xF0E8, 0xF0E8, 0xF0E8, 0xF0E8, 0xF0E8, 0xF0E8, 0xF0E8, 0xF0E8, 0xF0E8, 0xF0E8, 0x0FE9, 
  0xC9E0, 0x22C9, 0x69F5, 0x68BD, 0x048C, 0x4AD6, 0x4694, 0xA018, 0x8010, 0xA018, 0xA010, 0xA018, 0xA018, 0xA018, 0x8010, 0x6010, 
  0x6010, 0x6010, 0x6110, 0x2118, 0x8658, 0x4CA9, 0x0DB1, 0xCDB8, 0xEDB8, 0xEDB8, 0xEDB8, 0xEDB8, 0xEDB8, 0xEDB8, 0xEDB8, 0xEDB8, 
  0xEDB8, 0xEDB8, 0xEDB8, 0x0DB9, 0x0DB9, 0x2DB9, 0x2DB9, 0x2DB9, 0x2DB9, 0x0DB9, 0xEDB8, 0xEDB8, 0xEDB8, 0xECB8, 0xEDB8, 0xEDB8, 
  0xEDB8, 0xECB8, 0xECB8, 0xEDB8, 0xEDB8, 0xEDB8, 0xEDB8, 0xEDB8, 0x4CA1, 0x6438, 0xA320, 0x0431, 0xAB62, 0x4110, 0x6218, 0x8218, 
  0x6218, 0x6218, 0x2110, 0x496A, 0x35E5, 0xF4EC, 0xF4E4, 0xD4E4, 0x14E5, 0x35ED, 0xB3EB, 0x10E2, 0xD0E1, 0xECB8, 0xECB8, 0xEDB8, 
  0xEDB8, 0xEDB8, 0xEDB8, 0xECB8, 0xEDB8, 0x0DB9, 0x4DB1, 0x0A91, 0xA668, 0x74DC, 0x56F5, 0x35ED, 0x14ED, 0xF4E4, 0xB3D4, 0x72C4, 
  0xCB82, 0xA220, 0x6218, 0x6218, 0x6210, 0x6210, 0x6218, 0x6218, 0x6218, 0x6210, 0x6210, 0x4110, 0x2118, 0x2228, 0x6550, 0xC878, 
  0x0A91, 0x0BA1, 0x2CB1, 0x2DB1, 0x2DB9, 0x2DB9, 0x0DB9, 0x0DB9, 0xEDB8, 0xEDB8, 0xEDB8, 0xCDB8, 0xCDB8, 0xCDB8, 0x0DB9, 0x2DB9, 
  0x2CB1, 0x0CA9, 0x2CA1, 0x2CA1, 0x2CA9, 0x4DB9, 0x6DB1, 0xE978, 0x4328, 0x6010, 0x6010, 0x6018, 0x2008, 0x6352, 0x2CF7, 0x0AEF, 
  0x88BD, 0xE8A4, 0x246B, 0x8231, 0x466B, 0xE462, 0x224A, 0x258C, 0xAAE6, 0xEAED, 0xA3C9, 0xA3D0, 0xA4D8, 0xCAE0, 0x0FE9, 0xEFE8, 
  0xF0E0, 0xF0E8, 0xF0E8, 0xF0E8, 0xF0E8, 0xF0E8, 0xF0E8, 0xF0E8, 0xF0E8, 0xF0E8, 0xF0E8, 0xF0E8, 0xF0E8, 0xF0E8, 0xF0E8, 0xF0E8, 
  0xF0E8, 0xF0E8, 0xF0E8, 0xF0E8, 0xF0E8, 0xF0E8, 0xF0E8, 0xF0E8, 0xF0E8, 0xF0E8, 0xF0E8, 0xF0E8, 0xF0E8, 0xF0E8, 0xF0E8, 0xF0E8, 
  0xF0E8, 0xF0E8, 0xF0E8, 0xF0E8, 0xF0E8, 0xF0E8, 0xF0E8, 0xEFE8, 0xEFE8, 0xEFE8, 0xF0E8, 0xF0E8, 0xF0E8, 0xF0E8, 0xF0E8, 0x10E9, 
  0x10E9, 0xF0E8, 0xF0E8, 0xF0E8, 0x10E9, 0xF0E8, 0xF0E8, 0xF0E8, 0xF0E8, 0xF0E8, 0xF0E8, 0xF0E8, 0xF0E8, 0xF0E8, 0xF0E8, 0xF0E8, 
  0xF0E8, 0xF0E8, 0xF0E8, 0xF0E8, 0xF0E8, 0xF0E8, 0xF0E8, 0xF0E8, 0xF0E8, 0xF0E8, 0xF0E8, 0xF0E8, 0xF0E8, 0xF0E8, 0xEFE8, 0x0EE9, 
  0x85D0, 0xA5D2, 0x69D5, 0x46B5, 0x2BEF, 0xECE6, 0x224A, 0x6008, 0xA118, 0x8018, 0xA010, 0xA010, 0xA010, 0x8010, 0x6010, 0x6010, 
  0x6010, 0x4010, 0x2118, 0xA760, 0x2CA9, 0xECB8, 0xEDB8, 0xEDB8, 0xECB8, 0xECB8, 0xEDB8, 0xECB8, 0xECB8, 0xEDB8, 0x0DB9, 0x2DB9, 
  0x2DB1, 0x0CA9, 0x2B99, 0xE980, 0xC870, 0xC868, 0xC868, 0xC868, 0xC878, 0x0A89, 0x2CA1, 0x2CA9, 0x2DB9, 0x0DB9, 0xEDB8, 0xEDB8, 
  0xEDB8, 0xEDB8, 0xEDB8, 0xECB8, 0xCDB8, 0xEDB8, 0xEDB8, 0xEDB8, 0x2DB1, 0x6548, 0x4110, 0xA320, 0xE430, 0x6118, 0x6210, 0x6218, 
  0x6218, 0x6218, 0x4110, 0x085A, 0x76E5, 0x35E5, 0xB3D4, 0x35E5, 0x76F5, 0x76F5, 0x14EC, 0x10DA, 0x8FD9, 0xECB8, 0xECB8, 0xEDB8, 
  0xEDB8, 0xEDB8, 0xECB8, 0x0DB9, 0x2DB1, 0x0B91, 0x8658, 0x4228, 0x0118, 0x4E93, 0x15DD, 0xF4DC, 0x35ED, 0x35E5, 0xF4DC, 0x51C4, 
  0x4D93, 0x8220, 0x6210, 0x6218, 0x8210, 0x6218, 0x6218, 0x6218, 0x6218, 0x6218, 0x6218, 0x8218, 0x8210, 0x6210, 0x4110, 0x4218, 
  0x2220, 0x4330, 0x6438, 0x8548, 0xC760, 0xC868, 0xC980, 0x0B99, 0x2CA9, 0x0CA9, 0x2CA9, 0x2DB1, 0x2DB9, 0x0DB9, 0x0DB9, 0xEDB8, 
  0xECB8, 0x0DB9, 0x2DB9, 0x2DB9, 0x2CA1, 0xE980, 0x6548, 0x2218, 0x6110, 0x6110, 0x4010, 0x6010, 0x8010, 0x6010, 0xA89C, 0x8CFF, 
  0xAAE6, 0xE68B, 0xA89C, 0xC239, 0x0242, 0xE462, 0xA35A, 0xA67B, 0x67B5, 0x8AEE, 0x86E3, 0xA2C8, 0xA3D0, 0xA7D8, 0x0EE9, 0xF0E8, 
  0xF0E8, 0xF0E8, 0xF0E8, 0xF0E8, 0xEFE8, 0xF0E8, 0xF0E8, 0xF0E8, 0xF0E8, 0xF0E8, 0xF0E8, 0xF0E8, 0xF0E8, 0xF0E8, 0xF0E8, 0xF0E8, 
  0xF0E8, 0xF0E8, 0xF0E8, 0x10E9, 0xF0E8, 0xF0E8, 0xF0E8, 0xF0E8, 0xF0E8, 0xF0E0, 0xF0E8, 0xF0E8, 0xF0E8, 0xF0E8, 0xF0E8, 0xF0E8, 
  0xF0E8, 0xF0E8, 0xF0E8, 0xF0E8, 0xF0E8, 0xF0E8, 0xF0E8, 0xEFE8, 0xF0E8, 0xF0E8, 0xF0E8, 0xF0E8, 0xF0E8, 0xF0E8, 0xF0E8, 0x10E9, 
  0x10E9, 0xF0E8, 0xF0E8, 0xF0E8, 0x10E9, 0xF0E8, 0xF0E8, 0xF0E8, 0xF0E8, 0xF0E8, 0xF0E8, 0xF0E8, 0xF0E8, 0xF0E8, 0xF0E8, 0xF0E8, 
  0xF0E8, 0xF0E8, 0xF0E8, 0xF0E8, 0xF0E8, 0xF0E8, 0xF0E8, 0xF0E8, 0xF0E8, 0xF0E8, 0x10E9, 0xEFE8, 0xF0E8, 0xF0E8, 0x10E9, 0xEBE8, 
  0xA2C8, 0x67E4, 0x88C5, 0x28D6, 0x8CFF, 0x69B5, 0xC018, 0xA110, 0xA018, 0xA010, 0xA010, 0x8018, 0x8018, 0x6010, 0x6010, 0x4018, 
  0x2018, 0x4338, 0xE980, 0x4DB1, 0xECB8, 0xEDB8, 0xEDB8, 0xEDB8, 0xECB8, 0xECB8, 0x0DB9, 0x2DB9, 0x2CB1, 0x0BA1, 0xE980, 0xA770, 
  0x8550, 0x4438, 0x4328, 0x2218, 0x2118, 0x2118, 0x2118, 0x2118, 0x2118, 0x4218, 0x4328, 0x4440, 0xA658, 0xE980, 0x2CA1, 0x2DB1, 
  0x0DB9, 0xEDB8, 0xEDB8, 0xEDB8, 0xEDB8, 0xEDB8, 0xECB8, 0xECB8, 0x2CA9, 0x6440, 0x4110, 0x6210, 0x4110, 0x6210, 0x8210, 0x6210, 
  0xC320, 0x8218, 0x6218, 0x6120, 0x496A, 0x6A72, 0xC330, 0x496A, 0x8E9B, 0x6EA3, 0xB5EC, 0xB0E2, 0x8FD9, 0xEDB8, 0xEDB8, 0xCDB8, 
  0xEDB8, 0x0DB9, 0x2DB9, 0x0B91, 0x8658, 0x2228, 0x4110, 0x6110, 0x4210, 0x8328, 0x2962, 0x8E93, 0x8EA3, 0x4D9B, 0xF0AB, 0x6E9B, 
  0xCFA3, 0x0431, 0x6218, 0x6218, 0x8218, 0x8210, 0x8218, 0x6210, 0x6218, 0x6210, 0x6218, 0x6218, 0x6218, 0x8218, 0x8218, 0x8218, 
  0x6210, 0x6110, 0x6110, 0x4110, 0x2110, 0x2118, 0x2218, 0x2220, 0x4328, 0x4430, 0x6540, 0x8650, 0xA760, 0xC870, 0xE980, 0xEA88, 
  0x0A91, 0xE980, 0xC870, 0x8650, 0x4330, 0x2218, 0x4110, 0x8218, 0x6218, 0x6118, 0x6010, 0x6010, 0x6018, 0x8010, 0xE120, 0xAABD, 
  0x8CFF, 0x07A5, 0x056B, 0xA339, 0x6352, 0xA89C, 0xA67B, 0x6573, 0x07AD, 0xA9E6, 0xA9F5, 0x22C9, 0xA3D0, 0xA4D0, 0xEBE0, 0x10E9, 
  0xF0E8, 0xF0E8, 0xF0E8, 0x10E9, 0x10E9, 0xF0E8, 0xF0E8, 0xF0E8, 0xF0E8, 0xF0E8, 0xF0E8, 0xF0E8, 0xF0E8, 0xF0E8, 0xF0E8, 0xF0E8, 
  0xF0E8, 0xF0E8, 0xF0E8, 0xF0E8, 0xF0E8, 0xF0E8, 0xF0E8, 0xF0E8, 0xF0E8, 0xF0E8, 0xF0E8, 0xF0E8, 0xF0E8, 0xF0E8, 0xF0E8, 0xF0E8, 
  0xF0E8, 0xF0E8, 0xF0E8, 0xF0E8, 0xF0E8, 0xF0E8, 0xF0E8, 0xEFE8, 0xF0E8, 0xF0E8, 0xF0E8, 0xF0E8, 0xF0E8, 0xF0E8, 0xF0E8, 0x10E9, 
  0x10E9, 0xF0E8, 0xF0E8, 0xF0E8, 0xF0E8, 0xF0E8, 0x10E9, 0xF0E0, 0xF0E8, 0xF0E8, 0xF0E8, 0xF0E8, 0xF0E8, 0xF0E8, 0xF0E8, 0xF0E8, 
  0xF0E8, 0xF0E8, 0x10E9, 0xF0E8, 0xF0E8, 0xF0E8, 0xF0E8, 0xF0E8, 0xF0E8, 0xF0E8, 0x10E9, 0xF0E0, 0xF0E0, 0xF0E8, 0x0FE9, 0xA7D8, 
  0x82C9, 0xE9ED, 0x49D6, 0x2AEF, 0x8BDE, 0x8239, 0x6010, 0xA018, 0xA010, 0xA010, 0x8018, 0x8018, 0x8018, 0x6010, 0x2010, 0x0128, 
  0xA660, 0x2BA9, 0x0DB9, 0xECB8, 0xEDB8, 0xEDB8, 0xEDB0, 0xEDB8, 0x0DB9, 0x2DB9, 0x2BA1, 0xC978, 0x6548, 0x4328, 0x2218, 0x4118, 
  0x4110, 0x6110, 0x6210, 0x8210, 0x6218, 0x6218, 0x8218, 0x8218, 0x8210, 0x6210, 0x6210, 0x4110, 0x2118, 0x2218, 0x4330, 0x8658, 
  0xEA88, 0x2CA9, 0x0DB9, 0xEDB8, 0xEDB8, 0xEDB8, 0xECB8, 0xEDB8, 0x2CA9, 0x6438, 0x6110, 0x6210, 0x6218, 0x6210, 0x8210, 0x6210, 
  0x8218, 0x8218, 0x6218, 0x6210, 0x4108, 0x2108, 0x0008, 0x0010, 0x6551, 0x6EA3, 0x55ED, 0x30C3, 0x8DB9, 0x4DC1, 0x0CB9, 0xEDB8, 
  0x2DB9, 0x2B99, 0x8760, 0x2328, 0x4110, 0x6210, 0x8218, 0x8210, 0x8210, 0x6218, 0x8220, 0x8649, 0xC759, 0x4541, 0xC751, 0xC751, 
  0x8749, 0xC328, 0x6218, 0x4118, 0x4110, 0x6218, 0x6210, 0x6218, 0x6210, 0x8218, 0xC320, 0x4110, 0x6218, 0x6218, 0x6218, 0x6218, 
  0x6218, 0x6218, 0x8218, 0x8218, 0x6218, 0x8218, 0x6218, 0x6210, 0x6210, 0x6210, 0x4118, 0x4110, 0x4218, 0x4218, 0x4218, 0x4218, 
  0x4220, 0x4218, 0x4210, 0x4210, 0x4118, 0x8210, 0x8218, 0x6218, 0x6218, 0x6210, 0x6110, 0x6010, 0x4010, 0xA018, 0x6010, 0x2129, 
  0xEAC5, 0x4CEF, 0xA35A, 0xC018, 0x0342, 0x857B, 0x8794, 0x4794, 0x07A5, 0x29CE, 0x6AEE, 0xC4DA, 0x82D0, 0xC3D0, 0xC8D8, 0x0EE9, 
  0xEFE8, 0xF0E8, 0xF0E8, 0xF0E8, 0xF0E8, 0xF0E8, 0xF0E8, 0xF0E8, 0xF0E8, 0xF0E8, 0xF0E8, 0xF0E8, 0xF0E8, 0xF0E8, 0xF0E8, 0xF0E8, 
  0xF0E8, 0xF0E8, 0xF0E8, 0xF0E8, 0xF0E8, 0xF0E8, 0xF0E8, 0xF0E8, 0xF0E8, 0xF0E8, 0xF0E8, 0xF0E8, 0xF0E8, 0xF0E8, 0xF0E8, 0xF0E8, 
  0xF0E8, 0xF0E8, 0xF0E8, 0xF0E8, 0xF0E8, 0xF0E8, 0xF0E8, 0xF0E8, 0xF0E8, 0xF0E8, 0xF0E8, 0xF0E8, 0xF0E8, 0xF0E8, 0xF0E8, 0x10E9, 
  0x10E9, 0xF0E8, 0xF0E8, 0xF0E8, 0xF0E8, 0xF0E8, 0xF0E8, 0xF0E8, 0xF0E8, 0xF0E8, 0xF0E8, 0xF0E8, 0xF0E8, 0xF0E8, 0xF0E8, 0xF0E8, 
  0xF0E8, 0xF0E8, 0xF0E8, 0xF0E8, 0xF0E8, 0xF0E8, 0xF0E8, 0xF0E8, 0xF0E8, 0xF0E8, 0xF0E8, 0xF0E0, 0xF0E8, 0xF0E8, 0x0CE1, 0x84C8, 
  0x05DB, 0xAAEE, 0xC9E6, 0x6CFF, 0xA673, 0x2008, 0xA018, 0xA010, 0xA010, 0x8010, 0xA010, 0xA010, 0x6010, 0x2018, 0x6448, 0x0A91, 
  0x4DB1, 0x0DB9, 0xECB8, 0xEDB8, 0xEDB8, 0x0DB9, 0x2DB9, 0x2CA9, 0x0A89, 0xA658, 0x4330, 0x2218, 0x4110, 0x6110, 0x8218, 0x8218, 
  0x8210, 0x8218, 0x6218, 0x6218, 0x6218, 0x6218, 0x6218, 0x6218, 0x6218, 0x6218, 0x6218, 0x8218, 0x8218, 0x8210, 0x6210, 0x4110, 
  0x2220, 0x6440, 0xC870, 0x2CA1, 0x2DB1, 0xEDB8, 0xECB8, 0x0DB9, 0x0BA1, 0x4330, 0x6110, 0x6218, 0x6218, 0x6218, 0x6218, 0x6118, 
  0x0008, 0x2110, 0x4110, 0x6110, 0x4008, 0x4118, 0xE330, 0x2D93, 0x56E5, 0x56ED, 0x76ED, 0x296A, 0x2C8A, 0x8EB2, 0xC870, 0x2A89, 
  0xC760, 0x4328, 0x2210, 0x6110, 0x8218, 0x6210, 0x2110, 0x6218, 0x8210, 0x4110, 0x6218, 0x4541, 0x6641, 0xC328, 0x0431, 0x0531, 
  0xA320, 0xC328, 0xAA72, 0xCF9B, 0x2541, 0x2110, 0x6218, 0x6218, 0x6218, 0x6218, 0x6218, 0x6210, 0x6218, 0x6110, 0x8210, 0x6210, 
  0x6218, 0x8210, 0x6210, 0x6210, 0x8210, 0x6210, 0x8218, 0x8218, 0x6218, 0x6210, 0x8210, 0x8210, 0x8210, 0x8218, 0x8210, 0x8210, 
  0x8210, 0x8218, 0x6218, 0x6218, 0x6218, 0x6218, 0x6218, 0x8110, 0x8210, 0x6210, 0x6118, 0x6010, 0x6010, 0x8010, 0xC018, 0x6010, 
  0xE241, 0x0DEF, 0x068C, 0xA339, 0x6331, 0x6352, 0xA89C, 0x4473, 0x6473, 0x88BD, 0xEBEE, 0xC8EC, 0xC2C8, 0xC3D8, 0xA5D0, 0xEDE8, 
  0xEFE8, 0xEFE8, 0xF0E8, 0xF0E8, 0xF0E8, 0xF0E8, 0xF0E8, 0xF0E8, 0xF0E8, 0xF0E8, 0xF0E8, 0xF0E8, 0xF0E8, 0x10E9, 0xF0E8, 0xF0E8, 
  0xF0E8, 0xF0E8, 0xF0E8, 0xF0E8, 0xF0E8, 0xF0E8, 0xF0E8, 0xF0E8, 0xF0E8, 0xF0E8, 0xF0E8, 0xF0E8, 0xF0E8, 0xF0E8, 0xF0E8, 0xF0E8, 
  0xF0E8, 0xF0E8, 0xF0E8, 0xF0E8, 0xF0E8, 0xF0E8, 0xF0E8, 0xF0E8, 0xF0E8, 0xF0E8, 0xF0E8, 0xF0E8, 0xF0E8, 0xF0E8, 0xF0E0, 0x10E9, 
  0x10E9, 0xF0E8, 0xF0E8, 0xF0E8, 0xF0E8, 0xF0E8, 0xF0E8, 0xF0E8, 0xF0E8, 0xF0E8, 0xF0E8, 0xF0E8, 0xF0E8, 0xF0E8, 0xF0E8, 0xF0E8, 
  0xF0E8, 0xF0E8, 0xF0E8, 0xF0E8, 0xF0E8, 0xF0E8, 0xF0E8, 0xF0E8, 0xF0E8, 0x10E9, 0xF0E8, 0x10E9, 0xF0E8, 0x0FE9, 0xC8D8, 0xC2C0, 
  0xC8EC, 0xC9E6, 0x2AEF, 0x0BCE, 0x2129, 0x8010, 0xA018, 0xA010, 0xA018, 0x8018, 0xA010, 0x6010, 0x2238, 0xC878, 0x2CB1, 0xEDB8, 
  0xECB8, 0xECB8, 0x0DB9, 0x2DB9, 0x2CA9, 0x2A91, 0xC768, 0x4440, 0x2220, 0x4110, 0x6210, 0x8210, 0x8210, 0x6210, 0x6110, 0x6110, 
  0x8210, 0x6218, 0x6218, 0x6218, 0x6210, 0x8210, 0x8210, 0x8210, 0x6210, 0x6218, 0x6218, 0x6218, 0x8210, 0x8210, 0x8210, 0x8210, 
  0x6218, 0x4218, 0x2218, 0x4330, 0xC878, 0x2DB1, 0xECB0, 0x0DB9, 0x0B99, 0x2220, 0x6218, 0x6210, 0x6218, 0x6218, 0x6210, 0x8220, 
  0x2962, 0x6649, 0xC328, 0x8220, 0x0862, 0xF0AB, 0xF4D4, 0x76F5, 0x15ED, 0x14E5, 0x15DD, 0xE438, 0x4E93, 0x4E9B, 0x0010, 0x4320, 
  0x2118, 0x6110, 0x6218, 0x8218, 0x4110, 0xC428, 0xC849, 0x4118, 0x6210, 0xE428, 0xCB72, 0x6E8B, 0x0431, 0xC320, 0xE328, 0x2439, 
  0xA549, 0xAA7A, 0x35E5, 0x56F5, 0xF4D4, 0xC759, 0x0010, 0x8218, 0x6218, 0x6210, 0x6210, 0x6218, 0x6218, 0x6218, 0x6218, 0x6218, 
  0x6210, 0x6210, 0x6210, 0x6210, 0x6210, 0x6218, 0x6210, 0x6210, 0x6218, 0x6218, 0x8210, 0x8210, 0x6218, 0x6218, 0x6218, 0x6218, 
  0x6218, 0x8210, 0x6218, 0x6210, 0x8210, 0x8210, 0x6218, 0x6218, 0x8210, 0x6218, 0x6118, 0x6010, 0x6010, 0x8010, 0x8010, 0xE120, 
  0x6010, 0xC783, 0x8CDE, 0xC141, 0xC341, 0x0663, 0x867B, 0x2573, 0xE683, 0xC483, 0xEBE6, 0x4AF6, 0x23CA, 0xA2D0, 0xA4D8, 0xCAE0, 
  0x0FE9, 0xF0E8, 0xF0E8, 0xF0E8, 0xF0E8, 0xF0E8, 0xF0E8, 0xF0E8, 0xF0E8, 0xF0E8, 0xF0E8, 0xF0E8, 0xF0E8, 0xF0E8, 0xF0E8, 0xF0E8, 
  0xF0E8, 0xF0E8, 0xF0E8, 0xF0E8, 0xF0E8, 0xF0E8, 0xF0E8, 0xF0E8, 0xF0E8, 0xF0E8, 0xF0E8, 0xF0E8, 0xF0E8, 0xF0E8, 0xF0E8, 0xF0E8, 
  0xF0E8, 0xF0E8, 0xF0E8, 0xF0E8, 0xF0E8, 0xF0E8, 0xF0E8, 0xF0E8, 0xF0E8, 0xF0E8, 0xF0E8, 0xF0E8, 0xF0E8, 0xF0E8, 0xF0E8, 0x10E9, 
  0x10E9, 0xF0E8, 0xF0E8, 0xF0E8, 0xF0E8, 0xF0E8, 0xF0E8, 0xF0E8, 0xF0E8, 0xF0E8, 0xF0E8, 0xF0E8, 0xF0E8, 0xF0E8, 0xF0E8, 0xF0E8, 
  0xF0E8, 0xF0E8, 0xF0E8, 0xF0E8, 0xF0E8, 0xF0E8, 0xF0E8, 0xF0E8, 0xF0E8, 0x10E9, 0xF0E8, 0xF0E8, 0xEFE8, 0xEEE8, 0x85D0, 0xC3D1, 
  0x2AF6, 0x0AEF, 0x8BDE, 0xE241, 0x4010, 0xA018, 0x8018, 0xA010, 0xA010, 0xA018, 0x8010, 0x6230, 0x6B99, 0x0DB9, 0xCCB8, 0xEDB8, 
  0x2DB9, 0x2CB1, 0x0B91, 0xC870, 0x6440, 0x4220, 0x2110, 0x6210, 0x6210, 0x6218, 0x6218, 0x6210, 0x6218, 0x6218, 0x6218, 0x8218, 
  0x6210, 0x6218, 0x6210, 0x6218, 0x6218, 0x6218, 0x6218, 0x6218, 0x6210, 0x8210, 0x8210, 0x6218, 0x6218, 0x6218, 0x6218, 0x6218, 
  0x8210, 0x8210, 0x6218, 0x6110, 0x0218, 0xC978, 0x4DB9, 0x4DB1, 0xA768, 0x4218, 0x6218, 0x6210, 0x6218, 0x6218, 0x6110, 0xA320, 
  0x14CD, 0xB3C4, 0x0439, 0xA649, 0x55E5, 0x75F5, 0x14E5, 0x14E5, 0x14E5, 0x55ED, 0x72C4, 0x2118, 0xEB7A, 0x4D8B, 0x0008, 0x8218, 
  0x6218, 0x6118, 0x6210, 0x8218, 0x4110, 0xC320, 0x8639, 0x6110, 0x6220, 0xCC7A, 0x8649, 0x4541, 0x6641, 0x2439, 0x8872, 0x098B, 
  0x6DC4, 0x11E5, 0x33ED, 0xF4E4, 0x35ED, 0x14DD, 0x8A72, 0x2110, 0x6218, 0x6218, 0x6210, 0x6218, 0x6218, 0x8210, 0x6210, 0x6218, 
  0x6218, 0x6218, 0x6218, 0x6218, 0x8218, 0x6110, 0xE328, 0x0429, 0x4110, 0x6218, 0x6218, 0x6218, 0x6218, 0x6218, 0x6218, 0x6218, 
  0x6218, 0x6218, 0x6218, 0x8210, 0x6210, 0x6218, 0x6218, 0x6210, 0x6218, 0x6218, 0x6118, 0x6110, 0x4010, 0x6010, 0xA010, 0xA018, 
  0x8010, 0xA018, 0x6DD6, 0x8794, 0xC020, 0x8231, 0x278C, 0x6794, 0x4473, 0x825A, 0xEAC5, 0x0AF7, 0xE6E3, 0xA2C8, 0xC3D8, 0xA5D8, 
  0x0EE9, 0xF0E8, 0xF0E8, 0xF0E8, 0xF0E8, 0xF0E8, 0xF0E8, 0xF0E8, 0xF0E8, 0xF0E8, 0xF0E8, 0xF0E8, 0xF0E8, 0xF0E8, 0xF0E8, 0xF0E8, 
  0xF0E8, 0xF0E8, 0xF0E8, 0xF0E8, 0xF0E8, 0xF0E8, 0xF0E8, 0xF0E8, 0xF0E8, 0xF0E8, 0xF0E8, 0xF0E8, 0xF0E8, 0xF0E8, 0xF0E8, 0xF0E8, 
  0xF0E8, 0xF0E8, 0xF0E8, 0xF0E8, 0xF0E8, 0xF0E8, 0xF0E8, 0xF0E8, 0xF0E8, 0xF0E8, 0xF0E8, 0xF0E8, 0xF0E8, 0xF0E8, 0xF0E8, 0x10E9, 
  0x10E9, 0xF0E8, 0xF0E8, 0xF0E8, 0x10E9, 0xF0E8, 0xF0E8, 0xF0E8, 0xF0E8, 0xF0E8, 0xF0E8, 0xF0E8, 0xF0E8, 0xF0E8, 0xF0E8, 0xF0E8, 
  0x10E9, 0xF0E8, 0xF0E8, 0xF0E8, 0xF0E8, 0xF0E8, 0xF0E8, 0xF0E8, 0xF0E8, 0xF0E8, 0xF0E8, 0xEFE8, 0x0FE9, 0xCBE0, 0x82C8, 0x65DB, 
  0xAAF6, 0xCBE6, 0xA35A, 0x4008, 0xC018, 0xA010, 0x8018, 0xA018, 0xA010, 0xA018, 0x8010, 0x2018, 0xC668, 0x2BA1, 0x2DB1, 0x2CA1, 
  0xA868, 0x6440, 0x4320, 0x4110, 0x4110, 0x6218, 0x6218, 0x6218, 0x6218, 0x6218, 0x6218, 0x6218, 0x6218, 0x6218, 0x8218, 0x8218, 
  0x6210, 0x6218, 0x6218, 0x6218, 0x6218, 0x6218, 0x6218, 0x6218, 0x6218, 0x6218, 0x6218, 0x6218, 0x6218, 0x6218, 0x6218, 0x6218, 
  0x8218, 0x6210, 0x6218, 0x8218, 0x6210, 0x4328, 0xE868, 0x6548, 0x4218, 0x6218, 0x6210, 0x6210, 0x6218, 0x6210, 0x6218, 0x6218, 
  0x6541, 0x2539, 0x4110, 0xA228, 0x51BC, 0x55ED, 0x14E5, 0x35ED, 0x14E5, 0x76F5, 0xCFAB, 0x0008, 0xC749, 0x4962, 0x2010, 0x8210, 
  0x6210, 0x6218, 0x8210, 0x6210, 0x6210, 0x6110, 0x4110, 0x2008, 0x0862, 0xF4CC, 0x4541, 0x8A72, 0x6A72, 0x2A93, 0x6ACC, 0xA8DC, 
  0x87DC, 0x67D4, 0xABDC, 0x12ED, 0x14E5, 0x35ED, 0x35E5, 0x0C8B, 0x2118, 0x6210, 0x8210, 0x6218, 0x6218, 0x6218, 0x6218, 0x6218, 
  0x6218, 0x6218, 0x6218, 0x6218, 0x6218, 0x6210, 0x8218, 0x8218, 0x6210, 0x6218, 0x6218, 0x6218, 0x6218, 0x6218, 0x6218, 0x6218, 
  0x6218, 0x6218, 0x6218, 0x6218, 0x6218, 0xA320, 0x6110, 0x6210, 0x6218, 0x6218, 0x8218, 0x6110, 0x6010, 0x6010, 0xA010, 0xA010, 
  0xC018, 0x2008, 0x0463, 0x2DEF, 0x845A, 0xC018, 0xA573, 0xEAC5, 0xA89C, 0x6352, 0x6794, 0x0AE7, 0xCAF5, 0x82C9, 0xA3D0, 0x84D8, 
  0xEAE0, 0xF0E8, 0xF0E8, 0xF0E8, 0xF0E8, 0xF0E8, 0x10E9, 0xF0E8, 0xF0E8, 0xF0E8, 0xF0E8, 0xF0E8, 0xF0E8, 0xF0E8, 0xF0E8, 0xF0E8, 
  0xF0E8, 0xF0E8, 0xF0E8, 0xF0E8, 0xF0E8, 0xF0E8, 0xF0E8, 0xF0E8, 0xF0E8, 0xF0E8, 0xF0E8, 0xF0E8, 0xF0E8, 0xF0E8, 0xF0E8, 0xF0E8, 
  0xF0E8, 0xF0E8, 0xF0E8, 0xF0E8, 0xF0E8, 0xF0E8, 0xF0E8, 0xF0E8, 0xF0E8, 0xF0E8, 0xF0E8, 0xF0E8, 0xF0E8, 0xF0E8, 0xF0E8, 0x10E9, 
  0x10E9, 0xF0E8, 0xF0E8, 0xF0E8, 0xF0E0, 0xF0E8, 0xF0E8, 0xF0E8, 0xF0E8, 0xF0E8, 0xF0E8, 0xF0E8, 0xF0E8, 0xF0E8, 0xF0E8, 0xF0E8, 
  0xF0E8, 0xF0E8, 0xF0E8, 0xF0E8, 0xF0E8, 0xF0E8, 0xF0E8, 0xF0E8, 0xF0E8, 0xF0E8, 0xF0E8, 0xF0E8, 0x0EE9, 0xC6D8, 0xE1C8, 0xE7EC, 
  0x6CFF, 0x889C, 0x4010, 0xA018, 0xA010, 0x8010, 0xA018, 0xA010, 0xA010, 0x8018, 0x6010, 0x8010, 0x2118, 0x4338, 0xA650, 0x6438, 
  0x2218, 0x4110, 0x6118, 0x6218, 0x6218, 0x6218, 0x6218, 0x6218, 0x6218, 0x6218, 0x6218, 0x6210, 0x8218, 0x6218, 0x6210, 0x6218, 
  0x6218, 0x6218, 0x6218, 0x6218, 0x6218, 0x6218, 0x6218, 0x6218, 0x6218, 0x6218, 0x6218, 0x6218, 0x6218, 0x6218, 0x6218, 0x6218, 
  0x6218, 0x6218, 0x6210, 0x6210, 0x8210, 0x6218, 0x2210, 0x6210, 0x8218, 0x6218, 0x8218, 0x8218, 0x6210, 0x6218, 0x6218, 0x6218, 
  0x2008, 0x8218, 0xC420, 0x0008, 0x0C83, 0x55DD, 0x6EA3, 0xB3CC, 0x35DD, 0x15DD, 0xCB82, 0x2008, 0x2429, 0xE430, 0x4110, 0x8210, 
  0x6218, 0x6218, 0x8210, 0x6210, 0x6218, 0x6218, 0x8218, 0x0010, 0xAF93, 0xAB7A, 0x8228, 0xAE9B, 0x4872, 0xC8B3, 0xA7DC, 0x66DC, 
  0x87DC, 0x86DC, 0x66D4, 0xCCDC, 0x34ED, 0x14E5, 0x14E5, 0x35E5, 0x2D93, 0x4118, 0x4110, 0x6218, 0x6210, 0x6218, 0x6218, 0x6218, 
  0x6218, 0x6218, 0x6218, 0x6218, 0x6218, 0x6218, 0x6210, 0x6210, 0x6210, 0x6218, 0x6218, 0x6218, 0x6218, 0x6218, 0x6218, 0x6218, 
  0x6218, 0x6218, 0x6218, 0x6210, 0x6210, 0x6210, 0x6218, 0x6218, 0x6218, 0x6218, 0x6218, 0x6110, 0x6010, 0x6010, 0x8010, 0xA010, 
  0xA018, 0xA118, 0x8018, 0xCABD, 0x6CD6, 0xC341, 0x4131, 0x08A5, 0x4AD6, 0xE483, 0x869C, 0x08CE, 0x0BFF, 0x45DB, 0xA2C8, 0xA4D8, 
  0xA7D8, 0x0FE9, 0xF0E8, 0xF0E8, 0xF0E8, 0x0FE9, 0xF0E8, 0xF0E8, 0xF0E8, 0xF0E8, 0xF0E8, 0xF0E8, 0xF0E8, 0xF0E8, 0xF0E8, 0xF0E8, 
  0xF0E8, 0xF0E8, 0xF0E8, 0xF0E8, 0xF0E8, 0xF0E8, 0xF0E8, 0xF0E8, 0xF0E8, 0xF0E8, 0xF0E8, 0xF0E8, 0xF0E8, 0xF0E8, 0xF0E8, 0xF0E8, 
  0xF0E8, 0xF0E8, 0xF0E8, 0xF0E8, 0xF0E8, 0xF0E8, 0xF0E8, 0xF0E8, 0xF0E8, 0xF0E8, 0xF0E8, 0xF0E8, 0x10E9, 0xF0E8, 0xF0E0, 0x10E9, 
  0x10E9, 0xF0E8, 0xF0E8, 0xF0E8, 0xF0E8, 0xF0E8, 0xF0E8, 0xF0E8, 0xF0E8, 0xF0E8, 0xF0E8, 0xF0E8, 0xF0E8, 0xF0E8, 0xF0E8, 0xF0E8, 
  0xF0E8, 0xF0E8, 0xF0E8, 0xF0E8, 0xF0E8, 0xF0E8, 0xF0E8, 0xF0E8, 0xF0E8, 0xF0E8, 0xF0E8, 0x10E9, 0xEBE0, 0x83D0, 0x03D2, 0x4AF6, 
  0xECE6, 0x8239, 0x6010, 0xA018, 0xA010, 0xA010, 0xA010, 0xA010, 0xA010, 0x8010, 0x4010, 0x8118, 0x8118, 0x6110, 0x4110, 0x6210, 
  0x8218, 0x6118, 0x6118, 0x6218, 0x6218, 0x6218, 0x6218, 0x6218, 0x6218, 0x6218, 0x6210, 0x6210, 0x6218, 0x6218, 0x6218, 0x6218, 
  0x6218, 0x6218, 0x6218, 0x6218, 0x6218, 0x6218, 0x6218, 0x6218, 0x6218, 0x6218, 0x6218, 0x6218, 0x6218, 0x6218, 0x6218, 0x6218, 
  0x6218, 0x8218, 0x6218, 0x6218, 0x6218, 0x6118, 0xA218, 0x8210, 0x6218, 0x6218, 0x6218, 0x8218, 0x6210, 0x6218, 0x6210, 0x6218, 
  0x6218, 0xA318, 0xC320, 0x4210, 0xA320, 0x8641, 0x6118, 0xA328, 0xA238, 0x0C93, 0xEC8A, 0x2010, 0x6210, 0x6110, 0x6210, 0x6210, 
  0x6218, 0x6218, 0x8210, 0x8210, 0x6218, 0x8218, 0x4110, 0xE430, 0x2C7B, 0x0010, 0xE328, 0xAA72, 0x466A, 0xE6BB, 0xA6DC, 0x66DC, 
  0x86DC, 0x66DC, 0x66DC, 0x88D4, 0x12E5, 0x35ED, 0x14ED, 0xF4E4, 0x56E5, 0xEC82, 0x6220, 0x6110, 0x8210, 0x6218, 0x6218, 0x6218, 
  0x6218, 0x6218, 0x6218, 0x6218, 0x6218, 0x6218, 0x6218, 0x6218, 0x6210, 0x6210, 0x6218, 0x6218, 0x6218, 0x6218, 0x6218, 0x6218, 
  0x6218, 0x6218, 0x6218, 0x6218, 0x6218, 0x6218, 0x6218, 0x6218, 0x6218, 0x6218, 0x6218, 0x6118, 0x6010, 0x6010, 0x8010, 0xA010, 
  0xA010, 0xA018, 0x6010, 0x4131, 0xCBC5, 0xC35A, 0xC018, 0xE683, 0x0CEF, 0x09CE, 0x4594, 0x48B5, 0x2BF7, 0x48ED, 0x02C9, 0xA3D0, 
  0xA4D0, 0xECE0, 0x10E9, 0xF0E8, 0x10E9, 0xEFE8, 0xF0E8, 0xF0E8, 0xF0E8, 0xF0E8, 0xF0E8, 0xF0E8, 0xF0E8, 0xF0E8, 0xF0E8, 0xF0E8, 
  0xF0E8, 0xF0E8, 0xF0E8, 0xF0E8, 0xF0E8, 0xF0E8, 0xF0E8, 0xF0E8, 0xF0E8, 0xF0E8, 0xF0E8, 0xF0E8, 0xF0E8, 0xF0E8, 0xF0E8, 0xF0E8, 
  0xF0E8, 0xF0E8, 0xF0E8, 0xF0E8, 0xF0E8, 0xF0E8, 0xF0E8, 0xF0E8, 0xF0E8, 0xF0E8, 0xF0E8, 0xF0E8, 0xF0E8, 0xF0E8, 0xF0E0, 0x10E9, 
  0x10E9, 0xF0E8, 0xF0E8, 0xF0E8, 0xF0E8, 0xF0E8, 0xF0E8, 0xF0E8, 0xF0E8, 0xF0E8, 0xF0E8, 0xF0E8, 0xF0E8, 0xF0E8, 0xF0E8, 0xF0E8, 
  0xF0E8, 0xF0E8, 0xF0E8, 0xF0E8, 0xF0E8, 0xF0E8, 0xF0E8, 0xF0E8, 0xF0E8, 0xF0E8, 0xF0E8, 0x0FE9, 0xC8D8, 0x82C8, 0x85DB, 0x6CFF, 
  0x49AD, 0x8018, 0xA118, 0xA010, 0xA010, 0xA010, 0xA018, 0x8018, 0x8018, 0x6010, 0x6010, 0x4010, 0x6110, 0x8210, 0x6218, 0x6218, 
  0x6210, 0x8210, 0x8210, 0x8210, 0x6218, 0x8210, 0x6210, 0x6218, 0x6218, 0x6210, 0x8218, 0x8218, 0x6210, 0x6218, 0x6218, 0x6218, 
  0x6218, 0x6218, 0x6218, 0x6218, 0x6218, 0x6218, 0x6218, 0x6218, 0x6218, 0x6218, 0x6218, 0x6218, 0x6218, 0x6218, 0x6218, 0x6218, 
  0x6218, 0x6218, 0x6218, 0x6218, 0x6218, 0x8210, 0x6110, 0x6118, 0x6218, 0x6218, 0x6210, 0x6210, 0x6218, 0x6218, 0x6218, 0x6218, 
  0x6218, 0x4110, 0x2008, 0x4210, 0x2110, 0x0008, 0x4118, 0xE338, 0xCB82, 0x55E5, 0x10AC, 0x4118, 0x6218, 0x8210, 0x8210, 0x6218, 
  0x6218, 0x6218, 0x8210, 0x8210, 0x6210, 0x8210, 0x4110, 0xE430, 0x0431, 0x4108, 0xA220, 0xCB7A, 0x2A93, 0x06C4, 0x87DC, 0x67DC, 
  0x86DC, 0x67DC, 0x67DC, 0x67D4, 0xF1E4, 0x35ED, 0x15E5, 0xF4E4, 0x14E5, 0x35E5, 0x8A7A, 0x0010, 0x8218, 0x6218, 0x6218, 0x6218, 
  0x6218, 0x6218, 0x6218, 0x6218, 0x6218, 0x6218, 0x6218, 0x6218, 0x6218, 0x6218, 0x6218, 0x6218, 0x6218, 0x6218, 0x6218, 0x6218, 
  0x6218, 0x6218, 0x6218, 0x6218, 0x6218, 0x6210, 0x6218, 0x6218, 0x6218, 0x6218, 0x6218, 0x6218, 0x6110, 0x6010, 0x8010, 0xA018, 
  0xA010, 0xA010, 0xC018, 0x2008, 0xA45A, 0xCBBD, 0xA239, 0x6252, 0xA9C5, 0x0BEF, 0x27AD, 0xC6A4, 0xCAE6, 0xAAFE, 0x64D2, 0x82D0, 
  0xA3D8, 0xC8D8, 0x0FE9, 0xF0E8, 0xF0E8, 0xF0E8, 0xF0E8, 0xF0E8, 0xF0E8, 0xF0E8, 0xF0E8, 0xF0E8, 0xF0E8, 0xF0E8, 0xF0E8, 0xF0E8, 
  0xF0E8, 0xF0E8, 0xF0E8, 0xF0E8, 0xF0E8, 0xF0E8, 0xF0E8, 0xF0E8, 0xF0E8, 0xF0E8, 0xF0E8, 0xF0E8, 0xF0E8, 0xF0E8, 0xF0E8, 0xF0E8, 
  0xF0E8, 0xF0E8, 0xF0E8, 0xF0E8, 0xF0E8, 0xF0E8, 0xF0E8, 0xF0E8, 0xF0E8, 0xF0E8, 0xF0E8, 0xF0E8, 0xF0E8, 0xF0E8, 0xF0E8, 0x10E9, 
  0x10E9, 0xF0E8, 0xF0E8, 0xF0E8, 0xF0E8, 0xF0E8, 0xF0E8, 0xF0E8, 0xF0E8, 0xF0E8, 0xF0E8, 0xF0E8, 0xF0E8, 0xF0E8, 0xF0E8, 0xF0E8, 
  0xF0E8, 0xF0E8, 0xF0E8, 0xF0E8, 0xF0E8, 0xF0E8, 0xF0E8, 0xF0E8, 0xF0E8, 0xEFE8, 0xEFE8, 0x0DE9, 0xA5D8, 0x01C9, 0x89F5, 0xABDE, 
  0xA239, 0x6010, 0xA010, 0xA010, 0xA118, 0xA018, 0xA010, 0xA010, 0x8018, 0x6010, 0x8010, 0x6110, 0x8110, 0x4110, 0x4218, 0x6218, 
  0x8210, 0x6210, 0x6218, 0x6218, 0x6210, 0x6218, 0x6218, 0x6218, 0x6218, 0x6210, 0x8218, 0x8218, 0x6210, 0x6218, 0x6218, 0x6218, 
  0x6218, 0x6218, 0x6218, 0x6218, 0x6218, 0x6218, 0x6218, 0x6218, 0x6218, 0x6218, 0x6218, 0x6218, 0x6218, 0x6218, 0x6218, 0x6218, 
  0x6218, 0x6218, 0x6218, 0x8210, 0x8210, 0x6218, 0x6218, 0x6210, 0x6210, 0x6210, 0x6218, 0x6218, 0x6218, 0x6210, 0x6218, 0x6210, 
  0x8218, 0x2439, 0x8641, 0xA228, 0xC430, 0x4D8B, 0xCFA3, 0xF4D4, 0x96ED, 0x55ED, 0x31B4, 0x8220, 0x6210, 0x8210, 0x6210, 0x6218, 
  0x6218, 0x6218, 0x6218, 0x8210, 0x8210, 0x6210, 0x6210, 0xA218, 0x6218, 0x8218, 0x6118, 0xE859, 0xA882, 0xE7BB, 0xA7DC, 0x86DC, 
  0x87DC, 0x67DC, 0x86DC, 0x88D4, 0x13ED, 0x35ED, 0x14E5, 0x14E5, 0x14E5, 0xF4E4, 0x92CC, 0x8649, 0x2110, 0x8218, 0x6218, 0x6218, 
  0x6218, 0x6218, 0x6218, 0x6218, 0x6218, 0x6210, 0x6218, 0x8218, 0x6210, 0x6218, 0x6218, 0x6218, 0x6218, 0x6218, 0x6218, 0x6218, 
  0x6218, 0x6218, 0x6218, 0x6218, 0x6218, 0x8210, 0x6210, 0x6218, 0x6218, 0x6218, 0x6218, 0x6218, 0x6110, 0x6010, 0x8010, 0xA018, 
  0xA018, 0xA110, 0xA010, 0xA018, 0x8010, 0x298C, 0xA55A, 0xA339, 0xE683, 0x4CFF, 0x08CE, 0x07AD, 0xE8C5, 0x4BFF, 0x87EC, 0xC2C8, 
  0xC3D8, 0xA5D8, 0x0DE9, 0xF0E8, 0xF0E8, 0xF0E8, 0xF0E8, 0xF0E8, 0xF0E8, 0xF0E8, 0xF0E8, 0xF0E8, 0xF0E8, 0xF0E8, 0xF0E8, 0xF0E8, 
  0xF0E8, 0xF0E8, 0xF0E8, 0xF0E8, 0xF0E8, 0xF0E8, 0xF0E8, 0xF0E8, 0xF0E8, 0xF0E8, 0xF0E8, 0xF0E8, 0xF0E0, 0xF0E8, 0xF0E8, 0xF0E8, 
  0xF0E8, 0xF0E8, 0xF0E8, 0xF0E8, 0xF0E8, 0xF0E8, 0xF0E8, 0xF0E8, 0xF0E8, 0xF0E8, 0xF0E8, 0xF0E8, 0xF0E8, 0xF0E8, 0xF0E8, 0x10E9, 
  0x10E9, 0xF0E8, 0xF0E8, 0xF0E8, 0xF0E8, 0xF0E8, 0xF0E8, 0xF0E8, 0xF0E8, 0xF0E8, 0xF0E8, 0xF0E8, 0xF0E8, 0xF0E8, 0xF0E8, 0x10E9, 
  0xF0E8, 0xF0E8, 0xF0E8, 0xF0E8, 0xF0E8, 0xF0E8, 0xF0E8, 0xF0E8, 0xF0E8, 0xF0E8, 0x10E9, 0xEBE0, 0x63D0, 0x43D2, 0xADF6, 0x056B, 
  0x4008, 0xA018, 0xA010, 0xA010, 0xA018, 0xA010, 0x8018, 0xA010, 0x6010, 0x6010, 0x6010, 0x6118, 0x6218, 0xC320, 0x6218, 0x6218, 
  0x6218, 0x6210, 0xA320, 0x6218, 0x6218, 0x6218, 0x6218, 0x6218, 0x6218, 0x6218, 0x6210, 0x6210, 0x6218, 0x6218, 0x6218, 0x6218, 
  0x6218, 0x6218, 0x6218, 0x6218, 0x6218, 0x6218, 0x6218, 0x6218, 0x6218, 0x6218, 0x6218, 0x6218, 0x6218, 0x6218, 0x6218, 0x6218, 
  0x6218, 0x6210, 0x6218, 0x6218, 0x8210, 0x6210, 0x6218, 0x8210, 0x8210, 0x8218, 0x6210, 0x6218, 0x6210, 0x8218, 0x8218, 0x4110, 
  0xC328, 0xD0A3, 0xF3C4, 0x8649, 0x4D93, 0xF8FD, 0x76F5, 0x55ED, 0xF4E4, 0x76F5, 0x2D93, 0x2010, 0x8218, 0x6210, 0x6218, 0x6218, 
  0x8210, 0x8210, 0x6218, 0x6218, 0x6218, 0x6218, 0x6218, 0xA218, 0x6210, 0x6218, 0x4110, 0x2439, 0xCA82, 0xEAB3, 0x87D4, 0x66D4, 
  0x86DC, 0x66DC, 0x67D4, 0xCEE4, 0x34ED, 0x15ED, 0x14ED, 0x15ED, 0x14E5, 0x14E5, 0x14E5, 0x2D8B, 0x8218, 0x6210, 0x6218, 0x6218, 
  0x6218, 0x6218, 0x6218, 0x6218, 0x6218, 0x6218, 0x6218, 0x6210, 0x6210, 0x6218, 0x6218, 0x6218, 0x6218, 0x6218, 0x6218, 0x6218, 
  0x6218, 0x6218, 0x6218, 0x6218, 0x6218, 0x6210, 0x6210, 0x6218, 0x6218, 0x6218, 0x6218, 0x6218, 0x6118, 0x6010, 0x6010, 0xA018, 
  0xA018, 0xA018, 0xA010, 0xA018, 0x6010, 0x6231, 0xA87B, 0xC018, 0x8352, 0xCBE6, 0x49D6, 0x048C, 0x27AD, 0x4BF7, 0x4AF6, 0xE2D1, 
  0xA2D0, 0xA3D0, 0xCAE0, 0x0FE9, 0x0FE9, 0xF0E8, 0xF0E8, 0xF0E8, 0xF0E8, 0xF0E8, 0xF0E8, 0xF0E8, 0xF0E8, 0xF0E8, 0xF0E8, 0xF0E8, 
  0xF0E8, 0xF0E8, 0xF0E8, 0xF0E8, 0xF0E8, 0xF0E8, 0xF0E8, 0xF0E8, 0xF0E8, 0xF0E8, 0xF0E8, 0xF0E8, 0xF0E8, 0xF0E8, 0xF0E8, 0xF0E8, 
  0xF0E8, 0xF0E0, 0xF0E8, 0xF0E8, 0xF0E8, 0xF0E8, 0xF0E8, 0xF0E8, 0xF0E8, 0xF0E8, 0xF0E8, 0xF0E8, 0xF0E8, 0xF0E8, 0xF0E8, 0x10E9, 
  0x10E9, 0xEFE8, 0xF0E8, 0xF0E8, 0xF0E8, 0xF0E8, 0xF0E8, 0xF0E8, 0xF0E8, 0xF0E8, 0xF0E8, 0xF0E8, 0xF0E8, 0xF0E8, 0xF0E8, 0x10E9, 
  0xF0E8, 0xF0E8, 0xF0E8, 0xF0E8, 0xF0E8, 0xF0E8, 0xF0E8, 0xF0E8, 0xF0E8, 0xF0E8, 0x0FE9, 0xC9E0, 0x82C0, 0x47EC, 0x09B5, 0xC018, 
  0xA018, 0xA010, 0xA010, 0xA010, 0xA018, 0xA010, 0xA018, 0x8010, 0x6010, 0x6010, 0x6010, 0x6218, 0x6218, 0xC320, 0x6210, 0x6218, 
  0x6218, 0x6110, 0x6210, 0x6218, 0x6218, 0x6218, 0x6218, 0x6210, 0x6218, 0x6210, 0x6218, 0x6218, 0x6218, 0x6218, 0x6218, 0x6218, 
  0x6218, 0x6218, 0x6218, 0x6218, 0x6218, 0x6218, 0x6218, 0x6218, 0x6218, 0x6218, 0x6218, 0x6218, 0x6218, 0x6210, 0x6218, 0x6218, 
  0x6210, 0x6210, 0x8210, 0x8218, 0x6218, 0x6218, 0x6218, 0x6210, 0x6118, 0x6218, 0x6218, 0x6218, 0x4110, 0x2531, 0xE428, 0x4110, 
  0x6110, 0xC330, 0x0439, 0x6118, 0xC751, 0x92C4, 0xB3CC, 0x72C4, 0x35E5, 0x35DD, 0x086A, 0x2010, 0x6218, 0x6218, 0x6218, 0x6218, 
  0x6210, 0x6218, 0x6218, 0x6218, 0x6218, 0x6218, 0x6218, 0x6210, 0x6210, 0x6218, 0x4110, 0x285A, 0xEC8A, 0xEEB3, 0xEEDC, 0x69DC, 
  0x88D4, 0x8AD4, 0xCFE4, 0x34ED, 0x15ED, 0x14E5, 0x14E5, 0x14ED, 0x14E5, 0xF4DC, 0xF4E4, 0x51BC, 0xC751, 0x4110, 0x6210, 0x6218, 
  0x6218, 0x6218, 0x6218, 0x6218, 0x6218, 0x6218, 0x6218, 0x6218, 0x6218, 0x6218, 0x6218, 0x6218, 0x6218, 0x6218, 0x6218, 0x6218, 
  0x6218, 0x6218, 0x6218, 0x6218, 0x6218, 0x6218, 0x6218, 0x6218, 0x6218, 0x6218, 0x6218, 0x6218, 0x6218, 0x6110, 0x6010, 0x8018, 
  0xA010, 0xA010, 0xA010, 0xA010, 0xA110, 0x8010, 0x6231, 0x6231, 0x434A, 0x28AD, 0xEBE6, 0x058C, 0xE483, 0x4ACE, 0x2BFF, 0xA6DB, 
  0xA2C8, 0xC3D8, 0xA6D8, 0xEDE8, 0xEFE8, 0xF0E8, 0xF0E8, 0xF0E8, 0xF0E8, 0xF0E8, 0xF0E8, 0xF0E8, 0xF0E0, 0xF0E8, 0xF0E8, 0xF0E8, 
  0xF0E8, 0xF0E8, 0xF0E8, 0xF0E8, 0xF0E8, 0xF0E8, 0xF0E8, 0xF0E8, 0xF0E8, 0xF0E8, 0xF0E8, 0xF0E8, 0xF0E8, 0xF0E8, 0xF0E8, 0xF0E8, 
  0xF0E8, 0xF0E8, 0xF0E8, 0xF0E8, 0xF0E8, 0xF0E8, 0xF0E8, 0xF0E8, 0xF0E8, 0xF0E8, 0xF0E8, 0xF0E8, 0xF0E8, 0xF0E8, 0xF0E8, 0x10E9, 
  0x10E9, 0xEFE8, 0xF0E8, 0xF0E8, 0xF0E8, 0xF0E8, 0xF0E8, 0xF0E8, 0xF0E8, 0xF0E8, 0xF0E8, 0xF0E8, 0xF0E8, 0xF0E8, 0xF0E8, 0xF0E8, 
  0xF0E8, 0xF0E8, 0xF0E8, 0xF0E8, 0xF0E8, 0xF0E8, 0xF0E8, 0xF0E8, 0xF0E8, 0x0FE9, 0xEEE8, 0xA6D8, 0x21C9, 0xEBFD, 0x056B, 0x4008, 
  0xC018, 0xA018, 0xA010, 0xA010, 0xA010, 0xA018, 0xA018, 0x8018, 0x8018, 0x4010, 0x6110, 0x6218, 0x6218, 0x4110, 0x6218, 0x6218, 
  0x6218, 0x6218, 0x6218, 0x6218, 0x6218, 0x6218, 0x6210, 0x6210, 0x6110, 0x6218, 0x6218, 0x6218, 0x6218, 0x6218, 0x6218, 0x6218, 
  0x6218, 0x6218, 0x6218, 0x6218, 0x6218, 0x6218, 0x6218, 0x6218, 0x6218, 0x6218, 0x6218, 0x6218, 0x6218, 0x6218, 0x6210, 0x6210, 
  0x8220, 0x6218, 0x6118, 0x4110, 0x4110, 0x4110, 0x6210, 0x8210, 0x6210, 0x6210, 0x8218, 0x6210, 0x6210, 0x4218, 0x6210, 0x6210, 
  0x8210, 0x4110, 0x4110, 0x6218, 0x4118, 0xC330, 0xA220, 0x4218, 0x2541, 0x4D93, 0x0862, 0x2108, 0x8210, 0x6218, 0x6218, 0x6218, 
  0x6218, 0x6218, 0x6218, 0x6218, 0x6218, 0x6218, 0x6218, 0x6218, 0x6218, 0x6218, 0x6110, 0x0852, 0x8B7A, 0xEC8A, 0xB2CC, 0x33ED, 
  0x12E5, 0x13ED, 0x34ED, 0x14ED, 0x34E5, 0x14E5, 0x14E5, 0x35ED, 0xF4E4, 0xB3D4, 0x35ED, 0x72CC, 0x2D8B, 0x2439, 0x4110, 0x8218, 
  0x6218, 0x8210, 0x6218, 0x6218, 0x6218, 0x6218, 0x6218, 0x6218, 0x6218, 0x6218, 0x6218, 0x6218, 0x6218, 0x6218, 0x6218, 0x6218, 
  0x6218, 0x6218, 0x6218, 0x6218, 0x6218, 0x6218, 0x6218, 0x6218, 0x6218, 0x6218, 0x6218, 0x6218, 0x6218, 0x6110, 0x6010, 0x8018, 
  0xA010, 0xA010, 0xA010, 0xA010, 0xA010, 0xA010, 0xA018, 0xE441, 0x0021, 0xE462, 0xAADE, 0x89BD, 0x847B, 0x67B5, 0x4BF7, 0xA9F5, 
  0x62C9, 0xA3D0, 0xA4D0, 0xEBE0, 0x0FE9, 0xF0E8, 0xF0E8, 0xF0E8, 0xF0E8, 0xF0E8, 0xF0E8, 0xF0E8, 0xF0E8, 0xF0E8, 0xF0E8, 0xF0E8, 
  0xF0E8, 0xF0E8, 0xF0E8, 0xF0E8, 0xF0E8, 0xF0E8, 0xF0E8, 0xF0E8, 0xF0E8, 0xF0E8, 0xF0E8, 0xF0E8, 0xF0E8, 0xF0E8, 0xF0E8, 0xF0E8, 
  0xF0E8, 0xF0E8, 0xF0E8, 0xF0E8, 0xF0E8, 0xF0E8, 0xF0E8, 0xF0E8, 0xF0E8, 0xF0E8, 0xF0E8, 0xF0E8, 0xF0E8, 0xF0E8, 0xF0E8, 0x10E9, 
  0x10E9, 0xF0E8, 0xF0E8, 0xF0E8, 0xF0E8, 0xF0E8, 0xF0E8, 0xF0E8, 0xF0E8, 0xF0E8, 0xF0E8, 0xF0E8, 0xF0E8, 0xF0E8, 0xF0E8, 0xF0E8, 
  0xF0E8, 0xF0E8, 0xF0E8, 0xF0E8, 0xF0E8, 0xF0E8, 0xF0E8, 0xF0E8, 0xF0E8, 0x10E9, 0xECE8, 0x64D0, 0x63D2, 0xCBDD, 0xA239, 0x6010, 
  0xA018, 0xA018, 0xA018, 0xA010, 0xA018, 0xA010, 0x8018, 0x8010, 0x8118, 0x4010, 0x6110, 0x6218, 0x6210, 0x8218, 0x6218, 0x6218, 
  0x6218, 0x6218, 0x6218, 0x6218, 0x6210, 0x6210, 0x6218, 0x6218, 0x6218, 0x6110, 0x6210, 0x6218, 0x6218, 0x6218, 0x6218, 0x6218, 
  0x6218, 0x6218, 0x6218, 0x6218, 0x6218, 0x6218, 0x6218, 0x6218, 0x6218, 0x6218, 0x6218, 0x6218, 0x6218, 0x6218, 0x6210, 0x4110, 
  0x8A6A, 0x2D8B, 0x2D8B, 0x2C83, 0x6549, 0x4541, 0x8220, 0x4110, 0x8218, 0x4118, 0x2010, 0x6110, 0x6218, 0x6218, 0x6218, 0x8210, 
  0x6218, 0x8218, 0x4110, 0x0008, 0x2108, 0x0008, 0x4118, 0x4541, 0x4E9B, 0x55E5, 0xAF9B, 0x4118, 0x6110, 0x8218, 0x6218, 0x6218, 
  0x6218, 0x6218, 0x6218, 0x6218, 0x6218, 0x6218, 0x6218, 0x6218, 0x6218, 0x6218, 0x6210, 0xE328, 0x4862, 0x286A, 0xEC8A, 0x15DD, 
  0x35ED, 0x15ED, 0x14ED, 0x34E5, 0x35E5, 0x15E5, 0xF4E4, 0xF4E4, 0x14E5, 0xD3D4, 0x93DC, 0x93D4, 0x6D9B, 0xA649, 0x4110, 0x8210, 
  0x8210, 0x8210, 0x8210, 0x6218, 0x6218, 0x6218, 0x6218, 0x6218, 0x6218, 0x6218, 0x6218, 0x6218, 0x6218, 0x6218, 0x6218, 0x6218, 
  0x6218, 0x6218, 0x6218, 0x6218, 0x6218, 0x6218, 0x6218, 0x6218, 0x6218, 0x6218, 0x6218, 0x6218, 0x6218, 0x6110, 0x6010, 0x8010, 
  0xA010, 0xA010, 0xA010, 0xA018, 0xA018, 0xA018, 0xA018, 0x0221, 0xE120, 0x4131, 0x89BD, 0xCBE6, 0x4694, 0x67BD, 0xEAE6, 0xEBFE, 
  0xE4DA, 0x82D0, 0xC4D8, 0xC7D8, 0x0FE9, 0xF0E8, 0xF0E8, 0xF0E8, 0xF0E8, 0xF0E8, 0xF0E8, 0xF0E8, 0xF0E8, 0xF0E8, 0xF0E8, 0xF0E8, 
  0xF0E8, 0xF0E8, 0xF0E8, 0xF0E8, 0xF0E8, 0xF0E8, 0xF0E8, 0xF0E8, 0xF0E8, 0xF0E8, 0xF0E8, 0xF0E8, 0xF0E8, 0xF0E8, 0xF0E8, 0xF0E8, 
  0xF0E8, 0xF0E8, 0xF0E8, 0xF0E8, 0xF0E8, 0xF0E8, 0xF0E8, 0xF0E8, 0xF0E8, 0xF0E8, 0xF0E8, 0xF0E8, 0x10E9, 0x10E9, 0xF0E8, 0x10E9, 
  0x10E9, 0xF0E8, 0xF0E8, 0xF0E8, 0xF0E8, 0xF0E8, 0xF0E8, 0xF0E8, 0xF0E8, 0xF0E8, 0xF0E8, 0xF0E8, 0xF0E8, 0xF0E8, 0xF0E8, 0xF0E8, 
  0xF0E8, 0xF0E8, 0xF0E8, 0xF0E8, 0xF0E8, 0xF0E8, 0xF0E8, 0xF0E8, 0xF0E8, 0x10E9, 0xCAE0, 0x82C8, 0xA7E3, 0x2694, 0x8010, 0xA018, 
  0xA018, 0xA010, 0xA010, 0xA010, 0xA010, 0xA018, 0x8018, 0x4010, 0x4010, 0x6110, 0x6110, 0x6218, 0x8210, 0x6218, 0x6218, 0x6218, 
  0x6218, 0x6218, 0x6218, 0x6218, 0x6218, 0x6218, 0x6210, 0xA320, 0x6218, 0x6110, 0x6210, 0x6218, 0x6218, 0x6218, 0x6218, 0x6218, 
  0x6218, 0x6218, 0x6218, 0x6218, 0x6218, 0x6218, 0x6218, 0x6218, 0x6218, 0x6218, 0x6218, 0x6218, 0x6218, 0x6218, 0x6118, 0x8649, 
  0xCFA3, 0x31BC, 0xCFAB, 0x31BC, 0xD4D4, 0x72C4, 0x0C8B, 0x4D8B, 0xAB7A, 0xCB7A, 0x496A, 0xA228, 0x6110, 0x6218, 0x6218, 0x8218, 
  0x4210, 0x8220, 0xAF93, 0x8E9B, 0x8649, 0x6A72, 0x52BC, 0x35E5, 0x56ED, 0x76F5, 0xAFA3, 0x4118, 0x6218, 0x8218, 0x8218, 0x6218, 
  0x6218, 0x6218, 0x6218, 0x6218, 0x6218, 0x6218, 0x6218, 0x6210, 0x6210, 0x6210, 0x6110, 0x6218, 0xA749, 0x2962, 0x696A, 0x10B4, 
  0x14E5, 0x15ED, 0x15ED, 0x15ED, 0x14ED, 0xF4E4, 0x14E5, 0xB3D4, 0xF4E4, 0xD3D4, 0x72D4, 0x14DD, 0x8EA3, 0x8A72, 0x6218, 0x6210, 
  0x6210, 0x8210, 0x6210, 0x6218, 0x6218, 0x6218, 0x6218, 0x6218, 0x6218, 0x6218, 0x6218, 0x6218, 0x6218, 0x6210, 0x6218, 0x6218, 
  0x6218, 0x6218, 0x6218, 0x6218, 0x6218, 0x6218, 0x6218, 0x6218, 0x6218, 0x6218, 0x6218, 0x6218, 0x6218, 0x6110, 0x6010, 0x8010, 
  0xA010, 0xA010, 0xA010, 0xA018, 0xA010, 0xA018, 0xA010, 0x8010, 0x0221, 0x4008, 0xE783, 0x0CEF, 0xA6A4, 0x2594, 0xE9C5, 0x4BF7, 
  0xE8EC, 0xE2C8, 0xA3D8, 0xA4D0, 0xECE0, 0xF0E8, 0xF0E8, 0xF0E8, 0xF0E8, 0xF0E8, 0xF0E8, 0xF0E8, 0xF0E8, 0xF0E8, 0xF0E8, 0xF0E8, 
  0xF0E8, 0xF0E8, 0xF0E8, 0xF0E8, 0xF0E8, 0xF0E8, 0xF0E8, 0xF0E8, 0xF0E8, 0xF0E8, 0xF0E8, 0xF0E8, 0xF0E8, 0xF0E0, 0xF0E8, 0xF0E8, 
  0xF0E8, 0xF0E8, 0xF0E8, 0xF0E8, 0xF0E8, 0xF0E8, 0xF0E8, 0xF0E8, 0xF0E8, 0xF0E8, 0xF0E8, 0xF0E8, 0xF0E8, 0xF0E8, 0xF0E8, 0x10E9, 
  0x10E9, 0xEFE8, 0xF0E8, 0xF0E8, 0xF0E8, 0xF0E8, 0xF0E8, 0xF0E8, 0xF0E8, 0xF0E8, 0xF0E8, 0xF0E8, 0xF0E8, 0xF0E8, 0xF0E8, 0xF0E8, 
  0xF0E8, 0xF0E8, 0xF0E8, 0xF0E8, 0xF0E8, 0xF0E8, 0xF0E8, 0xF0E8, 0xEFE8, 0x0FE9, 0xA8E0, 0xE1C8, 0xC9E4, 0x6573, 0xA010, 0x8118, 
  0xA018, 0xA010, 0xA010, 0xA010, 0xA018, 0xA010, 0x6010, 0x6010, 0x6010, 0x6110, 0x6210, 0x6218, 0x6218, 0x6218, 0x6218, 0x6218, 
  0x6218, 0x6218, 0x6218, 0x6218, 0x6218, 0x6218, 0x6210, 0x6210, 0xA218, 0x6210, 0x6210, 0x6218, 0x6218, 0x6218, 0x6218, 0x6218, 
  0x6218, 0x6218, 0x6218, 0x6218, 0x6218, 0x6218, 0x6218, 0x6218, 0x6218, 0x6218, 0x6218, 0x6218, 0x8218, 0x6110, 0xA228, 0x6E93, 
  0xF0B3, 0xD0B3, 0xAFAB, 0x6EA3, 0x92CC, 0x72CC, 0x31BC, 0x10BC, 0xF0B3, 0x31BC, 0xF0AB, 0xCFA3, 0xC328, 0x6110, 0x8218, 0x6218, 
  0x6210, 0x6218, 0xAF9B, 0xF0A3, 0x2862, 0xB3C4, 0xD7FD, 0x55ED, 0x35ED, 0x55E5, 0xC761, 0x2008, 0x8218, 0xA320, 0x8218, 0x6210, 
  0x6210, 0x6218, 0x6218, 0x6218, 0x6218, 0x6218, 0x6210, 0x6218, 0x8218, 0x6210, 0x6210, 0xA320, 0xA749, 0xA749, 0xC330, 0x8A7A, 
  0x31BC, 0x35E5, 0x14ED, 0x14ED, 0x15ED, 0xF4E4, 0x14E5, 0x14E5, 0x14E5, 0xF4DC, 0xD3DC, 0xD3D4, 0x8FA3, 0x6A6A, 0x8218, 0x4218, 
  0x6218, 0x6218, 0x6218, 0x6218, 0x6218, 0x6218, 0x6218, 0x6218, 0x6218, 0x6218, 0x6218, 0x6218, 0x6218, 0x6218, 0x8218, 0x6218, 
  0x6218, 0x6218, 0x6218, 0x6218, 0x6218, 0x6218, 0x6218, 0x6218, 0x6218, 0x6218, 0x6218, 0x6218, 0x6210, 0x6110, 0x6010, 0x8010, 
  0xA010, 0xA010, 0xA010, 0xA010, 0xA018, 0xA018, 0xA010, 0x8010, 0x2229, 0x0121, 0xC45A, 0x49D6, 0xAADE, 0x4473, 0x4694, 0x2AF7, 
  0x8BFE, 0x43D2, 0xA2D0, 0xA3D0, 0xC8D8, 0xEFE8, 0xF0E8, 0xF0E8, 0xF0E8, 0xF0E8, 0xF0E8, 0xF0E8, 0xF0E8, 0xF0E8, 0xF0E8, 0xF0E8, 
  0xF0E8, 0xF0E8, 0xF0E8, 0xF0E8, 0xF0E8, 0xF0E8, 0xF0E8, 0xF0E8, 0xF0E8, 0xF0E8, 0xF0E8, 0xF0E8, 0xF0E8, 0xF0E8, 0xF0E8, 0xF0E8, 
  0xF0E8, 0xF0E8, 0xF0E8, 0xF0E8, 0xF0E8, 0xF0E8, 0xF0E8, 0xF0E8, 0xF0E8, 0xF0E8, 0xF0E8, 0xF0E8, 0xF0E8, 0xF0E8, 0xF0E8, 0x10E9, 
  0x10E9, 0xEFE8, 0xF0E8, 0xF0E8, 0xF0E8, 0xF0E8, 0xF0E8, 0xF0E8, 0xF0E8, 0xF0E8, 0xF0E8, 0xF0E8, 0xF0E8, 0xF0E8, 0xF0E8, 0xF0E8, 
  0xF0E8, 0xF0E8, 0xF0E8, 0xF0E8, 0xF0E8, 0xF0E8, 0xF0E8, 0xF0E8, 0xF0E8, 0x0DE9, 0x85D8, 0x82C9, 0x8BDD, 0x8239, 0x6010, 0xA018, 
  0xA018, 0xA018, 0xA010, 0xA010, 0xA010, 0xA018, 0x6010, 0x6010, 0x6110, 0x6210, 0x6218, 0x6218, 0x6218, 0x6218, 0x6218, 0x6218, 
  0x6218, 0x6218, 0x6218, 0x6218, 0x6218, 0x6218, 0x6218, 0x6218, 0x2531, 0x6218, 0x6210, 0x6218, 0x6218, 0x6218, 0x6218, 0x6218, 
  0x6218, 0x6218, 0x6218, 0x6218, 0x6218, 0x6218, 0x6218, 0x6218, 0x6218, 0x6218, 0x6218, 0x6218, 0x8210, 0x4110, 0x4541, 0xEC82, 
  0x4D93, 0x6E9B, 0xEC8A, 0xB3CC, 0xB3D4, 0x31C4, 0x92CC, 0xF0B3, 0xAFAB, 0x8EA3, 0xAFAB, 0xB3CC, 0x096A, 0x4010, 0x8218, 0x6218, 
  0x8218, 0x6110, 0xA220, 0x8218, 0x0010, 0x696A, 0xCFAB, 0xCFB3, 0x72C4, 0x96E5, 0xEB7A, 0x4110, 0x8218, 0xA318, 0x6218, 0x6210, 
  0x6210, 0x6218, 0x6218, 0x6218, 0x6218, 0x6218, 0x6210, 0x6218, 0x8218, 0x6218, 0x4110, 0xC428, 0xA749, 0x0431, 0x6541, 0xAB7A, 
  0x296A, 0xF0B3, 0x35ED, 0x14ED, 0x35E5, 0xD3D4, 0xB3D4, 0xD3D4, 0xB3D4, 0x93CC, 0x51BC, 0x8E9B, 0x4D93, 0x6541, 0xA318, 0x6210, 
  0x6218, 0x8210, 0x6210, 0x6218, 0x6218, 0x6218, 0x6218, 0x6218, 0x6218, 0x6218, 0x6218, 0x6210, 0x6218, 0x6210, 0x2110, 0x6218, 
  0x6218, 0x6218, 0x6218, 0x6218, 0x6218, 0x6218, 0x6218, 0x6218, 0x6218, 0x6218, 0x6218, 0x6218, 0x6110, 0x6110, 0x6010, 0x6010, 
  0xA010, 0xA010, 0xA010, 0xA018, 0x8010, 0x8010, 0xA018, 0xA018, 0xA018, 0xE120, 0x6131, 0x69B5, 0x4CF7, 0x869C, 0x236B, 0x09CE, 
  0x4CFF, 0x26E4, 0xC1C8, 0xC4D8, 0xA5D8, 0x0DE9, 0xF0E8, 0xF0E8, 0xF0E8, 0xF0E8, 0xF0E8, 0xF0E8, 0xF0E8, 0xF0E8, 0xF0E8, 0xF0E8, 
  0xF0E8, 0xF0E8, 0xF0E8, 0xF0E8, 0xF0E8, 0xF0E8, 0xF0E8, 0xF0E8, 0xF0E8, 0xF0E8, 0xF0E8, 0xF0E8, 0xF0E8, 0xF0E8, 0xF0E8, 0xF0E8, 
  0xF0E8, 0xF0E8, 0xF0E8, 0xF0E8, 0xF0E8, 0xF0E8, 0xF0E8, 0xF0E8, 0xF0E8, 0xF0E8, 0xF0E8, 0xF0E8, 0xF0E8, 0xF0E8, 0xF0E8, 0x10E9, 
  0x10E9, 0xF0E8, 0xF0E8, 0xF0E8, 0xF0E0, 0xF0E8, 0xF0E8, 0xF0E8, 0xF0E8, 0xF0E8, 0xF0E8, 0xF0E8, 0xF0E8, 0xF0E8, 0xF0E8, 0xF0E8, 
  0xF0E8, 0xF0E8, 0xF0E8, 0xF0E8, 0xF0E8, 0xF0E8, 0xF0E8, 0xF0E8, 0xF0E8, 0xEBE0, 0x63D0, 0x85DA, 0x2AC5, 0xE028, 0x8010, 0xA010, 
  0xA018, 0xA010, 0xA010, 0xA018, 0xA018, 0x8010, 0x6010, 0x6010, 0x6110, 0x6218, 0x6218, 0x6218, 0x6218, 0x6218, 0x6218, 0x6218, 
  0x6218, 0x6218, 0x6218, 0x6218, 0x6218, 0x6218, 0x6218, 0x6210, 0x4110, 0x6210, 0x6218, 0x6218, 0x6218, 0x6218, 0x6210, 0x6210, 
  0x6218, 0x6218, 0x6218, 0x6218, 0x6218, 0x6218, 0x6218, 0x6218, 0x6218, 0x6218, 0x6218, 0x6218, 0x6210, 0x6218, 0x6A6A, 0xCB7A, 
  0xE761, 0xCB82, 0x4D9B, 0xF0B3, 0x52C4, 0x92D4, 0x93CC, 0x10B4, 0x8FA3, 0xEC8A, 0x0C8B, 0x51BC, 0xAFA3, 0x4110, 0x8210, 0x6218, 
  0x6218, 0x6210, 0x8218, 0x8318, 0x6218, 0x6118, 0x4110, 0x4110, 0xA328, 0x8649, 0x6641, 0xA318, 0x2108, 0x4110, 0x6218, 0x6218, 
  0x6210, 0x8210, 0x6218, 0x6218, 0x8218, 0x8218, 0x8218, 0x8218, 0x8218, 0x8218, 0x6218, 0x8320, 0x2539, 0x2539, 0xAA6A, 0x496A, 
  0xA751, 0xAB82, 0xB3D4, 0x15E5, 0x14DD, 0x4D9B, 0xEC8A, 0xCB82, 0xEC82, 0xEC82, 0x2962, 0x0431, 0xC328, 0x6118, 0x6110, 0x6210, 
  0x6218, 0x6218, 0x6218, 0x6218, 0x6218, 0x6218, 0x6218, 0x6218, 0x6218, 0x6218, 0x6218, 0x6218, 0x4110, 0xE849, 0xA741, 0x4110, 
  0x6218, 0x6218, 0x6218, 0x6218, 0x6218, 0x6218, 0x6218, 0x6218, 0x6218, 0x6218, 0x6218, 0x6218, 0x6218, 0x6118, 0x6010, 0x6010, 
  0xA010, 0xA010, 0xA010, 0x8010, 0xE118, 0xE120, 0x8010, 0xA018, 0xA018, 0x8018, 0x6010, 0xA35A, 0x8ADE, 0xC8C5, 0xC583, 0x48B5, 
  0x0AEF, 0x09FE, 0xA2C9, 0xA3D0, 0xA4D8, 0xEAE0, 0x10E9, 0xF0E8, 0xF0E8, 0xF0E8, 0xF0E8, 0xF0E8, 0xF0E8, 0xF0E8, 0xF0E8, 0xF0E8, 
  0xF0E8, 0xF0E8, 0xF0E8, 0xF0E8, 0xF0E8, 0xF0E8, 0xF0E8, 0xF0E8, 0xF0E8, 0xF0E8, 0xF0E8, 0xF0E8, 0xF0E8, 0xF0E8, 0xF0E8, 0xF0E8, 
  0xF0E8, 0xF0E8, 0xF0E8, 0xF0E8, 0xF0E8, 0xF0E8, 0xF0E8, 0xF0E8, 0xF0E8, 0xF0E8, 0xF0E8, 0xF0E8, 0xF0E8, 0xF0E8, 0xF0E8, 0x10E9, 
  0x10E9, 0xF0E8, 0xF0E8, 0x10E9, 0xF0E0, 0xF0E8, 0xF0E8, 0xF0E8, 0xF0E8, 0xF0E8, 0xF0E8, 0xF0E8, 0xF0E8, 0xF0E8, 0xF0E8, 0xF0E8, 
  0xF0E8, 0xF0E8, 0xF0E8, 0xF0E8, 0xF0E8, 0xF0E8, 0x10E9, 0xF0E8, 0x0FE9, 0xCAE0, 0x82C8, 0xC7E3, 0xC9B4, 0xA018, 0xA010, 0xA018, 
  0xA018, 0xA010, 0xA010, 0xA010, 0xA018, 0x8010, 0x6010, 0x6010, 0x6110, 0x6218, 0x6218, 0x6218, 0x6218, 0x6218, 0x6218, 0x6218, 
  0x6218, 0x6218, 0x6218, 0x6218, 0x6218, 0x6218, 0x6210, 0x6210, 0x6218, 0x6218, 0x6218, 0x6218, 0x6218, 0x6210, 0x8210, 0x6210, 
  0x6218, 0x6218, 0x6218, 0x6210, 0x6210, 0x6218, 0x6218, 0x6218, 0x6218, 0x6218, 0x6218, 0x6218, 0x6218, 0x6220, 0x8B72, 0x8E9B, 
  0xA659, 0xEC7A, 0x2D93, 0xCFAB, 0x10B4, 0x31C4, 0xF0B3, 0x31B4, 0x6E9B, 0x2972, 0x0C8B, 0x71C4, 0xAFA3, 0x2110, 0x8210, 0x6110, 
  0x6210, 0x6210, 0x6210, 0x6218, 0x6218, 0x6210, 0x8218, 0x6210, 0xA320, 0x2110, 0x4110, 0xA220, 0xC749, 0x8220, 0x4110, 0x8218, 
  0x6210, 0x8210, 0x6218, 0x4110, 0x2108, 0x0008, 0x2008, 0x2008, 0x2008, 0x0010, 0x0008, 0x4110, 0x6541, 0x2541, 0x2962, 0xCB82, 
  0xAA7A, 0x6D93, 0x31BC, 0xF4D4, 0xAA7A, 0x0439, 0xE430, 0x6220, 0x8220, 0x6218, 0x4110, 0x4110, 0x6110, 0x6218, 0x8210, 0x6210, 
  0x6218, 0x8218, 0x8218, 0x8210, 0x6218, 0x6218, 0x6218, 0x6218, 0x6218, 0x6218, 0x6210, 0x6218, 0x6110, 0xA220, 0x2531, 0x6218, 
  0x6218, 0x6218, 0x6218, 0x6218, 0x6218, 0x6218, 0x6218, 0x6218, 0x6218, 0x6218, 0x6218, 0x6218, 0x6218, 0x6218, 0x6110, 0x6010, 
  0x8010, 0xA010, 0xA018, 0xA010, 0xC118, 0xC118, 0x8010, 0xA010, 0xA018, 0xA018, 0xC118, 0x6131, 0x69B5, 0x4CF7, 0x27B5, 0xC8BD, 
  0x0AEF, 0x0BFF, 0x86DB, 0xA2D0, 0xC3D0, 0xA7D8, 0xEEE8, 0xEFE8, 0xF0E8, 0xF0E8, 0xF0E8, 0xF0E8, 0xF0E8, 0xF0E8, 0xF0E8, 0xF0E8, 
  0xF0E8, 0x10E9, 0xF0E8, 0xF0E8, 0xF0E8, 0xF0E8, 0xF0E8, 0xF0E8, 0xF0E8, 0xF0E8, 0xF0E8, 0x10E9, 0xF0E8, 0xF0E0, 0xF0E8, 0xF0E8, 
  0xF0E8, 0xF0E8, 0xF0E8, 0xF0E8, 0xF0E8, 0xF0E8, 0xF0E8, 0xF0E8, 0xF0E8, 0xF0E8, 0xF0E8, 0xF0E8, 0xF0E8, 0xF0E8, 0xF0E8, 0x10E9, 
  0x10E9, 0xF0E8, 0xF0E8, 0xF0E8, 0xF0E8, 0xF0E8, 0xF0E8, 0xF0E8, 0xF0E8, 0xF0E8, 0xF0E8, 0x10E9, 0xF0E8, 0xF0E8, 0xF0E8, 0xF0E8, 
  0xF0E8, 0xF0E8, 0xF0E8, 0xF0E8, 0xF0E8, 0xF0E8, 0xEFE8, 0xF0E8, 0x0EE9, 0xC7D8, 0xC2C0, 0xE9EC, 0x2573, 0x6010, 0xA018, 0x8018, 
  0xA018, 0xA018, 0xA010, 0xA010, 0x8018, 0x8010, 0x6010, 0x6010, 0x6218, 0x6218, 0x6218, 0x6218, 0x6218, 0x6218, 0x6218, 0x6218, 
  0x6218, 0x6218, 0x6218, 0x6218, 0x6218, 0x6218, 0x6218, 0x6218, 0x6218, 0x6218, 0x6218, 0x6218, 0x6218, 0x6218, 0x6218, 0x6218, 
  0x6218, 0x6218, 0x6218, 0x6210, 0xA318, 0x6218, 0x6218, 0x6218, 0x6218, 0x6218, 0x6218, 0x6218, 0x4110, 0x0431, 0x496A, 0xCB82, 
  0xAA72, 0x696A, 0x8A82, 0x10B4, 0x51C4, 0xAFAB, 0xF0B3, 0xAE9B, 0x8A7A, 0x0C8B, 0x4DA3, 0xD3D4, 0x0C83, 0x2010, 0x8218, 0x6218, 
  0x6218, 0x6218, 0x6218, 0x6218, 0x6218, 0x6218, 0x6218, 0x6218, 0x6110, 0x8218, 0x8210, 0x4110, 0x4962, 0xCF9B, 0xA651, 0x4539, 
  0x8220, 0x4110, 0x2010, 0x0431, 0x6541, 0x085A, 0x496A, 0x4972, 0x8B7A, 0x2D93, 0x696A, 0x0862, 0x8E9B, 0xAFAB, 0x6EA3, 0xF0B3, 
  0x6EA3, 0x72BC, 0xD0AB, 0xEB82, 0xC328, 0x2010, 0x8218, 0x6218, 0x6218, 0x8218, 0x8218, 0x8218, 0x8218, 0x6218, 0x6218, 0x6218, 
  0x4110, 0x4110, 0x4110, 0x6210, 0x6218, 0x6210, 0x6218, 0x6218, 0x6218, 0x6218, 0x6218, 0x6218, 0x6218, 0x6110, 0x4110, 0x6218, 
  0x6218, 0x6218, 0x6218, 0x6218, 0x6218, 0x6218, 0x6218, 0x6218, 0x6218, 0x6218, 0x6218, 0x6218, 0x6218, 0x6218, 0x6110, 0x6010, 
  0x8010, 0xA010, 0x8010, 0xA010, 0x8010, 0x8010, 0xA018, 0xA018, 0xA010, 0xA018, 0xC118, 0xC018, 0x6673, 0xEBEE, 0x48D6, 0xC8C5, 
  0xAADE, 0x2BF7, 0x89F5, 0x42C9, 0xC3D0, 0xA4D0, 0xEBE0, 0xF0E8, 0xF0E8, 0xF0E8, 0xF0E8, 0xF0E8, 0xF0E8, 0xF0E8, 0xF0E8, 0xF0E8, 
  0xF0E8, 0xF0E8, 0xF0E8, 0xF0E8, 0xF0E8, 0xF0E8, 0xF0E8, 0xF0E8, 0xF0E8, 0xF0E8, 0xF0E8, 0xF0E8, 0xF0E8, 0x10E9, 0xF0E8, 0xF0E8, 
  0xF0E8, 0xF0E8, 0xF0E8, 0xF0E8, 0xF0E8, 0xF0E8, 0x10E9, 0xF0E8, 0xF0E8, 0xF0E8, 0xF0E8, 0xF0E8, 0xF0E8, 0xF0E8, 0xF0E8, 0x10E9, 
  0x10E9, 0xF0E8, 0xF0E8, 0xF0E8, 0xF0E8, 0xF0E8, 0xF0E8, 0xF0E8, 0xF0E8, 0xF0E8, 0xF0E8, 0xF0E8, 0xF0E8, 0xF0E8, 0xF0E8, 0xF0E8, 
  0xF0E8, 0xF0E8, 0xF0E8, 0xF0E8, 0xF0E8, 0xF0E8, 0xEFE8, 0xF0E8, 0x0DE9, 0x84D0, 0x62C9, 0x4AE5, 0xE241, 0x6010, 0xA018, 0xA018, 
  0xA010, 0xA010, 0xA018, 0xA018, 0xA018, 0x6010, 0x6010, 0x6110, 0x6218, 0x6218, 0x6218, 0x6218, 0x6218, 0x6218, 0x6218, 0x6218, 
  0x6218, 0x6218, 0x6218, 0x6218, 0x6218, 0x6218, 0x6218, 0x6218, 0x6218, 0x6218, 0x6218, 0x6218, 0x6218, 0x6218, 0x4110, 0x6110, 
  0x8218, 0x6218, 0x6218, 0x6210, 0x8218, 0x8218, 0x6218, 0x6218, 0x6218, 0x6218, 0x6218, 0x6218, 0x2110, 0x4539, 0x2D83, 0x8A72, 
  0x496A, 0x2962, 0x2D8B, 0x8EA3, 0x72C4, 0x10BC, 0xAEA3, 0xCB82, 0x4D93, 0xCFA3, 0xD0B3, 0x72C4, 0x0439, 0x2110, 0x6210, 0xA218, 
  0x8218, 0x6210, 0x6218, 0x4110, 0xE428, 0x8A62, 0x4110, 0x8210, 0x8210, 0x6218, 0x6218, 0x6210, 0x2010, 0x2962, 0xF4C4, 0xCB72, 
  0x6641, 0x2962, 0x6649, 0x92C4, 0x56ED, 0x56ED, 0x76ED, 0x76ED, 0x76ED, 0x76ED, 0x76ED, 0x55ED, 0x55ED, 0x55ED, 0x15E5, 0xF4DC, 
  0xD3D4, 0x0C8B, 0x4541, 0x085A, 0x0431, 0x8218, 0xA218, 0x6110, 0x4110, 0x2108, 0x4110, 0x4110, 0x2110, 0x4110, 0x4110, 0x6220, 
  0x0439, 0x4541, 0x4539, 0xA320, 0x6110, 0x8218, 0x6210, 0x6218, 0x6218, 0x6218, 0x6218, 0x6218, 0x6218, 0x6218, 0x8218, 0x6218, 
  0x6218, 0x6218, 0x6218, 0x6218, 0x6218, 0x6218, 0x6218, 0x6218, 0x6218, 0x6218, 0x6218, 0x6218, 0x6210, 0x8210, 0x6118, 0x6010, 
  0x8010, 0x8010, 0x4329, 0xE118, 0x8010, 0xA018, 0xA018, 0xA010, 0xA010, 0xA018, 0xA010, 0xA010, 0x6231, 0x89BD, 0x2BF7, 0x66BD, 
  0x08CE, 0x2AEF, 0xCAFE, 0xC4D2, 0xA2D0, 0xC3D8, 0xC8D8, 0x0FE9, 0xF0E8, 0xF0E8, 0xF0E8, 0xF0E8, 0xEFE8, 0xF0E8, 0xF0E8, 0xF0E8, 
  0xF0E8, 0xF0E8, 0xF0E8, 0xF0E8, 0xF0E8, 0xF0E8, 0xF0E8, 0xF0E8, 0xF0E8, 0xF0E8, 0xF0E8, 0xF0E8, 0xF0E8, 0xF0E8, 0xF0E8, 0xF0E8, 
  0xF0E8, 0xF0E8, 0xF0E8, 0xF0E8, 0xF0E8, 0xF0E8, 0xF0E8, 0xF0E8, 0xF0E8, 0xF0E8, 0xF0E8, 0xF0E8, 0xF0E8, 0xF0E8, 0xF0E8, 0x10E9, 
  0x10E9, 0xF0E8, 0xF0E8, 0xF0E8, 0xF0E8, 0xF0E8, 0xF0E8, 0xF0E8, 0xF0E8, 0xF0E8, 0xF0E8, 0xF0E8, 0xF0E8, 0xF0E8, 0xF0E8, 0xF0E8, 
  0xF0E8, 0xF0E8, 0xF0E8, 0xF0E8, 0xF0E8, 0xF0E8, 0xF0E8, 0xF0E8, 0xECE0, 0x63D0, 0x84DA, 0xA9BC, 0xE020, 0x8018, 0x8010, 0x8010, 
  0xA018, 0xA018, 0xA018, 0xA010, 0x8018, 0x6010, 0x6010, 0x6118, 0x6218, 0x6218, 0x6218, 0x6218, 0x6218, 0x6218, 0x6218, 0x6218, 
  0x6218, 0x6218, 0x6218, 0x6218, 0x6218, 0x6218, 0x6218, 0x6218, 0x6218, 0x6218, 0x6218, 0x6218, 0x6218, 0x4110, 0x0429, 0xE320, 
  0x6110, 0x6218, 0x6218, 0x6218, 0x6218, 0x6218, 0x6218, 0x6218, 0x6218, 0x6218, 0x6210, 0x6218, 0x4110, 0x6641, 0x085A, 0xC759, 
  0x2541, 0x4541, 0x6A72, 0x2C93, 0x6EA3, 0x52C4, 0x92CC, 0xAFAB, 0xAFAB, 0x4D9B, 0x51BC, 0x496A, 0x2010, 0x8218, 0x6210, 0x6210, 
  0x6110, 0x6210, 0x6210, 0x6210, 0x8220, 0x2962, 0x6118, 0x6210, 0x6210, 0x6218, 0x6218, 0x8210, 0x6210, 0x2110, 0x0439, 0x4962, 
  0x6641, 0xA749, 0x4549, 0x8EA3, 0x55ED, 0x14E5, 0x14E5, 0x14E5, 0x14E5, 0x14E5, 0x14E5, 0x34ED, 0x34ED, 0x14ED, 0x35ED, 0x76ED, 
  0xB3CC, 0xC759, 0x2539, 0xE430, 0x4118, 0x2008, 0x4118, 0xE330, 0x2441, 0xC751, 0x2539, 0x2439, 0x6641, 0x0852, 0xC749, 0x696A, 
  0xCB7A, 0xCB7A, 0x6A6A, 0x8220, 0x6118, 0x6210, 0x8210, 0x6218, 0x6218, 0x6218, 0x6218, 0x6218, 0x6218, 0x6210, 0x8210, 0x8210, 
  0x6218, 0x6218, 0x6218, 0x6218, 0x6218, 0x6218, 0x6218, 0x6218, 0x6218, 0x6218, 0x6218, 0x6218, 0x6210, 0x8210, 0x6110, 0x6010, 
  0x8010, 0xA010, 0x0221, 0xC018, 0x8010, 0xA010, 0xA010, 0xA010, 0xA010, 0x8010, 0xA010, 0xC010, 0x4008, 0xE683, 0x2BEF, 0xA9DE, 
  0x89DE, 0x09EF, 0x2AF7, 0xC8EC, 0xE2C8, 0xA3D8, 0xA5D0, 0xECE8, 0x0FE9, 0xF0E8, 0xF0E8, 0xF0E8, 0xF0E8, 0xF0E8, 0xF0E8, 0xF0E8, 
  0xF0E8, 0xF0E8, 0xF0E8, 0xF0E8, 0xF0E8, 0xF0E8, 0xF0E8, 0xF0E8, 0x10E9, 0xF0E8, 0xF0E8, 0xF0E8, 0xF0E8, 0xF0E8, 0xF0E8, 0xF0E8, 
  0xF0E8, 0xF0E8, 0xF0E8, 0xF0E8, 0xF0E8, 0xF0E8, 0xF0E8, 0xF0E8, 0xF0E8, 0xF0E8, 0xF0E8, 0xF0E8, 0xF0E8, 0xF0E8, 0xF0E0, 0x10E9, 
  0x10E9, 0xF0E8, 0xF0E8, 0xF0E8, 0xF0E8, 0xF0E8, 0xF0E8, 0xF0E8, 0xF0E8, 0xF0E8, 0xF0E8, 0xF0E8, 0xF0E8, 0xF0E8, 0xF0E8, 0xF0E8, 
  0xF0E8, 0xF0E8, 0xF0E8, 0xF0E8, 0xF0E8, 0xF0E8, 0xF0E8, 0x0FE9, 0xC9E0, 0x82C8, 0x66DB, 0xC78B, 0x8010, 0x8018, 0xE120, 0xE120, 
  0x8010, 0xA010, 0xA010, 0xA010, 0x8018, 0x6010, 0x6010, 0x6118, 0x6218, 0x6218, 0x6218, 0x6218, 0x6218, 0x6218, 0x6218, 0x6218, 
  0x6218, 0x6218, 0x6218, 0x6218, 0x6218, 0x6218, 0x6218, 0x6218, 0x6218, 0x6218, 0x6218, 0x6218, 0x8218, 0x4110, 0x2429, 0xC320, 
  0x6110, 0x8218, 0x6218, 0x6218, 0x6218, 0x6218, 0x6218, 0x6218, 0x6218, 0x6218, 0x6218, 0x6218, 0x6218, 0x4539, 0x6541, 0x6541, 
  0x6541, 0x4539, 0xE859, 0x6E93, 0x6E9B, 0x11BC, 0x93CC, 0xCFB3, 0x4D9B, 0x8EA3, 0x8E9B, 0x8220, 0x6210, 0x8210, 0x6210, 0x8218, 
  0x8218, 0x6210, 0x6218, 0x6110, 0xA220, 0xD3CC, 0x2962, 0x2008, 0x8118, 0x6118, 0x6118, 0x6218, 0x6218, 0x8218, 0x2110, 0x4118, 
  0x6218, 0x4118, 0xCB7A, 0x8EA3, 0x72CC, 0x14E5, 0x14ED, 0x14ED, 0x14ED, 0x14ED, 0x35ED, 0xD3DC, 0xD3DC, 0xF3DC, 0x10BC, 0x6E9B, 
  0x8651, 0x8649, 0x296A, 0x296A, 0xAB7A, 0x4D93, 0xF0B3, 0xD4D4, 0x15DD, 0x15DD, 0xCFA3, 0x4D93, 0xAF9B, 0x0C83, 0x6A6A, 0x2962, 
  0x496A, 0x6972, 0xEC82, 0xC751, 0x6118, 0x6210, 0x6210, 0x6218, 0x6218, 0x6210, 0x6218, 0x6218, 0x6218, 0x6218, 0x6210, 0x6210, 
  0x6218, 0x6218, 0x6218, 0x6218, 0x6218, 0x6218, 0x6218, 0x6218, 0x6218, 0x6218, 0x6218, 0x6218, 0x6210, 0x8210, 0x6118, 0x6010, 
  0x8010, 0xA018, 0x8010, 0x8010, 0xA010, 0xA010, 0xA010, 0xA010, 0xA018, 0x8010, 0xC118, 0xC018, 0x6010, 0xA139, 0x6AD6, 0x09EF, 
  0xC9E6, 0x0AEF, 0x0AEF, 0x6AFE, 0x23CA, 0xA2D0, 0xA4D0, 0xC8D8, 0x0FE9, 0xF0E8, 0xF0E8, 0xF0E8, 0xF0E8, 0xF0E8, 0xF0E8, 0xF0E8, 
  0xF0E8, 0xF0E8, 0xF0E8, 0xF0E8, 0xF0E8, 0xF0E8, 0xF0E8, 0xF0E8, 0xF0E8, 0xF0E8, 0xF0E8, 0xF0E8, 0xF0E8, 0xF0E8, 0xF0E8, 0xF0E8, 
  0xF0E8, 0xF0E8, 0xF0E8, 0xF0E8, 0xF0E8, 0xF0E8, 0xF0E8, 0xF0E8, 0xF0E8, 0xF0E8, 0xF0E8, 0xF0E8, 0xF0E8, 0xF0E8, 0xF0E0, 0x10E9, 
  0x10E9, 0xF0E8, 0xF0E8, 0xF0E8, 0xF0E8, 0xF0E8, 0xF0E8, 0xF0E8, 0xF0E8, 0xF0E8, 0xF0E8, 0xF0E8, 0xF0E8, 0xF0E8, 0xF0E8, 0xF0E8, 
  0xF0E8, 0xF0E8, 0xF0E8, 0xEFE8, 0xF0E8, 0xF0E8, 0xF0E8, 0x0EE9, 0xC6D8, 0xC2C8, 0x69DC, 0xC462, 0x6010, 0x8010, 0xE120, 0xE120, 
  0x8010, 0xA010, 0xA018, 0xA018, 0x8018, 0x6010, 0x6110, 0x6118, 0x6218, 0x6218, 0x6218, 0x6218, 0x6218, 0x6218, 0x6218, 0x6218, 
  0x6218, 0x6218, 0x6218, 0x6218, 0x6218, 0x6218, 0x6218, 0x6218, 0x6218, 0x6210, 0x6218, 0x6218, 0x6218, 0x6218, 0x4110, 0x6110, 
  0x8218, 0x6218, 0x6218, 0x6218, 0x6218, 0x6218, 0x6218, 0x6218, 0x6218, 0x6218, 0x6218, 0x6218, 0x6210, 0x6218, 0xA220, 0xE428, 
  0x2531, 0xE428, 0xC330, 0xE861, 0xCFAB, 0x93CC, 0x51C4, 0x92CC, 0xCFAB, 0x10B4, 0x8A72, 0x4110, 0x8218, 0x6210, 0x4110, 0xC320, 
  0x8218, 0x6210, 0x6218, 0x2108, 0x6649, 0xB7F5, 0xEC82, 0x2010, 0x4118, 0xCB72, 0x4541, 0x4110, 0x6218, 0x6210, 0x8218, 0x6218, 
  0x6110, 0xA228, 0x14DD, 0x96ED, 0x56ED, 0x55ED, 0x14ED, 0x14E5, 0x34E5, 0x14E5, 0x15E5, 0xD3DC, 0x92CC, 0x92CC, 0xF0BB, 0x4D9B, 
  0x2C8B, 0xCFA3, 0x31BC, 0xF4DC, 0x55E5, 0xF4E4, 0x55ED, 0x35ED, 0x35ED, 0x31C4, 0x8A82, 0x6A72, 0x6A7A, 0x0862, 0xAB7A, 0x296A, 
  0x0C8B, 0x4D9B, 0x8EA3, 0xCB7A, 0x6118, 0x6210, 0x6210, 0x6218, 0x6218, 0x8210, 0x6218, 0x6218, 0x6218, 0x6218, 0x6218, 0x6218, 
  0x6218, 0x6218, 0x6218, 0x6218, 0x6218, 0x6218, 0x6218, 0x6218, 0x6218, 0x6218, 0x6218, 0x6218, 0x6210, 0x6210, 0x6118, 0x6010, 
  0x8010, 0xA010, 0xA018, 0xA010, 0xA010, 0xA010, 0xA010, 0xA010, 0xA010, 0xA010, 0xA018, 0xA018, 0xA010, 0xA018, 0x6794, 0x2BF7, 
  0xC9E6, 0x0AEF, 0xEAEE, 0x2AF7, 0x06E4, 0xA2C8, 0xC3D8, 0xA5D8, 0xEDE8, 0xF0E8, 0xEFE8, 0xF0E8, 0xF0E8, 0xF0E8, 0xF0E8, 0xF0E8, 
  0xF0E8, 0xF0E8, 0xF0E8, 0xF0E8, 0xF0E8, 0xF0E8, 0xF0E8, 0xF0E8, 0xF0E8, 0xF0E8, 0xF0E8, 0xF0E8, 0xF0E8, 0xF0E8, 0xF0E8, 0xF0E8, 
  0xF0E8, 0xF0E8, 0xF0E8, 0xF0E8, 0xF0E8, 0xF0E8, 0xF0E8, 0xF0E8, 0xF0E8, 0xF0E8, 0xF0E8, 0xF0E8, 0xF0E8, 0xF0E8, 0xF0E0, 0x10E9, 
  0x10E9, 0xF0E8, 0xF0E8, 0xF0E8, 0xF0E8, 0xF0E8, 0xF0E8, 0xF0E8, 0xF0E8, 0xF0E8, 0xF0E8, 0xF0E8, 0xF0E8, 0xF0E8, 0xF0E8, 0xF0E8, 
  0xF0E8, 0xF0E8, 0xF0E8, 0xF0E8, 0x10E9, 0xEFE8, 0xF0E8, 0x0DE9, 0xA4D0, 0x62C9, 0xCAD4, 0x6131, 0x6010, 0xA018, 0x8010, 0x8010, 
  0xA018, 0xA010, 0xA010, 0xA018, 0x8018, 0x6010, 0x6110, 0x8118, 0x6218, 0x6218, 0x6218, 0x6218, 0x6218, 0x6218, 0x6218, 0x6218, 
  0x6218, 0x6218, 0x6218, 0x6218, 0x6218, 0x6218, 0x6218, 0x6218, 0x6218, 0x6218, 0x6218, 0x6218, 0x6218, 0x6218, 0x8218, 0x8218, 
  0x6218, 0x6218, 0x6218, 0x6218, 0x6218, 0x6218, 0x6218, 0x6218, 0x6218, 0x6218, 0x6218, 0x6218, 0x8210, 0x6210, 0x6218, 0x4110, 
  0xA218, 0xC320, 0xE330, 0xAB7A, 0x10B4, 0xB3D4, 0x10C4, 0x71C4, 0x31BC, 0x4D93, 0x8220, 0x6110, 0x6218, 0x6218, 0x6218, 0x6118, 
  0x4118, 0x6210, 0x8210, 0x2108, 0x8649, 0xB7F5, 0x6E9B, 0x2110, 0x4118, 0xB3C4, 0x6A72, 0x0108, 0x8218, 0x6210, 0x6218, 0x6218, 
  0x8210, 0x0010, 0x8E9B, 0xCC82, 0x4972, 0x31BC, 0x35E5, 0x55ED, 0x14E5, 0x76F5, 0x75F5, 0x55ED, 0x55ED, 0xB3D4, 0xD3D4, 0xAFAB, 
  0x0C93, 0xAB82, 0x8A82, 0xD0B3, 0xD4DC, 0x11C4, 0xB2D4, 0x34ED, 0x35ED, 0x51C4, 0x4D9B, 0x4D93, 0xCB82, 0x4D93, 0xCB8A, 0x10B4, 
  0x30B4, 0xCB8A, 0x51B4, 0x0C83, 0x2118, 0x8210, 0x6210, 0x6218, 0x8210, 0x8210, 0x6218, 0x6218, 0x6218, 0x6218, 0x6218, 0x6218, 
  0x6218, 0x6218, 0x6218, 0x6218, 0x6218, 0x6218, 0x6218, 0x8218, 0x6218, 0x6218, 0x6218, 0x6218, 0x6218, 0x6218, 0x6110, 0x6010, 
  0x6010, 0x8018, 0xA018, 0xA010, 0xA010, 0xA010, 0xA010, 0xA010, 0xA010, 0xA010, 0xA010, 0xA018, 0xA018, 0x6008, 0xA35A, 0xCBE6, 
  0x0AEF, 0x09EF, 0x0AEF, 0x2AEF, 0x09F6, 0x82C9, 0xA3D0, 0xA4D0, 0xCAE0, 0xEFE8, 0xF0E8, 0xF0E8, 0xF0E8, 0xF0E8, 0xF0E8, 0xF0E8, 
  0xF0E8, 0xF0E8, 0xF0E8, 0xF0E8, 0xF0E8, 0xF0E8, 0xF0E8, 0xF0E8, 0xF0E8, 0xF0E8, 0xF0E8, 0xF0E8, 0xF0E8, 0xF0E8, 0xF0E8, 0xF0E8, 
  0xF0E8, 0xF0E8, 0xF0E8, 0xF0E8, 0xF0E8, 0xF0E8, 0xF0E8, 0xF0E8, 0xF0E8, 0xF0E8, 0xF0E8, 0xF0E8, 0xF0E8, 0xF0E8, 0xF0E8, 0x10E9, 
  0x10E9, 0xF0E8, 0xF0E8, 0xF0E8, 0xF0E8, 0xF0E8, 0xF0E8, 0xF0E8, 0xF0E8, 0xF0E8, 0xF0E8, 0xF0E8, 0xF0E8, 0xF0E8, 0xF0E8, 0xF0E8, 
  0xF0E8, 0xF0E8, 0xF0E8, 0xF0E8, 0x10E1, 0xEFE8, 0xF0E8, 0xEBE0, 0x63D0, 0x44D2, 0xA8BC, 0xE020, 0xA010, 0xA010, 0xA118, 0xA010, 
  0xA010, 0xA010, 0xA010, 0xA018, 0x8018, 0x6010, 0x6110, 0x6110, 0x6218, 0x6218, 0x6218, 0x6218, 0x6218, 0x6218, 0x6218, 0x6218, 
  0x6218, 0x6210, 0x6210, 0x6218, 0x6218, 0x6218, 0x6218, 0x6218, 0x6218, 0x6218, 0x6218, 0x6218, 0x6218, 0x6218, 0x6218, 0x6218, 
  0x6218, 0x6218, 0x6218, 0x6218, 0x6218, 0x6218, 0x6218, 0x6218, 0x6218, 0x6218, 0x6218, 0x6218, 0x8210, 0x8210, 0x6218, 0x6218, 
  0x6110, 0x2531, 0x085A, 0xEFAB, 0xF4DC, 0xD3DC, 0xF4DC, 0x31B4, 0x6A72, 0xE430, 0x4110, 0x8210, 0x4110, 0xE328, 0xC320, 0x6110, 
  0x6110, 0x6210, 0x6210, 0x4110, 0xE330, 0x35DD, 0x10B4, 0x4110, 0x2110, 0x71BC, 0x2D8B, 0x0008, 0x8218, 0x6218, 0x6218, 0x6210, 
  0x8210, 0x4110, 0x0431, 0x6118, 0x0008, 0x6220, 0x0441, 0x0C8B, 0x31B4, 0x6A7A, 0xCFA3, 0x93CC, 0x35E5, 0x76F5, 0x55ED, 0x35ED, 
  0x55ED, 0x35E5, 0x75ED, 0x96F5, 0x55F5, 0x76F5, 0x56ED, 0x15ED, 0x34ED, 0x14DD, 0x10BC, 0x72CC, 0x72C4, 0xD4D4, 0x10B4, 0x52C4, 
  0x92C4, 0x8E9B, 0x8A72, 0x6220, 0x6110, 0x8210, 0x6210, 0x6218, 0x6218, 0x6218, 0x6218, 0x6218, 0x6218, 0x6218, 0x6218, 0x6218, 
  0x6218, 0x6218, 0x6218, 0x6218, 0x6218, 0x6218, 0x6218, 0x6218, 0x6218, 0x6218, 0x6218, 0x6210, 0x6218, 0x6218, 0x6110, 0x6010, 
  0x6010, 0xA018, 0xA010, 0xA010, 0xA010, 0xA010, 0xA010, 0xA010, 0xA010, 0xA010, 0xA010, 0x8018, 0xA118, 0x8010, 0xC020, 0x879C, 
  0x4BF7, 0x09EF, 0x0AEF, 0xEAEE, 0x0BFF, 0x65DB, 0xA2C8, 0xA3D0, 0xC7D8, 0x0EE9, 0xF0E8, 0xEFE8, 0xF0E8, 0xF0E8, 0xF0E8, 0xF0E8, 
  0xF0E8, 0xF0E8, 0xF0E8, 0xF0E8, 0xF0E8, 0xF0E8, 0xF0E8, 0xF0E8, 0xF0E8, 0xF0E8, 0xF0E8, 0xF0E8, 0xF0E8, 0xF0E8, 0xF0E8, 0xF0E8, 
  0xF0E8, 0xF0E8, 0xF0E8, 0xF0E8, 0xF0E8, 0xF0E8, 0xF0E8, 0xF0E8, 0xF0E8, 0xF0E8, 0xF0E8, 0xF0E8, 0xF0E8, 0xF0E8, 0xF0E8, 0x10E9, 
  0x10E9, 0xF0E8, 0xF0E8, 0xF0E8, 0xF0E8, 0xF0E8, 0xF0E8, 0xF0E8, 0xF0E8, 0xF0E8, 0xF0E8, 0xF0E8, 0xF0E8, 0xF0E8, 0xF0E8, 0xF0E8, 
  0xF0E8, 0xF0E8, 0xF0E8, 0xF0E8, 0x10E1, 0x10E9, 0x10E9, 0xE8E0, 0x62C8, 0x46DB, 0x88AC, 0xE018, 0xA010, 0xA018, 0x8010, 0xA010, 
  0xA010, 0xA018, 0xA010, 0xA018, 0x8018, 0x6010, 0x6118, 0x6210, 0x6218, 0x6218, 0x6218, 0x6218, 0x6218, 0x6218, 0x6218, 0x6218, 
  0x6210, 0x8218, 0x6218, 0x6218, 0x6218, 0x6218, 0x6218, 0x6218, 0x6218, 0x6218, 0x6218, 0x6218, 0x6218, 0x6218, 0x6218, 0x6218, 
  0x6218, 0x6218, 0x6218, 0x6218, 0x6218, 0x6218, 0x6218, 0x6218, 0x6218, 0x6218, 0x6218, 0x6218, 0x6218, 0x8210, 0x6218, 0x6218, 
  0x6210, 0xA220, 0x2539, 0x6E9B, 0xF4D4, 0x92C4, 0x4D93, 0xC751, 0x2110, 0x4110, 0x6218, 0x4110, 0x0439, 0x4D8B, 0x085A, 0x2110, 
  0x8210, 0x6218, 0x6218, 0x6210, 0x4118, 0x92C4, 0x92C4, 0x6220, 0x6220, 0x72C4, 0x30B4, 0x2010, 0x6218, 0x6218, 0x6218, 0x6210, 
  0x8210, 0x8210, 0x4110, 0x6218, 0x8218, 0x6218, 0x0008, 0xA220, 0x8639, 0x0008, 0x2010, 0x8328, 0x4541, 0xE861, 0xAFA3, 0x76F5, 
  0x35ED, 0x76ED, 0xB3CC, 0x8E9B, 0xF0AB, 0x31BC, 0x51BC, 0x35E5, 0x35ED, 0x14E5, 0xD3DC, 0xF0B3, 0x0C83, 0x8A72, 0xA751, 0x085A, 
  0x8649, 0xC430, 0x2110, 0x6110, 0x8210, 0x8210, 0x6218, 0x6218, 0x6218, 0x6218, 0x6218, 0x6218, 0x6218, 0x6218, 0x6218, 0x6218, 
  0x6218, 0x6218, 0x6218, 0x6218, 0x6218, 0x6218, 0x6218, 0x6210, 0x6218, 0x6218, 0x6218, 0x6210, 0x6218, 0x6218, 0x6218, 0x6010, 
  0x6010, 0xA018, 0xA010, 0xA010, 0xA018, 0xA010, 0xA018, 0xA018, 0xA010, 0xA010, 0xA010, 0x8018, 0x8018, 0xA118, 0x6010, 0xE141, 
  0xABDE, 0x2AEF, 0x09EF, 0xEAEE, 0x2AF7, 0x69F5, 0x22C9, 0xA3D8, 0xA4D0, 0xEBE0, 0xF0E8, 0xEFE8, 0xF0E8, 0xF0E8, 0xF0E8, 0xF0E8, 
  0xF0E8, 0xF0E8, 0xF0E8, 0xF0E0, 0xF0E0, 0xF0E8, 0xF0E8, 0xF0E8, 0xF0E8, 0xF0E8, 0xF0E8, 0xF0E8, 0xF0E8, 0xF0E8, 0xF0E8, 0xF0E8, 
  0xF0E8, 0xF0E8, 0xF0E8, 0xF0E8, 0xF0E8, 0xF0E8, 0xF0E8, 0xF0E8, 0xF0E8, 0xF0E8, 0xF0E8, 0xF0E8, 0xF0E8, 0xF0E8, 0xF0E8, 0x10E9, 
  0x10E9, 0xF0E8, 0xF0E8, 0xF0E8, 0xF0E8, 0xF0E8, 0xF0E8, 0xF0E8, 0xF0E8, 0xF0E8, 0xF0E8, 0xF0E8, 0xF0E8, 0xF0E8, 0xF0E8, 0xF0E8, 
  0xF0E8, 0xF0E8, 0xF0E8, 0xF0E8, 0xF0E8, 0xF0E8, 0xEEE8, 0xA6D8, 0xA2C8, 0x28E4, 0x056B, 0x8010, 0xA018, 0xA018, 0xA018, 0xA010, 
  0xA010, 0xA010, 0xA010, 0xA018, 0x8018, 0x6010, 0x6110, 0x6218, 0x6218, 0x6218, 0x6218, 0x6218, 0x6218, 0x6218, 0x6218, 0x6218, 
  0x6210, 0x8218, 0x6218, 0x6210, 0x6218, 0x6218, 0x6218, 0x6218, 0x6218, 0x6218, 0x6210, 0x6210, 0x6210, 0x6218, 0x6218, 0x6218, 
  0x6210, 0x6210, 0x6210, 0x6210, 0x6218, 0x6218, 0x6218, 0x6218, 0x6218, 0x6218, 0x6218, 0x6210, 0x6210, 0x6218, 0x6218, 0x6218, 
  0x6210, 0x6210, 0x4110, 0xC328, 0x0431, 0xC328, 0x6218, 0x4110, 0x8218, 0x6218, 0x8218, 0xA328, 0xCFAB, 0xD8FD, 0x0C8B, 0x2108, 
  0x8218, 0x6218, 0x8218, 0x6110, 0xC328, 0xB3D4, 0x76ED, 0x4549, 0x8228, 0x14D5, 0x14DD, 0xE430, 0x4110, 0x8218, 0x6218, 0x6218, 
  0x8210, 0x8210, 0x8210, 0x6218, 0x6218, 0x8218, 0x8218, 0x6210, 0x2110, 0x8218, 0x6218, 0x4210, 0x4110, 0x0000, 0x2439, 0x31B4, 
  0xD0AB, 0x496A, 0xA328, 0x0000, 0x0008, 0x0010, 0x0010, 0xA230, 0x72C4, 0x97ED, 0x92C4, 0xC330, 0x0008, 0x2110, 0x4110, 0x2110, 
  0x2010, 0x4110, 0x6218, 0x8218, 0x6218, 0x6218, 0x6218, 0x6218, 0x8210, 0x8210, 0x6218, 0x6218, 0x6218, 0x6218, 0x6218, 0x6218, 
  0x6218, 0x6218, 0x6218, 0x6218, 0x6218, 0x6218, 0x6218, 0x8218, 0xE428, 0x6210, 0x6210, 0xA318, 0x8218, 0x6210, 0x6218, 0x6110, 
  0x6010, 0xA018, 0xA010, 0xA010, 0xA010, 0xA010, 0xA018, 0xA018, 0xA010, 0xA010, 0xA010, 0x8018, 0xA018, 0xA010, 0xC118, 0x2129, 
  0x6694, 0x2BEF, 0x09EF, 0x0AEF, 0x0AEF, 0xCAFE, 0xC3D2, 0x83D0, 0xA4D8, 0xA8E0, 0xEFE8, 0xF0E8, 0xF0E8, 0xF0E8, 0xF0E8, 0xF0E8, 
  0xF0E8, 0xF0E8, 0xF0E8, 0xF0E8, 0xF0E8, 0xF0E8, 0xF0E8, 0xF0E8, 0xF0E8, 0xF0E8, 0xF0E8, 0xF0E8, 0xF0E8, 0xF0E8, 0xF0E8, 0xF0E8, 
  0xF0E8, 0xF0E8, 0xF0E8, 0xF0E8, 0xF0E8, 0xF0E8, 0xF0E8, 0xF0E8, 0xF0E8, 0xF0E8, 0xF0E8, 0xF0E8, 0xF0E8, 0xF0E8, 0xF0E8, 0x10E9, 
  0x10E9, 0xF0E8, 0xF0E8, 0xF0E8, 0xF0E0, 0xF0E8, 0xF0E8, 0xF0E8, 0xF0E8, 0xF0E8, 0xF0E8, 0xF0E8, 0xF0E8, 0xF0E8, 0xF0E8, 0xF0E8, 
  0xF0E8, 0xF0E8, 0xF0E8, 0xF0E8, 0xF0E8, 0xF0E8, 0xEDE8, 0x84D8, 0x42C9, 0x49CC, 0xA239, 0xA010, 0xA018, 0x8018, 0xA018, 0xA018, 
  0xA018, 0xA010, 0xA018, 0xA010, 0x8018, 0x6010, 0x6110, 0x6218, 0x6218, 0x6218, 0x6218, 0x6218, 0x6218, 0x6218, 0x6218, 0x6218, 
  0x6218, 0x6210, 0x6218, 0x6218, 0x6218, 0x6218, 0x6218, 0x6218, 0x6218, 0x6210, 0xA320, 0xA320, 0x6210, 0x6218, 0x6218, 0x6218, 
  0x6210, 0x8218, 0x6210, 0x6210, 0x6218, 0x6218, 0x6218, 0x6218, 0x6218, 0x6210, 0x8218, 0x6110, 0xA318, 0x8320, 0x6110, 0x6210, 
  0x6210, 0x6210, 0xA218, 0x4110, 0x0429, 0xE430, 0xE428, 0xC320, 0xC320, 0xA320, 0x4118, 0xE759, 0x56ED, 0x55E5, 0xA651, 0x4110, 
  0x8218, 0x6218, 0x8210, 0x6110, 0x8220, 0xD4CC, 0x15DD, 0xAB82, 0x296A, 0x72C4, 0x76ED, 0x4541, 0x4110, 0x8210, 0x6210, 0x6218, 
  0x6218, 0x6218, 0x6218, 0x6210, 0x8210, 0x8210, 0x8210, 0x6218, 0x8218, 0x6218, 0x6218, 0x6218, 0x6218, 0x8218, 0x4110, 0x4118, 
  0xA220, 0x8220, 0x4541, 0x085A, 0xC749, 0x4539, 0xC751, 0x4D8B, 0x0C93, 0xE861, 0x4120, 0x0010, 0x6218, 0x6218, 0x8218, 0x8218, 
  0x8218, 0x8218, 0x8210, 0x6218, 0x6218, 0x6218, 0x6218, 0x8210, 0x8210, 0x8210, 0x6218, 0x6218, 0x6218, 0x6218, 0x6218, 0x6210, 
  0x6210, 0x6218, 0x6218, 0x6218, 0x6218, 0x6218, 0x6218, 0x6218, 0x6218, 0x6218, 0x6218, 0x6210, 0x6218, 0x6218, 0x6218, 0x6110, 
  0x6010, 0xA018, 0xA010, 0xA010, 0xA018, 0xA010, 0xA018, 0xA018, 0xA018, 0xA010, 0xA010, 0xA018, 0xA010, 0xA010, 0xA018, 0x0221, 
  0x424A, 0x0ACE, 0xEAEE, 0x0AEF, 0x0AEF, 0x2BF7, 0xC7EC, 0xE2C8, 0xA3D8, 0xA5D8, 0xEDE8, 0xF0E8, 0xF0E8, 0xF0E8, 0xF0E8, 0xF0E8, 
  0xF0E8, 0xF0E8, 0xF0E8, 0xF0E0, 0xF0E8, 0xF0E8, 0xF0E8, 0xF0E8, 0xF0E8, 0xF0E8, 0xF0E8, 0xF0E8, 0xF0E8, 0xF0E8, 0xF0E8, 0xF0E8, 
  0xF0E8, 0xF0E8, 0xF0E8, 0xF0E8, 0xF0E8, 0xF0E8, 0xF0E8, 0xF0E8, 0xF0E8, 0xF0E8, 0xF0E8, 0xF0E8, 0xF0E8, 0xF0E8, 0xF0E8, 0x10E9, 
  0x10E9, 0xEFE8, 0xF0E8, 0xF0E8, 0xF0E8, 0xF0E8, 0xF0E8, 0xF0E8, 0xF0E8, 0xF0E8, 0xF0E8, 0xF0E8, 0xF0E8, 0xF0E8, 0xF0E8, 0xF0E8, 
  0xF0E8, 0xF0E8, 0xF0E8, 0xF0E8, 0xF0E8, 0xEFE8, 0xEBE0, 0x83C8, 0x03D2, 0xEACC, 0x2029, 0x8018, 0xA010, 0xA018, 0xA010, 0xA018, 
  0xA018, 0xA010, 0xA010, 0xA010, 0x8018, 0x6010, 0x6110, 0x6218, 0x6218, 0x6218, 0x6218, 0x6218, 0x6218, 0x6218, 0x6218, 0x6218, 
  0x6218, 0x6218, 0x6218, 0x6218, 0x6218, 0x6218, 0x6218, 0x6218, 0x6218, 0x6210, 0x6218, 0x8218, 0x6210, 0x6210, 0x6218, 0x6218, 
  0x6218, 0x6218, 0x6210, 0x6210, 0x6210, 0x6218, 0x6218, 0x6218, 0x6218, 0x6218, 0x6218, 0x6218, 0x8218, 0x6218, 0x6218, 0x8218, 
  0x8218, 0x8218, 0xE428, 0x0431, 0x0431, 0xC328, 0xE328, 0x2531, 0x0431, 0x4539, 0x8651, 0x31BC, 0x76ED, 0x6D93, 0x6118, 0x8218, 
  0x6218, 0x6210, 0x8210, 0x8210, 0x4110, 0x6649, 0x8651, 0x72C4, 0xF4D4, 0xAA82, 0xCFA3, 0x6220, 0x6218, 0x6218, 0x8210, 0x6210, 
  0x6218, 0x6218, 0x6218, 0x6210, 0x6218, 0x6218, 0x6218, 0x8210, 0x6210, 0x6210, 0x8210, 0x8210, 0x6218, 0x6218, 0x8218, 0x6210, 
  0xA641, 0x4541, 0xAB7A, 0x296A, 0x2439, 0x6539, 0x8649, 0x0D83, 0xCC7A, 0xE859, 0x0439, 0x6A6A, 0x8220, 0x6210, 0x8210, 0x8210, 
  0x6210, 0x6210, 0x6210, 0x6218, 0x6218, 0x6218, 0x8210, 0x8210, 0x6218, 0x6218, 0x6218, 0x6218, 0x6218, 0x6218, 0x6218, 0x6218, 
  0x8218, 0x6210, 0x6218, 0x8218, 0x6210, 0x6210, 0x6210, 0x6210, 0x6210, 0x6210, 0x6218, 0x6210, 0x6210, 0x6218, 0x6218, 0x6110, 
  0x6010, 0x8018, 0xA010, 0xA010, 0xA010, 0xA010, 0xA018, 0xA010, 0xA010, 0xA018, 0xA018, 0xA010, 0xA010, 0xA018, 0x8018, 0x8010, 
  0xE120, 0x246B, 0xCAE6, 0x09EF, 0x09EF, 0x0AEF, 0x6AFE, 0x03D2, 0xA2D0, 0xA3D0, 0xC9E0, 0xEFE8, 0xF0E8, 0xF0E8, 0xF0E8, 0xF0E8, 
  0xF0E8, 0xF0E8, 0xF0E8, 0xF0E8, 0xF0E8, 0xF0E8, 0xF0E8, 0xF0E8, 0xF0E8, 0xF0E8, 0xF0E8, 0xF0E8, 0xF0E8, 0xF0E8, 0xF0E8, 0xF0E8, 
  0xF0E8, 0xF0E8, 0xF0E8, 0xF0E8, 0xF0E8, 0xF0E8, 0xF0E8, 0xF0E8, 0xF0E8, 0xF0E8, 0xF0E8, 0xF0E8, 0xF0E8, 0xF0E8, 0xF0E8, 0x10E9, 
  0x30E9, 0xEFE8, 0xF0E8, 0xF0E8, 0xF0E8, 0xF0E8, 0xF0E8, 0xF0E8, 0xF0E8, 0xF0E8, 0xF0E8, 0xF0E8, 0xF0E8, 0xF0E8, 0xF0E8, 0xF0E8, 
  0xF0E8, 0xF0E8, 0xF0E8, 0x10E9, 0xEFE8, 0x0FE9, 0xC8D8, 0x82C8, 0xC5DA, 0xA9B4, 0x0121, 0xA018, 0xA010, 0xA010, 0xA010, 0xA010, 
  0xA018, 0xA018, 0xA010, 0xA018, 0x8018, 0x6010, 0x6118, 0x6218, 0x6218, 0x6218, 0x6218, 0x6218, 0x6218, 0x6218, 0x6218, 0x6218, 
  0x6218, 0x6218, 0x6218, 0x6218, 0x6218, 0x6218, 0x6218, 0x6218, 0x6218, 0x6218, 0x6218, 0x6210, 0x6218, 0x6218, 0x6218, 0x6218, 
  0x6218, 0x6110, 0x8218, 0x6210, 0x6210, 0x6218, 0x6218, 0x6218, 0x6218, 0x6210, 0x8210, 0x8218, 0x6218, 0x6218, 0x6210, 0x6210, 
  0x8218, 0x6218, 0x8218, 0xC320, 0xC320, 0x8220, 0xA741, 0xA749, 0x4549, 0x2D93, 0x14D5, 0x76F5, 0x8EAB, 0x4118, 0x6110, 0x2110, 
  0x4218, 0x6218, 0x6210, 0x6218, 0x8218, 0x0008, 0xA649, 0x15E5, 0x55ED, 0xE861, 0xAB72, 0x4539, 0x2110, 0x8218, 0x6218, 0x8210, 
  0x8210, 0x6218, 0x6218, 0x6218, 0x6218, 0x8210, 0x6218, 0x6218, 0x6218, 0x8210, 0x8210, 0x8210, 0x8210, 0x4110, 0xC320, 0xA320, 
  0x2110, 0x4539, 0xF0A3, 0x11A4, 0xE751, 0x0008, 0x4110, 0x4118, 0xE330, 0xC328, 0x8649, 0x19EE, 0x496A, 0x0008, 0x8218, 0x8218, 
  0x6218, 0x6218, 0x6218, 0x6218, 0x6218, 0x6218, 0x6210, 0x6218, 0x6218, 0x6218, 0x6218, 0x8210, 0x8210, 0x6218, 0x6218, 0x6218, 
  0x8218, 0x6210, 0x6210, 0xA218, 0x6218, 0x6210, 0x6218, 0x6210, 0x6218, 0x6218, 0x6218, 0x6218, 0x6218, 0x6218, 0x6218, 0x6110, 
  0x6010, 0x8018, 0xA018, 0xA010, 0xA018, 0xA010, 0xA010, 0xA010, 0xA010, 0xA010, 0xA010, 0xA010, 0xA010, 0xA018, 0xA018, 0xA018, 
  0x8010, 0x234A, 0x4BD6, 0x0AEF, 0x09EF, 0x09EF, 0x0BFF, 0x06E4, 0xC1C8, 0xC3D8, 0xA6D8, 0xEDE8, 0xF0E8, 0xF0E8, 0xF0E8, 0xF0E8, 
  0xF0E8, 0xF0E8, 0xF0E8, 0xF0E8, 0xF0E8, 0xF0E8, 0xF0E8, 0xF0E8, 0xF0E8, 0xF0E8, 0xF0E8, 0xF0E8, 0xF0E8, 0xF0E8, 0xF0E8, 0xF0E8, 
  0xF0E8, 0xF0E8, 0xF0E8, 0xF0E8, 0xF0E8, 0xF0E8, 0xF0E8, 0xF0E8, 0xF0E8, 0xF0E8, 0xF0E8, 0xF0E8, 0xF0E8, 0xF0E8, 0xEFE8, 0x10E9, 
  0x10E9, 0xEFE8, 0x10E9, 0xF0E8, 0xF0E0, 0xF0E8, 0xF0E8, 0xF0E8, 0xF0E8, 0xF0E8, 0xF0E8, 0xF0E8, 0xF0E8, 0xF0E8, 0xF0E8, 0xF0E8, 
  0xF0E8, 0xF0E8, 0xF0E8, 0xF0E8, 0xF0E8, 0x0FE9, 0xC7D8, 0x81C8, 0x08E4, 0xC78B, 0x8010, 0xA018, 0x8010, 0xA010, 0xA018, 0xA018, 
  0xA010, 0xA018, 0xA010, 0xA018, 0x8018, 0x6010, 0x6118, 0x6218, 0x6218, 0x6218, 0x6218, 0x6218, 0x6218, 0x6218, 0x6218, 0x6210, 
  0x6218, 0x6218, 0x6218, 0x6218, 0x6218, 0x6218, 0x6218, 0x6218, 0x6218, 0x6218, 0x6218, 0x6218, 0x6218, 0x6218, 0x6218, 0x6218, 
  0x6218, 0x6218, 0x0429, 0x6210, 0x6218, 0x6218, 0x6210, 0x6218, 0x6218, 0x6218, 0x8210, 0x6218, 0x6218, 0x6210, 0xC320, 0x6218, 
  0x6210, 0x8218, 0x8218, 0x6110, 0x6218, 0xA320, 0xE328, 0x085A, 0x0D8B, 0x15DD, 0x55ED, 0x15DD, 0xA751, 0x4108, 0x6118, 0xC751, 
  0xA220, 0xA218, 0x6210, 0x6210, 0x8218, 0x4108, 0xC751, 0x55ED, 0x34E5, 0x8651, 0x8641, 0x0429, 0x4110, 0x8210, 0x6218, 0x6210, 
  0x6210, 0x6218, 0x6210, 0x6218, 0x8210, 0x8210, 0x6218, 0x6218, 0x6218, 0x6218, 0x6218, 0x6218, 0x6218, 0x6218, 0x6210, 0x8210, 
  0xE320, 0x8220, 0x0439, 0x2539, 0xC328, 0x6110, 0xC320, 0xA741, 0x495A, 0x8218, 0x8220, 0xAB7A, 0x0431, 0x4110, 0x6218, 0x6218, 
  0x6218, 0x6218, 0x8210, 0x6218, 0x6218, 0x6218, 0x8210, 0x6210, 0x6210, 0x6218, 0x6218, 0x8210, 0x8210, 0x6218, 0x6218, 0x6210, 
  0x6210, 0x6218, 0x6218, 0x6218, 0x6218, 0x6218, 0x6218, 0x6218, 0x6218, 0x6218, 0x6218, 0x6218, 0x6218, 0x6218, 0x6218, 0x6110, 
  0x6010, 0x8018, 0xA018, 0xA010, 0xA018, 0xA010, 0xA010, 0xA018, 0xA010, 0xA010, 0xA010, 0xA018, 0xA010, 0xA018, 0xA018, 0xA018, 
  0x8010, 0xA239, 0x49B5, 0x0BEF, 0x09EF, 0x09EF, 0x0AF7, 0xEAF5, 0xA2C9, 0xA3D8, 0xA4D0, 0xEBE0, 0x0FE9, 0xF0E8, 0x10E9, 0xF0E8, 
  0xF0E8, 0xF0E8, 0xF0E8, 0xF0E8, 0xF0E8, 0xF0E8, 0xF0E8, 0xF0E8, 0xF0E8, 0xF0E8, 0xF0E8, 0xF0E8, 0xF0E8, 0xF0E8, 0xF0E8, 0xF0E8, 
  0xF0E8, 0xF0E8, 0xF0E8, 0xF0E8, 0xF0E8, 0xF0E8, 0xF0E8, 0xF0E8, 0xF0E8, 0xF0E8, 0xF0E8, 0xF0E8, 0xF0E8, 0xF0E8, 0xF0E8, 0x10E9, 
  0x10E9, 0xEFE8, 0xF0E8, 0xF0E8, 0xF0E8, 0xF0E8, 0xF0E8, 0xF0E8, 0xF0E8, 0xF0E8, 0xF0E8, 0xF0E8, 0xF0E8, 0xF0E8, 0xF0E8, 0xF0E8, 
  0xF0E8, 0xF0E8, 0xF0E8, 0xF0E8, 0xF0E8, 0xEDE8, 0xA5D0, 0xE2C8, 0xE9E4, 0x256B, 0x6010, 0xA018, 0x8010, 0xA010, 0xA010, 0xA010, 
  0xA010, 0xA010, 0xA010, 0xA018, 0x8018, 0x6010, 0x6118, 0x6218, 0x6218, 0x6218, 0x6218, 0x6218, 0x6218, 0x6218, 0x6218, 0x6218, 
  0x6210, 0x6218, 0x6218, 0x6218, 0x6218, 0x6218, 0x6218, 0x6218, 0x6218, 0x6218, 0x6218, 0x6218, 0x6218, 0x6218, 0x6218, 0x6218, 
  0x4210, 0xA320, 0x6539, 0x4110, 0x6210, 0x8210, 0x6210, 0x6218, 0x6218, 0x6218, 0x8210, 0x8210, 0x8210, 0x6210, 0x8218, 0x4110, 
  0x6110, 0x6218, 0xA320, 0xC328, 0xE430, 0x4541, 0x296A, 0x6D9B, 0x35DD, 0x55ED, 0xF3D4, 0x296A, 0x6218, 0x2108, 0x0962, 0xB7ED, 
  0x2439, 0x0008, 0x6218, 0x6218, 0x8218, 0x4110, 0x4541, 0x76E5, 0x92C4, 0xA328, 0xA320, 0x6210, 0x6210, 0x6218, 0x6218, 0x6210, 
  0x6218, 0x6218, 0x8210, 0x8210, 0x8210, 0x8210, 0x6218, 0x6218, 0x6218, 0x6210, 0x8210, 0x8210, 0x8210, 0x6218, 0x6210, 0x6210, 
  0x6218, 0x6110, 0x4110, 0x4110, 0x6110, 0x4110, 0x6118, 0x4110, 0x2110, 0x6110, 0x6110, 0x0010, 0x4118, 0x6218, 0x6218, 0x6218, 
  0x6218, 0x6210, 0x6218, 0x6218, 0x6218, 0x6218, 0x6218, 0x6218, 0x6218, 0x6218, 0x6218, 0x6218, 0x6218, 0x6218, 0x8210, 0x6218, 
  0x6218, 0x6218, 0x6218, 0x6218, 0x6218, 0x6218, 0x6218, 0x6218, 0x6218, 0x6218, 0x6218, 0x6218, 0x6218, 0x6218, 0x6218, 0x6118, 
  0x6010, 0x8010, 0xA018, 0xA010, 0xA018, 0xA010, 0xA018, 0xA010, 0xA010, 0xA010, 0xA010, 0xA010, 0xA010, 0xA010, 0xA018, 0xA010, 
  0xA018, 0x8010, 0xA67B, 0x09CE, 0x0AEF, 0x0AEF, 0x09EF, 0xEBFE, 0x65DB, 0xA2C8, 0xC3D0, 0xC7D8, 0x0EE9, 0xF0E8, 0x0FE9, 0xEFE8, 
  0xF0E8, 0xF0E8, 0xF0E8, 0xF0E8, 0xF0E8, 0xF0E8, 0xF0E8, 0xF0E8, 0xF0E8, 0xF0E8, 0xF0E8, 0xF0E8, 0xF0E8, 0xF0E8, 0xF0E8, 0xF0E8, 
  0xF0E8, 0xF0E8, 0xF0E8, 0xF0E8, 0xF0E8, 0xF0E8, 0xF0E8, 0xF0E8, 0xF0E8, 0xF0E8, 0xF0E8, 0xF0E8, 0xF0E8, 0xF0E8, 0xF0E8, 0x10E9, 
  0x10E9, 0xF0E8, 0xF0E8, 0xF0E8, 0x10E9, 0xF0E8, 0xF0E8, 0xF0E8, 0xF0E8, 0xF0E8, 0xF0E8, 0xF0E8, 0xF0E8, 0xF0E8, 0xF0E8, 0xF0E8, 
  0xF0E8, 0xF0E8, 0xF0E8, 0x10E9, 0x10E9, 0xEAE0, 0x83D0, 0x83D1, 0x2AD5, 0xA139, 0x8010, 0xA018, 0xA018, 0xA018, 0xA010, 0xA010, 
  0xA010, 0xA010, 0xA010, 0xA010, 0x8018, 0x6010, 0x6110, 0x6210, 0x6218, 0x6210, 0x6210, 0x6210, 0x6210, 0x6218, 0x6218, 0x6218, 
  0x6218, 0x6218, 0x6218, 0x6218, 0x6218, 0x6218, 0x6218, 0x6218, 0x6218, 0x6218, 0x6218, 0x6218, 0x6218, 0x6218, 0x6218, 0x6218, 
  0x6210, 0x6218, 0x8218, 0x6118, 0x8218, 0x8218, 0x6210, 0x6110, 0x6210, 0x6218, 0x6218, 0x6110, 0x6110, 0x6210, 0x8218, 0x0429, 
  0xA220, 0x2531, 0x2431, 0xE330, 0xC751, 0x2C8B, 0x14DD, 0x15DD, 0x4D9B, 0x6A72, 0x6649, 0x4110, 0x8318, 0x2110, 0x0C7B, 0xEC82, 
  0x6641, 0xA741, 0x4110, 0x8218, 0x8218, 0x6110, 0x2018, 0x10AC, 0x086A, 0x0008, 0x6210, 0x2108, 0x6210, 0x8218, 0x6210, 0x6210, 
  0x6218, 0x6218, 0x8210, 0x8210, 0x8210, 0x6218, 0x6218, 0x6218, 0x8210, 0x8210, 0x8218, 0x8218, 0x6218, 0x6218, 0x8218, 0x6218, 
  0x6218, 0x6218, 0x8218, 0x8210, 0x6110, 0x2531, 0xA320, 0x6110, 0x8218, 0x6218, 0x8210, 0xA218, 0x8218, 0x8218, 0x6210, 0x6218, 
  0x8218, 0x8218, 0x6218, 0x8218, 0x8218, 0x8218, 0x8218, 0x8218, 0x6218, 0x6110, 0x6110, 0x6218, 0x4218, 0x6210, 0x6210, 0x6218, 
  0x6218, 0x6218, 0x6218, 0x6218, 0x6218, 0x6218, 0x6218, 0x6218, 0x6218, 0x6218, 0x6218, 0x6218, 0x6218, 0x6218, 0x6218, 0x6118, 
  0x6010, 0x8010, 0xA018, 0xA010, 0xA010, 0xA010, 0xA018, 0xA010, 0xA010, 0xA010, 0xA010, 0xA010, 0xA010, 0xA018, 0xA010, 0xA010, 
  0xA018, 0x6010, 0x6131, 0x078C, 0xAAE6, 0x0AEF, 0x09EF, 0x2AF7, 0x69ED, 0x22C9, 0xA3D8, 0xA4D8, 0xEBE0, 0x10E9, 0xF0E8, 0x0FE9, 
  0xF0E8, 0xF0E8, 0xEFE8, 0xF0E8, 0xF0E8, 0xF0E8, 0xF0E8, 0xF0E8, 0xF0E8, 0xF0E8, 0xF0E8, 0xF0E8, 0xF0E8, 0xF0E8, 0xF0E8, 0xF0E8, 
  0xF0E8, 0xF0E8, 0xF0E8, 0xF0E8, 0xF0E8, 0xF0E8, 0xF0E8, 0xF0E8, 0xF0E8, 0xF0E8, 0xF0E8, 0xF0E8, 0xF0E8, 0xF0E8, 0xF0E8, 0x10E9, 
  0x10E9, 0xF0E8, 0xF0E8, 0xF0E8, 0x10E9, 0xF0E8, 0xF0E8, 0xF0E8, 0xF0E8, 0xF0E8, 0xF0E8, 0xF0E8, 0xF0E8, 0xF0E8, 0xF0E8, 0xF0E8, 
  0xF0E8, 0xF0E8, 0xF0E8, 0xF0E8, 0x0FE9, 0xC8E0, 0x82D0, 0x85DA, 0xE9BC, 0x0129, 0xA010, 0xA018, 0xA010, 0xA010, 0xA010, 0xA010, 
  0xA010, 0xA018, 0xA010, 0xA018, 0xA018, 0x6010, 0x6110, 0x6210, 0x6210, 0x6210, 0xA318, 0xC320, 0x6210, 0x6218, 0x6218, 0x6218, 
  0x6218, 0x6218, 0x6218, 0x6218, 0x6218, 0x6218, 0x6218, 0x6218, 0x6218, 0x6218, 0x6218, 0x6218, 0x6218, 0x6218, 0x6218, 0x6210, 
  0x6210, 0x6218, 0x6110, 0x6210, 0x8218, 0xA228, 0xC330, 0x8220, 0x6110, 0x8218, 0x6218, 0x6218, 0xA320, 0x6118, 0x0431, 0x0852, 
  0xA641, 0x8649, 0xE859, 0x4972, 0x51C4, 0xB7F5, 0x10B4, 0x6649, 0xC328, 0x6218, 0x4210, 0x6110, 0x8218, 0x8218, 0x8218, 0x0000, 
  0xC751, 0x6641, 0x6110, 0x4110, 0x2010, 0x4118, 0xAB82, 0x35E5, 0x6EA3, 0xA330, 0x0439, 0xE751, 0x2010, 0x4110, 0x8210, 0x6210, 
  0x6218, 0x6218, 0x6218, 0x6218, 0x6218, 0x6218, 0x6210, 0x8210, 0x8218, 0x6110, 0x2008, 0x0008, 0x0008, 0x2010, 0x2008, 0x2008, 
  0x2010, 0x2010, 0x2110, 0x6118, 0x4118, 0x8220, 0x4118, 0x6118, 0x6118, 0x2110, 0x2008, 0x2008, 0x0008, 0x0008, 0x6118, 0x2110, 
  0x0008, 0x0008, 0x2010, 0x0008, 0x0008, 0x2008, 0x0008, 0x0008, 0x0010, 0x4118, 0x6118, 0x4210, 0x6218, 0x8218, 0x6218, 0x6218, 
  0x6218, 0x6218, 0x6218, 0x6218, 0x6218, 0x6218, 0x6218, 0x6218, 0x6218, 0x6218, 0x6218, 0x6218, 0x6218, 0x6218, 0x6218, 0x6118, 
  0x6010, 0x8010, 0xA018, 0xA010, 0xA018, 0xA010, 0xA010, 0xA018, 0xA018, 0xA010, 0xA010, 0xA010, 0xA010, 0xA018, 0xA018, 0xA018, 
  0x8010, 0xA018, 0xC018, 0xC87B, 0xE9C5, 0x0AEF, 0x0AEF, 0x0AEF, 0xCBFE, 0xC4D2, 0x82D0, 0xA4D8, 0xC7D8, 0x0FE9, 0xF0E8, 0x10E9, 
  0xF0E8, 0xF0E8, 0x10E9, 0xF0E8, 0xF0E8, 0xF0E8, 0xF0E8, 0xF0E8, 0xF0E8, 0xF0E8, 0xF0E8, 0xF0E8, 0xF0E8, 0xF0E8, 0xF0E8, 0xF0E8, 
  0xF0E8, 0xF0E8, 0xF0E8, 0xF0E8, 0xF0E8, 0xF0E8, 0xF0E8, 0xF0E8, 0xF0E8, 0xF0E8, 0xF0E8, 0xF0E8, 0xF0E8, 0xF0E8, 0xF0E8, 0x10E9, 
  0x10E9, 0xF0E8, 0xF0E8, 0xF0E8, 0xF0E0, 0xF0E8, 0xF0E8, 0xF0E8, 0xF0E8, 0xF0E8, 0xF0E8, 0xF0E8, 0xF0E8, 0xF0E8, 0xF0E8, 0xF0E8, 
  0xF0E8, 0xF0E8, 0xF0E8, 0xF0E8, 0xEFE8, 0xA7D8, 0x81C8, 0xA7E3, 0x88A4, 0xA018, 0xA010, 0xA010, 0xA018, 0x8018, 0xA010, 0xA010, 
  0xA010, 0xA010, 0xA010, 0xA010, 0xA010, 0x6010, 0x6110, 0x6110, 0x6218, 0x6218, 0x6218, 0x6218, 0x6218, 0x6218, 0x6218, 0x6218, 
  0x6210, 0x6210, 0x6218, 0x6218, 0x6218, 0x6218, 0x6218, 0x6218, 0x6218, 0x6218, 0x6218, 0x6218, 0x6218, 0x6218, 0x6218, 0x6210, 
  0x6210, 0x6218, 0x6210, 0x6210, 0x6220, 0x8E9B, 0x14D5, 0x8A72, 0xE330, 0x084A, 0xE430, 0x8220, 0xC320, 0x8218, 0x0431, 0x2539, 
  0x8649, 0x6A72, 0x51BC, 0x76ED, 0x56ED, 0x8FA3, 0x2541, 0x4110, 0xA318, 0x6218, 0x6210, 0x6110, 0x6110, 0x6218, 0x6218, 0xA318, 
  0x6110, 0x4118, 0x0000, 0xC751, 0x72B4, 0x2D93, 0xB7F5, 0x76ED, 0x96ED, 0x56E5, 0x55DD, 0xB6ED, 0x2D93, 0x8228, 0x6110, 0x6210, 
  0x6218, 0x8210, 0x6218, 0x6218, 0x6218, 0x6218, 0x8210, 0x8110, 0x2010, 0xA228, 0xE859, 0xC759, 0xEB82, 0x8E9B, 0x4D93, 0xAFA3, 
  0xAFA3, 0x8EA3, 0xF0AB, 0x72BC, 0x10B4, 0x10AC, 0x10B4, 0x51BC, 0x31BC, 0xD0AB, 0x8E9B, 0x6E9B, 0xEC82, 0x2D93, 0x52BC, 0xCFA3, 
  0xE761, 0x4972, 0xAFA3, 0x4D93, 0x4972, 0x0862, 0xAB7A, 0x4D93, 0xF0AB, 0x72BC, 0xAF9B, 0x6218, 0x6210, 0x6218, 0x6218, 0x6218, 
  0x6218, 0x6218, 0x6218, 0x6218, 0x6218, 0x6218, 0x6218, 0x6218, 0x6218, 0x6218, 0x6218, 0x6218, 0x6210, 0x8210, 0x6218, 0x6218, 
  0x6010, 0x8010, 0xA018, 0xA010, 0xA010, 0xA010, 0xA010, 0xA010, 0xA010, 0xA018, 0xA010, 0xA010, 0xA010, 0xA018, 0xA010, 0xA010, 
  0xA010, 0xA010, 0xE118, 0x6131, 0xA79C, 0xCAE6, 0x0AEF, 0x0AEF, 0x2BF7, 0xC7EC, 0x01C1, 0xC4D8, 0xA4D8, 0x0CE1, 0xF0E8, 0xF0E8, 
  0xF0E8, 0xF0E8, 0xF0E8, 0xF0E8, 0xF0E8, 0xF0E8, 0xF0E8, 0xF0E8, 0xF0E8, 0xF0E8, 0xF0E8, 0xF0E8, 0xF0E8, 0xF0E8, 0xF0E8, 0xF0E8, 
  0xF0E8, 0xEFE8, 0xF0E8, 0xF0E8, 0xF0E8, 0xF0E8, 0xF0E8, 0xF0E8, 0xF0E8, 0xF0E8, 0xF0E8, 0xF0E8, 0xF0E8, 0xF0E8, 0xF0E8, 0x10E9, 
  0x10E9, 0xF0E8, 0xF0E8, 0xF0E8, 0xF0E0, 0xF0E8, 0xF0E8, 0xF0E8, 0xF0E8, 0xF0E8, 0xF0E8, 0xF0E8, 0xF0E8, 0xF0E8, 0xF0E8, 0xF0E8, 
  0xF0E8, 0xF0E8, 0xF0E8, 0x10E9, 0xECE8, 0xA5D8, 0xC1C8, 0xA9EC, 0x867B, 0x6008, 0xA018, 0xA010, 0xA018, 0xA018, 0xA018, 0xA010, 
  0xA010, 0xA010, 0xA010, 0xA010, 0xA010, 0x8010, 0x6110, 0x6118, 0x6218, 0x6218, 0x6218, 0x6218, 0x6218, 0x6218, 0x6218, 0x6210, 
  0x8218, 0x8218, 0x6210, 0x6218, 0x6218, 0x6218, 0x6218, 0x6218, 0x6218, 0x6218, 0x6218, 0x6218, 0x6218, 0x6218, 0x6218, 0x6218, 
  0x6110, 0x6110, 0x8210, 0x4110, 0xE330, 0xF4D4, 0x96F5, 0xB2CC, 0x8651, 0x8641, 0x4539, 0xC328, 0x8218, 0x2008, 0x4110, 0x0008, 
  0x0862, 0x55DD, 0x76ED, 0x92CC, 0xAB7A, 0xA228, 0x8218, 0x6218, 0x8218, 0xE428, 0xA320, 0xA220, 0x8218, 0x4210, 0xA218, 0x6218, 
  0x6210, 0x6218, 0xAB72, 0xEB7A, 0xAB72, 0x6649, 0x2962, 0xE759, 0xA759, 0x296A, 0x0C93, 0x72C4, 0xB7ED, 0x0D83, 0x0008, 0x6210, 
  0x6218, 0x8210, 0x6210, 0x6218, 0x8218, 0x6210, 0x2008, 0x8220, 0x0441, 0x51BC, 0x96ED, 0x76ED, 0x76F5, 0x76F5, 0x76F5, 0x56F5, 
  0x76F5, 0x76F5, 0x55F5, 0x35ED, 0x55F5, 0x76F5, 0x55F5, 0x55ED, 0x55F5, 0x55ED, 0xCFA3, 0x2D93, 0x6E9B, 0x92C4, 0x97ED, 0x96ED, 
  0x15DD, 0x15DD, 0x96ED, 0x76E5, 0x92C4, 0xB3C4, 0xD4CC, 0xF4CC, 0x31BC, 0x35E5, 0x31B4, 0x2118, 0x8210, 0x6218, 0x6218, 0x6210, 
  0x6218, 0x6218, 0x6218, 0x6218, 0x6218, 0x6218, 0x6218, 0x6218, 0x6218, 0x6218, 0x6218, 0x6218, 0x6210, 0x8210, 0x6218, 0x6218, 
  0x6110, 0x8010, 0xA010, 0xA010, 0xA010, 0xA018, 0xA010, 0xA018, 0xA018, 0xA018, 0xA010, 0xA010, 0xA010, 0xA010, 0xA010, 0xA010, 
  0xA010, 0x8018, 0x8118, 0x6010, 0xE462, 0x4AD6, 0x0AEF, 0x0AEF, 0x0AF7, 0x4AFE, 0x23CA, 0xA3D0, 0xA3D8, 0xC9E0, 0x0FE9, 0xF0E8, 
  0xF0E8, 0x10E9, 0xF0E8, 0xF0E8, 0xF0E8, 0xF0E8, 0xF0E8, 0xF0E8, 0xF0E8, 0xF0E8, 0xF0E8, 0xF0E8, 0xF0E8, 0xF0E8, 0xF0E8, 0xF0E8, 
  0xF0E8, 0x10E9, 0xF0E8, 0xF0E8, 0xF0E8, 0xF0E8, 0xF0E8, 0xF0E8, 0xF0E8, 0xF0E8, 0xF0E8, 0xF0E8, 0xF0E8, 0xF0E8, 0xF0E8, 0x10E9, 
  0x10E9, 0xEFE8, 0xF0E8, 0xF0E8, 0xF0E8, 0xF0E8, 0xF0E8, 0xF0E8, 0xF0E8, 0xF0E8, 0xF0E8, 0xF0E8, 0xF0E8, 0xF0E8, 0xF0E8, 0xEFE8, 
  0xF0E8, 0xF0E8, 0xEFE8, 0x0FE9, 0xEBE0, 0x83D0, 0x42C9, 0x2AE5, 0x6352, 0x6010, 0xA018, 0xA018, 0xA010, 0xA010, 0xA018, 0xA010, 
  0xA010, 0xA010, 0xA010, 0xA010, 0xA018, 0x8018, 0x6110, 0x6218, 0x6218, 0x6218, 0x6218, 0x6218, 0x6218, 0x4110, 0x6218, 0x6218, 
  0x8218, 0x8218, 0x4110, 0x6218, 0x6218, 0x6210, 0x6218, 0x6210, 0x6218, 0x6218, 0x6218, 0x6218, 0x6218, 0x6218, 0x6218, 0x6218, 
  0x6110, 0x6210, 0x6210, 0x4110, 0x0431, 0xD3D4, 0x56F5, 0x51BC, 0xC330, 0x6118, 0x0010, 0x8220, 0x2439, 0xA751, 0x8B72, 0xE859, 
  0x4D93, 0x92CC, 0xAB82, 0xA328, 0xA320, 0x8218, 0xC320, 0xC320, 0x8218, 0xA320, 0xC320, 0x8218, 0x6218, 0xC320, 0x4531, 0x6110, 
  0x6210, 0xA328, 0xEC7A, 0x8220, 0x0008, 0x2110, 0x0008, 0x2010, 0x4110, 0x0008, 0x2110, 0x6220, 0x4541, 0x0431, 0x2431, 0x0429, 
  0x4210, 0x6218, 0x8110, 0x8210, 0x2010, 0x6118, 0x085A, 0xF0B3, 0xF3DC, 0x55ED, 0x14E5, 0x14E5, 0x14E5, 0x14E5, 0x14E5, 0x14E5, 
  0x14E5, 0x14E5, 0x14E5, 0x15ED, 0xD5F4, 0x94EC, 0xD4F4, 0x14ED, 0x55ED, 0xAFAB, 0x2539, 0x8220, 0xC328, 0x8228, 0x085A, 0xC759, 
  0x4541, 0xA751, 0xE861, 0x0962, 0x0439, 0x0439, 0xA328, 0xC328, 0xA228, 0x496A, 0x0862, 0x0008, 0x8210, 0x6210, 0x6218, 0x6218, 
  0x6218, 0x6218, 0x6218, 0x6218, 0x6218, 0x6218, 0x6218, 0x6218, 0x6218, 0x6218, 0x6218, 0x6218, 0x6218, 0x6218, 0x8210, 0x8218, 
  0x6110, 0x6010, 0x8010, 0xC118, 0xC018, 0x8010, 0xA010, 0xA018, 0xA018, 0xA010, 0xA018, 0xA010, 0xA010, 0xA010, 0xA018, 0xA010, 
  0xA010, 0xA010, 0xA018, 0x8010, 0xA239, 0x0684, 0xEAE6, 0x0AEF, 0x09EF, 0x0BFF, 0x07E4, 0xC2C8, 0xA3D8, 0xA6D8, 0x0EE1, 0xF0E8, 
  0xEFE8, 0xF0E0, 0xF0E8, 0xF0E8, 0xF0E8, 0xF0E8, 0xF0E8, 0xF0E8, 0xF0E8, 0xF0E8, 0xF0E8, 0xF0E8, 0xF0E8, 0xF0E8, 0xF0E8, 0xF0E8, 
  0xF0E8, 0xF0E8, 0xF0E8, 0xF0E8, 0xF0E8, 0xF0E8, 0xF0E8, 0xF0E8, 0xF0E8, 0xF0E8, 0xF0E8, 0xF0E8, 0xF0E8, 0xF0E8, 0xF0E8, 0x10E9, 
  0x10E9, 0xEFE8, 0xF0E8, 0xF0E8, 0xF0E8, 0xF0E8, 0xF0E8, 0xF0E8, 0xF0E8, 0xF0E8, 0xF0E8, 0xF0E8, 0xF0E8, 0xF0E8, 0xEFE8, 0xF0E8, 
  0x10E9, 0xF0E8, 0xF0E8, 0x0FE9, 0xC9E0, 0x83D0, 0x03D2, 0x4ADD, 0x0021, 0x8010, 0xA018, 0xA018, 0xA010, 0xA010, 0xA010, 0xA010, 
  0xA010, 0xA010, 0xA010, 0xA010, 0xA018, 0x8010, 0x6110, 0x6218, 0x6218, 0x6218, 0x6218, 0x6210, 0x8218, 0xC320, 0x4110, 0x6218, 
  0x6210, 0x6210, 0x6218, 0x6210, 0x6210, 0x6218, 0x6218, 0x6218, 0x6218, 0x6210, 0x6218, 0x6218, 0x6218, 0x6218, 0x6218, 0x6218, 
  0x6110, 0x6218, 0x8210, 0x2008, 0x4549, 0x14DD, 0x55E5, 0xAB82, 0xC328, 0x2439, 0x2D8B, 0xF4CC, 0xB3C4, 0x10AC, 0x51B4, 0xE861, 
  0xC761, 0xAFA3, 0x8228, 0x2110, 0xC328, 0x6210, 0x6210, 0x8218, 0x6110, 0x4110, 0x6210, 0x8218, 0x6210, 0x8320, 0xC428, 0x2110, 
  0x0429, 0xC328, 0x0008, 0x6210, 0x8218, 0x8218, 0x8218, 0x4110, 0x2110, 0x4110, 0x4110, 0x6210, 0x4110, 0x0008, 0x0852, 0x295A, 
  0x2110, 0x8218, 0x6110, 0x2010, 0xA759, 0x72C4, 0x56ED, 0x36ED, 0x35ED, 0x14E5, 0x14E5, 0x14ED, 0x14ED, 0x14ED, 0x14ED, 0x14E5, 
  0x35ED, 0x14E5, 0x35ED, 0x13EC, 0xACC1, 0x2AC1, 0x8BC1, 0xF2E3, 0x76ED, 0x6A72, 0xE430, 0x0429, 0xC220, 0xC320, 0x8218, 0x2110, 
  0x8218, 0x8218, 0xE328, 0xA220, 0xA320, 0x6218, 0xA320, 0x8218, 0x6118, 0x4962, 0x6649, 0x2010, 0x8210, 0x6218, 0x6218, 0x8210, 
  0x6218, 0x6218, 0x6218, 0x6218, 0x6218, 0x6218, 0x6218, 0x6218, 0x6218, 0x6218, 0x6218, 0x6218, 0x6218, 0x6218, 0x8210, 0x8218, 
  0x6110, 0x6010, 0xA018, 0xA018, 0xA018, 0xA010, 0xA010, 0xA010, 0xA018, 0xA018, 0xA010, 0xA010, 0xA010, 0x8010, 0x8010, 0xA018, 
  0x8118, 0x8018, 0xA010, 0xA018, 0xA118, 0x2031, 0xC9C5, 0x2AF7, 0xEAEE, 0x0AF7, 0x0AF6, 0xA2C9, 0xA3D8, 0xA4D8, 0xEAE0, 0xF0E8, 
  0xF0E8, 0x10E1, 0xF0E8, 0xF0E8, 0xF0E8, 0xF0E8, 0xF0E8, 0xF0E8, 0xF0E8, 0xF0E8, 0xF0E8, 0xF0E8, 0xF0E8, 0xF0E8, 0xF0E8, 0xF0E8, 
  0xF0E8, 0xF0E8, 0xF0E8, 0xF0E8, 0xF0E8, 0xF0E8, 0xF0E8, 0xF0E8, 0xF0E8, 0xF0E8, 0xF0E8, 0xF0E8, 0xF0E8, 0xF0E8, 0xF0E8, 0x10E9, 
  0x10E9, 0xF0E8, 0xF0E8, 0xF0E8, 0xF0E8, 0xF0E8, 0xF0E8, 0xF0E8, 0xF0E8, 0xF0E8, 0xF0E8, 0xF0E8, 0xF0E8, 0xF0E8, 0xF0E8, 0xF0E8, 
  0xF0E8, 0xF0E8, 0xF0E8, 0x0EE9, 0xC6D8, 0x62D0, 0x05DB, 0x4AC5, 0xE020, 0x8010, 0xA018, 0xA010, 0xA010, 0xA010, 0xA010, 0xA010, 
  0xA010, 0xA010, 0xA010, 0xA010, 0xA018, 0x8018, 0x6110, 0x6218, 0x6218, 0x6218, 0x6218, 0x6210, 0x6218, 0xA320, 0x8218, 0x6210, 
  0x6218, 0x6218, 0x6218, 0x6218, 0x6210, 0x6218, 0xE420, 0x6218, 0x6218, 0x6210, 0x6210, 0x6110, 0x6218, 0x6218, 0x6218, 0x6218, 
  0x8218, 0x6218, 0x6110, 0xC328, 0x31BC, 0x55ED, 0x72CC, 0xEC82, 0x0D83, 0xCB72, 0x4D8B, 0x296A, 0xC330, 0x2118, 0x4118, 0x4118, 
  0x8EA3, 0x39FE, 0xEC82, 0x2539, 0x4110, 0x8218, 0x8218, 0xA320, 0x6218, 0x6539, 0xA320, 0x4110, 0x2531, 0x4539, 0x4210, 0x6218, 
  0x6218, 0x6218, 0x8218, 0x6218, 0x6110, 0x2010, 0xC330, 0x0962, 0xAB7A, 0x6A72, 0x8649, 0x6220, 0x2110, 0x8218, 0x4110, 0x6118, 
  0x8218, 0x6218, 0x4110, 0x085A, 0x76ED, 0x35ED, 0x14E5, 0x14ED, 0x14E5, 0x14E5, 0xF4E4, 0xF4E4, 0x14E5, 0x14ED, 0x14ED, 0x14E5, 
  0xF4EC, 0x15ED, 0xF5EC, 0x8CC9, 0x49C0, 0x8AD0, 0x49C8, 0x6BC1, 0xF1CB, 0x2541, 0x8220, 0xC428, 0xA320, 0xA320, 0xE428, 0x8218, 
  0x8218, 0xC320, 0xA320, 0xA320, 0xC320, 0x2531, 0x2539, 0x4539, 0x6218, 0x295A, 0xA220, 0x6110, 0x8210, 0x6218, 0x6218, 0x8210, 
  0x6218, 0x6218, 0x6218, 0x6218, 0x6218, 0x6218, 0x6218, 0x6218, 0x6218, 0x6218, 0x6218, 0x6218, 0x6218, 0x6218, 0x8210, 0x8218, 
  0x6110, 0x6010, 0xA018, 0xA010, 0xA010, 0xA018, 0xA018, 0xA010, 0xA018, 0xA010, 0xA018, 0xA010, 0x8010, 0xA018, 0xC118, 0x8010, 
  0xA018, 0xA010, 0xA010, 0xA010, 0xA018, 0x2129, 0xC8A4, 0x0BEF, 0x0AEF, 0x09EF, 0x0BF7, 0x65DB, 0xA2C8, 0xC3D8, 0xC6D8, 0x0EE9, 
  0xF0E8, 0x10E9, 0xF0E8, 0xF0E8, 0xF0E8, 0xF0E8, 0xF0E8, 0xF0E8, 0xF0E8, 0xF0E8, 0xF0E8, 0xF0E8, 0xF0E8, 0xF0E8, 0xF0E8, 0xF0E8, 
  0xF0E8, 0xF0E8, 0xF0E8, 0xF0E8, 0xF0E8, 0xF0E8, 0xF0E8, 0xF0E8, 0xF0E8, 0xF0E8, 0xF0E8, 0xF0E8, 0xF0E8, 0xF0E8, 0xF0E8, 0x10E9, 
  0x10E9, 0xEFE8, 0xF0E8, 0xF0E8, 0xF0E8, 0xF0E8, 0xF0E8, 0xF0E8, 0xF0E8, 0xF0E8, 0xF0E8, 0xF0E8, 0xF0E8, 0xF0E8, 0xF0E8, 0xF0E8, 
  0xF0E8, 0xF0E8, 0xF0E8, 0xEDE8, 0xA4D8, 0xA1C8, 0xE7DB, 0xA8A4, 0xA018, 0xA010, 0xA010, 0xA010, 0xA010, 0xA010, 0xA010, 0xA010, 
  0xA010, 0xA010, 0xA010, 0xA010, 0xA018, 0x8018, 0x6010, 0x6110, 0x6210, 0x6218, 0x6218, 0x6218, 0x6210, 0x6218, 0x8218, 0x6210, 
  0x6218, 0x6218, 0x6210, 0x6218, 0x6218, 0x6218, 0x6218, 0x6218, 0x6218, 0x6218, 0x6210, 0xA218, 0x6210, 0x6218, 0x6218, 0x8210, 
  0x8210, 0x6218, 0x4110, 0xC328, 0x93C4, 0x96ED, 0x0C83, 0xC330, 0x8220, 0xE328, 0x4110, 0x2110, 0x6218, 0xE851, 0xCC72, 0xAB72, 
  0xAB72, 0x496A, 0xA751, 0x0431, 0x4110, 0x8218, 0x8218, 0x6218, 0x6218, 0xC328, 0x2962, 0xE861, 0x0431, 0x6539, 0x2010, 0x8210, 
  0x6110, 0x6210, 0x8218, 0x6210, 0xA228, 0xAB7A, 0x31BC, 0x55E5, 0x55ED, 0x75ED, 0x55E5, 0x31B4, 0x0862, 0x2010, 0x8218, 0x4110, 
  0x2531, 0x6639, 0x4110, 0x085A, 0x76ED, 0x14E5, 0x34E5, 0x14E5, 0x15ED, 0x15ED, 0x14ED, 0x14E5, 0x14E5, 0x14ED, 0x14E5, 0x14E5, 
  0x14ED, 0x35ED, 0x53EC, 0xEAC0, 0x8AD0, 0x8BD0, 0x8BD0, 0xEAC8, 0x0FBB, 0x6541, 0x8220, 0x2531, 0x8218, 0x8218, 0x8218, 0x6218, 
  0x6110, 0xA320, 0xE320, 0xE328, 0xC328, 0x4539, 0x6641, 0xC749, 0x8220, 0x0431, 0x6110, 0x6210, 0x6210, 0x6218, 0x6218, 0x8210, 
  0x6218, 0x6218, 0x6218, 0x6218, 0x6218, 0x6218, 0x6218, 0x6218, 0x6218, 0x6218, 0x6218, 0x6218, 0x6218, 0x6218, 0x8210, 0x8218, 
  0x6110, 0x6010, 0xA018, 0xA010, 0xA010, 0xA010, 0xA010, 0xA010, 0xA010, 0xA010, 0xA018, 0xA010, 0x8010, 0xC118, 0x2229, 0x8010, 
  0xA010, 0xA010, 0xA018, 0xA010, 0x8010, 0x4229, 0xC45A, 0x29CE, 0x2AF7, 0x09EF, 0x2AEF, 0x69F5, 0x22C9, 0xA3D8, 0xA4D8, 0xECE0, 
  0x10E9, 0xF0E8, 0xF0E8, 0xF0E8, 0xF0E8, 0xF0E8, 0xF0E8, 0xF0E8, 0xF0E8, 0xF0E8, 0xF0E8, 0xF0E8, 0xF0E8, 0xF0E8, 0xF0E8, 0xF0E8, 
  0xF0E8, 0xF0E8, 0xF0E8, 0xF0E8, 0xF0E8, 0xF0E8, 0xF0E8, 0xF0E8, 0xF0E8, 0xF0E8, 0xF0E8, 0xF0E8, 0xF0E8, 0xF0E8, 0xF0E8, 0x10E9, 
  0x10E9, 0xEFE8, 0xF0E8, 0xF0E8, 0xF0E8, 0xF0E8, 0xF0E8, 0xF0E8, 0xF0E8, 0xF0E8, 0xF0E8, 0xF0E8, 0xF0E8, 0xF0E8, 0xF0E8, 0xF0E8, 
  0xF0E8, 0xF0E8, 0x0FE9, 0xCAE0, 0x84D8, 0x02C9, 0x09ED, 0xE462, 0x6010, 0xA018, 0xA010, 0xA010, 0xA010, 0xA010, 0xA018, 0xA010, 
  0xA010, 0xA010, 0xA010, 0xA010, 0xA010, 0xA018, 0x6010, 0x8118, 0x6210, 0x6218, 0x6218, 0x6218, 0x6218, 0x6218, 0x6210, 0x6218, 
  0x6218, 0x6218, 0x6218, 0x6218, 0x6218, 0x6218, 0x6218, 0x6218, 0x6218, 0x6218, 0x6218, 0x6218, 0x6218, 0x6218, 0x6218, 0x6218, 
  0x8210, 0x6218, 0x8218, 0x4110, 0xA328, 0x6541, 0x8120, 0xC320, 0x2539, 0x4531, 0xA320, 0x0429, 0x2539, 0x8641, 0xA328, 0x6118, 
  0x2010, 0x0008, 0x2108, 0x4110, 0x6218, 0x6210, 0x6210, 0x6218, 0x6218, 0x0008, 0x8E93, 0x15CD, 0x4118, 0x6118, 0x0852, 0x6110, 
  0x6210, 0x8218, 0x8218, 0xA228, 0x2D8B, 0x15E5, 0x35ED, 0x14ED, 0x14ED, 0x14ED, 0x14E5, 0x75ED, 0x55E5, 0xCB82, 0x4118, 0x6110, 
  0x6118, 0xA320, 0x6218, 0x6220, 0x11B4, 0x76ED, 0x14E5, 0x15ED, 0x14E5, 0x14E5, 0xF4E4, 0x14ED, 0x14E5, 0x14E5, 0x14ED, 0x14ED, 
  0x14ED, 0x35E5, 0xB4F4, 0x4BC1, 0x69C8, 0xABD0, 0x69C8, 0x0AC9, 0xD1D3, 0xA649, 0x2431, 0x0429, 0xA218, 0x8218, 0x6110, 0xA218, 
  0xA320, 0xE328, 0xA218, 0xA320, 0xC320, 0x2431, 0xE330, 0xE328, 0xA220, 0xC328, 0x6210, 0x8210, 0x6210, 0x6218, 0x6218, 0x8210, 
  0x6218, 0x6218, 0x6218, 0x6218, 0x6218, 0x6218, 0x6218, 0x6218, 0x6218, 0x6218, 0x6218, 0x6218, 0x6218, 0x6218, 0x8210, 0x8218, 
  0x6110, 0x6010, 0x8010, 0xA010, 0xA010, 0xA010, 0xA010, 0xA010, 0xA018, 0xA018, 0xA018, 0xA010, 0xA010, 0x8010, 0x8010, 0xA018, 
  0xA010, 0xA018, 0xA018, 0xA010, 0xA010, 0xA018, 0x4129, 0xC7A4, 0x2BEF, 0x0AEF, 0x0AEF, 0xCBFE, 0xC4D2, 0xA2C8, 0xA4D8, 0xC8D8, 
  0x0FE9, 0xF0E8, 0xF0E8, 0xF0E8, 0xF0E8, 0xF0E8, 0xF0E8, 0xF0E8, 0xF0E8, 0xF0E8, 0xF0E8, 0xF0E8, 0xF0E8, 0xF0E8, 0xF0E8, 0xF0E8, 
  0xF0E8, 0xF0E8, 0xF0E8, 0xF0E8, 0xF0E8, 0xF0E8, 0xF0E8, 0xF0E8, 0xF0E8, 0xF0E8, 0xF0E8, 0xF0E8, 0xF0E8, 0xF0E8, 0xF0E8, 0x10E9, 
  0x10E9, 0xF0E8, 0xF0E8, 0x10E9, 0xF0E8, 0xF0E8, 0xF0E8, 0xF0E8, 0xF0E8, 0xF0E8, 0xF0E8, 0xF0E8, 0xF0E8, 0xF0E8, 0xF0E8, 0xF0E8, 
  0xF0E8, 0xEFE8, 0x0FE9, 0xC8D8, 0x82D0, 0xA3C9, 0x2ADD, 0x0342, 0x8010, 0xA010, 0xA010, 0xA010, 0xA010, 0xA010, 0xA018, 0xA010, 
  0x8018, 0xA010, 0xA010, 0xA010, 0xA010, 0xA018, 0x6010, 0x8218, 0x6218, 0x6218, 0x6218, 0x6218, 0x6218, 0x6218, 0x6218, 0x6218, 
  0x6218, 0x6218, 0x6218, 0x6218, 0x6218, 0x6218, 0x6218, 0x6218, 0x6218, 0x6218, 0x6218, 0x6218, 0x6218, 0x6218, 0x6218, 0x6218, 
  0x6210, 0x6210, 0x6218, 0x8218, 0x8218, 0x0431, 0x295A, 0x4639, 0xC428, 0x6218, 0x4110, 0xC328, 0x2539, 0x6218, 0x6110, 0x6110, 
  0x6218, 0x6218, 0x8218, 0x6218, 0x6218, 0x6218, 0x6218, 0x6218, 0x6210, 0x6110, 0x8220, 0xC328, 0x4110, 0x2531, 0x6A62, 0x4110, 
  0x8318, 0x8220, 0xE330, 0xF0AB, 0x55E5, 0xF4E4, 0x14E5, 0x14E5, 0x34E5, 0x14ED, 0x14ED, 0x14E5, 0x14ED, 0x76ED, 0xCC82, 0x2110, 
  0x8210, 0x6110, 0x8218, 0x0431, 0x8651, 0x2D93, 0x15E5, 0x15ED, 0xF4E4, 0x14E5, 0xF3DC, 0xF3DC, 0x34E5, 0x14ED, 0x14ED, 0xF4E4, 
  0x14ED, 0x14E5, 0x35ED, 0x91E3, 0x0AC1, 0xA9C0, 0xE9C0, 0x71E3, 0xF5E4, 0xE438, 0xC328, 0xE428, 0x6218, 0xA320, 0x4110, 0xA218, 
  0xA320, 0xC328, 0xC320, 0xE428, 0x0429, 0x2531, 0x2539, 0xE328, 0xE428, 0xE428, 0x4110, 0x6218, 0x6210, 0x6210, 0x6218, 0x6218, 
  0x6218, 0x6218, 0x6218, 0x6210, 0x6210, 0x6218, 0x6218, 0x6218, 0x6218, 0x6218, 0x6218, 0x6218, 0x6218, 0x6218, 0x8210, 0x8218, 
  0x6110, 0x6010, 0x8010, 0xA018, 0xA018, 0xA018, 0xA018, 0xA018, 0xA010, 0xA010, 0xA010, 0xA018, 0xA018, 0xA018, 0xA018, 0xA010, 
  0xA010, 0xA018, 0x8018, 0xA018, 0xA010, 0x8018, 0x8018, 0x424A, 0x8ADE, 0x0AF7, 0xE9EE, 0x2AF7, 0xE8EC, 0xE2C8, 0xC3D0, 0xA5D8, 
  0x0DE9, 0xF0E8, 0xF0E8, 0xF0E8, 0xF0E8, 0xF0E8, 0xF0E8, 0xF0E8, 0xF0E8, 0xF0E8, 0xF0E8, 0xF0E8, 0xF0E8, 0xF0E8, 0xF0E8, 0xF0E8, 
  0xF0E8, 0xF0E8, 0xF0E8, 0xF0E8, 0xF0E8, 0xF0E8, 0xF0E8, 0xF0E8, 0xF0E8, 0xF0E8, 0xF0E8, 0xF0E8, 0xF0E8, 0xF0E8, 0xF0E8, 0x10E9, 
  0x10E9, 0xF0E0, 0xF0E8, 0xF0E8, 0xF0E8, 0xF0E8, 0xF0E8, 0xF0E8, 0xF0E8, 0xF0E8, 0xF0E8, 0xF0E8, 0xF0E8, 0x10E9, 0xF0E8, 0xF0E8, 
  0xF0E8, 0x0FE9, 0x0DE9, 0xA6D8, 0x82D0, 0xA4DA, 0x89BC, 0xE018, 0xA010, 0xA018, 0xA018, 0xA010, 0xA010, 0xA010, 0x8010, 0xA018, 
  0xA018, 0xA010, 0xA010, 0xA010, 0xA010, 0xA018, 0x8010, 0x6110, 0x6218, 0x6218, 0x6218, 0x6218, 0x6218, 0x6218, 0x6218, 0x6218, 
  0x6218, 0x6218, 0x6210, 0x6210, 0x6218, 0x6218, 0x6218, 0x6218, 0x6218, 0x6218, 0x6218, 0x6218, 0x6218, 0x6218, 0x6110, 0x6110, 
  0x4218, 0x8220, 0x8220, 0x2531, 0x0429, 0x8218, 0x6218, 0x4110, 0x6218, 0xC320, 0xE328, 0x8641, 0x6641, 0x2531, 0xA320, 0x6110, 
  0x6218, 0x6218, 0x6218, 0x6218, 0x6218, 0x6218, 0x6218, 0x6218, 0x6218, 0x8218, 0x6210, 0x4110, 0x6218, 0x6218, 0x0008, 0x6218, 
  0xC320, 0x8220, 0xCFAB, 0x76F5, 0x14E5, 0x15E5, 0x14ED, 0x14E5, 0x14E5, 0x34ED, 0x14ED, 0x14ED, 0x14ED, 0x35ED, 0x14DD, 0xE438, 
  0x4110, 0x6210, 0xA320, 0x8641, 0xC328, 0x6120, 0x6A72, 0x14D5, 0x55ED, 0x14E5, 0xF3DC, 0xD3DC, 0x14E5, 0xF4E4, 0x14ED, 0x14ED, 
  0x14E5, 0x34E5, 0x15E5, 0x15F5, 0x74F4, 0xF2E3, 0x73EC, 0x15ED, 0x56ED, 0xC759, 0x2110, 0x8320, 0x8218, 0x8218, 0x6218, 0x8218, 
  0x6218, 0x8218, 0x4110, 0xE428, 0xC328, 0xA320, 0xE328, 0x8218, 0x4531, 0x8220, 0x6210, 0x6218, 0x6210, 0x6218, 0x6218, 0x6210, 
  0x6210, 0x6210, 0x6218, 0x6218, 0x6218, 0x6218, 0x6218, 0x6218, 0x6218, 0x6218, 0x6218, 0x6218, 0x6218, 0x6218, 0x6218, 0x6218, 
  0x6110, 0x6010, 0x8018, 0xA018, 0xA018, 0xA018, 0xA010, 0xA010, 0xA010, 0xA010, 0xA010, 0xA010, 0xA010, 0xA010, 0xA010, 0xA010, 
  0xA010, 0xA018, 0xA018, 0xA010, 0xA018, 0xA018, 0xA018, 0x2029, 0x48B5, 0x4BF7, 0xE9EE, 0x2AEF, 0x6AFE, 0x43D2, 0xA3D0, 0xA4D0, 
  0xE9D8, 0x10E9, 0xF0E8, 0xF0E8, 0x10E9, 0x10E9, 0xF0E8, 0xF0E8, 0xF0E8, 0xF0E8, 0xF0E8, 0xF0E8, 0xF0E8, 0xF0E8, 0xF0E8, 0xF0E8, 
  0xF0E8, 0xF0E8, 0xF0E8, 0xF0E8, 0xF0E8, 0xF0E8, 0xF0E8, 0xF0E8, 0xF0E8, 0xF0E8, 0xF0E8, 0xF0E8, 0xF0E8, 0xF0E8, 0xF0E8, 0x10E9, 
  0x10E9, 0xF0E0, 0xF0E8, 0xF0E8, 0xF0E8, 0xF0E8, 0xF0E8, 0xF0E8, 0xF0E8, 0xF0E8, 0xF0E8, 0xF0E8, 0xF0E8, 0x10E9, 0xF0E8, 0xF0E8, 
  0xF0E8, 0x10E9, 0xECE8, 0xA5D8, 0x82C8, 0x86E3, 0x0AB5, 0x8010, 0xA018, 0xA018, 0xA010, 0xA010, 0xA010, 0xA010, 0xA010, 0xA010, 
  0xA018, 0xA018, 0xA010, 0xA018, 0xA010, 0xA010, 0x8010, 0x6110, 0x6218, 0x6218, 0x6218, 0x6218, 0x6218, 0x6218, 0x6218, 0x6218, 
  0x6218, 0x6210, 0x8218, 0x8218, 0x6210, 0x6218, 0x6218, 0x6218, 0x6218, 0x6210, 0x8218, 0x4110, 0x4110, 0x4110, 0xA220, 0x2531, 
  0x4539, 0xC320, 0x8218, 0x4110, 0x2110, 0x4118, 0x8218, 0xC328, 0x2531, 0x4539, 0xA328, 0xA641, 0x6641, 0xE430, 0xE428, 0x6110, 
  0x6218, 0x6218, 0x6218, 0x6218, 0x6218, 0x6218, 0x6218, 0x6218, 0x6218, 0x6218, 0x8218, 0x8218, 0x6218, 0x6210, 0xE328, 0x8218, 
  0x8218, 0x2962, 0x35DD, 0x14ED, 0x14E5, 0x15E5, 0x14ED, 0x14ED, 0x14ED, 0x14ED, 0x14ED, 0x14ED, 0x14ED, 0x14E5, 0x55ED, 0xAFA3, 
  0x6220, 0x6110, 0x6218, 0x8218, 0x8218, 0x8218, 0x6218, 0xA751, 0x6E9B, 0x71BC, 0x14DD, 0x55ED, 0xF4E4, 0x14E5, 0x14E5, 0x14ED, 
  0x14ED, 0x14ED, 0x14ED, 0x14E5, 0x35ED, 0x55ED, 0x35ED, 0xF4E4, 0x76ED, 0xAB7A, 0x4110, 0xC320, 0x8218, 0x8218, 0xC320, 0xE328, 
  0xC320, 0x8218, 0x8218, 0x2531, 0xE428, 0xC320, 0x8218, 0x8218, 0xE320, 0x6110, 0x8218, 0x6218, 0x6218, 0x6218, 0x6210, 0x6210, 
  0x6210, 0x6210, 0x6218, 0x6210, 0x8218, 0x6218, 0x6218, 0x6218, 0x6218, 0x6210, 0x6218, 0x6218, 0x6218, 0x6218, 0x6218, 0x6218, 
  0x6110, 0x6010, 0x8018, 0x8010, 0xA010, 0x8010, 0xA010, 0xA018, 0xA010, 0xA010, 0xA010, 0xA018, 0xA018, 0xA018, 0xA018, 0xA018, 
  0xA010, 0xA010, 0xA010, 0xA010, 0xA010, 0xA018, 0xA018, 0xA018, 0x256B, 0xEBE6, 0x09EF, 0x09EF, 0x0BFF, 0x47E4, 0xA2C8, 0xA3D8, 
  0xA6D8, 0xEEE8, 0xF0E8, 0xF0E8, 0xF0E8, 0xF0E8, 0xF0E8, 0xF0E8, 0xF0E8, 0xF0E8, 0xF0E8, 0xF0E8, 0xF0E8, 0xF0E8, 0xF0E8, 0xF0E8, 
  0xF0E8, 0xF0E8, 0xF0E8, 0xF0E8, 0xF0E8, 0xF0E8, 0xF0E8, 0xF0E8, 0xF0E8, 0xF0E8, 0xF0E8, 0xF0E8, 0xF0E8, 0xF0E8, 0xF0E8, 0x10E9, 
  0x10E9, 0xF0E0, 0xF0E8, 0xF0E8, 0xF0E8, 0xF0E8, 0xF0E8, 0xF0E8, 0xF0E8, 0xF0E8, 0xF0E8, 0xF0E8, 0x10E9, 0xF0E8, 0xF0E8, 0xF0E8, 
  0xF0E8, 0xF0E8, 0xCAE0, 0xA4D0, 0xA2C8, 0xA9F4, 0xC683, 0x6010, 0xA018, 0xA018, 0xA010, 0xA010, 0xA018, 0xA018, 0xA018, 0x8010, 
  0xA010, 0xA010, 0xA010, 0xA010, 0xA010, 0xA010, 0x8010, 0x6110, 0x6210, 0x6218, 0x6218, 0x6218, 0x6218, 0x6218, 0x6218, 0x6218, 
  0x6218, 0x6210, 0x8218, 0x8218, 0x6210, 0x6218, 0x6218, 0x6218, 0x6218, 0x6210, 0x2010, 0xC328, 0x2531, 0x4539, 0x2531, 0xA320, 
  0x6218, 0x6210, 0x4110, 0x8218, 0x0431, 0x085A, 0xE430, 0x4539, 0x4539, 0x6641, 0x6639, 0x4539, 0xE328, 0xE428, 0xA320, 0x6210, 
  0x6218, 0x6218, 0x6218, 0x6218, 0x6218, 0x6218, 0x6218, 0x6218, 0x6218, 0x6218, 0x6218, 0x6218, 0x6218, 0x6110, 0x8639, 0x2431, 
  0x2110, 0xAB7A, 0x76ED, 0xF4EC, 0x34E5, 0x34E5, 0x14ED, 0x14ED, 0x14ED, 0x14ED, 0x14ED, 0x14ED, 0x14ED, 0x15ED, 0x35E5, 0x55DD, 
  0x6649, 0x4110, 0x8218, 0x6218, 0x8210, 0x8210, 0x6210, 0x2110, 0x2010, 0xC330, 0x0862, 0xF0B3, 0x15DD, 0x35ED, 0x15ED, 0x14E5, 
  0x14ED, 0x14ED, 0x34E5, 0x34E5, 0x14ED, 0x14ED, 0x14ED, 0xF4EC, 0x56ED, 0x2D8B, 0x4118, 0x8218, 0x8218, 0x8218, 0xA218, 0xC320, 
  0xA320, 0x8218, 0xC320, 0xA218, 0x8218, 0x8218, 0x8218, 0xC320, 0xC320, 0x6110, 0x6218, 0x6218, 0x6218, 0x6218, 0x6218, 0x6218, 
  0x6218, 0x8218, 0x6218, 0x6210, 0x6210, 0x6218, 0x6210, 0x6218, 0x6218, 0x6218, 0x6218, 0x6218, 0x6218, 0x6218, 0x6218, 0x6218, 
  0x6110, 0x6010, 0x8018, 0xA018, 0xA010, 0xC118, 0xA010, 0xA018, 0xA010, 0xA010, 0xA010, 0xA010, 0xA010, 0xA010, 0xA010, 0xA010, 
  0xA018, 0xA010, 0xA018, 0xA010, 0xA010, 0xA018, 0xA018, 0x8010, 0x2121, 0x08A5, 0x2BEF, 0x0AEF, 0x2AEF, 0x2AF6, 0xC3C9, 0xA2D0, 
  0xA4D8, 0xEAE0, 0x10E9, 0xF0E8, 0xF0E8, 0xF0E8, 0xF0E8, 0xF0E8, 0xF0E8, 0xF0E8, 0xF0E8, 0xF0E8, 0xF0E8, 0xF0E8, 0xF0E8, 0xF0E8, 
  0xF0E8, 0xF0E8, 0xF0E8, 0xF0E8, 0xF0E8, 0xF0E8, 0xF0E8, 0xF0E8, 0xF0E8, 0xF0E8, 0xF0E8, 0xF0E8, 0xF0E8, 0xF0E8, 0xF0E8, 0x10E9, 
  0x10E9, 0xF0E0, 0xF0E8, 0xF0E8, 0xF0E8, 0xF0E8, 0xF0E8, 0xF0E8, 0xF0E8, 0xF0E8, 0xF0E8, 0xF0E8, 0xF0E8, 0xF0E8, 0xF0E8, 0xF0E8, 
  0xEFE8, 0xF0E8, 0xC8E0, 0xA3D0, 0x22C9, 0x6AED, 0x456B, 0x6010, 0xA018, 0xA010, 0xA018, 0xA010, 0xA018, 0xA018, 0xA010, 0xA010, 
  0xA010, 0xA010, 0xA010, 0xA010, 0xA018, 0xA010, 0x8018, 0x8110, 0x6218, 0x6218, 0x6218, 0x6218, 0x6218, 0x6218, 0x6218, 0x6218, 
  0x6218, 0x6218, 0x6218, 0x6210, 0x6218, 0x6218, 0x6210, 0x6218, 0x6210, 0x6218, 0xEC7A, 0x2D7B, 0x0431, 0xA220, 0x6110, 0x6210, 
  0x6210, 0x6210, 0xE428, 0x4539, 0xC751, 0x0C83, 0xC751, 0x0852, 0xA749, 0x2539, 0xE430, 0xE430, 0x0431, 0xC328, 0x8220, 0x6210, 
  0x6210, 0x6218, 0x6218, 0x6218, 0x6218, 0x6218, 0x6218, 0x6218, 0x6218, 0x6218, 0x6218, 0x6218, 0x6218, 0x6218, 0xC328, 0x0431, 
  0x6118, 0xCB82, 0x76F5, 0x14ED, 0x14ED, 0x14E5, 0x14ED, 0x14ED, 0x14ED, 0x14ED, 0x14ED, 0x14ED, 0x14ED, 0x15ED, 0x14E5, 0x55E5, 
  0x6A72, 0x8218, 0x8218, 0x8218, 0x6210, 0x8218, 0x6218, 0xA320, 0x0429, 0xA318, 0x2010, 0x6220, 0xE861, 0x10AC, 0x35E5, 0x35ED, 
  0x14E5, 0x14E5, 0x14ED, 0x14ED, 0x14ED, 0x14ED, 0x15ED, 0x14ED, 0x55ED, 0xCFAB, 0x8228, 0xE328, 0x6218, 0x8218, 0xC320, 0xE428, 
  0x6118, 0x6110, 0x6218, 0x6218, 0x6210, 0x6210, 0x4110, 0xC320, 0x0429, 0x4110, 0x8218, 0x6218, 0x6218, 0x6218, 0x6218, 0x6218, 
  0x6218, 0x6218, 0x6218, 0x6218, 0x6218, 0x6218, 0x6210, 0x6218, 0x6210, 0x6218, 0x6218, 0x6210, 0x6218, 0x6218, 0x6218, 0x6218, 
  0x6110, 0x6010, 0x8010, 0xA018, 0xA018, 0x0221, 0xA010, 0xA018, 0xA010, 0xA010, 0xA010, 0xA010, 0xA010, 0xA010, 0xA010, 0xA010, 
  0xA018, 0xA010, 0xA010, 0xA010, 0xA010, 0xA010, 0x8010, 0xA018, 0x4229, 0x224A, 0x8BDE, 0x2AEF, 0x09EF, 0x0AFF, 0x86E3, 0xA2C8, 
  0xC3D8, 0xC6D8, 0xEFE8, 0xF0E8, 0xF0E8, 0xF0E8, 0xF0E8, 0xF0E8, 0xF0E8, 0xF0E8, 0xF0E8, 0xF0E8, 0xF0E8, 0xF0E8, 0xF0E8, 0xF0E8, 
  0xF0E8, 0xF0E8, 0xF0E8, 0xF0E8, 0xF0E8, 0xF0E8, 0xF0E8, 0xF0E8, 0xF0E8, 0xF0E8, 0xF0E8, 0xF0E8, 0xF0E8, 0xF0E8, 0xF0E8, 0x10E9, 
  0x10E9, 0xF0E8, 0xF0E8, 0xF0E8, 0xF0E8, 0xF0E8, 0xF0E8, 0xF0E8, 0xF0E8, 0xF0E8, 0xF0E8, 0xF0E8, 0xF0E8, 0xF0E8, 0xF0E8, 0xF0E8, 
  0xF0E8, 0x0EE9, 0xC7D8, 0x82D0, 0x03D2, 0x0BEE, 0xC45A, 0x8018, 0xA018, 0xA010, 0xA010, 0x8010, 0xA010, 0xA018, 0xA010, 0xA010, 
  0xA010, 0xA010, 0xA010, 0xA010, 0xA010, 0xA010, 0xA018, 0x8010, 0x6110, 0x6218, 0x6218, 0x6218, 0x6218, 0x6218, 0x6218, 0x6218, 
  0x6218, 0x6218, 0x6218, 0x6218, 0x6210, 0x6218, 0x6218, 0x6218, 0x6110, 0xA220, 0xC749, 0x8220, 0x2010, 0x6110, 0x8218, 0x6218, 
  0x6218, 0x4110, 0x8641, 0xA749, 0xC751, 0x4D8B, 0xE859, 0x8649, 0xA649, 0xA749, 0xC749, 0xE851, 0x8649, 0xE851, 0x2531, 0x4110, 
  0x8218, 0x6218, 0x6218, 0x6218, 0x6218, 0x6218, 0x6218, 0x6218, 0x6218, 0x6218, 0x6218, 0x6218, 0x6110, 0x8218, 0xE428, 0x8220, 
  0x4118, 0x8EA3, 0x76F5, 0x14E5, 0x14ED, 0x14ED, 0x14ED, 0x14ED, 0x14ED, 0x14ED, 0x14ED, 0x14ED, 0x14ED, 0x14ED, 0x14E5, 0x76ED, 
  0x2D93, 0x4110, 0x8218, 0x8218, 0x6110, 0x8210, 0x8218, 0x6118, 0x8218, 0xC320, 0xE420, 0x8218, 0x0008, 0xA220, 0xA651, 0x8EA3, 
  0x56E5, 0x35ED, 0x14ED, 0x14ED, 0x14E5, 0x34E5, 0x15ED, 0x14ED, 0x35ED, 0x14DD, 0x4549, 0x6118, 0xC320, 0x6218, 0x0429, 0xC320, 
  0x6218, 0x8218, 0x8218, 0x6210, 0x6218, 0x6218, 0x6218, 0xA320, 0x6218, 0x6218, 0x6218, 0x6218, 0x6218, 0x6218, 0x6218, 0x6218, 
  0x8218, 0x6218, 0x6218, 0x6218, 0x6218, 0x6218, 0x6218, 0x6218, 0x6218, 0x4110, 0x6218, 0x6218, 0x6218, 0x6218, 0x6218, 0x6218, 
  0x6110, 0x6010, 0x8010, 0xA018, 0xA010, 0x8010, 0xA010, 0xA010, 0xA018, 0xA010, 0xA010, 0xA010, 0xA010, 0xA010, 0xA018, 0xA010, 
  0xA010, 0xA010, 0xA018, 0xA010, 0xA010, 0xA018, 0xA018, 0xA018, 0xA010, 0xC018, 0x08AD, 0x4BF7, 0xE9EE, 0x2AF7, 0xA9F5, 0x42C9, 
  0xA3D0, 0xA4D0, 0xECE0, 0xEFE8, 0xF0E8, 0xF0E8, 0xF0E8, 0xF0E8, 0xF0E8, 0xF0E8, 0xF0E8, 0xF0E8, 0xF0E8, 0xF0E8, 0xF0E8, 0xF0E8, 
  0xF0E8, 0xF0E8, 0xF0E8, 0xF0E8, 0xF0E8, 0xF0E8, 0xF0E8, 0x10E9, 0xF0E8, 0xF0E8, 0xF0E8, 0xF0E8, 0xF0E8, 0xF0E8, 0xF0E8, 0x10E9, 
  0x10E9, 0xF0E8, 0xF0E8, 0xF0E8, 0xF0E8, 0xF0E8, 0xF0E8, 0xF0E8, 0xF0E8, 0xF0E8, 0xF0E8, 0xF0E8, 0xF0E8, 0xF0E8, 0xF0E8, 0xF0E8, 
  0xF0E8, 0x0DE9, 0xA5D8, 0x82C8, 0x66E3, 0xEAD5, 0xC239, 0x8018, 0xA018, 0xA010, 0xA010, 0xA010, 0xA018, 0xA010, 0xA010, 0xA018, 
  0xA018, 0xA018, 0xA010, 0xA010, 0x8010, 0xA010, 0xA010, 0x8010, 0x6110, 0x6218, 0x6218, 0x6218, 0x6218, 0x4110, 0x4110, 0x8218, 
  0x6210, 0x6210, 0x6210, 0x6218, 0x6218, 0x6218, 0x4110, 0x6210, 0x6218, 0x6210, 0x2008, 0x6118, 0x6218, 0x6218, 0x6218, 0x6210, 
  0x4110, 0x0429, 0xC328, 0xC328, 0x2539, 0x696A, 0xC759, 0x2541, 0x4541, 0xA749, 0x2539, 0x2439, 0xC751, 0x085A, 0x2439, 0x6218, 
  0x6210, 0x6210, 0x6218, 0x6218, 0x6218, 0x6218, 0x6218, 0x6218, 0x6218, 0x6218, 0x6218, 0x6218, 0x6210, 0xA218, 0xE328, 0xE328, 
  0x6220, 0x31BC, 0x55ED, 0x14E5, 0x14ED, 0x14ED, 0x14ED, 0x14ED, 0x14ED, 0x14ED, 0x14ED, 0x14ED, 0x14ED, 0x14E5, 0x14E5, 0x56F5, 
  0x8EA3, 0x4110, 0xA320, 0x6218, 0x0429, 0xA218, 0xC320, 0x4531, 0xC320, 0x4110, 0x8218, 0x8318, 0x8218, 0x6110, 0x2010, 0x6118, 
  0x0862, 0xB3C4, 0x55ED, 0x35ED, 0x14E5, 0x35E5, 0x15ED, 0x14ED, 0x14E5, 0x56ED, 0x0D93, 0xA220, 0xA220, 0x6218, 0xA318, 0x8218, 
  0xE428, 0x6218, 0x8218, 0xA218, 0x6210, 0x6218, 0x8218, 0xA320, 0x6210, 0x6218, 0x6218, 0x6218, 0x6218, 0x6218, 0x6218, 0x6210, 
  0x6210, 0x6210, 0x6210, 0x6218, 0x6218, 0x6218, 0x6218, 0x6218, 0x6218, 0xE428, 0x6218, 0x6218, 0x6218, 0x6218, 0x6218, 0x6218, 
  0x6110, 0x6010, 0x6010, 0x8018, 0xA018, 0xA018, 0xA010, 0xA010, 0xA018, 0xA010, 0xA010, 0xA010, 0xA018, 0xA010, 0xA010, 0xA010, 
  0xA018, 0xA010, 0xA010, 0xA018, 0xA010, 0xA018, 0xA010, 0xA018, 0x8018, 0xE118, 0xE462, 0xCBE6, 0x0AEF, 0x0AEF, 0xEAFE, 0x05DB, 
  0xA2C8, 0xA4D8, 0xC8D8, 0x0EE9, 0xEFE8, 0xF0E8, 0xF0E8, 0xF0E8, 0xF0E8, 0x10E9, 0xF0E8, 0xF0E8, 0xF0E0, 0xF0E8, 0xF0E8, 0xF0E0, 
  0xF0E8, 0xF0E8, 0xF0E8, 0xF0E8, 0xF0E8, 0xF0E8, 0xF0E8, 0xF0E8, 0xF0E8, 0xF0E8, 0xF0E8, 0xF0E8, 0xF0E8, 0xF0E8, 0xF0E8, 0x10E9, 
  0x10E9, 0xF0E8, 0xF0E8, 0xF0E8, 0xF0E8, 0xF0E8, 0xF0E8, 0xF0E8, 0xF0E8, 0xF0E8, 0xF0E8, 0xF0E8, 0xF0E8, 0xF0E8, 0xF0E8, 0xF0E8, 
  0x10E9, 0xECE0, 0xA5D8, 0xA1C8, 0xA8EC, 0xCAC5, 0xE020, 0x8010, 0xA018, 0xA010, 0xA010, 0xA018, 0xA010, 0xA010, 0xA010, 0xA010, 
  0xA010, 0xA018, 0xA010, 0xA010, 0xA010, 0xC018, 0x8010, 0x8010, 0x6110, 0x6218, 0x6218, 0x8218, 0x4110, 0x4531, 0x6639, 0x2010, 
  0x6218, 0x6218, 0x6210, 0x6218, 0x6218, 0x6218, 0xC320, 0x6218, 0x6218, 0x6218, 0x8218, 0x6210, 0x6210, 0x8210, 0x6210, 0x6218, 
  0x4110, 0xA741, 0x2531, 0xE430, 0x2439, 0xA751, 0xEC7A, 0xAB7A, 0x6649, 0x8649, 0x2439, 0x4539, 0x8649, 0xE751, 0xE851, 0x8218, 
  0x6210, 0x6218, 0x6210, 0x6218, 0x6218, 0x6218, 0x6218, 0x6218, 0x6218, 0x6218, 0x6218, 0x8210, 0x6218, 0x6210, 0x6110, 0x6118, 
  0x8220, 0x72C4, 0x55ED, 0x14E5, 0x14ED, 0x14ED, 0x14ED, 0x14ED, 0x14ED, 0x14ED, 0x14ED, 0x14ED, 0x14ED, 0x14ED, 0x14E5, 0x55F5, 
  0x31BC, 0xA328, 0xA320, 0x6218, 0xC320, 0xA320, 0x6218, 0x6539, 0xA641, 0xA320, 0x6110, 0x6210, 0x6218, 0x6218, 0x6218, 0x6110, 
  0x2008, 0xA228, 0x0C8B, 0x35DD, 0x76ED, 0x14ED, 0x14E5, 0x15ED, 0x14ED, 0x55ED, 0xD0AB, 0x0431, 0x8220, 0x8218, 0x8218, 0x8218, 
  0xA320, 0x8218, 0x6218, 0xA320, 0x6210, 0x8218, 0x8218, 0xA318, 0x6210, 0x6218, 0x6218, 0x6218, 0x6218, 0x6218, 0x6218, 0x6210, 
  0x6218, 0x6218, 0x6110, 0x6218, 0x6218, 0x6218, 0x6218, 0x6218, 0x6218, 0x8639, 0x8218, 0x6218, 0x6218, 0x6218, 0x6218, 0x6218, 
  0x6118, 0x6010, 0x6010, 0xA018, 0xA018, 0xA010, 0xA010, 0xA010, 0xA010, 0xA010, 0xA010, 0xA018, 0xA010, 0xA010, 0xA018, 0xA010, 
  0xA010, 0xA010, 0xA010, 0xA018, 0xA010, 0xA010, 0xA010, 0xA010, 0xA018, 0xE118, 0xE020, 0xC7A4, 0x2BF7, 0xE9EE, 0x2AF7, 0x28ED, 
  0x02C9, 0xA3D8, 0xA5D8, 0xEDE8, 0x0FE9, 0xF0E8, 0xF0E8, 0xF0E8, 0xF0E8, 0xF0E8, 0xF0E8, 0xF0E8, 0xF0E8, 0xF0E8, 0xF0E8, 0xF0E8, 
  0xF0E8, 0xF0E8, 0xF0E8, 0xF0E0, 0xF0E8, 0xF0E8, 0xF0E8, 0xF0E8, 0xF0E8, 0xF0E8, 0xF0E8, 0xF0E8, 0xF0E8, 0xF0E8, 0xF0E8, 0x10E9, 
  0x10E9, 0xF0E8, 0xF0E8, 0xF0E8, 0xF0E8, 0xF0E8, 0xF0E8, 0xF0E8, 0xF0E8, 0xF0E8, 0xF0E8, 0xF0E8, 0xF0E0, 0xF0E8, 0xF0E8, 0xF0E8, 
  0x10E9, 0xEBE0, 0x84D8, 0x02C9, 0xAAF5, 0xC8A4, 0x0129, 0xC118, 0xA010, 0xA018, 0xA010, 0xA010, 0xA010, 0xA010, 0xA018, 0xA018, 
  0xA010, 0xA018, 0xA018, 0xA018, 0xA010, 0xA010, 0xA018, 0xA010, 0x8110, 0x6118, 0x6218, 0x6218, 0x6110, 0xC320, 0x6220, 0xA649, 
  0xAB6A, 0x6218, 0x6110, 0x6218, 0x6218, 0x6218, 0xC320, 0x6218, 0x6210, 0x6218, 0x6210, 0x8218, 0x8218, 0x6210, 0x6218, 0x8218, 
  0xC328, 0x4539, 0x8641, 0x2539, 0x6541, 0xC751, 0xEC82, 0x8A72, 0x2539, 0x4639, 0x2539, 0xA649, 0xC751, 0x2962, 0xA749, 0x6218, 
  0x6210, 0x6218, 0x8218, 0x6210, 0x6218, 0x6218, 0x6218, 0x6218, 0x6218, 0x6218, 0x6218, 0x8110, 0x6218, 0x6218, 0x6218, 0x6110, 
  0x2541, 0xF4DC, 0x34ED, 0x34E5, 0x15E5, 0x14ED, 0x14ED, 0x14ED, 0x14ED, 0x14ED, 0x14ED, 0x14ED, 0x14ED, 0x14ED, 0x14E5, 0x35ED, 
  0xD3D4, 0x6541, 0xC428, 0x8218, 0x6110, 0x6218, 0x6110, 0xC328, 0xA328, 0xA320, 0x6210, 0x6210, 0x6218, 0x6218, 0xA320, 0xA218, 
  0x6218, 0x4110, 0x2110, 0x6549, 0xAFA3, 0x76ED, 0x35ED, 0x14E5, 0x14ED, 0x55ED, 0x10B4, 0x0439, 0xC320, 0xE428, 0xE428, 0xA218, 
  0xE320, 0xC320, 0x8218, 0x4110, 0x8210, 0x6210, 0xC320, 0xC320, 0x6110, 0x6218, 0x6218, 0x6218, 0x6218, 0x6218, 0x6218, 0x6210, 
  0x8218, 0x8218, 0x6210, 0x6218, 0x6218, 0x6218, 0x6218, 0x6218, 0x6218, 0x4110, 0x6218, 0x6218, 0x6218, 0x6218, 0x6218, 0x6218, 
  0x6118, 0x6010, 0x6010, 0xA018, 0xA010, 0xA010, 0xA010, 0xA010, 0xA010, 0x8010, 0x8010, 0xA010, 0xA010, 0xA010, 0xA018, 0xA010, 
  0xA010, 0xA018, 0xA010, 0xA010, 0xA010, 0xA010, 0xA010, 0xA018, 0x8018, 0xE120, 0xC118, 0x046B, 0x0CEF, 0x0AEF, 0x09EF, 0xABFE, 
  0x84D2, 0xA2D0, 0xA3D8, 0xC9E0, 0x0FE9, 0xEFE8, 0xF0E8, 0xF0E8, 0xF0E8, 0xF0E8, 0xF0E8, 0xF0E8, 0xF0E8, 0xF0E8, 0xF0E8, 0xF0E8, 
  0xF0E8, 0xF0E8, 0xF0E8, 0xF0E8, 0xF0E8, 0xF0E8, 0xF0E8, 0xF0E8, 0xF0E8, 0xF0E8, 0xF0E8, 0xF0E8, 0xF0E8, 0x10E9, 0xEFE0, 0x10E9, 
  0x10E9, 0xF0E8, 0xF0E8, 0xF0E8, 0xF0E8, 0xF0E8, 0xF0E8, 0xF0E8, 0xF0E8, 0xF0E8, 0xF0E8, 0xF0E8, 0xF0E8, 0xF0E8, 0xF0E8, 0xF0E8, 
  0x0FE9, 0xC9E0, 0x83D0, 0xC3C9, 0x4AF6, 0x8694, 0x4231, 0xA118, 0xA018, 0xA018, 0xA010, 0xA010, 0xA010, 0xA010, 0xA010, 0xA018, 
  0xA010, 0xA018, 0xA018, 0xA010, 0xA010, 0xA018, 0xA018, 0xA018, 0x8110, 0x6110, 0x6218, 0x6218, 0x6218, 0x6110, 0x0008, 0xA641, 
  0x6A5A, 0x2010, 0x6218, 0x6218, 0x6218, 0x6218, 0x4110, 0x6210, 0x6210, 0x6218, 0x6118, 0x8218, 0x6218, 0x6218, 0x6218, 0x6218, 
  0xC328, 0xE851, 0xE751, 0xA649, 0x8649, 0x085A, 0xC759, 0x6541, 0xA228, 0x2539, 0x8641, 0xA649, 0x8641, 0x8649, 0x2539, 0x6218, 
  0x6210, 0x8210, 0x8210, 0x6218, 0x6218, 0x6218, 0x6218, 0x6218, 0x6218, 0x6210, 0x8210, 0x8210, 0x6218, 0x8218, 0xA320, 0x8118, 
  0x4541, 0x14DD, 0x34ED, 0x14ED, 0x15E5, 0x34E5, 0x34E5, 0x14ED, 0x14ED, 0x14ED, 0x14ED, 0x14ED, 0x34E5, 0x34E5, 0x34E5, 0xF4EC, 
  0x56ED, 0x2862, 0x8218, 0x8218, 0x6210, 0x6118, 0xC320, 0x8218, 0x6218, 0x8218, 0xA218, 0x6210, 0x6210, 0x6210, 0x6218, 0x6218, 
  0x6218, 0x6110, 0x6218, 0x2110, 0x0010, 0x296A, 0x15DD, 0x55ED, 0x14E5, 0x55ED, 0x31B4, 0xC330, 0xC328, 0x0429, 0x6118, 0x8218, 
  0xA320, 0xC320, 0xA320, 0x6218, 0x6210, 0x6110, 0xA320, 0xE428, 0x4110, 0x6218, 0x6218, 0x6218, 0x6218, 0x6218, 0x6218, 0x6210, 
  0x6210, 0x6218, 0x6218, 0x6218, 0x6218, 0x6218, 0x6218, 0x6218, 0x6218, 0x8218, 0x6218, 0x6218, 0x6218, 0x6218, 0x6218, 0x6218, 
  0x6110, 0x6010, 0x6010, 0xA018, 0xA018, 0xA010, 0xA010, 0xA018, 0xA018, 0xC118, 0x8010, 0xA010, 0xA010, 0xA010, 0xA010, 0xA010, 
  0xA010, 0xA010, 0xA010, 0xA010, 0xA010, 0xA010, 0xA010, 0xA018, 0x8018, 0xA118, 0xE120, 0x4131, 0x48B5, 0x4BF7, 0xE9E6, 0x2BF7, 
  0xA7EC, 0xC1C8, 0xC3D8, 0xA6D8, 0xEEE8, 0xF0E8, 0xEFE8, 0xF0E8, 0xF0E8, 0xF0E8, 0xF0E8, 0xF0E8, 0xF0E8, 0xF0E8, 0xF0E8, 0xF0E8, 
  0xF0E8, 0xF0E8, 0xF0E8, 0xF0E8, 0xF0E8, 0xF0E8, 0xF0E8, 0xF0E8, 0xF0E8, 0xF0E8, 0xF0E8, 0xF0E8, 0xF0E8, 0xF0E8, 0xF0E0, 0x10E9, 
  0x10E9, 0xF0E8, 0xF0E8, 0xF0E8, 0xF0E8, 0xF0E8, 0xF0E8, 0xF0E8, 0xF0E8, 0xF0E8, 0xF0E8, 0xF0E8, 0xF0E8, 0xF0E8, 0xF0E8, 0xF0E8, 
  0x0FE9, 0xC8D8, 0x82C8, 0xC4D2, 0xCBFE, 0xA79C, 0xE020, 0xA010, 0xA018, 0xA018, 0xA018, 0xA018, 0xA010, 0xA010, 0xA018, 0xA010, 
  0xA018, 0xA018, 0xA010, 0xA010, 0xA010, 0xA010, 0xA010, 0xA018, 0x8010, 0x8110, 0x6218, 0x6218, 0x6210, 0x6210, 0x6218, 0x4110, 
  0x6218, 0x6218, 0x6210, 0x6218, 0x6218, 0x6218, 0x6218, 0x6210, 0x6210, 0x6218, 0x6218, 0x6118, 0x6118, 0xA320, 0x8218, 0xA320, 
  0xE430, 0x4539, 0xE430, 0xE851, 0x4539, 0xE859, 0x085A, 0x285A, 0x0431, 0xC328, 0x0431, 0x8641, 0x2539, 0xE851, 0x6641, 0x4110, 
  0x6218, 0x8210, 0x8210, 0x6218, 0x6218, 0x6218, 0x6218, 0x6218, 0x6218, 0x6218, 0x6218, 0x4110, 0x4110, 0xA318, 0xC328, 0x6120, 
  0x496A, 0x56ED, 0x14E5, 0xF4E4, 0x14ED, 0x14ED, 0x14ED, 0x14E5, 0x14E5, 0x14E5, 0x14ED, 0x14E5, 0x14E5, 0x14E5, 0x14E5, 0x35ED, 
  0x56E5, 0x8649, 0x2008, 0x8320, 0xA320, 0x6210, 0x6218, 0x8218, 0x4110, 0x8218, 0xC428, 0xA320, 0x6210, 0x8210, 0x6210, 0x6110, 
  0xA218, 0x6639, 0x4110, 0x6210, 0x8218, 0x0008, 0x4541, 0xB3C4, 0x76ED, 0x31BC, 0x4962, 0x0431, 0x8649, 0x2431, 0xA220, 0xC320, 
  0xC320, 0xC320, 0x8218, 0x6218, 0x6218, 0x6218, 0x4539, 0x6218, 0x6218, 0x6218, 0x6218, 0x6218, 0x6218, 0x6218, 0x6218, 0x6210, 
  0x6218, 0x6218, 0x6218, 0x6218, 0x6218, 0x6218, 0x6218, 0x6218, 0x6218, 0x6218, 0x6218, 0x6218, 0x6218, 0x6218, 0x6218, 0x6218, 
  0x6218, 0x6110, 0x6010, 0xA018, 0xA010, 0xA018, 0xA018, 0xA010, 0xA018, 0xE118, 0xA018, 0xA010, 0xA018, 0xA010, 0xA018, 0xA010, 
  0xA010, 0xA010, 0xA010, 0xA010, 0xA010, 0xA010, 0xA010, 0xA010, 0x8018, 0x8010, 0xE120, 0xE120, 0xE362, 0x4BF7, 0x0AEF, 0x2AEF, 
  0x6AFE, 0xE3D1, 0xA2D0, 0xA3D0, 0xCAE0, 0xF0E8, 0xF0E8, 0xF0E8, 0xEFE8, 0xF0E8, 0xF0E8, 0xF0E8, 0xF0E8, 0xF0E8, 0xF0E8, 0xF0E8, 
  0xF0E8, 0xF0E8, 0xF0E8, 0xF0E8, 0xF0E8, 0xF0E8, 0xF0E8, 0xF0E8, 0xF0E8, 0xF0E8, 0xF0E8, 0xF0E8, 0xF0E8, 0xF0E8, 0xF0E8, 0x10E9, 
  0x10E9, 0xF0E8, 0x10E9, 0xF0E8, 0xF0E8, 0xF0E8, 0xF0E8, 0xF0E8, 0xF0E8, 0xF0E8, 0xF0E8, 0xF0E8, 0xF0E8, 0xF0E8, 0xF0E8, 0xF0E8, 
  0x0EE9, 0xA7D8, 0x82C8, 0xA6E3, 0xABEE, 0xA57B, 0xC120, 0xC118, 0xA018, 0xA010, 0xA010, 0xA010, 0xA010, 0xA010, 0xA018, 0xA010, 
  0xA010, 0xA010, 0xA010, 0xA010, 0xA018, 0xA010, 0xA010, 0xA010, 0x8010, 0x8110, 0x6118, 0x6218, 0x6210, 0x8210, 0x6218, 0x6218, 
  0x6218, 0x6218, 0x6210, 0x6218, 0x6218, 0x6218, 0x6218, 0x6218, 0x6218, 0x6218, 0x6218, 0x6218, 0x6218, 0xA218, 0xC320, 0x8218, 
  0x0431, 0x4539, 0x6220, 0xE328, 0xA328, 0xE330, 0xE430, 0x6641, 0x2439, 0x6641, 0x8649, 0xC328, 0x0431, 0x6641, 0x2539, 0x8320, 
  0x4110, 0x8210, 0x6210, 0x6218, 0x6218, 0x6218, 0x6218, 0x6218, 0x6218, 0x6218, 0x4110, 0x0539, 0x085A, 0x6118, 0x2539, 0x2439, 
  0x8A7A, 0x55E5, 0x56ED, 0x56F5, 0x14ED, 0x14E5, 0x14ED, 0x35ED, 0x55ED, 0x35ED, 0x35ED, 0x55ED, 0x55ED, 0x76F5, 0x76ED, 0x34D5, 
  0x4D93, 0x8220, 0x4110, 0xE428, 0xE428, 0x4110, 0x4110, 0xE328, 0x095A, 0x6220, 0xA218, 0x0429, 0x6218, 0x6210, 0x8210, 0x6210, 
  0x6118, 0x4539, 0xE749, 0x8218, 0x4110, 0x8218, 0x2010, 0xE430, 0xA751, 0x4541, 0x8220, 0xA320, 0x4539, 0x4539, 0xC328, 0xA320, 
  0x8218, 0x6218, 0x8218, 0xA320, 0x8218, 0xC328, 0x8641, 0x6218, 0x6210, 0x6218, 0x6218, 0x6218, 0x8218, 0x6218, 0x6218, 0x6218, 
  0x6218, 0x6218, 0x6218, 0x6218, 0x6218, 0x6218, 0x6218, 0x6218, 0x6218, 0x6218, 0x6218, 0x6218, 0x6218, 0x6218, 0x6218, 0x6218, 
  0x6218, 0x6110, 0x6010, 0x8018, 0xA010, 0xA018, 0xA018, 0xA010, 0xA010, 0x8010, 0xC118, 0xA010, 0xA018, 0xA018, 0xA010, 0xA010, 
  0xA010, 0xA010, 0xA018, 0xA010, 0xA010, 0xA010, 0xA018, 0xA018, 0xA010, 0xA018, 0xA018, 0x4229, 0x6131, 0xE9C5, 0x2AF7, 0xE9EE, 
  0x2BF7, 0x07E4, 0xA2C8, 0xC3D8, 0xA6D8, 0xEEE8, 0xF0E8, 0xF0E8, 0xF0E8, 0xF0E8, 0xF0E8, 0xF0E8, 0xF0E8, 0xF0E8, 0xF0E8, 0xF0E8, 
  0xF0E8, 0xF0E8, 0xF0E8, 0xF0E8, 0xF0E8, 0xF0E8, 0xF0E8, 0xF0E8, 0xF0E8, 0xF0E8, 0xF0E8, 0xF0E8, 0xF0E8, 0xF0E8, 0xF0E8, 0x10E9, 
  0x10E9, 0xF0E8, 0xF0E8, 0xF0E8, 0xF0E8, 0xF0E8, 0xF0E8, 0xF0E8, 0xF0E8, 0xF0E8, 0xF0E8, 0xF0E8, 0xF0E8, 0xF0E8, 0xF0E8, 0x10E9, 
  0xEDE8, 0xA5D8, 0xC1C8, 0xA8EC, 0x0AD6, 0x6352, 0xC018, 0xA010, 0xA018, 0xA010, 0x8010, 0xA010, 0xA010, 0xA018, 0xA010, 0xA010, 
  0xA010, 0xA010, 0xA010, 0xA010, 0xA010, 0xA010, 0xA018, 0xA018, 0xA018, 0x8110, 0x6118, 0x6218, 0x6210, 0x8218, 0x6218, 0x6218, 
  0x6218, 0x6218, 0x6218, 0x6218, 0x6218, 0x6218, 0x6218, 0x6218, 0x6218, 0x6218, 0x6218, 0x6218, 0x6210, 0x4110, 0x0429, 0xA320, 
  0x6218, 0xA320, 0x6218, 0xC320, 0xC320, 0x0431, 0xC328, 0x0431, 0x6641, 0xAB72, 0x4962, 0x6641, 0x2431, 0x8641, 0xA749, 0x6541, 
  0xA320, 0x6110, 0x6118, 0x6218, 0x6218, 0x6218, 0x6218, 0x6218, 0x6218, 0x8218, 0x0008, 0xAF9B, 0xF0A3, 0x0431, 0x6641, 0x8220, 
  0x6118, 0x2541, 0x0862, 0xCFAB, 0x35E5, 0x76ED, 0x35E5, 0xB3CC, 0x72C4, 0xB3CC, 0xF4D4, 0x92C4, 0xF0AB, 0xCFAB, 0xAB7A, 0x0439, 
  0x4118, 0x6218, 0x6210, 0x6210, 0xC328, 0xA320, 0x6218, 0x2110, 0xAC7A, 0x2A72, 0x2118, 0xE320, 0xE328, 0xE428, 0x6110, 0x6218, 
  0x6218, 0x2010, 0x6641, 0x6E8B, 0xC328, 0x2110, 0xA218, 0x4110, 0x2110, 0x4110, 0x6218, 0x6218, 0x0431, 0xC328, 0xE428, 0xA320, 
  0x6110, 0xA218, 0xA320, 0x8218, 0x6218, 0xC328, 0x2531, 0x4110, 0x8210, 0x6218, 0x6218, 0x6210, 0x8218, 0x8218, 0x6210, 0x6218, 
  0x6218, 0x6218, 0x6218, 0x6218, 0x6218, 0x6218, 0x6218, 0x6218, 0x6218, 0x6218, 0x6218, 0x6218, 0x6218, 0x6218, 0x6218, 0x6218, 
  0x6218, 0x6110, 0x6010, 0x8010, 0xA010, 0xA010, 0xA010, 0xA010, 0xA018, 0xA018, 0xA010, 0x8010, 0xA010, 0xA010, 0xA010, 0xA018, 
  0xA010, 0xA010, 0xA018, 0xA010, 0xA010, 0xA010, 0xA018, 0xA010, 0xA010, 0xA018, 0x6010, 0xE439, 0x2229, 0xE68B, 0x0BEF, 0x09EF, 
  0x2AEF, 0x0AF6, 0xA2C9, 0xA3D0, 0xA4D0, 0xEBE0, 0x10E9, 0xF0E8, 0xF0E8, 0xF0E8, 0xF0E8, 0xF0E8, 0xF0E8, 0xF0E8, 0xF0E8, 0xF0E8, 
  0xF0E8, 0xF0E8, 0xF0E8, 0xF0E8, 0xF0E8, 0xF0E8, 0xF0E8, 0xF0E8, 0xF0E8, 0xF0E8, 0xF0E8, 0xF0E8, 0xF0E8, 0xF0E8, 0xF0E8, 0x10E9, 
  0x10E9, 0xF0E8, 0xF0E8, 0xF0E8, 0xF0E8, 0xF0E8, 0xF0E8, 0xF0E8, 0xF0E8, 0x10E9, 0xF0E8, 0xF0E8, 0xF0E8, 0xEFE8, 0xEFE8, 0x0FE9, 
  0xECE0, 0xA4D0, 0x02C9, 0x89F5, 0x89BD, 0x034A, 0xA018, 0xA018, 0xA018, 0xA010, 0xA018, 0xA010, 0xA010, 0xA010, 0xA010, 0xA010, 
  0xA010, 0xA018, 0xA010, 0xA010, 0xA010, 0xA018, 0xA010, 0xA018, 0xA018, 0x8118, 0x6110, 0x6218, 0x6218, 0x6218, 0x6218, 0x6218, 
  0x6218, 0x6218, 0x6218, 0x6218, 0x6218, 0x6218, 0x6218, 0x6218, 0x6218, 0x6218, 0x6218, 0x6218, 0x6218, 0x6110, 0x8218, 0x8218, 
  0x6210, 0x6218, 0x8218, 0x8218, 0x8218, 0x2431, 0xC328, 0xC328, 0x085A, 0xC751, 0x4541, 0x8641, 0x8220, 0x2439, 0x8A6A, 0x8641, 
  0xA220, 0xC741, 0xA320, 0x4110, 0x6218, 0x6218, 0x6218, 0x6218, 0x6210, 0x6218, 0x4110, 0xCFA3, 0x0862, 0xC328, 0x8649, 0xE428, 
  0x6110, 0x4110, 0x2008, 0x2118, 0x6649, 0xE859, 0xA751, 0xA328, 0x6220, 0xC328, 0xE328, 0x8220, 0x4118, 0x2110, 0x0110, 0x4110, 
  0x6210, 0x8218, 0x6218, 0x4118, 0xA328, 0x6220, 0x0110, 0x0008, 0x0020, 0x6879, 0x4340, 0x6220, 0xA328, 0xA328, 0x6210, 0x6218, 
  0x6218, 0x8218, 0x2010, 0xE851, 0xF09B, 0x2439, 0x0008, 0x8218, 0x8218, 0x6210, 0x6218, 0x8218, 0x6218, 0x8220, 0x2531, 0x6218, 
  0x6218, 0xA218, 0xC320, 0x8218, 0x8218, 0x4539, 0x4539, 0x4110, 0x8210, 0x6218, 0x6218, 0x6218, 0x6210, 0x6210, 0x6210, 0x6218, 
  0x6218, 0x6218, 0x6218, 0x6218, 0x6218, 0x6218, 0x6218, 0x6218, 0x6218, 0x6218, 0x6218, 0x6218, 0x6218, 0x6218, 0x6218, 0x6218, 
  0x6218, 0x6110, 0x6010, 0x8010, 0xA010, 0xA010, 0xA018, 0xA010, 0xA010, 0xA010, 0xA018, 0xA010, 0xA010, 0xA010, 0xA018, 0xA010, 
  0xA010, 0xA010, 0xA010, 0xA010, 0xA010, 0xA018, 0xA018, 0xA010, 0xA010, 0xA018, 0x8018, 0xE120, 0xE118, 0x8139, 0xEAC5, 0x4AF7, 
  0xE9EE, 0x0BFF, 0x86DB, 0xA2C8, 0xC3D0, 0xC7D8, 0x0FE9, 0xF0E8, 0xF0E8, 0xF0E8, 0xF0E8, 0xF0E8, 0xF0E8, 0xF0E8, 0xF0E8, 0xF0E8, 
  0xF0E8, 0xF0E8, 0xF0E8, 0xF0E8, 0xF0E8, 0xF0E8, 0xF0E8, 0xF0E8, 0xF0E8, 0xF0E8, 0xF0E8, 0xF0E8, 0xF0E8, 0xF0E8, 0xF0E8, 0x10E9, 
  0x10E9, 0xF0E8, 0xF0E8, 0xF0E8, 0xF0E8, 0xF0E8, 0xF0E8, 0xF0E8, 0xF0E8, 0xF0E8, 0xF0E8, 0x10E9, 0xF0E8, 0xF0E8, 0xEFE8, 0xEFE8, 
  0xCBE0, 0xA3D0, 0x82C9, 0x0BF6, 0xE7AC, 0x0242, 0x6010, 0xA018, 0xA010, 0xA018, 0xA018, 0xA018, 0xA010, 0xA018, 0xA018, 0xA018, 
  0xA010, 0xA010, 0xA010, 0xA010, 0xA010, 0xA018, 0xA010, 0xA010, 0xA018, 0x8018, 0x8110, 0x8218, 0x6218, 0x6218, 0x6218, 0x6218, 
  0x6218, 0x6218, 0x6218, 0x6218, 0x6218, 0x6218, 0x6218, 0x6218, 0x6218, 0x6218, 0x6218, 0x6218, 0x8218, 0x6210, 0x8218, 0x6218, 
  0x6210, 0x6218, 0xE428, 0x0531, 0x6118, 0xC328, 0x0431, 0x6539, 0x8641, 0x6641, 0x2439, 0x8641, 0xE428, 0xE430, 0x295A, 0x0431, 
  0x4110, 0x8218, 0x8218, 0x6210, 0x6218, 0x6218, 0x8210, 0x8210, 0x6210, 0x4110, 0x6641, 0x8F9B, 0x4549, 0xC759, 0xC430, 0x4118, 
  0x4110, 0x4110, 0x4110, 0x2110, 0x0008, 0x0000, 0x0008, 0x2110, 0x4110, 0x4110, 0x4110, 0x6218, 0x6218, 0x6218, 0x8218, 0x8218, 
  0x6218, 0x4110, 0x2110, 0x0110, 0x0010, 0x0110, 0x0110, 0x2118, 0x0010, 0x0128, 0xC550, 0x0020, 0x0018, 0x4228, 0x6218, 0x4110, 
  0x6218, 0x6218, 0x6218, 0x4110, 0xC751, 0xF4CC, 0xE761, 0x2010, 0x6210, 0x8210, 0x6118, 0x6110, 0xA318, 0xA320, 0xC320, 0x8218, 
  0x8218, 0x6218, 0xC320, 0x8218, 0x8218, 0xC328, 0x8218, 0x6210, 0x6218, 0x6218, 0x6218, 0x6218, 0x6118, 0x6118, 0x6218, 0x6218, 
  0x6218, 0x6218, 0x6218, 0x6218, 0x6218, 0x6218, 0x8210, 0x6210, 0x6218, 0x6218, 0x6210, 0x6210, 0x6210, 0x6218, 0x6218, 0x6210, 
  0x6118, 0x6110, 0x6010, 0x8010, 0xA018, 0xA010, 0x8010, 0xA010, 0xA010, 0xA018, 0xA010, 0xA018, 0xA010, 0xA018, 0xA010, 0xA010, 
  0xA018, 0xA010, 0xA010, 0xA010, 0xA018, 0xA018, 0xA010, 0xA010, 0xA010, 0xA010, 0xA018, 0x8010, 0xE118, 0xC020, 0xC583, 0x4BF7, 
  0xEAE6, 0x2AF7, 0xA9F5, 0x42C9, 0xA3D0, 0xA5D8, 0x0CE1, 0x0FE9, 0xF0E8, 0xF0E8, 0xF0E8, 0xF0E8, 0xF0E8, 0xF0E8, 0xF0E8, 0xF0E8, 
  0xF0E8, 0xF0E8, 0xF0E8, 0xF0E8, 0xF0E8, 0xF0E8, 0xF0E8, 0xF0E8, 0xF0E8, 0xF0E8, 0xF0E8, 0xF0E8, 0xF0E8, 0xF0E8, 0xF0E8, 0x10E9, 
  0x10E9, 0xF0E8, 0xF0E8, 0xF0E8, 0xF0E8, 0xF0E8, 0x10E9, 0xF0E8, 0xF0E8, 0xF0E8, 0xF0E8, 0xF0E8, 0xF0E8, 0xF0E8, 0xEFE8, 0x0FE9, 
  0xCAE0, 0x82D0, 0x23D2, 0x6BFE, 0xA79C, 0x8131, 0x8010, 0xA118, 0xA010, 0xA018, 0xA010, 0xA010, 0xA010, 0xA010, 0xA010, 0xA010, 
  0xA010, 0xA010, 0xA018, 0xA010, 0xA010, 0xA010, 0xA010, 0xA010, 0xA018, 0x8018, 0x8110, 0x6110, 0x6218, 0x6218, 0x6218, 0x6218, 
  0x6218, 0x6218, 0x6218, 0x6218, 0x6218, 0x6218, 0x6218, 0x6218, 0x6218, 0x6218, 0x6218, 0x6218, 0x6218, 0x6210, 0x8218, 0x8218, 
  0xA218, 0x6210, 0x6218, 0x8218, 0x6118, 0x0431, 0x2531, 0x6539, 0x0852, 0xE851, 0xE430, 0x2539, 0x0431, 0x2531, 0xE849, 0xA320, 
  0x6118, 0x6210, 0x8218, 0x6218, 0x6218, 0x6218, 0x6210, 0x6218, 0x6218, 0x2110, 0x2A7A, 0x4651, 0xE548, 0x0551, 0x4228, 0x0010, 
  0x0110, 0x0110, 0x0010, 0x0008, 0x0120, 0x6348, 0x4340, 0x0120, 0x2118, 0x2120, 0x2110, 0x4110, 0x4110, 0x2110, 0x2110, 0x2110, 
  0x0110, 0x0110, 0x0110, 0x0110, 0x0110, 0x0110, 0x0110, 0x0110, 0x2118, 0x0010, 0x2120, 0x2228, 0x2120, 0x0118, 0x2118, 0x0118, 
  0x2110, 0x4118, 0x6218, 0x6218, 0x2010, 0x2862, 0xB7E5, 0x8A72, 0x2010, 0x8218, 0x6218, 0x6210, 0x8218, 0x8218, 0x4110, 0xA320, 
  0x8218, 0x6218, 0x6218, 0x6118, 0x4110, 0x0429, 0x8218, 0x6210, 0x6218, 0x6218, 0x6210, 0xA218, 0x284A, 0x4531, 0x4110, 0x6218, 
  0x6218, 0x6218, 0x6218, 0x6218, 0x6218, 0x6218, 0x6218, 0x6218, 0x6218, 0x6218, 0x6218, 0xA320, 0x6210, 0x6218, 0x6210, 0x8218, 
  0xA218, 0x6110, 0x6010, 0x8010, 0xA010, 0xA010, 0xA018, 0xA010, 0xA010, 0xA010, 0xA010, 0xA010, 0xA010, 0xA010, 0xA010, 0xA010, 
  0xA010, 0xA018, 0xA010, 0xA010, 0xA018, 0xA010, 0xA010, 0xA018, 0xA010, 0xA010, 0xA010, 0xA018, 0xA010, 0x2229, 0x4352, 0xABDE, 
  0x0AEF, 0x09EF, 0xEBFE, 0x05DB, 0xA2C8, 0xA4D0, 0xC8D8, 0x0FE9, 0xF0E8, 0xF0E0, 0xF0E8, 0xF0E8, 0xF0E8, 0xF0E8, 0xF0E8, 0xF0E8, 
  0xF0E8, 0xF0E8, 0xF0E8, 0xF0E8, 0xF0E8, 0xF0E8, 0xF0E8, 0xF0E8, 0xF0E8, 0xF0E8, 0xF0E8, 0xF0E8, 0xF0E8, 0xF0E8, 0xF0E8, 0x10E9, 
  0x10E9, 0xEFE8, 0xF0E8, 0xF0E8, 0xF0E8, 0xF0E8, 0xF0E8, 0xF0E8, 0xF0E8, 0xF0E8, 0xF0E8, 0xF0E8, 0xF0E8, 0xF0E8, 0xF0E8, 0x0FE9, 
  0xC8D8, 0x82C8, 0xE4DA, 0x8BEE, 0x6573, 0x6229, 0x8010, 0xA118, 0xA018, 0xA018, 0xA010, 0xA010, 0xA018, 0xA018, 0xA010, 0xA010, 
  0xA010, 0xA010, 0xA010, 0xA010, 0xA010, 0xA010, 0xA010, 0xA010, 0xA010, 0xA010, 0x8010, 0x6110, 0x6218, 0x6218, 0x6218, 0x6218, 
  0x6218, 0x6218, 0x6218, 0x6218, 0x6218, 0x6218, 0x6218, 0x6218, 0x6218, 0x6218, 0x6218, 0x6218, 0x6218, 0x6110, 0xA320, 0x0429, 
  0xE428, 0x6218, 0x8218, 0xA320, 0xE320, 0xE428, 0x6639, 0x0431, 0x4539, 0x0431, 0x0431, 0x2539, 0x2431, 0xA320, 0x8220, 0x4110, 
  0x6218, 0x6210, 0x6218, 0x6218, 0x6210, 0x6210, 0x6218, 0x4118, 0x2110, 0x4228, 0xC660, 0x2238, 0x0128, 0x0018, 0x0110, 0x0110, 
  0x0110, 0x0110, 0x0110, 0x0008, 0x4340, 0x6BB9, 0x4AB1, 0x6340, 0x6228, 0x8440, 0x0010, 0x0110, 0x0110, 0x0110, 0x0110, 0x0110, 
  0x0110, 0x0110, 0x0110, 0x0110, 0x0110, 0x0110, 0x0110, 0x2118, 0x0118, 0x0110, 0x0010, 0x6330, 0x6338, 0x0018, 0x2118, 0x2220, 
  0x0118, 0x2118, 0x0010, 0x4110, 0x6218, 0x0010, 0xC759, 0x96E5, 0x8A7A, 0x0000, 0x8318, 0x6218, 0x6110, 0x6110, 0xC320, 0x0429, 
  0x6218, 0x6218, 0x8218, 0x6110, 0xA320, 0xA741, 0x4110, 0x6218, 0x6218, 0x6218, 0x6210, 0x6218, 0x8218, 0x8218, 0x6110, 0x6210, 
  0x6218, 0x6218, 0x6218, 0x6218, 0x6218, 0x6218, 0x6218, 0x6218, 0x6218, 0x6218, 0x6218, 0x6218, 0x6218, 0x6218, 0x6210, 0x6218, 
  0x8218, 0x6110, 0x6010, 0x8010, 0xA018, 0x8010, 0x0221, 0x4329, 0x8010, 0xA018, 0xA018, 0xA010, 0xA018, 0xA018, 0xA010, 0xA010, 
  0xA010, 0xA018, 0xA010, 0xA010, 0xA018, 0xA010, 0xA010, 0xA018, 0xA010, 0xA010, 0xA010, 0xA018, 0xA010, 0x0121, 0xE020, 0x669C, 
  0x4BF7, 0xE9E6, 0x2AF7, 0x28ED, 0x02C9, 0xA3D8, 0xA5D8, 0xEDE8, 0xF0E8, 0x10E9, 0xF0E8, 0xF0E8, 0xF0E8, 0xF0E8, 0xF0E8, 0xF0E8, 
  0xF0E8, 0xF0E8, 0xF0E8, 0xF0E8, 0xF0E8, 0xF0E8, 0xF0E8, 0x10E9, 0xF0E8, 0xF0E8, 0xF0E8, 0xF0E8, 0xF0E8, 0xF0E8, 0xF0E8, 0x10E9, 
  0x10E9, 0xF0E8, 0xF0E8, 0xF0E8, 0xF0E8, 0xF0E8, 0xF0E8, 0xF0E8, 0xF0E8, 0xF0E8, 0xF0E8, 0xF0E8, 0xF0E8, 0xF0E8, 0xF0E8, 0xEEE8, 
  0xC6D8, 0x82C8, 0xC6E3, 0x6ADE, 0xC462, 0xC118, 0x8018, 0xA018, 0xA018, 0xA018, 0xA010, 0xA010, 0xA010, 0xA018, 0xA010, 0xA010, 
  0xA010, 0xA010, 0xA010, 0xA010, 0xA010, 0xA010, 0xA010, 0xA010, 0xA010, 0xA010, 0x8018, 0x6110, 0x6218, 0x6218, 0x6218, 0x6218, 
  0x6218, 0x6218, 0x6218, 0x6218, 0x6218, 0x6210, 0x6218, 0x6218, 0x6218, 0x6218, 0x6218, 0x6218, 0x6218, 0x6218, 0x6210, 0x6218, 
  0x6218, 0x6218, 0x8218, 0x8218, 0x6218, 0xC328, 0x2531, 0x2531, 0x8220, 0xE328, 0x4539, 0xA641, 0xE428, 0x6218, 0x8218, 0x6218, 
  0x6210, 0x6210, 0x6218, 0x8210, 0x8210, 0x4110, 0x2110, 0x0110, 0x0010, 0x2120, 0x2230, 0x2238, 0x4330, 0x2118, 0x0110, 0x0110, 
  0x0110, 0x0110, 0x0110, 0x0010, 0x2228, 0xC670, 0x4350, 0x0120, 0x2120, 0x2228, 0x0110, 0x2110, 0x0110, 0x0110, 0x0110, 0x0110, 
  0x0110, 0x0110, 0x0110, 0x0110, 0x0110, 0x0110, 0x0110, 0x0110, 0x0118, 0x0110, 0x0110, 0x0118, 0x8440, 0x4228, 0x0010, 0x0118, 
  0x0118, 0x0010, 0x0010, 0x0110, 0x0110, 0x4118, 0x0010, 0x296A, 0x35D5, 0x696A, 0x0008, 0x8218, 0x8210, 0x6210, 0x6218, 0xE428, 
  0x8218, 0x8218, 0x8218, 0x4110, 0xC320, 0x2531, 0x4110, 0x8218, 0x6218, 0x6210, 0x6218, 0x6210, 0x6110, 0x6218, 0x6218, 0x6210, 
  0x6218, 0x6218, 0x6218, 0x6218, 0x6218, 0x6218, 0x6218, 0x6218, 0x6218, 0x8218, 0x6218, 0x6218, 0x6218, 0x6218, 0x6210, 0x6110, 
  0x6218, 0x6118, 0x6010, 0x8010, 0xA010, 0xA010, 0xA018, 0xA018, 0xA010, 0xA010, 0xA010, 0xA010, 0xA010, 0xA018, 0xA010, 0xA010, 
  0xA010, 0x8010, 0xA010, 0xA010, 0xA010, 0xA010, 0xA018, 0xA018, 0xA010, 0xA010, 0xA010, 0xA018, 0xA018, 0xA018, 0xE120, 0x2252, 
  0x6AD6, 0x2AEF, 0x0AEF, 0xCBFE, 0xA4D2, 0x82D0, 0xA3D0, 0xC9D8, 0x0FE9, 0xF0E8, 0xF0E8, 0xF0E8, 0xF0E8, 0xF0E8, 0xF0E8, 0xF0E8, 
  0xF0E8, 0xF0E8, 0xF0E8, 0xF0E8, 0xF0E8, 0xF0E8, 0xF0E8, 0xF0E8, 0xF0E8, 0xF0E8, 0xF0E8, 0xF0E8, 0xF0E8, 0xF0E8, 0xEFE8, 0x10E9, 
  0x10E9, 0xEFE8, 0xF0E8, 0xF0E8, 0xF0E0, 0xF0E8, 0xF0E8, 0xF0E8, 0xF0E8, 0xF0E8, 0xF0E8, 0xF0E8, 0xF0E8, 0xF0E8, 0xF0E8, 0xEEE8, 
  0xC5D8, 0xA2C8, 0x87EC, 0x4ADE, 0xA35A, 0x0121, 0xA018, 0xA018, 0xA010, 0xA018, 0xA010, 0xA010, 0xA010, 0xA018, 0xA010, 0xA010, 
  0xA010, 0xA010, 0xA018, 0xA010, 0xA010, 0xA010, 0xA018, 0xA018, 0xA010, 0xA010, 0x8018, 0x8118, 0x6110, 0x6210, 0x6218, 0x6218, 
  0x6218, 0x6218, 0x6218, 0x6218, 0x6218, 0x8218, 0x6218, 0x6218, 0x6218, 0x6218, 0x6218, 0x6218, 0x6218, 0x6218, 0x6218, 0x6210, 
  0x8218, 0x6218, 0x8218, 0x4110, 0xC320, 0xE428, 0xA320, 0xE328, 0xE428, 0xE428, 0xA220, 0xA320, 0x6218, 0x6210, 0x6218, 0x6218, 
  0x6210, 0x6210, 0x6218, 0x6218, 0x2110, 0x0110, 0x0010, 0x2110, 0x0018, 0x2228, 0x4228, 0x4338, 0x2228, 0x0118, 0x0110, 0x0110, 
  0x0110, 0x0110, 0x0110, 0x0110, 0x0010, 0x0018, 0x0010, 0x0010, 0x0010, 0x0010, 0x0110, 0x0110, 0x0110, 0x0110, 0x0110, 0x0110, 
  0x0110, 0x0110, 0x0110, 0x0110, 0x0110, 0x0110, 0x0110, 0x0110, 0x0110, 0x2110, 0x0110, 0x0010, 0x0118, 0x6338, 0x4230, 0x2228, 
  0x0118, 0x0018, 0x0010, 0x0110, 0x0110, 0x0110, 0x2110, 0x0008, 0x4541, 0x71B4, 0xE859, 0x0008, 0x6218, 0x8218, 0x6210, 0x6218, 
  0xA320, 0x8218, 0xC320, 0x8218, 0xE328, 0xC320, 0x6110, 0x6218, 0x6210, 0x6218, 0x6218, 0x8218, 0x6210, 0x6218, 0x6218, 0x6218, 
  0x6218, 0x6218, 0x6218, 0x6218, 0x6218, 0x6218, 0x6218, 0x6218, 0x8218, 0x8639, 0x8218, 0x6218, 0x6218, 0x6210, 0x8218, 0x6210, 
  0x6218, 0x6118, 0x6010, 0x8010, 0xA010, 0xA018, 0xA010, 0xA010, 0xA018, 0xA018, 0xA010, 0xA010, 0xA010, 0xA010, 0xA010, 0xA010, 
  0xA010, 0xA010, 0xA018, 0xA010, 0xA010, 0xA010, 0xA010, 0xA018, 0xA010, 0xA010, 0xA010, 0xA010, 0x8018, 0x8018, 0x8010, 0xE120, 
  0x478C, 0x2BEF, 0xE9EE, 0x2BF7, 0xC8EC, 0xE2C8, 0xC3D0, 0xA5D0, 0xEDE8, 0xF0E8, 0xF0E8, 0xF0E8, 0xF0E8, 0xF0E8, 0xF0E8, 0xF0E8, 
  0xF0E8, 0xF0E8, 0xF0E8, 0xF0E8, 0xF0E8, 0xF0E8, 0xF0E8, 0xF0E8, 0xF0E8, 0xF0E8, 0xF0E8, 0xF0E8, 0xF0E8, 0xF0E8, 0xF0E8, 0x10E9, 
  0x10E9, 0xF0E8, 0xF0E8, 0xF0E8, 0xF0E8, 0xF0E8, 0xF0E8, 0xF0E8, 0xF0E8, 0xF0E8, 0xF0E8, 0xF0E8, 0xF0E8, 0xF0E8, 0xF0E8, 0xEDE0, 
  0xA4D8, 0xE2C8, 0x28ED, 0xA9C5, 0xA45A, 0x0121, 0xA018, 0xA018, 0xA010, 0x8010, 0xA010, 0xA010, 0xA010, 0xA010, 0xA018, 0xA010, 
  0xA018, 0xA010, 0xA010, 0xA010, 0xA010, 0xA010, 0xA018, 0xA018, 0xA010, 0xA010, 0xA018, 0x6110, 0x8218, 0x8218, 0x6210, 0x6218, 
  0x6218, 0x6218, 0x6218, 0x6218, 0x6218, 0x8218, 0x6218, 0x6218, 0x6218, 0x6218, 0x6218, 0x6218, 0x6218, 0x6218, 0x6218, 0x6210, 
  0x8218, 0xE428, 0x8218, 0x8218, 0x8218, 0xE428, 0xC328, 0xC320, 0x2539, 0x8641, 0x8220, 0x6218, 0x6210, 0x8218, 0x6218, 0x6210, 
  0x6210, 0x6218, 0x4110, 0x0110, 0x0010, 0x0110, 0x0110, 0x0010, 0x6448, 0xA668, 0x0128, 0x4228, 0x0118, 0x0110, 0x0110, 0x0110, 
  0x0110, 0x0110, 0x0110, 0x0110, 0x0110, 0x0110, 0x0110, 0x0110, 0x0110, 0x0110, 0x0110, 0x0110, 0x0110, 0x0110, 0x0110, 0x0110, 
  0x0110, 0x0110, 0x0110, 0x0110, 0x0110, 0x0110, 0x0110, 0x0110, 0x0110, 0x0110, 0x0110, 0x0110, 0x0010, 0x2118, 0xA448, 0x2230, 
  0x0010, 0x0010, 0x0110, 0x0110, 0x0110, 0x0110, 0x0010, 0x2110, 0x0008, 0x0439, 0xB3BC, 0x0862, 0x0010, 0x6210, 0x6218, 0x6210, 
  0x4110, 0xC320, 0x2431, 0x2010, 0xA641, 0xE328, 0x4110, 0x6218, 0x6210, 0x6218, 0xC320, 0x8218, 0x6210, 0x6210, 0x6218, 0x6218, 
  0x6218, 0x6218, 0x6218, 0x6218, 0x6218, 0x6210, 0x6210, 0x6218, 0x6218, 0x6218, 0x6218, 0x6218, 0x6218, 0x6218, 0x6218, 0x6210, 
  0x6218, 0x6118, 0x6010, 0x8010, 0xA010, 0xA018, 0xA010, 0xA010, 0xA010, 0xA018, 0xA010, 0xA010, 0xA010, 0xA010, 0xA018, 0xA010, 
  0xA010, 0xA010, 0xA018, 0xA010, 0xA018, 0xA010, 0xA010, 0xA010, 0xA010, 0xA010, 0xA010, 0xA018, 0x8018, 0xA018, 0xA118, 0x8018, 
  0xE020, 0x8ABD, 0x2BF7, 0x09EF, 0x8AFE, 0x43CA, 0xA3D0, 0xA4D8, 0xCAE0, 0x0FE9, 0xF0E0, 0xF0E8, 0xF0E8, 0xF0E8, 0xF0E8, 0xF0E8, 
  0xF0E8, 0xF0E8, 0xF0E8, 0xF0E8, 0xF0E8, 0xF0E8, 0xF0E8, 0xF0E8, 0xF0E8, 0xF0E8, 0xF0E8, 0xF0E8, 0xF0E8, 0xF0E8, 0xF0E0, 0x10E9, 
  0x10E9, 0xEFE8, 0xF0E8, 0xF0E8, 0xF0E8, 0xF0E8, 0xF0E8, 0xF0E8, 0xF0E8, 0xF0E8, 0xF0E8, 0xF0E8, 0xF0E8, 0xF0E8, 0x0FF1, 0xEBE0, 
  0x83D0, 0x62D1, 0xAAF5, 0xA79C, 0x034A, 0x6010, 0xA018, 0xA018, 0xA010, 0xE120, 0xA018, 0xA010, 0xA010, 0xA010, 0xA018, 0xA010, 
  0xA018, 0xA010, 0xA010, 0xA010, 0xA010, 0xA018, 0xA018, 0xA018, 0xA010, 0xA010, 0xA018, 0x6010, 0x0429, 0x8218, 0x6210, 0x6218, 
  0x6218, 0x6218, 0x6218, 0x6210, 0x6210, 0x6210, 0x6218, 0x6218, 0x6218, 0x6218, 0x6218, 0x6218, 0x6218, 0x6218, 0x6218, 0x6210, 
  0x6110, 0x8318, 0x0429, 0xC320, 0xC320, 0xE428, 0xA320, 0xA320, 0xA320, 0x6218, 0xA320, 0x8218, 0x6210, 0x6218, 0x6218, 0x6218, 
  0x6218, 0x2110, 0x0110, 0x0110, 0x0110, 0x0110, 0x0010, 0x0120, 0x2891, 0x6570, 0x0128, 0x4120, 0x0010, 0x0110, 0x0110, 0x0110, 
  0x0110, 0x0110, 0x0110, 0x0110, 0x0110, 0x0110, 0x0110, 0x0110, 0x0110, 0x0110, 0x0110, 0x0110, 0x0110, 0x0110, 0x0110, 0x0110, 
  0x0110, 0x0110, 0x0110, 0x0110, 0x0110, 0x0110, 0x0110, 0x0110, 0x0110, 0x0110, 0x0110, 0x0110, 0x2120, 0x0110, 0x0120, 0xA550, 
  0x4338, 0x0018, 0x0010, 0x0110, 0x0110, 0x0110, 0x0110, 0x0110, 0x0110, 0x0008, 0xC330, 0xF4CC, 0xEB82, 0x0010, 0x8218, 0x6218, 
  0x6110, 0x8218, 0xA320, 0x6118, 0x2952, 0xA220, 0x6110, 0x6210, 0x6218, 0xA318, 0xA320, 0x8218, 0x6210, 0x6218, 0x6218, 0x6218, 
  0x6218, 0x6218, 0x6218, 0x6218, 0x6210, 0x6218, 0x6218, 0x6210, 0x6218, 0x6218, 0x6218, 0x6218, 0x6218, 0x6218, 0x6218, 0x6218, 
  0x6218, 0x6118, 0x6010, 0x8010, 0xA018, 0xA010, 0xA010, 0xA010, 0xA010, 0xA010, 0xA010, 0xA010, 0xA010, 0xA010, 0xA010, 0xA010, 
  0xA010, 0xA010, 0xA018, 0xA018, 0xA018, 0xA010, 0xA018, 0xA018, 0xA018, 0xA010, 0xA010, 0xA010, 0xA018, 0xA010, 0xA018, 0xA018, 
  0x4008, 0xE462, 0x2CEF, 0xEAEE, 0x2BF7, 0x87E4, 0xC2C8, 0xA3D8, 0xA7D8, 0x0EE9, 0xF0E8, 0xF0E8, 0x10E9, 0xF0E8, 0xF0E8, 0xF0E8, 
  0xF0E8, 0xF0E8, 0xF0E8, 0xF0E8, 0xF0E8, 0xF0E8, 0xF0E8, 0xF0E8, 0xF0E8, 0xF0E8, 0xF0E8, 0xF0E8, 0xF0E8, 0xF0E8, 0xF0E8, 0x10E9, 
  0x10E9, 0xF0E8, 0xF0E8, 0xF0E8, 0xF0E8, 0xF0E8, 0xF0E8, 0xF0E8, 0xF0E8, 0xF0E8, 0xF0E8, 0xF0E8, 0xF0E8, 0xF0E8, 0xEFE8, 0xEAE0, 
  0x83D0, 0xE3D1, 0x2AF6, 0x468C, 0x6131, 0x8018, 0xA018, 0xA010, 0xA010, 0xE118, 0xA018, 0xA010, 0xA010, 0xA010, 0xA010, 0xA010, 
  0xA010, 0xA010, 0xA018, 0xA018, 0x8010, 0xC018, 0xA018, 0xA010, 0xA010, 0xA010, 0xA010, 0x8118, 0x6010, 0x6110, 0x6210, 0x6218, 
  0x6218, 0x6218, 0x6218, 0x8210, 0x8210, 0x8218, 0x6218, 0x6210, 0x6218, 0x6218, 0x6218, 0x6218, 0x6218, 0x6218, 0x6218, 0x6218, 
  0x6210, 0x6218, 0xA320, 0x8218, 0x8218, 0xA220, 0xE428, 0xE428, 0xA320, 0x8218, 0x8218, 0x6218, 0x6218, 0x6218, 0x6218, 0x4110, 
  0x0110, 0x0110, 0x0110, 0x0110, 0x0110, 0x0110, 0x0010, 0x6340, 0x0991, 0x2348, 0x4128, 0x0118, 0x0110, 0x0110, 0x0110, 0x0110, 
  0x0110, 0x0110, 0x0110, 0x0110, 0x0110, 0x0110, 0x0110, 0x0110, 0x0110, 0x0110, 0x0110, 0x0110, 0x0110, 0x0110, 0x0110, 0x0110, 
  0x0110, 0x0110, 0x0110, 0x0110, 0x0110, 0x0110, 0x0110, 0x0110, 0x0110, 0x0110, 0x0110, 0x0110, 0x2220, 0x0110, 0x0010, 0x4338, 
  0xE778, 0xA670, 0x0128, 0x0010, 0x0110, 0x0110, 0x0110, 0x0110, 0x0110, 0x0110, 0x0008, 0xC330, 0xD4CC, 0xAA7A, 0x0008, 0x8218, 
  0x6218, 0x6110, 0x6218, 0x2539, 0x0852, 0x6118, 0x6210, 0x8210, 0x6210, 0x6218, 0x4110, 0x6218, 0x6218, 0x6218, 0x6218, 0x6218, 
  0x6218, 0x6218, 0x6218, 0x6218, 0x6218, 0x8218, 0x8218, 0x6210, 0x6218, 0x6218, 0x6218, 0x6218, 0x6218, 0x6218, 0x6218, 0x6218, 
  0x6218, 0x6110, 0x6010, 0x8010, 0xA018, 0xA010, 0xA010, 0xA010, 0xA018, 0xA010, 0x8010, 0xA010, 0xA010, 0xA010, 0xA018, 0xA010, 
  0xA018, 0xA010, 0xA010, 0xA018, 0xA010, 0xA010, 0xA018, 0xA010, 0xA018, 0xA018, 0xA010, 0xA018, 0xA010, 0xA010, 0xA018, 0xA018, 
  0x8010, 0x2129, 0x28AD, 0x2AF7, 0x09EF, 0x6AFE, 0x03CA, 0xA2D0, 0xA4D8, 0xEAE0, 0x0FE9, 0xF0E8, 0x0FE9, 0xF0E8, 0xF0E8, 0xF0E8, 
  0xF0E8, 0xF0E8, 0xF0E8, 0xF0E8, 0xF0E8, 0xF0E8, 0xF0E8, 0xF0E8, 0xF0E8, 0xF0E8, 0xF0E8, 0xF0E8, 0xF0E8, 0xF0E8, 0xF0E8, 0x10E9, 
  0x10E9, 0xF0E8, 0xF0E8, 0xF0E8, 0xF0E8, 0xF0E8, 0xF0E8, 0xF0E8, 0xF0E8, 0xF0E8, 0xF0E8, 0xF0E8, 0xF0E8, 0xF0E8, 0x0FE9, 0xC9E0, 
  0x83C8, 0x64D2, 0x4BEE, 0x278C, 0x6231, 0x8110, 0xA018, 0xA018, 0xA010, 0x8010, 0xA010, 0xA018, 0xA010, 0xA010, 0xA018, 0xA018, 
  0xA018, 0xA010, 0xA018, 0xA010, 0xA010, 0x8010, 0xA010, 0xA018, 0xA010, 0xA010, 0xA010, 0x8018, 0x8118, 0x6210, 0x6218, 0x6218, 
  0x6218, 0x6218, 0x6218, 0x6218, 0x6218, 0x6218, 0x6210, 0xA318, 0x6218, 0x6218, 0x6218, 0x6218, 0x6218, 0x6218, 0x6218, 0x6218, 
  0x6218, 0x6218, 0x6218, 0x6218, 0xA320, 0x8218, 0xA218, 0xC320, 0xC320, 0x6218, 0x6210, 0x6210, 0x6218, 0x4118, 0x2110, 0x0010, 
  0x0110, 0x0110, 0x0110, 0x0110, 0x0110, 0x0110, 0x0010, 0xA560, 0x8560, 0x2128, 0x2120, 0x0118, 0x0110, 0x0110, 0x0110, 0x0110, 
  0x0110, 0x0110, 0x0110, 0x0110, 0x0110, 0x0110, 0x0110, 0x0110, 0x0110, 0x0110, 0x0110, 0x0110, 0x0110, 0x0110, 0x0110, 0x0110, 
  0x0110, 0x0110, 0x0110, 0x0110, 0x0110, 0x0110, 0x0110, 0x0110, 0x0110, 0x0110, 0x0110, 0x0110, 0x0110, 0x0110, 0x0110, 0x0010, 
  0x4348, 0x4BB9, 0xA890, 0x2238, 0x0118, 0x0110, 0x0110, 0x0110, 0x0110, 0x0110, 0x2110, 0x0008, 0x2439, 0x34D5, 0x6A6A, 0x0008, 
  0x6318, 0x6218, 0x4110, 0x4539, 0x8641, 0x4110, 0x6218, 0x6210, 0x8218, 0x6218, 0x6218, 0x6210, 0x6218, 0x6218, 0x6218, 0x6218, 
  0x6218, 0x6218, 0x6218, 0x6218, 0x6218, 0x6210, 0x6110, 0x6218, 0x6218, 0x6218, 0x6218, 0x6218, 0x6218, 0x6218, 0x6218, 0x6218, 
  0x6218, 0x6110, 0x6010, 0x8010, 0xA018, 0xA018, 0xA018, 0xA018, 0xA010, 0xA018, 0xA010, 0xA010, 0xA018, 0xA010, 0xA010, 0xA010, 
  0xA018, 0xA010, 0xA018, 0xA018, 0xA010, 0xA010, 0xA010, 0xA010, 0xA018, 0xA010, 0xA010, 0xA018, 0xA010, 0xA018, 0xA018, 0x8018, 
  0xA018, 0x6010, 0xC362, 0x2BEF, 0x09EF, 0x2BF7, 0x27E4, 0xC1C8, 0xA3D8, 0xA7D8, 0x0EE9, 0xF0E8, 0xF0E8, 0xF0E8, 0xF0E8, 0xF0E8, 
  0xF0E8, 0xF0E8, 0xF0E8, 0xF0E8, 0xF0E8, 0xF0E8, 0xF0E8, 0xF0E8, 0xF0E8, 0xF0E8, 0xF0E8, 0xF0E8, 0xF0E8, 0xF0E8, 0xF0E8, 0x10E9, 
  0x10E9, 0xF0E8, 0xF0E8, 0xF0E8, 0xF0E8, 0xF0E8, 0xF0E8, 0xF0E8, 0xF0E8, 0xF0E8, 0xF0E8, 0xF0E8, 0xF0E8, 0xF0E8, 0x0EE9, 0xC7D8, 
  0x82C8, 0x45E3, 0xCAD5, 0x6352, 0x8231, 0x8010, 0xA018, 0xA010, 0xA010, 0xA010, 0xA010, 0xA010, 0xA010, 0xA010, 0xA010, 0xA010, 
  0xA010, 0xA010, 0xA010, 0xA010, 0xA010, 0xA010, 0xA010, 0xA010, 0xA010, 0xA010, 0xA010, 0xA018, 0x8118, 0x6210, 0x6218, 0x6218, 
  0x6218, 0x6218, 0x6218, 0x6210, 0x6218, 0x6218, 0x6218, 0xA318, 0x6218, 0x6210, 0x6218, 0x6218, 0x6218, 0x6218, 0x6218, 0x6218, 
  0x6218, 0x6210, 0x6218, 0xA320, 0xC320, 0x6118, 0x6110, 0xA320, 0x6118, 0x6110, 0x6218, 0x6218, 0x2110, 0x2118, 0x2118, 0x0110, 
  0x0110, 0x0110, 0x0110, 0x0110, 0x0110, 0x0010, 0x2228, 0xC668, 0x0130, 0x4228, 0x2118, 0x0110, 0x0110, 0x0110, 0x0110, 0x0110, 
  0x0110, 0x0110, 0x0110, 0x0110, 0x0110, 0x0110, 0x0110, 0x0110, 0x0110, 0x0110, 0x0110, 0x0110, 0x0110, 0x0110, 0x0110, 0x0110, 
  0x0110, 0x0110, 0x0110, 0x0110, 0x0110, 0x0110, 0x0110, 0x0110, 0x0110, 0x0110, 0x0110, 0x0110, 0x0110, 0x0110, 0x0110, 0x2110, 
  0x0018, 0x8678, 0x2BC9, 0xA890, 0x4448, 0x2220, 0x0118, 0x0010, 0x0110, 0x0110, 0x0110, 0x2110, 0x0008, 0xA759, 0x55DD, 0xA751, 
  0x2110, 0x6218, 0x6110, 0x6218, 0x8218, 0x6218, 0x6210, 0x8218, 0x0429, 0xE328, 0x4110, 0x6210, 0x6218, 0x6218, 0x6218, 0x6218, 
  0x6218, 0x6218, 0x6218, 0x6218, 0x6218, 0x6218, 0x6210, 0x6218, 0x6218, 0x6218, 0x6218, 0x6218, 0x6218, 0x6218, 0x6218, 0x6218, 
  0x6218, 0x6110, 0x6010, 0x8010, 0xA018, 0xA018, 0xA010, 0xA010, 0xA010, 0xA018, 0xA010, 0xA010, 0xA010, 0xA010, 0xA018, 0xA010, 
  0xA010, 0xA010, 0xA018, 0xA010, 0xA018, 0xA010, 0xA010, 0xA010, 0xA018, 0xA018, 0xA010, 0xA018, 0xA010, 0xA010, 0xA010, 0xA010, 
  0xA010, 0x8018, 0x4131, 0xEAC5, 0x2AF7, 0x0AEF, 0x4AF6, 0xE3C9, 0xA2D0, 0xA4D0, 0xEBE0, 0xF0E8, 0xF0E8, 0xF0E8, 0xF0E8, 0xF0E8, 
  0xF0E8, 0xF0E8, 0xF0E8, 0xF0E8, 0xF0E8, 0xF0E8, 0xF0E8, 0xF0E8, 0xF0E8, 0xF0E8, 0xF0E8, 0xF0E8, 0xF0E8, 0xF0E8, 0xF0E8, 0x10E9, 
  0x10E9, 0xEFE8, 0xF0E8, 0xF0E8, 0xF0E8, 0xF0E8, 0xF0E8, 0xF0E8, 0xF0E8, 0xF0E8, 0xF0E8, 0xF0E8, 0xF0E8, 0xF0E8, 0xEEE8, 0xA6D8, 
  0x81C8, 0xE6E3, 0x69C5, 0xC239, 0x254A, 0xE120, 0x8010, 0xA018, 0xA018, 0xA010, 0xA018, 0xA010, 0xA010, 0xA018, 0xA010, 0xA010, 
  0xA010, 0xA010, 0xA010, 0xA010, 0xA010, 0xA018, 0xA018, 0xA010, 0xA010, 0xA010, 0xA010, 0xA018, 0x8018, 0x6110, 0x6210, 0x6218, 
  0x6218, 0x6218, 0x6218, 0x6218, 0x6218, 0x6218, 0x6218, 0x6210, 0x6218, 0x6218, 0x6218, 0x6218, 0x6218, 0x6218, 0x6218, 0x6218, 
  0x6218, 0x6218, 0x6210, 0xC320, 0xC320, 0x8218, 0xC320, 0x6110, 0x4531, 0xA320, 0x4210, 0x4218, 0x0010, 0x2118, 0x2118, 0x0010, 
  0x0110, 0x0110, 0x0110, 0x0110, 0x2110, 0x0010, 0xC668, 0xA560, 0x2128, 0x4220, 0x0110, 0x0110, 0x0110, 0x0110, 0x0110, 0x0110, 
  0x0110, 0x0110, 0x0110, 0x0110, 0x0110, 0x0110, 0x0110, 0x0110, 0x0110, 0x0110, 0x0110, 0x0110, 0x0110, 0x0110, 0x0110, 0x0110, 
  0x0110, 0x0110, 0x0110, 0x0110, 0x0110, 0x0110, 0x0110, 0x0110, 0x0110, 0x0110, 0x0110, 0x0110, 0x0110, 0x0110, 0x0110, 0x0110, 
  0x0018, 0x0020, 0xA780, 0x0AB1, 0x8788, 0x8560, 0x8558, 0x4340, 0x0118, 0x0110, 0x0110, 0x0110, 0x4110, 0x2008, 0xA751, 0x35D5, 
  0x0439, 0x2110, 0x8218, 0x8210, 0x6210, 0x6218, 0x6210, 0x8218, 0x8220, 0x0429, 0x6218, 0x6210, 0x6218, 0x6218, 0x6218, 0x6218, 
  0x6218, 0x6218, 0x6218, 0x6218, 0x6218, 0x6218, 0x6218, 0x6218, 0x6218, 0x6218, 0x6218, 0x6218, 0x6218, 0x6218, 0x6218, 0x6218, 
  0x6218, 0x6110, 0x6010, 0x8010, 0xA018, 0xA010, 0xA010, 0xA010, 0xA018, 0xA010, 0xA010, 0xA010, 0xA010, 0xA010, 0xA018, 0xA018, 
  0xA018, 0xA010, 0xA018, 0xA010, 0xA010, 0xA018, 0xA010, 0xA010, 0xA018, 0xA018, 0xA010, 0xA018, 0xA018, 0xA010, 0xA010, 0xA010, 
  0xA010, 0xA018, 0xC118, 0x446B, 0xCBE6, 0x09EF, 0x0AFF, 0x06DC, 0xC2C8, 0xA3D8, 0xA7D8, 0x0EE9, 0xF0E8, 0xF0E8, 0xF0E8, 0xF0E8, 
  0xF0E8, 0xF0E8, 0xF0E8, 0xF0E8, 0xF0E8, 0xF0E8, 0xF0E8, 0xF0E8, 0xF0E8, 0xF0E8, 0xF0E8, 0xF0E8, 0xF0E8, 0xF0E8, 0xF0E8, 0x10E9, 
  0x10E9, 0xEFE8, 0xF0E8, 0xF0E8, 0x10E9, 0xF0E8, 0xF0E8, 0xF0E8, 0xF0E8, 0xF0E8, 0xF0E8, 0xF0E8, 0xF0E8, 0xF0E8, 0xEDE8, 0xA6D8, 
  0xA1C8, 0x88EC, 0x07AD, 0x8452, 0x2121, 0xA118, 0xA010, 0xA018, 0xA010, 0xA010, 0xA010, 0xA010, 0xA018, 0xA010, 0xC018, 0xA010, 
  0xA010, 0xA010, 0xA010, 0xA010, 0xA010, 0xA010, 0xA010, 0xA010, 0xA010, 0xA010, 0xA010, 0x8018, 0x8018, 0x6110, 0x6110, 0x6218, 
  0x6218, 0x6218, 0x6218, 0x6218, 0x6218, 0x6218, 0x6210, 0x6210, 0x6218, 0x6218, 0x6218, 0x6218, 0x6218, 0x6218, 0x6218, 0x6218, 
  0x6218, 0x6210, 0x6218, 0xA320, 0xC320, 0xE320, 0xC320, 0x6118, 0xA220, 0x8218, 0x6218, 0x4110, 0x0110, 0x0110, 0x0110, 0x0110, 
  0x0110, 0x0110, 0x0110, 0x0110, 0x0010, 0x0120, 0xE778, 0x2238, 0x4228, 0x0118, 0x0110, 0x0110, 0x0110, 0x0110, 0x0110, 0x0110, 
  0x0110, 0x0110, 0x0110, 0x0110, 0x0110, 0x0110, 0x0110, 0x0110, 0x0110, 0x0110, 0x0110, 0x0110, 0x0110, 0x0110, 0x0110, 0x0110, 
  0x0110, 0x0110, 0x0110, 0x0110, 0x0110, 0x0110, 0x0110, 0x0110, 0x0110, 0x0110, 0x0110, 0x0110, 0x0110, 0x0110, 0x0110, 0x2110, 
  0x0110, 0x0010, 0x0120, 0xC670, 0x6460, 0x2240, 0xA660, 0x8560, 0x6340, 0x0110, 0x0110, 0x0110, 0x2110, 0x8218, 0x0008, 0x0862, 
  0x31AC, 0x4118, 0x4110, 0x6218, 0x8218, 0x4110, 0x6210, 0x6210, 0x2531, 0xC320, 0x6110, 0x6218, 0x6218, 0x6218, 0x6218, 0x6218, 
  0x6218, 0x6218, 0x6218, 0x6218, 0x6218, 0x6218, 0x6218, 0x6218, 0x6218, 0x6218, 0x6218, 0x6218, 0x6218, 0x6218, 0x6218, 0x6218, 
  0x6210, 0x6110, 0x6010, 0x8010, 0xA018, 0xA018, 0xA010, 0xA018, 0xA018, 0xA018, 0xA010, 0xA010, 0xA010, 0xA010, 0xA010, 0xA010, 
  0xA010, 0xA010, 0xA018, 0xA010, 0xA018, 0xA010, 0xA010, 0xA010, 0xA010, 0xA010, 0xA010, 0xA010, 0xA010, 0xA010, 0xA010, 0xA018, 
  0xA018, 0xA018, 0x8010, 0x6131, 0xE7A4, 0x0AEF, 0x0AF7, 0x2AF6, 0xC3C9, 0xA3D0, 0xA4D8, 0xEBE0, 0x0FE9, 0xEFE8, 0xF0E8, 0xF0E8, 
  0xF0E8, 0xF0E8, 0xF0E8, 0xF0E8, 0xF0E8, 0xF0E8, 0xF0E8, 0xF0E8, 0xF0E8, 0xF0E8, 0xF0E8, 0xF0E8, 0xF0E8, 0xF0E8, 0xF0E8, 0x10E9, 
  0x10E9, 0xEFE8, 0xF0E8, 0xF0E8, 0xF0E8, 0xF0E8, 0xF0E8, 0xF0E8, 0xF0E8, 0xF0E8, 0xF0E8, 0xF0E8, 0xF0E8, 0xF0E8, 0xECE0, 0xA4D0, 
  0xE1C8, 0x0AED, 0x2694, 0x2129, 0xE018, 0x8010, 0xA018, 0xA018, 0xA010, 0xA010, 0xA010, 0xA010, 0xA010, 0xA010, 0xA018, 0xA018, 
  0xA010, 0xA010, 0xA010, 0xA010, 0xA010, 0xA010, 0xA010, 0xA010, 0xA018, 0xA010, 0xA010, 0xA018, 0xA018, 0x8110, 0x6110, 0x6218, 
  0x6218, 0x6218, 0x6218, 0x6218, 0x6218, 0x6218, 0x6210, 0x6210, 0x6218, 0x6218, 0x6218, 0x6218, 0x6218, 0x6218, 0x6218, 0x6218, 
  0x6218, 0x6218, 0x6210, 0x4110, 0xC320, 0xC320, 0x6110, 0x8218, 0x6110, 0x6210, 0x6210, 0x6218, 0xA320, 0x0010, 0x0110, 0x0110, 
  0x0110, 0x0110, 0x0110, 0x0110, 0x0010, 0x6348, 0xC668, 0x0128, 0x4228, 0x0118, 0x0110, 0x0110, 0x0110, 0x4218, 0x0110, 0x0110, 
  0x0110, 0x0110, 0x0110, 0x0110, 0x0110, 0x0110, 0x0110, 0x0110, 0x0110, 0x0110, 0x0110, 0x0110, 0x0110, 0x0110, 0x0110, 0x0110, 
  0x0110, 0x0110, 0x0110, 0x0110, 0x0110, 0x0110, 0x0110, 0x0110, 0x0110, 0x0110, 0x0110, 0x0110, 0x0110, 0x0110, 0x0110, 0x0110, 
  0x0110, 0x4220, 0x0010, 0x2120, 0x8340, 0x0018, 0x0120, 0x0120, 0x4228, 0x0118, 0x0110, 0x0110, 0x2110, 0x6218, 0x6218, 0x0110, 
  0x2D83, 0xEC7A, 0x8220, 0x4110, 0x8641, 0xA749, 0x4110, 0xC320, 0xC320, 0x6218, 0x6210, 0x6210, 0x6218, 0x6218, 0x6218, 0x6218, 
  0x6218, 0x6218, 0x6218, 0x6218, 0x6218, 0x6218, 0x6218, 0x6218, 0x6218, 0x6218, 0x6218, 0x6218, 0x6218, 0x6218, 0x6218, 0x6210, 
  0x8218, 0x6118, 0x6010, 0x8010, 0xA018, 0xA010, 0xA010, 0xA018, 0xA010, 0xA010, 0xA010, 0xA010, 0xA010, 0xA010, 0xA018, 0xA018, 
  0xA010, 0xA010, 0xA018, 0xA010, 0xA010, 0xA010, 0xA010, 0xA018, 0xA010, 0xA010, 0xA010, 0xA018, 0xA010, 0xA010, 0xA010, 0xA018, 
  0x8018, 0xA018, 0x8010, 0x0129, 0x29AD, 0xCAE6, 0x0AEF, 0x2BF7, 0x06DC, 0xC2C8, 0xA3D0, 0xC8D8, 0xEFE8, 0xEFE8, 0x10E9, 0xF0E8, 
  0xF0E8, 0xF0E8, 0xF0E8, 0xF0E8, 0xF0E8, 0xF0E8, 0xF0E8, 0xF0E8, 0xF0E8, 0xF0E8, 0xF0E8, 0xF0E8, 0xF0E8, 0xF0E8, 0xF0E8, 0x10E9, 
  0x10E9, 0xF0E8, 0xF0E8, 0xF0E8, 0xF0E8, 0xF0E8, 0xF0E8, 0xF0E8, 0xF0E8, 0xF0E8, 0xF0E8, 0xF0E8, 0xF0E8, 0x10E9, 0xEAE8, 0x84D0, 
  0x42C9, 0x6AED, 0x058C, 0x6231, 0xC018, 0x8010, 0xA010, 0xA010, 0xA010, 0xA018, 0xA010, 0xA010, 0xA018, 0xA010, 0xA018, 0xA018, 
  0xA018, 0xA018, 0xA010, 0xA010, 0xA010, 0xA010, 0xA010, 0xA010, 0xA010, 0xA010, 0xA010, 0xA010, 0xA018, 0x8010, 0x6110, 0x6210, 
  0x6218, 0x6218, 0x6218, 0x6218, 0x6218, 0x6218, 0x6218, 0x6218, 0x6218, 0x6218, 0x6218, 0x6218, 0x6218, 0x6218, 0x6218, 0x6218, 
  0x6218, 0x6218, 0x6218, 0x6210, 0x6218, 0xE428, 0x8218, 0x6210, 0x8210, 0x8218, 0x4110, 0xA220, 0x0431, 0x2110, 0x2110, 0x0110, 
  0x0110, 0x0110, 0x0110, 0x0110, 0x0018, 0xE660, 0x4338, 0x0010, 0x2118, 0x0110, 0x0110, 0x0110, 0x0110, 0x0110, 0x0110, 0x0110, 
  0x4220, 0x4220, 0x0010, 0x0110, 0x0110, 0x0110, 0x0110, 0x0110, 0x0110, 0x0110, 0x0110, 0x0110, 0x0110, 0x0110, 0x0010, 0x0010, 
  0x0110, 0x0110, 0x0110, 0x0110, 0x0110, 0x0110, 0x0110, 0x0110, 0x0110, 0x0110, 0x0110, 0x0110, 0x0110, 0x0110, 0x0110, 0x0010, 
  0x0110, 0x2118, 0x0110, 0x0010, 0x2120, 0x4228, 0x0010, 0x0010, 0x0110, 0x0110, 0x0110, 0x0110, 0x2110, 0x8210, 0x6218, 0x6218, 
  0x2110, 0x4962, 0xC751, 0x2010, 0x6218, 0xA320, 0x4118, 0xE328, 0x2429, 0x6218, 0x6218, 0x6210, 0x8210, 0x6218, 0x6110, 0x6210, 
  0x6218, 0x6218, 0x6218, 0x6218, 0x8210, 0x8210, 0x6218, 0x6218, 0x6218, 0x6218, 0x6218, 0x6218, 0x6218, 0x6210, 0x6110, 0x6110, 
  0x8218, 0x6118, 0x6010, 0x8010, 0xA018, 0xA018, 0xA010, 0xA010, 0xA010, 0xA010, 0xA010, 0xA010, 0xA018, 0xA010, 0xA010, 0xA018, 
  0xA010, 0xA010, 0xA018, 0xA010, 0xA018, 0xA018, 0xA010, 0xA018, 0xA010, 0xA010, 0xA010, 0xA010, 0xA010, 0xA010, 0xA010, 0xA010, 
  0x8010, 0xA010, 0xA018, 0x8010, 0x056B, 0x0CEF, 0x0AEF, 0x0AEF, 0x4AF6, 0xE2C9, 0xA3D0, 0xA5D0, 0xECE8, 0xF0E8, 0xF0E0, 0xF0E8, 
  0xF0E8, 0xF0E8, 0xF0E8, 0xF0E8, 0xF0E8, 0xF0E8, 0xF0E8, 0xF0E8, 0xF0E8, 0xF0E8, 0xF0E8, 0xF0E8, 0xF0E8, 0xEFE8, 0xEFE8, 0x10E9, 
  0x10E9, 0xF0E8, 0xF0E8, 0xF0E8, 0xF0E8, 0xF0E8, 0xF0E8, 0xF0E8, 0xF0E8, 0xF0E8, 0xF0E8, 0xF0E8, 0xF0E8, 0xEFE8, 0xC9E0, 0x83D0, 
  0xC2D1, 0xEAED, 0x08A5, 0x8231, 0x8010, 0xA018, 0xA010, 0xA010, 0xA010, 0xA018, 0xA010, 0xA010, 0xA010, 0xA010, 0xA010, 0xA010, 
  0xA010, 0xA018, 0xA010, 0xA010, 0xA010, 0xA018, 0xA010, 0xA010, 0xA010, 0xA010, 0xA010, 0xA010, 0xA018, 0x8010, 0x8110, 0x8218, 
  0x6218, 0x6218, 0x6218, 0x6218, 0x6218, 0x6218, 0x6218, 0x6218, 0x6218, 0x6218, 0x6218, 0x6218, 0x6218, 0x6218, 0x6218, 0x6218, 
  0x6218, 0x6218, 0x6218, 0x6210, 0x8218, 0x4531, 0x8218, 0x6210, 0x8218, 0x4110, 0x8220, 0x0C7B, 0x6641, 0x6218, 0x4110, 0x0110, 
  0x0110, 0x0110, 0x0118, 0x0010, 0x4338, 0xA558, 0x0120, 0x0118, 0x0110, 0x0110, 0x0110, 0x0110, 0x0110, 0x0110, 0x0110, 0x0110, 
  0x0118, 0x2118, 0x0110, 0x0110, 0x0110, 0x0110, 0x0110, 0x0110, 0x0110, 0x0110, 0x0110, 0x0110, 0x0110, 0x0118, 0x4230, 0x2128, 
  0x0010, 0x0010, 0x0110, 0x0110, 0x0110, 0x0110, 0x0110, 0x0110, 0x0110, 0x0110, 0x0110, 0x0110, 0x0110, 0x0110, 0x0110, 0x2110, 
  0x0110, 0x0110, 0x0110, 0x0110, 0x0110, 0x4220, 0x2118, 0x0010, 0x0110, 0x0110, 0x0110, 0x0010, 0x4110, 0x6210, 0x6218, 0x8218, 
  0x6110, 0x6120, 0x6A72, 0xCB72, 0x6218, 0x6110, 0xC320, 0xA749, 0xC328, 0x6218, 0x8210, 0x8210, 0x6218, 0x4110, 0xC320, 0xA320, 
  0x6210, 0x6110, 0x6110, 0x8218, 0x6210, 0x6210, 0x6210, 0x6218, 0x6218, 0x6218, 0x6218, 0x6218, 0x6218, 0x6210, 0x8218, 0x6210, 
  0x6110, 0x6110, 0x6010, 0x8010, 0xA018, 0xA010, 0xA018, 0xA010, 0xA018, 0xA010, 0xA010, 0xA018, 0xA018, 0xA018, 0xA010, 0xA010, 
  0xA010, 0xA010, 0xA018, 0xA010, 0xA010, 0xA010, 0xA010, 0xA018, 0xA010, 0xA018, 0xA010, 0xA010, 0xA018, 0xA018, 0xA010, 0xA018, 
  0xE120, 0xA010, 0xA010, 0xA018, 0x4010, 0x0563, 0x6AD6, 0x4BFF, 0x0BF7, 0x47E4, 0xC2C8, 0xA3D0, 0xC7D8, 0x0FE9, 0xF0E8, 0xF0E8, 
  0xF0E8, 0xF0E8, 0xF0E8, 0xF0E8, 0xF0E8, 0xF0E8, 0xF0E8, 0xF0E8, 0xF0E8, 0xF0E8, 0xF0E8, 0xF0E8, 0xF0E8, 0xEFE8, 0xEFE8, 0x10E9, 
  0x10E9, 0xEFE8, 0xF0E8, 0xF0E8, 0xF0E8, 0xF0E8, 0xF0E8, 0xF0E8, 0xF0E8, 0xF0E8, 0xF0E8, 0xF0E8, 0xF0E8, 0xF0E8, 0xC9D8, 0x62D0, 
  0x64DA, 0xAAD5, 0xA35A, 0x6231, 0xA018, 0xA010, 0xA010, 0xA018, 0xA018, 0xA010, 0xA010, 0xA010, 0xA010, 0xA018, 0xA010, 0xA018, 
  0xA018, 0xA018, 0xA010, 0xA010, 0xA010, 0xA010, 0xA010, 0xA010, 0xA010, 0xA010, 0xA010, 0x8010, 0xA010, 0xA010, 0x8110, 0x6218, 
  0x6218, 0x6218, 0x6218, 0x6218, 0x6218, 0x6218, 0x6218, 0x6218, 0x6218, 0x6218, 0x6218, 0x6218, 0x6218, 0x6218, 0x6218, 0x6218, 
  0x6218, 0x6218, 0x6218, 0x6218, 0x6218, 0x6218, 0x6110, 0x6210, 0x6218, 0x2110, 0x0431, 0xEC72, 0xC328, 0x6110, 0x6218, 0x4110, 
  0x0110, 0x0110, 0x0010, 0x2128, 0xE770, 0x4238, 0x0118, 0x2118, 0x0110, 0x0110, 0x0110, 0x0110, 0x0110, 0x0110, 0x0110, 0x0110, 
  0x0010, 0x0010, 0x2110, 0x0110, 0x0110, 0x0110, 0x0110, 0x0110, 0x0110, 0x0110, 0x0110, 0x0110, 0x0110, 0x2120, 0xC550, 0x2769, 
  0x4228, 0x0010, 0x0110, 0x0110, 0x0110, 0x0110, 0x0110, 0x0110, 0x0110, 0x0110, 0x0110, 0x0110, 0x0110, 0x0110, 0x0110, 0x2118, 
  0x0110, 0x0110, 0x0110, 0x0110, 0x0110, 0x0110, 0x2118, 0x0118, 0x0110, 0x0110, 0x0110, 0x2110, 0x6218, 0x6218, 0x6218, 0x8210, 
  0x4110, 0xE328, 0x31AC, 0x0C83, 0x2110, 0x6110, 0x8641, 0x2D83, 0xC328, 0x6110, 0x8218, 0x6218, 0x6218, 0x6210, 0x8218, 0x8218, 
  0x4110, 0x8220, 0xC328, 0x0010, 0x4110, 0x8218, 0x6210, 0x6218, 0x6218, 0x6218, 0x6218, 0x6110, 0x6210, 0x6218, 0x6218, 0x6210, 
  0x6218, 0x6118, 0x6010, 0x6010, 0xA018, 0xA018, 0xA010, 0xA018, 0xA010, 0xA010, 0xA010, 0xA010, 0xA010, 0xA010, 0xA010, 0xA010, 
  0xA010, 0xA010, 0xA010, 0xA010, 0xA010, 0xA010, 0xA010, 0xA010, 0xA010, 0xA010, 0xA010, 0xA010, 0xA010, 0xA010, 0x8010, 0xA018, 
  0x8331, 0xA010, 0xA018, 0xA018, 0xA118, 0x4008, 0xC239, 0x69B5, 0x4BF7, 0xABFE, 0xA3D2, 0xA2C8, 0xA5D0, 0xEBE0, 0xEFE8, 0xF0E8, 
  0xF0E8, 0xF0E8, 0xF0E8, 0xF0E8, 0xF0E8, 0xF0E8, 0xF0E8, 0xF0E8, 0xF0E8, 0xF0E8, 0xF0E8, 0xF0E8, 0xF0E8, 0xEFE8, 0xEFE8, 0x10E9, 
  0x10E9, 0xF0E8, 0xF0E8, 0xF0E8, 0xF0E8, 0xF0E8, 0xF0E8, 0xF0E8, 0xF0E8, 0xF0E8, 0xF0E8, 0xF0E8, 0xF0E8, 0x0FE9, 0xC8D8, 0x62C8, 
  0xE5DA, 0x49BD, 0x8352, 0x2129, 0xA018, 0xA010, 0xA010, 0xA010, 0xA018, 0xA010, 0xA010, 0xA010, 0xA018, 0xA018, 0xA010, 0xA010, 
  0xA010, 0xA018, 0xA010, 0xA010, 0xA018, 0xA010, 0xA010, 0xA010, 0xA018, 0xA018, 0xA010, 0xC118, 0xA018, 0xA010, 0x8110, 0x6118, 
  0x6218, 0x6218, 0x6218, 0x6218, 0x6218, 0x6218, 0x6218, 0x6218, 0x6218, 0x6218, 0x6218, 0x6218, 0x6218, 0x6218, 0x6218, 0x6218, 
  0x6218, 0x6218, 0x6218, 0x6210, 0x6210, 0x4110, 0x6210, 0x6218, 0x6218, 0x6218, 0xA320, 0x6118, 0x6110, 0x8210, 0x6218, 0x6210, 
  0x4110, 0x0110, 0x0010, 0x8568, 0xC780, 0x0120, 0x2220, 0x0118, 0x0110, 0x0110, 0x0110, 0x0110, 0x0110, 0x0110, 0x0110, 0x0110, 
  0x0110, 0x0110, 0x0110, 0x0110, 0x0110, 0x0110, 0x0110, 0x2118, 0x0110, 0x0110, 0x0110, 0x0110, 0x0110, 0x0118, 0x0120, 0x2128, 
  0x0118, 0x0110, 0x2110, 0x0110, 0x0110, 0x0110, 0x0110, 0x0110, 0x0110, 0x0110, 0x0110, 0x0110, 0x0110, 0x0110, 0x0110, 0x0110, 
  0x0110, 0x0110, 0x0110, 0x0110, 0x0110, 0x0110, 0x0110, 0x2118, 0x0118, 0x0110, 0x0110, 0x4110, 0x6218, 0x6218, 0x6218, 0x6218, 
  0x6218, 0x2010, 0x6A72, 0x0439, 0xC328, 0x6110, 0x2431, 0xEC7A, 0xC328, 0x6110, 0x6218, 0x6218, 0x6210, 0x6210, 0x6218, 0x2110, 
  0x0431, 0xCFA3, 0x92C4, 0x296A, 0x8228, 0x4210, 0x6210, 0x6218, 0x6218, 0x6218, 0x6218, 0x6218, 0x6218, 0x6218, 0x6110, 0x6210, 
  0x6210, 0x6118, 0x6010, 0x8010, 0x8018, 0xA018, 0xA018, 0xA010, 0xA010, 0xA018, 0xA010, 0xA010, 0xA018, 0xA010, 0xA010, 0xA010, 
  0xA010, 0xA010, 0xA010, 0xA010, 0xA018, 0xA010, 0xA018, 0xA010, 0xA010, 0xA010, 0xA010, 0xA018, 0xA010, 0x8010, 0xA018, 0xC118, 
  0x8010, 0xA010, 0xA010, 0xA010, 0xA018, 0xA018, 0xE118, 0xC339, 0x8694, 0x8ADE, 0x89F5, 0x22C9, 0xA3D0, 0xA6D8, 0xECE8, 0xF0E8, 
  0xF0E8, 0xF0E8, 0xF0E8, 0xF0E8, 0xF0E8, 0xF0E8, 0xF0E8, 0xF0E8, 0xF0E8, 0xF0E8, 0xF0E8, 0xF0E8, 0xF0E8, 0xF0E8, 0xEFE0, 0x10E9, 
  0x10E9, 0xF0E8, 0xF0E8, 0xF0E8, 0xF0E8, 0xF0E8, 0xF0E8, 0xF0E8, 0xF0E8, 0xF0E8, 0xF0E8, 0xF0E8, 0xF0E8, 0x0DE9, 0xA6D8, 0x81C8, 
  0x86E3, 0x6ABD, 0xA239, 0xC018, 0xA018, 0xA010, 0xA010, 0xA010, 0xA010, 0xA010, 0xA018, 0xA018, 0xA018, 0xA010, 0xA018, 0xA018, 
  0xA018, 0xA010, 0xA010, 0xA018, 0xA018, 0xA010, 0xA010, 0xA010, 0xA018, 0xA018, 0x8010, 0x2229, 0xC118, 0x8010, 0x8018, 0x6118, 
  0x6218, 0x6218, 0x6218, 0x6218, 0x6218, 0x6218, 0x6218, 0x6218, 0x6218, 0x6218, 0x6218, 0x6218, 0x6218, 0x6218, 0x6218, 0x6218, 
  0x6218, 0x6218, 0x6218, 0x6210, 0x6210, 0xC320, 0x8218, 0x6218, 0x4110, 0xA320, 0xE420, 0x6210, 0x8210, 0x6210, 0x6218, 0x8210, 
  0x6218, 0x2110, 0x0128, 0x2999, 0x6458, 0x0018, 0x2118, 0x0110, 0x0110, 0x0110, 0x0110, 0x0110, 0x0110, 0x0110, 0x0110, 0x0110, 
  0x0110, 0x0110, 0x0110, 0x0110, 0x0110, 0x0110, 0x0110, 0x2110, 0x0110, 0x0110, 0x0110, 0x2118, 0x0118, 0x6228, 0x4220, 0x0010, 
  0x0110, 0x0110, 0x0110, 0x0110, 0x0110, 0x0110, 0x0110, 0x0110, 0x0110, 0x2118, 0x0110, 0x0110, 0x0110, 0x0110, 0x0110, 0x0110, 
  0x0110, 0x0110, 0x0110, 0x0110, 0x0110, 0x0110, 0x0010, 0x2118, 0x6228, 0x0010, 0x2110, 0x6218, 0x6210, 0x6210, 0x6218, 0x6218, 
  0x6110, 0xA220, 0xAB72, 0xC330, 0x8A72, 0xC330, 0x0431, 0x6641, 0x6220, 0x6210, 0x6218, 0x6218, 0x6210, 0x8218, 0x0010, 0x6541, 
  0x4D93, 0xF4DC, 0x35ED, 0x96ED, 0xAFA3, 0x2118, 0x6210, 0x6218, 0x6218, 0x6218, 0x6218, 0x6218, 0x6218, 0x6218, 0x6218, 0x6218, 
  0x6218, 0x6118, 0x6010, 0x6010, 0x8018, 0xA018, 0xA018, 0xA018, 0xA018, 0xA018, 0xA010, 0xA010, 0xA018, 0xA010, 0xA010, 0xA010, 
  0xA010, 0xA018, 0xA010, 0xA010, 0xA010, 0xA010, 0xA018, 0xA018, 0xA018, 0xA010, 0xA010, 0xA010, 0xA010, 0xA010, 0xA018, 0xA018, 
  0xA018, 0xA010, 0xA018, 0xA010, 0xA010, 0x6018, 0x6231, 0x076B, 0x6131, 0x8352, 0x6ADD, 0xE4D9, 0x83D0, 0xA3D8, 0xA6D8, 0xEEE8, 
  0xF0E8, 0xF0E8, 0xF0E8, 0xF0E8, 0xF0E8, 0xF0E8, 0xF0E8, 0xF0E8, 0xF0E8, 0xF0E8, 0xF0E8, 0xF0E8, 0xF0E8, 0xF0E8, 0xF0E8, 0x10E9, 
  0x10E9, 0xF0E8, 0xF0E8, 0xF0E8, 0xF0E8, 0xF0E8, 0xF0E8, 0xF0E8, 0xF0E8, 0xF0E8, 0xF0E8, 0xF0E8, 0xF0E8, 0xEDE8, 0xA5D8, 0xA1C8, 
  0x07E4, 0x09B5, 0x8239, 0x8018, 0xA018, 0xA010, 0xA010, 0xA018, 0xA010, 0xA010, 0xA010, 0xA010, 0xA010, 0xA010, 0xA010, 0xA010, 
  0xA010, 0xA010, 0xA010, 0xA010, 0xA010, 0xA018, 0xA010, 0xA018, 0xA010, 0xA010, 0xA018, 0x8010, 0xA010, 0xA010, 0x8018, 0x8118, 
  0x6218, 0x6218, 0x6218, 0x6218, 0x6218, 0x6218, 0x6218, 0x6218, 0x6218, 0x6218, 0x6218, 0x6218, 0x6218, 0x6218, 0x6218, 0x6218, 
  0x6218, 0x6218, 0x6218, 0x6218, 0x6218, 0xA318, 0x6218, 0x4210, 0x6218, 0x6639, 0xA320, 0x6218, 0x6218, 0x6218, 0x6218, 0x6210, 
  0x6218, 0x0010, 0x8670, 0x29A1, 0x2238, 0x2118, 0x0118, 0x0110, 0x0110, 0x0110, 0x0110, 0x0110, 0x0110, 0x0110, 0x0110, 0x0110, 
  0x0110, 0x0110, 0x0110, 0x0110, 0x0110, 0x0110, 0x0110, 0x0110, 0x0110, 0x0110, 0x0010, 0x4220, 0x0118, 0x0010, 0x0010, 0x0010, 
  0x0010, 0x0110, 0x0110, 0x0110, 0x0110, 0x0110, 0x0110, 0x0110, 0x0110, 0x4218, 0x2118, 0x0110, 0x0110, 0x0110, 0x0110, 0x0110, 
  0x0110, 0x0110, 0x0110, 0x0110, 0x0110, 0x0110, 0x0110, 0x0010, 0x2120, 0x6220, 0x4118, 0x6210, 0x6218, 0x6218, 0x6218, 0x8218, 
  0x2010, 0xC759, 0x93BC, 0x085A, 0xCFAB, 0x72C4, 0x6A72, 0x8649, 0xE428, 0x8218, 0x6218, 0x6218, 0x8218, 0x2110, 0x4541, 0xF0AB, 
  0xAFAB, 0x14E5, 0x14E5, 0x14E5, 0x76ED, 0xC759, 0x2008, 0x8218, 0x6218, 0x6218, 0x6210, 0x6218, 0x6218, 0x6218, 0x6218, 0x6218, 
  0x6218, 0x8118, 0x6010, 0x4010, 0x8018, 0xA018, 0x8010, 0xA010, 0xA010, 0xA010, 0xA010, 0xA018, 0xA010, 0xA010, 0xA018, 0xA010, 
  0xA010, 0xA018, 0xA010, 0xA010, 0xA018, 0xA010, 0xA010, 0xA010, 0xA010, 0xA010, 0xA018, 0xA010, 0xA010, 0xA010, 0x8010, 0xA010, 
  0x8010, 0xA010, 0xA018, 0xA018, 0xC118, 0x8018, 0xC239, 0xA239, 0x0121, 0xE249, 0xC7C3, 0x63D1, 0xA3D0, 0xC3D8, 0xA4D0, 0xCBE0, 
  0x10E9, 0xF0E8, 0xF0E8, 0xF0E8, 0xF0E8, 0xF0E8, 0xF0E8, 0xF0E8, 0xF0E8, 0xF0E8, 0xF0E8, 0xF0E8, 0xF0E8, 0xF0E8, 0xF0E8, 0x10E9, 
  0x10E9, 0xF0E8, 0xF0E8, 0xF0E8, 0xF0E8, 0xF0E8, 0xF0E8, 0xF0E8, 0xF0E8, 0xF0E8, 0xF0E8, 0xF0E8, 0xF0E8, 0xECE0, 0xA4D8, 0xC2C8, 
  0xA9EC, 0xC7AC, 0xC239, 0xA018, 0xA018, 0xA010, 0xA010, 0xA010, 0xA010, 0xA010, 0xA010, 0xA010, 0xA010, 0xA010, 0xA018, 0xA010, 
  0xA010, 0xA010, 0xA010, 0xA010, 0x8010, 0xA018, 0xA018, 0x8010, 0xA018, 0xA018, 0xA010, 0xA010, 0xA010, 0xA010, 0xA018, 0x8110, 
  0x6118, 0x6218, 0x6218, 0x6218, 0x6218, 0x6218, 0x6218, 0x6218, 0x6218, 0x6218, 0x6218, 0x6218, 0x6218, 0x6218, 0x6218, 0x6218, 
  0x6218, 0x6218, 0x6218, 0x6218, 0x6218, 0x6210, 0x6218, 0x6210, 0x2010, 0xA320, 0x8320, 0x6218, 0x8210, 0x6218, 0x6218, 0x8210, 
  0x4110, 0xC448, 0x6AB9, 0x8680, 0x0128, 0x2118, 0x0118, 0x0110, 0x0110, 0x0110, 0x0110, 0x0110, 0x0110, 0x0110, 0x2218, 0x0110, 
  0x0110, 0x0110, 0x0110, 0x0110, 0x0110, 0x0110, 0x0110, 0x0110, 0x0110, 0x0110, 0x0110, 0x0010, 0x0010, 0xA558, 0xE778, 0x4238, 
  0x0010, 0x0110, 0x0110, 0x0110, 0x0110, 0x0110, 0x0110, 0x0110, 0x0110, 0x0110, 0x0110, 0x0110, 0x0110, 0x0110, 0x0110, 0x0110, 
  0x0110, 0x0110, 0x0110, 0x0110, 0x0110, 0x0110, 0x0110, 0x0110, 0x0110, 0x4539, 0xC328, 0x4118, 0x6218, 0x6218, 0x6210, 0x8218, 
  0x0008, 0xEC82, 0xAF9B, 0x6128, 0x72CC, 0x97F5, 0xCB7A, 0x6641, 0xC320, 0xA218, 0x6210, 0x6218, 0x6110, 0x8220, 0x93C4, 0x10BC, 
  0x72CC, 0x35ED, 0x14E5, 0x14E5, 0x76F5, 0x8E9B, 0x0010, 0x8218, 0x6210, 0x6218, 0x6218, 0x6210, 0x6218, 0x6218, 0x6218, 0x6218, 
  0x6218, 0x6218, 0x6110, 0x6010, 0x6010, 0xA018, 0x8010, 0xA010, 0xA010, 0xA010, 0xA018, 0xA018, 0xA018, 0xA010, 0xA010, 0xA010, 
  0xA018, 0xA010, 0xA010, 0xA018, 0xA018, 0x8018, 0x8018, 0x8018, 0xA018, 0xA010, 0xA010, 0xA010, 0xA010, 0xC018, 0xC018, 0x8018, 
  0xC118, 0xC018, 0x8010, 0xA018, 0x2129, 0x6131, 0xE45A, 0x6573, 0x0573, 0x059B, 0x44C2, 0xA3C8, 0xC3D8, 0xA3D0, 0xA6D8, 0xEDE8, 
  0xF0E8, 0xF0E8, 0xF0E8, 0xF0E8, 0xF0E8, 0xF0E8, 0xF0E8, 0xF0E8, 0xF0E8, 0xF0E8, 0xF0E8, 0xF0E8, 0xF0E8, 0xF0E8, 0xF0E8, 0x10E9, 
  0x10E9, 0xF0E8, 0xF0E8, 0xF0E8, 0xF0E8, 0xF0E8, 0xF0E8, 0xF0E8, 0xF0E8, 0xF0E8, 0xF0E8, 0xF0E8, 0xF0E8, 0xEBE0, 0x83D8, 0x02C9, 
  0x09E5, 0x4794, 0xA239, 0x8010, 0xA018, 0xA010, 0xA010, 0xA010, 0xA018, 0xA010, 0xA010, 0xA010, 0xA010, 0xA010, 0xA018, 0xA010, 
  0xA018, 0xA010, 0xA010, 0xA010, 0xA010, 0xA010, 0xA018, 0xA010, 0xA010, 0xA010, 0xA010, 0xA010, 0xA010, 0xA018, 0xA018, 0x8010, 
  0x8118, 0x6218, 0x6210, 0x6210, 0x6218, 0x6218, 0x6218, 0x6218, 0x6218, 0x6218, 0x6218, 0x6218, 0x6218, 0x6218, 0x6218, 0x6218, 
  0x6218, 0x6218, 0x6218, 0x6218, 0x6218, 0x6218, 0x6218, 0x4110, 0xE851, 0x4541, 0x2110, 0x6218, 0x8210, 0x6218, 0x6218, 0x8218, 
  0x2010, 0x2FAB, 0x2DCA, 0x6570, 0x2228, 0x4220, 0x0110, 0x0110, 0x0110, 0x0110, 0x0110, 0x0110, 0x0110, 0x0110, 0x0110, 0x0110, 
  0x0110, 0x0110, 0x0110, 0x0110, 0x0110, 0x0110, 0x0110, 0x0110, 0x0110, 0x0110, 0x0110, 0x0110, 0x0010, 0x8448, 0xE888, 0x8450, 
  0x0010, 0x0110, 0x0110, 0x0110, 0x0110, 0x0110, 0x0110, 0x0110, 0x0110, 0x0110, 0x0110, 0x0110, 0x0110, 0x0110, 0x0110, 0x0110, 
  0x0110, 0x0110, 0x0110, 0x0110, 0x0110, 0x0110, 0x0110, 0x0110, 0x6218, 0x2110, 0xCB72, 0xC749, 0x2008, 0x8218, 0x6210, 0x8218, 
  0x4110, 0xE859, 0x8220, 0x6A72, 0x97F5, 0xB3CC, 0x0439, 0xA220, 0xA218, 0x6210, 0x6210, 0x6218, 0x0008, 0x6A6A, 0x72CC, 0xAFAB, 
  0x35E5, 0xB3DC, 0xD3DC, 0x14ED, 0x35ED, 0xF4D4, 0xE438, 0x4110, 0x8218, 0x6218, 0x6218, 0x8210, 0x6218, 0x6218, 0x6218, 0x6218, 
  0x6218, 0x6218, 0x6110, 0x6010, 0x6010, 0x8018, 0xA018, 0xA010, 0xA018, 0xA010, 0xA010, 0xA010, 0xA018, 0xA010, 0x8018, 0x8018, 
  0x8018, 0xA018, 0xA018, 0x8018, 0xA018, 0xA010, 0xA010, 0xA010, 0xA018, 0xA018, 0xA018, 0xC118, 0x8010, 0xE120, 0x0229, 0xE120, 
  0x4229, 0x8010, 0x0121, 0x8239, 0xE56A, 0xC9B4, 0x8AD5, 0x29E5, 0x46D3, 0x83C1, 0xA3D0, 0x84D8, 0xA5D8, 0xC9D8, 0xEDE8, 0x0FE9, 
  0xF0E8, 0xF0E8, 0xF0E8, 0xF0E8, 0xF0E8, 0xF0E8, 0xF0E8, 0xF0E8, 0xF0E8, 0xF0E8, 0xF0E8, 0xF0E8, 0xF0E8, 0xEFE8, 0xEFE8, 0x10E9, 
  0x10E9, 0xF0E8, 0xF0E8, 0xF0E8, 0xF0E8, 0xF0E8, 0xF0E8, 0xF0E8, 0xF0E8, 0xF0E8, 0xF0E8, 0xF0E8, 0x10E9, 0xEAE0, 0x83D0, 0x62C9, 
  0x49E5, 0x4573, 0xE120, 0xA010, 0xA010, 0xA010, 0xA010, 0xA018, 0xA010, 0xA010, 0xA010, 0xA010, 0xA010, 0xA010, 0xA010, 0xA018, 
  0xA010, 0xA018, 0xA018, 0xA010, 0xA010, 0xA010, 0xA010, 0xA010, 0xA010, 0xA010, 0xA010, 0xA010, 0xA010, 0xA010, 0xA010, 0x8010, 
  0x8110, 0x6218, 0x6218, 0x6218, 0x6218, 0x6218, 0x6218, 0x6218, 0x6218, 0x6218, 0x6218, 0x6218, 0x6218, 0x6218, 0x6210, 0x6218, 
  0x6218, 0x6218, 0x6218, 0x6218, 0x6218, 0x6218, 0x6210, 0x4118, 0xD3C4, 0xB3C4, 0x8220, 0x4118, 0x6218, 0x6210, 0x6218, 0x6218, 
  0x4110, 0xF1AB, 0xEA91, 0x0138, 0x4228, 0x0118, 0x0110, 0x0110, 0x2110, 0x0110, 0x0110, 0x0110, 0x0110, 0x0110, 0x0110, 0x0110, 
  0x0110, 0x0110, 0x0110, 0x0110, 0x0110, 0x0110, 0x0110, 0x0110, 0x0110, 0x0110, 0x0110, 0x0110, 0x0010, 0x0010, 0x0120, 0x0118, 
  0x0110, 0x0110, 0x0110, 0x0110, 0x0110, 0x0110, 0x0110, 0x0110, 0x0110, 0x0110, 0x0010, 0x0110, 0x0110, 0x0110, 0x0110, 0x0110, 
  0x0110, 0x0110, 0x0110, 0x0110, 0x0110, 0x0010, 0x0110, 0x6218, 0x6218, 0x4110, 0xE430, 0x495A, 0x2010, 0x4110, 0x6210, 0x6110, 
  0x8220, 0xE851, 0x2110, 0xC751, 0x76E5, 0x0C8B, 0xA320, 0xC328, 0xA318, 0x6210, 0x8218, 0x0010, 0x496A, 0xD4CC, 0x93D4, 0x93D4, 
  0x55ED, 0x92D4, 0x51CC, 0x34ED, 0x14ED, 0x76ED, 0x0862, 0x2108, 0x8218, 0x6218, 0x6218, 0x8210, 0x6218, 0x6218, 0x6218, 0x6218, 
  0x6218, 0x6218, 0x6110, 0x6010, 0x6010, 0x8018, 0xA018, 0xA018, 0xA010, 0xA010, 0xA010, 0xA018, 0xA018, 0x8018, 0xA010, 0xA010, 
  0xA010, 0xA018, 0xA010, 0xA010, 0x8010, 0xA018, 0xC018, 0xA010, 0x8010, 0x8018, 0xC018, 0x2129, 0xE020, 0xC020, 0x244A, 0xE249, 
  0xE251, 0xC57A, 0xA8A3, 0x08C4, 0xA7D3, 0xE6DA, 0xE3D1, 0x03C9, 0xA5C8, 0x87D8, 0xC9E0, 0xEBE0, 0x0DE1, 0xEFE8, 0xEFE8, 0xEFE8, 
  0xF0E8, 0xF0E8, 0xF0E8, 0xF0E8, 0xF0E8, 0xF0E8, 0xF0E8, 0xF0E8, 0xF0E8, 0xF0E8, 0xF0E8, 0xF0E8, 0xF0E8, 0xF0E8, 0xF0E8, 0x10E9, 
  0x10E9, 0xF0E8, 0xF0E8, 0xF0E8, 0xF0E8, 0xF0E8, 0xF0E8, 0xF0E8, 0xF0E8, 0xF0E8, 0xF0E8, 0xF0E8, 0x0FE9, 0xC9E0, 0x83D0, 0xC3D1, 
  0xAADD, 0x8452, 0x8018, 0xA018, 0xA010, 0xA010, 0xA010, 0xA010, 0xA010, 0xA018, 0xA018, 0xA018, 0xA010, 0x8010, 0xA010, 0xA018, 
  0xA010, 0xA010, 0xA010, 0xA018, 0xA010, 0xA010, 0xA010, 0xA010, 0x8010, 0xA010, 0xA018, 0xA018, 0xA010, 0xA010, 0xA010, 0xA018, 
  0x8110, 0x6210, 0x6218, 0x6218, 0x6218, 0x6218, 0x6218, 0x6218, 0x6218, 0x6218, 0x6218, 0x6218, 0x6218, 0x6218, 0x6218, 0x6218, 
  0x6218, 0x6218, 0x6218, 0x6218, 0x6210, 0x6218, 0x8218, 0x2010, 0xEC8A, 0x56E5, 0xA651, 0x2008, 0x8218, 0x6218, 0x6218, 0x8210, 
  0x6110, 0x2539, 0xC438, 0x0018, 0x2120, 0x0110, 0x0110, 0x0110, 0x0110, 0x0110, 0x0110, 0x0110, 0x0110, 0x0110, 0x0110, 0x0110, 
  0x0110, 0x0110, 0x0110, 0x0110, 0x0110, 0x0110, 0x0110, 0x0110, 0x0110, 0x0110, 0x0110, 0x0110, 0x0110, 0x6228, 0xA438, 0x2120, 
  0x0110, 0x0110, 0x0110, 0x0110, 0x0110, 0x0110, 0x0110, 0x0110, 0x0110, 0x0118, 0x2120, 0x0118, 0x0110, 0x0110, 0x0110, 0x0110, 
  0x0110, 0x0110, 0x0110, 0x0110, 0x0010, 0x2110, 0x6210, 0x8210, 0x6210, 0x8218, 0x4110, 0xA220, 0xAA6A, 0x8318, 0x6110, 0x4110, 
  0x4539, 0x6639, 0x2108, 0x4120, 0x4D93, 0x2439, 0x8218, 0x6218, 0x6210, 0x8218, 0x2008, 0x8649, 0x51BC, 0x92CC, 0x72CC, 0xF4E4, 
  0x35ED, 0xB3D4, 0xB3D4, 0x34E5, 0x14E5, 0x76F5, 0x6E9B, 0x0010, 0x8218, 0x6218, 0x6218, 0x8210, 0x6218, 0x6218, 0x6218, 0x6218, 
  0x6218, 0x6218, 0x6110, 0x6010, 0x6010, 0x8018, 0xA018, 0xA010, 0xA018, 0xA010, 0xA010, 0xA010, 0xA018, 0xA018, 0xA010, 0xA010, 
  0xA018, 0xA118, 0xA018, 0xC018, 0xA018, 0x0121, 0xC341, 0x4131, 0x8239, 0xE341, 0xE66A, 0xC572, 0x0262, 0x858A, 0xC6A2, 0x45A2, 
  0x05BA, 0x04CA, 0x84D1, 0xE4C8, 0xA4C8, 0x86D0, 0xA9D8, 0xCBE0, 0xEDE8, 0xEEE8, 0x0FE9, 0x10E1, 0xF0E8, 0xF0E8, 0xF0E8, 0xF0E8, 
  0xF0E8, 0xF0E8, 0xF0E8, 0xF0E8, 0xF0E8, 0xF0E8, 0xF0E8, 0xF0E8, 0xF0E8, 0xF0E8, 0xF0E8, 0xF0E8, 0xF0E8, 0xF0E8, 0xF0E8, 0x10E9, 
  0x10E9, 0xF0E8, 0xF0E8, 0xF0E8, 0xF0E8, 0xF0E8, 0x10E9, 0xF0E8, 0xF0E8, 0xF0E8, 0xF0E8, 0xEFE8, 0x0FE9, 0xC8E0, 0x83D0, 0x64DA, 
  0x6ACD, 0x8131, 0xA018, 0xA010, 0xA010, 0xA018, 0xA018, 0xA018, 0x8010, 0xA018, 0xA018, 0xA010, 0xA018, 0xA010, 0xA010, 0xA010, 
  0xA010, 0xA018, 0xA010, 0xA010, 0xA010, 0xA010, 0xA010, 0xA018, 0xA010, 0xA018, 0xA018, 0xA010, 0xA010, 0xA010, 0xA010, 0xA018, 
  0x8110, 0x6110, 0x6218, 0x6218, 0x6218, 0x6218, 0x6218, 0x6218, 0x6218, 0x6218, 0x6218, 0x6218, 0x6218, 0x6218, 0x6210, 0x6218, 
  0x6218, 0x6218, 0x6218, 0x6218, 0x6210, 0x6218, 0x6218, 0x4110, 0xE330, 0xD3CC, 0x4E9B, 0x2010, 0x6218, 0x6218, 0x6218, 0x6218, 
  0x6218, 0xA328, 0xA328, 0x4220, 0x0118, 0x0110, 0x0110, 0x0110, 0x0110, 0x0110, 0x0110, 0x0110, 0x0110, 0x0110, 0x0110, 0x0110, 
  0x0110, 0x0110, 0x2110, 0x0110, 0x0110, 0x0110, 0x0110, 0x0110, 0x0110, 0x0110, 0x0110, 0x0110, 0x2118, 0x0018, 0x0018, 0x0010, 
  0x0010, 0x0110, 0x0110, 0x0110, 0x0110, 0x0110, 0x0110, 0x0110, 0x0110, 0x2220, 0xE438, 0x0118, 0x0110, 0x0110, 0x0110, 0x0110, 
  0x0110, 0x0110, 0x0110, 0x0110, 0x4110, 0x6218, 0x6210, 0x4110, 0x2110, 0x4110, 0x8218, 0x4110, 0xA741, 0xE428, 0x4110, 0x6118, 
  0xA641, 0xE328, 0x8220, 0x2D93, 0xB2CC, 0x4541, 0xA318, 0x8218, 0x8218, 0x4110, 0x6220, 0xB3C4, 0x8A7A, 0x31BC, 0x92D4, 0x35ED, 
  0x51C4, 0x0C93, 0xCFB3, 0x34E5, 0x14ED, 0x34ED, 0x14DD, 0x0439, 0x4110, 0x8218, 0x6218, 0x8210, 0x6218, 0x6218, 0x6218, 0x6218, 
  0x6218, 0x6218, 0x6118, 0x6010, 0x6010, 0x8010, 0xA018, 0xA010, 0xA018, 0xA018, 0xA018, 0xA018, 0xA018, 0x8010, 0x8018, 0xA018, 
  0x8010, 0x6010, 0x0129, 0x2129, 0xC241, 0xC572, 0x69AC, 0x859B, 0x66AB, 0x87C3, 0xC6C2, 0x25C2, 0x84B9, 0x44C9, 0x05C9, 0xC5D0, 
  0xA6D8, 0xA8D8, 0xAAE0, 0xECE0, 0x0DE9, 0x0FE9, 0x10E9, 0x0FE9, 0x10E9, 0xF0E8, 0xF0E8, 0xF0E8, 0xF0E8, 0xF0E8, 0x10E1, 0xF0E8, 
  0xF0E8, 0xF0E8, 0xF0E8, 0xF0E8, 0xF0E8, 0x10E9, 0xF0E8, 0xF0E8, 0xF0E8, 0xF0E8, 0xF0E8, 0xF0E8, 0xF0E8, 0xF0E8, 0xF0E8, 0x10E9, 
  0x10E9, 0xF0E8, 0xF0E8, 0xF0E8, 0xF0E8, 0xF0E8, 0x10E9, 0xF0E8, 0xF0E8, 0xF0E8, 0xF0E8, 0xF0E8, 0x0EE9, 0xC7D8, 0x82C8, 0xE5DA, 
  0x0AC5, 0x8231, 0xA010, 0xA018, 0xA010, 0xA018, 0xA010, 0xA010, 0xA010, 0xA010, 0xA010, 0xA010, 0xA010, 0xA018, 0xA018, 0xA018, 
  0xA010, 0xA010, 0xA018, 0xA018, 0xA010, 0xA010, 0xA010, 0xA010, 0xA010, 0xA010, 0xA010, 0xA010, 0xA010, 0xA018, 0xA010, 0xA010, 
  0x8018, 0x6110, 0x6218, 0x6218, 0x6218, 0x6218, 0x6218, 0x6218, 0x6218, 0x6218, 0x6218, 0x6218, 0x6210, 0x8218, 0xC320, 0x4110, 
  0x6218, 0x6218, 0x6218, 0x8218, 0x6218, 0x6210, 0x6218, 0x8218, 0x2008, 0x2D8B, 0x56DD, 0x4541, 0x4110, 0x8218, 0x6218, 0x6218, 
  0x6218, 0xA328, 0xC330, 0x8328, 0x0118, 0x0110, 0x0110, 0x0110, 0x0110, 0x0110, 0x0110, 0x0110, 0x0110, 0x0110, 0x0110, 0x0110, 
  0x0110, 0x0110, 0x0010, 0x0110, 0x0110, 0x0110, 0x0110, 0x0110, 0x0110, 0x0110, 0x0110, 0x0110, 0x0010, 0x4230, 0xE780, 0xA670, 
  0x2340, 0x0118, 0x0110, 0x0110, 0x0110, 0x0110, 0x0110, 0x0110, 0x0110, 0x0110, 0x0118, 0x0110, 0x0110, 0x0110, 0x0110, 0x0110, 
  0x0110, 0x0110, 0x2110, 0x4110, 0x6218, 0x8218, 0x2110, 0x0862, 0x51B4, 0xE338, 0x4110, 0x6218, 0x2110, 0x6118, 0x6118, 0x6218, 
  0x4539, 0x0010, 0xCB7A, 0x97F5, 0x76F5, 0x0C8B, 0x2110, 0x6210, 0x4110, 0x8220, 0xD3C4, 0xAFA3, 0x086A, 0xB3D4, 0x14E5, 0xF4DC, 
  0x2D9B, 0x086A, 0x11BC, 0x35ED, 0x14ED, 0x14E5, 0x76F5, 0x4D93, 0x0010, 0x8218, 0x6218, 0x6218, 0x6218, 0x6218, 0x6218, 0x6218, 
  0x6218, 0x6218, 0x6218, 0x6110, 0x6010, 0x8018, 0xA018, 0xA018, 0xA010, 0x8010, 0x6010, 0x8010, 0xC018, 0x0021, 0xC341, 0x4139, 
  0xC349, 0x8572, 0xE58A, 0xE59A, 0x47C3, 0xC5CA, 0x24CA, 0xC4C9, 0x43C9, 0xE3C8, 0xA4D0, 0xA6D8, 0xC8D8, 0xCAE0, 0xECE8, 0x0DE9, 
  0x0EE9, 0x0FE9, 0x10E9, 0x10E9, 0xF0E8, 0xF0E8, 0xF0E8, 0xF0E8, 0xF0E8, 0xF0E8, 0xF0E8, 0xF0E8, 0x10E9, 0x0FE9, 0xEFE8, 0xF0E8, 
  0xF0E8, 0xF0E8, 0xF0E8, 0xF0E8, 0xF0E8, 0xF0E8, 0xF0E8, 0xF0E8, 0xF0E8, 0xF0E8, 0xF0E8, 0xF0E8, 0xF0E8, 0xF0E8, 0xF0E8, 0x10E9, 
  0x10E9, 0xF0E8, 0xF0E8, 0xF0E8, 0xF0E8, 0xF0E8, 0xF0E8, 0xF0E8, 0xF0E8, 0xF0E8, 0xEFE8, 0xEFE8, 0x0DE9, 0xC6D8, 0x82C8, 0x86DB, 
  0xE69B, 0xC018, 0xA010, 0xA018, 0xA018, 0xA018, 0xA010, 0xA018, 0xA010, 0xA018, 0xA010, 0xA010, 0xA018, 0xA018, 0xA010, 0xA010, 
  0xA018, 0xA010, 0xA010, 0xA018, 0xA018, 0xA010, 0xA010, 0xA010, 0xA010, 0xA010, 0xA018, 0xA018, 0xA018, 0xA010, 0xA010, 0xA018, 
  0x8018, 0x6110, 0x6218, 0x6218, 0x6218, 0x6218, 0x6218, 0x6218, 0x6218, 0x6210, 0x6210, 0x6218, 0x6210, 0x6218, 0x8218, 0x6210, 
  0x8218, 0x6218, 0x6218, 0x6210, 0x6210, 0x6218, 0x6218, 0x6218, 0x4110, 0xA328, 0xD4CC, 0xCC8A, 0x0010, 0x8218, 0x6210, 0x6210, 
  0x8218, 0x0429, 0xC328, 0x4120, 0x0010, 0x2110, 0x0110, 0x0110, 0x0110, 0x0110, 0x0110, 0x0110, 0x0110, 0x0110, 0x0110, 0x0110, 
  0x0110, 0x0110, 0x0110, 0x0010, 0x0010, 0x2110, 0x0110, 0x0110, 0x0110, 0x0110, 0x0110, 0x0010, 0x0010, 0x2230, 0xE888, 0x09A9, 
  0x4A99, 0x4228, 0x0008, 0x0110, 0x0110, 0x0010, 0x0008, 0x0110, 0x0110, 0x0110, 0x0008, 0x0110, 0x0110, 0x0110, 0x0110, 0x0110, 
  0x2118, 0x4110, 0x6218, 0x6218, 0x6218, 0x6210, 0x4118, 0xAFAB, 0xD8FD, 0xAE93, 0x2008, 0x8218, 0x8218, 0x6218, 0xEC72, 0x4539, 
  0x0431, 0x6120, 0xAFAB, 0x55ED, 0x14ED, 0x92CC, 0x6A72, 0xA328, 0x2118, 0xF0AB, 0x92C4, 0xA651, 0x2D93, 0x31C4, 0x35ED, 0xB3D4, 
  0xAB82, 0x4D93, 0x31BC, 0x14E5, 0x14ED, 0x14E5, 0x55F5, 0x51BC, 0x6118, 0x6210, 0x8218, 0x6218, 0x6218, 0x6218, 0x6218, 0x6210, 
  0x6218, 0x8218, 0x8218, 0x6110, 0x4010, 0x4008, 0x6010, 0x6010, 0x8018, 0x2129, 0xA241, 0x856A, 0x6472, 0xE69A, 0xE6AA, 0x65AA, 
  0x85CA, 0x04CA, 0x84D1, 0x24D1, 0xC3C8, 0xA5D0, 0xA6D0, 0x88D8, 0xCAE0, 0xECE8, 0xEEE8, 0x0EE9, 0x0FE9, 0x0FE9, 0x0FE9, 0xF0E8, 
  0xF0E8, 0xF0E8, 0xF0E8, 0xF0E8, 0xF0E8, 0xF0E8, 0xEFE8, 0xF0E8, 0xF0E8, 0xF0E8, 0xEFE0, 0x10E9, 0xF0E8, 0xF0E8, 0xF0E8, 0xF0E8, 
  0xF0E8, 0xF0E8, 0xF0E8, 0xF0E8, 0xF0E8, 0xF0E8, 0xF0E8, 0x10E9, 0xF0E8, 0xF0E8, 0xF0E8, 0x10E9, 0xF0E8, 0xF0E8, 0xF0E8, 0x10E9, 
  0x10E9, 0xEFE8, 0xF0E8, 0xF0E8, 0x10E9, 0xF0E8, 0xF0E8, 0xEFE8, 0x10E9, 0xF0E8, 0xEFE8, 0xF0E8, 0xECE8, 0xA5D8, 0xA2C8, 0xE7E3, 
  0x0794, 0x0121, 0x8018, 0xA018, 0xA010, 0xA010, 0xA010, 0xA018, 0xA010, 0xA010, 0xA010, 0xA010, 0x8010, 0xA018, 0xA018, 0xA010, 
  0xA010, 0xA010, 0xA010, 0xA010, 0xA018, 0xA010, 0xA010, 0xA010, 0xA010, 0xA018, 0xA010, 0xA010, 0xA010, 0xA010, 0xA010, 0xA018, 
  0x8010, 0x8118, 0x6218, 0x6218, 0x6218, 0x6218, 0x6218, 0x6218, 0x6218, 0x6218, 0x6218, 0x6218, 0x6218, 0x6210, 0x6210, 0x6218, 
  0x6218, 0x6218, 0x6218, 0x6218, 0x6218, 0x8210, 0x6210, 0x6218, 0x8218, 0x0008, 0xCB82, 0x56E5, 0xCB7A, 0x0008, 0x8218, 0x2110, 
  0x2539, 0xE851, 0xA320, 0x8218, 0x2110, 0x0110, 0x0118, 0x0110, 0x0110, 0x0110, 0x0110, 0x0110, 0x0110, 0x0110, 0x0110, 0x0110, 
  0x0110, 0x0110, 0x2220, 0x6330, 0x4230, 0x0010, 0x0010, 0x0110, 0x0110, 0x0110, 0x0110, 0x2228, 0x0128, 0x0010, 0x0028, 0x4468, 
  0x4348, 0x0118, 0x0010, 0x0110, 0x0010, 0x4230, 0x4340, 0x0018, 0x0110, 0x2228, 0xA558, 0x4330, 0x0008, 0x0010, 0x0008, 0x0010, 
  0x2962, 0x2118, 0x2110, 0x4210, 0x6218, 0x4110, 0xC328, 0x92C4, 0x97F5, 0xEB82, 0x2008, 0x8218, 0xA218, 0x4110, 0x2539, 0x8E8B, 
  0x8649, 0xC761, 0x35E5, 0x14ED, 0x14ED, 0x15ED, 0xD7F5, 0x496A, 0x4972, 0x97E5, 0x8228, 0x8651, 0x35DD, 0x14E5, 0x35E5, 0x10BC, 
  0x0C93, 0x92CC, 0xB3D4, 0xF4DC, 0x15ED, 0x14E5, 0x55ED, 0x51BC, 0x6118, 0x6210, 0x6218, 0x6218, 0x6218, 0x6210, 0x8210, 0x8210, 
  0x8210, 0x4110, 0x2110, 0x8220, 0x0139, 0xA249, 0xC359, 0x247A, 0xA69A, 0xA6AA, 0xA6BA, 0x04BA, 0xA4C9, 0x43D1, 0xE3D0, 0xC4D0, 
  0xA5D0, 0xA7D0, 0xA9D8, 0xCAE0, 0xECE0, 0x0DE9, 0x0FE9, 0x0FE9, 0x0FE9, 0x10E9, 0xF0E8, 0xF0E8, 0xF0E8, 0xF0E8, 0xF0E8, 0xF0E8, 
  0xF0E8, 0xF0E8, 0xF0E8, 0xF0E8, 0xF0E8, 0xF0E8, 0xF0E8, 0xF0E8, 0xF0E8, 0xF0E8, 0xF0E8, 0xF0E8, 0xF0E8, 0xF0E8, 0xF0E8, 0xF0E8, 
  0xF0E8, 0xF0E8, 0xF0E8, 0xF0E8, 0xF0E8, 0xF0E8, 0xF0E8, 0xF0E8, 0xF0E8, 0xF0E8, 0xF0E8, 0xF0E8, 0xF0E8, 0xF0E8, 0xF0E8, 0x10E9, 
  0x10E9, 0xEFE8, 0xF0E8, 0xF0E8, 0xF0E8, 0xF0E8, 0xF0E8, 0xEFE8, 0x10E9, 0xF0E8, 0xEFE8, 0xF0E8, 0xECE0, 0xA4D8, 0xC1C8, 0x68E4, 
  0x889C, 0xC018, 0x8018, 0xA018, 0xA010, 0xA018, 0xA018, 0xA018, 0xA010, 0xA010, 0xA010, 0xA018, 0x8010, 0xC118, 0xA018, 0x8010, 
  0xA010, 0xA010, 0xA010, 0xA018, 0xA010, 0xA010, 0xA010, 0xA018, 0xA010, 0xA010, 0xA010, 0x8010, 0xA018, 0xA018, 0xA010, 0xA010, 
  0xA018, 0x8118, 0x6110, 0x6218, 0x6218, 0x6218, 0x6218, 0x6218, 0x6218, 0x6218, 0x6218, 0x6218, 0x6218, 0x6218, 0x6218, 0x6218, 
  0x8210, 0x6218, 0x6218, 0x6210, 0x6218, 0x6218, 0x6210, 0x8210, 0x8210, 0x4108, 0x4541, 0x35E5, 0x51BC, 0x6218, 0x6110, 0xA320, 
  0xC749, 0x8641, 0xC320, 0x6110, 0x6218, 0x0110, 0x0010, 0x0010, 0x0110, 0x0110, 0x0008, 0x0010, 0x0010, 0x0110, 0x0110, 0x0110, 
  0x0118, 0x0110, 0x0118, 0x2228, 0x4228, 0x4228, 0xC550, 0x0018, 0x0010, 0x0010, 0x0010, 0xE660, 0x4881, 0x0018, 0xC668, 0x6AB1, 
  0x0130, 0x0010, 0x0110, 0x0010, 0x0010, 0x4348, 0x6A91, 0xA560, 0x4330, 0x8338, 0xE670, 0x2238, 0x0018, 0x4128, 0xC330, 0x6541, 
  0xAB7A, 0xE859, 0xC749, 0x2531, 0x4110, 0x6210, 0x8218, 0x8A6A, 0xCB82, 0xC228, 0x6210, 0x6218, 0x6218, 0x6218, 0x4110, 0xE330, 
  0x086A, 0xF4D4, 0x35ED, 0x14E5, 0x34E5, 0x14E5, 0x35ED, 0x6EA3, 0xF4D4, 0xCB7A, 0x0008, 0x6E9B, 0x76ED, 0x14E5, 0xB3D4, 0xAB8A, 
  0x31BC, 0xD3DC, 0xF4E4, 0x14E5, 0x14ED, 0x14ED, 0x76ED, 0xAFA3, 0x2110, 0x8218, 0x6218, 0x8210, 0x6218, 0x8210, 0x6218, 0x6218, 
  0x4110, 0x0439, 0x6B92, 0x4BAA, 0x27BA, 0xA6CA, 0x05CA, 0xA4D1, 0x43C9, 0xC4D0, 0xA4D0, 0xA6D0, 0xA7D8, 0xC9D8, 0xCBE0, 0x0DE1, 
  0x0DE9, 0x0EE9, 0x10E9, 0xF0E8, 0xEFE8, 0xF0E8, 0xF0E8, 0xF0E8, 0xF0E8, 0xF0E8, 0xF0E8, 0xF0E8, 0xF0E8, 0xF0E8, 0xF0E8, 0xF0E8, 
  0xF0E8, 0xF0E8, 0xF0E8, 0xF0E8, 0xF0E8, 0xF0E8, 0xF0E8, 0xF0E8, 0xF0E8, 0xF0E8, 0xF0E8, 0xF0E8, 0xF0E8, 0xF0E8, 0xF0E8, 0xF0E8, 
  0xF0E8, 0xF0E8, 0xF0E8, 0xF0E8, 0xF0E8, 0xF0E8, 0xF0E8, 0xF0E8, 0xF0E8, 0xF0E8, 0xF0E8, 0xF0E8, 0xF0E8, 0xF0E8, 0xF0E8, 0x10E9, 
  0x10E9, 0xF0E8, 0xF0E8, 0xF0E8, 0xF0E8, 0xF0E8, 0xEFE8, 0xF0E8, 0x10E9, 0xF0E8, 0xF0E8, 0xF0E8, 0xEBE0, 0x84D8, 0x02C9, 0xC9DC, 
  0x6573, 0xE118, 0x8010, 0xA018, 0xA010, 0xA010, 0xA010, 0xA010, 0xA018, 0xA010, 0xA018, 0xA018, 0x8010, 0xC118, 0xC018, 0x8010, 
  0xA010, 0xA010, 0xA010, 0xA010, 0xA018, 0xA010, 0xA010, 0xA010, 0xA018, 0xA010, 0xA010, 0xA018, 0xA018, 0xA010, 0xA018, 0xA010, 
  0xA010, 0x8118, 0x8110, 0x6218, 0x6218, 0x6218, 0x6218, 0x6218, 0x6218, 0x6218, 0x6218, 0x6218, 0x6218, 0x6218, 0x6218, 0x6218, 
  0x8210, 0x6218, 0x6210, 0x6218, 0x6218, 0x6218, 0x6210, 0x6218, 0x6218, 0x8218, 0x4118, 0x10AC, 0x10B4, 0x8220, 0x4110, 0xC320, 
  0x2539, 0xE428, 0x6218, 0x4110, 0x6210, 0x6218, 0x2118, 0x2118, 0x0010, 0x2128, 0x4348, 0xC660, 0x6338, 0x0010, 0x0010, 0x0110, 
  0x2118, 0x6228, 0x0010, 0x0010, 0x0008, 0x4228, 0xC558, 0x0128, 0x0120, 0x0120, 0x0128, 0x2248, 0xA560, 0x0020, 0x6568, 0xA680, 
  0x0120, 0x0110, 0x0118, 0x2338, 0x8560, 0x8568, 0x2240, 0x2128, 0x0120, 0x0010, 0x0018, 0x4669, 0x90C3, 0xF5DC, 0xD4CC, 0x0D8B, 
  0xEC7A, 0xE851, 0x0431, 0xA220, 0x6218, 0x6218, 0x6210, 0x4110, 0x0010, 0x6110, 0x8218, 0x6218, 0x6210, 0x8218, 0x4110, 0x2541, 
  0x14DD, 0x35ED, 0x14ED, 0x14ED, 0x34E5, 0x14ED, 0xF4EC, 0x56ED, 0xF0AB, 0x4118, 0x4110, 0x4A72, 0x15E5, 0x34E5, 0x72CC, 0x10B4, 
  0x93D4, 0x35ED, 0xF3DC, 0xF3DC, 0x14ED, 0x14E5, 0x55E5, 0xC759, 0x2008, 0x8218, 0x6218, 0x8210, 0x6218, 0x6218, 0x6218, 0x8218, 
  0x2008, 0x6FA3, 0x6EDA, 0xA9C8, 0xA6C8, 0xA5D0, 0xA7D8, 0xA8D8, 0xCAD8, 0xECE0, 0xEDE8, 0x0EE9, 0x0FE9, 0x10E9, 0xF0E8, 0xF0E8, 
  0xF0E8, 0xF0E8, 0xF0E8, 0xEFE8, 0xEFE8, 0xF0E8, 0xF0E8, 0xF0E8, 0xF0E8, 0xF0E8, 0xF0E8, 0xF0E8, 0x10E9, 0xF0E8, 0xF0E8, 0xF0E8, 
  0xF0E8, 0xF0E8, 0xF0E8, 0xF0E8, 0xF0E8, 0xF0E8, 0xF0E8, 0xF0E8, 0xF0E8, 0xF0E8, 0xF0E8, 0xF0E8, 0xF0E8, 0xF0E8, 0xF0E8, 0xF0E8, 
  0xF0E8, 0xF0E8, 0xF0E8, 0xF0E8, 0xF0E8, 0xF0E8, 0xF0E8, 0xF0E8, 0xF0E8, 0xF0E8, 0xF0E8, 0xF0E8, 0xF0E8, 0xF0E8, 0xF0E8, 0x10E9, 
  0x10E9, 0xF0E8, 0xF0E8, 0xF0E8, 0xF0E8, 0xF0E8, 0xEFE8, 0xF0E8, 0xF0E8, 0xF0E8, 0xF0E8, 0x10E9, 0xEAE0, 0x83D0, 0x63D1, 0x68CC, 
  0xC139, 0x8010, 0xA018, 0xA018, 0xA010, 0xA010, 0xA018, 0xA010, 0xA010, 0xA018, 0xA018, 0xA018, 0xA018, 0xA010, 0xA010, 0xA010, 
  0xA018, 0xA010, 0xA010, 0xA010, 0xA018, 0xA018, 0xA018, 0xA018, 0xA010, 0xA010, 0xA010, 0xA010, 0xA010, 0xA010, 0xA018, 0xA010, 
  0xA010, 0x8010, 0x8110, 0x6218, 0x6218, 0x6218, 0x6218, 0x6218, 0x6218, 0x6218, 0x6218, 0x6218, 0x6218, 0x6218, 0x6218, 0x6218, 
  0x8218, 0x6210, 0x6218, 0x6218, 0x6218, 0x6218, 0x6218, 0x6218, 0x4110, 0x2110, 0x0008, 0x8A72, 0xF4CC, 0xA328, 0x6110, 0xA320, 
  0xA328, 0x2431, 0x2118, 0xC330, 0xA220, 0x2010, 0xC438, 0x6228, 0x0010, 0xA450, 0x0889, 0x2889, 0x8448, 0x0010, 0x2120, 0x0018, 
  0x0120, 0x0128, 0x0128, 0x6450, 0x8568, 0x4348, 0x6460, 0x09A1, 0xE9A0, 0xE9A8, 0xC9B0, 0xE9B0, 0xC9A8, 0xC898, 0x0899, 0x6450, 
  0x0010, 0x0110, 0x2230, 0x4A99, 0x2BC9, 0x4BB9, 0x8450, 0x0010, 0x0110, 0x2110, 0x2118, 0x6E9B, 0x73C4, 0x8B7A, 0x0439, 0x2118, 
  0x0010, 0x2010, 0x4110, 0x6210, 0x6218, 0x6210, 0x6218, 0x6218, 0x8210, 0x8210, 0x6210, 0x6218, 0x8210, 0x8218, 0x4110, 0x2C8B, 
  0x76ED, 0x14E5, 0x14ED, 0x14ED, 0x34E5, 0x14ED, 0x14ED, 0x35E5, 0x8651, 0x2008, 0x8218, 0x2018, 0x4D93, 0x96F5, 0x51CC, 0x11BC, 
  0xF4DC, 0x14ED, 0xF4E4, 0xF3DC, 0x14ED, 0x55ED, 0x52BC, 0x6220, 0x6210, 0x8210, 0x6218, 0x8210, 0x6218, 0x6218, 0x6218, 0x8218, 
  0x4110, 0x8761, 0xCCC1, 0x49C0, 0x8BD0, 0xACE0, 0xCEE8, 0x0FE9, 0x10E9, 0x10E9, 0xF0E8, 0xF0E8, 0xF0E8, 0xF0E8, 0xF0E8, 0xF0E8, 
  0xF0E8, 0xF0E8, 0xF0E8, 0xF0E8, 0xF0E8, 0x0FE9, 0xEFE8, 0xF0E8, 0xF0E8, 0xF0E8, 0xF0E8, 0xF0E8, 0xF0E8, 0xF0E8, 0xF0E8, 0xF0E8, 
  0xF0E8, 0xF0E8, 0xF0E8, 0xF0E8, 0xF0E8, 0xF0E8, 0xF0E8, 0xF0E8, 0xF0E8, 0xF0E8, 0xF0E8, 0xF0E8, 0xF0E8, 0xF0E8, 0xF0E8, 0xF0E8, 
  0xF0E8, 0xF0E8, 0xF0E8, 0xF0E8, 0xF0E8, 0xF0E8, 0xF0E8, 0xF0E8, 0xF0E8, 0xF0E8, 0xF0E8, 0xF0E8, 0xF0E8, 0xF0E8, 0xF0E8, 0x10E9, 
  0x10E9, 0xF0E8, 0xF0E8, 0xF0E8, 0xF0E8, 0xF0E8, 0xF0E8, 0xF0E8, 0xF0E8, 0xF0E8, 0xF0E8, 0xEFE8, 0xC9E0, 0x83D0, 0x83D1, 0x0AD5, 
  0x224A, 0xE120, 0xA018, 0xA018, 0xA018, 0xA010, 0xA010, 0xA010, 0xA010, 0xA010, 0xA010, 0xA010, 0xA018, 0xA018, 0xA018, 0xA010, 
  0xA018, 0xA010, 0xA018, 0xA010, 0xA010, 0xA018, 0xA018, 0xA018, 0xA010, 0xA010, 0xA018, 0xA010, 0xA018, 0xA018, 0xA018, 0xA010, 
  0xA010, 0xA018, 0x8110, 0x6210, 0x6210, 0x6218, 0x6218, 0x6218, 0x6218, 0x6218, 0x6218, 0x6218, 0x6218, 0x6218, 0x6218, 0x6218, 
  0x6218, 0x6210, 0x6210, 0x6218, 0x6218, 0x6218, 0x4110, 0x2010, 0x4541, 0xCF9B, 0x6649, 0x4120, 0x2D83, 0x0429, 0x4110, 0xC320, 
  0x6539, 0xC220, 0x8651, 0x35D5, 0x6649, 0x8220, 0xA220, 0xA330, 0xE558, 0x0120, 0x0018, 0x0018, 0x0010, 0x0120, 0xE770, 0xC788, 
  0x2999, 0x0779, 0xA670, 0x6AB1, 0x0999, 0x8560, 0x6450, 0xC780, 0xC888, 0x8678, 0xA780, 0xC890, 0xA788, 0xA678, 0xA670, 0x4238, 
  0x0010, 0x0110, 0x0118, 0x4348, 0x4460, 0x4450, 0x0120, 0x2110, 0x4110, 0x6210, 0x6218, 0x4110, 0x4110, 0x0010, 0x4110, 0x8218, 
  0x8218, 0x8210, 0x8218, 0x6210, 0x6210, 0x8218, 0x6218, 0x6218, 0x8210, 0x6210, 0x6218, 0x6218, 0x8210, 0x8218, 0x0010, 0x6EA3, 
  0x76F5, 0x14E5, 0x15ED, 0x15ED, 0x14ED, 0x14E5, 0x76F5, 0x2D93, 0x2010, 0x8218, 0x8218, 0x4108, 0x4541, 0xF4D4, 0xB3D4, 0x31C4, 
  0xF4DC, 0x14E5, 0x14E5, 0x14E5, 0x14E5, 0x76ED, 0x4D93, 0x2110, 0x8210, 0x6218, 0x6218, 0x6210, 0x6218, 0x8210, 0x6210, 0x6218, 
  0x6210, 0x2118, 0x8869, 0x35DC, 0x77F4, 0x95E3, 0x31DA, 0x0FD9, 0xF0E8, 0xF0E8, 0xF0E8, 0xF0E8, 0xF0E8, 0xEFE8, 0xEFE8, 0xF0E8, 
  0xF0E8, 0xF0E8, 0xF0E8, 0xF0E8, 0xF0E8, 0x10E9, 0xEFE8, 0x0FE9, 0xF0E8, 0xF0E8, 0xF0E8, 0xF0E8, 0xF0E8, 0xF0E8, 0xF0E8, 0xF0E8, 
  0xF0E8, 0xF0E8, 0xF0E8, 0xF0E8, 0xF0E8, 0xF0E8, 0xF0E8, 0xF0E8, 0xF0E8, 0xF0E8, 0xF0E8, 0xF0E8, 0xF0E8, 0xF0E8, 0xF0E8, 0xF0E8, 
  0xF0E8, 0xF0E8, 0xF0E8, 0xF0E8, 0xF0E8, 0xF0E8, 0xF0E8, 0xF0E8, 0xF0E8, 0xF0E8, 0xF0E8, 0xF0E8, 0xF0E8, 0xF0E8, 0xF0E8, 0x10E9, 
  0x10E9, 0xF0E8, 0xF0E8, 0xF0E8, 0xF0E8, 0xF0E8, 0xF0E8, 0xF0E8, 0xF0E8, 0xF0E8, 0xF0E8, 0x0FE9, 0xC8D8, 0x83D0, 0x03DA, 0x49D5, 
  0xA45A, 0x2129, 0x8018, 0xA018, 0xA010, 0xA010, 0xA010, 0xA018, 0xA010, 0xA018, 0xA018, 0xA018, 0xA018, 0xA010, 0xA018, 0xA010, 
  0xA018, 0xA018, 0xA018, 0xA018, 0xA018, 0xA010, 0xA010, 0xA010, 0xA018, 0xA018, 0xA010, 0xA018, 0xA010, 0xA010, 0xA010, 0xA018, 
  0xA018, 0xA018, 0x8110, 0x6110, 0x6218, 0x6218, 0x6218, 0x6218, 0x6218, 0x6218, 0x6218, 0x6218, 0x6218, 0x6218, 0x6218, 0x6218, 
  0x6218, 0x8218, 0xA318, 0x6210, 0x6218, 0x4110, 0xA320, 0xCC82, 0xF4DC, 0xB6F5, 0xD4D4, 0x296A, 0x6120, 0x6118, 0x6110, 0x8218, 
  0x2431, 0xC228, 0x15D5, 0x15DD, 0x8228, 0x51AC, 0x72BC, 0x096A, 0xD1B3, 0x4230, 0x0008, 0x2110, 0x0118, 0x0010, 0x6448, 0xA670, 
  0x8560, 0x4240, 0x0128, 0x2238, 0x0020, 0x0010, 0x0008, 0x0010, 0x0018, 0x0010, 0x0010, 0x0120, 0x0018, 0x0010, 0x0010, 0x0010, 
  0x2120, 0x0118, 0x0110, 0x0008, 0x2110, 0x4110, 0x6110, 0x6118, 0x6210, 0x6210, 0x6218, 0x8210, 0x6218, 0xC320, 0xA320, 0x6218, 
  0x8218, 0x6218, 0x6218, 0x8218, 0x6218, 0x6218, 0x6118, 0x6210, 0x8210, 0x6218, 0x6218, 0x6218, 0x6218, 0x6210, 0x8218, 0x51BC, 
  0x35F5, 0x14E5, 0x35E5, 0x15ED, 0x14ED, 0x14E5, 0x75ED, 0xE759, 0x2110, 0x8218, 0x6218, 0x8210, 0x6118, 0xEC8A, 0x55E5, 0xF0B3, 
  0xF0B3, 0x35E5, 0x34E5, 0x14E5, 0x35ED, 0x14DD, 0xA759, 0x6110, 0x8210, 0x6218, 0x6218, 0x6218, 0x6218, 0x6218, 0x8210, 0x8210, 
  0x6210, 0x6218, 0x6218, 0x4A52, 0x518C, 0x5AD6, 0x1FFF, 0xF3DA, 0xCFE0, 0x10E9, 0xF0E8, 0xF0E8, 0xF0E8, 0x10E9, 0xF0E8, 0xF0E8, 
  0xF0E8, 0xF0E8, 0xF0E8, 0xF0E8, 0xF0E8, 0xF0E8, 0xF0E8, 0xF0E8, 0xF0E8, 0xF0E8, 0xF0E8, 0xF0E8, 0xF0E8, 0xF0E8, 0xF0E8, 0xF0E8, 
  0xF0E8, 0xF0E8, 0xF0E8, 0xF0E8, 0xF0E8, 0xF0E8, 0xF0E8, 0xF0E8, 0xF0E8, 0xF0E8, 0xF0E8, 0xF0E8, 0xF0E8, 0xF0E8, 0xF0E8, 0xF0E8, 
  0xF0E8, 0xF0E8, 0xF0E8, 0xF0E8, 0xF0E8, 0xF0E8, 0xF0E8, 0xF0E8, 0xF0E8, 0xF0E8, 0xF0E8, 0xF0E8, 0xF0E8, 0xF0E8, 0xF0E0, 0x10E9, 
  0x10E9, 0xF0E8, 0xF0E8, 0xF0E8, 0xF0E0, 0xF0E8, 0xF0E8, 0x10E9, 0xF0E8, 0xF0E8, 0xF0E8, 0x0FE9, 0xC7D8, 0x83D0, 0xE3D1, 0x0AF6, 
  0x258C, 0x6352, 0x8239, 0x4129, 0xC018, 0x8010, 0x8018, 0xA118, 0xA018, 0xA018, 0xA010, 0xA010, 0xA018, 0x8010, 0xA018, 0xA010, 
  0xA010, 0xA018, 0xA010, 0xA010, 0xA010, 0xA010, 0xA010, 0xA018, 0xA018, 0xA010, 0xA018, 0xA018, 0xA010, 0xA018, 0xA010, 0xA010, 
  0xA010, 0xA010, 0xA010, 0x8110, 0x6218, 0x6218, 0x6218, 0x6218, 0x6218, 0x6218, 0x6218, 0x6218, 0x6218, 0x6218, 0x6218, 0x6218, 
  0x6218, 0x6218, 0x8218, 0x6218, 0x4110, 0xE430, 0xB3C4, 0x76F5, 0x15ED, 0xF4E4, 0x35ED, 0x96ED, 0x2C8B, 0x2439, 0x8218, 0x6210, 
  0x8218, 0x8220, 0xCC7A, 0x6649, 0x0010, 0x6539, 0x8641, 0x4118, 0xA320, 0x6218, 0x4118, 0x0010, 0x0010, 0x0010, 0x0018, 0x0018, 
  0x0010, 0x0010, 0x0010, 0x0010, 0x0110, 0x2118, 0x2118, 0x2118, 0x2118, 0x2118, 0x2118, 0x2220, 0x2220, 0x4228, 0x4228, 0x0118, 
  0x4220, 0x2118, 0x2110, 0x6218, 0xC320, 0xA320, 0x6110, 0x6218, 0x6210, 0x6218, 0x8218, 0x6218, 0x6218, 0x6218, 0x8218, 0x6218, 
  0x6218, 0x6210, 0x6210, 0x8218, 0x6210, 0x6210, 0x6218, 0x6218, 0x6218, 0x6218, 0x6218, 0x6218, 0x6218, 0x4110, 0x0431, 0xF4D4, 
  0x35ED, 0x34E5, 0x15ED, 0x14ED, 0xF4E4, 0x96F5, 0xF0AB, 0x4118, 0x6210, 0x4110, 0x6218, 0x8218, 0x2010, 0x0C8B, 0x76ED, 0xCB7A, 
  0xE861, 0x11B4, 0x35ED, 0x14E5, 0x55ED, 0x10B4, 0x8220, 0x6210, 0x6218, 0x6218, 0x6218, 0x6218, 0x6218, 0x6218, 0x6210, 0x6210, 
  0x8210, 0xA318, 0xC318, 0x6210, 0x6218, 0x8631, 0xF39C, 0x5CFE, 0x6FD1, 0xF0E8, 0x10E9, 0x10E9, 0x10E9, 0xEFE8, 0xF0E8, 0xF0E8, 
  0x10E9, 0x10E9, 0xF0E8, 0xF0E8, 0xF0E8, 0xF0E8, 0xF0E8, 0x10E1, 0xF0E8, 0xF0E8, 0xF0E8, 0xF0E8, 0xF0E8, 0xF0E8, 0xF0E8, 0xF0E8, 
  0xF0E8, 0xF0E8, 0xF0E8, 0xF0E8, 0xF0E8, 0xF0E8, 0xF0E8, 0xF0E8, 0xF0E8, 0xF0E8, 0x10E9, 0xF0E8, 0xF0E8, 0xF0E8, 0xF0E8, 0xF0E8, 
  0xF0E8, 0xF0E8, 0xF0E8, 0xF0E8, 0xF0E8, 0xF0E8, 0xF0E8, 0xF0E8, 0xF0E8, 0xF0E8, 0xF0E8, 0xF0E8, 0xF0E8, 0xF0E8, 0xEFE8, 0x10E9, 
  0x10E9, 0xEFE8, 0xF0E8, 0xF0E8, 0xF0E8, 0xF0E8, 0xF0E8, 0xF0E8, 0xF0E8, 0xF0E8, 0xF0E8, 0x0EE9, 0xC7D8, 0xA3D0, 0x02C9, 0xA8EC, 
  0x6BE6, 0x4594, 0x068C, 0x256B, 0x6131, 0x0121, 0xA018, 0xA010, 0xA018, 0xA018, 0xA010, 0xA018, 0xA010, 0xA018, 0xA010, 0xA010, 
  0xA010, 0xA018, 0xA010, 0xA010, 0xA010, 0xA010, 0xA010, 0xA018, 0xA018, 0xA018, 0xA010, 0xA010, 0xA010, 0xA018, 0xA010, 0xA010, 
  0xA010, 0xA010, 0xA010, 0x8110, 0x6110, 0x6218, 0x6218, 0x6218, 0x6218, 0x6218, 0x6218, 0x6218, 0x6218, 0x6218, 0x6218, 0x6218, 
  0x6218, 0x6218, 0x6210, 0x8218, 0x0008, 0x496A, 0x96ED, 0xF4E4, 0x14E5, 0x34E5, 0x14E5, 0x15ED, 0x34DD, 0x8649, 0x2010, 0xA320, 
  0x8641, 0x0431, 0x6118, 0x6118, 0xA220, 0x4110, 0x2110, 0x4110, 0x8218, 0xC320, 0xC328, 0x0429, 0xA320, 0x6220, 0x6220, 0x6220, 
  0x2118, 0x0010, 0x0118, 0x2118, 0x2118, 0x0118, 0x0118, 0x0110, 0x2118, 0x2118, 0x2118, 0x2120, 0x2120, 0x2220, 0x4220, 0x4118, 
  0x4118, 0x8218, 0x6218, 0x6218, 0x6218, 0x6218, 0x6218, 0x6218, 0x6218, 0x6218, 0x6218, 0x6218, 0x6218, 0x6210, 0x6210, 0x6210, 
  0x6210, 0x6210, 0x6218, 0x6210, 0x6210, 0x6218, 0x6218, 0x6218, 0x6218, 0x6218, 0x6218, 0x6218, 0x6218, 0x6210, 0x6218, 0x72BC, 
  0x55ED, 0xF4E4, 0x14ED, 0xF4E4, 0x76ED, 0x11B4, 0xA328, 0x4110, 0x8218, 0x0429, 0x6110, 0x8218, 0x0008, 0xCB7A, 0xD0A3, 0xC330, 
  0xA220, 0x496A, 0x93CC, 0x14ED, 0x76ED, 0xCB82, 0x2008, 0x8218, 0x6218, 0x6218, 0x6218, 0x6218, 0x6218, 0x6210, 0x6210, 0x8210, 
  0xA318, 0xA318, 0xC318, 0xC318, 0xA318, 0xA318, 0x8631, 0x19CE, 0x78F4, 0xAED0, 0xCFE0, 0xCFE0, 0xCED0, 0x2FD1, 0x4FD1, 0xEFD8, 
  0xAFD8, 0xAFE0, 0xCFE0, 0xF0E8, 0x10E9, 0x10E9, 0xF0E8, 0xF0E8, 0x10E9, 0xF0E8, 0xF0E8, 0xF0E8, 0xF0E8, 0xF0E8, 0xF0E8, 0xF0E8, 
  0xF0E8, 0xF0E8, 0xF0E8, 0xF0E8, 0xF0E8, 0xF0E8, 0xF0E8, 0xF0E8, 0xF0E8, 0xF0E8, 0xF0E8, 0xF0E8, 0xF0E8, 0xF0E8, 0xF0E8, 0xF0E8, 
  0xF0E8, 0xF0E8, 0xF0E8, 0xF0E8, 0xF0E8, 0xF0E8, 0xF0E8, 0xF0E8, 0xF0E8, 0xF0E8, 0xF0E8, 0xF0E8, 0xF0E8, 0xF0E8, 0xF0E8, 0x10E9, 
  0x10E9, 0xEFE8, 0xF0E8, 0xF0E8, 0xF0E8, 0xF0E8, 0xF0E8, 0xF0E8, 0xF0E8, 0x0FE9, 0xF0E8, 0x0FE9, 0xC9E0, 0xA4D0, 0xA3D0, 0x42C9, 
  0x88EC, 0xABF6, 0xA8C5, 0x4794, 0xC45A, 0x8239, 0x0229, 0x8010, 0xA010, 0xA010, 0xA018, 0xA010, 0xA018, 0x0221, 0xA018, 0xA010, 
  0xA010, 0xA018, 0xA010, 0xA018, 0xA010, 0xA010, 0xA018, 0xA018, 0xA018, 0xA010, 0xA010, 0xA010, 0xA010, 0xA010, 0xA010, 0xA018, 
  0xA010, 0xA010, 0xA010, 0x8118, 0x8118, 0x6218, 0x6218, 0x6218, 0x6218, 0x6218, 0x6218, 0x6218, 0x6218, 0x6218, 0x6218, 0x6218, 
  0x6210, 0x6218, 0x6218, 0x8218, 0xA220, 0x0C93, 0x56ED, 0x14ED, 0x14ED, 0x14ED, 0x14ED, 0xF4EC, 0x76ED, 0x2862, 0x0010, 0x2539, 
  0x085A, 0x4539, 0xE428, 0xE328, 0x4531, 0x2431, 0xA320, 0x8218, 0x0429, 0xC320, 0x6218, 0x4531, 0x6639, 0xC328, 0x8220, 0xA320, 
  0x8220, 0x8220, 0x4118, 0x2118, 0x0110, 0x0010, 0x0110, 0x0110, 0x0110, 0x0110, 0x0010, 0x2118, 0x4118, 0x4118, 0x4118, 0x6218, 
  0x6218, 0x6210, 0x6210, 0x6218, 0x6218, 0x6218, 0x6210, 0x6218, 0x6218, 0x6218, 0x6210, 0x6210, 0x6210, 0x6210, 0x6218, 0x6218, 
  0x6218, 0x6218, 0x6218, 0x6218, 0x6218, 0x6218, 0x6218, 0x6218, 0x6218, 0x6218, 0x6218, 0x6110, 0x6218, 0x8218, 0x2008, 0x2962, 
  0x96F5, 0x56ED, 0x56ED, 0xB7F5, 0xAFA3, 0x4120, 0x4110, 0x6210, 0x8218, 0xE428, 0x6110, 0x6218, 0x6110, 0xE328, 0xC328, 0xA320, 
  0x4110, 0xE430, 0xAEA3, 0x35E5, 0x35E5, 0x8649, 0x2110, 0x6218, 0x6218, 0x6218, 0x6218, 0x6218, 0x6210, 0x6210, 0xA318, 0xA318, 
  0xA318, 0xC318, 0xA318, 0xA318, 0xC318, 0xA318, 0x0421, 0x494A, 0x58CD, 0xB5E3, 0xF3DA, 0xD5E3, 0x19F5, 0x5DFE, 0x5DFE, 0x7AFD, 
  0x57EC, 0x34E3, 0x11DA, 0x4FD9, 0xAED8, 0xAEE0, 0xCFE0, 0xF0E0, 0x10E9, 0xF0E8, 0x10E9, 0x10E1, 0xEFE8, 0xF0E8, 0xF0E8, 0xF0E8, 
  0xF0E8, 0xF0E8, 0x10E1, 0xF0E0, 0xF0E8, 0xF0E8, 0xF0E8, 0xF0E8, 0xF0E8, 0xF0E8, 0xF0E8, 0xF0E8, 0xF0E8, 0xF0E8, 0xF0E8, 0xF0E8, 
  0xF0E8, 0xF0E8, 0xF0E8, 0xF0E8, 0xF0E8, 0xF0E8, 0xF0E8, 0xF0E8, 0xF0E8, 0xF0E8, 0xF0E8, 0xF0E8, 0xF0E8, 0xF0E8, 0xF0E8, 0x10E9, 
  0x10E9, 0xF0E8, 0xF0E8, 0xF0E8, 0xF0E8, 0xF0E8, 0xF0E8, 0xF0E8, 0xF0E8, 0xF0E8, 0xF0E8, 0xF0E8, 0x0DE9, 0xA8E0, 0xA4D0, 0xA3D0, 
  0x01C9, 0x45DB, 0xAAF5, 0xC8AC, 0xA25A, 0x2242, 0xA239, 0xA341, 0x4129, 0xA018, 0x8018, 0xA018, 0x8010, 0x8010, 0xA110, 0x8010, 
  0xA018, 0xA018, 0xA010, 0xA010, 0xA010, 0xA010, 0xA010, 0xA010, 0xA010, 0xA018, 0xA010, 0xA010, 0xA010, 0xA010, 0xA010, 0xA010, 
  0xA010, 0xA010, 0xA010, 0x8018, 0x8110, 0x6218, 0x6210, 0x6218, 0x6210, 0x6218, 0x6218, 0x6218, 0x6218, 0x6218, 0x6218, 0x6210, 
  0x8210, 0x6218, 0x6218, 0x6210, 0x8218, 0xEFAB, 0x55ED, 0x14E5, 0x14ED, 0x14ED, 0x14ED, 0x14ED, 0x56ED, 0xCB82, 0x0431, 0xE328, 
  0xC328, 0xA320, 0x0429, 0xE428, 0xA320, 0xA320, 0x8218, 0x8218, 0xA320, 0x8218, 0x8218, 0x6218, 0x6218, 0x8218, 0x6110, 0x6218, 
  0x8218, 0xA320, 0x6218, 0x6218, 0x4110, 0x4118, 0x4110, 0x4110, 0x2110, 0x4110, 0x4110, 0x4118, 0x4218, 0x8218, 0x6218, 0x6210, 
  0x6210, 0x6210, 0x6210, 0x6218, 0x6210, 0x6210, 0x6218, 0x8218, 0x6218, 0x6210, 0x6210, 0x6218, 0x6210, 0x6210, 0x6218, 0x6210, 
  0x6210, 0x6218, 0x6218, 0x6218, 0x6218, 0x6218, 0x6218, 0x6218, 0x6218, 0x4110, 0xA320, 0xE420, 0x4110, 0x6218, 0x8210, 0x4118, 
  0xC759, 0x6E93, 0xF0A3, 0xCB7A, 0x6120, 0x4110, 0x8210, 0x6210, 0x6110, 0x4110, 0x6210, 0x6218, 0x6210, 0x8218, 0x8218, 0x0429, 
  0x2531, 0x4541, 0xEB82, 0xD3D4, 0x31B4, 0x8220, 0x6210, 0x6218, 0x6218, 0x6210, 0x6210, 0x6210, 0x8218, 0xC318, 0xC318, 0xA318, 
  0xC318, 0xA318, 0xA318, 0xC318, 0xE418, 0xA318, 0xC318, 0x6210, 0x4952, 0xB8C5, 0x3EF7, 0xBFFF, 0x79CE, 0x76AD, 0x34A5, 0x18BE, 
  0x39CE, 0x7ADE, 0x5CEE, 0xDBF5, 0xD9F4, 0x95EB, 0x32DA, 0x2FD9, 0xAED8, 0xCFE0, 0x10E1, 0x10E9, 0xF0E8, 0x10E1, 0x10E1, 0xF0E8, 
  0xF0E8, 0xF0E8, 0xF0E0, 0xF0E8, 0xF0E8, 0xF0E8, 0xF0E8, 0xF0E8, 0xF0E8, 0xF0E8, 0xF0E8, 0xF0E8, 0xF0E8, 0xF0E8, 0xF0E8, 0xF0E8, 
  0xF0E8, 0xF0E8, 0xF0E8, 0xF0E8, 0xF0E8, 0xF0E8, 0xF0E8, 0xF0E8, 0xF0E8, 0xF0E8, 0xF0E8, 0xF0E8, 0xF0E8, 0xF0E8, 0xF0E0, 0x10E9, 
  0x10E9, 0xF0E8, 0xF0E8, 0xF0E8, 0xF0E8, 0xF0E8, 0xF0E8, 0xF0E8, 0xF0E8, 0xF0E8, 0xF0E8, 0xF0E8, 0xF0E8, 0xEFE8, 0xEBE0, 0xC7D8, 
  0xA3D8, 0xA2C8, 0xC3C9, 0x07E4, 0x6AE5, 0x69C5, 0xE583, 0xE362, 0xC562, 0xA339, 0x0129, 0x6231, 0xE120, 0xA018, 0xA018, 0xA010, 
  0xA018, 0x8010, 0x8010, 0xA010, 0xA010, 0xA010, 0xA010, 0xA010, 0xA018, 0xA018, 0xA010, 0xA018, 0xA018, 0xA010, 0xA018, 0xA018, 
  0xA018, 0xA018, 0xA018, 0xA018, 0x8110, 0x8218, 0x6218, 0x6218, 0x6218, 0x6218, 0x6218, 0x6218, 0x6218, 0x6218, 0x6218, 0x6218, 
  0x8210, 0x6218, 0x8210, 0x8218, 0x0008, 0x296A, 0x76ED, 0x14ED, 0x14E5, 0x34E5, 0x14E5, 0x15ED, 0x15DD, 0xC759, 0xA220, 0x6210, 
  0x8218, 0x6218, 0x6218, 0x6218, 0x6218, 0x6210, 0x6210, 0x4110, 0x6218, 0x6210, 0x6210, 0x6218, 0x6110, 0x6210, 0x6210, 0x6210, 
  0x6210, 0x6210, 0x6218, 0x6218, 0x6218, 0x6218, 0x6218, 0x6218, 0x6218, 0x6218, 0x6210, 0xA318, 0xA320, 0x6210, 0x8218, 0x8218, 
  0x6210, 0x6218, 0x6218, 0x6218, 0x6218, 0x8218, 0x6218, 0x6218, 0x6218, 0x6218, 0x6110, 0x4110, 0x6218, 0x6218, 0x6218, 0x6218, 
  0x6218, 0x6218, 0x8218, 0x6218, 0x6218, 0x6218, 0x6218, 0x6218, 0x6210, 0x6110, 0x8218, 0x8218, 0x6210, 0x6210, 0x6218, 0x6218, 
  0x2008, 0x2010, 0x2110, 0x0008, 0x6110, 0x8218, 0x6218, 0x6218, 0x6218, 0x8218, 0x6210, 0x4110, 0x6210, 0x6210, 0xA320, 0x8220, 
  0x0431, 0x4962, 0x6E93, 0xF0B3, 0xAA7A, 0x4110, 0x8210, 0x6218, 0x6210, 0x6210, 0x8210, 0xA318, 0xA318, 0xC418, 0xC318, 0xC318, 
  0xA318, 0xA318, 0xA310, 0x0421, 0x4629, 0xA310, 0xA318, 0xC318, 0xA218, 0x0421, 0xAB5A, 0x8A52, 0xC318, 0x8631, 0xA739, 0x4529, 
  0xC741, 0x0842, 0x694A, 0xEC5A, 0xF083, 0x36BD, 0x1BE6, 0x9AF5, 0x37EC, 0x52E2, 0x0FD1, 0xCFD8, 0xF0E8, 0xF0E8, 0xF0E8, 0xF0E8, 
  0x10E9, 0xF0E8, 0xF0E8, 0xF0E8, 0xF0E8, 0xF0E8, 0xF0E8, 0xF0E8, 0xF0E8, 0xF0E8, 0xF0E8, 0xF0E8, 0xF0E8, 0xF0E8, 0xF0E8, 0xF0E8, 
  0xF0E8, 0xF0E8, 0xF0E8, 0xF0E8, 0xF0E8, 0xF0E8, 0xF0E8, 0xF0E8, 0xF0E8, 0xF0E8, 0xF0E8, 0xF0E8, 0xF0E8, 0xF0E8, 0xEFE8, 0x10E9, 
  0x10E9, 0xF0E8, 0xF0E8, 0xF0E8, 0xF0E8, 0xF0E8, 0xF0E8, 0xF0E8, 0xF0E8, 0xF0E8, 0xF0E8, 0xF0E8, 0xF0E8, 0xF0E0, 0x0FE9, 0x0DE9, 
  0xC7D8, 0xC3D0, 0xA3D0, 0xC1C8, 0x03CA, 0x07E4, 0x6AE5, 0x469C, 0x6573, 0x6352, 0xC45A, 0x234A, 0xC239, 0xE341, 0xA339, 0xA018, 
  0x8010, 0x2221, 0xE120, 0xA010, 0xA018, 0xA018, 0xA018, 0xA018, 0xA018, 0xA018, 0xA018, 0xA018, 0xA018, 0xA018, 0xA018, 0xA018, 
  0xA018, 0xA010, 0x8010, 0x8010, 0x6010, 0x4108, 0x4110, 0x8218, 0x6210, 0x6210, 0x6210, 0x6218, 0x6218, 0x6218, 0x6218, 0x6218, 
  0x6218, 0x8210, 0x8210, 0x6218, 0x6110, 0x6118, 0x31B4, 0x55F5, 0xF4E4, 0x14E5, 0x14E5, 0x76F5, 0xF0B3, 0x0010, 0x6210, 0x6218, 
  0x6210, 0x8210, 0x6210, 0x6210, 0x8210, 0x6218, 0x6218, 0x8218, 0x6210, 0x6210, 0x6210, 0x6210, 0x6218, 0x6218, 0x6218, 0x6210, 
  0x6218, 0x8218, 0x6218, 0x6210, 0x6218, 0x6218, 0x6210, 0x6210, 0x6210, 0x6218, 0x6218, 0x8218, 0x8218, 0x4110, 0x6210, 0x6210, 
  0x6210, 0x6210, 0x6218, 0x6218, 0x6210, 0x4110, 0x6218, 0x6218, 0x4110, 0x4110, 0xA220, 0xE428, 0x6110, 0x6218, 0x4110, 0x6210, 
  0x6210, 0x6110, 0x6210, 0x6218, 0x6218, 0x6218, 0x6218, 0x6218, 0x6218, 0x6218, 0x6218, 0x6210, 0x8218, 0x6110, 0x6218, 0x6218, 
  0x8210, 0x8210, 0x6218, 0x8218, 0x6210, 0x6218, 0x6218, 0x6218, 0x8218, 0x4210, 0xC320, 0x2429, 0x4110, 0x6218, 0x6210, 0x6118, 
  0x6218, 0x2539, 0x2962, 0xAB7A, 0x6541, 0x4110, 0x6218, 0x6210, 0x8218, 0xA318, 0xA318, 0xA318, 0xA318, 0xA318, 0xC318, 0xC318, 
  0xA318, 0xA318, 0xC318, 0xA310, 0x8318, 0xA318, 0xA318, 0xA310, 0xA318, 0xA318, 0x8210, 0x6210, 0xA310, 0xC318, 0xC420, 0x8318, 
  0xA318, 0xC318, 0x8318, 0x4108, 0x4108, 0xC318, 0x8631, 0x0C63, 0x97BD, 0xDCF6, 0xFBFD, 0x95E3, 0x8FD1, 0xCED8, 0xEFE8, 0xF0E8, 
  0xF0E8, 0x10E1, 0xF0E8, 0xF0E8, 0xF0E8, 0xF0E8, 0xF0E8, 0xF0E8, 0xF0E8, 0xF0E8, 0xF0E8, 0xF0E8, 0xF0E8, 0xF0E8, 0xF0E8, 0xF0E8, 
  0xF0E8, 0xF0E8, 0xF0E8, 0xF0E8, 0xF0E8, 0xF0E8, 0xF0E8, 0xF0E8, 0xF0E8, 0xF0E8, 0xF0E8, 0xF0E8, 0xF0E8, 0xF0E8, 0xF0E8, 0x10E9, 
  0x10E9, 0xF0E8, 0xF0E8, 0xF0E8, 0xF0E8, 0xF0E8, 0xF0E8, 0xF0E8, 0xF0E8, 0xF0E8, 0xF0E8, 0xEFE8, 0xEFE8, 0x0FE9, 0xF0E8, 0xF0E8, 
  0xEDE8, 0xA7D8, 0xA3D0, 0xC4D8, 0xA3D0, 0xA2C8, 0xC3D1, 0xC7DB, 0x2AE5, 0x6ACD, 0xE7A4, 0xC483, 0x446B, 0xC45A, 0x644A, 0xE020, 
  0xA018, 0x2229, 0xC018, 0x2008, 0x6008, 0x6008, 0x6010, 0x6010, 0x6008, 0x8010, 0x6010, 0x4008, 0x4008, 0x4008, 0x4008, 0x4008, 
  0x6010, 0x8010, 0xE020, 0x2029, 0x6129, 0xE541, 0x4531, 0x4108, 0x6210, 0x6210, 0x6210, 0x6218, 0x6218, 0x6218, 0x6218, 0x6218, 
  0x6218, 0x8210, 0x8210, 0x6218, 0x8218, 0x2110, 0x6649, 0x55E5, 0x56F5, 0x35F5, 0x96F5, 0xD3CC, 0x6649, 0x4110, 0x8218, 0x6218, 
  0x6218, 0x8210, 0x8218, 0x8210, 0x6210, 0x6218, 0x6210, 0x8218, 0x6210, 0x6218, 0x6218, 0x6110, 0x6210, 0x8210, 0x6218, 0x6218, 
  0x6218, 0x6218, 0x6110, 0x6210, 0x6210, 0x6218, 0x6110, 0x6218, 0x6218, 0x6218, 0x6218, 0x4110, 0x4110, 0x6110, 0xA320, 0xA318, 
  0x4110, 0x6218, 0x8218, 0x6110, 0x6110, 0x0429, 0x8218, 0x8218, 0x2531, 0x6639, 0x6641, 0x0429, 0x4110, 0x8218, 0xC320, 0xC320, 
  0xC320, 0xA320, 0x6110, 0x6218, 0x6218, 0x6218, 0x6218, 0x6218, 0x6218, 0x6218, 0x6210, 0x6210, 0x6110, 0x8118, 0x6218, 0x6218, 
  0x6210, 0x6218, 0x6218, 0x6218, 0x8218, 0x8218, 0x6210, 0x8210, 0x6218, 0x6218, 0x8218, 0xA218, 0x6110, 0x6210, 0x6210, 0x6218, 
  0x4110, 0xA320, 0x0431, 0xC328, 0x6110, 0x6210, 0x6218, 0xA318, 0xA318, 0xA318, 0xA318, 0xA318, 0xC318, 0xC318, 0xC318, 0xC318, 
  0xA318, 0xA318, 0xA318, 0xC318, 0xA318, 0xA318, 0xC318, 0xA318, 0xA318, 0xC318, 0xC318, 0xC318, 0xC318, 0xA318, 0xC318, 0xC318, 
  0xA318, 0xC318, 0xE420, 0xC318, 0xC318, 0xA318, 0xA310, 0x8310, 0x0421, 0x8A4A, 0x928C, 0x5AD6, 0x7DFE, 0xF5E3, 0x6FC9, 0xCFE0, 
  0xF0E8, 0xF0E8, 0x10E1, 0xF0E8, 0xF0E8, 0xF0E8, 0xF0E8, 0xF0E8, 0xF0E8, 0xF0E8, 0xF0E8, 0xF0E8, 0xF0E8, 0xF0E8, 0xF0E8, 0xF0E8, 
  0xF0E8, 0xF0E8, 0xF0E8, 0xF0E8, 0xF0E8, 0xF0E8, 0xF0E8, 0xF0E8, 0xF0E8, 0xF0E8, 0xF0E8, 0xF0E8, 0xF0E8, 0xF0E8, 0xF0E8, 0x10E9, 
  0x10E9, 0xF0E8, 0xF0E8, 0xF0E8, 0xF0E8, 0xF0E8, 0xF0E8, 0xF0E8, 0xF0E8, 0xF0E8, 0xF0E8, 0xF0E8, 0xF0E8, 0xF0E8, 0x10E9, 0xF0E8, 
  0xF0E8, 0x0DE9, 0xC9E0, 0xA5D8, 0xA3D0, 0xC3D0, 0x82D0, 0xA2C8, 0x82C9, 0x86E3, 0xAAFD, 0xCCFE, 0xCBEE, 0xC9CD, 0x69BD, 0x879C, 
  0x4794, 0xE78B, 0xA462, 0x845A, 0x845A, 0xC241, 0x855A, 0xE349, 0xA341, 0x6239, 0x8341, 0xC349, 0xA56A, 0x2673, 0x457B, 0xE793, 
  0x89AC, 0xE9BC, 0x6BD5, 0x8CDD, 0xEFE5, 0x97F6, 0x3ADE, 0xAF7B, 0xA318, 0x8318, 0x8218, 0x6210, 0x6210, 0x6218, 0x6218, 0x6218, 
  0x6218, 0x6218, 0x6218, 0x6218, 0x6218, 0x8218, 0x4110, 0xA751, 0x10AC, 0x72C4, 0xEB82, 0xA328, 0x2110, 0x6218, 0x6218, 0x6218, 
  0x6218, 0x6218, 0x6218, 0x6218, 0x6218, 0x6210, 0x6210, 0x6210, 0x6218, 0x6218, 0x6118, 0xA218, 0x8218, 0x6210, 0x4110, 0x4110, 
  0x4110, 0x6218, 0xA320, 0x8218, 0xA218, 0xC320, 0xE420, 0x6218, 0x6110, 0x6110, 0x8218, 0x2431, 0x4539, 0x2531, 0x0431, 0xA320, 
  0x6210, 0x6210, 0x6110, 0x8218, 0x6210, 0xE428, 0x6218, 0x6218, 0x4531, 0xE328, 0x8220, 0x6218, 0x6210, 0x8218, 0x0852, 0x0431, 
  0x6218, 0x8218, 0x6218, 0x6218, 0x6218, 0x6218, 0x6218, 0x6218, 0x6218, 0x6218, 0x6210, 0x6218, 0x8218, 0x6210, 0x6218, 0x6218, 
  0x6218, 0x6218, 0x6218, 0x6218, 0x6218, 0x6218, 0x6218, 0x6218, 0x6218, 0x6218, 0x6210, 0x6210, 0x6218, 0x6218, 0x6218, 0x6218, 
  0x6218, 0x6110, 0x4110, 0x6210, 0x8210, 0x8218, 0xA318, 0xC318, 0xC318, 0xA318, 0xA318, 0xA318, 0xA318, 0xA318, 0x4208, 0x8210, 
  0xC318, 0xA318, 0xC318, 0xC318, 0xA318, 0xA318, 0xA318, 0xA318, 0xA318, 0xA318, 0xC318, 0xC318, 0xA318, 0xA318, 0xA318, 0xA318, 
  0xC318, 0xA318, 0xA318, 0xA318, 0xA318, 0xC318, 0xC318, 0xA318, 0xA318, 0x8310, 0xA318, 0x2D63, 0x7294, 0x5EF7, 0x1BFE, 0x51D2, 
  0xEFD8, 0xF0E8, 0xF0E8, 0xF0E8, 0xF0E8, 0x10E9, 0xF0E8, 0xF0E8, 0xF0E8, 0xEFE8, 0xF0E8, 0xF0E8, 0xF0E8, 0xF0E8, 0xF0E8, 0xF0E8, 
  0xF0E8, 0xF0E8, 0xF0E8, 0xF0E8, 0xF0E8, 0xF0E8, 0xF0E8, 0xF0E8, 0xF0E8, 0xF0E8, 0xF0E8, 0xF0E8, 0xF0E8, 0xF0E8, 0xF0E8, 0x10E9, 
  0x10E9, 0xF0E8, 0xF0E8, 0xF0E8, 0xF0E8, 0xF0E8, 0xF0E8, 0xF0E8, 0xF0E8, 0xF0E8, 0xF0E8, 0xF0E8, 0xF0E8, 0xF0E8, 0x10E9, 0x10E9, 
  0xF0E8, 0xF0E8, 0x0FE9, 0xEDE8, 0xCAE0, 0xC7D8, 0xA5D8, 0xA4D8, 0x83D0, 0x82C8, 0x42C9, 0xE5DA, 0xE6E3, 0x87EC, 0xC8EC, 0xE9EC, 
  0x09F5, 0x0AF5, 0xC9EC, 0xCAEC, 0x69E4, 0x49DC, 0x49DC, 0xE7D3, 0xE8DB, 0x67CB, 0x68D3, 0x68DB, 0x89E3, 0x89E3, 0x68E3, 0x48E3, 
  0x29EB, 0xEAEA, 0x8BE2, 0x6DE2, 0x4DE2, 0xEFD9, 0xD3D2, 0xD9D5, 0x6629, 0x8310, 0xC318, 0xA318, 0x8210, 0x6210, 0x6210, 0x6210, 
  0x6218, 0x6218, 0x6218, 0x6218, 0x6218, 0x6218, 0x8218, 0x2010, 0x4118, 0x8218, 0x2010, 0x4110, 0x6218, 0x6218, 0x6218, 0x6218, 
  0x6218, 0x6218, 0x6218, 0x6210, 0x8218, 0x6210, 0x6210, 0x6218, 0x6218, 0x6218, 0x6218, 0x8218, 0x4110, 0x4118, 0xE328, 0x2531, 
  0x2531, 0xC749, 0xE851, 0xE328, 0x4110, 0x6218, 0x6218, 0x6218, 0xC320, 0x8218, 0x8218, 0x8639, 0x6639, 0xC328, 0x4110, 0x4110, 
  0x4110, 0xC328, 0x4539, 0xE428, 0xC320, 0x8218, 0x4110, 0x6218, 0x2110, 0xA220, 0xA749, 0x8641, 0x6218, 0x6118, 0x8220, 0xA320, 
  0x6110, 0x6210, 0x6210, 0x6218, 0x6218, 0x6218, 0x6218, 0x6218, 0x6218, 0x6218, 0x6218, 0x6218, 0x8218, 0x6210, 0x6218, 0x6218, 
  0x6218, 0x6218, 0x6218, 0x6218, 0x6210, 0x6210, 0x6218, 0x6218, 0x6218, 0x6218, 0x6218, 0x6218, 0x6210, 0x6218, 0x6218, 0x6218, 
  0x6218, 0x6210, 0x8210, 0x8210, 0xA318, 0xA318, 0xA318, 0x8210, 0x8310, 0xC318, 0xA318, 0xA318, 0xA318, 0x8210, 0x318C, 0xCB5A, 
  0x6208, 0xC318, 0xC318, 0xC318, 0xA318, 0xA318, 0xA318, 0xA318, 0xA318, 0xA318, 0xC318, 0xA318, 0xA318, 0xA318, 0xC318, 0xC318, 
  0xC318, 0xC318, 0xC318, 0xA318, 0xA318, 0xC318, 0xC318, 0xA318, 0xA318, 0xE418, 0xE420, 0xA739, 0xCB5A, 0x75AD, 0x38C6, 0x5BF6, 
  0xD2DA, 0xEED8, 0xF0E8, 0xF0E8, 0xF0E8, 0x10E9, 0xF0E8, 0xF0E8, 0xF0E8, 0xEFE8, 0xF0E8, 0x10E9, 0xF0E8, 0xF0E8, 0xF0E8, 0xF0E8, 
  0xF0E8, 0xF0E8, 0xF0E8, 0xF0E8, 0xF0E8, 0xF0E8, 0xF0E8, 0xF0E8, 0xF0E8, 0xF0E8, 0xF0E8, 0xF0E8, 0xF0E8, 0xF0E8, 0xF0E8, 0x10E9, 
  0x10E9, 0xEFE8, 0xF0E8, 0xF0E8, 0xF0E8, 0xF0E8, 0xF0E8, 0xF0E8, 0xF0E8, 0xF0E8, 0xF0E8, 0xF0E8, 0xF0E8, 0xF0E8, 0xF0E8, 0x0FE9, 
  0xF0E8, 0xF0E8, 0xF0E8, 0x10E9, 0x10E9, 0xEEE8, 0xEDE8, 0xEBE0, 0xC9E0, 0xC7D8, 0xA6D8, 0x85D0, 0x84C8, 0xA3C8, 0xA3C0, 0xA3C8, 
  0xA3C8, 0xC3C8, 0xC3C8, 0xC3C8, 0xC4C8, 0xC4D0, 0xC5C8, 0xC5D0, 0xE5D0, 0xE6D0, 0xC7D0, 0xC8D0, 0xA9D8, 0xCAD8, 0xCCD8, 0xCDD8, 
  0xCEE0, 0xCEE0, 0xCFE0, 0xF0E0, 0xCFE0, 0xAFE0, 0xF1D9, 0xB5C4, 0x2429, 0x8310, 0xC318, 0xC318, 0xC318, 0xA318, 0x8218, 0x8210, 
  0x6210, 0x6210, 0x6210, 0x6210, 0x6218, 0x6218, 0x6218, 0x8218, 0x6218, 0x6210, 0x8210, 0x6218, 0x6218, 0x6218, 0x6218, 0x6218, 
  0x6218, 0x6218, 0x6218, 0x6210, 0x8218, 0x6210, 0x6218, 0x6218, 0x6218, 0x6218, 0x6210, 0x6218, 0x6639, 0xA741, 0x0431, 0x2431, 
  0x0431, 0xE328, 0x4118, 0x4110, 0xA218, 0xA220, 0xE428, 0x6539, 0x6639, 0xA320, 0x6110, 0x4110, 0x6218, 0xC328, 0xC320, 0xC320, 
  0x8218, 0x8220, 0x0431, 0xA320, 0xA320, 0xA320, 0x4110, 0xA318, 0x8639, 0x0852, 0xA649, 0xE430, 0x4110, 0x6218, 0x0429, 0x0429, 
  0x6210, 0x6210, 0x6218, 0x6218, 0x6218, 0x6218, 0x6218, 0x6218, 0x6218, 0x6218, 0x6218, 0x6210, 0x6210, 0x6210, 0x6218, 0x6218, 
  0x6218, 0x6218, 0x6218, 0x6218, 0x6218, 0x6218, 0x6218, 0x6210, 0x6210, 0x8218, 0x6110, 0x6110, 0x6210, 0x6218, 0x6218, 0x6210, 
  0x8210, 0x8210, 0xA218, 0xA318, 0xC318, 0xA318, 0xA318, 0xE841, 0x6631, 0x8210, 0xA318, 0xC318, 0x8310, 0xE420, 0xFFFF, 0x96B5, 
  0x2108, 0xC418, 0xA318, 0xA318, 0xA318, 0xA318, 0xA318, 0xA318, 0xA318, 0xC318, 0xC318, 0xA318, 0xA318, 0xC318, 0xC318, 0xA318, 
  0xA318, 0xA318, 0xA318, 0xA318, 0xC318, 0xA318, 0xA318, 0xA318, 0xC318, 0xA318, 0xA318, 0xE420, 0x4529, 0xE841, 0x1084, 0xB7BD, 
  0x5BEE, 0x54DB, 0xEED0, 0x10E9, 0xF0E8, 0x10E9, 0xF0E8, 0xF0E8, 0xF0E8, 0xF0E8, 0xF0E8, 0xF0E8, 0xF0E8, 0xF0E8, 0xF0E8, 0xF0E8, 
  0xF0E8, 0xF0E8, 0xF0E8, 0xF0E8, 0xF0E8, 0xF0E8, 0xF0E8, 0xF0E8, 0xF0E8, 0xF0E8, 0xF0E8, 0xF0E8, 0xF0E8, 0xF0E8, 0xF0E8, 0x10E9, 
  0x10E9, 0xF0E8, 0xF0E8, 0xF0E8, 0xF0E8, 0xF0E8, 0xF0E8, 0xF0E8, 0xF0E8, 0xF0E8, 0xF0E8, 0xF0E8, 0xF0E8, 0xF0E8, 0xF0E8, 0xF0E8, 
  0xF0E8, 0x10E9, 0x0FE9, 0x10E1, 0xF0E8, 0xEFE8, 0xEFE8, 0x0FE9, 0x0FE9, 0x0FE9, 0x0FE9, 0x0EE9, 0x0EE9, 0xEDE8, 0xECE8, 0x0CE9, 
  0xECE8, 0xECE8, 0xECE8, 0xECE8, 0xECE8, 0xEDE8, 0xEFE8, 0xEFE8, 0x0FE9, 0x0FE9, 0xEFE8, 0x10E9, 0x10E9, 0x10E9, 0x10E9, 0x10E9, 
  0xF0E8, 0xF0E8, 0x10E9, 0xF0E8, 0xF0E8, 0xF0E0, 0x11E2, 0xB5BC, 0xE318, 0xA318, 0xA318, 0xA318, 0xA318, 0xA318, 0xA318, 0xA318, 
  0xA318, 0x8218, 0x6210, 0x6210, 0x8210, 0x6218, 0x6218, 0x6218, 0x6218, 0x6210, 0x8210, 0x8210, 0x8210, 0x6218, 0x6218, 0x6218, 
  0x6218, 0x6218, 0x6210, 0x6210, 0x6210, 0x6210, 0x6218, 0x6218, 0x6218, 0x8218, 0x6210, 0x8218, 0x6639, 0x0431, 0x2110, 0x4110, 
  0x4110, 0xA320, 0xE328, 0xE328, 0xC320, 0xA218, 0xC320, 0xA220, 0x6218, 0x6218, 0x4110, 0xC328, 0xA749, 0x0431, 0x2531, 0xE320, 
  0x6210, 0x6210, 0x8220, 0xC328, 0xC320, 0x8218, 0x6218, 0x6210, 0x8220, 0x8220, 0x6118, 0xE328, 0x0431, 0x6218, 0xA320, 0x6218, 
  0x6210, 0x6218, 0x6218, 0x6218, 0x6218, 0x6218, 0x6218, 0x6218, 0x6218, 0x6218, 0x6218, 0x6218, 0x6218, 0x6218, 0x6218, 0x6218, 
  0x6218, 0x6218, 0x6218, 0x6218, 0x6218, 0x6218, 0x6218, 0x6218, 0x6210, 0x6218, 0x6210, 0x6218, 0x6210, 0x6218, 0x4110, 0x8210, 
  0xA318, 0xA318, 0xC318, 0xC318, 0xA310, 0x8210, 0x2842, 0xB6B5, 0x55A5, 0xAE73, 0xC318, 0xA318, 0xA318, 0xC318, 0x34A5, 0x8A52, 
  0x6210, 0xC318, 0xC318, 0xA318, 0xC318, 0xA318, 0xA318, 0xA318, 0xA318, 0xC318, 0xC318, 0xC318, 0xC318, 0xC318, 0xC318, 0xA318, 
  0xC318, 0xC318, 0xC318, 0xC318, 0xC318, 0xA318, 0xC318, 0xC318, 0xA318, 0xA318, 0xA318, 0xA318, 0x8310, 0x0521, 0x294A, 0x308C, 
  0x1CE7, 0x7FFF, 0x94DB, 0x0ED1, 0xF0E8, 0xF0E8, 0xF0E8, 0xF0E8, 0xF0E8, 0xF0E8, 0xF0E8, 0xF0E8, 0xF0E8, 0xF0E0, 0xF0E8, 0xF0E8, 
  0xF0E8, 0xF0E8, 0xF0E8, 0xF0E8, 0xF0E8, 0xF0E8, 0xF0E8, 0xF0E8, 0xF0E8, 0xF0E8, 0xF0E8, 0xF0E8, 0xF0E8, 0xF0E8, 0xF0E8, 0x10E9, 
  0x10E9, 0xF0E8, 0xF0E8, 0xF0E8, 0xF0E8, 0xF0E8, 0xF0E8, 0xF0E8, 0xF0E8, 0xF0E8, 0xF0E8, 0xF0E8, 0xF0E8, 0xF0E8, 0xF0E8, 0xF0E8, 
  0xF0E8, 0xF0E8, 0xF0E8, 0xF0E8, 0xF0E8, 0xF0E0, 0x10E1, 0xF0E0, 0xF0E8, 0xF0E8, 0xF0E8, 0xF0E8, 0xF0E8, 0xF0E8, 0x10E9, 0x10E9, 
  0xF0E8, 0xF0E8, 0xF0E8, 0xF0E8, 0xF0E8, 0xF0E8, 0xF0E8, 0xF0E8, 0x10E9, 0xF0E8, 0xF0E8, 0xEFE8, 0xF0E8, 0xF0E0, 0xF0E8, 0xF0E8, 
  0xF0E8, 0xEFE8, 0x0FE9, 0xEFE8, 0xF0E8, 0xEFE0, 0x11DA, 0x709B, 0x8210, 0xA318, 0xC318, 0xC318, 0xC318, 0xA318, 0xA318, 0xA318, 
  0xA318, 0xA318, 0xA318, 0xA218, 0x8210, 0x6210, 0x6210, 0x6110, 0x6218, 0x6218, 0x6218, 0x6210, 0x6210, 0x6218, 0x6218, 0x6218, 
  0x6218, 0x6218, 0x6210, 0x6210, 0x6210, 0x6218, 0x6218, 0x6218, 0x6218, 0x6218, 0x6218, 0x6218, 0x4110, 0x4110, 0x6218, 0x8218, 
  0xA318, 0x0429, 0x2531, 0xC320, 0x6110, 0x6218, 0x8220, 0x2439, 0xE428, 0xC420, 0xA318, 0x6218, 0x8218, 0x4110, 0x4118, 0x8218, 
  0x6210, 0xA220, 0x4531, 0x8639, 0x2531, 0xA320, 0x6210, 0x6210, 0xA320, 0x8641, 0xE851, 0x8639, 0x0429, 0x6218, 0xA218, 0x6210, 
  0x6218, 0x6218, 0x6218, 0x6218, 0x6218, 0x6218, 0x6218, 0x6218, 0x6218, 0x6218, 0x6218, 0x6218, 0x6218, 0x6218, 0x6218, 0x6218, 
  0x6218, 0x6218, 0x6218, 0x6218, 0x6218, 0x6218, 0x6218, 0x6218, 0x6218, 0x6218, 0x6218, 0x6218, 0x6210, 0x2529, 0xC741, 0xE420, 
  0x8210, 0xA318, 0x8310, 0x8210, 0x8631, 0xAE73, 0x38C6, 0xFBDE, 0xDBDE, 0xD39C, 0x0842, 0xA310, 0xC318, 0xA318, 0x6208, 0x6210, 
  0xC318, 0xA318, 0xA318, 0xA318, 0xC318, 0xC318, 0xC318, 0xA318, 0xC318, 0xA318, 0xA318, 0xA318, 0xC318, 0xA318, 0xA318, 0xA318, 
  0xA318, 0xA318, 0xA318, 0xA318, 0xA318, 0xA318, 0xC318, 0xC418, 0xA318, 0xC318, 0xA318, 0xA318, 0xA318, 0xC418, 0xC310, 0x8639, 
  0x9AD6, 0xFFFF, 0xBFFF, 0x36E4, 0x2ED1, 0xEFE8, 0x10E9, 0xF0E8, 0xF0E8, 0x10E9, 0xF0E8, 0xF0E8, 0xF0E8, 0xF0E8, 0xF0E8, 0xF0E8, 
  0xF0E8, 0xF0E8, 0xF0E8, 0xF0E8, 0xF0E8, 0xF0E8, 0xF0E8, 0xF0E8, 0xF0E8, 0xF0E8, 0xF0E8, 0xF0E8, 0xF0E8, 0xF0E8, 0xF0E8, 0x10E9, 
  0x10E9, 0xEFE8, 0xF0E8, 0xF0E8, 0xF0E8, 0xF0E8, 0xF0E8, 0xF0E8, 0xF0E8, 0xF0E8, 0xF0E8, 0xF0E8, 0xF0E8, 0xF0E8, 0xF0E8, 0xF0E8, 
  0xEFE8, 0xF0E8, 0xF0E8, 0xF0E8, 0xF0E8, 0xF0E0, 0xF0E8, 0xF0E8, 0xF0E8, 0xF0E8, 0xF0E8, 0xF0E8, 0xF0E8, 0xF0E0, 0xF0E8, 0xF0E8, 
  0x0FE9, 0xF0E8, 0xF0E8, 0xEFE8, 0xF0E8, 0xF0E8, 0xF0E8, 0xF0E8, 0xF0E8, 0xF0E8, 0xF0E8, 0x10E9, 0xF0E8, 0xF0E8, 0xF0E8, 0xF0E8, 
  0xF0E8, 0xF0E8, 0xF0E8, 0x10E9, 0xF0E8, 0xCFE0, 0x92DA, 0x0E83, 0x0421, 0x0421, 0xA310, 0xC318, 0xC318, 0xA318, 0xA318, 0xA318, 
  0xA318, 0xA318, 0xC318, 0xA318, 0xA318, 0xA318, 0x8210, 0x6210, 0xC320, 0x8218, 0x6210, 0x6218, 0x6218, 0x6218, 0x6218, 0x6218, 
  0x6218, 0x6218, 0x6210, 0x6210, 0x6210, 0x6218, 0x6218, 0x6218, 0x6218, 0x6218, 0x6218, 0x6218, 0x6110, 0x8218, 0x6218, 0x8218, 
  0x8218, 0x4110, 0x6218, 0x8218, 0x6218, 0xC320, 0x6639, 0xA741, 0xC320, 0xC320, 0x6218, 0x6218, 0x0429, 0x4539, 0x8641, 0x0431, 
  0xA320, 0x4110, 0x4110, 0x8220, 0x6218, 0xA318, 0xA218, 0x6210, 0x8218, 0xC328, 0xC328, 0x4110, 0x4110, 0x6210, 0x6218, 0x6218, 
  0x6218, 0x6218, 0x6218, 0x6218, 0x6218, 0x6218, 0x6218, 0x6218, 0x6218, 0x6218, 0x6218, 0x6218, 0x6218, 0x6218, 0x6218, 0x6218, 
  0x6218, 0x6218, 0x6218, 0x6218, 0x6218, 0x6218, 0x6218, 0x6218, 0x6218, 0x6210, 0x6210, 0x6210, 0x6210, 0x6631, 0x6E73, 0xA739, 
  0xE839, 0x4529, 0xC739, 0xCC5A, 0x718C, 0x1CE7, 0x9EF7, 0xBAD6, 0xD39C, 0x4D6B, 0xC739, 0x4208, 0x0421, 0xC318, 0xC318, 0xC318, 
  0xA318, 0xA318, 0xA318, 0xC318, 0xC318, 0xC318, 0xC318, 0xA318, 0xA318, 0xA318, 0xA318, 0xA318, 0xA318, 0xA318, 0xC318, 0xC318, 
  0xA318, 0xA318, 0xA318, 0xA318, 0xC318, 0xC318, 0xA318, 0xA318, 0xA318, 0xC318, 0xA318, 0xA318, 0xA318, 0xA210, 0x0421, 0x494A, 
  0x9294, 0x38C6, 0x3CE7, 0xDFFF, 0xD8EC, 0x4FD1, 0xEFE0, 0x10E9, 0xF0E8, 0xF0E8, 0xF0E8, 0xF0E8, 0xF0E8, 0xF0E8, 0xF0E8, 0xF0E8, 
  0xF0E8, 0xF0E8, 0xF0E8, 0xF0E8, 0xF0E8, 0xF0E8, 0xF0E8, 0xF0E8, 0xF0E8, 0xF0E8, 0xF0E8, 0xF0E8, 0xF0E8, 0xF0E8, 0xF0E8, 0x10E9, 
  0x10E9, 0xF0E8, 0xF0E8, 0xF0E8, 0xF0E8, 0xF0E8, 0xF0E8, 0xF0E8, 0xF0E8, 0xF0E8, 0xF0E8, 0xF0E8, 0xF0E8, 0xF0E8, 0xF0E8, 0xF0E8, 
  0xF0E8, 0xF0E8, 0xF0E8, 0xF0E8, 0xF0E8, 0xF0E8, 0xF0E8, 0xF0E8, 0xF0E8, 0xF0E8, 0xF0E8, 0xF0E8, 0xF0E8, 0xF0E8, 0xF0E8, 0xF0E8, 
  0xF0E8, 0xF0E8, 0xF0E8, 0xF0E8, 0xF0E8, 0xF0E8, 0xF0E8, 0xF0E8, 0xF0E8, 0xF0E8, 0xF0E8, 0xF0E8, 0xF0E8, 0xF0E8, 0xF0E8, 0xF0E8, 
  0xF0E8, 0xF0E8, 0xF0E8, 0xF0E8, 0x10E9, 0xEED8, 0x15E4, 0x939C, 0xE418, 0xE418, 0xA318, 0xC318, 0xA318, 0xA318, 0xA318, 0xC318, 
  0xC318, 0xA318, 0xA318, 0xC318, 0xA318, 0xC318, 0xC318, 0xA318, 0x8210, 0x6210, 0x6210, 0x6210, 0x6218, 0x6218, 0x6210, 0x6218, 
  0x6218, 0x6218, 0x6218, 0x6218, 0x6218, 0x6218, 0x6218, 0x6218, 0x6218, 0x6218, 0x6218, 0x6218, 0x6218, 0x6218, 0x6218, 0x6210, 
  0x6218, 0x6218, 0x6218, 0x4110, 0xA320, 0x6218, 0x6110, 0x8218, 0x8220, 0x4110, 0x6110, 0x8218, 0x2531, 0xE430, 0x0429, 0x2531, 
  0x8218, 0x4110, 0xE428, 0xA749, 0xA749, 0x2531, 0xE428, 0x8218, 0x4110, 0xA220, 0x8220, 0xC328, 0x2531, 0x6218, 0x6218, 0x6218, 
  0x6218, 0x6218, 0x6218, 0x6218, 0x6218, 0x6218, 0x6218, 0x6218, 0x6218, 0x6218, 0x6218, 0x6218, 0x6218, 0x6218, 0x6218, 0x6218, 
  0x6218, 0x8210, 0x8210, 0x6218, 0x6218, 0x6218, 0x6218, 0x6218, 0x6218, 0x6210, 0x8210, 0xA318, 0xA318, 0xE420, 0xC739, 0x6A4A, 
  0xCB5A, 0x2D63, 0xD39C, 0x55AD, 0x14A5, 0xD7BD, 0xBAD6, 0x59CE, 0x75AD, 0xB394, 0xCB5A, 0xCB5A, 0x294A, 0x8210, 0xC318, 0xC318, 
  0xA318, 0xC318, 0xC318, 0xC318, 0xC318, 0xC318, 0xA318, 0xA318, 0xA318, 0xA318, 0xC318, 0xA318, 0xA318, 0xA318, 0xC318, 0xA318, 
  0xA318, 0xC318, 0xA318, 0xA318, 0xC318, 0xA318, 0xA318, 0xA318, 0xA318, 0xA318, 0xA318, 0xA318, 0xA318, 0xA318, 0x4529, 0x4529, 
  0xEC62, 0x8E73, 0x35AD, 0x3CE7, 0xFFFF, 0x7AED, 0xB0D1, 0xCFE0, 0x10E9, 0xF0E8, 0xF0E8, 0xF0E8, 0xF0E8, 0xF0E8, 0xF0E8, 0xF0E8, 
  0xF0E8, 0xF0E8, 0xF0E8, 0xF0E8, 0xF0E8, 0xF0E8, 0xF0E8, 0xF0E8, 0xF0E8, 0xF0E8, 0xF0E8, 0xF0E8, 0xF0E8, 0xF0E8, 0xEFE0, 0x10E9, 
  0x10E9, 0xF0E8, 0xF0E8, 0xF0E8, 0xF0E8, 0xF0E8, 0xF0E8, 0xF0E8, 0xF0E8, 0xF0E8, 0xF0E8, 0xF0E8, 0xF0E8, 0xF0E8, 0xF0E8, 0x10E1, 
  0x10E9, 0xF0E8, 0xF0E8, 0xF0E8, 0xF0E8, 0xF0E8, 0xF0E8, 0xF0E8, 0xF0E8, 0xF0E8, 0xF0E8, 0xF0E8, 0xF0E8, 0xF0E8, 0xF0E8, 0xF0E8, 
  0xF0E8, 0xF0E8, 0xF0E8, 0xF0E8, 0xF0E8, 0xF0E8, 0xF0E8, 0xF0E8, 0xF0E8, 0xF0E8, 0xF0E8, 0xF0E8, 0xF0E8, 0xF0E8, 0xF0E8, 0xF0E8, 
  0xF0E8, 0xF0E8, 0xF0E8, 0xF0E8, 0xEFE8, 0xB0D1, 0x58DD, 0x0C63, 0xA318, 0xA318, 0xC318, 0xA318, 0xC318, 0xC318, 0xA318, 0xC318, 
  0xC318, 0xC318, 0xA318, 0xA318, 0xA318, 0xA318, 0xA318, 0xC318, 0xA318, 0xA318, 0xA318, 0x8210, 0x6210, 0x6210, 0x6218, 0x6210, 
  0x6218, 0x6218, 0x6218, 0x6218, 0x6218, 0x6218, 0x6218, 0x6218, 0x6218, 0x6218, 0x6218, 0x6218, 0x6218, 0x6210, 0x6218, 0x6218, 
  0x6218, 0x6218, 0x6218, 0x6218, 0x6218, 0x6218, 0x8210, 0xE428, 0x6639, 0x2531, 0x0429, 0x4110, 0x4110, 0x6218, 0x8220, 0xC320, 
  0xE428, 0xA320, 0x8218, 0xA320, 0xC328, 0xC328, 0x6118, 0x6218, 0x8220, 0x4D7B, 0xE849, 0xA220, 0x6218, 0x6218, 0x6218, 0x6210, 
  0x6218, 0x6218, 0x6218, 0x6218, 0x6218, 0x6218, 0x6218, 0x6218, 0x6218, 0x6218, 0x6218, 0x6218, 0x6218, 0x6218, 0x6218, 0x6218, 
  0x6218, 0x6218, 0x6218, 0x6218, 0x6218, 0x6218, 0x6210, 0x6210, 0x8218, 0xA318, 0xA318, 0xA318, 0xA318, 0xC318, 0xA310, 0xA731, 
  0xEF7B, 0x34A5, 0x14A5, 0x55AD, 0xF7BD, 0x79CE, 0x18C6, 0x38C6, 0x38C6, 0x79CE, 0x9294, 0x7AD6, 0x6A4A, 0x6208, 0xC318, 0xA318, 
  0xA318, 0xA318, 0xA318, 0xA318, 0xC318, 0xC318, 0xC318, 0xC318, 0xA318, 0xA318, 0xC318, 0xA318, 0xA318, 0xA318, 0xC318, 0xC318, 
  0xA318, 0xA318, 0xA318, 0xA318, 0xA318, 0xA318, 0xA318, 0xA318, 0xA318, 0xA318, 0xA318, 0xA318, 0xA318, 0xA318, 0xA318, 0x0421, 
  0xC739, 0x494A, 0xCB5A, 0x2C63, 0x59CE, 0xFFFF, 0x3CFE, 0x31DA, 0xCFD8, 0x10E9, 0x10E9, 0xF0E8, 0xF0E8, 0xF0E8, 0xF0E0, 0x0FE9, 
  0xF0E8, 0xF0E8, 0xF0E8, 0xF0E8, 0xF0E8, 0xF0E8, 0xF0E8, 0xF0E8, 0xF0E8, 0xF0E8, 0xF0E8, 0xF0E8, 0xF0E8, 0xF0E8, 0xF0E8, 0x10E9, 
  0x10E9, 0xF0E8, 0xF0E8, 0xF0E8, 0x10E9, 0xF0E8, 0xF0E8, 0xF0E8, 0xF0E8, 0xF0E8, 0xF0E8, 0xF0E8, 0xF0E8, 0xF0E8, 0xF0E8, 0x10E9, 
  0x10E9, 0xF0E8, 0xF0E8, 0xF0E8, 0xF0E8, 0xF0E8, 0xF0E8, 0xF0E8, 0xF0E8, 0xF0E8, 0xF0E8, 0xF0E8, 0xF0E8, 0xF0E8, 0xF0E8, 0xF0E8, 
  0xF0E8, 0xF0E8, 0xF0E8, 0x10E9, 0xF0E8, 0xF0E8, 0xF0E8, 0xF0E8, 0xF0E8, 0xF0E8, 0xF0E8, 0xF0E8, 0xF0E8, 0xF0E0, 0x10E9, 0x10E9, 
  0xF0E8, 0xF0E8, 0xF0E8, 0xF0E8, 0xCED8, 0xB5DB, 0x4E7B, 0x4108, 0xC318, 0xA318, 0xA318, 0xC318, 0xA318, 0xC318, 0xC318, 0xA318, 
  0xA318, 0xA318, 0xA318, 0xA318, 0xA318, 0xC318, 0xA318, 0xC318, 0xA318, 0xA318, 0xA318, 0xA318, 0xA318, 0x8218, 0x6210, 0x6210, 
  0x6218, 0x6218, 0x6218, 0x6218, 0x6218, 0x6218, 0x6218, 0x6218, 0x6218, 0x6218, 0x6218, 0x6218, 0x6218, 0x6218, 0x6218, 0x6218, 
  0x6218, 0x6218, 0x6218, 0x6210, 0x6218, 0x6210, 0x8218, 0x8218, 0x6118, 0xC320, 0x8218, 0x8218, 0x8220, 0xE428, 0x2531, 0x6539, 
  0x6539, 0xA320, 0x4110, 0x6218, 0xC320, 0xE428, 0xC320, 0x0429, 0x6218, 0x8220, 0x6218, 0x6218, 0x6210, 0x6218, 0x6218, 0x6218, 
  0x6218, 0x6218, 0x6218, 0x6218, 0x6218, 0x6218, 0x6218, 0x6218, 0x6218, 0x6218, 0x6218, 0x6218, 0x6218, 0x6218, 0x6218, 0x6218, 
  0x6218, 0x6218, 0x6218, 0x6218, 0x6210, 0x6210, 0x8218, 0xA318, 0xA318, 0xA318, 0xA318, 0xA318, 0xA318, 0xC318, 0xA318, 0xC418, 
  0x6D6B, 0x14A5, 0xB7B5, 0x75AD, 0xD7BD, 0x1CE7, 0xFBDE, 0x3CE7, 0xF7BD, 0xF7BD, 0xD7BD, 0x3184, 0x6210, 0xC318, 0xA318, 0xA318, 
  0xC318, 0xC318, 0xC318, 0xC318, 0xA318, 0xA318, 0xA318, 0xC318, 0xA318, 0xC318, 0xA318, 0xA318, 0xA318, 0xC318, 0xC318, 0xC318, 
  0xA318, 0xA318, 0xA318, 0xC318, 0xA318, 0xC318, 0xA318, 0xA318, 0xA318, 0xA318, 0xA318, 0xA318, 0xA318, 0xC318, 0xA318, 0xE418, 
  0x0421, 0x2529, 0xE420, 0xE839, 0xAE73, 0xCF7B, 0x5DEF, 0xFEFE, 0xF3DA, 0xEED8, 0x10E1, 0xF0E8, 0xF0E8, 0xF0E8, 0xF0E8, 0x10E9, 
  0xF0E8, 0xF0E8, 0xF0E8, 0xF0E8, 0xF0E8, 0xF0E8, 0xF0E8, 0xF0E8, 0xF0E8, 0xF0E8, 0xF0E8, 0xF0E8, 0xF0E8, 0xF0E8, 0xF0E8, 0x10E9, 
  0x10E9, 0xF0E8, 0xF0E8, 0xF0E8, 0xF0E8, 0xF0E8, 0xF0E8, 0xF0E8, 0xF0E8, 0xF0E8, 0xF0E8, 0xF0E8, 0xF0E8, 0xF0E8, 0xF0E8, 0xF0E8, 
  0xF0E8, 0xF0E8, 0xF0E8, 0xF0E8, 0xF0E8, 0xF0E8, 0xF0E0, 0xF0E8, 0xF0E8, 0xF0E8, 0xF0E8, 0xF0E8, 0xF0E8, 0xF0E8, 0xF0E8, 0xF0E8, 
  0xF0E8, 0xF0E8, 0xF0E8, 0xF0E8, 0xF0E8, 0xF0E8, 0xF0E8, 0xF0E8, 0xF0E8, 0xF0E8, 0xF0E8, 0xF0E8, 0xF0E8, 0xF0E8, 0xF0E8, 0xF0E8, 
  0xF0E8, 0xF0E8, 0xF0E8, 0x10E9, 0x2EC1, 0x509B, 0x4631, 0x8210, 0xC318, 0xA318, 0xA318, 0xC318, 0xA318, 0xA318, 0xA318, 0xA318, 
  0xC318, 0xC318, 0xA318, 0xA318, 0xA318, 0xA318, 0xA318, 0xA318, 0xA318, 0xA318, 0xA318, 0xA318, 0xA318, 0xA318, 0xA318, 0xA318, 
  0x8218, 0x6210, 0x6210, 0x6210, 0x6218, 0x6218, 0x6218, 0x6218, 0x6218, 0x6218, 0x6218, 0x6218, 0x6218, 0x6218, 0x6218, 0x6218, 
  0x8210, 0x6218, 0x6218, 0x6210, 0x6210, 0x6210, 0x6218, 0x6218, 0x6210, 0x8218, 0xC320, 0xC320, 0x6218, 0x8218, 0x8218, 0x6218, 
  0x6218, 0x6110, 0x6218, 0xA218, 0x2431, 0xE428, 0xA320, 0x8318, 0x4110, 0xA218, 0xA320, 0xC320, 0x6210, 0x6218, 0x6218, 0x6218, 
  0x6218, 0x6218, 0x6218, 0x6218, 0x6218, 0x6218, 0x6218, 0x6218, 0x6218, 0x6218, 0x6210, 0x6218, 0x6218, 0x6218, 0x6218, 0x6218, 
  0x6218, 0x6210, 0x6210, 0x6210, 0x8218, 0xA318, 0xA318, 0xA318, 0xA318, 0xA318, 0xA318, 0xA318, 0xC318, 0xA318, 0x8210, 0x8B52, 
  0xEF7B, 0x35A5, 0xD7BD, 0x96B5, 0xBAD6, 0xDBDE, 0x9AD6, 0xDBD6, 0x9AD6, 0x59CE, 0xB6B5, 0x0421, 0x8310, 0xC318, 0xA318, 0xA318, 
  0xA318, 0xC318, 0xA318, 0xA318, 0xA318, 0xA318, 0xA318, 0xC318, 0xA318, 0xA318, 0xA318, 0xC318, 0xA318, 0xA318, 0xA318, 0xA318, 
  0xA318, 0xA318, 0xA318, 0xA318, 0xA318, 0xC318, 0xA318, 0xA318, 0xA318, 0xA318, 0xA318, 0xA318, 0xA318, 0xE420, 0xC318, 0xA318, 
  0xC418, 0x0421, 0xE418, 0xC739, 0x2842, 0x494A, 0x59CE, 0xFFFF, 0x5FFF, 0xF6E3, 0x2ED1, 0xCFE8, 0xF0E8, 0xF0E8, 0xF0E8, 0xF0E8, 
  0xF0E8, 0xF0E8, 0xF0E8, 0xF0E8, 0xF0E8, 0x10E9, 0xF0E8, 0xF0E8, 0xF0E8, 0xF0E8, 0xF0E8, 0xF0E8, 0xF0E8, 0xF0E8, 0xF0E8, 0x10E9, 
  0x10E9, 0xF0E8, 0xF0E8, 0xF0E8, 0xF0E8, 0xF0E8, 0xF0E8, 0xF0E8, 0xF0E8, 0xF0E8, 0xF0E8, 0xF0E8, 0xF0E8, 0xF0E8, 0xF0E8, 0xF0E8, 
  0xF0E8, 0xF0E8, 0xF0E8, 0xF0E8, 0xF0E8, 0xF0E8, 0xF0E8, 0xF0E8, 0xF0E8, 0xF0E8, 0xF0E8, 0xF0E8, 0xF0E8, 0xF0E8, 0xF0E8, 0xF0E8, 
  0xF0E8, 0xF0E8, 0xF0E8, 0xF0E8, 0xF0E8, 0xF0E8, 0xF0E8, 0xF0E8, 0xF0E8, 0xF0E8, 0xF0E8, 0xF0E8, 0xF0E8, 0xF0E8, 0xF0E8, 0xF0E8, 
  0xF0E8, 0xF0E0, 0xF0E0, 0x4FE1, 0x2B89, 0xE530, 0xE418, 0xC310, 0xA318, 0xC318, 0xA318, 0xC318, 0xA318, 0xA318, 0xC318, 0xA318, 
  0xA318, 0xA318, 0xA318, 0xA318, 0xA318, 0xA318, 0xA318, 0xA318, 0xA318, 0xA318, 0xC318, 0xC318, 0xA318, 0xA318, 0xA318, 0xA318, 
  0xA318, 0xA318, 0x8218, 0x8210, 0x6210, 0x6210, 0x6218, 0x6218, 0x6218, 0x6218, 0x6218, 0x6218, 0x6218, 0x6218, 0x6218, 0x6218, 
  0x6218, 0x6218, 0x6218, 0x6218, 0x6218, 0x6218, 0x6218, 0x8218, 0x6218, 0xC320, 0x0431, 0xA218, 0x6110, 0xA320, 0x8218, 0xE428, 
  0x4531, 0xC320, 0x6218, 0x6118, 0xA320, 0x8220, 0x6218, 0xA218, 0x6210, 0x6210, 0x6218, 0x6218, 0x4110, 0x6210, 0x6218, 0x6218, 
  0x6218, 0x6218, 0x6218, 0x6218, 0x6218, 0x6218, 0x8210, 0x8218, 0x6218, 0x6210, 0x6210, 0x6210, 0x8210, 0x6218, 0x6218, 0x6218, 
  0x6210, 0x8210, 0x8218, 0xA318, 0xA318, 0xA318, 0xA318, 0xA318, 0xA318, 0xA318, 0xA318, 0xA318, 0xC318, 0xC318, 0x2529, 0xCF7B, 
  0x96B5, 0x76AD, 0x55AD, 0x79CE, 0x3CE7, 0xDBDE, 0x1CE7, 0x38C6, 0x18C6, 0x9AD6, 0x8A52, 0x6210, 0xC318, 0xA318, 0xA318, 0xC318, 
  0xA318, 0xA318, 0xA318, 0xC318, 0xC318, 0xA318, 0xC318, 0xA318, 0xC318, 0xA318, 0xA318, 0xA318, 0xC318, 0xA318, 0xA318, 0xA318, 
  0xA318, 0xA318, 0xA318, 0xA318, 0xA318, 0xC318, 0xA318, 0xA318, 0xA318, 0xA318, 0xA318, 0xA318, 0xA318, 0xA310, 0xC318, 0xC318, 
  0xC318, 0xC318, 0x0521, 0xE420, 0x6210, 0xCB5A, 0x59CE, 0xDBDE, 0xBEF7, 0xFFFF, 0x19ED, 0xAFD1, 0xEED8, 0x10E9, 0xF0E8, 0xF0E8, 
  0xF0E8, 0xF0E8, 0xF0E8, 0xF0E8, 0xF0E8, 0xF0E8, 0xF0E8, 0xF0E8, 0xF0E8, 0xF0E8, 0xF0E8, 0xF0E8, 0xF0E8, 0xF0E8, 0xF0E8, 0x10E9, 
  0x10E9, 0xF0E8, 0xF0E8, 0xF0E8, 0xF0E8, 0xF0E8, 0xF0E8, 0xF0E8, 0xF0E8, 0xF0E8, 0xF0E8, 0xF0E8, 0xF0E8, 0xF0E8, 0xF0E8, 0xF0E8, 
  0xF0E8, 0xF0E8, 0xF0E8, 0xF0E8, 0xF0E8, 0xF0E8, 0xF0E8, 0xF0E8, 0xF0E8, 0xF0E8, 0xF0E8, 0xF0E8, 0xF0E8, 0xF0E8, 0xF0E8, 0xF0E8, 
  0xF0E8, 0xF0E8, 0xF0E8, 0xF0E8, 0xF0E8, 0xF0E8, 0xF0E8, 0xF0E8, 0xF0E8, 0xF0E8, 0xF0E8, 0xF0E8, 0xF0E8, 0xF0E8, 0xF0E8, 0xF0E8, 
  0xF0E0, 0x10E1, 0x10E9, 0x4DB1, 0x8438, 0x8210, 0xA318, 0xA318, 0xA318, 0xA318, 0xA318, 0xC318, 0xC318, 0xA318, 0xC318, 0xA318, 
  0xA318, 0xC318, 0xC318, 0xC318, 0xA318, 0xA318, 0xA318, 0xA318, 0xA318, 0xA318, 0xA318, 0xA318, 0xA318, 0xA318, 0xC318, 0xA318, 
  0xA318, 0xA318, 0xC318, 0xA318, 0xC318, 0x8218, 0x8210, 0x6210, 0x6218, 0x6218, 0x6218, 0x6218, 0x6218, 0x6218, 0x6218, 0x6218, 
  0x6218, 0x6218, 0x6218, 0x6218, 0x6218, 0x6218, 0x6218, 0x6218, 0x6210, 0x6218, 0xA320, 0xA218, 0x8210, 0xC320, 0x8218, 0x8218, 
  0x4110, 0x2008, 0x6110, 0xC320, 0xE428, 0x0429, 0xA318, 0xC320, 0x6218, 0x6210, 0x6210, 0x6218, 0xC320, 0x6218, 0x6218, 0x6218, 
  0x6218, 0x6218, 0x6218, 0x6218, 0x6218, 0x6218, 0x8210, 0x8218, 0x6210, 0x8218, 0x8218, 0x6210, 0x6210, 0x6210, 0x8210, 0x8210, 
  0x8318, 0xA318, 0xA318, 0xA318, 0xA318, 0xA318, 0xA318, 0xA318, 0xA318, 0xA310, 0xC318, 0xC318, 0xA318, 0xE418, 0x0842, 0x518C, 
  0xD7BD, 0x38C6, 0x38C6, 0x9AD6, 0x5DEF, 0x9EF7, 0xFBDE, 0x18C6, 0xBAD6, 0xD39C, 0x6210, 0xC318, 0xA318, 0xC318, 0xA318, 0xA318, 
  0xA318, 0xA318, 0xA318, 0xA318, 0xA318, 0xA318, 0xA318, 0xA318, 0xA318, 0xA318, 0xA318, 0xC318, 0xA318, 0xA318, 0xA318, 0xA318, 
  0xA318, 0xA318, 0xA318, 0xA318, 0xC318, 0xA318, 0xC318, 0xC318, 0xC318, 0xA318, 0xA318, 0xA318, 0xA318, 0xA318, 0xA318, 0xA318, 
  0xA318, 0xE420, 0x2529, 0x6631, 0x2521, 0xAB5A, 0x7294, 0x14A5, 0x55AD, 0x3CEF, 0xFFFF, 0x5CF6, 0x92DA, 0xEED0, 0x10E1, 0x10E9, 
  0xF0E8, 0xF0E8, 0xF0E8, 0xF0E8, 0xF0E8, 0xF0E8, 0xF0E8, 0xF0E8, 0xF0E8, 0xF0E8, 0xF0E8, 0xF0E8, 0xF0E8, 0xF0E8, 0xF0E8, 0x10E9, 
  0x10E9, 0xF0E8, 0xF0E8, 0xF0E8, 0xF0E8, 0xF0E8, 0xF0E8, 0xF0E8, 0xF0E8, 0xF0E8, 0xF0E8, 0xF0E8, 0xF0E8, 0xF0E8, 0xF0E8, 0xF0E8, 
  0xF0E8, 0xF0E8, 0xF0E8, 0xF0E8, 0xF0E8, 0xF0E8, 0xF0E8, 0xF0E8, 0xF0E8, 0xF0E8, 0xF0E8, 0xF0E8, 0xF0E8, 0xF0E8, 0xF0E8, 0xF0E8, 
  0xF0E8, 0xF0E8, 0xF0E8, 0xF0E8, 0xF0E8, 0xF0E8, 0xF0E8, 0xF0E0, 0x10E9, 0xF0E8, 0xF0E0, 0xF0E8, 0xF0E8, 0x10E1, 0xF0E8, 0xF0E8, 
  0x10E9, 0x0FD9, 0xAFC1, 0x2861, 0xA320, 0xC318, 0xA318, 0xA318, 0xA318, 0xA318, 0xA318, 0xA318, 0xC318, 0xC318, 0xA318, 0xA318, 
  0xA318, 0xA318, 0xC318, 0xA318, 0xA318, 0xA318, 0xA318, 0xA318, 0xC318, 0xA310, 0xE420, 0xC318, 0xA318, 0xC318, 0xC318, 0xA318, 
  0xA318, 0xA318, 0xA318, 0xA318, 0xC318, 0xC318, 0xA318, 0xA318, 0x8218, 0x8210, 0x6210, 0x6210, 0x6210, 0x6218, 0x6218, 0x6218, 
  0x6218, 0x6218, 0x6218, 0x6218, 0x6218, 0x6218, 0x6218, 0x6218, 0x6210, 0x6210, 0x6210, 0x6218, 0x6210, 0x4110, 0x4110, 0xA320, 
  0x6641, 0xCC72, 0x8641, 0x4110, 0x6210, 0x6110, 0x6110, 0x8218, 0x6218, 0x6218, 0x6218, 0x6210, 0x8218, 0x6218, 0x6218, 0x6218, 
  0x8210, 0x8210, 0x8210, 0x6210, 0x6218, 0x6218, 0x6218, 0x6218, 0x6218, 0x6218, 0x6218, 0x6210, 0x6210, 0x8210, 0xA318, 0xA318, 
  0xA318, 0xA318, 0xA318, 0xC318, 0xC318, 0xC318, 0xA318, 0xA318, 0xA318, 0x0521, 0xA318, 0xC318, 0xA310, 0xA739, 0x9294, 0xF39C, 
  0x55AD, 0xBAD6, 0xFBDE, 0xFBDE, 0x5DEF, 0xDFFF, 0x9EF7, 0xBFF7, 0xD7BD, 0xE418, 0xA310, 0xC318, 0xA318, 0xA318, 0xC318, 0xA318, 
  0xA318, 0xA318, 0xA318, 0xA318, 0xA318, 0xC318, 0xA318, 0xA318, 0xC318, 0xA318, 0xA318, 0xC318, 0xA318, 0xA318, 0xA318, 0xA318, 
  0xA318, 0xA318, 0xA318, 0xA318, 0xA318, 0xA318, 0xA318, 0xA318, 0xA318, 0xC318, 0xC318, 0xA318, 0xA318, 0xC318, 0xC318, 0xC418, 
  0xA318, 0x0421, 0xA318, 0x6629, 0x9294, 0x5184, 0x718C, 0x1084, 0x0C63, 0x55AD, 0xBADE, 0xFFFF, 0x3EFF, 0xF5E3, 0x2FD1, 0xEFE0, 
  0x10E9, 0xF0E0, 0xF0E8, 0xF0E8, 0xF0E8, 0xF0E8, 0x10E1, 0xF0E8, 0xF0E8, 0xF0E8, 0xF0E8, 0xF0E8, 0xF0E8, 0xF0E8, 0xF0E8, 0x10E9, 
  0x10E9, 0xF0E0, 0xF0E8, 0xF0E8, 0xF0E8, 0xF0E8, 0xF0E8, 0xF0E8, 0xF0E8, 0xF0E8, 0xF0E8, 0xF0E8, 0xF0E8, 0xF0E8, 0xF0E8, 0xF0E8, 
  0xF0E8, 0xF0E8, 0xF0E8, 0xF0E8, 0xF0E8, 0xF0E8, 0xF0E8, 0xF0E8, 0xF0E8, 0xF0E8, 0xF0E8, 0xF0E8, 0xF0E8, 0xF0E8, 0xF0E8, 0xF0E8, 
  0xF0E8, 0xF0E8, 0xF0E8, 0xF0E8, 0xF0E8, 0xF0E0, 0xF0E8, 0xF0E8, 0xF0E8, 0xF0E8, 0xF0E8, 0x10E9, 0x10E9, 0xF0E8, 0xEFE0, 0xEFD8, 
  0x0DC1, 0x6FB2, 0x4C72, 0xC420, 0xA318, 0xC318, 0xC318, 0xC318, 0xA318, 0xC318, 0xA318, 0xA318, 0xA318, 0xA318, 0xA318, 0xA318, 
  0xA318, 0xC318, 0xA318, 0xA318, 0xA318, 0xA318, 0xA318, 0xA318, 0xA318, 0xA318, 0xE420, 0xC318, 0xA318, 0xA318, 0xA318, 0xA318, 
  0xA318, 0xC318, 0xA318, 0xA318, 0xA318, 0xA318, 0xA318, 0xA318, 0xA318, 0xA318, 0xA318, 0x8218, 0x8210, 0x6210, 0x6210, 0x6210, 
  0x6210, 0x6210, 0x6210, 0x6210, 0x8218, 0x6218, 0x6218, 0x6218, 0x6218, 0x6218, 0x6218, 0x6210, 0x6218, 0x6218, 0x6110, 0xA320, 
  0x295A, 0xEC72, 0xC328, 0x4110, 0x8218, 0x6218, 0x6210, 0x6210, 0x6218, 0x6218, 0x6218, 0x6218, 0x6210, 0x6210, 0x6218, 0x6218, 
  0x6218, 0x6218, 0x6210, 0x6218, 0x6218, 0x6218, 0x6210, 0x6210, 0x6210, 0x6210, 0x8218, 0x8218, 0xA318, 0xA318, 0xA318, 0xC318, 
  0xC318, 0xA318, 0xA318, 0xA318, 0xA318, 0xC318, 0xC318, 0xA318, 0xC318, 0x6631, 0xA318, 0xA310, 0x2529, 0xAF73, 0xD39C, 0x35A5, 
  0x38C6, 0xBAD6, 0x3CE7, 0xDFFF, 0xDFFF, 0xDFFF, 0xDFFF, 0xDFFF, 0x494A, 0x4108, 0xC418, 0xC318, 0xA318, 0xC318, 0xC318, 0xC318, 
  0xA318, 0xC318, 0xA318, 0xC318, 0xA318, 0xA318, 0xA318, 0xA318, 0xA318, 0xA318, 0xA318, 0xA318, 0xA318, 0xA318, 0xA318, 0xA318, 
  0xA318, 0xA318, 0xA318, 0xC318, 0xA318, 0xC318, 0xA318, 0xA318, 0xA318, 0xE420, 0x0421, 0xE418, 0xE418, 0xC418, 0xC318, 0x2529, 
  0xA731, 0x0421, 0xE418, 0x6208, 0xCB5A, 0x14A5, 0xD39C, 0x3084, 0x0C63, 0x8E73, 0xD7BD, 0x1CE7, 0xBEF7, 0xBFFF, 0x59ED, 0x10D2, 
  0xCED8, 0xF0E8, 0x10E9, 0x10E1, 0xF0E0, 0xF0E8, 0x10E9, 0xF0E8, 0xF0E8, 0xF0E8, 0xF0E8, 0xF0E8, 0xF0E8, 0xF0E8, 0xF0E8, 0x10E9, 
  0x10E9, 0xF0E0, 0xF0E8, 0xF0E8, 0xF0E8, 0xF0E8, 0xF0E8, 0xF0E8, 0xF0E8, 0xF0E8, 0xF0E8, 0xF0E8, 0xF0E8, 0xF0E8, 0xF0E8, 0xF0E8, 
  0xF0E8, 0xF0E8, 0xF0E8, 0xF0E8, 0xF0E8, 0xF0E8, 0xF0E8, 0xF0E8, 0xF0E8, 0xF0E8, 0xF0E8, 0xF0E8, 0xF0E8, 0xF0E8, 0xF0E8, 0xF0E8, 
  0xF0E8, 0xF0E8, 0xF0E0, 0xF0E0, 0xF0E0, 0x10E9, 0xF0E8, 0xF0E8, 0xF0E0, 0x10E1, 0xF0E8, 0x10E9, 0xCFE0, 0xEED8, 0xAFC9, 0x53CB, 
  0xF2AB, 0xAB62, 0xE320, 0x8318, 0xA318, 0xA318, 0xC318, 0xA318, 0xA318, 0xA318, 0xA318, 0xA318, 0xC318, 0xA318, 0xA318, 0xA318, 
  0xC318, 0xC318, 0xC318, 0xA318, 0xA318, 0xA318, 0xA318, 0xA318, 0xA318, 0xA318, 0xA318, 0xA318, 0xA318, 0xC318, 0xA318, 0xA318, 
  0xA318, 0xA318, 0xA318, 0xA318, 0xA318, 0xA318, 0xA318, 0xA318, 0xA318, 0xA318, 0xA318, 0xA318, 0xA318, 0xA318, 0xA318, 0x8318, 
  0x8218, 0x8210, 0x6210, 0x6210, 0x8210, 0x8210, 0x6210, 0x6210, 0x6210, 0x6218, 0x6218, 0x6210, 0x6218, 0x6218, 0x6210, 0x6110, 
  0x2010, 0x0008, 0x8218, 0xA320, 0x4110, 0x6210, 0x6218, 0x6218, 0x6218, 0x6218, 0x6218, 0x6218, 0x6218, 0x6218, 0x6218, 0x6218, 
  0x6218, 0x6218, 0x6218, 0x6218, 0x6210, 0x6210, 0x8210, 0x8210, 0xA318, 0xA318, 0xA318, 0xA318, 0xA318, 0xA318, 0xA318, 0xA318, 
  0xA318, 0xA318, 0xA318, 0xC318, 0xA318, 0xA318, 0xA318, 0xA318, 0xA318, 0xA310, 0xA318, 0xE420, 0x4D6B, 0x518C, 0x55AD, 0x9AD6, 
  0xFBDE, 0x5DEF, 0x7DEF, 0xFFFF, 0xFFFF, 0xFFFF, 0xFFFF, 0xCF7B, 0x4108, 0xE418, 0xA310, 0x8210, 0xA318, 0xA318, 0xC318, 0xA318, 
  0xC318, 0xA318, 0xA318, 0xC318, 0xC318, 0xA318, 0xA318, 0xA318, 0xC318, 0xA318, 0xC318, 0xC318, 0xA318, 0xA318, 0xC318, 0xA318, 
  0xA318, 0xC318, 0xA318, 0xA318, 0xA318, 0xA318, 0xC318, 0xC318, 0xA318, 0xC318, 0xE420, 0xC318, 0xE418, 0xE420, 0xE420, 0x2529, 
  0xA739, 0x2529, 0x2521, 0x294A, 0xCB5A, 0x8E73, 0x4D6B, 0x6D6B, 0xEC5A, 0x6E6B, 0xAB52, 0xF39C, 0x39CE, 0x1BDF, 0xFFFF, 0xDDFE, 
  0x94DB, 0x4FD1, 0xCFD8, 0x10E1, 0x10E9, 0xF0E8, 0xF0E8, 0xF0E8, 0xEFE8, 0xF0E8, 0xF0E8, 0xF0E8, 0xF0E8, 0xF0E8, 0xF0E8, 0x10E9, 
  0x10E9, 0xF0E0, 0xF0E8, 0xF0E8, 0xF0E8, 0xF0E8, 0xF0E8, 0xF0E8, 0xF0E8, 0xF0E8, 0xF0E8, 0xF0E8, 0xF0E8, 0xF0E8, 0xF0E8, 0xF0E8, 
  0xF0E8, 0xF0E8, 0xF0E8, 0xF0E8, 0xF0E8, 0xF0E8, 0xF0E8, 0xF0E8, 0xF0E8, 0xF0E8, 0xF0E8, 0xF0E8, 0xF0E8, 0xF0E8, 0xF0E8, 0xF0E8, 
  0xF0E8, 0xF0E8, 0xF0E8, 0xF0E8, 0xF0E8, 0xF0E8, 0x10E9, 0x0FE9, 0x10E9, 0xF0E0, 0xCFE0, 0x0ED1, 0x31D2, 0xF5DB, 0x74B4, 0xD4A4, 
  0xAB5A, 0x0421, 0x8210, 0xC318, 0xC318, 0xC318, 0xC318, 0xC318, 0xA318, 0xA318, 0xA318, 0xA318, 0xA318, 0xC318, 0xA318, 0xA318, 
  0xC318, 0xC318, 0xC318, 0xA318, 0xA318, 0xA318, 0xA318, 0xA318, 0xA318, 0xA318, 0xC318, 0xC318, 0xA318, 0xA318, 0xA318, 0xC318, 
  0xA318, 0xC318, 0xA318, 0xA318, 0xC318, 0xC318, 0xC318, 0xC318, 0xA318, 0xA318, 0xA318, 0xA318, 0xC318, 0xA318, 0xA318, 0xA318, 
  0xA318, 0xA318, 0xA318, 0xA318, 0xA318, 0x8210, 0x8210, 0x8210, 0x8210, 0x6210, 0x6210, 0x6210, 0x6210, 0x6210, 0x6210, 0x6210, 
  0x6218, 0x8218, 0x8210, 0x6210, 0x6218, 0x6210, 0x6218, 0x6218, 0x6218, 0x6218, 0x6210, 0x6210, 0x6210, 0x6210, 0x6210, 0x6210, 
  0x6210, 0x6210, 0x6210, 0x8210, 0x8218, 0xA318, 0xA318, 0xC318, 0xC318, 0xA318, 0xA318, 0xA318, 0xC318, 0xA318, 0xC318, 0xA318, 
  0xC318, 0xA318, 0xA318, 0xA318, 0xC318, 0xA318, 0xC318, 0xC318, 0xC318, 0xC318, 0x8210, 0xA631, 0x3184, 0x96B5, 0x3CE7, 0x9AD6, 
  0x1CE7, 0xBEF7, 0xDFFF, 0xDFFF, 0xBEF7, 0xFFFF, 0x1084, 0x6208, 0xC318, 0xC318, 0xE418, 0x2942, 0x2529, 0xA210, 0x8210, 0xC318, 
  0xE418, 0xA318, 0xA318, 0xA318, 0xA318, 0xA318, 0xC318, 0xC318, 0xA318, 0xC318, 0xC318, 0xC318, 0xA318, 0xA318, 0xA318, 0xA318, 
  0xA318, 0xC318, 0xA318, 0xA318, 0xC318, 0xA318, 0xC318, 0xC318, 0xC318, 0xA318, 0xA318, 0xE420, 0xA310, 0xE418, 0x0521, 0x0421, 
  0x0421, 0xC318, 0x8A52, 0x14A5, 0x34A5, 0xAB5A, 0x8631, 0x6A52, 0x8E73, 0x8E6B, 0x3084, 0x1084, 0x55A5, 0x75AD, 0xB6BD, 0x9DF7, 
  0xDFFF, 0x9AED, 0x72DA, 0xEED8, 0xEFE8, 0xF0E8, 0xF0E8, 0x10E1, 0x10E9, 0xF0E8, 0xF0E8, 0x10E9, 0xF0E8, 0xF0E8, 0xF0E8, 0x10E9, 
  0x10E9, 0xF0E8, 0xF0E8, 0xF0E8, 0xF0E8, 0xF0E8, 0xF0E8, 0xF0E8, 0xF0E8, 0xF0E8, 0xF0E8, 0xF0E8, 0xF0E8, 0xF0E8, 0xF0E8, 0xF0E8, 
  0xF0E8, 0xF0E8, 0xF0E8, 0xF0E8, 0xF0E8, 0xF0E8, 0xF0E8, 0xF0E8, 0xF0E8, 0xF0E8, 0xF0E8, 0xF0E8, 0xF0E8, 0xF0E8, 0xF0E8, 0xF0E8, 
  0xF0E8, 0xF0E8, 0xF0E8, 0xF0E8, 0xF0E8, 0xF0E8, 0x10E9, 0xF0E8, 0xCEE0, 0x0ED1, 0xD2DA, 0xF8EC, 0x1AE6, 0x729C, 0x494A, 0xE418, 
  0x8210, 0xA318, 0xC318, 0xA318, 0xC318, 0xC318, 0xA318, 0xA318, 0xA318, 0xA318, 0xA318, 0xA318, 0xC318, 0xC318, 0xA318, 0xC318, 
  0xA318, 0xA318, 0xA318, 0xA318, 0xC318, 0xA318, 0xA318, 0xA318, 0xA318, 0xA318, 0xA318, 0xA318, 0xA318, 0xA318, 0xA318, 0xA318, 
  0xA318, 0xC318, 0xA318, 0xC318, 0xA318, 0xA318, 0xA318, 0xA318, 0xA318, 0xA318, 0xA318, 0xA318, 0xA318, 0xA318, 0x0421, 0xC318, 
  0xA318, 0xA318, 0xA318, 0xA318, 0xA318, 0xC318, 0xA318, 0xA318, 0xA318, 0xA318, 0xA318, 0xA318, 0x8218, 0xA218, 0x8218, 0x8210, 
  0x8218, 0x8218, 0x6218, 0x8218, 0x8210, 0x8210, 0x8210, 0x8210, 0x8210, 0x8218, 0x8210, 0x8218, 0x8210, 0x8218, 0x8218, 0xA218, 
  0xA318, 0xA318, 0xA318, 0xC318, 0xC318, 0xA318, 0xA318, 0xA318, 0xC318, 0xC318, 0xA318, 0xA318, 0xA318, 0xA318, 0xA318, 0xC318, 
  0xA318, 0xA318, 0xA318, 0xA318, 0xA318, 0xC318, 0xC318, 0xA318, 0xA318, 0x8210, 0xC739, 0xF083, 0x1084, 0x75AD, 0xBEF7, 0x7DEF, 
  0x7DEF, 0xDFFF, 0xDFFF, 0xFFFF, 0xDFFF, 0xCB5A, 0x6208, 0xC318, 0xC318, 0xA318, 0x6631, 0xD39C, 0xD39C, 0x35A5, 0x494A, 0x8210, 
  0xC318, 0xA318, 0xA318, 0xA318, 0xA318, 0xA318, 0xA318, 0xA318, 0xA318, 0xA318, 0xA318, 0xA310, 0xC418, 0xE418, 0xA318, 0xC318, 
  0xA318, 0xA318, 0xA318, 0xC318, 0xC318, 0xC318, 0xA318, 0xA318, 0x2521, 0xC318, 0xC318, 0xC318, 0xC318, 0x0521, 0xE420, 0xC318, 
  0xC318, 0x2842, 0x9294, 0x76AD, 0x9AD6, 0x35A5, 0x2D6B, 0x6E6B, 0x1084, 0x2C63, 0xEB62, 0x3084, 0x1084, 0x8A52, 0x9294, 0x96B5, 
  0x79D6, 0xDFF7, 0xDDF6, 0x77E4, 0xF0D1, 0xEED8, 0xCFE0, 0x10E9, 0x10E9, 0xF0E8, 0xF0E8, 0xF0E8, 0xF0E8, 0xF0E8, 0xF0E8, 0x10E9, 
  0x10E9, 0xF0E8, 0xF0E8, 0xF0E8, 0xF0E8, 0xF0E8, 0xF0E8, 0xF0E8, 0xF0E8, 0xF0E8, 0xF0E8, 0xF0E8, 0xF0E8, 0xF0E8, 0xF0E8, 0xF0E8, 
  0xF0E8, 0xF0E8, 0xF0E8, 0xF0E8, 0xF0E8, 0xF0E8, 0xF0E0, 0xF0E8, 0xF0E8, 0xF0E8, 0xF0E8, 0xF0E8, 0xF0E8, 0xF0E8, 0xF0E8, 0xF0E8, 
  0xF0E8, 0xF0E8, 0xF0E8, 0x10E9, 0x10E9, 0xEFE0, 0xCED8, 0x4FD1, 0x33DB, 0xDBFD, 0xFDEE, 0x518C, 0x0C5B, 0x4529, 0x2529, 0xA318, 
  0xC318, 0xA318, 0xA318, 0xA318, 0xA318, 0xA318, 0xC318, 0xC318, 0xA318, 0xA318, 0xA318, 0xA318, 0xA318, 0xA318, 0xA318, 0xC318, 
  0xA318, 0xA318, 0xA318, 0xA318, 0xC318, 0xA318, 0xA318, 0xA318, 0xA318, 0xA318, 0xA318, 0xA318, 0xA318, 0xA318, 0xA318, 0xA318, 
  0xA318, 0xA318, 0xA318, 0xC318, 0xA318, 0xA318, 0xA318, 0xA318, 0xA318, 0xA318, 0xA318, 0xA318, 0xA318, 0xA318, 0x0421, 0xC318, 
  0xC318, 0xA318, 0xC318, 0xA318, 0xA318, 0xA318, 0xA318, 0xA318, 0xA318, 0xA318, 0xA318, 0xA318, 0xA318, 0xC318, 0xA318, 0xA318, 
  0xA318, 0xA318, 0xA318, 0xA318, 0xA318, 0xA318, 0xA318, 0xA318, 0xA318, 0xA318, 0xA318, 0xC318, 0xC318, 0xC318, 0xA318, 0xC318, 
  0xA318, 0xA318, 0xC318, 0xA318, 0xC318, 0xA318, 0xA318, 0xA318, 0xA318, 0xA318, 0xA318, 0xA318, 0xA318, 0xA318, 0xA318, 0xA318, 
  0xA318, 0xA318, 0xA318, 0xA318, 0xC318, 0xA318, 0xA310, 0xC318, 0xE418, 0x0421, 0x318C, 0xF7BD, 0xFBDE, 0x1CE7, 0x7DEF, 0xBEF7, 
  0xBEF7, 0xDFFF, 0xDFFF, 0xBEF7, 0xAF7B, 0x4108, 0xC318, 0x8310, 0x6631, 0x2529, 0x6629, 0xEF7B, 0x79CE, 0xBEF7, 0xAF7B, 0x6210, 
  0xC318, 0xA318, 0xA318, 0xA318, 0xC318, 0xA318, 0xA318, 0xC318, 0xA318, 0xA318, 0xA318, 0xA318, 0xE420, 0xC318, 0xA318, 0xA318, 
  0xA318, 0xC318, 0xA318, 0xA310, 0xC318, 0xA318, 0x2521, 0x2521, 0xC318, 0xC318, 0xE418, 0xA318, 0xC318, 0xC418, 0xE418, 0xE318, 
  0x4529, 0x3184, 0x79CE, 0x9AD6, 0xFBDE, 0xDBDE, 0x76AD, 0xD39C, 0x1084, 0x4D6B, 0x1084, 0x1084, 0x1084, 0x34A5, 0x518C, 0xEC5A, 
  0xB294, 0xFBDE, 0x1BDF, 0xFFFF, 0xDDFE, 0x56E4, 0x10DA, 0xEED8, 0xAEE0, 0xCFE8, 0xF0E8, 0x10E9, 0xF0E8, 0xF0E8, 0xF0E8, 0x10E9, 
  0x10E9, 0xF0E8, 0xF0E8, 0xF0E8, 0xF0E8, 0xF0E8, 0xF0E8, 0xF0E8, 0xF0E8, 0xF0E8, 0xF0E8, 0xF0E8, 0xF0E8, 0xF0E8, 0xF0E8, 0xF0E8, 
  0xF0E8, 0xF0E8, 0xF0E8, 0xF0E8, 0x10E9, 0xF0E0, 0xF0E8, 0xF0E8, 0x10E9, 0xF0E8, 0xF0E8, 0xF0E8, 0xF0E8, 0xF0E8, 0xF0E8, 0xF0E8, 
  0xF0E8, 0x10E9, 0x10E9, 0xCFE0, 0xCED0, 0x90D1, 0x94E3, 0x3CFE, 0x9FFF, 0x18C6, 0xAB5A, 0x6629, 0x6629, 0x0421, 0xA318, 0xA318, 
  0xA318, 0xA318, 0xC318, 0xC318, 0xA318, 0xA318, 0xA318, 0xC318, 0xA318, 0xA318, 0xA318, 0xA318, 0xA318, 0xA318, 0xA318, 0xA318, 
  0xC318, 0xA318, 0xA318, 0xA318, 0xC318, 0xC318, 0xA318, 0xA318, 0xA318, 0xA318, 0xC318, 0xC318, 0xC318, 0xA318, 0xA318, 0xC318, 
  0xA318, 0xA318, 0xA318, 0xA318, 0xC318, 0xC318, 0xA318, 0xA318, 0xA318, 0xC318, 0xC318, 0xA318, 0xA318, 0xA318, 0xA310, 0xC318, 
  0xA318, 0xA318, 0xA318, 0xC318, 0xA318, 0xA318, 0xC318, 0xA318, 0xA318, 0xA318, 0xA318, 0xA318, 0xA318, 0xC318, 0xA318, 0xA318, 
  0xA318, 0xC318, 0xA318, 0xA318, 0xA318, 0xA318, 0xA318, 0xC318, 0xA318, 0xA318, 0xA318, 0xA318, 0xA318, 0xC318, 0xA318, 0xA318, 
  0xC318, 0xA318, 0xA318, 0xA318, 0xA318, 0xA318, 0xA318, 0xA318, 0xA318, 0xC318, 0xA318, 0xA318, 0xA318, 0xA318, 0xA318, 0xA318, 
  0xA318, 0xA318, 0xA318, 0xC318, 0xC318, 0xC318, 0xC318, 0x0C63, 0x0C63, 0x9294, 0x76AD, 0x1CE7, 0xDEFF, 0x9EF7, 0xFFFF, 0xFFFF, 
  0xFFFF, 0xDFFF, 0xFFFF, 0xB294, 0x6208, 0xC418, 0x0421, 0xC318, 0x6629, 0x8A52, 0x0421, 0xD39C, 0x5DEF, 0xF39C, 0xC318, 0xA310, 
  0xC318, 0xA318, 0xA318, 0xC318, 0xC318, 0xA318, 0xA318, 0xA318, 0xA318, 0xA318, 0xA318, 0xC318, 0xC318, 0xC318, 0xA318, 0xC318, 
  0xC418, 0xA310, 0x0421, 0x4529, 0xA318, 0x8210, 0xC318, 0xC418, 0xC318, 0xA318, 0xA318, 0xA318, 0xA318, 0x0421, 0x2529, 0x4529, 
  0xD39C, 0x55AD, 0xDBDE, 0xF7BD, 0x718C, 0xD39C, 0x75AD, 0x39CE, 0x718C, 0x0C63, 0x2D63, 0xEF7B, 0x318C, 0x0C63, 0x8E73, 0xEB5A, 
  0x2D63, 0x9294, 0x38CE, 0x5CEF, 0xFFFF, 0xFFFF, 0xFEFE, 0xD8EC, 0xD2DA, 0x8FD9, 0xEFD8, 0xF0E8, 0x10E9, 0xF0E8, 0xF0E0, 0x10E9, 
  0x10E9, 0xEFE8, 0xF0E8, 0xF0E8, 0xF0E8, 0xF0E8, 0xF0E8, 0xF0E8, 0xF0E8, 0xF0E8, 0xF0E8, 0xF0E8, 0xF0E8, 0xF0E8, 0xF0E8, 0xF0E8, 
  0xF0E8, 0xF0E8, 0xF0E0, 0xF0E8, 0xF0E8, 0xF0E0, 0xF0E8, 0xF0E8, 0xF0E8, 0xF0E8, 0xF0E8, 0x10E1, 0xF0E8, 0xF0E8, 0xF0E8, 0x10E9, 
  0xEFE8, 0xCFE0, 0xEED0, 0x11DA, 0x77EC, 0x9DFE, 0xFFFF, 0xFBDE, 0x6E73, 0xE420, 0xA310, 0xC418, 0xA318, 0x0421, 0xA318, 0xA318, 
  0xA318, 0xA318, 0xC318, 0xA318, 0x0421, 0xC318, 0xA318, 0xA318, 0xA318, 0xA318, 0xA318, 0xA318, 0xA318, 0xA318, 0xA318, 0xC318, 
  0xC318, 0xA318, 0xC318, 0xA318, 0xC318, 0xA318, 0xC318, 0xA318, 0xA318, 0xA318, 0xA318, 0xA318, 0xA318, 0xA318, 0xA318, 0xA318, 
  0xA318, 0xA318, 0xA318, 0xC318, 0xA318, 0xA318, 0xA318, 0xA318, 0xA318, 0xA318, 0xC318, 0xA318, 0xA318, 0xC318, 0xA318, 0xA318, 
  0xC318, 0xC318, 0xC318, 0xC318, 0xA318, 0xA318, 0xC318, 0xA318, 0xC318, 0xA318, 0xA318, 0xA318, 0xA318, 0xA318, 0xA318, 0xA318, 
  0xA318, 0xC318, 0xA318, 0xC318, 0xA318, 0xA318, 0xA318, 0xA318, 0xA318, 0xA318, 0xA318, 0xA318, 0xA318, 0xA318, 0xA318, 0xA318, 
  0xA318, 0xA318, 0xA318, 0xA318, 0xA318, 0xC318, 0xA318, 0xA318, 0xA318, 0xC318, 0xC318, 0xA318, 0xA318, 0xC318, 0xC318, 0xA318, 
  0xA318, 0xC318, 0xC318, 0xA318, 0x8210, 0xE420, 0xEB5A, 0xD7BD, 0x38C6, 0xD7BD, 0xFBDE, 0xFBDE, 0xDFFF, 0xBEF7, 0xFFFF, 0xDFFF, 
  0xDFFF, 0xFFFF, 0x59CE, 0xC739, 0x2529, 0xC318, 0x6629, 0x6A52, 0xEC62, 0xE841, 0xF083, 0x3DE7, 0xCF7B, 0x8210, 0xA318, 0xA318, 
  0xA318, 0xA318, 0xA318, 0xA318, 0xA318, 0xA318, 0xA318, 0xC318, 0xA318, 0xA318, 0xC318, 0xE420, 0xA318, 0xA318, 0xC318, 0xC318, 
  0xE418, 0xE420, 0x0421, 0xC839, 0xCB5A, 0x8631, 0xC318, 0xC318, 0xA318, 0xA318, 0xA318, 0xC318, 0xA310, 0xC418, 0xE839, 0x2C63, 
  0x35AD, 0x55AD, 0x3084, 0x1084, 0xF49C, 0xB294, 0x728C, 0x76AD, 0x7294, 0x2D6B, 0x8A52, 0xCB5A, 0x1084, 0x9294, 0xF083, 0x8A52, 
  0x8E73, 0xAB5A, 0xF39C, 0xBEF7, 0xDFFF, 0xDFFF, 0xFFFF, 0xFFFF, 0x9FFF, 0x7CF6, 0xF5DB, 0x6FD1, 0xCEE0, 0xF0E8, 0x10E9, 0x10E9, 
  0x10E9, 0xF0E8, 0xF0E8, 0xF0E8, 0xF0E0, 0xF0E8, 0xF0E8, 0xF0E8, 0xF0E8, 0xF0E8, 0xF0E8, 0xF0E8, 0xF0E8, 0xF0E8, 0xF0E8, 0xF0E8, 
  0xF0E8, 0xF0E8, 0xF0E8, 0xF0E8, 0xF0E8, 0xF0E8, 0xF0E8, 0xEFE8, 0xEFE8, 0xF0E8, 0xF0E8, 0x10E9, 0x10E9, 0xF0E8, 0xCFE0, 0xCFD8, 
  0x90D1, 0x14DB, 0x5AF5, 0x5FFF, 0xBBDE, 0x9AD6, 0x34AD, 0x8631, 0x6210, 0xA318, 0xC318, 0xA318, 0xA318, 0xA318, 0xC318, 0xA318, 
  0xA318, 0xC318, 0xC318, 0xA310, 0xC839, 0xC318, 0xA318, 0xA318, 0xA318, 0xA318, 0xA318, 0xA318, 0xC318, 0xA318, 0xC318, 0xA318, 
  0xC318, 0xC318, 0xA318, 0xA318, 0xA318, 0xA318, 0xC318, 0xE418, 0xA318, 0xC318, 0xA318, 0xA318, 0xA318, 0xC318, 0xC318, 0xA318, 
  0xA318, 0xA318, 0xC318, 0xA318, 0xA318, 0xA318, 0xA318, 0xA318, 0xA318, 0xA318, 0xA318, 0xA318, 0xA318, 0xC318, 0xA318, 0xA318, 
  0xA318, 0xA318, 0xA318, 0xA318, 0xC318, 0xA318, 0xA318, 0xA318, 0xA318, 0xA318, 0xA318, 0xA318, 0xC318, 0xA318, 0xA318, 0xA318, 
  0xA318, 0xA318, 0xA318, 0xC318, 0xA318, 0xA318, 0xC318, 0xA318, 0xA318, 0xA318, 0xC318, 0xC318, 0xA318, 0xA318, 0xA318, 0xA318, 
  0xC318, 0xA318, 0xA318, 0xA318, 0xA318, 0xC318, 0xA318, 0xA318, 0xA318, 0xA318, 0xA318, 0xA318, 0xA318, 0xA318, 0xA318, 0xA318, 
  0xA318, 0xC318, 0xA318, 0xC318, 0x4529, 0xEC62, 0xCF7B, 0x9294, 0x1CE7, 0xBAD6, 0xBEF7, 0xFFFF, 0xFFFF, 0xDFFF, 0xFFFF, 0xBEF7, 
  0xFFFF, 0x9AD6, 0x0C63, 0x6631, 0xE420, 0x8210, 0x6629, 0xCF7B, 0x6E73, 0x0421, 0x3184, 0xF07B, 0x8210, 0xA318, 0xC318, 0xA318, 
  0xA318, 0xA318, 0xC318, 0xA318, 0xC318, 0xA318, 0xA318, 0xC318, 0xA318, 0xC318, 0xA318, 0xA318, 0xA318, 0xC418, 0xA310, 0xC318, 
  0x2521, 0xE418, 0x4529, 0xC318, 0xEC62, 0x2D6B, 0xA731, 0x4529, 0xE418, 0xC318, 0xE418, 0xC318, 0xC318, 0x4629, 0x4529, 0xC739, 
  0x8A52, 0x694A, 0x0C63, 0x6E6B, 0xF07B, 0x14A5, 0xAE73, 0x9294, 0xB7B5, 0x38C6, 0xD39C, 0xCB5A, 0xCB5A, 0x0842, 0xEC62, 0x6A4A, 
  0xC739, 0xA631, 0x718C, 0x1CE7, 0xDFFF, 0xBEF7, 0x1CE7, 0x7DEF, 0xFFFF, 0xFFFF, 0xFFFF, 0x1BF6, 0x13DB, 0x2ED1, 0xEFE0, 0x10E9, 
  0x10E9, 0xF0E8, 0xF0E8, 0xF0E8, 0xF0E0, 0xF0E8, 0xF0E8, 0xF0E8, 0xF0E8, 0xF0E8, 0xF0E8, 0xF0E8, 0xF0E8, 0xF0E8, 0xF0E8, 0xF0E8, 
  0xF0E8, 0xF0E8, 0xF0E8, 0xF0E0, 0x10E9, 0xF0E8, 0xF0E8, 0xEFE8, 0xF0E8, 0x10E9, 0xF0E8, 0xCFE0, 0xCED8, 0x4FD9, 0xB2DA, 0x98E4, 
  0x7DFE, 0x7FFF, 0xDBDE, 0x13A5, 0xCE7B, 0xCE7B, 0x0842, 0xA318, 0xC318, 0xC318, 0xA318, 0xC318, 0xA318, 0xA318, 0xA318, 0xA318, 
  0xA318, 0xA318, 0xA318, 0xA318, 0x8310, 0xA318, 0xC318, 0xA318, 0xC318, 0xA318, 0xA318, 0xA318, 0xC318, 0xA318, 0xA318, 0xA318, 
  0xC318, 0xC318, 0xA318, 0xA318, 0xA318, 0xA318, 0xC318, 0xC318, 0xC318, 0xA318, 0xA318, 0xA318, 0xA318, 0xC318, 0xA318, 0xA318, 
  0xA318, 0xA318, 0xA318, 0xA318, 0xA318, 0xA318, 0xA318, 0xA318, 0xA318, 0xA318, 0xC318, 0xC318, 0xC318, 0xC318, 0xC318, 0xA318, 
  0xA318, 0xA318, 0xA318, 0xA318, 0xA318, 0xA318, 0xA318, 0xA318, 0xA318, 0xA318, 0xA318, 0xA318, 0xC318, 0xA318, 0xA318, 0xC318, 
  0xA318, 0xA318, 0xC318, 0xA318, 0xC318, 0xA318, 0xA318, 0xA318, 0xC318, 0xA318, 0xC318, 0xA318, 0xA318, 0xC318, 0xA318, 0xA318, 
  0xA318, 0xC318, 0xC318, 0xA318, 0xA318, 0xC318, 0xC318, 0xC318, 0xC318, 0xA318, 0xA318, 0xA318, 0xA318, 0xA318, 0xA318, 0xA318, 
  0xA318, 0x8310, 0xE418, 0x8631, 0xAF7B, 0xF49C, 0x9294, 0xF39C, 0xFBDE, 0x7DEF, 0xBEF7, 0xBEF7, 0xDFFF, 0xDFFF, 0xDFFF, 0xFFFF, 
  0x96B5, 0x494A, 0x8B52, 0x0421, 0xC318, 0x8310, 0x6E6B, 0xD39C, 0xAB5A, 0xE420, 0xE839, 0xA310, 0xA318, 0xC318, 0xA318, 0xC318, 
  0xA318, 0xC318, 0xC318, 0xC318, 0xA318, 0xA318, 0xC318, 0xC318, 0xC318, 0xA310, 0x2529, 0x6631, 0xC318, 0x4629, 0x0421, 0x0421, 
  0xE420, 0x6210, 0x294A, 0x6A4A, 0xE841, 0xA731, 0x6629, 0x494A, 0x2529, 0x4529, 0xCB5A, 0x6A4A, 0x494A, 0xAB52, 0xE839, 0xA739, 
  0x494A, 0xCB5A, 0x35AD, 0x494A, 0xAA52, 0x55AD, 0xD39C, 0xF7BD, 0xDBDE, 0x9EF7, 0x79CE, 0x55AD, 0x318C, 0x0C63, 0x8A52, 0x4D6B, 
  0xAB5A, 0xAE73, 0x14A5, 0xFBDE, 0xBEF7, 0xDBDE, 0x9AD6, 0x1CE7, 0x9EF7, 0x9EF7, 0xFFFF, 0xFFFF, 0xBFFF, 0x79ED, 0x71D2, 0x2ED1, 
  0x10E9, 0xEFE8, 0xF0E8, 0xF0E8, 0xF0E0, 0xF0E8, 0xF0E8, 0xF0E8, 0xF0E8, 0xF0E8, 0xF0E8, 0xF0E8, 0xF0E8, 0xF0E8, 0xF0E8, 0xF0E8, 
  0xF0E8, 0xF0E8, 0xF0E8, 0xF0E8, 0xF0E8, 0xF0E8, 0xF0E8, 0xF0E8, 0xCFE0, 0xCFD8, 0x2FD1, 0x52DA, 0x16E4, 0x1BF6, 0x9FFF, 0xFFFF, 
  0x9EEF, 0x34A5, 0x2C6B, 0x2421, 0x494A, 0x294A, 0xA310, 0xC318, 0xA318, 0xC318, 0xC318, 0xC318, 0xA318, 0xA318, 0xA318, 0xA318, 
  0xA318, 0xA318, 0xA318, 0xA318, 0xC318, 0xC318, 0xC318, 0xC318, 0xA318, 0xA318, 0xA318, 0xA318, 0xC318, 0xA318, 0xA318, 0xA318, 
  0xC318, 0xA318, 0xA318, 0xA318, 0xA318, 0xC318, 0xA318, 0xA318, 0xA318, 0xA318, 0xA318, 0xA318, 0xC318, 0xA318, 0xC318, 0xA318, 
  0xA318, 0xA318, 0xA318, 0xA318, 0xA318, 0xC318, 0xA318, 0xA318, 0xA318, 0xA318, 0xC318, 0xC318, 0xC318, 0xA318, 0xA318, 0xA318, 
  0xA318, 0xA318, 0xA318, 0xC318, 0xA318, 0xC318, 0xC318, 0xA318, 0xA318, 0xC318, 0xC318, 0xA318, 0xA318, 0xC318, 0xA318, 0xC318, 
  0xC318, 0xA318, 0xA318, 0xA318, 0xA318, 0xA318, 0xA318, 0xA318, 0xC318, 0xC318, 0xA318, 0xA318, 0xA318, 0xA318, 0xC318, 0xC318, 
  0xC318, 0xA318, 0xA318, 0xA318, 0xC318, 0xA318, 0xA310, 0xC318, 0xA318, 0xA318, 0xA318, 0xC318, 0xA318, 0xC318, 0xC318, 0xC318, 
  0x0421, 0x8631, 0xCB5A, 0x8A52, 0x55AD, 0x1CE7, 0x18C6, 0x3CE7, 0x5DEF, 0xDFFF, 0xFFFF, 0xFFFF, 0xFFFF, 0xDFFF, 0xFFFF, 0x76AD, 
  0xA210, 0xE318, 0xE420, 0xC418, 0x6208, 0x494A, 0xF7BD, 0x728C, 0xC739, 0xE420, 0xA318, 0xA318, 0xC318, 0xC318, 0xA318, 0xA318, 
  0xC318, 0xC418, 0xA318, 0xA318, 0xA318, 0xA318, 0xC318, 0xA318, 0xC318, 0xC318, 0x4529, 0x4529, 0xE420, 0x6631, 0x8631, 0xE420, 
  0x2521, 0x0421, 0xE841, 0x6629, 0x0521, 0x2421, 0x8631, 0x694A, 0xE841, 0x0421, 0x6A52, 0x0C63, 0xEC62, 0x6E6B, 0xF083, 0xEC5A, 
  0x6A4A, 0xCB5A, 0x6D6B, 0xCF7B, 0x2C63, 0x518C, 0x2D63, 0x35A5, 0xF7BD, 0xB394, 0xF7BD, 0x39C6, 0x75AD, 0x35A5, 0x3184, 0xF4A4, 
  0xB6B5, 0xDBDE, 0xF7BD, 0xDBDE, 0x3CE7, 0x38C6, 0x7DEF, 0x5DEF, 0x5DE7, 0x7DEF, 0xDFFF, 0xDFFF, 0xFFFF, 0xFFFF, 0x3EFF, 0xD7E4, 
  0x10E9, 0xEFE8, 0xF0E8, 0xF0E8, 0xF0E8, 0xF0E8, 0xF0E8, 0xF0E8, 0xF0E8, 0xF0E8, 0xF0E8, 0xF0E8, 0xF0E8, 0xF0E8, 0xF0E8, 0xF0E8, 
  0xF0E8, 0xF0E8, 0x10E9, 0x10E9, 0x10E9, 0xEFE0, 0xAEE0, 0x0ED9, 0x10D2, 0xB5E3, 0x9BF5, 0x5FFF, 0xFFFF, 0xFFFF, 0xFBDE, 0x55AD, 
  0x0C63, 0xA739, 0x8631, 0x8631, 0x4629, 0x2529, 0xA310, 0xA318, 0xA318, 0xA318, 0xA318, 0xC318, 0xA318, 0xA318, 0xA318, 0xA318, 
  0xA318, 0xA318, 0xA318, 0xA318, 0xC318, 0xC318, 0xC318, 0xC318, 0xA318, 0xC318, 0xA318, 0xA318, 0xC318, 0xC318, 0xA318, 0xC318, 
  0xC318, 0xC318, 0xA318, 0xA318, 0xC318, 0xA318, 0xA318, 0xA318, 0xA318, 0xA318, 0xA318, 0xA318, 0xA318, 0xA318, 0xA318, 0xA318, 
  0xA318, 0xA318, 0xA318, 0xA318, 0xC318, 0xC318, 0xA318, 0xA318, 0xA318, 0xA318, 0xA318, 0xC318, 0xA318, 0xC318, 0xA318, 0xA318, 
  0xA318, 0xA318, 0xA318, 0xA318, 0xA318, 0xC318, 0xA318, 0xA318, 0xA318, 0xA318, 0xC318, 0xA318, 0xA318, 0xA318, 0xA318, 0xA318, 
  0xA318, 0xC318, 0xC318, 0xA318, 0xA318, 0xA318, 0xA318, 0xA318, 0xA318, 0xA318, 0xC318, 0xA318, 0xA318, 0xA318, 0xA318, 0xA318, 
  0xA318, 0xA318, 0xA318, 0xA318, 0xA318, 0xE418, 0x0521, 0xA318, 0xC318, 0xC318, 0xA318, 0xA318, 0xA318, 0xA318, 0xA318, 0xC318, 
  0x294A, 0xAF7B, 0x34A5, 0xF39C, 0x38C6, 0xBAD6, 0xFBDE, 0x9EF7, 0xBEF7, 0xFFFF, 0xFFFF, 0xFFFF, 0xDFFF, 0xFFFF, 0xF7BD, 0x0421, 
  0x2100, 0x8210, 0xC318, 0x8210, 0x6A4A, 0x18C6, 0x18C6, 0xE841, 0xC318, 0xE418, 0xC318, 0xA318, 0xC318, 0xC318, 0xA318, 0xC318, 
  0xA318, 0xA318, 0xA318, 0xC318, 0xA318, 0xA318, 0xC318, 0xC318, 0xA318, 0x2521, 0xE420, 0xA739, 0x4529, 0x294A, 0x0421, 0x2529, 
  0x0421, 0x6629, 0x4529, 0xC418, 0x4529, 0x6529, 0x8210, 0x8631, 0x2942, 0xA631, 0x4529, 0x494A, 0x8A52, 0xEC5A, 0x0842, 0x6631, 
  0xEB5A, 0xEB5A, 0x2D63, 0x494A, 0x6D6B, 0x518C, 0x0C63, 0x8A52, 0xF4A4, 0xB294, 0x18C6, 0xD7BD, 0xEB5A, 0x3084, 0x18C6, 0x55AD, 
  0x75AD, 0x1CE7, 0x59CE, 0xB6B5, 0x59CE, 0xB6B5, 0xB6B5, 0x18C6, 0xFBDE, 0x3CE7, 0xBEF7, 0x3CEF, 0xDFFF, 0xFFFF, 0xFFFF, 0xFFFF, 
  0x10E9, 0xEFE8, 0xF0E8, 0xF0E8, 0x10E9, 0xF0E8, 0xF0E8, 0xF0E8, 0xF0E8, 0xF0E8, 0xF0E8, 0xF0E8, 0xF0E8, 0xF0E8, 0xF0E8, 0xF0E8, 
  0x10E9, 0x10E9, 0xF0E8, 0xCFE0, 0xEED8, 0xB0D9, 0x54DB, 0x59ED, 0xFDFE, 0xFFFF, 0xFFFF, 0xDFFF, 0x1BE7, 0x9AD6, 0x1084, 0xA731, 
  0x6529, 0x294A, 0x0521, 0xE420, 0xC318, 0xC318, 0xC318, 0xA318, 0xA318, 0xA318, 0xC318, 0xA318, 0xC318, 0xA318, 0xA318, 0xA318, 
  0xC318, 0xA318, 0xA318, 0xC318, 0xA318, 0xC318, 0xA318, 0xA318, 0xA318, 0xA318, 0xA318, 0xA318, 0xC318, 0xA318, 0xA318, 0xA318, 
  0xA318, 0xA318, 0xA318, 0xA318, 0xC318, 0xC318, 0xA318, 0xA318, 0xA318, 0xA318, 0xC318, 0xA310, 0xA318, 0xA318, 0xA318, 0xC318, 
  0xC318, 0xC318, 0xA318, 0xA318, 0xA318, 0xA318, 0xA318, 0xA318, 0xA318, 0xA318, 0xC318, 0xC318, 0xA318, 0xA318, 0xA318, 0xA318, 
  0xC318, 0xC318, 0xA318, 0xA318, 0xA318, 0xA318, 0xA318, 0xC318, 0xA318, 0xC318, 0xA318, 0xA318, 0xA318, 0xC318, 0xA318, 0xC318, 
  0xC318, 0xA318, 0xA318, 0xC318, 0xA318, 0xA318, 0xA318, 0xA318, 0xA318, 0xA318, 0xA318, 0xA318, 0xC318, 0xA318, 0xC318, 0xA318, 
  0xA318, 0xC318, 0xA318, 0xA318, 0xA318, 0xC318, 0x0421, 0xA318, 0xC318, 0xA318, 0xA318, 0xA318, 0xC318, 0xA318, 0xA318, 0xA739, 
  0x2D6B, 0x34AD, 0xD7BD, 0x79CE, 0x7DEF, 0xBAD6, 0x3CE7, 0xFFFF, 0xFFFF, 0xFFFF, 0xFFFF, 0xFFFF, 0xFFFF, 0xD39C, 0xC318, 0xE418, 
  0xCF7B, 0xEB5A, 0xE420, 0xE739, 0x1CDF, 0xFFFF, 0xEF7B, 0x0421, 0xC318, 0xA318, 0xA318, 0xC318, 0xC318, 0xA318, 0xC318, 0x0421, 
  0xC318, 0xA318, 0xA318, 0xC318, 0xA318, 0xA318, 0xA318, 0xA318, 0xC318, 0xE420, 0xA318, 0x0421, 0x2529, 0x6629, 0xE418, 0xE420, 
  0x2529, 0x2529, 0x0421, 0x8631, 0x4529, 0x6529, 0xE739, 0x0842, 0xA631, 0x494A, 0xE841, 0xAA52, 0xAE73, 0xCB5A, 0xE739, 0x0C63, 
  0xAE73, 0x0C63, 0xAE73, 0xE841, 0xE739, 0xB394, 0xCB5A, 0x494A, 0x0842, 0xCF7B, 0x96B5, 0xEF7B, 0xD39C, 0xB6B5, 0xD39C, 0xD39C, 
  0xF083, 0xF49C, 0x76AD, 0x728C, 0xD7BD, 0xF8BD, 0x76AD, 0x75AD, 0x96B5, 0xB6B5, 0xDBDE, 0xBAD6, 0xFBDE, 0xBFF7, 0x9EF7, 0xDFFF, 
  0x10E9, 0xEFE8, 0xF0E8, 0xF0E8, 0xF0E8, 0xF0E8, 0xF0E8, 0xF0E8, 0xF0E8, 0x10E9, 0xF0E8, 0xF0E8, 0xF0E8, 0xF0E8, 0xF0E8, 0xEFE0, 
  0xCFE0, 0xCED8, 0x70D9, 0xF3DA, 0xD8EC, 0x9DFE, 0xBFFF, 0xFFFF, 0xFFFF, 0xFFFF, 0x9DF7, 0x1CE7, 0xD7BD, 0xAB5A, 0xA739, 0xE418, 
  0xE418, 0x0521, 0xE420, 0xC418, 0xA310, 0x4529, 0xE420, 0xA318, 0xA318, 0xA318, 0xA318, 0xA318, 0xC318, 0xA318, 0xC318, 0xA318, 
  0xA318, 0xA318, 0xA318, 0xC318, 0xC318, 0xA318, 0xA318, 0xA318, 0xA318, 0xA318, 0xC318, 0xA318, 0xA318, 0xA318, 0xA318, 0xA318, 
  0xC318, 0xA318, 0xA318, 0xA318, 0xA318, 0xA318, 0xA318, 0xA318, 0xA318, 0xC318, 0xA310, 0x0521, 0xC418, 0xA318, 0xA318, 0xA318, 
  0xA318, 0xA318, 0xA318, 0xC318, 0xA318, 0xA318, 0xC318, 0xC318, 0xA318, 0xA318, 0xC318, 0xA318, 0xA318, 0xA318, 0xA318, 0xC318, 
  0xA318, 0xC318, 0xC318, 0xA318, 0xA318, 0xA318, 0xA318, 0xA318, 0xE418, 0xC318, 0xA318, 0xA318, 0xA318, 0xA318, 0xA318, 0xA318, 
  0xC318, 0xA318, 0xC318, 0xA318, 0xA318, 0xC318, 0xA318, 0xA318, 0xA318, 0xA318, 0xA318, 0xA318, 0xA318, 0xC318, 0xC318, 0xA318, 
  0xA318, 0xC318, 0xA318, 0xA318, 0xC318, 0xA318, 0xA318, 0xA318, 0xC318, 0xC318, 0xA318, 0xA318, 0xA318, 0xA318, 0x2529, 0x4D6B, 
  0xB294, 0xF7BD, 0xDBDE, 0x3CE7, 0xFFFF, 0xFFFF, 0xFFFF, 0xDFFF, 0xFFFF, 0xFFFF, 0xFFFF, 0xFFFF, 0x35A5, 0xE318, 0x2421, 0x55AD, 
  0xFFFF, 0xD7BD, 0xC739, 0x55AD, 0xDFFF, 0x59CE, 0x6631, 0x8210, 0xC318, 0xA318, 0xA318, 0xC318, 0xA318, 0xA318, 0xA318, 0xC318, 
  0xC418, 0xA318, 0xA318, 0xA318, 0xA318, 0xA318, 0xC318, 0xA318, 0xC318, 0xC318, 0x0421, 0xE839, 0x6631, 0x4529, 0x6629, 0x6629, 
  0x2529, 0x0421, 0x2942, 0xC739, 0x6631, 0xE841, 0xCB5A, 0xA739, 0xE841, 0x6631, 0x2521, 0x294A, 0x6A52, 0xA739, 0x8A52, 0x4D6B, 
  0x2D6B, 0xAB5A, 0x4D6B, 0xEC62, 0xA739, 0x6A4A, 0x2C63, 0x518C, 0x0C63, 0x0C63, 0xCB5A, 0x4D6B, 0xF4A4, 0x6D6B, 0x14A5, 0xB6B5, 
  0x518C, 0x14A5, 0xF39C, 0x55AD, 0x14A5, 0x18C6, 0xB7B5, 0x59CE, 0x38C6, 0x59CE, 0x59C6, 0xDBDE, 0xFBDE, 0x9EF7, 0xDFFF, 0xFFFF, 
  0x10E9, 0xEFE8, 0xF0E8, 0xF0E8, 0xF0E8, 0xF0E8, 0xF0E8, 0xF0E8, 0xF0E8, 0xF0E8, 0xF0E8, 0xF0E8, 0x0FE1, 0xCFE0, 0xEFE0, 0x70D9, 
  0xD3DA, 0x97EC, 0x7CF6, 0xBFFF, 0xFFFF, 0xFFFF, 0xFFFF, 0xDFFF, 0xDBDE, 0x38C6, 0xB6B5, 0x76B5, 0xAB5A, 0xA318, 0x2521, 0xC318, 
  0xC318, 0xC318, 0xE418, 0xA318, 0xC418, 0xA310, 0xA318, 0xA318, 0xA318, 0xA318, 0xA318, 0xA318, 0xA318, 0xA318, 0xC318, 0xA318, 
  0xA318, 0xA318, 0xA318, 0xA318, 0xA318, 0xA318, 0xA318, 0xA318, 0xA318, 0xA318, 0xA318, 0xA318, 0xA318, 0xA318, 0xA318, 0xA318, 
  0xA318, 0xA318, 0xA318, 0xA318, 0xA318, 0xA318, 0xC318, 0xA318, 0xA318, 0xC318, 0xA318, 0xE420, 0xC318, 0xA318, 0xA318, 0xA318, 
  0xA318, 0xA318, 0xA318, 0xA318, 0xA318, 0xC318, 0xA318, 0xA318, 0xA318, 0xA318, 0xC318, 0xA318, 0xA318, 0xC318, 0xA318, 0xC318, 
  0xA318, 0x8210, 0xA310, 0xA318, 0xA318, 0xC318, 0xA318, 0xA318, 0xC318, 0xA318, 0xA318, 0xA318, 0xA318, 0xA318, 0xA318, 0xA318, 
  0xA318, 0xA318, 0xC318, 0xA318, 0xA318, 0xA318, 0xA318, 0xA318, 0xA318, 0xA318, 0xA318, 0xA318, 0xA318, 0xC318, 0xA318, 0xC318, 
  0xA318, 0xA318, 0xC318, 0xA318, 0xA318, 0xC318, 0xC318, 0xA318, 0xC318, 0xA318, 0xC318, 0xA318, 0xC318, 0xA310, 0x2942, 0xD39C, 
  0x55AD, 0x18C6, 0xBEF7, 0xFFFF, 0xFFFF, 0xFFFF, 0xDFFF, 0xFFFF, 0xFFFF, 0xFFFF, 0xFFFF, 0xD7BD, 0x0421, 0xA318, 0xE739, 0xF07B, 
  0xCF7B, 0xA631, 0x6631, 0x79D6, 0xBEF7, 0xEC62, 0x4208, 0xE418, 0xA318, 0xA318, 0xC318, 0xE418, 0xA318, 0xC318, 0xC318, 0xA318, 
  0xA318, 0xA318, 0xC318, 0xC318, 0xA318, 0xA318, 0xC318, 0xA318, 0xA310, 0x0421, 0xC739, 0x0421, 0xC318, 0x0421, 0x4529, 0x2521, 
  0xE420, 0x294A, 0xE739, 0x294A, 0xA731, 0xE841, 0xA731, 0x2529, 0xA739, 0x0421, 0xE839, 0x4A4A, 0x6631, 0x0842, 0x8631, 0xCB5A, 
  0x494A, 0x494A, 0x8631, 0xAB5A, 0x0842, 0x2C63, 0x4D6B, 0x0C63, 0xCB5A, 0x2529, 0xA731, 0xC739, 0xEB5A, 0x2C63, 0xB394, 0xF39C, 
  0xB294, 0xD7BD, 0x718C, 0x3CE7, 0x59CE, 0x14A5, 0xD7BD, 0x55AD, 0x1CE7, 0x79CE, 0x18C6, 0x9AD6, 0x59CE, 0x1CE7, 0x5DEF, 0x9EF7, 
  0x10E9, 0xEFE8, 0xF0E8, 0xF0E8, 0x10E9, 0xF0E8, 0x10E1, 0xF0E8, 0xF0E8, 0xF0E8, 0xF0E8, 0x0FE1, 0x2FD9, 0x31DA, 0xF6EB, 0xFCF5, 
  0x7FFF, 0xFFFF, 0xFFFF, 0xDEF7, 0xDFFF, 0x5DEF, 0xFBDE, 0x59CE, 0xF3A4, 0xCF7B, 0x718C, 0x0C63, 0x4208, 0x0421, 0x0421, 0xA318, 
  0xA318, 0x2521, 0x0421, 0xE418, 0x0521, 0xA310, 0xC318, 0xA318, 0xC318, 0xA318, 0xA318, 0xA318, 0xA318, 0xA318, 0xA318, 0xA318, 
  0xA318, 0xC318, 0xA318, 0xA318, 0xA318, 0xA318, 0xA318, 0xA318, 0xC318, 0xA318, 0xA318, 0xA318, 0xA318, 0xA318, 0xC318, 0xC318, 
  0xA318, 0xA318, 0xA318, 0xA318, 0xA318, 0xA318, 0xA318, 0xA318, 0xC318, 0xA318, 0xC318, 0xA310, 0xA318, 0xA318, 0xA318, 0xA318, 
  0xA318, 0xC318, 0xC318, 0xA318, 0xA318, 0xA318, 0xA318, 0xA318, 0xA318, 0xA318, 0xC318, 0xA318, 0xA318, 0xC318, 0xA318, 0xA318, 
  0xC318, 0x2D63, 0xC739, 0x8310, 0xC318, 0xA318, 0xA318, 0xA318, 0xA318, 0xA318, 0xA318, 0xA318, 0xA318, 0xA318, 0xA318, 0xA318, 
  0xA318, 0xA318, 0xA318, 0xA318, 0xA318, 0xA318, 0xA318, 0xA318, 0xC318, 0xC318, 0xA318, 0xA318, 0xA318, 0xC318, 0xC318, 0xA318, 
  0xA318, 0xA318, 0xC318, 0xA318, 0xA318, 0xA318, 0xA318, 0xC318, 0xC318, 0xA318, 0xC318, 0xA318, 0xA318, 0xA318, 0x6A4A, 0xDBDE, 
  0x9EF7, 0x59CE, 0x18C6, 0xDFFF, 0xDFFF, 0xFFFF, 0xFFFF, 0xFFFF, 0xFFFF, 0xFFFF, 0xB294, 0xC318, 0x8310, 0xC318, 0xC318, 0x294A, 
  0xE839, 0x2521, 0x1084, 0xFFFF, 0x7294, 0xA310, 0xC318, 0xA318, 0xC318, 0xA318, 0xC318, 0xA318, 0xC318, 0xA318, 0xA318, 0xA318, 
  0xC318, 0xA318, 0xC318, 0xC318, 0xA318, 0xA318, 0xC318, 0xA318, 0x0421, 0x2521, 0x6529, 0x2421, 0xE420, 0x0421, 0x2521, 0xE418, 
  0x6A4A, 0x6A4A, 0xE318, 0x8631, 0x494A, 0x0842, 0x4529, 0x4529, 0x2942, 0xA731, 0x494A, 0x4D6B, 0xA731, 0xAB52, 0x0421, 0xAA52, 
  0x2D6B, 0xEC62, 0xCB5A, 0x294A, 0x4D6B, 0x518C, 0xAE73, 0x0C63, 0xCB5A, 0x8A52, 0xA739, 0xE839, 0x294A, 0xAA52, 0xF07B, 0xCB5A, 
  0xB294, 0x34A5, 0xAE73, 0x75AD, 0xB7B5, 0xF8BD, 0x1CE7, 0x9AD6, 0xFBDE, 0x3CE7, 0x9AD6, 0xD39C, 0x14A5, 0x9AD6, 0x1CE7, 0x5DEF
};
