// Gerado automaticamente - green.png
// Tamanho: 240x240 pixels
// Uso: tft.pushImage(x, y, 240, 240, green);

#pragma once
#include <pgmspace.h>

#define GREEN_W 240
#define GREEN_H 240

static const uint16_t green[] PROGMEM = {
  0xE0FF, 0xE0FF, 0xE0FF, 0xE0FF, 0xE0FF, 0xE0FF, 0xE0FF, 0xE0FF, 0xE0FF, 0xE0FF, 0xE0FF, 0xE0FF, 0xE0FF, 0xE0FF, 0xE0FF, 0xE0FF, 
  0xE0FF, 0xE0FF, 0xE0FF, 0xE0FF, 0xE0FF, 0xE0FF, 0xE0FF, 0xE0FF, 0xE0FF, 0xE0FF, 0xE0FF, 0xE0FF, 0xE0FF, 0xE0FF, 0xE0FF, 0xE0FF, 
  0xE0FF, 0xE0FF, 0xE0FF, 0xE0FF, 0xE0FF, 0xE0FF, 0xE0FF, 0xE0FF, 0xE0FF, 0xE0FF, 0xE0FF, 0xE0FF, 0xE0FF, 0xE0FF, 0xE0FF, 0xE0FF, 
  0xE0FF, 0xE0FF, 0xE0FF, 0xE0FF, 0xE0FF, 0xE0FF, 0xE0FF, 0xE0FF, 0xE0FF, 0xE0FF, 0xE0FF, 0xE0FF, 0xE0FF, 0xE0FF, 0xE0FF, 0xE0FF, 
  0xE0FF, 0xE0FF, 0xE0FF, 0xE0FF, 0xE0FF, 0xE0FF, 0xE0FF, 0xE0FF, 0xE0FF, 0xE0FF, 0xE0FF, 0xE0FF, 0xE0FF, 0xE0FF, 0xE0FF, 0xE0FF, 
  0xE0FF, 0xE0FF, 0xE0FF, 0xE0FF, 0xE0FF, 0xE0FF, 0xE0FF, 0xE0FF, 0xE0FF, 0xE0FF, 0xE0FF, 0xE0FF, 0xE0FF, 0xE0FF, 0xE0FF, 0xE0FF, 
  0xE0FF, 0xE0FF, 0xE0FF, 0xE0FF, 0xE0FF, 0xE0FF, 0xE0FF, 0xE0FF, 0xE0FF, 0xE0FF, 0xE0FF, 0xE0FF, 0xE0FF, 0xE0FF, 0xE0FF, 0xE0FF, 
  0xE0FF, 0xE0FF, 0xE0FF, 0xE0FF, 0xE0FF, 0xE0FF, 0xE0FF, 0xE0FF, 0xE0FF, 0xE0FF, 0xE0FF, 0xE0FF, 0xE0FF, 0xE0FF, 0xE0FF, 0xE0FF, 
  0xE0FF, 0xE0FF, 0xE0FF, 0xE0FF, 0xE0FF, 0xE0FF, 0xE0FF, 0xE0FF, 0xE0FF, 0xE0FF, 0xE0FF, 0xE0FF, 0xE0FF, 0xE0FF, 0xE0FF, 0xE0FF, 
  0xE0FF, 0xE0FF, 0xE0FF, 0xE0FF, 0xE0FF, 0xE0FF, 0xE0FF, 0xE0FF, 0xE0FF, 0xE0FF, 0xE0FF, 0xE0FF, 0xE0FF, 0xE0FF, 0xE0FF, 0xE0FF, 
  0xE0FF, 0xE0FF, 0xE0FF, 0xE0FF, 0xE0FF, 0xE0FF, 0xE0FF, 0xE0FF, 0xE0FF, 0xE0FF, 0xE0FF, 0xE0FF, 0xE0FF, 0xE0FF, 0xE0FF, 0xE0FF, 
  0xE0FF, 0xE0FF, 0xE0FF, 0xE0FF, 0xE0FF, 0xE0FF, 0xE0FF, 0xE0FF, 0xE0FF, 0xE0FF, 0xE0FF, 0xE0FF, 0xE0FF, 0xE0FF, 0xE0FF, 0xE0FF, 
  0xE0FF, 0xE0FF, 0xE0FF, 0xE0FF, 0xE0FF, 0xE0FF, 0xE0FF, 0xE0FF, 0xE0FF, 0xE0FF, 0xE0FF, 0xE0FF, 0xE0FF, 0xE0FF, 0xE0FF, 0xE0FF, 
  0xE0FF, 0xE0FF, 0xE0FF, 0xE0FF, 0xE0FF, 0xE0FF, 0xE0FF, 0xE0FF, 0xE0FF, 0xE0FF, 0xE0FF, 0xE0FF, 0xE0FF, 0xE0FF, 0xE0FF, 0xE0FF, 
  0xE0FF, 0xE0FF, 0xE0FF, 0xE0FF, 0xE0FF, 0xE0FF, 0xE0FF, 0xE0FF, 0xE0FF, 0xE0FF, 0xE0FF, 0xE0FF, 0xE0FF, 0xE0FF, 0xE0FF, 0xE0FF, 
  0xE0FF, 0xE0FF, 0xE0FF, 0xE0FF, 0xE0FF, 0xE0FF, 0xE0FF, 0xE0FF, 0xE0FF, 0xE0FF, 0xE0FF, 0xE0FF, 0xE0FF, 0xE0FF, 0xE0FF, 0xE0FF, 
  0xE0FF, 0xE0FF, 0xE0FF, 0xE0FF, 0xE0FF, 0xE0FF, 0xE0FF, 0xE0FF, 0xE0FF, 0xE0FF, 0xE0FF, 0xE0FF, 0xE0FF, 0xE0FF, 0xE0FF, 0xE0FF, 
  0xE0FF, 0xE0FF, 0xE0FF, 0xE0FF, 0xE0FF, 0xE0FF, 0xE0FF, 0xE0FF, 0xE0FF, 0xE0FF, 0xE0FF, 0xE0FF, 0xE0FF, 0xE0FF, 0xE0FF, 0xE0FF, 
  0xE0FF, 0xE0FF, 0xE0FF, 0xE0FF, 0xE0FF, 0xE0FF, 0xE0FF, 0xE0FF, 0xE0FF, 0xE0FF, 0xE0FF, 0xE0FF, 0xE0FF, 0xE0FF, 0xE0FF, 0xE0FF, 
  0xE0FF, 0xE0FF, 0xE0FF, 0xE0FF, 0xE0FF, 0xE0FF, 0xE0FF, 0xE0FF, 0xE0FF, 0xE0FF, 0xE0FF, 0xE0FF, 0xE0FF, 0xE0FF, 0xE0FF, 0xE0FF, 
  0xE0FF, 0xE0FF, 0xE0FF, 0xE0FF, 0xE0FF, 0xE0FF, 0xE0FF, 0xE0FF, 0xE0FF, 0xE0FF, 0xE0FF, 0xE0FF, 0xE0FF, 0xE0FF, 0xE0FF, 0xE0FF, 
  0xE0FF, 0xE0FF, 0xE0FF, 0xE0FF, 0xE0FF, 0xE0FF, 0xE0FF, 0xE0FF, 0xE0FF, 0xE0FF, 0xE0FF, 0xE0FF, 0xE0FF, 0xE0FF, 0xE0FF, 0xE0FF, 
  0xE0FF, 0xE0FF, 0xE0FF, 0xE0FF, 0xE0FF, 0xE0FF, 0xE0FF, 0xE0FF, 0xE0FF, 0xE0FF, 0xE0FF, 0xE0FF, 0xE0FF, 0xE0FF, 0xE0FF, 0xE0FF, 
  0xE0FF, 0xE0FF, 0xE0FF, 0xE0FF, 0xE0FF, 0xE0FF, 0xE0FF, 0xE0FF, 0xE0FF, 0xE0FF, 0xE0FF, 0xE0FF, 0xE0FF, 0xE0FF, 0xE0FF, 0xE0FF, 
  0xE0FF, 0xE0FF, 0xE0FF, 0xE0FF, 0xE0FF, 0xE0FF, 0xE0FF, 0xE0FF, 0xE0FF, 0xE0FF, 0xE0FF, 0xE0FF, 0xE0FF, 0xE0FF, 0xE0FF, 0xE0FF, 
  0xE0FF, 0xE0FF, 0xE0FF, 0xE0FF, 0xE0FF, 0xE0FF, 0xE0FF, 0xE0FF, 0xE0FF, 0xE0FF, 0xE0FF, 0xE0FF, 0xE0FF, 0xE0FF, 0xE0FF, 0xE0FF, 
  0xE0FF, 0xE0FF, 0xE0FF, 0xE0FF, 0xE0FF, 0xE0FF, 0xE0FF, 0xE0FF, 0xE0FF, 0xE0FF, 0xE0FF, 0xE0FF, 0xE0FF, 0xE0FF, 0xE0FF, 0xE0FF, 
  0xE0FF, 0xE0FF, 0xE0FF, 0xE0FF, 0xE0FF, 0xE0FF, 0xE0FF, 0xE0FF, 0xE0FF, 0xE0FF, 0xE0FF, 0xE0FF, 0xE0FF, 0xE0FF, 0xE0FF, 0xE0FF, 
  0xE0FF, 0xE0FF, 0xE0FF, 0xE0FF, 0xE0FF, 0xE0FF, 0xE0FF, 0xE0FF, 0xE0FF, 0xE0FF, 0xE0FF, 0xE0FF, 0xE0FF, 0xE0FF, 0xE0FF, 0xE0FF, 
  0xE0FF, 0xE0FF, 0xE0FF, 0xE0FF, 0xE0FF, 0xE0FF, 0xE0FF, 0xE0FF, 0xE0FF, 0xE0FF, 0xE0FF, 0xE0FF, 0xE0FF, 0xE0FF, 0xE0FF, 0xE0FF, 
  0xE0FF, 0xE0FF, 0xE0FF, 0xE0FF, 0xE0FF, 0xE0FF, 0xE0FF, 0xE0FF, 0xE0FF, 0xE0FF, 0xE0FF, 0xE0FF, 0xE0FF, 0xE0FF, 0xE0FF, 0xE0FF, 
  0xE0FF, 0xE0FF, 0xE0FF, 0xE0FF, 0xE0FF, 0xE0FF, 0xE0FF, 0xE0FF, 0xE0FF, 0xE0FF, 0xE0FF, 0xE0FF, 0xE0FF, 0xE0FF, 0xE0FF, 0xE0FF, 
  0xE0FF, 0xE0FF, 0xE0FF, 0xE0FF, 0xE0FF, 0xE0FF, 0xE0FF, 0xE0FF, 0xE0FF, 0xE0FF, 0xE0FF, 0xE0FF, 0xE0FF, 0xE0FF, 0xE0FF, 0xE0FF, 
  0xE0FF, 0xE0FF, 0xE0FF, 0xE0FF, 0xE0FF, 0xE0FF, 0xE0FF, 0xE0FF, 0xE0FF, 0xE0FF, 0xE0FF, 0xE0FF, 0xE0FF, 0xE0FF, 0xE0FF, 0xE0FF, 
  0xE0FF, 0xE0FF, 0xE0FF, 0xE0FF, 0xE0FF, 0xE0FF, 0xE0FF, 0xE0FF, 0xE0FF, 0xE0FF, 0xE0FF, 0xE0FF, 0xE0FF, 0xE0FF, 0xE0FF, 0xE0FF, 
  0xE0FF, 0xE0FF, 0xE0FF, 0xE0FF, 0xE0FF, 0xE0FF, 0xE0FF, 0xE0FF, 0xE0FF, 0xE0FF, 0xE0FF, 0xE0FF, 0xE0FF, 0xE0FF, 0xE0FF, 0xE0FF, 
  0xE0FF, 0xE0FF, 0xE0FF, 0xE0FF, 0xE0FF, 0xE0FF, 0xE0FF, 0xE0FF, 0xE0FF, 0xE0FF, 0xE0FF, 0xE0FF, 0xE0FF, 0xE0FF, 0xE0FF, 0xE0FF, 
  0xE0FF, 0xE0FF, 0xE0FF, 0xE0FF, 0xE0FF, 0xE0FF, 0xE0FF, 0xE0FF, 0xE0FF, 0xE0FF, 0xE0FF, 0xE0FF, 0xE0FF, 0xE0FF, 0xE0FF, 0xE0FF, 
  0xE0FF, 0xE0FF, 0xE0FF, 0xE0FF, 0xE0FF, 0xE0FF, 0xE0FF, 0xE0FF, 0xE0FF, 0xE0FF, 0xE0FF, 0xE0FF, 0xE0FF, 0xE0FF, 0xE0FF, 0xE0FF, 
  0xE0FF, 0xE0FF, 0xE0FF, 0xE0FF, 0xE0FF, 0xE0FF, 0xE0FF, 0xE0FF, 0xE0FF, 0xE0FF, 0xE0FF, 0xE0FF, 0xE0FF, 0xE0FF, 0xE0FF, 0xE0FF, 
  0xE0FF, 0xE0FF, 0xE0FF, 0xE0FF, 0xE0FF, 0xE0FF, 0xE0FF, 0xE0FF, 0xE0FF, 0xE0FF, 0xE0FF, 0xE0FF, 0xE0FF, 0xE0FF, 0xE0FF, 0xE0FF, 
  0xE0FF, 0xE0FF, 0xE0FF, 0xE0FF, 0xE0FF, 0xE0FF, 0xE0FF, 0xE0FF, 0xE0FF, 0xE0FF, 0xE0FF, 0xE0FF, 0xE0FF, 0xE0FF, 0xE0FF, 0xE0FF, 
  0xE0FF, 0xE0FF, 0xE0FF, 0xE0FF, 0xE0FF, 0xE0FF, 0xE0FF, 0xE0FF, 0xE0FF, 0xE0FF, 0xE0FF, 0xE0FF, 0xE0FF, 0xE0FF, 0xE0FF, 0xE0FF, 
  0xE0FF, 0xE0FF, 0xE0FF, 0xE0FF, 0xE0FF, 0xE0FF, 0xE0FF, 0xE0FF, 0xE0FF, 0xE0FF, 0xE0FF, 0xE0FF, 0xE0FF, 0xE0FF, 0xE0FF, 0xE0FF, 
  0xE0FF, 0xE0FF, 0xE0FF, 0xE0FF, 0xE0FF, 0xE0FF, 0xE0FF, 0xE0FF, 0xE0FF, 0xE0FF, 0xE0FF, 0xE0FF, 0xE0FF, 0xE0FF, 0xE0FF, 0xE0FF, 
  0xE0FF, 0xE0FF, 0xE0FF, 0xE0FF, 0xE0FF, 0xE0FF, 0xE0FF, 0xE0FF, 0xE0FF, 0xE0FF, 0xE0FF, 0xE0FF, 0xE0FF, 0xE0FF, 0xE0FF, 0xE0FF, 
  0xE0FF, 0xE0FF, 0xE0FF, 0xE0FF, 0xE0FF, 0xE0FF, 0xE0FF, 0xE0FF, 0xE0FF, 0xE0FF, 0xE0FF, 0xE0FF, 0xE0FF, 0xE0FF, 0xE0FF, 0xE0FF, 
  0xE0FF, 0xE0FF, 0xE0FF, 0xE0FF, 0xE0FF, 0xE0FF, 0xE0FF, 0xE0FF, 0xE0FF, 0xE0FF, 0xE0FF, 0xE0FF, 0xE0FF, 0xE0FF, 0xE0FF, 0xE0FF, 
  0xE0FF, 0xE0FF, 0xE0FF, 0xE0FF, 0xE0FF, 0xE0FF, 0xE0FF, 0xE0FF, 0xE0FF, 0xE0FF, 0xE0FF, 0xE0FF, 0xE0FF, 0xE0FF, 0xE0FF, 0xE0FF, 
  0xE0FF, 0xE0FF, 0xE0FF, 0xE0FF, 0xE0FF, 0xE0FF, 0xE0FF, 0xE0FF, 0xE0FF, 0xE0FF, 0xE0FF, 0xE0FF, 0xE0FF, 0xE0FF, 0xE0FF, 0xE0FF, 
  0xE0FF, 0xE0FF, 0xE0FF, 0xE0FF, 0xE0FF, 0xE0FF, 0xE0FF, 0xE0FF, 0xE0FF, 0xE0FF, 0xE0FF, 0xE0FF, 0xE0FF, 0xE0FF, 0xE0FF, 0xE0FF, 
  0xE0FF, 0xE0FF, 0xE0FF, 0xE0FF, 0xE0FF, 0xE0FF, 0xE0FF, 0xE0FF, 0xE0FF, 0xE0FF, 0xE0FF, 0xE0FF, 0xE0FF, 0xE0FF, 0xE0FF, 0xE0FF, 
  0xE0FF, 0xE0FF, 0xE0FF, 0xE0FF, 0xE0FF, 0xE0FF, 0xE0FF, 0xE0FF, 0xE0FF, 0xE0FF, 0xE0FF, 0xE0FF, 0xE0FF, 0xE0FF, 0xE0FF, 0xE0FF, 
  0xE0FF, 0xE0FF, 0xE0FF, 0xE0FF, 0xE0FF, 0xE0FF, 0xE0FF, 0xE0FF, 0xE0FF, 0xE0FF, 0xE0FF, 0xE0FF, 0xE0FF, 0xE0FF, 0xE0FF, 0xE0FF, 
  0xE0FF, 0xE0FF, 0xE0FF, 0xE0FF, 0xE0FF, 0xE0FF, 0xE0FF, 0xE0FF, 0xE0FF, 0xE0FF, 0xE0FF, 0xE0FF, 0xE0FF, 0xE0FF, 0xE0FF, 0xE0FF, 
  0xE0FF, 0xE0FF, 0xE0FF, 0xE0FF, 0xE0FF, 0xE0FF, 0xE0FF, 0xE0FF, 0xE0FF, 0xE0FF, 0xE0FF, 0xE0FF, 0xE0FF, 0xE0FF, 0xE0FF, 0xE0FF, 
  0xE0FF, 0xE0FF, 0xE0FF, 0xE0FF, 0xE0FF, 0xE0FF, 0xE0FF, 0xE0FF, 0xE0FF, 0xE0FF, 0xE0FF, 0xE0FF, 0xE0FF, 0xE0FF, 0xE0FF, 0xE0FF, 
  0xE0FF, 0xE0FF, 0xE0FF, 0xE0FF, 0xE0FF, 0xE0FF, 0xE0FF, 0xE0FF, 0xE0FF, 0xE0FF, 0xE0FF, 0xE0FF, 0xE0FF, 0xE0FF, 0xE0FF, 0xE0FF, 
  0xE0FF, 0xE0FF, 0xE0FF, 0xE0FF, 0xE0FF, 0xE0FF, 0xE0FF, 0xE0FF, 0xE0FF, 0xE0FF, 0xE0FF, 0xE0FF, 0xE0FF, 0xE0FF, 0xE0FF, 0xE0FF, 
  0xE0FF, 0xE0FF, 0xE0FF, 0xE0FF, 0xE0FF, 0xE0FF, 0xE0FF, 0xE0FF, 0xE0FF, 0xE0FF, 0xE0FF, 0xE0FF, 0xE0FF, 0xE0FF, 0xE0FF, 0xE0FF, 
  0xE0FF, 0xE0FF, 0xE0FF, 0xE0FF, 0xE0FF, 0xE0FF, 0xE0FF, 0xE0FF, 0xE0FF, 0xE0FF, 0xE0FF, 0xE0FF, 0xE0FF, 0xE0FF, 0xE0FF, 0xE0FF, 
  0xE0FF, 0xE0FF, 0xE0FF, 0xE0FF, 0xE0FF, 0xE0FF, 0xE0FF, 0xE0FF, 0xE0FF, 0xE0FF, 0xE0FF, 0xE0FF, 0xE0FF, 0xE0FF, 0xE0FF, 0xE0FF, 
  0xE0FF, 0xE0FF, 0xE0FF, 0xE0FF, 0xE0FF, 0xE0FF, 0xE0FF, 0xE0FF, 0xE0FF, 0xE0FF, 0xE0FF, 0xE0FF, 0xE0FF, 0xE0FF, 0xE0FF, 0xE0FF, 
  0xE0FF, 0xE0FF, 0xE0FF, 0xE0FF, 0xE0FF, 0xE0FF, 0xE0FF, 0xE0FF, 0xE0FF, 0xE0FF, 0xE0FF, 0xE0FF, 0xE0FF, 0xE0FF, 0xE0FF, 0xE0FF, 
  0xE0FF, 0xE0FF, 0xE0FF, 0xE0FF, 0xE0FF, 0xE0FF, 0xE0FF, 0xE0FF, 0xE0FF, 0xE0FF, 0xE0FF, 0xE0FF, 0xE0FF, 0xE0FF, 0xE0FF, 0xE0FF, 
  0xE0FF, 0xE0FF, 0xE0FF, 0xE0FF, 0xE0FF, 0xE0FF, 0xE0FF, 0xE0FF, 0xE0FF, 0xE0FF, 0xE0FF, 0xE0FF, 0xE0FF, 0xE0FF, 0xE0FF, 0xE0FF, 
  0xE0FF, 0xE0FF, 0xE0FF, 0xE0FF, 0xE0FF, 0xE0FF, 0xE0FF, 0xE0FF, 0xE0FF, 0xE0FF, 0xE0FF, 0xE0FF, 0xE0FF, 0xE0FF, 0xE0FF, 0xE0FF, 
  0xE0FF, 0xE0FF, 0xE0FF, 0xE0FF, 0xE0FF, 0xE0FF, 0xE0FF, 0xE0FF, 0xE0FF, 0xE0FF, 0xE0FF, 0xE0FF, 0xE0FF, 0xE0FF, 0xE0FF, 0xE0FF, 
  0xE0FF, 0xE0FF, 0xE0FF, 0xE0FF, 0xE0FF, 0xE0FF, 0xE0FF, 0xE0FF, 0xE0FF, 0xE0FF, 0xE0FF, 0xE0FF, 0xE0FF, 0xE0FF, 0xE0FF, 0xE0FF, 
  0xE0FF, 0xE0FF, 0xE0FF, 0xE0FF, 0xE0FF, 0xE0FF, 0xE0FF, 0xE0FF, 0xE0FF, 0xE0FF, 0xE0FF, 0xE0FF, 0xE0FF, 0xE0FF, 0xE0FF, 0xE0FF, 
  0xE0FF, 0xE0FF, 0xE0FF, 0xE0FF, 0xE0FF, 0xE0FF, 0xE0FF, 0xE0FF, 0xE0FF, 0xE0FF, 0xE0FF, 0xE0FF, 0xE0FF, 0xE0FF, 0xE0FF, 0xE0FF, 
  0xE0FF, 0xE0FF, 0xE0FF, 0xE0FF, 0xE0FF, 0xE0FF, 0xE0FF, 0xE0FF, 0xE0FF, 0xE0FF, 0xE0FF, 0xE0FF, 0xE0FF, 0xE0FF, 0xE0FF, 0xE0FF, 
  0xE0FF, 0xE0FF, 0xE0FF, 0xE0FF, 0xE0FF, 0xE0FF, 0xE0FF, 0xE0FF, 0xE0FF, 0xE0FF, 0xE0FF, 0xE0FF, 0xE0FF, 0xE0FF, 0xE0FF, 0xE0FF, 
  0xE0FF, 0xE0FF, 0xE0FF, 0xE0FF, 0xE0FF, 0xE0FF, 0xE0FF, 0xE0FF, 0xE0FF, 0xE0FF, 0xE0FF, 0xE0FF, 0xE0FF, 0xE0FF, 0xE0FF, 0xE0FF, 
  0xE0FF, 0xE0FF, 0xE0FF, 0xE0FF, 0xE0FF, 0xE0FF, 0xE0FF, 0xE0FF, 0xE0FF, 0xE0FF, 0xE0FF, 0xE0FF, 0xE0FF, 0xE0FF, 0xE0FF, 0xE0FF, 
  0xE0FF, 0xE0FF, 0xE0FF, 0xE0FF, 0xE0FF, 0xE0FF, 0xE0FF, 0xE0FF, 0xE0FF, 0xE0FF, 0xE0FF, 0xE0FF, 0xE0FF, 0xE0FF, 0xE0FF, 0xE0FF, 
  0xE0FF, 0xE0FF, 0xE0FF, 0xE0FF, 0xE0FF, 0xE0FF, 0xE0FF, 0xE0FF, 0xE0FF, 0xE0FF, 0xE0FF, 0xE0FF, 0xE0FF, 0xE0FF, 0xE0FF, 0xE0FF, 
  0xE0FF, 0xE0FF, 0xE0FF, 0xE0FF, 0xE0FF, 0xE0FF, 0xE0FF, 0xE0FF, 0xE0FF, 0xE0FF, 0xE0FF, 0xE0FF, 0xE0FF, 0xE0FF, 0xE0FF, 0xE0FF, 
  0xE0FF, 0xE0FF, 0xE0FF, 0xE0FF, 0xE0FF, 0xE0FF, 0xE0FF, 0xE0FF, 0xE0FF, 0xE0FF, 0xE0FF, 0xE0FF, 0xE0FF, 0xE0FF, 0xE0FF, 0xE0FF, 
  0xE0FF, 0xE0FF, 0xE0FF, 0xE0FF, 0xE0FF, 0xE0FF, 0xE0FF, 0xE0FF, 0xE0FF, 0xE0FF, 0xE0FF, 0xE0FF, 0xE0FF, 0xE0FF, 0xE0FF, 0xE0FF, 
  0xE0FF, 0xE0FF, 0xE0FF, 0xE0FF, 0xE0FF, 0xE0FF, 0xE0FF, 0xE0FF, 0xE0FF, 0xE0FF, 0xE0FF, 0xE0FF, 0xE0FF, 0xE0FF, 0xE0FF, 0xE0FF, 
  0xE0FF, 0xE0FF, 0xE0FF, 0xE0FF, 0xE0FF, 0xE0FF, 0xE0FF, 0xE0FF, 0xE0FF, 0xE0FF, 0xE0FF, 0xE0FF, 0xE0FF, 0xE0FF, 0xE0FF, 0xE0FF, 
  0xE0FF, 0xE0FF, 0xE0FF, 0xE0FF, 0xE0FF, 0xE0FF, 0xE0FF, 0xE0FF, 0xE0FF, 0xE0FF, 0xE0FF, 0xE0FF, 0xE0FF, 0xE0FF, 0xE0FF, 0xE0FF, 
  0xE0FF, 0xE0FF, 0xE0FF, 0xE0FF, 0xE0FF, 0xE0FF, 0xE0FF, 0xE0FF, 0xE0FF, 0xE0FF, 0xE0FF, 0xE0FF, 0xE0FF, 0xE0FF, 0xE0FF, 0xE0FF, 
  0xE0FF, 0xE0FF, 0xE0FF, 0xE0FF, 0xE0FF, 0xE0FF, 0xE0FF, 0xE0FF, 0xE0FF, 0xE0FF, 0xE0FF, 0xE0FF, 0xE0FF, 0xE0FF, 0xE0FF, 0xE0FF, 
  0xE0FF, 0xE0FF, 0xE0FF, 0xE0FF, 0xE0FF, 0xE0FF, 0xE0FF, 0xE0FF, 0xE0FF, 0xE0FF, 0xE0FF, 0xE0FF, 0xE0FF, 0xE0FF, 0xE0FF, 0xE0FF, 
  0xE0FF, 0xE0FF, 0xE0FF, 0xE0FF, 0xE0FF, 0xE0FF, 0xE0FF, 0xE0FF, 0xE0FF, 0xE0FF, 0xE0FF, 0xE0FF, 0xE0FF, 0xE0FF, 0xE0FF, 0xE0FF, 
  0xE0FF, 0xE0FF, 0xE0FF, 0xE0FF, 0xE0FF, 0xE0FF, 0xE0FF, 0xE0FF, 0xE0FF, 0xE0FF, 0xE0FF, 0xE0FF, 0xE0FF, 0xE0FF, 0xE0FF, 0xE0FF, 
  0xE0FF, 0xE0FF, 0xE0FF, 0xE0FF, 0xE0FF, 0xE0FF, 0xE0FF, 0xE0FF, 0xE0FF, 0xE0FF, 0xE0FF, 0xE0FF, 0xE0FF, 0xE0FF, 0xE0FF, 0xE0FF, 
  0xE0FF, 0xE0FF, 0xE0FF, 0xE0FF, 0xE0FF, 0xE0FF, 0xE0FF, 0xE0FF, 0xE0FF, 0xE0FF, 0xE0FF, 0xE0FF, 0xE0FF, 0xE0FF, 0xE0FF, 0xE0FF, 
  0xE0FF, 0xE0FF, 0xE0FF, 0xE0FF, 0xE0FF, 0xE0FF, 0xE0FF, 0xE0FF, 0xE0FF, 0xE0FF, 0xE0FF, 0xE0FF, 0xE0FF, 0xE0FF, 0xE0FF, 0xE0FF, 
  0xE0FF, 0xE0FF, 0xE0FF, 0xE0FF, 0xE0FF, 0xE0FF, 0xE0FF, 0xE0FF, 0xE0FF, 0xE0FF, 0xE0FF, 0xE0FF, 0xE0FF, 0xE0FF, 0xE0FF, 0xE0FF, 
  0xE0FF, 0xE0FF, 0xE0FF, 0xE0FF, 0xE0FF, 0xE0FF, 0xE0FF, 0xE0FF, 0xE0FF, 0xE0FF, 0xE0FF, 0xE0FF, 0xE0FF, 0xE0FF, 0xE0FF, 0xE0FF, 
  0xE0FF, 0xE0FF, 0xE0FF, 0xE0FF, 0xE0FF, 0xE0FF, 0xE0FF, 0xE0FF, 0xE0FF, 0xE0FF, 0xE0FF, 0xE0FF, 0xE0FF, 0xE0FF, 0xE0FF, 0xE0FF, 
  0xE0FF, 0xE0FF, 0xE0FF, 0xE0FF, 0xE0FF, 0xE0FF, 0xE0FF, 0xE0FF, 0xE0FF, 0xE0FF, 0xE0FF, 0xE0FF, 0xE0FF, 0xE0FF, 0xE0FF, 0xE0FF, 
  0xE0FF, 0xE0FF, 0xE0FF, 0xE0FF, 0xE0FF, 0xE0FF, 0xE0FF, 0xE0FF, 0xE0FF, 0xE0FF, 0xE0FF, 0xE0FF, 0xE0FF, 0xE0FF, 0xE0FF, 0xE0FF, 
  0xE0FF, 0xE0FF, 0xE0FF, 0xE0FF, 0xE0FF, 0xE0FF, 0xE0FF, 0xE0FF, 0xE0FF, 0xE0FF, 0xE0FF, 0xE0FF, 0xE0FF, 0xE0FF, 0xE0FF, 0xE0FF, 
  0xE0FF, 0xE0FF, 0xE0FF, 0xE0FF, 0xE0FF, 0xE0FF, 0xE0FF, 0xE0FF, 0xE0FF, 0xE0FF, 0xE0FF, 0xE0FF, 0xE0FF, 0xE0FF, 0xE0FF, 0xE0FF, 
  0xE0FF, 0xE0FF, 0xE0FF, 0xE0FF, 0xE0FF, 0xE0FF, 0xE0FF, 0xE0FF, 0xE0FF, 0xE0FF, 0xE0FF, 0xE0FF, 0xE0FF, 0xE0FF, 0xE0FF, 0xE0FF, 
  0xE0FF, 0xE0FF, 0xE0FF, 0xE0FF, 0xE0FF, 0xE0FF, 0xE0FF, 0xE0FF, 0xE0FF, 0xE0FF, 0xE0FF, 0xE0FF, 0xE0FF, 0xE0FF, 0xE0FF, 0xE0FF, 
  0xE0FF, 0xE0FF, 0xE0FF, 0xE0FF, 0xE0FF, 0xE0FF, 0xE0FF, 0xE0FF, 0xE0FF, 0xE0FF, 0xE0FF, 0xE0FF, 0xE0FF, 0xE0FF, 0xE0FF, 0xE0FF, 
  0xE0FF, 0xE0FF, 0xE0FF, 0xE0FF, 0xE0FF, 0xE0FF, 0xE0FF, 0xE0FF, 0xE0FF, 0xE0FF, 0xE0FF, 0xE0FF, 0xE0FF, 0xE0FF, 0xE0FF, 0xE0FF, 
  0xE0FF, 0xE0FF, 0xE0FF, 0xE0FF, 0xE0FF, 0xE0FF, 0xE0FF, 0xE0FF, 0xE0FF, 0xE0FF, 0xE0FF, 0xE0FF, 0xE0FF, 0xE0FF, 0xE0FF, 0xE0FF, 
  0xE0FF, 0xE0FF, 0xE0FF, 0xE0FF, 0xE0FF, 0xE0FF, 0xE0FF, 0xE0FF, 0xE0FF, 0xE0FF, 0xE0FF, 0xE0FF, 0xE0FF, 0xE0FF, 0xE0FF, 0xE0FF, 
  0xE0FF, 0xE0FF, 0xE0FF, 0xE0FF, 0xE0FF, 0xE0FF, 0xE0FF, 0xE0FF, 0xE0FF, 0xE0FF, 0xE0FF, 0xE0FF, 0xE0FF, 0xE0FF, 0xE0FF, 0xE0FF, 
  0xE0FF, 0xE0FF, 0xE0FF, 0xE0FF, 0xE0FF, 0xE0FF, 0xE0FF, 0xE0FF, 0xE0FF, 0xE0FF, 0xE0FF, 0xE0FF, 0xE0FF, 0xE0FF, 0xE0FF, 0xE0FF, 
  0xE0FF, 0xE0FF, 0xE0FF, 0xE0FF, 0xE0FF, 0xE0FF, 0xE0FF, 0xE0FF, 0xE0FF, 0xE0FF, 0xE0FF, 0xE0FF, 0xE0FF, 0xE0FF, 0xE0FF, 0xE0FF, 
  0xE0FF, 0xE0FF, 0xE0FF, 0xE0FF, 0xE0FF, 0xE0FF, 0xE0FF, 0xE0FF, 0xE0FF, 0xE0FF, 0xE0FF, 0xE0FF, 0xE0FF, 0xE0FF, 0xE0FF, 0xE0FF, 
  0xE0FF, 0xE0FF, 0xE0FF, 0xE0FF, 0xE0FF, 0xE0FF, 0xE0FF, 0xE0FF, 0xE0FF, 0xE0FF, 0xE0FF, 0xE0FF, 0xE0FF, 0xE0FF, 0xE0FF, 0xE0FF, 
  0xE0FF, 0xE0FF, 0xE0FF, 0xE0FF, 0xE0FF, 0xE0FF, 0xE0FF, 0xE0FF, 0xE0FF, 0xE0FF, 0xE0FF, 0xE0FF, 0xE0FF, 0xE0FF, 0xE0FF, 0xE0FF, 
  0xE0FF, 0xE0FF, 0xE0FF, 0xE0FF, 0xE0FF, 0xE0FF, 0xE0FF, 0xE0FF, 0xE0FF, 0xE0FF, 0xE0FF, 0xE0FF, 0xE0FF, 0xE0FF, 0xE0FF, 0xE0FF, 
  0xE0FF, 0xE0FF, 0xE0FF, 0xE0FF, 0xE0FF, 0xE0FF, 0xE0FF, 0xE0FF, 0xE0FF, 0xE0FF, 0xE0FF, 0xE0FF, 0xE0FF, 0xE0FF, 0xE0FF, 0xE0FF, 
  0xE0FF, 0xE0FF, 0xE0FF, 0xE0FF, 0xE0FF, 0xE0FF, 0xE0FF, 0xE0FF, 0xE0FF, 0xE0FF, 0xE0FF, 0xE0FF, 0xE0FF, 0xE0FF, 0xE0FF, 0xE0FF, 
  0xE0FF, 0xE0FF, 0xE0FF, 0xE0FF, 0xE0FF, 0xE0FF, 0xE0FF, 0xE0FF, 0xE0FF, 0xE0FF, 0xE0FF, 0xE0FF, 0xE0FF, 0xE0FF, 0xE0FF, 0xE0FF, 
  0xE0FF, 0xE0FF, 0xE0FF, 0xE0FF, 0xE0FF, 0xE0FF, 0xE0FF, 0xE0FF, 0xE0FF, 0xE0FF, 0xE0FF, 0xE0FF, 0xE0FF, 0xE0FF, 0xE0FF, 0xE0FF, 
  0xE0FF, 0xE0FF, 0xE0FF, 0xE0FF, 0xE0FF, 0xE0FF, 0xE0FF, 0xE0FF, 0xE0FF, 0xE0FF, 0xE0FF, 0xE0FF, 0xE0FF, 0xE0FF, 0xE0FF, 0xE0FF, 
  0xE0FF, 0xE0FF, 0xE0FF, 0xE0FF, 0xE0FF, 0xE0FF, 0xE0FF, 0xE0FF, 0xE0FF, 0xE0FF, 0xE0FF, 0xE0FF, 0xE0FF, 0xE0FF, 0xE0FF, 0xE0FF, 
  0xE0FF, 0xE0FF, 0xE0FF, 0xE0FF, 0xE0FF, 0xE0FF, 0xE0FF, 0xE0FF, 0xE0FF, 0xE0FF, 0xE0FF, 0xE0FF, 0xE0FF, 0xE0FF, 0xE0FF, 0xE0FF, 
  0xE0FF, 0xE0FF, 0xE0FF, 0xE0FF, 0xE0FF, 0xE0FF, 0xE0FF, 0xE0FF, 0xE0FF, 0xE0FF, 0xE0FF, 0xE0FF, 0xE0FF, 0xE0FF, 0xE0FF, 0xE0FF, 
  0xE0FF, 0xE0FF, 0xE0FF, 0xE0FF, 0xE0FF, 0xE0FF, 0xE0FF, 0xE0FF, 0xE0FF, 0xE0FF, 0xE0FF, 0xE0FF, 0xE0FF, 0xE0FF, 0xE0FF, 0xE0FF, 
  0xE0FF, 0xE0FF, 0xE0FF, 0xE0FF, 0xE0FF, 0xE0FF, 0xE0FF, 0xE0FF, 0xE0FF, 0xE0FF, 0xE0FF, 0xE0FF, 0xE0FF, 0xE0FF, 0xE0FF, 0xE0FF, 
  0xE0FF, 0xE0FF, 0xE0FF, 0xE0FF, 0xE0FF, 0xE0FF, 0xE0FF, 0xE0FF, 0xE0FF, 0xE0FF, 0xE0FF, 0xE0FF, 0xE0FF, 0xE0FF, 0xE0FF, 0xE0FF, 
  0xE0FF, 0xE0FF, 0xE0FF, 0xE0FF, 0xE0FF, 0xE0FF, 0xE0FF, 0xE0FF, 0xE0FF, 0xE0FF, 0xE0FF, 0xE0FF, 0xE0FF, 0xE0FF, 0xE0FF, 0xE0FF, 
  0xE0FF, 0xE0FF, 0xE0FF, 0xE0FF, 0xE0FF, 0xE0FF, 0xE0FF, 0xE0FF, 0xE0FF, 0xE0FF, 0xE0FF, 0xE0FF, 0xE0FF, 0xE0FF, 0xE0FF, 0xE0FF, 
  0xE0FF, 0xE0FF, 0xE0FF, 0xE0FF, 0xE0FF, 0xE0FF, 0xE0FF, 0xE0FF, 0xE0FF, 0xE0FF, 0xE0FF, 0xE0FF, 0xE0FF, 0xE0FF, 0xE0FF, 0xE0FF, 
  0xE0FF, 0xE0FF, 0xE0FF, 0xE0FF, 0xE0FF, 0xE0FF, 0xE0FF, 0xE0FF, 0xE0FF, 0xE0FF, 0xE0FF, 0xE0FF, 0xE0FF, 0xE0FF, 0xE0FF, 0xE0FF, 
  0xE0FF, 0xE0FF, 0xE0FF, 0xE0FF, 0xE0FF, 0xE0FF, 0xE0FF, 0xE0FF, 0xE0FF, 0xE0FF, 0xE0FF, 0xE0FF, 0xE0FF, 0xE0FF, 0xE0FF, 0xE0FF, 
  0xE0FF, 0xE0FF, 0xE0FF, 0xE0FF, 0xE0FF, 0xE0FF, 0xE0FF, 0xE0FF, 0xE0FF, 0xE0FF, 0xE0FF, 0xE0FF, 0xE0FF, 0xE0FF, 0xE0FF, 0xE0FF, 
  0xE0FF, 0xE0FF, 0xE0FF, 0xE0FF, 0xE0FF, 0xE0FF, 0xE0FF, 0xE0FF, 0xE0FF, 0xE0FF, 0xE0FF, 0xE0FF, 0xE0FF, 0xE0FF, 0xE0FF, 0xE0FF, 
  0xE0FF, 0xE0FF, 0xE0FF, 0xE0FF, 0xE0FF, 0xE0FF, 0xE0FF, 0xE0FF, 0xE0FF, 0xE0FF, 0xE0FF, 0xE0FF, 0xE0FF, 0xE0FF, 0xE0FF, 0xE0FF, 
  0xE0FF, 0xE0FF, 0xE0FF, 0xE0FF, 0xE0FF, 0xE0FF, 0xE0FF, 0xE0FF, 0xE0FF, 0xE0FF, 0xE0FF, 0xE0FF, 0xE0FF, 0xE0FF, 0xE0FF, 0xE0FF, 
  0xE0FF, 0xE0FF, 0xE0FF, 0xE0FF, 0xE0FF, 0xE0FF, 0xE0FF, 0xE0FF, 0xE0FF, 0xE0FF, 0xE0FF, 0xE0FF, 0xE0FF, 0xE0FF, 0xE0FF, 0xE0FF, 
  0xE0FF, 0xE0FF, 0xE0FF, 0xE0FF, 0xE0FF, 0xE0FF, 0xE0FF, 0xE0FF, 0xE0FF, 0xE0FF, 0xE0FF, 0xE0FF, 0xE0FF, 0xE0FF, 0xE0FF, 0xE0FF, 
  0xE0FF, 0xE0FF, 0xE0FF, 0xE0FF, 0xE0FF, 0xE0FF, 0xE0FF, 0xE0FF, 0xE0FF, 0xE0FF, 0xE0FF, 0xE0FF, 0xE0FF, 0xE0FF, 0xE0FF, 0xE0FF, 
  0xE0FF, 0xE0FF, 0xE0FF, 0xE0FF, 0xE0FF, 0xE0FF, 0xE0FF, 0xE0FF, 0xE0FF, 0xE0FF, 0xE0FF, 0xE0FF, 0xE0FF, 0xE0FF, 0xE0FF, 0xE0FF, 
  0xE0FF, 0xE0FF, 0xE0FF, 0xE0FF, 0xE0FF, 0xE0FF, 0xE0FF, 0xE0FF, 0xE0FF, 0xE0FF, 0xE0FF, 0xE0FF, 0xE0FF, 0xE0FF, 0xE0FF, 0xE0FF, 
  0xE0FF, 0xE0FF, 0xE0FF, 0xE0FF, 0xE0FF, 0xE0FF, 0xE0FF, 0xE0FF, 0xE0FF, 0xE0FF, 0xE0FF, 0xE0FF, 0xE0FF, 0xE0FF, 0xE0FF, 0xE0FF, 
  0xE0FF, 0xE0FF, 0xE0FF, 0xE0FF, 0xE0FF, 0xE0FF, 0xE0FF, 0xE0FF, 0xE0FF, 0xE0FF, 0xE0FF, 0xE0FF, 0xE0FF, 0xE0FF, 0xE0FF, 0xE0FF, 
  0xE0FF, 0xE0FF, 0xE0FF, 0xE0FF, 0xE0FF, 0xE0FF, 0xE0FF, 0xE0FF, 0xE0FF, 0xE0FF, 0xE0FF, 0xE0FF, 0xE0FF, 0xE0FF, 0xE0FF, 0xE0FF, 
  0xE0FF, 0xE0FF, 0xE0FF, 0xE0FF, 0xE0FF, 0xE0FF, 0xE0FF, 0xE0FF, 0xE0FF, 0xE0FF, 0xE0FF, 0xE0FF, 0xE0FF, 0xE0FF, 0xE0FF, 0xE0FF, 
  0xE0FF, 0xE0FF, 0xE0FF, 0xE0FF, 0xE0FF, 0xE0FF, 0xE0FF, 0xE0FF, 0xE0FF, 0xE0FF, 0xE0FF, 0xE0FF, 0xE0FF, 0xE0FF, 0xE0FF, 0xE0FF, 
  0xE0FF, 0xE0FF, 0xE0FF, 0xE0FF, 0xE0FF, 0xE0FF, 0xE0FF, 0xE0FF, 0xE0FF, 0xE0FF, 0xE0FF, 0xE0FF, 0xE0FF, 0xE0FF, 0xE0FF, 0xE0FF, 
  0xE0FF, 0xE0FF, 0xE0FF, 0xE0FF, 0xE0FF, 0xE0FF, 0xE0FF, 0xE0FF, 0xE0FF, 0xE0FF, 0xE0FF, 0xE0FF, 0xE0FF, 0xE0FF, 0xE0FF, 0xE0FF, 
  0xE0FF, 0xE0FF, 0xE0FF, 0xE0FF, 0xE0FF, 0xE0FF, 0xE0FF, 0xE0FF, 0xE0FF, 0xE0FF, 0xE0FF, 0xE0FF, 0xE0FF, 0xE0FF, 0xE0FF, 0xE0FF, 
  0xE0FF, 0xE0FF, 0xE0FF, 0xE0FF, 0xE0FF, 0xE0FF, 0xE0FF, 0xE0FF, 0xE0FF, 0xE0FF, 0xE0FF, 0xE0FF, 0xE0FF, 0xE0FF, 0xE0FF, 0xE0FF, 
  0xE0FF, 0xE0FF, 0xE0FF, 0xE0FF, 0xE0FF, 0xE0FF, 0xE0FF, 0xE0FF, 0xE0FF, 0xE0FF, 0xE0FF, 0xE0FF, 0xE0FF, 0xE0FF, 0xE0FF, 0xE0FF, 
  0xE0FF, 0xE0FF, 0xE0FF, 0xE0FF, 0xE0FF, 0xE0FF, 0xE0FF, 0xE0FF, 0xE0FF, 0xE0FF, 0xE0FF, 0xE0FF, 0xE0FF, 0xE0FF, 0xE0FF, 0xE0FF, 
  0xE0FF, 0xE0FF, 0xE0FF, 0xE0FF, 0xE0FF, 0xE0FF, 0xE0FF, 0xE0FF, 0xE0FF, 0xE0FF, 0xE0FF, 0xE0FF, 0xE0FF, 0xE0FF, 0xE0FF, 0xE0FF, 
  0xE0FF, 0xE0FF, 0xE0FF, 0xE0FF, 0xE0FF, 0xE0FF, 0xE0FF, 0xE0FF, 0xE0FF, 0xE0FF, 0xE0FF, 0xE0FF, 0xE0FF, 0xE0FF, 0xE0FF, 0xE0FF, 
  0xE0FF, 0xE0FF, 0xE0FF, 0xE0FF, 0xE0FF, 0xE0FF, 0xE0FF, 0xE0FF, 0xE0FF, 0xE0FF, 0xE0FF, 0xE0FF, 0xE0FF, 0xE0FF, 0xE0FF, 0xE0FF, 
  0xE0FF, 0xE0FF, 0xE0FF, 0xE0FF, 0xE0FF, 0xE0FF, 0xE0FF, 0xE0FF, 0xE0FF, 0xE0FF, 0xE0FF, 0xE0FF, 0xE0FF, 0xE0FF, 0xE0FF, 0xE0FF, 
  0xE0FF, 0xE0FF, 0xE0FF, 0xE0FF, 0xE0FF, 0xE0FF, 0xE0FF, 0xE0FF, 0xE0FF, 0xE0FF, 0xE0FF, 0xE0FF, 0xE0FF, 0xE0FF, 0xE0FF, 0xE0FF, 
  0xE0FF, 0xE0FF, 0xE0FF, 0xE0FF, 0xE0FF, 0xE0FF, 0xE0FF, 0xE0FF, 0xE0FF, 0xE0FF, 0xE0FF, 0xE0FF, 0xE0FF, 0xE0FF, 0xE0FF, 0xE0FF, 
  0xE0FF, 0xE0FF, 0xE0FF, 0xE0FF, 0xE0FF, 0xE0FF, 0xE0FF, 0xE0FF, 0xE0FF, 0xE0FF, 0xE0FF, 0xE0FF, 0xE0FF, 0xE0FF, 0xE0FF, 0xE0FF, 
  0xE0FF, 0xE0FF, 0xE0FF, 0xE0FF, 0xE0FF, 0xE0FF, 0xE0FF, 0xE0FF, 0xE0FF, 0xE0FF, 0xE0FF, 0xE0FF, 0xE0FF, 0xE0FF, 0xE0FF, 0xE0FF, 
  0xE0FF, 0xE0FF, 0xE0FF, 0xE0FF, 0xE0FF, 0xE0FF, 0xE0FF, 0xE0FF, 0xE0FF, 0xE0FF, 0xE0FF, 0xE0FF, 0xE0FF, 0xE0FF, 0xE0FF, 0xE0FF, 
  0xE0FF, 0xE0FF, 0xE0FF, 0xE0FF, 0xE0FF, 0xE0FF, 0xE0FF, 0xE0FF, 0xE0FF, 0xE0FF, 0xE0FF, 0xE0FF, 0xE0FF, 0xE0FF, 0xE0FF, 0xE0FF, 
  0xE0FF, 0xE0FF, 0xE0FF, 0xE0FF, 0xE0FF, 0xE0FF, 0xE0FF, 0xE0FF, 0xE0FF, 0xE0FF, 0xE0FF, 0xE0FF, 0xE0FF, 0xE0FF, 0xE0FF, 0xE0FF, 
  0xE0FF, 0xE0FF, 0xE0FF, 0xE0FF, 0xE0FF, 0xE0FF, 0xE0FF, 0xE0FF, 0xE0FF, 0xE0FF, 0xE0FF, 0xE0FF, 0xE0FF, 0xE0FF, 0xE0FF, 0xE0FF, 
  0xE0FF, 0xE0FF, 0xE0FF, 0xE0FF, 0xE0FF, 0xE0FF, 0xE0FF, 0xE0FF, 0xE0FF, 0xE0FF, 0xE0FF, 0xE0FF, 0xE0FF, 0xE0FF, 0xE0FF, 0xE0FF, 
  0xE0FF, 0xE0FF, 0xE0FF, 0xE0FF, 0xE0FF, 0xE0FF, 0xE0FF, 0xE0FF, 0xE0FF, 0xE0FF, 0xE0FF, 0xE0FF, 0xE0FF, 0xE0FF, 0xE0FF, 0xE0FF, 
  0xE0FF, 0xE0FF, 0xE0FF, 0xE0FF, 0xE0FF, 0xE0FF, 0xE0FF, 0xE0FF, 0xE0FF, 0xE0FF, 0xE0FF, 0xE0FF, 0xE0FF, 0xE0FF, 0xE0FF, 0xE0FF, 
  0xE0FF, 0xE0FF, 0xE0FF, 0xE0FF, 0xE0FF, 0xE0FF, 0xE0FF, 0xE0FF, 0xE0FF, 0xE0FF, 0xE0FF, 0xE0FF, 0xE0FF, 0xE0FF, 0xE0FF, 0xE0FF, 
  0xE0FF, 0xE0FF, 0xE0FF, 0xE0FF, 0xE0FF, 0xE0FF, 0xE0FF, 0xE0FF, 0xE0FF, 0xE0FF, 0xE0FF, 0xE0FF, 0xE0FF, 0xE0FF, 0xE0FF, 0xE0FF, 
  0xE0FF, 0xE0FF, 0xE0FF, 0xE0FF, 0xE0FF, 0xE0FF, 0xE0FF, 0xE0FF, 0xE0FF, 0xE0FF, 0xE0FF, 0xE0FF, 0xE0FF, 0xE0FF, 0xE0FF, 0xE0FF, 
  0xE0FF, 0xE0FF, 0xE0FF, 0xE0FF, 0xE0FF, 0xE0FF, 0xE0FF, 0xE0FF, 0xE0FF, 0xE0FF, 0xE0FF, 0xE0FF, 0xE0FF, 0xE0FF, 0xE0FF, 0xE0FF, 
  0xE0FF, 0xE0FF, 0xE0FF, 0xE0FF, 0xE0FF, 0xE0FF, 0xE0FF, 0xE0FF, 0xE0FF, 0xE0FF, 0xE0FF, 0xE0FF, 0xE0FF, 0xE0FF, 0xE0FF, 0xE0FF, 
  0xE0FF, 0xE0FF, 0xE0FF, 0xE0FF, 0xE0FF, 0xE0FF, 0xE0FF, 0xE0FF, 0xE0FF, 0xE0FF, 0xE0FF, 0xE0FF, 0xE0FF, 0xE0FF, 0xE0FF, 0xE0FF, 
  0xE0FF, 0xE0FF, 0xE0FF, 0xE0FF, 0xE0FF, 0xE0FF, 0xE0FF, 0xE0FF, 0xE0FF, 0xE0FF, 0xE0FF, 0xE0FF, 0xE0FF, 0xE0FF, 0xE0FF, 0xE0FF, 
  0xE0FF, 0xE0FF, 0xE0FF, 0xE0FF, 0xE0FF, 0xE0FF, 0xE0FF, 0xE0FF, 0xE0FF, 0xE0FF, 0xE0FF, 0xE0FF, 0xE0FF, 0xE0FF, 0xE0FF, 0xE0FF, 
  0xE0FF, 0xE0FF, 0xE0FF, 0xE0FF, 0xE0FF, 0xE0FF, 0xE0FF, 0xE0FF, 0xE0FF, 0xE0FF, 0xE0FF, 0xE0FF, 0xE0FF, 0xE0FF, 0xE0FF, 0xE0FF, 
  0xE0FF, 0xE0FF, 0xE0FF, 0xE0FF, 0xE0FF, 0xE0FF, 0xE0FF, 0xE0FF, 0xE0FF, 0xE0FF, 0xE0FF, 0xE0FF, 0xE0FF, 0xE0FF, 0xE0FF, 0xE0FF, 
  0xE0FF, 0xE0FF, 0xE0FF, 0xE0FF, 0xE0FF, 0xE0FF, 0xE0FF, 0xE0FF, 0xE0FF, 0xE0FF, 0xE0FF, 0xE0FF, 0xE0FF, 0xE0FF, 0xE0FF, 0xE0FF, 
  0xC0FF, 0xE0FF, 0xE0FF, 0xE0FF, 0xE0FF, 0xE0FF, 0xE0FF, 0xE0FF, 0xE0FF, 0xE0FF, 0xE0FF, 0xE0FF, 0xE0FF, 0xE0FF, 0xE0FF, 0xE0FF, 
  0xE0FF, 0xE0FF, 0xE0FF, 0xE0FF, 0xE0FF, 0xE0FF, 0xE0FF, 0xE0FF, 0xE0FF, 0xE0FF, 0xE0FF, 0xE0FF, 0xE0FF, 0xE0FF, 0xE0FF, 0xE0FF, 
  0xE0FF, 0xE0FF, 0xE0FF, 0xE0FF, 0xE0FF, 0xE0FF, 0xE0FF, 0xE0FF, 0xE0FF, 0xE0FF, 0xE0FF, 0xE0FF, 0xE0FF, 0xE0FF, 0xE0FF, 0xE0FF, 
  0xE0FF, 0xE0FF, 0xE0FF, 0xE0FF, 0xE0FF, 0xE0FF, 0xE0FF, 0xE0FF, 0xE0FF, 0xE0FF, 0xE0FF, 0xE0FF, 0xE0FF, 0xE0FF, 0xE0FF, 0xE0FF, 
  0xE0FF, 0xE0FF, 0xE0FF, 0xE0FF, 0xE0FF, 0xE0FF, 0xE0FF, 0xE0FF, 0xE0FF, 0xE0FF, 0xE0FF, 0xE0FF, 0xE0FF, 0xE0FF, 0xE0FF, 0xE0FF, 
  0xE0FF, 0xE0FF, 0xE0FF, 0xE0FF, 0xE0FF, 0xE0FF, 0xE0FF, 0xE0FF, 0xE0FF, 0xE0FF, 0xE0FF, 0xE0FF, 0xE0FF, 0xE0FF, 0xE0FF, 0xE0FF, 
  0xE0FF, 0xE0FF, 0xE0FF, 0xE0FF, 0xE0FF, 0xE0FF, 0xE0FF, 0xE0FF, 0xE0FF, 0xE0FF, 0xE0FF, 0xE0FF, 0xE0FF, 0xE0FF, 0xE0FF, 0xE0FF, 
  0xE0FF, 0xE0FF, 0xE0FF, 0xE0FF, 0xE0FF, 0xE0FF, 0xE0FF, 0xE0FF, 0xE0FF, 0xE0FF, 0xE0FF, 0xE0FF, 0xE0FF, 0xE0FF, 0xE0FF, 0xE0FF, 
  0xE0FF, 0xE0FF, 0xE0FF, 0xE0FF, 0xE0FF, 0xE0FF, 0xE0FF, 0xE0FF, 0xE0FF, 0xE0FF, 0xE0FF, 0xE0FF, 0xE0FF, 0xE0FF, 0xE0FF, 0xE0FF, 
  0xE0FF, 0xE0FF, 0xE0FF, 0xE0FF, 0xE0FF, 0xE0FF, 0xE0FF, 0xE0FF, 0xE0FF, 0xE0FF, 0xE0FF, 0xE0FF, 0xE0FF, 0xE0FF, 0xE0FF, 0xE0FF, 
  0xE0FF, 0xE0FF, 0xE0FF, 0xE0FF, 0xE0FF, 0xE0FF, 0xE0FF, 0xE0FF, 0xE0FF, 0xE0FF, 0xE0FF, 0xE0FF, 0xE0FF, 0xE0FF, 0xE0FF, 0xE0FF, 
  0xE0FF, 0xE0FF, 0xE0FF, 0xE0FF, 0xE0FF, 0xE0FF, 0xE0FF, 0xE0FF, 0xE0FF, 0xE0FF, 0xE0FF, 0xE0FF, 0xE0FF, 0xE0FF, 0xE0FF, 0xE0FF, 
  0xE0FF, 0xE0FF, 0xE0FF, 0xE0FF, 0xE0FF, 0xE0FF, 0xE0FF, 0xE0FF, 0xE0FF, 0xE0FF, 0xE0FF, 0xE0FF, 0xE0FF, 0xE0FF, 0xE0FF, 0xE0FF, 
  0xE0FF, 0xE0FF, 0xE0FF, 0xE0FF, 0xE0FF, 0xE0FF, 0xE0FF, 0xE0FF, 0xE0FF, 0xE0FF, 0xE0FF, 0xE0FF, 0xE0FF, 0xE0FF, 0xE0FF, 0xE0FF, 
  0xE0FF, 0xE0FF, 0xE0FF, 0xE0FF, 0xE0FF, 0xE0FF, 0xE0FF, 0xE0FF, 0xE0FF, 0xE0FF, 0xE0FF, 0xE0FF, 0xE0FF, 0xE0FF, 0xE0FF, 0xE0FF, 
  0xE0FF, 0xE0FF, 0xE0FF, 0xE0FF, 0xE0FF, 0xE0FF, 0xE0FF, 0xE0FF, 0xE0FF, 0xE0FF, 0xE0FF, 0xE0FF, 0xE0FF, 0xE0FF, 0xE0FF, 0xE0FF, 
  0xE0FF, 0xE0FF, 0xE0FF, 0xE0FF, 0xE0FF, 0xE0FF, 0xE0FF, 0xE0FF, 0xE0FF, 0xE0FF, 0xE0FF, 0xE0FF, 0xE0FF, 0xE0FF, 0xE0FF, 0xE0FF, 
  0xE0FF, 0xE0FF, 0xE0FF, 0xE0FF, 0xE0FF, 0xE0FF, 0xE0FF, 0xE0FF, 0xE0FF, 0xE0FF, 0xE0FF, 0xE0FF, 0xE0FF, 0xE0FF, 0xE0FF, 0xE0FF, 
  0xE0FF, 0xE0FF, 0xE0FF, 0xE0FF, 0xE0FF, 0xE0FF, 0xE0FF, 0xE0FF, 0xE0FF, 0xE0FF, 0xE0FF, 0xE0FF, 0xE0FF, 0xE0FF, 0xE0FF, 0xE0FF, 
  0xE0FF, 0xE0FF, 0xE0FF, 0xE0FF, 0xE0FF, 0xE0FF, 0xE0FF, 0xE0FF, 0xE0FF, 0xE0FF, 0xE0FF, 0xE0FF, 0xE0FF, 0xE0FF, 0xE0FF, 0xE0FF, 
  0xE0FF, 0xE0FF, 0xE0FF, 0xE0FF, 0xE0FF, 0xE0FF, 0xE0FF, 0xE0FF, 0xE0FF, 0xE0FF, 0xE0FF, 0xE0FF, 0xE0FF, 0xE0FF, 0xE0FF, 0xE0FF, 
  0xE0FF, 0xE0FF, 0xE0FF, 0xE0FF, 0xE0FF, 0xE0FF, 0xE0FF, 0xE0FF, 0xE0FF, 0xE0FF, 0xE0FF, 0xE0FF, 0xE0FF, 0xE0FF, 0xE0FF, 0xE0FF, 
  0xE0FF, 0xE0FF, 0xE0FF, 0xE0FF, 0xE0FF, 0xE0FF, 0xE0FF, 0xE0FF, 0xE0FF, 0xE0FF, 0xE0FF, 0xE0FF, 0xE0FF, 0xE0FF, 0xE0FF, 0xE0FF, 
  0xE0FF, 0xE0FF, 0xE0FF, 0xE0FF, 0xE0FF, 0xE0FF, 0xE0FF, 0xE0FF, 0xE0FF, 0xE0FF, 0xE0FF, 0xE0FF, 0xE0FF, 0xE0FF, 0xE0FF, 0xE0FF, 
  0xE0FF, 0xE0FF, 0xE0FF, 0xE0FF, 0xE0FF, 0xE0FF, 0xE0FF, 0xE0FF, 0xE0FF, 0xE0FF, 0xE0FF, 0xE0FF, 0xE0FF, 0xE0FF, 0xE0FF, 0xE0FF, 
  0xE0FF, 0xE0FF, 0xE0FF, 0xE0FF, 0xE0FF, 0xE0FF, 0xE0FF, 0xE0FF, 0xE0FF, 0xE0FF, 0xE0FF, 0xE0FF, 0xE0FF, 0xE0FF, 0xE0FF, 0xE0FF, 
  0xE0FF, 0xE0FF, 0xE0FF, 0xE0FF, 0xE0FF, 0xE0FF, 0xE0FF, 0xE0FF, 0xE0FF, 0xE0FF, 0xE0FF, 0xE0FF, 0xE0FF, 0xE0FF, 0xE0FF, 0xE0FF, 
  0xE0FF, 0xE0FF, 0xE0FF, 0xE0FF, 0xE0FF, 0xE0FF, 0xE0FF, 0xE0FF, 0xE0FF, 0xE0FF, 0xE0FF, 0xE0FF, 0xE0FF, 0xE0FF, 0xE0FF, 0xE0FF, 
  0xE0FF, 0xE0FF, 0xE0FF, 0xE0FF, 0xE0FF, 0xE0FF, 0xE0FF, 0xE0FF, 0xE0FF, 0xE0FF, 0xE0FF, 0xE0FF, 0xE0FF, 0xE0FF, 0xE0FF, 0xE0FF, 
  0xE0FF, 0xE0FF, 0xE0FF, 0xE0FF, 0xE0FF, 0xE0FF, 0xC0FF, 0xC0FF, 0xE0FF, 0xE0FF, 0xE0FF, 0xE0FF, 0xE0FF, 0xE0FF, 0xE0FF, 0xE0FF, 
  0xE0FF, 0xE0FF, 0xE0FF, 0xE0FF, 0xE0FF, 0xE0FF, 0xE0FF, 0xE0FF, 0xE0FF, 0xE0FF, 0xE0FF, 0xE0FF, 0xE0FF, 0xE0FF, 0xE0FF, 0xE0FF, 
  0xE0FF, 0xE0FF, 0xE0FF, 0xE0FF, 0xE0FF, 0xE0FF, 0xE0FF, 0xE0FF, 0xE0FF, 0xE0FF, 0xE0FF, 0xE0FF, 0xE0FF, 0xE0FF, 0xE0FF, 0xE0FF, 
  0xE0FF, 0xE0FF, 0xE0FF, 0xE0FF, 0xE0FF, 0xE0FF, 0xE0FF, 0xE0FF, 0xE0FF, 0xE0FF, 0xE0FF, 0xE0FF, 0xE0FF, 0xE0FF, 0xE0FF, 0xE0FF, 
  0xE0FF, 0xE0FF, 0xE0FF, 0xE0FF, 0xE0FF, 0xE0FF, 0xE0FF, 0xE0FF, 0xE0FF, 0xE0FF, 0xE0FF, 0xE0FF, 0xE0FF, 0xE0FF, 0xE0FF, 0xE0FF, 
  0xE0FF, 0xE0FF, 0xE0FF, 0xE0FF, 0xE0FF, 0xE0FF, 0xE0FF, 0xE0FF, 0xE0FF, 0xE0FF, 0xE0FF, 0xE0FF, 0xE0FF, 0xE0FF, 0xE0FF, 0xE0FF, 
  0xE0FF, 0xE0FF, 0xE0FF, 0xE0FF, 0xE0FF, 0xE0FF, 0xE0FF, 0xE0FF, 0xE0FF, 0xE0FF, 0xE0FF, 0xE0FF, 0xE0FF, 0xE0FF, 0xE0FF, 0xE0FF, 
  0xE0FF, 0xE0FF, 0xE0FF, 0xE0FF, 0xE0FF, 0xE0FF, 0xE0FF, 0xE0FF, 0xE0FF, 0xE0FF, 0xE0FF, 0xE0FF, 0xE0FF, 0xE0FF, 0xE0FF, 0xE0FF, 
  0xE0FF, 0xE0FF, 0xE0FF, 0xE0FF, 0xE0FF, 0xE0FF, 0xE0FF, 0xE0FF, 0xE0FF, 0xE0FF, 0xE0FF, 0xE0FF, 0xE0FF, 0xE0FF, 0xE0FF, 0xE0FF, 
  0xE0FF, 0xE0FF, 0xE0FF, 0xE0FF, 0xE0FF, 0xE0FF, 0xE0FF, 0xE0FF, 0xE0FF, 0xE0FF, 0xE0FF, 0xE0FF, 0xE0FF, 0xE0FF, 0xE0FF, 0xE0FF, 
  0xE0FF, 0xE0FF, 0xE0FF, 0xE0FF, 0xE0FF, 0xE0FF, 0xE0FF, 0xE0FF, 0xE0FF, 0xE0FF, 0xE0FF, 0xE0FF, 0xE0FF, 0xE0FF, 0xE0FF, 0xE0FF, 
  0xE0FF, 0xE0FF, 0xE0FF, 0xE0FF, 0xE0FF, 0xE0FF, 0xE0FF, 0xE0FF, 0xE0FF, 0xE0FF, 0xE0FF, 0xE0FF, 0xE0FF, 0xE0FF, 0xE0FF, 0xE0FF, 
  0xE0FF, 0xE0FF, 0xE0FF, 0xE0FF, 0xE0FF, 0xE0FF, 0xE0FF, 0xE0FF, 0xE0FF, 0xE0FF, 0xE0FF, 0xE0FF, 0xE0FF, 0xE0FF, 0xE0FF, 0xE0FF, 
  0xE0FF, 0xE0FF, 0xE0FF, 0xE0FF, 0xE0FF, 0xE0FF, 0xE0FF, 0xE0FF, 0xE0FF, 0xE0FF, 0xE0FF, 0xE0FF, 0xE0FF, 0xE0FF, 0xE0FF, 0xE0FF, 
  0xE0FF, 0xE0FF, 0xE0FF, 0xE0FF, 0xE0FF, 0xE0FF, 0xE0FF, 0xE0FF, 0xE0FF, 0xE0FF, 0xE0FF, 0xE0FF, 0xE0FF, 0xE0FF, 0xE0FF, 0xE0FF, 
  0xE0FF, 0xE0FF, 0xE0FF, 0xE0FF, 0xE0FF, 0xE0FF, 0xE0FF, 0xE0FF, 0xE0FF, 0xE0FF, 0xE0FF, 0xC0FF, 0xE0FF, 0xE0FF, 0xE0FF, 0xE0FF, 
  0xE0FF, 0xC0FF, 0xC0FF, 0xE0FF, 0xE0FF, 0xE0FF, 0xE0FF, 0xE0FF, 0xE0FF, 0xE0FF, 0xE0FF, 0xE0FF, 0xE0FF, 0xE0FF, 0xE0FF, 0xE0FF, 
  0xE0FF, 0xE0FF, 0xE0FF, 0xE0FF, 0xE0FF, 0xE0FF, 0xE0FF, 0xE0FF, 0xE0FF, 0xE0FF, 0xE0FF, 0xE0FF, 0xE0FF, 0xE0FF, 0xE0FF, 0xE0FF, 
  0xE0FF, 0xE0FF, 0xE0FF, 0xE0FF, 0xE0FF, 0xE0FF, 0xE0FF, 0xE0FF, 0xE0FF, 0xE0FF, 0xE0FF, 0xE0FF, 0xE0FF, 0xE0FF, 0xE0FF, 0xE0FF, 
  0xE0FF, 0xE0FF, 0xE0FF, 0xE0FF, 0xE0FF, 0xE0FF, 0xE0FF, 0xE0FF, 0xE0FF, 0xE0FF, 0xE0FF, 0xE0FF, 0xE0FF, 0xE0FF, 0xE0FF, 0xE0FF, 
  0xE0FF, 0xE0FF, 0xE0FF, 0xE0FF, 0xE0FF, 0xE0FF, 0xE0FF, 0xE0FF, 0xE0FF, 0xE0FF, 0xE0FF, 0xE0FF, 0xE0FF, 0xE0FF, 0xE0FF, 0xE0FF, 
  0xE0FF, 0xE0FF, 0xE0FF, 0xE0FF, 0xE0FF, 0xE0FF, 0xE0FF, 0xE0FF, 0xE0FF, 0xE0FF, 0xE0FF, 0xE0FF, 0xE0FF, 0xE0FF, 0xE0FF, 0xE0FF, 
  0xE0FF, 0xE0FF, 0xE0FF, 0xE0FF, 0xE0FF, 0xE0FF, 0xE0FF, 0xE0FF, 0xE0FF, 0xE0FF, 0xE0FF, 0xE0FF, 0xE0FF, 0xE0FF, 0xE0FF, 0xE0FF, 
  0xE0FF, 0xE0FF, 0xE0FF, 0xE0FF, 0xE0FF, 0xE0FF, 0xE0FF, 0xE0FF, 0xE0FF, 0xE0FF, 0xE0FF, 0xE0FF, 0xE0FF, 0xE0FF, 0xE0FF, 0xE0FF, 
  0xE0FF, 0xE0FF, 0xE0FF, 0xE0FF, 0xE0FF, 0xE0FF, 0xE0FF, 0xE0FF, 0xE0FF, 0xE0FF, 0xE0FF, 0xE0FF, 0xE0FF, 0xE0FF, 0xE0FF, 0xE0FF, 
  0xE0FF, 0xE0FF, 0xE0FF, 0xE0FF, 0xE0FF, 0xE0FF, 0xE0FF, 0xE0FF, 0xE0FF, 0xE0FF, 0xE0FF, 0xE0FF, 0xE0FF, 0xE0FF, 0xE0FF, 0xE0FF, 
  0xE0FF, 0xE0FF, 0xE0FF, 0xE0FF, 0xE0FF, 0xE0FF, 0xE0FF, 0xE0FF, 0xE0FF, 0xE0FF, 0xE0FF, 0xE0FF, 0xE0FF, 0xE0FF, 0xE0FF, 0xE0FF, 
  0xE0FF, 0xE0FF, 0xE0FF, 0xE0FF, 0xE0FF, 0xE0FF, 0xE0FF, 0xE0FF, 0xE0FF, 0xE0FF, 0xE0FF, 0xE0FF, 0xE0FF, 0xE0FF, 0xE0FF, 0xE0FF, 
  0xE0FF, 0xE0FF, 0xE0FF, 0xE0FF, 0xE0FF, 0xE0FF, 0xE0FF, 0xE0FF, 0xE0FF, 0xE0FF, 0xE0FF, 0xE0FF, 0xE0FF, 0xE0FF, 0xE0FF, 0xE0FF, 
  0xE0FF, 0xE0FF, 0xE0FF, 0xE0FF, 0xE0FF, 0xE0FF, 0xE0FF, 0xE0FF, 0xE0FF, 0xE0FF, 0xE0FF, 0xE0FF, 0xE0FF, 0xE0FF, 0xE0FF, 0xE0FF, 
  0xE0FF, 0xE0FF, 0xE0FF, 0xE0FF, 0xC0FF, 0xC0FF, 0xC0FF, 0xC0FF, 0xE0FF, 0xE0FF, 0xE0FF, 0xE0FF, 0xE0FF, 0xE0FF, 0xE0FF, 0xE0FF, 
  0xE0FF, 0xE0FF, 0xE0FF, 0xE0FF, 0xE0FF, 0xE0FF, 0xE0FF, 0xE0FF, 0xE0FF, 0xE0FF, 0xE0FF, 0xE0FF, 0xE0FF, 0xE0FF, 0xE0FF, 0xE0FF, 
  0xE0FF, 0xE0FF, 0xE0FF, 0xE0FF, 0xE0FF, 0xE0FF, 0xE0FF, 0xE0FF, 0xE0FF, 0xE0FF, 0xE0FF, 0xE0FF, 0xE0FF, 0xE0FF, 0xE0FF, 0xE0FF, 
  0xE0FF, 0xE0FF, 0xE0FF, 0xE0FF, 0xE0FF, 0xE0FF, 0xE0FF, 0xE0FF, 0xE0FF, 0xE0FF, 0xE0FF, 0xE0FF, 0xE0FF, 0xE0FF, 0xE0FF, 0xE0FF, 
  0xE0FF, 0xE0FF, 0xE0FF, 0xE0FF, 0xE0FF, 0xE0FF, 0xE0FF, 0xE0FF, 0xE0FF, 0xE0FF, 0xE0FF, 0xE0FF, 0xE0FF, 0xE0FF, 0xE0FF, 0xE0FF, 
  0xE0FF, 0xE0FF, 0xE0FF, 0xE0FF, 0xE0FF, 0xE0FF, 0xE0FF, 0xE0FF, 0xE0FF, 0xE0FF, 0xE0FF, 0xE0FF, 0xE0FF, 0xE0FF, 0xE0FF, 0xE0FF, 
  0xE0FF, 0xE0FF, 0xE0FF, 0xE0FF, 0xE0FF, 0xE0FF, 0xE0FF, 0xE0FF, 0xE0FF, 0xE0FF, 0xE0FF, 0xE0FF, 0xE0FF, 0xE0FF, 0xE0FF, 0xE0FF, 
  0xE0FF, 0xE0FF, 0xE0FF, 0xE0FF, 0xE0FF, 0xE0FF, 0xE0FF, 0xE0FF, 0xE0FF, 0xE0FF, 0xE0FF, 0xE0FF, 0xE0FF, 0xE0FF, 0xE0FF, 0xE0FF, 
  0xE0FF, 0xE0FF, 0xE0FF, 0xE0FF, 0xE0FF, 0xE0FF, 0xE0FF, 0xE0FF, 0xE0FF, 0xE0FF, 0xE0FF, 0xE0FF, 0xE0FF, 0xE0FF, 0xE0FF, 0xE0FF, 
  0xE0FF, 0xE0FF, 0xE0FF, 0xE0FF, 0xE0FF, 0xE0FF, 0xE0FF, 0xE0FF, 0xE0FF, 0xE0FF, 0xE0FF, 0xE0FF, 0xE0FF, 0xE0FF, 0xE0FF, 0xE0FF, 
  0xE0FF, 0xE0FF, 0xE0FF, 0xE0FF, 0xE0FF, 0xE0FF, 0xE0FF, 0xE0FF, 0xE0FF, 0xE0FF, 0xE0FF, 0xE0FF, 0xE0FF, 0xE0FF, 0xE0FF, 0xE0FF, 
  0xE0FF, 0xE0FF, 0xE0FF, 0xE0FF, 0xE0FF, 0xE0FF, 0xE0FF, 0xE0FF, 0xE0FF, 0xE0FF, 0xE0FF, 0xE0FF, 0xE0FF, 0xE0FF, 0xE0FF, 0xE0FF, 
  0xE0FF, 0xE0FF, 0xE0FF, 0xE0FF, 0xE0FF, 0xE0FF, 0xE0FF, 0xE0FF, 0xE0FF, 0xE0FF, 0xE0FF, 0xE0FF, 0xE0FF, 0xE0FF, 0xE0FF, 0xE0FF, 
  0xE0FF, 0xE0FF, 0xE0FF, 0xE0FF, 0xE0FF, 0xE0FF, 0xE0FF, 0xE0FF, 0xE0FF, 0xE0FF, 0xE0FF, 0xE0FF, 0xE0FF, 0xE0FF, 0xE0FF, 0xE0FF, 
  0xE0FF, 0xE0FF, 0xE0FF, 0xE0FF, 0xE0FF, 0xE0FF, 0xE0FF, 0xE0FF, 0xE0FF, 0xE0FF, 0xE0FF, 0xE0FF, 0xE0FF, 0xE0FF, 0xE0FF, 0xE0FF, 
  0xE0FF, 0xC0FF, 0xC0FF, 0xC0FF, 0xC0FF, 0xE2F7, 0xE5F7, 0xE5F7, 0x44E7, 0x24E7, 0x25EF, 0x45E7, 0x44E7, 0x84E7, 0xE4EF, 0xE0F7, 
  0xC0FF, 0xE1F7, 0xE2F7, 0xE1FF, 0xC0FF, 0xE0FF, 0xE0FF, 0xE0FF, 0xE0FF, 0xE0FF, 0xE0FF, 0xE0FF, 0xE0FF, 0xE0FF, 0xE0FF, 0xE0FF, 
  0xE0FF, 0xE0FF, 0xE0FF, 0xE0FF, 0xE0FF, 0xE0FF, 0xE0FF, 0xE0FF, 0xE0FF, 0xE0FF, 0xE0FF, 0xE0FF, 0xE0FF, 0xE0FF, 0xE0FF, 0xE0FF, 
  0xE0FF, 0xE0FF, 0xE0FF, 0xE0FF, 0xE0FF, 0xE0FF, 0xE0FF, 0xE0FF, 0xE0FF, 0xE0FF, 0xE0FF, 0xE0FF, 0xE0FF, 0xE0FF, 0xE0FF, 0xE0FF, 
  0xE0FF, 0xE0FF, 0xE0FF, 0xE0FF, 0xE0FF, 0xE0FF, 0xE0FF, 0xE0FF, 0xE0FF, 0xE0FF, 0xE0FF, 0xE0FF, 0xE0FF, 0xE0FF, 0xE0FF, 0xE0FF, 
  0xE0FF, 0xE0FF, 0xE0FF, 0xE0FF, 0xE0FF, 0xE0FF, 0xE0FF, 0xE0FF, 0xE0FF, 0xE0FF, 0xE0FF, 0xE0FF, 0xE0FF, 0xE0FF, 0xE0FF, 0xE0FF, 
  0xE0FF, 0xE0FF, 0xE0FF, 0xE0FF, 0xE0FF, 0xE0FF, 0xE0FF, 0xE0FF, 0xE0FF, 0xE0FF, 0xE0FF, 0xE0FF, 0xE0FF, 0xE0FF, 0xE0FF, 0xE0FF, 
  0xE0FF, 0xE0FF, 0xE0FF, 0xE0FF, 0xE0FF, 0xE0FF, 0xE0FF, 0xE0FF, 0xE0FF, 0xE0FF, 0xE0FF, 0xE0FF, 0xE0FF, 0xE0FF, 0xE0FF, 0xE0FF, 
  0xE0FF, 0xE0FF, 0xE0FF, 0xE0FF, 0xE0FF, 0xE0FF, 0xE0FF, 0xE0FF, 0xE0FF, 0xE0FF, 0xE0FF, 0xE0FF, 0xE0FF, 0xE0FF, 0xE0FF, 0xE0FF, 
  0xE0FF, 0xE0FF, 0xE0FF, 0xE0FF, 0xE0FF, 0xE0FF, 0xE0FF, 0xE0FF, 0xE0FF, 0xE0FF, 0xE0FF, 0xE0FF, 0xE0FF, 0xE0FF, 0xE0FF, 0xE0FF, 
  0xE0FF, 0xE0FF, 0xE0FF, 0xE0FF, 0xE0FF, 0xE0FF, 0xE0FF, 0xE0FF, 0xE0FF, 0xE0FF, 0xE0FF, 0xE0FF, 0xE0FF, 0xE0FF, 0xE0FF, 0xE0FF, 
  0xE0FF, 0xE0FF, 0xE0FF, 0xE0FF, 0xE0FF, 0xE0FF, 0xE0FF, 0xE0FF, 0xE0FF, 0xE0FF, 0xE0FF, 0xE0FF, 0xE0FF, 0xE0FF, 0xE0FF, 0xE0FF, 
  0xE0FF, 0xE0FF, 0xE0FF, 0xE0FF, 0xE0FF, 0xE0FF, 0xE0FF, 0xE0FF, 0xE0FF, 0xE0FF, 0xE0FF, 0xE0FF, 0xE0FF, 0xE0FF, 0xE0FF, 0xE0FF, 
  0xE0FF, 0xE0FF, 0xE0FF, 0xE0FF, 0xE0FF, 0xE0FF, 0xE0FF, 0xE0FF, 0xE0FF, 0xE0FF, 0xE0FF, 0xE0FF, 0xE0FF, 0xE0FF, 0xE0FF, 0xE0FF, 
  0xE0FF, 0xE0FF, 0xE0FF, 0xE0FF, 0xE0FF, 0xE0FF, 0xE0FF, 0xE0FF, 0xE0FF, 0xC0FF, 0xC0FF, 0xC0FF, 0xC0FF, 0xC0FF, 0xE0FF, 0xE0FF, 
  0xE1FF, 0xE2FF, 0xE3FF, 0xE3FF, 0xE4FF, 0xA9D7, 0x6C96, 0x696C, 0x475B, 0xE652, 0xC64A, 0xC652, 0x654A, 0x2864, 0xEEC7, 0xD0F7, 
  0xCEFF, 0xEBDF, 0xCABF, 0xC6EF, 0xE2FF, 0xE1FF, 0xE0FF, 0xE0FF, 0xC0FF, 0xC0FF, 0xC0FF, 0xE0FF, 0xE0FF, 0xE0FF, 0xE0FF, 0xE0FF, 
  0xE0FF, 0xE0FF, 0xE0FF, 0xE0FF, 0xE0FF, 0xE0FF, 0xE0FF, 0xE0FF, 0xE0FF, 0xE0FF, 0xC0FF, 0xE0FF, 0xE0FF, 0xE0FF, 0xE0FF, 0xE0FF, 
  0xE0FF, 0xE0FF, 0xE0FF, 0xE0FF, 0xE0FF, 0xE0FF, 0xE0FF, 0xE0FF, 0xE0FF, 0xE0FF, 0xE0FF, 0xE0FF, 0xE0FF, 0xE0FF, 0xE0FF, 0xE0FF, 
  0xE0FF, 0xE0FF, 0xE0FF, 0xE0FF, 0xE0FF, 0xE0FF, 0xE0FF, 0xE0FF, 0xE0FF, 0xE0FF, 0xE0FF, 0xE0FF, 0xE0FF, 0xE0FF, 0xE0FF, 0xE0FF, 
  0xE0FF, 0xE0FF, 0xE0FF, 0xE0FF, 0xE0FF, 0xE0FF, 0xE0FF, 0xE0FF, 0xE0FF, 0xE0FF, 0xE0FF, 0xE0FF, 0xE0FF, 0xE0FF, 0xE0FF, 0xE0FF, 
  0xE0FF, 0xE0FF, 0xE0FF, 0xE0FF, 0xE0FF, 0xE0FF, 0xE0FF, 0xE0FF, 0xE0FF, 0xE0FF, 0xE0FF, 0xE0FF, 0xE0FF, 0xE0FF, 0xE0FF, 0xE0FF, 
  0xE0FF, 0xE0FF, 0xE0FF, 0xE0FF, 0xE0FF, 0xE0FF, 0xE0FF, 0xE0FF, 0xE0FF, 0xE0FF, 0xE0FF, 0xE0FF, 0xE0FF, 0xE0FF, 0xE0FF, 0xE0FF, 
  0xE0FF, 0xE0FF, 0xE0FF, 0xE0FF, 0xE0FF, 0xE0FF, 0xE0FF, 0xE0FF, 0xE0FF, 0xE0FF, 0xE0FF, 0xE0FF, 0xE0FF, 0xE0FF, 0xE0FF, 0xE0FF, 
  0xE0FF, 0xE0FF, 0xE0FF, 0xE0FF, 0xE0FF, 0xE0FF, 0xE0FF, 0xE0FF, 0xE0FF, 0xE0FF, 0xE0FF, 0xE0FF, 0xE0FF, 0xE0FF, 0xE0FF, 0xE0FF, 
  0xE0FF, 0xE0FF, 0xE0FF, 0xE0FF, 0xE0FF, 0xE0FF, 0xE0FF, 0xE0FF, 0xE0FF, 0xE0FF, 0xE0FF, 0xE0FF, 0xE0FF, 0xE0FF, 0xE0FF, 0xE0FF, 
  0xE0FF, 0xE0FF, 0xE0FF, 0xE0FF, 0xE0FF, 0xE0FF, 0xE0FF, 0xE0FF, 0xE0FF, 0xE0FF, 0xE0FF, 0xE0FF, 0xE0FF, 0xE0FF, 0xE0FF, 0xE0FF, 
  0xE0FF, 0xE0FF, 0xE0FF, 0xE0FF, 0xE0FF, 0xE0FF, 0xE0FF, 0xE0FF, 0xE0FF, 0xE0FF, 0xE0FF, 0xE0FF, 0xE0FF, 0xE0FF, 0xE0FF, 0xE0FF, 
  0xE0FF, 0xE0FF, 0xE0FF, 0xE0FF, 0xE0FF, 0xE0FF, 0xE0FF, 0xE0FF, 0xE0FF, 0xE0FF, 0xE0FF, 0xE0FF, 0xE0FF, 0xE0FF, 0xE0FF, 0xE0FF, 
  0xE0FF, 0xE0FF, 0xE0FF, 0xE0FF, 0xE0FF, 0xC0FF, 0xC0FF, 0xC0FF, 0xC0FF, 0xE0FF, 0xE2FF, 0xE3FF, 0xE5F7, 0xE8F7, 0xA9DF, 0x28CF, 
  0xC9B6, 0x699E, 0x2B96, 0x4A85, 0xE86B, 0x2853, 0x673A, 0x6942, 0xA94A, 0x8942, 0x693A, 0x4942, 0xE731, 0x0B65, 0xF3BF, 0xFEF7, 
  0xFFFF, 0xD3CF, 0xCD97, 0xEFAF, 0x4CAF, 0x2BB7, 0xCAD7, 0xE8E7, 0xE6F7, 0xE3FF, 0xE2FF, 0xE1FF, 0xE0FF, 0xC0FF, 0xC0FF, 0xC0FF, 
  0xC0FF, 0xE0FF, 0xE0FF, 0xC0FF, 0xE0FF, 0xE0FF, 0xE0FF, 0xC0FF, 0xC0FF, 0xC0FF, 0xE0FF, 0xE0FF, 0xE0FF, 0xE0FF, 0xE0FF, 0xE0FF, 
  0xE0FF, 0xE0FF, 0xE0FF, 0xE0FF, 0xE0FF, 0xE0FF, 0xE0FF, 0xE0FF, 0xE0FF, 0xE0FF, 0xE0FF, 0xE0FF, 0xE0FF, 0xE0FF, 0xE0FF, 0xE0FF, 
  0xE0FF, 0xE0FF, 0xE0FF, 0xE0FF, 0xE0FF, 0xE0FF, 0xE0FF, 0xE0FF, 0xE0FF, 0xE0FF, 0xE0FF, 0xE0FF, 0xE0FF, 0xE0FF, 0xE0FF, 0xE0FF, 
  0xE0FF, 0xE0FF, 0xE0FF, 0xE0FF, 0xE0FF, 0xE0FF, 0xE0FF, 0xE0FF, 0xE0FF, 0xE0FF, 0xE0FF, 0xE0FF, 0xE0FF, 0xE0FF, 0xE0FF, 0xE0FF, 
  0xE0FF, 0xE0FF, 0xE0FF, 0xE0FF, 0xE0FF, 0xE0FF, 0xE0FF, 0xE0FF, 0xE0FF, 0xE0FF, 0xE0FF, 0xE0FF, 0xE0FF, 0xE0FF, 0xE0FF, 0xE0FF, 
  0xE0FF, 0xE0FF, 0xE0FF, 0xE0FF, 0xE0FF, 0xE0FF, 0xE0FF, 0xE0FF, 0xE0FF, 0xE0FF, 0xE0FF, 0xE0FF, 0xE0FF, 0xE0FF, 0xE0FF, 0xE0FF, 
  0xE0FF, 0xE0FF, 0xE0FF, 0xE0FF, 0xE0FF, 0xE0FF, 0xE0FF, 0xE0FF, 0xE0FF, 0xE0FF, 0xE0FF, 0xE0FF, 0xE0FF, 0xE0FF, 0xE0FF, 0xE0FF, 
  0xE0FF, 0xE0FF, 0xE0FF, 0xE0FF, 0xE0FF, 0xE0FF, 0xE0FF, 0xE0FF, 0xE0FF, 0xE0FF, 0xE0FF, 0xE0FF, 0xE0FF, 0xE0FF, 0xE0FF, 0xE0FF, 
  0xE0FF, 0xE0FF, 0xE0FF, 0xE0FF, 0xE0FF, 0xE0FF, 0xE0FF, 0xE0FF, 0xE0FF, 0xE0FF, 0xE0FF, 0xE0FF, 0xE0FF, 0xE0FF, 0xE0FF, 0xE0FF, 
  0xE0FF, 0xE0FF, 0xE0FF, 0xE0FF, 0xE0FF, 0xE0FF, 0xE0FF, 0xE0FF, 0xE0FF, 0xE0FF, 0xE0FF, 0xE0FF, 0xE0FF, 0xE0FF, 0xE0FF, 0xE0FF, 
  0xE0FF, 0xE0FF, 0xE0FF, 0xE0FF, 0xE0FF, 0xE0FF, 0xE0FF, 0xE0FF, 0xE0FF, 0xE0FF, 0xE0FF, 0xE0FF, 0xE0FF, 0xE0FF, 0xE0FF, 0xE0FF, 
  0xE0FF, 0xE0FF, 0xE0FF, 0xE0FF, 0xE0FF, 0xE0FF, 0xE0FF, 0xE0FF, 0xE0FF, 0xE0FF, 0xE0FF, 0xE0FF, 0xE0FF, 0xC0FF, 0xE0FF, 0xE0FF, 
  0xE0FF, 0xE0FF, 0xC0FF, 0xC0FF, 0xC0FF, 0xE2FF, 0xE4F7, 0xE6EF, 0xE8E7, 0x69CF, 0x8AB6, 0x298D, 0x486C, 0xE95B, 0x294B, 0xC842, 
  0xE94A, 0xA942, 0x483A, 0x4842, 0xE731, 0x073A, 0x2842, 0x684A, 0x4842, 0xAC63, 0x2B53, 0xEB5A, 0x0843, 0xAD86, 0xF7DF, 0xFFFF, 
  0xFDFF, 0xD0AF, 0xF1A7, 0x6C6D, 0x8732, 0xC842, 0xAA53, 0x4964, 0x2A7D, 0x0B96, 0x2AA6, 0xCAC6, 0x68D7, 0xE6E7, 0xE5F7, 0xE3FF, 
  0xE1FF, 0xE0FF, 0xC0FF, 0xC0FF, 0xC0FF, 0xE0FF, 0xC0FF, 0xC0FF, 0xE0FF, 0xE0FF, 0xE0FF, 0xE0FF, 0xE0FF, 0xE0FF, 0xE0FF, 0xE0FF, 
  0xE0FF, 0xE0FF, 0xE0FF, 0xE0FF, 0xE0FF, 0xE0FF, 0xE0FF, 0xE0FF, 0xE0FF, 0xE0FF, 0xE0FF, 0xE0FF, 0xE0FF, 0xE0FF, 0xE0FF, 0xE0FF, 
  0xE0FF, 0xE0FF, 0xE0FF, 0xE0FF, 0xE0FF, 0xE0FF, 0xE0FF, 0xE0FF, 0xE0FF, 0xE0FF, 0xE0FF, 0xE0FF, 0xE0FF, 0xE0FF, 0xE0FF, 0xE0FF, 
  0xE0FF, 0xE0FF, 0xE0FF, 0xE0FF, 0xE0FF, 0xE0FF, 0xE0FF, 0xE0FF, 0xE0FF, 0xE0FF, 0xE0FF, 0xE0FF, 0xE0FF, 0xE0FF, 0xE0FF, 0xE0FF, 
  0xE0FF, 0xE0FF, 0xE0FF, 0xE0FF, 0xE0FF, 0xE0FF, 0xE0FF, 0xE0FF, 0xE0FF, 0xE0FF, 0xE0FF, 0xE0FF, 0xE0FF, 0xE0FF, 0xE0FF, 0xE0FF, 
  0xE0FF, 0xE0FF, 0xE0FF, 0xE0FF, 0xE0FF, 0xE0FF, 0xE0FF, 0xE0FF, 0xE0FF, 0xE0FF, 0xE0FF, 0xE0FF, 0xE0FF, 0xE0FF, 0xE0FF, 0xE0FF, 
  0xE0FF, 0xE0FF, 0xE0FF, 0xE0FF, 0xE0FF, 0xE0FF, 0xE0FF, 0xE0FF, 0xE0FF, 0xE0FF, 0xE0FF, 0xE0FF, 0xE0FF, 0xE0FF, 0xE0FF, 0xE0FF, 
  0xE0FF, 0xE0FF, 0xE0FF, 0xE0FF, 0xE0FF, 0xE0FF, 0xE0FF, 0xE0FF, 0xE0FF, 0xE0FF, 0xE0FF, 0xE0FF, 0xE0FF, 0xE0FF, 0xE0FF, 0xE0FF, 
  0xE0FF, 0xE0FF, 0xE0FF, 0xE0FF, 0xE0FF, 0xE0FF, 0xE0FF, 0xE0FF, 0xE0FF, 0xE0FF, 0xE0FF, 0xE0FF, 0xE0FF, 0xE0FF, 0xE0FF, 0xE0FF, 
  0xE0FF, 0xE0FF, 0xE0FF, 0xE0FF, 0xE0FF, 0xE0FF, 0xE0FF, 0xE0FF, 0xE0FF, 0xE0FF, 0xE0FF, 0xE0FF, 0xE0FF, 0xE0FF, 0xE0FF, 0xE0FF, 
  0xE0FF, 0xE0FF, 0xE0FF, 0xE0FF, 0xE0FF, 0xE0FF, 0xE0FF, 0xE0FF, 0xE0FF, 0xE0FF, 0xE0FF, 0xE0FF, 0xE0FF, 0xE0FF, 0xE0FF, 0xE0FF, 
  0xE0FF, 0xE0FF, 0xE0FF, 0xE0FF, 0xE0FF, 0xE0FF, 0xE0FF, 0xE0FF, 0xE0FF, 0xE0FF, 0xC0FF, 0xE0FF, 0xE0FF, 0xE0FF, 0xE0FF, 0xE0FF, 
  0xC0FF, 0xE0FF, 0xE3FF, 0xE6EF, 0xE9D7, 0x8BB7, 0x8B9E, 0x4A7D, 0xEA5B, 0xA842, 0x683A, 0x683A, 0x4742, 0x2842, 0x6942, 0x4842, 
  0x4A5B, 0xAB63, 0x294B, 0xAB5B, 0x6842, 0x4942, 0x694A, 0x8942, 0xA942, 0x694B, 0xE942, 0x2842, 0xC94B, 0xD0AF, 0xFBF7, 0xDFFF, 
  0xD9DF, 0xEF9F, 0x2E86, 0x6842, 0x694A, 0x894A, 0x694A, 0xE739, 0xC731, 0x473A, 0x2632, 0x8832, 0x0843, 0xCA63, 0x286C, 0x298D, 
  0x49AE, 0x28CF, 0xC6E7, 0xE3FF, 0xE2FF, 0xE1FF, 0xE0FF, 0xE0FF, 0xC0FF, 0xC0FF, 0xE0FF, 0xE0FF, 0xE0FF, 0xE0FF, 0xE0FF, 0xE0FF, 
  0xE0FF, 0xE0FF, 0xE0FF, 0xE0FF, 0xE0FF, 0xE0FF, 0xE0FF, 0xE0FF, 0xE0FF, 0xE0FF, 0xE0FF, 0xE0FF, 0xE0FF, 0xE0FF, 0xE0FF, 0xE0FF, 
  0xE0FF, 0xE0FF, 0xE0FF, 0xE0FF, 0xE0FF, 0xE0FF, 0xE0FF, 0xE0FF, 0xE0FF, 0xE0FF, 0xE0FF, 0xE0FF, 0xE0FF, 0xE0FF, 0xE0FF, 0xE0FF, 
  0xE0FF, 0xE0FF, 0xE0FF, 0xE0FF, 0xE0FF, 0xE0FF, 0xE0FF, 0xE0FF, 0xE0FF, 0xE0FF, 0xE0FF, 0xE0FF, 0xE0FF, 0xE0FF, 0xE0FF, 0xE0FF, 
  0xE0FF, 0xE0FF, 0xE0FF, 0xE0FF, 0xE0FF, 0xE0FF, 0xE0FF, 0xE0FF, 0xE0FF, 0xE0FF, 0xE0FF, 0xE0FF, 0xE0FF, 0xE0FF, 0xE0FF, 0xE0FF, 
  0xE0FF, 0xE0FF, 0xE0FF, 0xE0FF, 0xE0FF, 0xE0FF, 0xE0FF, 0xE0FF, 0xE0FF, 0xE0FF, 0xE0FF, 0xE0FF, 0xE0FF, 0xE0FF, 0xE0FF, 0xE0FF, 
  0xE0FF, 0xE0FF, 0xE0FF, 0xE0FF, 0xE0FF, 0xE0FF, 0xE0FF, 0xE0FF, 0xE0FF, 0xE0FF, 0xE0FF, 0xE0FF, 0xE0FF, 0xE0FF, 0xE0FF, 0xE0FF, 
  0xE0FF, 0xE0FF, 0xE0FF, 0xE0FF, 0xE0FF, 0xE0FF, 0xE0FF, 0xE0FF, 0xE0FF, 0xE0FF, 0xE0FF, 0xE0FF, 0xE0FF, 0xE0FF, 0xE0FF, 0xE0FF, 
  0xE0FF, 0xE0FF, 0xE0FF, 0xE0FF, 0xE0FF, 0xE0FF, 0xE0FF, 0xE0FF, 0xE0FF, 0xE0FF, 0xE0FF, 0xE0FF, 0xE0FF, 0xE0FF, 0xE0FF, 0xE0FF, 
  0xE0FF, 0xE0FF, 0xE0FF, 0xE0FF, 0xE0FF, 0xE0FF, 0xE0FF, 0xE0FF, 0xE0FF, 0xE0FF, 0xE0FF, 0xE0FF, 0xE0FF, 0xE0FF, 0xE0FF, 0xE0FF, 
  0xE0FF, 0xE0FF, 0xE0FF, 0xE0FF, 0xE0FF, 0xE0FF, 0xE0FF, 0xE0FF, 0xE0FF, 0xE0FF, 0xE0FF, 0xE0FF, 0xE0FF, 0xE0FF, 0xE0FF, 0xE0FF, 
  0xE0FF, 0xE0FF, 0xE0FF, 0xE0FF, 0xE0FF, 0xE0FF, 0xE0FF, 0xE0FF, 0xE0FF, 0xE0FF, 0xE0FF, 0xE0FF, 0xE0FF, 0xE0FF, 0xC0FF, 0xE1FF, 
  0xE3EF, 0xE8E7, 0x2BB7, 0xEC85, 0x2A5C, 0xE842, 0xA842, 0x8842, 0x483A, 0x483A, 0x4B5B, 0x0A53, 0x094B, 0x094B, 0x2B53, 0xCA4A, 
  0xEA4A, 0x8842, 0x4942, 0xEA4A, 0x4A53, 0xA94A, 0x284A, 0x694A, 0xEA4A, 0xCE74, 0x6B5B, 0x2732, 0x6C75, 0xF6D7, 0xDEFF, 0xFEFF, 
  0xF3BF, 0xAE97, 0x084B, 0x6842, 0xEA52, 0x4842, 0x884A, 0x6842, 0x4942, 0x894A, 0x2842, 0x2842, 0x6952, 0x4842, 0xC739, 0xC731, 
  0x0732, 0x294B, 0xA953, 0xA86C, 0xE895, 0xC8B6, 0xA9DF, 0xE7F7, 0xE4FF, 0xE1FF, 0xE0FF, 0xC0FF, 0xC0FF, 0xE0FF, 0xE0FF, 0xE0FF, 
  0xE0FF, 0xE0FF, 0xE0FF, 0xE0FF, 0xE0FF, 0xE0FF, 0xE0FF, 0xE0FF, 0xE0FF, 0xE0FF, 0xE0FF, 0xE0FF, 0xE0FF, 0xE0FF, 0xE0FF, 0xE0FF, 
  0xE0FF, 0xE0FF, 0xE0FF, 0xE0FF, 0xE0FF, 0xE0FF, 0xE0FF, 0xE0FF, 0xE0FF, 0xE0FF, 0xE0FF, 0xE0FF, 0xE0FF, 0xE0FF, 0xE0FF, 0xE0FF, 
  0xE0FF, 0xE0FF, 0xE0FF, 0xE0FF, 0xE0FF, 0xE0FF, 0xE0FF, 0xE0FF, 0xE0FF, 0xE0FF, 0xE0FF, 0xE0FF, 0xE0FF, 0xE0FF, 0xE0FF, 0xE0FF, 
  0xE0FF, 0xE0FF, 0xE0FF, 0xE0FF, 0xE0FF, 0xE0FF, 0xE0FF, 0xE0FF, 0xE0FF, 0xE0FF, 0xE0FF, 0xE0FF, 0xE0FF, 0xE0FF, 0xE0FF, 0xE0FF, 
  0xE0FF, 0xE0FF, 0xE0FF, 0xE0FF, 0xE0FF, 0xE0FF, 0xE0FF, 0xE0FF, 0xE0FF, 0xE0FF, 0xE0FF, 0xE0FF, 0xE0FF, 0xE0FF, 0xE0FF, 0xE0FF, 
  0xE0FF, 0xE0FF, 0xE0FF, 0xE0FF, 0xE0FF, 0xE0FF, 0xE0FF, 0xE0FF, 0xE0FF, 0xE0FF, 0xE0FF, 0xE0FF, 0xE0FF, 0xE0FF, 0xE0FF, 0xE0FF, 
  0xE0FF, 0xE0FF, 0xE0FF, 0xE0FF, 0xE0FF, 0xE0FF, 0xE0FF, 0xE0FF, 0xE0FF, 0xE0FF, 0xE0FF, 0xE0FF, 0xE0FF, 0xE0FF, 0xE0FF, 0xE0FF, 
  0xE0FF, 0xE0FF, 0xE0FF, 0xE0FF, 0xE0FF, 0xE0FF, 0xE0FF, 0xE0FF, 0xE0FF, 0xE0FF, 0xE0FF, 0xE0FF, 0xE0FF, 0xE0FF, 0xE0FF, 0xE0FF, 
  0xE0FF, 0xE0FF, 0xE0FF, 0xE0FF, 0xE0FF, 0xE0FF, 0xE0FF, 0xE0FF, 0xE0FF, 0xE0FF, 0xE0FF, 0xE0FF, 0xE0FF, 0xE0FF, 0xE0FF, 0xE0FF, 
  0xE0FF, 0xE0FF, 0xE0FF, 0xE0FF, 0xE0FF, 0xE0FF, 0xE0FF, 0xE0FF, 0xE0FF, 0xE0FF, 0xE0FF, 0xE0FF, 0xE0FF, 0xE0FF, 0xE0FF, 0xE0FF, 
  0xE0FF, 0xE0FF, 0xE0FF, 0xE0FF, 0xE0FF, 0xE0FF, 0xE0FF, 0xE0FF, 0xE0FF, 0xE0FF, 0xE0FF, 0xE0FF, 0xE0FF, 0xC0FF, 0xE4EF, 0xE9CF, 
  0xAEB7, 0x4B6D, 0x694B, 0xCA42, 0x483A, 0x684A, 0xCA52, 0xAA4A, 0xAA4A, 0xA94A, 0x6842, 0x6842, 0x694A, 0x894A, 0xA942, 0xEA4A, 
  0xEB4A, 0xCA4A, 0x8842, 0xC94A, 0x0A4B, 0x4B53, 0xE94A, 0x894A, 0x8842, 0x0A4B, 0xA94A, 0xE742, 0x10A7, 0xFBEF, 0xFFFF, 0xFBEF, 
  0xEFAF, 0x2C6D, 0x8942, 0xA94A, 0xCA4A, 0x8942, 0xC94A, 0x473A, 0x4842, 0x2842, 0x894A, 0xC94A, 0x884A, 0x2842, 0x894A, 0x2A53, 
  0x6B5B, 0xCA52, 0x073A, 0x6942, 0xEA4A, 0x8842, 0x4A53, 0x296C, 0x898D, 0x0ABF, 0xEADF, 0xE7F7, 0xE2FF, 0xC0FF, 0xC0FF, 0xE0FF, 
  0xE0FF, 0xE0FF, 0xE0FF, 0xE0FF, 0xE0FF, 0xE0FF, 0xE0FF, 0xE0FF, 0xE0FF, 0xE0FF, 0xE0FF, 0xE0FF, 0xE0FF, 0xE0FF, 0xE0FF, 0xE0FF, 
  0xE0FF, 0xE0FF, 0xE0FF, 0xE0FF, 0xE0FF, 0xE0FF, 0xE0FF, 0xE0FF, 0xE0FF, 0xE0FF, 0xE0FF, 0xE0FF, 0xE0FF, 0xE0FF, 0xE0FF, 0xE0FF, 
  0xE0FF, 0xE0FF, 0xE0FF, 0xE0FF, 0xE0FF, 0xE0FF, 0xE0FF, 0xE0FF, 0xE0FF, 0xE0FF, 0xE0FF, 0xE0FF, 0xE0FF, 0xE0FF, 0xE0FF, 0xE0FF, 
  0xE0FF, 0xE0FF, 0xE0FF, 0xE0FF, 0xE0FF, 0xE0FF, 0xE0FF, 0xE0FF, 0xE0FF, 0xE0FF, 0xE0FF, 0xE0FF, 0xE0FF, 0xE0FF, 0xE0FF, 0xE0FF, 
  0xE0FF, 0xE0FF, 0xE0FF, 0xE0FF, 0xE0FF, 0xE0FF, 0xE0FF, 0xE0FF, 0xE0FF, 0xE0FF, 0xE0FF, 0xE0FF, 0xE0FF, 0xE0FF, 0xE0FF, 0xE0FF, 
  0xE0FF, 0xE0FF, 0xE0FF, 0xE0FF, 0xE0FF, 0xE0FF, 0xE0FF, 0xE0FF, 0xE0FF, 0xE0FF, 0xE0FF, 0xE0FF, 0xE0FF, 0xE0FF, 0xE0FF, 0xE0FF, 
  0xE0FF, 0xE0FF, 0xE0FF, 0xE0FF, 0xE0FF, 0xE0FF, 0xE0FF, 0xE0FF, 0xE0FF, 0xE0FF, 0xE0FF, 0xE0FF, 0xE0FF, 0xE0FF, 0xE0FF, 0xE0FF, 
  0xE0FF, 0xE0FF, 0xE0FF, 0xE0FF, 0xE0FF, 0xE0FF, 0xE0FF, 0xE0FF, 0xE0FF, 0xE0FF, 0xE0FF, 0xE0FF, 0xE0FF, 0xE0FF, 0xE0FF, 0xE0FF, 
  0xE0FF, 0xE0FF, 0xE0FF, 0xE0FF, 0xE0FF, 0xE0FF, 0xE0FF, 0xE0FF, 0xE0FF, 0xE0FF, 0xE0FF, 0xE0FF, 0xE0FF, 0xE0FF, 0xE0FF, 0xE0FF, 
  0xE0FF, 0xE0FF, 0xE0FF, 0xE0FF, 0xE0FF, 0xE0FF, 0xE0FF, 0xE0FF, 0xE0FF, 0xE0FF, 0xE0FF, 0xE0FF, 0xE0FF, 0xE0FF, 0xE0FF, 0xE0FF, 
  0xE0FF, 0xE0FF, 0xE0FF, 0xE0FF, 0xE0FF, 0xE0FF, 0xE0FF, 0xE0FF, 0xE0FF, 0xE0FF, 0xC0FF, 0xC1FF, 0xE3F7, 0xE8CF, 0xECA7, 0xF097, 
  0x2B5C, 0x2843, 0xEB53, 0xAD63, 0xEA52, 0xEB4A, 0xE94A, 0xC94A, 0xA84A, 0x694A, 0x4942, 0x6942, 0x4942, 0xA83A, 0xA84B, 0x2C75, 
  0x4B64, 0x884A, 0xAB5B, 0x8B53, 0xCB4A, 0xCA4A, 0xA842, 0x8842, 0xEA52, 0xEA4A, 0x894A, 0x2954, 0xF4C7, 0xFEFF, 0xFFFF, 0xF6DF, 
  0xCE8E, 0x494B, 0xEB4A, 0x083A, 0xC631, 0x0953, 0x084B, 0x0843, 0x2843, 0x484B, 0xC953, 0xA84B, 0xC742, 0x673A, 0xA942, 0xEA42, 
  0x883A, 0x673A, 0x094B, 0x2A4B, 0x8842, 0xE739, 0xE731, 0x283A, 0x483A, 0xE942, 0x2B54, 0xEC85, 0x6CB7, 0xE9DF, 0xE6F7, 0xE1FF, 
  0xC0FF, 0xE0FF, 0xE0FF, 0xE0FF, 0xE0FF, 0xE0FF, 0xE0FF, 0xE0FF, 0xE0FF, 0xE0FF, 0xE0FF, 0xE0FF, 0xE0FF, 0xE0FF, 0xE0FF, 0xE0FF, 
  0xE0FF, 0xE0FF, 0xE0FF, 0xE0FF, 0xE0FF, 0xE0FF, 0xE0FF, 0xE0FF, 0xE0FF, 0xE0FF, 0xE0FF, 0xE0FF, 0xE0FF, 0xE0FF, 0xE0FF, 0xE0FF, 
  0xE0FF, 0xE0FF, 0xE0FF, 0xE0FF, 0xE0FF, 0xE0FF, 0xE0FF, 0xE0FF, 0xE0FF, 0xE0FF, 0xE0FF, 0xE0FF, 0xE0FF, 0xE0FF, 0xE0FF, 0xE0FF, 
  0xE0FF, 0xE0FF, 0xE0FF, 0xE0FF, 0xE0FF, 0xE0FF, 0xE0FF, 0xE0FF, 0xE0FF, 0xE0FF, 0xE0FF, 0xE0FF, 0xE0FF, 0xE0FF, 0xE0FF, 0xE0FF, 
  0xE0FF, 0xE0FF, 0xE0FF, 0xE0FF, 0xE0FF, 0xE0FF, 0xE0FF, 0xE0FF, 0xE0FF, 0xE0FF, 0xE0FF, 0xE0FF, 0xE0FF, 0xE0FF, 0xE0FF, 0xE0FF, 
  0xE0FF, 0xE0FF, 0xE0FF, 0xE0FF, 0xE0FF, 0xE0FF, 0xE0FF, 0xE0FF, 0xE0FF, 0xE0FF, 0xE0FF, 0xE0FF, 0xE0FF, 0xE0FF, 0xE0FF, 0xE0FF, 
  0xE0FF, 0xE0FF, 0xE0FF, 0xE0FF, 0xE0FF, 0xE0FF, 0xE0FF, 0xE0FF, 0xE0FF, 0xE0FF, 0xE0FF, 0xE0FF, 0xE0FF, 0xE0FF, 0xE0FF, 0xE0FF, 
  0xE0FF, 0xE0FF, 0xE0FF, 0xE0FF, 0xE0FF, 0xE0FF, 0xE0FF, 0xE0FF, 0xE0FF, 0xE0FF, 0xE0FF, 0xE0FF, 0xE0FF, 0xE0FF, 0xE0FF, 0xE0FF, 
  0xE0FF, 0xE0FF, 0xE0FF, 0xE0FF, 0xE0FF, 0xE0FF, 0xE0FF, 0xE0FF, 0xE0FF, 0xE0FF, 0xE0FF, 0xE0FF, 0xE0FF, 0xE0FF, 0xE0FF, 0xE0FF, 
  0xE0FF, 0xE0FF, 0xE0FF, 0xE0FF, 0xE0FF, 0xE0FF, 0xE0FF, 0xE0FF, 0xE0FF, 0xE0FF, 0xE0FF, 0xE0FF, 0xE0FF, 0xE0FF, 0xE0FF, 0xE0FF, 
  0xE0FF, 0xE0FF, 0xE0FF, 0xE0FF, 0xE0FF, 0xE0FF, 0xC0FF, 0xE0FF, 0xE0FF, 0xE0FF, 0xE3F7, 0xE6D7, 0xEAB7, 0xED9F, 0xEF97, 0xD09F, 
  0x2843, 0x4953, 0x0B5C, 0xCA42, 0xA94A, 0xC94A, 0xEA4A, 0xA94A, 0xA94A, 0xEA4A, 0x6842, 0x6842, 0x2A4B, 0x0D7E, 0xB0A7, 0xF1AF, 
  0x0C76, 0x073A, 0xC942, 0x4A53, 0xCA4A, 0x894A, 0xCA52, 0x8942, 0xA942, 0x0A53, 0xA842, 0xEC7D, 0xFAE7, 0xFFFF, 0xFDF7, 0xF1BF, 
  0x8A5C, 0x483A, 0xC953, 0x4B75, 0xEE86, 0x6F97, 0x8E9F, 0x8FA7, 0xB2BF, 0x95CF, 0x97CF, 0x76CF, 0x14C7, 0xF3B6, 0xF2AE, 0x6F9E, 
  0x0F8E, 0x0F8E, 0x108E, 0x4D7D, 0x8B6C, 0x4A64, 0x0A5C, 0x6953, 0x084B, 0xC94A, 0x273A, 0xA94A, 0x094B, 0x8B64, 0x4C96, 0xCACF, 
  0xE6F7, 0xE1FF, 0xC0FF, 0xE0FF, 0xC0FF, 0xC0FF, 0xE0FF, 0xC0FF, 0xE0FF, 0xE0FF, 0xE0FF, 0xE0FF, 0xE0FF, 0xE0FF, 0xE0FF, 0xE0FF, 
  0xE0FF, 0xE0FF, 0xE0FF, 0xE0FF, 0xE0FF, 0xE0FF, 0xE0FF, 0xE0FF, 0xE0FF, 0xE0FF, 0xE0FF, 0xE0FF, 0xE0FF, 0xE0FF, 0xE0FF, 0xE0FF, 
  0xE0FF, 0xE0FF, 0xE0FF, 0xE0FF, 0xE0FF, 0xE0FF, 0xE0FF, 0xE0FF, 0xE0FF, 0xE0FF, 0xE0FF, 0xE0FF, 0xE0FF, 0xE0FF, 0xE0FF, 0xE0FF, 
  0xE0FF, 0xE0FF, 0xE0FF, 0xE0FF, 0xE0FF, 0xE0FF, 0xE0FF, 0xE0FF, 0xE0FF, 0xE0FF, 0xE0FF, 0xE0FF, 0xE0FF, 0xE0FF, 0xE0FF, 0xE0FF, 
  0xE0FF, 0xE0FF, 0xE0FF, 0xE0FF, 0xE0FF, 0xE0FF, 0xE0FF, 0xE0FF, 0xE0FF, 0xE0FF, 0xE0FF, 0xE0FF, 0xE0FF, 0xE0FF, 0xE0FF, 0xE0FF, 
  0xE0FF, 0xE0FF, 0xE0FF, 0xE0FF, 0xE0FF, 0xE0FF, 0xE0FF, 0xE0FF, 0xE0FF, 0xE0FF, 0xE0FF, 0xE0FF, 0xE0FF, 0xE0FF, 0xE0FF, 0xE0FF, 
  0xE0FF, 0xE0FF, 0xE0FF, 0xE0FF, 0xE0FF, 0xE0FF, 0xE0FF, 0xE0FF, 0xE0FF, 0xE0FF, 0xE0FF, 0xE0FF, 0xE0FF, 0xE0FF, 0xE0FF, 0xE0FF, 
  0xE0FF, 0xE0FF, 0xE0FF, 0xE0FF, 0xE0FF, 0xE0FF, 0xE0FF, 0xE0FF, 0xE0FF, 0xE0FF, 0xE0FF, 0xE0FF, 0xE0FF, 0xE0FF, 0xE0FF, 0xE0FF, 
  0xE0FF, 0xE0FF, 0xE0FF, 0xE0FF, 0xE0FF, 0xE0FF, 0xE0FF, 0xE0FF, 0xE0FF, 0xE0FF, 0xE0FF, 0xE0FF, 0xE0FF, 0xE0FF, 0xE0FF, 0xE0FF, 
  0xE0FF, 0xE0FF, 0xE0FF, 0xE0FF, 0xE0FF, 0xE0FF, 0xE0FF, 0xE0FF, 0xE0FF, 0xE0FF, 0xE0FF, 0xE0FF, 0xE0FF, 0xE0FF, 0xE0FF, 0xE0FF, 
  0xE0FF, 0xE0FF, 0xE0FF, 0xE0FF, 0xE0FF, 0xE0FF, 0xE0FF, 0xC0FF, 0xE1F7, 0xC6EF, 0xCCCF, 0xCEB7, 0xADA7, 0xEBAF, 0xCDA7, 0xEF9F, 
  0xAD86, 0x494B, 0xAA4A, 0xC842, 0xE94A, 0xA94A, 0x8942, 0xA94A, 0x6842, 0xE942, 0xE94A, 0xC842, 0x6E86, 0xEFA7, 0xCC9F, 0xEE9F, 
  0x0E7E, 0x273A, 0xA94A, 0xEA52, 0xA942, 0x683A, 0xE94A, 0xEA4A, 0xEB52, 0xCA4A, 0x284B, 0x31A7, 0xFDF7, 0xFFFF, 0xF9DF, 0xEF96, 
  0x463A, 0xEA5B, 0xB1A7, 0x5097, 0xCF8E, 0xCF96, 0x2E9F, 0x6FAF, 0xD4C7, 0xF8DF, 0xFAE7, 0xFAE7, 0xFAEF, 0xFAEF, 0xFBEF, 0xFBF7, 
  0xFBFF, 0xFAF7, 0xF9EF, 0xF7EF, 0xF3D7, 0xF0B7, 0xEFA7, 0xF09F, 0xEF8E, 0x8C75, 0xE953, 0x4B53, 0x2842, 0x073A, 0x473A, 0x2C64, 
  0xAC85, 0x6ABF, 0xE8EF, 0xE3FF, 0xC0FF, 0xC0FF, 0xE0FF, 0xE0FF, 0xE0FF, 0xE0FF, 0xE0FF, 0xE0FF, 0xE0FF, 0xE0FF, 0xC0FF, 0xE0FF, 
  0xE0FF, 0xE0FF, 0xE0FF, 0xE0FF, 0xE0FF, 0xE0FF, 0xE0FF, 0xE0FF, 0xE0FF, 0xE0FF, 0xE0FF, 0xE0FF, 0xE0FF, 0xE0FF, 0xE0FF, 0xE0FF, 
  0xE0FF, 0xE0FF, 0xE0FF, 0xE0FF, 0xE0FF, 0xE0FF, 0xE0FF, 0xE0FF, 0xE0FF, 0xE0FF, 0xE0FF, 0xE0FF, 0xE0FF, 0xE0FF, 0xE0FF, 0xE0FF, 
  0xE0FF, 0xE0FF, 0xE0FF, 0xE0FF, 0xE0FF, 0xE0FF, 0xE0FF, 0xE0FF, 0xE0FF, 0xE0FF, 0xE0FF, 0xE0FF, 0xE0FF, 0xE0FF, 0xE0FF, 0xE0FF, 
  0xE0FF, 0xE0FF, 0xE0FF, 0xE0FF, 0xE0FF, 0xE0FF, 0xE0FF, 0xE0FF, 0xE0FF, 0xE0FF, 0xE0FF, 0xE0FF, 0xE0FF, 0xE0FF, 0xE0FF, 0xE0FF, 
  0xE0FF, 0xE0FF, 0xE0FF, 0xE0FF, 0xE0FF, 0xE0FF, 0xE0FF, 0xE0FF, 0xE0FF, 0xE0FF, 0xE0FF, 0xE0FF, 0xE0FF, 0xE0FF, 0xE0FF, 0xE0FF, 
  0xE0FF, 0xE0FF, 0xE0FF, 0xE0FF, 0xE0FF, 0xE0FF, 0xE0FF, 0xE0FF, 0xE0FF, 0xE0FF, 0xE0FF, 0xE0FF, 0xE0FF, 0xE0FF, 0xE0FF, 0xE0FF, 
  0xE0FF, 0xE0FF, 0xE0FF, 0xE0FF, 0xE0FF, 0xE0FF, 0xE0FF, 0xE0FF, 0xE0FF, 0xE0FF, 0xE0FF, 0xE0FF, 0xE0FF, 0xE0FF, 0xE0FF, 0xE0FF, 
  0xE0FF, 0xE0FF, 0xE0FF, 0xE0FF, 0xE0FF, 0xE0FF, 0xE0FF, 0xE0FF, 0xE0FF, 0xE0FF, 0xE0FF, 0xE0FF, 0xE0FF, 0xE0FF, 0xE0FF, 0xE0FF, 
  0xE0FF, 0xE0FF, 0xE0FF, 0xE0FF, 0xE0FF, 0xE0FF, 0xE0FF, 0xE0FF, 0xE0FF, 0xE0FF, 0xE0FF, 0xE0FF, 0xE0FF, 0xE0FF, 0xE0FF, 0xE0FF, 
  0xE0FF, 0xE0FF, 0xE0FF, 0xE0FF, 0xE0FF, 0xE0FF, 0xE0FF, 0xC4F7, 0xD1F7, 0xFAF7, 0xFDF7, 0xFDFF, 0xF9E7, 0xCFB7, 0xECA7, 0xCE9F, 
  0xF09F, 0x309F, 0xCA53, 0xC842, 0x2B53, 0xAA4A, 0x8942, 0x0A53, 0xEA52, 0x2B5B, 0x073A, 0xAA64, 0xEEA7, 0xCCA7, 0xCCA7, 0xEFAF, 
  0x8D7D, 0xE739, 0xAA4A, 0xA94A, 0xA842, 0xAB5B, 0xCB5B, 0x2A53, 0xAA4A, 0x4842, 0x6964, 0xF7CF, 0xFFFF, 0xFEFF, 0xF5CF, 0xCC6C, 
  0x4632, 0x2D7D, 0x284B, 0xA73A, 0xA742, 0xA842, 0xC842, 0xC73A, 0x684B, 0xE953, 0x295C, 0x6A64, 0xAB64, 0x0C6D, 0xEC74, 0xCC74, 
  0x0D7D, 0xAF8D, 0xCF85, 0xAD85, 0x6C7D, 0x8C7D, 0x8B7D, 0xED7D, 0x6E86, 0x3097, 0x1097, 0x0F86, 0x4953, 0xC739, 0x694A, 0x273A, 
  0x4632, 0x6943, 0x4C75, 0x8DBF, 0xE7DF, 0xC2F7, 0xC1FF, 0xE0FF, 0xE0FF, 0xC0FF, 0xC0FF, 0xE0FF, 0xE0FF, 0xE0FF, 0xE0FF, 0xE0FF, 
  0xE0FF, 0xE0FF, 0xE0FF, 0xE0FF, 0xE0FF, 0xE0FF, 0xE0FF, 0xE0FF, 0xE0FF, 0xE0FF, 0xE0FF, 0xE0FF, 0xE0FF, 0xE0FF, 0xE0FF, 0xE0FF, 
  0xE0FF, 0xE0FF, 0xE0FF, 0xE0FF, 0xE0FF, 0xE0FF, 0xE0FF, 0xE0FF, 0xE0FF, 0xE0FF, 0xE0FF, 0xE0FF, 0xE0FF, 0xE0FF, 0xE0FF, 0xE0FF, 
  0xE0FF, 0xE0FF, 0xE0FF, 0xE0FF, 0xE0FF, 0xE0FF, 0xE0FF, 0xE0FF, 0xE0FF, 0xE0FF, 0xE0FF, 0xE0FF, 0xE0FF, 0xE0FF, 0xE0FF, 0xE0FF, 
  0xE0FF, 0xE0FF, 0xE0FF, 0xE0FF, 0xE0FF, 0xE0FF, 0xE0FF, 0xE0FF, 0xE0FF, 0xE0FF, 0xE0FF, 0xE0FF, 0xE0FF, 0xE0FF, 0xE0FF, 0xE0FF, 
  0xE0FF, 0xE0FF, 0xE0FF, 0xE0FF, 0xE0FF, 0xE0FF, 0xE0FF, 0xE0FF, 0xE0FF, 0xE0FF, 0xE0FF, 0xE0FF, 0xE0FF, 0xE0FF, 0xE0FF, 0xE0FF, 
  0xE0FF, 0xE0FF, 0xE0FF, 0xE0FF, 0xE0FF, 0xE0FF, 0xE0FF, 0xE0FF, 0xE0FF, 0xE0FF, 0xE0FF, 0xE0FF, 0xE0FF, 0xE0FF, 0xE0FF, 0xE0FF, 
  0xE0FF, 0xE0FF, 0xE0FF, 0xE0FF, 0xE0FF, 0xE0FF, 0xE0FF, 0xE0FF, 0xE0FF, 0xE0FF, 0xE0FF, 0xE0FF, 0xE0FF, 0xE0FF, 0xE0FF, 0xE0FF, 
  0xE0FF, 0xE0FF, 0xE0FF, 0xE0FF, 0xE0FF, 0xE0FF, 0xE0FF, 0xE0FF, 0xE0FF, 0xE0FF, 0xE0FF, 0xE0FF, 0xE0FF, 0xE0FF, 0xE0FF, 0xE0FF, 
  0xE0FF, 0xE0FF, 0xE0FF, 0xE0FF, 0xE0FF, 0xE0FF, 0xE0FF, 0xE0FF, 0xE0FF, 0xE0FF, 0xE0FF, 0xE0FF, 0xE0FF, 0xE0FF, 0xE0FF, 0xE0FF, 
  0xE0FF, 0xE0FF, 0xE0FF, 0xE0FF, 0xC0FF, 0xE0F7, 0xC7E7, 0xF5EF, 0xFEFF, 0xFFFF, 0xFFFF, 0xFFFF, 0xFFFF, 0xFCF7, 0xD0BF, 0xEAA7, 
  0xCD9F, 0xEE9F, 0x709F, 0x0B5C, 0xC842, 0x6942, 0xC94A, 0xEA4A, 0x8942, 0x694A, 0x094B, 0x6F9F, 0xEDAF, 0xD0BF, 0xCDA7, 0xF0A7, 
  0xAA64, 0xA842, 0x2A53, 0xE94A, 0x673A, 0xEC63, 0x2D64, 0x294B, 0x4842, 0x273A, 0xED85, 0xFAEF, 0xFFFF, 0xFCEF, 0x90AF, 0xE842, 
  0x2A53, 0x294B, 0x0842, 0x0A53, 0xC94A, 0xC94A, 0xA94A, 0x894A, 0x2942, 0x294A, 0xC741, 0x073A, 0xAA4A, 0x6942, 0x4842, 0x283A, 
  0x483A, 0x273A, 0xA83A, 0xC93A, 0xC942, 0x8842, 0x273A, 0x4842, 0x473A, 0x294B, 0xE742, 0xE842, 0xC94A, 0x273A, 0x4742, 0x4842, 
  0x6842, 0x484A, 0x2842, 0xCA4B, 0x0F97, 0xECBF, 0xE6D7, 0xE3F7, 0xE1FF, 0xE0FF, 0xC0FF, 0xE0FF, 0xE1FF, 0xE0FF, 0xE0FF, 0xE0FF, 
  0xE0FF, 0xE0FF, 0xE0FF, 0xE0FF, 0xE0FF, 0xE0FF, 0xE0FF, 0xE0FF, 0xE0FF, 0xE0FF, 0xE0FF, 0xE0FF, 0xE0FF, 0xE0FF, 0xE0FF, 0xE0FF, 
  0xE0FF, 0xE0FF, 0xE0FF, 0xE0FF, 0xE0FF, 0xE0FF, 0xE0FF, 0xE0FF, 0xE0FF, 0xE0FF, 0xE0FF, 0xE0FF, 0xE0FF, 0xE0FF, 0xE0FF, 0xE0FF, 
  0xE0FF, 0xE0FF, 0xE0FF, 0xE0FF, 0xE0FF, 0xE0FF, 0xE0FF, 0xE0FF, 0xE0FF, 0xE0FF, 0xE0FF, 0xE0FF, 0xE0FF, 0xE0FF, 0xE0FF, 0xE0FF, 
  0xE0FF, 0xE0FF, 0xE0FF, 0xE0FF, 0xE0FF, 0xE0FF, 0xE0FF, 0xE0FF, 0xE0FF, 0xE0FF, 0xE0FF, 0xE0FF, 0xE0FF, 0xE0FF, 0xE0FF, 0xE0FF, 
  0xE0FF, 0xE0FF, 0xE0FF, 0xE0FF, 0xE0FF, 0xE0FF, 0xE0FF, 0xE0FF, 0xE0FF, 0xE0FF, 0xE0FF, 0xE0FF, 0xE0FF, 0xE0FF, 0xE0FF, 0xE0FF, 
  0xE0FF, 0xE0FF, 0xE0FF, 0xE0FF, 0xE0FF, 0xE0FF, 0xE0FF, 0xE0FF, 0xE0FF, 0xE0FF, 0xE0FF, 0xE0FF, 0xE0FF, 0xE0FF, 0xE0FF, 0xE0FF, 
  0xE0FF, 0xE0FF, 0xE0FF, 0xE0FF, 0xE0FF, 0xE0FF, 0xE0FF, 0xE0FF, 0xE0FF, 0xE0FF, 0xE0FF, 0xE0FF, 0xE0FF, 0xE0FF, 0xE0FF, 0xE0FF, 
  0xE0FF, 0xE0FF, 0xE0FF, 0xE0FF, 0xE0FF, 0xE0FF, 0xE0FF, 0xE0FF, 0xE0FF, 0xE0FF, 0xE0FF, 0xE0FF, 0xE0FF, 0xE0FF, 0xE0FF, 0xE0FF, 
  0xE0FF, 0xE0FF, 0xE0FF, 0xE0FF, 0xE0FF, 0xE0FF, 0xE0FF, 0xE0FF, 0xE0FF, 0xE0FF, 0xE0FF, 0xE0FF, 0xE0FF, 0xE0FF, 0xE0FF, 0xE0FF, 
  0xE0FF, 0xE0FF, 0xE0FF, 0xE0FF, 0xE1F7, 0xC8DF, 0xF8E7, 0xFFFF, 0xFFFF, 0xFFFF, 0xFFFF, 0xFFFF, 0xFFFF, 0xDFFF, 0xFCF7, 0xCFBF, 
  0xEBAF, 0xCE9F, 0xEF9F, 0xEF96, 0x494B, 0x4942, 0x6842, 0x894A, 0xCA4A, 0x473A, 0xAC75, 0xEFA7, 0xD7DF, 0xFAE7, 0xECA7, 0xCE97, 
  0x694B, 0x4842, 0xE942, 0x2B53, 0xA94A, 0x673A, 0xE942, 0xC94A, 0x0742, 0xC73A, 0x31A7, 0xFCFF, 0xFFFF, 0xF7DF, 0x4C86, 0x8842, 
  0x484A, 0x694A, 0x094B, 0x0A4B, 0x0B53, 0xA942, 0xC94A, 0x894A, 0x6842, 0x894A, 0x4842, 0xA94A, 0xA94A, 0xCA52, 0x684A, 0xC94A, 
  0x2A53, 0xA952, 0x8842, 0x894A, 0xCA52, 0x0A53, 0xA942, 0x8942, 0xE952, 0x6842, 0x8A4A, 0x2842, 0x4842, 0x8842, 0x684A, 0x4842, 
  0x6942, 0x6942, 0xA94A, 0xE841, 0x873A, 0x0F8F, 0xEF97, 0xCCAF, 0xE7DF, 0xE3F7, 0xE0FF, 0xE0FF, 0xE0FF, 0xE0FF, 0xE0FF, 0xE0FF, 
  0xE0FF, 0xE0FF, 0xE0FF, 0xE0FF, 0xE0FF, 0xE0FF, 0xE0FF, 0xE0FF, 0xE0FF, 0xE0FF, 0xE0FF, 0xE0FF, 0xE0FF, 0xE0FF, 0xE0FF, 0xE0FF, 
  0xE0FF, 0xE0FF, 0xE0FF, 0xE0FF, 0xE0FF, 0xE0FF, 0xE0FF, 0xE0FF, 0xE0FF, 0xE0FF, 0xE0FF, 0xE0FF, 0xE0FF, 0xE0FF, 0xE0FF, 0xE0FF, 
  0xE0FF, 0xE0FF, 0xE0FF, 0xE0FF, 0xE0FF, 0xE0FF, 0xE0FF, 0xE0FF, 0xE0FF, 0xE0FF, 0xE0FF, 0xE0FF, 0xE0FF, 0xE0FF, 0xE0FF, 0xE0FF, 
  0xE0FF, 0xE0FF, 0xE0FF, 0xE0FF, 0xE0FF, 0xE0FF, 0xE0FF, 0xE0FF, 0xE0FF, 0xE0FF, 0xE0FF, 0xE0FF, 0xE0FF, 0xE0FF, 0xE0FF, 0xE0FF, 
  0xE0FF, 0xE0FF, 0xE0FF, 0xE0FF, 0xE0FF, 0xE0FF, 0xE0FF, 0xE0FF, 0xE0FF, 0xE0FF, 0xE0FF, 0xE0FF, 0xE0FF, 0xE0FF, 0xE0FF, 0xE0FF, 
  0xE0FF, 0xE0FF, 0xE0FF, 0xE0FF, 0xE0FF, 0xE0FF, 0xE0FF, 0xE0FF, 0xE0FF, 0xE0FF, 0xE0FF, 0xE0FF, 0xE0FF, 0xE0FF, 0xE0FF, 0xE0FF, 
  0xE0FF, 0xE0FF, 0xE0FF, 0xE0FF, 0xE0FF, 0xE0FF, 0xE0FF, 0xE0FF, 0xE0FF, 0xE0FF, 0xE0FF, 0xE0FF, 0xE0FF, 0xE0FF, 0xE0FF, 0xE0FF, 
  0xE0FF, 0xE0FF, 0xE0FF, 0xE0FF, 0xE0FF, 0xE0FF, 0xE0FF, 0xE0FF, 0xE0FF, 0xE0FF, 0xE0FF, 0xE0FF, 0xE0FF, 0xE0FF, 0xE0FF, 0xE0FF, 
  0xE0FF, 0xE0FF, 0xE0FF, 0xE0FF, 0xE0FF, 0xE0FF, 0xE0FF, 0xE0FF, 0xE0FF, 0xE0FF, 0xE0FF, 0xE0FF, 0xE0FF, 0xE0FF, 0xE0FF, 0xE0FF, 
  0xE0FF, 0xE0FF, 0xE0FF, 0xE2F7, 0x8ACF, 0xD8E7, 0xFFFF, 0xFFFF, 0xFFFF, 0xFFFF, 0xFFFF, 0xFFFF, 0xFFFF, 0xFFFF, 0xFFFF, 0xFBEF, 
  0xAFB7, 0xEBAF, 0xED9F, 0xF09F, 0x6A5C, 0x4842, 0xC952, 0x894A, 0xEA4A, 0x894B, 0x8D97, 0xD2BF, 0xFFFF, 0xD9E7, 0xEDA7, 0xAF8E, 
  0x0A4B, 0x4842, 0x8842, 0xA94A, 0x6942, 0xAA4A, 0xC94A, 0x2A53, 0x894A, 0x295C, 0xF5CF, 0xFEFF, 0xDEFF, 0xF3C7, 0x895C, 0xEA52, 
  0x894A, 0x6A4A, 0x694A, 0x273A, 0x2742, 0x0842, 0x4842, 0x073A, 0x273A, 0x4842, 0x6842, 0x483A, 0x6842, 0xA94A, 0x6842, 0x894A, 
  0xA94A, 0xA94A, 0x8942, 0x8842, 0xA94A, 0x0A4B, 0xC94A, 0x6842, 0x884A, 0x283A, 0x6942, 0x8942, 0x6842, 0xCA4A, 0x894A, 0x6842, 
  0xCA52, 0xEA4A, 0x6842, 0x894A, 0x683A, 0x4A5C, 0xF3AF, 0xCF9F, 0xCD9F, 0xE9BF, 0xE5E7, 0xE1FF, 0xE0FF, 0xE0FF, 0xC0FF, 0xE0FF, 
  0xE0FF, 0xE0FF, 0xE0FF, 0xE0FF, 0xE0FF, 0xE0FF, 0xE0FF, 0xE0FF, 0xE0FF, 0xE0FF, 0xE0FF, 0xE0FF, 0xE0FF, 0xE0FF, 0xE0FF, 0xE0FF, 
  0xE0FF, 0xE0FF, 0xE0FF, 0xE0FF, 0xE0FF, 0xE0FF, 0xE0FF, 0xE0FF, 0xE0FF, 0xE0FF, 0xE0FF, 0xE0FF, 0xE0FF, 0xE0FF, 0xE0FF, 0xE0FF, 
  0xE0FF, 0xE0FF, 0xE0FF, 0xE0FF, 0xE0FF, 0xE0FF, 0xE0FF, 0xE0FF, 0xE0FF, 0xE0FF, 0xE0FF, 0xE0FF, 0xE0FF, 0xE0FF, 0xE0FF, 0xE0FF, 
  0xE0FF, 0xE0FF, 0xE0FF, 0xE0FF, 0xE0FF, 0xE0FF, 0xE0FF, 0xE0FF, 0xE0FF, 0xE0FF, 0xE0FF, 0xE0FF, 0xE0FF, 0xE0FF, 0xE0FF, 0xE0FF, 
  0xE0FF, 0xE0FF, 0xE0FF, 0xE0FF, 0xE0FF, 0xE0FF, 0xE0FF, 0xE0FF, 0xE0FF, 0xE0FF, 0xE0FF, 0xE0FF, 0xE0FF, 0xE0FF, 0xE0FF, 0xE0FF, 
  0xE0FF, 0xE0FF, 0xE0FF, 0xE0FF, 0xE0FF, 0xE0FF, 0xE0FF, 0xE0FF, 0xE0FF, 0xE0FF, 0xE0FF, 0xE0FF, 0xE0FF, 0xE0FF, 0xE0FF, 0xE0FF, 
  0xE0FF, 0xE0FF, 0xE0FF, 0xE0FF, 0xE0FF, 0xE0FF, 0xE0FF, 0xE0FF, 0xE0FF, 0xE0FF, 0xE0FF, 0xE0FF, 0xE0FF, 0xE0FF, 0xE0FF, 0xE0FF, 
  0xE0FF, 0xE0FF, 0xE0FF, 0xE0FF, 0xE0FF, 0xE0FF, 0xE0FF, 0xE0FF, 0xE0FF, 0xE0FF, 0xE0FF, 0xE0FF, 0xE0FF, 0xE0FF, 0xE0FF, 0xE0FF, 
  0xE0FF, 0xE0FF, 0xE0FF, 0xE0FF, 0xE0FF, 0xE0FF, 0xE0FF, 0xE0FF, 0xE0FF, 0xE0FF, 0xE0FF, 0xE0FF, 0xE0FF, 0xE0FF, 0xE0FF, 0xE0FF, 
  0xC1FF, 0xC0FF, 0xE3EF, 0xAABF, 0xD5D7, 0xFEFF, 0xFFFF, 0xFFFF, 0xFFFF, 0xFFFF, 0xFFFF, 0xFFFF, 0xFFFF, 0xFFFF, 0xFFFF, 0xFFFF, 
  0xF6D7, 0xCAAF, 0xCCA7, 0xEF9F, 0x2D7E, 0x6842, 0x694A, 0xA94A, 0x2A4B, 0xCD7D, 0xEEAF, 0xD9DF, 0xFFFF, 0xD5D7, 0xEEA7, 0xCB64, 
  0x2732, 0x8942, 0x4842, 0x8842, 0xEA4A, 0xAA4A, 0x8742, 0x2A53, 0xEA4A, 0xAD85, 0xF9E7, 0xFFFF, 0xFBEF, 0x8FAF, 0xEA53, 0x6942, 
  0x8842, 0xA942, 0xE841, 0xE739, 0x4842, 0x484A, 0x2842, 0x894A, 0x894A, 0x4842, 0x4842, 0x8842, 0x2B5B, 0x0A53, 0xA94A, 0x4842, 
  0x2842, 0xCA52, 0xA94A, 0x6842, 0xC94A, 0xA94A, 0x894A, 0x6942, 0x8942, 0x6842, 0xA94A, 0xA94A, 0x694A, 0xA94A, 0x483A, 0x8842, 
  0xCA4A, 0xC94A, 0x6842, 0x894A, 0x0A53, 0x094B, 0x2E86, 0xF0A7, 0xEE97, 0xEE9F, 0xCBB7, 0xC8CF, 0xE3EF, 0xE0FF, 0xE0FF, 0xE0FF, 
  0xC1FF, 0xE0FF, 0xE0FF, 0xE0FF, 0xC0FF, 0xE0FF, 0xE0FF, 0xE0FF, 0xE0FF, 0xE0FF, 0xE0FF, 0xE0FF, 0xE0FF, 0xE0FF, 0xE0FF, 0xE0FF, 
  0xE0FF, 0xE0FF, 0xE0FF, 0xE0FF, 0xE0FF, 0xE0FF, 0xE0FF, 0xE0FF, 0xE0FF, 0xE0FF, 0xE0FF, 0xE0FF, 0xE0FF, 0xE0FF, 0xE0FF, 0xE0FF, 
  0xE0FF, 0xE0FF, 0xE0FF, 0xE0FF, 0xE0FF, 0xE0FF, 0xE0FF, 0xE0FF, 0xE0FF, 0xE0FF, 0xE0FF, 0xE0FF, 0xE0FF, 0xE0FF, 0xE0FF, 0xE0FF, 
  0xE0FF, 0xE0FF, 0xE0FF, 0xE0FF, 0xE0FF, 0xE0FF, 0xE0FF, 0xE0FF, 0xE0FF, 0xE0FF, 0xE0FF, 0xE0FF, 0xE0FF, 0xE0FF, 0xE0FF, 0xE0FF, 
  0xE0FF, 0xE0FF, 0xE0FF, 0xE0FF, 0xE0FF, 0xE0FF, 0xE0FF, 0xE0FF, 0xE0FF, 0xE0FF, 0xE0FF, 0xE0FF, 0xE0FF, 0xE0FF, 0xE0FF, 0xE0FF, 
  0xE0FF, 0xE0FF, 0xE0FF, 0xE0FF, 0xE0FF, 0xE0FF, 0xE0FF, 0xE0FF, 0xE0FF, 0xE0FF, 0xE0FF, 0xE0FF, 0xE0FF, 0xE0FF, 0xE0FF, 0xE0FF, 
  0xE0FF, 0xE0FF, 0xE0FF, 0xE0FF, 0xE0FF, 0xE0FF, 0xE0FF, 0xE0FF, 0xE0FF, 0xE0FF, 0xE0FF, 0xE0FF, 0xE0FF, 0xE0FF, 0xE0FF, 0xE0FF, 
  0xE0FF, 0xE0FF, 0xE0FF, 0xE0FF, 0xE0FF, 0xE0FF, 0xE0FF, 0xE0FF, 0xE0FF, 0xE0FF, 0xE0FF, 0xE0FF, 0xE0FF, 0xE0FF, 0xE0FF, 0xE0FF, 
  0xE0FF, 0xE0FF, 0xE0FF, 0xE0FF, 0xE0FF, 0xE0FF, 0xE0FF, 0xE0FF, 0xE0FF, 0xE0FF, 0xE0FF, 0xE0FF, 0xE0FF, 0xE0FF, 0xE0FF, 0xE0FF, 
  0xE0FF, 0xE4EF, 0xC9BF, 0xD4C7, 0xFEFF, 0xFFFF, 0xFFFF, 0xFFFF, 0xFFFF, 0xFFFF, 0xFFFF, 0xFFFF, 0xFFFF, 0xFFFF, 0xFFFF, 0xFFFF, 
  0xFDF7, 0xCEBF, 0xEBA7, 0xEF9F, 0xEF8E, 0xE94A, 0x894A, 0xEA4A, 0x294B, 0x6E97, 0xF1BF, 0xFEFF, 0xFEFF, 0xF1BF, 0x8E97, 0x8A53, 
  0x894A, 0x0B53, 0x8942, 0x8842, 0x2A53, 0xC94A, 0xEA52, 0x894A, 0x2843, 0x51AF, 0xFDF7, 0xFFFF, 0xF6DF, 0x4B7E, 0x2A4B, 0x0A53, 
  0x8942, 0x6842, 0x4842, 0x6942, 0x6842, 0x283A, 0x073A, 0x894A, 0x4842, 0x6842, 0xA94A, 0x6842, 0x483A, 0x8842, 0xCA52, 0x2842, 
  0x6842, 0xCA4A, 0x6942, 0x694A, 0xAA52, 0x8842, 0x8842, 0x894A, 0xA94A, 0xA94A, 0xA94A, 0x2742, 0x6842, 0xCA4A, 0xA942, 0x0A53, 
  0xC94A, 0x0A53, 0x4B5B, 0x673A, 0x6B53, 0xE94A, 0x474B, 0xD09F, 0xEF9F, 0xEF97, 0xED9F, 0xCCAF, 0xCBBF, 0xC7DF, 0xE2F7, 0xE0FF, 
  0xC0FF, 0xC0FF, 0xE0FF, 0xE0FF, 0xE0FF, 0xE0FF, 0xE0FF, 0xE0FF, 0xE0FF, 0xE0FF, 0xE0FF, 0xE0FF, 0xE0FF, 0xE0FF, 0xE0FF, 0xE0FF, 
  0xE0FF, 0xE0FF, 0xE0FF, 0xE0FF, 0xE0FF, 0xE0FF, 0xE0FF, 0xE0FF, 0xE0FF, 0xE0FF, 0xE0FF, 0xE0FF, 0xE0FF, 0xE0FF, 0xE0FF, 0xE0FF, 
  0xE0FF, 0xE0FF, 0xE0FF, 0xE0FF, 0xE0FF, 0xE0FF, 0xE0FF, 0xE0FF, 0xE0FF, 0xE0FF, 0xE0FF, 0xE0FF, 0xE0FF, 0xE0FF, 0xE0FF, 0xE0FF, 
  0xE0FF, 0xE0FF, 0xE0FF, 0xE0FF, 0xE0FF, 0xE0FF, 0xE0FF, 0xE0FF, 0xE0FF, 0xE0FF, 0xE0FF, 0xE0FF, 0xE0FF, 0xE0FF, 0xE0FF, 0xE0FF, 
  0xE0FF, 0xE0FF, 0xE0FF, 0xE0FF, 0xE0FF, 0xE0FF, 0xE0FF, 0xE0FF, 0xE0FF, 0xE0FF, 0xE0FF, 0xE0FF, 0xE0FF, 0xE0FF, 0xE0FF, 0xE0FF, 
  0xE0FF, 0xE0FF, 0xE0FF, 0xE0FF, 0xE0FF, 0xE0FF, 0xE0FF, 0xE0FF, 0xE0FF, 0xE0FF, 0xE0FF, 0xE0FF, 0xE0FF, 0xE0FF, 0xE0FF, 0xE0FF, 
  0xE0FF, 0xE0FF, 0xE0FF, 0xE0FF, 0xE0FF, 0xE0FF, 0xE0FF, 0xE0FF, 0xE0FF, 0xE0FF, 0xE0FF, 0xE0FF, 0xE0FF, 0xE0FF, 0xE0FF, 0xE0FF, 
  0xE0FF, 0xE0FF, 0xE0FF, 0xE0FF, 0xE0FF, 0xE0FF, 0xE0FF, 0xE0FF, 0xE0FF, 0xE0FF, 0xE0FF, 0xE0FF, 0xE0FF, 0xE0FF, 0xE0FF, 0xE0FF, 
  0xE0FF, 0xE0FF, 0xE0FF, 0xE0FF, 0xE0FF, 0xE0FF, 0xE0FF, 0xE0FF, 0xE0FF, 0xE0FF, 0xE0FF, 0xE0FF, 0xE0FF, 0xE0FF, 0xE0FF, 0xE0FF, 
  0xE5E7, 0xCAB7, 0xCFB7, 0xFDF7, 0xFFFF, 0xFFFF, 0xFFFF, 0xFFFF, 0xFFFF, 0xFFFF, 0xFFFF, 0xFFFF, 0xFFFF, 0xFFFF, 0xFFFF, 0xFFFF, 
  0xFFFF, 0xD3CF, 0xEAA7, 0xEEA7, 0xEF8E, 0xE84A, 0xE952, 0x6942, 0xAB64, 0xF0A7, 0xD7D7, 0xFFFF, 0xDBEF, 0xEEAF, 0x2C7E, 0x483A, 
  0xCA52, 0xC94A, 0x894A, 0x4842, 0x8842, 0xA94A, 0x894A, 0xE739, 0x0854, 0xF5CF, 0xFFFF, 0xFEF7, 0xF2BF, 0x0A65, 0x6942, 0xCA52, 
  0x4842, 0x6842, 0xC94A, 0x694A, 0x894A, 0xCA52, 0x484A, 0xC739, 0xE739, 0x8842, 0xA94A, 0x8942, 0x8942, 0xA94A, 0x894A, 0x4842, 
  0x6942, 0xCA4A, 0x073A, 0x083A, 0x894A, 0xC94A, 0xA94A, 0xEA52, 0xCA4A, 0x894A, 0xCA52, 0x2842, 0x4842, 0x2B53, 0xEA4A, 0x2B53, 
  0x2B53, 0x0A4B, 0x8942, 0x6E6C, 0x4C5C, 0x083A, 0x063A, 0xAA64, 0xF0A7, 0xEF97, 0xEE97, 0xED9F, 0xECAF, 0xCAAF, 0xE8BF, 0xE4EF, 
  0xE0FF, 0xC0FF, 0xE0FF, 0xE0FF, 0xE0FF, 0xE0FF, 0xE0FF, 0xE0FF, 0xE0FF, 0xE0FF, 0xE0FF, 0xE0FF, 0xE0FF, 0xE0FF, 0xE0FF, 0xE0FF, 
  0xE0FF, 0xE0FF, 0xE0FF, 0xE0FF, 0xE0FF, 0xE0FF, 0xE0FF, 0xE0FF, 0xE0FF, 0xE0FF, 0xE0FF, 0xE0FF, 0xE0FF, 0xE0FF, 0xE0FF, 0xE0FF, 
  0xE0FF, 0xE0FF, 0xE0FF, 0xE0FF, 0xE0FF, 0xE0FF, 0xE0FF, 0xE0FF, 0xE0FF, 0xE0FF, 0xE0FF, 0xE0FF, 0xE0FF, 0xE0FF, 0xE0FF, 0xE0FF, 
  0xE0FF, 0xE0FF, 0xE0FF, 0xE0FF, 0xE0FF, 0xE0FF, 0xE0FF, 0xE0FF, 0xE0FF, 0xE0FF, 0xE0FF, 0xE0FF, 0xE0FF, 0xE0FF, 0xE0FF, 0xE0FF, 
  0xE0FF, 0xE0FF, 0xE0FF, 0xE0FF, 0xE0FF, 0xE0FF, 0xE0FF, 0xE0FF, 0xE0FF, 0xE0FF, 0xE0FF, 0xE0FF, 0xE0FF, 0xE0FF, 0xE0FF, 0xE0FF, 
  0xE0FF, 0xE0FF, 0xE0FF, 0xE0FF, 0xE0FF, 0xE0FF, 0xE0FF, 0xE0FF, 0xE0FF, 0xE0FF, 0xE0FF, 0xE0FF, 0xE0FF, 0xE0FF, 0xE0FF, 0xE0FF, 
  0xE0FF, 0xE0FF, 0xE0FF, 0xE0FF, 0xE0FF, 0xE0FF, 0xE0FF, 0xE0FF, 0xE0FF, 0xE0FF, 0xE0FF, 0xE0FF, 0xE0FF, 0xE0FF, 0xE0FF, 0xE0FF, 
  0xE0FF, 0xE0FF, 0xE0FF, 0xE0FF, 0xE0FF, 0xE0FF, 0xE0FF, 0xE0FF, 0xE0FF, 0xE0FF, 0xE0FF, 0xE0FF, 0xE0FF, 0xE0FF, 0xE0FF, 0xE0FF, 
  0xE0FF, 0xE0FF, 0xE0FF, 0xE0FF, 0xE0FF, 0xE0FF, 0xE0FF, 0xE0FF, 0xE0FF, 0xE0FF, 0xE0FF, 0xE0FF, 0xE0FF, 0xE0FF, 0xC0FF, 0xC4EF, 
  0xCCB7, 0xCDA7, 0xF6DF, 0xFFFF, 0xFFFF, 0xFFFF, 0xFFFF, 0xFFFF, 0xFFFF, 0xFFFF, 0xFFFF, 0xFFFF, 0xFFFF, 0xFFFF, 0xFFFF, 0xFFFF, 
  0xFFFF, 0xD3CF, 0xEAA7, 0xEFA7, 0x4E86, 0x4732, 0x8942, 0x673A, 0xAE8E, 0xEFAF, 0xFCF7, 0xFFFF, 0xB6D7, 0xEEA7, 0x8A5C, 0x283A, 
  0x884A, 0xA942, 0x884A, 0x2842, 0x6842, 0x4842, 0x4942, 0xA84A, 0xCC85, 0xFAE7, 0xFFFF, 0xF9E7, 0xAFA7, 0x484B, 0x073A, 0xCA52, 
  0x4942, 0x4742, 0xA73A, 0x8842, 0x894A, 0x8942, 0x2842, 0x2842, 0x6842, 0x8942, 0xA94A, 0x894A, 0xA94A, 0x894A, 0x8942, 0x6842, 
  0xEA52, 0x8942, 0xA942, 0x8942, 0xA942, 0xEA52, 0xC94A, 0x894A, 0x273A, 0x073A, 0x2842, 0x694A, 0x894A, 0x8942, 0xC94A, 0xA942, 
  0xEA4A, 0x8842, 0xA84A, 0x2A53, 0xA842, 0x8A52, 0xA84A, 0x2A5C, 0x6C6D, 0xF0A7, 0xEE9F, 0xEE97, 0xEC9F, 0xEBA7, 0xCCAF, 0xCAB7, 
  0xE6D7, 0xE2F7, 0xE0FF, 0xC0FF, 0xC0FF, 0xE0FF, 0xE0FF, 0xE0FF, 0xE0FF, 0xE0FF, 0xE0FF, 0xE0FF, 0xE0FF, 0xE0FF, 0xE0FF, 0xE0FF, 
  0xE0FF, 0xE0FF, 0xE0FF, 0xE0FF, 0xE0FF, 0xE0FF, 0xE0FF, 0xE0FF, 0xE0FF, 0xE0FF, 0xE0FF, 0xE0FF, 0xE0FF, 0xE0FF, 0xE0FF, 0xE0FF, 
  0xE0FF, 0xE0FF, 0xE0FF, 0xE0FF, 0xE0FF, 0xE0FF, 0xE0FF, 0xE0FF, 0xE0FF, 0xE0FF, 0xE0FF, 0xE0FF, 0xE0FF, 0xE0FF, 0xE0FF, 0xE0FF, 
  0xE0FF, 0xE0FF, 0xE0FF, 0xE0FF, 0xE0FF, 0xE0FF, 0xE0FF, 0xE0FF, 0xE0FF, 0xE0FF, 0xE0FF, 0xE0FF, 0xE0FF, 0xE0FF, 0xE0FF, 0xE0FF, 
  0xE0FF, 0xE0FF, 0xE0FF, 0xE0FF, 0xE0FF, 0xE0FF, 0xE0FF, 0xE0FF, 0xE0FF, 0xE0FF, 0xE0FF, 0xE0FF, 0xE0FF, 0xE0FF, 0xE0FF, 0xE0FF, 
  0xE0FF, 0xE0FF, 0xE0FF, 0xE0FF, 0xE0FF, 0xE0FF, 0xE0FF, 0xE0FF, 0xE0FF, 0xE0FF, 0xE0FF, 0xE0FF, 0xE0FF, 0xE0FF, 0xE0FF, 0xE0FF, 
  0xE0FF, 0xE0FF, 0xE0FF, 0xE0FF, 0xE0FF, 0xE0FF, 0xE0FF, 0xE0FF, 0xE0FF, 0xE0FF, 0xE0FF, 0xE0FF, 0xE0FF, 0xE0FF, 0xE0FF, 0xE0FF, 
  0xE0FF, 0xE0FF, 0xE0FF, 0xE0FF, 0xE0FF, 0xE0FF, 0xE0FF, 0xE0FF, 0xE0FF, 0xE0FF, 0xE0FF, 0xE0FF, 0xE0FF, 0xE0FF, 0xE0FF, 0xE0FF, 
  0xE0FF, 0xE0FF, 0xE0FF, 0xE0FF, 0xE0FF, 0xE0FF, 0xE0FF, 0xE0FF, 0xE0FF, 0xE0FF, 0xE0FF, 0xE0FF, 0xE0FF, 0xE0FF, 0xE4EF, 0xCCB7, 
  0xED97, 0xCFBF, 0xFEF7, 0xFFFF, 0xFFFF, 0xFFFF, 0xFFFF, 0xFFFF, 0xFEFF, 0xFFFF, 0xFFFF, 0xFFFF, 0xFFFF, 0xFFFF, 0xFFFF, 0xFFFF, 
  0xFDF7, 0xCEBF, 0xEC9F, 0xEFA7, 0x6C75, 0xA942, 0xAA4A, 0x284B, 0xCF97, 0xD2C7, 0xFEFF, 0xFEF7, 0xF0B7, 0x6E97, 0x8B53, 0x2A5B, 
  0x4842, 0x8942, 0xE94A, 0x6942, 0x6842, 0xAA52, 0xEB4A, 0x2743, 0xF0A6, 0xFDF7, 0xFFFF, 0xF4CF, 0x4E97, 0xA842, 0xE639, 0x8942, 
  0x4942, 0x6742, 0x107D, 0x6A53, 0xA94A, 0x894A, 0x6842, 0x6942, 0x6842, 0xEA52, 0x0A53, 0xA94A, 0xC94A, 0xA94A, 0xEA4A, 0xA942, 
  0x6942, 0x6942, 0x6B5B, 0x094B, 0x2A4B, 0x0A53, 0x6842, 0x694A, 0x4842, 0x4842, 0x073A, 0x694A, 0x894A, 0x4842, 0x6942, 0x6842, 
  0x894A, 0xA94A, 0x4842, 0x894A, 0x4842, 0x8A4A, 0x473A, 0xEB5B, 0x8842, 0x4A64, 0xAF9F, 0xEF9F, 0xCF97, 0xEDA7, 0xEBAF, 0xECA7, 
  0xECA7, 0xE8C7, 0xE3F7, 0xE0FF, 0xE0FF, 0xE0FF, 0xE0FF, 0xE0FF, 0xE0FF, 0xE0FF, 0xE0FF, 0xE0FF, 0xE0FF, 0xE0FF, 0xE0FF, 0xE0FF, 
  0xE0FF, 0xE0FF, 0xE0FF, 0xE0FF, 0xE0FF, 0xE0FF, 0xE0FF, 0xE0FF, 0xE0FF, 0xE0FF, 0xE0FF, 0xE0FF, 0xE0FF, 0xE0FF, 0xE0FF, 0xE0FF, 
  0xE0FF, 0xE0FF, 0xE0FF, 0xE0FF, 0xE0FF, 0xE0FF, 0xE0FF, 0xE0FF, 0xE0FF, 0xE0FF, 0xE0FF, 0xE0FF, 0xE0FF, 0xE0FF, 0xE0FF, 0xE0FF, 
  0xE0FF, 0xE0FF, 0xE0FF, 0xE0FF, 0xE0FF, 0xE0FF, 0xE0FF, 0xE0FF, 0xE0FF, 0xE0FF, 0xE0FF, 0xE0FF, 0xE0FF, 0xE0FF, 0xE0FF, 0xE0FF, 
  0xE0FF, 0xE0FF, 0xE0FF, 0xE0FF, 0xE0FF, 0xE0FF, 0xE0FF, 0xE0FF, 0xE0FF, 0xE0FF, 0xE0FF, 0xE0FF, 0xE0FF, 0xE0FF, 0xE0FF, 0xE0FF, 
  0xE0FF, 0xE0FF, 0xE0FF, 0xE0FF, 0xE0FF, 0xE0FF, 0xE0FF, 0xE0FF, 0xE0FF, 0xE0FF, 0xE0FF, 0xE0FF, 0xE0FF, 0xE0FF, 0xE0FF, 0xE0FF, 
  0xE0FF, 0xE0FF, 0xE0FF, 0xE0FF, 0xE0FF, 0xE0FF, 0xE0FF, 0xE0FF, 0xE0FF, 0xE0FF, 0xE0FF, 0xE0FF, 0xE0FF, 0xE0FF, 0xE0FF, 0xE0FF, 
  0xE0FF, 0xE0FF, 0xE0FF, 0xE0FF, 0xE0FF, 0xE0FF, 0xE0FF, 0xE0FF, 0xE0FF, 0xE0FF, 0xE0FF, 0xE0FF, 0xE0FF, 0xE0FF, 0xE0FF, 0xE0FF, 
  0xE0FF, 0xE0FF, 0xE0FF, 0xE0FF, 0xE0FF, 0xE0FF, 0xE0FF, 0xE0FF, 0xE0FF, 0xE0FF, 0xE0FF, 0xE0FF, 0xE0FF, 0xE3F7, 0xEBB7, 0xEF97, 
  0xEC9F, 0xD4D7, 0xFFFF, 0xDFFF, 0xFFFF, 0xFFFF, 0xFFFF, 0xFFFF, 0xFFFF, 0xFFFF, 0xFFFF, 0xFFFF, 0xFFFF, 0xFFFF, 0xFFFF, 0xFFFF, 
  0xD6D7, 0xCBAF, 0xED9F, 0xF09F, 0x6A64, 0x6842, 0xA94A, 0xED6C, 0xEF9F, 0xD6D7, 0xFFFF, 0xD9E7, 0xEEA7, 0x6E86, 0x483A, 0xC842, 
  0x6942, 0xA94A, 0x6B53, 0xEA4A, 0xEA4A, 0xC952, 0x4732, 0x495C, 0xF5CF, 0xFFFF, 0xDDFF, 0xF0B7, 0xAD86, 0x8842, 0x0A53, 0x2B53, 
  0x6942, 0xA94A, 0xAC5B, 0xA83A, 0xE94A, 0x8842, 0xCA4A, 0x6C5B, 0xA942, 0x273A, 0x894A, 0x8942, 0xA94A, 0xCA52, 0xC94A, 0xEA4A, 
  0xAA4A, 0x894A, 0x0A4B, 0x4A53, 0x8C5B, 0x473A, 0x6842, 0x894A, 0x6842, 0x894A, 0xCA4A, 0x4842, 0x4842, 0xA94A, 0x8C5B, 0x0A4B, 
  0xEA4A, 0x894A, 0x694A, 0x4842, 0x8842, 0x694A, 0x6842, 0x2742, 0x4842, 0xC739, 0x6A53, 0xEF8E, 0xF0A7, 0xEE97, 0xEC9F, 0xEBAF, 
  0xEAAF, 0xCBAF, 0xCAC7, 0xE6E7, 0xE1FF, 0xE0FF, 0xE0FF, 0xE0FF, 0xE0FF, 0xC0FF, 0xE0FF, 0xE0FF, 0xE0FF, 0xE0FF, 0xE0FF, 0xE0FF, 
  0xE0FF, 0xE0FF, 0xE0FF, 0xE0FF, 0xE0FF, 0xE0FF, 0xE0FF, 0xE0FF, 0xE0FF, 0xE0FF, 0xE0FF, 0xE0FF, 0xE0FF, 0xE0FF, 0xE0FF, 0xE0FF, 
  0xE0FF, 0xE0FF, 0xE0FF, 0xE0FF, 0xE0FF, 0xE0FF, 0xE0FF, 0xE0FF, 0xE0FF, 0xE0FF, 0xE0FF, 0xE0FF, 0xE0FF, 0xE0FF, 0xE0FF, 0xE0FF, 
  0xE0FF, 0xE0FF, 0xE0FF, 0xE0FF, 0xE0FF, 0xE0FF, 0xE0FF, 0xE0FF, 0xE0FF, 0xE0FF, 0xE0FF, 0xE0FF, 0xE0FF, 0xE0FF, 0xE0FF, 0xE0FF, 
  0xE0FF, 0xE0FF, 0xE0FF, 0xE0FF, 0xE0FF, 0xE0FF, 0xE0FF, 0xE0FF, 0xE0FF, 0xE0FF, 0xE0FF, 0xE0FF, 0xE0FF, 0xE0FF, 0xE0FF, 0xE0FF, 
  0xE0FF, 0xE0FF, 0xE0FF, 0xE0FF, 0xE0FF, 0xE0FF, 0xE0FF, 0xE0FF, 0xE0FF, 0xE0FF, 0xE0FF, 0xE0FF, 0xE0FF, 0xE0FF, 0xE0FF, 0xE0FF, 
  0xE0FF, 0xE0FF, 0xE0FF, 0xE0FF, 0xE0FF, 0xE0FF, 0xE0FF, 0xE0FF, 0xE0FF, 0xE0FF, 0xE0FF, 0xE0FF, 0xE0FF, 0xE0FF, 0xE0FF, 0xE0FF, 
  0xE0FF, 0xE0FF, 0xE0FF, 0xE0FF, 0xE0FF, 0xE0FF, 0xE0FF, 0xE0FF, 0xE0FF, 0xE0FF, 0xE0FF, 0xE0FF, 0xE0FF, 0xE0FF, 0xE0FF, 0xE0FF, 
  0xE0FF, 0xE0FF, 0xE0FF, 0xE0FF, 0xE0FF, 0xE0FF, 0xE0FF, 0xE0FF, 0xC0FF, 0xC1FF, 0xC0FF, 0xE0FF, 0xE2F7, 0xEAC7, 0xEE9F, 0xEF9F, 
  0xECA7, 0xF7DF, 0xFFFF, 0xFFFF, 0xFFFF, 0xFFFF, 0xFFFF, 0xFFFF, 0xFFFF, 0xFFFF, 0xFFFF, 0xFFFF, 0xFFFF, 0xFFFF, 0xFFFF, 0xF9E7, 
  0xADAF, 0xEDA7, 0xEE9F, 0xEF96, 0x883A, 0x894A, 0xA842, 0x4D7E, 0xEFAF, 0xDAE7, 0xFFFF, 0xD4C7, 0xEE9F, 0x8B64, 0x8842, 0x2A53, 
  0x894A, 0xC94A, 0xA842, 0xA942, 0x0A4B, 0xC94A, 0x673A, 0xCC7D, 0xFAEF, 0xFFFF, 0xD9E7, 0xEEA7, 0x2D7E, 0x8842, 0x6B53, 0x4B53, 
  0x8842, 0xE739, 0xE739, 0x6842, 0xEA4A, 0x8942, 0x8842, 0x2A53, 0xE94A, 0xA942, 0x0A53, 0x8942, 0x4842, 0x6842, 0x6842, 0x894A, 
  0x894A, 0x473A, 0x8C5B, 0x0A53, 0x6842, 0x894A, 0x8942, 0xCA4A, 0x683A, 0xA94A, 0x0A53, 0x894A, 0x4842, 0x4842, 0x4A53, 0x094B, 
  0x0A53, 0xCA52, 0x2742, 0x6942, 0x4842, 0xA94A, 0xA94A, 0xC94A, 0xEA4A, 0x694A, 0x6742, 0x4943, 0xAC75, 0xF0A7, 0xEF97, 0xEDA7, 
  0xEAAF, 0xEBA7, 0xECA7, 0xCBAF, 0xE7DF, 0xE2FF, 0xE0FF, 0xC0FF, 0xC0FF, 0xC0FF, 0xE0FF, 0xE0FF, 0xE0FF, 0xE0FF, 0xE0FF, 0xE0FF, 
  0xE0FF, 0xE0FF, 0xE0FF, 0xE0FF, 0xE0FF, 0xE0FF, 0xE0FF, 0xE0FF, 0xE0FF, 0xE0FF, 0xE0FF, 0xE0FF, 0xE0FF, 0xE0FF, 0xE0FF, 0xE0FF, 
  0xE0FF, 0xE0FF, 0xE0FF, 0xE0FF, 0xE0FF, 0xE0FF, 0xE0FF, 0xE0FF, 0xE0FF, 0xE0FF, 0xE0FF, 0xE0FF, 0xE0FF, 0xE0FF, 0xE0FF, 0xE0FF, 
  0xE0FF, 0xE0FF, 0xE0FF, 0xE0FF, 0xE0FF, 0xE0FF, 0xE0FF, 0xE0FF, 0xE0FF, 0xE0FF, 0xE0FF, 0xE0FF, 0xE0FF, 0xE0FF, 0xE0FF, 0xE0FF, 
  0xE0FF, 0xE0FF, 0xE0FF, 0xE0FF, 0xE0FF, 0xE0FF, 0xE0FF, 0xE0FF, 0xE0FF, 0xE0FF, 0xE0FF, 0xE0FF, 0xE0FF, 0xE0FF, 0xE0FF, 0xE0FF, 
  0xE0FF, 0xE0FF, 0xE0FF, 0xE0FF, 0xE0FF, 0xE0FF, 0xE0FF, 0xE0FF, 0xE0FF, 0xE0FF, 0xE0FF, 0xE0FF, 0xE0FF, 0xE0FF, 0xE0FF, 0xE0FF, 
  0xE0FF, 0xE0FF, 0xE0FF, 0xE0FF, 0xE0FF, 0xE0FF, 0xE0FF, 0xE0FF, 0xE0FF, 0xE0FF, 0xE0FF, 0xE0FF, 0xE0FF, 0xE0FF, 0xE0FF, 0xE0FF, 
  0xE0FF, 0xE0FF, 0xE0FF, 0xE0FF, 0xE0FF, 0xE0FF, 0xE0FF, 0xE0FF, 0xE0FF, 0xE0FF, 0xE0FF, 0xE0FF, 0xE0FF, 0xE0FF, 0xE0FF, 0xE0FF, 
  0xE0FF, 0xE0FF, 0xE0FF, 0xE0FF, 0xE0FF, 0xE0FF, 0xE0FF, 0xE0FF, 0xE0FF, 0xC0FF, 0xC0FF, 0xE1FF, 0xE9CF, 0xEE97, 0xEF9F, 0xEE9F, 
  0xCCA7, 0xF9E7, 0xFFFF, 0xFEFF, 0xFFFF, 0xFFFF, 0xFFFF, 0xFFFF, 0xFFFF, 0xFFFF, 0xFFFF, 0xFFFF, 0xFFFF, 0xFFFF, 0xF9EF, 0xCDAF, 
  0xEBA7, 0xEF9F, 0xD09F, 0xA95B, 0x2742, 0x283A, 0xA842, 0x2C8F, 0xF0B7, 0xFEFF, 0xFDF7, 0xF0B7, 0x2D8F, 0x873A, 0x6842, 0x8942, 
  0x4842, 0xE94A, 0x6842, 0x094B, 0xAC5B, 0x6C63, 0x884B, 0x50AF, 0xFDF7, 0xFFFF, 0xD4CF, 0xEEA7, 0x6C75, 0x6842, 0xCA4A, 0x273A, 
  0x2842, 0x2842, 0x4842, 0xEA4A, 0x4B5B, 0x684A, 0x2742, 0xA942, 0xAC63, 0x2B53, 0xA94A, 0x894A, 0xA94A, 0x273A, 0x073A, 0x8842, 
  0x0B53, 0xC94A, 0x473A, 0x473A, 0xA94A, 0xA94A, 0xA94A, 0x6C5B, 0x0A53, 0x0A53, 0x894A, 0x6842, 0x894A, 0xA94A, 0xC842, 0x4B53, 
  0xEA52, 0x694A, 0x694A, 0x894A, 0x4842, 0x8942, 0xEA4A, 0x0A4B, 0x4B53, 0xEA52, 0x6742, 0xCA4A, 0x8842, 0x0B6D, 0xF19F, 0xEF9F, 
  0xECA7, 0xEBAF, 0xEBA7, 0xEBA7, 0xECAF, 0xE8DF, 0xC2FF, 0xC0FF, 0xE0FF, 0xE0FF, 0xE0FF, 0xE0FF, 0xE0FF, 0xE0FF, 0xE0FF, 0xE0FF, 
  0xE0FF, 0xE0FF, 0xE0FF, 0xE0FF, 0xE0FF, 0xE0FF, 0xE0FF, 0xE0FF, 0xE0FF, 0xE0FF, 0xE0FF, 0xE0FF, 0xE0FF, 0xE0FF, 0xE0FF, 0xE0FF, 
  0xE0FF, 0xE0FF, 0xE0FF, 0xE0FF, 0xE0FF, 0xE0FF, 0xE0FF, 0xE0FF, 0xE0FF, 0xE0FF, 0xE0FF, 0xE0FF, 0xE0FF, 0xE0FF, 0xE0FF, 0xE0FF, 
  0xE0FF, 0xE0FF, 0xE0FF, 0xE0FF, 0xE0FF, 0xE0FF, 0xE0FF, 0xE0FF, 0xE0FF, 0xE0FF, 0xE0FF, 0xE0FF, 0xE0FF, 0xE0FF, 0xE0FF, 0xE0FF, 
  0xE0FF, 0xE0FF, 0xE0FF, 0xE0FF, 0xE0FF, 0xE0FF, 0xE0FF, 0xE0FF, 0xE0FF, 0xE0FF, 0xE0FF, 0xE0FF, 0xE0FF, 0xE0FF, 0xE0FF, 0xE0FF, 
  0xE0FF, 0xE0FF, 0xE0FF, 0xE0FF, 0xE0FF, 0xE0FF, 0xE0FF, 0xE0FF, 0xE0FF, 0xE0FF, 0xE0FF, 0xE0FF, 0xE0FF, 0xE0FF, 0xE0FF, 0xE0FF, 
  0xE0FF, 0xE0FF, 0xE0FF, 0xE0FF, 0xE0FF, 0xE0FF, 0xE0FF, 0xE0FF, 0xE0FF, 0xE0FF, 0xE0FF, 0xE0FF, 0xE0FF, 0xE0FF, 0xE0FF, 0xE0FF, 
  0xE0FF, 0xE0FF, 0xE0FF, 0xE0FF, 0xE0FF, 0xE0FF, 0xE0FF, 0xE0FF, 0xE0FF, 0xE0FF, 0xE0FF, 0xE0FF, 0xE0FF, 0xE0FF, 0xE0FF, 0xE0FF, 
  0xE0FF, 0xE0FF, 0xE0FF, 0xE0FF, 0xE0FF, 0xE0FF, 0xE0FF, 0xE0FF, 0xE0FF, 0xE0F7, 0xE0FF, 0xE5EF, 0xCDA7, 0xEF97, 0xEF97, 0xED97, 
  0xCBA7, 0xDAE7, 0xFFFF, 0xFFFF, 0xFFFF, 0xFFFF, 0xFFFF, 0xFFFF, 0xFFFF, 0xFFFF, 0xFFFF, 0xFFFF, 0xFFFF, 0xFAEF, 0xCDB7, 0xEBA7, 
  0xED9F, 0xF0A7, 0x4C6D, 0xE631, 0xA84A, 0xE942, 0x0C64, 0xCF9F, 0xD3C7, 0xFFFF, 0xD7D7, 0xEEA7, 0xAD7D, 0x6842, 0x8952, 0x8942, 
  0x6842, 0x8942, 0x4842, 0xA94A, 0x8842, 0xC731, 0x895C, 0xF6D7, 0xFFFF, 0xFEFF, 0xAEB7, 0xEF9F, 0x8B64, 0x073A, 0x2842, 0x273A, 
  0x694A, 0xA94A, 0x273A, 0x0A4B, 0xA94A, 0x4842, 0x2742, 0x6842, 0xA942, 0xA94A, 0x6842, 0xCA4A, 0xEA52, 0x6842, 0xEA52, 0xC94A, 
  0xC942, 0x0A53, 0xA94A, 0x894A, 0xAA52, 0x6842, 0x8942, 0xCA4A, 0xEA4A, 0x673A, 0x8842, 0xC94A, 0xC942, 0xAC5B, 0xCC5B, 0x2A4B, 
  0x8942, 0x6842, 0x6842, 0x694A, 0x694A, 0x273A, 0xEA4A, 0xCD63, 0x4A53, 0x6942, 0x8842, 0xEA52, 0x6A52, 0x263A, 0xCD75, 0xEF9F, 
  0xCE9F, 0xECAF, 0xCBAF, 0xEBAF, 0xEBAF, 0xCBAF, 0xE8DF, 0xC1FF, 0xE0FF, 0xE0FF, 0xC0FF, 0xE0FF, 0xE0FF, 0xE0FF, 0xE0FF, 0xE0FF, 
  0xE0FF, 0xE0FF, 0xE0FF, 0xE0FF, 0xE0FF, 0xE0FF, 0xE0FF, 0xE0FF, 0xE0FF, 0xE0FF, 0xE0FF, 0xE0FF, 0xE0FF, 0xE0FF, 0xE0FF, 0xE0FF, 
  0xE0FF, 0xE0FF, 0xE0FF, 0xE0FF, 0xE0FF, 0xE0FF, 0xE0FF, 0xE0FF, 0xE0FF, 0xE0FF, 0xE0FF, 0xE0FF, 0xE0FF, 0xE0FF, 0xE0FF, 0xE0FF, 
  0xE0FF, 0xE0FF, 0xE0FF, 0xE0FF, 0xE0FF, 0xE0FF, 0xE0FF, 0xE0FF, 0xE0FF, 0xE0FF, 0xE0FF, 0xE0FF, 0xE0FF, 0xE0FF, 0xE0FF, 0xE0FF, 
  0xE0FF, 0xE0FF, 0xE0FF, 0xE0FF, 0xE0FF, 0xE0FF, 0xE0FF, 0xE0FF, 0xE0FF, 0xE0FF, 0xE0FF, 0xE0FF, 0xE0FF, 0xE0FF, 0xE0FF, 0xE0FF, 
  0xE0FF, 0xE0FF, 0xE0FF, 0xE0FF, 0xE0FF, 0xE0FF, 0xE0FF, 0xE0FF, 0xE0FF, 0xE0FF, 0xE0FF, 0xE0FF, 0xE0FF, 0xE0FF, 0xE0FF, 0xE0FF, 
  0xE0FF, 0xE0FF, 0xE0FF, 0xE0FF, 0xE0FF, 0xE0FF, 0xE0FF, 0xE0FF, 0xE0FF, 0xE0FF, 0xE0FF, 0xE0FF, 0xE0FF, 0xE0FF, 0xE0FF, 0xE0FF, 
  0xE0FF, 0xE0FF, 0xE0FF, 0xE0FF, 0xE0FF, 0xE0FF, 0xE0FF, 0xE0FF, 0xE0FF, 0xE0FF, 0xE0FF, 0xE0FF, 0xE0FF, 0xE0FF, 0xE0FF, 0xE0FF, 
  0xE0FF, 0xE0FF, 0xE0FF, 0xE0FF, 0xE0FF, 0xE0FF, 0xE0FF, 0xE0FF, 0xC0FF, 0xE0FF, 0xE4EF, 0xEAB7, 0xEC9F, 0xEE9F, 0xCF9F, 0xEE97, 
  0xCBA7, 0xD7DF, 0xFFFF, 0xFFFF, 0xFFFF, 0xFFFF, 0xFFFF, 0xFFFF, 0xFFFF, 0xFFFF, 0xFFFF, 0xFFFF, 0xFBEF, 0xAEB7, 0xEBA7, 0xEE9F, 
  0xF09F, 0xCF8E, 0x873A, 0xA84A, 0xEA4A, 0x2E6C, 0xEC7D, 0xEE9F, 0xD7DF, 0xFEFF, 0xD0BF, 0xEE9F, 0x0954, 0x8942, 0x2842, 0x6842, 
  0xC94A, 0x894A, 0xA94A, 0x4842, 0x4842, 0x473A, 0x6E96, 0xFBF7, 0xFFFF, 0xD9E7, 0xCCA7, 0xEF9F, 0x0B5C, 0x4942, 0x4842, 0x4842, 
  0xEA52, 0xA94A, 0x8942, 0xA842, 0xA942, 0xA94A, 0x894A, 0x6842, 0x6842, 0x0A5B, 0x6842, 0xEA4A, 0xA94A, 0x483A, 0x8C63, 0xC94A, 
  0x8842, 0xC94A, 0x6842, 0x6842, 0x894A, 0x8942, 0xA94A, 0x6842, 0xCA4A, 0xEA52, 0x8C5B, 0x4A4B, 0x2A4B, 0xA842, 0x2A53, 0xA94A, 
  0x694A, 0x694A, 0x0732, 0x6842, 0x6842, 0x894A, 0xA94A, 0x8842, 0x0A53, 0x4842, 0xC94A, 0xCA42, 0x884A, 0xCA52, 0x2943, 0x8F9F, 
  0xEE9F, 0xEB9F, 0xECAF, 0xCDB7, 0xEAAF, 0xECA7, 0xECA7, 0xE5E7, 0xE0FF, 0xC1FF, 0xC0FF, 0xE0FF, 0xE0FF, 0xE0FF, 0xE0FF, 0xE0FF, 
  0xE0FF, 0xE0FF, 0xE0FF, 0xE0FF, 0xE0FF, 0xE0FF, 0xE0FF, 0xE0FF, 0xE0FF, 0xE0FF, 0xE0FF, 0xE0FF, 0xE0FF, 0xE0FF, 0xE0FF, 0xE0FF, 
  0xE0FF, 0xE0FF, 0xE0FF, 0xE0FF, 0xE0FF, 0xE0FF, 0xE0FF, 0xE0FF, 0xE0FF, 0xE0FF, 0xE0FF, 0xE0FF, 0xE0FF, 0xE0FF, 0xE0FF, 0xE0FF, 
  0xE0FF, 0xE0FF, 0xE0FF, 0xE0FF, 0xE0FF, 0xE0FF, 0xE0FF, 0xE0FF, 0xE0FF, 0xE0FF, 0xE0FF, 0xE0FF, 0xE0FF, 0xE0FF, 0xE0FF, 0xE0FF, 
  0xE0FF, 0xE0FF, 0xE0FF, 0xE0FF, 0xE0FF, 0xE0FF, 0xE0FF, 0xE0FF, 0xE0FF, 0xE0FF, 0xE0FF, 0xE0FF, 0xE0FF, 0xE0FF, 0xE0FF, 0xE0FF, 
  0xE0FF, 0xE0FF, 0xE0FF, 0xE0FF, 0xE0FF, 0xE0FF, 0xE0FF, 0xE0FF, 0xE0FF, 0xE0FF, 0xE0FF, 0xE0FF, 0xE0FF, 0xE0FF, 0xE0FF, 0xE0FF, 
  0xE0FF, 0xE0FF, 0xE0FF, 0xE0FF, 0xE0FF, 0xE0FF, 0xE0FF, 0xE0FF, 0xE0FF, 0xE0FF, 0xE0FF, 0xE0FF, 0xE0FF, 0xE0FF, 0xE0FF, 0xE0FF, 
  0xE0FF, 0xE0FF, 0xE0FF, 0xE0FF, 0xE0FF, 0xE0FF, 0xE0FF, 0xE0FF, 0xE0FF, 0xE0FF, 0xE0FF, 0xE0FF, 0xE0FF, 0xE0FF, 0xE0FF, 0xE0FF, 
  0xE0FF, 0xE0FF, 0xE0FF, 0xE0FF, 0xE0FF, 0xE0FF, 0xE0FF, 0xE0FF, 0xC0FF, 0xC4F7, 0xCBBF, 0xECA7, 0xED9F, 0xCF97, 0xD2B7, 0xF1AF, 
  0xCC9F, 0xD1C7, 0xFEFF, 0xFFFF, 0xFFFF, 0xFFFF, 0xFFFF, 0xFFFF, 0xFFFF, 0xFFFF, 0xFFFF, 0xFBEF, 0xCEB7, 0xEBA7, 0xEE9F, 0xEF9F, 
  0xB09F, 0x694B, 0x0842, 0x894A, 0x0B53, 0xE842, 0x8C7E, 0xEDA7, 0xD3CF, 0xB4D7, 0xEEA7, 0xCE8E, 0xA742, 0x6942, 0x8842, 0xEA4A, 
  0x0A53, 0x0A4B, 0x8942, 0xEA4A, 0x694A, 0x495C, 0xD3BF, 0xFEFF, 0xFFFF, 0xD3CF, 0xCC9F, 0xEF97, 0x8A53, 0x0842, 0x4842, 0x073A, 
  0x6842, 0x4842, 0xAA52, 0x894A, 0x4842, 0x2842, 0x0742, 0x4842, 0xA942, 0xEA4A, 0xE94A, 0xC94A, 0x8842, 0xA942, 0xA94A, 0x0A53, 
  0x0A53, 0xE94A, 0xEA4A, 0xC94A, 0x8942, 0x6842, 0xA94A, 0xA94A, 0xEA52, 0x283A, 0x4842, 0xE94A, 0xA842, 0xC94A, 0xEA52, 0x6842, 
  0x2842, 0x694A, 0x0A53, 0x2A53, 0x0A53, 0xA94A, 0x273A, 0xA94A, 0xC94A, 0xE94A, 0xC94A, 0xEA4A, 0xA842, 0xA84A, 0x873A, 0x2D86, 
  0xEFA7, 0xEA9F, 0xD0BF, 0xD4CF, 0xEBA7, 0xEBAF, 0xEBA7, 0xEAAF, 0xE5F7, 0xC0FF, 0xE0FF, 0xE0FF, 0xE0FF, 0xE0FF, 0xE0FF, 0xE0FF, 
  0xE0FF, 0xE0FF, 0xE0FF, 0xE0FF, 0xE0FF, 0xE0FF, 0xE0FF, 0xE0FF, 0xE0FF, 0xE0FF, 0xE0FF, 0xE0FF, 0xE0FF, 0xE0FF, 0xE0FF, 0xE0FF, 
  0xE0FF, 0xE0FF, 0xE0FF, 0xE0FF, 0xE0FF, 0xE0FF, 0xE0FF, 0xE0FF, 0xE0FF, 0xE0FF, 0xE0FF, 0xE0FF, 0xE0FF, 0xE0FF, 0xE0FF, 0xE0FF, 
  0xE0FF, 0xE0FF, 0xE0FF, 0xE0FF, 0xE0FF, 0xE0FF, 0xE0FF, 0xE0FF, 0xE0FF, 0xE0FF, 0xE0FF, 0xE0FF, 0xE0FF, 0xE0FF, 0xE0FF, 0xE0FF, 
  0xE0FF, 0xE0FF, 0xE0FF, 0xE0FF, 0xE0FF, 0xE0FF, 0xE0FF, 0xE0FF, 0xE0FF, 0xE0FF, 0xE0FF, 0xE0FF, 0xE0FF, 0xE0FF, 0xE0FF, 0xE0FF, 
  0xE0FF, 0xE0FF, 0xE0FF, 0xE0FF, 0xE0FF, 0xE0FF, 0xE0FF, 0xE0FF, 0xE0FF, 0xE0FF, 0xE0FF, 0xE0FF, 0xE0FF, 0xE0FF, 0xE0FF, 0xE0FF, 
  0xE0FF, 0xE0FF, 0xE0FF, 0xE0FF, 0xE0FF, 0xE0FF, 0xE0FF, 0xE0FF, 0xE0FF, 0xE0FF, 0xE0FF, 0xE0FF, 0xE0FF, 0xE0FF, 0xE0FF, 0xE0FF, 
  0xE0FF, 0xE0FF, 0xE0FF, 0xE0FF, 0xE0FF, 0xE0FF, 0xE0FF, 0xE0FF, 0xE0FF, 0xE0FF, 0xE0FF, 0xE0FF, 0xE0FF, 0xE0FF, 0xE0FF, 0xE0FF, 
  0xE0FF, 0xE0FF, 0xE0FF, 0xE0FF, 0xE0FF, 0xE0FF, 0xE0FF, 0xC0FF, 0xE2FF, 0xE8CF, 0xEBA7, 0xEBA7, 0xEE9F, 0xF3B7, 0xF4CF, 0xD1A7, 
  0xEC9F, 0xCDAF, 0xFBEF, 0xFFFF, 0xFFFF, 0xFFFF, 0xFFFF, 0xFFFF, 0xFFFF, 0xFFFF, 0xFEF7, 0xD0BF, 0xEBA7, 0xED9F, 0xCF9F, 0xF0A7, 
  0x8A5C, 0x4842, 0x4842, 0x6942, 0x273A, 0xE842, 0x7097, 0xEDA7, 0xCCAF, 0xCCA7, 0xEF9F, 0xAA64, 0x4842, 0xCA52, 0xC942, 0x8842, 
  0xE94A, 0x8842, 0x8A4A, 0xC94A, 0x4842, 0xCC75, 0xF7DF, 0xFFFF, 0xFDFF, 0xCFB7, 0xED9F, 0x8F97, 0x8A53, 0x6942, 0xC94A, 0xA94A, 
  0x273A, 0x6842, 0x484A, 0x4842, 0xA94A, 0x4842, 0x6942, 0x8942, 0x0A4B, 0x4B53, 0x8B5B, 0x0A4B, 0xA94A, 0x8842, 0xEA4A, 0x4B53, 
  0x2A4B, 0xA842, 0x2B5B, 0x6842, 0x073A, 0x4842, 0xAA4A, 0x6842, 0x2842, 0x4842, 0xCA4A, 0x2B53, 0xEA52, 0x2B53, 0x2A4B, 0xCA4A, 
  0x6942, 0xA94A, 0x6C5B, 0xE94A, 0x0A53, 0x894A, 0x273A, 0x8942, 0x6B5B, 0x0A53, 0xEA52, 0xE94A, 0x6A53, 0x6D6C, 0xEB5B, 0xCD75, 
  0xEFA7, 0xCBA7, 0xB4CF, 0xFCEF, 0xCDB7, 0xEBAF, 0xECAF, 0xEBA7, 0xEABF, 0xE2FF, 0xE0FF, 0xE0FF, 0xE0FF, 0xE0FF, 0xE0FF, 0xE0FF, 
  0xE0FF, 0xE0FF, 0xE0FF, 0xE0FF, 0xE0FF, 0xE0FF, 0xE0FF, 0xE0FF, 0xE0FF, 0xE0FF, 0xE0FF, 0xE0FF, 0xE0FF, 0xE0FF, 0xE0FF, 0xE0FF, 
  0xE0FF, 0xE0FF, 0xE0FF, 0xE0FF, 0xE0FF, 0xE0FF, 0xE0FF, 0xE0FF, 0xE0FF, 0xE0FF, 0xE0FF, 0xE0FF, 0xE0FF, 0xE0FF, 0xE0FF, 0xE0FF, 
  0xE0FF, 0xE0FF, 0xE0FF, 0xE0FF, 0xE0FF, 0xE0FF, 0xE0FF, 0xE0FF, 0xE0FF, 0xE0FF, 0xE0FF, 0xE0FF, 0xE0FF, 0xE0FF, 0xE0FF, 0xE0FF, 
  0xE0FF, 0xE0FF, 0xE0FF, 0xE0FF, 0xE0FF, 0xE0FF, 0xE0FF, 0xE0FF, 0xE0FF, 0xE0FF, 0xE0FF, 0xE0FF, 0xE0FF, 0xE0FF, 0xE0FF, 0xE0FF, 
  0xE0FF, 0xE0FF, 0xE0FF, 0xE0FF, 0xE0FF, 0xE0FF, 0xE0FF, 0xE0FF, 0xE0FF, 0xE0FF, 0xE0FF, 0xE0FF, 0xE0FF, 0xE0FF, 0xE0FF, 0xE0FF, 
  0xE0FF, 0xE0FF, 0xE0FF, 0xE0FF, 0xE0FF, 0xE0FF, 0xE0FF, 0xE0FF, 0xE0FF, 0xE0FF, 0xE0FF, 0xE0FF, 0xE0FF, 0xE0FF, 0xE0FF, 0xE0FF, 
  0xE0FF, 0xE0FF, 0xE0FF, 0xE0FF, 0xE0FF, 0xE0FF, 0xE0FF, 0xE0FF, 0xE0FF, 0xE0FF, 0xE0FF, 0xE0FF, 0xE0FF, 0xE0FF, 0xE0FF, 0xE0FF, 
  0xE0FF, 0xE0FF, 0xE0FF, 0xE0FF, 0xE0FF, 0xC0FF, 0xE0F7, 0xC0FF, 0xE6E7, 0xEBAF, 0xEBAF, 0xEDA7, 0xEE97, 0xD0AF, 0xD0AF, 0xCF9F, 
  0xEE9F, 0xEBA7, 0xD3D7, 0xFFFF, 0xFFFF, 0xFFFF, 0xFFFF, 0xFFFF, 0xFFFF, 0xFEFF, 0xD3CF, 0xCBAF, 0xED9F, 0xCF97, 0xEFA7, 0xCD75, 
  0x883A, 0x894A, 0x6842, 0xC94A, 0x8A4A, 0x894B, 0xB09F, 0xEE9F, 0xECA7, 0xEE9F, 0x5097, 0xE842, 0xA94A, 0x0A53, 0x0A53, 0x6B5B, 
  0xA942, 0xA94A, 0x6842, 0xEA52, 0xA73A, 0x0F9F, 0xFBEF, 0xFFFF, 0xDAEF, 0xCCAF, 0xEEA7, 0x0E8F, 0x2943, 0xC94A, 0xC94A, 0xAC5B, 
  0x0A53, 0x6842, 0x894A, 0x4842, 0x894A, 0x894A, 0x4842, 0x6942, 0x894A, 0x8842, 0x0A4B, 0xCA4A, 0xA94A, 0xA94A, 0xC94A, 0x2A4B, 
  0x0A4B, 0xA94A, 0x684A, 0xE739, 0x484A, 0x894A, 0x6842, 0xEA52, 0xE94A, 0xA942, 0x8842, 0x0A4B, 0xC942, 0x6B5B, 0x0A4B, 0x8942, 
  0x2842, 0x894A, 0xA942, 0x6942, 0x8942, 0xA94A, 0xCA52, 0xCA4A, 0x2A53, 0x8B53, 0xAB53, 0x4B53, 0xC94A, 0xC94A, 0x473A, 0x6C75, 
  0xEFA7, 0xCB9F, 0xD6DF, 0xFFFF, 0xB2C7, 0xEAA7, 0xEBAF, 0xEBAF, 0xCDAF, 0xE7DF, 0xE0FF, 0xE0FF, 0xE0FF, 0xE0FF, 0xE0FF, 0xE0FF, 
  0xE0FF, 0xE0FF, 0xE0FF, 0xE0FF, 0xE0FF, 0xE0FF, 0xE0FF, 0xE0FF, 0xE0FF, 0xE0FF, 0xE0FF, 0xE0FF, 0xE0FF, 0xE0FF, 0xE0FF, 0xE0FF, 
  0xE0FF, 0xE0FF, 0xE0FF, 0xE0FF, 0xE0FF, 0xE0FF, 0xE0FF, 0xE0FF, 0xE0FF, 0xE0FF, 0xE0FF, 0xE0FF, 0xE0FF, 0xE0FF, 0xE0FF, 0xE0FF, 
  0xE0FF, 0xE0FF, 0xE0FF, 0xE0FF, 0xE0FF, 0xE0FF, 0xE0FF, 0xE0FF, 0xE0FF, 0xE0FF, 0xE0FF, 0xE0FF, 0xE0FF, 0xE0FF, 0xE0FF, 0xE0FF, 
  0xE0FF, 0xE0FF, 0xE0FF, 0xE0FF, 0xE0FF, 0xE0FF, 0xE0FF, 0xE0FF, 0xE0FF, 0xE0FF, 0xE0FF, 0xE0FF, 0xE0FF, 0xE0FF, 0xE0FF, 0xE0FF, 
  0xE0FF, 0xE0FF, 0xE0FF, 0xE0FF, 0xE0FF, 0xE0FF, 0xE0FF, 0xE0FF, 0xE0FF, 0xE0FF, 0xE0FF, 0xE0FF, 0xE0FF, 0xE0FF, 0xE0FF, 0xE0FF, 
  0xE0FF, 0xE0FF, 0xE0FF, 0xE0FF, 0xE0FF, 0xE0FF, 0xE0FF, 0xE0FF, 0xE0FF, 0xE0FF, 0xE0FF, 0xE0FF, 0xE0FF, 0xE0FF, 0xE0FF, 0xE0FF, 
  0xE0FF, 0xE0FF, 0xE0FF, 0xE0FF, 0xE0FF, 0xE0FF, 0xE0FF, 0xE0FF, 0xE0FF, 0xE0FF, 0xE0FF, 0xE0FF, 0xE0FF, 0xE0FF, 0xE0FF, 0xE0FF, 
  0xE0FF, 0xE0FF, 0xE0FF, 0xE0FF, 0xE0FF, 0xE0FF, 0xC0FF, 0xE2F7, 0xEABF, 0xECA7, 0xECAF, 0xCDA7, 0xEE9F, 0xEE97, 0xEE97, 0xEF9F, 
  0xEF97, 0xECA7, 0xCCB7, 0xFBE7, 0xFFFF, 0xFFFF, 0xFFFF, 0xFFFF, 0xFFFF, 0xD6D7, 0xABAF, 0xEDA7, 0xEE97, 0xF09F, 0x8E8E, 0xE942, 
  0xCA4A, 0xC952, 0xA94A, 0xC94A, 0xEA4A, 0xA94B, 0x90A7, 0xEF9F, 0xEE97, 0xF0A7, 0xCB6C, 0x283A, 0x493A, 0x8842, 0xA942, 0x2B53, 
  0xEA4A, 0xC94A, 0xEA4A, 0xAA4A, 0xA84B, 0xB3B7, 0xFDF7, 0xFFFF, 0xD7DF, 0xCBA7, 0xEEA7, 0x4E86, 0x6732, 0xA94A, 0xEA52, 0xA94A, 
  0x6842, 0x894A, 0x6942, 0x694A, 0x894A, 0x073A, 0x2842, 0x0842, 0x4842, 0xA94A, 0xA94A, 0x8842, 0x6842, 0x6842, 0x6842, 0xA94A, 
  0xA94A, 0x4842, 0x6842, 0x6842, 0xCA52, 0x6942, 0x0A53, 0x4E6C, 0xE942, 0xC94A, 0xCD63, 0xE94A, 0x6842, 0x8842, 0xA942, 0x273A, 
  0x484A, 0x684A, 0x894A, 0x894A, 0xC94A, 0xA94A, 0x6842, 0x8942, 0x294B, 0x8A53, 0x4A4B, 0xE94A, 0x6842, 0xAA4A, 0x073A, 0x2A5C, 
  0xF09F, 0xCC9F, 0xD8DF, 0xFFFF, 0xF8E7, 0xCBAF, 0xEBA7, 0xECB7, 0xCEBF, 0xCAB7, 0xE2F7, 0xE0FF, 0xE0FF, 0xE0FF, 0xE0FF, 0xE0FF, 
  0xC0FF, 0xE0FF, 0xE0FF, 0xE0FF, 0xE0FF, 0xE0FF, 0xE0FF, 0xE0FF, 0xE0FF, 0xE0FF, 0xE0FF, 0xE0FF, 0xE0FF, 0xE0FF, 0xE0FF, 0xE0FF, 
  0xE0FF, 0xE0FF, 0xE0FF, 0xE0FF, 0xE0FF, 0xE0FF, 0xE0FF, 0xE0FF, 0xE0FF, 0xE0FF, 0xE0FF, 0xE0FF, 0xE0FF, 0xE0FF, 0xE0FF, 0xE0FF, 
  0xE0FF, 0xE0FF, 0xE0FF, 0xE0FF, 0xE0FF, 0xE0FF, 0xE0FF, 0xE0FF, 0xE0FF, 0xE0FF, 0xE0FF, 0xE0FF, 0xE0FF, 0xE0FF, 0xE0FF, 0xE0FF, 
  0xE0FF, 0xE0FF, 0xE0FF, 0xE0FF, 0xE0FF, 0xE0FF, 0xE0FF, 0xE0FF, 0xE0FF, 0xE0FF, 0xE0FF, 0xE0FF, 0xE0FF, 0xE0FF, 0xE0FF, 0xE0FF, 
  0xE0FF, 0xE0FF, 0xE0FF, 0xE0FF, 0xE0FF, 0xE0FF, 0xE0FF, 0xE0FF, 0xE0FF, 0xE0FF, 0xE0FF, 0xE0FF, 0xE0FF, 0xE0FF, 0xE0FF, 0xE0FF, 
  0xE0FF, 0xE0FF, 0xE0FF, 0xE0FF, 0xE0FF, 0xE0FF, 0xE0FF, 0xE0FF, 0xE0FF, 0xE0FF, 0xE0FF, 0xE0FF, 0xE0FF, 0xE0FF, 0xE0FF, 0xE0FF, 
  0xE0FF, 0xE0FF, 0xE0FF, 0xE0FF, 0xE0FF, 0xE0FF, 0xE0FF, 0xE0FF, 0xE0FF, 0xE0FF, 0xE0FF, 0xE0FF, 0xE0FF, 0xE0FF, 0xE0FF, 0xE0FF, 
  0xE0FF, 0xE0FF, 0xE0FF, 0xE0FF, 0xE0FF, 0xE0FF, 0xE0FF, 0xE6DF, 0xEAAF, 0xEBAF, 0xECA7, 0xED9F, 0xEE9F, 0xEF97, 0xEF97, 0xEF9F, 
  0xEE9F, 0xEE9F, 0xEAA7, 0xB1C7, 0xFEFF, 0xFFFF, 0xFFFF, 0xFFFF, 0xD9E7, 0xACAF, 0xECA7, 0xEE97, 0xEF9F, 0xCF96, 0x8632, 0xC94A, 
  0x8B5B, 0xC94A, 0xCA4A, 0xC942, 0xA942, 0x6843, 0xAF9F, 0xEE97, 0xF19F, 0x6D7D, 0x253A, 0xC94A, 0x894A, 0x6842, 0x8942, 0x6842, 
  0x8842, 0xC94A, 0x4B5B, 0x8A4A, 0xEB64, 0xF4CF, 0xFEFF, 0xFFFF, 0xD4D7, 0xCAA7, 0xEEA7, 0x6D75, 0x6842, 0xC94A, 0x6942, 0xCA4A, 
  0x8942, 0x894A, 0x894A, 0x6842, 0xC94A, 0x894A, 0x4842, 0x4842, 0x6842, 0x894A, 0x8942, 0x0A53, 0x8942, 0x273A, 0x894A, 0x0742, 
  0x2842, 0x2842, 0x894A, 0xEA4A, 0x8842, 0x8842, 0x0A53, 0xE94A, 0x673A, 0xE94A, 0x8842, 0x8842, 0x4B5B, 0xEA52, 0xEA52, 0xCA52, 
  0x694A, 0x6842, 0x8942, 0x6942, 0x8842, 0x4842, 0x283A, 0xC942, 0xEA4A, 0xA94A, 0xEA52, 0xC94A, 0x4B5B, 0x8B5B, 0x473A, 0x294B, 
  0xAF97, 0xEC9F, 0xD7DF, 0xFFFF, 0xFCEF, 0xCDAF, 0xEAA7, 0xCCAF, 0xCCAF, 0xECA7, 0xE6DF, 0xE0FF, 0xC0FF, 0xC0FF, 0xE0FF, 0xE0FF, 
  0xC0FF, 0xE0FF, 0xE0FF, 0xE0FF, 0xE0FF, 0xE0FF, 0xE0FF, 0xE0FF, 0xE0FF, 0xE0FF, 0xE0FF, 0xE0FF, 0xE0FF, 0xE0FF, 0xE0FF, 0xE0FF, 
  0xE0FF, 0xE0FF, 0xE0FF, 0xE0FF, 0xE0FF, 0xE0FF, 0xE0FF, 0xE0FF, 0xE0FF, 0xE0FF, 0xE0FF, 0xE0FF, 0xE0FF, 0xE0FF, 0xE0FF, 0xE0FF, 
  0xE0FF, 0xE0FF, 0xE0FF, 0xE0FF, 0xE0FF, 0xE0FF, 0xE0FF, 0xE0FF, 0xE0FF, 0xE0FF, 0xE0FF, 0xE0FF, 0xE0FF, 0xE0FF, 0xE0FF, 0xE0FF, 
  0xE0FF, 0xE0FF, 0xE0FF, 0xE0FF, 0xE0FF, 0xE0FF, 0xE0FF, 0xE0FF, 0xE0FF, 0xE0FF, 0xE0FF, 0xE0FF, 0xE0FF, 0xE0FF, 0xE0FF, 0xE0FF, 
  0xE0FF, 0xE0FF, 0xE0FF, 0xE0FF, 0xE0FF, 0xE0FF, 0xE0FF, 0xE0FF, 0xE0FF, 0xE0FF, 0xE0FF, 0xE0FF, 0xE0FF, 0xE0FF, 0xE0FF, 0xE0FF, 
  0xE0FF, 0xE0FF, 0xE0FF, 0xE0FF, 0xE0FF, 0xE0FF, 0xE0FF, 0xE0FF, 0xE0FF, 0xE0FF, 0xE0FF, 0xE0FF, 0xE0FF, 0xE0FF, 0xE0FF, 0xE0FF, 
  0xE0FF, 0xE0FF, 0xE0FF, 0xE0FF, 0xE0FF, 0xE0FF, 0xE0FF, 0xE0FF, 0xE0FF, 0xE0FF, 0xE0FF, 0xE0FF, 0xE0FF, 0xE0FF, 0xE0FF, 0xE0FF, 
  0xE0FF, 0xE0FF, 0xE0FF, 0xE0FF, 0xE0FF, 0xE0FF, 0xE2F7, 0xACCF, 0xCDB7, 0xEAAF, 0xECA7, 0xEE97, 0xEF9F, 0xAE97, 0x6C7E, 0xEF9F, 
  0xEE9F, 0xEF97, 0xECA7, 0xCAAF, 0xF9EF, 0xFFFF, 0xFFFF, 0xFBEF, 0xCDB7, 0xEBA7, 0xCE9F, 0xEE9F, 0x2F97, 0x4953, 0x684A, 0xEA4A, 
  0x2A53, 0xA94A, 0xCA4A, 0x0A4B, 0xEA52, 0x6A53, 0x4F9F, 0xEF9F, 0x2D86, 0x473A, 0x2842, 0x884A, 0xA94A, 0x894A, 0xA952, 0x894A, 
  0x894A, 0xA94A, 0xC942, 0x283A, 0xAB75, 0xF6D7, 0xFFFF, 0xFFFF, 0xF4CF, 0xCAA7, 0xEFA7, 0xAC64, 0x6942, 0x8842, 0x6942, 0x8942, 
  0x894A, 0x894A, 0x8942, 0x683A, 0xA94A, 0x8942, 0x6842, 0x4842, 0x4842, 0xCA4A, 0xCA4A, 0x4842, 0x6842, 0x4842, 0x073A, 0x4842, 
  0x2842, 0x2842, 0xA94A, 0x683A, 0xEA4A, 0xEA4A, 0x4842, 0x684A, 0xCA52, 0xEA52, 0x6842, 0xA942, 0x883A, 0xA942, 0x0A53, 0x6842, 
  0x6842, 0xCA4A, 0xA94A, 0x894A, 0xEA52, 0xA94A, 0x0B5B, 0xEA52, 0x0A4B, 0xA94A, 0x2B53, 0x6842, 0x273A, 0xEA52, 0x894A, 0x6842, 
  0xEE8E, 0xEC9F, 0xD3CF, 0xFFFF, 0xFCF7, 0xCFB7, 0xEBA7, 0xEDA7, 0xEBA7, 0xEBAF, 0xE9C7, 0xE1FF, 0xC0FF, 0xC0FF, 0xE0FF, 0xE0FF, 
  0xC0FF, 0xE0FF, 0xE0FF, 0xE0FF, 0xE0FF, 0xE0FF, 0xE0FF, 0xE0FF, 0xE0FF, 0xE0FF, 0xE0FF, 0xE0FF, 0xE0FF, 0xE0FF, 0xE0FF, 0xE0FF, 
  0xE0FF, 0xE0FF, 0xE0FF, 0xE0FF, 0xE0FF, 0xE0FF, 0xE0FF, 0xE0FF, 0xE0FF, 0xE0FF, 0xE0FF, 0xE0FF, 0xE0FF, 0xE0FF, 0xE0FF, 0xE0FF, 
  0xE0FF, 0xE0FF, 0xE0FF, 0xE0FF, 0xE0FF, 0xE0FF, 0xE0FF, 0xE0FF, 0xE0FF, 0xE0FF, 0xE0FF, 0xE0FF, 0xE0FF, 0xE0FF, 0xE0FF, 0xE0FF, 
  0xE0FF, 0xE0FF, 0xE0FF, 0xE0FF, 0xE0FF, 0xE0FF, 0xE0FF, 0xE0FF, 0xE0FF, 0xE0FF, 0xE0FF, 0xE0FF, 0xE0FF, 0xE0FF, 0xE0FF, 0xE0FF, 
  0xE0FF, 0xE0FF, 0xE0FF, 0xE0FF, 0xE0FF, 0xE0FF, 0xE0FF, 0xE0FF, 0xE0FF, 0xE0FF, 0xE0FF, 0xE0FF, 0xE0FF, 0xE0FF, 0xE0FF, 0xE0FF, 
  0xE0FF, 0xE0FF, 0xE0FF, 0xE0FF, 0xE0FF, 0xE0FF, 0xE0FF, 0xE0FF, 0xE0FF, 0xE0FF, 0xE0FF, 0xE0FF, 0xE0FF, 0xE0FF, 0xE0FF, 0xE0FF, 
  0xE0FF, 0xE0FF, 0xE0FF, 0xE0FF, 0xE0FF, 0xE0FF, 0xE0FF, 0xE0FF, 0xE0FF, 0xE0FF, 0xE0FF, 0xE0FF, 0xE0FF, 0xE0FF, 0xE0FF, 0xE0FF, 
  0xE0FF, 0xE0FF, 0xE0FF, 0xE0FF, 0xE0FF, 0xC0FF, 0xC8DF, 0xD3CF, 0xCEB7, 0xEBAF, 0xECA7, 0xEF97, 0xEF9F, 0xEE8E, 0xE953, 0xB0A7, 
  0xEF97, 0xEE9F, 0xEDA7, 0xEAA7, 0xD6D7, 0xFFFF, 0xFEFF, 0xB1C7, 0xEAA7, 0xED9F, 0xEF9F, 0x909F, 0x0A5C, 0xA942, 0xC94A, 0xEA4A, 
  0xEA42, 0x8842, 0xA94A, 0x8742, 0x694A, 0x893A, 0x4E8E, 0xED85, 0xE84A, 0xE94A, 0xEA4A, 0xA94A, 0x2B53, 0xEA52, 0x283A, 0x283A, 
  0x8942, 0xA942, 0x2B53, 0xE84A, 0x4C86, 0xF6D7, 0xDFFF, 0xFFFF, 0xF4CF, 0xCBA7, 0xEF9F, 0xED6C, 0x8942, 0x894A, 0x6842, 0x894A, 
  0x894A, 0x8942, 0x6842, 0x2A53, 0x4B5B, 0xA94A, 0x6942, 0x2842, 0x6942, 0x6842, 0x8842, 0x2842, 0x694A, 0xE739, 0x0842, 0xA94A, 
  0x6942, 0x894A, 0x894A, 0x8842, 0xEA52, 0x0A53, 0x8842, 0x894A, 0x484A, 0x4842, 0x6C5B, 0x4B53, 0xC94A, 0x0A53, 0x894A, 0x6842, 
  0x894A, 0x894A, 0x273A, 0xCA4A, 0xEA4A, 0xA94A, 0x894A, 0xA94A, 0xA94A, 0x6842, 0x8942, 0x6942, 0x073A, 0x6842, 0xEA52, 0x0842, 
  0xCD75, 0xEFA7, 0xCDAF, 0xFBEF, 0xFCF7, 0xCDB7, 0xED9F, 0xEE9F, 0xEBA7, 0xEBAF, 0xCAB7, 0xE5E7, 0xE0FF, 0xC0FF, 0xE0FF, 0xE0FF, 
  0xE0FF, 0xE0FF, 0xE0FF, 0xE0FF, 0xE0FF, 0xE0FF, 0xE0FF, 0xE0FF, 0xE0FF, 0xE0FF, 0xE0FF, 0xE0FF, 0xE0FF, 0xE0FF, 0xE0FF, 0xE0FF, 
  0xE0FF, 0xE0FF, 0xE0FF, 0xE0FF, 0xE0FF, 0xE0FF, 0xE0FF, 0xE0FF, 0xE0FF, 0xE0FF, 0xE0FF, 0xE0FF, 0xE0FF, 0xE0FF, 0xE0FF, 0xE0FF, 
  0xE0FF, 0xE0FF, 0xE0FF, 0xE0FF, 0xE0FF, 0xE0FF, 0xE0FF, 0xE0FF, 0xE0FF, 0xE0FF, 0xE0FF, 0xE0FF, 0xE0FF, 0xE0FF, 0xE0FF, 0xE0FF, 
  0xE0FF, 0xE0FF, 0xE0FF, 0xE0FF, 0xE0FF, 0xE0FF, 0xE0FF, 0xE0FF, 0xE0FF, 0xE0FF, 0xE0FF, 0xE0FF, 0xE0FF, 0xE0FF, 0xE0FF, 0xE0FF, 
  0xE0FF, 0xE0FF, 0xE0FF, 0xE0FF, 0xE0FF, 0xE0FF, 0xE0FF, 0xE0FF, 0xE0FF, 0xE0FF, 0xE0FF, 0xE0FF, 0xE0FF, 0xE0FF, 0xE0FF, 0xE0FF, 
  0xE0FF, 0xE0FF, 0xE0FF, 0xE0FF, 0xE0FF, 0xE0FF, 0xE0FF, 0xE0FF, 0xE0FF, 0xE0FF, 0xE0FF, 0xE0FF, 0xE0FF, 0xE0FF, 0xE0FF, 0xE0FF, 
  0xE0FF, 0xE0FF, 0xE0FF, 0xE0FF, 0xE0FF, 0xE0FF, 0xE0FF, 0xE0FF, 0xE0FF, 0xE0FF, 0xE0FF, 0xE0FF, 0xE0FF, 0xE0FF, 0xE0FF, 0xE0FF, 
  0xE0FF, 0xE0FF, 0xE0FF, 0xC0FF, 0xE0FF, 0xC2F7, 0xCFDF, 0xD3C7, 0xEBA7, 0xEBA7, 0xED9F, 0xEF9F, 0xEE9F, 0x4D6D, 0x483A, 0xCA6C, 
  0xF09F, 0xCE97, 0xCDA7, 0xECA7, 0xD8D7, 0xFFFF, 0xD6DF, 0xCBAF, 0xEC9F, 0xEE9F, 0x909F, 0x4A5C, 0xE942, 0x0A4B, 0x0943, 0x8842, 
  0x0A53, 0x4B5B, 0x0A53, 0xA842, 0xAA4A, 0xCA4A, 0x6843, 0xA842, 0x2B53, 0xC942, 0xC942, 0xC94A, 0xC94A, 0x0A4B, 0x683A, 0xA942, 
  0xEA4A, 0xEA4A, 0xA942, 0x0943, 0x0E97, 0xF5CF, 0xFFFF, 0xFFFF, 0xF4CF, 0xCCAF, 0x6F97, 0xA94B, 0x6842, 0xC94A, 0x6942, 0xA942, 
  0x4842, 0x894A, 0x0A4B, 0x6B5B, 0x8842, 0x8942, 0xA94A, 0x8842, 0x2A53, 0x4B5B, 0xEA4A, 0x894A, 0xE739, 0xE739, 0x4842, 0x6942, 
  0x4842, 0x6942, 0x4842, 0x4842, 0xC94A, 0xC94A, 0x6842, 0x283A, 0x283A, 0x6842, 0xA94A, 0x6842, 0x8C5B, 0x6B5B, 0xC94A, 0x6842, 
  0x6842, 0x6842, 0x4B63, 0x6B5B, 0x2A53, 0x8842, 0x2842, 0x6842, 0x6842, 0x4842, 0xAA4A, 0xEA52, 0x8842, 0xA94A, 0x483A, 0xE739, 
  0x674B, 0xB09F, 0xEB9F, 0xD2BF, 0xF9EF, 0xCCAF, 0xEE9F, 0xEF9F, 0xECA7, 0xEBAF, 0xCDB7, 0xCAD7, 0xE1F7, 0xC0FF, 0xE0FF, 0xE0FF, 
  0xE0FF, 0xE0FF, 0xE0FF, 0xE0FF, 0xE0FF, 0xE0FF, 0xE0FF, 0xE0FF, 0xE0FF, 0xE0FF, 0xE0FF, 0xE0FF, 0xE0FF, 0xE0FF, 0xE0FF, 0xE0FF, 
  0xE0FF, 0xE0FF, 0xE0FF, 0xE0FF, 0xE0FF, 0xE0FF, 0xE0FF, 0xE0FF, 0xE0FF, 0xE0FF, 0xE0FF, 0xE0FF, 0xE0FF, 0xE0FF, 0xE0FF, 0xE0FF, 
  0xE0FF, 0xE0FF, 0xE0FF, 0xE0FF, 0xE0FF, 0xE0FF, 0xE0FF, 0xE0FF, 0xE0FF, 0xE0FF, 0xE0FF, 0xE0FF, 0xE0FF, 0xE0FF, 0xE0FF, 0xE0FF, 
  0xE0FF, 0xE0FF, 0xE0FF, 0xE0FF, 0xE0FF, 0xE0FF, 0xE0FF, 0xE0FF, 0xE0FF, 0xE0FF, 0xE0FF, 0xE0FF, 0xE0FF, 0xE0FF, 0xE0FF, 0xE0FF, 
  0xE0FF, 0xE0FF, 0xE0FF, 0xE0FF, 0xE0FF, 0xE0FF, 0xE0FF, 0xE0FF, 0xE0FF, 0xE0FF, 0xE0FF, 0xE0FF, 0xE0FF, 0xE0FF, 0xE0FF, 0xE0FF, 
  0xE0FF, 0xE0FF, 0xE0FF, 0xE0FF, 0xE0FF, 0xE0FF, 0xE0FF, 0xE0FF, 0xE0FF, 0xE0FF, 0xE0FF, 0xE0FF, 0xE0FF, 0xE0FF, 0xE0FF, 0xE0FF, 
  0xE0FF, 0xE0FF, 0xE0FF, 0xE0FF, 0xE0FF, 0xE0FF, 0xE0FF, 0xE0FF, 0xE0FF, 0xE0FF, 0xE0FF, 0xE0FF, 0xE0FF, 0xE0FF, 0xE0FF, 0xE0FF, 
  0xE0FF, 0xE0FF, 0xE0FF, 0xC0FF, 0xE0FF, 0xC6EF, 0xD5DF, 0xCEB7, 0xEBAF, 0xEBA7, 0xEE9F, 0xEF9F, 0x4E97, 0xE842, 0x0A53, 0x084B, 
  0xED7D, 0xF09F, 0xCD9F, 0xCBA7, 0xD2C7, 0xD6D7, 0xCCAF, 0xEBA7, 0xEE97, 0xF09F, 0x8A64, 0x873A, 0xC942, 0xED63, 0x2D64, 0x8942, 
  0xEA4A, 0xEA52, 0xEA52, 0xC94A, 0x8842, 0xCA4A, 0x0A53, 0x4A53, 0x6B5B, 0xC94A, 0x4842, 0x2842, 0x8842, 0x4B53, 0x2A4B, 0x4B53, 
  0x4B5B, 0x4842, 0xCA4A, 0x0943, 0x0D8F, 0xF3C7, 0xFEFF, 0xFCF7, 0xCFB7, 0xEDA7, 0x8E8E, 0xC83A, 0xCA4A, 0xC842, 0xAA4A, 0xA94A, 
  0xEA52, 0xA94A, 0x0A53, 0xA942, 0xA942, 0x8C5B, 0x4B53, 0x0A4B, 0x0A53, 0x8842, 0xC94A, 0xA94A, 0x283A, 0x494A, 0xE739, 0x894A, 
  0x894A, 0x2842, 0x2842, 0x2842, 0x4842, 0x0742, 0x0742, 0xAA4A, 0x4842, 0x4842, 0x894A, 0x6942, 0x8942, 0xE94A, 0xC94A, 0xA942, 
  0x2B5B, 0xC94A, 0xE94A, 0xC94A, 0xA842, 0x8942, 0x4842, 0xA94A, 0x6842, 0x894A, 0xEA52, 0x873A, 0xA842, 0x8842, 0x4B5B, 0xCA52, 
  0x0632, 0x8D75, 0xEFA7, 0xCDA7, 0xD0BF, 0xECA7, 0xED9F, 0xEF9F, 0xEDA7, 0xEAA7, 0xCFBF, 0xD1D7, 0xE2EF, 0xE0FF, 0xE0FF, 0xE0FF, 
  0xE0FF, 0xE0FF, 0xE0FF, 0xE0FF, 0xE0FF, 0xE0FF, 0xE0FF, 0xE0FF, 0xE0FF, 0xE0FF, 0xE0FF, 0xE0FF, 0xE0FF, 0xE0FF, 0xE0FF, 0xE0FF, 
  0xE0FF, 0xE0FF, 0xE0FF, 0xE0FF, 0xE0FF, 0xE0FF, 0xE0FF, 0xE0FF, 0xE0FF, 0xE0FF, 0xE0FF, 0xE0FF, 0xE0FF, 0xE0FF, 0xE0FF, 0xE0FF, 
  0xE0FF, 0xE0FF, 0xE0FF, 0xE0FF, 0xE0FF, 0xE0FF, 0xE0FF, 0xE0FF, 0xE0FF, 0xE0FF, 0xE0FF, 0xE0FF, 0xE0FF, 0xE0FF, 0xE0FF, 0xE0FF, 
  0xE0FF, 0xE0FF, 0xE0FF, 0xE0FF, 0xE0FF, 0xE0FF, 0xE0FF, 0xE0FF, 0xE0FF, 0xE0FF, 0xE0FF, 0xE0FF, 0xE0FF, 0xE0FF, 0xE0FF, 0xE0FF, 
  0xE0FF, 0xE0FF, 0xE0FF, 0xE0FF, 0xE0FF, 0xE0FF, 0xE0FF, 0xE0FF, 0xE0FF, 0xE0FF, 0xE0FF, 0xE0FF, 0xE0FF, 0xE0FF, 0xE0FF, 0xE0FF, 
  0xE0FF, 0xE0FF, 0xE0FF, 0xE0FF, 0xE0FF, 0xE0FF, 0xE0FF, 0xE0FF, 0xE0FF, 0xE0FF, 0xE0FF, 0xE0FF, 0xE0FF, 0xE0FF, 0xE0FF, 0xE0FF, 
  0xE0FF, 0xE0FF, 0xE0FF, 0xE0FF, 0xE0FF, 0xE0FF, 0xE0FF, 0xE0FF, 0xE0FF, 0xE0FF, 0xE0FF, 0xE0FF, 0xE0FF, 0xE0FF, 0xE0FF, 0xE0FF, 
  0xE0FF, 0xE0FF, 0xE0FF, 0xE0FF, 0xE1F7, 0xEFE7, 0xD5CF, 0xCBA7, 0xEBAF, 0xEDA7, 0xEF97, 0xF09F, 0x6A64, 0xE942, 0x0A4B, 0x4A53, 
  0x0843, 0xF09E, 0xEF9F, 0xCDA7, 0xCBAF, 0xCBA7, 0xEB9F, 0xEF9F, 0xEFA7, 0xEB6C, 0x6842, 0x8A4A, 0x8A4A, 0x0A53, 0x094B, 0xC94A, 
  0xEA4A, 0xA942, 0xA94A, 0xCA4A, 0xCA4A, 0x8942, 0x0A53, 0x4B5B, 0xEA4A, 0x8942, 0x6942, 0x694A, 0x4842, 0xEA52, 0xEA4A, 0x0A53, 
  0xE94A, 0xA94A, 0x0A5B, 0x6953, 0x2E97, 0xEFB7, 0xFAE7, 0xB2C7, 0xCBAF, 0xEEA7, 0xAC75, 0xA83A, 0xE94A, 0x0A53, 0xEA52, 0x894A, 
  0xC94A, 0xA842, 0x8842, 0x8942, 0xA94A, 0x0A53, 0x8B63, 0xC94A, 0xA94A, 0x894A, 0x2742, 0x073A, 0x694A, 0x484A, 0x2842, 0x2842, 
  0x2842, 0xE639, 0x2842, 0x694A, 0x694A, 0x484A, 0x2842, 0x894A, 0x2842, 0x273A, 0x684A, 0x2842, 0x4842, 0x2742, 0x894A, 0x4842, 
  0x2B5B, 0x2B53, 0x883A, 0x4842, 0x2842, 0x6942, 0xCA4A, 0x8942, 0x4842, 0xC94A, 0x0A53, 0x6B5B, 0xAB5B, 0x8C5B, 0x8C63, 0x6942, 
  0x6942, 0x2A4B, 0x6F97, 0xEDA7, 0xCBA7, 0xEBAF, 0xED9F, 0xEF97, 0xEE9F, 0xEBA7, 0xADB7, 0xD6D7, 0xC8E7, 0xE0FF, 0xE0FF, 0xC0FF, 
  0xE0FF, 0xE0FF, 0xE0FF, 0xE0FF, 0xE0FF, 0xE0FF, 0xE0FF, 0xE0FF, 0xE0FF, 0xE0FF, 0xE0FF, 0xE0FF, 0xE0FF, 0xE0FF, 0xE0FF, 0xE0FF, 
  0xE0FF, 0xE0FF, 0xE0FF, 0xE0FF, 0xE0FF, 0xE0FF, 0xE0FF, 0xE0FF, 0xE0FF, 0xE0FF, 0xE0FF, 0xE0FF, 0xE0FF, 0xE0FF, 0xE0FF, 0xE0FF, 
  0xE0FF, 0xE0FF, 0xE0FF, 0xE0FF, 0xE0FF, 0xE0FF, 0xE0FF, 0xE0FF, 0xE0FF, 0xE0FF, 0xE0FF, 0xE0FF, 0xE0FF, 0xE0FF, 0xE0FF, 0xE0FF, 
  0xE0FF, 0xE0FF, 0xE0FF, 0xE0FF, 0xE0FF, 0xE0FF, 0xE0FF, 0xE0FF, 0xE0FF, 0xE0FF, 0xE0FF, 0xE0FF, 0xE0FF, 0xE0FF, 0xE0FF, 0xE0FF, 
  0xE0FF, 0xE0FF, 0xE0FF, 0xE0FF, 0xE0FF, 0xE0FF, 0xE0FF, 0xE0FF, 0xE0FF, 0xE0FF, 0xE0FF, 0xE0FF, 0xE0FF, 0xE0FF, 0xE0FF, 0xE0FF, 
  0xE0FF, 0xE0FF, 0xE0FF, 0xE0FF, 0xE0FF, 0xE0FF, 0xE0FF, 0xE0FF, 0xE0FF, 0xE0FF, 0xE0FF, 0xE0FF, 0xE0FF, 0xE0FF, 0xE0FF, 0xE0FF, 
  0xE0FF, 0xE0FF, 0xE0FF, 0xE0FF, 0xE0FF, 0xE0FF, 0xE0FF, 0xE0FF, 0xE0FF, 0xE0FF, 0xE0FF, 0xE0FF, 0xE0FF, 0xE0FF, 0xE0FF, 0xE0FF, 
  0xE0FF, 0xE0FF, 0xE0FF, 0xE0FF, 0xE5EF, 0xD5E7, 0xD0BF, 0xEBA7, 0xEBAF, 0xEE9F, 0xF09F, 0xCF8E, 0x8842, 0xCA4A, 0xEA52, 0x8742, 
  0x4842, 0x694B, 0x7097, 0xF09F, 0xEF9F, 0xCFA7, 0xF09F, 0xB097, 0xEB6C, 0x8842, 0xA94A, 0x694A, 0x4942, 0xE94A, 0xC84A, 0x6842, 
  0x0A4B, 0xC942, 0x2B53, 0x0A4B, 0x4B53, 0x0A53, 0x683A, 0x8942, 0xCA4A, 0xA94A, 0x894A, 0x894A, 0x894A, 0xEA52, 0xA94A, 0xA842, 
  0xE94A, 0x094B, 0xC94A, 0x8953, 0x6F97, 0xECA7, 0xAFBF, 0xCBAF, 0xEBA7, 0xEF9F, 0x6B5C, 0x4B5B, 0xAC63, 0xEA52, 0x894A, 0x6942, 
  0xEA4A, 0xC94A, 0x8842, 0xEA52, 0x6842, 0x6842, 0x673A, 0x2A53, 0x4B5B, 0x4842, 0x4842, 0x684A, 0x4842, 0x4842, 0x6842, 0x6842, 
  0x894A, 0xC94A, 0x6842, 0x6842, 0x483A, 0x073A, 0x073A, 0xA94A, 0xCA4A, 0x6842, 0x2B5B, 0x894A, 0x894A, 0x894A, 0x894A, 0x4842, 
  0xCA4A, 0x8842, 0xA942, 0xA94A, 0x494A, 0x894A, 0x6B53, 0x6B5B, 0x063A, 0x073A, 0xE94A, 0x4B5B, 0xA942, 0xA842, 0x073A, 0x283A, 
  0x083A, 0xE739, 0xCA6C, 0xEFA7, 0xECA7, 0xEBAF, 0xEC9F, 0xEF97, 0xEF97, 0xEDA7, 0xEBA7, 0xF5CF, 0xD1E7, 0xC1F7, 0xE0FF, 0xC1FF, 
  0xE0FF, 0xE0FF, 0xE0FF, 0xE0FF, 0xE0FF, 0xE0FF, 0xE0FF, 0xE0FF, 0xE0FF, 0xE0FF, 0xE0FF, 0xE0FF, 0xE0FF, 0xE0FF, 0xE0FF, 0xE0FF, 
  0xE0FF, 0xE0FF, 0xE0FF, 0xE0FF, 0xE0FF, 0xE0FF, 0xE0FF, 0xE0FF, 0xE0FF, 0xE0FF, 0xE0FF, 0xE0FF, 0xE0FF, 0xE0FF, 0xE0FF, 0xE0FF, 
  0xE0FF, 0xE0FF, 0xE0FF, 0xE0FF, 0xE0FF, 0xE0FF, 0xE0FF, 0xE0FF, 0xE0FF, 0xE0FF, 0xE0FF, 0xE0FF, 0xE0FF, 0xE0FF, 0xE0FF, 0xE0FF, 
  0xE0FF, 0xE0FF, 0xE0FF, 0xE0FF, 0xE0FF, 0xE0FF, 0xE0FF, 0xE0FF, 0xE0FF, 0xE0FF, 0xE0FF, 0xE0FF, 0xE0FF, 0xE0FF, 0xE0FF, 0xE0FF, 
  0xE0FF, 0xE0FF, 0xE0FF, 0xE0FF, 0xE0FF, 0xE0FF, 0xE0FF, 0xE0FF, 0xE0FF, 0xE0FF, 0xE0FF, 0xE0FF, 0xE0FF, 0xE0FF, 0xE0FF, 0xE0FF, 
  0xE0FF, 0xE0FF, 0xE0FF, 0xE0FF, 0xE0FF, 0xE0FF, 0xE0FF, 0xE0FF, 0xE0FF, 0xE0FF, 0xE0FF, 0xE0FF, 0xE0FF, 0xE0FF, 0xE0FF, 0xE0FF, 
  0xE0FF, 0xE0FF, 0xE0FF, 0xE0FF, 0xE0FF, 0xE0FF, 0xE0FF, 0xE0FF, 0xE0FF, 0xE0FF, 0xE0FF, 0xE0FF, 0xE0FF, 0xE0FF, 0xE0FF, 0xE0FF, 
  0xE0FF, 0xE0FF, 0xC0FF, 0xE0FF, 0xCBE7, 0xD7DF, 0xCCAF, 0xEBAF, 0xECA7, 0xEF97, 0xF09F, 0x0C65, 0xCA4A, 0x0A4B, 0xAC5B, 0xEA4A, 
  0x8842, 0xE731, 0x2743, 0x2D7E, 0x4F8F, 0x0E97, 0xEC7D, 0xC953, 0xAE74, 0x8B5B, 0xC94A, 0x683A, 0xEA52, 0xC94A, 0xC94A, 0xAA4A, 
  0x8942, 0xCA52, 0x6842, 0xA94A, 0xA94A, 0x894A, 0xA94A, 0x483A, 0xA942, 0xEA4A, 0xA942, 0x8842, 0xA94A, 0x894A, 0xC94A, 0x0A53, 
  0x6B53, 0xAB5B, 0x0B4B, 0x8A53, 0x6F97, 0xECA7, 0xEAAF, 0xEBA7, 0xEEA7, 0x0F97, 0x0943, 0xC94A, 0xEA4A, 0xA84A, 0x8842, 0x8842, 
  0xA94A, 0xA94A, 0x8942, 0xA94A, 0x694A, 0x894A, 0x6842, 0x4732, 0xED63, 0x2A53, 0x8842, 0x6842, 0xCA4A, 0xA94A, 0x6842, 0x8942, 
  0x8942, 0x4B5B, 0x894A, 0x6842, 0x0B53, 0xA94A, 0x6842, 0x894A, 0xA94A, 0x894A, 0x894A, 0x6842, 0x483A, 0x8942, 0x4842, 0x684A, 
  0x6842, 0xA94A, 0x0A53, 0xEA4A, 0x8842, 0xEA4A, 0xC942, 0x4A4B, 0x0A53, 0x894A, 0x273A, 0x6942, 0xCA52, 0x4842, 0x4842, 0x694A, 
  0x2842, 0xE639, 0x6742, 0x0F97, 0xEDA7, 0xEBAF, 0xECA7, 0xEE9F, 0xEF97, 0xEE9F, 0xEBA7, 0xD0BF, 0xD8E7, 0xC5EF, 0xE0FF, 0xE0FF, 
  0xE0FF, 0xE0FF, 0xE0FF, 0xE0FF, 0xE0FF, 0xE0FF, 0xE0FF, 0xE0FF, 0xE0FF, 0xE0FF, 0xE0FF, 0xE0FF, 0xE0FF, 0xE0FF, 0xE0FF, 0xE0FF, 
  0xE0FF, 0xE0FF, 0xE0FF, 0xE0FF, 0xE0FF, 0xE0FF, 0xE0FF, 0xE0FF, 0xE0FF, 0xE0FF, 0xE0FF, 0xE0FF, 0xE0FF, 0xE0FF, 0xE0FF, 0xE0FF, 
  0xE0FF, 0xE0FF, 0xE0FF, 0xE0FF, 0xE0FF, 0xE0FF, 0xE0FF, 0xE0FF, 0xE0FF, 0xE0FF, 0xE0FF, 0xE0FF, 0xE0FF, 0xE0FF, 0xE0FF, 0xE0FF, 
  0xE0FF, 0xE0FF, 0xE0FF, 0xE0FF, 0xE0FF, 0xE0FF, 0xE0FF, 0xE0FF, 0xE0FF, 0xE0FF, 0xE0FF, 0xE0FF, 0xE0FF, 0xE0FF, 0xE0FF, 0xE0FF, 
  0xE0FF, 0xE0FF, 0xE0FF, 0xE0FF, 0xE0FF, 0xE0FF, 0xE0FF, 0xE0FF, 0xE0FF, 0xE0FF, 0xE0FF, 0xE0FF, 0xE0FF, 0xE0FF, 0xE0FF, 0xE0FF, 
  0xE0FF, 0xE0FF, 0xE0FF, 0xE0FF, 0xE0FF, 0xE0FF, 0xE0FF, 0xE0FF, 0xE0FF, 0xE0FF, 0xE0FF, 0xE0FF, 0xE0FF, 0xE0FF, 0xE0FF, 0xE0FF, 
  0xE0FF, 0xE0FF, 0xE0FF, 0xE0FF, 0xE0FF, 0xE0FF, 0xE0FF, 0xE0FF, 0xE0FF, 0xE0FF, 0xE0FF, 0xE0FF, 0xE0FF, 0xE0FF, 0xE0FF, 0xE0FF, 
  0xE0FF, 0xE0FF, 0xE0FF, 0xE2F7, 0xF3E7, 0xD2C7, 0xEAA7, 0xEBA7, 0xEE9F, 0xEF9F, 0x6F97, 0x284B, 0xEA52, 0x4A53, 0xAB53, 0xEA42, 
  0xA842, 0x0953, 0xAA52, 0xC842, 0x2C5C, 0x694B, 0xC942, 0x694A, 0x0953, 0x0A4B, 0xA94A, 0xA94A, 0x894A, 0x8942, 0x6842, 0xEA52, 
  0x4842, 0xCA52, 0x894A, 0x4842, 0x4842, 0x2742, 0x4842, 0x2B5B, 0x2B53, 0xC94A, 0x2B53, 0xEA4A, 0xA94A, 0x273A, 0x8842, 0x8C5B, 
  0xE942, 0x6A4B, 0x4B53, 0xC842, 0xCE8E, 0xEEA7, 0xECAF, 0xEC9F, 0xEFA7, 0x0C75, 0x4842, 0xA942, 0x884A, 0x894A, 0x0D64, 0xAB5B, 
  0x483A, 0x694A, 0x4842, 0xA842, 0x0A4B, 0x0A53, 0xEA52, 0x8842, 0xC94A, 0x8842, 0x6842, 0x694A, 0x6842, 0xA94A, 0xEA52, 0x894A, 
  0x073A, 0x2842, 0x2842, 0x8942, 0x2B5B, 0xA94A, 0x4842, 0x4842, 0x4842, 0x4842, 0x4842, 0x694A, 0x894A, 0x083A, 0x694A, 0xA94A, 
  0x8842, 0xCD63, 0xEA4A, 0x4A53, 0xAC5B, 0xEA4A, 0xA94A, 0x2B53, 0xEA4A, 0x894A, 0x6942, 0x6942, 0x6942, 0x694A, 0x6842, 0xC94A, 
  0xA94A, 0x4842, 0xC731, 0xEB64, 0xEFA7, 0xEBA7, 0xEBA7, 0xEE9F, 0xF09F, 0xEE97, 0xEDA7, 0xCCAF, 0xF9E7, 0xCEE7, 0xE0FF, 0xE0FF, 
  0xC0FF, 0xE0FF, 0xE0FF, 0xE0FF, 0xE0FF, 0xE0FF, 0xE0FF, 0xE0FF, 0xE0FF, 0xE0FF, 0xE0FF, 0xE0FF, 0xE0FF, 0xE0FF, 0xE0FF, 0xE0FF, 
  0xE0FF, 0xE0FF, 0xE0FF, 0xE0FF, 0xE0FF, 0xE0FF, 0xE0FF, 0xE0FF, 0xE0FF, 0xE0FF, 0xE0FF, 0xE0FF, 0xE0FF, 0xE0FF, 0xE0FF, 0xE0FF, 
  0xE0FF, 0xE0FF, 0xE0FF, 0xE0FF, 0xE0FF, 0xE0FF, 0xE0FF, 0xE0FF, 0xE0FF, 0xE0FF, 0xE0FF, 0xE0FF, 0xE0FF, 0xE0FF, 0xE0FF, 0xE0FF, 
  0xE0FF, 0xE0FF, 0xE0FF, 0xE0FF, 0xE0FF, 0xE0FF, 0xE0FF, 0xE0FF, 0xE0FF, 0xE0FF, 0xE0FF, 0xE0FF, 0xE0FF, 0xE0FF, 0xE0FF, 0xE0FF, 
  0xE0FF, 0xE0FF, 0xE0FF, 0xE0FF, 0xE0FF, 0xE0FF, 0xE0FF, 0xE0FF, 0xE0FF, 0xE0FF, 0xE0FF, 0xE0FF, 0xE0FF, 0xE0FF, 0xE0FF, 0xE0FF, 
  0xE0FF, 0xE0FF, 0xE0FF, 0xE0FF, 0xE0FF, 0xE0FF, 0xE0FF, 0xE0FF, 0xE0FF, 0xE0FF, 0xE0FF, 0xE0FF, 0xE0FF, 0xE0FF, 0xE0FF, 0xE0FF, 
  0xE0FF, 0xE0FF, 0xE0FF, 0xE0FF, 0xE0FF, 0xE0FF, 0xE0FF, 0xE0FF, 0xE0FF, 0xE0FF, 0xE0FF, 0xE0FF, 0xE0FF, 0xE0FF, 0xE0FF, 0xE0FF, 
  0xE0FF, 0xE0FF, 0xE0FF, 0xC8EF, 0xD7DF, 0xCDAF, 0xEAAF, 0xEDA7, 0xCF9F, 0xEF9F, 0x6E86, 0xC842, 0xC942, 0x6942, 0x2A53, 0xEA4A, 
  0x8A4A, 0x8942, 0x4842, 0x894A, 0xC94A, 0xE952, 0x2A53, 0x0A4B, 0x0B53, 0x0A4B, 0x884A, 0x8842, 0x6942, 0xEA52, 0xCA4A, 0xC942, 
  0x6B53, 0x0A4B, 0xEA4A, 0x4B53, 0xCD63, 0x2A4B, 0x2B53, 0xEA4A, 0xC94A, 0x2A53, 0x4B53, 0x2A53, 0x6842, 0xCA4A, 0x0A53, 0xC942, 
  0xEC63, 0x6E6C, 0x8942, 0x6742, 0x4D7E, 0xEFA7, 0xCE9F, 0xED9F, 0x3097, 0x0843, 0xA94A, 0xA94A, 0xC952, 0xAA4A, 0x6B53, 0xC842, 
  0x8842, 0x6942, 0x6942, 0x0A53, 0x4B53, 0x8842, 0xEA52, 0x894A, 0x4842, 0x2842, 0x073A, 0x2842, 0x273A, 0x8842, 0x8942, 0x4842, 
  0x2842, 0x4842, 0x2842, 0x694A, 0xE739, 0x684A, 0x2842, 0x0742, 0x2842, 0x4842, 0x4842, 0x073A, 0x694A, 0x2842, 0x894A, 0x6842, 
  0xEA4A, 0x2A53, 0xA942, 0xC94A, 0xC942, 0x8942, 0x694A, 0x6842, 0xEA4A, 0xA942, 0xC94A, 0xC94A, 0x073A, 0x4842, 0x283A, 0x8942, 
  0xA94A, 0x6842, 0x8A4A, 0x2B64, 0xCF9F, 0xECA7, 0xEBAF, 0xEDA7, 0xEF9F, 0xEF97, 0xEE9F, 0xEBA7, 0xD4D7, 0xD5E7, 0xC4EF, 0xE0FF, 
  0xE0FF, 0xE0FF, 0xE0FF, 0xE0FF, 0xE0FF, 0xE0FF, 0xE0FF, 0xE0FF, 0xE0FF, 0xE0FF, 0xE0FF, 0xE0FF, 0xE0FF, 0xE0FF, 0xE0FF, 0xE0FF, 
  0xE0FF, 0xE0FF, 0xE0FF, 0xE0FF, 0xE0FF, 0xE0FF, 0xE0FF, 0xE0FF, 0xE0FF, 0xE0FF, 0xE0FF, 0xE0FF, 0xE0FF, 0xE0FF, 0xE0FF, 0xE0FF, 
  0xE0FF, 0xE0FF, 0xE0FF, 0xE0FF, 0xE0FF, 0xE0FF, 0xE0FF, 0xE0FF, 0xE0FF, 0xE0FF, 0xE0FF, 0xE0FF, 0xE0FF, 0xE0FF, 0xE0FF, 0xE0FF, 
  0xE0FF, 0xE0FF, 0xE0FF, 0xE0FF, 0xE0FF, 0xE0FF, 0xE0FF, 0xE0FF, 0xE0FF, 0xE0FF, 0xE0FF, 0xE0FF, 0xE0FF, 0xE0FF, 0xE0FF, 0xE0FF, 
  0xE0FF, 0xE0FF, 0xE0FF, 0xE0FF, 0xE0FF, 0xE0FF, 0xE0FF, 0xE0FF, 0xE0FF, 0xE0FF, 0xE0FF, 0xE0FF, 0xE0FF, 0xE0FF, 0xE0FF, 0xE0FF, 
  0xE0FF, 0xE0FF, 0xE0FF, 0xE0FF, 0xE0FF, 0xE0FF, 0xE0FF, 0xE0FF, 0xE0FF, 0xE0FF, 0xE0FF, 0xE0FF, 0xE0FF, 0xE0FF, 0xE0FF, 0xE0FF, 
  0xE0FF, 0xE0FF, 0xE0FF, 0xE0FF, 0xE0FF, 0xE0FF, 0xE0FF, 0xE0FF, 0xE0FF, 0xE0FF, 0xE0FF, 0xE0FF, 0xE0FF, 0xE0FF, 0xE0FF, 0xE0FF, 
  0xE0FF, 0xE0FF, 0xE0F7, 0xAFEF, 0xD4CF, 0xEBA7, 0xECAF, 0xEE9F, 0xCE97, 0xEF9F, 0x2C75, 0x884A, 0x294B, 0x2A4B, 0xEA4A, 0x6842, 
  0x473A, 0xA94A, 0xA94A, 0x8942, 0xEA4A, 0x8842, 0x8842, 0xEA4A, 0x0A4B, 0xA942, 0xE94A, 0x2B53, 0x0A4B, 0xC942, 0x6B53, 0x4A53, 
  0x4B53, 0x0A53, 0xA94A, 0x0A53, 0x2A4B, 0x2A4B, 0x8C5B, 0x8842, 0xA94A, 0x0A4B, 0x0A4B, 0xA94A, 0x8942, 0x0A53, 0x2A53, 0x094B, 
  0x2A53, 0x0A4B, 0xC94A, 0x0843, 0xEE8E, 0xEF9F, 0xEF9F, 0x8F9F, 0xC953, 0x6842, 0xEA4A, 0x6B5B, 0x8B5B, 0xA842, 0xA942, 0xCA4A, 
  0x273A, 0x894A, 0x894A, 0x4842, 0x283A, 0x6842, 0x894A, 0x6842, 0xA94A, 0x4842, 0x4842, 0x894A, 0xCA4A, 0xA94A, 0xA94A, 0xEA52, 
  0x6842, 0x4842, 0xE731, 0x0742, 0x0842, 0x083A, 0x273A, 0x2842, 0x894A, 0x4842, 0x273A, 0x894A, 0x6942, 0x2842, 0x2742, 0x2842, 
  0x283A, 0x8942, 0xA94A, 0x6942, 0x2842, 0xE631, 0x894A, 0x0B53, 0xA94A, 0xE94A, 0x2A53, 0xA942, 0xEB52, 0xA94A, 0x2742, 0x4842, 
  0x4942, 0xC94A, 0x6942, 0xC73A, 0xAE86, 0xEEA7, 0xEBA7, 0xECA7, 0xEF9F, 0xEF97, 0xEE9F, 0xECA7, 0xCFC7, 0xF8E7, 0xC8E7, 0xE0FF, 
  0xE0FF, 0xE0FF, 0xE0FF, 0xE0FF, 0xE0FF, 0xE0FF, 0xE0FF, 0xE0FF, 0xE0FF, 0xE0FF, 0xE0FF, 0xE0FF, 0xE0FF, 0xE0FF, 0xE0FF, 0xE0FF, 
  0xE0FF, 0xE0FF, 0xE0FF, 0xE0FF, 0xE0FF, 0xE0FF, 0xE0FF, 0xE0FF, 0xE0FF, 0xE0FF, 0xE0FF, 0xE0FF, 0xE0FF, 0xE0FF, 0xE0FF, 0xE0FF, 
  0xE0FF, 0xE0FF, 0xE0FF, 0xE0FF, 0xE0FF, 0xE0FF, 0xE0FF, 0xE0FF, 0xE0FF, 0xE0FF, 0xE0FF, 0xE0FF, 0xE0FF, 0xE0FF, 0xE0FF, 0xE0FF, 
  0xE0FF, 0xE0FF, 0xE0FF, 0xE0FF, 0xE0FF, 0xE0FF, 0xE0FF, 0xE0FF, 0xE0FF, 0xE0FF, 0xE0FF, 0xE0FF, 0xE0FF, 0xE0FF, 0xE0FF, 0xE0FF, 
  0xE0FF, 0xE0FF, 0xE0FF, 0xE0FF, 0xE0FF, 0xE0FF, 0xE0FF, 0xE0FF, 0xE0FF, 0xE0FF, 0xE0FF, 0xE0FF, 0xE0FF, 0xE0FF, 0xE0FF, 0xE0FF, 
  0xE0FF, 0xE0FF, 0xE0FF, 0xE0FF, 0xE0FF, 0xE0FF, 0xE0FF, 0xE0FF, 0xE0FF, 0xE0FF, 0xE0FF, 0xE0FF, 0xE0FF, 0xE0FF, 0xE0FF, 0xE0FF, 
  0xE0FF, 0xE0FF, 0xE0FF, 0xE0FF, 0xE0FF, 0xE0FF, 0xE0FF, 0xE0FF, 0xE0FF, 0xE0FF, 0xE0FF, 0xE0FF, 0xE0FF, 0xE0FF, 0xE0FF, 0xE0FF, 
  0xE0FF, 0xE0FF, 0xE3F7, 0xD5EF, 0xF0B7, 0xED9F, 0xEEA7, 0xEE97, 0xEE97, 0xF0A7, 0x095C, 0xA631, 0xE94A, 0x6B53, 0xC94A, 0x6942, 
  0x894A, 0xE952, 0xC94A, 0xCA42, 0x4B53, 0xA94A, 0xEA4A, 0x2B53, 0x6B53, 0x6B5B, 0xC94A, 0xEA52, 0xA94A, 0x8842, 0xEC63, 0xEB5B, 
  0xE94A, 0xC94A, 0xC942, 0xC94A, 0xAA4A, 0xCA4A, 0xC94A, 0x6842, 0xA94A, 0x2B53, 0xA942, 0x6842, 0xCA52, 0xEA4A, 0x0A4B, 0x883A, 
  0xC94A, 0xA94A, 0x683A, 0x8D6C, 0xD2A7, 0xAF97, 0x4E86, 0x694B, 0x483A, 0x6942, 0x6942, 0x0A53, 0xE842, 0x8B53, 0x4B5B, 0x694A, 
  0xA94A, 0xA94A, 0x6842, 0xE739, 0xCA52, 0xCA52, 0x6842, 0x4842, 0x6842, 0x6942, 0xCA4A, 0xA94A, 0x4842, 0xA94A, 0x894A, 0x283A, 
  0x273A, 0x884A, 0x6842, 0x894A, 0x694A, 0x483A, 0xA94A, 0xCA52, 0xAA4A, 0x073A, 0x894A, 0x694A, 0x6942, 0x4842, 0x0742, 0x0842, 
  0x694A, 0xA94A, 0x4742, 0x073A, 0x684A, 0x4842, 0x6842, 0x6842, 0x894A, 0xEA52, 0xA942, 0x6842, 0xA942, 0xC94A, 0x6742, 0x894A, 
  0x0B5B, 0x8842, 0x694A, 0xC942, 0xCC75, 0xEFA7, 0xEBA7, 0xEBA7, 0xEE9F, 0xEF9F, 0xEF97, 0xED9F, 0xCCAF, 0xF9DF, 0xAEE7, 0xE0F7, 
  0xC0FF, 0xE0FF, 0xE0FF, 0xE0FF, 0xE0FF, 0xE0FF, 0xE0FF, 0xE0FF, 0xE0FF, 0xE0FF, 0xE0FF, 0xE0FF, 0xE0FF, 0xE0FF, 0xE0FF, 0xE0FF, 
  0xE0FF, 0xE0FF, 0xE0FF, 0xE0FF, 0xE0FF, 0xE0FF, 0xE0FF, 0xE0FF, 0xE0FF, 0xE0FF, 0xE0FF, 0xE0FF, 0xE0FF, 0xE0FF, 0xE0FF, 0xE0FF, 
  0xE0FF, 0xE0FF, 0xE0FF, 0xE0FF, 0xE0FF, 0xE0FF, 0xE0FF, 0xE0FF, 0xE0FF, 0xE0FF, 0xE0FF, 0xE0FF, 0xE0FF, 0xE0FF, 0xE0FF, 0xE0FF, 
  0xE0FF, 0xE0FF, 0xE0FF, 0xE0FF, 0xE0FF, 0xE0FF, 0xE0FF, 0xE0FF, 0xE0FF, 0xE0FF, 0xE0FF, 0xE0FF, 0xE0FF, 0xE0FF, 0xE0FF, 0xE0FF, 
  0xE0FF, 0xE0FF, 0xE0FF, 0xE0FF, 0xE0FF, 0xE0FF, 0xE0FF, 0xE0FF, 0xE0FF, 0xE0FF, 0xE0FF, 0xE0FF, 0xE0FF, 0xE0FF, 0xE0FF, 0xE0FF, 
  0xE0FF, 0xE0FF, 0xE0FF, 0xE0FF, 0xE0FF, 0xE0FF, 0xE0FF, 0xE0FF, 0xE0FF, 0xE0FF, 0xE0FF, 0xE0FF, 0xE0FF, 0xE0FF, 0xE0FF, 0xE0FF, 
  0xE0FF, 0xE0FF, 0xE0FF, 0xE0FF, 0xE0FF, 0xE0FF, 0xE0FF, 0xE0FF, 0xE0FF, 0xE0FF, 0xE0FF, 0xE0FF, 0xE0FF, 0xE0FF, 0xE0FF, 0xE0FF, 
  0xE0FF, 0xE0FF, 0xCAEF, 0xF7DF, 0xCE9F, 0xEF9F, 0xEF9F, 0xEF97, 0xEF97, 0xEF97, 0x4D7E, 0x8B64, 0x694B, 0xC942, 0xC94A, 0x8842, 
  0x6842, 0x894A, 0x694A, 0x894A, 0xCA52, 0xC94A, 0x8842, 0xC942, 0x0A4B, 0xC942, 0xEA4A, 0xC94A, 0x684A, 0xA94A, 0x883A, 0xAA53, 
  0x2A53, 0x4B53, 0x4A4B, 0xEA4A, 0x694A, 0x2842, 0x8842, 0x6842, 0x684A, 0xEA52, 0x6842, 0x894A, 0xA94A, 0x683A, 0x2A53, 0x4B53, 
  0x2B53, 0x694A, 0x4742, 0x094B, 0x694B, 0x694B, 0xA842, 0x8A4A, 0x2C5B, 0xEA52, 0x6942, 0x6842, 0xC842, 0xAC5B, 0xC94A, 0xA942, 
  0x2B53, 0xEA4A, 0x0A53, 0xEA52, 0x8942, 0x4842, 0x2842, 0x4842, 0x273A, 0xA94A, 0xA94A, 0xA94A, 0x273A, 0xE739, 0x2842, 0x2742, 
  0x6942, 0xA94A, 0x0B53, 0x894A, 0x6942, 0x894A, 0xA94A, 0x8942, 0x6842, 0x273A, 0x894A, 0x4842, 0x4842, 0x694A, 0x694A, 0xE841, 
  0x0842, 0x4842, 0x4742, 0x4842, 0xA94A, 0x894A, 0x4842, 0xCA4A, 0xCA4A, 0x894A, 0x4742, 0xAC63, 0x8942, 0xEA52, 0xEA4A, 0xCA4A, 
  0xEA4A, 0xA84A, 0xAA52, 0xA94A, 0xCB64, 0xEFA7, 0xECA7, 0xEAAF, 0xEDA7, 0xEF9F, 0xEE97, 0xEE9F, 0xCCA7, 0xD5CF, 0xD3E7, 0xE2EF, 
  0xE0FF, 0xE0FF, 0xE0FF, 0xE0FF, 0xE0FF, 0xE0FF, 0xE0FF, 0xE0FF, 0xE0FF, 0xE0FF, 0xE0FF, 0xE0FF, 0xE0FF, 0xE0FF, 0xE0FF, 0xE0FF, 
  0xE0FF, 0xE0FF, 0xE0FF, 0xE0FF, 0xE0FF, 0xE0FF, 0xE0FF, 0xE0FF, 0xE0FF, 0xE0FF, 0xE0FF, 0xE0FF, 0xE0FF, 0xE0FF, 0xE0FF, 0xE0FF, 
  0xE0FF, 0xE0FF, 0xE0FF, 0xE0FF, 0xE0FF, 0xE0FF, 0xE0FF, 0xE0FF, 0xE0FF, 0xE0FF, 0xE0FF, 0xE0FF, 0xE0FF, 0xE0FF, 0xE0FF, 0xE0FF, 
  0xE0FF, 0xE0FF, 0xE0FF, 0xE0FF, 0xE0FF, 0xE0FF, 0xE0FF, 0xE0FF, 0xE0FF, 0xE0FF, 0xE0FF, 0xE0FF, 0xE0FF, 0xE0FF, 0xE0FF, 0xE0FF, 
  0xE0FF, 0xE0FF, 0xE0FF, 0xE0FF, 0xE0FF, 0xE0FF, 0xE0FF, 0xE0FF, 0xE0FF, 0xE0FF, 0xE0FF, 0xE0FF, 0xE0FF, 0xE0FF, 0xE0FF, 0xE0FF, 
  0xE0FF, 0xE0FF, 0xE0FF, 0xE0FF, 0xE0FF, 0xE0FF, 0xE0FF, 0xE0FF, 0xE0FF, 0xE0FF, 0xE0FF, 0xE0FF, 0xE0FF, 0xE0FF, 0xE0FF, 0xE0FF, 
  0xE0FF, 0xE0FF, 0xE0FF, 0xE0FF, 0xE0FF, 0xE0FF, 0xE0FF, 0xE0FF, 0xE0FF, 0xE0FF, 0xE0FF, 0xE0FF, 0xE0FF, 0xE0FF, 0xE0FF, 0xE0FF, 
  0xE0FF, 0xE1F7, 0xD0EF, 0xD4C7, 0xCD97, 0xF097, 0xEF97, 0xEF9F, 0xF09F, 0xEE9F, 0xEFA7, 0xF0A7, 0x8F9F, 0x6D86, 0xEC7D, 0x2D86, 
  0xCB64, 0x4943, 0x0A4B, 0x884A, 0x6842, 0x6842, 0xC94A, 0x4B53, 0x2A4B, 0x0A53, 0x6B53, 0x8B5B, 0x8942, 0x4842, 0xC94A, 0x6B53, 
  0xA842, 0x094B, 0xEC5B, 0x4A53, 0x8842, 0xC94A, 0x4B5B, 0xA94A, 0x4842, 0x694A, 0x6842, 0x8842, 0x8842, 0x683A, 0xEA4A, 0x2B53, 
  0x8842, 0x6842, 0xCA52, 0xCA4A, 0x4842, 0x6842, 0x8842, 0x0A4B, 0x2A4B, 0xA842, 0x0B53, 0xEA4A, 0x0A53, 0xCA4A, 0x273A, 0x684A, 
  0xA94A, 0x4842, 0x4842, 0xE739, 0x6842, 0x694A, 0x4842, 0x4842, 0x694A, 0xA94A, 0x4842, 0x4842, 0x4842, 0xA952, 0x4842, 0x694A, 
  0x6942, 0x8942, 0xAA4A, 0x4842, 0x483A, 0x2842, 0x4842, 0xEA52, 0xA94A, 0x894A, 0xCA52, 0x894A, 0x4842, 0x6842, 0xEA52, 0x073A, 
  0x0842, 0x894A, 0x8842, 0x483A, 0xA94A, 0x6842, 0xEA52, 0xCA4A, 0x483A, 0x483A, 0xA94A, 0xA94A, 0x6942, 0xA942, 0xA94A, 0x283A, 
  0x8842, 0xC952, 0x4842, 0x073A, 0xC953, 0xF09F, 0xEDA7, 0xEBAF, 0xEDA7, 0xEE9F, 0xEF9F, 0xEE9F, 0xEB9F, 0xD0BF, 0xF7E7, 0xE4EF, 
  0xE0FF, 0xE0FF, 0xE0FF, 0xE0FF, 0xE0FF, 0xE0FF, 0xE0FF, 0xE0FF, 0xE0FF, 0xE0FF, 0xE0FF, 0xE0FF, 0xE0FF, 0xE0FF, 0xE0FF, 0xE0FF, 
  0xE0FF, 0xE0FF, 0xE0FF, 0xE0FF, 0xE0FF, 0xE0FF, 0xE0FF, 0xE0FF, 0xE0FF, 0xE0FF, 0xE0FF, 0xE0FF, 0xE0FF, 0xE0FF, 0xE0FF, 0xE0FF, 
  0xE0FF, 0xE0FF, 0xE0FF, 0xE0FF, 0xE0FF, 0xE0FF, 0xE0FF, 0xE0FF, 0xE0FF, 0xE0FF, 0xE0FF, 0xE0FF, 0xE0FF, 0xE0FF, 0xE0FF, 0xE0FF, 
  0xE0FF, 0xE0FF, 0xE0FF, 0xE0FF, 0xE0FF, 0xE0FF, 0xE0FF, 0xE0FF, 0xE0FF, 0xE0FF, 0xE0FF, 0xE0FF, 0xE0FF, 0xE0FF, 0xE0FF, 0xE0FF, 
  0xE0FF, 0xE0FF, 0xE0FF, 0xE0FF, 0xE0FF, 0xE0FF, 0xE0FF, 0xE0FF, 0xE0FF, 0xE0FF, 0xE0FF, 0xE0FF, 0xE0FF, 0xE0FF, 0xE0FF, 0xE0FF, 
  0xE0FF, 0xE0FF, 0xE0FF, 0xE0FF, 0xE0FF, 0xE0FF, 0xE0FF, 0xE0FF, 0xE0FF, 0xE0FF, 0xE0FF, 0xE0FF, 0xE0FF, 0xE0FF, 0xE0FF, 0xE0FF, 
  0xE0FF, 0xE0FF, 0xE0FF, 0xE0FF, 0xE0FF, 0xE0FF, 0xE0FF, 0xE0FF, 0xE0FF, 0xE0FF, 0xE0FF, 0xE0FF, 0xE0FF, 0xE0FF, 0xE0FF, 0xE0FF, 
  0xE0FF, 0xC3F7, 0xD4E7, 0xD0AF, 0xEF9F, 0xEF9F, 0xEF97, 0xEF9F, 0xEF9F, 0xEF9F, 0xCF97, 0xEF97, 0xEE97, 0xEF9F, 0xF09F, 0xEF9F, 
  0xF09F, 0x0F97, 0xE953, 0xC94A, 0xC94A, 0xEA4A, 0x0A4B, 0x6B53, 0x8B5B, 0x2A53, 0x6B5B, 0x4B53, 0xEA4A, 0xEA4A, 0xAC5B, 0x8B53, 
  0x8B53, 0x4A53, 0x6B53, 0xEC63, 0x6B53, 0xC94A, 0x0A53, 0xC94A, 0xA94A, 0x894A, 0xC94A, 0xE94A, 0x0A53, 0xCA4A, 0x894A, 0xA94A, 
  0xEA4A, 0xE942, 0x4A4B, 0xCB5B, 0x8942, 0xA94A, 0xC94A, 0xE94A, 0x6A53, 0xCA4A, 0x073A, 0x6842, 0x2A53, 0x4B53, 0xA942, 0x6842, 
  0x684A, 0x2842, 0x484A, 0x684A, 0x073A, 0x2842, 0x694A, 0x2842, 0x694A, 0x2842, 0x0842, 0x2842, 0x8842, 0x2B53, 0x6842, 0x694A, 
  0x4842, 0x6842, 0x4842, 0xC942, 0x8B53, 0xED63, 0x683A, 0x6842, 0x894A, 0x6942, 0xAA4A, 0xA94A, 0x6842, 0x6842, 0x6B53, 0xE842, 
  0x4742, 0x4842, 0x8942, 0x0B53, 0x6842, 0x073A, 0x6942, 0x6942, 0x6842, 0x2B53, 0x0A53, 0x894A, 0x894A, 0x6842, 0x694A, 0x273A, 
  0x8842, 0x694A, 0x6842, 0x273A, 0xCA53, 0xF09F, 0xEDA7, 0xCCAF, 0xCDAF, 0xEE9F, 0xEF9F, 0xEF97, 0xED9F, 0xCDAF, 0xD5D7, 0xC9E7, 
  0xE0FF, 0xE0FF, 0xE0FF, 0xE0FF, 0xE0FF, 0xE0FF, 0xE0FF, 0xE0FF, 0xE0FF, 0xE0FF, 0xE0FF, 0xE0FF, 0xE0FF, 0xE0FF, 0xE0FF, 0xE0FF, 
  0xE0FF, 0xE0FF, 0xE0FF, 0xE0FF, 0xE0FF, 0xE0FF, 0xE0FF, 0xE0FF, 0xE0FF, 0xE0FF, 0xE0FF, 0xE0FF, 0xE0FF, 0xE0FF, 0xE0FF, 0xE0FF, 
  0xE0FF, 0xE0FF, 0xE0FF, 0xE0FF, 0xE0FF, 0xE0FF, 0xE0FF, 0xE0FF, 0xE0FF, 0xE0FF, 0xE0FF, 0xE0FF, 0xE0FF, 0xE0FF, 0xE0FF, 0xE0FF, 
  0xE0FF, 0xE0FF, 0xE0FF, 0xE0FF, 0xE0FF, 0xE0FF, 0xE0FF, 0xE0FF, 0xE0FF, 0xE0FF, 0xE0FF, 0xE0FF, 0xE0FF, 0xE0FF, 0xE0FF, 0xE0FF, 
  0xE0FF, 0xE0FF, 0xE0FF, 0xE0FF, 0xE0FF, 0xE0FF, 0xE0FF, 0xE0FF, 0xE0FF, 0xE0FF, 0xE0FF, 0xE0FF, 0xE0FF, 0xE0FF, 0xE0FF, 0xE0FF, 
  0xE0FF, 0xE0FF, 0xE0FF, 0xE0FF, 0xE0FF, 0xE0FF, 0xE0FF, 0xE0FF, 0xE0FF, 0xE0FF, 0xE0FF, 0xE0FF, 0xE0FF, 0xE0FF, 0xE0FF, 0xE0FF, 
  0xE0FF, 0xE0FF, 0xE0FF, 0xE0FF, 0xE0FF, 0xE0FF, 0xE0FF, 0xE0FF, 0xE0FF, 0xE0FF, 0xE0FF, 0xE0FF, 0xE0FF, 0xE0FF, 0xE0FF, 0xE0FF, 
  0xC0FF, 0xC7F7, 0xD5D7, 0xCD9F, 0xEF9F, 0xEE9F, 0xEF97, 0xEF9F, 0xEE97, 0xEE9F, 0xED9F, 0xEE97, 0xEF97, 0xCE97, 0xCD9F, 0xCD97, 
  0xCD8F, 0xF0A7, 0x6E86, 0x2943, 0x2B53, 0x2A53, 0x2B53, 0xEA4A, 0x0A4B, 0xA942, 0x4A53, 0xAC5B, 0x2A4B, 0x0A4B, 0x094B, 0x094B, 
  0xEA4A, 0x6842, 0x8842, 0xE94A, 0x4A4B, 0x4A53, 0x883A, 0xE94A, 0xEA52, 0x8942, 0xC94A, 0x4A53, 0xA942, 0xA94A, 0x8842, 0x0A53, 
  0x0A4B, 0x8B5B, 0xAC5B, 0x4A4B, 0x0A53, 0x8942, 0x2B5B, 0x894A, 0xA94A, 0x8942, 0xC94A, 0xA942, 0x0A4B, 0x0A53, 0x2B53, 0xC94A, 
  0x6842, 0x4842, 0xA94A, 0x8942, 0x894A, 0xE739, 0x4842, 0x4842, 0x694A, 0x0742, 0x2842, 0x694A, 0x6842, 0xA94A, 0xC94A, 0x6942, 
  0x4842, 0x694A, 0x894A, 0xE94A, 0xCC5B, 0x2D64, 0x094B, 0x6842, 0x8942, 0x6842, 0x8942, 0xA94A, 0x4942, 0x4842, 0xE94A, 0x2E74, 
  0x0B5B, 0x083A, 0x4842, 0xA94A, 0x684A, 0x2842, 0x2742, 0x4842, 0x6842, 0xEA52, 0x884A, 0x8842, 0x2842, 0x6942, 0x4842, 0x694A, 
  0x0B53, 0x2842, 0x8842, 0x694A, 0xEA5B, 0xF09F, 0xED9F, 0xD1C7, 0xD0BF, 0xEC9F, 0xEF97, 0xEF97, 0xEF9F, 0xEBA7, 0xF3CF, 0xCEDF, 
  0xE0F7, 0xE0FF, 0xE0FF, 0xE0FF, 0xE0FF, 0xE0FF, 0xE0FF, 0xE0FF, 0xE0FF, 0xE0FF, 0xE0FF, 0xE0FF, 0xE0FF, 0xE0FF, 0xE0FF, 0xE0FF, 
  0xE0FF, 0xE0FF, 0xE0FF, 0xE0FF, 0xE0FF, 0xE0FF, 0xE0FF, 0xE0FF, 0xE0FF, 0xE0FF, 0xE0FF, 0xE0FF, 0xE0FF, 0xE0FF, 0xE0FF, 0xE0FF, 
  0xE0FF, 0xE0FF, 0xE0FF, 0xE0FF, 0xE0FF, 0xE0FF, 0xE0FF, 0xE0FF, 0xE0FF, 0xE0FF, 0xE0FF, 0xE0FF, 0xE0FF, 0xE0FF, 0xE0FF, 0xE0FF, 
  0xE0FF, 0xE0FF, 0xE0FF, 0xE0FF, 0xE0FF, 0xE0FF, 0xE0FF, 0xE0FF, 0xE0FF, 0xE0FF, 0xE0FF, 0xE0FF, 0xE0FF, 0xE0FF, 0xE0FF, 0xE0FF, 
  0xE0FF, 0xE0FF, 0xE0FF, 0xE0FF, 0xE0FF, 0xE0FF, 0xE0FF, 0xE0FF, 0xE0FF, 0xE0FF, 0xE0FF, 0xE0FF, 0xE0FF, 0xE0FF, 0xE0FF, 0xE0FF, 
  0xE0FF, 0xE0FF, 0xE0FF, 0xE0FF, 0xE0FF, 0xE0FF, 0xE0FF, 0xE0FF, 0xE0FF, 0xE0FF, 0xE0FF, 0xE0FF, 0xE0FF, 0xE0FF, 0xE0FF, 0xE0FF, 
  0xE0FF, 0xE0FF, 0xE0FF, 0xE0FF, 0xE0FF, 0xE0FF, 0xE0FF, 0xE0FF, 0xE0FF, 0xE0FF, 0xE0FF, 0xE0FF, 0xC0FF, 0xE0FF, 0xE0FF, 0xE0FF, 
  0xC1FF, 0xCFEF, 0xD2C7, 0xED97, 0xEE97, 0xEF9F, 0xEF9F, 0xED9F, 0xECA7, 0xCCAF, 0xCCAF, 0xCDA7, 0xCFAF, 0xB2BF, 0xD5D7, 0xD7D7, 
  0xD2BF, 0xAC9F, 0xF0A7, 0x2B6D, 0xC942, 0x6B5B, 0x0A4B, 0x894A, 0x883A, 0xA942, 0xC94A, 0x0A4B, 0x2A53, 0x094B, 0x2A53, 0xE94A, 
  0x4842, 0x694A, 0x0A53, 0x0A4B, 0x4A53, 0xAB53, 0xED63, 0xE942, 0xEA4A, 0xA94A, 0x0A53, 0x0A53, 0xEA52, 0x0A53, 0x2A4B, 0x8B5B, 
  0x6B5B, 0x2A53, 0x2A4B, 0x4B53, 0xCA4A, 0x6842, 0xEA52, 0xEA4A, 0xA94A, 0x8842, 0x2E6C, 0xE94A, 0x6842, 0x073A, 0x6842, 0xA94A, 
  0xCA4A, 0x6842, 0x6842, 0x6842, 0x4842, 0x2842, 0xA942, 0xA94A, 0x684A, 0x684A, 0x6942, 0x4842, 0x2842, 0x4842, 0xA942, 0xCA52, 
  0xCA52, 0x4842, 0x473A, 0x2A53, 0x8842, 0xC942, 0x2A53, 0xEA4A, 0x8942, 0xEA4A, 0x2A4B, 0x0A53, 0x4842, 0x2842, 0x4742, 0x684A, 
  0x4842, 0x8942, 0x6842, 0x894A, 0x894A, 0x6842, 0x894A, 0x4842, 0x2842, 0x2842, 0x4842, 0xA94A, 0x8942, 0x6842, 0x2842, 0x4842, 
  0xC942, 0x8942, 0x0A53, 0xE739, 0x6B64, 0xF09F, 0xCD97, 0xD7DF, 0xF6DF, 0xCB9F, 0xEF97, 0xEF9F, 0xEF9F, 0xEB9F, 0xD1BF, 0xCFD7, 
  0xE0F7, 0xE0FF, 0xE0FF, 0xE0FF, 0xE0FF, 0xE0FF, 0xE0FF, 0xE0FF, 0xE0FF, 0xE0FF, 0xE0FF, 0xE0FF, 0xE0FF, 0xE0FF, 0xE0FF, 0xE0FF, 
  0xE0FF, 0xE0FF, 0xE0FF, 0xE0FF, 0xE0FF, 0xE0FF, 0xE0FF, 0xE0FF, 0xE0FF, 0xE0FF, 0xE0FF, 0xE0FF, 0xE0FF, 0xE0FF, 0xE0FF, 0xE0FF, 
  0xE0FF, 0xE0FF, 0xE0FF, 0xE0FF, 0xE0FF, 0xE0FF, 0xE0FF, 0xE0FF, 0xE0FF, 0xE0FF, 0xE0FF, 0xE0FF, 0xE0FF, 0xE0FF, 0xE0FF, 0xE0FF, 
  0xE0FF, 0xE0FF, 0xE0FF, 0xE0FF, 0xE0FF, 0xE0FF, 0xE0FF, 0xE0FF, 0xE0FF, 0xE0FF, 0xE0FF, 0xE0FF, 0xE0FF, 0xE0FF, 0xE0FF, 0xE0FF, 
  0xE0FF, 0xE0FF, 0xE0FF, 0xE0FF, 0xE0FF, 0xE0FF, 0xE0FF, 0xE0FF, 0xE0FF, 0xE0FF, 0xE0FF, 0xE0FF, 0xE0FF, 0xE0FF, 0xE0FF, 0xE0FF, 
  0xE0FF, 0xE0FF, 0xE0FF, 0xE0FF, 0xE0FF, 0xE0FF, 0xE0FF, 0xE0FF, 0xE0FF, 0xE0FF, 0xE0FF, 0xE0FF, 0xE0FF, 0xE0FF, 0xE0FF, 0xE0FF, 
  0xE0FF, 0xE0FF, 0xE0FF, 0xE0FF, 0xE0FF, 0xE0FF, 0xE0FF, 0xE0FF, 0xE0FF, 0xE0FF, 0xE0FF, 0xE0FF, 0xE0FF, 0xE0FF, 0xC0FF, 0xE0FF, 
  0xC4F7, 0xD4E7, 0xCFAF, 0xEF97, 0xEF9F, 0xEF9F, 0xEDA7, 0xCBAF, 0xCEBF, 0xD6D7, 0xFBEF, 0xFBF7, 0xFCF7, 0xFEFF, 0xFFFF, 0xDFFF, 
  0xFEFF, 0xB6CF, 0xEE9F, 0x4F97, 0x6A4B, 0xEA4A, 0xCB53, 0x0C5C, 0x6A4B, 0x6B53, 0xC94A, 0xA94A, 0xE94A, 0x4A53, 0x8C5B, 0x8C5B, 
  0x8942, 0xCA52, 0xC94A, 0xC94A, 0x2A53, 0x4B53, 0x6B53, 0x0A4B, 0x8842, 0xC942, 0xC94A, 0xA94A, 0x6842, 0xEA52, 0x2B5B, 0x6842, 
  0xEA4A, 0x0A4B, 0x883A, 0xA842, 0xCA4A, 0x8942, 0xC94A, 0x8942, 0x4842, 0xA94A, 0x673A, 0xC94A, 0xA94A, 0x6842, 0xA94A, 0xEA4A, 
  0x8942, 0xCA4A, 0x894A, 0x8942, 0xC94A, 0x683A, 0x0A53, 0x4B5B, 0x073A, 0x2842, 0x894A, 0x4842, 0x6842, 0x0A53, 0x6842, 0x4842, 
  0xA94A, 0x483A, 0xEA4A, 0x8C5B, 0x4B5B, 0x8842, 0xAA4A, 0x6942, 0x4B5B, 0xE842, 0x6A53, 0x4A53, 0x6842, 0xE741, 0x684A, 0x4842, 
  0x6942, 0x0B53, 0x8842, 0x4842, 0x894A, 0xCA4A, 0xCA4A, 0x283A, 0x894A, 0xAA52, 0x884A, 0xA94A, 0x8842, 0x6842, 0x073A, 0x073A, 
  0x8842, 0x8A4A, 0xA94A, 0x6732, 0x6C6D, 0xF19F, 0xCDA7, 0xFBEF, 0xFCF7, 0xCDAF, 0xEE9F, 0xEF9F, 0xEF97, 0xED9F, 0xCDAF, 0xCEC7, 
  0xE2F7, 0xE0FF, 0xE0FF, 0xE0FF, 0xE0FF, 0xE0FF, 0xE0FF, 0xE0FF, 0xE0FF, 0xE0FF, 0xE0FF, 0xE0FF, 0xE0FF, 0xE0FF, 0xE0FF, 0xE0FF, 
  0xE0FF, 0xE0FF, 0xE0FF, 0xE0FF, 0xE0FF, 0xE0FF, 0xE0FF, 0xE0FF, 0xE0FF, 0xE0FF, 0xE0FF, 0xE0FF, 0xE0FF, 0xE0FF, 0xE0FF, 0xE0FF, 
  0xE0FF, 0xE0FF, 0xE0FF, 0xE0FF, 0xE0FF, 0xE0FF, 0xE0FF, 0xE0FF, 0xE0FF, 0xE0FF, 0xE0FF, 0xE0FF, 0xE0FF, 0xE0FF, 0xE0FF, 0xE0FF, 
  0xE0FF, 0xE0FF, 0xE0FF, 0xE0FF, 0xE0FF, 0xE0FF, 0xE0FF, 0xE0FF, 0xE0FF, 0xE0FF, 0xE0FF, 0xE0FF, 0xE0FF, 0xE0FF, 0xE0FF, 0xE0FF, 
  0xE0FF, 0xE0FF, 0xE0FF, 0xE0FF, 0xE0FF, 0xE0FF, 0xE0FF, 0xE0FF, 0xE0FF, 0xE0FF, 0xE0FF, 0xE0FF, 0xE0FF, 0xE0FF, 0xE0FF, 0xE0FF, 
  0xE0FF, 0xE0FF, 0xE0FF, 0xE0FF, 0xE0FF, 0xE0FF, 0xE0FF, 0xE0FF, 0xE0FF, 0xE0FF, 0xE0FF, 0xE0FF, 0xE0FF, 0xE0FF, 0xE0FF, 0xE0FF, 
  0xE0FF, 0xE0FF, 0xE0FF, 0xE0FF, 0xE0FF, 0xE0FF, 0xE0FF, 0xE0FF, 0xE0FF, 0xE0FF, 0xE0FF, 0xE0FF, 0xE0FF, 0xE0FF, 0xC0FF, 0xE0FF, 
  0xE7E7, 0xD3C7, 0xEE9F, 0xEE9F, 0xEF9F, 0xED9F, 0xCBA7, 0xB2CF, 0xFDF7, 0xFFFF, 0xFFFF, 0xFFFF, 0xFFFF, 0xFFFF, 0xFFFF, 0xFFFF, 
  0xFFFF, 0xFEFF, 0xB0B7, 0xEFA7, 0x4D6D, 0x2A4B, 0xCC5B, 0x6A4B, 0xAB5B, 0x2A53, 0xC94A, 0xEA52, 0x4B53, 0x0A4B, 0x0A4B, 0xA942, 
  0xA94A, 0x6842, 0x6842, 0xCA4A, 0xEA52, 0xA942, 0x0A53, 0xC942, 0xC94A, 0x6B5B, 0xEA4A, 0x6842, 0x6842, 0x4842, 0x4842, 0x6942, 
  0x6842, 0xE94A, 0xC94A, 0xC94A, 0xCA4A, 0xA94A, 0x8942, 0x894A, 0x894A, 0xA94A, 0x8942, 0x8842, 0x8842, 0xA94A, 0x8942, 0xA94A, 
  0xA94A, 0xA94A, 0x894A, 0x483A, 0x4B53, 0x6B53, 0xA842, 0x8842, 0x273A, 0x4842, 0x694A, 0x6842, 0x0A4B, 0x6842, 0x0742, 0x4842, 
  0xCA4A, 0xA94A, 0x0A53, 0x0A4B, 0x2B53, 0x4842, 0x4842, 0xCA4A, 0x2A4B, 0x2A53, 0x0A53, 0x894A, 0x2842, 0x4842, 0xE739, 0xE739, 
  0x4842, 0x8942, 0x6842, 0x4842, 0x4842, 0xEA52, 0x483A, 0xA94A, 0xC94A, 0x8842, 0x0A53, 0x0A4B, 0xEA4A, 0x8842, 0x4B5B, 0xE952, 
  0xA94A, 0x694A, 0xEA4A, 0x6A5C, 0x5097, 0xEF97, 0xCEAF, 0xFDF7, 0xFFFF, 0xF0BF, 0xED9F, 0xEF9F, 0xF097, 0xEE9F, 0xECAF, 0xECB7, 
  0xE3EF, 0xE0FF, 0xE0FF, 0xE0FF, 0xE0FF, 0xE0FF, 0xE0FF, 0xE0FF, 0xE0FF, 0xE0FF, 0xE0FF, 0xE0FF, 0xE0FF, 0xE0FF, 0xE0FF, 0xE0FF, 
  0xE0FF, 0xE0FF, 0xE0FF, 0xE0FF, 0xE0FF, 0xE0FF, 0xE0FF, 0xE0FF, 0xE0FF, 0xE0FF, 0xE0FF, 0xE0FF, 0xE0FF, 0xE0FF, 0xE0FF, 0xE0FF, 
  0xE0FF, 0xE0FF, 0xE0FF, 0xE0FF, 0xE0FF, 0xE0FF, 0xE0FF, 0xE0FF, 0xE0FF, 0xE0FF, 0xE0FF, 0xE0FF, 0xE0FF, 0xE0FF, 0xE0FF, 0xE0FF, 
  0xE0FF, 0xE0FF, 0xE0FF, 0xE0FF, 0xE0FF, 0xE0FF, 0xE0FF, 0xE0FF, 0xE0FF, 0xE0FF, 0xE0FF, 0xE0FF, 0xE0FF, 0xE0FF, 0xE0FF, 0xE0FF, 
  0xE0FF, 0xE0FF, 0xE0FF, 0xE0FF, 0xE0FF, 0xE0FF, 0xE0FF, 0xE0FF, 0xE0FF, 0xE0FF, 0xE0FF, 0xE0FF, 0xE0FF, 0xE0FF, 0xE0FF, 0xE0FF, 
  0xE0FF, 0xE0FF, 0xE0FF, 0xE0FF, 0xE0FF, 0xE0FF, 0xE0FF, 0xE0FF, 0xE0FF, 0xE0FF, 0xE0FF, 0xE0FF, 0xE0FF, 0xE0FF, 0xE0FF, 0xE0FF, 
  0xE0FF, 0xE0FF, 0xE0FF, 0xE0FF, 0xE0FF, 0xE0FF, 0xE0FF, 0xE0FF, 0xE0FF, 0xE0FF, 0xE0FF, 0xE0FF, 0xE0FF, 0xE0FF, 0xE0FF, 0xE0FF, 
  0xE9D7, 0xEEAF, 0xEE97, 0xEF9F, 0xEE9F, 0xEBA7, 0xB0C7, 0xFEF7, 0xFFFF, 0xFFFF, 0xFFFF, 0xFFFF, 0xFFFF, 0xFFFF, 0xFFFF, 0xFFFF, 
  0xFFFF, 0xFFFF, 0xD5CF, 0xED9F, 0xCE86, 0x0943, 0xC942, 0xEA4A, 0xEA52, 0x6842, 0x8842, 0xE94A, 0x6B5B, 0xE94A, 0xA94A, 0x073A, 
  0x6842, 0x6842, 0x6842, 0xA94A, 0x0B53, 0x8942, 0x0A53, 0xE94A, 0x2B53, 0x2B53, 0xC94A, 0xA94A, 0x684A, 0xCA4A, 0xA94A, 0x8942, 
  0xC94A, 0x0A53, 0xEA52, 0x4B5B, 0x8842, 0xCA4A, 0x483A, 0xCA52, 0x8942, 0x894A, 0xA94A, 0xEA4A, 0x0A53, 0xC94A, 0x894A, 0x6842, 
  0x894A, 0x2842, 0x2842, 0x6842, 0xA942, 0x4B53, 0xA842, 0xC94A, 0xCA4A, 0xAA4A, 0x2842, 0x6842, 0xA942, 0x6842, 0x894A, 0xCA4A, 
  0xA94A, 0xCA52, 0xE94A, 0xC942, 0x683A, 0x2842, 0x4842, 0xE94A, 0x094B, 0xA942, 0x4942, 0xE839, 0x6842, 0xCA4A, 0x6A4A, 0x2842, 
  0x2842, 0x4842, 0x894A, 0x4842, 0x4842, 0x6842, 0x073A, 0xC94A, 0xEA4A, 0xA83A, 0xE94A, 0x2A53, 0x2A53, 0x0A4B, 0x2A53, 0xEA4A, 
  0x4B5B, 0x2B53, 0x094B, 0x1097, 0xEF9F, 0xEE97, 0xD0BF, 0xFEFF, 0xFFFF, 0xD4D7, 0xCCA7, 0xEE9F, 0xF097, 0xEE9F, 0xEDA7, 0xEAAF, 
  0xE5E7, 0xE0FF, 0xE0FF, 0xE0FF, 0xE0FF, 0xE0FF, 0xE0FF, 0xE0FF, 0xE0FF, 0xE0FF, 0xE0FF, 0xE0FF, 0xE0FF, 0xE0FF, 0xE0FF, 0xE0FF, 
  0xE0FF, 0xE0FF, 0xE0FF, 0xE0FF, 0xE0FF, 0xE0FF, 0xE0FF, 0xE0FF, 0xE0FF, 0xE0FF, 0xE0FF, 0xE0FF, 0xE0FF, 0xE0FF, 0xE0FF, 0xE0FF, 
  0xE0FF, 0xE0FF, 0xE0FF, 0xE0FF, 0xE0FF, 0xE0FF, 0xE0FF, 0xE0FF, 0xE0FF, 0xE0FF, 0xE0FF, 0xE0FF, 0xE0FF, 0xE0FF, 0xE0FF, 0xE0FF, 
  0xE0FF, 0xE0FF, 0xE0FF, 0xE0FF, 0xE0FF, 0xE0FF, 0xE0FF, 0xE0FF, 0xE0FF, 0xE0FF, 0xE0FF, 0xE0FF, 0xE0FF, 0xE0FF, 0xE0FF, 0xE0FF, 
  0xE0FF, 0xE0FF, 0xE0FF, 0xE0FF, 0xE0FF, 0xE0FF, 0xE0FF, 0xE0FF, 0xE0FF, 0xE0FF, 0xE0FF, 0xE0FF, 0xE0FF, 0xE0FF, 0xE0FF, 0xE0FF, 
  0xE0FF, 0xE0FF, 0xE0FF, 0xE0FF, 0xE0FF, 0xE0FF, 0xE0FF, 0xE0FF, 0xE0FF, 0xE0FF, 0xE0FF, 0xE0FF, 0xE0FF, 0xE0FF, 0xE0FF, 0xE0FF, 
  0xE0FF, 0xE0FF, 0xE0FF, 0xE0FF, 0xE0FF, 0xE0FF, 0xE0FF, 0xE0FF, 0xE0FF, 0xE0FF, 0xE0FF, 0xE0FF, 0xE0FF, 0xE0FF, 0xE0FF, 0xE3F7, 
  0xCABF, 0xEC9F, 0xEE9F, 0xEF9F, 0xEC9F, 0xADAF, 0xDBF7, 0xFFFF, 0xFEFF, 0xFFFF, 0xFFFF, 0xFFFF, 0xFFFF, 0xFFFF, 0xFFFF, 0xFFFF, 
  0xFFFF, 0xFAEF, 0xAFAF, 0xEE9F, 0xAD8E, 0xC94A, 0xEA4A, 0x2A4B, 0xC952, 0x6942, 0x6842, 0xA942, 0x0A4B, 0x6B5B, 0xA942, 0x0A53, 
  0xCA4A, 0xCA4A, 0xEA4A, 0xEA4A, 0x0A4B, 0x0A4B, 0xAC5B, 0x0A4B, 0x8942, 0xC94A, 0x8842, 0xC94A, 0x6842, 0xA942, 0x294B, 0xAB5B, 
  0x2A53, 0x2B5B, 0xA942, 0x683A, 0x273A, 0x4842, 0x8942, 0xA942, 0xC94A, 0x283A, 0x6842, 0x894A, 0xEA4A, 0x894A, 0x694A, 0x6942, 
  0x6842, 0x4842, 0x894A, 0xEA52, 0x8942, 0x6942, 0x4842, 0xA942, 0x0A53, 0x4842, 0x4842, 0xA94A, 0x6842, 0xA94A, 0x2A53, 0x6842, 
  0x4842, 0xCA4A, 0xCA4A, 0x8842, 0xEA52, 0x694A, 0xAA4A, 0x0A4B, 0x2A53, 0xCA4A, 0x694A, 0xC842, 0xAA53, 0x094B, 0x6942, 0x8942, 
  0xE94A, 0x294B, 0x2A4B, 0xCA4A, 0x8842, 0xA94A, 0xC94A, 0xE94A, 0x2B53, 0xCC63, 0x0A4B, 0x2B53, 0xEA4A, 0x4B5B, 0xEA4A, 0xE94A, 
  0xA842, 0x094B, 0x873A, 0xEE8E, 0xEE9F, 0xCE97, 0xD2BF, 0xFEF7, 0xFFFF, 0xD9E7, 0xCDA7, 0xEE9F, 0xEF9F, 0xEE97, 0xEE9F, 0xEAAF, 
  0xE6D7, 0xE0FF, 0xE0FF, 0xE0FF, 0xE0FF, 0xE0FF, 0xE0FF, 0xE0FF, 0xE0FF, 0xE0FF, 0xE0FF, 0xE0FF, 0xE0FF, 0xE0FF, 0xE0FF, 0xE0FF, 
  0xE0FF, 0xE0FF, 0xE0FF, 0xE0FF, 0xE0FF, 0xE0FF, 0xE0FF, 0xE0FF, 0xE0FF, 0xE0FF, 0xE0FF, 0xE0FF, 0xE0FF, 0xE0FF, 0xE0FF, 0xE0FF, 
  0xE0FF, 0xE0FF, 0xE0FF, 0xE0FF, 0xE0FF, 0xE0FF, 0xE0FF, 0xE0FF, 0xE0FF, 0xE0FF, 0xE0FF, 0xE0FF, 0xE0FF, 0xE0FF, 0xE0FF, 0xE0FF, 
  0xE0FF, 0xE0FF, 0xE0FF, 0xE0FF, 0xE0FF, 0xE0FF, 0xE0FF, 0xE0FF, 0xE0FF, 0xE0FF, 0xE0FF, 0xE0FF, 0xE0FF, 0xE0FF, 0xE0FF, 0xE0FF, 
  0xE0FF, 0xE0FF, 0xE0FF, 0xE0FF, 0xE0FF, 0xE0FF, 0xE0FF, 0xE0FF, 0xE0FF, 0xE0FF, 0xE0FF, 0xE0FF, 0xE0FF, 0xE0FF, 0xE0FF, 0xE0FF, 
  0xE0FF, 0xE0FF, 0xE0FF, 0xE0FF, 0xE0FF, 0xE0FF, 0xE0FF, 0xE0FF, 0xE0FF, 0xE0FF, 0xE0FF, 0xE0FF, 0xE0FF, 0xE0FF, 0xE0FF, 0xE0FF, 
  0xE0FF, 0xE0FF, 0xE0FF, 0xE0FF, 0xE0FF, 0xE0FF, 0xE0FF, 0xE0FF, 0xE0FF, 0xE0FF, 0xC0FF, 0xE0FF, 0xE0FF, 0xE0FF, 0xE0FF, 0xE5E7, 
  0xEAAF, 0xEE9F, 0xEF9F, 0xEE9F, 0xEB9F, 0xD5CF, 0xFFFF, 0xFFFF, 0xFFFF, 0xFFFF, 0xFFFF, 0xFFFF, 0xFFFF, 0xFFFF, 0xFFFF, 0xFFFF, 
  0xF9E7, 0xAEAF, 0xED97, 0xEFA7, 0x8B75, 0x0A53, 0x0A53, 0x0943, 0xC84A, 0x8942, 0x894A, 0xEA52, 0xEA52, 0x6B53, 0x0A4B, 0xA94A, 
  0xC94A, 0xE94A, 0xEA4A, 0xEA4A, 0xC942, 0x6B5B, 0x2A4B, 0x6A53, 0xEC63, 0x2A53, 0xC942, 0xEA4A, 0x8942, 0xEA4A, 0xAC63, 0xAB5B, 
  0x094B, 0x8842, 0x6842, 0xA94A, 0x894A, 0x6842, 0xCA4A, 0xE94A, 0x4B5B, 0x894A, 0xA94A, 0x894A, 0x8942, 0x894A, 0x4842, 0x894A, 
  0xEB52, 0xE731, 0x6842, 0xCA4A, 0x894A, 0x894A, 0xA94A, 0xCA4A, 0xEA52, 0x073A, 0x4842, 0xA94A, 0xA94A, 0x0B53, 0xEA4A, 0x4742, 
  0x894A, 0xEA52, 0x8842, 0x884A, 0xA94A, 0xEA4A, 0xC94A, 0xEA52, 0x094B, 0x6942, 0xC94A, 0x4953, 0xAE74, 0xC842, 0xC94A, 0xE94A, 
  0xE94A, 0xED63, 0x2A43, 0xEA4A, 0xEA4A, 0xC94A, 0xC94A, 0x4B53, 0xED63, 0xC842, 0xC942, 0xA942, 0x6842, 0x0A53, 0x0A53, 0x2A53, 
  0xA842, 0x0A4B, 0x2A53, 0xEF8E, 0xEF9F, 0xCE9F, 0xD1B7, 0xFEF7, 0xFFFF, 0xFCF7, 0xCEB7, 0xED9F, 0xEE9F, 0xEF97, 0xEE9F, 0xEBAF, 
  0xE6D7, 0xE0FF, 0xE0FF, 0xE0FF, 0xE0FF, 0xE0FF, 0xE0FF, 0xE0FF, 0xE0FF, 0xE0FF, 0xE0FF, 0xE0FF, 0xE0FF, 0xE0FF, 0xE0FF, 0xE0FF, 
  0xE0FF, 0xE0FF, 0xE0FF, 0xE0FF, 0xE0FF, 0xE0FF, 0xE0FF, 0xE0FF, 0xE0FF, 0xE0FF, 0xE0FF, 0xE0FF, 0xE0FF, 0xE0FF, 0xE0FF, 0xE0FF, 
  0xE0FF, 0xE0FF, 0xE0FF, 0xE0FF, 0xE0FF, 0xE0FF, 0xE0FF, 0xE0FF, 0xE0FF, 0xE0FF, 0xE0FF, 0xE0FF, 0xE0FF, 0xE0FF, 0xE0FF, 0xE0FF, 
  0xE0FF, 0xE0FF, 0xE0FF, 0xE0FF, 0xE0FF, 0xE0FF, 0xE0FF, 0xE0FF, 0xE0FF, 0xE0FF, 0xE0FF, 0xE0FF, 0xE0FF, 0xE0FF, 0xE0FF, 0xE0FF, 
  0xE0FF, 0xE0FF, 0xE0FF, 0xE0FF, 0xE0FF, 0xE0FF, 0xE0FF, 0xE0FF, 0xE0FF, 0xE0FF, 0xE0FF, 0xE0FF, 0xE0FF, 0xE0FF, 0xE0FF, 0xE0FF, 
  0xE0FF, 0xE0FF, 0xE0FF, 0xE0FF, 0xE0FF, 0xE0FF, 0xE0FF, 0xE0FF, 0xE0FF, 0xE0FF, 0xE0FF, 0xE0FF, 0xE0FF, 0xE0FF, 0xE0FF, 0xE0FF, 
  0xE0FF, 0xE0FF, 0xE0FF, 0xE0FF, 0xE0FF, 0xE0FF, 0xE0FF, 0xC0FF, 0xC0FF, 0xE0FF, 0xE0FF, 0xE0FF, 0xE0FF, 0xC0FF, 0xE1FF, 0xE8D7, 
  0xED9F, 0xEF9F, 0xEF9F, 0xED97, 0xCCAF, 0xFCEF, 0xFFFF, 0xFEFF, 0xFFFF, 0xFFFF, 0xFFFF, 0xFFFF, 0xFFFF, 0xFFFF, 0xFFFF, 0xFEF7, 
  0xB0BF, 0xED9F, 0xEF97, 0xF0A7, 0xEC6C, 0x0843, 0xCA4A, 0xA94A, 0x094B, 0x0A53, 0xA942, 0xA94A, 0x4842, 0x0A4B, 0x2A4B, 0xA94A, 
  0x0A4B, 0x6B5B, 0x6842, 0xA94A, 0x894A, 0xA94A, 0x0C5C, 0x2C5C, 0x6D6C, 0x4A53, 0x094B, 0xA942, 0x2B53, 0xA94A, 0x4842, 0xEA4A, 
  0xE942, 0x4842, 0xA94A, 0x8942, 0x894A, 0x283A, 0xA94A, 0x0A4B, 0xA94A, 0x6842, 0x6942, 0x6942, 0x4842, 0xC639, 0x4842, 0x894A, 
  0x4842, 0x6842, 0xCA4A, 0x6942, 0x6842, 0xA94A, 0x8842, 0xA94A, 0x894A, 0x4842, 0xA94A, 0xA94A, 0x6942, 0x4942, 0x4842, 0x6842, 
  0x8A4A, 0x0A53, 0x8A53, 0x2A4B, 0xEB52, 0xA94A, 0x6842, 0x273A, 0xCA52, 0xCA4A, 0x0953, 0xA842, 0xCA4A, 0xA942, 0x8942, 0x6842, 
  0x0A53, 0x8842, 0x8942, 0x4B53, 0xA94A, 0x273A, 0x694A, 0x094B, 0xCB5B, 0x294B, 0x0A4B, 0x4B5B, 0xEA4A, 0xA942, 0xC942, 0x4A53, 
  0x0B53, 0xA942, 0xE842, 0x0F8F, 0xEF9F, 0xEE9F, 0xEFAF, 0xFEFF, 0xFFFF, 0xFEF7, 0xB1BF, 0xED9F, 0xEF9F, 0xEF9F, 0xED9F, 0xECA7, 
  0xE7CF, 0xE0FF, 0xE0FF, 0xE0FF, 0xE0FF, 0xC0FF, 0xE0FF, 0xE0FF, 0xE0FF, 0xE0FF, 0xE0FF, 0xE0FF, 0xE0FF, 0xE0FF, 0xE0FF, 0xE0FF, 
  0xE0FF, 0xE0FF, 0xE0FF, 0xE0FF, 0xE0FF, 0xE0FF, 0xE0FF, 0xE0FF, 0xE0FF, 0xE0FF, 0xE0FF, 0xE0FF, 0xE0FF, 0xE0FF, 0xE0FF, 0xE0FF, 
  0xE0FF, 0xE0FF, 0xE0FF, 0xE0FF, 0xE0FF, 0xE0FF, 0xE0FF, 0xE0FF, 0xE0FF, 0xE0FF, 0xE0FF, 0xE0FF, 0xE0FF, 0xE0FF, 0xE0FF, 0xE0FF, 
  0xE0FF, 0xE0FF, 0xE0FF, 0xE0FF, 0xE0FF, 0xE0FF, 0xE0FF, 0xE0FF, 0xE0FF, 0xE0FF, 0xE0FF, 0xE0FF, 0xE0FF, 0xE0FF, 0xE0FF, 0xE0FF, 
  0xE0FF, 0xE0FF, 0xE0FF, 0xE0FF, 0xE0FF, 0xE0FF, 0xE0FF, 0xE0FF, 0xE0FF, 0xE0FF, 0xE0FF, 0xE0FF, 0xE0FF, 0xE0FF, 0xE0FF, 0xE0FF, 
  0xE0FF, 0xE0FF, 0xE0FF, 0xE0FF, 0xE0FF, 0xE0FF, 0xE0FF, 0xE0FF, 0xE0FF, 0xE0FF, 0xE0FF, 0xE0FF, 0xE0FF, 0xE0FF, 0xE0FF, 0xE0FF, 
  0xE0FF, 0xE0FF, 0xE0FF, 0xE0FF, 0xE0FF, 0xE0FF, 0xC0FF, 0xC1FF, 0xE0FF, 0xE0FF, 0xE0FF, 0xE0FF, 0xC0FF, 0xC0FF, 0xE2F7, 0xCBBF, 
  0xF097, 0xEF97, 0xEF9F, 0xEC9F, 0xD1C7, 0xFEFF, 0xFFFF, 0xFFFF, 0xFFFF, 0xFFFF, 0xFFFF, 0xFFFF, 0xFFFF, 0xFFFF, 0xFFFF, 0xD9E7, 
  0xCCAF, 0xEF9F, 0xEF97, 0xF09F, 0xCC6C, 0x473A, 0xAA4A, 0xA94A, 0xA94A, 0x0B53, 0xCA52, 0xCA4A, 0xA942, 0x2A4B, 0x8E64, 0xAA53, 
  0x094B, 0xEA4A, 0x8842, 0x4842, 0x894A, 0xA842, 0x294B, 0x294B, 0x8842, 0x4B53, 0x8C53, 0x2A4B, 0x0A4B, 0x8942, 0x273A, 0xE94A, 
  0x8C53, 0xE942, 0x6B5B, 0x0A4B, 0xA942, 0xA942, 0xCA4A, 0x6842, 0xA94A, 0xA94A, 0x483A, 0x894A, 0x694A, 0x2842, 0x684A, 0x2742, 
  0xE639, 0x4842, 0xA94A, 0xA94A, 0xC94A, 0xC94A, 0xC94A, 0xC94A, 0x473A, 0x8942, 0x894A, 0x4942, 0x2842, 0x894A, 0xE94A, 0xAC63, 
  0x094B, 0x4B53, 0x0A4B, 0xAA42, 0x0A4B, 0x094B, 0xE842, 0xCB63, 0x6853, 0x873A, 0xC94A, 0xEA4A, 0xAB4A, 0xAA4A, 0x6842, 0xE94A, 
  0x8D6C, 0x4953, 0x484A, 0x0B53, 0xC94A, 0xEA4A, 0xEA52, 0x894A, 0x6742, 0xE94A, 0xE94A, 0xCA4A, 0xA94A, 0x894A, 0xE94A, 0xA94A, 
  0x6842, 0x6842, 0x8742, 0xEF8E, 0xEF9F, 0xEE97, 0xEFAF, 0xFDFF, 0xFFFF, 0xFFFF, 0xD3CF, 0xEC9F, 0xEF9F, 0xEF9F, 0xEE9F, 0xEC9F, 
  0xE8C7, 0xE1FF, 0xC0FF, 0xE0FF, 0xE0FF, 0xC0FF, 0xE0FF, 0xE0FF, 0xE0FF, 0xE0FF, 0xE0FF, 0xE0FF, 0xE0FF, 0xE0FF, 0xE0FF, 0xE0FF, 
  0xE0FF, 0xE0FF, 0xE0FF, 0xE0FF, 0xE0FF, 0xE0FF, 0xE0FF, 0xE0FF, 0xE0FF, 0xE0FF, 0xE0FF, 0xE0FF, 0xE0FF, 0xE0FF, 0xE0FF, 0xE0FF, 
  0xE0FF, 0xE0FF, 0xE0FF, 0xE0FF, 0xE0FF, 0xE0FF, 0xE0FF, 0xE0FF, 0xE0FF, 0xE0FF, 0xE0FF, 0xE0FF, 0xE0FF, 0xE0FF, 0xE0FF, 0xE0FF, 
  0xE0FF, 0xE0FF, 0xE0FF, 0xE0FF, 0xE0FF, 0xE0FF, 0xE0FF, 0xE0FF, 0xE0FF, 0xE0FF, 0xE0FF, 0xE0FF, 0xE0FF, 0xE0FF, 0xE0FF, 0xE0FF, 
  0xE0FF, 0xE0FF, 0xE0FF, 0xE0FF, 0xE0FF, 0xE0FF, 0xE0FF, 0xE0FF, 0xE0FF, 0xE0FF, 0xE0FF, 0xE0FF, 0xE0FF, 0xE0FF, 0xE0FF, 0xE0FF, 
  0xE0FF, 0xE0FF, 0xE0FF, 0xE0FF, 0xE0FF, 0xE0FF, 0xE0FF, 0xE0FF, 0xE0FF, 0xE0FF, 0xE0FF, 0xE0FF, 0xE0FF, 0xE0FF, 0xE0FF, 0xE0FF, 
  0xE0FF, 0xE0FF, 0xE0FF, 0xE0FF, 0xE0FF, 0xE0FF, 0xE0FF, 0xE0FF, 0xE0FF, 0xE0FF, 0xC0FF, 0xE0FF, 0xE0FF, 0xC1FF, 0xE8D7, 0xEE9F, 
  0xEE97, 0xEF97, 0xEF9F, 0xCCA7, 0xD7DF, 0xFFFF, 0xFFFF, 0xFFFF, 0xFFFF, 0xFFFF, 0xFFFF, 0xFFFF, 0xFFFF, 0xFFFF, 0xFEFF, 0xB2C7, 
  0xEBA7, 0xEF9F, 0xEE9F, 0xEF9F, 0x6B64, 0x8842, 0x2B5B, 0x4B5B, 0x673A, 0xC94A, 0x684A, 0x894A, 0xC942, 0x6A5B, 0xB17D, 0xEE64, 
  0x4A53, 0x2B53, 0x8842, 0x0B53, 0xC94A, 0xC94A, 0x0A53, 0x8C5B, 0xAB5B, 0x8B5B, 0x2A53, 0x6942, 0x6842, 0xCA4A, 0xA94A, 0x0A53, 
  0xAC63, 0xAC5B, 0x0A4B, 0x683A, 0x2B53, 0x4B53, 0xC94A, 0x6942, 0xCA52, 0xA94A, 0x6942, 0xA94A, 0x6842, 0x6842, 0xAA4A, 0x694A, 
  0x894A, 0xCA4A, 0xC94A, 0xEA4A, 0xEA52, 0x2B53, 0x2B53, 0x8942, 0x4842, 0x2842, 0x2842, 0x4842, 0x273A, 0x8942, 0xE94A, 0x2A53, 
  0x094B, 0xCA52, 0x684A, 0x8842, 0x8B5C, 0xAF86, 0x8F97, 0xEF9F, 0xAE97, 0x0E8F, 0x8D75, 0x095C, 0x274B, 0xA842, 0xA94A, 0x6B5B, 
  0x0B4B, 0x2A4B, 0x0A4B, 0x8942, 0x0A53, 0xEA52, 0x4842, 0x6942, 0x4842, 0xA94A, 0x8842, 0x8842, 0xCA4A, 0xA94A, 0x683A, 0x8942, 
  0x894A, 0x6842, 0xC842, 0xEF96, 0xEF9F, 0xEE9F, 0xEEAF, 0xFCF7, 0xFFFF, 0xFFFF, 0xD6DF, 0xCCA7, 0xEF9F, 0xEE97, 0xEF9F, 0xED9F, 
  0xCABF, 0xE3F7, 0xC0FF, 0xE0FF, 0xE0FF, 0xC0FF, 0xE0FF, 0xE0FF, 0xE0FF, 0xE0FF, 0xE0FF, 0xE0FF, 0xE0FF, 0xE0FF, 0xE0FF, 0xE0FF, 
  0xE0FF, 0xE0FF, 0xE0FF, 0xE0FF, 0xE0FF, 0xE0FF, 0xE0FF, 0xE0FF, 0xE0FF, 0xE0FF, 0xE0FF, 0xE0FF, 0xE0FF, 0xE0FF, 0xE0FF, 0xE0FF, 
  0xE0FF, 0xE0FF, 0xE0FF, 0xE0FF, 0xE0FF, 0xE0FF, 0xE0FF, 0xE0FF, 0xE0FF, 0xE0FF, 0xE0FF, 0xE0FF, 0xE0FF, 0xE0FF, 0xE0FF, 0xE0FF, 
  0xE0FF, 0xE0FF, 0xE0FF, 0xE0FF, 0xE0FF, 0xE0FF, 0xE0FF, 0xE0FF, 0xE0FF, 0xE0FF, 0xE0FF, 0xE0FF, 0xE0FF, 0xE0FF, 0xE0FF, 0xE0FF, 
  0xE0FF, 0xE0FF, 0xE0FF, 0xE0FF, 0xE0FF, 0xE0FF, 0xE0FF, 0xE0FF, 0xE0FF, 0xE0FF, 0xE0FF, 0xE0FF, 0xE0FF, 0xE0FF, 0xE0FF, 0xE0FF, 
  0xE0FF, 0xE0FF, 0xE0FF, 0xE0FF, 0xE0FF, 0xE0FF, 0xE0FF, 0xE0FF, 0xE0FF, 0xE0FF, 0xE0FF, 0xE0FF, 0xE0FF, 0xE0FF, 0xE0FF, 0xE0FF, 
  0xE0FF, 0xE0FF, 0xE0FF, 0xE0FF, 0xE0FF, 0xE0FF, 0xC0FF, 0xE0FF, 0xE0FF, 0xC0FF, 0xC0FF, 0xE0FF, 0xE3F7, 0xE9D7, 0xCE9F, 0xF097, 
  0xEE9F, 0xEF9F, 0xED9F, 0xCCAF, 0xFBEF, 0xFFFF, 0xFFFF, 0xFFFF, 0xFFFF, 0xFFFF, 0xFFFF, 0xFFFF, 0xFFFF, 0xFFFF, 0xD6DF, 0xCCAF, 
  0xEB9F, 0xEE9F, 0xEF9F, 0xF09F, 0x2A54, 0x2A53, 0x0A53, 0x2A53, 0x4B53, 0xC842, 0x6842, 0xEA42, 0x8C5B, 0x0953, 0x6D64, 0xAA53, 
  0xC94A, 0x8842, 0xC94A, 0x8942, 0x8942, 0xEA4A, 0x0A53, 0x4B53, 0xA93A, 0xA94A, 0x4742, 0xEA4A, 0x6C5B, 0xC94A, 0xC94A, 0x0953, 
  0xA842, 0xC94A, 0x4742, 0xA952, 0xEA52, 0x2A4B, 0x294B, 0xEA4A, 0x6942, 0x4742, 0x694A, 0x073A, 0x273A, 0x884A, 0xCA4A, 0x6942, 
  0x4842, 0xCA4A, 0xC94A, 0x8842, 0xCA4A, 0x8942, 0x6842, 0x4842, 0x2842, 0x694A, 0xCA52, 0xE94A, 0xE94A, 0x4B53, 0xEA4A, 0x0B53, 
  0xEA4A, 0xCB52, 0xA84A, 0x4954, 0xD0A7, 0xEEA7, 0xECA7, 0xEDA7, 0xEFA7, 0xEEA7, 0xEEA7, 0xEF9F, 0x6F97, 0xAC75, 0xA853, 0x883A, 
  0xA942, 0x894A, 0x4842, 0x683A, 0xA94A, 0x4842, 0xE739, 0x2842, 0x6842, 0xC94A, 0x2B53, 0x683A, 0x0A53, 0x0A53, 0xA942, 0x8942, 
  0xEB52, 0xA942, 0x094B, 0x5097, 0xEF9F, 0xEE9F, 0xEDA7, 0xFBF7, 0xFFFF, 0xFFFF, 0xF9E7, 0xCDA7, 0xEF97, 0xEE97, 0xEF9F, 0xED9F, 
  0xEBB7, 0xE4EF, 0xE0FF, 0xE0FF, 0xE0FF, 0xC0FF, 0xE0FF, 0xE0FF, 0xE0FF, 0xE0FF, 0xE0FF, 0xE0FF, 0xE0FF, 0xE0FF, 0xE0FF, 0xE0FF, 
  0xE0FF, 0xE0FF, 0xE0FF, 0xE0FF, 0xE0FF, 0xE0FF, 0xE0FF, 0xE0FF, 0xE0FF, 0xE0FF, 0xE0FF, 0xE0FF, 0xE0FF, 0xE0FF, 0xE0FF, 0xE0FF, 
  0xE0FF, 0xE0FF, 0xE0FF, 0xE0FF, 0xE0FF, 0xE0FF, 0xE0FF, 0xE0FF, 0xE0FF, 0xE0FF, 0xE0FF, 0xE0FF, 0xE0FF, 0xE0FF, 0xE0FF, 0xE0FF, 
  0xE0FF, 0xE0FF, 0xE0FF, 0xE0FF, 0xE0FF, 0xE0FF, 0xE0FF, 0xE0FF, 0xE0FF, 0xE0FF, 0xE0FF, 0xE0FF, 0xE0FF, 0xE0FF, 0xE0FF, 0xE0FF, 
  0xE0FF, 0xE0FF, 0xE0FF, 0xE0FF, 0xE0FF, 0xE0FF, 0xE0FF, 0xE0FF, 0xE0FF, 0xE0FF, 0xE0FF, 0xE0FF, 0xE0FF, 0xE0FF, 0xE0FF, 0xE0FF, 
  0xE0FF, 0xE0FF, 0xE0FF, 0xE0FF, 0xE0FF, 0xE0FF, 0xE0FF, 0xE0FF, 0xE0FF, 0xE0FF, 0xE0FF, 0xE0FF, 0xE0FF, 0xE0FF, 0xE0FF, 0xE0FF, 
  0xE0FF, 0xE0FF, 0xE0FF, 0xE0FF, 0xE0FF, 0xE0FF, 0xC0FF, 0xE0FF, 0xE0FF, 0xC0FF, 0xE0FF, 0xE4EF, 0xCBC7, 0xCE9F, 0xEF97, 0xEF9F, 
  0xEF97, 0xEE9F, 0xECA7, 0xCEBF, 0xFDFF, 0xFFFF, 0xFFFF, 0xFFFF, 0xFFFF, 0xFFFF, 0xFFFF, 0xFFFF, 0xFDF7, 0xD8DF, 0xCDAF, 0xECA7, 
  0xEE9F, 0xEE97, 0xEF97, 0xF09F, 0xAA53, 0x2B53, 0xE94A, 0x0A4B, 0x6C5B, 0xA94A, 0xA94A, 0x2A4B, 0x0A4B, 0xC94A, 0x6742, 0x8842, 
  0xEA4A, 0x0B53, 0xEA4A, 0x8842, 0x0A53, 0x2B53, 0xC942, 0x6842, 0x6942, 0x8A4A, 0x0A53, 0x8B5B, 0x8C63, 0xE94A, 0x8B53, 0x6B53, 
  0xA842, 0x6942, 0x6842, 0x894A, 0x8942, 0x694B, 0x8D64, 0xC942, 0x8942, 0xCA4A, 0xCA4A, 0xEA4A, 0x0A53, 0xE94A, 0xC942, 0x8842, 
  0x6842, 0xA94A, 0xC94A, 0x894A, 0x894A, 0x273A, 0x6842, 0xA94A, 0x4842, 0x4842, 0x8942, 0x0A4B, 0x8B5B, 0x8B5B, 0xC842, 0xE94A, 
  0xE94A, 0xA942, 0xA83A, 0xEE7D, 0xEFA7, 0xCA9F, 0xB0C7, 0xFAF7, 0xDBF7, 0xD8EF, 0xB3CF, 0xCFAF, 0xED9F, 0xF0A7, 0xD09F, 0x0C75, 
  0x2732, 0x4842, 0x494A, 0x6942, 0x0A53, 0xC94A, 0x6842, 0x6942, 0x6842, 0x8842, 0xA94A, 0xA942, 0xC94A, 0xEA52, 0xA94A, 0x694A, 
  0x894A, 0xEA52, 0x0843, 0x4F97, 0xEE9F, 0xEE9F, 0xCDA7, 0xFBEF, 0xFFFF, 0xFFFF, 0xFBEF, 0xCDAF, 0xEF9F, 0xEF9F, 0xEE9F, 0xEE9F, 
  0xEBB7, 0xE4EF, 0xE0FF, 0xE0FF, 0xE0FF, 0xE0FF, 0xE0FF, 0xE0FF, 0xE0FF, 0xE0FF, 0xE0FF, 0xE0FF, 0xE0FF, 0xE0FF, 0xE0FF, 0xE0FF, 
  0xE0FF, 0xE0FF, 0xE0FF, 0xE0FF, 0xE0FF, 0xE0FF, 0xE0FF, 0xE0FF, 0xE0FF, 0xE0FF, 0xE0FF, 0xE0FF, 0xE0FF, 0xE0FF, 0xE0FF, 0xE0FF, 
  0xE0FF, 0xE0FF, 0xE0FF, 0xE0FF, 0xE0FF, 0xE0FF, 0xE0FF, 0xE0FF, 0xE0FF, 0xE0FF, 0xE0FF, 0xE0FF, 0xE0FF, 0xE0FF, 0xE0FF, 0xE0FF, 
  0xE0FF, 0xE0FF, 0xE0FF, 0xE0FF, 0xE0FF, 0xE0FF, 0xE0FF, 0xE0FF, 0xE0FF, 0xE0FF, 0xE0FF, 0xE0FF, 0xE0FF, 0xE0FF, 0xE0FF, 0xE0FF, 
  0xE0FF, 0xE0FF, 0xE0FF, 0xE0FF, 0xE0FF, 0xE0FF, 0xE0FF, 0xE0FF, 0xE0FF, 0xE0FF, 0xE0FF, 0xE0FF, 0xE0FF, 0xE0FF, 0xE0FF, 0xE0FF, 
  0xE0FF, 0xE0FF, 0xE0FF, 0xE0FF, 0xE0FF, 0xE0FF, 0xE0FF, 0xE0FF, 0xE0FF, 0xE0FF, 0xE0FF, 0xE0FF, 0xE0FF, 0xE0FF, 0xE0FF, 0xE0FF, 
  0xE0FF, 0xE0FF, 0xE0FF, 0xE0FF, 0xE0FF, 0xE0FF, 0xE0FF, 0xE0FF, 0xE0FF, 0xE0FF, 0xE4EF, 0xCBBF, 0xD097, 0xF09F, 0xEE9F, 0xEF97, 
  0xEE9F, 0xECA7, 0xEBA7, 0xCDB7, 0xD8DF, 0xFBF7, 0xFCEF, 0xFCEF, 0xFBEF, 0xFAEF, 0xF7DF, 0xD4CF, 0xD0B7, 0xCCA7, 0xED9F, 0xEEA7, 
  0xCF9F, 0xEF97, 0xCF9F, 0x8D86, 0xCB5B, 0x6C5B, 0xC94A, 0xC94A, 0xA942, 0xA94A, 0x684A, 0x6842, 0x6842, 0x0A4B, 0xEA52, 0xCA4A, 
  0x8942, 0xC94A, 0xE94A, 0x2A53, 0xE94A, 0xA942, 0x894A, 0x694A, 0x2A53, 0x8B53, 0x6B53, 0x2A4B, 0x0A4B, 0x4A4B, 0x8E6C, 0x6B53, 
  0xEA4A, 0x6942, 0x8942, 0xCA52, 0x2B53, 0x6A4B, 0x8D6C, 0x094B, 0xEA52, 0x894A, 0x884A, 0xA94A, 0xA94A, 0xEA4A, 0x0A53, 0xEA4A, 
  0x2B5B, 0x0B53, 0xA942, 0xA94A, 0xCA52, 0xEA52, 0xA942, 0x2B53, 0x2A53, 0x4A53, 0xC942, 0x4B5B, 0x0A53, 0x683A, 0xAC5B, 0x6B53, 
  0xC94A, 0x894A, 0xE842, 0x0F97, 0xEE9F, 0xCCA7, 0xF8DF, 0xFFFF, 0xFFFF, 0xFFFF, 0xFFFF, 0xFBF7, 0xB3CF, 0xACA7, 0xED97, 0xF1A7, 
  0x0B6D, 0x473A, 0x4842, 0x484A, 0xC94A, 0xE94A, 0xA942, 0x2842, 0x2842, 0xC94A, 0x0A53, 0x0A53, 0x473A, 0x8842, 0x6842, 0x073A, 
  0x6842, 0xC94A, 0x494B, 0x709F, 0xEE9F, 0xEE9F, 0xCCA7, 0xFAEF, 0xFFFF, 0xFFFF, 0xFCF7, 0xCEAF, 0xEE9F, 0xEF9F, 0xEE9F, 0xEE9F, 
  0xEBAF, 0xE5E7, 0xE0FF, 0xC0FF, 0xE0FF, 0xC0FF, 0xE0FF, 0xE0FF, 0xE0FF, 0xE0FF, 0xE0FF, 0xE0FF, 0xE0FF, 0xE0FF, 0xE0FF, 0xE0FF, 
  0xE0FF, 0xE0FF, 0xE0FF, 0xE0FF, 0xE0FF, 0xE0FF, 0xE0FF, 0xE0FF, 0xE0FF, 0xE0FF, 0xE0FF, 0xE0FF, 0xE0FF, 0xE0FF, 0xE0FF, 0xE0FF, 
  0xE0FF, 0xE0FF, 0xE0FF, 0xE0FF, 0xE0FF, 0xE0FF, 0xE0FF, 0xE0FF, 0xE0FF, 0xE0FF, 0xE0FF, 0xE0FF, 0xE0FF, 0xE0FF, 0xE0FF, 0xE0FF, 
  0xE0FF, 0xE0FF, 0xE0FF, 0xE0FF, 0xE0FF, 0xE0FF, 0xE0FF, 0xE0FF, 0xE0FF, 0xE0FF, 0xE0FF, 0xE0FF, 0xE0FF, 0xE0FF, 0xE0FF, 0xE0FF, 
  0xE0FF, 0xE0FF, 0xE0FF, 0xE0FF, 0xE0FF, 0xE0FF, 0xE0FF, 0xE0FF, 0xE0FF, 0xE0FF, 0xE0FF, 0xE0FF, 0xE0FF, 0xE0FF, 0xE0FF, 0xE0FF, 
  0xE0FF, 0xE0FF, 0xE0FF, 0xE0FF, 0xE0FF, 0xE0FF, 0xE0FF, 0xE0FF, 0xE0FF, 0xE0FF, 0xE0FF, 0xE0FF, 0xE0FF, 0xE0FF, 0xE0FF, 0xE0FF, 
  0xE0FF, 0xE0FF, 0xE0FF, 0xE0FF, 0xE0FF, 0xE0FF, 0xE0FF, 0xC0FF, 0xE0FF, 0xE3F7, 0xCBC7, 0xCE97, 0xCF9F, 0xF09F, 0xEE9F, 0xED9F, 
  0xECA7, 0xEBAF, 0xEBAF, 0xEBAF, 0xEBA7, 0xCCAF, 0xAFBF, 0x92C7, 0x92C7, 0xB0BF, 0xAEBF, 0xCDAF, 0xCDA7, 0xCE9F, 0xCF97, 0xEE97, 
  0xEE97, 0xEE97, 0xCF9F, 0x4A5C, 0xE942, 0x0A4B, 0x2A4B, 0xE94A, 0xEA52, 0xEA52, 0x8942, 0xA94A, 0xA94A, 0x4842, 0x894A, 0xAA4A, 
  0x894A, 0x894A, 0xA942, 0xA94A, 0xEA4A, 0x0A53, 0xA94A, 0x094B, 0xAA53, 0xED63, 0xEA4A, 0xC83A, 0x4A4B, 0x4A53, 0x094B, 0x0A4B, 
  0xA94A, 0x4A53, 0x0A53, 0xA94A, 0x6842, 0xA942, 0x0A53, 0x6842, 0xEA4A, 0x2A53, 0x0A53, 0xA94A, 0xC94A, 0xE94A, 0xC942, 0x2B53, 
  0xE94A, 0xE94A, 0x094B, 0xE94A, 0xC94A, 0x0A53, 0x8842, 0xC94A, 0x4B53, 0x0C64, 0x2A4B, 0xAA4A, 0x894A, 0xA94A, 0x0A4B, 0x0A4B, 
  0xC94A, 0x8A4A, 0x0B5C, 0xAE97, 0xECA7, 0xCDB7, 0xFBEF, 0xFFFF, 0xFFFF, 0xFFFF, 0xFFFF, 0xFFFF, 0xFFFF, 0xD6DF, 0xCDA7, 0xED9F, 
  0xD0A7, 0x2A5C, 0x8942, 0xE952, 0xA94A, 0x8842, 0x0953, 0xCA4A, 0x8942, 0x6842, 0xEA4A, 0x0A53, 0xC942, 0x2B53, 0xCA4A, 0xA94A, 
  0x2953, 0xE942, 0x294B, 0x0F97, 0xEF9F, 0xEF9F, 0xCCA7, 0xF8E7, 0xFFFF, 0xFFFF, 0xFDF7, 0xCFB7, 0xED9F, 0xEF9F, 0xEE9F, 0xED9F, 
  0xECAF, 0xE5E7, 0xE0FF, 0xE0FF, 0xE0FF, 0xC0FF, 0xE0FF, 0xE0FF, 0xE0FF, 0xE0FF, 0xE0FF, 0xE0FF, 0xE0FF, 0xE0FF, 0xE0FF, 0xE0FF, 
  0xE0FF, 0xE0FF, 0xE0FF, 0xE0FF, 0xE0FF, 0xE0FF, 0xE0FF, 0xE0FF, 0xE0FF, 0xE0FF, 0xE0FF, 0xE0FF, 0xE0FF, 0xE0FF, 0xE0FF, 0xE0FF, 
  0xE0FF, 0xE0FF, 0xE0FF, 0xE0FF, 0xE0FF, 0xE0FF, 0xE0FF, 0xE0FF, 0xE0FF, 0xE0FF, 0xE0FF, 0xE0FF, 0xE0FF, 0xE0FF, 0xE0FF, 0xE0FF, 
  0xE0FF, 0xE0FF, 0xE0FF, 0xE0FF, 0xE0FF, 0xE0FF, 0xE0FF, 0xE0FF, 0xE0FF, 0xE0FF, 0xE0FF, 0xE0FF, 0xE0FF, 0xE0FF, 0xE0FF, 0xE0FF, 
  0xE0FF, 0xE0FF, 0xE0FF, 0xE0FF, 0xE0FF, 0xE0FF, 0xE0FF, 0xE0FF, 0xE0FF, 0xE0FF, 0xE0FF, 0xE0FF, 0xE0FF, 0xE0FF, 0xE0FF, 0xE0FF, 
  0xE0FF, 0xE0FF, 0xE0FF, 0xE0FF, 0xE0FF, 0xE0FF, 0xE0FF, 0xE0FF, 0xE0FF, 0xE0FF, 0xE0FF, 0xE0FF, 0xE0FF, 0xE0FF, 0xE0FF, 0xE0FF, 
  0xE0FF, 0xE0FF, 0xE0FF, 0xE0FF, 0xE0FF, 0xE0FF, 0xE0FF, 0xC0FF, 0xE1FF, 0xEAC7, 0xEE97, 0xEF97, 0xEF97, 0xED9F, 0xECA7, 0xEBAF, 
  0xECA7, 0xECA7, 0xEDA7, 0xEDA7, 0xED9F, 0xEDA7, 0xECA7, 0xEEB7, 0xD0B7, 0xD1BF, 0xD2C7, 0xD4D7, 0xD6D7, 0xD6D7, 0xD4C7, 0xD2BF, 
  0xD0AF, 0xCE97, 0xEE97, 0x0E8F, 0x2B6D, 0x0954, 0x4843, 0xE94A, 0x8842, 0xE639, 0xA94A, 0x483A, 0x6A42, 0x894A, 0xA84A, 0x8842, 
  0xA94A, 0xA94A, 0x684A, 0x684A, 0xA94A, 0xEA4A, 0x683A, 0xA842, 0xA942, 0xAA52, 0x4A4B, 0x4E7D, 0xAD6D, 0x2C5C, 0x6842, 0x4842, 
  0x2842, 0xE94A, 0xE942, 0xA942, 0xA842, 0x8842, 0x0B53, 0xA942, 0xA94A, 0xCA4A, 0x8942, 0x8942, 0x8942, 0xCA4A, 0x4942, 0x2842, 
  0x283A, 0x283A, 0x6942, 0x8942, 0x6942, 0x283A, 0x4842, 0xA94A, 0x883A, 0x6B53, 0xC942, 0x4842, 0x694A, 0x894A, 0x683A, 0x0A53, 
  0x684A, 0x483A, 0x0C6D, 0xF09F, 0xEC9F, 0xCEB7, 0xFCFF, 0xFFFF, 0xFFFF, 0xFFFF, 0xFFFF, 0xFFFF, 0xFFFF, 0xFFFF, 0xD9E7, 0xACAF, 
  0xEE9F, 0x4F97, 0x6843, 0x2B53, 0xCA42, 0x6942, 0x2B53, 0xEA52, 0xA942, 0xEA52, 0x0A53, 0x4B5B, 0xE94A, 0xAC63, 0xA842, 0x6B53, 
  0x4D6C, 0xEA52, 0xE942, 0xCE86, 0xEF9F, 0xEE9F, 0xCCA7, 0xD8E7, 0xFFFF, 0xFFFF, 0xFEFF, 0xD0BF, 0xED9F, 0xEF9F, 0xEF9F, 0xEE9F, 
  0xEBAF, 0xE6D7, 0xE1FF, 0xE0FF, 0xE0FF, 0xC0FF, 0xE0FF, 0xE0FF, 0xE0FF, 0xE0FF, 0xE0FF, 0xE0FF, 0xE0FF, 0xE0FF, 0xE0FF, 0xE0FF, 
  0xE0FF, 0xE0FF, 0xE0FF, 0xE0FF, 0xE0FF, 0xE0FF, 0xE0FF, 0xE0FF, 0xE0FF, 0xE0FF, 0xE0FF, 0xE0FF, 0xE0FF, 0xE0FF, 0xE0FF, 0xE0FF, 
  0xE0FF, 0xE0FF, 0xE0FF, 0xE0FF, 0xE0FF, 0xE0FF, 0xE0FF, 0xE0FF, 0xE0FF, 0xE0FF, 0xE0FF, 0xE0FF, 0xE0FF, 0xE0FF, 0xE0FF, 0xE0FF, 
  0xE0FF, 0xE0FF, 0xE0FF, 0xE0FF, 0xE0FF, 0xE0FF, 0xE0FF, 0xE0FF, 0xE0FF, 0xE0FF, 0xE0FF, 0xE0FF, 0xE0FF, 0xE0FF, 0xE0FF, 0xE0FF, 
  0xE0FF, 0xE0FF, 0xE0FF, 0xE0FF, 0xE0FF, 0xE0FF, 0xE0FF, 0xE0FF, 0xE0FF, 0xE0FF, 0xE0FF, 0xE0FF, 0xE0FF, 0xE0FF, 0xE0FF, 0xE0FF, 
  0xE0FF, 0xE0FF, 0xE0FF, 0xE0FF, 0xE0FF, 0xE0FF, 0xE0FF, 0xE0FF, 0xE0FF, 0xE0FF, 0xE0FF, 0xE0FF, 0xE0FF, 0xE0FF, 0xE0FF, 0xE0FF, 
  0xE0FF, 0xE0FF, 0xE0FF, 0xE0FF, 0xE0FF, 0xE0FF, 0xE0FF, 0xE1FF, 0xE9D7, 0xCE9F, 0xEE97, 0xCD9F, 0xEDA7, 0xECA7, 0xECAF, 0xECA7, 
  0xEDA7, 0xEE9F, 0xEE97, 0xEE9F, 0xCF9F, 0xCE9F, 0xEE97, 0xEE97, 0xEE9F, 0xEF9F, 0xEE9F, 0xCE9F, 0xCFA7, 0xD0AF, 0xD2C7, 0xD5D7, 
  0xD6DF, 0xD5D7, 0xD3CF, 0xF2C7, 0xF2BF, 0xB1B7, 0x2E9F, 0xAD8E, 0xEC7D, 0xCB5C, 0xC94B, 0xE842, 0x6742, 0x2842, 0xE839, 0xA942, 
  0x894A, 0xA94A, 0xEA4A, 0xA942, 0x8942, 0x6842, 0xC94A, 0xC94A, 0x8942, 0x8942, 0x8842, 0xEA5B, 0xEF7D, 0x0C5C, 0xE952, 0x6953, 
  0xEA4A, 0x8942, 0x2A53, 0x2B53, 0x2B5B, 0xA94A, 0x8942, 0xC94A, 0xC94A, 0xEA52, 0xC94A, 0x6842, 0x8742, 0xC842, 0xE742, 0xA953, 
  0xE95B, 0x085C, 0x8964, 0x0A6D, 0x6B75, 0x2A6D, 0x0A6D, 0x6B75, 0x6B75, 0x6B6D, 0x4B6D, 0x4C75, 0x6B5C, 0xEA53, 0x8A4B, 0x2943, 
  0xC73A, 0x4A5C, 0x5097, 0xEE9F, 0xECA7, 0xCEB7, 0xFCF7, 0xFFFF, 0xFFFF, 0xFFFF, 0xFFFF, 0xFFFF, 0xFFFF, 0xFFFF, 0xFFFF, 0xD7DF, 
  0xCC9F, 0xEF9F, 0xEE96, 0x484B, 0xC94A, 0x494A, 0x4842, 0xA84A, 0x6842, 0xEA4A, 0xC94A, 0x2A53, 0x0A4B, 0x2A4B, 0x2A4B, 0x4A53, 
  0xE94A, 0xCA4A, 0xA942, 0x8E86, 0xEF9F, 0xEE9F, 0xCCA7, 0xD7DF, 0xFFFF, 0xFFFF, 0xFEFF, 0xD1BF, 0xEC9F, 0xEF9F, 0xEF97, 0xEE9F, 
  0xEBA7, 0xE7CF, 0xE1FF, 0xE0FF, 0xE0FF, 0xC0FF, 0xE0FF, 0xE0FF, 0xE0FF, 0xE0FF, 0xE0FF, 0xE0FF, 0xE0FF, 0xE0FF, 0xE0FF, 0xE0FF, 
  0xE0FF, 0xE0FF, 0xE0FF, 0xE0FF, 0xE0FF, 0xE0FF, 0xE0FF, 0xE0FF, 0xE0FF, 0xE0FF, 0xE0FF, 0xE0FF, 0xE0FF, 0xE0FF, 0xE0FF, 0xE0FF, 
  0xE0FF, 0xE0FF, 0xE0FF, 0xE0FF, 0xE0FF, 0xE0FF, 0xE0FF, 0xE0FF, 0xE0FF, 0xE0FF, 0xE0FF, 0xE0FF, 0xE0FF, 0xE0FF, 0xE0FF, 0xE0FF, 
  0xE0FF, 0xE0FF, 0xE0FF, 0xE0FF, 0xE0FF, 0xE0FF, 0xE0FF, 0xE0FF, 0xE0FF, 0xE0FF, 0xE0FF, 0xE0FF, 0xE0FF, 0xE0FF, 0xE0FF, 0xE0FF, 
  0xE0FF, 0xE0FF, 0xE0FF, 0xE0FF, 0xE0FF, 0xE0FF, 0xE0FF, 0xE0FF, 0xE0FF, 0xE0FF, 0xE0FF, 0xE0FF, 0xE0FF, 0xE0FF, 0xE0FF, 0xE0FF, 
  0xE0FF, 0xE0FF, 0xE0FF, 0xE0FF, 0xE0FF, 0xE0FF, 0xE0FF, 0xE0FF, 0xE0FF, 0xE0FF, 0xE0FF, 0xE0FF, 0xE0FF, 0xE0FF, 0xE0FF, 0xE0FF, 
  0xE0FF, 0xE0FF, 0xE0FF, 0xE0FF, 0xE0FF, 0xC0FF, 0xC1FF, 0xE7D7, 0xCE9F, 0xEE97, 0xAEA7, 0xD1C7, 0xECBF, 0xECAF, 0xEDA7, 0xEE9F, 
  0xEF9F, 0xEE9F, 0xEE97, 0xEF9F, 0xEE9F, 0xEE9F, 0xEFA7, 0xF09F, 0xAF9F, 0x0D8F, 0x8F97, 0xF09F, 0xEF97, 0xED97, 0xEE97, 0xCE97, 
  0xF0A7, 0xF2B7, 0xF4C7, 0xF5CF, 0xF5D7, 0xF5D7, 0xF5D7, 0xF5CF, 0xF4CF, 0xF3BF, 0xD0AF, 0x6E9F, 0x4C86, 0x2B6D, 0x2A5C, 0x8953, 
  0xA842, 0x8842, 0x283A, 0x2842, 0x694A, 0x694A, 0x2B53, 0x6B5B, 0x2A53, 0x0A4B, 0xA942, 0x6842, 0xEA4A, 0x8842, 0xCF8D, 0xD2AF, 
  0xEC64, 0xCC63, 0x8942, 0x6942, 0x8942, 0x683A, 0xE942, 0x0843, 0xC94B, 0xAA5C, 0x0A65, 0xCC7D, 0x4C86, 0xEE9E, 0x71AF, 0xB3B7, 
  0xF4C7, 0xF5CF, 0xF6D7, 0xF6DF, 0xF6DF, 0xF7DF, 0xF6DF, 0xF6D7, 0xF5D7, 0xF4CF, 0xF2C7, 0xF0B7, 0xEEAF, 0xEDA7, 0xAE9F, 0x4F97, 
  0x4F97, 0xD09F, 0xEE9F, 0xECA7, 0xEBAF, 0xCDB7, 0xFAEF, 0xFFFF, 0xFFFF, 0xFFFF, 0xFFFF, 0xFFFF, 0xFFFF, 0xFFFF, 0xFFFF, 0xFEFF, 
  0xD1C7, 0xCD9F, 0xF0A7, 0x0D86, 0xA73A, 0x694A, 0xEA52, 0x6B5B, 0xEA4A, 0xC94A, 0xE94A, 0xEA4A, 0xE94A, 0xE942, 0x6E74, 0x6B5B, 
  0x6842, 0xC942, 0xA94A, 0xED7D, 0xEF9F, 0xEE9F, 0xCCA7, 0xD7DF, 0xFFFF, 0xFFFF, 0xFEFF, 0xD1BF, 0xED9F, 0xEF97, 0xEF97, 0xCE9F, 
  0xECA7, 0xE7CF, 0xE0FF, 0xE0FF, 0xE0FF, 0xE0FF, 0xE0FF, 0xE0FF, 0xE0FF, 0xE0FF, 0xE0FF, 0xE0FF, 0xE0FF, 0xE0FF, 0xE0FF, 0xE0FF, 
  0xE0FF, 0xE0FF, 0xE0FF, 0xE0FF, 0xE0FF, 0xE0FF, 0xE0FF, 0xE0FF, 0xE0FF, 0xE0FF, 0xE0FF, 0xE0FF, 0xE0FF, 0xE0FF, 0xE0FF, 0xE0FF, 
  0xE0FF, 0xE0FF, 0xE0FF, 0xE0FF, 0xE0FF, 0xE0FF, 0xE0FF, 0xE0FF, 0xE0FF, 0xE0FF, 0xE0FF, 0xE0FF, 0xE0FF, 0xE0FF, 0xE0FF, 0xE0FF, 
  0xE0FF, 0xE0FF, 0xE0FF, 0xE0FF, 0xE0FF, 0xE0FF, 0xE0FF, 0xE0FF, 0xE0FF, 0xE0FF, 0xE0FF, 0xE0FF, 0xE0FF, 0xE0FF, 0xE0FF, 0xE0FF, 
  0xE0FF, 0xE0FF, 0xE0FF, 0xE0FF, 0xE0FF, 0xE0FF, 0xE0FF, 0xE0FF, 0xE0FF, 0xE0FF, 0xE0FF, 0xE0FF, 0xE0FF, 0xE0FF, 0xE0FF, 0xE0FF, 
  0xE0FF, 0xE0FF, 0xE0FF, 0xE0FF, 0xE0FF, 0xE0FF, 0xE0FF, 0xE0FF, 0xE0FF, 0xE0FF, 0xE0FF, 0xE0FF, 0xE0FF, 0xE0FF, 0xE0FF, 0xE0FF, 
  0xE0FF, 0xE0FF, 0xE0FF, 0xE0FF, 0xE0FF, 0xE0FF, 0xE6E7, 0xCDA7, 0xED97, 0xCEAF, 0xF8DF, 0xD5D7, 0xCDAF, 0xEDA7, 0xEE97, 0xEF97, 
  0xEE97, 0xEF9F, 0xEF9F, 0x8F97, 0x4E8F, 0xCE8E, 0xCD7D, 0xCC64, 0x2954, 0x4A65, 0x6E97, 0xEE9F, 0xEE97, 0xEF9F, 0xEF9F, 0xCF9F, 
  0x4C76, 0xAC6D, 0x0B76, 0x6C7E, 0xCE8E, 0x309F, 0x92A7, 0xF3BF, 0xF5CF, 0xF5D7, 0xF6DF, 0xF7DF, 0xF6D7, 0xF2C7, 0xF0BF, 0x70A7, 
  0xCD96, 0x0B7E, 0x895C, 0xA953, 0xE94A, 0x8842, 0xE94A, 0xCC5B, 0xE942, 0x4B5B, 0xC942, 0xAA4A, 0x6A4A, 0x483A, 0xE83A, 0x2A54, 
  0x273B, 0x884B, 0x2854, 0xCA64, 0x4B75, 0x2D86, 0xCE96, 0x4FA7, 0xB2B7, 0xD4C7, 0xF6D7, 0xF8DF, 0xF9E7, 0xFAE7, 0xF8E7, 0xF8E7, 
  0xF7DF, 0xF6D7, 0xF5D7, 0xF5CF, 0xF4CF, 0xF4C7, 0xF4C7, 0xF4C7, 0xF4CF, 0xF3C7, 0xF2C7, 0xF1C7, 0xEDAF, 0xEAA7, 0xEAAF, 0xECAF, 
  0xEDA7, 0xECA7, 0xEBA7, 0xEBA7, 0xECAF, 0xCBA7, 0xF6D7, 0xFFFF, 0xFEFF, 0xFFFF, 0xFFFF, 0xFFFF, 0xFFFF, 0xFFFF, 0xFFFF, 0xFFFF, 
  0xF8E7, 0xCCA7, 0xEE97, 0xD09F, 0xCA5B, 0x8842, 0xA942, 0xAB53, 0x2A53, 0xA94A, 0x894A, 0x894A, 0x0B53, 0x4B53, 0xA83A, 0x683A, 
  0xEA52, 0x6B53, 0xEA4A, 0x6B6D, 0xF0A7, 0xEF97, 0xCCA7, 0xD7DF, 0xFFFF, 0xFFFF, 0xFEFF, 0xD0BF, 0xED9F, 0xEF97, 0xEF97, 0xEE9F, 
  0xCDA7, 0xE8C7, 0xE0FF, 0xE0FF, 0xE0FF, 0xE0FF, 0xE0FF, 0xE0FF, 0xE0FF, 0xE0FF, 0xE0FF, 0xE0FF, 0xE0FF, 0xE0FF, 0xE0FF, 0xE0FF, 
  0xE0FF, 0xE0FF, 0xE0FF, 0xE0FF, 0xE0FF, 0xE0FF, 0xE0FF, 0xE0FF, 0xE0FF, 0xE0FF, 0xE0FF, 0xE0FF, 0xE0FF, 0xE0FF, 0xE0FF, 0xE0FF, 
  0xE0FF, 0xE0FF, 0xE0FF, 0xE0FF, 0xE0FF, 0xE0FF, 0xE0FF, 0xE0FF, 0xE0FF, 0xE0FF, 0xE0FF, 0xE0FF, 0xE0FF, 0xE0FF, 0xE0FF, 0xE0FF, 
  0xE0FF, 0xE0FF, 0xE0FF, 0xE0FF, 0xE0FF, 0xE0FF, 0xE0FF, 0xE0FF, 0xE0FF, 0xE0FF, 0xE0FF, 0xE0FF, 0xE0FF, 0xE0FF, 0xE0FF, 0xE0FF, 
  0xE0FF, 0xE0FF, 0xE0FF, 0xE0FF, 0xE0FF, 0xE0FF, 0xE0FF, 0xE0FF, 0xE0FF, 0xE0FF, 0xE0FF, 0xE0FF, 0xE0FF, 0xE0FF, 0xE0FF, 0xE0FF, 
  0xE0FF, 0xE0FF, 0xE0FF, 0xE0FF, 0xE0FF, 0xE0FF, 0xE0FF, 0xE0FF, 0xE0FF, 0xE0FF, 0xE0FF, 0xE0FF, 0xE0FF, 0xE0FF, 0xE0FF, 0xE0FF, 
  0xE0FF, 0xE0FF, 0xE0FF, 0xE0FF, 0xE0FF, 0xE4EF, 0xCDAF, 0xCE9F, 0xD0B7, 0xFBF7, 0xF8E7, 0xCCA7, 0xEE9F, 0xEF9F, 0xEE97, 0xEE97, 
  0xEFA7, 0x4F97, 0x6C75, 0x6B64, 0xC94A, 0x483A, 0x4742, 0x284B, 0xAF8E, 0xF0A7, 0xEE9F, 0xED9F, 0xED9F, 0xEE97, 0xEF9F, 0xEE9F, 
  0x4E8F, 0x6D7E, 0xAB75, 0x0B65, 0x6B5C, 0x2954, 0x2854, 0x4854, 0xEA64, 0xCC75, 0x50A7, 0xB2B7, 0xD5CF, 0xF7DF, 0xF7DF, 0xF6DF, 
  0xF5DF, 0xF4CF, 0xF2BF, 0xD0AF, 0x4E9F, 0x8D86, 0x8C75, 0xAA64, 0x4B5C, 0xAC64, 0x4A5C, 0x0954, 0xEB6C, 0x2A6D, 0xEB75, 0x4D86, 
  0xCF9E, 0x71AF, 0xF3C7, 0xF6D7, 0xF7DF, 0xF9E7, 0xF9EF, 0xFAEF, 0xFAEF, 0xF9E7, 0xF7DF, 0xF4CF, 0xD2BF, 0x70AF, 0xCE96, 0x6D8E, 
  0x6A6D, 0x0A65, 0x0A65, 0x0B65, 0xA954, 0xCA5C, 0xEA64, 0xEA64, 0x0A65, 0x6B6D, 0xEC7D, 0xAE8E, 0x4E97, 0xEFA7, 0xEEAF, 0xEBA7, 
  0xCAA7, 0xEBAF, 0xECAF, 0xEBA7, 0xEBAF, 0xEAA7, 0xB0BF, 0xFCF7, 0xFFFF, 0xFFFF, 0xFFFF, 0xFFFF, 0xFFFF, 0xFFFF, 0xFFFF, 0xFFFF, 
  0xD5D7, 0xCCA7, 0xEE9F, 0xCF9F, 0x4A53, 0x294A, 0x683A, 0x0A54, 0x2A64, 0x2A5C, 0x0A5C, 0x894B, 0xE942, 0x8942, 0x2A53, 0x4B5B, 
  0xAC5B, 0x2A4B, 0xC942, 0x8F86, 0xEF9F, 0xEF9F, 0xCCA7, 0xD7DF, 0xFFFF, 0xFFFF, 0xFDF7, 0xCFB7, 0xEE9F, 0xEF97, 0xEF97, 0xCD9F, 
  0xD1BF, 0xCBCF, 0xE1FF, 0xC0FF, 0xE0FF, 0xE0FF, 0xE0FF, 0xE0FF, 0xE0FF, 0xE0FF, 0xE0FF, 0xE0FF, 0xE0FF, 0xE0FF, 0xE0FF, 0xE0FF, 
  0xE0FF, 0xE0FF, 0xE0FF, 0xE0FF, 0xE0FF, 0xE0FF, 0xE0FF, 0xE0FF, 0xE0FF, 0xE0FF, 0xE0FF, 0xE0FF, 0xE0FF, 0xE0FF, 0xE0FF, 0xE0FF, 
  0xE0FF, 0xE0FF, 0xE0FF, 0xE0FF, 0xE0FF, 0xE0FF, 0xE0FF, 0xE0FF, 0xE0FF, 0xE0FF, 0xE0FF, 0xE0FF, 0xE0FF, 0xE0FF, 0xE0FF, 0xE0FF, 
  0xE0FF, 0xE0FF, 0xE0FF, 0xE0FF, 0xE0FF, 0xE0FF, 0xE0FF, 0xE0FF, 0xE0FF, 0xE0FF, 0xE0FF, 0xE0FF, 0xE0FF, 0xE0FF, 0xE0FF, 0xE0FF, 
  0xE0FF, 0xE0FF, 0xE0FF, 0xE0FF, 0xE0FF, 0xE0FF, 0xE0FF, 0xE0FF, 0xE0FF, 0xE0FF, 0xE0FF, 0xE0FF, 0xE0FF, 0xE0FF, 0xE0FF, 0xE0FF, 
  0xE0FF, 0xE0FF, 0xE0FF, 0xE0FF, 0xE0FF, 0xE0FF, 0xE0FF, 0xE0FF, 0xE0FF, 0xE0FF, 0xE0FF, 0xE0FF, 0xE0FF, 0xE0FF, 0xE0FF, 0xE0FF, 
  0xE0FF, 0xE0FF, 0xC0FF, 0xC0FF, 0xE2F7, 0xCBBF, 0xEE9F, 0xCEAF, 0xFBEF, 0xFBEF, 0xCDAF, 0xEE9F, 0xEF9F, 0xEE97, 0xCE97, 0xF0A7, 
  0x4D86, 0x884B, 0x6A4B, 0xCC63, 0x8942, 0x6942, 0x6742, 0x6C75, 0xF0A7, 0xCC9F, 0xEBAF, 0xECAF, 0xEBA7, 0xEC9F, 0xEE9F, 0xEF9F, 
  0xEF9F, 0xF0A7, 0xF0A7, 0xF0A7, 0xEF9F, 0x8F97, 0x0F8F, 0x4D86, 0x4B6D, 0x6954, 0xEA5C, 0xA954, 0xC95C, 0xCB7D, 0x8D8E, 0x109F, 
  0x91B7, 0xD2BF, 0xD3C7, 0xD2C7, 0xF0BF, 0xEEB7, 0xEDAF, 0xEDAF, 0xEEAF, 0xCEA7, 0xAEA7, 0xF0AF, 0xF1BF, 0xF3C7, 0xF5D7, 0xF6DF, 
  0xF7DF, 0xF7DF, 0xF7DF, 0xF7DF, 0xF6DF, 0xF4CF, 0xF2BF, 0x71AF, 0x0F9F, 0xAE8E, 0x0C7E, 0x4B65, 0x6954, 0x0A5C, 0xC842, 0x6842, 
  0x473A, 0x283A, 0x6842, 0xA94A, 0x6842, 0x894A, 0x4842, 0x4842, 0x683A, 0xCA4A, 0xC942, 0x094B, 0x084B, 0x095C, 0xCD75, 0x8F97, 
  0xEEA7, 0xECAF, 0xEBAF, 0xEBAF, 0xEBAF, 0xEBAF, 0xCBAF, 0xD0C7, 0xFCEF, 0xFFFF, 0xFFFF, 0xFFFF, 0xFFFF, 0xDFFF, 0xFFFF, 0xF9E7, 
  0xCDAF, 0xEC9F, 0xEF9F, 0xEF8E, 0xC83A, 0x4742, 0x2C6D, 0x8F97, 0xF0A7, 0xF09F, 0xEF9F, 0xAF9F, 0x2E86, 0x4A5C, 0x294B, 0x0A4B, 
  0x4A4B, 0xEA4A, 0x4A4B, 0x4F8F, 0xEE9F, 0xEF9F, 0xCCA7, 0xF7DF, 0xFFFF, 0xDFFF, 0xFBEF, 0xCDAF, 0xEF97, 0xEF97, 0xEF9F, 0xCD9F, 
  0xD5D7, 0xCECF, 0xE3EF, 0xC0FF, 0xE0FF, 0xE0FF, 0xE0FF, 0xE0FF, 0xE0FF, 0xE0FF, 0xE0FF, 0xE0FF, 0xE0FF, 0xE0FF, 0xE0FF, 0xE0FF, 
  0xE0FF, 0xE0FF, 0xE0FF, 0xE0FF, 0xE0FF, 0xE0FF, 0xE0FF, 0xE0FF, 0xE0FF, 0xE0FF, 0xE0FF, 0xE0FF, 0xE0FF, 0xE0FF, 0xE0FF, 0xE0FF, 
  0xE0FF, 0xE0FF, 0xE0FF, 0xE0FF, 0xE0FF, 0xE0FF, 0xE0FF, 0xE0FF, 0xE0FF, 0xE0FF, 0xE0FF, 0xE0FF, 0xE0FF, 0xE0FF, 0xE0FF, 0xE0FF, 
  0xE0FF, 0xE0FF, 0xE0FF, 0xE0FF, 0xE0FF, 0xE0FF, 0xE0FF, 0xE0FF, 0xE0FF, 0xE0FF, 0xE0FF, 0xE0FF, 0xE0FF, 0xE0FF, 0xE0FF, 0xE0FF, 
  0xE0FF, 0xE0FF, 0xE0FF, 0xE0FF, 0xE0FF, 0xE0FF, 0xE0FF, 0xE0FF, 0xE0FF, 0xE0FF, 0xE0FF, 0xE0FF, 0xE0FF, 0xE0FF, 0xE0FF, 0xE0FF, 
  0xE0FF, 0xE0FF, 0xE0FF, 0xE0FF, 0xE0FF, 0xE0FF, 0xE0FF, 0xE0FF, 0xE0FF, 0xE0FF, 0xE0FF, 0xE0FF, 0xE0FF, 0xE0FF, 0xE0FF, 0xE0FF, 
  0xE0FF, 0xE0FF, 0xE0FF, 0xE1FF, 0xCACF, 0xCE9F, 0xCCA7, 0xF7DF, 0xFEFF, 0xB0BF, 0xEC9F, 0xEF97, 0xEF97, 0xCE97, 0xEF9F, 0x4D86, 
  0xC942, 0x894A, 0xC842, 0xEA4A, 0x0A53, 0x2842, 0x494B, 0x6F9F, 0xED97, 0xD4CF, 0xD4D7, 0xEBA7, 0xEAAF, 0xECAF, 0xECA7, 0xED9F, 
  0xEE9F, 0xEF97, 0xCF97, 0xCF97, 0xEF9F, 0xEF9F, 0xEF9F, 0xEF9F, 0xF0A7, 0xEFA7, 0xB09F, 0x2F97, 0x8E86, 0x2E86, 0x4B65, 0x6A65, 
  0xEB6D, 0xEC86, 0xED9F, 0xCD9F, 0xCF9F, 0xEE9F, 0xEDA7, 0xECA7, 0xECA7, 0xECAF, 0xEEB7, 0xD0BF, 0xD1BF, 0xD1BF, 0xD1BF, 0xD0B7, 
  0xD0AF, 0x8F9F, 0xED96, 0xEB85, 0x4B75, 0xCA64, 0x0854, 0x694B, 0xAB53, 0x494B, 0x4B53, 0x2B53, 0x8942, 0x4942, 0x2842, 0x4942, 
  0x2942, 0x4942, 0xAA4A, 0x8842, 0xE952, 0xA94A, 0x6942, 0xEA4A, 0xED63, 0x8B5B, 0x4B5B, 0xEA4A, 0x6942, 0x6942, 0xC942, 0x484B, 
  0x4C75, 0x8F9F, 0xEDAF, 0xEBA7, 0xECA7, 0xCCAF, 0xEBAF, 0xECA7, 0xAEB7, 0xD4D7, 0xDAEF, 0xFDF7, 0xFDF7, 0xFCEF, 0xD7DF, 0xADB7, 
  0xECAF, 0xED9F, 0xEF9F, 0x6C75, 0x2843, 0x0D7E, 0xF0AF, 0xEE97, 0xED97, 0xEC9F, 0xEC9F, 0xEEA7, 0xEFA7, 0xF0A7, 0x2D86, 0x884B, 
  0x883A, 0xCB4A, 0xA84B, 0xCF9F, 0xEF97, 0xEF9F, 0xCCA7, 0xD7DF, 0xFFFF, 0xFFFF, 0xD7DF, 0xCDA7, 0xEF97, 0xEF97, 0xEF9F, 0xEE9F, 
  0xD7DF, 0xB0C7, 0xC4E7, 0xC0FF, 0xE0FF, 0xE0FF, 0xE0FF, 0xE0FF, 0xE0FF, 0xE0FF, 0xE0FF, 0xE0FF, 0xE0FF, 0xE0FF, 0xE0FF, 0xE0FF, 
  0xE0FF, 0xE0FF, 0xE0FF, 0xE0FF, 0xE0FF, 0xE0FF, 0xE0FF, 0xE0FF, 0xE0FF, 0xE0FF, 0xE0FF, 0xE0FF, 0xE0FF, 0xE0FF, 0xE0FF, 0xE0FF, 
  0xE0FF, 0xE0FF, 0xE0FF, 0xE0FF, 0xE0FF, 0xE0FF, 0xE0FF, 0xE0FF, 0xE0FF, 0xE0FF, 0xE0FF, 0xE0FF, 0xE0FF, 0xE0FF, 0xE0FF, 0xE0FF, 
  0xE0FF, 0xE0FF, 0xE0FF, 0xE0FF, 0xE0FF, 0xE0FF, 0xE0FF, 0xE0FF, 0xE0FF, 0xE0FF, 0xE0FF, 0xE0FF, 0xE0FF, 0xE0FF, 0xE0FF, 0xE0FF, 
  0xE0FF, 0xE0FF, 0xE0FF, 0xE0FF, 0xE0FF, 0xE0FF, 0xE0FF, 0xE0FF, 0xE0FF, 0xE0FF, 0xE0FF, 0xE0FF, 0xE0FF, 0xE0FF, 0xE0FF, 0xE0FF, 
  0xE0FF, 0xE0FF, 0xE0FF, 0xE0FF, 0xE0FF, 0xE0FF, 0xE0FF, 0xE0FF, 0xE0FF, 0xE0FF, 0xE0FF, 0xE0FF, 0xE0FF, 0xE0FF, 0xE0FF, 0xE0FF, 
  0xE0FF, 0xE0FF, 0xE0FF, 0xE6E7, 0xCEA7, 0xEE97, 0xD2C7, 0xFEFF, 0xD5D7, 0xCD9F, 0xEE9F, 0xEF97, 0xEE97, 0xF0A7, 0x8E8E, 0xE842, 
  0x694A, 0x6A4A, 0x0B53, 0x6842, 0x8842, 0xE739, 0x8B64, 0xEF9F, 0xCDA7, 0xFBF7, 0xD6DF, 0xCAAF, 0xEAAF, 0xEBAF, 0xECA7, 0xEE9F, 
  0xEF97, 0xEF97, 0xEE97, 0xED8F, 0xEE8F, 0xEE97, 0xCF97, 0xD09F, 0xD09F, 0xEF97, 0xEF97, 0xEF9F, 0xEF9F, 0xEF9F, 0xF0A7, 0xEFA7, 
  0xCF9F, 0xCF97, 0xEF97, 0xEE97, 0xEE97, 0xEF9F, 0xEE9F, 0xEE9F, 0xEE9F, 0xEE9F, 0xEE9F, 0xCE9F, 0xEE9F, 0xED97, 0xED97, 0xAD8F, 
  0x0B76, 0x8A64, 0xE953, 0x4843, 0xE742, 0x873A, 0x473A, 0x873A, 0xCA5B, 0xCB5B, 0x4732, 0x8942, 0xE842, 0xA953, 0x4A5C, 0x8B64, 
  0x8B64, 0xE95B, 0x6953, 0xA842, 0x083A, 0x6942, 0xCA4A, 0xC842, 0x2953, 0x4A53, 0xC94A, 0x894A, 0x8842, 0x0A53, 0x2B4B, 0xA94A, 
  0x8842, 0x0843, 0x6C75, 0xCF9F, 0xEDAF, 0xEBA7, 0xEBA7, 0xEBAF, 0xEAAF, 0xCBAF, 0xCDAF, 0xCEB7, 0xCEB7, 0xCDB7, 0xACAF, 0xEAAF, 
  0xECA7, 0xEF9F, 0xAF97, 0x6843, 0x0C6D, 0xF09F, 0xCF9F, 0xED9F, 0xCCAF, 0xD1C7, 0xD1C7, 0xCDAF, 0xEB9F, 0xEE97, 0xF0A7, 0x90A7, 
  0xEB6C, 0xE83A, 0xEE7D, 0xEF9F, 0xEF97, 0xEE97, 0xCCA7, 0xD8E7, 0xFFFF, 0xFFFF, 0xB2C7, 0xED9F, 0xEF97, 0xEF97, 0xEF9F, 0xCE9F, 
  0xF8E7, 0xB2C7, 0xE5E7, 0xC0FF, 0xE0FF, 0xE0FF, 0xE0FF, 0xE0FF, 0xE0FF, 0xE0FF, 0xE0FF, 0xE0FF, 0xE0FF, 0xE0FF, 0xE0FF, 0xE0FF, 
  0xE0FF, 0xE0FF, 0xE0FF, 0xE0FF, 0xE0FF, 0xE0FF, 0xE0FF, 0xE0FF, 0xE0FF, 0xE0FF, 0xE0FF, 0xE0FF, 0xE0FF, 0xE0FF, 0xE0FF, 0xE0FF, 
  0xE0FF, 0xE0FF, 0xE0FF, 0xE0FF, 0xE0FF, 0xE0FF, 0xE0FF, 0xE0FF, 0xE0FF, 0xE0FF, 0xE0FF, 0xE0FF, 0xE0FF, 0xE0FF, 0xE0FF, 0xE0FF, 
  0xE0FF, 0xE0FF, 0xE0FF, 0xE0FF, 0xE0FF, 0xE0FF, 0xE0FF, 0xE0FF, 0xE0FF, 0xE0FF, 0xE0FF, 0xE0FF, 0xE0FF, 0xE0FF, 0xE0FF, 0xE0FF, 
  0xE0FF, 0xE0FF, 0xE0FF, 0xE0FF, 0xE0FF, 0xE0FF, 0xE0FF, 0xE0FF, 0xE0FF, 0xE0FF, 0xE0FF, 0xE0FF, 0xE0FF, 0xE0FF, 0xE0FF, 0xE0FF, 
  0xE0FF, 0xE0FF, 0xE0FF, 0xE0FF, 0xE0FF, 0xE0FF, 0xE0FF, 0xE0FF, 0xE0FF, 0xE0FF, 0xE0FF, 0xE0FF, 0xE0FF, 0xE0FF, 0xE0FF, 0xE0FF, 
  0xE0FF, 0xC0FF, 0xE2FF, 0xEBB7, 0xCE97, 0xCEAF, 0xFCF7, 0xFAE7, 0xCCA7, 0xEF97, 0xEF9F, 0xEE97, 0xEE9F, 0x3097, 0x494B, 0x884A, 
  0x4A53, 0x4A53, 0xC94A, 0xE952, 0xCA4A, 0xC942, 0x4E86, 0xEE9F, 0xB0BF, 0xFFFF, 0xD4C7, 0xCBAF, 0xECA7, 0xED9F, 0xEE9F, 0xEF9F, 
  0xEEA7, 0xEEA7, 0xF0B7, 0xD2BF, 0xD3BF, 0xD3B7, 0xD1A7, 0xEF9F, 0xCE97, 0xCE97, 0xEE97, 0xEE9F, 0xEE9F, 0xED9F, 0xECA7, 0xEDA7, 
  0xECAF, 0xECAF, 0xEDA7, 0xEDA7, 0xECA7, 0xEDA7, 0xEE9F, 0xEE9F, 0xEE9F, 0xEE9F, 0xEE97, 0xEF97, 0xEF9F, 0xF09F, 0xEF9F, 0xCF9F, 
  0xAF97, 0xAF97, 0xD09F, 0xAF9F, 0xAF9F, 0x0F97, 0xCF8E, 0xEE8E, 0x2A65, 0x8A64, 0x8B75, 0xAD8E, 0x4F9F, 0x909F, 0xEF96, 0x4E86, 
  0xCC75, 0xAC7D, 0x0E86, 0x2E86, 0x2C75, 0x0A5C, 0xC742, 0x0632, 0x6842, 0x6C5B, 0xA83A, 0xC942, 0xA942, 0x4A53, 0xAB5B, 0x6A53, 
  0x4B53, 0xEA52, 0xC84A, 0xEA5B, 0x4E86, 0xEEA7, 0xECA7, 0xCBAF, 0xECAF, 0xECA7, 0xECA7, 0xEC9F, 0xEC9F, 0xEBA7, 0xEBA7, 0xEC9F, 
  0xEF9F, 0xEF9F, 0x6F8F, 0xEB75, 0xD09F, 0xEE97, 0xEF9F, 0xCCA7, 0xD5D7, 0xFFFF, 0xFFFF, 0xF9E7, 0xCFBF, 0xCCA7, 0xED9F, 0xEF97, 
  0xF0A7, 0x4D86, 0xAF97, 0xEE97, 0xEF97, 0xEE9F, 0xCDAF, 0xFAEF, 0xFFFF, 0xFCEF, 0xCEB7, 0xEE9F, 0xEF97, 0xEF9F, 0xEF97, 0xCE9F, 
  0xD8E7, 0xD3CF, 0xE4DF, 0xE0FF, 0xE0FF, 0xE0FF, 0xE0FF, 0xE0FF, 0xE0FF, 0xE0FF, 0xE0FF, 0xE0FF, 0xE0FF, 0xE0FF, 0xE0FF, 0xE0FF, 
  0xE0FF, 0xE0FF, 0xE0FF, 0xE0FF, 0xE0FF, 0xE0FF, 0xE0FF, 0xE0FF, 0xE0FF, 0xE0FF, 0xE0FF, 0xE0FF, 0xE0FF, 0xE0FF, 0xE0FF, 0xE0FF, 
  0xE0FF, 0xE0FF, 0xE0FF, 0xE0FF, 0xE0FF, 0xE0FF, 0xE0FF, 0xE0FF, 0xE0FF, 0xE0FF, 0xE0FF, 0xE0FF, 0xE0FF, 0xE0FF, 0xE0FF, 0xE0FF, 
  0xE0FF, 0xE0FF, 0xE0FF, 0xE0FF, 0xE0FF, 0xE0FF, 0xE0FF, 0xE0FF, 0xE0FF, 0xE0FF, 0xE0FF, 0xE0FF, 0xE0FF, 0xE0FF, 0xE0FF, 0xE0FF, 
  0xE0FF, 0xE0FF, 0xE0FF, 0xE0FF, 0xE0FF, 0xE0FF, 0xE0FF, 0xE0FF, 0xE0FF, 0xE0FF, 0xE0FF, 0xE0FF, 0xE0FF, 0xE0FF, 0xE0FF, 0xE0FF, 
  0xE0FF, 0xE0FF, 0xE0FF, 0xE0FF, 0xE0FF, 0xE0FF, 0xE0FF, 0xE0FF, 0xE0FF, 0xE0FF, 0xE0FF, 0xE0FF, 0xE0FF, 0xE0FF, 0xE0FF, 0xE0FF, 
  0xE0FF, 0xC1FF, 0xE7D7, 0xEF97, 0xEC9F, 0xB4CF, 0xFDF7, 0xB0B7, 0xED9F, 0xEF97, 0xEF9F, 0xEE9F, 0xB0A7, 0x0954, 0xA94A, 0x0A53, 
  0xAB53, 0x2A53, 0xE94A, 0x0A53, 0x8A4A, 0x0A54, 0xD09F, 0xCD9F, 0xD6D7, 0xFBF7, 0xCEB7, 0xCCA7, 0xEF9F, 0xD09F, 0x8F97, 0x2E97, 
  0xCC96, 0xCC9E, 0xEFA6, 0x74BF, 0x56C7, 0x98DF, 0xD9E7, 0xFAE7, 0xF8DF, 0xF4CF, 0xD1AF, 0xCF9F, 0xCF9F, 0xEE9F, 0xEDA7, 0xEBAF, 
  0xCCAF, 0xECAF, 0xEBAF, 0xEBAF, 0xEBA7, 0xEBA7, 0xECAF, 0xECAF, 0xEBA7, 0xEBA7, 0xECA7, 0xEDA7, 0xEDA7, 0xEDA7, 0xEEA7, 0xEE9F, 
  0xEF97, 0xEF97, 0xEF97, 0xEF97, 0xEE97, 0xEF9F, 0xF1AF, 0xF3C7, 0xF7DF, 0xF7DF, 0xF1B7, 0xEC8E, 0x6A6D, 0xEA53, 0xE84A, 0x673A, 
  0x473A, 0xA942, 0xC842, 0x284B, 0x2D7D, 0xD096, 0x0F9F, 0x4C75, 0x4A4B, 0x883A, 0x2A53, 0x4B53, 0x0B53, 0xEA4A, 0x8B53, 0x8B53, 
  0x6A4B, 0x4A53, 0xE94A, 0x6842, 0x873A, 0xCB64, 0xAFA7, 0xEDA7, 0xEBA7, 0xEBA7, 0xEBA7, 0xECA7, 0xEF9F, 0xEE9F, 0xEE9F, 0xEF9F, 
  0xEF9F, 0xEF9F, 0xF09F, 0xEF9F, 0xEE97, 0xEE9F, 0xECA7, 0xD0BF, 0xFDFF, 0xFFFF, 0xFFFF, 0xFFFF, 0xFCF7, 0xCFBF, 0xCBAF, 0xEF9F, 
  0xEE97, 0xEFA7, 0xEF97, 0xED9F, 0xEF97, 0xEEA7, 0xCEB7, 0xFCF7, 0xFFFF, 0xF8DF, 0xCCA7, 0xEF97, 0xF097, 0xEE9F, 0xEE97, 0xCE97, 
  0xD9E7, 0xF6D7, 0xC5D7, 0xC0FF, 0xE0FF, 0xE0FF, 0xE0FF, 0xE0FF, 0xE0FF, 0xE0FF, 0xE0FF, 0xE0FF, 0xE0FF, 0xE0FF, 0xE0FF, 0xE0FF, 
  0xE0FF, 0xE0FF, 0xE0FF, 0xE0FF, 0xE0FF, 0xE0FF, 0xE0FF, 0xE0FF, 0xE0FF, 0xE0FF, 0xE0FF, 0xE0FF, 0xE0FF, 0xE0FF, 0xE0FF, 0xE0FF, 
  0xE0FF, 0xE0FF, 0xE0FF, 0xE0FF, 0xE0FF, 0xE0FF, 0xE0FF, 0xE0FF, 0xE0FF, 0xE0FF, 0xE0FF, 0xE0FF, 0xE0FF, 0xE0FF, 0xE0FF, 0xE0FF, 
  0xE0FF, 0xE0FF, 0xE0FF, 0xE0FF, 0xE0FF, 0xE0FF, 0xE0FF, 0xE0FF, 0xE0FF, 0xE0FF, 0xE0FF, 0xE0FF, 0xE0FF, 0xE0FF, 0xE0FF, 0xE0FF, 
  0xE0FF, 0xE0FF, 0xE0FF, 0xE0FF, 0xE0FF, 0xE0FF, 0xE0FF, 0xE0FF, 0xE0FF, 0xE0FF, 0xE0FF, 0xE0FF, 0xE0FF, 0xE0FF, 0xE0FF, 0xE0FF, 
  0xE0FF, 0xE0FF, 0xE0FF, 0xE0FF, 0xE0FF, 0xE0FF, 0xE0FF, 0xE0FF, 0xE0FF, 0xE0FF, 0xE0FF, 0xE0FF, 0xE0FF, 0xE0FF, 0xE0FF, 0xE0FF, 
  0xE0FF, 0xE2F7, 0xECAF, 0xEF97, 0xCDAF, 0xFBEF, 0xD5CF, 0xCC9F, 0xEF9F, 0xEE9F, 0xEE97, 0xF1A7, 0xEB64, 0x873A, 0xCA4A, 0x2B4B, 
  0x4B53, 0x4B5B, 0x6B53, 0x2B53, 0x8842, 0x0D7E, 0xEF9F, 0xCD9F, 0xF6D7, 0xD3CF, 0xCCA7, 0xEFAF, 0xEE86, 0x0B65, 0x0B5C, 0xE942, 
  0x473A, 0xE942, 0x0943, 0x8A4B, 0x2743, 0xAA53, 0x6D6C, 0xAD74, 0xF1A5, 0xD4BE, 0xD8D7, 0xF6D7, 0xF0B7, 0xED9F, 0xED9F, 0xEC9F, 
  0xECA7, 0xEBAF, 0xEBAF, 0xEBAF, 0xEBAF, 0xEBAF, 0xEAAF, 0xEBAF, 0xEBAF, 0xECAF, 0xEBAF, 0xEBAF, 0xEBAF, 0xEBAF, 0xECAF, 0xEDA7, 
  0xEC9F, 0xCD97, 0xAF9F, 0xB2B7, 0xD6CF, 0xFAE7, 0xFBE7, 0xB9DF, 0x92AE, 0x0C75, 0xCA5B, 0x0A4B, 0x6942, 0x8842, 0xE94A, 0x4C53, 
  0xEA4A, 0x6942, 0x894A, 0x8842, 0x273A, 0xC73A, 0x2C6D, 0x4F97, 0xEFAF, 0xAD8E, 0x8A5C, 0xA842, 0xC94A, 0xAB53, 0x6A53, 0xEA4A, 
  0xCA4A, 0xCA4A, 0xE94A, 0x8D74, 0x8A53, 0x883A, 0x4C64, 0x509F, 0xEEAF, 0xCBAF, 0xEBAF, 0xECA7, 0xECA7, 0xED9F, 0xEF9F, 0xEF9F, 
  0xEF9F, 0xEE9F, 0xEE97, 0xCF97, 0xCF9F, 0xEDA7, 0xACAF, 0xD8E7, 0xFFFF, 0xFFFF, 0xFEFF, 0xFFFF, 0xFFFF, 0xF9E7, 0xCCAF, 0xECA7, 
  0xEF97, 0xCF97, 0xF097, 0xEE9F, 0xEF97, 0xCDA7, 0xD1C7, 0xFEFF, 0xFFFF, 0xD4CF, 0xEC9F, 0xEF97, 0xEF97, 0xEE9F, 0xEF97, 0xEE97, 
  0xFAE7, 0xF8DF, 0xC6D7, 0xC0FF, 0xE0FF, 0xE0FF, 0xE0FF, 0xE0FF, 0xE0FF, 0xE0FF, 0xE0FF, 0xE0FF, 0xE0FF, 0xE0FF, 0xE0FF, 0xE0FF, 
  0xE0FF, 0xE0FF, 0xE0FF, 0xE0FF, 0xE0FF, 0xE0FF, 0xE0FF, 0xE0FF, 0xE0FF, 0xE0FF, 0xE0FF, 0xE0FF, 0xE0FF, 0xE0FF, 0xE0FF, 0xE0FF, 
  0xE0FF, 0xE0FF, 0xE0FF, 0xE0FF, 0xE0FF, 0xE0FF, 0xE0FF, 0xE0FF, 0xE0FF, 0xE0FF, 0xE0FF, 0xE0FF, 0xE0FF, 0xE0FF, 0xE0FF, 0xE0FF, 
  0xE0FF, 0xE0FF, 0xE0FF, 0xE0FF, 0xE0FF, 0xE0FF, 0xE0FF, 0xE0FF, 0xE0FF, 0xE0FF, 0xE0FF, 0xE0FF, 0xE0FF, 0xE0FF, 0xE0FF, 0xE0FF, 
  0xE0FF, 0xE0FF, 0xE0FF, 0xE0FF, 0xE0FF, 0xE0FF, 0xE0FF, 0xE0FF, 0xE0FF, 0xE0FF, 0xE0FF, 0xE0FF, 0xE0FF, 0xE0FF, 0xE0FF, 0xE0FF, 
  0xE0FF, 0xE0FF, 0xE0FF, 0xE0FF, 0xE0FF, 0xE0FF, 0xE0FF, 0xE0FF, 0xE0FF, 0xE0FF, 0xE0FF, 0xE0FF, 0xE0FF, 0xE0FF, 0xE0FF, 0xE0FF, 
  0xE0FF, 0xE6DF, 0xEE9F, 0xEC9F, 0xD3CF, 0xFAE7, 0xCEA7, 0xEE9F, 0xEF9F, 0xCE9F, 0xF0A7, 0xCC75, 0x873A, 0xA942, 0x0A53, 0x2A53, 
  0x2A53, 0x2A4B, 0x0A4B, 0x0A4B, 0x494B, 0x4F97, 0xEF9F, 0xCCA7, 0xCCB7, 0xCCA7, 0xEFA7, 0x6C6D, 0x2843, 0x2A4B, 0xCC5B, 0x0B53, 
  0xCA4A, 0x2A4B, 0xA942, 0x0A4B, 0xA94A, 0xAB53, 0xCB53, 0xA942, 0x873A, 0x894B, 0xE84B, 0xEC7D, 0x6E9F, 0xEDA7, 0xEDA7, 0xEDA7, 
  0xEDA7, 0xECA7, 0xEBA7, 0xEBAF, 0xEBAF, 0xEBAF, 0xEBAF, 0xEBAF, 0xEBAF, 0xEBAF, 0xEBAF, 0xEBA7, 0xECA7, 0xECAF, 0xEAA7, 0xEBA7, 
  0xAEB7, 0xD5CF, 0xFBF7, 0xFDFF, 0xDADF, 0x94AE, 0xED7C, 0x6953, 0x6732, 0xC942, 0xC94A, 0xA942, 0xEA52, 0x6842, 0xE94A, 0x4B53, 
  0x8942, 0x6742, 0xCA52, 0xEA4A, 0xC842, 0x8842, 0x2B53, 0xC73A, 0x8964, 0x2E9F, 0xF3CF, 0x11A6, 0x4B5C, 0x2B54, 0x2A4B, 0xA94A, 
  0x8842, 0x6942, 0xA94A, 0xCB5B, 0x2943, 0xE94A, 0x4842, 0xE842, 0xAC7D, 0xEFA7, 0xEDA7, 0xCBAF, 0xEBAF, 0xECA7, 0xED9F, 0xEF97, 
  0xF09F, 0xEF9F, 0xEE97, 0xEF9F, 0xEF9F, 0xEB9F, 0xB0BF, 0xFDFF, 0xDFFF, 0xFFFF, 0xFFFF, 0xFFFF, 0xFFFF, 0xFEFF, 0xD0BF, 0xECA7, 
  0xEE9F, 0xEF9F, 0xEF97, 0xEE97, 0xEE97, 0xEC9F, 0xD5D7, 0xFFFF, 0xFFFF, 0xD1BF, 0xED9F, 0xEF97, 0xEE97, 0xEF97, 0xEF9F, 0xCD9F, 
  0xFAE7, 0xF9DF, 0xC7CF, 0xE1FF, 0xE0FF, 0xE0FF, 0xE0FF, 0xE0FF, 0xE0FF, 0xE0FF, 0xE0FF, 0xE0FF, 0xE0FF, 0xE0FF, 0xE0FF, 0xE0FF, 
  0xE0FF, 0xE0FF, 0xE0FF, 0xE0FF, 0xE0FF, 0xE0FF, 0xE0FF, 0xE0FF, 0xE0FF, 0xE0FF, 0xE0FF, 0xE0FF, 0xE0FF, 0xE0FF, 0xE0FF, 0xE0FF, 
  0xE0FF, 0xE0FF, 0xE0FF, 0xE0FF, 0xE0FF, 0xE0FF, 0xE0FF, 0xE0FF, 0xE0FF, 0xE0FF, 0xE0FF, 0xE0FF, 0xE0FF, 0xE0FF, 0xE0FF, 0xE0FF, 
  0xE0FF, 0xE0FF, 0xE0FF, 0xE0FF, 0xE0FF, 0xE0FF, 0xE0FF, 0xE0FF, 0xE0FF, 0xE0FF, 0xE0FF, 0xE0FF, 0xE0FF, 0xE0FF, 0xE0FF, 0xE0FF, 
  0xE0FF, 0xE0FF, 0xE0FF, 0xE0FF, 0xE0FF, 0xE0FF, 0xE0FF, 0xE0FF, 0xE0FF, 0xE0FF, 0xE0FF, 0xE0FF, 0xE0FF, 0xE0FF, 0xE0FF, 0xE0FF, 
  0xE0FF, 0xE0FF, 0xE0FF, 0xE0FF, 0xE0FF, 0xE0FF, 0xE0FF, 0xE0FF, 0xE0FF, 0xE0FF, 0xE0FF, 0xE0FF, 0xE0FF, 0xE0FF, 0xE0FF, 0xE0FF, 
  0xE0FF, 0xC9CF, 0xEE97, 0xCEAF, 0xF8DF, 0xD0BF, 0xED9F, 0xEF9F, 0xEF97, 0xF09F, 0xCE8E, 0x073B, 0xC94A, 0xEA4A, 0x4B5B, 0x0A53, 
  0x0A4B, 0xE94A, 0xEA52, 0xEA4A, 0x4A5C, 0xF09F, 0xEE9F, 0xCCAF, 0xECA7, 0xF0A7, 0x8C75, 0x494B, 0x8C53, 0x2A53, 0x294B, 0x0A53, 
  0xEA52, 0x8B5B, 0x4B53, 0xCB5B, 0x8B53, 0x8A53, 0x0C64, 0x4A53, 0xEB53, 0x8F86, 0x4D7E, 0x0E97, 0xAE97, 0xEE9F, 0xEE9F, 0xEE9F, 
  0xEF9F, 0xEE9F, 0xED9F, 0xEDA7, 0xECA7, 0xEBAF, 0xEBAF, 0xEBAF, 0xECAF, 0xEBAF, 0xEBAF, 0xECA7, 0xEDA7, 0xEB9F, 0xCEAF, 0xD6DF, 
  0xFDF7, 0xDBEF, 0x94AE, 0x8C74, 0x074B, 0x873A, 0x683A, 0xE739, 0xAB63, 0x4C64, 0x8B5B, 0xA94A, 0x8842, 0x0A4B, 0xEA42, 0xEB5B, 
  0x0A5B, 0x6842, 0x0A4B, 0xE94A, 0x8A53, 0xEC6B, 0x884A, 0x2942, 0x4942, 0xA742, 0x4D85, 0xF8DF, 0xD9DF, 0xCF8D, 0xE953, 0x8A42, 
  0x0A4B, 0xE94A, 0x8A4A, 0x2942, 0xAB5B, 0x6E74, 0x4842, 0x073A, 0x4732, 0x8A5C, 0xAF9F, 0xECAF, 0xCBAF, 0xEBAF, 0xEBA7, 0xEE9F, 
  0xEF97, 0xEF9F, 0xEF9F, 0xEF9F, 0xEF9F, 0xEBA7, 0xD4CF, 0xFFFF, 0xFFFF, 0xFFFF, 0xFFFF, 0xFFFF, 0xFFFF, 0xFEFF, 0xD2C7, 0xEBA7, 
  0xEE9F, 0xEF9F, 0xEF9F, 0xEF97, 0xEE9F, 0xCCA7, 0xF8E7, 0xFFFF, 0xFDF7, 0xCFB7, 0xED9F, 0xEF97, 0xEE97, 0xEF97, 0xEF9F, 0xCD9F, 
  0xD9DF, 0xFAE7, 0xC9CF, 0xE1FF, 0xE0FF, 0xE0FF, 0xE0FF, 0xE0FF, 0xE0FF, 0xE0FF, 0xE0FF, 0xE0FF, 0xE0FF, 0xE0FF, 0xE0FF, 0xE0FF, 
  0xE0FF, 0xE0FF, 0xE0FF, 0xE0FF, 0xE0FF, 0xE0FF, 0xE0FF, 0xE0FF, 0xE0FF, 0xE0FF, 0xE0FF, 0xE0FF, 0xE0FF, 0xE0FF, 0xE0FF, 0xE0FF, 
  0xE0FF, 0xE0FF, 0xE0FF, 0xE0FF, 0xE0FF, 0xE0FF, 0xE0FF, 0xE0FF, 0xE0FF, 0xE0FF, 0xE0FF, 0xE0FF, 0xE0FF, 0xE0FF, 0xE0FF, 0xE0FF, 
  0xE0FF, 0xE0FF, 0xE0FF, 0xE0FF, 0xE0FF, 0xE0FF, 0xE0FF, 0xE0FF, 0xE0FF, 0xE0FF, 0xE0FF, 0xE0FF, 0xE0FF, 0xE0FF, 0xE0FF, 0xE0FF, 
  0xE0FF, 0xE0FF, 0xE0FF, 0xE0FF, 0xE0FF, 0xE0FF, 0xE0FF, 0xE0FF, 0xE0FF, 0xE0FF, 0xE0FF, 0xE0FF, 0xE0FF, 0xE0FF, 0xE0FF, 0xE0FF, 
  0xE0FF, 0xE0FF, 0xE0FF, 0xE0FF, 0xE0FF, 0xE0FF, 0xE0FF, 0xE0FF, 0xE0FF, 0xE0FF, 0xE0FF, 0xE0FF, 0xE0FF, 0xE0FF, 0xE0FF, 0xE0FF, 
  0xE4EF, 0xCDAF, 0xCD97, 0xD2C7, 0xD3CF, 0xCC9F, 0xEE9F, 0xEF9F, 0xEF97, 0xB09F, 0xC953, 0xEA4A, 0x2A53, 0xE94A, 0x0A4B, 0x2A53, 
  0xE94A, 0xC942, 0xC942, 0xA942, 0xCB64, 0xF0A7, 0xCD97, 0xEDA7, 0xF0AF, 0x2B6D, 0x2A4B, 0x4C5B, 0xEA52, 0x8942, 0xEA4A, 0x894A, 
  0x094B, 0xAB53, 0x0A4B, 0x2A53, 0xAB5B, 0xEA52, 0xCA52, 0xEA53, 0x0F8F, 0xF0A7, 0xEF9F, 0xEF97, 0xEE97, 0xEE9F, 0xEE9F, 0xEE9F, 
  0xEE9F, 0xEE9F, 0xEE9F, 0xEE9F, 0xEE9F, 0xED9F, 0xECA7, 0xEBAF, 0xEBAF, 0xEBAF, 0xEDA7, 0xEDA7, 0xEBA7, 0xB0BF, 0xFBF7, 0xFCFF, 
  0x92A6, 0x0A54, 0x2532, 0xE631, 0x894A, 0x2A5B, 0x8842, 0x473A, 0x6B53, 0x6A53, 0x2A53, 0xC94A, 0xA94A, 0xA942, 0xC942, 0x6A5B, 
  0xC94A, 0xAC63, 0x084B, 0xEA52, 0xCB4A, 0xA842, 0xA942, 0x8942, 0x6842, 0xA94A, 0x2742, 0xC953, 0x14B7, 0xFCF7, 0xD5BE, 0xA853, 
  0x294B, 0xEA52, 0x6842, 0x8942, 0x0A4B, 0x094B, 0x684A, 0x4942, 0xCB52, 0x8942, 0xC953, 0xEE96, 0xEDAF, 0xEBA7, 0xECAF, 0xEBA7, 
  0xED9F, 0xEF9F, 0xEF97, 0xEF9F, 0xEE9F, 0xEAA7, 0xF7DF, 0xFFFF, 0xFFFF, 0xFFFF, 0xFFFF, 0xFFFF, 0xFFFF, 0xFFFF, 0xD2C7, 0xEBA7, 
  0xEE9F, 0xEF9F, 0xEF9F, 0xEF97, 0xEE9F, 0xCDAF, 0xFAEF, 0xFFFF, 0xFCF7, 0xAEAF, 0xEE97, 0xEF97, 0xEF97, 0xEF97, 0xEF9F, 0xCE97, 
  0xD7DF, 0xFCEF, 0xAACF, 0xE1FF, 0xC0FF, 0xE0FF, 0xE0FF, 0xE0FF, 0xE0FF, 0xE0FF, 0xE0FF, 0xE0FF, 0xE0FF, 0xE0FF, 0xE0FF, 0xE0FF, 
  0xE0FF, 0xE0FF, 0xE0FF, 0xE0FF, 0xE0FF, 0xE0FF, 0xE0FF, 0xE0FF, 0xE0FF, 0xE0FF, 0xE0FF, 0xE0FF, 0xE0FF, 0xE0FF, 0xE0FF, 0xE0FF, 
  0xE0FF, 0xE0FF, 0xE0FF, 0xE0FF, 0xE0FF, 0xE0FF, 0xE0FF, 0xE0FF, 0xE0FF, 0xE0FF, 0xE0FF, 0xE0FF, 0xE0FF, 0xE0FF, 0xE0FF, 0xE0FF, 
  0xE0FF, 0xE0FF, 0xE0FF, 0xE0FF, 0xE0FF, 0xE0FF, 0xE0FF, 0xE0FF, 0xE0FF, 0xE0FF, 0xE0FF, 0xE0FF, 0xE0FF, 0xE0FF, 0xE0FF, 0xE0FF, 
  0xE0FF, 0xE0FF, 0xE0FF, 0xE0FF, 0xE0FF, 0xE0FF, 0xE0FF, 0xE0FF, 0xE0FF, 0xE0FF, 0xE0FF, 0xE0FF, 0xE0FF, 0xE0FF, 0xE0FF, 0xE0FF, 
  0xE0FF, 0xE0FF, 0xE0FF, 0xE0FF, 0xE0FF, 0xE0FF, 0xE0FF, 0xE0FF, 0xE0FF, 0xE0FF, 0xE0FF, 0xE0FF, 0xE0FF, 0xE0FF, 0xE0FF, 0xE0FF, 
  0xE8D7, 0xEF9F, 0xECA7, 0xD0C7, 0xCEAF, 0xEE97, 0xEF97, 0xEF97, 0xF09F, 0xCA64, 0x6942, 0xEA4A, 0x2A4B, 0x0A4B, 0x2A4B, 0x8C5B, 
  0x2A4B, 0x8C5B, 0xEA52, 0xC94A, 0x6B6D, 0xF1AF, 0xF0A7, 0x5097, 0x4A64, 0xA742, 0x6C53, 0xEA4A, 0xC952, 0xA942, 0x6942, 0xEA4A, 
  0xA94B, 0x2C5C, 0x2B53, 0xA94A, 0xA942, 0x094B, 0x6C75, 0x8F97, 0xEF97, 0xEE9F, 0xEEA7, 0xEE9F, 0xEE97, 0xEE9F, 0xEDA7, 0xECA7, 
  0xEBAF, 0xEBAF, 0xEDAF, 0xEFAF, 0xCFAF, 0xCDA7, 0xECA7, 0xEBAF, 0xEBAF, 0xEBA7, 0xEF9F, 0xEC9F, 0xCEB7, 0xFBF7, 0xFBEF, 0x4C75, 
  0x2943, 0x6B53, 0x4A53, 0xEA4A, 0xA942, 0x8B5B, 0xE94A, 0x8A4A, 0x894A, 0x094B, 0xE942, 0x4B53, 0xEA4A, 0xEA52, 0x884A, 0xEB52, 
  0xEA4A, 0xAA53, 0x0E8E, 0xAD7D, 0x8A4B, 0x883A, 0x2A4B, 0x4953, 0x0A53, 0xAA4A, 0x694A, 0x0742, 0x4843, 0xB19E, 0xFCF7, 0xB9E7, 
  0x0C75, 0x673A, 0x894A, 0xE94A, 0xCA52, 0x8942, 0xA94A, 0x894A, 0x2A53, 0xAA42, 0x894A, 0x0743, 0x4D86, 0xEEAF, 0xCCAF, 0xEBAF, 
  0xECA7, 0xEE9F, 0xEF97, 0xEF9F, 0xEE9F, 0xEBA7, 0xF7DF, 0xFFFF, 0xFFFF, 0xFFFF, 0xFFFF, 0xFFFF, 0xFFFF, 0xFEFF, 0xD1BF, 0xECA7, 
  0xEE9F, 0xEF97, 0xEE9F, 0xEF9F, 0xEE9F, 0xCDAF, 0xFBEF, 0xFFFF, 0xFBF7, 0xCEAF, 0xEE97, 0xEF97, 0xEF9F, 0xEF97, 0xEF9F, 0xCE97, 
  0xD6D7, 0xFDF7, 0xABCF, 0xE0F7, 0xC0FF, 0xE0FF, 0xE0FF, 0xE0FF, 0xE0FF, 0xE0FF, 0xE0FF, 0xE0FF, 0xE0FF, 0xE0FF, 0xE0FF, 0xE0FF, 
  0xE0FF, 0xE0FF, 0xE0FF, 0xE0FF, 0xE0FF, 0xE0FF, 0xE0FF, 0xE0FF, 0xE0FF, 0xE0FF, 0xE0FF, 0xE0FF, 0xE0FF, 0xE0FF, 0xE0FF, 0xE0FF, 
  0xE0FF, 0xE0FF, 0xE0FF, 0xE0FF, 0xE0FF, 0xE0FF, 0xE0FF, 0xE0FF, 0xE0FF, 0xE0FF, 0xE0FF, 0xE0FF, 0xE0FF, 0xE0FF, 0xE0FF, 0xE0FF, 
  0xE0FF, 0xE0FF, 0xE0FF, 0xE0FF, 0xE0FF, 0xE0FF, 0xE0FF, 0xE0FF, 0xE0FF, 0xE0FF, 0xE0FF, 0xE0FF, 0xE0FF, 0xE0FF, 0xE0FF, 0xE0FF, 
  0xE0FF, 0xE0FF, 0xE0FF, 0xE0FF, 0xE0FF, 0xE0FF, 0xE0FF, 0xE0FF, 0xE0FF, 0xE0FF, 0xE0FF, 0xE0FF, 0xE0FF, 0xE0FF, 0xE0FF, 0xE0FF, 
  0xE0FF, 0xE0FF, 0xE0FF, 0xE0FF, 0xE0FF, 0xE0FF, 0xE0FF, 0xE0FF, 0xE0FF, 0xE0FF, 0xE0FF, 0xE0FF, 0xE0FF, 0xE0FF, 0xE0FF, 0xE2F7, 
  0xCBB7, 0xEF9F, 0xEBAF, 0xECAF, 0xCE9F, 0xEE97, 0xEE97, 0xF0A7, 0xEC7D, 0x473A, 0x694A, 0xC94A, 0xC94A, 0x0A53, 0xC942, 0x0A4B, 
  0x0A4B, 0x6B53, 0x0B53, 0xCA42, 0x4954, 0x4E8E, 0x4C65, 0x8943, 0x4B53, 0xEA52, 0xA94A, 0xAB53, 0x2A4B, 0xEA4A, 0x4B53, 0x4B53, 
  0x0C64, 0xEC5B, 0xEA4A, 0x694B, 0xCA5C, 0x709F, 0xEFA7, 0xEFA7, 0xF0A7, 0x6F8F, 0x4D8F, 0xCF9F, 0xEF97, 0xEF9F, 0xEE9F, 0xEE97, 
  0xEE9F, 0xEEA7, 0xCEA7, 0xCFB7, 0xEFBF, 0xCDB7, 0xECAF, 0xEDA7, 0xECA7, 0xED9F, 0xEE9F, 0xCDAF, 0xD9E7, 0xFEFF, 0xEF95, 0xA732, 
  0x6B5B, 0xEA4A, 0xCA4A, 0x2A53, 0x4B5B, 0xC94A, 0x0A4B, 0x0A4B, 0xEA52, 0xCA4A, 0x8942, 0xA94A, 0x8942, 0x6842, 0xC94A, 0x894A, 
  0xC94A, 0x283A, 0x0843, 0x2E8F, 0xCFA7, 0x0D86, 0xE953, 0xEA4A, 0x6842, 0x6842, 0x694A, 0x894A, 0x8842, 0xE73A, 0xD096, 0xF9E7, 
  0xBAEF, 0xCD7C, 0x0732, 0x894A, 0x684A, 0xA94A, 0xA94A, 0xA94A, 0xE94A, 0xA842, 0x0A4B, 0xEA52, 0x673A, 0x4C75, 0xEFAF, 0xECA7, 
  0xCCAF, 0xECA7, 0xED9F, 0xEF9F, 0xEE97, 0xEC9F, 0xD5D7, 0xFFFF, 0xFFFF, 0xFFFF, 0xFFFF, 0xFFFF, 0xFFFF, 0xFCF7, 0xCEB7, 0xECA7, 
  0xEE9F, 0xEF9F, 0xEE9F, 0xEE9F, 0xEE9F, 0xCDAF, 0xFBEF, 0xFFFF, 0xFCF7, 0xCEAF, 0xEE97, 0xEF97, 0xEF9F, 0xEF97, 0xEF9F, 0xEE97, 
  0xD4CF, 0xFEFF, 0xADCF, 0xE0F7, 0xC0FF, 0xE0FF, 0xE0FF, 0xE0FF, 0xE0FF, 0xE0FF, 0xE0FF, 0xE0FF, 0xE0FF, 0xE0FF, 0xE0FF, 0xE0FF, 
  0xE0FF, 0xE0FF, 0xE0FF, 0xE0FF, 0xE0FF, 0xE0FF, 0xE0FF, 0xE0FF, 0xE0FF, 0xE0FF, 0xE0FF, 0xE0FF, 0xE0FF, 0xE0FF, 0xE0FF, 0xE0FF, 
  0xE0FF, 0xE0FF, 0xE0FF, 0xE0FF, 0xE0FF, 0xE0FF, 0xE0FF, 0xE0FF, 0xE0FF, 0xE0FF, 0xE0FF, 0xE0FF, 0xE0FF, 0xE0FF, 0xE0FF, 0xE0FF, 
  0xE0FF, 0xE0FF, 0xE0FF, 0xE0FF, 0xE0FF, 0xE0FF, 0xE0FF, 0xE0FF, 0xE0FF, 0xE0FF, 0xE0FF, 0xE0FF, 0xE0FF, 0xE0FF, 0xE0FF, 0xE0FF, 
  0xE0FF, 0xE0FF, 0xE0FF, 0xE0FF, 0xE0FF, 0xE0FF, 0xE0FF, 0xE0FF, 0xE0FF, 0xE0FF, 0xE0FF, 0xE0FF, 0xE0FF, 0xE0FF, 0xE0FF, 0xE0FF, 
  0xE0FF, 0xE0FF, 0xE0FF, 0xE0FF, 0xE0FF, 0xE0FF, 0xE0FF, 0xE0FF, 0xE0FF, 0xE0FF, 0xE0FF, 0xE0FF, 0xE0FF, 0xE0FF, 0xE1FF, 0xE5E7, 
  0xEDA7, 0xEDA7, 0xEBAF, 0xED9F, 0xCE9F, 0xEE97, 0xF09F, 0x0E97, 0xE742, 0x8A4A, 0x473A, 0x6842, 0x6842, 0xEA52, 0x0A53, 0xE94A, 
  0x4B5B, 0x2A53, 0x294B, 0x8D53, 0x4A4B, 0xC842, 0x2A54, 0x4C6C, 0xEA4A, 0xE942, 0x094B, 0x8B5B, 0xAC53, 0x094B, 0x0843, 0x6B53, 
  0x4A53, 0xEA4A, 0x2843, 0x8E8E, 0xF0A7, 0xED8E, 0x6F97, 0xCF8E, 0xEA5C, 0x2A65, 0x2E8F, 0xEF9F, 0xF09F, 0xF0A7, 0xEFA7, 0xED9F, 
  0xED9F, 0xED9F, 0xED9F, 0xEE9F, 0xEE97, 0xEE97, 0xED9F, 0xED9F, 0xEE9F, 0xEE9F, 0xEBA7, 0xAFBF, 0xFDFF, 0xDADF, 0xA84B, 0x8842, 
  0x684A, 0x4842, 0xCA4A, 0xC94A, 0xE84A, 0x094B, 0xEA4A, 0x4842, 0xC94A, 0x0A53, 0x684A, 0x4842, 0xAA4A, 0xA942, 0x073A, 0x8842, 
  0x6842, 0x2842, 0x4842, 0x0643, 0xEE8E, 0xF1A7, 0xCF9F, 0x2D86, 0xCA53, 0xA84A, 0x884A, 0x8942, 0xEB52, 0x894A, 0x2743, 0x1097, 
  0xF8DF, 0xFCF7, 0xED7C, 0xE842, 0xC94A, 0x4842, 0x2942, 0x8942, 0x2B53, 0x2A53, 0x0A4B, 0xA94A, 0x2842, 0x6842, 0xCB5C, 0xEFA7, 
  0xEBAF, 0xEBAF, 0xECA7, 0xEE9F, 0xEE97, 0xED9F, 0xB1C7, 0xFEFF, 0xFFFF, 0xFFFF, 0xFFFF, 0xFFFF, 0xFFFF, 0xFBEF, 0xCDAF, 0xEDA7, 
  0xEE9F, 0xEF9F, 0xEE9F, 0xEE9F, 0xEE9F, 0xCDA7, 0xFAE7, 0xFFFF, 0xFDFF, 0xCFB7, 0xEE9F, 0xEF9F, 0xEF9F, 0xEE9F, 0xEF9F, 0xCE97, 
  0xD3C7, 0xFFFF, 0xCECF, 0xE1EF, 0xC0FF, 0xE0FF, 0xE0FF, 0xE0FF, 0xE0FF, 0xE0FF, 0xE0FF, 0xE0FF, 0xE0FF, 0xE0FF, 0xE0FF, 0xE0FF, 
  0xE0FF, 0xE0FF, 0xE0FF, 0xE0FF, 0xE0FF, 0xE0FF, 0xE0FF, 0xE0FF, 0xE0FF, 0xE0FF, 0xE0FF, 0xE0FF, 0xE0FF, 0xE0FF, 0xE0FF, 0xE0FF, 
  0xE0FF, 0xE0FF, 0xE0FF, 0xE0FF, 0xE0FF, 0xE0FF, 0xE0FF, 0xE0FF, 0xE0FF, 0xE0FF, 0xE0FF, 0xE0FF, 0xE0FF, 0xE0FF, 0xE0FF, 0xE0FF, 
  0xE0FF, 0xE0FF, 0xE0FF, 0xE0FF, 0xE0FF, 0xE0FF, 0xE0FF, 0xE0FF, 0xE0FF, 0xE0FF, 0xE0FF, 0xE0FF, 0xE0FF, 0xE0FF, 0xE0FF, 0xE0FF, 
  0xE0FF, 0xE0FF, 0xE0FF, 0xE0FF, 0xE0FF, 0xE0FF, 0xE0FF, 0xE0FF, 0xE0FF, 0xE0FF, 0xE0FF, 0xE0FF, 0xE0FF, 0xE0FF, 0xE0FF, 0xE0FF, 
  0xE0FF, 0xE0FF, 0xE0FF, 0xE0FF, 0xE0FF, 0xE0FF, 0xE0FF, 0xE0FF, 0xE0FF, 0xE0FF, 0xE0FF, 0xC0FF, 0xE0FF, 0xE0FF, 0xE1FF, 0xCAC7, 
  0xEE9F, 0xECA7, 0xECA7, 0xED9F, 0xCF97, 0xEF9F, 0x509F, 0xC84B, 0xEA4A, 0x2B53, 0x2A53, 0xEA52, 0xEA52, 0xC94A, 0xEA4A, 0xEA4A, 
  0xA842, 0x294B, 0xE942, 0x6B53, 0xAC63, 0x8A53, 0x8F86, 0xEC6C, 0xC94A, 0xE94A, 0x2A53, 0x4B53, 0x2A53, 0x8B5B, 0x0C5C, 0x4B53, 
  0x4A53, 0x0A54, 0x2E9F, 0x8FA7, 0xCB64, 0x0A5C, 0x0B5C, 0xE83A, 0x4B65, 0xF1A7, 0x509F, 0xEC75, 0x8A64, 0x095C, 0x8B6D, 0xD09F, 
  0xEF9F, 0xEE9F, 0xEE9F, 0xEF9F, 0xEF9F, 0xEF97, 0xEE97, 0xEF9F, 0xEF97, 0xEE9F, 0xEBA7, 0xD2CF, 0xFFFF, 0x15BF, 0x6953, 0xA94A, 
  0x2842, 0xA94A, 0xCA4A, 0x2B53, 0xC94A, 0xE94A, 0x894A, 0x2842, 0x4842, 0x894A, 0xA94A, 0x8942, 0xEA4A, 0x6842, 0x8942, 0x4A53, 
  0xC94A, 0xEA4A, 0x894A, 0xCA5B, 0x4B65, 0x8D86, 0xEE9F, 0xEEA7, 0xF0A7, 0xCE85, 0xE742, 0x4842, 0x4942, 0x884A, 0x2942, 0x4843, 
  0xEE96, 0xFAE7, 0xFBE7, 0x2C75, 0x883A, 0x6942, 0xC741, 0xA94A, 0x8B53, 0x0A53, 0x0953, 0x6842, 0x6942, 0x894A, 0x273A, 0x4A5C, 
  0xAE9F, 0xEBA7, 0xEBAF, 0xECA7, 0xEE97, 0xEE9F, 0xCDA7, 0xF9E7, 0xFFFF, 0xFFFF, 0xFFFF, 0xFFFF, 0xFFFF, 0xFBF7, 0xCDAF, 0xEE9F, 
  0xEF9F, 0xEF97, 0xEE9F, 0xEF9F, 0xEE97, 0xEC9F, 0xF7DF, 0xFFFF, 0xFFFF, 0xF1BF, 0xCE9F, 0xEF9F, 0xEF97, 0xEF9F, 0xEF9F, 0xEE97, 
  0xD2C7, 0xFFFF, 0xD1C7, 0xE1EF, 0xC0FF, 0xE0FF, 0xE0FF, 0xE0FF, 0xE0FF, 0xE0FF, 0xE0FF, 0xE0FF, 0xE0FF, 0xE0FF, 0xE0FF, 0xE0FF, 
  0xE0FF, 0xE0FF, 0xE0FF, 0xE0FF, 0xE0FF, 0xE0FF, 0xE0FF, 0xE0FF, 0xE0FF, 0xE0FF, 0xE0FF, 0xE0FF, 0xE0FF, 0xE0FF, 0xE0FF, 0xE0FF, 
  0xE0FF, 0xE0FF, 0xE0FF, 0xE0FF, 0xE0FF, 0xE0FF, 0xE0FF, 0xE0FF, 0xE0FF, 0xE0FF, 0xE0FF, 0xE0FF, 0xE0FF, 0xE0FF, 0xE0FF, 0xE0FF, 
  0xE0FF, 0xE0FF, 0xE0FF, 0xE0FF, 0xE0FF, 0xE0FF, 0xE0FF, 0xE0FF, 0xE0FF, 0xE0FF, 0xE0FF, 0xE0FF, 0xE0FF, 0xE0FF, 0xE0FF, 0xE0FF, 
  0xE0FF, 0xE0FF, 0xE0FF, 0xE0FF, 0xE0FF, 0xE0FF, 0xE0FF, 0xE0FF, 0xE0FF, 0xE0FF, 0xE0FF, 0xE0FF, 0xE0FF, 0xE0FF, 0xE0FF, 0xE0FF, 
  0xE0FF, 0xE0FF, 0xE0FF, 0xE0FF, 0xE0FF, 0xE0FF, 0xE0FF, 0xE0FF, 0xE0FF, 0xE0FF, 0xE0FF, 0xE0FF, 0xE0FF, 0xC0FF, 0xE4EF, 0xCDA7, 
  0xEDA7, 0xEBAF, 0xED9F, 0xCF9F, 0xEF97, 0xB09F, 0xE953, 0x8742, 0xEB52, 0x2A53, 0x4B53, 0x0A53, 0xEA52, 0xC94A, 0x2A53, 0xE942, 
  0x6A53, 0x8D6C, 0xC94A, 0x4B5B, 0x0B4B, 0xA94B, 0x709F, 0xA953, 0x6C53, 0x8C5B, 0x2A4B, 0x4B53, 0x2A4B, 0x6B53, 0x4B53, 0x8842, 
  0xA853, 0x4E9F, 0xB1AF, 0xEA53, 0xC942, 0xA93A, 0xE842, 0xAF96, 0x70A7, 0x0B6D, 0x694B, 0x894A, 0x2842, 0x6942, 0x6632, 0xCC64, 
  0x909F, 0xEF97, 0xEE97, 0xEE97, 0xEF9F, 0xEE9F, 0xEE9F, 0xEF9F, 0xEF9F, 0xEE9F, 0xECA7, 0xD5CF, 0xFFFF, 0xD2AE, 0x2943, 0x2B53, 
  0xC952, 0xA842, 0xA942, 0xC94A, 0x0A53, 0x6B5B, 0xEA4A, 0x8942, 0x894A, 0x4842, 0x4842, 0x8942, 0xA942, 0x894A, 0x894A, 0x6942, 
  0x683A, 0x0A53, 0x4942, 0xEA5B, 0x719F, 0x6C86, 0xAF9F, 0xEC9F, 0xCCA7, 0xEFA7, 0xAF8E, 0x494B, 0x683A, 0x884A, 0xA94A, 0x8942, 
  0x6953, 0xF09E, 0xF9E7, 0xF9DF, 0x8B64, 0x6842, 0x0B5B, 0x6A53, 0x4A53, 0xCA52, 0x894A, 0x8842, 0x8942, 0xC94A, 0x684A, 0x273A, 
  0xAA5C, 0xEFA7, 0xCBAF, 0xCCAF, 0xEDA7, 0xEF9F, 0xED9F, 0xD1C7, 0xFEFF, 0xFFFF, 0xFFFF, 0xFEFF, 0xFFFF, 0xFDF7, 0xCDAF, 0xED9F, 
  0xEF97, 0xEF97, 0xEF9F, 0xEF9F, 0xEF9F, 0xED9F, 0xD5D7, 0xFFFF, 0xFFFF, 0xF4CF, 0xCD9F, 0xEF9F, 0xEF97, 0xEF9F, 0xEF9F, 0xEE97, 
  0xD2BF, 0xFFFF, 0xD2CF, 0xE1E7, 0xC0FF, 0xE0FF, 0xE0FF, 0xE0FF, 0xE0FF, 0xE0FF, 0xE0FF, 0xE0FF, 0xE0FF, 0xE0FF, 0xE0FF, 0xE0FF, 
  0xE0FF, 0xE0FF, 0xE0FF, 0xE0FF, 0xE0FF, 0xE0FF, 0xE0FF, 0xE0FF, 0xE0FF, 0xE0FF, 0xE0FF, 0xE0FF, 0xE0FF, 0xE0FF, 0xE0FF, 0xE0FF, 
  0xE0FF, 0xE0FF, 0xE0FF, 0xE0FF, 0xE0FF, 0xE0FF, 0xE0FF, 0xE0FF, 0xE0FF, 0xE0FF, 0xE0FF, 0xE0FF, 0xE0FF, 0xE0FF, 0xE0FF, 0xE0FF, 
  0xE0FF, 0xE0FF, 0xE0FF, 0xE0FF, 0xE0FF, 0xE0FF, 0xE0FF, 0xE0FF, 0xE0FF, 0xE0FF, 0xE0FF, 0xE0FF, 0xE0FF, 0xE0FF, 0xE0FF, 0xE0FF, 
  0xE0FF, 0xE0FF, 0xE0FF, 0xE0FF, 0xE0FF, 0xE0FF, 0xE0FF, 0xE0FF, 0xE0FF, 0xE0FF, 0xE0FF, 0xE0FF, 0xE0FF, 0xE0FF, 0xE0FF, 0xE0FF, 
  0xE0FF, 0xE0FF, 0xE0FF, 0xE0FF, 0xE0FF, 0xE0FF, 0xE0FF, 0xE0FF, 0xE0FF, 0xE0FF, 0xE0FF, 0xE0FF, 0xE0FF, 0xC1FF, 0xEACF, 0xCE9F, 
  0xF0BF, 0xCCAF, 0xEE9F, 0xEF97, 0xD0A7, 0xAA5C, 0x8842, 0x694A, 0xCA52, 0xE94A, 0xE94A, 0x8942, 0xEA52, 0x0A53, 0x8B5B, 0x6B53, 
  0xCC5B, 0xAB5B, 0x2A53, 0xE94A, 0x6832, 0xEB64, 0x6FA7, 0x694B, 0xEA4A, 0x0A4B, 0xA942, 0xA942, 0xE94A, 0xEA4A, 0x6A4A, 0x2843, 
  0x0D9F, 0x4D9F, 0x2B5C, 0x6B5B, 0x884A, 0x474B, 0x5097, 0xEF8E, 0x294B, 0x8942, 0x2A4B, 0xEA52, 0xC942, 0x0B4B, 0xCA4A, 0xC73A, 
  0x4F8F, 0xEE9F, 0xEE9F, 0xEE9F, 0xEDA7, 0xECA7, 0xECA7, 0xECA7, 0xECA7, 0xECA7, 0xEAA7, 0xD5CF, 0xFFFF, 0x4F9E, 0xA83A, 0xEA4A, 
  0x2B53, 0x4B5B, 0xEA52, 0xC94A, 0xEA4A, 0xE94A, 0xE94A, 0xA942, 0xA94A, 0x6942, 0x273A, 0xEA4A, 0x8C5B, 0x0A53, 0xCA4A, 0x8842, 
  0x684A, 0x894A, 0xA94A, 0xC63A, 0x0E8F, 0xF09F, 0xCF97, 0xEE9F, 0xEDA7, 0xCCA7, 0xEFA7, 0x6F9F, 0x0954, 0xA94A, 0x6B5B, 0x294B, 
  0x883A, 0x6954, 0x91AF, 0xFBEF, 0xB5CF, 0x0754, 0x693A, 0xA942, 0x473A, 0xCA52, 0xAA4A, 0x483A, 0xC952, 0xEA52, 0x8942, 0xAA52, 
  0x2842, 0x8A64, 0xEEAF, 0xEBAF, 0xECA7, 0xECA7, 0xEE9F, 0xCDA7, 0xF8E7, 0xFFFF, 0xFFFF, 0xFFFF, 0xFFFF, 0xFEF7, 0xCEB7, 0xED9F, 
  0xEE97, 0xEF97, 0xEF9F, 0xEF9F, 0xEF9F, 0xED9F, 0xD1C7, 0xFFFF, 0xFFFF, 0xD8DF, 0xCDA7, 0xEF9F, 0xEF97, 0xEF9F, 0xEF9F, 0xEE97, 
  0xD1BF, 0xFFFF, 0xD4CF, 0xC2E7, 0xE0FF, 0xE0FF, 0xE0FF, 0xE0FF, 0xE0FF, 0xE0FF, 0xE0FF, 0xE0FF, 0xE0FF, 0xE0FF, 0xE0FF, 0xE0FF, 
  0xE0FF, 0xE0FF, 0xE0FF, 0xE0FF, 0xE0FF, 0xE0FF, 0xE0FF, 0xE0FF, 0xE0FF, 0xE0FF, 0xE0FF, 0xE0FF, 0xE0FF, 0xE0FF, 0xE0FF, 0xE0FF, 
  0xE0FF, 0xE0FF, 0xE0FF, 0xE0FF, 0xE0FF, 0xE0FF, 0xE0FF, 0xE0FF, 0xE0FF, 0xE0FF, 0xE0FF, 0xE0FF, 0xE0FF, 0xE0FF, 0xE0FF, 0xE0FF, 
  0xE0FF, 0xE0FF, 0xE0FF, 0xE0FF, 0xE0FF, 0xE0FF, 0xE0FF, 0xE0FF, 0xE0FF, 0xE0FF, 0xE0FF, 0xE0FF, 0xE0FF, 0xE0FF, 0xE0FF, 0xE0FF, 
  0xE0FF, 0xE0FF, 0xE0FF, 0xE0FF, 0xE0FF, 0xE0FF, 0xE0FF, 0xE0FF, 0xE0FF, 0xE0FF, 0xE0FF, 0xE0FF, 0xE0FF, 0xE0FF, 0xE0FF, 0xE0FF, 
  0xE0FF, 0xE0FF, 0xE0FF, 0xE0FF, 0xE0FF, 0xE0FF, 0xE0FF, 0xE0FF, 0xE0FF, 0xE0FF, 0xE0FF, 0xE0FF, 0xE0FF, 0xC4F7, 0xCCA7, 0xD3BF, 
  0xD0BF, 0xEDA7, 0xAD86, 0xD097, 0x8A64, 0xA94A, 0xCA4A, 0x8842, 0xE94A, 0x094B, 0xEA4A, 0xCA4A, 0xC94A, 0x0A4B, 0x2A4B, 0xE94A, 
  0xCA4A, 0xCA4A, 0x0A4B, 0x2A4B, 0x0D5C, 0x8E86, 0x2E97, 0x6A4B, 0x0A53, 0xA942, 0xC94A, 0xCA4A, 0xEA52, 0x0A53, 0x2632, 0x2E8E, 
  0xF0AF, 0xC84B, 0x8B5B, 0xE94A, 0xEA5B, 0xB1A7, 0xAC75, 0xE842, 0xCA4A, 0x894A, 0x884A, 0x0B53, 0x0A4B, 0x6842, 0x8842, 0x0D86, 
  0xEFA7, 0xED9F, 0xECA7, 0xEBAF, 0xECA7, 0xECA7, 0xECA7, 0xECA7, 0xECA7, 0xECAF, 0xCAAF, 0xD6D7, 0xFFFF, 0x6D8D, 0x283A, 0x894A, 
  0x4842, 0x2842, 0x4842, 0xA94A, 0xC94A, 0x8842, 0xC94A, 0xC94A, 0x8842, 0x0A53, 0x0A53, 0x2A4B, 0x2A4B, 0x2A4B, 0x094B, 0x6B53, 
  0x4B53, 0x8942, 0xA942, 0xA953, 0xB09F, 0xEF97, 0xEF9F, 0xF09F, 0xEF97, 0xCEA7, 0xCEBF, 0xEEA7, 0x509F, 0x8A53, 0xC942, 0x6B53, 
  0xC94A, 0x4A53, 0xC964, 0xD4BF, 0xFBEF, 0x91AF, 0x8953, 0x2842, 0x0A53, 0xA842, 0x4842, 0xAA52, 0xEA52, 0x6842, 0xC94A, 0x4842, 
  0x0842, 0x273A, 0x2C75, 0xEEAF, 0xEAA7, 0xEBAF, 0xEE9F, 0xED9F, 0xD0B7, 0xFDF7, 0xFFFF, 0xFFFF, 0xFFF7, 0xFEFF, 0xD2C7, 0xCC9F, 
  0xEE9F, 0xEF97, 0xEF97, 0xEF9F, 0xEF9F, 0xEE9F, 0xCFB7, 0xFDFF, 0xFFFF, 0xFBEF, 0xCEAF, 0xEF9F, 0xEF97, 0xEF9F, 0xEF9F, 0xEE97, 
  0xD1B7, 0xFFFF, 0xD5D7, 0xC3DF, 0xE0FF, 0xE0FF, 0xE0FF, 0xE0FF, 0xE0FF, 0xE0FF, 0xE0FF, 0xE0FF, 0xE0FF, 0xE0FF, 0xE0FF, 0xE0FF, 
  0xE0FF, 0xE0FF, 0xE0FF, 0xE0FF, 0xE0FF, 0xE0FF, 0xE0FF, 0xE0FF, 0xE0FF, 0xE0FF, 0xE0FF, 0xE0FF, 0xE0FF, 0xE0FF, 0xE0FF, 0xE0FF, 
  0xE0FF, 0xE0FF, 0xE0FF, 0xE0FF, 0xE0FF, 0xE0FF, 0xE0FF, 0xE0FF, 0xE0FF, 0xE0FF, 0xE0FF, 0xE0FF, 0xE0FF, 0xE0FF, 0xE0FF, 0xE0FF, 
  0xE0FF, 0xE0FF, 0xE0FF, 0xE0FF, 0xE0FF, 0xE0FF, 0xE0FF, 0xE0FF, 0xE0FF, 0xE0FF, 0xE0FF, 0xE0FF, 0xE0FF, 0xE0FF, 0xE0FF, 0xE0FF, 
  0xE0FF, 0xE0FF, 0xE0FF, 0xE0FF, 0xE0FF, 0xE0FF, 0xE0FF, 0xE0FF, 0xE0FF, 0xE0FF, 0xE0FF, 0xE0FF, 0xE0FF, 0xE0FF, 0xE0FF, 0xE0FF, 
  0xE0FF, 0xE0FF, 0xE0FF, 0xE0FF, 0xE0FF, 0xE0FF, 0xE0FF, 0xE0FF, 0xE0FF, 0xE0FF, 0xE0FF, 0xE0FF, 0xE0FF, 0xC7CF, 0xD0AF, 0xD5D7, 
  0xEDAF, 0xAC8E, 0x494B, 0xAC5C, 0xE94A, 0x0B53, 0x2A4B, 0x4A53, 0x4B53, 0xEA52, 0xEA4A, 0xC94A, 0x8842, 0x6B53, 0x6B53, 0x094B, 
  0xEA4A, 0xEA4A, 0x6B53, 0x6A53, 0x6D64, 0x2F8F, 0x4D86, 0x094B, 0xC942, 0x6C5B, 0xEA4A, 0xC94A, 0xA94A, 0x483A, 0xAB64, 0xF4CF, 
  0xCC6C, 0xA83A, 0x4A4B, 0x8A5C, 0xB1A7, 0x4B6D, 0x073A, 0xAA4A, 0xE94A, 0xA94A, 0xC94A, 0xE94A, 0xA842, 0xAA53, 0xAE8E, 0xED9F, 
  0xCDAF, 0xEEB7, 0xCDA7, 0xED9F, 0xEE9F, 0xEF9F, 0xEE9F, 0xEE9F, 0xEEA7, 0xEDA7, 0xCBAF, 0xD6D7, 0xFFFF, 0x6D7D, 0x2A4B, 0x0B53, 
  0xE94A, 0xEA4A, 0xEA4A, 0xC94A, 0xC94A, 0x2A53, 0xC94A, 0x8942, 0xA94A, 0xA94A, 0xEA52, 0x0A53, 0x4A53, 0x2B53, 0x8842, 0xC94A, 
  0xCA4A, 0x894A, 0x273A, 0x0B75, 0xEFA7, 0xCE9F, 0xCF9F, 0xEF9F, 0xEF97, 0xEE97, 0xCFAF, 0xCEB7, 0xEDA7, 0xEF96, 0xC73A, 0xCA52, 
  0xAA52, 0x0B53, 0xA83A, 0xCB7D, 0xF7DF, 0xF8D7, 0x0F97, 0x2843, 0x4842, 0xA94A, 0xC94A, 0x6842, 0x6842, 0xEA4A, 0xC94A, 0xAA4A, 
  0xE94A, 0xC94A, 0xC842, 0x6D8E, 0xECAF, 0xCBAF, 0xECA7, 0xED9F, 0xCDA7, 0xD5CF, 0xFFFF, 0xFEFF, 0xFFFF, 0xFFFF, 0xF7D7, 0xCDA7, 
  0xEE9F, 0xEF9F, 0xEF9F, 0xEE9F, 0xEE9F, 0xEE97, 0xCEAF, 0xFBF7, 0xFFFF, 0xFEFF, 0xD0B7, 0xEE97, 0xEF97, 0xEF9F, 0xEF97, 0xEE97, 
  0xD1B7, 0xFFFF, 0xD6DF, 0xC5DF, 0xE0FF, 0xE0FF, 0xE0FF, 0xE0FF, 0xE0FF, 0xE0FF, 0xE0FF, 0xE0FF, 0xE0FF, 0xE0FF, 0xE0FF, 0xE0FF, 
  0xE0FF, 0xE0FF, 0xE0FF, 0xE0FF, 0xE0FF, 0xE0FF, 0xE0FF, 0xE0FF, 0xE0FF, 0xE0FF, 0xE0FF, 0xE0FF, 0xE0FF, 0xE0FF, 0xE0FF, 0xE0FF, 
  0xE0FF, 0xE0FF, 0xE0FF, 0xE0FF, 0xE0FF, 0xE0FF, 0xE0FF, 0xE0FF, 0xE0FF, 0xE0FF, 0xE0FF, 0xE0FF, 0xE0FF, 0xE0FF, 0xE0FF, 0xE0FF, 
  0xE0FF, 0xE0FF, 0xE0FF, 0xE0FF, 0xE0FF, 0xE0FF, 0xE0FF, 0xE0FF, 0xE0FF, 0xE0FF, 0xE0FF, 0xE0FF, 0xE0FF, 0xE0FF, 0xE0FF, 0xE0FF, 
  0xE0FF, 0xE0FF, 0xE0FF, 0xE0FF, 0xE0FF, 0xE0FF, 0xE0FF, 0xE0FF, 0xE0FF, 0xE0FF, 0xE0FF, 0xE0FF, 0xE0FF, 0xE0FF, 0xE0FF, 0xE0FF, 
  0xE0FF, 0xE0FF, 0xE0FF, 0xE0FF, 0xE0FF, 0xE0FF, 0xE0FF, 0xE0FF, 0xE0FF, 0xE0FF, 0xE0FF, 0xE0FF, 0xE3F7, 0xCBB7, 0xD7D7, 0xB2C7, 
  0xEEA7, 0x495C, 0x6842, 0xC94A, 0xCA4A, 0xE942, 0x4B53, 0xEA4A, 0xC94A, 0xAA4A, 0xA942, 0x0953, 0xEA52, 0x0A4B, 0x4A53, 0x6B53, 
  0xAB5B, 0x8B53, 0x2B4B, 0x4B53, 0x494B, 0x2E8F, 0x6D75, 0x8842, 0xE942, 0x8C5B, 0xC94A, 0x0A53, 0xA942, 0xE842, 0x93BF, 0x4F96, 
  0x873A, 0x4842, 0xE953, 0xF1A7, 0xCC75, 0xA842, 0x4B5B, 0x6B53, 0x4A53, 0x0A4B, 0x2B53, 0x4B53, 0x2843, 0x1097, 0xEEA7, 0xB0B7, 
  0xD6DF, 0xB0B7, 0xCE9F, 0xEF97, 0xEE97, 0xEE9F, 0xEE9F, 0xED9F, 0xEE9F, 0xEDA7, 0xEBA7, 0xF5D7, 0xFCF7, 0xAB64, 0xC842, 0xEA4A, 
  0xE842, 0x0A53, 0x6C5B, 0x0A4B, 0x4B53, 0xC94A, 0xC94A, 0xC94A, 0x4842, 0x4842, 0x894A, 0x8942, 0x6842, 0x483A, 0xEB52, 0xA94A, 
  0xE731, 0x0A53, 0xEA5B, 0xEF96, 0xEDA7, 0xCDA7, 0xEE9F, 0xEE97, 0xEEA7, 0xEE9F, 0xEF97, 0xED9F, 0xEAA7, 0xEEA7, 0x0D86, 0x863A, 
  0x8942, 0xA842, 0xC94A, 0x0843, 0x0F9F, 0xF8E7, 0xF3BF, 0xCB75, 0x2732, 0x894A, 0x684A, 0x4B5B, 0x4A4B, 0x8942, 0xC94A, 0x2B53, 
  0x683A, 0xCC5B, 0x8A5B, 0x6953, 0xAFA7, 0xECA7, 0xEAA7, 0xEC9F, 0xED9F, 0xCDAF, 0xD9E7, 0xFFFF, 0xFFFF, 0xDFFF, 0xFBEF, 0xCEAF, 
  0xEE9F, 0xEF9F, 0xEF9F, 0xEE9F, 0xEE9F, 0xEE97, 0xCEA7, 0xF9EF, 0xFFFF, 0xFFFF, 0xD4CF, 0xEE9F, 0xEF97, 0xEF9F, 0xEF97, 0xEE97, 
  0xD0AF, 0xFEFF, 0xD8DF, 0xC7D7, 0xE0FF, 0xE0FF, 0xE0FF, 0xE0FF, 0xE0FF, 0xE0FF, 0xE0FF, 0xE0FF, 0xE0FF, 0xE0FF, 0xE0FF, 0xE0FF, 
  0xE0FF, 0xE0FF, 0xE0FF, 0xE0FF, 0xE0FF, 0xE0FF, 0xE0FF, 0xE0FF, 0xE0FF, 0xE0FF, 0xE0FF, 0xE0FF, 0xE0FF, 0xE0FF, 0xE0FF, 0xE0FF, 
  0xE0FF, 0xE0FF, 0xE0FF, 0xE0FF, 0xE0FF, 0xE0FF, 0xE0FF, 0xE0FF, 0xE0FF, 0xE0FF, 0xE0FF, 0xE0FF, 0xE0FF, 0xE0FF, 0xE0FF, 0xE0FF, 
  0xE0FF, 0xE0FF, 0xE0FF, 0xE0FF, 0xE0FF, 0xE0FF, 0xE0FF, 0xE0FF, 0xE0FF, 0xE0FF, 0xE0FF, 0xE0FF, 0xE0FF, 0xE0FF, 0xE0FF, 0xE0FF, 
  0xE0FF, 0xE0FF, 0xE0FF, 0xE0FF, 0xE0FF, 0xE0FF, 0xE0FF, 0xE0FF, 0xE0FF, 0xE0FF, 0xE0FF, 0xE0FF, 0xE0FF, 0xE0FF, 0xE0FF, 0xE0FF, 
  0xE0FF, 0xE0FF, 0xE0FF, 0xE0FF, 0xE0FF, 0xE0FF, 0xE0FF, 0xE0FF, 0xE0FF, 0xC0FF, 0xC0FF, 0xE1FF, 0xC6DF, 0xB2C7, 0xD9EF, 0xEEAF, 
  0x6D86, 0x6A4B, 0x4A53, 0x2B53, 0xEB4A, 0x6842, 0xA94A, 0xC94A, 0xA942, 0xEA4A, 0x0A53, 0xC94A, 0x8942, 0xCA4A, 0xA94A, 0xCA4A, 
  0xC94A, 0x0A4B, 0x0A4B, 0xCA4A, 0x6A53, 0x909F, 0x2954, 0xA942, 0x0A53, 0xEA4A, 0xEA42, 0x0A53, 0x0943, 0xCE85, 0xD3C7, 0xEA53, 
  0xC84A, 0x8842, 0x0F97, 0xAD8E, 0x494B, 0xAC5B, 0x8A4B, 0x2C64, 0x8B53, 0x6B5B, 0x4B53, 0x294B, 0x4E7E, 0xEFA7, 0xB1C7, 0xFCF7, 
  0xD7DF, 0xCD9F, 0xEF97, 0xEE9F, 0xEDA7, 0xECA7, 0xECA7, 0xECA7, 0xEC9F, 0xEE9F, 0xEAA7, 0xF6DF, 0xFADF, 0xEA5B, 0xC94A, 0xA942, 
  0x6842, 0x894A, 0xA94A, 0xEA52, 0xC94A, 0x0A4B, 0xCC63, 0x8B5B, 0xEA4A, 0xA94A, 0xA94A, 0x0B53, 0x8942, 0x6842, 0xAA4A, 0x6842, 
  0x0A4B, 0x4C6C, 0x4A5C, 0xEF9F, 0xCFAF, 0xF6DF, 0xCFA7, 0xEE97, 0xEE9F, 0xEDA7, 0xEE9F, 0xEE9F, 0xEDA7, 0xEC9F, 0xEFA7, 0xEB64, 
  0x493A, 0x894A, 0x0953, 0x8942, 0x0B65, 0xF4CF, 0xD7D7, 0x8F9F, 0x684B, 0x483A, 0x684A, 0xE952, 0xEA4A, 0xA94A, 0x6842, 0x894A, 
  0xCA4A, 0xC94A, 0x8942, 0x8842, 0x0B6D, 0xEFAF, 0xEAAF, 0xEBAF, 0xEE9F, 0xED9F, 0xCFBF, 0xFDF7, 0xFFFF, 0xFFFF, 0xFEFF, 0xD3CF, 
  0xEC9F, 0xEE9F, 0xEF9F, 0xEF97, 0xEE97, 0xEF9F, 0xCDA7, 0xD7D7, 0xFFFF, 0xFFFF, 0xF8E7, 0xCEA7, 0xEE97, 0xEE9F, 0xEF9F, 0xEF97, 
  0xCFA7, 0xFDFF, 0xDAE7, 0xC9CF, 0xE0FF, 0xE0FF, 0xE0FF, 0xE0FF, 0xE0FF, 0xE0FF, 0xE0FF, 0xE0FF, 0xE0FF, 0xE0FF, 0xE0FF, 0xE0FF, 
  0xE0FF, 0xE0FF, 0xE0FF, 0xE0FF, 0xE0FF, 0xE0FF, 0xE0FF, 0xE0FF, 0xE0FF, 0xE0FF, 0xE0FF, 0xE0FF, 0xE0FF, 0xE0FF, 0xE0FF, 0xE0FF, 
  0xE0FF, 0xE0FF, 0xE0FF, 0xE0FF, 0xE0FF, 0xE0FF, 0xE0FF, 0xE0FF, 0xE0FF, 0xE0FF, 0xE0FF, 0xE0FF, 0xE0FF, 0xE0FF, 0xE0FF, 0xE0FF, 
  0xE0FF, 0xE0FF, 0xE0FF, 0xE0FF, 0xE0FF, 0xE0FF, 0xE0FF, 0xE0FF, 0xE0FF, 0xE0FF, 0xE0FF, 0xE0FF, 0xE0FF, 0xE0FF, 0xE0FF, 0xE0FF, 
  0xE0FF, 0xE0FF, 0xE0FF, 0xE0FF, 0xE0FF, 0xE0FF, 0xE0FF, 0xE0FF, 0xE0FF, 0xE0FF, 0xE0FF, 0xE0FF, 0xE0FF, 0xE0FF, 0xE0FF, 0xE0FF, 
  0xE0FF, 0xE0FF, 0xE0FF, 0xE0FF, 0xE0FF, 0xE0FF, 0xE0FF, 0xE0FF, 0xE0FF, 0xE0FF, 0xE1FF, 0xE2FF, 0xAAC7, 0xDAE7, 0xD4CF, 0xCEA7, 
  0xC853, 0xEA4A, 0xAC63, 0x6B53, 0x0A4B, 0x4742, 0xA94A, 0x0A53, 0xC94A, 0x2B53, 0x0A4B, 0xA942, 0x0A53, 0x0A53, 0xC94A, 0xA94A, 
  0xA94A, 0x0A4B, 0x0A53, 0x0A4B, 0xC953, 0x309F, 0x0843, 0xC94A, 0xA94A, 0x8A53, 0x8D64, 0xE942, 0x894B, 0xB0B7, 0xED85, 0x4B53, 
  0xCA4A, 0x4C75, 0x90A7, 0x284B, 0xEA52, 0xEA52, 0xE94A, 0xE94A, 0x0A4B, 0xE942, 0x8842, 0xAB6C, 0xF0A7, 0xD2BF, 0xFDFF, 0xFFFF, 
  0xD8D7, 0xCD9F, 0xEF9F, 0xED9F, 0xEE9F, 0xEF9F, 0xEE9F, 0xCFA7, 0xECA7, 0xEDA7, 0xCB9F, 0xF7E7, 0x98CF, 0x484B, 0x0B53, 0xA94A, 
  0x894A, 0x6842, 0x8942, 0xEA4A, 0xCD63, 0x4B53, 0x6B53, 0x4A53, 0x8B5B, 0xE942, 0xE94A, 0xE94A, 0x4B5B, 0x6C5B, 0xA942, 0x894A, 
  0x2B53, 0xE842, 0xCB64, 0xEF9F, 0xD1B7, 0xFEFF, 0xD8DF, 0xCEA7, 0xEF97, 0xEE9F, 0xEC9F, 0xEE9F, 0xEF9F, 0xCEA7, 0xEE9F, 0x8F97, 
  0x2953, 0xC94A, 0x0A53, 0xC94A, 0xEA53, 0x30A7, 0xD8E7, 0xF2AF, 0x4C75, 0x894A, 0xCA4A, 0x6842, 0x0A4B, 0xEA52, 0xA942, 0xA94A, 
  0x8842, 0xA94A, 0xC94A, 0xA94A, 0x463A, 0xAD8E, 0xEDAF, 0xCBAF, 0xEDA7, 0xEDA7, 0xCCA7, 0xD5CF, 0xFFFF, 0xFEFF, 0xFFFF, 0xF9EF, 
  0xCDA7, 0xEF9F, 0xEE9F, 0xEF9F, 0xEF97, 0xEF97, 0xCD9F, 0xD4CF, 0xFFFF, 0xFFFF, 0xFCF7, 0xCFAF, 0xEE97, 0xEF9F, 0xEF9F, 0xEE97, 
  0xCFA7, 0xFDF7, 0xFBEF, 0xCAC7, 0xE1FF, 0xE0FF, 0xE0FF, 0xE0FF, 0xE0FF, 0xE0FF, 0xE0FF, 0xE0FF, 0xE0FF, 0xE0FF, 0xE0FF, 0xE0FF, 
  0xE0FF, 0xE0FF, 0xE0FF, 0xE0FF, 0xE0FF, 0xE0FF, 0xE0FF, 0xE0FF, 0xE0FF, 0xE0FF, 0xE0FF, 0xE0FF, 0xE0FF, 0xE0FF, 0xE0FF, 0xE0FF, 
  0xE0FF, 0xE0FF, 0xE0FF, 0xE0FF, 0xE0FF, 0xE0FF, 0xE0FF, 0xE0FF, 0xE0FF, 0xE0FF, 0xE0FF, 0xE0FF, 0xE0FF, 0xE0FF, 0xE0FF, 0xE0FF, 
  0xE0FF, 0xE0FF, 0xE0FF, 0xE0FF, 0xE0FF, 0xE0FF, 0xE0FF, 0xE0FF, 0xE0FF, 0xE0FF, 0xE0FF, 0xE0FF, 0xE0FF, 0xE0FF, 0xE0FF, 0xE0FF, 
  0xE0FF, 0xE0FF, 0xE0FF, 0xE0FF, 0xE0FF, 0xE0FF, 0xE0FF, 0xE0FF, 0xE0FF, 0xE0FF, 0xE0FF, 0xE0FF, 0xE0FF, 0xE0FF, 0xE0FF, 0xE0FF, 
  0xE0FF, 0xE0FF, 0xE0FF, 0xE0FF, 0xE0FF, 0xE0FF, 0xE0FF, 0xE0FF, 0xE0FF, 0xE0FF, 0xE0FF, 0xC4E7, 0xB2CF, 0xFCEF, 0xEFB7, 0x6D86, 
  0xA842, 0xCB4A, 0x2A53, 0xA83A, 0x4B53, 0xAC63, 0x0A53, 0x4B5B, 0xC94A, 0x0A4B, 0x0A53, 0x6C5B, 0x0A53, 0xA942, 0xC94A, 0xC94A, 
  0xA94A, 0xC94A, 0xEA4A, 0xA83A, 0xCB64, 0xD096, 0x2A53, 0x6B5B, 0x0953, 0x494B, 0xCE74, 0x4B53, 0x2B6D, 0xEEAF, 0xC953, 0x8942, 
  0x6953, 0xCFA7, 0xAB64, 0x283A, 0xC94A, 0xEA4A, 0xC94A, 0xEA52, 0x2B53, 0x6C53, 0xA942, 0x0D7E, 0xEFAF, 0xFBEF, 0xDFFF, 0xFFFF, 
  0xFBE7, 0xCEA7, 0xEE9F, 0xEE9F, 0xEE9F, 0xEF97, 0xEF97, 0xEF9F, 0xEE9F, 0xEDAF, 0xCBA7, 0xF6DF, 0xD4B6, 0xE742, 0x894A, 0x4942, 
  0x894A, 0xC94A, 0xA942, 0xEA4A, 0xED63, 0x0A43, 0xE942, 0x2A53, 0x4B53, 0x4B4B, 0x2A53, 0xC94A, 0xA842, 0xA942, 0x6B5B, 0xEA52, 
  0xEB52, 0x683A, 0xED7D, 0xEEA7, 0xD5C7, 0xDFFF, 0xFFFF, 0xD6CF, 0xCE9F, 0xEF97, 0xED9F, 0xED9F, 0xEF97, 0xEF97, 0xEF9F, 0xEF9F, 
  0x2B75, 0x683A, 0xEA4A, 0xC94A, 0xE842, 0xAC75, 0xF8E7, 0xF3BF, 0xAD86, 0x6742, 0x4842, 0x8842, 0x6B53, 0xA94A, 0x0A4B, 0x4A53, 
  0x2A53, 0xA94A, 0xA94A, 0x894A, 0x484A, 0xE953, 0xCF9F, 0xCBAF, 0xEBAF, 0xEDA7, 0xED9F, 0xCDA7, 0xF9E7, 0xFFFF, 0xDFFF, 0xFEFF, 
  0xD1BF, 0xEE9F, 0xEF97, 0xEF97, 0xEF97, 0xEF9F, 0xED9F, 0xD1BF, 0xFFFF, 0xFFFF, 0xFFFF, 0xD2C7, 0xCD9F, 0xEF9F, 0xEF9F, 0xEE97, 
  0xCFA7, 0xFCF7, 0xFDF7, 0xCCCF, 0xE1FF, 0xE0FF, 0xE0FF, 0xE0FF, 0xE0FF, 0xE0FF, 0xE0FF, 0xE0FF, 0xE0FF, 0xE0FF, 0xE0FF, 0xE0FF, 
  0xE0FF, 0xE0FF, 0xE0FF, 0xE0FF, 0xE0FF, 0xE0FF, 0xE0FF, 0xE0FF, 0xE0FF, 0xE0FF, 0xE0FF, 0xE0FF, 0xE0FF, 0xE0FF, 0xE0FF, 0xE0FF, 
  0xE0FF, 0xE0FF, 0xE0FF, 0xE0FF, 0xE0FF, 0xE0FF, 0xE0FF, 0xE0FF, 0xE0FF, 0xE0FF, 0xE0FF, 0xE0FF, 0xE0FF, 0xE0FF, 0xE0FF, 0xE0FF, 
  0xE0FF, 0xE0FF, 0xE0FF, 0xE0FF, 0xE0FF, 0xE0FF, 0xE0FF, 0xE0FF, 0xE0FF, 0xE0FF, 0xE0FF, 0xE0FF, 0xE0FF, 0xE0FF, 0xE0FF, 0xE0FF, 
  0xE0FF, 0xE0FF, 0xE0FF, 0xE0FF, 0xE0FF, 0xE0FF, 0xE0FF, 0xE0FF, 0xE0FF, 0xE0FF, 0xE0FF, 0xE0FF, 0xE0FF, 0xE0FF, 0xE0FF, 0xE0FF, 
  0xE0FF, 0xE0FF, 0xE0FF, 0xE0FF, 0xE0FF, 0xE0FF, 0xE0FF, 0xE0FF, 0xE0FF, 0xE0FF, 0xE0FF, 0xC7D7, 0xDAE7, 0xF8E7, 0xCEA7, 0x2B5C, 
  0x4B4B, 0xCA42, 0xE952, 0xEA52, 0xC94A, 0x2B53, 0x0A4B, 0x2A53, 0xE94A, 0xEA4A, 0x8842, 0x6842, 0xA94A, 0xC94A, 0xC94A, 0x894A, 
  0xEA52, 0xA94A, 0x4942, 0x4842, 0x2B6D, 0x8F86, 0x4A4B, 0xCE6C, 0x0C64, 0x0A43, 0xEA4A, 0xC84A, 0x8D8E, 0xED96, 0x2953, 0x883A, 
  0x0C86, 0x4E9F, 0x094B, 0xEA4A, 0x4A53, 0xA942, 0xC952, 0xEA52, 0xA94A, 0xEA4A, 0x8A4B, 0x0C8F, 0xF3BF, 0xFFFF, 0xFFFF, 0xFFFF, 
  0xFCF7, 0xCEA7, 0xEF97, 0xEF97, 0xEC9F, 0xAD9F, 0xCD97, 0xEF97, 0xF097, 0xEDA7, 0xCBAF, 0xF4D7, 0x509E, 0x6632, 0x8942, 0x6942, 
  0xA94A, 0xA942, 0xA94A, 0x8842, 0xCA4A, 0x0A4B, 0xEA4A, 0xA94A, 0x2B53, 0x0B53, 0xA942, 0xEA52, 0x6842, 0x8942, 0xC94A, 0x8942, 
  0xA942, 0xA942, 0xAE8E, 0xEEA7, 0xD9DF, 0xFFFF, 0xFFFF, 0xFEF7, 0xD0B7, 0xEE97, 0xF09F, 0xEDA7, 0xED9F, 0xCF97, 0xCC75, 0xD09F, 
  0x4F97, 0xC84A, 0xC94A, 0x0A53, 0xEA52, 0xA95C, 0xF7D7, 0xF4C7, 0x8E8F, 0xE84A, 0x2842, 0x2A4B, 0xA942, 0x0A53, 0x2B53, 0x2A4B, 
  0x2A53, 0x6842, 0xCA52, 0xA842, 0xEA52, 0x8842, 0x0D76, 0xEEAF, 0xCBAF, 0xECAF, 0xED9F, 0xED9F, 0xB0BF, 0xFDF7, 0xFFFF, 0xFFFF, 
  0xD7D7, 0xCC9F, 0xEF97, 0xEF97, 0xEE97, 0xEF9F, 0xEE97, 0xCFB7, 0xFDFF, 0xFFFF, 0xFFFF, 0xD7DF, 0xCD9F, 0xEF97, 0xEF9F, 0xEE97, 
  0xCFA7, 0xFBEF, 0xFEFF, 0xCDC7, 0xE1FF, 0xE0FF, 0xE0FF, 0xE0FF, 0xE0FF, 0xE0FF, 0xE0FF, 0xE0FF, 0xE0FF, 0xE0FF, 0xE0FF, 0xE0FF, 
  0xE0FF, 0xE0FF, 0xE0FF, 0xE0FF, 0xE0FF, 0xE0FF, 0xE0FF, 0xE0FF, 0xE0FF, 0xE0FF, 0xE0FF, 0xE0FF, 0xE0FF, 0xE0FF, 0xE0FF, 0xE0FF, 
  0xE0FF, 0xE0FF, 0xE0FF, 0xE0FF, 0xE0FF, 0xE0FF, 0xE0FF, 0xE0FF, 0xE0FF, 0xE0FF, 0xE0FF, 0xE0FF, 0xE0FF, 0xE0FF, 0xE0FF, 0xE0FF, 
  0xE0FF, 0xE0FF, 0xE0FF, 0xE0FF, 0xE0FF, 0xE0FF, 0xE0FF, 0xE0FF, 0xE0FF, 0xE0FF, 0xE0FF, 0xE0FF, 0xE0FF, 0xE0FF, 0xE0FF, 0xE0FF, 
  0xE0FF, 0xE0FF, 0xE0FF, 0xE0FF, 0xE0FF, 0xE0FF, 0xE0FF, 0xE0FF, 0xE0FF, 0xE0FF, 0xE0FF, 0xE0FF, 0xE0FF, 0xE0FF, 0xE0FF, 0xE0FF, 
  0xE0FF, 0xE0FF, 0xE0FF, 0xE0FF, 0xE0FF, 0xE0FF, 0xE0FF, 0xE0FF, 0xE0FF, 0xE0FF, 0xE2F7, 0xAFC7, 0xFDF7, 0xF3CF, 0x8D86, 0xA842, 
  0xCA4A, 0xE94A, 0xE94A, 0xA94A, 0xA942, 0xA942, 0x2A53, 0x4B53, 0x8842, 0x8942, 0x483A, 0x894A, 0xEA52, 0x0A53, 0x683A, 0xC94A, 
  0xCA4A, 0xEA52, 0x8C5B, 0x8942, 0x6C75, 0x6E86, 0x883A, 0xC842, 0x494B, 0x2A4B, 0x2B5B, 0x8853, 0x8FA7, 0x2B75, 0x4A5B, 0xEA53, 
  0x8FA7, 0xCB6C, 0xE94A, 0xCC5B, 0x0D64, 0x2A4B, 0xA842, 0x8842, 0xC942, 0x2A4B, 0x0A5C, 0x6C8F, 0xF4CF, 0xFFFF, 0xFFFF, 0xFFFF, 
  0xFBEF, 0xCFA7, 0xEE97, 0xEC9F, 0xEEAF, 0xF4C7, 0xF6C7, 0xAFB7, 0xCE9F, 0xEE9F, 0xCCAF, 0xEFC7, 0xCC85, 0x2732, 0xEA52, 0x8942, 
  0xEA52, 0x8942, 0x894A, 0x6842, 0x894A, 0x6942, 0xCA52, 0xA94A, 0x283A, 0x6842, 0xC94A, 0x2A4B, 0xEA4A, 0x894A, 0x473A, 0xCA4A, 
  0xC94A, 0x0843, 0x2F97, 0xCFA7, 0xDAEF, 0xFFFF, 0xFFFF, 0xFFFF, 0xD5D7, 0xEE97, 0xEF86, 0x8F9F, 0xED9F, 0xF0A7, 0xEB64, 0xCB64, 
  0xF2A7, 0xEA5B, 0x4842, 0xEA4A, 0x894A, 0xA95C, 0xF7D7, 0xD6CF, 0xEF9F, 0xA953, 0xAA52, 0xE94A, 0x6942, 0xCA4A, 0xEA4A, 0x0A53, 
  0x0A53, 0xA94A, 0xCA52, 0x4A53, 0xEC5B, 0xCA4A, 0x2843, 0x6F9F, 0xECAF, 0xEBAF, 0xECA7, 0xEE9F, 0xCCA7, 0xD5D7, 0xFEFF, 0xFFFF, 
  0xFCF7, 0xCFAF, 0xEE9F, 0xEE9F, 0xEE9F, 0xEF9F, 0xEE97, 0xCFAF, 0xFCF7, 0xFFFF, 0xFFFF, 0xFAEF, 0xCEA7, 0xEE97, 0xEF9F, 0xEF97, 
  0xCF9F, 0xDAEF, 0xFFFF, 0xCECF, 0xE2F7, 0xE0FF, 0xE0FF, 0xE0FF, 0xE0FF, 0xE0FF, 0xE0FF, 0xE0FF, 0xE0FF, 0xE0FF, 0xE0FF, 0xE0FF, 
  0xE0FF, 0xE0FF, 0xE0FF, 0xE0FF, 0xE0FF, 0xE0FF, 0xE0FF, 0xE0FF, 0xE0FF, 0xE0FF, 0xE0FF, 0xE0FF, 0xE0FF, 0xE0FF, 0xE0FF, 0xE0FF, 
  0xE0FF, 0xE0FF, 0xE0FF, 0xE0FF, 0xE0FF, 0xE0FF, 0xE0FF, 0xE0FF, 0xE0FF, 0xE0FF, 0xE0FF, 0xE0FF, 0xE0FF, 0xE0FF, 0xE0FF, 0xE0FF, 
  0xE0FF, 0xE0FF, 0xE0FF, 0xE0FF, 0xE0FF, 0xE0FF, 0xE0FF, 0xE0FF, 0xE0FF, 0xE0FF, 0xE0FF, 0xE0FF, 0xE0FF, 0xE0FF, 0xE0FF, 0xE0FF, 
  0xE0FF, 0xE0FF, 0xE0FF, 0xE0FF, 0xE0FF, 0xE0FF, 0xE0FF, 0xE0FF, 0xE0FF, 0xE0FF, 0xE0FF, 0xE0FF, 0xE0FF, 0xE0FF, 0xE0FF, 0xE0FF, 
  0xE0FF, 0xE0FF, 0xE0FF, 0xE0FF, 0xE0FF, 0xE0FF, 0xE0FF, 0xE0FF, 0xE0FF, 0xE0FF, 0xC6DF, 0xD7D7, 0xFAEF, 0xF0A7, 0xEC64, 0x4742, 
  0x2842, 0xEA52, 0x2A4B, 0x2B53, 0xA84A, 0xE94A, 0x2A53, 0x0A53, 0xEA52, 0xCA4A, 0xCA4A, 0x483A, 0x6842, 0x4B5B, 0x0A53, 0xC94A, 
  0xA94A, 0x0A4B, 0x4A4B, 0x4842, 0xAC7D, 0x2D7E, 0x8942, 0x2B53, 0x6B5B, 0xAC63, 0x2A4B, 0x6A5C, 0xCFA7, 0xC95B, 0xA93A, 0x4B6D, 
  0x2F9F, 0x0943, 0x0B53, 0x4A53, 0x884A, 0xCA52, 0xCA4A, 0xCA4A, 0x2A53, 0x6C5B, 0x4A4B, 0x8E97, 0xF5CF, 0xFFFF, 0xFFFF, 0xFFFF, 
  0xD6D7, 0xCD97, 0xEF9F, 0x2E9F, 0xAC7D, 0xCD7D, 0x53BF, 0xFAF7, 0xD3C7, 0xEC9F, 0xCCA7, 0xECAF, 0xAB7D, 0x6942, 0xCA4A, 0xE94A, 
  0x0A5B, 0x6942, 0xCA4A, 0x894A, 0x4842, 0x6842, 0xEA4A, 0x0A53, 0x6942, 0xA94A, 0x2A53, 0x8B5B, 0x2A4B, 0xA94A, 0x894A, 0xEA4A, 
  0xAC63, 0xA94B, 0x4F97, 0xD0AF, 0xFCFF, 0xFFFF, 0xFFFF, 0xFFFF, 0xD8DF, 0xEFA7, 0x0A65, 0x8D75, 0xF09F, 0xEF9F, 0x0C6D, 0x473A, 
  0x2E86, 0xEC6C, 0x6942, 0x8842, 0x0732, 0x4B6D, 0xF8DF, 0xD6CF, 0xEF9F, 0x2954, 0x6942, 0xE94A, 0xEA52, 0x8942, 0xC94A, 0x6842, 
  0xCA4A, 0xCA4A, 0xC94A, 0x2B53, 0xAB4B, 0x6A5B, 0x2842, 0x4C75, 0xEDAF, 0xEBAF, 0xECAF, 0xEDA7, 0xED9F, 0xAEB7, 0xFBEF, 0xDFFF, 
  0xFEFF, 0xD5CF, 0xED9F, 0xEF9F, 0xEF9F, 0xEF9F, 0xEE97, 0xCEA7, 0xFBF7, 0xFFFF, 0xFFFF, 0xFDFF, 0xCFAF, 0xED97, 0xEF9F, 0xEF97, 
  0xCE9F, 0xD9E7, 0xFFFF, 0xCFCF, 0xE2F7, 0xE0FF, 0xE0FF, 0xE0FF, 0xE0FF, 0xE0FF, 0xE0FF, 0xE0FF, 0xE0FF, 0xE0FF, 0xE0FF, 0xE0FF, 
  0xE0FF, 0xE0FF, 0xE0FF, 0xE0FF, 0xE0FF, 0xE0FF, 0xE0FF, 0xE0FF, 0xE0FF, 0xE0FF, 0xE0FF, 0xE0FF, 0xE0FF, 0xE0FF, 0xE0FF, 0xE0FF, 
  0xE0FF, 0xE0FF, 0xE0FF, 0xE0FF, 0xE0FF, 0xE0FF, 0xE0FF, 0xE0FF, 0xE0FF, 0xE0FF, 0xE0FF, 0xE0FF, 0xE0FF, 0xE0FF, 0xE0FF, 0xE0FF, 
  0xE0FF, 0xE0FF, 0xE0FF, 0xE0FF, 0xE0FF, 0xE0FF, 0xE0FF, 0xE0FF, 0xE0FF, 0xE0FF, 0xE0FF, 0xE0FF, 0xE0FF, 0xE0FF, 0xE0FF, 0xE0FF, 
  0xE0FF, 0xE0FF, 0xE0FF, 0xE0FF, 0xE0FF, 0xE0FF, 0xE0FF, 0xE0FF, 0xE0FF, 0xE0FF, 0xE0FF, 0xE0FF, 0xE0FF, 0xE0FF, 0xE0FF, 0xE0FF, 
  0xE0FF, 0xE0FF, 0xE0FF, 0xE0FF, 0xE0FF, 0xC0FF, 0xE0FF, 0xC0FF, 0xE0FF, 0xE1FF, 0xABCF, 0xFCF7, 0xF7D7, 0xED8E, 0x694B, 0xEA4A, 
  0x4842, 0xA94A, 0xA942, 0xCA4A, 0xCA4A, 0xE942, 0xA94A, 0xC94A, 0x4B53, 0xAC63, 0xE94A, 0xEA4A, 0x6842, 0xC94A, 0xCA4A, 0x483A, 
  0xC94A, 0x2A53, 0x6842, 0x693A, 0xCC75, 0x6D86, 0xA94A, 0x2A53, 0xC952, 0xEA52, 0x2A4B, 0xCC75, 0x4F97, 0xC842, 0x294B, 0x5097, 
  0x4D6D, 0xA842, 0x0A53, 0xAA4A, 0x4742, 0x894A, 0xEA4A, 0x6B53, 0x0A53, 0x4942, 0xE94A, 0xCF97, 0xF5CF, 0xFFFF, 0xFFFF, 0xFEFF, 
  0xD2AF, 0xEE9F, 0x6F8E, 0x2A4B, 0x0843, 0x094B, 0x2743, 0xB1A6, 0xFBEF, 0xD2C7, 0xCAA7, 0xECAF, 0xCC85, 0x2732, 0x6842, 0xA942, 
  0xCA52, 0xEA52, 0x8942, 0xA94A, 0x0A53, 0x2A4B, 0xAB5B, 0x8C5B, 0x8942, 0x6942, 0xEA4A, 0x2A53, 0xEA4A, 0x4942, 0xAA4A, 0xAC5B, 
  0x8B5B, 0xEA53, 0xAF9F, 0xD0B7, 0xFEFF, 0xFFFF, 0xFFFF, 0xFFFF, 0xD8DF, 0xEEA7, 0xEC64, 0x2843, 0x909F, 0xEF9F, 0xC953, 0x2842, 
  0x8953, 0x2D64, 0xA942, 0xA94A, 0xE94A, 0xAE86, 0xF9E7, 0xD5CF, 0xEF97, 0xAB64, 0x6842, 0xEA4A, 0xC94A, 0xEA4A, 0xA94A, 0x8842, 
  0xAA4A, 0x0A53, 0xC942, 0x0B53, 0x2A4B, 0x0B64, 0xEB52, 0x2843, 0x4D97, 0xECAF, 0xCBAF, 0xEBAF, 0xEE9F, 0xCD9F, 0xD4CF, 0xFFFF, 
  0xFFFF, 0xFBEF, 0xEEA7, 0xEE9F, 0xEF97, 0xEF9F, 0xEF97, 0xCFAF, 0xFBF7, 0xFFFF, 0xFFFF, 0xFFFF, 0xD0BF, 0xEE97, 0xEF9F, 0xEF97, 
  0xCE9F, 0xD8DF, 0xFFFF, 0xD2D7, 0xE3EF, 0xE0FF, 0xE0FF, 0xE0FF, 0xE0FF, 0xE0FF, 0xE0FF, 0xE0FF, 0xE0FF, 0xE0FF, 0xE0FF, 0xE0FF, 
  0xE0FF, 0xE0FF, 0xE0FF, 0xE0FF, 0xE0FF, 0xE0FF, 0xE0FF, 0xE0FF, 0xE0FF, 0xE0FF, 0xE0FF, 0xE0FF, 0xE0FF, 0xE0FF, 0xE0FF, 0xE0FF, 
  0xE0FF, 0xE0FF, 0xE0FF, 0xE0FF, 0xE0FF, 0xE0FF, 0xE0FF, 0xE0FF, 0xE0FF, 0xE0FF, 0xE0FF, 0xE0FF, 0xE0FF, 0xE0FF, 0xE0FF, 0xE0FF, 
  0xE0FF, 0xE0FF, 0xE0FF, 0xE0FF, 0xE0FF, 0xE0FF, 0xE0FF, 0xE0FF, 0xE0FF, 0xE0FF, 0xE0FF, 0xE0FF, 0xE0FF, 0xE0FF, 0xE0FF, 0xE0FF, 
  0xE0FF, 0xE0FF, 0xE0FF, 0xE0FF, 0xE0FF, 0xE0FF, 0xE0FF, 0xE0FF, 0xE0FF, 0xE0FF, 0xE0FF, 0xE0FF, 0xE0FF, 0xE0FF, 0xE0FF, 0xE0FF, 
  0xE0FF, 0xE0FF, 0xE0FF, 0xE0FF, 0xE0FF, 0xE0FF, 0xE0FF, 0xC0FF, 0xE0FF, 0xE3EF, 0xB1CF, 0xFDF7, 0xF2BF, 0xA95C, 0x683A, 0x0A4B, 
  0x894A, 0xC94A, 0xEA4A, 0x0B53, 0xEA52, 0x4B53, 0x8942, 0xC94A, 0x673A, 0xC842, 0xE94A, 0xC94A, 0x6B5B, 0x8C5B, 0x0A4B, 0x2A53, 
  0x2A53, 0x2A53, 0xC94A, 0x0B4B, 0x8B6D, 0x4F97, 0x294B, 0x2B53, 0x8842, 0xC94A, 0xE942, 0x6E8E, 0xEC75, 0x683A, 0xCA53, 0x6F97, 
  0xA953, 0x4B53, 0x294B, 0x0A53, 0xE942, 0xC942, 0xCA52, 0x2B53, 0xCA4A, 0xE739, 0xEB6C, 0xEE9F, 0xD7DF, 0xFFFF, 0xFFFF, 0xD6DF, 
  0xCF9F, 0x509F, 0x8843, 0xE942, 0x0A4B, 0x0A4B, 0x8942, 0x8743, 0x13BF, 0xFBEF, 0xACAF, 0xECAF, 0x6C8E, 0xC942, 0xEA4A, 0xC842, 
  0x8842, 0xA94A, 0x4842, 0x694A, 0xA94A, 0x0A4B, 0x2A53, 0x8942, 0xAA4A, 0x8942, 0xA94A, 0xCA4A, 0xA94A, 0x073A, 0xA94A, 0x2A53, 
  0x683A, 0xC94B, 0xCF9F, 0xD1BF, 0xFFFF, 0xFFFF, 0xFFFF, 0xFFFF, 0xD7D7, 0xEFA7, 0x4A5C, 0x483A, 0x8B75, 0xD0A7, 0x4A4B, 0x6942, 
  0x6742, 0x094B, 0x883A, 0x0842, 0x8B64, 0xD0A7, 0xFAEF, 0xD4C7, 0xEF9F, 0xEC6C, 0x894A, 0x8942, 0xA94A, 0xE94A, 0x4A5B, 0x2A53, 
  0x0A4B, 0x2B53, 0xC94A, 0x8942, 0x0A4B, 0xC842, 0x894A, 0xA942, 0x4C6D, 0xEEAF, 0xEBAF, 0xEBA7, 0xECA7, 0xCF9F, 0xCFAF, 0xFBEF, 
  0xFFFF, 0xFEFF, 0xD2BF, 0xED9F, 0xEF97, 0xEF9F, 0xEE97, 0xCEAF, 0xFBF7, 0xFFFF, 0xFFFF, 0xFFFF, 0xD1BF, 0xED97, 0xEF9F, 0xEF97, 
  0xCE9F, 0xF7DF, 0xFFFF, 0xB4D7, 0xC4EF, 0xE0FF, 0xE0FF, 0xE0FF, 0xE0FF, 0xE0FF, 0xE0FF, 0xE0FF, 0xE0FF, 0xE0FF, 0xE0FF, 0xE0FF, 
  0xE0FF, 0xE0FF, 0xE0FF, 0xE0FF, 0xE0FF, 0xE0FF, 0xE0FF, 0xE0FF, 0xE0FF, 0xE0FF, 0xE0FF, 0xE0FF, 0xE0FF, 0xE0FF, 0xE0FF, 0xE0FF, 
  0xE0FF, 0xE0FF, 0xE0FF, 0xE0FF, 0xE0FF, 0xE0FF, 0xE0FF, 0xE0FF, 0xE0FF, 0xE0FF, 0xE0FF, 0xE0FF, 0xE0FF, 0xE0FF, 0xE0FF, 0xE0FF, 
  0xE0FF, 0xE0FF, 0xE0FF, 0xE0FF, 0xE0FF, 0xE0FF, 0xE0FF, 0xE0FF, 0xE0FF, 0xE0FF, 0xE0FF, 0xE0FF, 0xE0FF, 0xE0FF, 0xE0FF, 0xE0FF, 
  0xE0FF, 0xE0FF, 0xE0FF, 0xE0FF, 0xE0FF, 0xE0FF, 0xE0FF, 0xE0FF, 0xE0FF, 0xE0FF, 0xE0FF, 0xE0FF, 0xE0FF, 0xE0FF, 0xE0FF, 0xE0FF, 
  0xE0FF, 0xE0FF, 0xE0FF, 0xE0FF, 0xE0FF, 0xE0FF, 0xE0FF, 0xC0FF, 0xE0FF, 0xC6D7, 0xD9DF, 0xFADF, 0x6F9F, 0x8A5B, 0x0A53, 0xCA4A, 
  0xA94A, 0xC942, 0xE942, 0x0A4B, 0x0A4B, 0x6B5B, 0xEA4A, 0xC94A, 0xE94A, 0xC94A, 0xEA52, 0x0A53, 0x0A53, 0x0A4B, 0xE942, 0x6B5B, 
  0x2A53, 0x4A53, 0xC94A, 0xCA42, 0x8C75, 0xF0A7, 0x2A54, 0x4B53, 0x2B53, 0x4A53, 0x2943, 0xCF96, 0xAB5C, 0xA942, 0xCE7D, 0x6D86, 
  0x0943, 0x0A4B, 0x2A4B, 0x4A53, 0xEB52, 0xA942, 0x2A53, 0xEA52, 0xC942, 0xAA53, 0x6E97, 0xD1BF, 0xDEFF, 0xFFFF, 0xF9D7, 0xAE9F, 
  0xF09F, 0xAA5C, 0xE942, 0x4A53, 0x4C5B, 0x0B53, 0xEA4A, 0x273A, 0xCB74, 0xFBF7, 0xD3C7, 0xEBAF, 0x8E9F, 0xAA53, 0xCA4A, 0xA84A, 
  0x0A4B, 0x6842, 0xA94A, 0xC94A, 0xEA4A, 0xE94A, 0xC842, 0x473A, 0x6842, 0xA94A, 0x6942, 0x283A, 0x6842, 0x8942, 0xC94A, 0x8842, 
  0x6842, 0x0A5C, 0xEFA7, 0xD2BF, 0xFFFF, 0xFFFF, 0xFFFF, 0xFFFF, 0xD5CF, 0x8F9F, 0x8853, 0x293A, 0xC953, 0xCF96, 0xC942, 0x6B53, 
  0xEA52, 0x4842, 0x894A, 0x0A53, 0xAE86, 0xF1B7, 0xFCF7, 0xB1AF, 0xEF9F, 0x4A5C, 0xC731, 0x894A, 0x6842, 0xC94A, 0xCD6B, 0x2A4B, 
  0x4B53, 0x2A53, 0xE952, 0xA94A, 0x2B53, 0xA94A, 0x484A, 0xAA4A, 0xC942, 0xEE96, 0xEBAF, 0xEBA7, 0xECAF, 0xEEA7, 0xCC9F, 0xD5D7, 
  0xFFFF, 0xFFFF, 0xF7E7, 0xCD9F, 0xEE97, 0xEF9F, 0xEE97, 0xCEAF, 0xFBF7, 0xFFFF, 0xFFFF, 0xFFFF, 0xD1BF, 0xED97, 0xEF9F, 0xEF97, 
  0xCE9F, 0xD5D7, 0xFFFF, 0xB6DF, 0xC5EF, 0xE0FF, 0xE0FF, 0xE0FF, 0xE0FF, 0xE0FF, 0xE0FF, 0xE0FF, 0xE0FF, 0xE0FF, 0xE0FF, 0xE0FF, 
  0xE0FF, 0xE0FF, 0xE0FF, 0xE0FF, 0xE0FF, 0xE0FF, 0xE0FF, 0xE0FF, 0xE0FF, 0xE0FF, 0xE0FF, 0xE0FF, 0xE0FF, 0xE0FF, 0xE0FF, 0xE0FF, 
  0xE0FF, 0xE0FF, 0xE0FF, 0xE0FF, 0xE0FF, 0xE0FF, 0xE0FF, 0xE0FF, 0xE0FF, 0xE0FF, 0xE0FF, 0xE0FF, 0xE0FF, 0xE0FF, 0xE0FF, 0xE0FF, 
  0xE0FF, 0xE0FF, 0xE0FF, 0xE0FF, 0xE0FF, 0xE0FF, 0xE0FF, 0xE0FF, 0xE0FF, 0xE0FF, 0xE0FF, 0xE0FF, 0xE0FF, 0xE0FF, 0xE0FF, 0xE0FF, 
  0xE0FF, 0xE0FF, 0xE0FF, 0xE0FF, 0xE0FF, 0xE0FF, 0xE0FF, 0xE0FF, 0xE0FF, 0xE0FF, 0xE0FF, 0xE0FF, 0xE0FF, 0xE0FF, 0xE0FF, 0xE0FF, 
  0xE0FF, 0xE0FF, 0xE0FF, 0xE0FF, 0xC0FF, 0xE0FF, 0xE0FF, 0xE0FF, 0xC2FF, 0xCDC7, 0xFDF7, 0xF5CF, 0x8B6D, 0xE94A, 0x0A53, 0xA94A, 
  0xA842, 0x6E74, 0x8A53, 0xE842, 0x2A4B, 0x094B, 0x2B53, 0xEA4A, 0xCA4A, 0xEA52, 0xC94A, 0x8842, 0x884A, 0xA842, 0x0A4B, 0xA842, 
  0x4A53, 0x0A4B, 0xC94A, 0x894A, 0x4A5C, 0xF1AF, 0xCA5C, 0xA942, 0x2B53, 0xAB5B, 0x894B, 0xAF96, 0xEB5B, 0x2943, 0x8D86, 0x4B64, 
  0x6B4B, 0xAC5B, 0xE952, 0x0A4B, 0xA94A, 0xCA52, 0x683A, 0x2A4B, 0xCB64, 0x2E9F, 0xD4BF, 0xFCF7, 0xFBEF, 0xD4C7, 0xAE9F, 0xEF9F, 
  0x0F8F, 0x894B, 0x0A53, 0x094B, 0xA842, 0x8842, 0x683A, 0x894A, 0xAA64, 0xF9E7, 0xB6D7, 0xCAA7, 0xEDAF, 0x4C6D, 0x6842, 0xAA52, 
  0x6942, 0x683A, 0x0A53, 0x2A4B, 0xE94A, 0xAB53, 0x8F74, 0x4A53, 0xC94A, 0xC94A, 0x894A, 0x894A, 0xCA52, 0xEA4A, 0xC94A, 0xEA52, 
  0x6942, 0x2A5C, 0xEFA7, 0xB2B7, 0xFFFF, 0xFFFF, 0xFFFF, 0xFFFF, 0xF2BF, 0xCE8E, 0x094B, 0xEB52, 0x6A53, 0x2C75, 0x0A4B, 0xAB53, 
  0x4A53, 0x894A, 0x4942, 0x8A5C, 0xEF97, 0xD4CF, 0xFBEF, 0xAF9F, 0xF0A7, 0xE95B, 0x083A, 0x8942, 0x6842, 0x894A, 0xC94A, 0xA942, 
  0xA942, 0x6842, 0x894A, 0x6942, 0x8842, 0x894A, 0x063A, 0x884A, 0x4842, 0x6A5C, 0xEEAF, 0xEBA7, 0xECAF, 0xECA7, 0xEC9F, 0xCFB7, 
  0xFCEF, 0xFFFF, 0xFDFF, 0xCFB7, 0xEE9F, 0xEF9F, 0xEE97, 0xCEAF, 0xFBF7, 0xFFFF, 0xFFFF, 0xFEFF, 0xD0BF, 0xED97, 0xEF9F, 0xEF97, 
  0xED9F, 0xF5DF, 0xFFFF, 0xD8E7, 0xC5E7, 0xE0FF, 0xE0FF, 0xE0FF, 0xE0FF, 0xE0FF, 0xE0FF, 0xE0FF, 0xE0FF, 0xE0FF, 0xE0FF, 0xE0FF, 
  0xE0FF, 0xE0FF, 0xE0FF, 0xE0FF, 0xE0FF, 0xE0FF, 0xE0FF, 0xE0FF, 0xE0FF, 0xE0FF, 0xE0FF, 0xE0FF, 0xE0FF, 0xE0FF, 0xE0FF, 0xE0FF, 
  0xE0FF, 0xE0FF, 0xE0FF, 0xE0FF, 0xE0FF, 0xE0FF, 0xE0FF, 0xE0FF, 0xE0FF, 0xE0FF, 0xE0FF, 0xE0FF, 0xE0FF, 0xE0FF, 0xE0FF, 0xE0FF, 
  0xE0FF, 0xE0FF, 0xE0FF, 0xE0FF, 0xE0FF, 0xE0FF, 0xE0FF, 0xE0FF, 0xE0FF, 0xE0FF, 0xE0FF, 0xE0FF, 0xE0FF, 0xE0FF, 0xE0FF, 0xE0FF, 
  0xE0FF, 0xE0FF, 0xE0FF, 0xE0FF, 0xE0FF, 0xE0FF, 0xE0FF, 0xE0FF, 0xE0FF, 0xE0FF, 0xE0FF, 0xE0FF, 0xE0FF, 0xE0FF, 0xE0FF, 0xE0FF, 
  0xE0FF, 0xE0FF, 0xE0FF, 0xE0FF, 0xC0FF, 0xE0FF, 0xE0FF, 0xE0FF, 0xC4EF, 0xB4CF, 0xFCF7, 0x2FA7, 0xE742, 0x6942, 0x0843, 0xA94A, 
  0xC94A, 0x8B53, 0x4D64, 0xCC5B, 0x4B53, 0xE94A, 0x0A4B, 0xEA4A, 0x8942, 0xAA4A, 0x8942, 0xA942, 0xEA52, 0xC94A, 0x2A53, 0xEA4A, 
  0xA942, 0xCA4A, 0xC94A, 0x4842, 0x6953, 0xF0A7, 0x4D7E, 0x673A, 0x8942, 0x0A4B, 0xCA53, 0x6F8E, 0xE942, 0x894B, 0x2F86, 0xA842, 
  0x8B53, 0x4A53, 0x894A, 0x4A4B, 0x2943, 0x8A53, 0x6A5C, 0x8D86, 0xEFAF, 0xEDAF, 0xF3CF, 0xB3C7, 0xB0AF, 0xCD97, 0xEFA7, 0x1097, 
  0x4B5C, 0xEC63, 0x6B5B, 0xE94A, 0x0A4B, 0xE94A, 0xA94A, 0xAB5B, 0xAA6D, 0xF9E7, 0xB5D7, 0xCAA7, 0xEBAF, 0xAFA7, 0xA964, 0xC94A, 
  0xEA4A, 0xA942, 0xEA4A, 0x2B53, 0x2A53, 0x2A4B, 0xAB5B, 0xE94A, 0x8842, 0xC94A, 0xA94A, 0xC94A, 0x2A53, 0x2B53, 0xEA52, 0xEA52, 
  0xEB52, 0x295C, 0xEF9F, 0xD0AF, 0xFDF7, 0xFFFF, 0xFFFF, 0xFCF7, 0xF0AF, 0x6D86, 0x8842, 0xA942, 0x2A53, 0x284B, 0xA842, 0xC942, 
  0x094B, 0x094B, 0x884B, 0x0E8F, 0xEE9F, 0xD9E7, 0xF8DF, 0xCE97, 0xD0A7, 0xC95B, 0x8942, 0xEA4A, 0xEA52, 0xEA52, 0xA842, 0xCA4A, 
  0x0B53, 0x6842, 0x894A, 0x483A, 0xC942, 0xA94A, 0xA94A, 0xA942, 0x884A, 0xC942, 0x8E8E, 0xECAF, 0xECAF, 0xEBAF, 0xEDA7, 0xCC9F, 
  0xD6D7, 0xFFFF, 0xFFFF, 0xD4CF, 0xCD9F, 0xEF9F, 0xEE97, 0xCEA7, 0xFBEF, 0xFFFF, 0xFFFF, 0xFCF7, 0xAFB7, 0xEE97, 0xEF9F, 0xEF9F, 
  0xEC9F, 0xF6D7, 0xFFFF, 0xD9EF, 0xC5DF, 0xE0FF, 0xE0FF, 0xE0FF, 0xE0FF, 0xE0FF, 0xE0FF, 0xE0FF, 0xE0FF, 0xE0FF, 0xE0FF, 0xE0FF, 
  0xE0FF, 0xE0FF, 0xE0FF, 0xE0FF, 0xE0FF, 0xE0FF, 0xE0FF, 0xE0FF, 0xE0FF, 0xE0FF, 0xE0FF, 0xE0FF, 0xE0FF, 0xE0FF, 0xE0FF, 0xE0FF, 
  0xE0FF, 0xE0FF, 0xE0FF, 0xE0FF, 0xE0FF, 0xE0FF, 0xE0FF, 0xE0FF, 0xE0FF, 0xE0FF, 0xE0FF, 0xE0FF, 0xE0FF, 0xE0FF, 0xE0FF, 0xE0FF, 
  0xE0FF, 0xE0FF, 0xE0FF, 0xE0FF, 0xE0FF, 0xE0FF, 0xE0FF, 0xE0FF, 0xE0FF, 0xE0FF, 0xE0FF, 0xE0FF, 0xE0FF, 0xE0FF, 0xE0FF, 0xE0FF, 
  0xE0FF, 0xE0FF, 0xE0FF, 0xE0FF, 0xE0FF, 0xE0FF, 0xE0FF, 0xE0FF, 0xE0FF, 0xE0FF, 0xE0FF, 0xE0FF, 0xE0FF, 0xE0FF, 0xE0FF, 0xE0FF, 
  0xE0FF, 0xE0FF, 0xE0FF, 0xE0FF, 0xE0FF, 0xE0FF, 0xE0FF, 0xE0FF, 0xC7CF, 0xDAE7, 0xF9DF, 0x2A6D, 0x273A, 0x8A42, 0x2A53, 0x2A53, 
  0x0A53, 0xE942, 0x8B53, 0x2A4B, 0xA942, 0xEA52, 0x8842, 0xEA4A, 0x8942, 0x8942, 0xEA4A, 0xEA4A, 0x2A4B, 0x2A4B, 0x6B53, 0xEA4A, 
  0x4842, 0x2842, 0x0A53, 0xA94A, 0x0943, 0xAF97, 0x0F97, 0xA842, 0x694A, 0xEA4A, 0x4B64, 0x4D75, 0xC942, 0xEB5B, 0x0B5C, 0xC94A, 
  0x0A53, 0xA842, 0x084B, 0x8B5C, 0xEC75, 0x509F, 0xF0A7, 0xEE9F, 0x6C97, 0x2D8F, 0x0C87, 0x6D8F, 0xF0A7, 0xF1A7, 0x4D7E, 0x2943, 
  0xCA4A, 0xE942, 0x4B53, 0x2B53, 0x0B53, 0x2A53, 0x6C63, 0xCA4B, 0x0F97, 0xFAEF, 0xF0BF, 0xEBAF, 0xEBAF, 0xEBAF, 0xEF9F, 0x4C75, 
  0xA953, 0xA842, 0x0842, 0x894A, 0xCA52, 0x8942, 0xC94A, 0xC94A, 0xA94A, 0xA942, 0xCC63, 0x094B, 0x2A53, 0x0A53, 0x894A, 0x8842, 
  0x683A, 0xAB64, 0xF09F, 0xAEA7, 0xFAEF, 0xFFFF, 0xFFFF, 0xB6DF, 0xF0A7, 0xAC75, 0x894A, 0xEA4A, 0x8A4A, 0x494A, 0x073A, 0x273A, 
  0x4A53, 0xCB64, 0x2F8F, 0xEF9F, 0xAFAF, 0xFCF7, 0xD5CF, 0xEE97, 0x6F9F, 0x2843, 0x8942, 0xC94A, 0xE94A, 0x4B53, 0x094B, 0x0A53, 
  0xEA52, 0x8842, 0x6842, 0xA942, 0x8C5B, 0x0A53, 0xEB4A, 0x0B4B, 0xEA52, 0x283A, 0x8A5C, 0xEFAF, 0xEBA7, 0xEAAF, 0xEDAF, 0xED9F, 
  0xCFB7, 0xFDF7, 0xFFFF, 0xFAEF, 0xCDA7, 0xEE9F, 0xEE97, 0xCEA7, 0xD9E7, 0xFFFF, 0xFFFF, 0xFAEF, 0xAFAF, 0xEF97, 0xEE9F, 0xEF9F, 
  0xEBA7, 0xF6DF, 0xFFFF, 0xFAEF, 0xE5DF, 0xE0FF, 0xE0FF, 0xE0FF, 0xE0FF, 0xE0FF, 0xE0FF, 0xE0FF, 0xE0FF, 0xE0FF, 0xE0FF, 0xE0FF, 
  0xE0FF, 0xE0FF, 0xE0FF, 0xE0FF, 0xE0FF, 0xE0FF, 0xE0FF, 0xE0FF, 0xE0FF, 0xE0FF, 0xE0FF, 0xE0FF, 0xE0FF, 0xE0FF, 0xE0FF, 0xE0FF, 
  0xE0FF, 0xE0FF, 0xE0FF, 0xE0FF, 0xE0FF, 0xE0FF, 0xE0FF, 0xE0FF, 0xE0FF, 0xE0FF, 0xE0FF, 0xE0FF, 0xE0FF, 0xE0FF, 0xE0FF, 0xE0FF, 
  0xE0FF, 0xE0FF, 0xE0FF, 0xE0FF, 0xE0FF, 0xE0FF, 0xE0FF, 0xE0FF, 0xE0FF, 0xE0FF, 0xE0FF, 0xE0FF, 0xE0FF, 0xE0FF, 0xE0FF, 0xE0FF, 
  0xE0FF, 0xE0FF, 0xE0FF, 0xE0FF, 0xE0FF, 0xE0FF, 0xE0FF, 0xE0FF, 0xE0FF, 0xE0FF, 0xE0FF, 0xE0FF, 0xE0FF, 0xE0FF, 0xE0FF, 0xE0FF, 
  0xE0FF, 0xE0FF, 0xE0FF, 0xE0FF, 0xE0FF, 0xE0FF, 0xE0FF, 0xE2F7, 0xAECF, 0xFCF7, 0x73B7, 0x6843, 0x6942, 0xA94A, 0xCA52, 0xC94A, 
  0x4B53, 0xC94A, 0xEA4A, 0x8942, 0x4842, 0x894A, 0xA942, 0x2A53, 0xA842, 0x6B5B, 0x4B5B, 0x6842, 0x2A53, 0x0A53, 0x8842, 0xA94A, 
  0x6629, 0x8739, 0xC94A, 0x2A53, 0x294B, 0x6F9F, 0x2F97, 0xC742, 0x0A4B, 0xE942, 0xE94A, 0xEA52, 0xEA4A, 0x8A53, 0x8A53, 0x0A4B, 
  0x494B, 0xAD7D, 0x4F97, 0xEF9F, 0xEF9F, 0xAD8F, 0x0B87, 0xEC86, 0xEC96, 0x8D9F, 0xEF9F, 0xB09F, 0x0D86, 0xEA53, 0x673A, 0x0842, 
  0xCA4A, 0x094B, 0xC94A, 0x694A, 0x6842, 0xC942, 0xC942, 0x8C75, 0xF1B7, 0xD3CF, 0xEBA7, 0xEBAF, 0xEBA7, 0xCBAF, 0xCCAF, 0xEDAF, 
  0x8E9F, 0x6B75, 0x284B, 0xE639, 0x083A, 0xA94A, 0x0A53, 0xEA4A, 0x2B53, 0x4B5B, 0xC94A, 0xE94A, 0x0A4B, 0x6942, 0x8842, 0x094B, 
  0x4A5C, 0x4F97, 0xEE9F, 0xAFAF, 0xFAEF, 0xFEFF, 0xF7DF, 0xF0AF, 0x4F97, 0x894B, 0x494A, 0x473A, 0x094B, 0x694B, 0x2A54, 0xCC7D, 
  0x0F97, 0xEE9F, 0xF097, 0xCF97, 0xB0BF, 0xFCF7, 0xB3BF, 0xEE9F, 0x0E8F, 0xC942, 0xCA4A, 0xA94A, 0x0A4B, 0x4B53, 0xEA4A, 0xA942, 
  0xA942, 0x2A53, 0x4B53, 0xA942, 0xEA4A, 0xCA4A, 0x8942, 0xEA4A, 0xC94A, 0xEB52, 0x094B, 0xAD8E, 0xEDA7, 0xCAAF, 0xEBAF, 0xEDA7, 
  0xCDA7, 0xD6D7, 0xFFFF, 0xFEFF, 0xD1BF, 0xEC9F, 0xEF9F, 0xEE97, 0xD5D7, 0xFFFF, 0xFFFF, 0xF9EF, 0xCDA7, 0xEE97, 0xEF9F, 0xEE9F, 
  0xCCA7, 0xD7E7, 0xFFFF, 0xFBF7, 0xC6E7, 0xE0FF, 0xE0FF, 0xE0FF, 0xE0FF, 0xE0FF, 0xE0FF, 0xE0FF, 0xE0FF, 0xE0FF, 0xE0FF, 0xE0FF, 
  0xE0FF, 0xE0FF, 0xE0FF, 0xE0FF, 0xE0FF, 0xE0FF, 0xE0FF, 0xE0FF, 0xE0FF, 0xE0FF, 0xE0FF, 0xE0FF, 0xE0FF, 0xE0FF, 0xE0FF, 0xE0FF, 
  0xE0FF, 0xE0FF, 0xE0FF, 0xE0FF, 0xE0FF, 0xE0FF, 0xE0FF, 0xE0FF, 0xE0FF, 0xE0FF, 0xE0FF, 0xE0FF, 0xE0FF, 0xE0FF, 0xE0FF, 0xE0FF, 
  0xE0FF, 0xE0FF, 0xE0FF, 0xE0FF, 0xE0FF, 0xE0FF, 0xE0FF, 0xE0FF, 0xE0FF, 0xE0FF, 0xE0FF, 0xE0FF, 0xE0FF, 0xE0FF, 0xE0FF, 0xE0FF, 
  0xE0FF, 0xE0FF, 0xE0FF, 0xE0FF, 0xE0FF, 0xE0FF, 0xE0FF, 0xE0FF, 0xE0FF, 0xE0FF, 0xE0FF, 0xE0FF, 0xE0FF, 0xE0FF, 0xE0FF, 0xE0FF, 
  0xE0FF, 0xE0FF, 0xE0FF, 0xE0FF, 0xE0FF, 0xE0FF, 0xE0FF, 0xC5DF, 0xB7D7, 0xFDEF, 0xCE7D, 0xC84A, 0x2B63, 0xCA4A, 0x0943, 0xC942, 
  0x4B53, 0x0A4B, 0xA94A, 0x8942, 0x894A, 0x6842, 0x0A53, 0xC94A, 0x8842, 0xEA4A, 0x8842, 0x8842, 0xA942, 0xC942, 0x0A4B, 0x0A53, 
  0x6842, 0x0842, 0xAA4A, 0xA842, 0x484B, 0xAF9F, 0xEF8E, 0xE94A, 0x2B53, 0x0A4B, 0x8942, 0x6842, 0x6842, 0x6B53, 0xCA53, 0x0C65, 
  0x2F97, 0xEF9F, 0xEE9F, 0xD1AF, 0xB3C7, 0xB5CF, 0xD4C7, 0xF0BF, 0xEDB7, 0x4D9F, 0x8C7D, 0x8953, 0xE739, 0xE739, 0x8942, 0x2A4B, 
  0x294B, 0x294B, 0x094B, 0xA94A, 0x4B53, 0xEA4A, 0xEA53, 0xCFA7, 0xCCAF, 0xEAAF, 0xEBAF, 0xECA7, 0xEBAF, 0xCCAF, 0xD2CF, 0xF6DF, 
  0xD4CF, 0xF1B7, 0x6E9F, 0xEC85, 0x295C, 0x494B, 0x6B53, 0x2A4B, 0x0A4B, 0xA94A, 0x4842, 0xEB52, 0xCB5B, 0xE953, 0xAC75, 0x2F97, 
  0xF0A7, 0xEE9F, 0xED9F, 0xEDAF, 0xD2C7, 0xB2B7, 0xED9F, 0x2D8F, 0x474C, 0x084C, 0x4B6D, 0x0C7E, 0xED8E, 0xADA7, 0xEDAF, 0xEDAF, 
  0xECAF, 0xEDA7, 0xEE97, 0xED9F, 0xD0B7, 0xFBEF, 0xD0AF, 0xEF9F, 0x6D86, 0xA942, 0x0A53, 0x0A53, 0xC94A, 0x6942, 0x6842, 0xA94A, 
  0xA94A, 0x0A4B, 0xC94A, 0xEA52, 0xA94A, 0xA94A, 0x894A, 0xA94A, 0x894A, 0xCA4A, 0x483A, 0x295C, 0xEFA7, 0xCBAF, 0xEBAF, 0xECA7, 
  0xEC9F, 0xB0B7, 0xFDF7, 0xFFFF, 0xF6DF, 0xCDA7, 0xEE9F, 0xED97, 0xD1BF, 0xFDFF, 0xFFFF, 0xF9E7, 0xCDA7, 0xEE97, 0xEF9F, 0xED9F, 
  0xCCAF, 0xD8E7, 0xFFFF, 0xFCF7, 0xC8E7, 0xE0FF, 0xE0FF, 0xE0FF, 0xE0FF, 0xE0FF, 0xE0FF, 0xE0FF, 0xE0FF, 0xE0FF, 0xE0FF, 0xE0FF, 
  0xE0FF, 0xE0FF, 0xE0FF, 0xE0FF, 0xE0FF, 0xE0FF, 0xE0FF, 0xE0FF, 0xE0FF, 0xE0FF, 0xE0FF, 0xE0FF, 0xE0FF, 0xE0FF, 0xE0FF, 0xE0FF, 
  0xE0FF, 0xE0FF, 0xE0FF, 0xE0FF, 0xE0FF, 0xE0FF, 0xE0FF, 0xE0FF, 0xE0FF, 0xE0FF, 0xE0FF, 0xE0FF, 0xE0FF, 0xE0FF, 0xE0FF, 0xE0FF, 
  0xE0FF, 0xE0FF, 0xE0FF, 0xE0FF, 0xE0FF, 0xE0FF, 0xE0FF, 0xE0FF, 0xE0FF, 0xE0FF, 0xE0FF, 0xE0FF, 0xE0FF, 0xE0FF, 0xE0FF, 0xE0FF, 
  0xE0FF, 0xE0FF, 0xE0FF, 0xE0FF, 0xE0FF, 0xE0FF, 0xE0FF, 0xE0FF, 0xE0FF, 0xE0FF, 0xE0FF, 0xE0FF, 0xE0FF, 0xE0FF, 0xE0FF, 0xE0FF, 
  0xE0FF, 0xE0FF, 0xE0FF, 0xE0FF, 0xC0FF, 0xE0FF, 0xE1FF, 0xABD7, 0xFCEF, 0xD6CF, 0x094C, 0xCA4A, 0xC952, 0xA942, 0xAB53, 0x6B53, 
  0x683A, 0x2B53, 0xEA4A, 0xA94A, 0xA94A, 0x2A53, 0xEA4A, 0x6842, 0x4842, 0x684A, 0xC94A, 0xEA4A, 0xC94A, 0x4B53, 0x2A4B, 0x4B53, 
  0x6B5B, 0xEA52, 0xC94A, 0x0A53, 0x0C6D, 0xF1A7, 0x895C, 0x683A, 0x4B53, 0xAC5B, 0xC842, 0x084B, 0x4A5C, 0x0D7E, 0x6E9F, 0xEFAF, 
  0xECA7, 0xCBA7, 0xCFBF, 0xD4D7, 0xF3CF, 0xF2C7, 0xD2B7, 0x4D96, 0x8B64, 0xE942, 0x273A, 0xE842, 0x4A5C, 0x0F8E, 0xF0A6, 0x50AF, 
  0xEF9E, 0xAC7D, 0x8B64, 0xC83A, 0x6842, 0x6842, 0x6E86, 0xEEA7, 0xEAA7, 0xEBAF, 0xECAF, 0xEBAF, 0xECAF, 0xEBAF, 0xCEAF, 0xD8DF, 
  0xFEFF, 0xFEF7, 0xFAE7, 0xF6CF, 0xF1BF, 0x4FA7, 0x4D8E, 0xAC6D, 0xEA5C, 0xEC64, 0x0A54, 0x4954, 0xCB6D, 0xCF9F, 0xEF9F, 0xEE9F, 
  0xCD97, 0xCD97, 0xEE97, 0xED97, 0xCD97, 0xEC97, 0xCE9F, 0x4F9F, 0x51AF, 0xF4CF, 0xF6D7, 0xF4CF, 0xEDAF, 0xEBA7, 0xEBA7, 0xCBAF, 
  0xCBAF, 0xECAF, 0xED9F, 0xED9F, 0xCFB7, 0xF9EF, 0xCFA7, 0xF09F, 0xAC75, 0x8842, 0x2B5B, 0x473A, 0x6842, 0x6942, 0xCA52, 0xA94A, 
  0xA94A, 0xE94A, 0xC942, 0xCA4A, 0xA94A, 0x483A, 0x894A, 0x0A53, 0x6842, 0xC94A, 0xEB52, 0xA84A, 0xCE8E, 0xEDAF, 0xCBAF, 0xECAF, 
  0xED9F, 0xCDA7, 0xD3CF, 0xFFFF, 0xFCF7, 0xCFB7, 0xED9F, 0xEE97, 0xCEA7, 0xF9EF, 0xFFFF, 0xFAEF, 0xCDA7, 0xEE97, 0xEF9F, 0xEC9F, 
  0xCDAF, 0xF9E7, 0xFFFF, 0xFCFF, 0xC8EF, 0xE0FF, 0xE0FF, 0xE0FF, 0xE0FF, 0xE0FF, 0xE0FF, 0xE0FF, 0xE0FF, 0xE0FF, 0xE0FF, 0xE0FF, 
  0xE0FF, 0xE0FF, 0xE0FF, 0xE0FF, 0xE0FF, 0xE0FF, 0xE0FF, 0xE0FF, 0xE0FF, 0xE0FF, 0xE0FF, 0xE0FF, 0xE0FF, 0xE0FF, 0xE0FF, 0xE0FF, 
  0xE0FF, 0xE0FF, 0xE0FF, 0xE0FF, 0xE0FF, 0xE0FF, 0xE0FF, 0xE0FF, 0xE0FF, 0xE0FF, 0xE0FF, 0xE0FF, 0xE0FF, 0xE0FF, 0xE0FF, 0xE0FF, 
  0xE0FF, 0xE0FF, 0xE0FF, 0xE0FF, 0xE0FF, 0xE0FF, 0xE0FF, 0xE0FF, 0xE0FF, 0xE0FF, 0xE0FF, 0xE0FF, 0xE0FF, 0xE0FF, 0xE0FF, 0xE0FF, 
  0xE0FF, 0xE0FF, 0xE0FF, 0xE0FF, 0xE0FF, 0xE0FF, 0xE0FF, 0xE0FF, 0xE0FF, 0xE0FF, 0xE0FF, 0xE0FF, 0xE0FF, 0xE0FF, 0xE0FF, 0xE0FF, 
  0xE0FF, 0xE0FF, 0xE0FF, 0xE0FF, 0xE0FF, 0xC0FF, 0xE2EF, 0xB2D7, 0xFCFF, 0x4F96, 0x084B, 0x4B4B, 0x4B53, 0x294B, 0x2B53, 0xAC5B, 
  0x0A4B, 0x0A53, 0x0A53, 0xEA4A, 0xC94A, 0xEA4A, 0xA942, 0x6842, 0x894A, 0x894A, 0xA94A, 0xEA4A, 0xE94A, 0xEA4A, 0xC94A, 0x0A4B, 
  0xE94A, 0xE94A, 0xEC63, 0x8843, 0x3097, 0x4D86, 0xC742, 0x0A53, 0x2A4B, 0x4A4B, 0xAD6C, 0xB096, 0xD0A7, 0xF0A7, 0xEFA7, 0xEFA7, 
  0xEEA7, 0xEEA7, 0xEFA7, 0xCF9F, 0x0E8F, 0xAC75, 0x0743, 0xA63A, 0x0A53, 0x883A, 0xAA6C, 0x11A7, 0xF5CF, 0xF5D7, 0xF3CF, 0xD1C7, 
  0xF0BF, 0xEFBF, 0xCDA7, 0xCB7D, 0x884A, 0xAA42, 0x6D7E, 0xEEAF, 0xCBA7, 0xEBAF, 0xECAF, 0xE9A7, 0xEBAF, 0xECAF, 0xEAA7, 0xCBA7, 
  0xCFBF, 0xD5D7, 0xF9EF, 0xFCFF, 0xFEFF, 0xFBF7, 0xF7DF, 0xF6D7, 0xF5CF, 0xD4C7, 0xB5C7, 0xF6CF, 0xF6CF, 0xF6CF, 0xD6CF, 0xD7D7, 
  0xD7D7, 0xD6CF, 0xF5CF, 0xD7CF, 0xD6CF, 0xF6CF, 0xD8D7, 0xFAE7, 0xF9EF, 0xF6D7, 0xD1C7, 0xCCAF, 0xEBA7, 0xEBA7, 0xECAF, 0xECAF, 
  0xEBAF, 0xECA7, 0xEE9F, 0xED9F, 0xCFB7, 0xD8E7, 0xAEA7, 0xF09F, 0x2D75, 0xC94A, 0x6842, 0x8842, 0xEA52, 0xCA4A, 0xEA52, 0xC94A, 
  0xC94A, 0x2A53, 0x4B53, 0xC942, 0xEA4A, 0xC94A, 0x8942, 0xCA4A, 0xEA4A, 0x6842, 0x6842, 0x073A, 0x2954, 0xEEA7, 0xEBAF, 0xEBAF, 
  0xECA7, 0xEE9F, 0xCCA7, 0xF9E7, 0xFFFF, 0xD2C7, 0xEC9F, 0xF097, 0xED9F, 0xD4D7, 0xFFFF, 0xFCF7, 0xCEAF, 0xEE9F, 0xEF97, 0xEC9F, 
  0xCDAF, 0xDAE7, 0xFFFF, 0xFDFF, 0xC7EF, 0xC0FF, 0xE0FF, 0xE0FF, 0xE0FF, 0xE0FF, 0xE0FF, 0xE0FF, 0xE0FF, 0xE0FF, 0xE0FF, 0xE0FF, 
  0xE0FF, 0xE0FF, 0xE0FF, 0xE0FF, 0xE0FF, 0xE0FF, 0xE0FF, 0xE0FF, 0xE0FF, 0xE0FF, 0xE0FF, 0xE0FF, 0xE0FF, 0xE0FF, 0xE0FF, 0xE0FF, 
  0xE0FF, 0xE0FF, 0xE0FF, 0xE0FF, 0xE0FF, 0xE0FF, 0xE0FF, 0xE0FF, 0xE0FF, 0xE0FF, 0xE0FF, 0xE0FF, 0xE0FF, 0xE0FF, 0xE0FF, 0xE0FF, 
  0xE0FF, 0xE0FF, 0xE0FF, 0xE0FF, 0xE0FF, 0xE0FF, 0xE0FF, 0xE0FF, 0xE0FF, 0xE0FF, 0xE0FF, 0xE0FF, 0xE0FF, 0xE0FF, 0xE0FF, 0xE0FF, 
  0xE0FF, 0xE0FF, 0xE0FF, 0xE0FF, 0xE0FF, 0xE0FF, 0xE0FF, 0xE0FF, 0xE0FF, 0xE0FF, 0xE0FF, 0xE0FF, 0xE0FF, 0xE0FF, 0xE0FF, 0xE0FF, 
  0xE0FF, 0xE0FF, 0xE0FF, 0xE0FF, 0xE0FF, 0xC0FF, 0xC5E7, 0xD8DF, 0xF9DF, 0x0A5C, 0xA942, 0x6C53, 0xAC5B, 0x4A53, 0x2B53, 0x294B, 
  0xEA4A, 0xA942, 0xA94A, 0xA94A, 0x0A4B, 0xE94A, 0xEA4A, 0x2B53, 0x2B53, 0x683A, 0xA942, 0xC94A, 0x2A53, 0xEA52, 0xEA4A, 0xEA4A, 
  0xC94A, 0x0A4B, 0x8A53, 0x8F86, 0xED85, 0xEC53, 0x2A53, 0xC94A, 0xEA52, 0xA842, 0x084B, 0x494B, 0x894B, 0x2954, 0xCB64, 0x4C6D, 
  0xAC75, 0x2C75, 0x4B64, 0x6943, 0xC83A, 0x473A, 0x2843, 0x0C6D, 0xC953, 0x2C86, 0xF3CF, 0xF6DF, 0xB1B7, 0xCC9F, 0xCC97, 0xAD9F, 
  0xCC9F, 0xCDA7, 0xEBA7, 0xECB7, 0x6E96, 0xE942, 0x0B5C, 0xB19F, 0xCE9F, 0xECA7, 0xEEA7, 0xED9F, 0xED9F, 0xCD9F, 0xCDA7, 0xECA7, 
  0xEBA7, 0xCAA7, 0xACAF, 0xAFBF, 0xD3C7, 0xF7DF, 0xDAEF, 0xFDFF, 0xFEFF, 0xFEFF, 0xFDFF, 0xD8E7, 0xF5D7, 0xF5D7, 0xF5D7, 0xF5CF, 
  0xF6D7, 0xF6DF, 0xF5DF, 0xF5DF, 0xF6DF, 0xF6DF, 0xD5CF, 0xD1C7, 0xADB7, 0xCBA7, 0xCBAF, 0xEBB7, 0xEBAF, 0xEBAF, 0xEBAF, 0xEBAF, 
  0xEBAF, 0xECA7, 0xEDA7, 0xEBA7, 0xCEB7, 0xD4CF, 0xCD9F, 0xF09F, 0x2A5C, 0x6842, 0xC94A, 0xEA4A, 0x8842, 0x4842, 0x894A, 0x8942, 
  0xA94A, 0xA94A, 0xC94A, 0x0A53, 0xA94A, 0x8842, 0xC94A, 0xCA4A, 0xC94A, 0x894A, 0xEA52, 0xA942, 0xA842, 0xAE8E, 0xEEAF, 0xEAAF, 
  0xEBAF, 0xEE9F, 0xEC9F, 0xCEB7, 0xFDF7, 0xD8E7, 0xCCA7, 0xEF9F, 0xEE9F, 0xAFB7, 0xFDFF, 0xFEFF, 0xD0BF, 0xED9F, 0xEF97, 0xED9F, 
  0xCCAF, 0xF8E7, 0xFFFF, 0xFEFF, 0xEBF7, 0xC0FF, 0xE0FF, 0xE0FF, 0xE0FF, 0xE0FF, 0xE0FF, 0xE0FF, 0xE0FF, 0xE0FF, 0xE0FF, 0xE0FF, 
  0xE0FF, 0xE0FF, 0xE0FF, 0xE0FF, 0xE0FF, 0xE0FF, 0xE0FF, 0xE0FF, 0xE0FF, 0xE0FF, 0xE0FF, 0xE0FF, 0xE0FF, 0xE0FF, 0xE0FF, 0xE0FF, 
  0xE0FF, 0xE0FF, 0xE0FF, 0xE0FF, 0xE0FF, 0xE0FF, 0xE0FF, 0xE0FF, 0xE0FF, 0xE0FF, 0xE0FF, 0xE0FF, 0xE0FF, 0xE0FF, 0xE0FF, 0xE0FF, 
  0xE0FF, 0xE0FF, 0xE0FF, 0xE0FF, 0xE0FF, 0xE0FF, 0xE0FF, 0xE0FF, 0xE0FF, 0xE0FF, 0xE0FF, 0xE0FF, 0xE0FF, 0xE0FF, 0xE0FF, 0xE0FF, 
  0xE0FF, 0xE0FF, 0xE0FF, 0xE0FF, 0xE0FF, 0xE0FF, 0xE0FF, 0xE0FF, 0xE0FF, 0xE0FF, 0xE0FF, 0xE0FF, 0xE0FF, 0xE0FF, 0xE0FF, 0xE0FF, 
  0xE0FF, 0xE0FF, 0xE0FF, 0xE0FF, 0xE0FF, 0xE0F7, 0xACDF, 0xFEFF, 0x13A7, 0xCA53, 0x2B53, 0xEA4A, 0xA842, 0x8842, 0x4B53, 0x294B, 
  0x8942, 0x0A53, 0xC94A, 0xA942, 0x4B5B, 0x2A53, 0xC94A, 0xEA4A, 0x0A4B, 0x0A4B, 0x2A53, 0xC94A, 0x0A53, 0xA94A, 0x8942, 0xCA4A, 
  0x6C5B, 0xEA4A, 0x0B64, 0xEC6C, 0x894B, 0xED63, 0x0A53, 0xA942, 0x0A4B, 0x2A4B, 0x094B, 0xC94A, 0x8A4A, 0x694A, 0x2842, 0x2842, 
  0x2732, 0x2732, 0xC94A, 0x484B, 0x0B6D, 0xAE8E, 0xD096, 0x6954, 0xAD86, 0xF3C7, 0xF6CF, 0xAFA7, 0xCD97, 0xCFA7, 0xD3BF, 0xD6CF, 
  0xD5CF, 0xD0AF, 0xCD9F, 0xCBA7, 0xEDB7, 0xCB7D, 0xC732, 0x6D6D, 0xEF9F, 0xCE9F, 0xEF97, 0xEF97, 0xEF9F, 0xF0A7, 0xF0A7, 0xF09F, 
  0xF0A7, 0xF0A7, 0xEEA7, 0xECA7, 0xEAA7, 0xCAA7, 0xACAF, 0xAEB7, 0xD0B7, 0xD1BF, 0xD1C7, 0xCDB7, 0xEAA7, 0xE9A7, 0xCBA7, 0xEAA7, 
  0xE9A7, 0xEAA7, 0xCBA7, 0xCBA7, 0xEAA7, 0xEBA7, 0xEAA7, 0xEAA7, 0xEAA7, 0xEBA7, 0xECA7, 0xEBA7, 0xEBA7, 0xEBAF, 0xECAF, 0xECAF, 
  0xEBAF, 0xECAF, 0xECAF, 0xEBA7, 0xEDB7, 0xCEB7, 0xEE9F, 0xCF9F, 0xAA53, 0x6842, 0x0A53, 0x4B53, 0x8842, 0x894A, 0x4842, 0x894A, 
  0x894A, 0x694A, 0xA94A, 0xC94A, 0x8842, 0x8942, 0xEA52, 0x6842, 0xA94A, 0xCA4A, 0xEA4A, 0xA942, 0x684A, 0x4A5C, 0xEFA7, 0xEBA7, 
  0xEBAF, 0xEDA7, 0xEE9F, 0xECA7, 0xD2CF, 0xFAEF, 0xAEAF, 0xED9F, 0xEF9F, 0xCDA7, 0xD8E7, 0xFFFF, 0xF3CF, 0xCC9F, 0xEF9F, 0xEE9F, 
  0xEAAF, 0xD6D7, 0xFFFF, 0xFFFF, 0xF1FF, 0xC0FF, 0xE0FF, 0xE0FF, 0xE0FF, 0xE0FF, 0xE0FF, 0xE0FF, 0xE0FF, 0xE0FF, 0xE0FF, 0xE0FF, 
  0xE0FF, 0xE0FF, 0xE0FF, 0xE0FF, 0xE0FF, 0xE0FF, 0xE0FF, 0xE0FF, 0xE0FF, 0xE0FF, 0xE0FF, 0xE0FF, 0xE0FF, 0xE0FF, 0xE0FF, 0xE0FF, 
  0xE0FF, 0xE0FF, 0xE0FF, 0xE0FF, 0xE0FF, 0xE0FF, 0xE0FF, 0xE0FF, 0xE0FF, 0xE0FF, 0xE0FF, 0xE0FF, 0xE0FF, 0xE0FF, 0xE0FF, 0xE0FF, 
  0xE0FF, 0xE0FF, 0xE0FF, 0xE0FF, 0xE0FF, 0xE0FF, 0xE0FF, 0xE0FF, 0xE0FF, 0xE0FF, 0xE0FF, 0xE0FF, 0xE0FF, 0xE0FF, 0xE0FF, 0xE0FF, 
  0xE0FF, 0xE0FF, 0xE0FF, 0xE0FF, 0xE0FF, 0xE0FF, 0xE0FF, 0xE0FF, 0xE0FF, 0xE0FF, 0xE0FF, 0xE0FF, 0xE0FF, 0xE0FF, 0xE0FF, 0xE0FF, 
  0xE0FF, 0xE0FF, 0xE0FF, 0xE0FF, 0xE0FF, 0xE2E7, 0xB3E7, 0xFDEF, 0x4D75, 0x2A4B, 0xEA4A, 0xA942, 0xEA4A, 0x0A53, 0xEA4A, 0x2B53, 
  0x2A53, 0x8B5B, 0x2A53, 0xA942, 0xC94A, 0x0A53, 0x0A53, 0xE942, 0x0A4B, 0x4B53, 0xC94A, 0xEA4A, 0xA942, 0x6842, 0x8942, 0xCA4A, 
  0xEA52, 0xA94A, 0xC94A, 0xA842, 0x094B, 0x2A53, 0x2B53, 0xA942, 0xAA4A, 0x0A4B, 0xE94A, 0xA94A, 0x894A, 0x8842, 0x6A53, 0xE953, 
  0x4C75, 0xAE8E, 0xCF9F, 0xF0A7, 0xB0A7, 0xED7D, 0x2954, 0xAD86, 0xF1BF, 0xD6DF, 0xCFA7, 0xEE97, 0xD1B7, 0xFBEF, 0xFFFF, 0xFFFF, 
  0xFFFF, 0xFDF7, 0xB4C7, 0xCDA7, 0xEBA7, 0xEDAF, 0xED75, 0x4A43, 0x2D86, 0xEFA7, 0xF09F, 0xF0A7, 0xCE86, 0x2A75, 0x8A64, 0x0A5C, 
  0xA84B, 0x4A54, 0x2B6D, 0xCE8E, 0xAF9F, 0xEEA7, 0xEDAF, 0xECAF, 0xECA7, 0xEC9F, 0xCC9F, 0xED9F, 0xEDA7, 0xECA7, 0xECAF, 0xECAF, 
  0xEBAF, 0xECA7, 0xEDA7, 0xEDA7, 0xECA7, 0xEDA7, 0xEDA7, 0xECA7, 0xED9F, 0xED9F, 0xECA7, 0xECA7, 0xEBA7, 0xEBA7, 0xECAF, 0xECAF, 
  0xEBAF, 0xEBAF, 0xECA7, 0xEBAF, 0xEBAF, 0xED9F, 0xEF9F, 0xEE8E, 0xE94A, 0xCA4A, 0xEA52, 0xEA4A, 0x0A4B, 0xC94A, 0xA94A, 0x0B53, 
  0xC94A, 0xA94A, 0xCA4A, 0x8842, 0x8842, 0xEA52, 0xEA4A, 0xA842, 0xA94A, 0x2842, 0x6842, 0x6942, 0xA942, 0xA73A, 0x6E8E, 0xECAF, 
  0xCBAF, 0xECA7, 0xEDA7, 0xEE9F, 0xEBA7, 0xD2C7, 0xD1BF, 0xCCA7, 0xEE9F, 0xED9F, 0xD2C7, 0xFFFF, 0xD8DF, 0xCCA7, 0xEE9F, 0xEE9F, 
  0xEAA7, 0xD4D7, 0xFFFF, 0xFFFF, 0xF3F7, 0xE0F7, 0xE0FF, 0xE0FF, 0xE0FF, 0xE0FF, 0xE0FF, 0xE0FF, 0xE0FF, 0xE0FF, 0xE0FF, 0xE0FF, 
  0xE0FF, 0xE0FF, 0xE0FF, 0xE0FF, 0xE0FF, 0xE0FF, 0xE0FF, 0xE0FF, 0xE0FF, 0xE0FF, 0xE0FF, 0xE0FF, 0xE0FF, 0xE0FF, 0xE0FF, 0xE0FF, 
  0xE0FF, 0xE0FF, 0xE0FF, 0xE0FF, 0xE0FF, 0xE0FF, 0xE0FF, 0xE0FF, 0xE0FF, 0xE0FF, 0xE0FF, 0xE0FF, 0xE0FF, 0xE0FF, 0xE0FF, 0xE0FF, 
  0xE0FF, 0xE0FF, 0xE0FF, 0xE0FF, 0xE0FF, 0xE0FF, 0xE0FF, 0xE0FF, 0xE0FF, 0xE0FF, 0xE0FF, 0xE0FF, 0xE0FF, 0xE0FF, 0xE0FF, 0xE0FF, 
  0xE0FF, 0xE0FF, 0xE0FF, 0xE0FF, 0xE0FF, 0xE0FF, 0xE0FF, 0xE0FF, 0xE0FF, 0xE0FF, 0xE0FF, 0xE0FF, 0xE0FF, 0xE0FF, 0xE0FF, 0xE0FF, 
  0xE0FF, 0xE0FF, 0xE0FF, 0xE0FF, 0xC0FF, 0xA7DF, 0xFBF7, 0x77C7, 0x6843, 0xCA4A, 0xA942, 0xC94A, 0x0B53, 0x4B5B, 0x0A53, 0xA94A, 
  0xE94A, 0xE94A, 0x2A53, 0xC94A, 0xA942, 0xC94A, 0x8942, 0xE94A, 0x2A53, 0xCA4A, 0xA94A, 0x2A53, 0x2B53, 0xA94A, 0xEA52, 0xA94A, 
  0x483A, 0xA94A, 0xCA52, 0xCA4A, 0xA942, 0x4B53, 0x8842, 0x884A, 0xE94A, 0x4B53, 0xCA52, 0x6942, 0x8A53, 0x6C75, 0x2F9F, 0x909F, 
  0x709F, 0x8D86, 0xAC75, 0x0C6D, 0xC84B, 0xCB64, 0x6F9F, 0xEE9F, 0xB4CF, 0xD4C7, 0xCE97, 0xD1AF, 0xFBE7, 0xFFFF, 0xFEFF, 0xFFFF, 
  0xFFFF, 0xFFFF, 0xFEFF, 0xD4BF, 0xCB9F, 0xECAF, 0x4DA7, 0x0843, 0xE83A, 0xED7D, 0x709F, 0xEB64, 0x8842, 0xC841, 0x273A, 0x894B, 
  0xEA6C, 0xEA6C, 0x0B5C, 0x684B, 0xA953, 0x4B5C, 0xEB64, 0x0D86, 0xCE96, 0xAEAF, 0xEDAF, 0xEDAF, 0xEE9F, 0xEE97, 0xEF97, 0xEE9F, 
  0xEE9F, 0xEE9F, 0xEE9F, 0xEE97, 0xEE97, 0xEF9F, 0xD09F, 0xEF9F, 0xEF97, 0xEF9F, 0xEF9F, 0xEE9F, 0xEEA7, 0xEDA7, 0xECAF, 0xEBAF, 
  0xEBAF, 0xEBAF, 0xEBAF, 0xEBAF, 0xECA7, 0xED9F, 0xF09F, 0xCC7D, 0xC842, 0xE94A, 0xC942, 0x894A, 0x8942, 0xA942, 0xEA4A, 0x0A4B, 
  0x0A4B, 0xEA4A, 0x4B5B, 0xA94A, 0xCA4A, 0xA94A, 0x683A, 0x0A53, 0xEA52, 0x894A, 0x6842, 0x8942, 0x6C5B, 0x094B, 0x4A5C, 0xEFAF, 
  0xEBA7, 0xEBA7, 0xECA7, 0xEE9F, 0xEC9F, 0xCDB7, 0xCEB7, 0xECA7, 0xEF9F, 0xEE9F, 0xCEAF, 0xFBF7, 0xFDF7, 0xCDAF, 0xEE9F, 0xEE9F, 
  0xEBA7, 0xD2C7, 0xFEFF, 0xFFFF, 0xF5F7, 0xE2EF, 0xC0FF, 0xE0FF, 0xE0FF, 0xE0FF, 0xE0FF, 0xE0FF, 0xE0FF, 0xE0FF, 0xE0FF, 0xE0FF, 
  0xE0FF, 0xE0FF, 0xE0FF, 0xE0FF, 0xE0FF, 0xE0FF, 0xE0FF, 0xE0FF, 0xE0FF, 0xE0FF, 0xE0FF, 0xE0FF, 0xE0FF, 0xE0FF, 0xE0FF, 0xE0FF, 
  0xE0FF, 0xE0FF, 0xE0FF, 0xE0FF, 0xE0FF, 0xE0FF, 0xE0FF, 0xE0FF, 0xE0FF, 0xE0FF, 0xE0FF, 0xE0FF, 0xE0FF, 0xE0FF, 0xE0FF, 0xE0FF, 
  0xE0FF, 0xE0FF, 0xE0FF, 0xE0FF, 0xE0FF, 0xE0FF, 0xE0FF, 0xE0FF, 0xE0FF, 0xE0FF, 0xE0FF, 0xE0FF, 0xE0FF, 0xE0FF, 0xE0FF, 0xE0FF, 
  0xE0FF, 0xE0FF, 0xE0FF, 0xE0FF, 0xE0FF, 0xE0FF, 0xE0FF, 0xE0FF, 0xE0FF, 0xE0FF, 0xE0FF, 0xE0FF, 0xE0FF, 0xE0FF, 0xE0FF, 0xE0FF, 
  0xE0FF, 0xE0FF, 0xE0FF, 0xE0FF, 0xE1FF, 0xB1E7, 0xFEF7, 0xEF8D, 0x8842, 0xEA52, 0x0A53, 0x8942, 0x8842, 0x6842, 0xA94A, 0x6842, 
  0x2B5B, 0x4B5B, 0xA842, 0x4B53, 0x2B53, 0x0A4B, 0x2A4B, 0x6B5B, 0xC94A, 0x473A, 0xA942, 0x2A4B, 0xC94A, 0xC94A, 0xC94A, 0x8942, 
  0x6842, 0x8842, 0xE94A, 0xCA4A, 0xEA4A, 0x2A53, 0xE94A, 0x0A43, 0x2A53, 0x0A53, 0x894A, 0x483A, 0x8B5B, 0x0A5C, 0x894B, 0xA94B, 
  0xA843, 0x4854, 0xEA5C, 0x2C7E, 0x6E97, 0xEDAF, 0xECA7, 0xAFA7, 0xF6DF, 0xAFAF, 0xCE9F, 0xD9DF, 0xFFFF, 0xFFFF, 0xFFFF, 0xFFFF, 
  0xFFFF, 0xFFFF, 0xDFFF, 0xFCEF, 0xCEA7, 0xCBA7, 0xEDB7, 0xCB75, 0x073A, 0xA94A, 0x294B, 0x4742, 0x884A, 0x8842, 0xAB75, 0xF09F, 
  0xF0B7, 0xEFB7, 0xEE9F, 0x6F97, 0x6B64, 0xE739, 0x2842, 0x883A, 0xC83A, 0x484B, 0x0B75, 0x8C8E, 0xADA7, 0xEEA7, 0xEE9F, 0xEE97, 
  0xCE9F, 0xEF9F, 0xEF9F, 0xEF97, 0xEE97, 0xEF97, 0xEF97, 0xEE97, 0xEF97, 0xEE9F, 0xEDA7, 0xECA7, 0xECA7, 0xEBA7, 0xEBAF, 0xEBAF, 
  0xEBAF, 0xEBAF, 0xEBAF, 0xECA7, 0xEE9F, 0xEE97, 0xF09F, 0xCA53, 0x8842, 0xC94A, 0x4A4B, 0xA94A, 0xA94A, 0x2B53, 0xA942, 0x0A4B, 
  0x8C5B, 0x0A4B, 0xA94A, 0xAA52, 0x6842, 0x8842, 0x6842, 0xA94A, 0xA94A, 0xC94A, 0xC94A, 0xA94A, 0xAA4A, 0xCA4A, 0xC842, 0x8E8E, 
  0xECA7, 0xEAA7, 0xECAF, 0xEE9F, 0xED9F, 0xECA7, 0xEBAF, 0xECA7, 0xEF9F, 0xEF9F, 0xEC9F, 0xF5D7, 0xFFFF, 0xD0BF, 0xED9F, 0xEDA7, 
  0xEBA7, 0xCFBF, 0xFEFF, 0xFFFF, 0xF9EF, 0xC5E7, 0xC0FF, 0xE0FF, 0xE0FF, 0xE0FF, 0xE0FF, 0xE0FF, 0xE0FF, 0xE0FF, 0xE0FF, 0xE0FF, 
  0xE0FF, 0xE0FF, 0xE0FF, 0xE0FF, 0xE0FF, 0xE0FF, 0xE0FF, 0xE0FF, 0xE0FF, 0xE0FF, 0xE0FF, 0xE0FF, 0xE0FF, 0xE0FF, 0xE0FF, 0xE0FF, 
  0xE0FF, 0xE0FF, 0xE0FF, 0xE0FF, 0xE0FF, 0xE0FF, 0xE0FF, 0xE0FF, 0xE0FF, 0xE0FF, 0xE0FF, 0xE0FF, 0xE0FF, 0xE0FF, 0xE0FF, 0xE0FF, 
  0xE0FF, 0xE0FF, 0xE0FF, 0xE0FF, 0xE0FF, 0xE0FF, 0xE0FF, 0xE0FF, 0xE0FF, 0xE0FF, 0xE0FF, 0xE0FF, 0xE0FF, 0xE0FF, 0xE0FF, 0xE0FF, 
  0xE0FF, 0xE0FF, 0xE0FF, 0xE0FF, 0xE0FF, 0xE0FF, 0xE0FF, 0xE0FF, 0xE0FF, 0xE0FF, 0xE0FF, 0xE0FF, 0xE0FF, 0xE0FF, 0xE0FF, 0xE0FF, 
  0xE0FF, 0xE0FF, 0xE0FF, 0xE0FF, 0xC4EF, 0xD8EF, 0xBADF, 0x0954, 0x0A53, 0xC94A, 0x0A53, 0xC942, 0x0A4B, 0xEA4A, 0xA942, 0x0B53, 
  0xA94A, 0xA942, 0xA842, 0x0A53, 0xE94A, 0xA942, 0xE94A, 0x0A4B, 0x2A53, 0x0A53, 0xEA4A, 0x4A53, 0x0A4B, 0x2A53, 0xC94A, 0xA94A, 
  0xA94A, 0x894A, 0xC94A, 0x0A4B, 0xEA42, 0xA942, 0x4942, 0x2A4A, 0x894A, 0xC942, 0x0943, 0x294B, 0x684B, 0xC753, 0x6C75, 0x6D8E, 
  0x509F, 0xF1BF, 0xF4CF, 0xF0C7, 0xEBAF, 0xEBAF, 0xCD9F, 0xD2B7, 0xF7D7, 0xCD97, 0xF0AF, 0xFEF7, 0xDFFF, 0xFFFF, 0xFFFF, 0xFFFF, 
  0xFFFF, 0xFFFF, 0xFFFF, 0xFFFF, 0xD4C7, 0xCC9F, 0xECAF, 0xAEA7, 0xEA63, 0x273A, 0x894A, 0xCA52, 0x473A, 0x0B65, 0xEFAF, 0xD4CF, 
  0xDAEF, 0xDBEF, 0xD4D7, 0xEDAF, 0xB09F, 0x694B, 0x284A, 0xA94A, 0x4B53, 0x2A4B, 0xAB53, 0xEB53, 0xEC64, 0xEB7D, 0x2C9F, 0xEEAF, 
  0xEEA7, 0xED97, 0xEE97, 0xCF97, 0xEF9F, 0xEF9F, 0xEF9F, 0xEE97, 0xEF9F, 0xEE9F, 0xEBA7, 0xEBAF, 0xEBAF, 0xEBAF, 0xEBAF, 0xECAF, 
  0xECAF, 0xEBAF, 0xEBA7, 0xEDA7, 0xEF9F, 0xEF9F, 0xEF8E, 0x8942, 0x8952, 0xC942, 0xCC5B, 0xE94A, 0x8842, 0x6C5B, 0xA94A, 0x6842, 
  0x0A53, 0xEA4A, 0x6842, 0x6842, 0x6842, 0x0A53, 0xC94A, 0x8942, 0xC94A, 0xCA4A, 0xA84A, 0xA842, 0xA94A, 0xAA4A, 0x283A, 0x6B5C, 
  0xEEAF, 0xEAA7, 0xECAF, 0xEDA7, 0xEE9F, 0xEF9F, 0xECA7, 0xEBA7, 0xEE9F, 0xF097, 0xED97, 0xCFB7, 0xFDFF, 0xD5D7, 0xEB9F, 0xEEA7, 
  0xEBA7, 0xCEB7, 0xFCF7, 0xFFFF, 0xFCEF, 0xC9DF, 0xC0FF, 0xE0FF, 0xE0FF, 0xE0FF, 0xE0FF, 0xE0FF, 0xE0FF, 0xE0FF, 0xE0FF, 0xE0FF, 
  0xE0FF, 0xE0FF, 0xE0FF, 0xE0FF, 0xE0FF, 0xE0FF, 0xE0FF, 0xE0FF, 0xE0FF, 0xE0FF, 0xE0FF, 0xE0FF, 0xE0FF, 0xE0FF, 0xE0FF, 0xE0FF, 
  0xE0FF, 0xE0FF, 0xE0FF, 0xE0FF, 0xE0FF, 0xE0FF, 0xE0FF, 0xE0FF, 0xE0FF, 0xE0FF, 0xE0FF, 0xE0FF, 0xE0FF, 0xE0FF, 0xE0FF, 0xE0FF, 
  0xE0FF, 0xE0FF, 0xE0FF, 0xE0FF, 0xE0FF, 0xE0FF, 0xE0FF, 0xE0FF, 0xE0FF, 0xE0FF, 0xE0FF, 0xE0FF, 0xE0FF, 0xE0FF, 0xE0FF, 0xE0FF, 
  0xE0FF, 0xE0FF, 0xE0FF, 0xE0FF, 0xE0FF, 0xE0FF, 0xE0FF, 0xE0FF, 0xE0FF, 0xE0FF, 0xE0FF, 0xE0FF, 0xE0FF, 0xE0FF, 0xE0FF, 0xE0FF, 
  0xE0FF, 0xE0FF, 0xE0FF, 0xE0FF, 0xACDF, 0xFDFF, 0x519E, 0xE84A, 0xCA4A, 0x0A4B, 0x0A4B, 0x0A4B, 0x0A4B, 0x8842, 0x0B53, 0x0A53, 
  0x6842, 0xEA52, 0xEA4A, 0xC94A, 0xA942, 0xC94A, 0x0A53, 0xE94A, 0x6B53, 0xE94A, 0x0A4B, 0x6B53, 0xEA4A, 0x2B53, 0xA942, 0xEA4A, 
  0xEA52, 0xA942, 0x684B, 0xCC85, 0x2C86, 0xCC7D, 0x2B6D, 0xA864, 0xEA6C, 0x6B75, 0x4D8E, 0xF0A6, 0x93BF, 0xF6D7, 0xF8E7, 0xFAE7, 
  0xFCF7, 0xFDFF, 0xFFFF, 0xF9EF, 0xACBF, 0xECA7, 0xEE97, 0xD5CF, 0xD3C7, 0xCE97, 0xD5CF, 0xFFFF, 0xFFFF, 0xFFFF, 0xFFFF, 0xFFFF, 
  0xFFFF, 0xFFFF, 0xFEFF, 0xFFFF, 0xD9E7, 0xCD9F, 0xEBA7, 0xECAF, 0x909F, 0x4A54, 0xE942, 0xA942, 0x8953, 0x8F9F, 0xD5CF, 0xFFFF, 
  0xFFFF, 0xFFFF, 0xDFFF, 0xB3C7, 0xEDA7, 0xCB64, 0x0842, 0xCA4A, 0x0A4B, 0xC94A, 0x2A53, 0x6A53, 0x294B, 0x0A4B, 0x494B, 0xAB64, 
  0x4D86, 0x8F9F, 0xF0A7, 0xEF9F, 0xEE97, 0xEF9F, 0xEF9F, 0xEE97, 0xEF9F, 0xEDA7, 0xECAF, 0xECAF, 0xECAF, 0xEBAF, 0xEBAF, 0xECAF, 
  0xEBAF, 0xECAF, 0xEDA7, 0xEE9F, 0xEF97, 0xF1A7, 0x4B6D, 0x273A, 0xEB52, 0xC942, 0xEA4A, 0xC94A, 0x8842, 0xC94A, 0x6842, 0xA942, 
  0x2B53, 0xEA4A, 0x6842, 0x6842, 0xA942, 0x6B53, 0x2A53, 0xA942, 0x0A53, 0x8942, 0xC94A, 0xEA4A, 0xC94A, 0xEA4A, 0xEA4A, 0x0843, 
  0xCE96, 0xEDAF, 0xEBAF, 0xECA7, 0xEE9F, 0xEF97, 0xED9F, 0xEE9F, 0xEE9F, 0xEF9F, 0xEF9F, 0xECA7, 0xF8EF, 0xF9E7, 0xCBA7, 0xCEA7, 
  0xEBA7, 0xCDAF, 0xFBEF, 0xFFFF, 0xFEF7, 0xAED7, 0xE0F7, 0xE0FF, 0xE0FF, 0xE0FF, 0xE0FF, 0xE0FF, 0xE0FF, 0xE0FF, 0xE0FF, 0xE0FF, 
  0xE0FF, 0xE0FF, 0xE0FF, 0xE0FF, 0xE0FF, 0xE0FF, 0xE0FF, 0xE0FF, 0xE0FF, 0xE0FF, 0xE0FF, 0xE0FF, 0xE0FF, 0xE0FF, 0xE0FF, 0xE0FF, 
  0xE0FF, 0xE0FF, 0xE0FF, 0xE0FF, 0xE0FF, 0xE0FF, 0xE0FF, 0xE0FF, 0xE0FF, 0xE0FF, 0xE0FF, 0xE0FF, 0xE0FF, 0xE0FF, 0xE0FF, 0xE0FF, 
  0xE0FF, 0xE0FF, 0xE0FF, 0xE0FF, 0xE0FF, 0xE0FF, 0xE0FF, 0xE0FF, 0xE0FF, 0xE0FF, 0xE0FF, 0xE0FF, 0xE0FF, 0xE0FF, 0xE0FF, 0xE0FF, 
  0xE0FF, 0xE0FF, 0xE0FF, 0xE0FF, 0xE0FF, 0xE0FF, 0xE0FF, 0xE0FF, 0xE0FF, 0xE0FF, 0xE0FF, 0xE0FF, 0xE0FF, 0xE0FF, 0xE0FF, 0xE0FF, 
  0xE0FF, 0xE0FF, 0xC0FF, 0xC3F7, 0xD5E7, 0xFCEF, 0x4A64, 0x6842, 0xCA4A, 0x6B53, 0x6842, 0x6842, 0x0B53, 0x8942, 0xEA4A, 0xC94A, 
  0xCA4A, 0xCA4A, 0xEA4A, 0x2B53, 0x0A53, 0xA94A, 0x8842, 0x6B53, 0x8B53, 0x4B53, 0x2A53, 0xE94A, 0xA94A, 0xEA52, 0xA942, 0xEA4A, 
  0xC94A, 0x284B, 0xF0A6, 0xF7DF, 0xF8E7, 0xF7E7, 0xF7DF, 0xF7D7, 0xF8DF, 0xF9E7, 0xFBEF, 0xFCF7, 0xFEFF, 0xFFFF, 0xFFFF, 0xFFFF, 
  0xFFFF, 0xDFFF, 0xFFFF, 0xD5D7, 0xECA7, 0xECA7, 0xCFA7, 0xF8DF, 0xEFAF, 0xCE9F, 0xFBEF, 0xFFFF, 0xFFFF, 0xFFFF, 0xFFFF, 0xFFFF, 
  0xFFFF, 0xFFFF, 0xFFFF, 0xFFFF, 0xDBEF, 0xCEA7, 0xEDA7, 0xCBAF, 0xECA7, 0xEEA7, 0xCE8E, 0x4C7E, 0x4E97, 0xF0B7, 0xFDF7, 0xFFFF, 
  0xFEFF, 0xFFFF, 0xFFFF, 0xD3C7, 0xEE9F, 0xCC64, 0x6842, 0xCA52, 0xC94A, 0x6842, 0xC94A, 0x2B5B, 0xA942, 0x4B5B, 0xA94A, 0x273A, 
  0x263A, 0x494B, 0xEB6C, 0x6D86, 0xEF9F, 0xEF9F, 0xEE97, 0xEE97, 0xEF9F, 0xEDA7, 0xEBAF, 0xEBAF, 0xEBAF, 0xEBAF, 0xEBAF, 0xEBAF, 
  0xEBAF, 0xECA7, 0xEE9F, 0xEF97, 0xEF97, 0xB09F, 0x4754, 0x4B64, 0x0A53, 0xC942, 0x894A, 0x894A, 0xC942, 0xEA4A, 0xEA4A, 0xC94A, 
  0xEA4A, 0x0A4B, 0x8942, 0xC94A, 0x4B53, 0x2A53, 0xE942, 0x8C5B, 0xC94A, 0xA94A, 0xCA4A, 0xEA4A, 0x2A53, 0x2A53, 0xAC5B, 0x4B53, 
  0xAA64, 0xEEAF, 0xEBAF, 0xEBAF, 0xEDA7, 0xEE9F, 0xEF9F, 0xEF97, 0xEF97, 0xEE9F, 0xEE9F, 0xEC9F, 0xB2CF, 0xFBEF, 0xCEAF, 0xECAF, 
  0xEBAF, 0xCBAF, 0xF9E7, 0xFFFF, 0xFFFF, 0xD3D7, 0xE3EF, 0xE0FF, 0xE0FF, 0xE0FF, 0xE0FF, 0xE0FF, 0xE0FF, 0xE0FF, 0xE0FF, 0xE0FF, 
  0xE0FF, 0xE0FF, 0xE0FF, 0xE0FF, 0xE0FF, 0xE0FF, 0xE0FF, 0xE0FF, 0xE0FF, 0xE0FF, 0xE0FF, 0xE0FF, 0xE0FF, 0xE0FF, 0xE0FF, 0xE0FF, 
  0xE0FF, 0xE0FF, 0xE0FF, 0xE0FF, 0xE0FF, 0xE0FF, 0xE0FF, 0xE0FF, 0xE0FF, 0xE0FF, 0xE0FF, 0xE0FF, 0xE0FF, 0xE0FF, 0xE0FF, 0xE0FF, 
  0xE0FF, 0xE0FF, 0xE0FF, 0xE0FF, 0xE0FF, 0xE0FF, 0xE0FF, 0xE0FF, 0xE0FF, 0xE0FF, 0xE0FF, 0xE0FF, 0xE0FF, 0xE0FF, 0xE0FF, 0xE0FF, 
  0xE0FF, 0xE0FF, 0xE0FF, 0xE0FF, 0xE0FF, 0xE0FF, 0xE0FF, 0xE0FF, 0xE0FF, 0xE0FF, 0xE0FF, 0xE0FF, 0xE0FF, 0xE0FF, 0xE0FF, 0xE0FF, 
  0xE0FF, 0xC0FF, 0xE0FF, 0xA8E7, 0xFDF7, 0x35BF, 0xE742, 0x894A, 0x0A53, 0xE94A, 0x6842, 0x694A, 0x8A4A, 0x6842, 0xEA4A, 0x8B53, 
  0x6B5B, 0xAA4A, 0x894A, 0xEA4A, 0x0A4B, 0xE94A, 0xE94A, 0xCC5B, 0xE942, 0xA94A, 0xA94A, 0x4B5B, 0x8942, 0x4842, 0x094B, 0x2A4B, 
  0x0B53, 0x2B6D, 0xF8DF, 0xD5D7, 0xACB7, 0xCEB7, 0xFAEF, 0xFFFF, 0xFFFF, 0xDFFF, 0xFFFF, 0xFFFF, 0xFFFF, 0xFFFF, 0xFFFF, 0xFFFF, 
  0xFFFF, 0xFFFF, 0xFDFF, 0xAFBF, 0xEBA7, 0xED9F, 0xB2BF, 0xD7DF, 0xCE97, 0xD0AF, 0xFDFF, 0xFFFF, 0xFFFF, 0xFFFF, 0xFFFF, 0xFFFF, 
  0xFFFF, 0xFFFF, 0xFFFF, 0xFFFF, 0xFBF7, 0xCFA7, 0xECA7, 0xEBA7, 0xEDA7, 0xEDA7, 0xEDA7, 0xEDAF, 0xECA7, 0xCFAF, 0xFBE7, 0xFFFF, 
  0xFFFF, 0xFFFF, 0xFCF7, 0xD1B7, 0xD097, 0x884B, 0x6842, 0x2B53, 0xA94A, 0x6942, 0x6842, 0x8942, 0xEA4A, 0x0A53, 0xC94A, 0x294B, 
  0xEF7C, 0x6A53, 0x2732, 0x094B, 0xEA5B, 0xAE8E, 0xEF9F, 0xCF97, 0xEE9F, 0xECAF, 0xEBAF, 0xECAF, 0xEBA7, 0xEBAF, 0xEBAF, 0xEBAF, 
  0xECA7, 0xEE9F, 0xEE9F, 0xEE97, 0xEF9F, 0xAF97, 0x6E8F, 0x6F8E, 0x8842, 0xEA52, 0xC94A, 0x0A53, 0x0B4B, 0xA942, 0xC94A, 0x0A53, 
  0x473A, 0xE94A, 0x0B53, 0xC94A, 0xCA4A, 0xA942, 0xC94A, 0x2B53, 0xEA4A, 0xEA4A, 0xCA4A, 0xEA4A, 0xEA4A, 0xA942, 0xE94A, 0xCA4A, 
  0x8A53, 0x4D97, 0xECAF, 0xEBAF, 0xECAF, 0xEE9F, 0xEE97, 0xEF97, 0xEF9F, 0xEE9F, 0xEE97, 0xEE9F, 0xCDB7, 0xF9EF, 0xD2C7, 0xEBA7, 
  0xEBAF, 0xEAA7, 0xF7DF, 0xFFFF, 0xFFFF, 0xD8DF, 0xC7DF, 0xE0FF, 0xE0FF, 0xE0FF, 0xE0FF, 0xE0FF, 0xC0FF, 0xE0FF, 0xE0FF, 0xE0FF, 
  0xE0FF, 0xE0FF, 0xE0FF, 0xE0FF, 0xE0FF, 0xE0FF, 0xE0FF, 0xE0FF, 0xE0FF, 0xE0FF, 0xE0FF, 0xE0FF, 0xE0FF, 0xE0FF, 0xE0FF, 0xE0FF, 
  0xE0FF, 0xE0FF, 0xE0FF, 0xE0FF, 0xE0FF, 0xE0FF, 0xE0FF, 0xE0FF, 0xE0FF, 0xE0FF, 0xE0FF, 0xE0FF, 0xE0FF, 0xE0FF, 0xE0FF, 0xE0FF, 
  0xE0FF, 0xE0FF, 0xE0FF, 0xE0FF, 0xE0FF, 0xE0FF, 0xE0FF, 0xE0FF, 0xE0FF, 0xE0FF, 0xE0FF, 0xE0FF, 0xE0FF, 0xE0FF, 0xE0FF, 0xE0FF, 
  0xE0FF, 0xE0FF, 0xE0FF, 0xE0FF, 0xE0FF, 0xE0FF, 0xE0FF, 0xE0FF, 0xE0FF, 0xE0FF, 0xE0FF, 0xE0FF, 0xE0FF, 0xE0FF, 0xE0FF, 0xC0FF, 
  0xE0FF, 0xE0FF, 0xE1F7, 0xD1EF, 0xFCF7, 0x2E7D, 0xA842, 0x0A4B, 0xC942, 0x694A, 0x6842, 0x8942, 0x8942, 0xA94A, 0xE94A, 0x6B53, 
  0xC94A, 0xA94A, 0xC94A, 0x2B53, 0x2B53, 0xEA52, 0xC94A, 0x0A4B, 0x2A53, 0xA94A, 0x8842, 0xC942, 0xA94A, 0x694A, 0x8842, 0xEA52, 
  0xC94A, 0xAD7D, 0xF9EF, 0xAFBF, 0xEAA7, 0xECA7, 0xD0BF, 0xD5D7, 0xFAEF, 0xFFFF, 0xFFFF, 0xFFFF, 0xFFFF, 0xFFFF, 0xFFFF, 0xFEFF, 
  0xFFFF, 0xDFFF, 0xFAEF, 0xCCAF, 0xEDA7, 0xCE97, 0xF7DF, 0xD3BF, 0xEE8F, 0xB3BF, 0xFFFF, 0xFFFF, 0xFFFF, 0xFFFF, 0xFFFF, 0xFFFF, 
  0xFFFF, 0xFFFF, 0xFFFF, 0xFFFF, 0xFBF7, 0xAFAF, 0xECA7, 0xEBAF, 0xECA7, 0xCEA7, 0xCD9F, 0xEE9F, 0xECA7, 0xEBA7, 0xADB7, 0xD7DF, 
  0xFFF7, 0xFFFF, 0xDBEF, 0xEFA7, 0xEE86, 0x094B, 0x0A4B, 0x8842, 0x8842, 0xC942, 0xEA4A, 0xEA4A, 0x0A53, 0xE94A, 0xC94A, 0x094B, 
  0xEB5B, 0x294B, 0xCA52, 0x2B5B, 0x263A, 0xC953, 0xAF9F, 0xEF9F, 0xEEA7, 0xEBAF, 0xEBA7, 0xECAF, 0xECA7, 0xEBAF, 0xEBAF, 0xEBAF, 
  0xEDA7, 0xEE9F, 0xEE9F, 0xEF9F, 0xEF9F, 0xEF9F, 0xF0A7, 0x2D7E, 0xA842, 0x8842, 0xC94A, 0x4A53, 0x4B53, 0xEA4A, 0xC942, 0x4B53, 
  0x4B53, 0x0A4B, 0x8942, 0x6842, 0x0A53, 0xA942, 0x8842, 0xCA4A, 0x4B5B, 0xEA4A, 0x8942, 0xCA4A, 0x0B53, 0xEA4A, 0xEA4A, 0xCA4A, 
  0xE94A, 0x6C75, 0xEEAF, 0xEBAF, 0xEBAF, 0xEDA7, 0xEE97, 0xEE97, 0xEF97, 0xEE9F, 0xEF97, 0xEF9F, 0xCBA7, 0xD5D7, 0xF5D7, 0xCAA7, 
  0xEBAF, 0xEAA7, 0xB5D7, 0xFFFF, 0xFFFF, 0xFCF7, 0xCBCF, 0xE1FF, 0xE0FF, 0xE0FF, 0xE0FF, 0xE0FF, 0xE0FF, 0xE0FF, 0xE0FF, 0xE0FF, 
  0xE0FF, 0xE0FF, 0xE0FF, 0xE0FF, 0xE0FF, 0xE0FF, 0xE0FF, 0xE0FF, 0xE0FF, 0xE0FF, 0xE0FF, 0xE0FF, 0xE0FF, 0xE0FF, 0xE0FF, 0xE0FF, 
  0xE0FF, 0xE0FF, 0xE0FF, 0xE0FF, 0xE0FF, 0xE0FF, 0xE0FF, 0xE0FF, 0xE0FF, 0xE0FF, 0xE0FF, 0xE0FF, 0xE0FF, 0xE0FF, 0xE0FF, 0xE0FF, 
  0xE0FF, 0xE0FF, 0xE0FF, 0xE0FF, 0xE0FF, 0xE0FF, 0xE0FF, 0xE0FF, 0xE0FF, 0xE0FF, 0xE0FF, 0xE0FF, 0xE0FF, 0xE0FF, 0xE0FF, 0xE0FF, 
  0xE0FF, 0xE0FF, 0xE0FF, 0xE0FF, 0xE0FF, 0xE0FF, 0xE0FF, 0xE0FF, 0xE0FF, 0xE0FF, 0xE0FF, 0xE0FF, 0xE0FF, 0xE0FF, 0xE0FF, 0xC0FF, 
  0xE0FF, 0xE0FF, 0xC7E7, 0xFAF7, 0x97CF, 0x484B, 0xCA4A, 0x6B53, 0xA83A, 0x4942, 0xA952, 0x473A, 0xEA4A, 0xEA4A, 0x2A53, 0x4B53, 
  0xC942, 0x094B, 0x294B, 0x094B, 0x0A53, 0x8942, 0xC952, 0xEA4A, 0xC94A, 0x0A53, 0xA942, 0xC94A, 0xA94A, 0x8952, 0x894A, 0xA94A, 
  0x663A, 0x6D75, 0xFCFF, 0xCFB7, 0xEBA7, 0xECAF, 0xEAA7, 0xCAA7, 0xAFB7, 0xFBEF, 0xFFFF, 0xFFFF, 0xFFFF, 0xFFFF, 0xFFFF, 0xFFFF, 
  0xFFFF, 0xFEFF, 0xD1BF, 0xECA7, 0xCE97, 0xD4C7, 0xD7DF, 0xAEA7, 0xEE97, 0xF0AF, 0xFBF7, 0xFFFF, 0xFFFF, 0xFFFF, 0xFFFF, 0xFFFF, 
  0xFFFF, 0xFEFF, 0xFFFF, 0xFFF7, 0xFCFF, 0xB1B7, 0xED9F, 0xCEB7, 0xECAF, 0xEBA7, 0xECA7, 0xED9F, 0xEF97, 0xEF9F, 0xEC9F, 0xCBA7, 
  0xD2CF, 0xFDFF, 0xDCF7, 0xEFA7, 0xAD86, 0x6A53, 0x4C53, 0xEA52, 0xCC63, 0xCC5B, 0x0A4B, 0xEA4A, 0x0A53, 0x2A53, 0xA942, 0xC94A, 
  0xE942, 0x2A53, 0x0A53, 0xA942, 0x0A53, 0x8842, 0x0E8F, 0xEFA7, 0xCCA7, 0xEBAF, 0xEBAF, 0xEBAF, 0xEBA7, 0xEBAF, 0xEBAF, 0xECA7, 
  0xEE9F, 0xEF97, 0xEE9F, 0xEF9F, 0xEF9F, 0xEE97, 0xF0A7, 0x2C6D, 0xE942, 0x4B5B, 0xC94A, 0x8842, 0x683A, 0xEA52, 0xCA52, 0x8942, 
  0x894A, 0x8942, 0x8942, 0x8842, 0x8842, 0x8C5B, 0xA94A, 0x6842, 0xC94A, 0xA94A, 0xEA52, 0xA94A, 0xA94A, 0xA94A, 0xE942, 0xA942, 
  0x8942, 0x2943, 0x4E9F, 0xECAF, 0xEBA7, 0xECA7, 0xEE9F, 0xEF97, 0xEF97, 0xF097, 0xEF9F, 0xEE97, 0xEC9F, 0xCFBF, 0xD5D7, 0xCCAF, 
  0xECAF, 0xEBAF, 0xB1BF, 0xFFFF, 0xFFFF, 0xDFFF, 0xD0CF, 0xE3F7, 0xC0FF, 0xE0FF, 0xE0FF, 0xE0FF, 0xE0FF, 0xE0FF, 0xE0FF, 0xE0FF, 
  0xE0FF, 0xE0FF, 0xE0FF, 0xE0FF, 0xE0FF, 0xE0FF, 0xE0FF, 0xE0FF, 0xE0FF, 0xE0FF, 0xE0FF, 0xE0FF, 0xE0FF, 0xE0FF, 0xE0FF, 0xE0FF, 
  0xE0FF, 0xE0FF, 0xE0FF, 0xE0FF, 0xE0FF, 0xE0FF, 0xE0FF, 0xE0FF, 0xE0FF, 0xE0FF, 0xE0FF, 0xE0FF, 0xE0FF, 0xE0FF, 0xE0FF, 0xE0FF, 
  0xE0FF, 0xE0FF, 0xE0FF, 0xE0FF, 0xE0FF, 0xE0FF, 0xE0FF, 0xE0FF, 0xE0FF, 0xE0FF, 0xE0FF, 0xE0FF, 0xE0FF, 0xE0FF, 0xE0FF, 0xE0FF, 
  0xE0FF, 0xE0FF, 0xE0FF, 0xE0FF, 0xE0FF, 0xE0FF, 0xE0FF, 0xE0FF, 0xE0FF, 0xE0FF, 0xE0FF, 0xE0FF, 0xE0FF, 0xE0FF, 0xE0FF, 0xE0FF, 
  0xE0FF, 0xC0FF, 0xAFEF, 0xFFFF, 0xD08D, 0x6742, 0xA84A, 0xEA52, 0xC94A, 0x0A4B, 0xC94A, 0x0A53, 0x4B53, 0x4B53, 0xE94A, 0xAC63, 
  0x8C5B, 0x6B53, 0x8E74, 0xE842, 0x0A53, 0xA94A, 0xA94A, 0xA94A, 0x473A, 0xEA4A, 0x0A53, 0xEA4A, 0xC942, 0xC94A, 0xAA4A, 0x894A, 
  0x294B, 0x0D75, 0xFCF7, 0xD1BF, 0xEAA7, 0xEBAF, 0xEBAF, 0xECAF, 0xCBA7, 0xB1C7, 0xFEF7, 0xFFFF, 0xFFFF, 0xFFFF, 0xFFFF, 0xFFFF, 
  0xFFFF, 0xD5CF, 0xECA7, 0xCC9F, 0xB3BF, 0xF9E7, 0xCEAF, 0xEF9F, 0xAF9F, 0x2E97, 0xD2B7, 0xF7DF, 0xFCF7, 0xFFFF, 0xFFFF, 0xFFFF, 
  0xFFFF, 0xFFFF, 0xDFFF, 0xFFFF, 0xFFFF, 0xD6CF, 0xCD97, 0xECAF, 0xEBA7, 0xECAF, 0xECAF, 0xEBA7, 0xECA7, 0xEF9F, 0xEE97, 0xEE9F, 
  0xECA7, 0xB1B7, 0xFCF7, 0xD4C7, 0xCF97, 0x4A5C, 0xA942, 0xE94A, 0x2B53, 0x2A4B, 0x8842, 0x8942, 0x894A, 0xCA4A, 0x2B53, 0xEA4A, 
  0x2A4B, 0xCC63, 0x0A4B, 0xE94A, 0xC94A, 0x8A53, 0xAF97, 0xCFA7, 0xCEB7, 0xCBAF, 0xEBAF, 0xEBAF, 0xEBAF, 0xEBAF, 0xECAF, 0xEDA7, 
  0xEE9F, 0xEF9F, 0xEE9F, 0xEE97, 0xEF97, 0xEF9F, 0x2F97, 0x494B, 0xC94A, 0xEA4A, 0x894A, 0x4842, 0x8842, 0xE94A, 0x0A53, 0xA94A, 
  0x6842, 0x8942, 0x2B5B, 0xCA52, 0xC942, 0x6C5B, 0xEA52, 0xA94A, 0xA94A, 0xC94A, 0xC94A, 0x4842, 0xC94A, 0xEA4A, 0x6B5B, 0x4B53, 
  0xCA52, 0x273A, 0x2B6D, 0xEEB7, 0xEBA7, 0xECAF, 0x8D9F, 0x4F8F, 0xEFA7, 0xCF97, 0xEF9F, 0xEE9F, 0xEE97, 0xEBAF, 0xD2CF, 0xCEB7, 
  0xEBAF, 0xEBAF, 0xECAF, 0xFCEF, 0xFFFF, 0xFFFF, 0xD6DF, 0xC5E7, 0xE0FF, 0xE0FF, 0xE0FF, 0xE0FF, 0xE0FF, 0xE0FF, 0xE0FF, 0xE0FF, 
  0xE0FF, 0xE0FF, 0xE0FF, 0xE0FF, 0xE0FF, 0xE0FF, 0xE0FF, 0xE0FF, 0xE0FF, 0xE0FF, 0xE0FF, 0xE0FF, 0xE0FF, 0xE0FF, 0xE0FF, 0xE0FF, 
  0xE0FF, 0xE0FF, 0xE0FF, 0xE0FF, 0xE0FF, 0xE0FF, 0xE0FF, 0xE0FF, 0xE0FF, 0xE0FF, 0xE0FF, 0xE0FF, 0xE0FF, 0xE0FF, 0xE0FF, 0xE0FF, 
  0xE0FF, 0xE0FF, 0xE0FF, 0xE0FF, 0xE0FF, 0xE0FF, 0xE0FF, 0xE0FF, 0xE0FF, 0xE0FF, 0xE0FF, 0xE0FF, 0xE0FF, 0xE0FF, 0xE0FF, 0xE0FF, 
  0xE0FF, 0xE0FF, 0xE0FF, 0xE0FF, 0xE0FF, 0xE0FF, 0xE0FF, 0xE0FF, 0xE0FF, 0xE0FF, 0xE0FF, 0xE0FF, 0xE0FF, 0xE0FF, 0xE0FF, 0xE0FF, 
  0xE0FF, 0xA5F7, 0xF9F7, 0xDBDF, 0xA953, 0x4842, 0xC84A, 0x0A5B, 0xEB52, 0x4A53, 0xC94A, 0x0A53, 0x0A53, 0xE94A, 0xA842, 0xA942, 
  0x8942, 0xE942, 0x6B53, 0xE94A, 0x6842, 0xEA4A, 0xCA4A, 0x894A, 0xCA52, 0xEA4A, 0x8942, 0xA94A, 0xC94A, 0x094B, 0xCA4A, 0xEA52, 
  0x2A4B, 0x6B64, 0xDBEF, 0xD5CF, 0xCAA7, 0xEBAF, 0xECAF, 0xEBAF, 0xEBAF, 0xCBAF, 0xD7DF, 0xFFFF, 0xFFFF, 0xFFFF, 0xFFFF, 0xFEFF, 
  0xF3CF, 0xCBAF, 0xAD9F, 0xB4BF, 0xF8E7, 0xD0B7, 0xEE9F, 0x6F97, 0x4A54, 0x694B, 0x294C, 0xCC7D, 0xD0A6, 0x94BF, 0xF7D7, 0xF8E7, 
  0xF8E7, 0xF8D7, 0xF7CF, 0xF7DF, 0xFBEF, 0xFCF7, 0xB2B7, 0xEBA7, 0xECAF, 0xEBAF, 0xEBAF, 0xECAF, 0xEBAF, 0xCCAF, 0xEFB7, 0xCE9F, 
  0x0E8F, 0xEE9F, 0xF1BF, 0xD9E7, 0xF3BF, 0xCD86, 0x094B, 0xC94A, 0xE942, 0xEA4A, 0x4842, 0x694A, 0x6842, 0xC94A, 0x0A53, 0x0A4B, 
  0x2A53, 0x8B5B, 0xC842, 0x2A53, 0xEA52, 0xAB64, 0xEE9F, 0xD2C7, 0xD1BF, 0xCAA7, 0xEBAF, 0xEBAF, 0xEBAF, 0xEBAF, 0xECAF, 0xED9F, 
  0xEF97, 0xEF9F, 0xEF9F, 0xEE97, 0xEF9F, 0x919F, 0x0854, 0x6842, 0xA94A, 0x8842, 0x6942, 0x894A, 0xEA52, 0x6842, 0x894A, 0x4842, 
  0xA94A, 0xA94A, 0xC94A, 0x8942, 0x683A, 0x8942, 0x4842, 0x6842, 0xCA4A, 0x8942, 0xA94A, 0x8842, 0xA94A, 0xA94A, 0xC94A, 0xA94A, 
  0xCA4A, 0x2842, 0x2843, 0x6FA7, 0xECAF, 0xEBAF, 0xAEA7, 0x4A5D, 0x4E97, 0xEF9F, 0xEF97, 0xEE9F, 0xEF97, 0xECA7, 0xCEB7, 0xEDAF, 
  0xEBAF, 0xEBAF, 0xEBA7, 0xD7DF, 0xFFFF, 0xFFFF, 0xFBEF, 0xCAD7, 0xE1FF, 0xE0FF, 0xE0FF, 0xC0FF, 0xE0FF, 0xE0FF, 0xE0FF, 0xE0FF, 
  0xE0FF, 0xE0FF, 0xE0FF, 0xE0FF, 0xE0FF, 0xE0FF, 0xE0FF, 0xE0FF, 0xE0FF, 0xE0FF, 0xE0FF, 0xE0FF, 0xE0FF, 0xE0FF, 0xE0FF, 0xE0FF, 
  0xE0FF, 0xE0FF, 0xE0FF, 0xE0FF, 0xE0FF, 0xE0FF, 0xE0FF, 0xE0FF, 0xE0FF, 0xE0FF, 0xE0FF, 0xE0FF, 0xE0FF, 0xE0FF, 0xE0FF, 0xE0FF, 
  0xE0FF, 0xE0FF, 0xE0FF, 0xE0FF, 0xE0FF, 0xE0FF, 0xE0FF, 0xE0FF, 0xE0FF, 0xE0FF, 0xE0FF, 0xE0FF, 0xE0FF, 0xE0FF, 0xE0FF, 0xE0FF, 
  0xE0FF, 0xE0FF, 0xE0FF, 0xE0FF, 0xE0FF, 0xE0FF, 0xE0FF, 0xE0FF, 0xE0FF, 0xE0FF, 0xE0FF, 0xE0FF, 0xE0FF, 0xE0FF, 0xE0FF, 0xE0FF, 
  0xC0FF, 0xCEF7, 0xFEFF, 0x319E, 0xC842, 0x2B53, 0xC942, 0x0A4B, 0xCB52, 0xA842, 0x4B53, 0xA942, 0x6842, 0xCA52, 0x0A53, 0xEA4A, 
  0xA94A, 0xCA4A, 0xA942, 0x894A, 0x4842, 0xA94A, 0x0A4B, 0x483A, 0xA94A, 0x0A4B, 0xA942, 0xA94A, 0xEA52, 0xE94A, 0xCA4A, 0x8842, 
  0x2B53, 0x2843, 0x57CF, 0xF8E7, 0xACA7, 0xEDAF, 0xEBA7, 0xEBAF, 0xEBAF, 0xEBA7, 0xB0BF, 0xFEFF, 0xDFFF, 0xFFFF, 0xFDF7, 0xB2CF, 
  0xCB9F, 0xCE9F, 0xD5CF, 0xF8DF, 0xCFAF, 0xEDA7, 0xAF9F, 0x4954, 0xEB52, 0xA94A, 0xC842, 0x4B53, 0x2943, 0xEA53, 0xC84B, 0x6B64, 
  0xAB64, 0x4C75, 0x8954, 0x095C, 0x6C7D, 0xD7D7, 0xFADF, 0xCC9F, 0xF1BF, 0xEFB7, 0xEBA7, 0xEBAF, 0xEBA7, 0xCBAF, 0xCEBF, 0xD4CF, 
  0x2E8E, 0xE95C, 0x2E97, 0xF2C7, 0xF9DF, 0xF2BF, 0x8C7D, 0xA942, 0x0A4B, 0x2B53, 0x8942, 0x8842, 0xC94A, 0x2A53, 0xC942, 0x0A53, 
  0xA942, 0xC94A, 0x0A53, 0x0B53, 0x4842, 0x4B6D, 0xF2AF, 0xD6DF, 0xCDB7, 0xEAAF, 0xECA7, 0xEBAF, 0xEBAF, 0xEBAF, 0xECA7, 0xEE9F, 
  0xEE97, 0xEE9F, 0xEF97, 0xEF9F, 0xB09F, 0x8B64, 0x8842, 0x8A4A, 0x894A, 0xC942, 0xEA4A, 0xE94A, 0x2A4B, 0xA942, 0x6842, 0xA94A, 
  0xC94A, 0x4B53, 0x6B53, 0x0A53, 0xEA4A, 0xA94A, 0x4842, 0xCA4A, 0xEA4A, 0x0A4B, 0x0A53, 0x2B5B, 0xC94A, 0xA942, 0x694A, 0x8842, 
  0xCA4A, 0x694A, 0x483A, 0x6C75, 0xEDB7, 0xCAAF, 0xECB7, 0x0C86, 0x6A54, 0xD0A7, 0xEF9F, 0xEF97, 0xEE9F, 0xEDA7, 0xECAF, 0xEAA7, 
  0xEBA7, 0xEBAF, 0xCBAF, 0xD1C7, 0xFFFF, 0xFFFF, 0xFDF7, 0xCFD7, 0xC3FF, 0xE0FF, 0xE0FF, 0xC0FF, 0xE0FF, 0xE0FF, 0xE0FF, 0xE0FF, 
  0xE0FF, 0xE0FF, 0xE0FF, 0xE0FF, 0xE0FF, 0xE0FF, 0xE0FF, 0xE0FF, 0xE0FF, 0xE0FF, 0xE0FF, 0xE0FF, 0xE0FF, 0xE0FF, 0xE0FF, 0xE0FF, 
  0xE0FF, 0xE0FF, 0xE0FF, 0xE0FF, 0xE0FF, 0xE0FF, 0xE0FF, 0xE0FF, 0xE0FF, 0xE0FF, 0xE0FF, 0xE0FF, 0xE0FF, 0xE0FF, 0xE0FF, 0xE0FF, 
  0xE0FF, 0xE0FF, 0xE0FF, 0xE0FF, 0xE0FF, 0xE0FF, 0xE0FF, 0xE0FF, 0xE0FF, 0xE0FF, 0xE0FF, 0xE0FF, 0xE0FF, 0xE0FF, 0xE0FF, 0xE0FF, 
  0xE0FF, 0xE0FF, 0xE0FF, 0xE0FF, 0xE0FF, 0xE0FF, 0xE0FF, 0xE0FF, 0xE0FF, 0xE0FF, 0xE0FF, 0xE0FF, 0xE0FF, 0xE0FF, 0xE0FF, 0xE0FF, 
  0xCAFF, 0xFCFF, 0xFAEF, 0x2B64, 0x0A4B, 0x4B53, 0x2A4B, 0x0A4B, 0xC94A, 0xC94A, 0x4B53, 0xEA4A, 0x6842, 0xCA4A, 0x0A53, 0xE94A, 
  0x4B53, 0x4A53, 0xAC63, 0x2A53, 0xE94A, 0x2A53, 0x4A53, 0xCC63, 0x6B53, 0x6B53, 0x4B53, 0xA842, 0xE94A, 0x0A53, 0xCA4A, 0x6942, 
  0xAA52, 0x873A, 0x93AE, 0xFBF7, 0xAEAF, 0xECA7, 0xEC9F, 0xEBAF, 0xEBAF, 0xEBA7, 0xACAF, 0xFBEF, 0xFFFF, 0xFBF7, 0xCFBF, 0xCCA7, 
  0xCFA7, 0xF7D7, 0xD7D7, 0xCEA7, 0xEC9F, 0xEFA7, 0x8A5C, 0x4842, 0xAA52, 0x0A4B, 0x4A53, 0x0A53, 0xEA4A, 0x0B53, 0xAA4A, 0x283A, 
  0x4842, 0xEA4A, 0xEA4A, 0x6942, 0x4732, 0xEB6C, 0xFAE7, 0xD2BF, 0xCFA7, 0xD5DF, 0xCCAF, 0xEBAF, 0xEBAF, 0xECA7, 0xEBA7, 0xAFBF, 
  0xF6DF, 0x509E, 0xA743, 0x4B6D, 0x51AF, 0xF8E7, 0x93B7, 0x0954, 0xAA4A, 0xCA4A, 0xAA4A, 0x8842, 0x684A, 0xAA4A, 0xCA4A, 0x8942, 
  0x0953, 0xEA4A, 0x8942, 0xA94A, 0x6842, 0xAC75, 0xF6D7, 0xD4CF, 0xCAAF, 0xEBAF, 0xEBA7, 0xEBAF, 0xEBAF, 0xEDA7, 0xEE9F, 0xEF9F, 
  0xEF9F, 0xCE97, 0xEF97, 0x919F, 0x6A64, 0xC84A, 0xA94A, 0x8842, 0x683A, 0xC94A, 0x2B53, 0xEA4A, 0xA842, 0x6C5B, 0xEA4A, 0x894A, 
  0x6842, 0xC942, 0x2A4B, 0x4A53, 0x4B53, 0xA942, 0x4842, 0x894A, 0x8942, 0x0A53, 0x683A, 0xCA4A, 0xCA4A, 0x8842, 0xC94A, 0x4842, 
  0xAA4A, 0xC94A, 0xCA42, 0xA94B, 0xADA7, 0xCCAF, 0xEBAF, 0xAEA7, 0x0843, 0x8A5C, 0xF09F, 0xEF97, 0xEF9F, 0xED9F, 0xEBAF, 0xEBAF, 
  0xEBA7, 0xECAF, 0xEAAF, 0xEDB7, 0xFDF7, 0xFFFF, 0xFFFF, 0xD4DF, 0xC4EF, 0xE0FF, 0xE0FF, 0xE0FF, 0xE0FF, 0xE0FF, 0xE0FF, 0xE0FF, 
  0xE0FF, 0xE0FF, 0xE0FF, 0xE0FF, 0xE0FF, 0xE0FF, 0xE0FF, 0xE0FF, 0xE0FF, 0xE0FF, 0xE0FF, 0xE0FF, 0xE0FF, 0xE0FF, 0xE0FF, 0xE0FF, 
  0xE0FF, 0xE0FF, 0xE0FF, 0xE0FF, 0xE0FF, 0xE0FF, 0xE0FF, 0xE0FF, 0xE0FF, 0xE0FF, 0xE0FF, 0xE0FF, 0xE0FF, 0xE0FF, 0xE0FF, 0xE0FF, 
  0xE0FF, 0xE0FF, 0xE0FF, 0xE0FF, 0xE0FF, 0xE0FF, 0xE0FF, 0xE0FF, 0xE0FF, 0xE0FF, 0xE0FF, 0xE0FF, 0xE0FF, 0xE0FF, 0xE0FF, 0xE0FF, 
  0xE0FF, 0xE0FF, 0xE0FF, 0xE0FF, 0xE0FF, 0xE0FF, 0xE0FF, 0xE0FF, 0xE0FF, 0xE0FF, 0xE0FF, 0xE0FF, 0xE0FF, 0xE0FF, 0xE0FF, 0xC4F7, 
  0xFAFF, 0xFFFF, 0xD4B6, 0x0843, 0xE94A, 0x4B53, 0xAC53, 0x8C53, 0xC94A, 0x884A, 0xEA4A, 0x2B53, 0x8842, 0xEA52, 0x8842, 0xA94A, 
  0x0A4B, 0xC94A, 0x0A4B, 0x0A4B, 0xC942, 0x0A4B, 0xEA4A, 0x6B5B, 0x4B53, 0x4A53, 0x0A4B, 0x4B5B, 0xCC63, 0x2A53, 0x6842, 0x2842, 
  0x484A, 0x0632, 0x4F8D, 0xFDFF, 0xB0AF, 0xED9F, 0xEE9F, 0xEBA7, 0xECAF, 0xEBA7, 0xB0C7, 0xFEFF, 0xDAE7, 0xCDAF, 0xCC9F, 0xD1A7, 
  0xF8DF, 0xD4CF, 0xAEA7, 0xCCAF, 0xEEAF, 0x0D7E, 0xC83A, 0xEA52, 0x473A, 0x8942, 0xEA52, 0xC94A, 0xEA4A, 0x8842, 0xA94A, 0x894A, 
  0x8942, 0xA842, 0x6B53, 0xEB63, 0xCB5B, 0xE83A, 0xAE85, 0xFAE7, 0x8FA7, 0xF5CF, 0xD2CF, 0xEAA7, 0xEBAF, 0xEBAF, 0xEBA7, 0xECA7, 
  0xADB7, 0xF7DF, 0xD2AE, 0x083B, 0x894B, 0xCF9E, 0xFAEF, 0xF3B6, 0x273B, 0x8942, 0x894A, 0x4942, 0xC942, 0xC94A, 0xA94A, 0xA94A, 
  0xC94A, 0xC94A, 0x8942, 0x6842, 0x094B, 0xCE96, 0xF9E7, 0xCEB7, 0xEBAF, 0xECAF, 0xEBAF, 0xEBAF, 0xEBA7, 0xEDA7, 0xEF97, 0xF09F, 
  0xCF9F, 0xF0A7, 0x7097, 0x0954, 0x4842, 0x273A, 0x0A4B, 0x6C5B, 0xA94A, 0xA94A, 0xEA52, 0x0A53, 0x8842, 0xE94A, 0xEA52, 0x6842, 
  0x4B5B, 0x6C5B, 0x0A53, 0xCA52, 0xA94A, 0xAA4A, 0x6842, 0x894A, 0x8942, 0x894A, 0x273A, 0xCA52, 0xA94A, 0xA94A, 0xE94A, 0xC94A, 
  0x694A, 0x2A53, 0x8D63, 0xE942, 0x4C86, 0xEEAF, 0xCAA7, 0xECAF, 0x8A6C, 0x8529, 0x8C75, 0xF0A7, 0xCF97, 0xEF9F, 0xECAF, 0xCCAF, 
  0xEBAF, 0xECAF, 0xEBAF, 0xCCAF, 0xF8DF, 0xFFFF, 0xFFFF, 0xF9EF, 0xC6E7, 0xE0FF, 0xC0FF, 0xE0FF, 0xE0FF, 0xE0FF, 0xE0FF, 0xE0FF, 
  0xE0FF, 0xE0FF, 0xE0FF, 0xE0FF, 0xE0FF, 0xE0FF, 0xE0FF, 0xE0FF, 0xE0FF, 0xE0FF, 0xE0FF, 0xE0FF, 0xE0FF, 0xE0FF, 0xE0FF, 0xE0FF, 
  0xE0FF, 0xE0FF, 0xE0FF, 0xE0FF, 0xE0FF, 0xE0FF, 0xE0FF, 0xE0FF, 0xE0FF, 0xE0FF, 0xE0FF, 0xE0FF, 0xE0FF, 0xE0FF, 0xE0FF, 0xE0FF, 
  0xE0FF, 0xE0FF, 0xE0FF, 0xE0FF, 0xE0FF, 0xE0FF, 0xE0FF, 0xE0FF, 0xE0FF, 0xE0FF, 0xE0FF, 0xE0FF, 0xE0FF, 0xE0FF, 0xE0FF, 0xE0FF, 
  0xE0FF, 0xE0FF, 0xE0FF, 0xE0FF, 0xE0FF, 0xE0FF, 0xE0FF, 0xE0FF, 0xE0FF, 0xE0FF, 0xE0FF, 0xE0FF, 0xE0FF, 0xE0FF, 0xC0FF, 0xD0FF, 
  0xFFFF, 0xFCF7, 0xAC74, 0x694B, 0x2D64, 0xC942, 0xC94A, 0xEA52, 0x0A53, 0xC942, 0xA94A, 0x8942, 0xA94A, 0xCA52, 0xA94A, 0xA94A, 
  0xEA52, 0xC94A, 0xA942, 0xC94A, 0xEA4A, 0xCA4A, 0xA942, 0xA942, 0x683A, 0x473A, 0x0A53, 0x2B53, 0x0A4B, 0xC94A, 0x6842, 0x694A, 
  0x894A, 0x8842, 0x6C74, 0xFCF7, 0xD3BF, 0xED9F, 0xEE9F, 0xECA7, 0xEBAF, 0xCCB7, 0xD7DF, 0xD4D7, 0xADB7, 0xCC97, 0xD2AF, 0xF9E7, 
  0xD3BF, 0xCD97, 0xEBAF, 0xEDAF, 0x0E97, 0x294B, 0xEB52, 0xE942, 0x0A53, 0x894A, 0xCA4A, 0xC942, 0xA842, 0xAC5B, 0x2A4B, 0x4B53, 
  0x893A, 0xC952, 0xC942, 0x8C64, 0xEB6C, 0x6942, 0x273B, 0x55C7, 0xD5CF, 0xB0A7, 0xF8E7, 0xCDB7, 0xECA7, 0xECAF, 0xEBAF, 0xEBA7, 
  0xEAA7, 0xADB7, 0xF7E7, 0xD2AE, 0xE842, 0x2843, 0xAE85, 0xFBEF, 0xB4A6, 0x084B, 0xC94A, 0xA942, 0xEB52, 0xC94A, 0xC84A, 0x894A, 
  0xA94A, 0x0A53, 0xE952, 0xCA4A, 0x8A64, 0xD5CF, 0xD6D7, 0xEBA7, 0xEBAF, 0xEBAF, 0xEBAF, 0xECAF, 0xEDA7, 0xEE9F, 0xEE97, 0xEF97, 
  0xF09F, 0x4D86, 0x8953, 0x6842, 0x8842, 0x6842, 0xA94A, 0x2A53, 0x8942, 0x4842, 0x2842, 0x6942, 0xEA52, 0x884A, 0x673A, 0x4B53, 
  0x0A4B, 0x2A53, 0xA94A, 0x6842, 0x8942, 0xC94A, 0x894A, 0xA94A, 0x4842, 0x4842, 0x4842, 0x4842, 0x8842, 0xEA52, 0x2A5B, 0xC94A, 
  0x8942, 0x8842, 0xA94A, 0xAA4A, 0x2A54, 0xCEA7, 0xEBAF, 0xECAF, 0x8E96, 0x283A, 0x084B, 0x0E8F, 0xEF9F, 0xCF97, 0xEDA7, 0xECAF, 
  0xEEBF, 0xEBAF, 0xECAF, 0xEAA7, 0xD2C7, 0xFFFF, 0xFFFF, 0xFDF7, 0xAADF, 0xE0FF, 0xE0FF, 0xE0FF, 0xE0FF, 0xE0FF, 0xE0FF, 0xE0FF, 
  0xE0FF, 0xE0FF, 0xE0FF, 0xE0FF, 0xE0FF, 0xE0FF, 0xE0FF, 0xE0FF, 0xE0FF, 0xE0FF, 0xE0FF, 0xE0FF, 0xE0FF, 0xE0FF, 0xE0FF, 0xE0FF, 
  0xE0FF, 0xE0FF, 0xE0FF, 0xE0FF, 0xE0FF, 0xE0FF, 0xE0FF, 0xE0FF, 0xE0FF, 0xE0FF, 0xE0FF, 0xE0FF, 0xE0FF, 0xE0FF, 0xE0FF, 0xE0FF, 
  0xE0FF, 0xE0FF, 0xE0FF, 0xE0FF, 0xE0FF, 0xE0FF, 0xE0FF, 0xE0FF, 0xE0FF, 0xE0FF, 0xE0FF, 0xE0FF, 0xE0FF, 0xE0FF, 0xE0FF, 0xE0FF, 
  0xE0FF, 0xE0FF, 0xE0FF, 0xE0FF, 0xE0FF, 0xE0FF, 0xE0FF, 0xE0FF, 0xE0FF, 0xE0FF, 0xE0FF, 0xE0FF, 0xE0FF, 0xE0FF, 0xC3FF, 0xF7FF, 
  0xFFFF, 0x35BF, 0x284B, 0x4B4B, 0xED63, 0x2A53, 0x8842, 0xA952, 0x8942, 0xEA4A, 0xA94A, 0x6842, 0x8842, 0xC94A, 0x8942, 0xEA52, 
  0x2B53, 0xC94A, 0xC94A, 0x8942, 0x4842, 0x894A, 0x0A53, 0xE94A, 0x0A53, 0xEA4A, 0x2A53, 0x2A4B, 0xEA4A, 0x2B53, 0xCA4A, 0xEA4A, 
  0x6B53, 0x6B53, 0x4953, 0xDADF, 0xF7CF, 0xCE97, 0xEF9F, 0xEDA7, 0xEBAF, 0xCEB7, 0xEEB7, 0xEBA7, 0xAD9F, 0xB3BF, 0xF8E7, 0xD1AF, 
  0xCD97, 0xEEAF, 0xCCAF, 0xEEA7, 0x0854, 0x2842, 0x8942, 0xA942, 0x0B53, 0xE94A, 0x8942, 0xC94A, 0xC94A, 0x6B5B, 0x0A4B, 0x2A53, 
  0x8942, 0x684A, 0x483A, 0xCB64, 0xED7D, 0x894A, 0x273A, 0x4B6C, 0xF8E7, 0xB0A7, 0xF5CF, 0xD6E7, 0xCBA7, 0xEBAF, 0xCCAF, 0xEBAF, 
  0xEBA7, 0xEBAF, 0xAEAF, 0xF8EF, 0x31A6, 0xE842, 0x4943, 0xAE8D, 0xFCF7, 0x92AE, 0xE742, 0xA94A, 0xA94A, 0x2B53, 0x2A53, 0xCA4A, 
  0xAA42, 0xE94A, 0x6B5B, 0x2943, 0xCE7D, 0xF9E7, 0xAEB7, 0xEBAF, 0xEBAF, 0xEAAF, 0xECAF, 0xEDA7, 0xEF97, 0xEE97, 0xF09F, 0x709F, 
  0x0B65, 0x0843, 0x694A, 0xCA4A, 0x294B, 0xA94A, 0x6942, 0xC942, 0x894A, 0x2842, 0x484A, 0x073A, 0x8842, 0x0A53, 0x2A53, 0x8C5B, 
  0x0A4B, 0x4842, 0xC94A, 0x4A53, 0x294B, 0xE94A, 0x2B53, 0x0B53, 0x4842, 0xA94A, 0x8942, 0x8842, 0xC94A, 0xC94A, 0xC94A, 0xAA4A, 
  0xCA4A, 0x8842, 0x884A, 0xEA4A, 0x673A, 0x4D86, 0xECAF, 0xCBA7, 0xEEAF, 0x095C, 0x283A, 0xAA5C, 0xEFA7, 0xEE97, 0xED9F, 0xEBA7, 
  0xD1C7, 0xCDB7, 0xECAF, 0xEAA7, 0xCEB7, 0xFCF7, 0xFFFF, 0xFFFF, 0xB0DF, 0xE1EF, 0xE0FF, 0xE0FF, 0xE0FF, 0xE0FF, 0xE0FF, 0xE0FF, 
  0xE0FF, 0xE0FF, 0xE0FF, 0xE0FF, 0xE0FF, 0xE0FF, 0xE0FF, 0xE0FF, 0xE0FF, 0xE0FF, 0xE0FF, 0xE0FF, 0xE0FF, 0xE0FF, 0xE0FF, 0xE0FF, 
  0xE0FF, 0xE0FF, 0xE0FF, 0xE0FF, 0xE0FF, 0xE0FF, 0xE0FF, 0xE0FF, 0xE0FF, 0xE0FF, 0xE0FF, 0xE0FF, 0xE0FF, 0xE0FF, 0xE0FF, 0xE0FF, 
  0xE0FF, 0xE0FF, 0xE0FF, 0xE0FF, 0xE0FF, 0xE0FF, 0xE0FF, 0xE0FF, 0xE0FF, 0xE0FF, 0xE0FF, 0xE0FF, 0xE0FF, 0xE0FF, 0xE0FF, 0xE0FF, 
  0xE0FF, 0xE0FF, 0xE0FF, 0xE0FF, 0xE0FF, 0xE0FF, 0xE0FF, 0xE0FF, 0xE0FF, 0xE0FF, 0xE0FF, 0xE0FF, 0xE0FF, 0xC0FF, 0xC7FF, 0xFAFF, 
  0xFDFF, 0x2D85, 0x2A4B, 0xE94A, 0xC94A, 0x2A53, 0x2A4B, 0x2A4B, 0xA842, 0xC952, 0xC94A, 0x2A53, 0xCD63, 0x2A53, 0xC942, 0xEA4A, 
  0x2A53, 0x0A4B, 0xEA4A, 0xA94A, 0x2842, 0xA94A, 0x4A53, 0x2A53, 0x8C63, 0x0A53, 0xC942, 0x4A53, 0x0A53, 0xA842, 0x2A53, 0x0A4B, 
  0x6B53, 0x2B53, 0xA742, 0xF6BE, 0xFAE7, 0xCE9F, 0xEF9F, 0xEDA7, 0xECAF, 0xEBAF, 0xECA7, 0xCE9F, 0xD4BF, 0xF7DF, 0xB1A7, 0xCF97, 
  0xD2BF, 0xCFBF, 0xEFAF, 0x8C7D, 0x063A, 0xEA52, 0x0A4B, 0x0B53, 0xEA4A, 0x2A4B, 0x0A4B, 0x4B53, 0x4A53, 0xAB5B, 0xAC5B, 0x2B53, 
  0xA94A, 0x894A, 0x083A, 0xED7D, 0x0D7E, 0x8742, 0xA94A, 0x8842, 0x93AE, 0xF6D7, 0x8FA7, 0xF8EF, 0xD0BF, 0xEAA7, 0xCCAF, 0xECAF, 
  0xEBAF, 0xECA7, 0xEBA7, 0xAFBF, 0xF9EF, 0xCE85, 0x0943, 0xE842, 0x2D85, 0xFCF7, 0x519E, 0xA63A, 0xA94A, 0x0A4B, 0x0A53, 0xEA4A, 
  0x4C53, 0x4A5B, 0xC94A, 0xC94B, 0x95BF, 0xF4D7, 0xCAA7, 0xECAF, 0xEBAF, 0xEBA7, 0xEDA7, 0xEE97, 0xEF97, 0xF09F, 0xEC7D, 0x084B, 
  0x6942, 0x0B53, 0xC94A, 0xE94A, 0xCA4A, 0xA94A, 0xA94A, 0xC94A, 0x894A, 0x4842, 0x4842, 0xAA52, 0x4842, 0xA942, 0x0A4B, 0x0A4B, 
  0xC94A, 0x4842, 0x4B5B, 0x0C64, 0x6A53, 0x094B, 0x2A4B, 0xEA4A, 0xA94A, 0xEA52, 0xEA4A, 0xEA4A, 0x6C5B, 0xC942, 0xA94A, 0x6942, 
  0x0A4B, 0xC842, 0xC94A, 0x8B5B, 0xAA4A, 0x2B5C, 0xEFA7, 0xCAA7, 0xEBAF, 0x2B7E, 0x483A, 0xE942, 0x0E97, 0xEF9F, 0xED9F, 0xECA7, 
  0xD1C7, 0xD2C7, 0xCBA7, 0xEBAF, 0xCAAF, 0xD6D7, 0xFFFF, 0xFFFF, 0xD6E7, 0xE4E7, 0xE0FF, 0xE0FF, 0xE0FF, 0xE0FF, 0xE0FF, 0xE0FF, 
  0xE0FF, 0xE0FF, 0xE0FF, 0xE0FF, 0xE0FF, 0xE0FF, 0xE0FF, 0xE0FF, 0xE0FF, 0xE0FF, 0xE0FF, 0xE0FF, 0xE0FF, 0xE0FF, 0xE0FF, 0xE0FF, 
  0xE0FF, 0xE0FF, 0xE0FF, 0xE0FF, 0xE0FF, 0xE0FF, 0xE0FF, 0xE0FF, 0xE0FF, 0xE0FF, 0xE0FF, 0xE0FF, 0xE0FF, 0xE0FF, 0xE0FF, 0xE0FF, 
  0xE0FF, 0xE0FF, 0xE0FF, 0xE0FF, 0xE0FF, 0xE0FF, 0xE0FF, 0xE0FF, 0xE0FF, 0xE0FF, 0xE0FF, 0xE0FF, 0xE0FF, 0xE0FF, 0xE0FF, 0xE0FF, 
  0xE0FF, 0xE0FF, 0xE0FF, 0xE0FF, 0xE0FF, 0xE0FF, 0xE0FF, 0xE0FF, 0xE0FF, 0xE0FF, 0xE0FF, 0xE0FF, 0xE0FF, 0xE0FF, 0xF1FF, 0xFFFF, 
  0x97D7, 0x484B, 0x2A4B, 0x094B, 0x4B53, 0x4B53, 0x6B53, 0x2A4B, 0x2A53, 0x2A53, 0xC94A, 0x094B, 0x4A53, 0x4A4B, 0x0A4B, 0x0A53, 
  0x2A53, 0xEA4A, 0x0A53, 0x0A53, 0xEA4A, 0xEA52, 0x2A53, 0xA942, 0x8942, 0xEA4A, 0x2B53, 0xEA4A, 0xC94A, 0x0A53, 0xE94A, 0x0A53, 
  0x8842, 0x684A, 0x673A, 0xD295, 0xFBF7, 0xCFA7, 0xEF9F, 0xED9F, 0xEBA7, 0xED9F, 0xAE9F, 0xF4CF, 0xF6D7, 0xEC7D, 0x8D8F, 0xD5CF, 
  0xD3CF, 0xECA7, 0x0E97, 0xC842, 0xCA4A, 0xAA53, 0x2A4B, 0x0A4B, 0x4A53, 0xC94A, 0x0A53, 0xAC5B, 0x294B, 0x4B53, 0x4B53, 0xA942, 
  0x6942, 0x683A, 0xE94A, 0x4F9F, 0xAD75, 0x6B53, 0x2A4B, 0xAA42, 0xEA5B, 0xF9DF, 0xB1B7, 0xD3BF, 0xF9E7, 0xCCAF, 0xEBA7, 0xECA7, 
  0xEBAF, 0xEBAF, 0xEBAF, 0xCBA7, 0xB2C7, 0xF9E7, 0x2C75, 0xA842, 0xA742, 0xAF95, 0xFBF7, 0xD095, 0x2943, 0x2B53, 0x6842, 0xE94A, 
  0xE94A, 0xC952, 0x483A, 0x4C75, 0xF5DF, 0xAEB7, 0xEAA7, 0xECAF, 0xEBA7, 0xEEA7, 0xEE97, 0xEF9F, 0xB0A7, 0xEB6C, 0xA842, 0x0A53, 
  0xE94A, 0x2A53, 0xC942, 0x0A4B, 0xEA4A, 0xC94A, 0xA94A, 0x894A, 0x283A, 0x4842, 0x4842, 0x4842, 0x073A, 0x894A, 0x8942, 0xCA4A, 
  0xCA4A, 0x483A, 0xEA4A, 0xE94A, 0xC942, 0xAC5B, 0xAC5B, 0xC942, 0x894A, 0xCA4A, 0x0A53, 0xE94A, 0xC94A, 0x2B53, 0x894A, 0x4842, 
  0x094B, 0xAB63, 0x6C53, 0x4A4B, 0xC94A, 0xA842, 0xCE8E, 0xECAF, 0xEBAF, 0xAEA7, 0x8953, 0x6942, 0x2C6D, 0xEF9F, 0xEF97, 0xCDA7, 
  0xEEB7, 0xD7DF, 0xCCAF, 0xEBAF, 0xEBAF, 0xCFB7, 0xFDFF, 0xFFFF, 0xDBE7, 0xA7DF, 0xE0FF, 0xE0FF, 0xE0FF, 0xE0FF, 0xE0FF, 0xE0FF, 
  0xE0FF, 0xE0FF, 0xE0FF, 0xE0FF, 0xE0FF, 0xE0FF, 0xE0FF, 0xE0FF, 0xE0FF, 0xE0FF, 0xE0FF, 0xE0FF, 0xE0FF, 0xE0FF, 0xE0FF, 0xE0FF, 
  0xE0FF, 0xE0FF, 0xE0FF, 0xE0FF, 0xE0FF, 0xE0FF, 0xE0FF, 0xE0FF, 0xE0FF, 0xE0FF, 0xE0FF, 0xE0FF, 0xE0FF, 0xE0FF, 0xE0FF, 0xE0FF, 
  0xE0FF, 0xE0FF, 0xE0FF, 0xE0FF, 0xE0FF, 0xE0FF, 0xE0FF, 0xE0FF, 0xE0FF, 0xE0FF, 0xE0FF, 0xE0FF, 0xE0FF, 0xE0FF, 0xE0FF, 0xE0FF, 
  0xE0FF, 0xE0FF, 0xE0FF, 0xE0FF, 0xE0FF, 0xE0FF, 0xE0FF, 0xE0FF, 0xE0FF, 0xE0FF, 0xE0FF, 0xE0FF, 0xE0FF, 0xC2FF, 0xF7FF, 0xFFFF, 
  0x0F96, 0xC742, 0xE94A, 0xAA42, 0xA942, 0xCA4A, 0x0A53, 0xEA4A, 0x0A53, 0x0A4B, 0x8942, 0x6942, 0x483A, 0x8842, 0xC94A, 0x894A, 
  0xA94A, 0xA942, 0xA942, 0x0A4B, 0xEA4A, 0xC94A, 0x2B53, 0xA942, 0xE94A, 0xE94A, 0x4A53, 0x2A4B, 0xEA52, 0xEA52, 0x2B5B, 0xA94A, 
  0x894A, 0x4842, 0x6942, 0x8D7C, 0xFBF7, 0xD1B7, 0xEE97, 0xEE9F, 0xEE9F, 0xED97, 0xF3C7, 0x33BF, 0x284C, 0x0B76, 0xF3C7, 0xF8DF, 
  0xCDAF, 0xCEA7, 0xC953, 0x4842, 0x0A53, 0x2A4B, 0x6A53, 0xAC5B, 0x8B53, 0x094B, 0xC942, 0xCC6C, 0x6A53, 0x8A42, 0xA842, 0x2A53, 
  0xA94A, 0x4942, 0xC953, 0xCFA7, 0x4B64, 0xEA4A, 0x0953, 0xEB4A, 0xA73A, 0xF09D, 0xF8DF, 0xAE9F, 0xF9E7, 0xD3CF, 0xEBA7, 0xEBA7, 
  0xEBAF, 0xECAF, 0xEBAF, 0xECAF, 0xCBA7, 0xD6DF, 0xF7DF, 0x0B6D, 0x8942, 0xA95B, 0xEF95, 0xFCFF, 0x8E85, 0xA83A, 0xE952, 0x0A4B, 
  0xE94A, 0x484A, 0x494B, 0x70AF, 0xF0BF, 0xEBA7, 0xEBA7, 0xEDA7, 0xEE9F, 0xCE97, 0xF09F, 0x3097, 0xE953, 0x8842, 0x4B5B, 0x2A4B, 
  0x094B, 0x6B5B, 0xC942, 0xAC5B, 0xAB53, 0x4A4B, 0x2A4B, 0x0A4B, 0x4B53, 0xEA4A, 0xA94A, 0xA94A, 0x8942, 0x2B53, 0x0A53, 0xCA4A, 
  0x8942, 0x8842, 0xCA4A, 0x8942, 0x683A, 0x0A4B, 0x8C5B, 0x6842, 0x494A, 0x0842, 0x8842, 0x0A4B, 0xE94A, 0x8842, 0x6842, 0x473A, 
  0x4B5B, 0x0A53, 0x8842, 0x0A4B, 0x2A53, 0x6842, 0xAA64, 0xEFAF, 0xCBAF, 0xEDB7, 0x4B6D, 0x073A, 0x484B, 0x6E9F, 0xEF97, 0xEE9F, 
  0xCCAF, 0xF8E7, 0xD1BF, 0xEBA7, 0xECB7, 0xEBA7, 0xF7DF, 0xFFFF, 0xDEF7, 0xCCD7, 0xE0FF, 0xE0FF, 0xE0FF, 0xE0FF, 0xE0FF, 0xE0FF, 
  0xE0FF, 0xE0FF, 0xE0FF, 0xE0FF, 0xE0FF, 0xE0FF, 0xE0FF, 0xE0FF, 0xE0FF, 0xE0FF, 0xE0FF, 0xE0FF, 0xE0FF, 0xE0FF, 0xE0FF, 0xE0FF, 
  0xE0FF, 0xE0FF, 0xE0FF, 0xE0FF, 0xE0FF, 0xE0FF, 0xE0FF, 0xE0FF, 0xE0FF, 0xE0FF, 0xE0FF, 0xE0FF, 0xE0FF, 0xE0FF, 0xE0FF, 0xE0FF, 
  0xE0FF, 0xE0FF, 0xE0FF, 0xE0FF, 0xE0FF, 0xE0FF, 0xE0FF, 0xE0FF, 0xE0FF, 0xE0FF, 0xE0FF, 0xE0FF, 0xE0FF, 0xE0FF, 0xE0FF, 0xE0FF, 
  0xE0FF, 0xE0FF, 0xE0FF, 0xE0FF, 0xE0FF, 0xE0FF, 0xE0FF, 0xE0FF, 0xE0FF, 0xE0FF, 0xE0FF, 0xE0FF, 0xE0FF, 0xC8F7, 0xFCFF, 0xFADF, 
  0x2A5C, 0x8942, 0xEA4A, 0xEA4A, 0xEA4A, 0xEA4A, 0xEA4A, 0xC94A, 0xA942, 0xA94A, 0xEA4A, 0x8942, 0x0B53, 0x4B53, 0xC94A, 0xC94A, 
  0xA94A, 0xC94A, 0x0A4B, 0x8C63, 0xEA52, 0xCA4A, 0xE94A, 0xCC63, 0xEC63, 0x4A53, 0x2A53, 0xC94A, 0x8842, 0xA942, 0x0A4B, 0xE94A, 
  0xA942, 0xA942, 0x8942, 0x484B, 0xDAE7, 0xD4C7, 0xCF97, 0xEF9F, 0xCE97, 0xEEAF, 0x8E96, 0xE83A, 0x0954, 0xD3B7, 0xFAEF, 0xCFB7, 
  0xEEA7, 0x2D6D, 0x6942, 0x0A4B, 0xEA4A, 0xEA52, 0x4A53, 0xE942, 0x4D64, 0x0C5C, 0x8953, 0x2F8E, 0xE942, 0x2A4B, 0xE94A, 0x8842, 
  0xEA4A, 0x2B4B, 0xEA6C, 0xCEA7, 0x294B, 0x8842, 0xE94A, 0x094B, 0x8A53, 0x8853, 0x98CF, 0xD3BF, 0xB1B7, 0xF9EF, 0xCEAF, 0xEBAF, 
  0xEBA7, 0xECAF, 0xEBAF, 0xEBAF, 0xEBA7, 0xADAF, 0xF8E7, 0x94CF, 0xC84B, 0x4B4B, 0x2943, 0x93AE, 0xFAEF, 0x8B64, 0xA842, 0x2B53, 
  0xEA4A, 0x473A, 0xCA64, 0xEEB7, 0xCEA7, 0xEDA7, 0xED9F, 0xED9F, 0xEE9F, 0xF0A7, 0x8E86, 0xA853, 0xC94A, 0xAA52, 0xA842, 0x4A53, 
  0x6B5B, 0xC94A, 0x673A, 0x4B53, 0xED63, 0xAB5B, 0xCC63, 0x6B53, 0x2A4B, 0x4B53, 0x0A4B, 0xEA52, 0xA94A, 0xEA4A, 0xC942, 0xEA4A, 
  0xA942, 0x0A53, 0x2B53, 0x2B53, 0x8C5B, 0x8B5B, 0x4A53, 0xA942, 0xA94A, 0x273A, 0xC94A, 0x0A4B, 0x4B53, 0x8942, 0x894A, 0xEA52, 
  0xC94A, 0x8842, 0xA94A, 0x0A53, 0x2B53, 0xCA4A, 0x6A53, 0x6E9F, 0xEBAF, 0xECAF, 0x0E97, 0x4A53, 0x683A, 0x0C7E, 0xEF9F, 0xEE9F, 
  0xEBA7, 0xD5D7, 0xD8E7, 0xCAAF, 0xECAF, 0xEBAF, 0xD0BF, 0xFEFF, 0xFFFF, 0xD0D7, 0xC3F7, 0xE0FF, 0xE0FF, 0xE0FF, 0xE0FF, 0xE0FF, 
  0xE0FF, 0xE0FF, 0xE0FF, 0xE0FF, 0xE0FF, 0xE0FF, 0xE0FF, 0xE0FF, 0xE0FF, 0xE0FF, 0xE0FF, 0xE0FF, 0xE0FF, 0xE0FF, 0xE0FF, 0xE0FF, 
  0xE0FF, 0xE0FF, 0xE0FF, 0xE0FF, 0xE0FF, 0xE0FF, 0xE0FF, 0xE0FF, 0xE0FF, 0xE0FF, 0xE0FF, 0xE0FF, 0xE0FF, 0xE0FF, 0xE0FF, 0xE0FF, 
  0xE0FF, 0xE0FF, 0xE0FF, 0xE0FF, 0xE0FF, 0xE0FF, 0xE0FF, 0xE0FF, 0xE0FF, 0xE0FF, 0xE0FF, 0xE0FF, 0xE0FF, 0xE0FF, 0xE0FF, 0xE0FF, 
  0xE0FF, 0xE0FF, 0xE0FF, 0xE0FF, 0xE0FF, 0xE0FF, 0xE0FF, 0xE0FF, 0xE0FF, 0xE0FF, 0xE0FF, 0xC0FF, 0xE2F7, 0xD2F7, 0xFFFF, 0xF4AE, 
  0xAB53, 0xA94A, 0x0B53, 0xE942, 0xE94A, 0xE94A, 0xE94A, 0xA842, 0x8842, 0x0A53, 0xEA4A, 0x6842, 0x2B53, 0x2A53, 0x4A53, 0x4B53, 
  0xEA52, 0xEA4A, 0x4B53, 0xC942, 0x8842, 0x8942, 0xC94A, 0xAB5B, 0x4D64, 0xEB5B, 0x2A4B, 0x0A53, 0x4B53, 0x0943, 0x6B53, 0x2E6C, 
  0xAC5B, 0x6B53, 0x2A4B, 0x0843, 0x17CF, 0xF7D7, 0xCF97, 0xEE97, 0xEEA7, 0xCB7D, 0x673A, 0xA83A, 0xAF96, 0xFAE7, 0xB5D7, 0xED9F, 
  0xAE8E, 0x294B, 0x2953, 0x2C64, 0xEA4A, 0xAA4A, 0x273A, 0xC84A, 0x6B5B, 0x094B, 0xCD7D, 0xCD75, 0x8942, 0x8C63, 0x8B5B, 0x0A4B, 
  0xAB53, 0xCA4B, 0xCD9E, 0x8C86, 0xC942, 0x894A, 0xE94A, 0xA84A, 0x8E7D, 0x684B, 0x0F7D, 0xF9E7, 0x8F9F, 0xF6DF, 0xD6DF, 0xEBA7, 
  0xEBAF, 0xEBA7, 0xECAF, 0xEBA7, 0xEBAF, 0xEAA7, 0xCFB7, 0xFBF7, 0x10AF, 0x684B, 0xAA4A, 0xA94B, 0x75CF, 0xB7DF, 0x684B, 0x8B5B, 
  0x4A53, 0x8953, 0x2D97, 0xEEA7, 0xCF9F, 0xCF9F, 0xEE97, 0xEF9F, 0xEF9F, 0xCD7D, 0xA73A, 0xEA52, 0x8A4A, 0x6942, 0xA842, 0x2A4B, 
  0x6B53, 0xEA4A, 0x473A, 0xA94A, 0xC94A, 0x4B53, 0x2A4B, 0xC94A, 0xE94A, 0xE94A, 0x2A53, 0xA842, 0x0A53, 0x684A, 0x473A, 0xA94A, 
  0x6842, 0x884A, 0xA842, 0x4A53, 0xC94A, 0xA94A, 0x8842, 0x2A4B, 0x6B53, 0x2A4B, 0x2A53, 0x0A53, 0xCA4A, 0x8942, 0xCA4A, 0xA94A, 
  0xCA4A, 0x6842, 0x894A, 0x8842, 0x6842, 0xCA4A, 0x893A, 0x4B75, 0xEDAF, 0xEBA7, 0xEEAF, 0xAB64, 0x2942, 0x6A64, 0xEF9F, 0xEE9F, 
  0xEB9F, 0xD0BF, 0xFDFF, 0xCFBF, 0xEBA7, 0xEBAF, 0xCBAF, 0xD9E7, 0xFFFF, 0xD6DF, 0xC4E7, 0xC0FF, 0xE0FF, 0xE0FF, 0xE0FF, 0xE0FF, 
  0xE0FF, 0xE0FF, 0xE0FF, 0xE0FF, 0xE0FF, 0xE0FF, 0xE0FF, 0xE0FF, 0xE0FF, 0xE0FF, 0xE0FF, 0xE0FF, 0xE0FF, 0xE0FF, 0xE0FF, 0xE0FF, 
  0xE0FF, 0xE0FF, 0xE0FF, 0xE0FF, 0xE0FF, 0xE0FF, 0xE0FF, 0xE0FF, 0xE0FF, 0xE0FF, 0xE0FF, 0xE0FF, 0xE0FF, 0xE0FF, 0xE0FF, 0xE0FF, 
  0xE0FF, 0xE0FF, 0xE0FF, 0xE0FF, 0xE0FF, 0xE0FF, 0xE0FF, 0xE0FF, 0xE0FF, 0xE0FF, 0xE0FF, 0xE0FF, 0xE0FF, 0xE0FF, 0xE0FF, 0xE0FF, 
  0xE0FF, 0xE0FF, 0xE0FF, 0xE0FF, 0xE0FF, 0xE0FF, 0xE0FF, 0xE0FF, 0xE0FF, 0xE0FF, 0xE0FF, 0xE0FF, 0xC8F7, 0xFCFF, 0xFBEF, 0x2B75, 
  0x0843, 0xEA52, 0xC952, 0x4A53, 0x2A4B, 0xAC63, 0x6B5B, 0x2A53, 0xC94A, 0xA94A, 0xC94A, 0xA94A, 0xC94A, 0xC942, 0x4A53, 0xE94A, 
  0xEA4A, 0xE94A, 0x0A4B, 0xEA4A, 0x0A4B, 0xCA4A, 0x894A, 0x8842, 0x4A4B, 0x8E6C, 0x0843, 0x094B, 0x2B5B, 0x0A53, 0x0A53, 0xE94A, 
  0xE94A, 0x2A53, 0x8B5B, 0xE842, 0x53AE, 0xF9DF, 0xCE97, 0xF09F, 0x6D86, 0x673A, 0x694A, 0x674B, 0x97CF, 0xF8E7, 0xCD9F, 0x909F, 
  0xA953, 0xC94A, 0x0C6D, 0x2A5C, 0xA94A, 0x8942, 0xEA4A, 0xC952, 0x6842, 0xA73A, 0x509F, 0xCC64, 0xE94A, 0xEA52, 0x294B, 0x4B53, 
  0x4E64, 0x8B64, 0xCDA7, 0x2A6D, 0xCA4A, 0xCA52, 0xA942, 0x6942, 0x2C6D, 0xAC64, 0x0843, 0x55C7, 0xF4C7, 0x90A7, 0xFAF7, 0xEFB7, 
  0xEBAF, 0xEBAF, 0xEBAF, 0xECA7, 0xEBAF, 0xECA7, 0xEB9F, 0xB3CF, 0xFBF7, 0x6C96, 0x2843, 0x0B4B, 0x2A64, 0xD7DF, 0xB2AE, 0x284B, 
  0xEA4A, 0x8B5C, 0xD0A7, 0xEE9F, 0xEE97, 0xEF9F, 0xF09F, 0x8E86, 0xEA53, 0x8842, 0xA94A, 0xEA4A, 0x2B53, 0xEA4A, 0x0A4B, 0xA942, 
  0xEA4A, 0xEA4A, 0xA94A, 0xA94A, 0xEA4A, 0x0A4B, 0x2A53, 0x0A53, 0xEA4A, 0x2A53, 0xC94A, 0x4B5B, 0xE952, 0x6842, 0xEA4A, 0x6C5B, 
  0xEA4A, 0x0A53, 0x0A4B, 0xA842, 0xA94A, 0x4942, 0x4842, 0x6B5B, 0x2A4B, 0x0A4B, 0x2B53, 0xA94A, 0x6842, 0x6842, 0x894A, 0xEA4A, 
  0xC94A, 0xA942, 0x8942, 0xCA4A, 0xEA4A, 0x0B53, 0xA94A, 0x084B, 0x8E9F, 0xEAA7, 0xECA7, 0x6E86, 0x6942, 0xE842, 0x4F97, 0xEF9F, 
  0xED9F, 0xCCAF, 0xFBEF, 0xD9E7, 0xCCA7, 0xEBAF, 0xEAA7, 0xD1C7, 0xFFFF, 0xFBEF, 0xC6DF, 0xC0FF, 0xE0FF, 0xE0FF, 0xE0FF, 0xE0FF, 
  0xE0FF, 0xE0FF, 0xE0FF, 0xE0FF, 0xE0FF, 0xE0FF, 0xE0FF, 0xE0FF, 0xE0FF, 0xE0FF, 0xE0FF, 0xE0FF, 0xE0FF, 0xE0FF, 0xE0FF, 0xE0FF, 
  0xE0FF, 0xE0FF, 0xE0FF, 0xE0FF, 0xE0FF, 0xE0FF, 0xE0FF, 0xE0FF, 0xE0FF, 0xE0FF, 0xE0FF, 0xE0FF, 0xE0FF, 0xE0FF, 0xE0FF, 0xE0FF, 
  0xE0FF, 0xE0FF, 0xE0FF, 0xE0FF, 0xE0FF, 0xE0FF, 0xE0FF, 0xE0FF, 0xE0FF, 0xE0FF, 0xE0FF, 0xE0FF, 0xE0FF, 0xE0FF, 0xE0FF, 0xE0FF, 
  0xE0FF, 0xE0FF, 0xE0FF, 0xE0FF, 0xE0FF, 0xE0FF, 0xE0FF, 0xE0FF, 0xE0FF, 0xE0FF, 0xE0FF, 0xE2EF, 0xD2EF, 0xFFFF, 0x95BF, 0x8F96, 
  0x0C5C, 0xAD53, 0xCB5B, 0xEC5B, 0x6B53, 0x6B5B, 0xE94A, 0x2A53, 0x2A53, 0xE94A, 0x2B53, 0xC94A, 0xA94A, 0x6B5B, 0x2A53, 0xC94A, 
  0x8C5B, 0x8C5B, 0x2A4B, 0x2A4B, 0x4B53, 0x2A53, 0xCA4A, 0xEA4A, 0xC942, 0x4A53, 0x6A53, 0x4A53, 0x4B53, 0xE94A, 0x4A53, 0x6B53, 
  0x2A4B, 0xC94A, 0xA842, 0xC842, 0xCF8D, 0xFAE7, 0xCE9F, 0xD09F, 0x694B, 0xA94A, 0x084B, 0xF19D, 0xFCFF, 0xB0AF, 0xCF97, 0xAC64, 
  0x694A, 0x0943, 0x4E86, 0xE842, 0xEA52, 0x4A53, 0xCC63, 0x2A4B, 0xAD53, 0xEB64, 0x90A7, 0x294B, 0xA842, 0x4B53, 0x4A4B, 0xE94A, 
  0xAC5B, 0x2B75, 0xEEAF, 0xC95B, 0x8942, 0xA94A, 0x0B53, 0x493A, 0x6A5C, 0x2E86, 0x0843, 0x8C74, 0xFAE7, 0xAE9F, 0xD5CF, 0xF8DF, 
  0xCBA7, 0xEBAF, 0xECAF, 0xEBAF, 0xEBA7, 0xECA7, 0xEBAF, 0xCAAF, 0xD7DF, 0xF8DF, 0xCD7D, 0x694B, 0x2842, 0xED74, 0xF7DF, 0x0C6D, 
  0x4732, 0x6A64, 0xF0A7, 0xEE97, 0xEF9F, 0xAD86, 0x6A64, 0x8742, 0x283A, 0xCA4A, 0x884A, 0xA94A, 0xC94A, 0x8842, 0x694A, 0xE739, 
  0x8942, 0xC94A, 0xA94A, 0x473A, 0x2B53, 0x4B5B, 0xA94A, 0xA94A, 0xC94A, 0x0B53, 0xC94A, 0x8842, 0x6842, 0x6842, 0x4842, 0xCA52, 
  0xC952, 0xEA4A, 0xC942, 0x0A53, 0xA94A, 0x2842, 0x6842, 0x6842, 0xC94A, 0xA942, 0x8842, 0x473A, 0xEA52, 0x894A, 0x6842, 0x4B53, 
  0xEA4A, 0xEA4A, 0x2B5B, 0xA94A, 0xCA4A, 0x894A, 0xA84A, 0x483A, 0xCD85, 0xECAF, 0xECA7, 0xD09F, 0x694B, 0x0632, 0xEE85, 0xF09F, 
  0xCE9F, 0xEBA7, 0xD5CF, 0xFFFF, 0xB1BF, 0xEBA7, 0xECAF, 0xCCAF, 0xFBEF, 0xFEFF, 0xCBD7, 0xE1FF, 0xE0FF, 0xE0FF, 0xE0FF, 0xE0FF, 
  0xE0FF, 0xE0FF, 0xE0FF, 0xE0FF, 0xE0FF, 0xE0FF, 0xE0FF, 0xE0FF, 0xE0FF, 0xE0FF, 0xE0FF, 0xE0FF, 0xE0FF, 0xE0FF, 0xE0FF, 0xE0FF, 
  0xE0FF, 0xE0FF, 0xE0FF, 0xE0FF, 0xE0FF, 0xE0FF, 0xE0FF, 0xE0FF, 0xE0FF, 0xE0FF, 0xE0FF, 0xE0FF, 0xE0FF, 0xE0FF, 0xE0FF, 0xE0FF, 
  0xE0FF, 0xE0FF, 0xE0FF, 0xE0FF, 0xE0FF, 0xE0FF, 0xE0FF, 0xE0FF, 0xE0FF, 0xE0FF, 0xE0FF, 0xE0FF, 0xE0FF, 0xE0FF, 0xE0FF, 0xE0FF, 
  0xE0FF, 0xE0FF, 0xE0FF, 0xE0FF, 0xE0FF, 0xE0FF, 0xE0FF, 0xE0FF, 0xE0FF, 0xC0FF, 0xE0FF, 0xC9E7, 0xDCF7, 0xFCF7, 0x6C7D, 0xAB5B, 
  0x8A53, 0xCC53, 0x2A53, 0x4A4B, 0x8B53, 0xE942, 0x2A4B, 0x0A4B, 0xEA4A, 0xA942, 0x2A53, 0xCA4A, 0xA942, 0x4B53, 0x2A4B, 0xC942, 
  0x2A4B, 0x4A53, 0xAC5B, 0x294B, 0x6B53, 0xCC5B, 0x6B53, 0x2A53, 0x0B53, 0xCA4A, 0xEA4A, 0x2A53, 0x4B53, 0x0A4B, 0x2A53, 0xCD63, 
  0x0A4B, 0x0A53, 0x0B53, 0x8842, 0xEB6C, 0xF9E7, 0xF0A7, 0xEE8E, 0xC94A, 0x883A, 0x8C6C, 0xFDF7, 0xB2C7, 0xEF9F, 0x6D75, 0xC942, 
  0xC942, 0x8B64, 0x6E8E, 0x8842, 0x0B4B, 0x8B53, 0x294B, 0xEA4A, 0xA93A, 0x2D8E, 0xCE96, 0x673A, 0x4842, 0x4A53, 0x2B4B, 0x2A53, 
  0x6732, 0xAB85, 0x6EA7, 0x0843, 0xE952, 0xA94A, 0x894A, 0x6942, 0xAC64, 0xEE8E, 0x294B, 0x4943, 0xD4B6, 0xF5CF, 0xAE9F, 0xF9E7, 
  0xD2C7, 0xEBA7, 0xEBAF, 0xECAF, 0xEBAF, 0xEBAF, 0xECAF, 0xEBAF, 0xCCAF, 0xD7DF, 0xD4CF, 0xEA6C, 0x2A4B, 0xA73A, 0xAE9E, 0x8FAF, 
  0x694B, 0x694B, 0xB09F, 0xEF9F, 0x6E8E, 0xC83A, 0x8A42, 0xE952, 0xEA4A, 0x0A4B, 0xA94A, 0xC94A, 0xC94A, 0xA94A, 0x894A, 0x6842, 
  0xA942, 0xEA4A, 0x0A53, 0x0A4B, 0xC942, 0x8842, 0xA94A, 0xC94A, 0xC94A, 0xCA4A, 0xCA4A, 0x894A, 0xEA52, 0x2B53, 0xA94A, 0x6842, 
  0x6842, 0x0A4B, 0x6B53, 0xEA4A, 0x0A53, 0xEA52, 0xC94A, 0xEA4A, 0x0A53, 0xA94A, 0x483A, 0x0A53, 0x2B53, 0x8842, 0x8842, 0xEA4A, 
  0xEA4A, 0xC94A, 0xC94A, 0x4842, 0x6842, 0xA94A, 0xA94A, 0x6842, 0x8953, 0xCEA7, 0xCCA7, 0xF0A7, 0x6C75, 0x063A, 0x4A5C, 0xF09F, 
  0xCF97, 0xECA7, 0xCFBF, 0xFFFF, 0xD7DF, 0xCAAF, 0xECAF, 0xCBA7, 0xD3D7, 0xFFFF, 0xD1D7, 0xC1EF, 0xE0FF, 0xE0FF, 0xE0FF, 0xE0FF, 
  0xE0FF, 0xE0FF, 0xE0FF, 0xE0FF, 0xE0FF, 0xE0FF, 0xE0FF, 0xE0FF, 0xE0FF, 0xE0FF, 0xE0FF, 0xE0FF, 0xE0FF, 0xE0FF, 0xE0FF, 0xE0FF, 
  0xE0FF, 0xE0FF, 0xE0FF, 0xE0FF, 0xE0FF, 0xE0FF, 0xE0FF, 0xE0FF, 0xE0FF, 0xE0FF, 0xE0FF, 0xE0FF, 0xE0FF, 0xE0FF, 0xE0FF, 0xE0FF, 
  0xE0FF, 0xE0FF, 0xE0FF, 0xE0FF, 0xE0FF, 0xE0FF, 0xE0FF, 0xE0FF, 0xE0FF, 0xE0FF, 0xE0FF, 0xE0FF, 0xE0FF, 0xE0FF, 0xE0FF, 0xE0FF, 
  0xE0FF, 0xE0FF, 0xE0FF, 0xE0FF, 0xE0FF, 0xE0FF, 0xE0FF, 0xE0FF, 0xE0FF, 0xE0FF, 0xC2F7, 0xB3EF, 0xFFFF, 0x96CF, 0xA853, 0xCA52, 
  0x4B5B, 0xA742, 0x8953, 0x0C6D, 0x8953, 0x4C5B, 0xAB5B, 0x4A53, 0x6B53, 0x6B5B, 0x0A53, 0xEA4A, 0x2A53, 0xCC5B, 0xAC5B, 0xAB53, 
  0x6B53, 0x2A53, 0x0A53, 0x0A53, 0x2A53, 0x0A4B, 0x8B53, 0x8C5B, 0x0B53, 0xA94A, 0xCA4A, 0xC94A, 0xEA4A, 0xE94A, 0xC94A, 0x0A53, 
  0xA94A, 0xCA4A, 0xA94A, 0x6842, 0x4A5C, 0xD5CF, 0xF0A7, 0x8D75, 0x4842, 0x4953, 0x99DF, 0xD7D7, 0xEFA7, 0x2D7E, 0xC842, 0x6C5B, 
  0x4A53, 0xAE8E, 0x4C6D, 0xC94A, 0xCA52, 0x0A4B, 0xA84A, 0x8A4A, 0xE73A, 0x8DA7, 0xCC7D, 0x094B, 0xEA52, 0xE94A, 0xEA4A, 0xC94A, 
  0x294B, 0x0D97, 0x4C8E, 0x883A, 0xE94A, 0xCA4A, 0xA94A, 0xA942, 0xAD7D, 0x2E8F, 0x0953, 0x2A4B, 0x8C6C, 0xD8E7, 0xB0A7, 0xD2B7, 
  0xF8EF, 0xCCAF, 0xEBAF, 0xECAF, 0xECAF, 0xEBAF, 0xEBAF, 0xEBAF, 0xEBA7, 0xCCAF, 0xF2CF, 0x2EA7, 0xA843, 0xAA4A, 0xE95B, 0xEFB7, 
  0x4B75, 0x2632, 0xCF8E, 0xF0A7, 0xC84B, 0xEA52, 0xA94A, 0x273A, 0xCA4A, 0x6B53, 0x6B53, 0x4A4B, 0x4B53, 0xC94A, 0x6842, 0xA94A, 
  0xC942, 0x4B53, 0x8C5B, 0x2A4B, 0xA842, 0x2B5B, 0xA94A, 0x0A4B, 0x4B53, 0x8842, 0xA94A, 0xEA52, 0xEA4A, 0xEA4A, 0xC94A, 0x8842, 
  0xA94A, 0x6B53, 0xAB5B, 0xE94A, 0xE94A, 0xC94A, 0x4B5B, 0x6B5B, 0x294B, 0xAC5B, 0xE94A, 0xA94A, 0x894A, 0x8942, 0xA94A, 0x6842, 
  0xA942, 0xC94A, 0x0A53, 0x0B53, 0x2B53, 0xA942, 0x6842, 0x094B, 0xA942, 0xAD8E, 0xECA7, 0xED9F, 0x0F97, 0xE953, 0x8C64, 0x2F97, 
  0xEF9F, 0xED9F, 0xCCA7, 0xFBEF, 0xFDFF, 0xCEB7, 0xEBA7, 0xEBAF, 0xCEB7, 0xFEFF, 0xF7DF, 0xE4DF, 0xC1FF, 0xE0FF, 0xE0FF, 0xE0FF, 
  0xE0FF, 0xE0FF, 0xE0FF, 0xE0FF, 0xE0FF, 0xE0FF, 0xE0FF, 0xE0FF, 0xE0FF, 0xE0FF, 0xE0FF, 0xE0FF, 0xE0FF, 0xE0FF, 0xE0FF, 0xE0FF, 
  0xE0FF, 0xE0FF, 0xE0FF, 0xE0FF, 0xE0FF, 0xE0FF, 0xE0FF, 0xE0FF, 0xE0FF, 0xE0FF, 0xE0FF, 0xE0FF, 0xE0FF, 0xE0FF, 0xE0FF, 0xE0FF, 
  0xE0FF, 0xE0FF, 0xE0FF, 0xE0FF, 0xE0FF, 0xE0FF, 0xE0FF, 0xE0FF, 0xE0FF, 0xE0FF, 0xE0FF, 0xE0FF, 0xE0FF, 0xE0FF, 0xE0FF, 0xE0FF, 
  0xE0FF, 0xE0FF, 0xE0FF, 0xE0FF, 0xE0FF, 0xE0FF, 0xE0FF, 0xE0FF, 0xE0FF, 0xE0FF, 0xCADF, 0xDCF7, 0xFDF7, 0x8E85, 0x483A, 0xCA52, 
  0x473A, 0x4A5C, 0x4F97, 0xD1AF, 0xEA53, 0xA942, 0x4B53, 0x8C5B, 0x2A4B, 0xA842, 0xC94A, 0xEA4A, 0xE94A, 0x2A53, 0x0943, 0x6B53, 
  0xC94A, 0xA942, 0x2A53, 0x2A53, 0x2B53, 0xEA4A, 0xE94A, 0xA942, 0x6842, 0xA94A, 0xC94A, 0xA842, 0xC94A, 0xEA52, 0xEA52, 0x8842, 
  0x4842, 0x4842, 0x6B5B, 0xE94A, 0x6A4B, 0xAFB7, 0xEEA7, 0xEB5B, 0x4632, 0xD4B6, 0xFAEF, 0xD0AF, 0xEE86, 0xC842, 0x8942, 0x2B4B, 
  0x0843, 0x4F97, 0x0A54, 0x273A, 0xEA4A, 0x694A, 0xA84A, 0xA942, 0x4C6C, 0xF1B7, 0x4A5C, 0xCB5B, 0x0A53, 0xEA4A, 0x294B, 0xE94A, 
  0xCA5B, 0xF0AF, 0x0A6D, 0x273A, 0xEA4A, 0x0A4B, 0xA94A, 0xC942, 0xCE8E, 0xAE86, 0xC842, 0x0B4B, 0x873A, 0x3096, 0xF6D7, 0x6D97, 
  0xF8DF, 0xD3CF, 0xE9A7, 0xEBAF, 0xEBA7, 0xEBAF, 0xEBAF, 0xEBAF, 0xECA7, 0xECAF, 0xCBAF, 0xEEBF, 0x2C86, 0xC842, 0x8632, 0x8B75, 
  0xB09F, 0xE73A, 0xCC6C, 0xF096, 0x894B, 0x0A53, 0xCA4A, 0x4842, 0x894A, 0xA842, 0x0A53, 0x0A53, 0xA94A, 0x894A, 0x694A, 0xCA4A, 
  0x8842, 0xC94A, 0x0A53, 0xE94A, 0xEA4A, 0x0A4B, 0xC94A, 0xC94A, 0x4B53, 0xC94A, 0x6842, 0x6842, 0x6842, 0x483A, 0x6842, 0x4842, 
  0x894A, 0xA942, 0x2A4B, 0x4A4B, 0xC942, 0xE94A, 0xEA4A, 0x8842, 0x0A4B, 0x4A53, 0x0A4B, 0xA94A, 0xA94A, 0xCA4A, 0xEA4A, 0x8C5B, 
  0x2A4B, 0x2A53, 0xC842, 0xE94A, 0xCA4A, 0xCA4A, 0xA94A, 0xC94A, 0x8942, 0xAA64, 0xEDA7, 0xCDAF, 0xF2B7, 0x108E, 0x494B, 0xEB6D, 
  0xF0A7, 0xCE9F, 0xEB9F, 0xB5D7, 0xFFFF, 0xD5CF, 0xCBA7, 0xECAF, 0xCBAF, 0xD9EF, 0xFAE7, 0xC7D7, 0xC1FF, 0xE0FF, 0xE0FF, 0xE0FF, 
  0xE0FF, 0xE0FF, 0xE0FF, 0xE0FF, 0xE0FF, 0xE0FF, 0xE0FF, 0xE0FF, 0xE0FF, 0xE0FF, 0xE0FF, 0xE0FF, 0xE0FF, 0xE0FF, 0xE0FF, 0xE0FF, 
  0xE0FF, 0xE0FF, 0xE0FF, 0xE0FF, 0xE0FF, 0xE0FF, 0xE0FF, 0xE0FF, 0xE0FF, 0xE0FF, 0xE0FF, 0xE0FF, 0xE0FF, 0xE0FF, 0xE0FF, 0xE0FF, 
  0xE0FF, 0xE0FF, 0xE0FF, 0xE0FF, 0xE0FF, 0xE0FF, 0xE0FF, 0xE0FF, 0xE0FF, 0xE0FF, 0xE0FF, 0xE0FF, 0xE0FF, 0xE0FF, 0xE0FF, 0xE0FF, 
  0xE0FF, 0xE0FF, 0xE0FF, 0xE0FF, 0xE0FF, 0xE0FF, 0xE0FF, 0xE0FF, 0xC0FF, 0xC4E7, 0xD3D7, 0xFFFF, 0xB7CF, 0x694B, 0x2842, 0x273A, 
  0xCC64, 0xF0A7, 0xEE9F, 0xF0A7, 0x4A5C, 0x6842, 0x0A53, 0xC94A, 0x0A53, 0xEA4A, 0xEA4A, 0xEA4A, 0x0A53, 0xC94A, 0xEA4A, 0xEA4A, 
  0x6942, 0xA942, 0x8B5B, 0x6A53, 0x2A4B, 0xEA4A, 0x4B5B, 0xA94A, 0xEA52, 0xA94A, 0xEA4A, 0xEA4A, 0xA94A, 0xC94A, 0x8842, 0xC94A, 
  0xA94A, 0x6942, 0x094B, 0xC942, 0xEB5B, 0xEEAF, 0x2E97, 0xC63A, 0x4F85, 0xFBEF, 0xB1B7, 0xAE97, 0xAA53, 0x4942, 0xC94A, 0x2B53, 
  0x2C75, 0x7097, 0x494B, 0xEA52, 0xC94A, 0x894A, 0x0B53, 0x883A, 0xF09D, 0x53B7, 0xE83A, 0x0A53, 0x8A53, 0x2A4B, 0x4A53, 0xCC5B, 
  0x6A5C, 0xCFA7, 0x2A5C, 0xC94A, 0xEA52, 0x4B5B, 0xEA4A, 0x494B, 0xCFA7, 0x4B6D, 0xA942, 0x2A4B, 0xC942, 0x894B, 0xB6CF, 0x309F, 
  0x8FA7, 0xF8E7, 0xCDB7, 0xEBAF, 0xEBAF, 0xEBAF, 0xEBAF, 0xECAF, 0xECA7, 0xECAF, 0xEAAF, 0xEAA7, 0xEDB7, 0x2B6D, 0x6B53, 0x694B, 
  0xB09F, 0x0B65, 0x4A53, 0x0B54, 0x094B, 0x0A4B, 0x2B53, 0x2B5B, 0xEA52, 0xC94A, 0xE952, 0xC952, 0x894A, 0x6942, 0x894A, 0xEA4A, 
  0x8842, 0x684A, 0x473A, 0xEA52, 0x6C5B, 0xA942, 0xA94A, 0x8842, 0xEA4A, 0xEA52, 0xA94A, 0xA94A, 0xEA52, 0xA94A, 0xA942, 0x8842, 
  0x6842, 0x6842, 0x2A53, 0x2A53, 0x4B5B, 0x2A53, 0xEA4A, 0x4B53, 0x8C5B, 0x2B53, 0x2B53, 0xE94A, 0xEA4A, 0x2B53, 0x2B53, 0x8C53, 
  0x6B53, 0x6B53, 0x0A4B, 0xC94A, 0xC952, 0x4842, 0xC94A, 0xAA4A, 0x6842, 0xE742, 0x6F9F, 0xEEB7, 0xEFAF, 0xAF96, 0x6953, 0xEB64, 
  0xCF9F, 0xEF9F, 0xEC9F, 0xCFB7, 0xFEFF, 0xFCF7, 0xCDB7, 0xEBA7, 0xEBAF, 0xD2CF, 0xFCF7, 0xACCF, 0xE1FF, 0xE0FF, 0xE0FF, 0xE0FF, 
  0xE0FF, 0xE0FF, 0xE0FF, 0xE0FF, 0xE0FF, 0xE0FF, 0xE0FF, 0xE0FF, 0xE0FF, 0xE0FF, 0xE0FF, 0xE0FF, 0xE0FF, 0xE0FF, 0xE0FF, 0xE0FF, 
  0xE0FF, 0xE0FF, 0xE0FF, 0xE0FF, 0xE0FF, 0xE0FF, 0xE0FF, 0xE0FF, 0xE0FF, 0xE0FF, 0xE0FF, 0xE0FF, 0xE0FF, 0xE0FF, 0xE0FF, 0xE0FF, 
  0xE0FF, 0xE0FF, 0xE0FF, 0xE0FF, 0xE0FF, 0xE0FF, 0xE0FF, 0xE0FF, 0xE0FF, 0xE0FF, 0xE0FF, 0xE0FF, 0xE0FF, 0xE0FF, 0xE0FF, 0xE0FF, 
  0xE0FF, 0xE0FF, 0xE0FF, 0xE0FF, 0xE0FF, 0xE0FF, 0xE0FF, 0xE0FF, 0xC1FF, 0xC9D7, 0xDBEF, 0xFEFF, 0x3096, 0x2A4B, 0xE94A, 0x895C, 
  0xF0A7, 0xEE9F, 0xCF97, 0xF09F, 0x2A54, 0xA94A, 0xA942, 0x894A, 0xC94A, 0x2B53, 0xEA4A, 0x0A4B, 0x2B53, 0xE94A, 0xEA4A, 0xA94A, 
  0xAA4A, 0x6B5B, 0x8B53, 0xAB5B, 0x2A4B, 0x2A53, 0x2B53, 0xE94A, 0xC94A, 0xA842, 0x0A4B, 0x4B53, 0xEA4A, 0x8842, 0x0A4B, 0x0A4B, 
  0x473A, 0x694A, 0xEA4A, 0xA942, 0x2A5C, 0xF0B7, 0xEC5C, 0xAA53, 0xFBEF, 0xD3BF, 0xCF97, 0x4B5C, 0x4B53, 0x0A53, 0x2B53, 0xC942, 
  0xCC75, 0x6E86, 0x683A, 0xC94A, 0xEA52, 0x0A4B, 0xCA4A, 0xC842, 0x93C7, 0x1196, 0xA83A, 0xC94A, 0xAB5B, 0xAC5B, 0x4A53, 0x2A43, 
  0x6C6D, 0x4F9F, 0xE842, 0xC94A, 0xA942, 0xA842, 0xA942, 0x4A5C, 0xEFA7, 0x2A5C, 0xAC5B, 0x4B53, 0x2A4B, 0xA84A, 0x8F85, 0xF4C7, 
  0xAA7E, 0xF4CF, 0xD3CF, 0xCCA7, 0xECAF, 0xEBAF, 0xECAF, 0xEBAF, 0xEBAF, 0xEBAF, 0xEBAF, 0xEBA7, 0xEBAF, 0x6D9F, 0xCA53, 0x8942, 
  0x2B6D, 0xEF8E, 0x2843, 0x4B4B, 0xEA4A, 0x4B5B, 0xC94A, 0x8842, 0xC94A, 0x0A4B, 0x094B, 0x4A53, 0xC942, 0xA94A, 0xC94A, 0xA942, 
  0x0A53, 0xEA52, 0x8842, 0xC94A, 0xC94A, 0x6842, 0x6842, 0x8942, 0xC942, 0xC94A, 0xC94A, 0xCA4A, 0xA942, 0x4B53, 0xCC63, 0xE94A, 
  0x8942, 0xEA52, 0xC94A, 0xC94A, 0x2A53, 0xE94A, 0xE942, 0xAC5B, 0x2A53, 0x6842, 0xA942, 0xE94A, 0x4B53, 0xE94A, 0xA942, 0xE94A, 
  0x0A4B, 0x4A53, 0x8B5B, 0x2A4B, 0x2A53, 0x4842, 0x683A, 0xCA4A, 0x4842, 0x2842, 0xAC75, 0xEDAF, 0xEEA7, 0xD0A7, 0x4A5C, 0xA94A, 
  0xCD86, 0xF09F, 0xED9F, 0xCCA7, 0xD9EF, 0xFFFF, 0xD2C7, 0xEAA7, 0xEAAF, 0xCEB7, 0xFCEF, 0xB0CF, 0xE1EF, 0xE0FF, 0xE0FF, 0xE0FF, 
  0xE0FF, 0xE0FF, 0xE0FF, 0xE0FF, 0xE0FF, 0xE0FF, 0xE0FF, 0xE0FF, 0xE0FF, 0xE0FF, 0xE0FF, 0xE0FF, 0xE0FF, 0xE0FF, 0xE0FF, 0xE0FF, 
  0xE0FF, 0xE0FF, 0xE0FF, 0xE0FF, 0xE0FF, 0xE0FF, 0xE0FF, 0xE0FF, 0xE0FF, 0xE0FF, 0xE0FF, 0xE0FF, 0xE0FF, 0xE0FF, 0xE0FF, 0xE0FF, 
  0xE0FF, 0xE0FF, 0xE0FF, 0xE0FF, 0xE0FF, 0xE0FF, 0xE0FF, 0xE0FF, 0xE0FF, 0xE0FF, 0xE0FF, 0xE0FF, 0xE0FF, 0xE0FF, 0xE0FF, 0xE0FF, 
  0xE0FF, 0xE0FF, 0xE0FF, 0xE0FF, 0xE0FF, 0xE0FF, 0xE0FF, 0xE0FF, 0xE4E7, 0xB3CF, 0xFFFF, 0xD8DF, 0x4A5C, 0x094B, 0x0C6D, 0xAF97, 
  0xEE9F, 0xEE9F, 0xEF9F, 0xD09F, 0x4B64, 0xCA4A, 0xEA4A, 0x2B53, 0xEA4A, 0x8842, 0xA942, 0x0A4B, 0x2A53, 0xE94A, 0xC942, 0x0A4B, 
  0x0A53, 0xE94A, 0x6B53, 0x8B53, 0x4A4B, 0x6B53, 0x0A4B, 0x0A53, 0x2B53, 0x8842, 0x0A4B, 0xCC5B, 0xA942, 0xC94A, 0xAC63, 0x2A4B, 
  0x8842, 0x4842, 0xAA52, 0xE942, 0x2A6D, 0x909F, 0x273B, 0x16C7, 0xD8DF, 0xEF9F, 0x6C6D, 0x293A, 0x094B, 0x6A53, 0x0A53, 0xE842, 
  0xEF8E, 0xEB6C, 0x6842, 0xC94A, 0xA94A, 0xA942, 0xC942, 0xEB63, 0xF5D7, 0x8A64, 0x0943, 0xEB5B, 0x683A, 0xEA52, 0xEC63, 0x0A4B, 
  0x0D7E, 0xAE8E, 0xEA4A, 0x2A5B, 0x8942, 0x0B53, 0xEA4A, 0x8B75, 0xAF9F, 0x4953, 0xE94A, 0x0A4B, 0x4B53, 0x2A53, 0x284B, 0x73BF, 
  0xAD8E, 0xCE96, 0xF3D7, 0xCDAF, 0xEBA7, 0xEBA7, 0xECAF, 0xEBAF, 0xEBAF, 0xEBAF, 0xEBA7, 0xECAF, 0xEBA7, 0xEDAF, 0xCC7D, 0x0A4B, 
  0x0843, 0x6E8E, 0x2B5C, 0x2A53, 0xEA4A, 0xA94A, 0xC94A, 0x483A, 0xA94A, 0xA942, 0x4A4B, 0x2D64, 0x8B5B, 0xE94A, 0xA94A, 0xC94A, 
  0x0A53, 0xC94A, 0x8842, 0xEA4A, 0x8842, 0xA94A, 0x4842, 0x8942, 0x2A53, 0x2A53, 0x2B53, 0xCA4A, 0x6842, 0xC94A, 0xA83A, 0x2A53, 
  0xCA4A, 0xA94A, 0x2B53, 0x6B53, 0x2A4B, 0x8B5B, 0x6B5B, 0xA94A, 0xA94A, 0xEA52, 0xEA4A, 0xC94A, 0x4B5B, 0xC94A, 0xEA4A, 0x0A53, 
  0x883A, 0xE94A, 0xE94A, 0x683A, 0xA942, 0x0A53, 0xEA52, 0xE94A, 0xEA4A, 0x4842, 0x2A5C, 0xEEA7, 0xCCA7, 0xEF9F, 0xED7D, 0xE831, 
  0x0B6D, 0xF09F, 0xCF9F, 0xEBA7, 0xD4CF, 0xFFFF, 0xD8E7, 0xCCAF, 0xEBAF, 0xCBA7, 0xF8DF, 0xD4D7, 0xE3DF, 0xE0FF, 0xE0FF, 0xE0FF, 
  0xE0FF, 0xE0FF, 0xE0FF, 0xE0FF, 0xE0FF, 0xE0FF, 0xE0FF, 0xE0FF, 0xE0FF, 0xE0FF, 0xE0FF, 0xE0FF, 0xE0FF, 0xE0FF, 0xE0FF, 0xE0FF, 
  0xE0FF, 0xE0FF, 0xE0FF, 0xE0FF, 0xE0FF, 0xE0FF, 0xE0FF, 0xE0FF, 0xE0FF, 0xE0FF, 0xE0FF, 0xE0FF, 0xE0FF, 0xE0FF, 0xE0FF, 0xE0FF, 
  0xE0FF, 0xE0FF, 0xE0FF, 0xE0FF, 0xE0FF, 0xE0FF, 0xE0FF, 0xE0FF, 0xE0FF, 0xE0FF, 0xE0FF, 0xE0FF, 0xE0FF, 0xE0FF, 0xE0FF, 0xE0FF, 
  0xE0FF, 0xE0FF, 0xE0FF, 0xE0FF, 0xE0FF, 0xE0FF, 0xE0FF, 0xE1FF, 0xCACF, 0xDCDF, 0xFEFF, 0x709E, 0xE73A, 0x4A5C, 0xAF9F, 0xEF9F, 
  0xEE97, 0xEE9F, 0xEF9F, 0x6F97, 0x8953, 0xCA4A, 0x2A4B, 0xAC5B, 0xE942, 0x0A53, 0xEA4A, 0x8C5B, 0x094B, 0x2A4B, 0xAC5B, 0x4A4B, 
  0x4A53, 0x0A4B, 0xE94A, 0x6B53, 0x6B53, 0x4A53, 0x0A4B, 0xC94A, 0x0A53, 0xEA4A, 0x0A53, 0x2A53, 0xEA52, 0xA942, 0xE94A, 0x0A4B, 
  0xEA52, 0x4842, 0x894A, 0x2943, 0x719F, 0x6A65, 0x8F95, 0xFAEF, 0xF0A7, 0x8E86, 0x4A53, 0x2B53, 0xC942, 0x0B4B, 0xCA52, 0x4843, 
  0x709F, 0x8953, 0xA942, 0xEA4A, 0xEA52, 0x894A, 0xA842, 0x8E85, 0xD6D7, 0xE74B, 0x6C75, 0x494B, 0xCB52, 0x0A53, 0x683A, 0x6842, 
  0xCF8E, 0x6B65, 0xCA4A, 0x2A53, 0xA94A, 0xCA4A, 0xEA4A, 0xCD8E, 0xAE8E, 0xA842, 0x2A53, 0xC942, 0x0A53, 0x0A53, 0x4842, 0x2C75, 
  0xB0B7, 0xEA6D, 0xCFB7, 0xCDB7, 0xEAA7, 0xEBAF, 0xECAF, 0xEBAF, 0xEBAF, 0xECAF, 0xEBAF, 0xEBAF, 0xEBAF, 0xECAF, 0x4E9F, 0x6A4B, 
  0x2A4B, 0x6A64, 0x4E6C, 0x8842, 0xA842, 0xEA4A, 0x0A4B, 0xCA4A, 0x684A, 0x6842, 0xC942, 0xAB5B, 0x6B53, 0xC94A, 0xCA52, 0x2B53, 
  0xC942, 0xEA4A, 0x0B53, 0xEA4A, 0xA942, 0x0A53, 0x6942, 0x4842, 0x8842, 0x0A53, 0xA94A, 0x6842, 0x2842, 0x6942, 0xEA4A, 0xA942, 
  0x694A, 0x2842, 0x6842, 0xEA4A, 0xC942, 0x6B53, 0xED63, 0xE94A, 0x2A53, 0x0A4B, 0x8842, 0x8842, 0xA94A, 0xC94A, 0xC94A, 0xE94A, 
  0x6B5B, 0x0A53, 0xA942, 0x283A, 0xA942, 0x4B53, 0xCA52, 0x494B, 0x4B53, 0x0A53, 0x2A53, 0xAE8E, 0xECAF, 0xEE9F, 0x4F97, 0x0943, 
  0x8953, 0xCF97, 0xEF9F, 0xEBA7, 0xD0BF, 0xFFFF, 0xFDFF, 0xAFBF, 0xEBAF, 0xEAA7, 0xD2CF, 0xD5D7, 0xC6D7, 0xE0FF, 0xE0FF, 0xE0FF, 
  0xE0FF, 0xE0FF, 0xE0FF, 0xE0FF, 0xE0FF, 0xE0FF, 0xE0FF, 0xE0FF, 0xE0FF, 0xE0FF, 0xE0FF, 0xE0FF, 0xE0FF, 0xE0FF, 0xE0FF, 0xE0FF, 
  0xE0FF, 0xE0FF, 0xE0FF, 0xE0FF, 0xE0FF, 0xE0FF, 0xE0FF, 0xE0FF, 0xE0FF, 0xE0FF, 0xE0FF, 0xE0FF, 0xE0FF, 0xE0FF, 0xE0FF, 0xE0FF, 
  0xE0FF, 0xE0FF, 0xE0FF, 0xE0FF, 0xE0FF, 0xE0FF, 0xE0FF, 0xE0FF, 0xE0FF, 0xE0FF, 0xE0FF, 0xE0FF, 0xE0FF, 0xE0FF, 0xE0FF, 0xE0FF, 
  0xE0FF, 0xE0FF, 0xE0FF, 0xE0FF, 0xE0FF, 0xE0FF, 0xE0FF, 0xC4DF, 0x92B7, 0xFFFF, 0xF9E7, 0xAB75, 0x2D86, 0xAF9F, 0xEF9F, 0xEF97, 
  0xEE97, 0xEF9F, 0xEF9F, 0xEE8E, 0x673A, 0x6842, 0x4B53, 0xEA4A, 0xC94A, 0x0A4B, 0xA94A, 0x8842, 0xC942, 0x6B53, 0x0D64, 0x4A4B, 
  0xCD5B, 0x2A53, 0xC94A, 0x2B53, 0x0A4B, 0x8B53, 0x4B53, 0xC942, 0x8842, 0xA94A, 0x4B5B, 0xC94A, 0x2B53, 0xC942, 0xA94A, 0xE94A, 
  0xEA4A, 0x2842, 0x4842, 0x8B64, 0x7097, 0x2B6D, 0xF9E7, 0xD3B7, 0x4E8F, 0x2843, 0x6942, 0x0A4B, 0xC942, 0xCA4A, 0xAA4A, 0x8B64, 
  0xEE96, 0xA742, 0x8952, 0xC942, 0xCA4A, 0xEA4A, 0xC842, 0xD0A6, 0x11AF, 0x2C76, 0xF1A7, 0x0A5C, 0xCA4A, 0xE942, 0x6842, 0x084B, 
  0x3097, 0x4A54, 0xEA4A, 0xE94A, 0x484A, 0xEA52, 0x4943, 0x8F97, 0x4C75, 0x0B53, 0xAB5B, 0xA842, 0x0B53, 0x2A4B, 0xEA4A, 0x894B, 
  0xAFA7, 0x6B86, 0xAD86, 0xECB7, 0xEBAF, 0xEBAF, 0xEBAF, 0xEBA7, 0xEBA7, 0xECAF, 0xECAF, 0xEBAF, 0xEBAF, 0xED9F, 0xF09F, 0xCA5B, 
  0xCA4A, 0x294B, 0x4B5B, 0x8B53, 0xE942, 0x2A4B, 0x2B53, 0x4B5B, 0x483A, 0xA94A, 0xA94A, 0xEA4A, 0xA94A, 0xA94A, 0xAA4A, 0x8942, 
  0xC942, 0x4A53, 0x0A53, 0xC94A, 0xEA52, 0xA94A, 0x6842, 0xCA52, 0xA94A, 0xA94A, 0x894A, 0xA94A, 0x8942, 0x6842, 0x6942, 0x4842, 
  0x2842, 0x2842, 0x2742, 0x0A53, 0x2A53, 0x2A4B, 0xAC5B, 0x6B53, 0xC942, 0x0A4B, 0x2A53, 0xC942, 0x2B53, 0xC94A, 0x6842, 0x8942, 
  0xCA4A, 0xCA52, 0xA94A, 0x0A53, 0x0A4B, 0x0A4B, 0xC94A, 0x2A4B, 0x4B53, 0x0A4B, 0x273A, 0x2C6D, 0xEDA7, 0xCD9F, 0xF0A7, 0xAB64, 
  0x873A, 0xAE8E, 0xEF9F, 0xEBA7, 0xCCAF, 0xDAEF, 0xFFFF, 0xD4D7, 0xEBA7, 0xEBA7, 0xCCB7, 0xD6D7, 0xCAC7, 0xE0FF, 0xE0FF, 0xE0FF, 
  0xE0FF, 0xE0FF, 0xE0FF, 0xE0FF, 0xE0FF, 0xE0FF, 0xE0FF, 0xE0FF, 0xE0FF, 0xE0FF, 0xE0FF, 0xE0FF, 0xE0FF, 0xE0FF, 0xE0FF, 0xE0FF, 
  0xE0FF, 0xE0FF, 0xE0FF, 0xE0FF, 0xE0FF, 0xE0FF, 0xE0FF, 0xE0FF, 0xE0FF, 0xE0FF, 0xE0FF, 0xE0FF, 0xE0FF, 0xE0FF, 0xE0FF, 0xE0FF, 
  0xE0FF, 0xE0FF, 0xE0FF, 0xE0FF, 0xE0FF, 0xE0FF, 0xE0FF, 0xE0FF, 0xE0FF, 0xE0FF, 0xE0FF, 0xE0FF, 0xE0FF, 0xE0FF, 0xE0FF, 0xE0FF, 
  0xE0FF, 0xE0FF, 0xC0FF, 0xE0FF, 0xE0FF, 0xE0FF, 0xE2FF, 0x29AF, 0xB8D7, 0xFFFF, 0xD1A6, 0xAB6D, 0xEFA7, 0xEF97, 0xEF97, 0xEF9F, 
  0xEE9F, 0xEF9F, 0xEF9F, 0x8D7E, 0x094B, 0x0953, 0x4B53, 0x2B53, 0xEA52, 0x0A4B, 0x0A4B, 0x2B53, 0x0A53, 0xC942, 0xAC5B, 0x6B53, 
  0x0A4B, 0xC94A, 0x0A53, 0x2B53, 0xEA4A, 0x4B53, 0xAC5B, 0xE94A, 0x4A53, 0x2A53, 0x0A4B, 0xEA4A, 0xA942, 0xAA4A, 0x0A53, 0x4A53, 
  0xEB4A, 0x6942, 0x4842, 0xCE8E, 0x6E8F, 0x55C7, 0xF5C7, 0xEF97, 0x8A5C, 0x694A, 0x0B5B, 0xE94A, 0xC94A, 0x0A53, 0x883A, 0xAD86, 
  0x0D86, 0x6842, 0xA94A, 0x2A53, 0x4953, 0x694A, 0x0843, 0xB0B7, 0xAF9F, 0xCF9F, 0x6E97, 0xCA5B, 0x8942, 0x6A53, 0xAC5B, 0xEC6C, 
  0x6F96, 0x8842, 0x6B4B, 0xAB4B, 0xC94A, 0xEA4A, 0x4B64, 0xD0A7, 0x295C, 0x2A53, 0x8A53, 0x8A4A, 0x2A53, 0x4C5C, 0x2B53, 0x6842, 
  0x0A6D, 0xAFA7, 0x2A6D, 0xCEAF, 0xEBA7, 0xECA7, 0xEBAF, 0xEBAF, 0xEBAF, 0xEBAF, 0xEBAF, 0xEBAF, 0xEBAF, 0xCE9F, 0xF09F, 0x6B64, 
  0x683A, 0x094B, 0x2B5B, 0x4A53, 0x0A53, 0xC94A, 0x8842, 0xA94A, 0xA94A, 0x6842, 0xC94A, 0xC942, 0xEA4A, 0x8942, 0x8942, 0xEA4A, 
  0x4B53, 0x4B53, 0xEA4A, 0x0A53, 0xC94A, 0xEA4A, 0xA94A, 0x894A, 0x894A, 0x8842, 0xCA4A, 0xCA4A, 0x0A53, 0xEA4A, 0xCA4A, 0xCA4A, 
  0xC94A, 0xA94A, 0xC94A, 0x2A53, 0xEA4A, 0x0A53, 0xA94A, 0x073A, 0x6842, 0xA94A, 0x0B53, 0xEA4A, 0x2B53, 0xC942, 0x0A4B, 0x894A, 
  0x473A, 0x8842, 0xC94A, 0x4B53, 0x4B53, 0x0A53, 0x4B53, 0x6B53, 0x6B53, 0x0A4B, 0xEA52, 0x4B5C, 0xCE9F, 0xECA7, 0xF09F, 0x8E86, 
  0xE842, 0x6C75, 0xEFA7, 0xECA7, 0xEBA7, 0xD6DF, 0xFFFF, 0xFAEF, 0xCDAF, 0xEBA7, 0xEBAF, 0xD1C7, 0xEABF, 0xE1F7, 0xE0FF, 0xE0FF, 
  0xE0FF, 0xE0FF, 0xE0FF, 0xE0FF, 0xE0FF, 0xE0FF, 0xE0FF, 0xE0FF, 0xE0FF, 0xE0FF, 0xE0FF, 0xE0FF, 0xE0FF, 0xE0FF, 0xE0FF, 0xE0FF, 
  0xE0FF, 0xE0FF, 0xE0FF, 0xE0FF, 0xE0FF, 0xE0FF, 0xE0FF, 0xE0FF, 0xE0FF, 0xE0FF, 0xE0FF, 0xE0FF, 0xE0FF, 0xE0FF, 0xE0FF, 0xE0FF, 
  0xE0FF, 0xE0FF, 0xE0FF, 0xE0FF, 0xE0FF, 0xE0FF, 0xE0FF, 0xE0FF, 0xE0FF, 0xE0FF, 0xE0FF, 0xE0FF, 0xE0FF, 0xE0FF, 0xE0FF, 0xE0FF, 
  0xE0FF, 0xE0FF, 0xE0FF, 0xE0FF, 0xE0FF, 0xE0FF, 0x84D7, 0xCFA6, 0xFEFF, 0xFBEF, 0x6A6D, 0xCE8E, 0xEF9F, 0xEE97, 0xEF9F, 0xEF9F, 
  0xEE9F, 0xEE9F, 0xEF9F, 0x8C7E, 0xEC5B, 0x2A53, 0x2A4B, 0x4A53, 0xCA4A, 0xC942, 0x4A4B, 0x4B53, 0x2A53, 0x2A53, 0x2A4B, 0xC942, 
  0x0A53, 0xC94A, 0x0A4B, 0x0A4B, 0x0A53, 0xA942, 0x2A53, 0x8C5B, 0x2A4B, 0x8B5B, 0x6B53, 0x6B53, 0xC94A, 0x684A, 0xC94A, 0xC94A, 
  0x4842, 0x0632, 0xCB64, 0xEF9F, 0xD1AF, 0xF6D7, 0xF09F, 0x8E86, 0x663A, 0xA94A, 0xC94A, 0xCA4A, 0x6942, 0x8942, 0x4A5C, 0xCF96, 
  0x8A53, 0x883A, 0xA842, 0xEA52, 0x2B5B, 0x0732, 0x4A75, 0xEEB7, 0xEE97, 0xEF97, 0x6F9F, 0xE953, 0x683A, 0x0A4B, 0x2D64, 0x4D75, 
  0x884B, 0x8A4A, 0xC94A, 0xEA4A, 0x8A4A, 0x483A, 0xED7D, 0x509F, 0xC742, 0x0B4B, 0x6B53, 0x2B53, 0x0A4B, 0x4B53, 0xEA52, 0x8A52, 
  0x494B, 0x4F9F, 0xEC7D, 0x4C76, 0xEEAF, 0xECAF, 0xECA7, 0xEBAF, 0xECA7, 0xECA7, 0xECA7, 0xECA7, 0xEEA7, 0xCE9F, 0xF0A7, 0x6B64, 
  0xC942, 0x2A53, 0xEA4A, 0x8842, 0xA94A, 0xC94A, 0x0A53, 0x0A4B, 0x6B5B, 0x6B53, 0x2A4B, 0xCC5B, 0x6B53, 0xEA4A, 0xA942, 0xE94A, 
  0xAC5B, 0xEA4A, 0xC94A, 0x0A53, 0xC942, 0x0A4B, 0xA942, 0x4842, 0x894A, 0x6842, 0xC94A, 0xC94A, 0x2B53, 0x0A53, 0xEA4A, 0x2A53, 
  0x4B53, 0x0A4B, 0xEA4A, 0xA942, 0x8942, 0x6842, 0x6842, 0x4842, 0x894A, 0x894A, 0x0B53, 0xA942, 0x8942, 0xEA4A, 0x2B53, 0x0A53, 
  0x0A4B, 0x4A53, 0xE942, 0xE942, 0x0A4B, 0x8842, 0xA942, 0x0A4B, 0x6B5B, 0xC842, 0x4B53, 0xE942, 0x6D86, 0xEDAF, 0xEE9F, 0xEF9F, 
  0x0A54, 0x2A54, 0xEF9F, 0xEDA7, 0xEBA7, 0xD1C7, 0xFFFF, 0xFEFF, 0xD0BF, 0xEBA7, 0xEBAF, 0xECAF, 0xEAAF, 0xE4E7, 0xE0FF, 0xE0FF, 
  0xE0FF, 0xE0FF, 0xE0FF, 0xE0FF, 0xE0FF, 0xE0FF, 0xE0FF, 0xE0FF, 0xE0FF, 0xE0FF, 0xE0FF, 0xE0FF, 0xE0FF, 0xE0FF, 0xE0FF, 0xE0FF, 
  0xE0FF, 0xE0FF, 0xE0FF, 0xE0FF, 0xE0FF, 0xE0FF, 0xE0FF, 0xE0FF, 0xE0FF, 0xE0FF, 0xE0FF, 0xE0FF, 0xE0FF, 0xE0FF, 0xE0FF, 0xE0FF, 
  0xE0FF, 0xE0FF, 0xE0FF, 0xE0FF, 0xE0FF, 0xE0FF, 0xE0FF, 0xE0FF, 0xE0FF, 0xE0FF, 0xE0FF, 0xE0FF, 0xE0FF, 0xE0FF, 0xE0FF, 0xE0FF, 
  0xE0FF, 0xC0FF, 0xE0FF, 0xE0FF, 0xE0FF, 0xE2FF, 0x89AF, 0xB7CF, 0xFFFF, 0x12AF, 0xAA6D, 0xF19F, 0xEF9F, 0xEE97, 0xEF97, 0xEE9F, 
  0xEE9F, 0xEE9F, 0xEF9F, 0xAD86, 0xE942, 0xEB52, 0xA842, 0xE94A, 0xEA52, 0x6B53, 0xCC5B, 0x2A4B, 0xE94A, 0x0A53, 0x4B53, 0x4B53, 
  0xE94A, 0x6B5B, 0x4B4B, 0x6B53, 0x4B53, 0x8842, 0x8942, 0x8842, 0xC94A, 0x0A4B, 0x2A53, 0x6B53, 0x2A4B, 0x8A4A, 0x073A, 0xA842, 
  0x895B, 0x4B6D, 0xCF9F, 0xCE97, 0xD4CF, 0xD0AF, 0xF09F, 0xCC7D, 0xC84B, 0x0B65, 0xAA5C, 0xEC64, 0xAA5C, 0x2B65, 0x2D86, 0xC85B, 
  0x494B, 0xCA53, 0x294B, 0xA84A, 0xE942, 0xAA64, 0xADA7, 0xEE9F, 0xEF9F, 0xEE97, 0xEF9F, 0xCF8E, 0x4843, 0x473A, 0x4A53, 0xE742, 
  0x494B, 0xAA4A, 0x2842, 0xEA4A, 0x894B, 0xEC6C, 0x5197, 0x2954, 0xE739, 0x4942, 0xA942, 0x2A53, 0xEA52, 0x694A, 0xC83A, 0x4B4B, 
  0x8942, 0x0B6D, 0xD09F, 0x484C, 0x8D8E, 0x4E97, 0x8E97, 0xF0A7, 0xF0A7, 0xEE9F, 0xCE9F, 0xCE9F, 0xCF97, 0xF09F, 0xEF8E, 0xE84A, 
  0xAA4A, 0xEA4A, 0x0B53, 0xC94A, 0xA94A, 0x0A4B, 0xE94A, 0x2A4B, 0x8B53, 0xCC5B, 0x4A53, 0x0A4B, 0x0A4B, 0xC94A, 0xC94A, 0xC94A, 
  0xC94A, 0xCA4A, 0x6842, 0xA94A, 0xEA4A, 0x2A53, 0xEA52, 0x884A, 0xCA4A, 0xEA4A, 0xA942, 0xA94A, 0xA94A, 0x884A, 0x683A, 0x4B53, 
  0x6B5B, 0xE94A, 0xE94A, 0xC94A, 0x0A4B, 0x6B5B, 0xEA4A, 0xE942, 0xE942, 0x0A4B, 0x0A4B, 0xA942, 0x8842, 0x6842, 0x6842, 0xC94A, 
  0x0A4B, 0xCC5B, 0xAC5B, 0x094B, 0x0A4B, 0xEA52, 0xEA4A, 0xC94A, 0x6B5B, 0x2B53, 0x4A53, 0x8942, 0xCA64, 0xEFAF, 0xEC9F, 0xEF9F, 
  0xAE7D, 0x0B5C, 0x8F97, 0xEE9F, 0xEBA7, 0xCDB7, 0xFCEF, 0xFFFF, 0xD5D7, 0xCBAF, 0xEBA7, 0xEBA7, 0xECAF, 0xE6D7, 0xE0FF, 0xC0FF, 
  0xE0FF, 0xE0FF, 0xE0FF, 0xE0FF, 0xE0FF, 0xE0FF, 0xE0FF, 0xE0FF, 0xE0FF, 0xE0FF, 0xE0FF, 0xE0FF, 0xE0FF, 0xE0FF, 0xE0FF, 0xE0FF, 
  0xE0FF, 0xE0FF, 0xE0FF, 0xE0FF, 0xE0FF, 0xE0FF, 0xE0FF, 0xE0FF, 0xE0FF, 0xE0FF, 0xE0FF, 0xE0FF, 0xE0FF, 0xE0FF, 0xE0FF, 0xE0FF, 
  0xE0FF, 0xE0FF, 0xE0FF, 0xE0FF, 0xE0FF, 0xE0FF, 0xE0FF, 0xE0FF, 0xE0FF, 0xE0FF, 0xE0FF, 0xE0FF, 0xE0FF, 0xE0FF, 0xE0FF, 0xE0FF, 
  0xE0FF, 0xC0FF, 0xE0FF, 0xE0FF, 0xE0FF, 0xE6DF, 0xB0AF, 0xFDF7, 0xFAE7, 0xAB75, 0x2D97, 0xEF9F, 0xEF9F, 0xEE97, 0xEF9F, 0xEE9F, 
  0xEE9F, 0xEE9F, 0xEF9F, 0x4E97, 0x694B, 0xAB4A, 0x0A4B, 0x0A53, 0xAA4A, 0x094B, 0x094B, 0xE94A, 0xE94A, 0x2A53, 0xEA4A, 0x0A53, 
  0xC94A, 0xE94A, 0x2A53, 0x0A4B, 0x2B53, 0x6B5B, 0xA94A, 0x8842, 0xC94A, 0x0A53, 0x2A53, 0x2A53, 0x8A52, 0x883A, 0x695C, 0xEE9E, 
  0xCFAF, 0xEDAF, 0xCEA7, 0xD0AF, 0xD1C7, 0xEF97, 0xEF9F, 0x6E97, 0xF1A7, 0xF0A7, 0xF0AF, 0xF0A7, 0xCE97, 0x8E97, 0x4E87, 0x8F97, 
  0xEE97, 0xCF9F, 0x4F97, 0xEE86, 0x2E8F, 0xEEA7, 0xCDA7, 0xEF97, 0xEE97, 0xEE9F, 0xCD97, 0xCF9F, 0x309F, 0x4E8E, 0x8D75, 0x6C6D, 
  0xF09E, 0x6A5C, 0xCC5C, 0x6D6D, 0x0B76, 0x2C76, 0xEA64, 0xC953, 0xAA53, 0x0A5C, 0x894B, 0xC742, 0xE842, 0x074B, 0xEA6C, 0x2E7E, 
  0x8953, 0x0843, 0x719F, 0x8C75, 0x484B, 0x8B5C, 0x8954, 0xA854, 0x2A65, 0x0E8F, 0xF0A7, 0xF09F, 0xF0A7, 0xEF96, 0x4843, 0x073A, 
  0x4842, 0x6842, 0xC942, 0xE94A, 0xC94A, 0x6842, 0xC94A, 0xC94A, 0xEA52, 0x6842, 0x473A, 0xA842, 0xEA4A, 0xCA4A, 0xEA52, 0xC94A, 
  0xC94A, 0xA94A, 0xEA52, 0x6842, 0x8842, 0xC94A, 0x8842, 0x894A, 0x0A53, 0xA942, 0xEA4A, 0x0A53, 0x6842, 0x6842, 0xC94A, 0xEA4A, 
  0xEA4A, 0xA942, 0x2B53, 0x0A4B, 0x8C63, 0xE942, 0xE942, 0x0D64, 0x8B53, 0xCC5B, 0x4B53, 0x4B53, 0x0A53, 0xA94A, 0x894A, 0xA94A, 
  0xC942, 0x2A53, 0x8C5B, 0x8B5B, 0x6B53, 0xC94A, 0x0A53, 0xCA4A, 0xC94A, 0xA942, 0xC94A, 0x0A53, 0x8953, 0x8EA7, 0xECA7, 0xEF9F, 
  0xEF8E, 0x6843, 0xAE8E, 0xEE9F, 0xEBAF, 0xCBAF, 0xD8DF, 0xFFFF, 0xFAE7, 0xCDAF, 0xECAF, 0xECA7, 0xECA7, 0xE9CF, 0xE1FF, 0xE0FF, 
  0xE0FF, 0xE0FF, 0xE0FF, 0xE0FF, 0xE0FF, 0xE0FF, 0xE0FF, 0xE0FF, 0xE0FF, 0xE0FF, 0xE0FF, 0xE0FF, 0xE0FF, 0xE0FF, 0xE0FF, 0xE0FF, 
  0xE0FF, 0xE0FF, 0xE0FF, 0xE0FF, 0xE0FF, 0xE0FF, 0xE0FF, 0xE0FF, 0xE0FF, 0xE0FF, 0xE0FF, 0xE0FF, 0xE0FF, 0xE0FF, 0xE0FF, 0xE0FF, 
  0xE0FF, 0xE0FF, 0xE0FF, 0xE0FF, 0xE0FF, 0xE0FF, 0xE0FF, 0xE0FF, 0xE0FF, 0xE0FF, 0xE0FF, 0xE0FF, 0xE0FF, 0xE0FF, 0xE0FF, 0xE0FF, 
  0xE0FF, 0xE0FF, 0xE0FF, 0xE0FF, 0xC3FF, 0xCCB7, 0xD6CF, 0xFFFF, 0x12A7, 0x2B7E, 0xEF9F, 0xEE97, 0xEF9F, 0xEF97, 0xEE9F, 0xEE9F, 
  0xEE9F, 0xEE9F, 0xEE97, 0xD0A7, 0xAA64, 0x0A4B, 0x8B53, 0xC94A, 0x4942, 0x0A53, 0xC94A, 0x4B53, 0x4A53, 0x8B5B, 0xA842, 0x8842, 
  0xEA4A, 0xA942, 0xEA52, 0xC94A, 0xEA4A, 0xEA4A, 0x0A4B, 0x0A4B, 0xC94A, 0x0A53, 0x0A53, 0xEA4A, 0xC94A, 0xCA6C, 0xF7CF, 0xF4D7, 
  0xEAAF, 0xCBA7, 0xEC9F, 0xEDAF, 0xEEA7, 0xEF97, 0xEF9F, 0xF0A7, 0xAE8E, 0x6D86, 0x2E86, 0x8E8E, 0x2D8F, 0x4F97, 0x6F9F, 0x8F97, 
  0xAF97, 0xEF97, 0xEFA7, 0xEFA7, 0xEFA7, 0xEFA7, 0xEF9F, 0xF0A7, 0xF09F, 0xF09F, 0xEFAF, 0xEEAF, 0xEDA7, 0xEDAF, 0xEEAF, 0xEEAF, 
  0xEDA7, 0xEDA7, 0xEDA7, 0xAE9F, 0x8E9F, 0x4D97, 0x8E9F, 0xEFA7, 0xEE9F, 0xAE9F, 0x8F97, 0x2F8F, 0xEE8E, 0x9097, 0xF09F, 0xF0AF, 
  0x6E86, 0x8732, 0xAE96, 0x4D87, 0x8E9F, 0xEDAF, 0x8FA7, 0x12B7, 0x8E85, 0xA743, 0x4C75, 0x4D86, 0x8C75, 0x294B, 0xAA4A, 0xC94A, 
  0x884A, 0xC94A, 0x2A4B, 0xE94A, 0xE94A, 0x2B53, 0x4B53, 0x8842, 0x8942, 0xCA52, 0xA94A, 0xEA4A, 0xA942, 0x6842, 0xCA4A, 0xC94A, 
  0xC942, 0xC942, 0x2A53, 0x2A53, 0xC942, 0x4B53, 0xC94A, 0xC94A, 0xEA4A, 0xEA4A, 0xA942, 0x6842, 0xCA52, 0xA94A, 0x2A53, 0x2A53, 
  0xC942, 0x2B53, 0xC94A, 0xC942, 0x2B53, 0x8842, 0x0A53, 0xE94A, 0x2A53, 0x6A53, 0x4A53, 0x6B5B, 0xE94A, 0xC94A, 0xC94A, 0x894A, 
  0xEA52, 0x8842, 0xE942, 0xCC5B, 0x6A53, 0xC94A, 0x4B5B, 0x8842, 0x483A, 0x894A, 0xC94A, 0xEA4A, 0xA93A, 0x6C8E, 0xEDAF, 0xED97, 
  0xF0A7, 0x8B64, 0x0A65, 0xEF9F, 0xCBAF, 0xCAAF, 0xD4CF, 0xFFFF, 0xFDF7, 0xCFBF, 0xEBA7, 0xED9F, 0xECA7, 0xEABF, 0xC3FF, 0xE0FF, 
  0xE0FF, 0xC0FF, 0xE0FF, 0xE0FF, 0xE0FF, 0xE0FF, 0xE0FF, 0xE0FF, 0xE0FF, 0xE0FF, 0xE0FF, 0xE0FF, 0xE0FF, 0xE0FF, 0xE0FF, 0xE0FF, 
  0xE0FF, 0xE0FF, 0xE0FF, 0xE0FF, 0xE0FF, 0xE0FF, 0xE0FF, 0xE0FF, 0xE0FF, 0xE0FF, 0xE0FF, 0xE0FF, 0xE0FF, 0xE0FF, 0xE0FF, 0xE0FF, 
  0xE0FF, 0xE0FF, 0xE0FF, 0xE0FF, 0xE0FF, 0xE0FF, 0xE0FF, 0xE0FF, 0xE0FF, 0xE0FF, 0xE0FF, 0xE0FF, 0xE0FF, 0xE0FF, 0xE0FF, 0xE0FF, 
  0xE0FF, 0xC0FF, 0xC0FF, 0xE0FF, 0xC8DF, 0xB0A7, 0xFCEF, 0xD9E7, 0x4C7E, 0x8F9F, 0xEF9F, 0xEE97, 0xEE97, 0xEF9F, 0xEE9F, 0xEE9F, 
  0xEF9F, 0xEF9F, 0xEE97, 0xEF9F, 0xAE8E, 0x4843, 0x0A4B, 0x2B53, 0x2A53, 0x6B53, 0xC94A, 0xEA4A, 0xA942, 0xE94A, 0x6B53, 0x2A4B, 
  0x0A53, 0x2A53, 0x2A53, 0x4B53, 0x6B53, 0x6A53, 0xAB5B, 0xEC5B, 0xCC5B, 0xC842, 0xE94A, 0x4B53, 0x494B, 0x12B7, 0xFDFF, 0xB3C7, 
  0xEBA7, 0xECAF, 0xECAF, 0xECA7, 0xCD97, 0xEF9F, 0x509F, 0xE94B, 0xA73A, 0xE842, 0xA842, 0x494B, 0x694B, 0x8953, 0xCB5B, 0x494B, 
  0xCA5B, 0x0A54, 0x0A5C, 0xAB6C, 0x8A5C, 0x8B6C, 0x8B64, 0xCB64, 0xCB64, 0xCB64, 0x8C75, 0x2D86, 0x6D86, 0xAD86, 0xCB8E, 0x2C97, 
  0x6E9F, 0x8E9F, 0x8DA7, 0xCEA7, 0xCEA7, 0xEEAF, 0xEEAF, 0xEEA7, 0xEEA7, 0xEFA7, 0xEFA7, 0xF09F, 0xF0A7, 0xEFA7, 0xEF97, 0x909F, 
  0xCA64, 0xE94B, 0x6E97, 0xCC97, 0xECAF, 0xCBAF, 0xECAF, 0xF0C7, 0xF7E7, 0x919E, 0xE84A, 0xC842, 0x683A, 0xEA4A, 0x2A4B, 0x2A53, 
  0x0A4B, 0x2A53, 0x0E6C, 0xA842, 0xAC5B, 0x2A53, 0xA94A, 0x4842, 0xA942, 0xC94A, 0xEA4A, 0xC94A, 0xC94A, 0x6842, 0xA94A, 0x6842, 
  0x683A, 0xA942, 0xEA4A, 0x2B53, 0x4B53, 0x0A4B, 0xE94A, 0xE94A, 0xA942, 0x6C5B, 0x2B53, 0x8842, 0xA94A, 0xCA4A, 0x8842, 0xA94A, 
  0x483A, 0x2A53, 0x8C5B, 0xC94A, 0x4B5B, 0x2A53, 0xA942, 0xC94A, 0xA94A, 0x8842, 0xC942, 0x2B53, 0x2B53, 0xA942, 0x483A, 0xA94A, 
  0xEA4A, 0x0A53, 0xC94A, 0xA842, 0xA942, 0xA94A, 0x873A, 0xAB53, 0xEC5B, 0x6842, 0xEA4A, 0xE94A, 0x8842, 0x4C6D, 0xEEA7, 0xCC9F, 
  0xEF9F, 0x0D7E, 0xAA5C, 0xEFA7, 0xECA7, 0xEAAF, 0xD0BF, 0xFEFF, 0xFFFF, 0xD3CF, 0xEAA7, 0xED9F, 0xECA7, 0xEBB7, 0xC5EF, 0xE0FF, 
  0xE0FF, 0xC0FF, 0xE0FF, 0xE0FF, 0xE0FF, 0xE0FF, 0xE0FF, 0xE0FF, 0xE0FF, 0xE0FF, 0xE0FF, 0xE0FF, 0xE0FF, 0xE0FF, 0xE0FF, 0xE0FF, 
  0xE0FF, 0xE0FF, 0xE0FF, 0xE0FF, 0xE0FF, 0xE0FF, 0xE0FF, 0xE0FF, 0xE0FF, 0xE0FF, 0xE0FF, 0xE0FF, 0xE0FF, 0xE0FF, 0xE0FF, 0xE0FF, 
  0xE0FF, 0xE0FF, 0xE0FF, 0xE0FF, 0xE0FF, 0xE0FF, 0xE0FF, 0xE0FF, 0xE0FF, 0xE0FF, 0xE0FF, 0xE0FF, 0xE0FF, 0xE0FF, 0xE0FF, 0xE0FF, 
  0xE0FF, 0xE0FF, 0xE0FF, 0xE4F7, 0xCBAF, 0xD4BF, 0xFFFF, 0xF0A6, 0xCC7E, 0xF0A7, 0xEE97, 0xEE9F, 0xEF97, 0xEF9F, 0xEE9F, 0xEF9F, 
  0xEF9F, 0xEF9F, 0xEF9F, 0xEE97, 0xEFA7, 0x4C7E, 0xC94B, 0xEB4A, 0x0B53, 0x094B, 0x2A53, 0xA942, 0xA942, 0x2B53, 0x2A53, 0x2A53, 
  0x4A53, 0x094B, 0xA942, 0x0A53, 0x0A4B, 0x4B53, 0x4B53, 0x2A4B, 0x6B53, 0xEA4A, 0xE94A, 0xEA4A, 0x4943, 0x54BF, 0xFFFF, 0xD7DF, 
  0xCAAF, 0xEBAF, 0xCBAF, 0xEDAF, 0xEFA7, 0xD0A7, 0xCB6C, 0xE739, 0xEA4A, 0xC942, 0x2A53, 0x2B53, 0x8D63, 0xEA4A, 0xEA4A, 0xA942, 
  0xC942, 0x8942, 0x6942, 0x473A, 0x8942, 0xE739, 0x4842, 0xEA4A, 0xC94A, 0xA942, 0xAB5B, 0x294B, 0x683A, 0x6842, 0x8942, 0xEA42, 
  0x6B53, 0x4A53, 0x294B, 0xCA53, 0x2B5C, 0x4A5C, 0xAC64, 0x8B5C, 0x4A5C, 0xEC6C, 0xEB6C, 0x2C75, 0xAA5C, 0x8A5C, 0xAB64, 0xA94B, 
  0xC94B, 0xCD86, 0xEE97, 0xCE9F, 0xEDA7, 0xEBA7, 0xEBAF, 0xCBAF, 0xAFBF, 0xF9E7, 0x8C64, 0xEA4A, 0x2B53, 0x4B5B, 0x2A53, 0x0A53, 
  0xE94A, 0x8842, 0x6842, 0xA942, 0x4B53, 0xC94A, 0xE739, 0x694A, 0x8942, 0x6842, 0xA94A, 0xCA4A, 0xEA4A, 0x0A53, 0xC94A, 0xC94A, 
  0xE94A, 0xAB5B, 0x2A53, 0xC94A, 0x2B53, 0x2B53, 0x4A53, 0xAB5B, 0x2A53, 0x0A4B, 0x0A4B, 0xA942, 0x8842, 0xA94A, 0x694A, 0x6842, 
  0x6842, 0x2A53, 0x0A4B, 0xC942, 0xE94A, 0x094B, 0xC942, 0xA942, 0x0A53, 0xA942, 0xA842, 0x0A4B, 0x4B53, 0xEA4A, 0xA94A, 0xE94A, 
  0x0A4B, 0x2A53, 0x8842, 0xEA4A, 0x0A53, 0xEA52, 0x094B, 0x8E74, 0x8E6C, 0x8842, 0xC942, 0x0A53, 0xA94A, 0x894B, 0xAFA7, 0xECA7, 
  0xEE9F, 0x6F9F, 0xAA5C, 0x4E97, 0xECA7, 0xEBAF, 0xCDB7, 0xFCF7, 0xFFFF, 0xD7DF, 0xEAA7, 0xEDA7, 0xED9F, 0xEBAF, 0xE6EF, 0xE0FF, 
  0xE0FF, 0xE0FF, 0xE0FF, 0xE0FF, 0xE0FF, 0xE0FF, 0xE0FF, 0xE0FF, 0xE0FF, 0xE0FF, 0xE0FF, 0xE0FF, 0xE0FF, 0xE0FF, 0xE0FF, 0xE0FF, 
  0xE0FF, 0xE0FF, 0xE0FF, 0xE0FF, 0xE0FF, 0xE0FF, 0xE0FF, 0xE0FF, 0xE0FF, 0xE0FF, 0xE0FF, 0xE0FF, 0xE0FF, 0xE0FF, 0xE0FF, 0xE0FF, 
  0xE0FF, 0xE0FF, 0xE0FF, 0xE0FF, 0xE0FF, 0xE0FF, 0xE0FF, 0xE0FF, 0xE0FF, 0xE0FF, 0xE0FF, 0xE0FF, 0xE0FF, 0xE0FF, 0xE0FF, 0xE0FF, 
  0xE0FF, 0xE0FF, 0xE0FF, 0xE8D7, 0xAF9F, 0xFBE7, 0xD9E7, 0x6B7E, 0xAF97, 0xEF9F, 0xEE9F, 0xEE9F, 0xEE9F, 0xEF9F, 0xEE9F, 0xEF9F, 
  0xEF9F, 0xEF9F, 0xEE9F, 0xEF9F, 0xEF97, 0xEF9F, 0xAF9F, 0xEA6C, 0xC742, 0xA942, 0x0A4B, 0x4B53, 0x8C5B, 0xAC5B, 0x094B, 0x2A4B, 
  0x4B53, 0x2A4B, 0xC942, 0xA94A, 0x8942, 0x2A4B, 0x0A4B, 0xEA4A, 0x6B5B, 0x4B5B, 0x8C5B, 0x4B53, 0xAA4B, 0x6F96, 0xFCFF, 0xFDF7, 
  0xF5D7, 0xEEB7, 0xEDA7, 0x0E97, 0x6B6D, 0x084C, 0x8843, 0xC95B, 0x4B64, 0x0A5C, 0x684B, 0xAA53, 0x2843, 0xE73A, 0x0843, 0x484B, 
  0xAA53, 0x094B, 0xA742, 0xC742, 0xC842, 0x263A, 0xC842, 0xAB53, 0x094B, 0xE842, 0x8B53, 0xE942, 0x6842, 0x4842, 0x073A, 0x8842, 
  0xA842, 0x0632, 0x2732, 0xA842, 0x883A, 0x0732, 0x673A, 0x2A4B, 0x673A, 0x673A, 0xC94A, 0x473A, 0x073A, 0x083A, 0x0A5C, 0x109F, 
  0xD0A7, 0xEF9F, 0xEF97, 0xD09F, 0xCEA7, 0xEBA7, 0xECAF, 0xECA7, 0xAFB7, 0xF9E7, 0x0C6D, 0xE94A, 0x2B53, 0x8842, 0x4842, 0x894A, 
  0xEA52, 0x8942, 0x694A, 0x694A, 0x483A, 0xE94A, 0xA94A, 0x8942, 0xCA52, 0x4842, 0x6842, 0x8842, 0xEA4A, 0x2B53, 0xEA4A, 0xA942, 
  0x6B53, 0xAB5B, 0xE94A, 0x6842, 0x483A, 0x6C5B, 0x6B53, 0xAE7C, 0x094B, 0xA842, 0x6B53, 0x4B53, 0xCA4A, 0x8942, 0xCA52, 0xA94A, 
  0xC94A, 0xEA4A, 0xE94A, 0xEA4A, 0x2A53, 0x4B53, 0x6B53, 0x0A53, 0x0A4B, 0xAC5B, 0xCC63, 0x294B, 0x094B, 0x0A53, 0x2A53, 0xAC5B, 
  0x8B53, 0x6B53, 0xC94A, 0x8842, 0xEA4A, 0x0A4B, 0x0A4B, 0x2A4B, 0xE942, 0x0A53, 0xEA4A, 0x8A4A, 0x8842, 0xA842, 0x2E86, 0xEDAF, 
  0xCD9F, 0xF0A7, 0x2A65, 0x6C7E, 0xEEA7, 0xEBAF, 0xCBA7, 0xF9E7, 0xFFFF, 0xFBEF, 0xCCAF, 0xCDA7, 0xEE9F, 0xECAF, 0xE6DF, 0xE0FF, 
  0xE0FF, 0xE0FF, 0xE0FF, 0xE0FF, 0xE0FF, 0xE0FF, 0xE0FF, 0xE0FF, 0xE0FF, 0xE0FF, 0xE0FF, 0xE0FF, 0xE0FF, 0xE0FF, 0xE0FF, 0xE0FF, 
  0xE0FF, 0xE0FF, 0xE0FF, 0xE0FF, 0xE0FF, 0xE0FF, 0xE0FF, 0xE0FF, 0xE0FF, 0xE0FF, 0xE0FF, 0xE0FF, 0xE0FF, 0xE0FF, 0xE0FF, 0xE0FF, 
  0xE0FF, 0xE0FF, 0xE0FF, 0xE0FF, 0xE0FF, 0xE0FF, 0xE0FF, 0xE0FF, 0xE0FF, 0xE0FF, 0xE0FF, 0xE0FF, 0xE0FF, 0xE0FF, 0xE0FF, 0xE0FF, 
  0xE0FF, 0xE0FF, 0xC4F7, 0xEAAF, 0xD1AF, 0xFDFF, 0x31A7, 0xCC86, 0xF09F, 0xEE9F, 0xEE9F, 0xEE9F, 0xEF9F, 0xEF9F, 0xEE9F, 0xEF9F, 
  0xEF9F, 0xEF9F, 0xEE9F, 0xEE9F, 0xEE97, 0xEF97, 0xEF9F, 0xEFA7, 0xCD8E, 0x0B6D, 0xEB5B, 0x6A4B, 0xE842, 0x4A4B, 0x4B53, 0x2B53, 
  0x2B53, 0xAB5B, 0x0A53, 0x894A, 0x0A4B, 0x4D64, 0x6B53, 0x6B5B, 0x2A53, 0x094B, 0x6B53, 0x6A53, 0xAB5B, 0xC94B, 0x909E, 0xB5CF, 
  0xB4BF, 0x0E97, 0x8B75, 0x8B6D, 0x6D86, 0x6E9F, 0xAFAF, 0xF2BF, 0xF8DF, 0xF9E7, 0xD9DF, 0xD9DF, 0xDAE7, 0xDAE7, 0xDBE7, 0xDAE7, 
  0xDADF, 0x59D7, 0x59D7, 0x98D7, 0x37CF, 0xF5C6, 0xF5C6, 0xD5BE, 0x73B6, 0x93B6, 0x33A6, 0xF2A5, 0x129E, 0x129E, 0xF19D, 0xD19D, 
  0x508D, 0x108D, 0x308D, 0x508D, 0x2F85, 0xEE7C, 0xCD74, 0xCD74, 0xEE7C, 0x8D6C, 0x2C64, 0x0C64, 0xCB5B, 0x6A5B, 0xAA5B, 0x0A65, 
  0xEC75, 0xED8E, 0xCE97, 0xCE97, 0xCE97, 0xCE97, 0xAD9F, 0xAFA7, 0xF8DF, 0x34BF, 0xE953, 0x4A4B, 0xAA4A, 0x8942, 0xE739, 0xA94A, 
  0x8942, 0xA94A, 0xA94A, 0xCA52, 0xC94A, 0x4B53, 0x4B53, 0xEA4A, 0xCA4A, 0x8942, 0xA942, 0xC942, 0x2A4B, 0x2B53, 0xC94A, 0xC94A, 
  0xC94A, 0xA942, 0x6842, 0x684A, 0x894A, 0x2B53, 0xA83A, 0x0A4B, 0x2B53, 0xA942, 0x4B53, 0x6B5B, 0xC94A, 0x8942, 0x6842, 0xEA52, 
  0x8842, 0xCA4A, 0xA94A, 0xA94A, 0xE94A, 0x4B53, 0x2B53, 0xCA4A, 0xEA4A, 0x4B53, 0x8B53, 0x4A53, 0x6B53, 0xC942, 0xC94A, 0x4A53, 
  0x2A4B, 0xEA4A, 0x4B5B, 0xA94A, 0xEA4A, 0xEA4A, 0xCA52, 0xEA4A, 0x8842, 0x473A, 0xA942, 0x4842, 0xA842, 0x8942, 0x8B64, 0xEEAF, 
  0xEC9F, 0xEFA7, 0x8D86, 0xCB6D, 0xF0A7, 0xEBA7, 0xEAA7, 0xF5D7, 0xFFFF, 0xFDF7, 0xD0BF, 0xCCAF, 0xED97, 0xECA7, 0xE8CF, 0xE1FF, 
  0xE0FF, 0xE0FF, 0xE0FF, 0xE0FF, 0xE0FF, 0xE0FF, 0xE0FF, 0xE0FF, 0xE0FF, 0xE0FF, 0xE0FF, 0xE0FF, 0xE0FF, 0xE0FF, 0xE0FF, 0xE0FF, 
  0xE0FF, 0xE0FF, 0xE0FF, 0xE0FF, 0xE0FF, 0xE0FF, 0xE0FF, 0xE0FF, 0xE0FF, 0xE0FF, 0xE0FF, 0xE0FF, 0xE0FF, 0xE0FF, 0xE0FF, 0xE0FF, 
  0xE0FF, 0xE0FF, 0xE0FF, 0xE0FF, 0xE0FF, 0xE0FF, 0xE0FF, 0xE0FF, 0xE0FF, 0xE0FF, 0xE0FF, 0xE0FF, 0xE0FF, 0xE0FF, 0xE0FF, 0xE0FF, 
  0xE0FF, 0xE0FF, 0xC8DF, 0xEC9F, 0xF2BF, 0xFAEF, 0x8D86, 0x8E8F, 0xEF9F, 0xEE9F, 0xEE9F, 0xEE9F, 0xEF9F, 0xEF9F, 0xEE9F, 0xEF9F, 
  0xEF9F, 0xEF9F, 0xEE9F, 0xEE9F, 0xEE9F, 0xEF9F, 0xEF97, 0xEE8F, 0xEE9F, 0xEFA7, 0xCF9F, 0x0E8F, 0x4D86, 0x6C75, 0x4A64, 0x484B, 
  0x6A4B, 0x8A53, 0xE94A, 0x0B53, 0x4B53, 0x8A53, 0x4B53, 0x0A53, 0xA842, 0x2A53, 0xAB5B, 0xE842, 0x6B5B, 0x4B53, 0xAA4B, 0x4A5C, 
  0x0A65, 0x8C75, 0x4E86, 0x4E86, 0x4B6D, 0xEA64, 0xEA6C, 0x6C75, 0x0C6D, 0x6D7D, 0x4D7D, 0x4E7D, 0xD095, 0x9095, 0x2F8D, 0x708D, 
  0xB195, 0xD29D, 0xF2A5, 0xF19D, 0x53A6, 0x95B6, 0xD5B6, 0xD5BE, 0x17CF, 0x57CF, 0x58D7, 0x99DF, 0xFADF, 0xB9CF, 0xDAD7, 0xDBE7, 
  0xFCEF, 0xFCEF, 0xFBE7, 0xFCEF, 0xFCEF, 0xFDF7, 0xFCF7, 0xFCEF, 0xFBEF, 0xFAE7, 0xFAE7, 0xFBEF, 0xFAE7, 0xFAE7, 0xFADF, 0xB7D7, 
  0xD7D7, 0xD6CF, 0xF6D7, 0xF4D7, 0xF4CF, 0xF5CF, 0xF6DF, 0xF9E7, 0xD4C6, 0xEA5B, 0xC942, 0x0A4B, 0xAA4A, 0xEA52, 0x683A, 0xC94A, 
  0x0A4B, 0xC942, 0xA842, 0x294B, 0x2A53, 0x0A53, 0xC942, 0xA942, 0xEA4A, 0xA942, 0x2B53, 0x8B5B, 0xCD5B, 0xEA4A, 0xA94A, 0xAA4A, 
  0xA94A, 0xAA4A, 0xCA52, 0xAA4A, 0xA94A, 0xE94A, 0x2A53, 0xCA4A, 0xEB52, 0x8942, 0xA942, 0xA842, 0xC94A, 0xEA4A, 0xEA52, 0xC94A, 
  0xA942, 0xA94A, 0x6842, 0xC94A, 0xC94A, 0xC94A, 0xC94A, 0xC94A, 0x683A, 0xC942, 0x2A53, 0x0A4B, 0x0A53, 0x0A4B, 0xC94A, 0xC94A, 
  0x0A4B, 0xC94A, 0x8842, 0xA94A, 0xC942, 0xA842, 0xC94A, 0xE94A, 0x6842, 0xEA4A, 0xEA4A, 0xE94A, 0x8C63, 0x6842, 0x494B, 0x4F9F, 
  0xEDA7, 0xEE9F, 0x8E9F, 0x2D7E, 0xEF9F, 0xEDA7, 0xCBA7, 0xD1BF, 0xFEFF, 0xFEFF, 0xD3CF, 0xECAF, 0xED9F, 0xEDA7, 0xCAB7, 0xE2EF, 
  0xE0FF, 0xC0FF, 0xE0FF, 0xE0FF, 0xE0FF, 0xE0FF, 0xE0FF, 0xE0FF, 0xE0FF, 0xE0FF, 0xE0FF, 0xE0FF, 0xE0FF, 0xE0FF, 0xE0FF, 0xE0FF, 
  0xE0FF, 0xE0FF, 0xE0FF, 0xE0FF, 0xE0FF, 0xE0FF, 0xE0FF, 0xE0FF, 0xE0FF, 0xE0FF, 0xE0FF, 0xE0FF, 0xE0FF, 0xE0FF, 0xE0FF, 0xE0FF, 
  0xE0FF, 0xE0FF, 0xE0FF, 0xE0FF, 0xE0FF, 0xE0FF, 0xE0FF, 0xE0FF, 0xE0FF, 0xE0FF, 0xE0FF, 0xE0FF, 0xE0FF, 0xE0FF, 0xE0FF, 0xE0FF, 
  0xE0FF, 0xE0FF, 0xC9C7, 0xED97, 0xF4CF, 0xD6D7, 0xEB7E, 0xEF97, 0xEF9F, 0xEF9F, 0xEE97, 0xEF9F, 0xEF97, 0xEF97, 0xEE9F, 0xEF9F, 
  0xEF9F, 0xEF9F, 0xEE9F, 0xEE9F, 0xEE9F, 0xEE97, 0xEE9F, 0xCF9F, 0xCE9F, 0xEE97, 0xEF9F, 0xEF9F, 0xF09F, 0xF0A7, 0xF0A7, 0x2E8F, 
  0xED7D, 0x8A53, 0xAA4A, 0x6B53, 0x094B, 0xCA4A, 0xEA4A, 0xA94A, 0x684A, 0x8842, 0x4B53, 0xEA4A, 0x4A53, 0x0953, 0x094B, 0xAB5B, 
  0x2A5C, 0x0A54, 0x084B, 0xEA4A, 0x893A, 0x8942, 0xEA4A, 0xAB53, 0xAB53, 0x0943, 0x2A4B, 0x673A, 0x0A53, 0x473A, 0x873A, 0x6A53, 
  0x0943, 0x683A, 0x8842, 0x673A, 0x273A, 0x8842, 0xC942, 0xA73A, 0x8742, 0x494B, 0x694B, 0x4843, 0xCA53, 0x694B, 0x0743, 0x494B, 
  0xEA53, 0xA953, 0x484B, 0x8953, 0x6953, 0x084B, 0x6A53, 0x8953, 0xCA53, 0x8C6C, 0x2B64, 0xAA5B, 0x6D74, 0x0D6C, 0xCD7C, 0xEE7C, 
  0x3095, 0x4F8D, 0x908D, 0xD29D, 0xF29D, 0x52A6, 0xB08D, 0x0A64, 0x863A, 0xE94A, 0xC94A, 0x6942, 0xC94A, 0x2A53, 0x2A4B, 0x0A4B, 
  0xCC5B, 0x6A53, 0x2D64, 0x4D64, 0xA83A, 0x4842, 0xCA4A, 0xA94A, 0x884A, 0x0A4B, 0x2A53, 0xE94A, 0x0A4B, 0xA942, 0xC94A, 0xCA4A, 
  0xA842, 0xE94A, 0xE94A, 0xC94A, 0xA942, 0xC94A, 0x0A4B, 0x6A53, 0xC94A, 0x8842, 0xEA4A, 0xC942, 0x0A4B, 0xEA4A, 0xC94A, 0x2B53, 
  0xC94A, 0x8942, 0xA94A, 0xEA4A, 0xC94A, 0x2A53, 0x2A53, 0xC942, 0xEA4A, 0xCA4A, 0xEA4A, 0x8842, 0x0A53, 0xEA4A, 0xA94A, 0xA94A, 
  0xEA4A, 0x0A53, 0xC94A, 0xE94A, 0x2A4B, 0x4B5B, 0x0A53, 0xEC5B, 0xC942, 0x4B5B, 0xEA4A, 0xC94A, 0x0A53, 0x894A, 0x8842, 0x6C6D, 
  0xEEAF, 0xCD9F, 0xEEAF, 0x8C7E, 0x6E97, 0xEDA7, 0xCEBF, 0xAFBF, 0xFAF7, 0xFFFF, 0xD4CF, 0xCAA7, 0xEE9F, 0xED9F, 0xEBAF, 0xE4EF, 
  0xE0FF, 0xC0FF, 0xE0FF, 0xE0FF, 0xE0FF, 0xE0FF, 0xE0FF, 0xE0FF, 0xE0FF, 0xE0FF, 0xE0FF, 0xE0FF, 0xE0FF, 0xE0FF, 0xE0FF, 0xE0FF, 
  0xE0FF, 0xE0FF, 0xE0FF, 0xE0FF, 0xE0FF, 0xE0FF, 0xE0FF, 0xE0FF, 0xE0FF, 0xE0FF, 0xE0FF, 0xE0FF, 0xE0FF, 0xE0FF, 0xE0FF, 0xE0FF, 
  0xE0FF, 0xE0FF, 0xE0FF, 0xE0FF, 0xE0FF, 0xE0FF, 0xE0FF, 0xE0FF, 0xE0FF, 0xE0FF, 0xE0FF, 0xE0FF, 0xE0FF, 0xE0FF, 0xE0FF, 0xE0FF, 
  0xE0FF, 0xE2FF, 0xCBBF, 0xCE97, 0xF3C7, 0x94BF, 0x2B87, 0xF09F, 0xEE97, 0xEF97, 0xEE9F, 0xEEA7, 0xEE9F, 0xEE97, 0xEF97, 0xEF9F, 
  0xEE97, 0xEF9F, 0xEF9F, 0xEF9F, 0xEE9F, 0xEF9F, 0xEF9F, 0xEF9F, 0xEF9F, 0xEF97, 0xEF9F, 0xEF97, 0xEF97, 0xEE97, 0xCF97, 0xEF9F, 
  0xF1AF, 0x6C64, 0xA942, 0xC94A, 0xA842, 0xAA4A, 0x0A53, 0xA94A, 0xA94A, 0x8842, 0xEA4A, 0x2B53, 0xAA42, 0x4842, 0x0A53, 0x0A53, 
  0x2A4B, 0xED63, 0xA942, 0xEA4A, 0xE94A, 0x4B53, 0x0A4B, 0xC942, 0xEA4A, 0x8A53, 0xAC63, 0x6B5B, 0xA84A, 0xE942, 0x4A4B, 0x0A53, 
  0xEB52, 0xC942, 0x2A53, 0x0B5B, 0x894A, 0xA94A, 0xEA52, 0xEA52, 0xEA52, 0x2B53, 0xEA4A, 0x6742, 0x884A, 0xCA52, 0xA94A, 0xA94A, 
  0x2B53, 0xA94A, 0x8A4A, 0xAA4A, 0xA942, 0x0A4B, 0x8942, 0x4B53, 0x2B4B, 0xEA42, 0x893A, 0x6842, 0x694A, 0x283A, 0x094B, 0xA942, 
  0x0732, 0xE94A, 0xEB5B, 0x883A, 0xA83A, 0x2843, 0xC94A, 0xA942, 0x694A, 0x2B53, 0x8A53, 0xC94A, 0xA94A, 0x2A4B, 0x4A4B, 0xEC63, 
  0xCB5B, 0x0B5C, 0x4D64, 0xEC53, 0x2A4B, 0xCA4A, 0x0A53, 0x0A53, 0xEA4A, 0xA942, 0xA942, 0x894A, 0x6842, 0xA942, 0xC94A, 0xE94A, 
  0xE952, 0xA94A, 0xC94A, 0x883A, 0x2D6C, 0x2A4B, 0xAB5B, 0x0D64, 0xC94A, 0xA94A, 0x4B53, 0xCC63, 0x2A4B, 0x0A4B, 0xE94A, 0x0A53, 
  0xEA4A, 0xEA4A, 0xC94A, 0x8842, 0xA942, 0x0A53, 0x6C5B, 0x0A4B, 0x2A4B, 0x0A4B, 0xA952, 0xCA4A, 0xC94A, 0xC94A, 0xC942, 0xA94A, 
  0xAA52, 0xCA4A, 0x6A53, 0xEC63, 0xEA4A, 0x0A4B, 0x6B53, 0x094B, 0xC94A, 0xC942, 0x2B53, 0xC952, 0xEA4A, 0xA952, 0xA94A, 0x0B54, 
  0xAEA7, 0xEDA7, 0xEDA7, 0x4D8F, 0x2F97, 0xEEA7, 0xF0BF, 0xB1C7, 0xD6D7, 0xFFFF, 0xD5D7, 0xEAA7, 0xEE9F, 0xED9F, 0xCCAF, 0xE9D7, 
  0xE1FF, 0xC0FF, 0xE0FF, 0xE0FF, 0xE0FF, 0xE0FF, 0xE0FF, 0xE0FF, 0xE0FF, 0xE0FF, 0xE0FF, 0xE0FF, 0xE0FF, 0xE0FF, 0xE0FF, 0xE0FF, 
  0xE0FF, 0xE0FF, 0xE0FF, 0xE0FF, 0xE0FF, 0xE0FF, 0xE0FF, 0xE0FF, 0xE0FF, 0xE0FF, 0xE0FF, 0xE0FF, 0xE0FF, 0xE0FF, 0xE0FF, 0xE0FF, 
  0xE0FF, 0xE0FF, 0xE0FF, 0xE0FF, 0xE0FF, 0xE0FF, 0xE0FF, 0xE0FF, 0xE0FF, 0xE0FF, 0xE0FF, 0xE0FF, 0xE0FF, 0xE0FF, 0xE0FF, 0xE0FF, 
  0xE0FF, 0xE3F7, 0xECAF, 0xEE97, 0xF0AF, 0xB0AF, 0x8D8F, 0xEF97, 0xEF97, 0xEF97, 0xED9F, 0xECAF, 0xEDA7, 0xEF9F, 0xEF97, 0xEF9F, 
  0xEE97, 0xEE9F, 0xEF9F, 0xEF9F, 0xEF9F, 0xEF9F, 0xEF9F, 0xEF9F, 0xEE9F, 0xEF97, 0xEF97, 0xEE9F, 0xEF9F, 0xEE9F, 0xEE9F, 0xF0A7, 
  0xEA64, 0x2843, 0x0B53, 0xEA4A, 0x4A53, 0x4B53, 0xCC5B, 0x4A4B, 0xE94A, 0x4B53, 0x0A4B, 0xEA4A, 0xEA4A, 0xCA4A, 0xC94A, 0x4B5B, 
  0x4A53, 0x6A53, 0x0A4B, 0x0A53, 0xC942, 0x6B5B, 0x4A53, 0xC942, 0x8942, 0x094B, 0x683A, 0x4C5C, 0xAF85, 0x4D75, 0x0C75, 0x4B64, 
  0x0843, 0xC94A, 0x683A, 0xCA42, 0xA94A, 0xEA4A, 0x094B, 0x2A4B, 0xA94A, 0x2842, 0x8A4A, 0xCA52, 0xA94A, 0x8942, 0x8942, 0xA842, 
  0xC742, 0x494B, 0x4C64, 0x0B5C, 0x2A4B, 0x0B53, 0x6842, 0xC94A, 0x094B, 0xAA53, 0xEB5B, 0x2A4B, 0x094B, 0xC84A, 0xEA4A, 0xEA4A, 
  0xCA4A, 0x6842, 0x2943, 0xCA5B, 0x6C64, 0x4A53, 0xAA52, 0x2A53, 0x8A53, 0x4A4B, 0x2A4B, 0xEA4A, 0xEA52, 0xAB53, 0x2A4B, 0xAA4A, 
  0x2A53, 0x8B53, 0x8B53, 0xEB63, 0x2A53, 0xC94A, 0xE94A, 0x0A4B, 0x2B53, 0x2B53, 0x0B53, 0x4842, 0xCA52, 0xCA4A, 0x0A4B, 0x2B53, 
  0xC94A, 0xC94A, 0xCA4A, 0xEA4A, 0x2A53, 0xA842, 0x0943, 0xCB53, 0x6B53, 0x0A4B, 0x4B53, 0x2A4B, 0xA842, 0xC94A, 0xA94A, 0x483A, 
  0x8942, 0x0B53, 0xC94A, 0xA94A, 0xC94A, 0xCA4A, 0xC94A, 0xC942, 0x0D64, 0x0A4B, 0xE952, 0xE94A, 0x4A53, 0x094B, 0x4A53, 0xEA4A, 
  0x4B53, 0xE942, 0x4B53, 0x4B53, 0x0A4B, 0x6B53, 0x2A4B, 0x0A4B, 0xA94A, 0xA942, 0xE94A, 0xA84A, 0x2B4B, 0xEA4A, 0x2B53, 0xC93A, 
  0xEC7D, 0xEEAF, 0xED9F, 0xCE9F, 0x2B76, 0xAF9F, 0xCEAF, 0xD4D7, 0xB1BF, 0xFEFF, 0xD7DF, 0xEAA7, 0xEDA7, 0xED9F, 0xEBAF, 0xCECF, 
  0xE3F7, 0xC0FF, 0xE0FF, 0xE0FF, 0xE0FF, 0xE0FF, 0xE0FF, 0xE0FF, 0xE0FF, 0xE0FF, 0xE0FF, 0xE0FF, 0xE0FF, 0xE0FF, 0xE0FF, 0xE0FF, 
  0xE0FF, 0xE0FF, 0xE0FF, 0xE0FF, 0xE0FF, 0xC0FF, 0xC0FF, 0xC0FF, 0xC0FF, 0xC0FF, 0xC0FF, 0xC0FF, 0xE0FF, 0xE0FF, 0xE0FF, 0xE0FF, 
  0xE0FF, 0xE0FF, 0xE0FF, 0xE0FF, 0xE0FF, 0xE0FF, 0xE0FF, 0xE0FF, 0xE0FF, 0xE0FF, 0xE0FF, 0xE0FF, 0xE0FF, 0xE0FF, 0xE0FF, 0xE0FF, 
  0xE0FF, 0xE2F7, 0x6BAF, 0xCE97, 0xED9F, 0xEDA7, 0xCD9F, 0xEF9F, 0xEF9F, 0xEF9F, 0xECA7, 0xEAAF, 0xECAF, 0xCEA7, 0xEF97, 0xEF9F, 
  0xEE97, 0xEE9F, 0xEE9F, 0xEF9F, 0xEF9F, 0xEF9F, 0xEF9F, 0xEF9F, 0xEF9F, 0xEF9F, 0xEE97, 0xEE9F, 0xEF97, 0xEE97, 0xEEA7, 0xED7D, 
  0xC842, 0xC94A, 0x0A53, 0x4B53, 0x6B53, 0x6A53, 0x6B53, 0x6B53, 0x6B53, 0x4B53, 0x0A53, 0xA94A, 0xA94A, 0x8942, 0xA94A, 0x2B53, 
  0xC94A, 0xC942, 0xA94A, 0x0A53, 0x2A53, 0x8C5B, 0x8B5B, 0x4B53, 0x2A53, 0xE94A, 0xAA4A, 0xCB53, 0x6A5C, 0xEA6C, 0xAD75, 0xAF8E, 
  0x509F, 0x0F97, 0x6C75, 0xA953, 0xA84A, 0xC94A, 0x0A53, 0x2A53, 0x2A53, 0x094B, 0xC942, 0x6A4B, 0x295C, 0x2B6D, 0x0D7E, 0xAE8E, 
  0xAF96, 0x6F8E, 0xAD7D, 0x2A5C, 0xA83A, 0xE842, 0x6B5C, 0xAD7D, 0x4E86, 0xEE7D, 0x8D64, 0x2A4B, 0xE94A, 0x6942, 0x6942, 0xA94B, 
  0x2E7E, 0xAE8E, 0xAE8E, 0xAD85, 0xAC64, 0x6C64, 0x0A43, 0xC942, 0x094B, 0x2A53, 0x8942, 0x6942, 0xEA4A, 0xA84A, 0x2A53, 0xEA4A, 
  0x2842, 0x884A, 0xE94A, 0x2A53, 0xEA4A, 0xA942, 0xC942, 0x4B5B, 0xEA4A, 0x0A4B, 0x6C5B, 0x6942, 0x4842, 0xCA4A, 0xEA4A, 0xEA4A, 
  0x0A53, 0xE94A, 0xEA4A, 0x0A53, 0xC94A, 0xEA4A, 0x2A4B, 0xCC5B, 0x6B5B, 0xE942, 0x094B, 0x0A53, 0xAA4A, 0xA94A, 0x6842, 0xCA4A, 
  0xA94A, 0xA942, 0x0A53, 0xEA4A, 0xEA4A, 0xC94A, 0xA94A, 0xE94A, 0xE94A, 0x4B53, 0x094B, 0x6742, 0x6B53, 0x6E6C, 0x2A4B, 0xE94A, 
  0x4A4B, 0x0A4B, 0x8942, 0xAA4A, 0x8842, 0x2A4B, 0x4B53, 0x4B53, 0xEA52, 0x2B53, 0x2A53, 0xC84A, 0xCA42, 0x0A4B, 0x0A53, 0xEB52, 
  0xEA5B, 0xEFA7, 0xCD9F, 0xEDAF, 0x8C86, 0xCE86, 0xED9F, 0xD5CF, 0xB1BF, 0xF8EF, 0xF8DF, 0xEBA7, 0xECA7, 0xEDA7, 0xEBAF, 0xD1CF, 
  0xE8F7, 0xC0FF, 0xE0FF, 0xE0FF, 0xE0FF, 0xE0FF, 0xE0FF, 0xE0FF, 0xE0FF, 0xE0FF, 0xE0FF, 0xE0FF, 0xE0FF, 0xE0FF, 0xE0FF, 0xE0FF, 
  0xE0FF, 0xE0FF, 0xE0FF, 0xE0FF, 0xA0F7, 0x60EF, 0x60EF, 0x60EF, 0x60EF, 0x60EF, 0x60EF, 0x60EF, 0x80F7, 0xE0FF, 0xE0FF, 0xE0FF, 
  0xE0FF, 0xE0FF, 0xE0FF, 0xE0FF, 0xE0FF, 0xE0FF, 0xE0FF, 0xE0FF, 0xE0FF, 0xE0FF, 0xE0FF, 0xE0FF, 0xE0FF, 0xE0FF, 0xE0FF, 0xE0FF, 
  0xE0FF, 0xE1FF, 0x07BF, 0x8E97, 0xEE9F, 0xCDA7, 0xEE9F, 0xEE97, 0xEE97, 0xEF9F, 0xEE9F, 0xEBAF, 0xEBAF, 0xEDA7, 0xEF9F, 0xEF9F, 
  0xEE9F, 0xEF9F, 0xEE9F, 0xEE9F, 0xEF9F, 0xEF9F, 0xEF9F, 0xEE9F, 0xEF9F, 0xEF9F, 0xEF97, 0xEF9F, 0xEF97, 0xEF9F, 0x6E9F, 0x4843, 
  0x6942, 0xC94A, 0x8B5B, 0x2B4B, 0xC942, 0xC94A, 0xA84A, 0xC942, 0x094B, 0x6B53, 0x2B53, 0xA94A, 0xA94A, 0xC94A, 0xCA4A, 0xA94A, 
  0xA94A, 0x2B53, 0xA942, 0xEA4A, 0x6B5B, 0x094B, 0x0A4B, 0x4B53, 0x2A4B, 0xAA53, 0x695C, 0xAC75, 0x2E86, 0x2D7E, 0x0A65, 0x495C, 
  0x094C, 0x4B65, 0x8E86, 0xAF96, 0x0D7E, 0x8B64, 0xA83A, 0xA942, 0x6D64, 0x4C6D, 0x2D7E, 0x4F9F, 0xF09F, 0x6F97, 0x4E86, 0xAC64, 
  0x894B, 0xA73A, 0x873A, 0x4A5C, 0x6E8E, 0x309F, 0xEF96, 0xAD7D, 0xEB5B, 0x0943, 0xC83A, 0x4A4B, 0xEA53, 0x4C6D, 0x2F97, 0xF0A7, 
  0x0F97, 0x6D75, 0x694B, 0x0632, 0xC842, 0xAA53, 0x6A5B, 0x6B64, 0xAC64, 0x4B53, 0xC94A, 0x094B, 0x6B53, 0x0B53, 0x8842, 0x4D7D, 
  0x2D6D, 0x284B, 0x4842, 0xAA4A, 0xE94A, 0x2B53, 0xEA4A, 0x2A53, 0xE94A, 0xA842, 0xEA4A, 0xEA4A, 0xEA4A, 0x0A4B, 0xE942, 0x0A4B, 
  0xE942, 0x4A53, 0xCC63, 0x2A4B, 0xC942, 0x4A53, 0x6C5B, 0x0A53, 0x0A53, 0x0A53, 0x4B53, 0x6B5B, 0x4B5B, 0x0A53, 0xC942, 0x4A53, 
  0x8B5B, 0xC94A, 0x4B53, 0x0A4B, 0x4B53, 0x2A53, 0x8842, 0xA942, 0xC94A, 0x2A53, 0x4B53, 0xC94A, 0x094B, 0x8F74, 0x6A53, 0x6B5B, 
  0x8942, 0x2A53, 0x8A53, 0x294B, 0xC842, 0x2A53, 0xC842, 0x8842, 0xCA52, 0xA94A, 0x6B5B, 0x4A53, 0xCA4A, 0xC952, 0xA84A, 0x0A53, 
  0x2943, 0x8D86, 0xEEA7, 0xEDA7, 0x6D9F, 0xAB6D, 0xEE9F, 0xD1B7, 0xD4D7, 0xB2CF, 0xF6D7, 0xCAA7, 0xEDA7, 0xEDA7, 0xEBAF, 0xD1BF, 
  0xEFF7, 0xC0FF, 0xE0FF, 0xE0FF, 0xE0FF, 0xE0FF, 0xE0FF, 0xE0FF, 0xE0FF, 0xE0FF, 0xE0FF, 0xE0FF, 0xE0FF, 0xE0FF, 0xE0FF, 0xE0FF, 
  0xE0FF, 0xE0FF, 0xE0FF, 0xE0FF, 0x60F7, 0x60F7, 0x60F7, 0x60F7, 0x60F7, 0x60F7, 0x60F7, 0x60F7, 0x60EF, 0xC0FF, 0xE0FF, 0xE0FF, 
  0xE0FF, 0xE0FF, 0xE0FF, 0xE0FF, 0xE0FF, 0xE0FF, 0xE0FF, 0xE0FF, 0xE0FF, 0xE0FF, 0xE0FF, 0xE0FF, 0xE0FF, 0xE0FF, 0xE0FF, 0xE0FF, 
  0xE0FF, 0xE0FF, 0xE3F7, 0xCBB7, 0xEE97, 0xEF97, 0xEF9F, 0xED97, 0xEE97, 0xEF9F, 0xEF9F, 0xED9F, 0xECA7, 0xECA7, 0xEE9F, 0xEE9F, 
  0xEE9F, 0xEF9F, 0xEE9F, 0xEE9F, 0xEF9F, 0xEF9F, 0xEF9F, 0xEE9F, 0xEF9F, 0xEF9F, 0xEF9F, 0xEF9F, 0xEF97, 0xF09F, 0xEC7D, 0xC942, 
  0xEA4A, 0x094B, 0x8B5B, 0x6B53, 0xEA4A, 0xA94A, 0xEA52, 0x2B5B, 0xC94A, 0x6842, 0x8942, 0xEA52, 0x2B5B, 0xEA52, 0xA842, 0x0A53, 
  0xC94A, 0x0A53, 0x2B53, 0xE94A, 0x4B53, 0xE942, 0x2A53, 0x4B53, 0xEA4A, 0x8C64, 0x509F, 0xAB75, 0x2B6D, 0xCC6D, 0x8E8E, 0x3097, 
  0xCF8E, 0x6C6D, 0xAB5C, 0x6A5C, 0x6A5C, 0xAB64, 0xA95C, 0x0C7E, 0xB09F, 0xF0A7, 0xAF9F, 0xEC7D, 0x2A54, 0x4A43, 0x094B, 0x084B, 
  0x0A5C, 0xEC7D, 0x7097, 0x719F, 0xEE85, 0xE953, 0x873A, 0x273A, 0xA942, 0xCB5B, 0x0B6D, 0x8D86, 0xF1A7, 0xF0A7, 0xCE8E, 0x2B5C, 
  0xEA42, 0xA83A, 0xCA53, 0x4D75, 0xEE7D, 0x0A54, 0x4D7D, 0x0C6D, 0x7097, 0x6A5C, 0xE942, 0xEA52, 0x294B, 0x0A4B, 0xE94A, 0x0A5C, 
  0x929F, 0x3097, 0x0C6D, 0x0843, 0x8942, 0x6B5B, 0xC94A, 0x0A4B, 0xE94A, 0x6B53, 0x8B53, 0xCC5B, 0xE94A, 0xC94A, 0x4B53, 0x8B5B, 
  0x094B, 0x094B, 0xE842, 0x8B53, 0x4B53, 0x6A53, 0x2A4B, 0xEA4A, 0xCA4A, 0xA94A, 0xA942, 0xE942, 0x2A4B, 0xE94A, 0x4A53, 0x0D64, 
  0xAC5B, 0xA842, 0xE94A, 0xE94A, 0x4B53, 0x6B53, 0x0A53, 0x2B53, 0xEA52, 0x8842, 0x4B53, 0xEA4A, 0x8842, 0x473A, 0x883A, 0x0A4B, 
  0x8942, 0x4A53, 0xAD64, 0x907D, 0x2943, 0x2A53, 0xCD63, 0xC94A, 0x894A, 0x483A, 0xE94A, 0x0A4B, 0x894A, 0x884A, 0x8842, 0x4A53, 
  0x4B4B, 0xAB64, 0xEFA7, 0xCE9F, 0xEDAF, 0x8A6D, 0xCD86, 0xEDA7, 0xD5D7, 0xB1C7, 0xD0BF, 0xEBAF, 0xEDA7, 0xEDA7, 0xEBAF, 0xCEB7, 
  0xF5EF, 0xC4F7, 0xE0FF, 0xE0FF, 0xE0FF, 0xE0FF, 0xE0FF, 0xE0FF, 0xE0FF, 0xE0FF, 0xE0FF, 0xE0FF, 0xE0FF, 0xE0FF, 0xE0FF, 0xE0FF, 
  0xE0FF, 0xE0FF, 0xE0FF, 0xC0FF, 0x60F7, 0x60F7, 0x60F7, 0x60F7, 0x60F7, 0x60F7, 0x60F7, 0x60F7, 0x60EF, 0xC0FF, 0xE0FF, 0xE0FF, 
  0xE0FF, 0xE0FF, 0xE0FF, 0xE0FF, 0xE0FF, 0xE0FF, 0xE0FF, 0xE0FF, 0xE0FF, 0xE0FF, 0xE0FF, 0xE0FF, 0xE0FF, 0xE0FF, 0xE0FF, 0xE0FF, 
  0xE0FF, 0xE0FF, 0xC0FF, 0xE3EF, 0xE9C7, 0xAE9F, 0xB097, 0xEF9F, 0xEE97, 0xEF9F, 0xEF9F, 0xEF97, 0xEE9F, 0xEDA7, 0xEE9F, 0xEE9F, 
  0xEF9F, 0xEF9F, 0xEF9F, 0xEF9F, 0xEF9F, 0xEF9F, 0xEF9F, 0xEF9F, 0xEF9F, 0xEF97, 0xEF9F, 0xEE9F, 0xEE97, 0xF09F, 0x0C6D, 0xCA4A, 
  0x2B53, 0xC942, 0x8B53, 0xCC5B, 0x8C5B, 0xA942, 0x0A4B, 0x0A4B, 0xEA52, 0x894A, 0x6842, 0x6942, 0xEA4A, 0x2A53, 0x4B53, 0x4A53, 
  0x094B, 0x4A53, 0xE94A, 0xEA4A, 0x6B53, 0x8C5B, 0x0A4B, 0x2A4B, 0x4B53, 0x6A4B, 0x2F97, 0xF0A7, 0xAE97, 0x8D86, 0xCC75, 0x6A65, 
  0x2B76, 0xEFA7, 0xEFA7, 0xCF97, 0xAF97, 0xF0A7, 0xF0A7, 0xF0A7, 0xAE8E, 0x0C6D, 0x2943, 0x062A, 0x694B, 0x4C75, 0xAD8E, 0xD09F, 
  0xF0A7, 0xEF8E, 0xEB6C, 0x0843, 0x2732, 0x683A, 0x8A53, 0xEC6C, 0x6C86, 0xCE9F, 0xF1AF, 0xF0A7, 0xCD7D, 0xA84B, 0x2843, 0xCA53, 
  0x8D75, 0xEF8E, 0x2F97, 0x0B75, 0x4A53, 0x4C6D, 0x519F, 0x4954, 0xF09F, 0xAF9F, 0x8B75, 0xCA53, 0x0A4B, 0xC94A, 0xE94A, 0xC942, 
  0xE953, 0xB09F, 0xEFA7, 0x8E86, 0x8953, 0x073A, 0x683A, 0xCD63, 0x4B53, 0x4A53, 0x6B53, 0x2A53, 0x6842, 0xA94A, 0xC94A, 0xE94A, 
  0xEA4A, 0x0A53, 0x0953, 0x0A4B, 0x4B53, 0x2A4B, 0x6D64, 0x6C5C, 0x0943, 0xEA52, 0xC94A, 0x0A4B, 0x2A53, 0x2B53, 0xE942, 0x294B, 
  0x2A4B, 0x8942, 0xC94A, 0x0A4B, 0xAC5B, 0x4A53, 0xA842, 0x0A53, 0x0A4B, 0x094B, 0x8B5B, 0x6B4B, 0xEA4A, 0xEA52, 0xEA4A, 0xA94A, 
  0xA94A, 0xC942, 0x0943, 0x0C5C, 0xEC5B, 0x0A4B, 0x6B53, 0x0A4B, 0xEA4A, 0x2B53, 0x2A53, 0xE94A, 0x094B, 0x2A53, 0x0B4B, 0x294B, 
  0xEA4A, 0x6A53, 0xEE8E, 0xEF97, 0xEDAF, 0xED96, 0xAC75, 0xEEA7, 0xD1B7, 0xD4D7, 0xCBAF, 0xEBAF, 0xEDA7, 0xEDA7, 0xEBAF, 0xECAF, 
  0xF7E7, 0xC9F7, 0xE0FF, 0xE0FF, 0xE0FF, 0xE0FF, 0xE0FF, 0xE0FF, 0xE0FF, 0xE0FF, 0xE0FF, 0xE0FF, 0xE0FF, 0xE0FF, 0xE0FF, 0xE0FF, 
  0xE0FF, 0xE0FF, 0xE0FF, 0xC0FF, 0x60F7, 0x60F7, 0x60F7, 0x60F7, 0x60F7, 0x60F7, 0x60F7, 0x60F7, 0x60EF, 0xC0FF, 0xE0FF, 0xE0FF, 
  0xE0FF, 0xE0FF, 0xE0FF, 0xE0FF, 0xE0FF, 0xE0FF, 0xE0FF, 0xE0FF, 0xE0FF, 0xE0FF, 0xE0FF, 0xE0FF, 0xE0FF, 0xE0FF, 0xE0FF, 0xE0FF, 
  0xE0FF, 0xE0FF, 0xE0FF, 0xE0FF, 0xE2F7, 0x88D7, 0xCA7D, 0xEF86, 0xF0A7, 0xED97, 0xEF97, 0xEF97, 0xEE9F, 0xEE9F, 0xEE97, 0xEF9F, 
  0xEF9F, 0xEE9F, 0xEF97, 0xEF97, 0xEF9F, 0xEF9F, 0xEF9F, 0xEF9F, 0xEF9F, 0xEF97, 0xEF9F, 0xEE9F, 0xEE97, 0xEF9F, 0x0A54, 0xC94A, 
  0x2A53, 0x0A4B, 0x6B53, 0x0A4B, 0xEA4A, 0xEA4A, 0x0A4B, 0xEA4A, 0x6842, 0xCA52, 0x894A, 0x273A, 0x073A, 0xA94A, 0xEA52, 0xA942, 
  0x0A4B, 0xEA4A, 0xA942, 0xA942, 0xC942, 0x2A53, 0xEA4A, 0x4B53, 0xCC5B, 0x2B4B, 0x6A5C, 0xD0A7, 0xEE97, 0xEF9F, 0xF0A7, 0xEFA7, 
  0xCEA7, 0xEE9F, 0xEE9F, 0xF09F, 0xD09F, 0xEE8E, 0x6D75, 0x8A4B, 0x6732, 0xC842, 0x8B64, 0x8E86, 0xF09F, 0xF1AF, 0x8F9F, 0x0D7E, 
  0xA84B, 0x6842, 0x2842, 0x284B, 0xEA64, 0xAE86, 0xF09F, 0xF2AF, 0xF0A7, 0xCD8E, 0xCA64, 0x894B, 0x694B, 0x0C65, 0x0F8F, 0xF0A7, 
  0x4F97, 0xCA6C, 0xCA53, 0x0A4B, 0xA83A, 0x2C7E, 0xF1A7, 0xAA5C, 0xAE8E, 0xEF9F, 0xEFA7, 0xB09F, 0xCC75, 0x084B, 0x8952, 0x0A53, 
  0xA83A, 0x2954, 0xAF9F, 0xEF9F, 0xB09F, 0xAA64, 0x273A, 0xE94A, 0xEA4A, 0x6742, 0xE84A, 0xC94A, 0xC94A, 0xEA52, 0xA94A, 0xC94A, 
  0x2A4B, 0xAB53, 0x8B5B, 0xE94A, 0x0B4B, 0x2A4B, 0xCB5B, 0xEC5B, 0x6B53, 0x4B53, 0xC942, 0x2B53, 0xA942, 0xE94A, 0x8B53, 0x4A4B, 
  0x0A4B, 0xA94A, 0xA94A, 0xA94A, 0x8C5B, 0x8B53, 0x6B53, 0x0A4B, 0xE94A, 0x6B53, 0x2A4B, 0xE942, 0x2A53, 0x6842, 0xCA52, 0x2B5B, 
  0xEA52, 0xA94A, 0x8942, 0x8C5B, 0x4A4B, 0x0A4B, 0x2A4B, 0x0A4B, 0x0A53, 0x2B53, 0x4B53, 0x4A53, 0x6B53, 0x2A53, 0xCA42, 0xC94A, 
  0xEA52, 0x0A53, 0x0A65, 0xEF9F, 0xAEA7, 0xF3C7, 0xE964, 0xCD8E, 0xEEAF, 0xD4CF, 0xEDB7, 0xEAAF, 0xECA7, 0xECA7, 0xEBAF, 0xEBA7, 
  0xF7DF, 0xCEF7, 0xE0F7, 0xE0FF, 0xE0FF, 0xE0FF, 0xE0FF, 0xE0FF, 0xE0FF, 0xE0FF, 0xE0FF, 0xE0FF, 0xE0FF, 0xE0FF, 0xE0FF, 0xE0FF, 
  0xE0FF, 0xE0FF, 0xE0FF, 0xC0FF, 0x60F7, 0x60F7, 0x60F7, 0x60F7, 0x60F7, 0x60F7, 0x60F7, 0x60F7, 0x60EF, 0xC0FF, 0xE0FF, 0xE0FF, 
  0xE0FF, 0xE0FF, 0xE0FF, 0xE0FF, 0xE0FF, 0xE0FF, 0xE0FF, 0xE0FF, 0xE0FF, 0xE0FF, 0xE0FF, 0xE0FF, 0xE0FF, 0xE0FF, 0xE0FF, 0xE0FF, 
  0xE0FF, 0xE0FF, 0xC0FF, 0xE0FF, 0xC0FF, 0xE1FF, 0x85E7, 0xC98D, 0x8B75, 0x4F97, 0xF0A7, 0xEF9F, 0xCE97, 0xEF9F, 0xEF9F, 0xEF9F, 
  0xEF97, 0xEF97, 0xEF9F, 0xEE9F, 0xEF9F, 0xEF9F, 0xEF9F, 0xEF9F, 0xEF9F, 0xEE97, 0xEF9F, 0xEF9F, 0xEF9F, 0xEF9F, 0x8C6C, 0xE94A, 
  0x0A53, 0x0A4B, 0x4B53, 0xC94A, 0x894A, 0x2B53, 0x0A53, 0xC94A, 0x8842, 0x0A53, 0xEA4A, 0x4B5B, 0x0A53, 0xA942, 0x0A4B, 0xEA4A, 
  0x2A53, 0x0A53, 0xC94A, 0x0A4B, 0x2A4B, 0x6B5B, 0x0A4B, 0x4B53, 0x4B53, 0x0A53, 0x8742, 0xAB64, 0xD0A7, 0xEF9F, 0x4E8F, 0x0E87, 
  0x2F87, 0xCE8E, 0xCC7D, 0x2C6D, 0x4C5C, 0x0843, 0x6632, 0x6953, 0x6D75, 0x6F97, 0xF1A7, 0x709F, 0x6D86, 0xAB64, 0xE842, 0xA94A, 
  0x0A4B, 0x8A4B, 0x8D75, 0x909F, 0xF1AF, 0xF0A7, 0x8E8E, 0xCB64, 0x684B, 0x484B, 0xCA64, 0x8D7E, 0xF0A7, 0xF1AF, 0x0F97, 0xEB6C, 
  0xAB53, 0x693A, 0x4B53, 0xAD63, 0x8A4B, 0x0E8F, 0xF0AF, 0x8B6D, 0x0A5D, 0xF1A7, 0xCD97, 0xEE9F, 0xF09F, 0xAF8E, 0x294B, 0x8942, 
  0xCA4A, 0xA942, 0xEB64, 0xF0A7, 0xEE97, 0xF1A7, 0x6C75, 0xC942, 0xA94A, 0xA94A, 0x6C5B, 0xAC5B, 0x2A4B, 0x4B53, 0x2A53, 0x2A4B, 
  0x8B53, 0x0C64, 0xED5B, 0xC942, 0x0A53, 0x0A53, 0x8842, 0x8842, 0x4B53, 0x8C5B, 0x2A53, 0x0A4B, 0x2B53, 0x4B53, 0x6A53, 0xED63, 
  0x0A4B, 0x8842, 0x6842, 0x8942, 0xC942, 0x6B53, 0x8B53, 0x6B5B, 0x2A53, 0x8842, 0xEA52, 0xC94A, 0xC942, 0xA942, 0xA94A, 0x6B5B, 
  0xC942, 0xA942, 0x4B53, 0x8B5B, 0x2A4B, 0x2A53, 0xEA4A, 0x0A53, 0x2A53, 0xE94A, 0xE942, 0x4A4B, 0x4B53, 0xC94A, 0xC94A, 0xC94A, 
  0x0A53, 0x2B53, 0x494B, 0x2F8F, 0xEE9F, 0xF4CF, 0x2E96, 0xCA5C, 0xEFA7, 0xAEAF, 0xEDB7, 0xEAB7, 0xEBA7, 0xECAF, 0xEBAF, 0xEBA7, 
  0xF5D7, 0xF5F7, 0xC2F7, 0xE0FF, 0xE0FF, 0xE0FF, 0xC0FF, 0xE0FF, 0xE0FF, 0xE0FF, 0xE0FF, 0xE0FF, 0xE0FF, 0xE0FF, 0xE0FF, 0xE0FF, 
  0xE0FF, 0xE0FF, 0xE0FF, 0xC0FF, 0x60F7, 0x60F7, 0x60F7, 0x60F7, 0x60F7, 0x60F7, 0x60F7, 0x60F7, 0x60EF, 0xC0FF, 0xE0FF, 0xE0FF, 
  0xE0FF, 0xE0FF, 0xE0FF, 0xE0FF, 0xE0FF, 0xE0FF, 0xE0FF, 0xE0FF, 0xE0FF, 0xE0FF, 0xE0FF, 0xE0FF, 0xE0FF, 0xE0FF, 0xE0FF, 0xE0FF, 
  0xE0FF, 0xE0FF, 0xE0FF, 0xE0FF, 0xC0FF, 0xC0FF, 0xE1FF, 0xE3FF, 0x46B6, 0x2864, 0x4B6D, 0x6F97, 0xEFA7, 0xEF9F, 0xEF97, 0xEF97, 
  0xEF97, 0xEE97, 0xEE9F, 0xEE9F, 0xEF9F, 0xEF9F, 0xEF9F, 0xEF9F, 0xEF9F, 0xEF97, 0xEF9F, 0xEF9F, 0xEE97, 0xEF9F, 0x2D75, 0x4B53, 
  0x2A4B, 0x8B5B, 0x0A4B, 0x473A, 0xC94A, 0x8842, 0x0A4B, 0x6B5B, 0x2A53, 0x0A4B, 0x2A4B, 0x4A4B, 0x6B53, 0x2A4B, 0x4A4B, 0x4A53, 
  0x6B53, 0x2A53, 0x6B5B, 0x6B53, 0x6A53, 0x8B5B, 0x4A53, 0x6B53, 0xEA52, 0x8942, 0x0A4B, 0x4A4B, 0xAC64, 0x4F9F, 0xED8E, 0xE84B, 
  0x2A4B, 0x2732, 0xA942, 0xA842, 0x694B, 0x2C6D, 0xCE8E, 0xF0A7, 0x509F, 0xAC75, 0x495C, 0x4A4B, 0xA942, 0xA842, 0x2C64, 0x094B, 
  0x4A5C, 0x0E8F, 0xF09F, 0xCF9F, 0x8C7D, 0xC94B, 0x6843, 0x2854, 0x0C7E, 0xB19F, 0xF1AF, 0xF0A7, 0x6D86, 0x4B54, 0x883A, 0xE953, 
  0xEE85, 0x0B5C, 0xA94A, 0x0A4B, 0x0A54, 0x6F9F, 0xEDA7, 0x7097, 0x094C, 0x2E97, 0xEE9F, 0xCCAF, 0xCDA7, 0xEF9F, 0xEF8E, 0x084B, 
  0x4842, 0x2B5B, 0x6842, 0x4D86, 0xEF9F, 0xCE97, 0xF0A7, 0x0C6D, 0x673A, 0xCA4A, 0xC942, 0xC942, 0x094B, 0x094B, 0x0A4B, 0xE94A, 
  0x2A53, 0x8B5B, 0x8C53, 0x4A53, 0x6A53, 0x8942, 0xEA4A, 0x4B5B, 0xE94A, 0x0A4B, 0xE94A, 0x094B, 0x4B5B, 0x2B53, 0xE94A, 0x8C5B, 
  0xA942, 0xCA4A, 0x0A53, 0x2B53, 0xC94A, 0x6B5B, 0x0A53, 0x2A53, 0xC942, 0xA942, 0xA94A, 0xEA52, 0x2A53, 0xE94A, 0xE94A, 0x4B53, 
  0x094B, 0x2A53, 0x4B53, 0xE94A, 0x2A53, 0xEA4A, 0x0A4B, 0x0A53, 0x2A4B, 0xCC5B, 0x4A4B, 0x4B53, 0x2A53, 0xA942, 0xC942, 0x4B53, 
  0x094B, 0xC94A, 0x8942, 0xEE7D, 0xEF9F, 0xD0AF, 0xD6CF, 0x895C, 0xEE96, 0xEDA7, 0xEAAF, 0xCCB7, 0xECAF, 0xEBAF, 0xEBAF, 0xEBA7, 
  0xD2C7, 0xFBF7, 0xC7EF, 0xE0FF, 0xE0FF, 0xE0FF, 0xE0FF, 0xE0FF, 0xE0FF, 0xE0FF, 0xE0FF, 0xE0FF, 0xE0FF, 0xE0FF, 0xE0FF, 0xE0FF, 
  0xE0FF, 0xE0FF, 0xE0FF, 0xC0FF, 0x60F7, 0x60F7, 0x60F7, 0x60F7, 0x60F7, 0x60F7, 0x60F7, 0x60F7, 0x60EF, 0xC0FF, 0xE0FF, 0xE0FF, 
  0xE0FF, 0xE0FF, 0xE0FF, 0xE0FF, 0xE0FF, 0xE0FF, 0xE0FF, 0xE0FF, 0xE0FF, 0xE0FF, 0xE0FF, 0xE0FF, 0xE0FF, 0xE0FF, 0xE0FF, 0xE0FF, 
  0xE0FF, 0xE0FF, 0xE0FF, 0xE0FF, 0xE0FF, 0xE0FF, 0xC1FF, 0xC0FF, 0xE2FF, 0x86EF, 0xE58C, 0xA653, 0x6C6D, 0x8F97, 0xF0A7, 0xEF9F, 
  0xCE97, 0xEF9F, 0xEE9F, 0xEE9F, 0xEF9F, 0xEF9F, 0xEE9F, 0xEF9F, 0xEF9F, 0xEF9F, 0xEF9F, 0xEF9F, 0xEE97, 0xEFA7, 0x6B6D, 0x8732, 
  0x494B, 0xAB5B, 0x094B, 0x4A53, 0x6B5B, 0x094B, 0x094B, 0x4B53, 0x6B53, 0x8B5B, 0x0D64, 0xAB53, 0x6B53, 0x8B5B, 0x8B53, 0xCC5B, 
  0xEC5B, 0x6A53, 0xCB5B, 0x0C5C, 0xEC5B, 0xAB5B, 0x8842, 0xA94A, 0x894A, 0x2B53, 0x8B53, 0x4B53, 0xA942, 0x684B, 0xCD7D, 0xCF96, 
  0xEC7D, 0x4B6D, 0xCC7D, 0xAD96, 0xD0A7, 0xB09F, 0x8E86, 0x4954, 0x494B, 0xC94A, 0x273A, 0xC942, 0x2B5C, 0x2E86, 0xEC64, 0xC94B, 
  0x0E8F, 0xF1AF, 0x8E86, 0xC94B, 0x8A53, 0xCD7D, 0xEFA7, 0xF1B7, 0xF1A7, 0xCE86, 0x0B65, 0xE953, 0x4A5C, 0x2D6D, 0x2D7E, 0xEE8E, 
  0x0E7E, 0xA842, 0x684A, 0x8942, 0xA94B, 0xAF9F, 0xECA7, 0xF0A7, 0xAC75, 0x8964, 0xF1A7, 0xCCA7, 0xEBAF, 0xCBA7, 0xEEA7, 0xAE96, 
  0x2843, 0xA942, 0xE741, 0xC953, 0xB097, 0xEF9F, 0xCF97, 0xF09F, 0x0A5C, 0xE952, 0x2A53, 0x0A53, 0xE94A, 0x4B5B, 0x0A53, 0x8842, 
  0x0A4B, 0x2A4B, 0x8A53, 0xAA53, 0xAC53, 0x0A4B, 0xE94A, 0x0A4B, 0x0A4B, 0xC942, 0x094B, 0xED63, 0x673A, 0x2A53, 0x2A4B, 0xA942, 
  0xCA4A, 0xA94A, 0x6B5B, 0x2A4B, 0xC942, 0x8842, 0x8842, 0xE94A, 0x094B, 0x0D64, 0xE94A, 0x8942, 0xEA4A, 0x2B53, 0x4B53, 0x4A53, 
  0x8C5B, 0x6B5B, 0xE94A, 0x4B53, 0x8B5B, 0x2A53, 0x0A4B, 0xE94A, 0x2A4B, 0x2A53, 0x4B53, 0xCA4A, 0xA94A, 0xA942, 0x4B53, 0xED63, 
  0x2A4B, 0xC94A, 0x0A53, 0xAA5B, 0x4F8F, 0xEE9F, 0xF7D7, 0xCD8D, 0x4743, 0x4F97, 0xECA7, 0xCBAF, 0xECAF, 0xEBAF, 0xEBAF, 0xEAA7, 
  0xCEB7, 0xFDEF, 0xCDE7, 0xE0FF, 0xE0FF, 0xE0FF, 0xE0FF, 0xE0FF, 0xE0FF, 0xE0FF, 0xE0FF, 0xE0FF, 0xE0FF, 0xE0FF, 0xE0FF, 0xE0FF, 
  0xE0FF, 0xE0FF, 0xE0FF, 0xC0FF, 0x60F7, 0x60F7, 0x60F7, 0x60EF, 0x60F7, 0x60F7, 0x60F7, 0x60F7, 0x60EF, 0xA0FF, 0xE0FF, 0xE0FF, 
  0xE0FF, 0xE0FF, 0xE0FF, 0xE0FF, 0xE0FF, 0xE0FF, 0xE0FF, 0xE0FF, 0xE0FF, 0xE0FF, 0xE0FF, 0xE0FF, 0xE0FF, 0xE0FF, 0xE0FF, 0xE0FF, 
  0xE0FF, 0xE0FF, 0xC0FF, 0xC0FF, 0xE0FF, 0xE0FF, 0xE0FF, 0xC0FF, 0xC0FF, 0xE0FF, 0xE2FF, 0x05D7, 0x0764, 0x6843, 0x4C6D, 0x4F9F, 
  0xEF9F, 0xEF97, 0xCE9F, 0xCE9F, 0xEF9F, 0xEF9F, 0xEE9F, 0xEF9F, 0xEF9F, 0xEF9F, 0xEF9F, 0xEF9F, 0xEE97, 0xEFA7, 0xAE86, 0x0B5C, 
  0xCF74, 0xCB5B, 0x2A4B, 0x4A4B, 0x8B53, 0x6A53, 0x8B53, 0x4A4B, 0x8B53, 0x2A4B, 0x4A53, 0xCC5B, 0x6B5B, 0xE942, 0x6B53, 0x6E6C, 
  0xEC5B, 0x4A4B, 0xAB53, 0xEC5B, 0x8B53, 0xC842, 0xE952, 0xA94A, 0x894A, 0xC94A, 0x8942, 0x0B5B, 0x894A, 0xCA4A, 0x883A, 0x6B64, 
  0x8F8E, 0x7097, 0x6F9F, 0x4D7E, 0xAA5C, 0xEB5B, 0xCA42, 0x683A, 0xAC5B, 0xAA53, 0xEB6C, 0xED8E, 0x1097, 0x8D6C, 0xA732, 0x8D86, 
  0xF0AF, 0x2D86, 0x2743, 0x8D7D, 0xEF9F, 0xF0A7, 0xEF8E, 0x2C65, 0xA84B, 0x0854, 0x4B65, 0xCD7E, 0xF0A7, 0xD0A7, 0x8D7D, 0xCA53, 
  0xAE64, 0xE94A, 0xEA52, 0xAA4A, 0x4843, 0x6F97, 0xECAF, 0xEC9F, 0xD0A7, 0xE94B, 0x2E76, 0xEFA7, 0xCBAF, 0xEBAF, 0xCBA7, 0xEFA7, 
  0x8F86, 0xC942, 0xA942, 0x883A, 0xCC64, 0xF0A7, 0xCE97, 0xF09F, 0x2F97, 0xA73A, 0x6842, 0x2A4B, 0x8B53, 0xCC5B, 0xED63, 0x4B53, 
  0x6842, 0x6B5B, 0x7085, 0xCB5B, 0x0A53, 0x8B5B, 0xEC5B, 0x4B53, 0x2A53, 0xC942, 0x2A4B, 0x6B5B, 0x0A4B, 0x294B, 0xED63, 0x0A4B, 
  0xA94A, 0x8942, 0xE94A, 0x2A53, 0xC94A, 0xCA4A, 0x6B5B, 0x0A4B, 0x6A53, 0x294B, 0xC942, 0xC94A, 0x4B53, 0x2A4B, 0x2B53, 0xC94A, 
  0xE94A, 0xEA4A, 0x0A4B, 0xEA4A, 0xE94A, 0xE94A, 0xAC5B, 0x4B53, 0xC942, 0xC94A, 0x473A, 0x8842, 0xC94A, 0xA942, 0x2A53, 0x2A4B, 
  0x2A4B, 0xEA4A, 0xA942, 0x083A, 0xEA64, 0xF09F, 0xD2BF, 0x95C7, 0x4743, 0x8C6C, 0xEE9F, 0xEAA7, 0xEBAF, 0xEBAF, 0xECAF, 0xEBAF, 
  0xCCAF, 0xFAEF, 0xD4EF, 0xC3EF, 0xE0FF, 0xC0FF, 0xE0FF, 0xE0FF, 0xE0FF, 0xE0FF, 0xE0FF, 0xE0FF, 0xE0FF, 0xE0FF, 0xE0FF, 0xE0FF, 
  0xE0FF, 0xE0FF, 0xE0FF, 0xC0FF, 0x60F7, 0x60F7, 0x60F7, 0x61F7, 0x60F7, 0x60F7, 0x60F7, 0x60F7, 0x60EF, 0xA0FF, 0xE0FF, 0xE0FF, 
  0xE0FF, 0xE0FF, 0xE0FF, 0xE0FF, 0xE0FF, 0xE0FF, 0xE0FF, 0xE0FF, 0xE0FF, 0xE0FF, 0xE0FF, 0xE0FF, 0xE0FF, 0xE0FF, 0xE0FF, 0xE0FF, 
  0xE0FF, 0xE0FF, 0xE0FF, 0xC0FF, 0xE0FF, 0xE0FF, 0xE0FF, 0xE0FF, 0xE0FF, 0xE0FF, 0xC0FF, 0xE0FF, 0xE5F7, 0x88A5, 0xE642, 0x6943, 
  0xCE75, 0x8E97, 0xEE9F, 0xEE9F, 0xEE97, 0xEF9F, 0xEF9F, 0xEF9F, 0xEF9F, 0xEF9F, 0xEF9F, 0xEF9F, 0xEE97, 0xEE9F, 0x6F97, 0xEA53, 
  0xAB53, 0x094B, 0xEA4A, 0x6B53, 0x4A4B, 0x8B5B, 0x8B53, 0xAC5B, 0x2A53, 0x0A4B, 0x8842, 0x0A4B, 0x4B53, 0x0943, 0x2A4B, 0xE942, 
  0xC942, 0x0A53, 0xEA4A, 0x2A4B, 0x2A4B, 0x0A4B, 0x0A53, 0xEA4A, 0xAA42, 0x4A4B, 0x6A5C, 0x6A5C, 0xEA53, 0x6B53, 0x2B53, 0x8942, 
  0x8842, 0x0A4B, 0x0943, 0x4843, 0xC94A, 0x0B4B, 0x0943, 0x8A64, 0xAE8E, 0xD09F, 0x719F, 0xAD75, 0xEA53, 0xE942, 0xEE85, 0xF1AF, 
  0xED7D, 0x463B, 0x8E8E, 0xF0A7, 0x6E97, 0xAA5C, 0xA94B, 0x0B6D, 0xCD8E, 0xEF9F, 0xF1AF, 0xD09F, 0xAC75, 0x894B, 0x2732, 0x0A53, 
  0x4B53, 0x0943, 0x2A4B, 0xEB52, 0x294B, 0x0E8F, 0xEDAF, 0xEBA7, 0xEE9F, 0xCE86, 0x884B, 0x5097, 0xEDA7, 0xCBAF, 0xCCB7, 0xCBA7, 
  0xEFA7, 0xAD7D, 0xA83A, 0xA94A, 0xC842, 0xCE8E, 0xEF9F, 0xCF97, 0xF09F, 0x6C75, 0xCA4A, 0x8B53, 0x4A4B, 0x094B, 0x2A4B, 0x0A4B, 
  0xA94A, 0xE94A, 0xE942, 0x4A53, 0xA94A, 0x2A53, 0x8B53, 0x0A4B, 0x2A53, 0xE94A, 0xC94A, 0x273A, 0x2A53, 0x4D6C, 0x8A53, 0x0A53, 
  0xCA52, 0x6842, 0xA842, 0x0A53, 0xC94A, 0xEA52, 0xC942, 0x4B53, 0x4B53, 0x8842, 0xA94A, 0x0A53, 0x4A4B, 0x2D64, 0xE942, 0x894A, 
  0xA94A, 0x8842, 0xEA52, 0xC94A, 0x8942, 0xA94A, 0x8842, 0xEA4A, 0x6B5B, 0x2B53, 0xA942, 0x4B53, 0xAC63, 0xEA4A, 0xC94A, 0xC94A, 
  0x2A53, 0xC94A, 0xEA4A, 0xCA52, 0xE842, 0xEF96, 0xEF9F, 0xF5D7, 0x6C7D, 0x0843, 0xEF96, 0xECAF, 0xEBAF, 0xEBAF, 0xEBAF, 0xEBAF, 
  0xCBA7, 0xF7DF, 0xFAF7, 0xC5E7, 0xE0FF, 0xC0FF, 0xE0FF, 0xE0FF, 0xC0FF, 0xE0FF, 0xE0FF, 0xE0FF, 0xE0FF, 0xE0FF, 0xE0FF, 0xE0FF, 
  0xE0FF, 0xE0FF, 0xE0FF, 0xC0FF, 0x60F7, 0x60F7, 0x61F7, 0x62F7, 0x61F7, 0x60F7, 0x60F7, 0x60F7, 0x60EF, 0xA0FF, 0xE0FF, 0xE0FF, 
  0xE0FF, 0xE0FF, 0xE0FF, 0xE0FF, 0xE0FF, 0xE0FF, 0xE0FF, 0xE0FF, 0xE0FF, 0xE0FF, 0xE0FF, 0xE0FF, 0xE0FF, 0xE0FF, 0xE0FF, 0xE0FF, 
  0xE0FF, 0xE0FF, 0xE0FF, 0xE0FF, 0xE0FF, 0xE0FF, 0xE0FF, 0xE0FF, 0xE0FF, 0xE0FF, 0xE0FF, 0xE0FF, 0xE0FF, 0xE2FF, 0x66E7, 0x2985, 
  0xEA4B, 0xC94B, 0x6B6D, 0xAF97, 0xEF9F, 0xCF9F, 0xEF9F, 0xEF9F, 0xEE97, 0xEE97, 0xEE9F, 0xEF97, 0xEF97, 0xED97, 0xCF9F, 0xA84B, 
  0x883A, 0x6B53, 0xCD63, 0x0A4B, 0xE94A, 0xC94A, 0xE94A, 0x4A4B, 0xC942, 0x8942, 0xA94A, 0xEA4A, 0x8C5B, 0x4B53, 0xC94A, 0xEA4A, 
  0x0A4B, 0x8B5B, 0xCD63, 0x2A4B, 0x0A4B, 0x2B53, 0x0A4B, 0x4B53, 0x694B, 0x8E96, 0xF6CF, 0xF6CF, 0x50AF, 0xCA64, 0x2A53, 0x2A53, 
  0x6B53, 0xA942, 0x6C75, 0xB09E, 0xE842, 0x0B65, 0x6F97, 0xF1A7, 0xCE8E, 0xEB64, 0xCA53, 0xEA42, 0x2943, 0x2D7E, 0xEFA7, 0x6E86, 
  0xCA4B, 0x8E7E, 0xF0A7, 0x0F97, 0x273B, 0xCA64, 0x8F9F, 0xEEA7, 0xEF9F, 0xD09F, 0xCE7D, 0x6953, 0x073A, 0x483A, 0xC942, 0xC94A, 
  0xE94A, 0x8A5B, 0x2A53, 0xE94A, 0x2A4B, 0x4C7E, 0xEFB7, 0xD2C7, 0xCD9F, 0xF0AF, 0xEA6C, 0xA94B, 0xAF9F, 0xEDA7, 0xCBAF, 0xEBAF, 
  0xECA7, 0xEFA7, 0x4C6D, 0x0A53, 0x0A53, 0x8B5C, 0xD09F, 0xCF97, 0xEF9F, 0x8F9F, 0x484B, 0x0B53, 0x6B5B, 0x094B, 0xEA4A, 0x273A, 
  0x8842, 0xC842, 0x4A53, 0x2A53, 0x6842, 0xA94A, 0xC94A, 0x4B53, 0x6B5B, 0xE94A, 0xA94A, 0x894A, 0x0A53, 0xAC5B, 0x8B5B, 0xC94A, 
  0xC94A, 0xCA4A, 0xA94A, 0xA94A, 0xC94A, 0xEA4A, 0x0A4B, 0x2A4B, 0x2A53, 0x894A, 0xA942, 0x0A4B, 0xCC5B, 0xCC5B, 0x2A4B, 0xCA52, 
  0x8942, 0xC84A, 0x2A53, 0xEB52, 0xEA52, 0xEA52, 0xC94A, 0xA942, 0x0A53, 0x4B53, 0x2A53, 0x8B5B, 0x2B53, 0xC942, 0x2A4B, 0x4A53, 
  0xCA4A, 0xC94A, 0xCA4A, 0x494B, 0xA94A, 0x8B64, 0xEF97, 0xF2C7, 0xF0A6, 0xE73A, 0x2B64, 0xEEA7, 0xCBAF, 0xEBAF, 0xEBAF, 0xEBAF, 
  0xEAA7, 0xD3CF, 0xFDF7, 0xCBDF, 0xE0FF, 0xC0FF, 0xC0FF, 0xE0FF, 0xE0FF, 0xE0FF, 0xE0FF, 0xE0FF, 0xE0FF, 0xE0FF, 0xE0FF, 0xE0FF, 
  0xE0FF, 0xE0FF, 0xE0FF, 0xC0FF, 0x60F7, 0x60F7, 0x61F7, 0x62F7, 0x62F7, 0x62F7, 0x61F7, 0x60F7, 0x60EF, 0xC0FF, 0xE0FF, 0xE0FF, 
  0xE0FF, 0xE0FF, 0xE0FF, 0xE0FF, 0xE0FF, 0xE0FF, 0xE0FF, 0xE0FF, 0xE0FF, 0xE0FF, 0xE0FF, 0xE0FF, 0xE0FF, 0xE0FF, 0xE0FF, 0xE0FF, 
  0xE0FF, 0xE0FF, 0xE0FF, 0xE0FF, 0xE0FF, 0xE0FF, 0xE0FF, 0xE0FF, 0xE0FF, 0xE0FF, 0xE0FF, 0xE0FF, 0xE0FF, 0xC0FF, 0xE0FF, 0xE5F7, 
  0xAABE, 0xC953, 0xE93A, 0x6C64, 0xEF8E, 0xEFA7, 0xEE97, 0xEE97, 0xEF9F, 0xEF9F, 0xEE9F, 0xEF9F, 0xEE9F, 0xCE97, 0xF0A7, 0xEC6C, 
  0x8842, 0xAC5B, 0x6B53, 0x2A4B, 0x8C5B, 0x0A4B, 0x6B53, 0xAC5B, 0x4A53, 0x6842, 0x684A, 0x894A, 0xEA4A, 0xC94A, 0x483A, 0xEA4A, 
  0x0A4B, 0x094B, 0xCC5B, 0x4B53, 0x0A53, 0x0A53, 0xE94A, 0xA73A, 0xAC7D, 0xF9EF, 0xFEFF, 0xDFFF, 0xFCFF, 0x93B7, 0xA84B, 0x8A42, 
  0xEA4A, 0x6953, 0xF0A7, 0xAB65, 0x0B76, 0xF1AF, 0x4D86, 0x6B5C, 0x8B53, 0x0A4B, 0xEA53, 0xEC6C, 0x2F97, 0xF1AF, 0x8C7D, 0x2843, 
  0x8E86, 0xEF9F, 0xF09F, 0xCB64, 0xEB64, 0xF0A7, 0xEE97, 0xF097, 0x709F, 0x0A64, 0x063A, 0x873A, 0xA953, 0x6B64, 0x6B64, 0x4B5C, 
  0x0C5C, 0x6B53, 0x4B53, 0xAC5B, 0x4B4B, 0x8B75, 0xF0B7, 0xF9EF, 0xCEB7, 0xEDA7, 0x4F97, 0xA83A, 0x0A5C, 0xEFA7, 0xEBA7, 0xEBAF, 
  0xEBAF, 0xEEA7, 0x8F97, 0x884B, 0xC94A, 0x8A4B, 0xCE8E, 0xEE9F, 0xCF9F, 0xF0A7, 0xCD7D, 0xC942, 0xC94A, 0x4B53, 0x2B53, 0xAC5B, 
  0xCD63, 0xCC63, 0x4D6C, 0x2A4B, 0x2B53, 0xA94A, 0x8842, 0xC94A, 0xC94A, 0x0A53, 0x0A53, 0xEA4A, 0xEA4A, 0x6842, 0xA94A, 0xA942, 
  0xC942, 0x2B53, 0x8942, 0xEA52, 0xC94A, 0xEA4A, 0x2B53, 0x0A4B, 0xE94A, 0x0A4B, 0x4B53, 0xAC5B, 0x6B53, 0x0A4B, 0xE94A, 0x2B53, 
  0xEA4A, 0xA84A, 0xEA52, 0xC94A, 0xE94A, 0xA942, 0xA842, 0xC94A, 0xC94A, 0x0A4B, 0x0A4B, 0xC94A, 0xAA4A, 0xA94A, 0x2A5B, 0x094B, 
  0x094B, 0xA94A, 0xAB5B, 0x494B, 0x8C5B, 0xA842, 0x4D86, 0xF1AF, 0xF2BF, 0x4A64, 0xA83A, 0xED86, 0xEEAF, 0xECAF, 0xEBAF, 0xECAF, 
  0xEBA7, 0xCFBF, 0xFEF7, 0xD3E7, 0xE1F7, 0xE0FF, 0xC0FF, 0xE0FF, 0xE0FF, 0xE0FF, 0xE0FF, 0xE0FF, 0xE0FF, 0xE0FF, 0xE0FF, 0xE0FF, 
  0xE0FF, 0xE0FF, 0xE0FF, 0xC0FF, 0x60F7, 0x60F7, 0x61F7, 0x62F7, 0x62F7, 0x62F7, 0x61F7, 0x60F7, 0x60EF, 0xC0FF, 0xE0FF, 0xE0FF, 
  0xE0FF, 0xE0FF, 0xE0FF, 0xE0FF, 0xE0FF, 0xE0FF, 0xE0FF, 0xE0FF, 0xE0FF, 0xE0FF, 0xE0FF, 0xE0FF, 0xE0FF, 0xE0FF, 0xE0FF, 0xE0FF, 
  0xE0FF, 0xE0FF, 0xE0FF, 0xE0FF, 0xE0FF, 0xE0FF, 0xE0FF, 0xE0FF, 0xE0FF, 0xE0FF, 0xE0FF, 0xE0FF, 0xE0FF, 0xE0FF, 0xC0FF, 0xC0FF, 
  0xE2FF, 0xA6EF, 0x889D, 0x284B, 0x4943, 0x6B6D, 0xEF9F, 0xEF9F, 0xCE97, 0xEF9F, 0xEF9F, 0xEF9F, 0xEE9F, 0xCF97, 0xEF9F, 0xAC7D, 
  0x0A4B, 0x2B4B, 0xE942, 0xAB5B, 0x8B53, 0xAB5B, 0xCC5B, 0x6B53, 0x4B53, 0xCA4A, 0x4842, 0x894A, 0xEA52, 0x0A53, 0x2B53, 0x2A53, 
  0xAC63, 0x0A4B, 0xE94A, 0x0A53, 0xCA4A, 0xE94A, 0xA94A, 0xE742, 0x31B7, 0xFBF7, 0xD9E7, 0xDBE7, 0xBFFF, 0xFAEF, 0x6C7D, 0x693A, 
  0x0A4B, 0x8A6C, 0xB09F, 0x6C76, 0xD0A7, 0xCA6C, 0x494B, 0xEC63, 0x2843, 0x8B5C, 0x0F97, 0xF0A7, 0x0F8F, 0xCB64, 0xEA53, 0xCF86, 
  0xEFA7, 0xEEA7, 0xAE86, 0x0B65, 0xF0A7, 0xCE97, 0xEE97, 0xB19F, 0xE94B, 0x494B, 0x6D75, 0xAE8E, 0x6E86, 0x4C75, 0x2A5C, 0xEC63, 
  0xAC5B, 0x2A4B, 0xE94A, 0xEA4A, 0xA942, 0x295C, 0xF0AF, 0xDBEF, 0xD4D7, 0xCB9F, 0xF0A7, 0x0C75, 0x4842, 0xEB64, 0xEFA7, 0xECA7, 
  0xEBAF, 0xCCA7, 0xEEA7, 0x4D7E, 0x4A4B, 0x8C5B, 0x4C6D, 0xEF9F, 0xEE97, 0xEF9F, 0xAF97, 0xA953, 0xA94A, 0x6C53, 0x4A53, 0xAB53, 
  0xAB5B, 0x8B53, 0x6A53, 0xE94A, 0xA94A, 0xEA52, 0xC94A, 0x894A, 0x894A, 0x6842, 0xA942, 0xA842, 0x0A53, 0xC94A, 0xC94A, 0xC94A, 
  0x2A53, 0xC94A, 0x8942, 0xA94A, 0x8842, 0xC942, 0x0A4B, 0x0A53, 0xAC5B, 0x6B53, 0x6B53, 0x2A4B, 0x4B53, 0x894A, 0x6842, 0x0A4B, 
  0x2A53, 0xCA52, 0xEA4A, 0xC942, 0xC94A, 0x094B, 0xED63, 0x8B5B, 0xC942, 0x6B5B, 0x2A4B, 0x8C5B, 0xEB52, 0x0943, 0x0A4B, 0x6A4B, 
  0xAF7D, 0xE842, 0xEA63, 0x494B, 0x2B4B, 0xA842, 0x4953, 0xCC75, 0xEFB7, 0x4C8E, 0xA842, 0x0C6D, 0xEFA7, 0xECA7, 0xECAF, 0xECAF, 
  0xEBAF, 0xCCAF, 0xFCEF, 0xD9EF, 0xC5E7, 0xE0FF, 0xE0FF, 0xE0FF, 0xE0FF, 0xE0FF, 0xE0FF, 0xE0FF, 0xE0FF, 0xE0FF, 0xE0FF, 0xE0FF, 
  0xE0FF, 0xE0FF, 0xE0FF, 0xC0FF, 0x60F7, 0x60F7, 0x61F7, 0x62F7, 0x62F7, 0x61F7, 0x60F7, 0x60F7, 0x60EF, 0xC0FF, 0xE0FF, 0xE0FF, 
  0xE0FF, 0xE0FF, 0xE0FF, 0xE0FF, 0xE0FF, 0xE0FF, 0xE0FF, 0xE0FF, 0xE0FF, 0xE0FF, 0xE0FF, 0xE0FF, 0xE0FF, 0xE0FF, 0xE0FF, 0xE0FF, 
  0xE0FF, 0xE0FF, 0xE0FF, 0xE0FF, 0xE0FF, 0xE0FF, 0xE0FF, 0xE0FF, 0xE0FF, 0xE0FF, 0xE0FF, 0xE0FF, 0xE0FF, 0xE0FF, 0xC0FF, 0xE0FF, 
  0xC0FF, 0xE0FF, 0xE3FF, 0x27D7, 0x6A95, 0xE84A, 0xEB53, 0x0F97, 0xEFA7, 0xEF97, 0xEE97, 0xEF97, 0xEE97, 0xCE9F, 0xEF9F, 0xCD7D, 
  0xC94A, 0x0A53, 0x2B53, 0x094B, 0x6B53, 0x8B53, 0x094B, 0xC94A, 0x6B5B, 0xEA4A, 0x8842, 0xA94A, 0xC94A, 0xE94A, 0xEA4A, 0xC94A, 
  0xE94A, 0xC94A, 0xEA4A, 0x0A53, 0x8942, 0x8C5B, 0x094B, 0x884B, 0xB4C7, 0xF8DF, 0xB2C7, 0xB1BF, 0xFEFF, 0xFDF7, 0xF09E, 0x4C64, 
  0x6A4B, 0x2C6D, 0xD09F, 0x8E97, 0x2D7E, 0x6732, 0xCA4B, 0x0E7E, 0x2E97, 0xB19F, 0x0E7E, 0x094C, 0x094C, 0x6C6D, 0x6F97, 0xF0A7, 
  0x8E97, 0xCE86, 0xA854, 0x6E97, 0xEF9F, 0xEE97, 0xAF9F, 0x0A65, 0x6C6D, 0x0F97, 0xAD7D, 0xEA5B, 0x0A4B, 0xCA42, 0xE942, 0xE94A, 
  0xEA52, 0x2742, 0x684A, 0x6942, 0x4842, 0x694B, 0x8F9F, 0xF8DF, 0xFCF7, 0xAEAF, 0xEEA7, 0xED86, 0x4A53, 0xA942, 0x6D7D, 0xEEA7, 
  0xEAA7, 0xEBAF, 0xCCA7, 0xF0A7, 0xEB64, 0xA842, 0xCA5B, 0xD09F, 0xEE97, 0xCF97, 0xF09F, 0x6C75, 0x6842, 0xCA4A, 0x2A53, 0xAC5B, 
  0x094B, 0x0A4B, 0xC942, 0xA94A, 0xCA52, 0xA94A, 0x6842, 0xA94A, 0x894A, 0x6842, 0x0B53, 0xEA4A, 0x0A53, 0xC94A, 0x6842, 0xEA52, 
  0x4C5B, 0xEA4A, 0xC94A, 0xEA52, 0x8B5B, 0x4A53, 0x2A4B, 0x8B5B, 0x2A4B, 0x0A53, 0x6B5B, 0x2A4B, 0x4B53, 0xE94A, 0xEA4A, 0xC94A, 
  0xC94A, 0x6842, 0xA94A, 0xC94A, 0xC94A, 0x0953, 0x8C5B, 0x0A4B, 0xC942, 0xC94A, 0xC94A, 0x0A53, 0xEA52, 0x8A4B, 0xAD5B, 0x094B, 
  0x4E86, 0x8D75, 0xA73A, 0x6B5B, 0x2C5B, 0xE94A, 0x6942, 0xC942, 0x6C8E, 0xCEAF, 0xE953, 0x2A4B, 0xCD86, 0xEE9F, 0xCDA7, 0xEBA7, 
  0xEBAF, 0xEAA7, 0xD7DF, 0xFCF7, 0xCADF, 0xE1FF, 0xE0FF, 0xE0FF, 0xE0FF, 0xE0FF, 0xE0FF, 0xE0FF, 0xE0FF, 0xE0FF, 0xE0FF, 0xE0FF, 
  0xE0FF, 0xE0FF, 0xE0FF, 0xC0FF, 0x60F7, 0x60F7, 0x61F7, 0x62F7, 0x60F7, 0x60F7, 0x60F7, 0x60F7, 0x60EF, 0xC0FF, 0xE0FF, 0xE0FF, 
  0xE0FF, 0xE0FF, 0xE0FF, 0xE0FF, 0xE0FF, 0xE0FF, 0xE0FF, 0xE0FF, 0xE0FF, 0xE0FF, 0xE0FF, 0xE0FF, 0xE0FF, 0xE0FF, 0xE0FF, 0xE0FF, 
  0xE0FF, 0xE0FF, 0xE0FF, 0xE0FF, 0xE0FF, 0xE0FF, 0xE0FF, 0xE0FF, 0xE0FF, 0xE0FF, 0xE0FF, 0xE0FF, 0xE0FF, 0xE0FF, 0xE1FF, 0xE0FF, 
  0xE0FF, 0xC0FF, 0xC0FF, 0xE0FF, 0xE4F7, 0xA6CE, 0xE673, 0x8642, 0x0B6D, 0xAF97, 0xEFA7, 0xEF97, 0xCE97, 0xCE9F, 0xF09F, 0x8D75, 
  0xA842, 0xC942, 0xE94A, 0x0A4B, 0x6B53, 0x6A53, 0xE94A, 0x8842, 0xEA4A, 0x0A4B, 0x0A4B, 0xEA4A, 0xE94A, 0xAC63, 0x094B, 0x0A4B, 
  0x0A4B, 0xEA4A, 0xC94A, 0xA94A, 0xCA4A, 0x0A4B, 0x0943, 0x0B54, 0xB4C7, 0xFAEF, 0x93D7, 0x92C7, 0xFFFF, 0xFDF7, 0x6D8E, 0xAA53, 
  0x093B, 0xEC75, 0xEFA7, 0xF0A7, 0x4B6D, 0xE84B, 0x4F9F, 0x0F8F, 0x6B6D, 0xE953, 0xEA5B, 0x4B65, 0x2F8F, 0xEFA7, 0xEEA7, 0x4E97, 
  0x4C7E, 0xAA5C, 0x2D7E, 0xEFA7, 0xCF9F, 0xEE9F, 0x4D97, 0x0E8F, 0x4E86, 0x4743, 0xE742, 0x4A53, 0x2A53, 0x0A53, 0x8942, 0xCA4A, 
  0x8942, 0x0A53, 0xC94A, 0x894A, 0xA94A, 0xC942, 0xAC86, 0xF4C7, 0xFFFF, 0xD1C7, 0xEC97, 0xF097, 0xC94B, 0x6842, 0x294B, 0x2E97, 
  0xECA7, 0xECAF, 0xCCAF, 0xEDA7, 0x8F9F, 0xA94B, 0x873A, 0xAF8E, 0xF09F, 0xCF97, 0xEF97, 0x6F9F, 0x0743, 0x894A, 0x2B53, 0x6B53, 
  0xEA4A, 0xC94A, 0xA94A, 0x894A, 0xAA52, 0xA942, 0xE94A, 0xE94A, 0xC94A, 0xC94A, 0xA94A, 0x8842, 0xE94A, 0xEA4A, 0x8842, 0x4842, 
  0xC94A, 0xEA4A, 0x2A53, 0xE94A, 0xE942, 0x4A53, 0x294B, 0xAC5B, 0x4A53, 0x6B53, 0xE94A, 0x4A53, 0xAC5B, 0xE942, 0xC94A, 0xAA4A, 
  0x4842, 0x894B, 0x4A53, 0xEB52, 0x0A4B, 0x2A5B, 0x0A4B, 0x8842, 0x894A, 0xC94A, 0xC94A, 0x8942, 0x0A4B, 0x2C5C, 0x6C53, 0x094B, 
  0x6B75, 0xF1A7, 0x6B5C, 0xEB52, 0x2A5B, 0xA842, 0x2A4B, 0x6B53, 0xEA4B, 0xCFAF, 0xAD96, 0x673A, 0x095C, 0xF1A7, 0xEE97, 0xECA7, 
  0xECAF, 0xEAAF, 0xD1C7, 0xFDF7, 0xAFD7, 0xE1F7, 0xE0FF, 0xE0FF, 0xC0FF, 0xE0FF, 0xE0FF, 0xE0FF, 0xE0FF, 0xE0FF, 0xE0FF, 0xE0FF, 
  0xE0FF, 0xE0FF, 0xE0FF, 0xC0FF, 0x60F7, 0x60F7, 0x60F7, 0x60F7, 0x60F7, 0x60F7, 0x60F7, 0x60F7, 0x60EF, 0xA0FF, 0xE0FF, 0xE0FF, 
  0xE0FF, 0xE0FF, 0xE0FF, 0xE0FF, 0xE0FF, 0xE0FF, 0xE0FF, 0xE0FF, 0xE0FF, 0xE0FF, 0xE0FF, 0xE0FF, 0xE0FF, 0xE0FF, 0xE0FF, 0xE0FF, 
  0xE0FF, 0xE0FF, 0xE0FF, 0xE0FF, 0xE0FF, 0xE0FF, 0xE0FF, 0xE0FF, 0xE0FF, 0xE0FF, 0xE0FF, 0xE0FF, 0xE0FF, 0xE0FF, 0xC1FF, 0xC0FF, 
  0xE0FF, 0xE0FF, 0xE0FF, 0xE0FF, 0xC0FF, 0xE0FF, 0xE2FF, 0x05B6, 0x655B, 0x684B, 0x8D7D, 0x909F, 0xEFA7, 0xEFA7, 0xEF9F, 0x0C7E, 
  0x294B, 0x6B53, 0x2A53, 0xA842, 0x8C5B, 0x6B53, 0x8C5B, 0xEA4A, 0x0A53, 0x2A53, 0x0A4B, 0x0B53, 0x8B5B, 0x4A4B, 0x8B53, 0x8B5B, 
  0xEA4A, 0xEA4A, 0x2A53, 0x0A4B, 0xEA4A, 0xC94A, 0xEA4A, 0x484B, 0x71B7, 0xFEFF, 0xDCF7, 0xFBE7, 0xFFFF, 0xF9EF, 0xEB6C, 0xA94A, 
  0x8B53, 0xCD86, 0xEF9F, 0xEF9F, 0xEE8E, 0xCE97, 0xAD86, 0xEA5C, 0xCD75, 0xEE8E, 0xEF9F, 0xF0A7, 0xEF9F, 0xEF9F, 0x2E8F, 0xEB75, 
  0x4C75, 0x2A65, 0xF0A7, 0xCE97, 0xEF9F, 0xF0A7, 0x6F86, 0x2854, 0x2954, 0x2F8E, 0x2F86, 0xEA53, 0x2A4B, 0x6B53, 0x2B53, 0xC94A, 
  0xC942, 0x4B53, 0x4B4B, 0x0A53, 0x4B53, 0x283A, 0x4A6D, 0xF1BF, 0xDDFF, 0xD5D7, 0xCC9F, 0xF0A7, 0x2B6D, 0xE94A, 0xE942, 0xCB64, 
  0xEFA7, 0xEBAF, 0xECAF, 0xECA7, 0xEEA7, 0xAF8E, 0xA83A, 0xEB64, 0xF09F, 0xEE97, 0xCF9F, 0xF09F, 0x4C6D, 0x6842, 0x094B, 0x0A4B, 
  0x2B53, 0x4B53, 0xEA4A, 0xCA4A, 0x6842, 0xE942, 0x0C64, 0x294B, 0x0A4B, 0xA942, 0xC94A, 0xA942, 0x6B5B, 0xC94A, 0x4842, 0xA94A, 
  0xEA4A, 0xC942, 0xEA4A, 0xEA4A, 0xC942, 0x0A4B, 0x2B53, 0xEA4A, 0xC94A, 0x4B53, 0x094B, 0xCC63, 0xCC5B, 0x2A4B, 0x4A53, 0x0B53, 
  0xC94A, 0x0E7E, 0x4B64, 0x894A, 0xE94A, 0x0A53, 0x8942, 0xAA4A, 0x8942, 0x4A53, 0x8B53, 0x4B53, 0xEC5B, 0x8B53, 0xE94A, 0x2A4B, 
  0x0C65, 0xF0A7, 0xEE8E, 0x0943, 0xE94A, 0x4A4B, 0xED5B, 0x8B53, 0x8842, 0xCA64, 0xF0B7, 0x0B7E, 0xE83A, 0x0E86, 0xEF9F, 0xCE9F, 
  0xCEA7, 0xEAAF, 0xCCAF, 0xFBEF, 0xF4D7, 0xC3EF, 0xC0FF, 0xE0FF, 0xE0FF, 0xE0FF, 0xE0FF, 0xE0FF, 0xE0FF, 0xE0FF, 0xE0FF, 0xE0FF, 
  0xE0FF, 0xE0FF, 0xE0FF, 0xC0FF, 0x60F7, 0x60F7, 0x60F7, 0x60F7, 0x60F7, 0x60F7, 0x60F7, 0x60F7, 0x60EF, 0xC0FF, 0xE0FF, 0xE0FF, 
  0xE0FF, 0xE0FF, 0xE0FF, 0xE0FF, 0xE0FF, 0xE0FF, 0xE0FF, 0xE0FF, 0xE0FF, 0xE0FF, 0xE0FF, 0xE0FF, 0xE0FF, 0xE0FF, 0xE0FF, 0xE0FF, 
  0xE0FF, 0xE0FF, 0xE0FF, 0xE0FF, 0xE0FF, 0xE0FF, 0xE0FF, 0xE0FF, 0xE0FF, 0xE0FF, 0xE0FF, 0xE0FF, 0xE0FF, 0xE0FF, 0xE0FF, 0xC0FF, 
  0xE0FF, 0xE0FF, 0xE0FF, 0xC0FF, 0xC0FF, 0xC0FF, 0xC0FF, 0xE1FF, 0xC5F7, 0xA6AD, 0x674B, 0x6843, 0xCC6C, 0x2E86, 0x4E97, 0xCE8E, 
  0xEB5B, 0x4B4B, 0x4B53, 0x0A4B, 0x0A4B, 0x2B4B, 0xC942, 0x0A53, 0xEA4A, 0xC94A, 0xC94A, 0xC94A, 0x6B53, 0xAC5B, 0x6B53, 0x4B53, 
  0xC942, 0x0A4B, 0x0A4B, 0x2A53, 0x4B53, 0x2A53, 0x4B5B, 0xC842, 0xAB7D, 0xF9EF, 0xFFFF, 0xFFFF, 0xFCF7, 0x11AF, 0x4A4B, 0x0A53, 
  0xEA5B, 0x709F, 0xEE9F, 0xEE97, 0xEF9F, 0xEF9F, 0x8F97, 0xEF9F, 0xEF9F, 0xEF9F, 0xEF97, 0xCF97, 0xEF9F, 0x2F87, 0xEC75, 0xED85, 
  0x8A54, 0xAF9F, 0xEF9F, 0xF09F, 0x8E86, 0x8A64, 0x2954, 0x2D7E, 0x4F9F, 0x2C6D, 0xAA4B, 0xCB53, 0x294B, 0x2A53, 0x8B5B, 0x4A4B, 
  0x6B53, 0x0A53, 0xC94A, 0x2A4B, 0x0A53, 0x8942, 0x6B64, 0xEFAF, 0xFAEF, 0xD8E7, 0xACA7, 0xEFA7, 0x4D7E, 0x8942, 0x4B53, 0x294B, 
  0x6F97, 0xECAF, 0xEBAF, 0xEBAF, 0xCBAF, 0xEF9F, 0x8D7D, 0x863A, 0x2F8F, 0xEF9F, 0xCF97, 0xEF97, 0x8F97, 0xCA5B, 0x4A53, 0xAB53, 
  0x8C5B, 0x6B5B, 0xC942, 0xEA4A, 0xE94A, 0x2A4B, 0xEC63, 0x6A53, 0x8C5B, 0xEA4A, 0x8842, 0x8842, 0x4B5B, 0x0A53, 0xEA52, 0x0A53, 
  0x8842, 0x0A4B, 0x2A53, 0x4B53, 0x8C53, 0x6B53, 0x4B5B, 0xCA4A, 0xA942, 0x4B53, 0xA842, 0xE94A, 0x094B, 0x4A53, 0x6B53, 0xEA4A, 
  0xC842, 0x8E86, 0x2C75, 0x693A, 0x4A53, 0xEA4A, 0xCA4A, 0xEA4A, 0xA952, 0xCB5B, 0x8C5B, 0xEA4A, 0x8B5B, 0xCA52, 0x8842, 0xE942, 
  0xAB64, 0xEF9F, 0xEF9F, 0x0B65, 0xE94A, 0xCC5B, 0x2B53, 0x4B5B, 0xC84A, 0x8832, 0xCD85, 0xEFBF, 0x8C8E, 0xE84B, 0xAD86, 0xEFA7, 
  0xCF9F, 0xECA7, 0xCAA7, 0xF6D7, 0xF8E7, 0xC7D7, 0xE1FF, 0xE0FF, 0xE0FF, 0xE0FF, 0xE0FF, 0xE0FF, 0xE0FF, 0xE0FF, 0xE0FF, 0xE0FF, 
  0xE0FF, 0xE0FF, 0xE0FF, 0xC0FF, 0x60F7, 0x60F7, 0x60F7, 0x60F7, 0x60F7, 0x60F7, 0x60F7, 0x60F7, 0x60EF, 0xA0FF, 0xE0FF, 0xE0FF, 
  0xE0FF, 0xE0FF, 0xE0FF, 0xE0FF, 0xE0FF, 0xE0FF, 0xE0FF, 0xE0FF, 0xE0FF, 0xE0FF, 0xE0FF, 0xE0FF, 0xE0FF, 0xE0FF, 0xE0FF, 0xE0FF, 
  0xE0FF, 0xE0FF, 0xE0FF, 0xE0FF, 0xE0FF, 0xE0FF, 0xE0FF, 0xE0FF, 0xE0FF, 0xE0FF, 0xE0FF, 0xE0FF, 0xE0FF, 0xE0FF, 0xE0FF, 0xE0FF, 
  0xE0FF, 0xE0FF, 0xE0FF, 0xE0FF, 0xE0FF, 0xE0FF, 0xE0FF, 0xC0FF, 0xE1FF, 0xE3FF, 0x86E7, 0x2795, 0xE742, 0x8932, 0x4A43, 0x4B54, 
  0x6A53, 0xE94A, 0x4A53, 0x0A4B, 0xE94A, 0xE94A, 0xEA4A, 0x4B53, 0x2B53, 0xCA4A, 0xC94A, 0x4B53, 0x4A53, 0x0A4B, 0x8842, 0x6B53, 
  0x8C5B, 0xC94A, 0x0A53, 0x4B53, 0x0A4B, 0xA842, 0x0A4B, 0xA942, 0x694B, 0x8E96, 0xD5CF, 0xD6D7, 0xCFA6, 0x894B, 0xCA4A, 0x0A53, 
  0x8A64, 0xEFA7, 0xED9F, 0xEF9F, 0xEE9F, 0xEF9F, 0xEF9F, 0xEF9F, 0xEE9F, 0xEE9F, 0xEE9F, 0xEE97, 0xEE97, 0xB09F, 0x0F97, 0xA854, 
  0x2F97, 0xF1A7, 0x4F8F, 0xAA5C, 0xA84B, 0x0C7E, 0xD2A7, 0xCD7D, 0x6953, 0xCA4A, 0x8C53, 0x4A53, 0x2A53, 0x0A4B, 0x0943, 0xEC5B, 
  0x4B53, 0xC942, 0xA84A, 0xEA42, 0x8842, 0xEA52, 0xCA53, 0x8D9F, 0xF6D7, 0xFAEF, 0xCCAF, 0xEE9F, 0x7097, 0xE84A, 0xA942, 0xE94A, 
  0xEC75, 0xEEAF, 0xEBAF, 0xECA7, 0xECAF, 0xCCA7, 0xF0A7, 0xC953, 0xAA5C, 0xF0A7, 0xEE97, 0xEF97, 0xF0A7, 0xED75, 0xE942, 0xAC5B, 
  0x4D6C, 0x094B, 0xE94A, 0xC94A, 0x0A4B, 0x0A53, 0x094B, 0x294B, 0x2A4B, 0x4B53, 0x2A53, 0x8842, 0xC94A, 0xC94A, 0x4842, 0x6842, 
  0x0A53, 0xAC63, 0xE942, 0xEA4A, 0xE94A, 0xC942, 0x4B53, 0x4B53, 0x8942, 0xEA4A, 0x2B53, 0x2A53, 0x4A53, 0xCC5B, 0xEC5B, 0x4B53, 
  0xC942, 0x0D7E, 0xCF96, 0xEA4A, 0xC942, 0x8842, 0x8A4A, 0xC842, 0x2953, 0xCC63, 0xC94A, 0x0A4B, 0x2A4B, 0x894A, 0x8B5B, 0x6B4B, 
  0xEC6C, 0xF09F, 0xEF97, 0x709F, 0x884B, 0x2B53, 0xA94A, 0x4942, 0xA84A, 0xA84A, 0x8842, 0x0A6D, 0xEEB7, 0xAC8E, 0xC743, 0xEE8E, 
  0xEF9F, 0xCE9F, 0xEAA7, 0xCFBF, 0xD9E7, 0xADC7, 0xE3F7, 0xE0FF, 0xE0FF, 0xE0FF, 0xE0FF, 0xE0FF, 0xE0FF, 0xE0FF, 0xE0FF, 0xE0FF, 
  0xE0FF, 0xE0FF, 0xE0FF, 0xC0FF, 0x60F7, 0x60F7, 0x60F7, 0x60F7, 0x60F7, 0x60F7, 0x60F7, 0x60F7, 0x60EF, 0xC0FF, 0xE0FF, 0xE0FF, 
  0xE0FF, 0xE0FF, 0xE0FF, 0xE0FF, 0xE0FF, 0xE0FF, 0xE0FF, 0xE0FF, 0xE0FF, 0xE0FF, 0xE0FF, 0xE0FF, 0xE0FF, 0xE0FF, 0xE0FF, 0xE0FF, 
  0xE0FF, 0xE0FF, 0xE0FF, 0xE0FF, 0xE0FF, 0xE0FF, 0xE0FF, 0xE0FF, 0xE0FF, 0xE0FF, 0xE0FF, 0xE0FF, 0xE0FF, 0xE0FF, 0xE0FF, 0xE0FF, 
  0xE0FF, 0xE0FF, 0xE0FF, 0xE0FF, 0xE0FF, 0xE0FF, 0xE0FF, 0xE0FF, 0xE0FF, 0xC0FF, 0xE0FF, 0xE3FF, 0x67DF, 0x6995, 0x074B, 0xAA4A, 
  0x4B53, 0x2B53, 0xA842, 0xC94A, 0xE94A, 0x2A53, 0x0A4B, 0x0A4B, 0x0A4B, 0x0A53, 0x0A4B, 0x8B53, 0x6B5B, 0xC94A, 0xE94A, 0x0A4B, 
  0x2A53, 0x2A53, 0x2A53, 0x0A4B, 0xE94A, 0x8C5B, 0xEA4A, 0x8842, 0x0A4B, 0x494B, 0x6A5C, 0x6A5C, 0x0843, 0xEA4A, 0xE94A, 0x8842, 
  0x8C75, 0xECAF, 0xCCA7, 0xEF9F, 0xEE9F, 0xEF9F, 0xEE9F, 0xEF9F, 0xEF9F, 0xEE9F, 0xEE9F, 0xEF9F, 0xEF97, 0xEFA7, 0x6C76, 0xCE86, 
  0xF0B7, 0x2D7E, 0x484C, 0xCD7D, 0xF2A7, 0xCF8E, 0xA84B, 0xC94A, 0xCA4A, 0x6A53, 0x4A53, 0xCA4A, 0xCA4A, 0x0A53, 0x094B, 0x8B53, 
  0x8B5B, 0x4A53, 0x4B5B, 0x2B53, 0xC94A, 0xEA52, 0x0843, 0x2E8F, 0xF2BF, 0xFBF7, 0xCEB7, 0xED97, 0xF09F, 0xAB64, 0xAA4A, 0xEA52, 
  0xCB64, 0xEFA7, 0xEBAF, 0xECA7, 0xEDA7, 0xEBAF, 0xECA7, 0x5097, 0xA84B, 0x2E8F, 0xEE9F, 0xEE9F, 0xCE9F, 0xCF97, 0xEB53, 0xCA4A, 
  0x494B, 0x0A4B, 0x4B53, 0x2B53, 0xC94A, 0xA942, 0x8B5B, 0x2D64, 0xAB5B, 0x094B, 0x0A53, 0xEA52, 0xA94A, 0x2842, 0x2842, 0x273A, 
  0x8842, 0xE94A, 0x0A4B, 0xCA4A, 0x4842, 0xEA52, 0x4B4B, 0xC942, 0xCA4A, 0x2B53, 0x0A4B, 0x2A53, 0x094B, 0x4A53, 0x0943, 0x2B53, 
  0x683A, 0xCD7D, 0xD09F, 0x694B, 0xA94A, 0x0A53, 0x2842, 0xCA53, 0x6A64, 0x8942, 0xA942, 0xAC5B, 0x4A4B, 0x6842, 0x6B53, 0x4A4B, 
  0x2C6D, 0xEF9F, 0xCF97, 0xEFA7, 0xED7D, 0x693A, 0xA84A, 0x094B, 0xEB52, 0x2842, 0x894A, 0x8732, 0xCA5C, 0xEFAF, 0x2D9F, 0x095D, 
  0x2E8F, 0xEF9F, 0xED9F, 0xCBAF, 0xD2C7, 0xCFB7, 0xE6EF, 0xE0FF, 0xE0FF, 0xE0FF, 0xE0FF, 0xE0FF, 0xE0FF, 0xE0FF, 0xE0FF, 0xE0FF, 
  0xE0FF, 0xE0FF, 0xE0FF, 0xC0FF, 0x60F7, 0x60F7, 0x60F7, 0x60F7, 0x60F7, 0x60F7, 0x60F7, 0x60F7, 0x60EF, 0xA0FF, 0xE0FF, 0xE0FF, 
  0xE0FF, 0xE0FF, 0xE0FF, 0xE0FF, 0xE0FF, 0xE0FF, 0xE0FF, 0xE0FF, 0xE0FF, 0xE0FF, 0xE0FF, 0xE0FF, 0xE0FF, 0xE0FF, 0xE0FF, 0xE0FF, 
  0xE0FF, 0xE0FF, 0xE0FF, 0xE0FF, 0xE0FF, 0xE0FF, 0xE0FF, 0xE0FF, 0xE0FF, 0xE0FF, 0xE0FF, 0xE0FF, 0xE0FF, 0xE0FF, 0xE0FF, 0xE0FF, 
  0xE0FF, 0xE0FF, 0xE0FF, 0xE0FF, 0xE0FF, 0xE0FF, 0xE0FF, 0xC0FF, 0xE0FF, 0xE0FF, 0xC0FF, 0xC0FF, 0xE0FF, 0xE2FF, 0x25DF, 0x4695, 
  0x885B, 0xA84A, 0xCA4A, 0xCA42, 0xE942, 0x0A4B, 0x8C5B, 0x094B, 0xE94A, 0x2A53, 0xAB5B, 0x8B53, 0x0A53, 0x4A53, 0x6B53, 0x0A4B, 
  0xE94A, 0x4A4B, 0xC942, 0xE94A, 0x0A4B, 0xAC63, 0x8C5B, 0xC94A, 0x4A53, 0x2A53, 0xA94A, 0x694A, 0x8842, 0xE94A, 0x2A53, 0xE94A, 
  0x8D86, 0xEBAF, 0xCCAF, 0xEF97, 0xEF97, 0xEE9F, 0xEE9F, 0xEE9F, 0xEF9F, 0xEF9F, 0xEF9F, 0xEF9F, 0xEF9F, 0xED97, 0xEE97, 0xF0A7, 
  0xEC75, 0xA954, 0x6F9F, 0x6F97, 0x0C75, 0x094B, 0x294B, 0x0B53, 0x0A43, 0xE942, 0xEB52, 0x6A53, 0x6A53, 0x0A53, 0x0A4B, 0x6B5B, 
  0x8B5B, 0x6A53, 0x4A53, 0xE94A, 0x8842, 0xCA4A, 0x6A53, 0x8D86, 0xEFAF, 0xFAEF, 0xD0BF, 0xED9F, 0xEF9F, 0xED7D, 0x8842, 0xCA4A, 
  0xC953, 0x2E97, 0xECAF, 0xECA7, 0xEE9F, 0xECAF, 0xEBAF, 0xEEA7, 0x0D7E, 0x2B6D, 0xEFA7, 0xEE97, 0xEE97, 0xEF9F, 0x8E8E, 0x6B53, 
  0x8B5B, 0x6B53, 0x2A53, 0xA942, 0xA942, 0xC94A, 0x0A53, 0x0A4B, 0xE942, 0x0A4B, 0x2B53, 0xA94A, 0x2842, 0x4842, 0x4842, 0x4842, 
  0x4842, 0x8842, 0x0A53, 0xEA52, 0xEA4A, 0xC94A, 0x8842, 0x0A53, 0x0A53, 0x8842, 0x0A4B, 0x0A4B, 0x4B53, 0xCD63, 0x294B, 0x2A53, 
  0x8942, 0x2B6D, 0xF0A7, 0x6B64, 0xA942, 0x0A53, 0x8A4A, 0x4A5C, 0x2D7E, 0xE739, 0xCA4A, 0xC942, 0x2A53, 0xEA52, 0xEA4A, 0xC942, 
  0x4B6D, 0xEFA7, 0xCD9F, 0xEE9F, 0x9097, 0x0843, 0x6842, 0x2A4B, 0x0A4B, 0x0A4B, 0xC94A, 0x2953, 0xAB5B, 0x4A5C, 0x8FAF, 0xAEA7, 
  0x8C7E, 0xF09F, 0xEF97, 0xEDA7, 0xEBAF, 0xEBAF, 0xC7DF, 0xC0FF, 0xE0FF, 0xE0FF, 0xE0FF, 0xE0FF, 0xE0FF, 0xE0FF, 0xE0FF, 0xE0FF, 
  0xE0FF, 0xE0FF, 0xE0FF, 0xC0FF, 0x60F7, 0x60F7, 0x60EF, 0x60F7, 0x60F7, 0x60F7, 0x60EF, 0x60F7, 0x60EF, 0xC0FF, 0xE0FF, 0xE0FF, 
  0xE0FF, 0xE0FF, 0xE0FF, 0xE0FF, 0xE0FF, 0xE0FF, 0xE0FF, 0xE0FF, 0xE0FF, 0xE0FF, 0xE0FF, 0xE0FF, 0xE0FF, 0xE0FF, 0xE0FF, 0xE0FF, 
  0xE0FF, 0xE0FF, 0xE0FF, 0xE0FF, 0xE0FF, 0xE0FF, 0xE0FF, 0xE0FF, 0xE0FF, 0xE0FF, 0xE0FF, 0xE0FF, 0xE0FF, 0xE0FF, 0xE0FF, 0xE0FF, 
  0xE0FF, 0xE0FF, 0xE0FF, 0xE0FF, 0xE0FF, 0xE0FF, 0xE0FF, 0xE0FF, 0xC0FF, 0xE0FF, 0xE0FF, 0xE0FF, 0xC0FF, 0xC0FF, 0xE0FF, 0xE2FF, 
  0x65E7, 0x669D, 0xA85B, 0xCA42, 0x4B53, 0xE94A, 0xE94A, 0x4B53, 0x6B53, 0x094B, 0xAC5B, 0x8B53, 0xAB5B, 0x8B5B, 0x294B, 0x0D64, 
  0xAC5B, 0xE94A, 0xE94A, 0x8C63, 0xC942, 0xC942, 0x4B53, 0xC94A, 0x0A4B, 0x0A53, 0x883A, 0xA942, 0xCA4A, 0x6B5B, 0x0A4B, 0x494B, 
  0x6F9F, 0xF1C7, 0xAFB7, 0xEE97, 0xEF97, 0xEF9F, 0xEE9F, 0xEE9F, 0xEE9F, 0xEF9F, 0xEE9F, 0xEE9F, 0xEE9F, 0xEE97, 0xEF9F, 0xED86, 
  0xCA54, 0xF2A7, 0xAD7D, 0xE942, 0xA942, 0x294B, 0x4B53, 0xEA4A, 0x2A4B, 0xE94A, 0x894A, 0xC94A, 0xEA4A, 0xA942, 0xEA4A, 0x8842, 
  0x0A4B, 0x6B53, 0x2A53, 0xC94A, 0xEA4A, 0xCA4A, 0xC842, 0x0D7E, 0xEFA7, 0xD6DF, 0xCFBF, 0xCD9F, 0xEF9F, 0xCE8E, 0x294B, 0x6B5B, 
  0x0843, 0xCC7D, 0xEEAF, 0xEBA7, 0xEE9F, 0xEEA7, 0xEBAF, 0xEBA7, 0xEF9F, 0xAB6D, 0x4E97, 0xEE9F, 0xEE97, 0xCF9F, 0xEF9F, 0x6A5C, 
  0x0A4B, 0x4B53, 0xA942, 0xEA52, 0x0A53, 0xC94A, 0xC94A, 0xA942, 0x2A53, 0x0A4B, 0x8942, 0x4842, 0x6942, 0xA94A, 0x894A, 0x894A, 
  0xCA52, 0x8842, 0x6842, 0x0A4B, 0x8C5B, 0x8842, 0x2842, 0xC952, 0xEA4A, 0x2B53, 0x6B5B, 0x0A4B, 0x2A4B, 0x6B53, 0x4B53, 0x0953, 
  0x8842, 0xCB64, 0xF0A7, 0x8C75, 0x883A, 0xC94A, 0x4842, 0x0954, 0x4F97, 0xA842, 0xA94A, 0xC94A, 0xEA4A, 0xC94A, 0xCA4A, 0x8842, 
  0xED7D, 0xEFA7, 0xECA7, 0xED9F, 0xF0A7, 0xEA6C, 0x483A, 0xE94A, 0x0B5C, 0x0C5C, 0x6B53, 0x4A53, 0xE94A, 0x8842, 0x484B, 0xED9E, 
  0xEEAF, 0xCF97, 0xF097, 0xEE9F, 0xEBA7, 0xEBAF, 0xE9CF, 0xE1FF, 0xE0FF, 0xE0FF, 0xE0FF, 0xE0FF, 0xE0FF, 0xE0FF, 0xE0FF, 0xE0FF, 
  0xE0FF, 0xE0FF, 0xE0FF, 0xE0FF, 0x60F7, 0x60F7, 0x60F7, 0x60F7, 0x60F7, 0x60F7, 0x60F7, 0x60F7, 0x60EF, 0xC0FF, 0xE0FF, 0xE0FF, 
  0xE0FF, 0xE0FF, 0xE0FF, 0xE0FF, 0xE0FF, 0xE0FF, 0xE0FF, 0xE0FF, 0xE0FF, 0xE0FF, 0xE0FF, 0xE0FF, 0xE0FF, 0xE0FF, 0xE0FF, 0xE0FF, 
  0xE0FF, 0xE0FF, 0xE0FF, 0xE0FF, 0xE0FF, 0xE0FF, 0xE0FF, 0xE0FF, 0xE0FF, 0xE0FF, 0xE0FF, 0xE0FF, 0xE0FF, 0xE0FF, 0xE0FF, 0xE0FF, 
  0xE0FF, 0xE0FF, 0xE0FF, 0xE0FF, 0xE0FF, 0xE0FF, 0xE0FF, 0xE0FF, 0xE0FF, 0xE0FF, 0xE0FF, 0xE0FF, 0xE0FF, 0xE0FF, 0xC0FF, 0xC0FF, 
  0xE0FF, 0xE2FF, 0xA4EF, 0x08B6, 0xE86B, 0xC942, 0x6842, 0xC942, 0x6B53, 0x2A4B, 0xE94A, 0x4A53, 0x2A4B, 0xAC5B, 0x6A53, 0x2A4B, 
  0x2A53, 0x0A53, 0xEA4A, 0x0A4B, 0x2A53, 0x094B, 0xC942, 0xA942, 0x8C5B, 0xCC63, 0x494B, 0x8B53, 0x4A53, 0x6B53, 0xCA4A, 0x0A5C, 
  0xF0AF, 0xFAEF, 0xD4CF, 0xED97, 0xEF9F, 0xEF9F, 0xEE9F, 0xEE9F, 0xEE9F, 0xEE9F, 0xEE9F, 0xEF9F, 0xEE9F, 0xEE97, 0xF09F, 0x0C7E, 
  0x6D86, 0x6A5C, 0x4942, 0x8A4A, 0x094B, 0xCC63, 0x2A53, 0x2C64, 0xEB5B, 0xAC5B, 0x8C53, 0x894A, 0xA94A, 0x4B53, 0xEA4A, 0xC94A, 
  0xC942, 0xE94A, 0xC94A, 0xA94A, 0x2A4B, 0xEA4A, 0xA842, 0x0E86, 0xEF9F, 0xD1C7, 0xEDBF, 0xEE9F, 0xEF9F, 0xCF9F, 0x0B5C, 0xCC53, 
  0xAB5B, 0x8B64, 0xF09F, 0xECA7, 0xED9F, 0xEE9F, 0xCDAF, 0xEBAF, 0xEDA7, 0x8E97, 0x8E97, 0xEE9F, 0xEE97, 0xCF9F, 0xEF9F, 0xCE8E, 
  0x294B, 0xE94A, 0xC94A, 0xC94A, 0xEA52, 0xC94A, 0xC94A, 0x8842, 0xF184, 0x2D6C, 0xC842, 0x2B5B, 0x8942, 0x0A4B, 0xA94A, 0x4842, 
  0xA94A, 0xCA52, 0x8842, 0xC94A, 0xA94A, 0x8942, 0xCA4A, 0xC94A, 0xA94A, 0x0A53, 0xC94A, 0x2B53, 0x0A4B, 0xE94A, 0xCA4A, 0xA94A, 
  0x0A4B, 0xED6C, 0xF0AF, 0x6C86, 0x4C64, 0x2B53, 0x273A, 0x0A5C, 0xD0A7, 0xA94B, 0x694A, 0xA842, 0x0A53, 0xE94A, 0x8942, 0x6842, 
  0xEC7D, 0xEEAF, 0xCBAF, 0xECA7, 0xEEA7, 0xAE86, 0x8842, 0x0B53, 0x0B53, 0xA942, 0x6842, 0xEA52, 0xC94A, 0x2842, 0x8842, 0x2843, 
  0x8E96, 0xEEAF, 0xEE97, 0xEF97, 0xEDA7, 0xEBA7, 0xEAB7, 0xE3F7, 0xE0FF, 0xE0FF, 0xE0FF, 0xE0FF, 0xE0FF, 0xE0FF, 0xE0FF, 0xE0FF, 
  0xE0FF, 0xE0FF, 0xE0FF, 0xE0FF, 0xA0F7, 0x60EF, 0x60EF, 0x60EF, 0x60EF, 0x60EF, 0x60EF, 0x60EF, 0x80F7, 0xE0FF, 0xE0FF, 0xE0FF, 
  0xE0FF, 0xE0FF, 0xE0FF, 0xE0FF, 0xE0FF, 0xE0FF, 0xE0FF, 0xE0FF, 0xE0FF, 0xE0FF, 0xE0FF, 0xE0FF, 0xE0FF, 0xE0FF, 0xE0FF, 0xE0FF, 
  0xE0FF, 0xE0FF, 0xE0FF, 0xE0FF, 0xE0FF, 0xE0FF, 0xE0FF, 0xE0FF, 0xE0FF, 0xE0FF, 0xE0FF, 0xE0FF, 0xE0FF, 0xE0FF, 0xE0FF, 0xE0FF, 
  0xE0FF, 0xE0FF, 0xE0FF, 0xE0FF, 0xE0FF, 0xE0FF, 0xE0FF, 0xE0FF, 0xE0FF, 0xE0FF, 0xE0FF, 0xE0FF, 0xE0FF, 0xE0FF, 0xE0FF, 0xE0FF, 
  0xC0FF, 0xC0FF, 0xE0FF, 0xE1FF, 0xC5F7, 0xA7C6, 0xE984, 0x6753, 0x0A4B, 0xE942, 0xC942, 0x0A4B, 0x6B5B, 0x0D64, 0x0D64, 0x0A4B, 
  0xEA4A, 0x4A53, 0x6A53, 0x2B53, 0x4B5B, 0x2A53, 0x0A4B, 0x4A4B, 0xE94A, 0xEB52, 0x2B53, 0x2D6C, 0x2A53, 0x4A4B, 0xE942, 0xCB6C, 
  0xF2C7, 0xFDF7, 0xD3C7, 0xCD9F, 0xEF9F, 0xEF9F, 0xEE9F, 0xEE9F, 0xEE9F, 0xEE9F, 0xEF9F, 0xEF9F, 0xEF9F, 0xEE97, 0xEF9F, 0x0E8F, 
  0x095D, 0xA953, 0x6A53, 0x6A53, 0xEA4A, 0xA842, 0x4A4B, 0xEB5B, 0xCB5B, 0xE94A, 0x0B53, 0xE94A, 0xE94A, 0x0A53, 0xCA4A, 0xCA52, 
  0xAA4A, 0x0A4B, 0x2B53, 0xA94A, 0xA942, 0xE94A, 0x483A, 0xAD7D, 0xEF9F, 0xCDAF, 0xEBAF, 0xEE9F, 0xEE9F, 0xEF9F, 0xCB64, 0x094B, 
  0xAC5B, 0xEA53, 0x7097, 0xEDA7, 0xEDA7, 0xEF9F, 0xEE9F, 0xECA7, 0xECAF, 0xEE9F, 0xEF9F, 0xEF9F, 0xEE9F, 0xEF9F, 0xEE97, 0xF0A7, 
  0xAA64, 0xE94A, 0xEA4A, 0xCA4A, 0xC94A, 0x0A53, 0x0A4B, 0xC942, 0x6B5B, 0x2A53, 0x8B5B, 0xE94A, 0x094B, 0x2A53, 0x4842, 0x273A, 
  0xA942, 0x0A53, 0x2B53, 0x8842, 0x4842, 0xEA4A, 0x2B4B, 0x0A4B, 0xE94A, 0xC94A, 0xA94A, 0xC942, 0xC94A, 0xCA52, 0xC94A, 0x273A, 
  0xA942, 0x4B64, 0xF09F, 0x4F97, 0xAA5B, 0x8842, 0x0732, 0x0A5C, 0xF1A7, 0x2A54, 0x6942, 0x8842, 0xCA4A, 0x4B53, 0x2C5B, 0x8842, 
  0x4D7E, 0xEEAF, 0xCBAF, 0xEBAF, 0xEDA7, 0xCF9F, 0xA953, 0xCA4A, 0x0B53, 0xEA4A, 0x8942, 0xCA4A, 0x4B53, 0x4A53, 0x0A4B, 0xCB4A, 
  0xA842, 0x0C86, 0xF0A7, 0xEF97, 0xCF9F, 0xEBA7, 0xEAB7, 0xE4EF, 0xC0FF, 0xE0FF, 0xE0FF, 0xE0FF, 0xE0FF, 0xE0FF, 0xE0FF, 0xE0FF, 
  0xE0FF, 0xE0FF, 0xE0FF, 0xE0FF, 0xE0FF, 0xC0FF, 0xA0FF, 0xA0FF, 0xA0FF, 0xA0FF, 0xA0FF, 0xC0FF, 0xE0FF, 0xE0FF, 0xE0FF, 0xE0FF, 
  0xE0FF, 0xE0FF, 0xE0FF, 0xE0FF, 0xE0FF, 0xE0FF, 0xE0FF, 0xE0FF, 0xE0FF, 0xE0FF, 0xE0FF, 0xE0FF, 0xE0FF, 0xE0FF, 0xE0FF, 0xE0FF, 
  0xE0FF, 0xE0FF, 0xE0FF, 0xE0FF, 0xE0FF, 0xE0FF, 0xE0FF, 0xE0FF, 0xE0FF, 0xE0FF, 0xE0FF, 0xE0FF, 0xE0FF, 0xE0FF, 0xE0FF, 0xE0FF, 
  0xE0FF, 0xE0FF, 0xE0FF, 0xE0FF, 0xE0FF, 0xE0FF, 0xE0FF, 0xE0FF, 0xE0FF, 0xE0FF, 0xE0FF, 0xE0FF, 0xE0FF, 0xE0FF, 0xE0FF, 0xE0FF, 
  0xE0FF, 0xE0FF, 0xE0FF, 0xC0FF, 0xE0FF, 0xE1FF, 0xE4FF, 0xA6E7, 0x68BE, 0x298D, 0x0964, 0x694B, 0x093B, 0x6A4B, 0xCB5B, 0x8C5B, 
  0x8942, 0xA94A, 0xEA4A, 0xC94A, 0x6742, 0xA942, 0x4B53, 0xAB5B, 0xE94A, 0xCB4A, 0xC94A, 0xC94A, 0xA942, 0xC94A, 0xA842, 0x4C86, 
  0xF7D7, 0xFDFF, 0xCFB7, 0xCE9F, 0xEF9F, 0xEE9F, 0xEE9F, 0xEE9F, 0xEE9F, 0xEE9F, 0xEF9F, 0xEF9F, 0xEF97, 0xEF97, 0xEE97, 0xEF9F, 
  0xCD86, 0xCA5C, 0x8A53, 0xCA4A, 0x8942, 0xC94A, 0x2A4B, 0x8C5B, 0x0B53, 0x0A53, 0xE94A, 0xA94A, 0x0A4B, 0x0A53, 0xEA4A, 0xA94A, 
  0xA942, 0xA942, 0xE94A, 0xCA4A, 0x894A, 0xA83A, 0x6942, 0xCD85, 0xEE9F, 0xECA7, 0xECA7, 0xEE9F, 0xEE9F, 0xEF9F, 0x6E86, 0xC942, 
  0x4A53, 0xCA53, 0x8D86, 0xEEA7, 0xED9F, 0xEF9F, 0xEE9F, 0xECA7, 0xEBAF, 0xED9F, 0xEF9F, 0xEF9F, 0xEF97, 0xEF9F, 0xCE9F, 0xEF9F, 
  0x0F97, 0x294B, 0x4B53, 0x2B53, 0x0A4B, 0x094B, 0xC942, 0xEA4A, 0xEA4A, 0xC942, 0x2B53, 0x2A53, 0x4A53, 0x0A53, 0xAA52, 0xEA4A, 
  0x8942, 0xE94A, 0xEA4A, 0x8942, 0x0A53, 0xA942, 0xC94A, 0x8942, 0x4B5B, 0xA942, 0x4842, 0xA942, 0x894A, 0x6842, 0x8842, 0xCA4A, 
  0xA942, 0x8953, 0xCF97, 0xB09F, 0x294B, 0xEA52, 0x6942, 0xC95B, 0xF1A7, 0x6A5C, 0x6842, 0xEA4A, 0x8A4A, 0xC942, 0x0A53, 0x683A, 
  0x0D76, 0xEEAF, 0xCBAF, 0xEBA7, 0xECA7, 0xEF9F, 0x6B64, 0x4842, 0xA942, 0x0A53, 0x4B53, 0xE94A, 0x8C5B, 0x4B53, 0xA842, 0x894A, 
  0x2842, 0xC73A, 0x8B6D, 0xEFA7, 0xEF97, 0xEE9F, 0xECA7, 0xE5DF, 0xC0FF, 0xE0FF, 0xE0FF, 0xE0FF, 0xE0FF, 0xE0FF, 0xE0FF, 0xE0FF, 
  0xE0FF, 0xE0FF, 0xE0FF, 0xE0FF, 0xE0FF, 0xE0FF, 0xE0FF, 0xE0FF, 0xE0FF, 0xE0FF, 0xE0FF, 0xE0FF, 0xE0FF, 0xE0FF, 0xE0FF, 0xE0FF, 
  0xE0FF, 0xE0FF, 0xE0FF, 0xE0FF, 0xE0FF, 0xE0FF, 0xE0FF, 0xE0FF, 0xE0FF, 0xE0FF, 0xE0FF, 0xE0FF, 0xE0FF, 0xE0FF, 0xE0FF, 0xE0FF, 
  0xE0FF, 0xE0FF, 0xE0FF, 0xE0FF, 0xE0FF, 0xE0FF, 0xE0FF, 0xE0FF, 0xE0FF, 0xE0FF, 0xE0FF, 0xE0FF, 0xE0FF, 0xE0FF, 0xE0FF, 0xE0FF, 
  0xE0FF, 0xE0FF, 0xE0FF, 0xE0FF, 0xE0FF, 0xE0FF, 0xE0FF, 0xE0FF, 0xE0FF, 0xE0FF, 0xE0FF, 0xE0FF, 0xE0FF, 0xE0FF, 0xE0FF, 0xE0FF, 
  0xE0FF, 0xE0FF, 0xE0FF, 0xE0FF, 0xE0FF, 0xE0FF, 0xC0FF, 0xE0FF, 0xE2FF, 0xE3FF, 0xC5EF, 0xC7CE, 0x879D, 0x476C, 0xAA53, 0xCA42, 
  0x0B53, 0xC94A, 0xCA52, 0x0A53, 0x0A4B, 0x0A4B, 0x094B, 0x0A53, 0xE94A, 0x6B53, 0x094B, 0xAA4A, 0xE94A, 0x8842, 0xCA53, 0xAF9F, 
  0xF9E7, 0xDCFF, 0xAFAF, 0xEF97, 0xEF9F, 0xEE9F, 0xEE9F, 0xEE9F, 0xEE9F, 0xEE9F, 0xEF97, 0xEF97, 0xEF97, 0xEE97, 0xEE97, 0xEE97, 
  0xEFA7, 0xAF9F, 0x8E8E, 0xCB6C, 0x094B, 0xCA4A, 0x8942, 0xE94A, 0xEA4A, 0xCA4A, 0x4A53, 0xC94A, 0x0A53, 0x2A4B, 0xE94A, 0x0A4B, 
  0x883A, 0x8B5B, 0x8B5B, 0xE94A, 0xC94A, 0x4B53, 0xE942, 0x0D7E, 0xEF9F, 0xECA7, 0xECA7, 0xEE9F, 0xEE9F, 0xEE9F, 0x8F9F, 0xEA53, 
  0x4B53, 0x0B4B, 0x8C75, 0xF0A7, 0xED9F, 0xEF9F, 0xEE9F, 0xEDA7, 0xECAF, 0xECA7, 0xEE9F, 0xEF97, 0xEF97, 0xEF97, 0xEE9F, 0xEE9F, 
  0xF0A7, 0x8A5C, 0x683A, 0x0A4B, 0xCA4A, 0xCB63, 0xEA4A, 0xEA4A, 0xC94A, 0x8842, 0xC94A, 0x0A4B, 0xEA4A, 0xEA52, 0x0A4B, 0xEA4A, 
  0x6942, 0xC94A, 0xA842, 0xA94A, 0xEA52, 0xCA4A, 0x683A, 0x8942, 0x8942, 0x6942, 0xEA52, 0xC94A, 0x8A4A, 0xCA53, 0xEA4A, 0x0A53, 
  0xA94A, 0x494B, 0x8F97, 0xCF9F, 0x6853, 0x694A, 0x483A, 0xC842, 0xD09F, 0xCA64, 0x8942, 0xEA52, 0xCA52, 0x294B, 0xE94A, 0x6842, 
  0x4D75, 0xEEAF, 0xEBAF, 0xEAAF, 0xECAF, 0xF0A7, 0x6B5C, 0xA94A, 0x8942, 0x8842, 0x6C5B, 0x0A53, 0xC94A, 0x894A, 0xA84A, 0x6842, 
  0x484A, 0xC94A, 0x8A4B, 0x8E8E, 0xF0A7, 0xEE97, 0xEE97, 0xCACF, 0xE1FF, 0xE0FF, 0xE0FF, 0xE0FF, 0xE0FF, 0xE0FF, 0xE0FF, 0xE0FF, 
  0xE0FF, 0xE0FF, 0xE0FF, 0xE0FF, 0xE0FF, 0xE0FF, 0xE0FF, 0xE0FF, 0xE0FF, 0xE0FF, 0xE0FF, 0xE0FF, 0xE0FF, 0xE0FF, 0xE0FF, 0xE0FF, 
  0xE0FF, 0xE0FF, 0xE0FF, 0xE0FF, 0xE0FF, 0xE0FF, 0xE0FF, 0xE0FF, 0xE0FF, 0xE0FF, 0xE0FF, 0xE0FF, 0xE0FF, 0xE0FF, 0xE0FF, 0xE0FF, 
  0xE0FF, 0xE0FF, 0xE0FF, 0xE0FF, 0xE0FF, 0xE0FF, 0xE0FF, 0xE0FF, 0xE0FF, 0xE0FF, 0xE0FF, 0xE0FF, 0xE0FF, 0xE0FF, 0xE0FF, 0xE0FF, 
  0xE0FF, 0xE0FF, 0xE0FF, 0xE0FF, 0xE0FF, 0xE0FF, 0xE0FF, 0xE0FF, 0xE0FF, 0xE0FF, 0xE0FF, 0xE0FF, 0xE0FF, 0xE0FF, 0xE0FF, 0xE0FF, 
  0xE0FF, 0xE0FF, 0xE0FF, 0xE0FF, 0xE0FF, 0xE0FF, 0xC0FF, 0xC0FF, 0xC0FF, 0xE0FF, 0xE0FF, 0xE0FF, 0xE2FF, 0xE4F7, 0xA6C6, 0x4774, 
  0xC842, 0x2B4B, 0x4A53, 0x2A4B, 0x2B4B, 0x0A53, 0x094B, 0x2A4B, 0xAC63, 0x4B53, 0x6B53, 0x6B5B, 0x4C5B, 0xA953, 0xEE8E, 0xD3B7, 
  0xFCF7, 0xD5DF, 0xEEAF, 0xEF97, 0xEF9F, 0xEE9F, 0xEE9F, 0xEE9F, 0xEE9F, 0xEE9F, 0xEE9F, 0xEE9F, 0xEF9F, 0xEF9F, 0xEE9F, 0xEE9F, 
  0xEE97, 0xEE97, 0xEE9F, 0xEF9F, 0x909F, 0x0A65, 0xE94A, 0xCA4A, 0x0A4B, 0xEA4A, 0xCA4A, 0xCC63, 0x094B, 0xEA4A, 0x2B53, 0x0A53, 
  0xAC63, 0x6B53, 0x0A4B, 0xA94A, 0x0A53, 0x6C5B, 0x0943, 0xCE8E, 0xEF9F, 0xEDA7, 0xECA7, 0xEE9F, 0xEE9F, 0xEE9F, 0xEF9F, 0x8C6D, 
  0x2943, 0xCA42, 0x0B65, 0xEF9F, 0xEE97, 0xEE9F, 0xEF9F, 0xEE9F, 0xECA7, 0xEBAF, 0xEDA7, 0xEF9F, 0xEF97, 0xEF97, 0xEF9F, 0xEF97, 
  0xEF9F, 0xCE8E, 0x473A, 0x2A4B, 0xCA4A, 0xE94A, 0xEA52, 0xA94A, 0xA942, 0x2B53, 0x4B5B, 0xA942, 0xA942, 0x094B, 0x494B, 0x6B5B, 
  0xAA4A, 0x8942, 0x6842, 0x894A, 0x8942, 0xCA4A, 0xA94A, 0x894A, 0x6942, 0xCA4A, 0x0A53, 0xC842, 0x8942, 0x0D6D, 0x094B, 0xC94A, 
  0xA942, 0xE842, 0x0F8F, 0xF0A7, 0x8953, 0xE741, 0xA94A, 0x2732, 0xAF96, 0x0B6D, 0xAA42, 0xA94A, 0xCA4A, 0x2A4B, 0x2A53, 0x894A, 
  0xC953, 0xCFAF, 0xECA7, 0xEAA7, 0xCCAF, 0xB0A7, 0xC94B, 0x6842, 0xA94A, 0x0A53, 0x8842, 0x483A, 0xA94A, 0x0A53, 0x8842, 0xC94A, 
  0x283A, 0xEA52, 0x4B5B, 0x883A, 0x4B6D, 0xEEA7, 0xEF8F, 0xCDAF, 0xE2F7, 0xE0FF, 0xE0FF, 0xE0FF, 0xE0FF, 0xE0FF, 0xE0FF, 0xE0FF, 
  0xE0FF, 0xE0FF, 0xE0FF, 0xE0FF, 0xE0FF, 0xE0FF, 0xE0FF, 0xE0FF, 0xE0FF, 0xE0FF, 0xE0FF, 0xE0FF, 0xE0FF, 0xE0FF, 0xE0FF, 0xE0FF, 
  0xE0FF, 0xE0FF, 0xE0FF, 0xE0FF, 0xE0FF, 0xE0FF, 0xE0FF, 0xE0FF, 0xE0FF, 0xE0FF, 0xE0FF, 0xE0FF, 0xE0FF, 0xE0FF, 0xE0FF, 0xE0FF, 
  0xE0FF, 0xE0FF, 0xE0FF, 0xE0FF, 0xE0FF, 0xE0FF, 0xE0FF, 0xE0FF, 0xE0FF, 0xE0FF, 0xE0FF, 0xE0FF, 0xE0FF, 0xE0FF, 0xE0FF, 0xE0FF, 
  0xE0FF, 0xE0FF, 0xE0FF, 0xE0FF, 0xE0FF, 0xE0FF, 0xE0FF, 0xE0FF, 0xE0FF, 0xE0FF, 0xE0FF, 0xE0FF, 0xE0FF, 0xE0FF, 0xE0FF, 0xE0FF, 
  0xE0FF, 0xE0FF, 0xE0FF, 0xE0FF, 0xE0FF, 0xE0FF, 0xE0FF, 0xE0FF, 0xE0FF, 0xE0FF, 0xE0FF, 0xE0FF, 0xE0FF, 0xE0FF, 0xE0FF, 0xE3FF, 
  0x88C6, 0x086C, 0x094B, 0x6B53, 0x6A53, 0xE94A, 0x2B53, 0x0D64, 0x6A4B, 0xEA4A, 0x2943, 0x6A53, 0x0A4B, 0x2E86, 0xEE9F, 0xD4CF, 
  0xFDF7, 0xCEAF, 0xEC9F, 0xEF9F, 0xEF9F, 0xEE9F, 0xEE9F, 0xEE9F, 0xEE9F, 0xEE9F, 0xEE9F, 0xEF9F, 0xCF9F, 0xF0A7, 0xEFA7, 0xEE9F, 
  0xEE9F, 0xEE9F, 0xEE97, 0xCE9F, 0xCF9F, 0xF0A7, 0xCD7D, 0x873A, 0x6B5B, 0xAB53, 0x0A4B, 0x8B53, 0x8B5B, 0xC94A, 0xC94A, 0x883A, 
  0x2A53, 0xC942, 0xA842, 0xA94A, 0x2A53, 0xC942, 0xCA53, 0xD09F, 0xEF97, 0xEDA7, 0xECA7, 0xEE9F, 0xEF9F, 0xEE9F, 0xEE9F, 0x4E97, 
  0x6E8E, 0x2D86, 0x6C86, 0xEE9F, 0xEE97, 0xEE9F, 0xEF9F, 0xEE9F, 0xEDA7, 0xEBAF, 0xECA7, 0xEE9F, 0xEF97, 0xEF97, 0xEF9F, 0xEF9F, 
  0xEE97, 0xF0A7, 0x8C64, 0x8842, 0x0A53, 0xAA4A, 0xE94A, 0xC94A, 0xCA4A, 0xC94A, 0xC94A, 0xC94A, 0x0A4B, 0xAE74, 0xAC5B, 0x2953, 
  0xE94A, 0xA94A, 0xAA52, 0xA94A, 0x6842, 0xA94A, 0x2B5B, 0xCA4A, 0xC94A, 0xC94A, 0xA842, 0x4A53, 0xEA4A, 0x0E75, 0x2A4B, 0xEA4A, 
  0x6C5B, 0x883A, 0x0D7E, 0xF0A7, 0x8953, 0xC631, 0xA942, 0x8942, 0xAC6C, 0x2B64, 0xEA4A, 0x2B4B, 0x2B53, 0x0A4B, 0xC94A, 0xC94A, 
  0x673A, 0xAD7D, 0xF0A7, 0xED9F, 0xEFAF, 0xED75, 0x0943, 0x6C5B, 0x2B53, 0xA942, 0xA94A, 0x8842, 0x0A53, 0x094B, 0xA942, 0xAA42, 
  0xA942, 0x0A53, 0xE952, 0x894A, 0xC942, 0xCD7D, 0xEF9F, 0xCEA7, 0xE4E7, 0xE0FF, 0xE0FF, 0xE0FF, 0xE0FF, 0xE0FF, 0xE0FF, 0xE0FF, 
  0xE0FF, 0xE0FF, 0xE0FF, 0xE0FF, 0xE0FF, 0xE0FF, 0xE0FF, 0xE0FF, 0xE0FF, 0xE0FF, 0xE0FF, 0xE0FF, 0xE0FF, 0xE0FF, 0xE0FF, 0xE0FF, 
  0xE0FF, 0xE0FF, 0xE0FF, 0xE0FF, 0xE0FF, 0xE0FF, 0xE0FF, 0xE0FF, 0xE0FF, 0xE0FF, 0xE0FF, 0xE0FF, 0xE0FF, 0xE0FF, 0xE0FF, 0xE0FF, 
  0xE0FF, 0xE0FF, 0xE0FF, 0xE0FF, 0xE0FF, 0xE0FF, 0xE0FF, 0xE0FF, 0xE0FF, 0xE0FF, 0xE0FF, 0xE0FF, 0xE0FF, 0xE0FF, 0xE0FF, 0xE0FF, 
  0xE0FF, 0xE0FF, 0xE0FF, 0xE0FF, 0xE0FF, 0xE0FF, 0xE0FF, 0xE0FF, 0xE0FF, 0xE0FF, 0xE0FF, 0xE0FF, 0xE0FF, 0xE0FF, 0xE0FF, 0xE0FF, 
  0xE0FF, 0xE0FF, 0xE0FF, 0xE0FF, 0xE0FF, 0xE0FF, 0xE0FF, 0xE0FF, 0xE0FF, 0xE0FF, 0xE0FF, 0xC0FF, 0xE0FF, 0xE0FF, 0xC0FF, 0xC0FF, 
  0xE1FF, 0xE4F7, 0x86A5, 0x084B, 0x6C53, 0xAB5B, 0xC942, 0xCB5B, 0x4A53, 0xAC5B, 0xAC63, 0xA94A, 0xA94B, 0xD09F, 0xCE97, 0xD7E7, 
  0xFAEF, 0xCCAF, 0xEDA7, 0xEE9F, 0xEE9F, 0xEE9F, 0xEE9F, 0xEE9F, 0xEE9F, 0xEE9F, 0xEE97, 0xEF97, 0xF0A7, 0xD0A7, 0xEF9F, 0xEE97, 
  0xEF9F, 0xEF9F, 0xEF9F, 0xEF9F, 0xEE97, 0xCF97, 0xF09F, 0x0C76, 0xA94B, 0xCA4A, 0xCA4A, 0xE94A, 0xEA4A, 0xE94A, 0x2A53, 0x4B53, 
  0x6B53, 0x8B5B, 0x2A53, 0xC94A, 0xA942, 0x6842, 0x6B64, 0xEF9F, 0xEE97, 0xEDA7, 0xEDA7, 0xEE9F, 0xEF9F, 0xEF9F, 0xEF97, 0xEF9F, 
  0xEE9F, 0xEF9F, 0xF09F, 0xEF9F, 0xEE9F, 0xEF9F, 0xEF97, 0xEE97, 0xED9F, 0xECAF, 0xECAF, 0xEDA7, 0xEE9F, 0xEF9F, 0xEF9F, 0xEE9F, 
  0xEF97, 0xEF9F, 0xEF8E, 0xC842, 0x2A53, 0x4B53, 0x0A4B, 0x0A4B, 0x0A4B, 0x0A53, 0x2B53, 0xC942, 0x8B5B, 0x0943, 0x8942, 0x084B, 
  0x6E7D, 0xE842, 0x4842, 0x2842, 0xA94A, 0xCA4A, 0xA942, 0xC942, 0xE94A, 0xCA52, 0xAA52, 0xA842, 0xCA4A, 0x2A53, 0x2A4B, 0xE94A, 
  0x2B5B, 0xCA4A, 0x4B6D, 0xF09F, 0xCA53, 0x8942, 0xEA4A, 0xC94A, 0xC94A, 0xE942, 0xC84A, 0x2D64, 0xAC5B, 0x4B53, 0x2B53, 0x2953, 
  0xC94A, 0x6A4B, 0xAD75, 0xAE8E, 0xAC7D, 0xAA53, 0x0B53, 0x2B53, 0xA942, 0xC94A, 0xCA4A, 0xA94A, 0x0A53, 0x2A53, 0x0A53, 0xA94A, 
  0x0A53, 0xEA4A, 0xA942, 0xAC63, 0x6C5B, 0x0943, 0xEE8E, 0xEFA7, 0xE5DF, 0xE0FF, 0xE0FF, 0xE0FF, 0xE0FF, 0xE0FF, 0xE0FF, 0xE0FF, 
  0xE0FF, 0xE0FF, 0xE0FF, 0xE0FF, 0xE0FF, 0xE0FF, 0xE0FF, 0xE0FF, 0xE0FF, 0xE0FF, 0xE0FF, 0xE0FF, 0xE0FF, 0xE0FF, 0xE0FF, 0xE0FF, 
  0xE0FF, 0xE0FF, 0xE0FF, 0xE0FF, 0xE0FF, 0xE0FF, 0xE0FF, 0xE0FF, 0xE0FF, 0xE0FF, 0xE0FF, 0xE0FF, 0xE0FF, 0xE0FF, 0xE0FF, 0xE0FF, 
  0xE0FF, 0xE0FF, 0xE0FF, 0xE0FF, 0xE0FF, 0xE0FF, 0xE0FF, 0xE0FF, 0xE0FF, 0xE0FF, 0xE0FF, 0xE0FF, 0xE0FF, 0xE0FF, 0xE0FF, 0xE0FF, 
  0xE0FF, 0xE0FF, 0xE0FF, 0xE0FF, 0xE0FF, 0xE0FF, 0xE0FF, 0xE0FF, 0xE0FF, 0xE0FF, 0xE0FF, 0xE0FF, 0xE0FF, 0xE0FF, 0xE0FF, 0xE0FF, 
  0xE0FF, 0xE0FF, 0xE0FF, 0xE0FF, 0xE0FF, 0xE0FF, 0xE0FF, 0xE0FF, 0xE0FF, 0xE0FF, 0xE0FF, 0xE0FF, 0xE0FF, 0xE0FF, 0xE0FF, 0xE0FF, 
  0xC0FF, 0xC0FF, 0xE3FF, 0x28B6, 0x4953, 0x4A4B, 0x6B53, 0x8C5B, 0xEA4A, 0xC942, 0x0A53, 0xA94A, 0xCD75, 0xEF9F, 0xCE9F, 0xFAE7, 
  0xD9E7, 0xABB7, 0xEDA7, 0xEE9F, 0xEE9F, 0xEE9F, 0xEE9F, 0xEE9F, 0xEF9F, 0xEF97, 0xEF97, 0xEF97, 0xEF9F, 0xEF9F, 0xEF9F, 0xEF9F, 
  0xEE9F, 0xEE9F, 0xEE97, 0xEF97, 0xEF97, 0xEF97, 0xEE97, 0xF0A7, 0x2F97, 0x4C75, 0xEB6C, 0x4954, 0x6B5C, 0x8C64, 0xEA53, 0xCA53, 
  0x0B5C, 0xC953, 0x494B, 0x494B, 0xCA53, 0xC853, 0xED85, 0xEFA7, 0xEE97, 0xED9F, 0xED9F, 0xEE9F, 0xEF9F, 0xEF9F, 0xEF9F, 0xEE9F, 
  0xED97, 0xEE97, 0xEF97, 0xEF9F, 0xEF9F, 0xEF9F, 0xEE97, 0xEE97, 0xEE9F, 0xECA7, 0xEBAF, 0xEDA7, 0xEE9F, 0xEF9F, 0xEE9F, 0xEE9F, 
  0xEF9F, 0xEF97, 0xAF97, 0x8A53, 0xA842, 0x0943, 0xEA4A, 0xEA4A, 0x0A4B, 0x4B5B, 0xE94A, 0xEA52, 0xC94A, 0x8C53, 0x0A4B, 0x473A, 
  0x508E, 0x4D6D, 0xA94A, 0xCA4A, 0xC942, 0x2A4B, 0x6B53, 0x2B53, 0x2B53, 0x894A, 0x4C5B, 0x0A4B, 0x883A, 0xEA4A, 0x8B53, 0x4A53, 
  0xA842, 0xA942, 0x0A54, 0xB0A7, 0x694B, 0xC94A, 0x4B53, 0xEA4A, 0xCA4A, 0xA94A, 0xA84A, 0x0A4B, 0x6B5B, 0x2A53, 0x0A4B, 0xE94A, 
  0xE94A, 0x4A53, 0x6A4B, 0xAB5B, 0x094B, 0x8942, 0x8942, 0x8842, 0x8842, 0xEA52, 0xC94A, 0x6842, 0x4842, 0xCA4A, 0x0A4B, 0xC942, 
  0x0B53, 0xAA4A, 0xA94A, 0xC942, 0xA94A, 0x6842, 0xEB64, 0xEFA7, 0xA8D7, 0xE0FF, 0xE0FF, 0xE0FF, 0xE0FF, 0xE0FF, 0xE0FF, 0xE0FF, 
  0xE0FF, 0xE0FF, 0xE0FF, 0xE0FF, 0xE0FF, 0xE0FF, 0xE0FF, 0xE0FF, 0xE0FF, 0xE0FF, 0xE0FF, 0xE0FF, 0xE0FF, 0xE0FF, 0xE0FF, 0xE0FF, 
  0xE0FF, 0xE0FF, 0xE0FF, 0xE0FF, 0xE0FF, 0xE0FF, 0xE0FF, 0xE0FF, 0xE0FF, 0xE0FF, 0xE0FF, 0xE0FF, 0xE0FF, 0xE0FF, 0xE0FF, 0xE0FF, 
  0xE0FF, 0xE0FF, 0xE0FF, 0xE0FF, 0xE0FF, 0xE0FF, 0xE0FF, 0xE0FF, 0xE0FF, 0xE0FF, 0xE0FF, 0xE0FF, 0xE0FF, 0xE0FF, 0xE0FF, 0xE0FF, 
  0xE0FF, 0xE0FF, 0xE0FF, 0xE0FF, 0xE0FF, 0xE0FF, 0xE0FF, 0xE0FF, 0xE0FF, 0xE0FF, 0xE0FF, 0xE0FF, 0xE0FF, 0xE0FF, 0xE0FF, 0xE0FF, 
  0xE0FF, 0xE0FF, 0xE0FF, 0xE0FF, 0xE0FF, 0xE0FF, 0xE0FF, 0xE0FF, 0xE0FF, 0xE0FF, 0xE0FF, 0xE0FF, 0xE0FF, 0xE0FF, 0xE0FF, 0xE0FF, 
  0xE0FF, 0xE0FF, 0xC0FF, 0xE3FF, 0x87C6, 0x074B, 0xEA42, 0x094B, 0xE94A, 0x6B5B, 0x2A4B, 0x6A53, 0x709F, 0xEF9F, 0xCF9F, 0xF8DF, 
  0xFCEF, 0xADB7, 0xECA7, 0xED9F, 0xEE9F, 0xEF9F, 0xEE9F, 0xEF9F, 0xEF9F, 0xEF97, 0xEF9F, 0xEF9F, 0xEF9F, 0xEF9F, 0xEF9F, 0xEE9F, 
  0xEE9F, 0xEE9F, 0xEE9F, 0xEE9F, 0xEE9F, 0xEF9F, 0xEF9F, 0xEE97, 0xEF9F, 0xF0A7, 0xF0A7, 0xD0A7, 0xF09F, 0xCF97, 0x8F97, 0x8F9F, 
  0x6F9F, 0x6F97, 0x6F97, 0x6E97, 0x8F9F, 0xAF9F, 0xEF9F, 0xEF97, 0xEF97, 0xEE9F, 0xEE9F, 0xEE9F, 0xEF9F, 0xEF9F, 0xEE9F, 0xEE9F, 
  0xEE9F, 0xEE9F, 0xEE9F, 0xEE9F, 0xEF9F, 0xEF9F, 0xEE97, 0xEF97, 0xEF9F, 0xED9F, 0xEBA7, 0xEDA7, 0xEE9F, 0xEF97, 0xEE9F, 0xEE9F, 
  0xEF9F, 0xEF97, 0xEF9F, 0x2A5C, 0xCA4A, 0x4B5B, 0x8C5B, 0x0A4B, 0x0A53, 0xA94A, 0x0A53, 0x0A4B, 0x2A53, 0x4A53, 0xE94A, 0x6842, 
  0x0E7E, 0x8E8E, 0xC942, 0x6C5B, 0x4A53, 0xAB5B, 0x6B5B, 0xEA4A, 0x683A, 0x8842, 0xE94A, 0x0A53, 0xEA4A, 0x6B53, 0xAB53, 0x2A4B, 
  0xC84A, 0xCA4A, 0x2943, 0x2E8E, 0x494B, 0x0A53, 0x2A4B, 0x2A53, 0xC94A, 0xA94A, 0x8942, 0xC94A, 0x0A4B, 0x6B53, 0x2A4B, 0x4B53, 
  0xEA4A, 0xEA52, 0xC942, 0x8B53, 0x2A4B, 0xA842, 0x0A53, 0xC94A, 0x094B, 0x2A4B, 0x0A4B, 0x2B53, 0x273A, 0xEA52, 0xEA52, 0x4842, 
  0x273A, 0xA94A, 0xC942, 0x0C64, 0xCA4A, 0x4842, 0x494B, 0x108F, 0xEACF, 0xE1FF, 0xE0FF, 0xE0FF, 0xE0FF, 0xE0FF, 0xE0FF, 0xE0FF, 
  0xE0FF, 0xE0FF, 0xE0FF, 0xE0FF, 0xE0FF, 0xE0FF, 0xE0FF, 0xE0FF, 0xE0FF, 0xE0FF, 0xE0FF, 0xE0FF, 0xE0FF, 0xE0FF, 0xE0FF, 0xE0FF, 
  0xE0FF, 0xE0FF, 0xE0FF, 0xE0FF, 0xE0FF, 0xE0FF, 0xE0FF, 0xE0FF, 0xE0FF, 0xE0FF, 0xE0FF, 0xE0FF, 0xE0FF, 0xE0FF, 0xE0FF, 0xE0FF, 
  0xE0FF, 0xE0FF, 0xE0FF, 0xE0FF, 0xE0FF, 0xE0FF, 0xE0FF, 0xE0FF, 0xE0FF, 0xE0FF, 0xE0FF, 0xE0FF, 0xE0FF, 0xE0FF, 0xE0FF, 0xE0FF, 
  0xE0FF, 0xE0FF, 0xE0FF, 0xE0FF, 0xE0FF, 0xE0FF, 0xE0FF, 0xE0FF, 0xE0FF, 0xE0FF, 0xE0FF, 0xE0FF, 0xE0FF, 0xE0FF, 0xE0FF, 0xE0FF, 
  0xE0FF, 0xE0FF, 0xE0FF, 0xE0FF, 0xE0FF, 0xE0FF, 0xE0FF, 0xE0FF, 0xE0FF, 0xE0FF, 0xE0FF, 0xE0FF, 0xE0FF, 0xE0FF, 0xE0FF, 0xE0FF, 
  0xE0FF, 0xE0FF, 0xE0FF, 0xC0FF, 0xE2FF, 0x68BE, 0x6B5B, 0xC942, 0xAB53, 0xCB5B, 0x0843, 0x4B5C, 0xCF9F, 0xEF9F, 0xCE97, 0xD4C7, 
  0xFEFF, 0xD2C7, 0xEBA7, 0xEDA7, 0xEE9F, 0xEF9F, 0xF09F, 0xEF9F, 0xEE9F, 0xEF9F, 0xEF9F, 0xEF9F, 0xEF9F, 0xEF9F, 0xEF9F, 0xEE9F, 
  0xEF9F, 0xEE9F, 0xEE9F, 0xEE9F, 0xEE9F, 0xEE9F, 0xEF9F, 0xEF97, 0xEE97, 0xEE97, 0xEE97, 0xEE9F, 0xEE97, 0xEE97, 0xEE97, 0xEF9F, 
  0xEF9F, 0xEE9F, 0xEE97, 0xEF9F, 0xEF9F, 0xEF9F, 0xEF97, 0xEE97, 0xEF9F, 0xEE9F, 0xEE9F, 0xEE9F, 0xEF9F, 0xEE9F, 0xEE9F, 0xEE9F, 
  0xEE9F, 0xEE9F, 0xEE9F, 0xEE9F, 0xEF9F, 0xEE9F, 0xEE9F, 0xEF97, 0xEF97, 0xEE9F, 0xED9F, 0xED9F, 0xEF97, 0xEF97, 0xEE9F, 0xEE9F, 
  0xEE9F, 0xEF97, 0xEF9F, 0xAB64, 0x2C53, 0xE84A, 0x094B, 0xC94A, 0xEA4A, 0xCA42, 0xC942, 0xC942, 0xE952, 0xEA4A, 0x6A4A, 0xC842, 
  0x4F97, 0x4D86, 0xA84A, 0x4A53, 0xC942, 0x4B5B, 0xE94A, 0x8842, 0xC94A, 0xCA52, 0x2A53, 0x4B53, 0x8942, 0xCA4A, 0xEA4A, 0xA94A, 
  0xCA4A, 0x894A, 0xEA4A, 0xA953, 0x2A53, 0xA94A, 0xC942, 0xA942, 0xE94A, 0xA842, 0x2B53, 0x6B53, 0x6B53, 0x8B53, 0x8B53, 0xED63, 
  0xA842, 0x8842, 0xEA52, 0x8A4A, 0x894A, 0x8842, 0x0953, 0xA94A, 0xCA52, 0xCA4A, 0xCA4A, 0x4C5B, 0xA83A, 0xA842, 0x0843, 0x2A5C, 
  0xED74, 0x4953, 0x884A, 0xE94A, 0x8A5B, 0xA942, 0xCA42, 0x6B64, 0xA9C7, 0xE1FF, 0xE0FF, 0xE0FF, 0xE0FF, 0xE0FF, 0xE0FF, 0xE0FF, 
  0xE0FF, 0xE0FF, 0xE0FF, 0xE0FF, 0xE0FF, 0xE0FF, 0xE0FF, 0xE0FF, 0xE0FF, 0xE0FF, 0xE0FF, 0xE0FF, 0xE0FF, 0xE0FF, 0xE0FF, 0xE0FF, 
  0xE0FF, 0xE0FF, 0xE0FF, 0xE0FF, 0xE0FF, 0xE0FF, 0xE0FF, 0xE0FF, 0xE0FF, 0xE0FF, 0xE0FF, 0xE0FF, 0xE0FF, 0xE0FF, 0xE0FF, 0xE0FF, 
  0xE0FF, 0xE0FF, 0xE0FF, 0xE0FF, 0xE0FF, 0xE0FF, 0xE0FF, 0xE0FF, 0xE0FF, 0xE0FF, 0xE0FF, 0xE0FF, 0xE0FF, 0xE0FF, 0xE0FF, 0xE0FF, 
  0xE0FF, 0xE0FF, 0xE0FF, 0xE0FF, 0xE0FF, 0xE0FF, 0xE0FF, 0xE0FF, 0xE0FF, 0xE0FF, 0xE0FF, 0xE0FF, 0xE0FF, 0xE0FF, 0xE0FF, 0xE0FF, 
  0xE0FF, 0xE0FF, 0xE0FF, 0xE0FF, 0xE0FF, 0xE0FF, 0xE0FF, 0xE0FF, 0xE0FF, 0xE0FF, 0xE0FF, 0xE0FF, 0xE0FF, 0xE0FF, 0xE0FF, 0xE0FF, 
  0xE0FF, 0xE0FF, 0xE0FF, 0xE0FF, 0xC0FF, 0xE2FF, 0x679D, 0xE942, 0xCC5B, 0xCB5B, 0x2C64, 0xCE75, 0xEFA7, 0xEE97, 0xEE97, 0xCFA7, 
  0xFBEF, 0xFCEF, 0xCEA7, 0xECA7, 0xEDA7, 0xEF9F, 0xF09F, 0xEF9F, 0xEE9F, 0xEF9F, 0xEF9F, 0xEF9F, 0xEF9F, 0xEF9F, 0xEF9F, 0xEE9F, 
  0xEF9F, 0xEF9F, 0xEE9F, 0xEE9F, 0xEE9F, 0xEE9F, 0xEF9F, 0xEF9F, 0xEE9F, 0xEE9F, 0xEE9F, 0xEE9F, 0xEF9F, 0xEF9F, 0xEF9F, 0xEF9F, 
  0xEF97, 0xEF97, 0xEF9F, 0xEF9F, 0xEF9F, 0xEF9F, 0xEF9F, 0xEE9F, 0xEF9F, 0xEE9F, 0xEE9F, 0xEE9F, 0xEF9F, 0xEE9F, 0xEE9F, 0xEF9F, 
  0xEE9F, 0xEE9F, 0xEE9F, 0xEF9F, 0xEE9F, 0xEE9F, 0xEE9F, 0xEF97, 0xEF97, 0xEF97, 0xEE9F, 0xEE9F, 0xEF97, 0xEF97, 0xEE9F, 0xEE9F, 
  0xEF97, 0xCF9F, 0xEFA7, 0x2B65, 0xEB4A, 0x2A53, 0xA94A, 0x0A53, 0x4A4B, 0x4E6C, 0x6B53, 0x894A, 0x6942, 0x6942, 0xE942, 0x2D7E, 
  0xF1A7, 0x6A5C, 0x884A, 0x0A53, 0xC94A, 0x2B53, 0x4B53, 0x2A53, 0xEA4A, 0x2A53, 0x6A53, 0x294B, 0x883A, 0xC94A, 0xE94A, 0xC84A, 
  0xCA4A, 0x8842, 0xCA4A, 0x2A4B, 0x884A, 0x894A, 0xA942, 0xE94A, 0xE94A, 0xEA52, 0xE94A, 0xE94A, 0x2A53, 0x4B53, 0x6B53, 0x4B53, 
  0x0A53, 0xA842, 0x2A53, 0x884A, 0x894A, 0x6942, 0x6942, 0x2842, 0x073A, 0x473A, 0x484B, 0x695C, 0xCD7D, 0xEF96, 0x7097, 0xEF8E, 
  0x4B64, 0xA842, 0xA942, 0x284B, 0xB096, 0x894B, 0x0A53, 0x473A, 0xC5AD, 0xE1FF, 0xC0FF, 0xE0FF, 0xE0FF, 0xE0FF, 0xE0FF, 0xE0FF, 
  0xE0FF, 0xE0FF, 0xE0FF, 0xE0FF, 0xE0FF, 0xE0FF, 0xE0FF, 0xE0FF, 0xE0FF, 0xE0FF, 0xE0FF, 0xE0FF, 0xE0FF, 0xE0FF, 0xE0FF, 0xE0FF, 
  0xE0FF, 0xE0FF, 0xE0FF, 0xE0FF, 0xE0FF, 0xE0FF, 0xE0FF, 0xE0FF, 0xE0FF, 0xE0FF, 0xE0FF, 0xE0FF, 0xE0FF, 0xE0FF, 0xE0FF, 0xE0FF, 
  0xE0FF, 0xE0FF, 0xE0FF, 0xE0FF, 0xE0FF, 0xE0FF, 0xE0FF, 0xE0FF, 0xE0FF, 0xE0FF, 0xE0FF, 0xE0FF, 0xE0FF, 0xE0FF, 0xE0FF, 0xE0FF, 
  0xE0FF, 0xE0FF, 0xE0FF, 0xE0FF, 0xE0FF, 0xE0FF, 0xE0FF, 0xE0FF, 0xE0FF, 0xE0FF, 0xE0FF, 0xE0FF, 0xE0FF, 0xE0FF, 0xE0FF, 0xE0FF, 
  0xE0FF, 0xE0FF, 0xE0FF, 0xE0FF, 0xE0FF, 0xE0FF, 0xE0FF, 0xE0FF, 0xE0FF, 0xE0FF, 0xE0FF, 0xE0FF, 0xE0FF, 0xE0FF, 0xE0FF, 0xE0FF, 
  0xE0FF, 0xE0FF, 0xC0FF, 0xE0FF, 0xE0FF, 0xC0FF, 0xC4F7, 0x6974, 0xAC53, 0xAB5B, 0x4943, 0xCF86, 0xEF9F, 0xEF97, 0xEF97, 0xCE9F, 
  0xD1B7, 0xFDF7, 0xFAE7, 0xADA7, 0xEDA7, 0xEEA7, 0xEE9F, 0xEF9F, 0xEF9F, 0xEF9F, 0xEF9F, 0xEF9F, 0xEF9F, 0xEF9F, 0xEF9F, 0xEE9F, 
  0xEF9F, 0xEF9F, 0xEE9F, 0xEE9F, 0xEE9F, 0xEE9F, 0xEE9F, 0xEE9F, 0xEE9F, 0xEF9F, 0xEF9F, 0xEF9F, 0xEF9F, 0xEF9F, 0xEE9F, 0xEE9F, 
  0xEE97, 0xEE97, 0xEE9F, 0xEE9F, 0xEF9F, 0xEF9F, 0xEF97, 0xEF97, 0xEF97, 0xEE9F, 0xEE9F, 0xEF9F, 0xEF9F, 0xEE9F, 0xEE9F, 0xEF9F, 
  0xEE9F, 0xEE9F, 0xEE9F, 0xEE9F, 0xEE9F, 0xEE9F, 0xEE9F, 0xEF9F, 0xEF9F, 0xEF97, 0xEF9F, 0xEE9F, 0xEF97, 0xEF9F, 0xEF9F, 0xEF9F, 
  0xEF97, 0xEF9F, 0xEF9F, 0xEF8E, 0x2843, 0x2B53, 0xAC5B, 0x8A53, 0x2A4B, 0x4B53, 0xE942, 0xE842, 0xAA53, 0x2B75, 0x6F97, 0xF1A7, 
  0x2B75, 0x683A, 0xAB4A, 0x0A53, 0x4A4B, 0x694B, 0x8A53, 0x6B53, 0x2B53, 0x2A4B, 0x494B, 0x4A4B, 0x6B5B, 0x2A53, 0x0A53, 0x0953, 
  0x6B53, 0xE94A, 0xA942, 0x8C5B, 0xC952, 0xCA4A, 0x4B5B, 0x0A4B, 0xEA4A, 0xEA4A, 0xC94A, 0x0A53, 0xA94A, 0xCA4A, 0xC94A, 0xE94A, 
  0xC94A, 0x6942, 0x073A, 0x6842, 0x6842, 0xC842, 0x694B, 0x2A5C, 0x6C6D, 0xCE8E, 0x909F, 0xB1A7, 0x8E96, 0xAA6C, 0x684B, 0xA942, 
  0xE942, 0x6B5C, 0x8C75, 0x4F97, 0x708F, 0x684B, 0x8B5B, 0x294B, 0xC6C6, 0xE0FF, 0xC0FF, 0xE0FF, 0xE0FF, 0xE0FF, 0xE0FF, 0xE0FF, 
  0xE0FF, 0xE0FF, 0xE0FF, 0xE0FF, 0xE0FF, 0xE0FF, 0xE0FF, 0xE0FF, 0xE0FF, 0xE0FF, 0xE0FF, 0xE0FF, 0xE0FF, 0xE0FF, 0xE0FF, 0xE0FF, 
  0xE0FF, 0xE0FF, 0xE0FF, 0xE0FF, 0xE0FF, 0xE0FF, 0xE0FF, 0xE0FF, 0xE0FF, 0xE0FF, 0xE0FF, 0xE0FF, 0xE0FF, 0xE0FF, 0xE0FF, 0xE0FF, 
  0xE0FF, 0xE0FF, 0xE0FF, 0xE0FF, 0xE0FF, 0xE0FF, 0xE0FF, 0xE0FF, 0xE0FF, 0xE0FF, 0xE0FF, 0xE0FF, 0xE0FF, 0xE0FF, 0xE0FF, 0xE0FF, 
  0xE0FF, 0xE0FF, 0xE0FF, 0xE0FF, 0xE0FF, 0xE0FF, 0xE0FF, 0xE0FF, 0xE0FF, 0xE0FF, 0xE0FF, 0xE0FF, 0xE0FF, 0xE0FF, 0xE0FF, 0xE0FF, 
  0xE0FF, 0xE0FF, 0xE0FF, 0xE0FF, 0xE0FF, 0xE0FF, 0xE0FF, 0xE0FF, 0xE0FF, 0xE0FF, 0xE0FF, 0xE0FF, 0xE0FF, 0xE0FF, 0xE0FF, 0xE0FF, 
  0xE0FF, 0xE0FF, 0xE0FF, 0xE0FF, 0xC1FF, 0xC1FF, 0xE0FF, 0xC7CE, 0x8953, 0x4B53, 0xA94B, 0x8F97, 0xEF9F, 0xEF97, 0xEF97, 0xEE9F, 
  0xED97, 0xB2B7, 0xFDF7, 0xF9E7, 0xAEAF, 0xECA7, 0xED9F, 0xEF9F, 0xF09F, 0xEF9F, 0xEF9F, 0xEF9F, 0xEF9F, 0xEF9F, 0xEF9F, 0xEF9F, 
  0xEF9F, 0xEF9F, 0xEF9F, 0xEE9F, 0xEE9F, 0xEE9F, 0xEE9F, 0xEF9F, 0xEE9F, 0xEF9F, 0xEE9F, 0xEE97, 0xEFA7, 0xEFA7, 0xEF9F, 0xEE9F, 
  0xEE9F, 0xEE9F, 0xEF9F, 0xEF9F, 0xEF9F, 0xEE9F, 0xEE9F, 0xEE9F, 0xEE9F, 0xEE9F, 0xEE9F, 0xEF9F, 0xEF9F, 0xEF9F, 0xEE9F, 0xEF9F, 
  0xEE9F, 0xEE9F, 0xEE9F, 0xEE9F, 0xEF9F, 0xEF9F, 0xEF9F, 0xEE9F, 0xEE9F, 0xEF9F, 0xEF9F, 0xEF9F, 0xEE9F, 0xEE9F, 0xEF9F, 0xEF9F, 
  0xEF97, 0xEE97, 0xEF97, 0xF0A7, 0xAA64, 0xA842, 0xAC5B, 0x8B5B, 0x2A4B, 0x8A4B, 0xEC6C, 0x0E7E, 0x309F, 0x309F, 0x0D7E, 0x2A54, 
  0x283A, 0xCA4A, 0x6A53, 0x673A, 0x884B, 0x3096, 0xCB64, 0x094B, 0xC94A, 0x0A53, 0x0C64, 0x4D64, 0xCC5B, 0xA842, 0xCA4A, 0x6C5B, 
  0x8B53, 0xAB5B, 0xEA52, 0x2A4B, 0xA94A, 0xCA4A, 0x6B5B, 0x2A53, 0x6842, 0xC94A, 0xA942, 0x8942, 0x6942, 0x4842, 0x6842, 0x683A, 
  0x673A, 0x084B, 0x8953, 0xCB64, 0xED7D, 0x0E8F, 0xCF9F, 0xD09F, 0x5097, 0x0D86, 0xCC6C, 0xE842, 0xA942, 0xE842, 0xEA5B, 0x6C75, 
  0xEE8E, 0xCF9F, 0xEF9F, 0xEFA7, 0xAD75, 0x884A, 0xC942, 0x696C, 0xE4F7, 0xE0FF, 0xE0FF, 0xE0FF, 0xE0FF, 0xE0FF, 0xE0FF, 0xE0FF, 
  0xE0FF, 0xE0FF, 0xE0FF, 0xE0FF, 0xE0FF, 0xE0FF, 0xE0FF, 0xE0FF, 0xE0FF, 0xE0FF, 0xE0FF, 0xE0FF, 0xE0FF, 0xE0FF, 0xE0FF, 0xE0FF, 
  0xE0FF, 0xE0FF, 0xE0FF, 0xE0FF, 0xE0FF, 0xE0FF, 0xE0FF, 0xE0FF, 0xE0FF, 0xE0FF, 0xE0FF, 0xE0FF, 0xE0FF, 0xE0FF, 0xE0FF, 0xE0FF, 
  0xE0FF, 0xE0FF, 0xE0FF, 0xE0FF, 0xE0FF, 0xE0FF, 0xE0FF, 0xE0FF, 0xE0FF, 0xE0FF, 0xE0FF, 0xE0FF, 0xE0FF, 0xE0FF, 0xE0FF, 0xE0FF, 
  0xE0FF, 0xE0FF, 0xE0FF, 0xE0FF, 0xE0FF, 0xE0FF, 0xE0FF, 0xE0FF, 0xE0FF, 0xE0FF, 0xE0FF, 0xE0FF, 0xE0FF, 0xE0FF, 0xE0FF, 0xE0FF, 
  0xE0FF, 0xE0FF, 0xE0FF, 0xE0FF, 0xE0FF, 0xE0FF, 0xE0FF, 0xE0FF, 0xE0FF, 0xE0FF, 0xE0FF, 0xE0FF, 0xE0FF, 0xE0FF, 0xE0FF, 0xE0FF, 
  0xE0FF, 0xE0FF, 0xE0FF, 0xC0FF, 0xC0FF, 0xC0FF, 0xC0FF, 0xE3FF, 0xA97C, 0x483A, 0x2B64, 0xF0A7, 0xEE97, 0xEF9F, 0xEF9F, 0xEE97, 
  0xEE9F, 0xCF97, 0xB1AF, 0xFCF7, 0xF8E7, 0xCDAF, 0xEBA7, 0xEDA7, 0xF09F, 0xEF97, 0xEF9F, 0xEF9F, 0xEF9F, 0xEF9F, 0xEF9F, 0xEE9F, 
  0xEE9F, 0xEF9F, 0xEE9F, 0xEE9F, 0xEE9F, 0xEE9F, 0xEF9F, 0xEF9F, 0xEF9F, 0xEE9F, 0xEE9F, 0xEE97, 0xEE9F, 0xEF9F, 0xEF97, 0xEF9F, 
  0xEF9F, 0xEF9F, 0xEF9F, 0xEE9F, 0xEE9F, 0xEE9F, 0xEE9F, 0xEE9F, 0xEE9F, 0xEE9F, 0xEE9F, 0xEF9F, 0xEF9F, 0xEF9F, 0xEE9F, 0xEF9F, 
  0xEF9F, 0xEF9F, 0xEE9F, 0xEF97, 0xEF9F, 0xEF9F, 0xEE9F, 0xEE9F, 0xEE97, 0xEF9F, 0xEF9F, 0xEF9F, 0xEE97, 0xEE97, 0xEF9F, 0xEF97, 
  0xEF97, 0xEE97, 0xEF97, 0xEE9F, 0xAE96, 0x6A53, 0x4B53, 0x6B53, 0xE84A, 0x8B5B, 0x8D6C, 0x8B5C, 0xC94B, 0xE842, 0x483A, 0xE83A, 
  0x8B64, 0x8E85, 0x6843, 0x0A5C, 0xD096, 0xA964, 0x2A6D, 0x0D75, 0x6942, 0x8942, 0x673A, 0xC842, 0xE942, 0x8C5B, 0xA942, 0xA94A, 
  0x6A53, 0xA842, 0x6842, 0x473A, 0x4842, 0x283A, 0x8942, 0x2A4B, 0x2A4B, 0x294B, 0x2843, 0xEA53, 0x6B5C, 0xCA64, 0x6C75, 0x0D86, 
  0x1097, 0xD09F, 0xF0A7, 0xB09F, 0xF096, 0x0F86, 0xEC64, 0x894B, 0x873A, 0x6842, 0xE84A, 0xE94B, 0xAC75, 0x3097, 0xF09F, 0xEF9F, 
  0xEF9F, 0xEF9F, 0xF0A7, 0x0F97, 0x0943, 0x093A, 0x096C, 0x28D7, 0xE1FF, 0xC0FF, 0xE0FF, 0xE0FF, 0xE0FF, 0xE0FF, 0xE0FF, 0xE0FF, 
  0xE0FF, 0xE0FF, 0xE0FF, 0xE0FF, 0xE0FF, 0xE0FF, 0xE0FF, 0xE0FF, 0xE0FF, 0xE0FF, 0xE0FF, 0xE0FF, 0xE0FF, 0xE0FF, 0xE0FF, 0xE0FF, 
  0xE0FF, 0xE0FF, 0xE0FF, 0xE0FF, 0xE0FF, 0xE0FF, 0xE0FF, 0xE0FF, 0xE0FF, 0xE0FF, 0xE0FF, 0xE0FF, 0xE0FF, 0xE0FF, 0xE0FF, 0xE0FF, 
  0xE0FF, 0xE0FF, 0xE0FF, 0xE0FF, 0xE0FF, 0xE0FF, 0xE0FF, 0xE0FF, 0xE0FF, 0xE0FF, 0xE0FF, 0xE0FF, 0xE0FF, 0xE0FF, 0xE0FF, 0xE0FF, 
  0xE0FF, 0xE0FF, 0xE0FF, 0xE0FF, 0xE0FF, 0xE0FF, 0xE0FF, 0xE0FF, 0xE0FF, 0xE0FF, 0xE0FF, 0xE0FF, 0xE0FF, 0xE0FF, 0xE0FF, 0xE0FF, 
  0xE0FF, 0xE0FF, 0xE0FF, 0xE0FF, 0xE0FF, 0xE0FF, 0xE0FF, 0xE0FF, 0xE0FF, 0xC0FF, 0xC0FF, 0xE0FF, 0xE0FF, 0xE0FF, 0xE0FF, 0xE0FF, 
  0xE0FF, 0xE1FF, 0xE2FF, 0xE2FF, 0xE2FF, 0xE1FF, 0xE0FF, 0xE0FF, 0xE7C6, 0x294B, 0xE73A, 0x4E8E, 0xB09F, 0xED8E, 0x2F97, 0xF097, 
  0xEE97, 0xEF9F, 0xCD97, 0xAFAF, 0xFAEF, 0xDAEF, 0xADB7, 0xEBA7, 0xEDA7, 0xEDA7, 0xEE9F, 0xEE9F, 0xEE97, 0xEE97, 0xEF97, 0xEF97, 
  0xEF9F, 0xEF9F, 0xEF9F, 0xEE9F, 0xEE9F, 0xEF9F, 0xEF9F, 0xEF9F, 0xEF9F, 0xEF9F, 0xEF9F, 0xEE9F, 0xEE9F, 0xEE9F, 0xEE9F, 0xEE9F, 
  0xEE9F, 0xEE9F, 0xEE9F, 0xEE9F, 0xEE9F, 0xEE9F, 0xEE9F, 0xEE9F, 0xEE9F, 0xEE9F, 0xEE9F, 0xEE9F, 0xEF9F, 0xEE9F, 0xEF9F, 0xEF9F, 
  0xEE97, 0xEF9F, 0xEF9F, 0xEE9F, 0xEE9F, 0xEF97, 0xEE97, 0xEE9F, 0xEE97, 0xEE97, 0xEF9F, 0xEF9F, 0xEF97, 0xEE97, 0xEE9F, 0xEF9F, 
  0xEE9F, 0xEF9F, 0xF09F, 0xEF9F, 0x4F97, 0xEA53, 0x6B53, 0x4B53, 0x4B53, 0xAA42, 0x083A, 0xC94A, 0x094B, 0x6A53, 0xEC6C, 0x2E86, 
  0x6D7D, 0x4A5C, 0xAC75, 0x0F97, 0xC95C, 0x0D7E, 0x719F, 0xEA53, 0x894A, 0xEA52, 0xEA4A, 0x094B, 0xAB5B, 0x0D6C, 0xC942, 0x0A53, 
  0xAA53, 0xAC6C, 0xEC6C, 0x2B6D, 0xCD7D, 0x0D86, 0x6D86, 0xCE86, 0x2F97, 0x709F, 0xB1A7, 0xB0A7, 0xD0A7, 0xAF9F, 0x4F9F, 0xAE8E, 
  0xCD7D, 0xEC6C, 0xEA53, 0xC742, 0x0632, 0x4632, 0x484B, 0x4B5C, 0x2C6D, 0x6D86, 0x6E97, 0xEEA7, 0xEDA7, 0xEE9F, 0xEE9F, 0xCE9F, 
  0xF09F, 0xB09F, 0xCB6D, 0x884B, 0x496C, 0xA5A5, 0x84E7, 0xE1FF, 0xC0FF, 0xE0FF, 0xE0FF, 0xE0FF, 0xE0FF, 0xE0FF, 0xE0FF, 0xE0FF, 
  0xE0FF, 0xE0FF, 0xE0FF, 0xE0FF, 0xE0FF, 0xE0FF, 0xE0FF, 0xE0FF, 0xE0FF, 0xE0FF, 0xE0FF, 0xE0FF, 0xE0FF, 0xE0FF, 0xE0FF, 0xE0FF, 
  0xE0FF, 0xE0FF, 0xE0FF, 0xE0FF, 0xE0FF, 0xE0FF, 0xE0FF, 0xE0FF, 0xE0FF, 0xE0FF, 0xE0FF, 0xE0FF, 0xE0FF, 0xE0FF, 0xE0FF, 0xE0FF, 
  0xE0FF, 0xE0FF, 0xE0FF, 0xE0FF, 0xE0FF, 0xE0FF, 0xE0FF, 0xE0FF, 0xE0FF, 0xE0FF, 0xE0FF, 0xE0FF, 0xE0FF, 0xE0FF, 0xE0FF, 0xE0FF, 
  0xE0FF, 0xE0FF, 0xE0FF, 0xE0FF, 0xE0FF, 0xE0FF, 0xE0FF, 0xE0FF, 0xE0FF, 0xE0FF, 0xE0FF, 0xE0FF, 0xE0FF, 0xE0FF, 0xE0FF, 0xE0FF, 
  0xE0FF, 0xE0FF, 0xE0FF, 0xE0FF, 0xE0FF, 0xE0FF, 0xE0FF, 0xE0FF, 0xE0FF, 0xE0FF, 0xE3F7, 0xE5E7, 0xE5E7, 0xE5E7, 0xE7DF, 0xE7D7, 
  0xE9CF, 0xCAC7, 0xE9B6, 0x69B6, 0xEAC6, 0x4AC7, 0x07CF, 0x65EF, 0x88E7, 0x4C6C, 0xE942, 0xC84A, 0x8A53, 0x2A4B, 0xCA4B, 0x8D7D, 
  0x4A54, 0x0E97, 0xF0A7, 0xCE97, 0xB0AF, 0xFBEF, 0xFAEF, 0xCEB7, 0xCAAF, 0xCBAF, 0xECA7, 0xECA7, 0xECA7, 0xEDA7, 0xEE9F, 0xEF9F, 
  0xEF97, 0xEF97, 0xEF97, 0xEF9F, 0xEF9F, 0xEE9F, 0xEF9F, 0xEF9F, 0xEF9F, 0xEF9F, 0xEF9F, 0xEE9F, 0xEE9F, 0xEE9F, 0xEE9F, 0xEE9F, 
  0xEE9F, 0xEE9F, 0xEE9F, 0xEE9F, 0xEE9F, 0xEE9F, 0xEE9F, 0xEE9F, 0xEE9F, 0xEE9F, 0xEF9F, 0xEF97, 0xEF97, 0xEF97, 0xEF9F, 0xEF9F, 
  0xEF97, 0xEF97, 0xEF9F, 0xEF9F, 0xEF9F, 0xEF97, 0xEF97, 0xEF9F, 0xEF97, 0xEE97, 0xEF97, 0xEF97, 0xEF9F, 0xEF9F, 0xEF9F, 0xEF9F, 
  0xEF9F, 0xEF9F, 0xEE97, 0xF0A7, 0x8E86, 0x4A5C, 0x8E7C, 0xE94A, 0xCB53, 0x4B5C, 0x6A64, 0x6D7D, 0x8F8E, 0x4F86, 0xAD75, 0x8A5C, 
  0x2B6D, 0x1097, 0x6C86, 0xA96D, 0x6F8F, 0xB19F, 0xEA5B, 0x0B4B, 0x6B53, 0xEA4A, 0x4B53, 0x6B5B, 0x2A53, 0x883A, 0xCA4A, 0xC942, 
  0x494B, 0xED6C, 0xAD7D, 0x6E8E, 0x4D7E, 0x4E86, 0x2D86, 0x0D86, 0x8C75, 0xCB64, 0x4A5C, 0x2A64, 0x894B, 0xE942, 0x8942, 0xC629, 
  0x0632, 0x673A, 0x294B, 0xE953, 0x4C6D, 0x6D86, 0x4E97, 0xCFA7, 0xEFAF, 0xEDAF, 0xEDA7, 0xEDA7, 0xCDA7, 0xEE97, 0xCF97, 0xEF97, 
  0xEC8E, 0xA885, 0xC795, 0x08C7, 0xE4F7, 0xE1FF, 0xE0FF, 0xE0FF, 0xE0FF, 0xE0FF, 0xE0FF, 0xE0FF, 0xE0FF, 0xE0FF, 0xE0FF, 0xE0FF, 
  0xE0FF, 0xE0FF, 0xE0FF, 0xE0FF, 0xE0FF, 0xE0FF, 0xE0FF, 0xE0FF, 0xE0FF, 0xE0FF, 0xE0FF, 0xE0FF, 0xE0FF, 0xE0FF, 0xE0FF, 0xE0FF, 
  0xE0FF, 0xE0FF, 0xE0FF, 0xE0FF, 0xE0FF, 0xE0FF, 0xE0FF, 0xE0FF, 0xE0FF, 0xE0FF, 0xE0FF, 0xE0FF, 0xE0FF, 0xE0FF, 0xE0FF, 0xE0FF, 
  0xE0FF, 0xE0FF, 0xE0FF, 0xE0FF, 0xE0FF, 0xE0FF, 0xE0FF, 0xE0FF, 0xE0FF, 0xE0FF, 0xE0FF, 0xE0FF, 0xE0FF, 0xE0FF, 0xE0FF, 0xE0FF, 
  0xE0FF, 0xE0FF, 0xE0FF, 0xE0FF, 0xE0FF, 0xE0FF, 0xE0FF, 0xE0FF, 0xE0FF, 0xE0FF, 0xE0FF, 0xE0FF, 0xE0FF, 0xE0FF, 0xE0FF, 0xE0FF, 
  0xE0FF, 0xE0FF, 0xE0FF, 0xE0FF, 0xE0FF, 0xC0FF, 0xC0FF, 0xC2FF, 0xE5EF, 0xE8D7, 0xEBBF, 0xAEB7, 0xAFB7, 0xD0B7, 0xCFAF, 0xEDA7, 
  0xEDA7, 0xCD9F, 0xAD86, 0xEC64, 0xEA4B, 0x6A4B, 0x4A4B, 0xC95B, 0xA863, 0xAC53, 0x8B53, 0x0953, 0x4B5B, 0xE94A, 0x084B, 0x2953, 
  0xA842, 0x694B, 0x4E86, 0xEF9F, 0xEC97, 0xB0AF, 0xFCF7, 0xFCF7, 0xD2C7, 0xCCAF, 0xCBAF, 0xCBAF, 0xEBAF, 0xEBA7, 0xECA7, 0xEE9F, 
  0xEF9F, 0xEF9F, 0xEF97, 0xEF97, 0xEF9F, 0xEE9F, 0xEE9F, 0xEF9F, 0xEF9F, 0xEF9F, 0xEF9F, 0xEF9F, 0xEF9F, 0xEF9F, 0xEF9F, 0xEF9F, 
  0xEF9F, 0xEF9F, 0xEE9F, 0xEE9F, 0xEE9F, 0xEE9F, 0xEE9F, 0xEE9F, 0xEE9F, 0xEE9F, 0xEF97, 0xEF97, 0xEF97, 0xEF97, 0xEE9F, 0xEE9F, 
  0xEE9F, 0xEE9F, 0xED9F, 0xEC9F, 0xEC9F, 0xEC9F, 0xECA7, 0xEEA7, 0xEF9F, 0xEF9F, 0xEE97, 0xEE97, 0xEE9F, 0xEF9F, 0xEF97, 0xEF97, 
  0xEE97, 0xEE8F, 0xEE9F, 0xF0A7, 0x0C65, 0xEB53, 0x6A53, 0xE94A, 0x4B64, 0xAE86, 0x6D86, 0x8C75, 0x6C65, 0x2A65, 0x8B75, 0xAE8E, 
  0x6D76, 0xEB6D, 0xAC8E, 0xF0AF, 0x6F97, 0x0A54, 0xC94A, 0x094B, 0xC942, 0xC942, 0x2A53, 0x8842, 0xC94A, 0xA942, 0x0B53, 0xA94A, 
  0xA84A, 0x6842, 0x073A, 0x6842, 0x8842, 0x883A, 0x283A, 0x283A, 0x283A, 0xE731, 0xA942, 0xA83A, 0xE842, 0xC953, 0x495C, 0xCB64, 
  0xCD7D, 0xEE8E, 0x6E9F, 0xEFA7, 0xF0A7, 0xF09F, 0xEF97, 0xEF9F, 0xEE9F, 0xCD9F, 0xCE9F, 0xEF97, 0xCE97, 0xCDAF, 0xCBB7, 0xC9CF, 
  0x85DF, 0xC3F7, 0xE3FF, 0xE0FF, 0xC0FF, 0xC0FF, 0xC0FF, 0xC0FF, 0xE0FF, 0xE0FF, 0xE0FF, 0xE0FF, 0xE0FF, 0xE0FF, 0xE0FF, 0xE0FF, 
  0xE0FF, 0xE0FF, 0xE0FF, 0xE0FF, 0xE0FF, 0xE0FF, 0xE0FF, 0xE0FF, 0xE0FF, 0xE0FF, 0xE0FF, 0xE0FF, 0xE0FF, 0xE0FF, 0xE0FF, 0xE0FF, 
  0xE0FF, 0xE0FF, 0xE0FF, 0xE0FF, 0xE0FF, 0xE0FF, 0xE0FF, 0xE0FF, 0xE0FF, 0xE0FF, 0xE0FF, 0xE0FF, 0xE0FF, 0xE0FF, 0xE0FF, 0xE0FF, 
  0xE0FF, 0xE0FF, 0xE0FF, 0xE0FF, 0xE0FF, 0xE0FF, 0xE0FF, 0xE0FF, 0xE0FF, 0xE0FF, 0xE0FF, 0xE0FF, 0xE0FF, 0xE0FF, 0xE0FF, 0xE0FF, 
  0xE0FF, 0xE0FF, 0xE0FF, 0xE0FF, 0xE0FF, 0xE0FF, 0xE0FF, 0xE0FF, 0xE0FF, 0xE0FF, 0xE0FF, 0xE0FF, 0xE0FF, 0xE0FF, 0xE0FF, 0xE0FF, 
  0xE0FF, 0xC0FF, 0xC0FF, 0xE0FF, 0xE2F7, 0xE4E7, 0xC8D7, 0xCAC7, 0xCDB7, 0xCFB7, 0xCFBF, 0xCFBF, 0xEEB7, 0xEEB7, 0xEEB7, 0xEDAF, 
  0xECAF, 0xECAF, 0xEDA7, 0xEFA7, 0xEE8E, 0xCB64, 0x294B, 0xE94A, 0xC942, 0xA94A, 0xEB4A, 0x6B53, 0x2A53, 0xC942, 0xCA4A, 0x6942, 
  0xAA42, 0xCA4A, 0xE842, 0xED7D, 0xF0A7, 0xCE97, 0xAFB7, 0xFBF7, 0xFFFF, 0xFBEF, 0xD6DF, 0xD3CF, 0xAEB7, 0xEBAF, 0xEBA7, 0xEC9F, 
  0xED9F, 0xEE9F, 0xEE97, 0xEF97, 0xEF9F, 0xEE9F, 0xEE9F, 0xEF9F, 0xEF9F, 0xEF9F, 0xEF9F, 0xEF9F, 0xEF9F, 0xEF9F, 0xEF9F, 0xEF9F, 
  0xEF9F, 0xEF9F, 0xEE9F, 0xEE9F, 0xEE9F, 0xEE9F, 0xEE9F, 0xEE9F, 0xEE9F, 0xEF9F, 0xEF97, 0xEF97, 0xEF97, 0xEE9F, 0xEE97, 0xED9F, 
  0xCCAF, 0xD0BF, 0xD4C7, 0xD5D7, 0xD6D7, 0xD3CF, 0xCCB7, 0xEAAF, 0xECA7, 0xEDA7, 0xEF9F, 0xEF9F, 0xEF9F, 0xEE97, 0xEE97, 0xEF9F, 
  0xEF9F, 0xF19F, 0xB09F, 0xCD7D, 0x6A4B, 0x4B53, 0xE94A, 0x8B64, 0x2F97, 0x4C7E, 0x0C7E, 0x8B6D, 0x8C6D, 0x2D7E, 0x4B7E, 0x2D86, 
  0xAD96, 0xADAF, 0xEEAF, 0x8D8E, 0x484B, 0xC94A, 0xEA4A, 0xE94A, 0x0A4B, 0x8B5B, 0xA842, 0x0A4B, 0x4B5B, 0x0A53, 0xEA52, 0x894A, 
  0xA94A, 0xEA52, 0xCA4A, 0xA842, 0xEB5B, 0xAB64, 0xEC6C, 0xCB64, 0x2B6D, 0x0C7E, 0xAD8E, 0x0F8F, 0x909F, 0xF0A7, 0xF0AF, 0xF0A7, 
  0xF0A7, 0xF0A7, 0xF09F, 0xEF97, 0xCF97, 0xCF97, 0xEF97, 0xEE9F, 0xED9F, 0xECAF, 0xCBBF, 0xE8D7, 0xE6E7, 0xE3EF, 0xE2FF, 0xE0FF, 
  0xE0FF, 0xE0FF, 0xC0FF, 0xC0FF, 0xE0FF, 0xE0FF, 0xE0FF, 0xE0FF, 0xE0FF, 0xE0FF, 0xE0FF, 0xE0FF, 0xE0FF, 0xE0FF, 0xE0FF, 0xE0FF, 
  0xE0FF, 0xE0FF, 0xE0FF, 0xE0FF, 0xE0FF, 0xE0FF, 0xE0FF, 0xE0FF, 0xE0FF, 0xE0FF, 0xE0FF, 0xE0FF, 0xE0FF, 0xE0FF, 0xE0FF, 0xE0FF, 
  0xE0FF, 0xE0FF, 0xE0FF, 0xE0FF, 0xE0FF, 0xE0FF, 0xE0FF, 0xE0FF, 0xE0FF, 0xE0FF, 0xE0FF, 0xE0FF, 0xE0FF, 0xE0FF, 0xE0FF, 0xE0FF, 
  0xE0FF, 0xE0FF, 0xE0FF, 0xE0FF, 0xE0FF, 0xE0FF, 0xE0FF, 0xE0FF, 0xE0FF, 0xE0FF, 0xE0FF, 0xE0FF, 0xE0FF, 0xE0FF, 0xE0FF, 0xE0FF, 
  0xE0FF, 0xE0FF, 0xE0FF, 0xE0FF, 0xE0FF, 0xE0FF, 0xE0FF, 0xE0FF, 0xE0FF, 0xE0FF, 0xE0FF, 0xE0FF, 0xE0FF, 0xE0FF, 0xE0FF, 0xE0FF, 
  0xE2FF, 0xE4F7, 0xE6E7, 0xE8CF, 0xEABF, 0xECAF, 0xCDAF, 0xCFAF, 0xCEAF, 0xEDA7, 0xEE9F, 0xCF9F, 0xED9F, 0xEE9F, 0xEE9F, 0xEE9F, 
  0xEE9F, 0xEE9F, 0xECA7, 0xEBA7, 0xEEA7, 0xF09F, 0x6D86, 0x4A5C, 0xE842, 0xA942, 0x884A, 0xA94A, 0x0B4B, 0xE94A, 0x694B, 0xCA53, 
  0x8C6C, 0xCB53, 0xCB4A, 0xE94A, 0x0C6D, 0xD0A7, 0xED9F, 0xAFAF, 0xD8E7, 0xFEFF, 0xFFFF, 0xFFFF, 0xF8E7, 0xAEB7, 0xEAAF, 0xEBAF, 
  0xEDA7, 0xED9F, 0xEE9F, 0xEE9F, 0xEE9F, 0xEE9F, 0xEF9F, 0xEF9F, 0xEF9F, 0xEF9F, 0xEF9F, 0xEF9F, 0xEF9F, 0xEF9F, 0xEF9F, 0xEF9F, 
  0xEF9F, 0xEF9F, 0xEE9F, 0xEE9F, 0xEE9F, 0xEE9F, 0xEE9F, 0xEE9F, 0xEE9F, 0xEF9F, 0xEF97, 0xEF97, 0xEE9F, 0xED9F, 0xECA7, 0xD0B7, 
  0xF9E7, 0xFDFF, 0xFEFF, 0xFFFF, 0xFFFF, 0xFFFF, 0xF8E7, 0xCDAF, 0xEAAF, 0xECA7, 0xEF9F, 0xEF9F, 0xEE97, 0xEF9F, 0xF0A7, 0x2F97, 
  0x2D8E, 0xAC64, 0x4B5C, 0x294B, 0xEA4A, 0x4B53, 0x4A4B, 0x8E8E, 0xED9F, 0x0F97, 0x0A65, 0x6B6D, 0x6E8E, 0x32AF, 0x95C7, 0xF5D7, 
  0xF1BF, 0xEEA7, 0x2E97, 0x294B, 0x894A, 0x2A53, 0xCA4A, 0x894A, 0x6B5B, 0xEC63, 0x4A53, 0x2A53, 0x0A53, 0xE94A, 0xC94A, 0x6842, 
  0xEA4A, 0xC94A, 0x2A4B, 0x484B, 0xCF85, 0x509F, 0xD1AF, 0xF1AF, 0xF0AF, 0xF0A7, 0xF0A7, 0x7097, 0xEE8E, 0x8E86, 0x4D7E, 0x0D76, 
  0xCB6D, 0xEC75, 0xEA75, 0xEB96, 0x2AA7, 0xAABF, 0xE9CF, 0xE5E7, 0xE4EF, 0xE3F7, 0xE2FF, 0xE0FF, 0xE0FF, 0xE0FF, 0xE0FF, 0xE0FF, 
  0xE0FF, 0xE0FF, 0xC0FF, 0xE0FF, 0xE0FF, 0xE0FF, 0xE0FF, 0xE0FF, 0xE0FF, 0xE0FF, 0xE0FF, 0xE0FF, 0xE0FF, 0xE0FF, 0xE0FF, 0xE0FF, 
  0xE0FF, 0xE0FF, 0xE0FF, 0xE0FF, 0xE0FF, 0xE0FF, 0xE0FF, 0xE0FF, 0xE0FF, 0xE0FF, 0xE0FF, 0xE0FF, 0xE0FF, 0xE0FF, 0xE0FF, 0xE0FF, 
  0xE0FF, 0xE0FF, 0xE0FF, 0xE0FF, 0xE0FF, 0xE0FF, 0xE0FF, 0xE0FF, 0xC0FF, 0xC0FF, 0xC0FF, 0xE0FF, 0xE0FF, 0xE0FF, 0xE0FF, 0xE0FF, 
  0xE0FF, 0xE0FF, 0xE0FF, 0xE0FF, 0xE0FF, 0xE0FF, 0xE0FF, 0xE0FF, 0xE0FF, 0xE0FF, 0xE0FF, 0xE0FF, 0xE0FF, 0xE0FF, 0xE0FF, 0xE0FF, 
  0xE0FF, 0xE0FF, 0xE0FF, 0xE0FF, 0xE0FF, 0xE0FF, 0xE0FF, 0xE0FF, 0xE0FF, 0xE0FF, 0xE0FF, 0xE0FF, 0xE2FF, 0xE4F7, 0xE6E7, 0xC7D7, 
  0xE9C7, 0xEBB7, 0xECA7, 0xEDA7, 0xEDA7, 0xECAF, 0xEDA7, 0xEE9F, 0xEE9F, 0xEF9F, 0xEE9F, 0xEE97, 0xEE9F, 0xEF9F, 0xEF9F, 0xEE9F, 
  0xEE9F, 0xEE9F, 0xEE9F, 0xEDA7, 0xECA7, 0xED9F, 0xEF9F, 0xF09F, 0x2E97, 0xAE86, 0xAB75, 0x6C6D, 0xED75, 0x6D86, 0x2F97, 0xB09F, 
  0x8C86, 0x094C, 0x0A4B, 0x8842, 0x883A, 0x4A5C, 0xEF96, 0xEFA7, 0xED9F, 0xD0B7, 0xD4CF, 0xF4D7, 0xCFBF, 0xCCAF, 0xECAF, 0xEDA7, 
  0xEEA7, 0xEE9F, 0xEE9F, 0xEF9F, 0xEF9F, 0xEE9F, 0xEE9F, 0xEE9F, 0xEE9F, 0xEF9F, 0xEF9F, 0xEF9F, 0xEF9F, 0xEF9F, 0xEE9F, 0xEF9F, 
  0xEF9F, 0xEF9F, 0xEF9F, 0xEF9F, 0xEF9F, 0xEF9F, 0xEE9F, 0xEE9F, 0xEF9F, 0xEF97, 0xEF97, 0xEF9F, 0xEE9F, 0xEDA7, 0xCBAF, 0xF5DF, 
  0xFFFF, 0xDFFF, 0xFFFF, 0xFFFF, 0xFFFF, 0xFEFF, 0xD7DF, 0xCDAF, 0xEBA7, 0xEDA7, 0xCF97, 0xEE97, 0xF0A7, 0x2F97, 0x2C6D, 0xE953, 
  0x084B, 0xC94A, 0xC94A, 0xE94A, 0x2B53, 0x0A4B, 0x694B, 0x9097, 0xB09F, 0x6A5C, 0x0D86, 0xF5DF, 0xF6E7, 0xF4CF, 0xD2B7, 0xCF9F, 
  0xCE97, 0xB19F, 0xCB6C, 0xA94A, 0xEA52, 0xCA42, 0x493A, 0x6842, 0xE94A, 0x2A4B, 0x2A4B, 0x2A53, 0xC94A, 0xC94A, 0x0A53, 0xA842, 
  0x0B4B, 0x6C5B, 0x2A53, 0xCA4A, 0xA73A, 0x2843, 0x6843, 0xC94B, 0x4A54, 0xC84B, 0x0854, 0xE753, 0x6964, 0x686C, 0xA77C, 0x6795, 
  0x28B6, 0xC7C6, 0x25D7, 0xA4EF, 0xE3FF, 0xE1FF, 0xE0FF, 0xE0FF, 0xE0FF, 0xE0FF, 0xC0FF, 0xE0FF, 0xE0FF, 0xC0FF, 0xC0FF, 0xE0FF, 
  0xE0FF, 0xE0FF, 0xE0FF, 0xE0FF, 0xE0FF, 0xE0FF, 0xE0FF, 0xE0FF, 0xE0FF, 0xE0FF, 0xE0FF, 0xE0FF, 0xE0FF, 0xE0FF, 0xE0FF, 0xE0FF, 
  0xE0FF, 0xE0FF, 0xE0FF, 0xE0FF, 0xE0FF, 0xE0FF, 0xE0FF, 0xE0FF, 0xE0FF, 0xE0FF, 0xE0FF, 0xE0FF, 0xE0FF, 0xE0FF, 0xE0FF, 0xE0FF, 
  0xE0FF, 0xE0FF, 0xE0FF, 0xE0FF, 0xE0FF, 0xE0FF, 0xE0FF, 0xE0FF, 0xE0FF, 0xE0FF, 0xE0FF, 0xE0FF, 0xC1FF, 0xC0FF, 0xE0FF, 0xE0FF, 
  0xE0FF, 0xE0FF, 0xE0FF, 0xE0FF, 0xE0FF, 0xE0FF, 0xE0FF, 0xE0FF, 0xE0FF, 0xE0FF, 0xE0FF, 0xE0FF, 0xE0FF, 0xE0FF, 0xE0FF, 0xE0FF, 
  0xE0FF, 0xC0FF, 0xE0FF, 0xC0FF, 0xC0FF, 0xE0FF, 0xE1FF, 0xE2FF, 0xE4F7, 0xE5E7, 0xE7DF, 0xE8CF, 0xEABF, 0xECAF, 0xCCA7, 0xECA7, 
  0xECA7, 0xECA7, 0xECA7, 0xEDA7, 0xEE9F, 0xEE9F, 0xEF97, 0xEF9F, 0xEE9F, 0xEE9F, 0xEE9F, 0xEE9F, 0xEF9F, 0xEF9F, 0xEF9F, 0xEE9F, 
  0xEE9F, 0xEE9F, 0xEE9F, 0xEE9F, 0xED9F, 0xED9F, 0xEE9F, 0xEF97, 0xEF9F, 0xEF9F, 0xEF9F, 0xEF9F, 0xEF9F, 0xEF9F, 0xEE9F, 0xEE9F, 
  0x0E8F, 0xEF8E, 0xCE86, 0xEC7D, 0x0C6D, 0x494B, 0x883A, 0xEB6C, 0x6E9F, 0xEF9F, 0xEE9F, 0xED9F, 0xEDA7, 0xEDA7, 0xEE9F, 0xEE9F, 
  0xEF9F, 0xEE97, 0xEE97, 0xEE9F, 0xEE9F, 0xEE9F, 0xEE9F, 0xEF9F, 0xEF9F, 0xEE9F, 0xEE9F, 0xEE9F, 0xEF9F, 0xEE9F, 0xEE9F, 0xEF9F, 
  0xEF9F, 0xEF9F, 0xEE9F, 0xEF9F, 0xEF9F, 0xEF9F, 0xEF9F, 0xEE9F, 0xEF97, 0xEF97, 0xEE97, 0xEE97, 0xED9F, 0xEBAF, 0xEAAF, 0xCFBF, 
  0xF8E7, 0xFCF7, 0xFBF7, 0xFAEF, 0xD7DF, 0xD2C7, 0xCCAF, 0xEDA7, 0xEF9F, 0xEE97, 0xEF9F, 0xEF9F, 0x0C7E, 0x0B54, 0x6B53, 0x6C5B, 
  0xC942, 0x0A4B, 0xCA4A, 0x2B53, 0x0953, 0x2A53, 0x294B, 0xCE86, 0xEE8E, 0xAA64, 0xF5D7, 0xD2C7, 0xAEA7, 0xCC9F, 0xCC9F, 0xCF9F, 
  0xEF9F, 0x2B6D, 0x094B, 0x094B, 0xA83A, 0x6B53, 0xC94A, 0xC94A, 0xCA52, 0xA94A, 0x0A53, 0x0A4B, 0x4A53, 0xAC5B, 0xE94A, 0xEA4A, 
  0xA942, 0xAB5B, 0xAB53, 0x0B5C, 0x0A7D, 0xC974, 0x4995, 0xC5AD, 0x64C6, 0x63CE, 0xE4DE, 0x85E7, 0xE6EF, 0xE5F7, 0xE4FF, 0xE3FF, 
  0xE1FF, 0xE0FF, 0xE0FF, 0xE0FF, 0xE0FF, 0xE0FF, 0xE0FF, 0xE0FF, 0xE0FF, 0xE0FF, 0xE0FF, 0xE0FF, 0xE0FF, 0xE0FF, 0xE0FF, 0xE0FF, 
  0xE0FF, 0xE0FF, 0xE0FF, 0xE0FF, 0xE0FF, 0xE0FF, 0xE0FF, 0xE0FF, 0xE0FF, 0xE0FF, 0xE0FF, 0xE0FF, 0xE0FF, 0xE0FF, 0xE0FF, 0xE0FF, 
  0xE0FF, 0xE0FF, 0xE0FF, 0xE0FF, 0xE0FF, 0xE0FF, 0xE0FF, 0xE0FF, 0xE0FF, 0xE0FF, 0xE0FF, 0xE0FF, 0xE0FF, 0xE0FF, 0xE0FF, 0xE0FF, 
  0xE0FF, 0xE0FF, 0xE0FF, 0xE0FF, 0xE0FF, 0xE0FF, 0xC0FF, 0xE0FF, 0xE0FF, 0xE0FF, 0xE0FF, 0xE0FF, 0xE0FF, 0xE0FF, 0xE0FF, 0xE0FF, 
  0xE0FF, 0xE0FF, 0xE0FF, 0xE0FF, 0xE0FF, 0xE0FF, 0xE0FF, 0xE0FF, 0xE0FF, 0xE0FF, 0xE0FF, 0xE0FF, 0xC0FF, 0xE0FF, 0xE0FF, 0xE0FF, 
  0xC0FF, 0xC1FF, 0xE3F7, 0xE4EF, 0xE6E7, 0xE7D7, 0xC9C7, 0xCBBF, 0xEBAF, 0xECA7, 0xECA7, 0xECA7, 0xECA7, 0xEDA7, 0xED9F, 0xEE9F, 
  0xEE9F, 0xEE9F, 0xEE9F, 0xEE9F, 0xEE9F, 0xEF97, 0xEE9F, 0xEE9F, 0xEE9F, 0xEE9F, 0xEE9F, 0xEE9F, 0xEF9F, 0xEF9F, 0xEF9F, 0xEE9F, 
  0xEE9F, 0xEE9F, 0xEE9F, 0xEE9F, 0xEE9F, 0xEE9F, 0xEE9F, 0xEE97, 0xEE9F, 0xEE9F, 0xEE97, 0xEE97, 0xEE97, 0xEE97, 0xCF9F, 0xEE9F, 
  0xEDA7, 0xECAF, 0xECAF, 0xEEB7, 0xEFAF, 0xB09F, 0xCD75, 0x073B, 0x0743, 0x495C, 0x0D7E, 0xAF8E, 0x0F97, 0x6F97, 0xAE97, 0xEE97, 
  0xEE97, 0xEF97, 0xEE9F, 0xEDA7, 0xED9F, 0xEE97, 0xEF97, 0xEF9F, 0xEF9F, 0xEE9F, 0xEE9F, 0xEE97, 0xEE9F, 0xEE9F, 0xEE9F, 0xEF9F, 
  0xEF9F, 0xEE97, 0xEE9F, 0xEE9F, 0xEE9F, 0xEF9F, 0xEF9F, 0xEE9F, 0xEF9F, 0xEF97, 0xEF97, 0xEE97, 0xEE9F, 0xECA7, 0xECA7, 0xECA7, 
  0xCCAF, 0xCDAF, 0xCDAF, 0xCDA7, 0xCC9F, 0xCD9F, 0xED9F, 0xEDA7, 0xEFAF, 0xEFA7, 0x8E8E, 0x0A5C, 0x6742, 0x6B5B, 0xAB5B, 0xE94A, 
  0xA942, 0xEA4A, 0xCA4A, 0xA94A, 0x6842, 0x694A, 0x083A, 0xE95B, 0xEF96, 0x2A5D, 0xF2BF, 0xCBAF, 0xCDB7, 0xD4CF, 0xD4D7, 0xEFAF, 
  0x0E8F, 0xA94B, 0xCC5B, 0xCB5B, 0x294B, 0x4D6C, 0x4A4B, 0xE94A, 0xC94A, 0x4842, 0xCA4A, 0x2A53, 0xA83A, 0xAC5B, 0x4A53, 0xEA52, 
  0xEA52, 0x094B, 0x8C53, 0xCB7C, 0xE8EF, 0xE5FF, 0xE3FF, 0xE1FF, 0xE0FF, 0xE0FF, 0xE0FF, 0xE0FF, 0xE0FF, 0xC0FF, 0xE0FF, 0xE0FF, 
  0xC0FF, 0xC0FF, 0xE0FF, 0xE0FF, 0xE0FF, 0xE0FF, 0xE0FF, 0xE0FF, 0xE0FF, 0xE0FF, 0xE0FF, 0xE0FF, 0xE0FF, 0xE0FF, 0xE0FF, 0xE0FF, 
  0xE0FF, 0xE0FF, 0xE0FF, 0xE0FF, 0xE0FF, 0xE0FF, 0xE0FF, 0xE0FF, 0xE0FF, 0xE0FF, 0xE0FF, 0xE0FF, 0xE0FF, 0xE0FF, 0xE0FF, 0xE0FF, 
  0xE0FF, 0xE0FF, 0xE0FF, 0xE0FF, 0xE0FF, 0xE0FF, 0xE0FF, 0xE0FF, 0xE0FF, 0xE0FF, 0xE0FF, 0xE0FF, 0xE0FF, 0xE0FF, 0xE0FF, 0xE0FF, 
  0xE0FF, 0xE0FF, 0xE0FF, 0xE0FF, 0xE0FF, 0xE0FF, 0xE0FF, 0xE0FF, 0xE0FF, 0xE0FF, 0xC0FF, 0xC0FF, 0xE0FF, 0xE0FF, 0xE0FF, 0xE0FF, 
  0xE0FF, 0xC0FF, 0xE0FF, 0xE0FF, 0xE0FF, 0xE0FF, 0xE0FF, 0xE0FF, 0xE0FF, 0xE0FF, 0xE0FF, 0xE0FF, 0xE0FF, 0xE0FF, 0xE3F7, 0xE4EF, 
  0xE7DF, 0xE9C7, 0xEBB7, 0xECA7, 0xECA7, 0xEDA7, 0xCD9F, 0xEDA7, 0xED9F, 0xED9F, 0xEE9F, 0xEE9F, 0xEF97, 0xEF97, 0xEF9F, 0xEE9F, 
  0xEF9F, 0xEE9F, 0xEE9F, 0xEE9F, 0xEE9F, 0xEE97, 0xEE9F, 0xEE9F, 0xEE9F, 0xEE9F, 0xEE9F, 0xEE9F, 0xEF9F, 0xEE9F, 0xEE9F, 0xEE9F, 
  0xEE9F, 0xEE9F, 0xEE9F, 0xEF9F, 0xEF9F, 0xEF9F, 0xEE9F, 0xEE97, 0xEE9F, 0xEE9F, 0xEF9F, 0xEF9F, 0xEE9F, 0xEE9F, 0xEF97, 0xCEAF, 
  0xAEB7, 0xECA7, 0xCEA7, 0xEE86, 0x6D86, 0xEE96, 0xF0A7, 0xF0A7, 0xCD7D, 0xC95B, 0xE84A, 0xC842, 0x4843, 0x284C, 0x4D7E, 0xF0A7, 
  0xEF97, 0xEF9F, 0xEEA7, 0xECA7, 0xED9F, 0xEE97, 0xEE9F, 0xEE9F, 0xEE9F, 0xEE9F, 0xEF9F, 0xEF97, 0xEF9F, 0xEE9F, 0xEE9F, 0xEF9F, 
  0xEF9F, 0xEE9F, 0xEE9F, 0xEE9F, 0xEE9F, 0xEE9F, 0xEF9F, 0xEE9F, 0xEE9F, 0xEE9F, 0xEF97, 0xEF97, 0xEF9F, 0xEF9F, 0xEE9F, 0xEE9F, 
  0xCE9F, 0xCE9F, 0xED9F, 0xED9F, 0xEDA7, 0xEDAF, 0xECA7, 0xCDA7, 0x8D8E, 0x6A5C, 0x2943, 0x4A4B, 0x2B53, 0x8C5B, 0x294B, 0x2A43, 
  0x6B53, 0x494B, 0x874B, 0x485C, 0xC964, 0x2B6D, 0xAA64, 0x2A5C, 0xAB5C, 0x0B65, 0xEC96, 0xEDB7, 0xEAA7, 0xCDB7, 0xB0C7, 0xEFAF, 
  0x6D86, 0xC84A, 0x0A4B, 0x0943, 0xCB5B, 0x8E74, 0x6A53, 0x2A4B, 0xEA4A, 0x8942, 0xC94A, 0x4B5B, 0x0A53, 0x0A4B, 0x6B53, 0xC94A, 
  0xC842, 0xC942, 0x6B53, 0x883A, 0xA56B, 0x83F7, 0xE0FF, 0xC0FF, 0xC0FF, 0xC0FF, 0xC0FF, 0xC0FF, 0xC0FF, 0xE0FF, 0xC0FF, 0xE0FF, 
  0xE0FF, 0xE0FF, 0xE0FF, 0xE0FF, 0xE0FF, 0xE0FF, 0xE0FF, 0xE0FF, 0xE0FF, 0xE0FF, 0xE0FF, 0xE0FF, 0xE0FF, 0xE0FF, 0xE0FF, 0xE0FF, 
  0xE0FF, 0xE0FF, 0xE0FF, 0xE0FF, 0xE0FF, 0xE0FF, 0xE0FF, 0xE0FF, 0xE0FF, 0xE0FF, 0xE0FF, 0xE0FF, 0xE0FF, 0xE0FF, 0xE0FF, 0xE0FF, 
  0xE0FF, 0xE0FF, 0xE0FF, 0xE0FF, 0xE0FF, 0xE0FF, 0xE0FF, 0xE0FF, 0xE0FF, 0xE0FF, 0xE0FF, 0xE0FF, 0xE0FF, 0xE0FF, 0xE0FF, 0xE0FF, 
  0xE0FF, 0xE0FF, 0xE0FF, 0xE0FF, 0xE0FF, 0xE0FF, 0xE0FF, 0xE0FF, 0xE0FF, 0xE0FF, 0xE0FF, 0xC0FF, 0xE0FF, 0xE0FF, 0xE1FF, 0xE2F7, 
  0xE3F7, 0xE4F7, 0xE4F7, 0xE4F7, 0xE4F7, 0xE4F7, 0xE4F7, 0xE4F7, 0xE4F7, 0xE5EF, 0xE6E7, 0xE8D7, 0xE9CF, 0xEAC7, 0xCCAF, 0xEDA7, 
  0xEF97, 0xEF97, 0xEE9F, 0xEE9F, 0xEE9F, 0xEF9F, 0xEF97, 0xEF9F, 0xEF9F, 0xEF9F, 0xEE9F, 0xEE9F, 0xEE9F, 0xEF9F, 0xEF97, 0xEF97, 
  0xEE9F, 0xEE9F, 0xEE9F, 0xEE9F, 0xEE9F, 0xEE9F, 0xEE9F, 0xEE9F, 0xEE9F, 0xEE9F, 0xEE9F, 0xEE9F, 0xEF9F, 0xEF9F, 0xEF9F, 0xEE9F, 
  0xEE9F, 0xEE9F, 0xEE9F, 0xEF9F, 0xEF9F, 0xEF9F, 0xEF9F, 0xEE9F, 0xEE9F, 0xEE9F, 0xEF97, 0xEF97, 0xEE9F, 0xED9F, 0xEDA7, 0xD3D7, 
  0xEFBF, 0xEE8E, 0x4B5C, 0x294B, 0x4A4B, 0x2943, 0x495C, 0x0E97, 0xF0AF, 0xF09F, 0x4F97, 0xEE8E, 0xED8E, 0x4F97, 0xEF9F, 0xEE97, 
  0xEF97, 0xEE9F, 0xEDA7, 0xEDA7, 0xED9F, 0xEE9F, 0xECA7, 0xECA7, 0xECA7, 0xEDA7, 0xEE9F, 0xEF9F, 0xEF9F, 0xEE9F, 0xEE97, 0xEF9F, 
  0xEE9F, 0xED9F, 0xEE9F, 0xEE9F, 0xEE9F, 0xEE9F, 0xEF9F, 0xEE9F, 0xEE9F, 0xEE97, 0xEE97, 0xEE97, 0xED97, 0xEE9F, 0xEE9F, 0xED9F, 
  0xEBA7, 0xECAF, 0xEDAF, 0xEDB7, 0x8DAF, 0xF0A6, 0xEF95, 0xA953, 0x0843, 0xEC5B, 0x2C64, 0x4A53, 0xEA4A, 0x2A4B, 0xCA53, 0xEB6C, 
  0x6F96, 0x13B7, 0xD6CF, 0xF5D7, 0xF0BF, 0xEEAF, 0xEF9F, 0xD1A7, 0x6D8E, 0x4C6D, 0xAA5C, 0x4D9F, 0xECAF, 0xCBA7, 0xCCA7, 0xEFA7, 
  0x6C6D, 0x673A, 0x6B53, 0x4B53, 0xC842, 0xA83A, 0xE94A, 0x6C5B, 0x4B53, 0xC942, 0xC942, 0x0A53, 0x2A53, 0x4B53, 0xEA52, 0xCA52, 
  0xE84A, 0x0A4B, 0xA94A, 0x694A, 0x6842, 0x2674, 0x65E7, 0xE1FF, 0xC0FF, 0xE0FF, 0xE0FF, 0xE0FF, 0xE0FF, 0xE0FF, 0xE0FF, 0xE0FF, 
  0xE0FF, 0xE0FF, 0xE0FF, 0xE0FF, 0xE0FF, 0xE0FF, 0xE0FF, 0xE0FF, 0xE0FF, 0xE0FF, 0xE0FF, 0xE0FF, 0xE0FF, 0xE0FF, 0xE0FF, 0xE0FF, 
  0xE0FF, 0xE0FF, 0xE0FF, 0xE0FF, 0xE0FF, 0xE0FF, 0xE0FF, 0xE0FF, 0xE0FF, 0xE0FF, 0xE0FF, 0xE0FF, 0xE0FF, 0xE0FF, 0xE0FF, 0xE0FF, 
  0xE0FF, 0xE0FF, 0xE0FF, 0xE0FF, 0xE0FF, 0xE0FF, 0xE0FF, 0xE0FF, 0xE0FF, 0xE0FF, 0xE0FF, 0xE0FF, 0xE0FF, 0xE0FF, 0xE0FF, 0xE0FF, 
  0xE0FF, 0xE0FF, 0xE0FF, 0xE0FF, 0xE0FF, 0xE0FF, 0xE0FF, 0xC0FF, 0xE0FF, 0xE0FF, 0xE1FF, 0xE3F7, 0xE5EF, 0xE7DF, 0xE9C7, 0xEBB7, 
  0xCCAF, 0xEEA7, 0xEEA7, 0xEEA7, 0xEEA7, 0xEEA7, 0xEEA7, 0xEEA7, 0xEDA7, 0xCDA7, 0xCE9F, 0xCE9F, 0xCF97, 0xEF97, 0xEF97, 0xEE97, 
  0xEE9F, 0xEE9F, 0xEE9F, 0xEF9F, 0xF09F, 0xEF9F, 0xEE9F, 0xEE9F, 0xEE9F, 0xEF97, 0xEF9F, 0xEF9F, 0xEE9F, 0xEE9F, 0xEE97, 0xEF97, 
  0xEE9F, 0xEE9F, 0xEF97, 0xEF97, 0xEE9F, 0xEE9F, 0xEE9F, 0xEE9F, 0xEE9F, 0xEE9F, 0xEE9F, 0xEF9F, 0xEF9F, 0xEF9F, 0xEF9F, 0xEE9F, 
  0xEE9F, 0xEE9F, 0xEF9F, 0xEE9F, 0xEE9F, 0xEE9F, 0xEE9F, 0xEF9F, 0xEF9F, 0xEF97, 0xEF97, 0xEF97, 0xEE9F, 0xED9F, 0xD2CF, 0xF1BF, 
  0x0D8F, 0xCA53, 0xC94A, 0xC94A, 0x0A53, 0x6B53, 0x0A4B, 0x0943, 0x2E86, 0xEF9F, 0xEF9F, 0xEF9F, 0xEF9F, 0xEF9F, 0xEE9F, 0xEE9F, 
  0xEF9F, 0xED9F, 0xECA7, 0xEEA7, 0xEF9F, 0xEE9F, 0xECA7, 0xEBAF, 0xEBAF, 0xECA7, 0xEDA7, 0xEE9F, 0xEF9F, 0xEF9F, 0xEE97, 0xEE9F, 
  0xEE9F, 0xEDA7, 0xED9F, 0xEE97, 0xEE9F, 0xEE9F, 0xEF9F, 0xEE9F, 0xEF9F, 0xF0A7, 0xF09F, 0xEF9F, 0xEFA7, 0xEF9F, 0xEFA7, 0xAEA7, 
  0x4EA7, 0xAD96, 0xCB7D, 0x2A6D, 0xCC6C, 0x8B53, 0x4B53, 0xEA4A, 0x0A53, 0x0A53, 0xA942, 0x6A4B, 0xAB64, 0xEC85, 0x71BF, 0xF7E7, 
  0xF9E7, 0xD6D7, 0x11AF, 0xCC85, 0xEB6C, 0xAB6C, 0x4B64, 0x6A5C, 0x6C75, 0x0E7E, 0xCA53, 0x4843, 0x6D86, 0xEFA7, 0xEC9F, 0xED9F, 
  0x6B5C, 0x2B5B, 0x8B53, 0x2B53, 0xEA4A, 0x0A53, 0x2A53, 0x0A4B, 0xC942, 0xEA4A, 0x2A53, 0x2A53, 0x2A53, 0xE942, 0x2943, 0xED74, 
  0x4953, 0xAA4A, 0x6742, 0x4842, 0x8942, 0xAA42, 0x6863, 0x84C6, 0xE2FF, 0xC0FF, 0xC0FF, 0xE0FF, 0xE0FF, 0xE0FF, 0xE0FF, 0xE0FF, 
  0xE0FF, 0xE0FF, 0xE0FF, 0xE0FF, 0xE0FF, 0xE0FF, 0xE0FF, 0xE0FF, 0xE0FF, 0xE0FF, 0xE0FF, 0xE0FF, 0xE0FF, 0xE0FF, 0xE0FF, 0xE0FF, 
  0xE0FF, 0xE0FF, 0xE0FF, 0xE0FF, 0xE0FF, 0xE0FF, 0xE0FF, 0xE0FF, 0xE0FF, 0xE0FF, 0xE0FF, 0xE0FF, 0xE0FF, 0xE0FF, 0xE0FF, 0xE0FF, 
  0xE0FF, 0xE0FF, 0xE0FF, 0xE0FF, 0xE0FF, 0xE0FF, 0xE0FF, 0xE0FF, 0xE0FF, 0xE0FF, 0xE0FF, 0xE0FF, 0xE0FF, 0xE0FF, 0xE0FF, 0xE0FF, 
  0xE0FF, 0xE0FF, 0xE0FF, 0xE0FF, 0xE0FF, 0xE0FF, 0xE0FF, 0xE2FF, 0xE4EF, 0xE7DF, 0xCAC7, 0xCCB7, 0xCEA7, 0xCEA7, 0xCFA7, 0xEF97, 
  0xEE97, 0xEE97, 0xEF97, 0xEF97, 0xEF97, 0xEF97, 0xEF97, 0xEE97, 0xEF97, 0xEF97, 0xEF97, 0xEF97, 0xEE9F, 0xEE9F, 0xEE9F, 0xEE9F, 
  0xEE9F, 0xEE9F, 0xEF9F, 0xEF97, 0xEE9F, 0xEE97, 0xEE97, 0xEE9F, 0xEE9F, 0xEF97, 0xEF9F, 0xEF9F, 0xEF97, 0xEE97, 0xEE9F, 0xEE9F, 
  0xEE9F, 0xEE9F, 0xEF97, 0xEE97, 0xEE97, 0xEE97, 0xEE9F, 0xEE9F, 0xEE9F, 0xEE9F, 0xEE9F, 0xEE9F, 0xEF9F, 0xEE9F, 0xEE97, 0xEE9F, 
  0xEF9F, 0xEE97, 0xEE97, 0xEE9F, 0xEE97, 0xEE9F, 0xEF9F, 0xEF9F, 0xEF9F, 0xEF9F, 0xEF97, 0xEF97, 0xEE9F, 0xEDA7, 0xF1BF, 0x6F9F, 
  0x2C5C, 0x2A53, 0x0943, 0x6B53, 0x094B, 0x4A53, 0xEC63, 0xEA4A, 0xE842, 0xEB64, 0x4E97, 0xEF9F, 0xEF9F, 0xEF9F, 0xEF9F, 0xEE97, 
  0xEF97, 0xED9F, 0xECA7, 0xEE9F, 0xD09F, 0xEE9F, 0xECA7, 0xEBAF, 0xEBAF, 0xECAF, 0xEDA7, 0xED9F, 0xEE97, 0xCF9F, 0xEF9F, 0xEE9F, 
  0xEDA7, 0xED9F, 0xEE9F, 0xEE97, 0xEE97, 0xEF97, 0xEF9F, 0xEF9F, 0xED86, 0x8B6D, 0x2C6D, 0x6D6D, 0x2C65, 0x2C6D, 0xAB64, 0xC953, 
  0x094B, 0xE93A, 0x2943, 0xCA42, 0x2A53, 0x6A53, 0x0943, 0xAB5B, 0xA953, 0xE853, 0x4B75, 0x2E9F, 0xEEAF, 0xEFB7, 0x70AF, 0x6E8E, 
  0x2B6D, 0xA953, 0x0843, 0xE942, 0xA83A, 0xC942, 0xCC5B, 0x2A4B, 0xCA4A, 0x8A53, 0xAB5B, 0x6B5B, 0x6953, 0xEC6C, 0xD09F, 0xAE9F, 
  0x684B, 0x4B53, 0x6B53, 0xE94A, 0x4A4B, 0x8B53, 0x8D5B, 0x2A4B, 0x2A4B, 0x2A53, 0xE952, 0xC94A, 0xE94A, 0xAC5B, 0xED63, 0xA942, 
  0xA94A, 0xAA4A, 0x8942, 0x2942, 0x894A, 0x2A53, 0x6842, 0xC84A, 0x27AE, 0xE3FF, 0xC0FF, 0xC0FF, 0xE0FF, 0xC0FF, 0xC0FF, 0xE0FF, 
  0xE0FF, 0xE0FF, 0xE0FF, 0xC0FF, 0xE0FF, 0xE0FF, 0xE0FF, 0xE0FF, 0xE0FF, 0xE0FF, 0xE0FF, 0xE0FF, 0xE0FF, 0xE0FF, 0xE0FF, 0xE0FF, 
  0xE0FF, 0xE0FF, 0xE0FF, 0xE0FF, 0xE0FF, 0xE0FF, 0xE0FF, 0xE0FF, 0xE0FF, 0xE0FF, 0xE0FF, 0xE0FF, 0xE0FF, 0xE0FF, 0xE0FF, 0xE0FF, 
  0xE0FF, 0xE0FF, 0xE0FF, 0xE0FF, 0xE0FF, 0xE0FF, 0xE0FF, 0xE0FF, 0xE0FF, 0xE0FF, 0xE0FF, 0xE0FF, 0xE0FF, 0xE0FF, 0xE0FF, 0xE0FF, 
  0xC1FF, 0xE0FF, 0xC0FF, 0xE0FF, 0xE3EF, 0xE6DF, 0xE9CF, 0xCBBF, 0xCDA7, 0xCF9F, 0xEF97, 0xEF97, 0xEF9F, 0xEF9F, 0xEF9F, 0xEF9F, 
  0xEF9F, 0xEF9F, 0xEF9F, 0xEF9F, 0xEF9F, 0xEE9F, 0xEE9F, 0xEE9F, 0xEE9F, 0xEE9F, 0xEF9F, 0xEF9F, 0xEE9F, 0xEE9F, 0xEE9F, 0xEE9F, 
  0xEE9F, 0xEE9F, 0xEE9F, 0xEE9F, 0xEE9F, 0xEE9F, 0xEE9F, 0xEE9F, 0xEE9F, 0xEE9F, 0xEE9F, 0xEE9F, 0xEE9F, 0xEE9F, 0xEE9F, 0xEE9F, 
  0xEE9F, 0xEE9F, 0xEE9F, 0xEE9F, 0xEE9F, 0xEE9F, 0xEE9F, 0xEE9F, 0xEE9F, 0xEE9F, 0xEE9F, 0xEE9F, 0xEE9F, 0xEE9F, 0xEE97, 0xEE97, 
  0xEE9F, 0xEE9F, 0xEE97, 0xEE9F, 0xEE9F, 0xEE9F, 0xEE9F, 0xED9F, 0xEE9F, 0xEF9F, 0xEE97, 0xEF97, 0xEE9F, 0xEBA7, 0xEEA7, 0x0A65, 
  0x094B, 0xC94A, 0x2A53, 0x6B5B, 0x0A4B, 0xE94A, 0x0A4B, 0x0A4B, 0x2A53, 0xC942, 0xA953, 0xEC6C, 0x2E7E, 0x0E8F, 0x8F9F, 0xEF9F, 
  0xF09F, 0xCC9F, 0xCBA7, 0xEE9F, 0xEF97, 0xEF97, 0xEF9F, 0xED9F, 0xEBAF, 0xEBAF, 0xECA7, 0xEDA7, 0xEE9F, 0xEF9F, 0xEE97, 0xEE9F, 
  0xECA7, 0xEE9F, 0xEF9F, 0xEF9F, 0xEF97, 0xEE97, 0xEE9F, 0xEE9F, 0x4E97, 0x4B6D, 0x484B, 0x483A, 0x894A, 0x4B53, 0xEA42, 0x4953, 
  0xEA53, 0xAC64, 0x4C6D, 0x4C6D, 0x6C6D, 0x2B6D, 0x8C6D, 0x8F8E, 0x2F97, 0xF09F, 0xF0A7, 0x2D97, 0xAB75, 0x295C, 0xEA5B, 0xEB5B, 
  0x094B, 0x4842, 0x0A53, 0x6B5B, 0x2A4B, 0x4A53, 0x2A53, 0xCA4A, 0xE94A, 0x6A53, 0xCA42, 0x4B53, 0x294B, 0x294B, 0xAB64, 0xD0A7, 
  0x684B, 0xA94A, 0x8C5B, 0x0A4B, 0x4A53, 0x2A53, 0x6B53, 0x0A4B, 0x2A4B, 0x8B53, 0xA94A, 0xEB52, 0x8942, 0xA942, 0x2B53, 0x8B5B, 
  0x4A4B, 0xEA4A, 0x4842, 0x6842, 0xE942, 0x8C5B, 0x2A53, 0x2B4B, 0x4A4B, 0x899D, 0xE5FF, 0xE1FF, 0xE0FF, 0xC0FF, 0xE0FF, 0xE0FF, 
  0xE0FF, 0xC0FF, 0xE0FF, 0xE0FF, 0xE0FF, 0xE0FF, 0xE0FF, 0xE0FF, 0xE0FF, 0xE0FF, 0xE0FF, 0xE0FF, 0xE0FF, 0xE0FF, 0xE0FF, 0xE0FF, 
  0xE0FF, 0xE0FF, 0xE0FF, 0xE0FF, 0xE0FF, 0xE0FF, 0xE0FF, 0xE0FF, 0xE0FF, 0xE0FF, 0xE0FF, 0xE0FF, 0xE0FF, 0xE0FF, 0xE0FF, 0xE0FF, 
  0xE0FF, 0xE0FF, 0xE0FF, 0xE0FF, 0xE0FF, 0xE0FF, 0xE0FF, 0xE0FF, 0xE0FF, 0xE0FF, 0xE0FF, 0xE0FF, 0xE0FF, 0xE0FF, 0xE0FF, 0xE0FF, 
  0xE2F7, 0xE4EF, 0xE8E7, 0xEBCF, 0xEDAF, 0xAD9F, 0xCE97, 0xEE97, 0xEF97, 0xEF97, 0xEE9F, 0xEE9F, 0xEF9F, 0xEF9F, 0xEE9F, 0xEE9F, 
  0xEE9F, 0xEE9F, 0xEF9F, 0xEF9F, 0xEE9F, 0xEE9F, 0xEE9F, 0xEE9F, 0xEE9F, 0xEE9F, 0xEE9F, 0xEF9F, 0xEE9F, 0xEE9F, 0xEE9F, 0xEE9F, 
  0xEE9F, 0xEE9F, 0xEE9F, 0xEE9F, 0xEE9F, 0xEE9F, 0xEE9F, 0xEE9F, 0xEE9F, 0xEE9F, 0xEE9F, 0xEE9F, 0xEE9F, 0xEE9F, 0xEE9F, 0xEE9F, 
  0xEE9F, 0xEE9F, 0xEE9F, 0xEE9F, 0xEE9F, 0xEE9F, 0xEE9F, 0xEE9F, 0xEE9F, 0xEE9F, 0xEE9F, 0xEE9F, 0xEF9F, 0xEE9F, 0xEE97, 0xEE9F, 
  0xEE9F, 0xEE9F, 0xEE9F, 0xEEA7, 0xEDA7, 0xECA7, 0xECA7, 0xEBAF, 0xEDA7, 0xEF97, 0xEE9F, 0xEE9F, 0xEBA7, 0xEDAF, 0x4D86, 0x294B, 
  0x0A53, 0xAA4A, 0xA94A, 0xA942, 0x0A4B, 0x0A53, 0xEA4A, 0xA942, 0xEA4A, 0xCC63, 0x6C5B, 0xC942, 0x0943, 0x6A53, 0x894B, 0x4A5C, 
  0xEE8E, 0xEFA7, 0xEDAF, 0xECA7, 0xED9F, 0xEE97, 0xEF97, 0xEE9F, 0xEE9F, 0xEE9F, 0xED9F, 0xECA7, 0xAE9F, 0xCF97, 0xED97, 0xEDA7, 
  0xEEA7, 0xEF9F, 0xEF9F, 0xEF9F, 0xEF9F, 0xEE9F, 0xED9F, 0xEDA7, 0xECA7, 0xEFAF, 0x8F9F, 0xAC75, 0xE84A, 0xCA53, 0x0D7E, 0x6D97, 
  0xEFA7, 0xEFA7, 0xEEA7, 0xEEA7, 0xEF9F, 0xF09F, 0xCE9F, 0xEC8E, 0x0C7E, 0x8D75, 0xEA4B, 0x873A, 0x8942, 0x6942, 0x0B53, 0xCC5B, 
  0x6B53, 0x0B53, 0xA942, 0xC94A, 0x2A53, 0xE94A, 0xC94A, 0x2B5B, 0x2B4B, 0xAA53, 0x2C64, 0x8B53, 0x4B4B, 0x4B53, 0x894A, 0xCD6D, 
  0x2D75, 0x684A, 0x2A4B, 0x6B53, 0x4B53, 0x4A53, 0x8B5B, 0x094B, 0x6C5B, 0x6B53, 0xCA4A, 0x6942, 0x283A, 0xC631, 0xC952, 0x0A4B, 
  0xCA52, 0x884A, 0xA94A, 0xA942, 0x2953, 0x4A4B, 0xEA4A, 0xE94A, 0x4B53, 0xE94A, 0x6974, 0x88BE, 0xC6EF, 0xE2F7, 0xE0FF, 0xE0FF, 
  0xC0FF, 0xC0FF, 0xE0FF, 0xE0FF, 0xE0FF, 0xE0FF, 0xC0FF, 0xE0FF, 0xE0FF, 0xE0FF, 0xE0FF, 0xE0FF, 0xE0FF, 0xE0FF, 0xE0FF, 0xE0FF, 
  0xE0FF, 0xE0FF, 0xE0FF, 0xE0FF, 0xE0FF, 0xE0FF, 0xE0FF, 0xE0FF, 0xE0FF, 0xE0FF, 0xE0FF, 0xE0FF, 0xE0FF, 0xE0FF, 0xE0FF, 0xE0FF, 
  0xE0FF, 0xE0FF, 0xE0FF, 0xE0FF, 0xE0FF, 0xE0FF, 0xE0FF, 0xE0FF, 0xE0FF, 0xE0FF, 0xE0FF, 0xE0FF, 0xE0FF, 0xE0FF, 0xE0FF, 0xE0FF, 
  0xEBC7, 0x6DA7, 0x4E86, 0x8C6D, 0xCB6D, 0xCC7E, 0xCF9F, 0xEF9F, 0xEE97, 0xEF97, 0xEF97, 0xEF97, 0xEF97, 0xEF97, 0xEE97, 0xEE9F, 
  0xEE97, 0xEE9F, 0xEF9F, 0xEE9F, 0xEE9F, 0xEE9F, 0xEE9F, 0xEE9F, 0xEF9F, 0xEE9F, 0xEE9F, 0xEE9F, 0xEE9F, 0xEE9F, 0xEE9F, 0xEE9F, 
  0xEE9F, 0xEE9F, 0xEE9F, 0xEE9F, 0xEE9F, 0xEE9F, 0xEE9F, 0xEE9F, 0xEE9F, 0xEE9F, 0xEE9F, 0xEE9F, 0xEE9F, 0xEE9F, 0xEE9F, 0xEE9F, 
  0xEE9F, 0xEE9F, 0xEE9F, 0xEE9F, 0xEE9F, 0xEE9F, 0xEF9F, 0xEF9F, 0xEF9F, 0xEF9F, 0xEE9F, 0xEF9F, 0xEF9F, 0xEE9F, 0xEE9F, 0xEE9F, 
  0xEDA7, 0xEDA7, 0xECA7, 0xECAF, 0xECAF, 0xEBAF, 0xEBAF, 0xEBAF, 0xEDA7, 0xEF97, 0xEE97, 0xEE9F, 0xEBA7, 0xAEA7, 0x4B64, 0xA942, 
  0x6842, 0xCA4A, 0x0A53, 0xEA4A, 0xA942, 0x0A53, 0x0B53, 0xC94A, 0x0A4B, 0x0A4B, 0x6A53, 0x8B53, 0xEA4A, 0xA952, 0xA94A, 0x4A53, 
  0x6A4B, 0x8C64, 0x6D86, 0xEDA7, 0xECAF, 0xEDB7, 0xEDAF, 0xEDA7, 0xED9F, 0xEE9F, 0xEEA7, 0xEFAF, 0x6A75, 0xED75, 0xEF9F, 0xEDA7, 
  0xEF9F, 0xEF97, 0xEF9F, 0xEF9F, 0xEF9F, 0xEE9F, 0xEE9F, 0xEE9F, 0xED9F, 0xCDA7, 0xEDA7, 0xF0A7, 0xCA64, 0x0E8F, 0xF0AF, 0xEDAF, 
  0xCDA7, 0xCEA7, 0xEE97, 0xCF97, 0xCE9F, 0xEF9F, 0x0E8F, 0x0C7E, 0x8C75, 0xAD7D, 0x6C75, 0xAC75, 0x8D75, 0xEC64, 0xEA53, 0xAA53, 
  0xE942, 0xA94A, 0xA942, 0xEA4A, 0xEA4A, 0x4A4B, 0x0C5C, 0x6B53, 0x0B4B, 0xCC5B, 0x2C5C, 0x2B54, 0x6C64, 0xAA53, 0x094B, 0x873A, 
  0x2C6C, 0xA842, 0xE94A, 0x6B53, 0x0A4B, 0xEA4A, 0x0A43, 0x2A4B, 0x4B53, 0x294B, 0x8632, 0x0B5C, 0xAA53, 0x4953, 0xE94A, 0x8942, 
  0x8942, 0x294B, 0xEB53, 0x8C5B, 0x894A, 0xE94A, 0xC942, 0xEA4A, 0xE952, 0xE84A, 0xA93A, 0x883A, 0xC963, 0x6BBF, 0xA8DF, 0xA6EF, 
  0xE3FF, 0xE0FF, 0xE0FF, 0xC0FF, 0xC0FF, 0xE0FF, 0xE0FF, 0xE0FF, 0xE0FF, 0xE0FF, 0xE0FF, 0xE0FF, 0xE0FF, 0xE0FF, 0xE0FF, 0xE0FF, 
  0xE0FF, 0xE0FF, 0xE0FF, 0xE0FF, 0xE0FF, 0xE0FF, 0xE0FF, 0xE0FF, 0xE0FF, 0xE0FF, 0xE0FF, 0xE0FF, 0xE0FF, 0xE0FF, 0xE0FF, 0xE0FF, 
  0xE0FF, 0xE0FF, 0xE0FF, 0xE0FF, 0xE0FF, 0xE0FF, 0xE0FF, 0xE0FF, 0xE0FF, 0xE0FF, 0xE0FF, 0xE0FF, 0xE0FF, 0xE0FF, 0xE0FF, 0xE0FF, 
  0xEC64, 0xAA5C, 0x4A65, 0x6D7E, 0x8F97, 0xEF9F, 0xF0A7, 0xEE9F, 0xEE9F, 0xEE9F, 0xEE9F, 0xEE9F, 0xEF9F, 0xEE9F, 0xEE9F, 0xEE9F, 
  0xEE9F, 0xEE9F, 0xEE9F, 0xEE9F, 0xEE9F, 0xEF9F, 0xEF9F, 0xEE9F, 0xEF9F, 0xEE9F, 0xEE9F, 0xEE9F, 0xEE9F, 0xEE9F, 0xEE9F, 0xEE9F, 
  0xEE9F, 0xEE9F, 0xEE9F, 0xEE9F, 0xEE9F, 0xEE9F, 0xEE9F, 0xEE9F, 0xEE9F, 0xEE9F, 0xEE9F, 0xEE9F, 0xEE9F, 0xEE9F, 0xEE9F, 0xEE9F, 
  0xEE9F, 0xEE9F, 0xEE9F, 0xEF9F, 0xEF9F, 0xEF9F, 0xEF9F, 0xEF9F, 0xEF9F, 0xEF9F, 0xEF9F, 0xEE9F, 0xEF9F, 0xEF9F, 0xEE9F, 0xEE9F, 
  0xECA7, 0xECAF, 0xEBAF, 0xEBAF, 0xEBAF, 0xEBAF, 0xEBAF, 0xEBAF, 0xED9F, 0xEF9F, 0xEE97, 0xED9F, 0xEEAF, 0xCC75, 0xC942, 0x8A53, 
  0xAA4A, 0x0A53, 0xAB53, 0x2B53, 0x2B53, 0x2B53, 0xC94A, 0xEA4A, 0x0A4B, 0xE94A, 0xE94A, 0x2A53, 0xE94A, 0xCB4A, 0x0B4B, 0x6B4B, 
  0x8B5B, 0x094B, 0x883A, 0x8953, 0x2C75, 0xEC7D, 0xCD8E, 0x6E9F, 0xAD9F, 0xAD9F, 0x0E97, 0x8C75, 0xE742, 0xCA53, 0x6D7E, 0xEEA7, 
  0xEF97, 0xEE97, 0xEE9F, 0xEE97, 0xEF97, 0xEF97, 0xEF9F, 0xEF9F, 0xEE97, 0xEDA7, 0xEBAF, 0xCD97, 0x8D86, 0xCE9F, 0xD1BF, 0xEFA7, 
  0xED97, 0xCF9F, 0xEF9F, 0xEF97, 0xEF9F, 0xEF9F, 0xF09F, 0xF09F, 0xF09F, 0xEF9F, 0xF09F, 0xF09F, 0xEF9F, 0xEF9F, 0xAF9F, 0x0E97, 
  0x6E86, 0xAB75, 0x0A65, 0x4A5C, 0x6A4B, 0xAA53, 0x8A53, 0xC842, 0xC94A, 0xA94A, 0xC953, 0xCE8E, 0xD09F, 0x8F9F, 0xEC7D, 0x094B, 
  0x0842, 0xE84A, 0x8942, 0x8A53, 0x4D75, 0x295C, 0xC953, 0x2B6D, 0x4D86, 0xAF8E, 0xEE8E, 0xAF9F, 0xD09F, 0x919F, 0x8B6D, 0x6B75, 
  0x8E8E, 0x0F8F, 0x4E8F, 0x2D86, 0x0843, 0xA94A, 0x4B53, 0xEA4A, 0xA84A, 0xA94A, 0x4842, 0x6952, 0x0943, 0xAF9F, 0x4E96, 0x4653, 
  0x288D, 0xA6C6, 0xC5F7, 0xE2FF, 0xE1FF, 0xC0FF, 0xC0FF, 0xE0FF, 0xE0FF, 0xE0FF, 0xE0FF, 0xE0FF, 0xE0FF, 0xE0FF, 0xE0FF, 0xE0FF, 
  0xE0FF, 0xE0FF, 0xE0FF, 0xE0FF, 0xE0FF, 0xE0FF, 0xE0FF, 0xE0FF, 0xE0FF, 0xE0FF, 0xE0FF, 0xE0FF, 0xE0FF, 0xE0FF, 0xE0FF, 0xE0FF, 
  0xE0FF, 0xE0FF, 0xE0FF, 0xE0FF, 0xE0FF, 0xE0FF, 0xE0FF, 0xE0FF, 0xE0FF, 0xE0FF, 0xE0FF, 0xE0FF, 0xE0FF, 0xE0FF, 0xE0FF, 0xE0FF, 
  0x0D7E, 0x8F9F, 0xF0A7, 0xEFA7, 0xEF9F, 0xEF97, 0xEF9F, 0xEE9F, 0xEE9F, 0xEE9F, 0xEF9F, 0xEF9F, 0xEE9F, 0xEE9F, 0xEE9F, 0xEF9F, 
  0xEF9F, 0xEF9F, 0xEE9F, 0xEE9F, 0xEE9F, 0xEF9F, 0xEF9F, 0xEF9F, 0xEF9F, 0xEE9F, 0xEE9F, 0xEE9F, 0xEF9F, 0xEF9F, 0xEE9F, 0xEE9F, 
  0xEE9F, 0xEE9F, 0xEE9F, 0xEE9F, 0xEE9F, 0xEE9F, 0xEE9F, 0xEE9F, 0xEE9F, 0xEE9F, 0xEE9F, 0xEE9F, 0xEE9F, 0xEE9F, 0xEE9F, 0xEE9F, 
  0xEE9F, 0xEE9F, 0xEE9F, 0xEF9F, 0xEF9F, 0xEF9F, 0xEF9F, 0xEF9F, 0xEF9F, 0xEF9F, 0xEF9F, 0xEE9F, 0xEF9F, 0xEF9F, 0xEE9F, 0xEE9F, 
  0xECA7, 0xEBAF, 0xEBAF, 0xEBAF, 0xEBAF, 0xEBAF, 0xECAF, 0xECA7, 0xEE97, 0xCF9F, 0xED9F, 0xED9F, 0x509F, 0x484B, 0xA942, 0x2A53, 
  0x2A53, 0x0A4B, 0x8B53, 0x0A4B, 0x2A53, 0xC94A, 0xA942, 0x0B53, 0x2B53, 0xC942, 0xCC5B, 0xCC5B, 0xE942, 0x2A53, 0xE94A, 0x6B53, 
  0x4A53, 0xAC5B, 0x0A4B, 0x6942, 0xA94A, 0x2943, 0xCB53, 0xEC5B, 0xEB53, 0xCB5B, 0x6A53, 0xA942, 0xEB52, 0x6842, 0x0B65, 0xEFA7, 
  0xEE97, 0xEE97, 0xEE9F, 0xEF9F, 0xEF97, 0xEF97, 0xEF97, 0xEF9F, 0xEE9F, 0xEDA7, 0xECAF, 0xCD97, 0x0E87, 0xCFA7, 0xD3CF, 0xCFA7, 
  0xED8F, 0xEF9F, 0xEF97, 0xEF97, 0xEE9F, 0xEF97, 0xEF97, 0xEE97, 0xEE9F, 0xCF9F, 0xEE97, 0xED9F, 0xCE9F, 0xCDA7, 0xEDA7, 0xEDA7, 
  0xECA7, 0xEEAF, 0xF0B7, 0xAFA7, 0x8DA7, 0x6D97, 0xAE86, 0x8D7D, 0x8953, 0x8843, 0x0F97, 0xEFA7, 0xEE9F, 0xEF9F, 0xEF9F, 0x6F97, 
  0xCB64, 0xA63A, 0xCA64, 0x509F, 0xAD86, 0x6C7E, 0xF0A7, 0xF0A7, 0xEF9F, 0xF09F, 0xEF9F, 0xEE97, 0xEE97, 0xEE97, 0xEFA7, 0xF0A7, 
  0xEF9F, 0xF09F, 0xEFA7, 0xF1AF, 0xAA5C, 0xA942, 0x8842, 0xEA4A, 0x0B4B, 0x4B53, 0xCC63, 0x6B53, 0x484B, 0xD0AF, 0x51A6, 0x2732, 
  0x883A, 0xC842, 0x875B, 0x4795, 0x07D7, 0xE5F7, 0xE2FF, 0xE0FF, 0xC0FF, 0xE0FF, 0xE0FF, 0xE0FF, 0xE0FF, 0xE0FF, 0xE0FF, 0xE0FF, 
  0xE0FF, 0xE0FF, 0xE0FF, 0xE0FF, 0xE0FF, 0xE0FF, 0xE0FF, 0xE0FF, 0xE0FF, 0xE0FF, 0xE0FF, 0xE0FF, 0xE0FF, 0xE0FF, 0xE0FF, 0xE0FF, 
  0xE0FF, 0xE0FF, 0xE0FF, 0xE0FF, 0xE0FF, 0xE0FF, 0xE0FF, 0xE0FF, 0xE0FF, 0xE0FF, 0xE0FF, 0xE0FF, 0xE0FF, 0xE0FF, 0xE0FF, 0xE0FF, 
  0xEF9F, 0xEE9F, 0xEE97, 0xEF9F, 0xEF9F, 0xEE9F, 0xEF9F, 0xEF9F, 0xEF9F, 0xEF9F, 0xEF9F, 0xEF9F, 0xEE9F, 0xEE9F, 0xEF9F, 0xEF9F, 
  0xEF9F, 0xEF9F, 0xEE9F, 0xEF9F, 0xEF9F, 0xEF9F, 0xEF9F, 0xEF9F, 0xEF9F, 0xEE9F, 0xEE9F, 0xEE9F, 0xEF9F, 0xEF9F, 0xEE9F, 0xEE9F, 
  0xEE9F, 0xEE9F, 0xEE9F, 0xEE9F, 0xEE9F, 0xEE9F, 0xEE9F, 0xEE9F, 0xEE9F, 0xEE9F, 0xEE9F, 0xEE9F, 0xEE9F, 0xEE9F, 0xEE9F, 0xEE9F, 
  0xEE9F, 0xEE9F, 0xEE9F, 0xEE9F, 0xEF9F, 0xEF9F, 0xEE9F, 0xEE9F, 0xEE9F, 0xEF9F, 0xEF9F, 0xEE9F, 0xEE9F, 0xEF97, 0xEE9F, 0xEDA7, 
  0xEBAF, 0xEBAF, 0xEBAF, 0xEBAF, 0xEBAF, 0xEBAF, 0xECA7, 0xED9F, 0xEF9F, 0xCF9F, 0xCD9F, 0xEE9F, 0x8D75, 0xE942, 0x8B53, 0xEA4A, 
  0x4A53, 0x2A4B, 0xCA4A, 0xA94A, 0x6B53, 0x6B53, 0xEA52, 0xE94A, 0x0A4B, 0x0D64, 0x6C5B, 0x4B53, 0x4A53, 0x6B5B, 0xCA4A, 0xCA52, 
  0xC942, 0x4B53, 0x4A53, 0x4B5B, 0x0A4B, 0x2A4B, 0x0A53, 0xA94A, 0xA942, 0xE942, 0x4B53, 0x4B53, 0x2A4B, 0xCA4A, 0x6A5C, 0xEFA7, 
  0xEF97, 0xCF9F, 0xCF9F, 0xEF97, 0xEF9F, 0xEE9F, 0xEE9F, 0xEF9F, 0xED9F, 0xEBA7, 0xEDAF, 0x8E97, 0xCC86, 0xEFA7, 0xD6D7, 0xB1AF, 
  0xEE97, 0xEF9F, 0xEF97, 0xEE97, 0xEE9F, 0xEE9F, 0xEF9F, 0xEF9F, 0xEF9F, 0xEE9F, 0xED9F, 0xEDA7, 0xECA7, 0xECA7, 0xECA7, 0xECA7, 
  0xCCA7, 0xCDA7, 0xF0AF, 0xEEAF, 0xEBA7, 0xECA7, 0xEDAF, 0xEFAF, 0x4F8F, 0xCD7E, 0xF09F, 0xEE97, 0xEF9F, 0xEF9F, 0xEE97, 0xEF9F, 
  0xF09F, 0xEE8E, 0xF09F, 0xEF97, 0x6D8F, 0xF0A7, 0xEF9F, 0xEF97, 0xEE9F, 0xEE9F, 0xCF9F, 0xEF9F, 0xEF9F, 0xEE9F, 0xCE9F, 0xCF97, 
  0xEE9F, 0xED8E, 0x0954, 0xCB64, 0xB1A7, 0xCA4B, 0xA942, 0xCB63, 0x6A53, 0x4A4B, 0x4B53, 0x0B53, 0xEA53, 0xF2B7, 0x93B6, 0x6642, 
  0x2B53, 0xA94A, 0x683A, 0x893A, 0x2953, 0xC663, 0xA7A5, 0x66DF, 0xE3FF, 0xE0FF, 0xE0FF, 0xE0FF, 0xE0FF, 0xE0FF, 0xE0FF, 0xE0FF, 
  0xE0FF, 0xE0FF, 0xE0FF, 0xE0FF, 0xE0FF, 0xE0FF, 0xE0FF, 0xE0FF, 0xE0FF, 0xE0FF, 0xE0FF, 0xE0FF, 0xE0FF, 0xE0FF, 0xE0FF, 0xE0FF, 
  0xE0FF, 0xE0FF, 0xE0FF, 0xE0FF, 0xE0FF, 0xE0FF, 0xE0FF, 0xE0FF, 0xE0FF, 0xE0FF, 0xE0FF, 0xE0FF, 0xE0FF, 0xE0FF, 0xE0FF, 0xE0FF, 
  0xEF9F, 0xEF9F, 0xEE9F, 0xEE9F, 0xEE9F, 0xEE9F, 0xEF9F, 0xEF9F, 0xEF9F, 0xEF9F, 0xEF9F, 0xEF9F, 0xEF9F, 0xEF9F, 0xEF9F, 0xEF9F, 
  0xEF9F, 0xEE9F, 0xEE9F, 0xEF9F, 0xEF9F, 0xEF9F, 0xEF9F, 0xEE9F, 0xEE9F, 0xEE9F, 0xEE9F, 0xEF9F, 0xEE9F, 0xEE9F, 0xEF9F, 0xEF9F, 
  0xEF9F, 0xEF9F, 0xEF9F, 0xEE9F, 0xEF9F, 0xEF9F, 0xEF9F, 0xEF9F, 0xEF9F, 0xEE9F, 0xEF9F, 0xEE9F, 0xEF9F, 0xEF9F, 0xEF9F, 0xEF9F, 
  0xEF9F, 0xEE9F, 0xEE9F, 0xEE9F, 0xEE9F, 0xEE9F, 0xEE9F, 0xEE9F, 0xEE9F, 0xEE9F, 0xEE9F, 0xEE9F, 0xEE9F, 0xEF97, 0xED9F, 0xECAF, 
  0xEBB7, 0xEBAF, 0xEBAF, 0xEBA7, 0xEBAF, 0xEBAF, 0xECA7, 0xEE9F, 0xEF97, 0xEF97, 0xEF9F, 0x2E97, 0x694B, 0x4A53, 0x8A5B, 0x8B53, 
  0x8B53, 0x6B53, 0x0A53, 0xEA52, 0xC942, 0x4B53, 0x4B53, 0x8B53, 0x8B53, 0x6A53, 0xEA4A, 0x4A4B, 0x094B, 0x6842, 0xCA4A, 0xC942, 
  0xE94A, 0x2A53, 0xE94A, 0xA942, 0xCA4A, 0xC94A, 0x6842, 0xEA52, 0xEA4A, 0x2A53, 0xEA4A, 0xEA4A, 0x0A4B, 0x0B53, 0x284B, 0xEF96, 
  0xEF9F, 0xCD97, 0xEF9F, 0xEF9F, 0xEF9F, 0xCF9F, 0xEF97, 0xCD9F, 0xCDAF, 0xCBAF, 0xEEA7, 0x4E86, 0x2B6D, 0xEE9F, 0xF6CF, 0xD3C7, 
  0xEE97, 0xEF9F, 0xEE9F, 0xEE97, 0xEF97, 0xEE9F, 0xEE9F, 0xEF9F, 0xEF9F, 0xEE9F, 0xEE9F, 0xEE9F, 0xEF97, 0xEE97, 0xEE9F, 0xED9F, 
  0xED9F, 0xEE9F, 0xED97, 0xCD9F, 0xED9F, 0xED9F, 0xCCAF, 0xECA7, 0xEE97, 0xEF9F, 0xEE9F, 0xEF97, 0xEF9F, 0xEE9F, 0xEE9F, 0xEF9F, 
  0xEF97, 0xEF9F, 0xEF97, 0xEF97, 0xEF9F, 0xEE97, 0xEF9F, 0xEF9F, 0xEF9F, 0xEF9F, 0xEF9F, 0xEF97, 0xEE9F, 0xED9F, 0xEE9F, 0xEF9F, 
  0x909F, 0x2954, 0xAA4A, 0xE942, 0xEC75, 0x709F, 0x2943, 0x6B5B, 0x4D64, 0x4A4B, 0x2A53, 0xAA42, 0x0954, 0xF3CF, 0x53AE, 0x873A, 
  0xC94A, 0xEA4A, 0xC94A, 0xC94A, 0x8942, 0x6842, 0x693A, 0xE742, 0x068D, 0x45E7, 0xE2FF, 0xE1FF, 0xE0FF, 0xE0FF, 0xE0FF, 0xE0FF, 
  0xC0FF, 0xC0FF, 0xE0FF, 0xE0FF, 0xE0FF, 0xC0FF, 0xC0FF, 0xE0FF, 0xE0FF, 0xE0FF, 0xE0FF, 0xE0FF, 0xE0FF, 0xE0FF, 0xE0FF, 0xE0FF, 
  0xE0FF, 0xE0FF, 0xE0FF, 0xE0FF, 0xE0FF, 0xE0FF, 0xE0FF, 0xE0FF, 0xE0FF, 0xE0FF, 0xE0FF, 0xE0FF, 0xE0FF, 0xE0FF, 0xE0FF, 0xE0FF, 
  0xEF9F, 0xEF9F, 0xEE9F, 0xEE9F, 0xEF9F, 0xEF9F, 0xEF9F, 0xEF9F, 0xEF9F, 0xEF9F, 0xEF9F, 0xEF9F, 0xEF9F, 0xEF9F, 0xEF9F, 0xEF9F, 
  0xEF9F, 0xEE9F, 0xEE9F, 0xEE9F, 0xEE9F, 0xEF9F, 0xEE9F, 0xEE9F, 0xEE9F, 0xEE9F, 0xEE9F, 0xEE9F, 0xEE9F, 0xEE9F, 0xEF9F, 0xEF9F, 
  0xEF9F, 0xEF9F, 0xEF9F, 0xEE9F, 0xEF9F, 0xEF9F, 0xEF9F, 0xEF9F, 0xEF9F, 0xEE9F, 0xEF9F, 0xEE9F, 0xEE9F, 0xEE9F, 0xEE9F, 0xEF9F, 
  0xEF9F, 0xEF9F, 0xEE9F, 0xEE9F, 0xEE9F, 0xEF9F, 0xEF9F, 0xEF9F, 0xEF9F, 0xEF9F, 0xEE9F, 0xEE9F, 0xEF9F, 0xEE9F, 0xEDA7, 0xEBAF, 
  0xEBAF, 0xEBAF, 0xEBAF, 0xEBAF, 0xEBAF, 0xEBAF, 0xEDA7, 0xEE97, 0xEE97, 0xEF97, 0xF09F, 0xAB64, 0xE942, 0x2A53, 0x4B53, 0x6B53, 
  0x6B53, 0xC84A, 0xE94A, 0xE942, 0x8842, 0xE94A, 0x2A4B, 0x6B53, 0xEA4A, 0xC94A, 0x0953, 0xAA42, 0x0E7D, 0x6A64, 0xA83A, 0x4B4B, 
  0x6B5B, 0xE842, 0x8B5B, 0x2A4B, 0x0A53, 0x894A, 0xA94A, 0xEA4A, 0x0A4B, 0x4B53, 0xA942, 0xE94A, 0x6C53, 0x0A4B, 0xC94A, 0x8C64, 
  0xB0A7, 0xF0A7, 0x4F97, 0x6E86, 0x4F8F, 0xEF97, 0xCE9F, 0xD2C7, 0xD5D7, 0xEDA7, 0x8E9F, 0x8A53, 0x494B, 0x4E97, 0xF3C7, 0xF9E7, 
  0xAFA7, 0xEE9F, 0xEE9F, 0xEF9F, 0xEF97, 0xEF9F, 0xEF9F, 0xEF9F, 0xEF9F, 0xEE9F, 0xEF97, 0xF097, 0xF097, 0xF097, 0xEE9F, 0xED9F, 
  0xED9F, 0xEDA7, 0xEDA7, 0xCDA7, 0xCE9F, 0xEE97, 0xEF9F, 0xECA7, 0xEE9F, 0xEF97, 0xEE9F, 0xEF9F, 0xEE9F, 0xEE9F, 0xEF9F, 0xEF9F, 
  0xEF97, 0xEF9F, 0xEE9F, 0xEF9F, 0xEF9F, 0xEF9F, 0xEF9F, 0xEF9F, 0xEF9F, 0xEF97, 0xEE9F, 0xEE9F, 0xED9F, 0xED9F, 0xED9F, 0xEE9F, 
  0xEF8E, 0x4A53, 0x4D5B, 0x8C53, 0x4B5C, 0xAF9F, 0xEE8E, 0x6A43, 0x8B53, 0x4A53, 0x6942, 0x4A4B, 0x8D8E, 0xF5DF, 0xD195, 0x683A, 
  0xEA4A, 0x2A53, 0xA842, 0xEA4A, 0xE94A, 0xE94A, 0xEA4A, 0xCB4A, 0x2842, 0xE652, 0x278D, 0x28D7, 0xE4F7, 0xE1FF, 0xC0FF, 0xC0FF, 
  0xE0FF, 0xE0FF, 0xE0FF, 0xE0FF, 0xE0FF, 0xE0FF, 0xE0FF, 0xE0FF, 0xE0FF, 0xE0FF, 0xE0FF, 0xE0FF, 0xE0FF, 0xE0FF, 0xE0FF, 0xE0FF, 
  0xE0FF, 0xE0FF, 0xE0FF, 0xE0FF, 0xE0FF, 0xE0FF, 0xE0FF, 0xE0FF, 0xE0FF, 0xE0FF, 0xE0FF, 0xE0FF, 0xE0FF, 0xE0FF, 0xE0FF, 0xE0FF, 
  0xEF9F, 0xEF9F, 0xEE9F, 0xEE9F, 0xEF9F, 0xEE9F, 0xEF9F, 0xEF9F, 0xEF9F, 0xEF9F, 0xEF9F, 0xEF9F, 0xEF9F, 0xEF9F, 0xEF9F, 0xEF9F, 
  0xEF9F, 0xEE9F, 0xEF9F, 0xEE9F, 0xEE9F, 0xEE9F, 0xEE9F, 0xEE9F, 0xEE9F, 0xEE9F, 0xEE9F, 0xEE9F, 0xEE9F, 0xEE9F, 0xEF9F, 0xEF9F, 
  0xEE9F, 0xEF9F, 0xEF9F, 0xEE9F, 0xEF9F, 0xEF9F, 0xEE9F, 0xEF9F, 0xEF9F, 0xEE9F, 0xEF9F, 0xEE9F, 0xEE9F, 0xEE9F, 0xEE9F, 0xEF9F, 
  0xEF9F, 0xEF9F, 0xEE9F, 0xEE9F, 0xEE9F, 0xEF9F, 0xEF9F, 0xEF9F, 0xEF9F, 0xEF9F, 0xEE9F, 0xEE9F, 0xEE9F, 0xEDA7, 0xECAF, 0xEBAF, 
  0xEBAF, 0xECA7, 0xECAF, 0xEBAF, 0xEBAF, 0xECA7, 0xEE9F, 0xEF9F, 0xCE9F, 0xEF9F, 0x8D86, 0x0943, 0x2A4B, 0x8C53, 0x6B53, 0xA842, 
  0xAA4A, 0xAA4A, 0xC94A, 0x2A4B, 0x4B53, 0xE94A, 0xEA52, 0x694A, 0x8942, 0x0A4B, 0x0A53, 0xEA52, 0xA94B, 0x0F97, 0x2C75, 0xE942, 
  0x4C5B, 0xCA4A, 0x094B, 0x6B53, 0xC942, 0xC94A, 0x0A53, 0xA942, 0x4B53, 0x6B53, 0x2A4B, 0xC94A, 0xAB53, 0x694B, 0xCC5B, 0x094B, 
  0x6B64, 0xEC6C, 0x694B, 0x873A, 0xAB6D, 0xEFA7, 0xD6D7, 0xFDFF, 0xD2C7, 0xCE9F, 0xE95B, 0x0A4B, 0x2A4B, 0xCA53, 0x8D8E, 0xFBEF, 
  0xD5D7, 0xEC9F, 0xEE9F, 0xEE97, 0xEF97, 0xEF9F, 0xEF9F, 0xEF9F, 0xEF9F, 0xEE9F, 0xEF9F, 0xEE9F, 0xEE9F, 0xED9F, 0xEEA7, 0xEEA7, 
  0xEE9F, 0xECA7, 0xECA7, 0xEDAF, 0xD0B7, 0xEE97, 0xEE97, 0xEE9F, 0xEE9F, 0xEF9F, 0xEF9F, 0xEE97, 0xED97, 0xEE9F, 0xEF97, 0xEE97, 
  0xEE97, 0xEF9F, 0xEE9F, 0xEF97, 0xEF9F, 0xEF9F, 0xEF9F, 0xEF97, 0xEE9F, 0xEF9F, 0xEE9F, 0xECA7, 0xEDA7, 0xCF9F, 0xEE97, 0xF0AF, 
  0x2C75, 0xC842, 0xCA4A, 0xE94A, 0x2A53, 0xAA5C, 0xF0A7, 0xEE86, 0xCA5B, 0x6842, 0x893A, 0x2C65, 0xCFAF, 0xF6D7, 0x4B75, 0xE84A, 
  0x6B53, 0x0A4B, 0xEA4A, 0x0A53, 0xE94A, 0x4B5B, 0xE94A, 0x2953, 0x2B64, 0x0943, 0x8942, 0xE84A, 0x0A8E, 0xA9CF, 0xE5F7, 0xC0FF, 
  0xE0FF, 0xE0FF, 0xC0FF, 0xC1FF, 0xE0FF, 0xE0FF, 0xE0FF, 0xC0FF, 0xC0FF, 0xE0FF, 0xE0FF, 0xE0FF, 0xE0FF, 0xE0FF, 0xE0FF, 0xE0FF, 
  0xE0FF, 0xE0FF, 0xE0FF, 0xE0FF, 0xE0FF, 0xE0FF, 0xE0FF, 0xE0FF, 0xE0FF, 0xE0FF, 0xE0FF, 0xE0FF, 0xE0FF, 0xE0FF, 0xE0FF, 0xE0FF, 
  0xEF9F, 0xEF9F, 0xEE9F, 0xEE9F, 0xEF9F, 0xEF9F, 0xEF9F, 0xEF9F, 0xEF9F, 0xEF9F, 0xEF9F, 0xEF9F, 0xEF9F, 0xEE9F, 0xEF9F, 0xEF9F, 
  0xEE9F, 0xEF9F, 0xEF9F, 0xEF9F, 0xEF9F, 0xEE9F, 0xEE9F, 0xEF9F, 0xEE9F, 0xEE9F, 0xEE9F, 0xEE9F, 0xEE9F, 0xEE9F, 0xEE9F, 0xEE9F, 
  0xEE9F, 0xEE9F, 0xEE9F, 0xEE9F, 0xEE9F, 0xEE9F, 0xEE9F, 0xEE9F, 0xEE9F, 0xEE9F, 0xEE9F, 0xEE9F, 0xEE9F, 0xEE9F, 0xEE9F, 0xEF9F, 
  0xEF9F, 0xEE9F, 0xEE9F, 0xEE9F, 0xEE9F, 0xEE9F, 0xEF9F, 0xEF9F, 0xEF9F, 0xEF9F, 0xEF9F, 0xEE9F, 0xEE9F, 0xECA7, 0xEBAF, 0xEBB7, 
  0xEBAF, 0xEBA7, 0xEBAF, 0xEBAF, 0xECA7, 0xED9F, 0xEE97, 0xEF97, 0xEF97, 0xEF9F, 0x2A5C, 0x0B53, 0x2A5B, 0x094B, 0x084B, 0x2A5C, 
  0x4943, 0xCA4A, 0x0A5B, 0x2A53, 0x2A4B, 0x2A53, 0x8842, 0x8842, 0x2B53, 0xE942, 0x2A4B, 0x4A53, 0x2A4B, 0xA953, 0xD0A7, 0xAA5C, 
  0x483A, 0xAA4A, 0xEA4A, 0x2A53, 0x6B53, 0xAC5B, 0x2A53, 0x4B53, 0x0A4B, 0xE94A, 0x0A4B, 0x2A53, 0xE94A, 0x0A4B, 0x6B53, 0xAB53, 
  0xC942, 0x8842, 0x6842, 0x6B5C, 0x91B7, 0xF9E7, 0xFFFF, 0xD6D7, 0xEEA7, 0xAB64, 0xCA42, 0x6B53, 0xE94A, 0xA942, 0x8743, 0x53B7, 
  0xFCFF, 0xD1BF, 0xED97, 0xEF97, 0xEF9F, 0xEF9F, 0xEF9F, 0xEF9F, 0xEF9F, 0xEE9F, 0xEF9F, 0xEE9F, 0xECA7, 0xEBAF, 0xEBAF, 0xECAF, 
  0xEEA7, 0xED9F, 0xEEAF, 0xAEAF, 0xF3CF, 0xCFA7, 0xEF9F, 0xEF9F, 0xEE9F, 0x8C7E, 0xEE86, 0xEF9F, 0xCE97, 0xCF97, 0xF09F, 0xEF9F, 
  0xEE97, 0xEF97, 0xEF9F, 0xEF9F, 0xEF9F, 0xEE97, 0xEE97, 0xEE97, 0xEF97, 0xEF97, 0xEE97, 0xED9F, 0xED9F, 0xEF9F, 0xF1A7, 0xAD75, 
  0x873A, 0x8942, 0xCA4A, 0x0B53, 0xE952, 0xEA4A, 0x8C75, 0xF0A7, 0x6F97, 0xCC7D, 0x4D7E, 0xAE9F, 0xEFC7, 0x71AF, 0x894B, 0x8C53, 
  0x6B5B, 0x8842, 0xE94A, 0x0A4B, 0x2A53, 0x0A4B, 0xA942, 0x4D6C, 0xD085, 0xCC5B, 0xA952, 0x8A53, 0x0E6D, 0x0954, 0xCA85, 0xEBD7, 
  0xE5EF, 0xC2FF, 0xC1FF, 0xE0FF, 0xC0FF, 0xC0FF, 0xE1FF, 0xE0FF, 0xE0FF, 0xE0FF, 0xE0FF, 0xE0FF, 0xE0FF, 0xE0FF, 0xE0FF, 0xE0FF, 
  0xE0FF, 0xE0FF, 0xE0FF, 0xE0FF, 0xE0FF, 0xE0FF, 0xE0FF, 0xE0FF, 0xE0FF, 0xE0FF, 0xE0FF, 0xE0FF, 0xE0FF, 0xE0FF, 0xE0FF, 0xE0FF, 
  0xEF9F, 0xEF9F, 0xEE9F, 0xEE9F, 0xEF9F, 0xEF9F, 0xEF9F, 0xEF9F, 0xEF9F, 0xEF9F, 0xEF9F, 0xEF9F, 0xEF9F, 0xEE9F, 0xEF9F, 0xEF9F, 
  0xEE9F, 0xEF9F, 0xEF9F, 0xEF9F, 0xEF9F, 0xEE9F, 0xCF9F, 0xEF9F, 0xEE9F, 0xEE9F, 0xEE9F, 0xEE9F, 0xEE9F, 0xEE9F, 0xEE9F, 0xEE9F, 
  0xEE9F, 0xEE9F, 0xEE9F, 0xEE9F, 0xEE9F, 0xEE9F, 0xEE9F, 0xEE9F, 0xEE9F, 0xEE9F, 0xEE9F, 0xEE9F, 0xEE9F, 0xEE9F, 0xEE9F, 0xEF9F, 
  0xEF9F, 0xEE9F, 0xEE9F, 0xEE9F, 0xEE9F, 0xEE9F, 0xEE9F, 0xEE9F, 0xEE9F, 0xEE9F, 0xEF9F, 0xEF9F, 0xED9F, 0xECAF, 0xEBB7, 0xEBAF, 
  0xECAF, 0xEBAF, 0xEBAF, 0xEBAF, 0xECA7, 0xEE9F, 0xEF97, 0xEE97, 0xF09F, 0x4D86, 0x0943, 0x0B53, 0x8842, 0x094B, 0xCB53, 0x2F9F, 
  0xCE86, 0xC94B, 0xC842, 0x4B53, 0x0A4B, 0xAC5B, 0x4A4B, 0x6A53, 0xAB53, 0x8A53, 0x2D64, 0x8A5B, 0xED5B, 0x4842, 0x0B6D, 0xF2A7, 
  0x095C, 0xA842, 0xEA4A, 0xCA4A, 0x094B, 0xAB5B, 0xEA4A, 0xA94A, 0xE94A, 0x6B5B, 0x6B5B, 0xE94A, 0x684A, 0xEB4A, 0x2B53, 0x8B53, 
  0x4B53, 0x0A53, 0xA94B, 0x91AF, 0xFBEF, 0xFFFF, 0xD9E7, 0xEFAF, 0xAC75, 0xCA42, 0x6B53, 0x6B5B, 0x6A53, 0xAB53, 0x4B53, 0x2B75, 
  0xF9E7, 0xFCEF, 0xCFAF, 0xEE9F, 0xEF97, 0xEF9F, 0xEF9F, 0xEF9F, 0xEF9F, 0xEF9F, 0xED9F, 0xECA7, 0xECAF, 0xEBAF, 0xEBAF, 0xEAAF, 
  0xEDA7, 0xED9F, 0xF0B7, 0xB0AF, 0xD4C7, 0xD0B7, 0xEE97, 0xEE97, 0xF09F, 0x4D7E, 0x0854, 0x519F, 0xF0A7, 0xF0A7, 0xCE86, 0xCE86, 
  0xF0A7, 0xEE97, 0xCF97, 0xAE97, 0xEF9F, 0xEF9F, 0xEF9F, 0xEF9F, 0xEF9F, 0xEF9F, 0xEF9F, 0xF0A7, 0x6F9F, 0x0C7E, 0x2954, 0xA83A, 
  0x894A, 0xAA4A, 0x0B53, 0xEA4A, 0xE94A, 0xC942, 0xA842, 0xAD7D, 0xF19F, 0xEFA7, 0xEEAF, 0xEEAF, 0xAEAF, 0xCB64, 0xE94A, 0x2A4B, 
  0xA942, 0xA94A, 0xA942, 0x2A53, 0xAC5B, 0xC94A, 0x0A4B, 0xAB5B, 0xC842, 0x6842, 0xA84A, 0x8B53, 0x0C5C, 0xEA4A, 0x093B, 0x8D6D, 
  0xEEAF, 0xE9BF, 0xE7DF, 0xE3F7, 0xE0FF, 0xC0FF, 0xE0FF, 0xE0FF, 0xE0FF, 0xE0FF, 0xE0FF, 0xE0FF, 0xE0FF, 0xE0FF, 0xE0FF, 0xE0FF, 
  0xE0FF, 0xE0FF, 0xE0FF, 0xE0FF, 0xE0FF, 0xE0FF, 0xE0FF, 0xE0FF, 0xE0FF, 0xE0FF, 0xE0FF, 0xE0FF, 0xE0FF, 0xE0FF, 0xE0FF, 0xE0FF, 
  0xEF9F, 0xEF9F, 0xEE9F, 0xEE9F, 0xEF9F, 0xEF9F, 0xEF9F, 0xEF9F, 0xEF9F, 0xEF9F, 0xEF9F, 0xEF9F, 0xEF9F, 0xEE9F, 0xEE9F, 0xEF9F, 
  0xEE9F, 0xEF9F, 0xEF9F, 0xEF9F, 0xEE9F, 0xEF9F, 0xEF9F, 0xEF9F, 0xEE9F, 0xEE9F, 0xEF9F, 0xEF9F, 0xEE9F, 0xEE9F, 0xEE9F, 0xEE9F, 
  0xEE97, 0xEE97, 0xEE9F, 0xEE9F, 0xEE9F, 0xEE9F, 0xEE9F, 0xEE9F, 0xEE9F, 0xEE9F, 0xEE9F, 0xEE9F, 0xEE9F, 0xEE9F, 0xEF9F, 0xEF9F, 
  0xEF9F, 0xEE9F, 0xEE9F, 0xEE9F, 0xEE9F, 0xEE9F, 0xEE9F, 0xEE9F, 0xEE9F, 0xEE97, 0xEE9F, 0xEE9F, 0xECA7, 0xECAF, 0xECB7, 0xECAF, 
  0xEBAF, 0xEBAF, 0xEBA7, 0xECAF, 0xEDA7, 0xEE97, 0xEF97, 0xEE97, 0xB09F, 0xCA5B, 0xA842, 0xEA4A, 0x6C5B, 0x6B53, 0xEB64, 0xAF9F, 
  0xEF9F, 0x909F, 0x0B6D, 0x2943, 0x4B53, 0x2A4B, 0x6B53, 0xED63, 0x2A4B, 0xCB5B, 0xCB5B, 0x8B53, 0xCC5B, 0xC94A, 0xA842, 0xEF8E, 
  0x70A7, 0x2743, 0xC942, 0xE952, 0xA94A, 0xE942, 0x8842, 0x2B53, 0x4B53, 0x4B53, 0xAC5B, 0xE94A, 0x4A53, 0x0A53, 0xC94A, 0x4A4B, 
  0x8B5B, 0x4843, 0xD09E, 0xFBF7, 0xDFFF, 0xFBEF, 0xF0B7, 0xEC7D, 0xE94A, 0x4B53, 0x0A4B, 0x4A53, 0xAB5B, 0x2A4B, 0x4B53, 0xC84A, 
  0x6F9E, 0xFFFF, 0xD8EF, 0xCDA7, 0xEF97, 0xEF9F, 0xEE9F, 0xEE9F, 0xEF9F, 0xEF97, 0xED9F, 0xEBAF, 0xEBAF, 0xECAF, 0xECAF, 0xEDAF, 
  0xEEB7, 0xEC9F, 0xF0BF, 0xD1B7, 0xB3C7, 0xF0B7, 0xED97, 0xEE9F, 0xF09F, 0x4F97, 0xA953, 0x694B, 0x0A65, 0xEF96, 0xAF96, 0x084C, 
  0x4F97, 0xEF9F, 0x6D8F, 0x0C87, 0xF0A7, 0x8F8E, 0xCC75, 0x4D7E, 0x0D7E, 0xCD7D, 0x4C75, 0x6A64, 0xA953, 0x2A4B, 0x4B53, 0x2A53, 
  0xA84A, 0xC94A, 0xE94A, 0xE94A, 0x2B53, 0xAC5B, 0x2A53, 0x673A, 0x495C, 0x4E8E, 0x8E96, 0xEC85, 0x874B, 0x8B63, 0x4D6C, 0xEA4A, 
  0x0A53, 0x0A4B, 0xA842, 0xA942, 0xEA4A, 0x4B53, 0xAB5B, 0x6953, 0xCA52, 0x083A, 0x8842, 0xA942, 0xCA4A, 0xEC5B, 0x6C5B, 0xA742, 
  0x8C75, 0xEF9F, 0xED97, 0xECB7, 0xC9D7, 0xE5EF, 0xE0FF, 0xE0FF, 0xC0FF, 0xE0FF, 0xE0FF, 0xE0FF, 0xE0FF, 0xE0FF, 0xE0FF, 0xE0FF, 
  0xE0FF, 0xE0FF, 0xE0FF, 0xE0FF, 0xE0FF, 0xE0FF, 0xE0FF, 0xE0FF, 0xE0FF, 0xE0FF, 0xE0FF, 0xE0FF, 0xE0FF, 0xE0FF, 0xE0FF, 0xE0FF, 
  0xEF9F, 0xEE9F, 0xEE9F, 0xEE9F, 0xEE9F, 0xEF9F, 0xEF9F, 0xEF9F, 0xEF9F, 0xEE97, 0xEE97, 0xEE97, 0xEF9F, 0xEE97, 0xEE97, 0xEF9F, 
  0xEF9F, 0xEF9F, 0xEE9F, 0xEF9F, 0xEE9F, 0xEF9F, 0xEE9F, 0xEE9F, 0xEE9F, 0xEE9F, 0xEE9F, 0xEE9F, 0xEE9F, 0xEE9F, 0xEE9F, 0xEF9F, 
  0xEF97, 0xEE97, 0xEE9F, 0xEE9F, 0xEF9F, 0xEE9F, 0xEE9F, 0xEE9F, 0xEE9F, 0xEF9F, 0xEE9F, 0xEE9F, 0xEE9F, 0xEE9F, 0xEF9F, 0xEE9F, 
  0xEE9F, 0xEE9F, 0xEE97, 0xEE9F, 0xEE9F, 0xEE9F, 0xEE9F, 0xEF9F, 0xEF97, 0xEE9F, 0xED9F, 0xECA7, 0xEBAF, 0xEBAF, 0xECAF, 0xEBAF, 
  0xEBAF, 0xEBAF, 0xECA7, 0xEDA7, 0xEE9F, 0xEE97, 0xCF9F, 0xEF9F, 0x2D7E, 0xE942, 0x0A4B, 0xE94A, 0x0B53, 0xC842, 0xCD8E, 0xF0A7, 
  0xCE97, 0xEE9F, 0xF1AF, 0xCD7D, 0xE842, 0xA842, 0x0A4B, 0x2A4B, 0x6A53, 0xAC5B, 0x0A4B, 0x0A4B, 0xC94A, 0xC942, 0xE94A, 0xAA5C, 
  0xEFAF, 0x6C8E, 0xE93A, 0x0A53, 0x4C5B, 0x4A53, 0xA942, 0x0A53, 0x2A53, 0x2A4B, 0x2A53, 0x0A4B, 0x2B4B, 0x4B53, 0x0953, 0x0C5C, 
  0x4D64, 0xCC7D, 0xF8E7, 0xFFFF, 0xFAEF, 0xD1B7, 0xED7D, 0x8A4B, 0xAC63, 0x6B53, 0xE942, 0x2B53, 0xEA52, 0x8842, 0xA94A, 0xA942, 
  0x4A5C, 0xB8D7, 0xFEFF, 0xD3C7, 0xCD9F, 0xEE97, 0xEF97, 0xEE9F, 0xEF97, 0xEF97, 0xEE9F, 0xECAF, 0xEBAF, 0xEBAF, 0xEBA7, 0xCEB7, 
  0xF2CF, 0xED97, 0xF2BF, 0xD3BF, 0xB2BF, 0xD0B7, 0xEE97, 0xEF9F, 0xEF9F, 0xCE97, 0xAC6C, 0xAA4A, 0x8942, 0x0843, 0x0C6D, 0x8A53, 
  0xEC75, 0xF1A7, 0x8C7E, 0xED8E, 0xAC75, 0x683A, 0x8A53, 0x4A4B, 0x6942, 0xCA4A, 0xA94A, 0xA942, 0x6B53, 0x4A4B, 0x4A4B, 0x4B53, 
  0x0A4B, 0xEA4A, 0x2A53, 0xE94A, 0xC94A, 0x4B53, 0x4B53, 0x8842, 0x8942, 0x4A53, 0x0943, 0xA942, 0xC94A, 0xC942, 0xCC5B, 0x2A53, 
  0xEA4A, 0x8B5B, 0x0953, 0x8A4A, 0xCA4A, 0x6B53, 0x294B, 0x2A4B, 0x4B5B, 0xC94A, 0xA942, 0x0A53, 0x6842, 0x8942, 0xC94A, 0xA942, 
  0x494B, 0x4F97, 0xEE9F, 0xEF97, 0xCE97, 0xEDA7, 0xCBBF, 0xE7E7, 0xE3F7, 0xE1FF, 0xE0FF, 0xE0FF, 0xC0FF, 0xC0FF, 0xE0FF, 0xE0FF, 
  0xE0FF, 0xE0FF, 0xE0FF, 0xE0FF, 0xE0FF, 0xE0FF, 0xE0FF, 0xE0FF, 0xE0FF, 0xE0FF, 0xE0FF, 0xE0FF, 0xE0FF, 0xE0FF, 0xE0FF, 0xE0FF, 
  0xEF9F, 0xEE9F, 0xEE9F, 0xEE9F, 0xEE9F, 0xEF9F, 0xEF9F, 0xEF9F, 0xEF9F, 0xEF9F, 0xEF9F, 0xEE9F, 0xEF9F, 0xEF9F, 0xEF9F, 0xEF9F, 
  0xEF9F, 0xEF9F, 0xEF9F, 0xEF9F, 0xEF9F, 0xEF9F, 0xEF9F, 0xEF9F, 0xEE9F, 0xEE9F, 0xEF9F, 0xEE9F, 0xEE9F, 0xEE9F, 0xEFA7, 0xEE9F, 
  0xEF9F, 0xEE97, 0xEE9F, 0xEE9F, 0xEF9F, 0xEE9F, 0xEE9F, 0xEE9F, 0xEE9F, 0xEF9F, 0xEE9F, 0xEE9F, 0xEE9F, 0xEE9F, 0xEE9F, 0xEE9F, 
  0xEE9F, 0xEE9F, 0xEE9F, 0xEE9F, 0xEE9F, 0xEE9F, 0xEE9F, 0xEF97, 0xEF97, 0xEE9F, 0xEDA7, 0xECAF, 0xEBAF, 0xEBAF, 0xEBAF, 0xEBB7, 
  0xEBAF, 0xEBAF, 0xECA7, 0xEE9F, 0xEE97, 0xEF97, 0xEF9F, 0x8F9F, 0x0A5C, 0x2A53, 0x0B53, 0x2A53, 0xE942, 0xEB64, 0xF0A7, 0xCF97, 
  0xEF97, 0xEF97, 0xCE9F, 0xF0A7, 0x0D86, 0x2843, 0x2A53, 0x094B, 0xAB53, 0x094B, 0xEA4A, 0xA952, 0x2A4B, 0xC83A, 0x2A53, 0x8D64, 
  0x4D97, 0xEDAF, 0x2B6D, 0x673A, 0x8C5B, 0x0A53, 0xEA4A, 0xC94A, 0xA842, 0x0A4B, 0xE94A, 0xC94A, 0x2B4B, 0x8B53, 0x8B5B, 0xAB53, 
  0xAB5C, 0xD5CF, 0xFFFF, 0xF9EF, 0xF0AF, 0x0B65, 0xE94A, 0xC942, 0x0A4B, 0x8B53, 0xAC5B, 0x4B53, 0xEA4A, 0xC94A, 0xAC5B, 0x6B53, 
  0x2943, 0x5096, 0xFEFF, 0xDCEF, 0xCEAF, 0xED97, 0xEE97, 0xEF9F, 0xEE9F, 0xEE97, 0xEF9F, 0xEDA7, 0xEBAF, 0xEBAF, 0xEAA7, 0xCEB7, 
  0xD4D7, 0xCE9F, 0xF3BF, 0xD4BF, 0xCFB7, 0xEFAF, 0xEE97, 0xEF9F, 0xEF9F, 0xEF9F, 0x6B64, 0x2B53, 0x4B5B, 0xEA52, 0xEA42, 0x693A, 
  0x0B65, 0xEE8E, 0xAC6D, 0x8D7D, 0x6943, 0x4B4B, 0x6C6C, 0x2B4B, 0xEB52, 0xA942, 0x8B5B, 0x2943, 0x6B53, 0x6B5B, 0x0A4B, 0x4B53, 
  0xC94A, 0xC942, 0xE94A, 0x6C5B, 0xA842, 0xCA4A, 0x0A53, 0xC94A, 0x4B53, 0xE942, 0xE94A, 0x0A53, 0x4B53, 0x8B53, 0xCC5B, 0x094B, 
  0x8842, 0xA94A, 0x8842, 0x6842, 0xA842, 0x0953, 0xEA4A, 0xEA4A, 0xAB53, 0x8B53, 0xA94A, 0x8942, 0xE94A, 0x0A4B, 0xEA4A, 0x0B53, 
  0xAA53, 0x0E8F, 0xEF9F, 0xEF97, 0xEE97, 0xEE97, 0xCF9F, 0xCE9F, 0xECAF, 0xEAC7, 0xA7DF, 0xA4F7, 0xE2FF, 0xE1FF, 0xE0FF, 0xC0FF, 
  0xC0FF, 0xE0FF, 0xE0FF, 0xE0FF, 0xC0FF, 0xE0FF, 0xE0FF, 0xE0FF, 0xE0FF, 0xE0FF, 0xE0FF, 0xE0FF, 0xE0FF, 0xE0FF, 0xE0FF, 0xE0FF, 
  0xEF9F, 0xEE9F, 0xEE9F, 0xEE9F, 0xEE9F, 0xEF9F, 0xEF9F, 0xEF9F, 0xEF9F, 0xEF9F, 0xEF9F, 0xEE9F, 0xEF9F, 0xEF9F, 0xEF9F, 0xEF9F, 
  0xEF9F, 0xEF9F, 0xEF9F, 0xEF9F, 0xEE9F, 0xEF9F, 0xEF9F, 0xEF9F, 0xEE9F, 0xEE9F, 0xEE9F, 0xEE9F, 0xEE9F, 0xEE9F, 0xEE9F, 0xEE9F, 
  0xEE9F, 0xEE9F, 0xEE9F, 0xEE9F, 0xEE9F, 0xEE9F, 0xEE9F, 0xEE9F, 0xEE9F, 0xEE9F, 0xEE9F, 0xEE9F, 0xEE9F, 0xEE9F, 0xEE9F, 0xEE9F, 
  0xEFA7, 0xEE9F, 0xEE9F, 0xEE9F, 0xEE9F, 0xEE9F, 0xEE9F, 0xEE9F, 0xEE9F, 0xED9F, 0xECAF, 0xEBAF, 0xEBAF, 0xEBAF, 0xEBAF, 0xEBAF, 
  0xEBAF, 0xECA7, 0xEE9F, 0xEF97, 0xEF9F, 0xEE97, 0xF09F, 0x8C75, 0xE94A, 0x2A4B, 0x4C5B, 0x0A53, 0x4A53, 0xCE8E, 0xEF9F, 0xCF97, 
  0xEF9F, 0xEE9F, 0xEE97, 0xEE97, 0xEFA7, 0x0F97, 0xAB53, 0xCA42, 0x0B53, 0x4A53, 0x494B, 0x2D6C, 0x4B64, 0xC94A, 0x4B53, 0x0C54, 
  0x2D7E, 0xEFB7, 0x50B7, 0x884B, 0x2A4B, 0x6B53, 0x2A53, 0xE94A, 0x4B53, 0x6B5B, 0x2A53, 0x2A53, 0x084B, 0xAB5B, 0x2B4B, 0x8A4B, 
  0xCF9E, 0xFCF7, 0xFBE7, 0xB0AF, 0xAA64, 0xE942, 0x2A53, 0x4B5B, 0x0A4B, 0xE94A, 0x2A4B, 0xE94A, 0xEA4A, 0xCA4A, 0xCC53, 0x2D64, 
  0x4A4B, 0x495C, 0xDADF, 0xFFFF, 0xD4CF, 0xCD9F, 0xEE97, 0xF09F, 0xEE97, 0xEE9F, 0xEF9F, 0xEE9F, 0xEBAF, 0xCBAF, 0xEBAF, 0xCEB7, 
  0xD6DF, 0xCE9F, 0xF2BF, 0xD5BF, 0xECA7, 0xEDA7, 0xEF97, 0xEF9F, 0xEF97, 0xEF9F, 0x2A5C, 0xEA4A, 0xA94A, 0x8842, 0xC942, 0x4B5B, 
  0x295C, 0x8D7D, 0x2B5C, 0xE94A, 0xAB53, 0x2D5C, 0x2B53, 0x894A, 0x0A4B, 0x4B53, 0x8B5B, 0x2A53, 0xE94A, 0x4B53, 0x2B53, 0xE94A, 
  0x0A53, 0x2B53, 0x0A4B, 0x4B53, 0xEA4A, 0xAA4A, 0xE94A, 0xEC63, 0x4A53, 0x2A4B, 0x2B53, 0xE94A, 0x2A53, 0x6B53, 0x2A4B, 0xAC5B, 
  0xCC63, 0x6B53, 0x0A4B, 0x0A4B, 0x0A53, 0x8C5B, 0x0B4B, 0x4B5B, 0x8A5B, 0x294B, 0xAB5B, 0x8B5B, 0x8B5B, 0x4B53, 0x0A53, 0x0A4B, 
  0x2843, 0x2E8F, 0xEF9F, 0xEF9F, 0xEF9F, 0xEF9F, 0xEE9F, 0xEE97, 0xEF97, 0xEE97, 0x8D8F, 0xEC96, 0x089E, 0xC7C6, 0x86DF, 0xE4FF, 
  0xE1FF, 0xE0FF, 0xC0FF, 0xE0FF, 0xE0FF, 0xE0FF, 0xE0FF, 0xE0FF, 0xE0FF, 0xE0FF, 0xE0FF, 0xE0FF, 0xE0FF, 0xE0FF, 0xE0FF, 0xE0FF, 
  0xEF9F, 0xEF9F, 0xEE9F, 0xEE9F, 0xEE9F, 0xEF9F, 0xEF9F, 0xEF9F, 0xEF9F, 0xEF9F, 0xEF9F, 0xEF9F, 0xEF9F, 0xEE9F, 0xEE9F, 0xEE9F, 
  0xEE9F, 0xEE9F, 0xEF9F, 0xEF9F, 0xEE9F, 0xEF9F, 0xEF9F, 0xEF9F, 0xEE9F, 0xEE9F, 0xEE9F, 0xEE9F, 0xEE9F, 0xEE9F, 0xEE9F, 0xEE9F, 
  0xEF9F, 0xEF9F, 0xEE9F, 0xEE9F, 0xEE9F, 0xEE9F, 0xEF9F, 0xEF9F, 0xEE9F, 0xEE9F, 0xEE9F, 0xEE9F, 0xEE9F, 0xEE9F, 0xEE9F, 0xEE9F, 
  0xEE9F, 0xEE9F, 0xEE9F, 0xEE9F, 0xEE9F, 0xEE9F, 0xEE97, 0xEE9F, 0xED9F, 0xECA7, 0xEBAF, 0xEBAF, 0xEBAF, 0xEBAF, 0xEBAF, 0xEBAF, 
  0xECAF, 0xED9F, 0xEF97, 0xEF9F, 0xCF9F, 0xEF9F, 0x2E8F, 0x094B, 0x0A4B, 0x4A53, 0x2A53, 0xCA42, 0xA953, 0xAF9F, 0xEF9F, 0xEE9F, 
  0xEE9F, 0xEE9F, 0xEF9F, 0xEF97, 0xEE97, 0xEF9F, 0x0F97, 0xC953, 0xE94A, 0x6B5B, 0x4A53, 0x8A53, 0x908E, 0x2954, 0xC942, 0x8B53, 
  0x8943, 0x51A7, 0xF8EF, 0x0C86, 0x4A53, 0x6B53, 0x8B53, 0x6B5B, 0x8C5B, 0xE94A, 0xE94A, 0xE94A, 0x8C5B, 0x4B53, 0x0B53, 0xCA64, 
  0xF6DF, 0xFCF7, 0xF0B7, 0xEB6C, 0xC942, 0x6B53, 0xCC5B, 0x2A4B, 0x0A53, 0xA94A, 0xC94A, 0xC94A, 0xEA52, 0x0A53, 0x6A53, 0x8A4B, 
  0xCC63, 0x894B, 0xB2A6, 0xFFFF, 0xFBEF, 0xCEAF, 0xEF97, 0xEF97, 0xEE9F, 0xEF9F, 0xEF9F, 0xEF9F, 0xECA7, 0xCDB7, 0xD1C7, 0xAFB7, 
  0xD8E7, 0xCFA7, 0xF1B7, 0xD2B7, 0xEC9F, 0xED9F, 0xEF9F, 0xEE9F, 0xEF97, 0xEF9F, 0x2A5C, 0xEA4A, 0xCA4A, 0xEA4A, 0x4953, 0x094B, 
  0xAB5B, 0xAB5B, 0x2A4B, 0xA94A, 0x0A53, 0x8B53, 0x4B53, 0x0B53, 0x873A, 0x4B5B, 0xCC63, 0x8B53, 0x0A4B, 0x8942, 0xA942, 0x2B53, 
  0x2B53, 0x2A53, 0x2B53, 0x2A53, 0xC94A, 0xA942, 0xC842, 0x6A53, 0x4A4B, 0x2A4B, 0xCD63, 0x6B53, 0xC942, 0xEA52, 0x2A53, 0x2A4B, 
  0x6B53, 0x8B5B, 0xC942, 0xCA4A, 0xAA52, 0xC94A, 0x0843, 0xE942, 0xCA4A, 0xCD63, 0x4D64, 0x2C5C, 0x8B53, 0x4A53, 0x2B53, 0x0A4B, 
  0x684B, 0xAF9F, 0xEE9F, 0xEE9F, 0xEF9F, 0xEF97, 0xEF97, 0xEE9F, 0xEF9F, 0xEE9F, 0xEF9F, 0xEF9F, 0x2E87, 0x2C76, 0xE964, 0x087D, 
  0x27B6, 0x64EF, 0xE1FF, 0xE1FF, 0xE0FF, 0xC0FF, 0xC0FF, 0xE0FF, 0xE0FF, 0xE0FF, 0xE0FF, 0xE0FF, 0xE0FF, 0xE0FF, 0xE0FF, 0xE0FF, 
  0xEF9F, 0xEF9F, 0xEE9F, 0xEE9F, 0xEE9F, 0xEF9F, 0xEF9F, 0xEF9F, 0xEF9F, 0xEF9F, 0xEF9F, 0xEE9F, 0xEE9F, 0xEE9F, 0xEE9F, 0xEE9F, 
  0xEE9F, 0xEE9F, 0xEF9F, 0xEF9F, 0xEE9F, 0xEF9F, 0xEF9F, 0xEF9F, 0xEE9F, 0xEE9F, 0xEE9F, 0xEE9F, 0xEE9F, 0xEE9F, 0xEE97, 0xEE9F, 
  0xEF9F, 0xEF9F, 0xEF9F, 0xEE9F, 0xEE9F, 0xEE9F, 0xEF9F, 0xEF9F, 0xEE9F, 0xEE9F, 0xEF9F, 0xEF9F, 0xEE9F, 0xEE9F, 0xEE9F, 0xEE9F, 
  0xEE9F, 0xEE9F, 0xEE9F, 0xEE9F, 0xEE9F, 0xEE9F, 0xEE97, 0xED9F, 0xECA7, 0xEBAF, 0xEBAF, 0xEBAF, 0xEBAF, 0xEBAF, 0xEBAF, 0xEBAF, 
  0xEDA7, 0xEE9F, 0xEF9F, 0xEF9F, 0xEE97, 0xD0A7, 0x4A5C, 0xCA4A, 0x8B53, 0x0A53, 0x0A4B, 0xC942, 0x0C6D, 0xF0A7, 0xEE97, 0xEE9F, 
  0xEE9F, 0xEF9F, 0xEF9F, 0xEE9F, 0xEF97, 0xEF97, 0xEE9F, 0x2F97, 0x6843, 0x6842, 0xC94A, 0x8842, 0xAB64, 0xD0A7, 0xAB64, 0x2A4B, 
  0xE94A, 0x2D7E, 0xFAE7, 0xD5D7, 0x0854, 0x8842, 0xE94A, 0xC942, 0x2B53, 0xA942, 0xE94A, 0xE94A, 0x4B53, 0x2B53, 0x0943, 0xAD96, 
  0xFBEF, 0xF5CF, 0x0C7E, 0x294B, 0x0B53, 0x6B53, 0x4C64, 0x2A4B, 0xA94A, 0xC94A, 0x0A4B, 0x2B53, 0xA94A, 0x4B53, 0x4A53, 0x2A53, 
  0x6C5B, 0x8A53, 0xEB6C, 0xFBEF, 0xFFFF, 0xD3CF, 0xCD9F, 0xEE9F, 0xEE9F, 0xEF97, 0xEE9F, 0xEF97, 0xED9F, 0xCEB7, 0xF7E7, 0xB0B7, 
  0xD8E7, 0xD0A7, 0xEEAF, 0xCFB7, 0xED9F, 0xEE9F, 0xEE9F, 0xEE9F, 0xEE97, 0xEF9F, 0x6B64, 0x6942, 0x6942, 0x693A, 0x4B53, 0xC942, 
  0x0B53, 0x0B53, 0x0A4B, 0xE94A, 0x894A, 0x883A, 0x094B, 0xC94A, 0xA94A, 0xA942, 0xC94A, 0xC942, 0xC942, 0x0A53, 0xC94A, 0xCA4A, 
  0xA94A, 0x2B53, 0x4B53, 0xEA4A, 0x8942, 0xEA4A, 0x0A53, 0xA942, 0x0A53, 0xEA4A, 0xE94A, 0x6B53, 0x0A53, 0x0A4B, 0x6B53, 0x4B53, 
  0xC942, 0x6B5B, 0xC94A, 0x694A, 0x073A, 0x284B, 0x0D86, 0xED7D, 0x6A5C, 0x4943, 0x6B53, 0x0D64, 0x8B53, 0x0A4B, 0xA942, 0x8842, 
  0x4B64, 0xF0A7, 0xEE97, 0xEE9F, 0xEE97, 0xEE97, 0xEE97, 0xEE9F, 0xEE9F, 0xEF9F, 0xEE9F, 0xED9F, 0xEE97, 0xF0A7, 0xCFA7, 0xCE7E, 
  0xCB6D, 0x697D, 0x06A6, 0xA3C6, 0xA6EF, 0xE2FF, 0xE1FF, 0xE0FF, 0xE0FF, 0xE0FF, 0xE1FF, 0xE0FF, 0xE0FF, 0xE0FF, 0xE0FF, 0xE0FF, 
  0xEF9F, 0xEF9F, 0xEE9F, 0xEE9F, 0xEE9F, 0xEF9F, 0xEF9F, 0xEF9F, 0xEF9F, 0xEF9F, 0xEF9F, 0xEF9F, 0xEF9F, 0xEE9F, 0xEE9F, 0xEE9F, 
  0xEE9F, 0xEE9F, 0xEF9F, 0xEE9F, 0xEF9F, 0xEF9F, 0xEF9F, 0xEF9F, 0xEE9F, 0xEE9F, 0xEE9F, 0xEE9F, 0xEF9F, 0xEF9F, 0xEE97, 0xEE9F, 
  0xEF9F, 0xEF9F, 0xEE9F, 0xEE9F, 0xEE9F, 0xEE9F, 0xEF9F, 0xEF9F, 0xEE9F, 0xEE9F, 0xEF9F, 0xEF9F, 0xEF9F, 0xEF9F, 0xEF9F, 0xEF9F, 
  0xEE9F, 0xEE9F, 0xEE9F, 0xEE97, 0xEE9F, 0xEE9F, 0xED9F, 0xECA7, 0xEBAF, 0xEBAF, 0xEBAF, 0xECAF, 0xEBAF, 0xEBA7, 0xEBAF, 0xECAF, 
  0xEE9F, 0xEF97, 0xEE9F, 0xEF97, 0xEF9F, 0x4E86, 0xA842, 0xC942, 0x8B53, 0x6B5B, 0x0A4B, 0xC842, 0x0D7E, 0xEF9F, 0xEE97, 0xEE9F, 
  0xEF9F, 0xEF9F, 0xEF9F, 0xEE9F, 0xEF9F, 0xEE9F, 0xEE97, 0xF09F, 0x1097, 0x684B, 0xCA42, 0xC94A, 0x4742, 0xED7D, 0xF1AF, 0xCB64, 
  0xC842, 0x4B6D, 0xF6CF, 0xFCFF, 0xD09E, 0xE94A, 0xE94A, 0x4A4B, 0x4C5B, 0x2A53, 0x2A4B, 0x4A53, 0x0C5C, 0x2A4B, 0x2954, 0xD3C7, 
  0xF8E7, 0x0E97, 0xEB5B, 0xEA4A, 0xCA4A, 0xE94A, 0xA842, 0x4A53, 0x2A53, 0x0A4B, 0x2A53, 0xE94A, 0x2A53, 0xE94A, 0xEA4A, 0x0A53, 
  0x2A4B, 0x0A43, 0x274B, 0x33BF, 0xFFFF, 0xFAE7, 0xCDA7, 0xEE9F, 0xEE9F, 0xEF97, 0xEE9F, 0xEF97, 0xEE9F, 0xCCAF, 0xFAEF, 0xB3C7, 
  0xD7DF, 0xD1AF, 0xECA7, 0xEDA7, 0xEE9F, 0xEE9F, 0xED9F, 0xEDA7, 0xEE97, 0xEF9F, 0xAC64, 0x6842, 0xCA4A, 0x0A53, 0x6842, 0xA942, 
  0xEA4A, 0xC94A, 0x4A53, 0xEA4A, 0x2A4B, 0x0A4B, 0x4B5B, 0xE94A, 0x0A4B, 0x4A53, 0xC94A, 0xC94A, 0xC94A, 0x6B5B, 0x0A4B, 0xEA4A, 
  0xA942, 0x2A53, 0xC942, 0xC94A, 0xCA4A, 0x8842, 0xC94A, 0x2A53, 0x2A53, 0x2A53, 0x2A4B, 0x294B, 0x4A4B, 0x2A4B, 0x6B53, 0x0A53, 
  0x894A, 0xEA4A, 0xC942, 0x894A, 0x083A, 0x0A54, 0xF0A7, 0xEFA7, 0xF0A7, 0xAE8E, 0x0A54, 0xC942, 0x2B53, 0xA842, 0xC942, 0x8C53, 
  0xA953, 0xB09F, 0xEF97, 0xF097, 0xEF9F, 0xEE9F, 0xEE9F, 0xEF9F, 0xEE97, 0xEF97, 0xEF97, 0xEF97, 0xEF9F, 0xEF97, 0xEE97, 0xEF9F, 
  0xEFA7, 0xEF9F, 0x2E8F, 0x6C7E, 0x8B8E, 0x48AF, 0xA7D7, 0xE4F7, 0xE1FF, 0xE0FF, 0xE0FF, 0xE0FF, 0xE0FF, 0xE0FF, 0xE0FF, 0xE0FF, 
  0xEF9F, 0xEE9F, 0xEE9F, 0xEE9F, 0xEF9F, 0xEF9F, 0xEF9F, 0xEF9F, 0xEF9F, 0xEF9F, 0xEF9F, 0xEF9F, 0xF0A7, 0xCF9F, 0xEE9F, 0xEE9F, 
  0xEE9F, 0xEF9F, 0xEE9F, 0xEE9F, 0xEE9F, 0xEF9F, 0xEF9F, 0xEE9F, 0xEE9F, 0xEE9F, 0xEF9F, 0xEF9F, 0xEF9F, 0xEF9F, 0xEF9F, 0xEF9F, 
  0xEE9F, 0xEE9F, 0xEE9F, 0xEE9F, 0xEE9F, 0xEE9F, 0xEE9F, 0xEE9F, 0xEE9F, 0xEF9F, 0xEF9F, 0xEE9F, 0xEE9F, 0xEF9F, 0xEF9F, 0xEF9F, 
  0xEF9F, 0xEE9F, 0xED9F, 0xEDA7, 0xEDA7, 0xECA7, 0xEBAF, 0xEBAF, 0xEBAF, 0xEBAF, 0xEBAF, 0xEBAF, 0xECAF, 0xEBA7, 0xEBAF, 0xEDA7, 
  0xEE97, 0xEF97, 0xCF9F, 0xEF9F, 0x2E8F, 0xCA4B, 0x2B5B, 0x294B, 0xCC5B, 0x8B53, 0x0A4B, 0xE942, 0xEE8E, 0xEF9F, 0xEF97, 0xEF9F, 
  0xEF9F, 0xEF9F, 0xEF9F, 0xEF9F, 0xEE9F, 0xEF9F, 0xEE97, 0xED97, 0xF0A7, 0xAF8E, 0x0843, 0xC94A, 0xCA52, 0x2843, 0x2E8F, 0xF0AF, 
  0x6A5C, 0x895C, 0xF0AF, 0xFCEF, 0xF9E7, 0x0A6D, 0xC94A, 0xAC5B, 0x4A53, 0xAC5B, 0x4B4B, 0xE94A, 0xEC5B, 0x6A4B, 0x0C7E, 0xF6DF, 
  0xF2BF, 0x4B6D, 0xA942, 0x2A53, 0x2A53, 0x2B53, 0x0A4B, 0xA942, 0xE94A, 0x2A53, 0x094B, 0x8B5B, 0x4B53, 0x094B, 0x8942, 0x6842, 
  0x8B53, 0x2B53, 0xA83A, 0xAD85, 0xFCF7, 0xFEFF, 0xD1BF, 0xED9F, 0xEF9F, 0xEF97, 0xEF97, 0xEF9F, 0xEF9F, 0xEAA7, 0xF8E7, 0x98DF, 
  0xD6DF, 0xD3B7, 0xEC9F, 0xEC9F, 0xEE9F, 0xEE9F, 0xEC9F, 0xCDAF, 0xEE97, 0xEF9F, 0xCC6C, 0xA94A, 0x0A4B, 0x6B53, 0x2A53, 0xA842, 
  0x2B53, 0x2A53, 0x0943, 0xAC5B, 0x6B53, 0x8B53, 0xCC5B, 0x4B53, 0xC94A, 0x4A53, 0xCC63, 0x4A4B, 0x6B53, 0xC94A, 0x0A53, 0x2A53, 
  0xCD63, 0x2A53, 0xEA4A, 0x6C5B, 0xEA4A, 0x8942, 0x4A53, 0x0C5C, 0xCB5B, 0x0C64, 0xAB5B, 0x0C64, 0xEC5B, 0x4A53, 0x2A53, 0xA942, 
  0xA94A, 0x8942, 0x683A, 0xA94A, 0x6942, 0xA953, 0xCF9F, 0xEF97, 0xCF9F, 0xEF9F, 0xD09F, 0xAB64, 0xA94A, 0x2B5B, 0xAB53, 0xCD5B, 
  0x2943, 0xAD7D, 0xF0A7, 0xEE8F, 0xF09F, 0xEE97, 0xEE97, 0xEF9F, 0xEF97, 0xEF9F, 0xEF9F, 0xEE9F, 0xEF9F, 0xEF9F, 0xEF9F, 0xEE9F, 
  0xEE97, 0xEE9F, 0xEF9F, 0xF09F, 0xEF9F, 0xAE8F, 0xAD97, 0xECAF, 0xE9C7, 0xE5E7, 0xE2FF, 0xE0FF, 0xE0FF, 0xC0FF, 0xC0FF, 0xE0FF, 
  0xEF9F, 0xEE9F, 0xEE9F, 0xEE9F, 0xEF9F, 0xEF9F, 0xEF9F, 0xEF9F, 0xEF9F, 0xEF9F, 0xEF9F, 0xEF9F, 0xEF9F, 0xEF9F, 0xEE97, 0xEE9F, 
  0xEF9F, 0xEF9F, 0xEE9F, 0xEE9F, 0xEE9F, 0xF09F, 0xEF9F, 0xEE9F, 0xEE9F, 0xEE9F, 0xEF9F, 0xEF9F, 0xEF9F, 0xEF9F, 0xEE9F, 0xEE9F, 
  0xEE9F, 0xEE9F, 0xEE9F, 0xEE9F, 0xEE9F, 0xEE9F, 0xEE9F, 0xEE9F, 0xEE9F, 0xEE9F, 0xEE9F, 0xEE9F, 0xEE9F, 0xEF9F, 0xEE9F, 0xEE97, 
  0xEF97, 0xED9F, 0xECA7, 0xEBAF, 0xEBAF, 0xEBAF, 0xEBAF, 0xEBAF, 0xEBAF, 0xEBAF, 0xEBAF, 0xEBAF, 0xEBAF, 0xECB7, 0xECAF, 0xEF9F, 
  0xEE97, 0xEF9F, 0xCF9F, 0xEFA7, 0x0C6D, 0x294B, 0x2B4B, 0x0A53, 0x6B53, 0x2A53, 0xEA4A, 0xC842, 0x0E97, 0xEF9F, 0xEF97, 0xEF9F, 
  0xEF9F, 0xEF9F, 0xEF9F, 0xEF9F, 0xEF9F, 0xEF9F, 0xEF9F, 0xED97, 0xCD97, 0xF0A7, 0x2E86, 0x284B, 0x6B5B, 0x893A, 0x4A5C, 0xEFA7, 
  0x8E9F, 0xEE8E, 0xCE97, 0xD7D7, 0xFEFF, 0x71B7, 0x884B, 0x0B53, 0x694B, 0xAB53, 0x6B53, 0x2A4B, 0x6B53, 0xEB53, 0x4E9F, 0xF2CF, 
  0x109F, 0x2843, 0xC942, 0x094B, 0xC842, 0x0A4B, 0x094B, 0x8C5B, 0x2A4B, 0xC942, 0x2A53, 0x6B5B, 0xC942, 0xE94A, 0xCA4A, 0xE94A, 
  0xCA4A, 0x0943, 0x0A4B, 0x0A54, 0xB7CF, 0xFFFF, 0xD7DF, 0xCD9F, 0xF09F, 0xEE9F, 0xEE9F, 0xEF9F, 0xEF9F, 0xEB9F, 0xD6DF, 0xDCEF, 
  0xD8E7, 0xD3BF, 0xED9F, 0xED9F, 0xEF9F, 0xEF9F, 0xED9F, 0xEDAF, 0xEE97, 0xF09F, 0x8A64, 0x894A, 0x094B, 0xAC5B, 0xED63, 0x0943, 
  0x8B5B, 0x0A53, 0x094B, 0xCC63, 0x6A53, 0x294B, 0x8B53, 0xED5B, 0x2A4B, 0xE94A, 0x8842, 0xA94A, 0x2B5B, 0xC94A, 0xC94A, 0x6B5B, 
  0x8842, 0xC942, 0x4B53, 0x2A53, 0xC942, 0x0A4B, 0x4B5B, 0xA942, 0xA842, 0xEA4A, 0xA942, 0x2A53, 0xC94A, 0xE94A, 0xE94A, 0xA94A, 
  0x0A53, 0xC94A, 0x6C5B, 0xE842, 0xEB63, 0x884B, 0xB09F, 0xEE97, 0xEF97, 0xCF9F, 0xEE9F, 0xD0A7, 0x4A5C, 0xC942, 0x4A4B, 0xEA4A, 
  0xC94A, 0x2843, 0x8E86, 0xEFA7, 0xEE97, 0xEF97, 0xEF9F, 0xEE9F, 0xEF97, 0xEF9F, 0xEF9F, 0xEE9F, 0xEF9F, 0xEF9F, 0xEF9F, 0xEE9F, 
  0xEF9F, 0xEF9F, 0xEF9F, 0xEF9F, 0xEF9F, 0xEE9F, 0xEF9F, 0xEF97, 0xEF97, 0xCDA7, 0xECB7, 0xC7DF, 0xE4F7, 0xE2FF, 0xE0FF, 0xE0FF, 
  0xEF9F, 0xEF9F, 0xEF9F, 0xEF9F, 0xEF9F, 0xEF9F, 0xEF9F, 0xEF9F, 0xEF9F, 0xEF9F, 0xEF9F, 0xEE9F, 0xEE9F, 0xEE97, 0xEE97, 0xEF9F, 
  0xEF9F, 0xEF9F, 0xEE9F, 0xEE9F, 0xEE9F, 0xEF97, 0xEF9F, 0xEE9F, 0xEF9F, 0xEF9F, 0xEF9F, 0xEF9F, 0xEF9F, 0xEF9F, 0xEE9F, 0xEE9F, 
  0xEE9F, 0xEE9F, 0xEE9F, 0xEE9F, 0xEE9F, 0xEE9F, 0xEE9F, 0xEE9F, 0xEE9F, 0xEE9F, 0xEF9F, 0xEE9F, 0xEE97, 0xEF97, 0xEE9F, 0xEE9F, 
  0xED9F, 0xECA7, 0xEBAF, 0xEBAF, 0xEBAF, 0xEBAF, 0xEBAF, 0xEBAF, 0xEBAF, 0xEBAF, 0xEBAF, 0xEBAF, 0xEBA7, 0xECAF, 0xEE9F, 0xEF97, 
  0xEF9F, 0xEE97, 0xF0A7, 0x6B6D, 0xA742, 0x0C64, 0x6A4B, 0xCA4A, 0xCA4A, 0x0A53, 0xEA4A, 0xA842, 0x0E97, 0xEF9F, 0xEF97, 0xEF9F, 
  0xEF9F, 0xEF9F, 0xEF9F, 0xEF9F, 0xEF9F, 0xEF9F, 0xEF9F, 0xEE9F, 0xEE97, 0xEE97, 0xF0A7, 0x0D7E, 0x6B4B, 0x0B53, 0xA942, 0xED7D, 
  0xEDAF, 0xED9F, 0xEE97, 0xD1B7, 0xFEF7, 0xFAE7, 0xAC7D, 0xC842, 0x8B5B, 0x8B53, 0x094B, 0x4B53, 0xA942, 0x8B64, 0xEEAF, 0xEDAF, 
  0xCD7D, 0xEA4A, 0x8B5B, 0x8C5B, 0x6B53, 0x8B5B, 0xCC5B, 0x0D64, 0x2A4B, 0x0A4B, 0xA942, 0x2B53, 0x0A4B, 0x4B53, 0x4B53, 0x094B, 
  0x0A53, 0x2B53, 0x2A53, 0x8A4B, 0x90A6, 0xFEFF, 0xDCF7, 0xCFAF, 0xEE9F, 0xEF9F, 0xEE97, 0xEF9F, 0xEE9F, 0xED9F, 0xD3CF, 0xFEF7, 
  0xDCF7, 0xF4CF, 0xED9F, 0xEC9F, 0xEE9F, 0xEF9F, 0xEC9F, 0xEBAF, 0xCE9F, 0xF09F, 0xEB6C, 0x8842, 0x2A53, 0x094B, 0x2A4B, 0x4A4B, 
  0x4A4B, 0x4B53, 0x6A53, 0x0843, 0x094B, 0x4B53, 0x4B53, 0x0A4B, 0x4B53, 0x0A53, 0xC94A, 0x894A, 0x4842, 0xEA52, 0x0A4B, 0xEA4A, 
  0xA942, 0xE94A, 0xE94A, 0x0A4B, 0x4A53, 0x2A4B, 0x2B53, 0xCA4A, 0xCA4A, 0xEA52, 0xEA4A, 0xEA52, 0x8842, 0xEA52, 0xA94A, 0xEA4A, 
  0x4B53, 0x2A53, 0x4B53, 0x494B, 0x0E86, 0xC953, 0x509F, 0xEF9F, 0xEE9F, 0xEE9F, 0xEE97, 0xEF9F, 0x90A7, 0xC953, 0x0A4B, 0xAB5B, 
  0x8C63, 0x2A4B, 0x294B, 0x4E86, 0xEF9F, 0xEE97, 0xCF9F, 0xEE97, 0xEE97, 0xEF9F, 0xEF9F, 0xEE9F, 0xEF9F, 0xEF9F, 0xEF9F, 0xEF9F, 
  0xEF9F, 0xEF9F, 0xEF9F, 0xEE9F, 0xEF9F, 0xEF97, 0xEF97, 0xEF9F, 0xEF9F, 0xEF9F, 0xEF97, 0xEE97, 0xEDA7, 0xECBF, 0xE8D7, 0xE4EF, 
  0xEF9F, 0xEF9F, 0xEF9F, 0xEF9F, 0xEF9F, 0xEF9F, 0xEE9F, 0xEE9F, 0xEE9F, 0xEE9F, 0xEE9F, 0xEE9F, 0xEE97, 0xEE9F, 0xEF9F, 0xEF9F, 
  0xEE9F, 0xEE9F, 0xEF9F, 0xEE9F, 0xEE9F, 0xEF9F, 0xEF9F, 0xEE9F, 0xEF9F, 0xEE97, 0xEE97, 0xEF9F, 0xEE9F, 0xEE9F, 0xEE9F, 0xEE9F, 
  0xEE9F, 0xEE9F, 0xEE9F, 0xEE9F, 0xEE9F, 0xEE9F, 0xEE9F, 0xEE9F, 0xEE9F, 0xEE9F, 0xEF9F, 0xEE9F, 0xEF9F, 0xEF9F, 0xEE9F, 0xED9F, 
  0xECAF, 0xEBAF, 0xEBAF, 0xEBAF, 0xECAF, 0xECA7, 0xEBAF, 0xEBAF, 0xEBAF, 0xEBAF, 0xEBAF, 0xEBAF, 0xEBAF, 0xEC9F, 0xEF97, 0xEE9F, 
  0xCF9F, 0xF09F, 0x8D86, 0xCA53, 0x4D6C, 0xEC63, 0x0A4B, 0x2A4B, 0x0A4B, 0x2A53, 0x0B53, 0xE94A, 0x2F97, 0xEF9F, 0xEF97, 0xEF9F, 
  0xEE97, 0xEF9F, 0xEF9F, 0xEF9F, 0xEE97, 0xEE97, 0xEF97, 0xEF9F, 0xEF9F, 0xEF9F, 0xEF97, 0xF09F, 0x8B6D, 0xA842, 0xCB52, 0x694B, 
  0x0D9F, 0xEDB7, 0xCFA7, 0xCF9F, 0xD7D7, 0xFFFF, 0xD4BF, 0x095C, 0x0A53, 0xEA4A, 0x2A53, 0x4B5B, 0xA942, 0xCC75, 0xEDAF, 0xCDA7, 
  0x8A5C, 0x0A4B, 0x6B5B, 0x2A53, 0xC942, 0x4B53, 0xAC5B, 0x6A4B, 0xAC5B, 0x4B53, 0xC942, 0x6B5B, 0x4B53, 0xC942, 0x4B53, 0x094B, 
  0xE942, 0x8A4A, 0x2A53, 0x0943, 0x4964, 0xF9E7, 0xFFFF, 0xD3C7, 0xED9F, 0xEF97, 0xEF97, 0xEF9F, 0xEF9F, 0xEE9F, 0xCFB7, 0xFDF7, 
  0xFFFF, 0xD6D7, 0xCD9F, 0xEC9F, 0xEE9F, 0xEE9F, 0xECA7, 0xCBAF, 0xCD9F, 0xEF9F, 0x4C6D, 0x883A, 0x2B53, 0xA84A, 0x0A4B, 0x6B53, 
  0x8C5B, 0x6B53, 0xCC5B, 0x6D64, 0x4A53, 0x4B5B, 0xEA52, 0xC952, 0xC94A, 0x2B53, 0x8942, 0x894A, 0xA94A, 0xCA4A, 0xE94A, 0x2A53, 
  0x0A4B, 0x6B5B, 0x4B53, 0x2A53, 0x6B53, 0xAB5B, 0x4B53, 0xC94A, 0xCA4A, 0x0A53, 0x2A53, 0x0A53, 0xEA52, 0xA94A, 0xCA4A, 0x2A53, 
  0xC942, 0xC942, 0xA842, 0xC942, 0x3097, 0x2854, 0xEC75, 0xF0A7, 0xCE9F, 0xED97, 0xEF9F, 0xD09F, 0xEE9F, 0x709F, 0xEA53, 0xC94A, 
  0x2A4B, 0xEA42, 0xA94A, 0x083B, 0x8D86, 0xEFA7, 0xEE9F, 0xEE97, 0xEE97, 0xEF9F, 0xEF9F, 0xEF9F, 0xEF9F, 0xEF9F, 0xEF9F, 0xEF9F, 
  0xEF9F, 0xEF9F, 0xEF9F, 0xEF9F, 0xEF9F, 0xEE97, 0xEE9F, 0xEE9F, 0xEE9F, 0xEF9F, 0xEF9F, 0xEF9F, 0xEF9F, 0xEF97, 0xEF97, 0xCCAF, 
  0xEF9F, 0xEF9F, 0xEF9F, 0xEF9F, 0xEF9F, 0xEF9F, 0xEE9F, 0xEE9F, 0xEE9F, 0xEE9F, 0xEE9F, 0xEE9F, 0xEF9F, 0xEF9F, 0xEF9F, 0xEF9F, 
  0xEE9F, 0xEE97, 0xEF9F, 0xEE9F, 0xEE9F, 0xEF9F, 0xEE9F, 0xEE9F, 0xEF9F, 0xEF9F, 0xEF9F, 0xEE9F, 0xEE9F, 0xEE9F, 0xEE9F, 0xEE9F, 
  0xEE9F, 0xEE9F, 0xEE9F, 0xEE9F, 0xEE9F, 0xEE9F, 0xEE9F, 0xEE9F, 0xEE9F, 0xEE9F, 0xEE9F, 0xEE97, 0xEE97, 0xEE9F, 0xEE9F, 0xEDA7, 
  0xEBAF, 0xEBAF, 0xEBAF, 0xECAF, 0xEBAF, 0xEBAF, 0xEBAF, 0xEBAF, 0xEBAF, 0xEBAF, 0xEBAF, 0xEBAF, 0xECA7, 0xED9F, 0xEE97, 0xEE9F, 
  0xD09F, 0x709F, 0x8953, 0xE942, 0x094B, 0xC942, 0xE94A, 0x0A4B, 0x4B53, 0xE94A, 0x0B53, 0x094B, 0xEE8E, 0xF09F, 0xEF97, 0xEF9F, 
  0xEE97, 0xEF9F, 0xEF9F, 0xEF9F, 0xEF9F, 0xEE97, 0xEE97, 0xEF9F, 0xEF9F, 0xEF97, 0xEF97, 0xEF9F, 0xEFA7, 0xAB64, 0x683A, 0xE94A, 
  0x495C, 0xF2BF, 0xD4CF, 0xCC97, 0xD2B7, 0xFEFF, 0xFBEF, 0x2E8E, 0x4A43, 0x2A4B, 0xE94A, 0xE94A, 0x494B, 0x4E97, 0xEDAF, 0x0E9F, 
  0xEB53, 0xE94A, 0x8842, 0x0A53, 0x0A4B, 0x0A4B, 0x4B53, 0x2A4B, 0xCC5B, 0x6B53, 0x0A4B, 0x2A4B, 0x0A4B, 0x0A4B, 0x6B53, 0x4B53, 
  0x8B5B, 0x4B53, 0x2A4B, 0x0A4B, 0x494B, 0xF2AE, 0xFFFF, 0xD9EF, 0xCEA7, 0xEE9F, 0xEF9F, 0xEF9F, 0xEF97, 0xEF9F, 0xCDA7, 0xFBE7, 
  0xFFFF, 0xD9E7, 0xCE9F, 0xED9F, 0xEE9F, 0xEF9F, 0xEDA7, 0xCFBF, 0xCDA7, 0xEF9F, 0xAD75, 0x4A4B, 0x8B5B, 0x0A53, 0x2B5B, 0xE94A, 
  0xA842, 0x0A4B, 0xA842, 0x4A53, 0xC94A, 0xC94A, 0xC942, 0xE94A, 0x2A53, 0xE94A, 0xEA52, 0xA94A, 0xC94A, 0xA942, 0x094B, 0xAC5B, 
  0x8B5B, 0x6B53, 0x4B53, 0xC942, 0x4B53, 0x0A4B, 0xA842, 0xC942, 0xE94A, 0x4B53, 0xE94A, 0xCA4A, 0xA94A, 0x8842, 0x2B5B, 0x0A53, 
  0x8942, 0x6842, 0x8942, 0x273A, 0x8F8E, 0x6D7E, 0xC743, 0xD0A7, 0xCF9F, 0xEE97, 0xEF9F, 0xEF9F, 0xEE97, 0xEF9F, 0x0F97, 0x694B, 
  0xC942, 0xE94A, 0xC942, 0x2B53, 0xE953, 0x6F9F, 0xEF9F, 0xEE9F, 0xEF9F, 0xEF9F, 0xEF9F, 0xEF9F, 0xEF9F, 0xEF9F, 0xEF9F, 0xEF9F, 
  0xEF9F, 0xEF9F, 0xEF9F, 0xEF9F, 0xEF9F, 0xEF97, 0xEF97, 0xEF97, 0xEF9F, 0xEF9F, 0xEF9F, 0xEF9F, 0xEF9F, 0xEF9F, 0xEF9F, 0xEE9F, 
  0xEF9F, 0xEF9F, 0xEF9F, 0xEF9F, 0xEF9F, 0xEF9F, 0xEE9F, 0xEE9F, 0xEE9F, 0xEF9F, 0xEF9F, 0xEE9F, 0xEE9F, 0xEF9F, 0xEF9F, 0xEF9F, 
  0xEE9F, 0xEE9F, 0xEE9F, 0xEE9F, 0xEE9F, 0xEE9F, 0xEE97, 0xEF9F, 0x8F9F, 0x4D7E, 0x2B7E, 0xCE97, 0xEF9F, 0xEE9F, 0xEF9F, 0xEE9F, 
  0xEE9F, 0xEF9F, 0xEF9F, 0xEE9F, 0xEE9F, 0xEE9F, 0xEE9F, 0xEE9F, 0xEE9F, 0xEE9F, 0xEE97, 0xEE97, 0xEE9F, 0xEE9F, 0xECA7, 0xECAF, 
  0xEBAF, 0xEBAF, 0xEBAF, 0xEBAF, 0xEBAF, 0xEBAF, 0xEBAF, 0xEBAF, 0xEBAF, 0xEBAF, 0xEBAF, 0xEBAF, 0xEE9F, 0xEF9F, 0xEE9F, 0xCE97, 
  0xF09F, 0xEA64, 0xE94A, 0x2A4B, 0x4C53, 0xAC5B, 0x4A4B, 0x4B53, 0x8B5B, 0x4B53, 0xEA52, 0xA842, 0x2D7E, 0xF09F, 0xEF97, 0xEF9F, 
  0xEF9F, 0xEE9F, 0xEE9F, 0xEF9F, 0xEF9F, 0xEE9F, 0xEE97, 0xEE9F, 0xEF9F, 0xEE97, 0xEE9F, 0xCF9F, 0xEF9F, 0xB09F, 0x4964, 0x2B53, 
  0x4A4B, 0x8C75, 0xF8DF, 0xD3CF, 0xACA7, 0xF9DF, 0xFFFF, 0xD5CF, 0xCA5C, 0x4B4B, 0x2A53, 0x094B, 0x8B5C, 0xEEAF, 0xEDAF, 0xAC75, 
  0x2A4B, 0x4B5B, 0xA942, 0xEA52, 0x2B53, 0xC94A, 0x8C5B, 0x6B53, 0x2A4B, 0x4A4B, 0x8B5B, 0x8B5B, 0xAB5B, 0xCC5B, 0x4A4B, 0x0A53, 
  0xE94A, 0x4A4B, 0x6B53, 0x6C5B, 0xEA42, 0x6D7D, 0xFBEF, 0xFEFF, 0xD0B7, 0xED9F, 0xEE9F, 0xEF9F, 0xEF97, 0xF097, 0xCC9F, 0xD6DF, 
  0xFFFF, 0xFBEF, 0xCEA7, 0xEE9F, 0xEE9F, 0xEF97, 0xED9F, 0xF5D7, 0xAFAF, 0xEF9F, 0x0D7E, 0x4A4B, 0x4B53, 0xEA4A, 0xEA4A, 0x6842, 
  0x6842, 0x0A53, 0xEA4A, 0x0A4B, 0xCA4A, 0x894A, 0xA942, 0x2B53, 0x0A53, 0xC94A, 0x2B5B, 0xC94A, 0xC94A, 0x2A53, 0x4A53, 0x6A4B, 
  0xEC5B, 0x6B53, 0x2A4B, 0x4B53, 0xC94A, 0xCA4A, 0xEA4A, 0x0A53, 0x0A53, 0xC94A, 0xA842, 0xA94A, 0xA94A, 0xC94A, 0xA94A, 0x6842, 
  0xC94A, 0x6942, 0xA94A, 0x884A, 0x0C6D, 0xF1AF, 0x0954, 0xEC75, 0xF09F, 0xCF97, 0xEF9F, 0xEE97, 0xEF9F, 0xCF97, 0xEF9F, 0x4F97, 
  0x0A5C, 0x094B, 0x4C5B, 0xA952, 0x673A, 0x8D75, 0xF0A7, 0xEF97, 0xEF9F, 0xEF9F, 0xEF9F, 0xEF9F, 0xEF9F, 0xEF9F, 0xEF9F, 0xEF97, 
  0xEF97, 0xEF97, 0xEF9F, 0xEF9F, 0xEF9F, 0xEF9F, 0xEF9F, 0xEF9F, 0xEF9F, 0xEF9F, 0xEE9F, 0xEE97, 0xEE9F, 0xEF9F, 0xEF97, 0xEF9F, 
  0xEF9F, 0xEF9F, 0xEF9F, 0xEF9F, 0xEE9F, 0xEE9F, 0xEE9F, 0xEE9F, 0xEE97, 0xEF9F, 0xEF97, 0xEE97, 0xEE9F, 0xEE9F, 0xEE9F, 0xEE9F, 
  0xEE9F, 0xEE9F, 0xEE9F, 0xEE97, 0xEF97, 0xCE9F, 0xEF9F, 0x2F8F, 0xC84B, 0xA842, 0x494B, 0xEE8E, 0xEE9F, 0xEE9F, 0xEE9F, 0xEE9F, 
  0xEE9F, 0xEE9F, 0xEE9F, 0xEE9F, 0xEE9F, 0xEE9F, 0xEE9F, 0xEE9F, 0xEE9F, 0xEE97, 0xEF97, 0xEF97, 0xEE9F, 0xEDA7, 0xECAF, 0xEBAF, 
  0xEBAF, 0xEBAF, 0xEBAF, 0xEBAF, 0xEBAF, 0xEBAF, 0xEBAF, 0xEBAF, 0xEBAF, 0xEBAF, 0xECAF, 0xECA7, 0xEE9F, 0xEF9F, 0xEE9F, 0xEF9F, 
  0x0E8F, 0x2C5C, 0xCC5B, 0x6E6C, 0x6A4B, 0x6B53, 0x2A4B, 0x4A4B, 0xAB53, 0x2A4B, 0x094B, 0xEA4A, 0x0B6D, 0xF09F, 0xEE97, 0xEF9F, 
  0xEF9F, 0xEE9F, 0xEE9F, 0xEF9F, 0xEF9F, 0xEF9F, 0xEF9F, 0xEF9F, 0xEF9F, 0xEF9F, 0xEE9F, 0xEE9F, 0xEF9F, 0xED9F, 0x8EA7, 0xA84B, 
  0x0A4B, 0x8A53, 0xD1A6, 0xFCF7, 0xB1C7, 0xB0BF, 0xFFFF, 0xFCEF, 0xEE9E, 0xAA4B, 0x4B53, 0x2A4B, 0x0C7E, 0xEEA7, 0xCF9F, 0x0954, 
  0x483A, 0x0A4B, 0x0A53, 0xC94A, 0x0A4B, 0x4B53, 0x6B53, 0x2A4B, 0x8B53, 0x8B53, 0x4A4B, 0xAB5B, 0x8B53, 0x2D64, 0x094B, 0x0A53, 
  0x6842, 0xC94A, 0x4B53, 0x4B53, 0xC94A, 0x894B, 0x96C7, 0xFFFF, 0xD5D7, 0xCD9F, 0xEF9F, 0xEE97, 0xEF97, 0xF09F, 0xED9F, 0xD1C7, 
  0xFFFF, 0xFDFF, 0xD0B7, 0xEE97, 0xEE9F, 0xEF9F, 0xEC97, 0xF6DF, 0xB2C7, 0xEE9F, 0x8E86, 0xA742, 0x0B53, 0xEA4A, 0xA942, 0x8842, 
  0xEA52, 0xEA4A, 0x2A53, 0x4B53, 0x8842, 0x8842, 0x4C5B, 0x6842, 0x6842, 0xCA4A, 0xE94A, 0x8842, 0xE94A, 0x2A4B, 0x2A4B, 0xAB53, 
  0x6A4B, 0x6B53, 0x4B53, 0x0A4B, 0xC94A, 0xC94A, 0x8B5B, 0x2A53, 0xE952, 0x2B53, 0xE942, 0xA94A, 0xCA52, 0x483A, 0xA942, 0xCA4A, 
  0xCA4A, 0x4842, 0x6742, 0x884A, 0x894B, 0xD0A7, 0x4D7E, 0x073B, 0x0F97, 0xEF9F, 0xEE97, 0xEF9F, 0xEF97, 0xEF9F, 0xEE97, 0xEF9F, 
  0x909F, 0x4A54, 0xA942, 0x0842, 0x073A, 0x095C, 0xF0A7, 0xEF97, 0xEE9F, 0xEF9F, 0xEF9F, 0xEF9F, 0xEF9F, 0xEF9F, 0xEF9F, 0xEF97, 
  0xEF97, 0xEF97, 0xEF9F, 0xEF9F, 0xEF9F, 0xEF9F, 0xEF9F, 0xEF9F, 0xEF9F, 0xEF9F, 0xEF9F, 0xEE9F, 0xEE9F, 0xEF97, 0xEF9F, 0xEF9F, 
  0xEF9F, 0xEF9F, 0xEF9F, 0xEF9F, 0xEF9F, 0xEE9F, 0xEE9F, 0xEE9F, 0xEE9F, 0xEF9F, 0xEF9F, 0xEE9F, 0xEE9F, 0xEE9F, 0xEE9F, 0xEE9F, 
  0xEE9F, 0xEF9F, 0xEE9F, 0xEE9F, 0xEF97, 0xEE9F, 0x90A7, 0xEA53, 0x0B4B, 0x4B53, 0x2A54, 0x709F, 0xEE97, 0xEE97, 0xEE9F, 0xEE9F, 
  0xEE9F, 0xEE9F, 0xEE9F, 0xEE9F, 0xEE9F, 0xEE9F, 0xEE9F, 0xEF9F, 0xEE9F, 0xEE97, 0xEF97, 0xEE97, 0xEE9F, 0xEDA7, 0xEBAF, 0xEBAF, 
  0xEBAF, 0xEBAF, 0xEBAF, 0xEBAF, 0xEBAF, 0xEBAF, 0xEBAF, 0xEBAF, 0xEBAF, 0xEBAF, 0xEDA7, 0xEE9F, 0xEE9F, 0xEE97, 0xEF9F, 0xD09F, 
  0xCC64, 0x6A53, 0x094B, 0x8B5B, 0x2A4B, 0xE94A, 0xEA4A, 0x0A53, 0x4A53, 0x4A4B, 0x6D6C, 0x6B53, 0x0A5C, 0xCF97, 0xEE97, 0xEF9F, 
  0xEF9F, 0xEF9F, 0xEF9F, 0xEE9F, 0xEF9F, 0xEF9F, 0xEF9F, 0xEF9F, 0xEF9F, 0xEF9F, 0xEF9F, 0xEF9F, 0xEE97, 0xEE97, 0xEEAF, 0x8D96, 
  0x8A53, 0x2C53, 0x2A54, 0xD5CF, 0xFCF7, 0x92C7, 0xDAE7, 0xFFFF, 0xF6D7, 0x4B75, 0x2A4B, 0x0B53, 0x4D86, 0xEFA7, 0x0E8F, 0x494B, 
  0xA94A, 0xEA4A, 0xE94A, 0x0A4B, 0xE942, 0x2A4B, 0x8B53, 0xE94A, 0x0A4B, 0x6C53, 0x0A4B, 0x2B53, 0xEA4A, 0x0A53, 0x4A53, 0x4B53, 
  0x2A53, 0x2B53, 0x0A53, 0xC842, 0x4B53, 0x094B, 0x719E, 0xFEFF, 0xFBEF, 0xCDAF, 0xEE9F, 0xEE97, 0xEF97, 0xEF97, 0xEE97, 0xAEB7, 
  0xFDF7, 0xFFFF, 0xD2C7, 0xED97, 0xEF9F, 0xEF9F, 0xED97, 0xD6D7, 0xD5D7, 0xED9F, 0x0F8F, 0x094B, 0xCA4A, 0x2A53, 0xCD63, 0xEA4A, 
  0xEA4A, 0x6842, 0xC94A, 0x4A53, 0xA94A, 0x8942, 0x473A, 0x2A53, 0xE94A, 0xA942, 0x8C5B, 0x2A53, 0x2A53, 0x2A53, 0x6B53, 0x8B5B, 
  0x8B5B, 0xE942, 0x2A4B, 0x2A53, 0xEA4A, 0x0A53, 0x8842, 0xC942, 0xE94A, 0x2B53, 0xC942, 0xCA4A, 0xCA4A, 0xA94A, 0xCA4A, 0xEA4A, 
  0xCA4A, 0x694A, 0x6842, 0xCA52, 0xE842, 0x4D7E, 0xF1A7, 0xEA53, 0xA94B, 0xCF9F, 0xEF97, 0xEF9F, 0xEE9F, 0xEF9F, 0xEF9F, 0xEF97, 
  0xEF9F, 0xB19F, 0x0B65, 0xE842, 0x4842, 0x4A53, 0xB09F, 0xEE97, 0xEF9F, 0xEF9F, 0xEF9F, 0xEF9F, 0xEF9F, 0xEF9F, 0xEF9F, 0xEF97, 
  0xEF9F, 0xEF9F, 0xEF9F, 0xEF9F, 0xEE9F, 0xEF9F, 0xEF9F, 0xEF9F, 0xEF9F, 0xEF9F, 0xEF9F, 0xEF9F, 0xEF9F, 0xEF9F, 0xEF9F, 0xEF9F, 
  0xEF9F, 0xEF9F, 0xEE97, 0xEE9F, 0xEF9F, 0xEE9F, 0xEE9F, 0xEE9F, 0xEE9F, 0xEF9F, 0xEE9F, 0xEE9F, 0xEE9F, 0xEE9F, 0xEE9F, 0xEE9F, 
  0xEE9F, 0xEE9F, 0xEF9F, 0xEF9F, 0xEE97, 0xEF9F, 0xED7D, 0xC842, 0x8B53, 0xAB5C, 0x0F97, 0xEF9F, 0xEF97, 0xEE97, 0xEE9F, 0xEE9F, 
  0xEE9F, 0xEE9F, 0xEE9F, 0xEE9F, 0xEE9F, 0xEE9F, 0xEE9F, 0xEE9F, 0xEF9F, 0xEE9F, 0xEF97, 0xEE9F, 0xEDA7, 0xECA7, 0xEBAF, 0xEBAF, 
  0xEBAF, 0xEBAF, 0xEBAF, 0xEBAF, 0xEBAF, 0xEBAF, 0xEBAF, 0xEBAF, 0xEBAF, 0xECA7, 0xEE9F, 0xEF9F, 0xEE9F, 0xEE97, 0xF09F, 0xCC75, 
  0x094B, 0x6B53, 0x0A4B, 0x4A53, 0x4A53, 0xA942, 0xA942, 0x0A4B, 0xC94A, 0x8B5B, 0xEB53, 0x294B, 0xA94A, 0x8E86, 0xEF9F, 0xEE97, 
  0xEF97, 0xEF97, 0xEF9F, 0xEE9F, 0xEE9F, 0xEF9F, 0xEF9F, 0xEF9F, 0xEF9F, 0xEF9F, 0xEF9F, 0xEF9F, 0xEE97, 0xEE97, 0xCD9F, 0xEEAF, 
  0x2D7E, 0x0A4B, 0xE942, 0x8B75, 0xFAEF, 0xDDFF, 0xFDF7, 0xFFFF, 0xFCF7, 0xCE9E, 0x684B, 0x8942, 0xCC75, 0xEFA7, 0x0D7E, 0xC94A, 
  0x0B5B, 0x4B53, 0x6B53, 0x8B5B, 0xAC53, 0xAF74, 0x8B53, 0xEA4A, 0x0A53, 0x2B53, 0xEA4A, 0x4B53, 0x673A, 0x0A4B, 0x6B53, 0x4A4B, 
  0x6B53, 0xC94A, 0xC94A, 0x4B53, 0x6B53, 0xE94A, 0x6A5C, 0xF9DF, 0xFFFF, 0xD1C7, 0xEC9F, 0xEF9F, 0xEE97, 0xEE97, 0xEF97, 0xCDA7, 
  0xD8E7, 0xFFFF, 0xD6D7, 0xCC9F, 0xEF9F, 0xEE97, 0xCE9F, 0xD5CF, 0xF9E7, 0xED9F, 0x6F97, 0x294B, 0xA94A, 0xC942, 0x6B5B, 0x0A4B, 
  0xEA4A, 0xA942, 0x2B53, 0x6B53, 0x8842, 0x6942, 0x2B53, 0x2D6C, 0xE94A, 0xC94A, 0x2A4B, 0x4A4B, 0x2A4B, 0xEA4A, 0x0A53, 0xC94A, 
  0x2A53, 0xC942, 0xE94A, 0x0A53, 0xEA4A, 0xA94A, 0xA952, 0xA94A, 0xEA4A, 0xC94A, 0x8942, 0xC94A, 0x483A, 0xCA52, 0xEA52, 0x0A53, 
  0x0A53, 0x894A, 0xA942, 0x8942, 0xEA4A, 0x2A54, 0xF0A7, 0xCE8E, 0x873A, 0x6D75, 0xF09F, 0xEF97, 0xEE9F, 0xEF9F, 0xEE9F, 0xEE9F, 
  0xCF97, 0xEF97, 0xF0A7, 0xEE96, 0x6B64, 0xE832, 0xCE8E, 0xEE9F, 0xEF97, 0xEF97, 0xEF9F, 0xEF9F, 0xEF9F, 0xEF9F, 0xEF9F, 0xEF9F, 
  0xEE9F, 0xEE9F, 0xEE9F, 0xEE9F, 0xEE9F, 0xEF9F, 0xEF9F, 0xEF9F, 0xEF9F, 0xEF9F, 0xEF9F, 0xEF9F, 0xEF9F, 0xEF97, 0xEF9F, 0xEF9F, 
  0xEF9F, 0xEF9F, 0xEF97, 0xEF9F, 0xEE9F, 0xEE9F, 0xEE9F, 0xEE9F, 0xEE9F, 0xEF9F, 0xEE9F, 0xEE9F, 0xEE9F, 0xEE9F, 0xEE97, 0xEE9F, 
  0xEE9F, 0xEE9F, 0xEF9F, 0xF09F, 0xED97, 0xCE97, 0x8B6D, 0x0C75, 0xEC7D, 0x8E97, 0xEF9F, 0xEE97, 0xEE9F, 0xEE9F, 0xEE9F, 0xEE9F, 
  0xEE9F, 0xEE9F, 0xEE9F, 0xEE9F, 0xEF9F, 0xEF9F, 0xEF9F, 0xEF9F, 0xEF9F, 0xEE9F, 0xEE9F, 0xED9F, 0xECA7, 0xEBAF, 0xEBAF, 0xEBAF, 
  0xEBAF, 0xEBAF, 0xEBAF, 0xEBAF, 0xEBAF, 0xEBAF, 0xEBAF, 0xEBAF, 0xECA7, 0xEDA7, 0xEE9F, 0xEF97, 0xEE97, 0xEFA7, 0x6E97, 0xA94B, 
  0x4B5B, 0x094B, 0xE94A, 0x2A4B, 0x0D64, 0x4A53, 0xC942, 0x2A4B, 0x0A53, 0x2A53, 0xCB53, 0x2A53, 0x4942, 0x4A5C, 0xF0A7, 0xEE97, 
  0xEE97, 0xEF97, 0xEF9F, 0xEE9F, 0xEE9F, 0xEF9F, 0xEF9F, 0xEE9F, 0xEE9F, 0xEF9F, 0xEF9F, 0xED9F, 0xEF9F, 0xEF9F, 0xEE9F, 0xCEA7, 
  0xF3C7, 0x8B64, 0x0B4B, 0x8953, 0xF1A6, 0xFDF7, 0xFFFF, 0xFFFF, 0xFFFF, 0xF7DF, 0x8964, 0x073A, 0xEB64, 0xF1AF, 0x2B65, 0x6842, 
  0xA94A, 0xE94A, 0x6B53, 0xE94A, 0x4A4B, 0x4A4B, 0xC942, 0xE94A, 0x2B5B, 0xA942, 0x2A4B, 0x4A53, 0x8B5B, 0x6A53, 0x4A53, 0x4A4B, 
  0x2943, 0x0A4B, 0x2A53, 0xAC5B, 0x2A4B, 0x0A53, 0x6843, 0x53B7, 0xFFFF, 0xD7DF, 0xEBA7, 0xEE9F, 0xEE9F, 0xEE9F, 0xEF97, 0xED9F, 
  0xD3CF, 0xFFFF, 0xFAEF, 0xCDAF, 0xEE9F, 0xEE97, 0xEE9F, 0xB2BF, 0xFCF7, 0xCFAF, 0xCF9F, 0x894B, 0x6842, 0x2A53, 0xE942, 0x2A53, 
  0x4B53, 0xCA4A, 0x4B53, 0x0A4B, 0x0A53, 0x6842, 0xEA4A, 0x8842, 0x8842, 0xEA52, 0x2A4B, 0x4A4B, 0xAC5B, 0xC94A, 0xC94A, 0xC94A, 
  0xEA4A, 0x2B53, 0x0A53, 0xA942, 0x8942, 0x4842, 0x894A, 0xA94A, 0x2B53, 0x2B5B, 0xCA4A, 0x0B53, 0xEA4A, 0x8842, 0xE94A, 0x0A4B, 
  0xE94A, 0xE94A, 0x4B5B, 0x8942, 0xCA52, 0xA942, 0xCC75, 0xF0A7, 0xEC6C, 0xC84A, 0x8E86, 0xF09F, 0xCE97, 0xEE97, 0xEF9F, 0xEF9F, 
  0xEF9F, 0xEF9F, 0xEE97, 0xEE9F, 0xF0A7, 0x2C7E, 0x2C76, 0xF0A7, 0xEF97, 0xEF97, 0xEF9F, 0xEF97, 0xEF9F, 0xEF9F, 0xEF9F, 0xEF9F, 
  0xEE97, 0xEE97, 0xEE9F, 0xEE9F, 0xEE9F, 0xEE9F, 0xEE9F, 0xEE9F, 0xEE9F, 0xEE9F, 0xEE9F, 0xEF9F, 0xEF9F, 0xEF9F, 0xEF9F, 0xEE9F, 
  0xEF9F, 0xEF9F, 0xEF97, 0xEF9F, 0xEE9F, 0xEF9F, 0xEF9F, 0xEE9F, 0xEE9F, 0xEE9F, 0xEE9F, 0xEE9F, 0xEE9F, 0xEE9F, 0xEE9F, 0xEE9F, 
  0xEE9F, 0xEE9F, 0xEE9F, 0xEF9F, 0xED9F, 0xCF97, 0x4E8F, 0xEF9F, 0xEFA7, 0xEE9F, 0xEE9F, 0xEE97, 0xEE9F, 0xEF9F, 0xEE9F, 0xEE9F, 
  0xEE9F, 0xEE9F, 0xEE9F, 0xEE9F, 0xEF9F, 0xEF9F, 0xEF9F, 0xEF9F, 0xEF9F, 0xEE9F, 0xEE9F, 0xEDA7, 0xEBAF, 0xEBAF, 0xEBAF, 0xEBAF, 
  0xEBAF, 0xEBAF, 0xEBAF, 0xEBAF, 0xEBAF, 0xEBAF, 0xEBAF, 0xECAF, 0xED9F, 0xEE9F, 0xEE97, 0xEE97, 0xEE97, 0xF0A7, 0x2B6D, 0x6A53, 
  0x8C5B, 0x4A53, 0xEA4A, 0x8B53, 0xCB5B, 0xAC5B, 0x0A4B, 0x4A53, 0x6B53, 0x094B, 0x6B53, 0x0A4B, 0xEB52, 0xC842, 0xEF8E, 0xF0A7, 
  0xEE9F, 0xEF97, 0xEF9F, 0xEE9F, 0xEF9F, 0xEF9F, 0xEF9F, 0xEF9F, 0xEF9F, 0xEF9F, 0xEF9F, 0xED9F, 0xEF9F, 0xF097, 0xEE9F, 0xCE97, 
  0xD4CF, 0x13BF, 0x894B, 0x0B53, 0x4A54, 0xB4C7, 0xFEFF, 0xFFFF, 0xFFFF, 0xFDF7, 0xAF9E, 0x873A, 0x284B, 0xB09F, 0xAD7D, 0x0A4B, 
  0xC942, 0xA942, 0xA842, 0x2B53, 0xE94A, 0xE94A, 0x2A53, 0xE94A, 0x2A53, 0x0A4B, 0x4A53, 0x4A4B, 0xEC63, 0xCC5B, 0x2A53, 0x6B5B, 
  0x4E64, 0x6B53, 0x0A53, 0x2A4B, 0x4B53, 0xE94A, 0xE94A, 0x2F86, 0xFCF7, 0xFCF7, 0xCEB7, 0xECA7, 0xEE9F, 0xEE9F, 0xEF97, 0xEE97, 
  0xD0B7, 0xFDF7, 0xFEFF, 0xD0BF, 0xED9F, 0xEF97, 0xEE97, 0xD0AF, 0xFDFF, 0xD2BF, 0xEF9F, 0x8B5C, 0xC94A, 0x8C5B, 0x6B53, 0xAC5B, 
  0xCC63, 0x4B53, 0x883A, 0xC94A, 0x0A53, 0x0A4B, 0x0A4B, 0xEA52, 0x6842, 0x4B5B, 0x4B53, 0x2A4B, 0xE94A, 0xC94A, 0x0A53, 0xEA52, 
  0x0A4B, 0x0A53, 0xEA4A, 0xA94A, 0x6842, 0x6842, 0x0A4B, 0x8C5B, 0xE94A, 0xE94A, 0x2A53, 0x894A, 0x8842, 0x8B5B, 0x8B53, 0xC942, 
  0x2A53, 0x0A4B, 0xA94A, 0xEA4A, 0xA94A, 0x4942, 0x484B, 0x709F, 0x709F, 0xC63A, 0x0743, 0x509F, 0xEF97, 0xEE97, 0xEF9F, 0xEF9F, 
  0xEE97, 0xEE97, 0xEF9F, 0xEF97, 0xCD97, 0xEEA7, 0xAF97, 0xD097, 0xEE9F, 0xEF9F, 0xEF9F, 0xEF9F, 0xEF9F, 0xEF9F, 0xEF9F, 0xEF9F, 
  0xEF9F, 0xEE9F, 0xEE9F, 0xEE9F, 0xEE9F, 0xEE9F, 0xEE9F, 0xEE9F, 0xEE9F, 0xEE9F, 0xEE9F, 0xEF9F, 0xEF9F, 0xEF9F, 0xEF9F, 0xEE9F, 
  0xEF9F, 0xEF9F, 0xEE9F, 0xEE9F, 0xEE9F, 0xEE9F, 0xEE9F, 0xEE9F, 0xEE9F, 0xEE9F, 0xEE9F, 0xEE9F, 0xEE9F, 0xEE9F, 0xEE9F, 0xEE9F, 
  0xEE9F, 0xEE9F, 0xEE9F, 0xEE97, 0xEE9F, 0xEF9F, 0xEE9F, 0xED97, 0xEE97, 0xCE9F, 0xEE9F, 0xEF97, 0xEE97, 0xEE9F, 0xEE9F, 0xEE9F, 
  0xEE9F, 0xEE9F, 0xEE9F, 0xEE9F, 0xEF9F, 0xEE9F, 0xEE9F, 0xEF9F, 0xEF9F, 0xEE9F, 0xEDA7, 0xECA7, 0xEBAF, 0xEAAF, 0xEBAF, 0xEBAF, 
  0xEBAF, 0xEBAF, 0xEBAF, 0xEBAF, 0xEBAF, 0xEBAF, 0xEBAF, 0xEDA7, 0xEE9F, 0xEE97, 0xEF97, 0xEE97, 0xEF9F, 0xCE8E, 0x8953, 0x6B53, 
  0x6B53, 0x6B53, 0x0A4B, 0x2A4B, 0x494B, 0xAB5B, 0x8B53, 0xAB5B, 0xAB5B, 0x8B5B, 0x0A53, 0x4B53, 0x4B53, 0xEA4A, 0x0B65, 0xF0A7, 
  0xCE97, 0xEF97, 0xEF97, 0xEF97, 0xEF9F, 0xEF9F, 0xEF9F, 0xEF9F, 0xEF9F, 0xEF9F, 0xEE97, 0xEF9F, 0xEE9F, 0xEF9F, 0xEE9F, 0xEF97, 
  0xB09F, 0xF7E7, 0xEF8D, 0xCA4B, 0x2A4B, 0xEB6C, 0xF9E7, 0xFFFF, 0xFFFF, 0xFFFF, 0xF7D7, 0x6A5C, 0x6842, 0xAE8E, 0xEC7D, 0xC842, 
  0x4C53, 0xC94A, 0xE94A, 0xCA4A, 0x8842, 0x0A53, 0x0A53, 0xEA4A, 0xEA4A, 0x4B53, 0x2A4B, 0x6B5B, 0x2A53, 0xEA4A, 0xC94A, 0x8842, 
  0x4A4B, 0x8B53, 0x4B5B, 0x4A53, 0x4B53, 0x2A53, 0x0A53, 0xCB5C, 0xD7D7, 0xFEFF, 0xD2C7, 0xEBA7, 0xEEA7, 0xEE9F, 0xEF97, 0xEE97, 
  0xCEA7, 0xFAEF, 0xFFFF, 0xF3CF, 0xEC9F, 0xEF97, 0xEE97, 0xCEA7, 0xFCF7, 0xD5CF, 0xEF9F, 0x0B6D, 0x8942, 0xA942, 0xC942, 0x094B, 
  0x6B53, 0xC942, 0xC94A, 0x2B53, 0xA842, 0x2A4B, 0x0A4B, 0x894A, 0x4842, 0xA94A, 0xC94A, 0x0A53, 0x0A53, 0x2A53, 0x0A4B, 0x0A53, 
  0xEA4A, 0x8842, 0xCA4A, 0xA94A, 0x6842, 0xC94A, 0x2A4B, 0xCD63, 0xEA4A, 0x4B53, 0x4B53, 0x6842, 0x8842, 0x4B53, 0x4B53, 0x4B53, 
  0xEA4A, 0xAA4A, 0x2842, 0x0A53, 0xE94A, 0x4842, 0x483A, 0x2C75, 0xF1A7, 0x0D76, 0x884A, 0x8A64, 0xF09F, 0xEF97, 0xEE9F, 0xEE97, 
  0xEF97, 0xEF97, 0xEE97, 0xEF97, 0xD09F, 0xCE9F, 0xEF97, 0xEF97, 0xEE9F, 0xEF9F, 0xEF9F, 0xEF9F, 0xEF9F, 0xEF9F, 0xEF9F, 0xEF9F, 
  0xEF9F, 0xEF9F, 0xEE9F, 0xEE9F, 0xEE9F, 0xEE9F, 0xEE9F, 0xEE9F, 0xEE9F, 0xEE9F, 0xEE9F, 0xEF9F, 0xEF9F, 0xEF9F, 0xEF9F, 0xEE97, 
  0xEF9F, 0xEF9F, 0xEE9F, 0xEE9F, 0xEE9F, 0xEE9F, 0xEE9F, 0xEE9F, 0xEE9F, 0xEE9F, 0xEE9F, 0xEE9F, 0xEE9F, 0xEEA7, 0xEEA7, 0xEE9F, 
  0xEE9F, 0xEE9F, 0xEE9F, 0xEE9F, 0xEE9F, 0xEE9F, 0xCE9F, 0xEE9F, 0xEE9F, 0xEE9F, 0xEE9F, 0xEE9F, 0xEE9F, 0xEE9F, 0xEE9F, 0xEE9F, 
  0xEE9F, 0xEE9F, 0xEE9F, 0xEE9F, 0xEE9F, 0xEE9F, 0xEE97, 0xEE97, 0xEE9F, 0xED9F, 0xECA7, 0xECAF, 0xEBAF, 0xEBAF, 0xEBAF, 0xEBAF, 
  0xEBAF, 0xEBAF, 0xEBAF, 0xEBAF, 0xEBAF, 0xEBAF, 0xECA7, 0xEE9F, 0xEF97, 0xEE9F, 0xEF97, 0xEF97, 0xB09F, 0xAA5C, 0x0A4B, 0xC94A, 
  0xE94A, 0x2A4B, 0x2B53, 0x2A53, 0x6A53, 0x2D6C, 0xEC63, 0xAB5B, 0x2B53, 0xEA4A, 0xC94A, 0xE94A, 0x8B5B, 0x4B53, 0x8A53, 0x4E97, 
  0xEE97, 0xEF9F, 0xEF9F, 0xEF97, 0xEF97, 0xEE9F, 0xEE9F, 0xEE9F, 0xEE9F, 0xEE9F, 0xEE9F, 0xEE9F, 0xEE9F, 0xEF9F, 0xEF9F, 0xEF9F, 
  0xEE97, 0xD3BF, 0xF8DF, 0x4C6D, 0xEC5B, 0x8A4B, 0x6F9E, 0xFCF7, 0xDFFF, 0xDFFF, 0xFCF7, 0xCF9E, 0xE942, 0x6A64, 0x6E86, 0x0943, 
  0xEA4A, 0x6B53, 0xE94A, 0xCA52, 0xEA4A, 0x0A53, 0xAA4A, 0xA94A, 0xA842, 0xEA4A, 0x0A4B, 0x4B53, 0x2A53, 0xEA4A, 0x8C5B, 0x2A53, 
  0x2B53, 0xE94A, 0xE94A, 0x4B53, 0x8B53, 0x2A53, 0x2D64, 0xCA4B, 0xB0A6, 0xFFFF, 0xD7DF, 0xCBAF, 0xECA7, 0xEE9F, 0xEF97, 0xEF9F, 
  0xED97, 0xD5D7, 0xFFFF, 0xF8DF, 0xCDA7, 0xEE9F, 0xEF9F, 0xCE9F, 0xF9E7, 0xD9DF, 0xEE9F, 0xCC7D, 0x8942, 0xE94A, 0xE94A, 0x6C5B, 
  0xA94A, 0xC942, 0x8B53, 0xEC5B, 0x4D5C, 0xCE6C, 0xAB53, 0x094B, 0x0A4B, 0xA942, 0xA94A, 0xA942, 0xAB5B, 0x094B, 0xA842, 0x4B53, 
  0x4B53, 0x0A4B, 0x8842, 0x8942, 0xA94A, 0x0A4B, 0x0A53, 0xE94A, 0x8842, 0xC94A, 0xEA4A, 0x6842, 0x894A, 0x6842, 0xA942, 0xEA4A, 
  0x6842, 0x6842, 0x8942, 0x6842, 0xA94A, 0x894A, 0xA94A, 0x094B, 0xCE8E, 0xF1A7, 0x6A64, 0x673A, 0xAC75, 0xF0A7, 0xCF9F, 0xEE97, 
  0xEF97, 0xEF97, 0xEE97, 0xEF9F, 0xEF9F, 0xEF9F, 0xEF9F, 0xEF97, 0xEF9F, 0xEE9F, 0xEE9F, 0xEF9F, 0xEF9F, 0xEF9F, 0xEF9F, 0xEF9F, 
  0xEF9F, 0xEF9F, 0xEF9F, 0xEF9F, 0xEE9F, 0xEE9F, 0xEE9F, 0xEE9F, 0xEE9F, 0xEF9F, 0xEF9F, 0xEF9F, 0xEF9F, 0xEF9F, 0xEE9F, 0xEE9F, 
  0xEF9F, 0xEF9F, 0xEE9F, 0xEE9F, 0xEE9F, 0xEE9F, 0xEE9F, 0xEE9F, 0xEE9F, 0xEE9F, 0xEE9F, 0xEE9F, 0xEE9F, 0xEE9F, 0xEE9F, 0xEE9F, 
  0xEE9F, 0xEE9F, 0xEE9F, 0xEE9F, 0xEE9F, 0xEE9F, 0xEF9F, 0xEE9F, 0xEE9F, 0xEE9F, 0xEE9F, 0xEE9F, 0xEE9F, 0xEE9F, 0xEF9F, 0xEF9F, 
  0xEF9F, 0xEE9F, 0xEE9F, 0xEE9F, 0xEE9F, 0xEE9F, 0xEE9F, 0xEF9F, 0xEE9F, 0xEDA7, 0xECAF, 0xEBAF, 0xEBAF, 0xEBAF, 0xEBAF, 0xEBAF, 
  0xEBAF, 0xEBAF, 0xEBAF, 0xEBAF, 0xECAF, 0xECA7, 0xEE9F, 0xEE9F, 0xEE97, 0xEF97, 0xEE97, 0xF0A7, 0x2C6D, 0x6A4B, 0x2B53, 0x2B53, 
  0x4A53, 0xE94A, 0xEA4A, 0x0A53, 0x2A53, 0x6B53, 0x2A4B, 0x2A4B, 0xE942, 0x2A53, 0x0A4B, 0x0A53, 0xE94A, 0xE94A, 0xA842, 0xCD75, 
  0xEF9F, 0xCE9F, 0xEF9F, 0xEE9F, 0xEE9F, 0xEE9F, 0xEE9F, 0xEE9F, 0xEE9F, 0xEE9F, 0xEE9F, 0xEE9F, 0xEE9F, 0xEE9F, 0xEF9F, 0xEE9F, 
  0xEF9F, 0xCE9F, 0xF8DF, 0xF5BE, 0x6943, 0x0A4B, 0x694B, 0x33B7, 0xFDFF, 0xDEFF, 0xFFFF, 0xD6D7, 0x8D75, 0x494B, 0x0D75, 0xCA5B, 
  0xE94A, 0x2A4B, 0x4A53, 0xCA4A, 0xE94A, 0x094B, 0xCA4A, 0xEA4A, 0x2A53, 0xC94A, 0x0A4B, 0x6B53, 0x2A4B, 0x2A4B, 0x4A53, 0x4A53, 
  0x2A53, 0x2A53, 0xA842, 0x8842, 0x0A4B, 0xEA52, 0xCB53, 0x0943, 0x4C75, 0xFCF7, 0xFBEF, 0xCDAF, 0xEBA7, 0xEDA7, 0xEE97, 0xEF9F, 
  0xED97, 0xD1BF, 0xFFFF, 0xFBEF, 0xCDAF, 0xEE9F, 0xEF97, 0xCE97, 0xD6D7, 0xFCF7, 0xEFAF, 0xCE8E, 0xEA42, 0x8B5B, 0x8B53, 0xE942, 
  0xC942, 0xAC5B, 0x0D64, 0xAB53, 0xEC53, 0x8B53, 0x4A4B, 0xCC5B, 0xED5B, 0xCC5B, 0x2A53, 0x2A53, 0x4B5B, 0x8842, 0xEA52, 0xA942, 
  0xC94A, 0xC94A, 0xEA52, 0xA94A, 0x6842, 0x0A4B, 0xE94A, 0xE94A, 0x2A53, 0x0A4B, 0x0A53, 0x2B53, 0xCA4A, 0x6842, 0x0A4B, 0x2B53, 
  0x8842, 0x8942, 0xCA4A, 0x6842, 0x6842, 0x8942, 0xA94A, 0x8942, 0xA953, 0xCFA7, 0x4F9F, 0x484B, 0xC942, 0xAE8E, 0xF09F, 0xCF97, 
  0xEE9F, 0xEF97, 0xEF9F, 0xEF9F, 0xEE97, 0xEF97, 0xEF9F, 0xEF97, 0xEF9F, 0xEE9F, 0xEE9F, 0xEF9F, 0xEF9F, 0xEF9F, 0xEF97, 0xEF9F, 
  0xEF9F, 0xEF9F, 0xEF9F, 0xEF9F, 0xEE9F, 0xEE9F, 0xEE9F, 0xEE9F, 0xEE9F, 0xEF9F, 0xEF9F, 0xEF9F, 0xEF9F, 0xEF9F, 0xEF9F, 0xEF9F, 
  0xEF9F, 0xEF9F, 0xEE9F, 0xEE9F, 0xEE9F, 0xEE9F, 0xEE9F, 0xEE9F, 0xEE9F, 0xEE9F, 0xEE9F, 0xEE9F, 0xEF9F, 0xEE9F, 0xEE9F, 0xEE9F, 
  0xEE9F, 0xEE9F, 0xEE9F, 0xEE9F, 0xEE9F, 0xEE9F, 0xEE9F, 0xEE9F, 0xEE9F, 0xEE9F, 0xEE9F, 0xEE9F, 0xEE9F, 0xEF9F, 0xEF9F, 0xEF9F, 
  0xEF9F, 0xEE9F, 0xEE9F, 0xEE9F, 0xEF9F, 0xEE9F, 0xEE9F, 0xEE9F, 0xED9F, 0xECA7, 0xEBAF, 0xEBAF, 0xEBAF, 0xEBAF, 0xEBAF, 0xEBAF, 
  0xEBAF, 0xEBAF, 0xEBAF, 0xEBAF, 0xECA7, 0xED9F, 0xEF9F, 0xEE97, 0xEE97, 0xEF97, 0xEFA7, 0xCE8E, 0xCB53, 0x4B53, 0xCA4A, 0x0A4B, 
  0x8B5B, 0x0A4B, 0x0A4B, 0x2A53, 0xE94A, 0x0A4B, 0x2A53, 0x4A53, 0x6E74, 0x2A4B, 0xE942, 0x6C5B, 0x2B53, 0x0A53, 0xEA4A, 0x4B5C, 
  0xCF9F, 0xEE9F, 0xEE97, 0xEE9F, 0xEE9F, 0xEE9F, 0xEE9F, 0xEE9F, 0xEE9F, 0xEE9F, 0xEE9F, 0xEE9F, 0xEE97, 0xEE9F, 0xEE9F, 0xEE97, 
  0xEF97, 0xEE97, 0xB2B7, 0xFCF7, 0xCC6C, 0x483A, 0x8942, 0x0854, 0xD6CF, 0xFEFF, 0xDFFF, 0xFCEF, 0xF0A6, 0x0943, 0xA842, 0x2953, 
  0x2A53, 0x0A4B, 0x8A53, 0x6B5B, 0x094B, 0x294B, 0x0A53, 0x2A4B, 0x0A53, 0x4742, 0xEA4A, 0x2B53, 0x0A4B, 0x2A53, 0x6B53, 0x6A4B, 
  0x8B53, 0xAC5B, 0xEA4A, 0xC94A, 0x0A53, 0xEA4A, 0x094B, 0x6B53, 0xCA5B, 0xB5CF, 0xFFFF, 0xD0BF, 0xEAA7, 0xECAF, 0xEE97, 0xEF9F, 
  0xEE9F, 0xCEAF, 0xFCF7, 0xFFFF, 0xCFBF, 0xED9F, 0xF097, 0xEE97, 0xD2BF, 0xFEFF, 0xF0B7, 0x4E97, 0x4A4B, 0x6B53, 0x8B53, 0xE942, 
  0xEA4A, 0x2A4B, 0x2A4B, 0x0A4B, 0x2A53, 0x2A53, 0x6B5B, 0x4B53, 0x6B53, 0x6A53, 0x8842, 0xA842, 0xAC63, 0xC94A, 0x6842, 0xEA52, 
  0xEA4A, 0xA942, 0xC94A, 0xA94A, 0xA94A, 0xEA52, 0xC94A, 0xC94A, 0x2A53, 0xC94A, 0xC94A, 0xEA4A, 0xA94A, 0xC94A, 0x4B53, 0x4B53, 
  0xEA4A, 0x8942, 0xC94A, 0xA94A, 0x8942, 0x894A, 0x8942, 0xAA4A, 0x473A, 0x4B6D, 0xEFAF, 0x6D8E, 0xE942, 0x2943, 0xEE8E, 0xF09F, 
  0xEE97, 0xEF9F, 0xEF97, 0xEF9F, 0xEE97, 0xEE97, 0xEE9F, 0xEF97, 0xEF9F, 0xEE9F, 0xEE9F, 0xEF9F, 0xEF9F, 0xEF97, 0xEF97, 0xEF9F, 
  0xEF9F, 0xEF9F, 0xEE9F, 0xEE9F, 0xEE97, 0xEE9F, 0xEE9F, 0xEE9F, 0xEF9F, 0xEF9F, 0xEF9F, 0xEF9F, 0xEF9F, 0xEF9F, 0xEF9F, 0xEF9F, 
  0xEF9F, 0xEE9F, 0xEE9F, 0xEE9F, 0xEF9F, 0xEF9F, 0xEE9F, 0xEE9F, 0xEE9F, 0xEE9F, 0xEE9F, 0xEE9F, 0xEF9F, 0xEE9F, 0xEE9F, 0xEE9F, 
  0xEE9F, 0xEE97, 0xEE97, 0xEE97, 0xEE9F, 0xEE97, 0xEE97, 0xEE9F, 0xEE9F, 0xEE9F, 0xEE9F, 0xEE9F, 0xEE9F, 0xEE9F, 0xEF9F, 0xEF9F, 
  0xEF9F, 0xEE9F, 0xEE9F, 0xEE9F, 0xEE9F, 0xEE97, 0xEE97, 0xEE9F, 0xEDA7, 0xEBA7, 0xEBAF, 0xEBAF, 0xEBAF, 0xEBAF, 0xEBAF, 0xEBAF, 
  0xEBAF, 0xEBAF, 0xEBAF, 0xECAF, 0xED9F, 0xEE9F, 0xEE9F, 0xEF9F, 0xEE97, 0xEF9F, 0x2F9F, 0xA843, 0xA842, 0x2A53, 0x0A4B, 0x0943, 
  0xCC5B, 0xCC5B, 0x8B53, 0x8B53, 0x6B53, 0x4B53, 0x2A4B, 0x6B53, 0xCC5B, 0x2A4B, 0x6B5B, 0x2A53, 0x0A4B, 0x2A4B, 0x6B5B, 0x4A4B, 
  0xAE86, 0xEF9F, 0xEE97, 0xEE97, 0xEE9F, 0xEE9F, 0xEE9F, 0xEE9F, 0xEE9F, 0xEE9F, 0xEF9F, 0xEF9F, 0xEE9F, 0xEE9F, 0xEE9F, 0xEE9F, 
  0xEE97, 0xEF97, 0xAE9F, 0xF9DF, 0x77CF, 0x284B, 0xEB5A, 0x094B, 0x2B6D, 0xF9DF, 0xDFFF, 0xFFFF, 0xD6D7, 0xE95B, 0x483A, 0xA94A, 
  0xEA52, 0x0943, 0xAB5B, 0x094B, 0x2A4B, 0x0C64, 0x0A4B, 0x0A4B, 0x2A4B, 0x0A4B, 0x2A53, 0x0A4B, 0x4A4B, 0x4A4B, 0xCC5B, 0xCC53, 
  0xEC5B, 0x6B53, 0x2A4B, 0x0A4B, 0xC94A, 0xEA4A, 0xC94A, 0xEA4A, 0x883A, 0x8F9E, 0xFFFF, 0xD6D7, 0xCBA7, 0xEBAF, 0xEE9F, 0xEF97, 
  0xEF9F, 0xEC9F, 0xD7DF, 0xFFFF, 0xD4D7, 0xCD9F, 0xEF97, 0xEE97, 0xF0B7, 0xFEFF, 0xD3CF, 0xCE9F, 0xC94B, 0xEA4A, 0x094B, 0x4B53, 
  0x0B53, 0xEA4A, 0xC942, 0xAB5B, 0xCB5B, 0x294B, 0x8B5B, 0xCB5B, 0x4A4B, 0x2A53, 0xC94A, 0xC94A, 0x2A53, 0x0A4B, 0xC94A, 0xEA52, 
  0x0A53, 0x2A53, 0x0A4B, 0x094B, 0xE94A, 0x6842, 0xEA52, 0xEA52, 0x8942, 0xCA4A, 0xA942, 0xC94A, 0x0A53, 0xA942, 0x0A4B, 0x0A53, 
  0xA942, 0xEA4A, 0xEA52, 0x8842, 0x273A, 0xA94A, 0xCA52, 0x894A, 0xA842, 0x0A4B, 0x4C8E, 0xEDAF, 0xEC7D, 0x8842, 0x894B, 0x6F97, 
  0xEF97, 0xCE9F, 0xEF97, 0xEF9F, 0xEE9F, 0xEE97, 0xEE9F, 0xEE9F, 0xEF9F, 0xEE9F, 0xEE9F, 0xEE9F, 0xEF9F, 0xEF9F, 0xEF97, 0xEF9F, 
  0xEF9F, 0xEE9F, 0xEE9F, 0xEE9F, 0xEE9F, 0xEE9F, 0xEE9F, 0xEE9F, 0xEF9F, 0xEF9F, 0xEF9F, 0xEF9F, 0xEF9F, 0xEF9F, 0xEF9F, 0xEF9F, 
  0xEF9F, 0xEE9F, 0xEE9F, 0xEE9F, 0xEF9F, 0xEF9F, 0xEE9F, 0xEE9F, 0xEE9F, 0xEE9F, 0xEE9F, 0xEE9F, 0xEF9F, 0xEE9F, 0xEE9F, 0xEE9F, 
  0xEE9F, 0xEE9F, 0xEE9F, 0xEF9F, 0xEE9F, 0xEE9F, 0xEE9F, 0xEE9F, 0xEF9F, 0xEE9F, 0xEF9F, 0xEF9F, 0xEE9F, 0xEE9F, 0xEE9F, 0xEE9F, 
  0xEE9F, 0xEE9F, 0xEE9F, 0xEE9F, 0xEE9F, 0xEE9F, 0xEE9F, 0xEE9F, 0xECA7, 0xEBAF, 0xEBAF, 0xEBAF, 0xEBAF, 0xEBAF, 0xEBAF, 0xEBAF, 
  0xEBAF, 0xEBAF, 0xECAF, 0xEDA7, 0xEE9F, 0xEE97, 0xEE97, 0xEE9F, 0xEE9F, 0xF0A7, 0xEB64, 0x0A4B, 0x2D6C, 0x2A4B, 0xC942, 0x8B5B, 
  0x0D64, 0x6A4B, 0x8A4B, 0xAB53, 0x8C5B, 0x0A4B, 0x2A53, 0x4B53, 0xE942, 0x0A4B, 0x6B5B, 0x0A4B, 0x494B, 0x8A53, 0x4A4B, 0x294B, 
  0x0B65, 0xF0A7, 0xEE9F, 0xEE9F, 0xEE9F, 0xEE9F, 0xEE9F, 0xEE9F, 0xEE9F, 0xEE9F, 0xEE9F, 0xEE9F, 0xEE9F, 0xEE9F, 0xEE9F, 0xEE9F, 
  0xEF9F, 0xEF9F, 0xEE97, 0xB1AF, 0xFBF7, 0x8F8D, 0xA842, 0x2A53, 0x494B, 0x4F96, 0xFBF7, 0xDFFF, 0xFCF7, 0x4E96, 0xC94A, 0x6B53, 
  0x0A53, 0x2A53, 0x4D6C, 0x2A4B, 0xEC63, 0x2D6C, 0x6842, 0xC94A, 0x094B, 0x0A4B, 0x0A4B, 0xAC5B, 0x6B53, 0xCC5B, 0xAB5B, 0x6A53, 
  0x8B53, 0x4A4B, 0x6B53, 0xE94A, 0xE94A, 0xEA52, 0xEA52, 0xCA4A, 0xEA4A, 0x4C7D, 0xFBF7, 0xDBF7, 0xCCAF, 0xEBAF, 0xEDA7, 0xEE97, 
  0xEF9F, 0xEC9F, 0xD2C7, 0xFFFF, 0xD8E7, 0xCCA7, 0xEE9F, 0xEE97, 0xCFA7, 0xFCF7, 0xD7DF, 0xEFA7, 0xAA64, 0x894A, 0x2A53, 0x2A53, 
  0xA94A, 0x0A53, 0x4B53, 0x6B53, 0x2A4B, 0x2B4B, 0xC94A, 0xC94A, 0x6B5B, 0x4B5B, 0xC94A, 0x2B53, 0xE94A, 0x0A4B, 0xEA4A, 0x8942, 
  0xC942, 0xC842, 0x694B, 0x5085, 0x494B, 0xC94A, 0xC94A, 0xEA4A, 0x2B53, 0xA94A, 0x8842, 0x0A4B, 0x0A53, 0xA842, 0xA942, 0xC94A, 
  0xA94A, 0x0A53, 0x0A53, 0xC94A, 0xA94A, 0x894A, 0x894A, 0x894A, 0xE94A, 0xCA52, 0xA953, 0x4D9F, 0xEFB7, 0x6C7D, 0x2943, 0x8B5C, 
  0x709F, 0xEF9F, 0xEE97, 0xEF9F, 0xEE9F, 0xEE9F, 0xEE9F, 0xEE9F, 0xEF9F, 0xEE9F, 0xEE9F, 0xEE9F, 0xEE9F, 0xEE9F, 0xEE9F, 0xEE9F, 
  0xEE9F, 0xEE9F, 0xEE9F, 0xEE9F, 0xEE9F, 0xEE9F, 0xEF9F, 0xEE9F, 0xEF9F, 0xEF9F, 0xEF9F, 0xEF9F, 0xEE9F, 0xEE9F, 0xEF9F, 0xEE9F
};
