// Gerado automaticamente - orange.png
// Tamanho: 240x240 pixels
// Uso: tft.pushImage(x, y, 240, 240, oragne);

#pragma once
#include <pgmspace.h>

#define ORAGNE_W 240
#define ORAGNE_H 240

static const uint16_t oragne[] PROGMEM = {
  0xE4FE, 0xE0FF, 0xC1FF, 0xC1FF, 0xC1FF, 0xC1FF, 0xC1FF, 0xC1FF, 0xC1FF, 0xC1FF, 0xC1FF, 0xC1FF, 0xC1FF, 0xC1FF, 0xC1FF, 0xE1FF, 
  0xE1FF, 0xE1FF, 0xC1FF, 0xC1FF, 0xC1FF, 0xC1FF, 0xC1FF, 0xC1FF, 0xC1FF, 0xC1FF, 0xC1FF, 0xC1FF, 0xC1FF, 0xC1FF, 0xC1FF, 0xC1FF, 
  0xC1FF, 0xC1FF, 0xC1FF, 0xC1FF, 0xC1FF, 0xC1FF, 0xC1FF, 0xC1FF, 0xC1FF, 0xC1FF, 0xE1FF, 0xE1FF, 0xE1FF, 0xC1FF, 0xC1FF, 0xC1FF, 
  0xC1FF, 0xC1FF, 0xC1FF, 0xC1FF, 0xC1FF, 0xC1FF, 0xC1FF, 0xC1FF, 0xC1FF, 0xC1FF, 0xC1FF, 0xC1FF, 0xC1FF, 0xC1FF, 0xC1FF, 0xC1FF, 
  0xC1FF, 0xC1FF, 0xC1FF, 0xC1FF, 0xC1FF, 0xC1FF, 0xC1FF, 0xC1FF, 0xE1FF, 0xC1FF, 0xC1FF, 0xC1FF, 0xC1FF, 0xC1FF, 0xC1FF, 0xC1FF, 
  0xC1FF, 0xC1FF, 0xC1FF, 0xC1FF, 0xC1FF, 0xC1FF, 0xC1FF, 0xC1FF, 0xC1FF, 0xC1FF, 0xC1FF, 0xC1FF, 0xC1FF, 0xC1FF, 0xC1FF, 0xC1FF, 
  0xC1FF, 0xC1FF, 0xC1FF, 0xC1FF, 0xC1FF, 0xC1FF, 0xC1FF, 0xC1FF, 0xC1FF, 0xE1FF, 0xC1FF, 0xC1FF, 0xC1FF, 0xC1FF, 0xC1FF, 0xC1FF, 
  0xC1FF, 0xC1FF, 0xC1FF, 0xC1FF, 0xC1FF, 0xC1FF, 0xC1FF, 0xC1FF, 0xC1FF, 0xC1FF, 0xC1FF, 0xC1FF, 0xC1FF, 0xE1FF, 0xC1FF, 0xC1FF, 
  0xC1FF, 0xC1FF, 0xE1FF, 0xC1FF, 0xC1FF, 0xC1FF, 0xC1FF, 0xC1FF, 0xC1FF, 0xC1FF, 0xC1FF, 0xC1FF, 0xC1FF, 0xE1FF, 0xE1FF, 0xE1FF, 
  0xC1FF, 0xC1FF, 0xC1FF, 0xC1FF, 0xC1FF, 0xC1FF, 0xC1FF, 0xC1FF, 0xC1FF, 0xC1FF, 0xC1FF, 0xC1FF, 0xC1FF, 0xC1FF, 0xC1FF, 0xC1FF, 
  0xC1FF, 0xC1FF, 0xC1FF, 0xC1FF, 0xC1FF, 0xC1FF, 0xC1FF, 0xC1FF, 0xC1FF, 0xE1FF, 0xC1FF, 0xC1FF, 0xC1FF, 0xC1FF, 0xC1FF, 0xC1FF, 
  0xC1FF, 0xC1FF, 0xC1FF, 0xC1FF, 0xC1FF, 0xC1FF, 0xC1FF, 0xC1FF, 0xC1FF, 0xC1FF, 0xC1FF, 0xC1FF, 0xC1FF, 0xC1FF, 0xC1FF, 0xC1FF, 
  0xC1FF, 0xC1FF, 0xC1FF, 0xC1FF, 0xC1FF, 0xC1FF, 0xC1FF, 0xC1FF, 0xC1FF, 0xC1FF, 0xC1FF, 0xC1FF, 0xC1FF, 0xC1FF, 0xC1FF, 0xC1FF, 
  0xC1FF, 0xC1FF, 0xC1FF, 0xC1FF, 0xC1FF, 0xC1FF, 0xC1FF, 0xC1FF, 0xC1FF, 0xC1FF, 0xC1FF, 0xC1FF, 0xC1FF, 0xC1FF, 0xC1FF, 0xC1FF, 
  0xC1FF, 0xC1FF, 0xC1FF, 0xC1FF, 0xC1FF, 0xC1FF, 0xC1FF, 0xC1FF, 0xC1FF, 0xC1FF, 0xC1FF, 0xC1FF, 0xC1FF, 0xC1FF, 0xC1FF, 0xC1FF, 
  0x04FF, 0xE1FF, 0xC1FF, 0xC1FF, 0xC1FF, 0xC1FF, 0xC1FF, 0xC1FF, 0xC1FF, 0xC1FF, 0xC1FF, 0xC1FF, 0xC1FF, 0xC1FF, 0xC1FF, 0xC1FF, 
  0xC1FF, 0xC1FF, 0xC1FF, 0xC1FF, 0xC1FF, 0xC1FF, 0xC1FF, 0xC1FF, 0xC1FF, 0xC1FF, 0xC1FF, 0xC1FF, 0xC1FF, 0xC1FF, 0xC1FF, 0xC1FF, 
  0xC1FF, 0xC1FF, 0xC1FF, 0xC1FF, 0xC1FF, 0xC1FF, 0xC1FF, 0xC1FF, 0xC1FF, 0xC1FF, 0xC1FF, 0xC1FF, 0xC1FF, 0xC1FF, 0xC1FF, 0xC1FF, 
  0xC1FF, 0xC1FF, 0xC1FF, 0xC1FF, 0xC1FF, 0xC1FF, 0xC1FF, 0xC1FF, 0xC1FF, 0xC1FF, 0xC0FF, 0xC0FF, 0xC0FF, 0xC0FF, 0xC0FF, 0xC1FF, 
  0xC1FF, 0xC1FF, 0xC0FF, 0xC0FF, 0xC0FF, 0xC1FF, 0xC1FF, 0xC0FF, 0xC0FF, 0xC0FF, 0xC0FF, 0xC1FF, 0xE1FF, 0xC1FF, 0xC1FF, 0xC1FF, 
  0xC1FF, 0xC1FF, 0xC1FF, 0xC1FF, 0xC1FF, 0xC1FF, 0xC1FF, 0xC1FF, 0xC1FF, 0xC1FF, 0xC1FF, 0xC1FF, 0xC1FF, 0xC1FF, 0xC1FF, 0xC1FF, 
  0xC1FF, 0xC1FF, 0xC1FF, 0xC1FF, 0xC1FF, 0xC1FF, 0xC1FF, 0xC0FF, 0xC0FF, 0xC0FF, 0xC0FF, 0xC1FF, 0xC0FF, 0xC0FF, 0xC0FF, 0xC0FF, 
  0xC1FF, 0xC1FF, 0xC0FF, 0xC0FF, 0xC0FF, 0xC0FF, 0xC0FF, 0xC0FF, 0xC0FF, 0xC1FF, 0xC0FF, 0xC0FF, 0xC1FF, 0xC0FF, 0xC0FF, 0xC0FF, 
  0xC0FF, 0xC0FF, 0xC0FF, 0xC1FF, 0xC0FF, 0xC0FF, 0xC0FF, 0xC0FF, 0xC0FF, 0xC1FF, 0xC1FF, 0xC1FF, 0xC1FF, 0xC1FF, 0xC1FF, 0xC1FF, 
  0xC1FF, 0xC1FF, 0xC1FF, 0xC1FF, 0xC1FF, 0xC1FF, 0xC1FF, 0xC1FF, 0xC1FF, 0xC1FF, 0xC1FF, 0xC1FF, 0xC1FF, 0xC0FF, 0xC0FF, 0xC0FF, 
  0xC1FF, 0xC1FF, 0xC1FF, 0xC0FF, 0xC1FF, 0xC0FF, 0xC0FF, 0xC0FF, 0xC0FF, 0xC0FF, 0xC1FF, 0xC1FF, 0xC1FF, 0xC1FF, 0xC1FF, 0xC0FF, 
  0xC1FF, 0xC0FF, 0xC0FF, 0xC0FF, 0xC0FF, 0xC0FF, 0xC1FF, 0xC0FF, 0xC0FF, 0xC0FF, 0xC0FF, 0xC0FF, 0xC0FF, 0xC1FF, 0xC1FF, 0xC1FF, 
  0xC0FF, 0xC0FF, 0xC1FF, 0xC0FF, 0xC1FF, 0xC1FF, 0xC1FF, 0xC1FF, 0xC1FF, 0xC1FF, 0xC0FF, 0xC1FF, 0xC1FF, 0xC1FF, 0xC1FF, 0xC1FF, 
  0xC1FF, 0xC1FF, 0xC1FF, 0xC1FF, 0xC1FF, 0xC1FF, 0xC1FF, 0xC1FF, 0xC1FF, 0xC1FF, 0xC1FF, 0xC1FF, 0xC1FF, 0xC1FF, 0xC1FF, 0xC1FF, 
  0xC1FF, 0xC1FF, 0xC1FF, 0xC1FF, 0xC1FF, 0xC1FF, 0xC1FF, 0xC1FF, 0xC1FF, 0xC1FF, 0xC1FF, 0xC1FF, 0xC1FF, 0xC1FF, 0xC1FF, 0xE1FF, 
  0x04FF, 0xE0FF, 0xC1FF, 0xC0FF, 0xC1FF, 0xC1FF, 0xC1FF, 0xC1FF, 0xC1FF, 0xC1FF, 0xC1FF, 0xC1FF, 0xC1FF, 0xC1FF, 0xC1FF, 0xC1FF, 
  0xC1FF, 0xC1FF, 0xC1FF, 0xC1FF, 0xC1FF, 0xC1FF, 0xC1FF, 0xC1FF, 0xC1FF, 0xC1FF, 0xC1FF, 0xC1FF, 0xC1FF, 0xC1FF, 0xC1FF, 0xC1FF, 
  0xC1FF, 0xC1FF, 0xC1FF, 0xC1FF, 0xC1FF, 0xC1FF, 0xC1FF, 0xC1FF, 0xC1FF, 0xC1FF, 0xC1FF, 0xC1FF, 0xC1FF, 0xC1FF, 0xC1FF, 0xC1FF, 
  0xC1FF, 0xC1FF, 0xC1FF, 0xC1FF, 0xC1FF, 0xC1FF, 0xC0FF, 0xC0FF, 0xC0FF, 0xC0FF, 0xC0FF, 0xC0FF, 0xC0FF, 0xC0FF, 0xC0FF, 0xC0FF, 
  0xC0FF, 0xC0FF, 0xC0FF, 0xC0FF, 0xC0FF, 0xC0FF, 0xC0FF, 0xC0FF, 0xC0FF, 0xC0FF, 0xC0FF, 0xC0FF, 0xC0FF, 0xC0FF, 0xC0FF, 0xC0FF, 
  0xC0FF, 0xC0FF, 0xC0FF, 0xC0FF, 0xC0FF, 0xC1FF, 0xC1FF, 0xC1FF, 0xC1FF, 0xC1FF, 0xC1FF, 0xC1FF, 0xC1FF, 0xC1FF, 0xC1FF, 0xC1FF, 
  0xC1FF, 0xC1FF, 0xC1FF, 0xC1FF, 0xC1FF, 0xC1FF, 0xC0FF, 0xC0FF, 0xC0FF, 0xC0FF, 0xC0FF, 0xC0FF, 0xC0FF, 0xC0FF, 0xC0FF, 0xC0FF, 
  0xC0FF, 0xC0FF, 0xC0FF, 0xC0FF, 0xC0FF, 0xC0FF, 0xC0FF, 0xC0FF, 0xC0FF, 0xC0FF, 0xC0FF, 0xC0FF, 0xC0FF, 0xC0FF, 0xC0FF, 0xC0FF, 
  0xC0FF, 0xC0FF, 0xC0FF, 0xC0FF, 0xC0FF, 0xC0FF, 0xC0FF, 0xC0FF, 0xC0FF, 0xC0FF, 0xC0FF, 0xC1FF, 0xC1FF, 0xC1FF, 0xC1FF, 0xC1FF, 
  0xC0FF, 0xC0FF, 0xC0FF, 0xC0FF, 0xC0FF, 0xC0FF, 0xC0FF, 0xC1FF, 0xC1FF, 0xC1FF, 0xC1FF, 0xC1FF, 0xC0FF, 0xC0FF, 0xC0FF, 0xC0FF, 
  0xC0FF, 0xC0FF, 0xC0FF, 0xC0FF, 0xC0FF, 0xC0FF, 0xC0FF, 0xC0FF, 0xC0FF, 0xC0FF, 0xC0FF, 0xC0FF, 0xC0FF, 0xC0FF, 0xC0FF, 0xC0FF, 
  0xC0FF, 0xE0FF, 0xC0FF, 0xC0FF, 0xC0FF, 0xC0FF, 0xC0FF, 0xC0FF, 0xC0FF, 0xC0FF, 0xC0FF, 0xC0FF, 0xC0FF, 0xC0FF, 0xC0FF, 0xC0FF, 
  0xC0FF, 0xC0FF, 0xC0FF, 0xC0FF, 0xC0FF, 0xC0FF, 0xC0FF, 0xC0FF, 0xC0FF, 0xC0FF, 0xC0FF, 0xC0FF, 0xC0FF, 0xC1FF, 0xC1FF, 0xC1FF, 
  0xC1FF, 0xC1FF, 0xC1FF, 0xC1FF, 0xC1FF, 0xC1FF, 0xC1FF, 0xC1FF, 0xC1FF, 0xC1FF, 0xC1FF, 0xC1FF, 0xC1FF, 0xC1FF, 0xC1FF, 0xC1FF, 
  0xC1FF, 0xC1FF, 0xC1FF, 0xC1FF, 0xC1FF, 0xC1FF, 0xC1FF, 0xC1FF, 0xC1FF, 0xC1FF, 0xC1FF, 0xC1FF, 0xC1FF, 0xC0FF, 0xC1FF, 0xE1FF, 
  0x04FF, 0xE0FF, 0xC0FF, 0xC0FF, 0xC0FF, 0xC1FF, 0xC1FF, 0xC1FF, 0xC1FF, 0xC1FF, 0xC1FF, 0xC1FF, 0xC1FF, 0xC1FF, 0xC1FF, 0xC1FF, 
  0xC1FF, 0xC1FF, 0xC1FF, 0xC1FF, 0xC1FF, 0xC1FF, 0xC1FF, 0xC1FF, 0xC1FF, 0xC1FF, 0xC1FF, 0xC1FF, 0xC1FF, 0xC1FF, 0xC1FF, 0xC1FF, 
  0xC1FF, 0xC1FF, 0xC1FF, 0xC1FF, 0xC1FF, 0xC1FF, 0xC1FF, 0xC1FF, 0xC1FF, 0xC1FF, 0xC1FF, 0xC1FF, 0xC1FF, 0xC1FF, 0xC1FF, 0xC1FF, 
  0xC1FF, 0xC1FF, 0xC1FF, 0xC1FF, 0xC1FF, 0xC1FF, 0xC0FF, 0xC0FF, 0xC0FF, 0xC0FF, 0xC0FF, 0xC0FF, 0xC0FF, 0xC0FF, 0xC0FF, 0xC0FF, 
  0xC0FF, 0xC0FF, 0xC0FF, 0xC0FF, 0xC0FF, 0xC0FF, 0xC0FF, 0xC0FF, 0xC0FF, 0xC0FF, 0xC0FF, 0xC0FF, 0xC0FF, 0xC0FF, 0xC0FF, 0xC0FF, 
  0xC0FF, 0xC0FF, 0xC0FF, 0xC0FF, 0xC0FF, 0xC1FF, 0xC1FF, 0xC1FF, 0xC1FF, 0xC1FF, 0xC1FF, 0xC1FF, 0xC1FF, 0xC1FF, 0xC1FF, 0xC1FF, 
  0xC1FF, 0xC1FF, 0xC1FF, 0xC1FF, 0xC1FF, 0xC1FF, 0xC0FF, 0xC0FF, 0xC0FF, 0xC0FF, 0xC0FF, 0xC0FF, 0xC0FF, 0xC0FF, 0xC0FF, 0xC0FF, 
  0xC0FF, 0xC0FF, 0xC0FF, 0xC0FF, 0xC0FF, 0xC0FF, 0xC0FF, 0xC0FF, 0xC0FF, 0xC0FF, 0xC0FF, 0xC0FF, 0xC0FF, 0xC0FF, 0xC0FF, 0xC0FF, 
  0xC0FF, 0xC0FF, 0xC0FF, 0xC0FF, 0xC0FF, 0xC0FF, 0xC0FF, 0xC0FF, 0xC0FF, 0xC0FF, 0xC0FF, 0xC1FF, 0xC1FF, 0xC1FF, 0xC1FF, 0xC1FF, 
  0xC0FF, 0xC0FF, 0xC0FF, 0xC0FF, 0xC0FF, 0xC0FF, 0xC0FF, 0xC1FF, 0xC1FF, 0xC1FF, 0xC1FF, 0xC1FF, 0xC0FF, 0xC0FF, 0xC0FF, 0xC0FF, 
  0xC0FF, 0xC0FF, 0xC0FF, 0xC0FF, 0xC0FF, 0xC0FF, 0xC0FF, 0xC0FF, 0xC0FF, 0xC0FF, 0xC0FF, 0xC0FF, 0xC0FF, 0xC0FF, 0xC0FF, 0xC0FF, 
  0xC0FF, 0xC0FF, 0xC0FF, 0xC0FF, 0xC0FF, 0xC0FF, 0xC0FF, 0xC0FF, 0xC0FF, 0xC0FF, 0xC0FF, 0xC0FF, 0xC0FF, 0xC0FF, 0xC0FF, 0xC0FF, 
  0xC0FF, 0xC0FF, 0xC0FF, 0xC0FF, 0xC0FF, 0xC0FF, 0xC0FF, 0xC0FF, 0xC0FF, 0xC0FF, 0xC0FF, 0xC0FF, 0xC0FF, 0xC1FF, 0xC1FF, 0xC1FF, 
  0xC1FF, 0xC1FF, 0xC1FF, 0xC1FF, 0xC1FF, 0xC1FF, 0xC1FF, 0xC1FF, 0xC1FF, 0xC1FF, 0xC1FF, 0xC1FF, 0xC1FF, 0xC1FF, 0xC1FF, 0xC1FF, 
  0xC1FF, 0xC1FF, 0xC1FF, 0xC1FF, 0xC1FF, 0xC1FF, 0xC1FF, 0xC1FF, 0xC1FF, 0xC1FF, 0xC1FF, 0xC1FF, 0xC0FF, 0xC0FF, 0xC0FF, 0xC1FF, 
  0x04FF, 0xE0FF, 0xC0FF, 0xC0FF, 0xC0FF, 0xC1FF, 0xC0FF, 0xC0FF, 0xC0FF, 0xC0FF, 0xC0FF, 0xC0FF, 0xC0FF, 0xC0FF, 0xC0FF, 0xC0FF, 
  0xC0FF, 0xC0FF, 0xC0FF, 0xC0FF, 0xC0FF, 0xC0FF, 0xC0FF, 0xC0FF, 0xC0FF, 0xC0FF, 0xC0FF, 0xC0FF, 0xC0FF, 0xC0FF, 0xC0FF, 0xC0FF, 
  0xC0FF, 0xC0FF, 0xC0FF, 0xC0FF, 0xC0FF, 0xC0FF, 0xC0FF, 0xC0FF, 0xC0FF, 0xC0FF, 0xC0FF, 0xC0FF, 0xC0FF, 0xC0FF, 0xC0FF, 0xC0FF, 
  0xC0FF, 0xC0FF, 0xC0FF, 0xC0FF, 0xC0FF, 0xC0FF, 0xC1FF, 0xC1FF, 0xC1FF, 0xC1FF, 0xC1FF, 0xC1FF, 0xC1FF, 0xC1FF, 0xC1FF, 0xC1FF, 
  0xC1FF, 0xC1FF, 0xC1FF, 0xC1FF, 0xC1FF, 0xC1FF, 0xC1FF, 0xC1FF, 0xC1FF, 0xC1FF, 0xC1FF, 0xC1FF, 0xC1FF, 0xC1FF, 0xC1FF, 0xC1FF, 
  0xC1FF, 0xC1FF, 0xC1FF, 0xC1FF, 0xC0FF, 0xC0FF, 0xC0FF, 0xC0FF, 0xC0FF, 0xC0FF, 0xC0FF, 0xC0FF, 0xC0FF, 0xC0FF, 0xC0FF, 0xC0FF, 
  0xC0FF, 0xC0FF, 0xC0FF, 0xC0FF, 0xC0FF, 0xC0FF, 0xC1FF, 0xC1FF, 0xC1FF, 0xC1FF, 0xC1FF, 0xC1FF, 0xC1FF, 0xC1FF, 0xC1FF, 0xC1FF, 
  0xC1FF, 0xC1FF, 0xC1FF, 0xC1FF, 0xC1FF, 0xC1FF, 0xC1FF, 0xC1FF, 0xC1FF, 0xC1FF, 0xC1FF, 0xC1FF, 0xC1FF, 0xC1FF, 0xC1FF, 0xC1FF, 
  0xC1FF, 0xC1FF, 0xC1FF, 0xC1FF, 0xC1FF, 0xC1FF, 0xC1FF, 0xC1FF, 0xC1FF, 0xC1FF, 0xC0FF, 0xC0FF, 0xC0FF, 0xC0FF, 0xC0FF, 0xC0FF, 
  0xC1FF, 0xC1FF, 0xC1FF, 0xC1FF, 0xC1FF, 0xC1FF, 0xC1FF, 0xC0FF, 0xC0FF, 0xC0FF, 0xC0FF, 0xC0FF, 0xC0FF, 0xC1FF, 0xC1FF, 0xC1FF, 
  0xC1FF, 0xC1FF, 0xC1FF, 0xC1FF, 0xC1FF, 0xC1FF, 0xC1FF, 0xC1FF, 0xC1FF, 0xC1FF, 0xC1FF, 0xC1FF, 0xC1FF, 0xC1FF, 0xC1FF, 0xC1FF, 
  0xC1FF, 0xC1FF, 0xC1FF, 0xC1FF, 0xC1FF, 0xC1FF, 0xC1FF, 0xC1FF, 0xC1FF, 0xC1FF, 0xC1FF, 0xC1FF, 0xC1FF, 0xC1FF, 0xC1FF, 0xC1FF, 
  0xC1FF, 0xC1FF, 0xC1FF, 0xC1FF, 0xC1FF, 0xC1FF, 0xC1FF, 0xC1FF, 0xC1FF, 0xC1FF, 0xC1FF, 0xC1FF, 0xC0FF, 0xC0FF, 0xC0FF, 0xC0FF, 
  0xC0FF, 0xC0FF, 0xC0FF, 0xC0FF, 0xC0FF, 0xC0FF, 0xC0FF, 0xC0FF, 0xC0FF, 0xC0FF, 0xC0FF, 0xC0FF, 0xC0FF, 0xC0FF, 0xC0FF, 0xC0FF, 
  0xC0FF, 0xC0FF, 0xC0FF, 0xC0FF, 0xC0FF, 0xC0FF, 0xC0FF, 0xC0FF, 0xC0FF, 0xC0FF, 0xC1FF, 0xC1FF, 0xC0FF, 0xC0FF, 0xC0FF, 0xC1FF, 
  0x04FF, 0xE0FF, 0xC0FF, 0xC0FF, 0xC0FF, 0xC1FF, 0xC0FF, 0xC0FF, 0xC0FF, 0xC0FF, 0xC0FF, 0xC0FF, 0xC0FF, 0xC0FF, 0xC0FF, 0xC0FF, 
  0xC0FF, 0xC0FF, 0xC0FF, 0xC0FF, 0xC0FF, 0xC0FF, 0xC0FF, 0xC0FF, 0xC0FF, 0xC0FF, 0xC0FF, 0xC0FF, 0xC0FF, 0xC0FF, 0xC0FF, 0xC0FF, 
  0xC0FF, 0xC0FF, 0xC0FF, 0xC0FF, 0xC0FF, 0xC0FF, 0xC0FF, 0xC0FF, 0xC0FF, 0xC0FF, 0xC0FF, 0xC0FF, 0xC0FF, 0xC0FF, 0xC0FF, 0xC0FF, 
  0xC0FF, 0xC0FF, 0xC0FF, 0xC0FF, 0xC0FF, 0xC0FF, 0xC1FF, 0xC1FF, 0xC1FF, 0xC1FF, 0xC1FF, 0xC1FF, 0xC1FF, 0xC1FF, 0xC1FF, 0xC1FF, 
  0xC1FF, 0xC1FF, 0xC1FF, 0xC1FF, 0xC1FF, 0xC1FF, 0xC1FF, 0xC1FF, 0xC1FF, 0xC1FF, 0xC1FF, 0xC1FF, 0xC1FF, 0xC1FF, 0xC1FF, 0xC1FF, 
  0xC1FF, 0xC1FF, 0xC1FF, 0xC1FF, 0xC0FF, 0xC0FF, 0xC0FF, 0xC0FF, 0xC0FF, 0xC0FF, 0xC0FF, 0xC0FF, 0xC0FF, 0xC0FF, 0xC0FF, 0xC0FF, 
  0xC0FF, 0xC0FF, 0xC0FF, 0xC0FF, 0xC0FF, 0xC0FF, 0xC1FF, 0xC1FF, 0xC1FF, 0xC1FF, 0xC1FF, 0xC1FF, 0xC1FF, 0xC1FF, 0xC1FF, 0xC1FF, 
  0xC1FF, 0xC1FF, 0xC1FF, 0xC1FF, 0xC1FF, 0xC1FF, 0xC1FF, 0xC1FF, 0xC1FF, 0xC1FF, 0xC1FF, 0xC1FF, 0xC1FF, 0xC1FF, 0xC1FF, 0xC1FF, 
  0xC1FF, 0xC1FF, 0xC1FF, 0xC1FF, 0xC1FF, 0xC1FF, 0xC1FF, 0xC1FF, 0xC1FF, 0xC1FF, 0xC0FF, 0xC0FF, 0xC0FF, 0xC0FF, 0xC0FF, 0xC0FF, 
  0xC1FF, 0xC1FF, 0xC1FF, 0xC1FF, 0xC1FF, 0xC1FF, 0xC0FF, 0xC0FF, 0xC0FF, 0xC0FF, 0xC0FF, 0xC0FF, 0xC1FF, 0xC1FF, 0xC1FF, 0xC1FF, 
  0xC1FF, 0xC1FF, 0xC1FF, 0xC1FF, 0xC1FF, 0xC1FF, 0xC1FF, 0xC1FF, 0xC1FF, 0xC1FF, 0xC1FF, 0xC1FF, 0xC1FF, 0xC1FF, 0xC1FF, 0xC1FF, 
  0xC1FF, 0xC1FF, 0xC1FF, 0xC1FF, 0xC1FF, 0xC1FF, 0xC1FF, 0xC1FF, 0xC1FF, 0xC1FF, 0xC1FF, 0xC1FF, 0xC1FF, 0xC1FF, 0xC1FF, 0xC1FF, 
  0xC1FF, 0xC1FF, 0xC1FF, 0xC1FF, 0xC1FF, 0xC1FF, 0xC1FF, 0xC1FF, 0xC1FF, 0xC1FF, 0xC1FF, 0xC1FF, 0xC0FF, 0xC0FF, 0xC0FF, 0xC0FF, 
  0xC0FF, 0xC0FF, 0xC0FF, 0xC0FF, 0xC0FF, 0xC0FF, 0xC0FF, 0xC0FF, 0xC0FF, 0xC0FF, 0xC0FF, 0xC0FF, 0xC0FF, 0xC0FF, 0xC0FF, 0xC0FF, 
  0xC0FF, 0xC0FF, 0xC0FF, 0xC0FF, 0xC0FF, 0xC0FF, 0xC0FF, 0xC0FF, 0xC0FF, 0xC0FF, 0xC0FF, 0xC1FF, 0xC0FF, 0xC0FF, 0xC0FF, 0xC1FF, 
  0x04FF, 0xE0FF, 0xC0FF, 0xC0FF, 0xC0FF, 0xC1FF, 0xC1FF, 0xC1FF, 0xC1FF, 0xC1FF, 0xC1FF, 0xC1FF, 0xC1FF, 0xC1FF, 0xC1FF, 0xC1FF, 
  0xC1FF, 0xC1FF, 0xC1FF, 0xC1FF, 0xC1FF, 0xC1FF, 0xC1FF, 0xC1FF, 0xC1FF, 0xC1FF, 0xC1FF, 0xC1FF, 0xC1FF, 0xC1FF, 0xC1FF, 0xC1FF, 
  0xC1FF, 0xC1FF, 0xC1FF, 0xC1FF, 0xC1FF, 0xC1FF, 0xC1FF, 0xC1FF, 0xC1FF, 0xC1FF, 0xC1FF, 0xC1FF, 0xC1FF, 0xC1FF, 0xC1FF, 0xC1FF, 
  0xC1FF, 0xC1FF, 0xC1FF, 0xC1FF, 0xC1FF, 0xC1FF, 0xC1FF, 0xC1FF, 0xC1FF, 0xC1FF, 0xC1FF, 0xC1FF, 0xC1FF, 0xC1FF, 0xC1FF, 0xC1FF, 
  0xC1FF, 0xC1FF, 0xC1FF, 0xC1FF, 0xC1FF, 0xC1FF, 0xC1FF, 0xC1FF, 0xC1FF, 0xC1FF, 0xC1FF, 0xC1FF, 0xC1FF, 0xC1FF, 0xC1FF, 0xC1FF, 
  0xC1FF, 0xC1FF, 0xC1FF, 0xC1FF, 0xC1FF, 0xC1FF, 0xC1FF, 0xC1FF, 0xC1FF, 0xC1FF, 0xC1FF, 0xC1FF, 0xC1FF, 0xC1FF, 0xC1FF, 0xC1FF, 
  0xC1FF, 0xC1FF, 0xC1FF, 0xC1FF, 0xC1FF, 0xC1FF, 0xC1FF, 0xC1FF, 0xC1FF, 0xC1FF, 0xC1FF, 0xC1FF, 0xC1FF, 0xC1FF, 0xC1FF, 0xC1FF, 
  0xC1FF, 0xC1FF, 0xC1FF, 0xC1FF, 0xC1FF, 0xC1FF, 0xC1FF, 0xC1FF, 0xC1FF, 0xC1FF, 0xC1FF, 0xC1FF, 0xC1FF, 0xC1FF, 0xC1FF, 0xC1FF, 
  0xC1FF, 0xC1FF, 0xC1FF, 0xC1FF, 0xC1FF, 0xC1FF, 0xC1FF, 0xC1FF, 0xC1FF, 0xC1FF, 0xC1FF, 0xC1FF, 0xC1FF, 0xC1FF, 0xC1FF, 0xC1FF, 
  0xC1FF, 0xC1FF, 0xC1FF, 0xC1FF, 0xC1FF, 0xC1FF, 0xC1FF, 0xC1FF, 0xC1FF, 0xC1FF, 0xC1FF, 0xC1FF, 0xC1FF, 0xC1FF, 0xC1FF, 0xC1FF, 
  0xC1FF, 0xC1FF, 0xC1FF, 0xC1FF, 0xC1FF, 0xC1FF, 0xC1FF, 0xC1FF, 0xC1FF, 0xC1FF, 0xC1FF, 0xC1FF, 0xC1FF, 0xC1FF, 0xC1FF, 0xC1FF, 
  0xC1FF, 0xC1FF, 0xC1FF, 0xC1FF, 0xC1FF, 0xC1FF, 0xC1FF, 0xC1FF, 0xC1FF, 0xC1FF, 0xC1FF, 0xC1FF, 0xC1FF, 0xC1FF, 0xC1FF, 0xC1FF, 
  0xC1FF, 0xC1FF, 0xC1FF, 0xC1FF, 0xC1FF, 0xC1FF, 0xC1FF, 0xC1FF, 0xC1FF, 0xC1FF, 0xC1FF, 0xC1FF, 0xC1FF, 0xC1FF, 0xC1FF, 0xC1FF, 
  0xC1FF, 0xC1FF, 0xC1FF, 0xC1FF, 0xC1FF, 0xC1FF, 0xC1FF, 0xC1FF, 0xC1FF, 0xC1FF, 0xC1FF, 0xC1FF, 0xC1FF, 0xC1FF, 0xC1FF, 0xC1FF, 
  0xC1FF, 0xC1FF, 0xC1FF, 0xC1FF, 0xC1FF, 0xC1FF, 0xC1FF, 0xC1FF, 0xC1FF, 0xC1FF, 0xC1FF, 0xC1FF, 0xC0FF, 0xC0FF, 0xC0FF, 0xC1FF, 
  0x04FF, 0xE0FF, 0xC0FF, 0xC0FF, 0xC0FF, 0xC1FF, 0xC1FF, 0xC1FF, 0xC1FF, 0xC1FF, 0xC1FF, 0xC1FF, 0xC1FF, 0xC1FF, 0xC1FF, 0xC1FF, 
  0xC1FF, 0xC1FF, 0xC1FF, 0xC1FF, 0xC1FF, 0xC1FF, 0xC1FF, 0xC1FF, 0xC1FF, 0xC1FF, 0xC1FF, 0xC1FF, 0xC1FF, 0xC1FF, 0xC1FF, 0xC1FF, 
  0xC1FF, 0xC1FF, 0xC1FF, 0xC1FF, 0xC1FF, 0xC1FF, 0xC1FF, 0xC1FF, 0xC1FF, 0xC1FF, 0xC1FF, 0xC1FF, 0xC1FF, 0xC1FF, 0xC1FF, 0xC1FF, 
  0xC1FF, 0xC1FF, 0xC1FF, 0xC1FF, 0xC1FF, 0xC1FF, 0xC1FF, 0xC1FF, 0xC1FF, 0xC1FF, 0xC1FF, 0xC1FF, 0xC1FF, 0xC1FF, 0xC1FF, 0xC1FF, 
  0xC1FF, 0xC1FF, 0xC1FF, 0xC1FF, 0xC1FF, 0xC1FF, 0xC1FF, 0xC1FF, 0xC1FF, 0xC1FF, 0xC1FF, 0xC1FF, 0xC1FF, 0xC1FF, 0xC1FF, 0xC1FF, 
  0xC1FF, 0xC1FF, 0xC1FF, 0xC1FF, 0xC1FF, 0xC1FF, 0xC1FF, 0xC1FF, 0xC1FF, 0xC1FF, 0xC1FF, 0xC1FF, 0xC1FF, 0xC1FF, 0xC1FF, 0xC1FF, 
  0xC1FF, 0xC1FF, 0xC1FF, 0xC1FF, 0xC1FF, 0xC1FF, 0xC1FF, 0xC1FF, 0xC1FF, 0xC1FF, 0xC1FF, 0xC1FF, 0xC1FF, 0xC1FF, 0xC1FF, 0xC1FF, 
  0xC1FF, 0xC1FF, 0xC1FF, 0xC1FF, 0xC1FF, 0xC1FF, 0xC1FF, 0xC1FF, 0xC1FF, 0xC1FF, 0xC1FF, 0xC1FF, 0xC1FF, 0xC1FF, 0xC1FF, 0xC1FF, 
  0xC1FF, 0xC1FF, 0xC1FF, 0xC1FF, 0xC1FF, 0xC1FF, 0xC1FF, 0xC1FF, 0xC1FF, 0xC1FF, 0xC1FF, 0xC1FF, 0xC1FF, 0xC1FF, 0xC1FF, 0xC1FF, 
  0xC1FF, 0xC1FF, 0xC1FF, 0xC1FF, 0xC1FF, 0xC1FF, 0xC1FF, 0xC1FF, 0xC1FF, 0xC1FF, 0xC1FF, 0xC1FF, 0xC1FF, 0xC1FF, 0xC1FF, 0xC1FF, 
  0xC1FF, 0xC1FF, 0xC1FF, 0xC1FF, 0xC1FF, 0xC1FF, 0xC1FF, 0xC1FF, 0xC1FF, 0xC1FF, 0xC1FF, 0xC1FF, 0xC1FF, 0xC1FF, 0xC1FF, 0xC1FF, 
  0xC1FF, 0xC1FF, 0xC1FF, 0xC1FF, 0xC1FF, 0xC1FF, 0xC1FF, 0xC1FF, 0xC1FF, 0xC1FF, 0xC1FF, 0xC1FF, 0xC1FF, 0xC1FF, 0xC1FF, 0xC1FF, 
  0xC1FF, 0xC1FF, 0xC1FF, 0xC1FF, 0xC1FF, 0xC1FF, 0xC1FF, 0xC1FF, 0xC1FF, 0xC1FF, 0xC1FF, 0xC1FF, 0xC1FF, 0xC1FF, 0xC1FF, 0xC1FF, 
  0xC1FF, 0xC1FF, 0xC1FF, 0xC1FF, 0xC1FF, 0xC1FF, 0xC1FF, 0xC1FF, 0xC1FF, 0xC1FF, 0xC1FF, 0xC1FF, 0xC1FF, 0xC1FF, 0xC1FF, 0xC1FF, 
  0xC1FF, 0xC1FF, 0xC1FF, 0xC1FF, 0xC1FF, 0xC1FF, 0xC1FF, 0xC1FF, 0xC1FF, 0xC1FF, 0xC1FF, 0xC1FF, 0xC0FF, 0xC0FF, 0xC0FF, 0xC1FF, 
  0x04FF, 0xE0FF, 0xC0FF, 0xC0FF, 0xC0FF, 0xC1FF, 0xC1FF, 0xC1FF, 0xC1FF, 0xC1FF, 0xC1FF, 0xC1FF, 0xC1FF, 0xC1FF, 0xC1FF, 0xC1FF, 
  0xC1FF, 0xC1FF, 0xC1FF, 0xC1FF, 0xC1FF, 0xC1FF, 0xC1FF, 0xC1FF, 0xC1FF, 0xC1FF, 0xC1FF, 0xC1FF, 0xC1FF, 0xC1FF, 0xC1FF, 0xC1FF, 
  0xC1FF, 0xC1FF, 0xC1FF, 0xC1FF, 0xC1FF, 0xC1FF, 0xC1FF, 0xC1FF, 0xC1FF, 0xC1FF, 0xC1FF, 0xC1FF, 0xC1FF, 0xC1FF, 0xC1FF, 0xC1FF, 
  0xC1FF, 0xC1FF, 0xC1FF, 0xC1FF, 0xC1FF, 0xC1FF, 0xC1FF, 0xC1FF, 0xC1FF, 0xC1FF, 0xC1FF, 0xC1FF, 0xC1FF, 0xC1FF, 0xC1FF, 0xC1FF, 
  0xC1FF, 0xC1FF, 0xC1FF, 0xC1FF, 0xC1FF, 0xC1FF, 0xC1FF, 0xC1FF, 0xC1FF, 0xC1FF, 0xC1FF, 0xC1FF, 0xC1FF, 0xC1FF, 0xC1FF, 0xC1FF, 
  0xC1FF, 0xC1FF, 0xC1FF, 0xC1FF, 0xC1FF, 0xC1FF, 0xC1FF, 0xC1FF, 0xC1FF, 0xC1FF, 0xC1FF, 0xC1FF, 0xC1FF, 0xC1FF, 0xC1FF, 0xC1FF, 
  0xC1FF, 0xC1FF, 0xC1FF, 0xC1FF, 0xC1FF, 0xC1FF, 0xC1FF, 0xC1FF, 0xC1FF, 0xC1FF, 0xC1FF, 0xC1FF, 0xC1FF, 0xC1FF, 0xC1FF, 0xC1FF, 
  0xC1FF, 0xC1FF, 0xC1FF, 0xC1FF, 0xC1FF, 0xC1FF, 0xC1FF, 0xC1FF, 0xC1FF, 0xC1FF, 0xC1FF, 0xC1FF, 0xC1FF, 0xC1FF, 0xC1FF, 0xC1FF, 
  0xC1FF, 0xC1FF, 0xC1FF, 0xC1FF, 0xC1FF, 0xC1FF, 0xC1FF, 0xC1FF, 0xC1FF, 0xC1FF, 0xC1FF, 0xC1FF, 0xC1FF, 0xC1FF, 0xC1FF, 0xC1FF, 
  0xC1FF, 0xC1FF, 0xC1FF, 0xC1FF, 0xC1FF, 0xC1FF, 0xC1FF, 0xC1FF, 0xC1FF, 0xC1FF, 0xC1FF, 0xC1FF, 0xC1FF, 0xC1FF, 0xC1FF, 0xC1FF, 
  0xC1FF, 0xC1FF, 0xC1FF, 0xC1FF, 0xC1FF, 0xC1FF, 0xC1FF, 0xC1FF, 0xC1FF, 0xC1FF, 0xC1FF, 0xC1FF, 0xC1FF, 0xC1FF, 0xC1FF, 0xC1FF, 
  0xC1FF, 0xC1FF, 0xC1FF, 0xC1FF, 0xC1FF, 0xC1FF, 0xC1FF, 0xC1FF, 0xC1FF, 0xC1FF, 0xC1FF, 0xC1FF, 0xC1FF, 0xC1FF, 0xC1FF, 0xC1FF, 
  0xC1FF, 0xC1FF, 0xC1FF, 0xC1FF, 0xC1FF, 0xC1FF, 0xC1FF, 0xC1FF, 0xC1FF, 0xC1FF, 0xC1FF, 0xC1FF, 0xC1FF, 0xC1FF, 0xC1FF, 0xC1FF, 
  0xC1FF, 0xC1FF, 0xC1FF, 0xC1FF, 0xC1FF, 0xC1FF, 0xC1FF, 0xC1FF, 0xC1FF, 0xC1FF, 0xC1FF, 0xC1FF, 0xC1FF, 0xC1FF, 0xC1FF, 0xC1FF, 
  0xC1FF, 0xC1FF, 0xC1FF, 0xC1FF, 0xC1FF, 0xC1FF, 0xC1FF, 0xC1FF, 0xC1FF, 0xC1FF, 0xC1FF, 0xC1FF, 0xC0FF, 0xC0FF, 0xC0FF, 0xC1FF, 
  0x04FF, 0xE0FF, 0xC0FF, 0xC0FF, 0xC0FF, 0xC1FF, 0xC1FF, 0xC1FF, 0xC1FF, 0xC1FF, 0xC1FF, 0xC1FF, 0xC1FF, 0xC1FF, 0xC1FF, 0xC1FF, 
  0xC1FF, 0xC1FF, 0xC1FF, 0xC1FF, 0xC1FF, 0xC1FF, 0xC1FF, 0xC1FF, 0xC1FF, 0xC1FF, 0xC1FF, 0xC1FF, 0xC1FF, 0xC1FF, 0xC1FF, 0xC1FF, 
  0xC1FF, 0xC1FF, 0xC1FF, 0xC1FF, 0xC1FF, 0xC1FF, 0xC1FF, 0xC1FF, 0xC1FF, 0xC1FF, 0xC1FF, 0xC1FF, 0xC1FF, 0xC1FF, 0xC1FF, 0xC1FF, 
  0xC1FF, 0xC1FF, 0xC1FF, 0xC1FF, 0xC1FF, 0xC1FF, 0xC1FF, 0xC1FF, 0xC1FF, 0xC1FF, 0xC1FF, 0xC1FF, 0xC1FF, 0xC1FF, 0xC1FF, 0xC1FF, 
  0xC1FF, 0xC1FF, 0xC1FF, 0xC1FF, 0xC1FF, 0xC1FF, 0xC1FF, 0xC1FF, 0xC1FF, 0xC1FF, 0xC1FF, 0xC1FF, 0xC1FF, 0xC1FF, 0xC1FF, 0xC1FF, 
  0xC1FF, 0xC1FF, 0xC1FF, 0xC1FF, 0xC1FF, 0xC1FF, 0xC1FF, 0xC1FF, 0xC1FF, 0xC1FF, 0xC1FF, 0xC1FF, 0xC1FF, 0xC1FF, 0xC1FF, 0xC1FF, 
  0xC1FF, 0xC1FF, 0xC1FF, 0xC1FF, 0xC1FF, 0xC1FF, 0xC1FF, 0xC1FF, 0xC1FF, 0xC1FF, 0xC1FF, 0xC1FF, 0xC1FF, 0xC1FF, 0xC1FF, 0xC1FF, 
  0xC1FF, 0xC1FF, 0xC1FF, 0xC1FF, 0xC1FF, 0xC1FF, 0xC1FF, 0xC1FF, 0xC1FF, 0xC1FF, 0xC1FF, 0xC1FF, 0xC1FF, 0xC1FF, 0xC1FF, 0xC1FF, 
  0xC1FF, 0xC1FF, 0xC1FF, 0xC1FF, 0xC1FF, 0xC1FF, 0xC1FF, 0xC1FF, 0xC1FF, 0xC1FF, 0xC1FF, 0xC1FF, 0xC1FF, 0xC1FF, 0xC1FF, 0xC1FF, 
  0xC1FF, 0xC1FF, 0xC1FF, 0xC1FF, 0xC1FF, 0xC1FF, 0xC1FF, 0xC1FF, 0xC1FF, 0xC1FF, 0xC1FF, 0xC1FF, 0xC1FF, 0xC1FF, 0xC1FF, 0xC1FF, 
  0xC1FF, 0xC1FF, 0xC1FF, 0xC1FF, 0xC1FF, 0xC1FF, 0xC1FF, 0xC1FF, 0xC1FF, 0xC1FF, 0xC1FF, 0xC1FF, 0xC1FF, 0xC1FF, 0xC1FF, 0xC1FF, 
  0xC1FF, 0xC1FF, 0xC1FF, 0xC1FF, 0xC1FF, 0xC1FF, 0xC1FF, 0xC1FF, 0xC1FF, 0xC1FF, 0xC1FF, 0xC1FF, 0xC1FF, 0xC1FF, 0xC1FF, 0xC1FF, 
  0xC1FF, 0xC1FF, 0xC1FF, 0xC1FF, 0xC1FF, 0xC1FF, 0xC1FF, 0xC1FF, 0xC1FF, 0xC1FF, 0xC1FF, 0xC1FF, 0xC1FF, 0xC1FF, 0xC1FF, 0xC1FF, 
  0xC1FF, 0xC1FF, 0xC1FF, 0xC1FF, 0xC1FF, 0xC1FF, 0xC1FF, 0xC1FF, 0xC1FF, 0xC1FF, 0xC1FF, 0xC1FF, 0xC1FF, 0xC1FF, 0xC1FF, 0xC1FF, 
  0xC1FF, 0xC1FF, 0xC1FF, 0xC1FF, 0xC1FF, 0xC1FF, 0xC1FF, 0xC1FF, 0xC1FF, 0xC1FF, 0xC1FF, 0xC1FF, 0xC0FF, 0xC0FF, 0xC0FF, 0xC1FF, 
  0x04FF, 0xE0FF, 0xC0FF, 0xC0FF, 0xC0FF, 0xC1FF, 0xC1FF, 0xC1FF, 0xC1FF, 0xC1FF, 0xC1FF, 0xC1FF, 0xC1FF, 0xC1FF, 0xC1FF, 0xC1FF, 
  0xC1FF, 0xC1FF, 0xC1FF, 0xC1FF, 0xC1FF, 0xC1FF, 0xC1FF, 0xC1FF, 0xC1FF, 0xC1FF, 0xC1FF, 0xC1FF, 0xC1FF, 0xC1FF, 0xC1FF, 0xC1FF, 
  0xC1FF, 0xC1FF, 0xC1FF, 0xC1FF, 0xC1FF, 0xC1FF, 0xC1FF, 0xC1FF, 0xC1FF, 0xC1FF, 0xC1FF, 0xC1FF, 0xC1FF, 0xC1FF, 0xC1FF, 0xC1FF, 
  0xC1FF, 0xC1FF, 0xC1FF, 0xC1FF, 0xC1FF, 0xC1FF, 0xC1FF, 0xC1FF, 0xC1FF, 0xC1FF, 0xC1FF, 0xC1FF, 0xC1FF, 0xC1FF, 0xC1FF, 0xC1FF, 
  0xC1FF, 0xC1FF, 0xC1FF, 0xC1FF, 0xC1FF, 0xC1FF, 0xC1FF, 0xC1FF, 0xC1FF, 0xC1FF, 0xC1FF, 0xC1FF, 0xC1FF, 0xC1FF, 0xC1FF, 0xC1FF, 
  0xC1FF, 0xC1FF, 0xC1FF, 0xC1FF, 0xC1FF, 0xC1FF, 0xC1FF, 0xC1FF, 0xC1FF, 0xC1FF, 0xC1FF, 0xC1FF, 0xC1FF, 0xC1FF, 0xC1FF, 0xC1FF, 
  0xC1FF, 0xC1FF, 0xC1FF, 0xC1FF, 0xC1FF, 0xC1FF, 0xC1FF, 0xC1FF, 0xC1FF, 0xC1FF, 0xC1FF, 0xC1FF, 0xC1FF, 0xC1FF, 0xC1FF, 0xC1FF, 
  0xC1FF, 0xC1FF, 0xC1FF, 0xC1FF, 0xC1FF, 0xC1FF, 0xC1FF, 0xC1FF, 0xC1FF, 0xC1FF, 0xC1FF, 0xC1FF, 0xC1FF, 0xC1FF, 0xC1FF, 0xC1FF, 
  0xC1FF, 0xC1FF, 0xC1FF, 0xC1FF, 0xC1FF, 0xC1FF, 0xC1FF, 0xC1FF, 0xC1FF, 0xC1FF, 0xC1FF, 0xC1FF, 0xC1FF, 0xC1FF, 0xC1FF, 0xC1FF, 
  0xC1FF, 0xC1FF, 0xC1FF, 0xC1FF, 0xC1FF, 0xC1FF, 0xC1FF, 0xC1FF, 0xC1FF, 0xC1FF, 0xC1FF, 0xC1FF, 0xC1FF, 0xC1FF, 0xC1FF, 0xC1FF, 
  0xC1FF, 0xC1FF, 0xC1FF, 0xC1FF, 0xC1FF, 0xC1FF, 0xC1FF, 0xC1FF, 0xC1FF, 0xC1FF, 0xC1FF, 0xC1FF, 0xC1FF, 0xC1FF, 0xC1FF, 0xC1FF, 
  0xC1FF, 0xC1FF, 0xC1FF, 0xC1FF, 0xC1FF, 0xC1FF, 0xC1FF, 0xC1FF, 0xC1FF, 0xC1FF, 0xC1FF, 0xC1FF, 0xC1FF, 0xC1FF, 0xC1FF, 0xC1FF, 
  0xC1FF, 0xC1FF, 0xC1FF, 0xC1FF, 0xC1FF, 0xC1FF, 0xC1FF, 0xC1FF, 0xC1FF, 0xC1FF, 0xC1FF, 0xC1FF, 0xC1FF, 0xC1FF, 0xC1FF, 0xC1FF, 
  0xC1FF, 0xC1FF, 0xC1FF, 0xC1FF, 0xC1FF, 0xC1FF, 0xC1FF, 0xC1FF, 0xC1FF, 0xC1FF, 0xC1FF, 0xC1FF, 0xC1FF, 0xC1FF, 0xC1FF, 0xC1FF, 
  0xC1FF, 0xC1FF, 0xC1FF, 0xC1FF, 0xC1FF, 0xC1FF, 0xC1FF, 0xC1FF, 0xC1FF, 0xC1FF, 0xC1FF, 0xC1FF, 0xC0FF, 0xC0FF, 0xC0FF, 0xC1FF, 
  0x04FF, 0xE0FF, 0xC0FF, 0xC0FF, 0xC0FF, 0xC1FF, 0xC1FF, 0xC1FF, 0xC1FF, 0xC1FF, 0xC1FF, 0xC1FF, 0xC1FF, 0xC1FF, 0xC1FF, 0xC1FF, 
  0xC1FF, 0xC1FF, 0xC1FF, 0xC1FF, 0xC1FF, 0xC1FF, 0xC1FF, 0xC1FF, 0xC1FF, 0xC1FF, 0xC1FF, 0xC1FF, 0xC1FF, 0xC1FF, 0xC1FF, 0xC1FF, 
  0xC1FF, 0xC1FF, 0xC1FF, 0xC1FF, 0xC1FF, 0xC1FF, 0xC1FF, 0xC1FF, 0xC1FF, 0xC1FF, 0xC1FF, 0xC1FF, 0xC1FF, 0xC1FF, 0xC1FF, 0xC1FF, 
  0xC1FF, 0xC1FF, 0xC1FF, 0xC1FF, 0xC1FF, 0xC1FF, 0xC1FF, 0xC1FF, 0xC1FF, 0xC1FF, 0xC1FF, 0xC1FF, 0xC1FF, 0xC1FF, 0xC1FF, 0xC1FF, 
  0xC1FF, 0xC1FF, 0xC1FF, 0xC1FF, 0xC1FF, 0xC1FF, 0xC1FF, 0xC1FF, 0xC1FF, 0xC1FF, 0xC1FF, 0xC1FF, 0xC1FF, 0xC1FF, 0xC1FF, 0xC1FF, 
  0xC1FF, 0xC1FF, 0xC1FF, 0xC1FF, 0xC1FF, 0xC1FF, 0xC1FF, 0xC1FF, 0xC1FF, 0xC1FF, 0xC1FF, 0xC1FF, 0xC1FF, 0xC1FF, 0xC1FF, 0xC1FF, 
  0xC1FF, 0xC1FF, 0xC1FF, 0xC1FF, 0xC1FF, 0xC1FF, 0xC1FF, 0xC1FF, 0xC1FF, 0xC1FF, 0xC1FF, 0xC1FF, 0xC1FF, 0xC1FF, 0xC1FF, 0xC1FF, 
  0xC1FF, 0xC1FF, 0xC0FF, 0xC1FF, 0xC1FF, 0xC1FF, 0xC1FF, 0xC1FF, 0xC1FF, 0xC0FF, 0xC0FF, 0xC0FF, 0xC0FF, 0xC0FF, 0xC0FF, 0xC1FF, 
  0xC1FF, 0xC1FF, 0xC1FF, 0xC1FF, 0xC1FF, 0xC1FF, 0xC1FF, 0xC1FF, 0xC1FF, 0xC1FF, 0xC1FF, 0xC1FF, 0xC1FF, 0xC1FF, 0xC1FF, 0xC1FF, 
  0xC1FF, 0xC1FF, 0xC1FF, 0xC1FF, 0xC1FF, 0xC1FF, 0xC1FF, 0xC1FF, 0xC1FF, 0xC1FF, 0xC1FF, 0xC1FF, 0xC1FF, 0xC1FF, 0xC1FF, 0xC1FF, 
  0xC1FF, 0xC1FF, 0xC1FF, 0xC1FF, 0xC1FF, 0xC1FF, 0xC1FF, 0xC1FF, 0xC1FF, 0xC1FF, 0xC1FF, 0xC1FF, 0xC1FF, 0xC1FF, 0xC1FF, 0xC1FF, 
  0xC1FF, 0xC1FF, 0xC1FF, 0xC1FF, 0xC1FF, 0xC1FF, 0xC1FF, 0xC1FF, 0xC1FF, 0xC1FF, 0xC1FF, 0xC1FF, 0xC1FF, 0xC1FF, 0xC1FF, 0xC1FF, 
  0xC1FF, 0xC1FF, 0xC1FF, 0xC1FF, 0xC1FF, 0xC1FF, 0xC1FF, 0xC1FF, 0xC1FF, 0xC1FF, 0xC1FF, 0xC1FF, 0xC1FF, 0xC1FF, 0xC1FF, 0xC1FF, 
  0xC1FF, 0xC1FF, 0xC1FF, 0xC1FF, 0xC1FF, 0xC1FF, 0xC1FF, 0xC1FF, 0xC1FF, 0xC1FF, 0xC1FF, 0xC1FF, 0xC1FF, 0xC1FF, 0xC1FF, 0xC1FF, 
  0xC1FF, 0xC1FF, 0xC1FF, 0xC1FF, 0xC1FF, 0xC1FF, 0xC1FF, 0xC1FF, 0xC1FF, 0xC1FF, 0xC1FF, 0xC1FF, 0xC0FF, 0xC0FF, 0xC0FF, 0xC1FF, 
  0x04FF, 0xE0FF, 0xC0FF, 0xC0FF, 0xC0FF, 0xC1FF, 0xC1FF, 0xC1FF, 0xC1FF, 0xC1FF, 0xC1FF, 0xC1FF, 0xC1FF, 0xC1FF, 0xC1FF, 0xC1FF, 
  0xC1FF, 0xC1FF, 0xC1FF, 0xC1FF, 0xC1FF, 0xC1FF, 0xC1FF, 0xC1FF, 0xC1FF, 0xC1FF, 0xC1FF, 0xC1FF, 0xC1FF, 0xC1FF, 0xC1FF, 0xC1FF, 
  0xC1FF, 0xC1FF, 0xC1FF, 0xC1FF, 0xC1FF, 0xC1FF, 0xC1FF, 0xC1FF, 0xC1FF, 0xC1FF, 0xC1FF, 0xC1FF, 0xC1FF, 0xC1FF, 0xC1FF, 0xC1FF, 
  0xC1FF, 0xC1FF, 0xC1FF, 0xC1FF, 0xC1FF, 0xC1FF, 0xC1FF, 0xC1FF, 0xC1FF, 0xC1FF, 0xC1FF, 0xC1FF, 0xC1FF, 0xC1FF, 0xC1FF, 0xC1FF, 
  0xC1FF, 0xC1FF, 0xC1FF, 0xC1FF, 0xC1FF, 0xC1FF, 0xC1FF, 0xC1FF, 0xC1FF, 0xC1FF, 0xC1FF, 0xC1FF, 0xC1FF, 0xC1FF, 0xC1FF, 0xC1FF, 
  0xC1FF, 0xC1FF, 0xC1FF, 0xC1FF, 0xC1FF, 0xC1FF, 0xC1FF, 0xC1FF, 0xC1FF, 0xC1FF, 0xC1FF, 0xC1FF, 0xC1FF, 0xC1FF, 0xC1FF, 0xC1FF, 
  0xC1FF, 0xC1FF, 0xC1FF, 0xC1FF, 0xC1FF, 0xC1FF, 0xC1FF, 0xC1FF, 0xC1FF, 0xC1FF, 0xC1FF, 0xC1FF, 0xC1FF, 0xC1FF, 0xC1FF, 0xC1FF, 
  0xC1FF, 0xC1FF, 0xC0FF, 0xC0FF, 0xC1FF, 0xC1FF, 0xC0FF, 0xC1FF, 0xC1FF, 0xC1FF, 0xC1FF, 0xC1FF, 0xC1FF, 0xC1FF, 0xC1FF, 0xC1FF, 
  0xC1FF, 0xC1FF, 0xC1FF, 0xC1FF, 0xC1FF, 0xC1FF, 0xC1FF, 0xC1FF, 0xC1FF, 0xC1FF, 0xC1FF, 0xC1FF, 0xC1FF, 0xC1FF, 0xC1FF, 0xC1FF, 
  0xC1FF, 0xC1FF, 0xC1FF, 0xC1FF, 0xC1FF, 0xC1FF, 0xC1FF, 0xC1FF, 0xC1FF, 0xC1FF, 0xC1FF, 0xC1FF, 0xC1FF, 0xC1FF, 0xC1FF, 0xC1FF, 
  0xC1FF, 0xC1FF, 0xC1FF, 0xC1FF, 0xC1FF, 0xC1FF, 0xC1FF, 0xC1FF, 0xC1FF, 0xC1FF, 0xC1FF, 0xC1FF, 0xC1FF, 0xC1FF, 0xC1FF, 0xC1FF, 
  0xC1FF, 0xC1FF, 0xC1FF, 0xC1FF, 0xC1FF, 0xC1FF, 0xC1FF, 0xC1FF, 0xC1FF, 0xC1FF, 0xC1FF, 0xC1FF, 0xC1FF, 0xC1FF, 0xC1FF, 0xC1FF, 
  0xC1FF, 0xC1FF, 0xC1FF, 0xC1FF, 0xC1FF, 0xC1FF, 0xC1FF, 0xC1FF, 0xC1FF, 0xC1FF, 0xC1FF, 0xC1FF, 0xC1FF, 0xC1FF, 0xC1FF, 0xC1FF, 
  0xC1FF, 0xC1FF, 0xC1FF, 0xC1FF, 0xC1FF, 0xC1FF, 0xC1FF, 0xC1FF, 0xC1FF, 0xC1FF, 0xC1FF, 0xC1FF, 0xC1FF, 0xC1FF, 0xC1FF, 0xC1FF, 
  0xC1FF, 0xC1FF, 0xC1FF, 0xC1FF, 0xC1FF, 0xC1FF, 0xC1FF, 0xC1FF, 0xC1FF, 0xC1FF, 0xC1FF, 0xC1FF, 0xC0FF, 0xC0FF, 0xC0FF, 0xC1FF, 
  0x04FF, 0xE0FF, 0xC0FF, 0xC0FF, 0xC0FF, 0xC1FF, 0xC1FF, 0xC1FF, 0xC1FF, 0xC1FF, 0xC1FF, 0xC1FF, 0xC1FF, 0xC1FF, 0xC1FF, 0xC1FF, 
  0xC1FF, 0xC1FF, 0xC1FF, 0xC1FF, 0xC1FF, 0xC1FF, 0xC1FF, 0xC1FF, 0xC1FF, 0xC1FF, 0xC1FF, 0xC1FF, 0xC1FF, 0xC1FF, 0xC1FF, 0xC1FF, 
  0xC1FF, 0xC1FF, 0xC1FF, 0xC1FF, 0xC1FF, 0xC1FF, 0xC1FF, 0xC1FF, 0xC1FF, 0xC1FF, 0xC1FF, 0xC1FF, 0xC1FF, 0xC1FF, 0xC1FF, 0xC1FF, 
  0xC1FF, 0xC1FF, 0xC1FF, 0xC1FF, 0xC1FF, 0xC1FF, 0xC1FF, 0xC1FF, 0xC1FF, 0xC1FF, 0xC1FF, 0xC1FF, 0xC1FF, 0xC1FF, 0xC1FF, 0xC1FF, 
  0xC1FF, 0xC1FF, 0xC1FF, 0xC1FF, 0xC1FF, 0xC1FF, 0xC1FF, 0xC1FF, 0xC1FF, 0xC1FF, 0xC1FF, 0xC1FF, 0xC1FF, 0xC1FF, 0xC1FF, 0xC1FF, 
  0xC1FF, 0xC1FF, 0xC1FF, 0xC1FF, 0xC1FF, 0xC1FF, 0xC1FF, 0xC1FF, 0xC1FF, 0xC1FF, 0xC1FF, 0xC1FF, 0xC1FF, 0xC1FF, 0xC1FF, 0xC1FF, 
  0xC1FF, 0xC1FF, 0xC1FF, 0xC1FF, 0xC1FF, 0xC1FF, 0xC1FF, 0xC1FF, 0xC1FF, 0xC1FF, 0xC1FF, 0xC1FF, 0xC1FF, 0xC1FF, 0xC1FF, 0xC1FF, 
  0xC1FF, 0xC1FF, 0xC0FF, 0xC1FF, 0xC1FF, 0xC1FF, 0xC1FF, 0xC1FF, 0xC1FF, 0xC1FF, 0xC1FF, 0xC1FF, 0xC1FF, 0xC1FF, 0xC0FF, 0xC0FF, 
  0xC1FF, 0xC1FF, 0xC0FF, 0xC1FF, 0xC1FF, 0xC1FF, 0xC1FF, 0xC1FF, 0xC1FF, 0xC1FF, 0xC1FF, 0xC1FF, 0xC1FF, 0xC1FF, 0xC1FF, 0xC1FF, 
  0xC1FF, 0xC1FF, 0xC1FF, 0xC1FF, 0xC1FF, 0xC1FF, 0xC1FF, 0xC1FF, 0xC1FF, 0xC1FF, 0xC1FF, 0xC1FF, 0xC1FF, 0xC1FF, 0xC1FF, 0xC1FF, 
  0xC1FF, 0xC1FF, 0xC1FF, 0xC1FF, 0xC1FF, 0xC1FF, 0xC1FF, 0xC1FF, 0xC1FF, 0xC1FF, 0xC1FF, 0xC1FF, 0xC1FF, 0xC1FF, 0xC1FF, 0xC1FF, 
  0xC1FF, 0xC1FF, 0xC1FF, 0xC1FF, 0xC1FF, 0xC1FF, 0xC1FF, 0xC1FF, 0xC1FF, 0xC1FF, 0xC1FF, 0xC1FF, 0xC1FF, 0xC1FF, 0xC1FF, 0xC1FF, 
  0xC1FF, 0xC1FF, 0xC1FF, 0xC1FF, 0xC1FF, 0xC1FF, 0xC1FF, 0xC1FF, 0xC1FF, 0xC1FF, 0xC1FF, 0xC1FF, 0xC1FF, 0xC1FF, 0xC1FF, 0xC1FF, 
  0xC1FF, 0xC1FF, 0xC1FF, 0xC1FF, 0xC1FF, 0xC1FF, 0xC1FF, 0xC1FF, 0xC1FF, 0xC1FF, 0xC1FF, 0xC1FF, 0xC1FF, 0xC1FF, 0xC1FF, 0xC1FF, 
  0xC1FF, 0xC1FF, 0xC1FF, 0xC1FF, 0xC1FF, 0xC1FF, 0xC1FF, 0xC1FF, 0xC1FF, 0xC1FF, 0xC1FF, 0xC1FF, 0xC0FF, 0xC0FF, 0xC0FF, 0xC1FF, 
  0x04FF, 0xE0FF, 0xC0FF, 0xC0FF, 0xC0FF, 0xC1FF, 0xC1FF, 0xC1FF, 0xC1FF, 0xC1FF, 0xC1FF, 0xC1FF, 0xC1FF, 0xC1FF, 0xC1FF, 0xC1FF, 
  0xC1FF, 0xC1FF, 0xC1FF, 0xC1FF, 0xC1FF, 0xC1FF, 0xC1FF, 0xC1FF, 0xC1FF, 0xC1FF, 0xC1FF, 0xC1FF, 0xC1FF, 0xC1FF, 0xC1FF, 0xC1FF, 
  0xC1FF, 0xC1FF, 0xC1FF, 0xC1FF, 0xC1FF, 0xC1FF, 0xC1FF, 0xC1FF, 0xC1FF, 0xC1FF, 0xC1FF, 0xC1FF, 0xC1FF, 0xC1FF, 0xC1FF, 0xC1FF, 
  0xC1FF, 0xC1FF, 0xC1FF, 0xC1FF, 0xC1FF, 0xC1FF, 0xC1FF, 0xC1FF, 0xC1FF, 0xC1FF, 0xC1FF, 0xC1FF, 0xC1FF, 0xC1FF, 0xC1FF, 0xC1FF, 
  0xC1FF, 0xC1FF, 0xC1FF, 0xC1FF, 0xC1FF, 0xC1FF, 0xC1FF, 0xC1FF, 0xC1FF, 0xC1FF, 0xC1FF, 0xC1FF, 0xC1FF, 0xC1FF, 0xC1FF, 0xC1FF, 
  0xC1FF, 0xC1FF, 0xC1FF, 0xC1FF, 0xC1FF, 0xC1FF, 0xC1FF, 0xC1FF, 0xC1FF, 0xC1FF, 0xC1FF, 0xC1FF, 0xC1FF, 0xC1FF, 0xC1FF, 0xC1FF, 
  0xC1FF, 0xC1FF, 0xC1FF, 0xC1FF, 0xC1FF, 0xC1FF, 0xC1FF, 0xC1FF, 0xC1FF, 0xC1FF, 0xC1FF, 0xC1FF, 0xC1FF, 0xC1FF, 0xC1FF, 0xC1FF, 
  0xC1FF, 0xC1FF, 0xC1FF, 0xC1FF, 0xC0FF, 0xC0FF, 0xC0FF, 0xC0FF, 0xC0FF, 0xC0FF, 0xC0FF, 0xC0FF, 0xC0FF, 0xC0FF, 0xC0FF, 0xE0FF, 
  0xE0FF, 0xC0FF, 0xC1FF, 0xC0FF, 0xC0FF, 0xC1FF, 0xC1FF, 0xC1FF, 0xC1FF, 0xC1FF, 0xC1FF, 0xC1FF, 0xC1FF, 0xC1FF, 0xC1FF, 0xC1FF, 
  0xC1FF, 0xC1FF, 0xC1FF, 0xC1FF, 0xC1FF, 0xC1FF, 0xC1FF, 0xC1FF, 0xC1FF, 0xC1FF, 0xC1FF, 0xC1FF, 0xC1FF, 0xC1FF, 0xC1FF, 0xC1FF, 
  0xC1FF, 0xC1FF, 0xC1FF, 0xC1FF, 0xC1FF, 0xC1FF, 0xC1FF, 0xC1FF, 0xC1FF, 0xC1FF, 0xC1FF, 0xC1FF, 0xC1FF, 0xC1FF, 0xC1FF, 0xC1FF, 
  0xC1FF, 0xC1FF, 0xC1FF, 0xC1FF, 0xC1FF, 0xC1FF, 0xC1FF, 0xC1FF, 0xC1FF, 0xC1FF, 0xC1FF, 0xC1FF, 0xC1FF, 0xC1FF, 0xC1FF, 0xC1FF, 
  0xC1FF, 0xC1FF, 0xC1FF, 0xC1FF, 0xC1FF, 0xC1FF, 0xC1FF, 0xC1FF, 0xC1FF, 0xC1FF, 0xC1FF, 0xC1FF, 0xC1FF, 0xC1FF, 0xC1FF, 0xC1FF, 
  0xC1FF, 0xC1FF, 0xC1FF, 0xC1FF, 0xC1FF, 0xC1FF, 0xC1FF, 0xC1FF, 0xC1FF, 0xC1FF, 0xC1FF, 0xC1FF, 0xC1FF, 0xC1FF, 0xC1FF, 0xC1FF, 
  0xC1FF, 0xC1FF, 0xC1FF, 0xC1FF, 0xC1FF, 0xC1FF, 0xC1FF, 0xC1FF, 0xC1FF, 0xC1FF, 0xC1FF, 0xC1FF, 0xC0FF, 0xC0FF, 0xC0FF, 0xC1FF, 
  0x04FF, 0xE0FF, 0xC0FF, 0xC0FF, 0xC0FF, 0xC1FF, 0xC1FF, 0xC1FF, 0xC1FF, 0xC1FF, 0xC1FF, 0xC1FF, 0xC1FF, 0xC1FF, 0xC1FF, 0xC1FF, 
  0xC1FF, 0xC1FF, 0xC1FF, 0xC1FF, 0xC1FF, 0xC1FF, 0xC1FF, 0xC1FF, 0xC1FF, 0xC1FF, 0xC1FF, 0xC1FF, 0xC1FF, 0xC1FF, 0xC1FF, 0xC1FF, 
  0xC1FF, 0xC1FF, 0xC1FF, 0xC1FF, 0xC1FF, 0xC1FF, 0xC1FF, 0xC1FF, 0xC1FF, 0xC1FF, 0xC1FF, 0xC1FF, 0xC1FF, 0xC1FF, 0xC1FF, 0xC1FF, 
  0xC1FF, 0xC1FF, 0xC1FF, 0xC1FF, 0xC1FF, 0xC1FF, 0xC1FF, 0xC1FF, 0xC1FF, 0xC1FF, 0xC1FF, 0xC1FF, 0xC1FF, 0xC1FF, 0xC1FF, 0xC1FF, 
  0xC1FF, 0xC1FF, 0xC1FF, 0xC1FF, 0xC1FF, 0xC1FF, 0xC1FF, 0xC1FF, 0xC1FF, 0xC1FF, 0xC1FF, 0xC1FF, 0xC1FF, 0xC1FF, 0xC1FF, 0xC1FF, 
  0xC1FF, 0xC1FF, 0xC1FF, 0xC1FF, 0xC1FF, 0xC1FF, 0xC1FF, 0xC1FF, 0xC1FF, 0xC1FF, 0xC1FF, 0xC1FF, 0xC1FF, 0xC1FF, 0xC1FF, 0xC1FF, 
  0xC1FF, 0xC1FF, 0xC1FF, 0xC1FF, 0xC1FF, 0xC1FF, 0xC1FF, 0xC1FF, 0xC1FF, 0xC1FF, 0xC1FF, 0xC1FF, 0xC1FF, 0xC1FF, 0xC1FF, 0xC1FF, 
  0xC1FF, 0xC1FF, 0xC1FF, 0xE0FF, 0xE0FF, 0xC0FF, 0xA1FF, 0xA1FF, 0xC0FF, 0xC0FF, 0xC0FF, 0xC0FF, 0xC0FF, 0xC0FF, 0xC1FF, 0xC1FF, 
  0xE1FF, 0xC1FF, 0xC0FF, 0xC1FF, 0xC1FF, 0xC1FF, 0xC1FF, 0xC1FF, 0xC1FF, 0xC1FF, 0xC1FF, 0xC1FF, 0xC1FF, 0xC1FF, 0xC1FF, 0xC1FF, 
  0xC1FF, 0xC1FF, 0xC1FF, 0xC1FF, 0xC1FF, 0xC1FF, 0xC1FF, 0xC1FF, 0xC1FF, 0xC1FF, 0xC1FF, 0xC1FF, 0xC1FF, 0xC1FF, 0xC1FF, 0xC1FF, 
  0xC1FF, 0xC1FF, 0xC1FF, 0xC1FF, 0xC1FF, 0xC1FF, 0xC1FF, 0xC1FF, 0xC1FF, 0xC1FF, 0xC1FF, 0xC1FF, 0xC1FF, 0xC1FF, 0xC1FF, 0xC1FF, 
  0xC1FF, 0xC1FF, 0xC1FF, 0xC1FF, 0xC1FF, 0xC1FF, 0xC1FF, 0xC1FF, 0xC1FF, 0xC1FF, 0xC1FF, 0xC1FF, 0xC1FF, 0xC1FF, 0xC1FF, 0xC1FF, 
  0xC1FF, 0xC1FF, 0xC1FF, 0xC1FF, 0xC1FF, 0xC1FF, 0xC1FF, 0xC1FF, 0xC1FF, 0xC1FF, 0xC1FF, 0xC1FF, 0xC1FF, 0xC1FF, 0xC1FF, 0xC1FF, 
  0xC1FF, 0xC1FF, 0xC1FF, 0xC1FF, 0xC1FF, 0xC1FF, 0xC1FF, 0xC1FF, 0xC1FF, 0xC1FF, 0xC1FF, 0xC1FF, 0xC1FF, 0xC1FF, 0xC1FF, 0xC1FF, 
  0xC1FF, 0xC1FF, 0xC1FF, 0xC1FF, 0xC1FF, 0xC1FF, 0xC1FF, 0xC1FF, 0xC1FF, 0xC1FF, 0xC1FF, 0xC1FF, 0xC0FF, 0xC0FF, 0xC0FF, 0xC1FF, 
  0x04FF, 0xE0FF, 0xC0FF, 0xC0FF, 0xC0FF, 0xC1FF, 0xC1FF, 0xC1FF, 0xC1FF, 0xC1FF, 0xC1FF, 0xC1FF, 0xC1FF, 0xC1FF, 0xC1FF, 0xC1FF, 
  0xC1FF, 0xC1FF, 0xC1FF, 0xC1FF, 0xC1FF, 0xC1FF, 0xC1FF, 0xC1FF, 0xC1FF, 0xC1FF, 0xC1FF, 0xC1FF, 0xC1FF, 0xC1FF, 0xC1FF, 0xC1FF, 
  0xC1FF, 0xC1FF, 0xC1FF, 0xC1FF, 0xC1FF, 0xC1FF, 0xC1FF, 0xC1FF, 0xC1FF, 0xC1FF, 0xC1FF, 0xC1FF, 0xC1FF, 0xC1FF, 0xC1FF, 0xC1FF, 
  0xC1FF, 0xC1FF, 0xC1FF, 0xC1FF, 0xC1FF, 0xC1FF, 0xC1FF, 0xC1FF, 0xC1FF, 0xC1FF, 0xC1FF, 0xC1FF, 0xC1FF, 0xC1FF, 0xC1FF, 0xC1FF, 
  0xC1FF, 0xC1FF, 0xC1FF, 0xC1FF, 0xC1FF, 0xC1FF, 0xC1FF, 0xC1FF, 0xC1FF, 0xC1FF, 0xC1FF, 0xC1FF, 0xC1FF, 0xC1FF, 0xC1FF, 0xC1FF, 
  0xC1FF, 0xC1FF, 0xC1FF, 0xC1FF, 0xC1FF, 0xC1FF, 0xC1FF, 0xC1FF, 0xC1FF, 0xC1FF, 0xC1FF, 0xC1FF, 0xC1FF, 0xC1FF, 0xC1FF, 0xC1FF, 
  0xC1FF, 0xC1FF, 0xC1FF, 0xC1FF, 0xC1FF, 0xC1FF, 0xC1FF, 0xC1FF, 0xC1FF, 0xC1FF, 0xC1FF, 0xC1FF, 0xC1FF, 0xC1FF, 0xC1FF, 0xC1FF, 
  0xC1FF, 0xC1FF, 0xC1FF, 0xC0FF, 0xC0FF, 0xA1FF, 0xA3FF, 0xC3FF, 0xC3FF, 0xE4FF, 0xE3FF, 0xE3FF, 0xE3FF, 0xE3FF, 0xA2FF, 0xC0FF, 
  0xC0FF, 0xC1FF, 0xC1FF, 0xC0FF, 0xC0FF, 0xC1FF, 0xC1FF, 0xC1FF, 0xC1FF, 0xC1FF, 0xC1FF, 0xC1FF, 0xC1FF, 0xC1FF, 0xC1FF, 0xC1FF, 
  0xC1FF, 0xC1FF, 0xC1FF, 0xC1FF, 0xC1FF, 0xC1FF, 0xC1FF, 0xC1FF, 0xC1FF, 0xC1FF, 0xC1FF, 0xC1FF, 0xC1FF, 0xC1FF, 0xC1FF, 0xC1FF, 
  0xC1FF, 0xC1FF, 0xC1FF, 0xC1FF, 0xC1FF, 0xC1FF, 0xC1FF, 0xC1FF, 0xC1FF, 0xC1FF, 0xC1FF, 0xC1FF, 0xC1FF, 0xC1FF, 0xC1FF, 0xC1FF, 
  0xC1FF, 0xC1FF, 0xC1FF, 0xC1FF, 0xC1FF, 0xC1FF, 0xC1FF, 0xC1FF, 0xC1FF, 0xC1FF, 0xC1FF, 0xC1FF, 0xC1FF, 0xC1FF, 0xC1FF, 0xC1FF, 
  0xC1FF, 0xC1FF, 0xC1FF, 0xC1FF, 0xC1FF, 0xC1FF, 0xC1FF, 0xC1FF, 0xC1FF, 0xC1FF, 0xC1FF, 0xC1FF, 0xC1FF, 0xC1FF, 0xC1FF, 0xC1FF, 
  0xC1FF, 0xC1FF, 0xC1FF, 0xC1FF, 0xC1FF, 0xC1FF, 0xC1FF, 0xC1FF, 0xC1FF, 0xC1FF, 0xC1FF, 0xC1FF, 0xC1FF, 0xC1FF, 0xC1FF, 0xC1FF, 
  0xC1FF, 0xC1FF, 0xC1FF, 0xC1FF, 0xC1FF, 0xC1FF, 0xC1FF, 0xC1FF, 0xC1FF, 0xC1FF, 0xC1FF, 0xC1FF, 0xC0FF, 0xC0FF, 0xC0FF, 0xC1FF, 
  0x04FF, 0xE0FF, 0xC0FF, 0xC0FF, 0xC0FF, 0xC1FF, 0xC1FF, 0xC1FF, 0xC1FF, 0xC1FF, 0xC1FF, 0xC1FF, 0xC1FF, 0xC1FF, 0xC1FF, 0xC1FF, 
  0xC1FF, 0xC1FF, 0xC1FF, 0xC1FF, 0xC1FF, 0xC1FF, 0xC1FF, 0xC1FF, 0xC1FF, 0xC1FF, 0xC1FF, 0xC1FF, 0xC1FF, 0xC1FF, 0xC1FF, 0xC1FF, 
  0xC1FF, 0xC1FF, 0xC1FF, 0xC1FF, 0xC1FF, 0xC1FF, 0xC1FF, 0xC1FF, 0xC1FF, 0xC1FF, 0xC1FF, 0xC1FF, 0xC1FF, 0xC1FF, 0xC1FF, 0xC1FF, 
  0xC1FF, 0xC1FF, 0xC1FF, 0xC1FF, 0xC1FF, 0xC1FF, 0xC1FF, 0xC1FF, 0xC1FF, 0xC1FF, 0xC1FF, 0xC1FF, 0xC1FF, 0xC1FF, 0xC1FF, 0xC1FF, 
  0xC1FF, 0xC1FF, 0xC1FF, 0xC1FF, 0xC1FF, 0xC1FF, 0xC1FF, 0xC1FF, 0xC1FF, 0xC1FF, 0xC1FF, 0xC1FF, 0xC1FF, 0xC1FF, 0xC1FF, 0xC1FF, 
  0xC1FF, 0xC1FF, 0xC1FF, 0xC1FF, 0xC1FF, 0xC1FF, 0xC1FF, 0xC1FF, 0xC1FF, 0xC1FF, 0xC0FF, 0xC0FF, 0xC0FF, 0xC1FF, 0xC0FF, 0xC0FF, 
  0xC0FF, 0xC1FF, 0xC1FF, 0xC0FF, 0xC1FF, 0xC0FF, 0xC0FF, 0xC1FF, 0xC1FF, 0xC1FF, 0xC0FF, 0xC0FF, 0xC0FF, 0xC0FF, 0xC0FF, 0xE0FF, 
  0xE0FF, 0xE1FF, 0xE1FF, 0xE1FF, 0xE3FF, 0x28FF, 0xEAE5, 0xE8BC, 0x2694, 0xE583, 0xE683, 0xE68B, 0xA57B, 0xA8AC, 0xAAF5, 0x4AFF, 
  0xE7FF, 0x67F6, 0x28F6, 0xA4FF, 0xE0FF, 0xE0FF, 0xE0FF, 0xE0FF, 0xC0FF, 0xC0FF, 0xC0FF, 0xC1FF, 0xC0FF, 0xC1FF, 0xC1FF, 0xC0FF, 
  0xC0FF, 0xC0FF, 0xC1FF, 0xC1FF, 0xC1FF, 0xC1FF, 0xE0FF, 0xC1FF, 0xC1FF, 0xC1FF, 0xC0FF, 0xC0FF, 0xC0FF, 0xC1FF, 0xC1FF, 0xC1FF, 
  0xC1FF, 0xC0FF, 0xC1FF, 0xC1FF, 0xC1FF, 0xC1FF, 0xC1FF, 0xC1FF, 0xC1FF, 0xC1FF, 0xC1FF, 0xC1FF, 0xC1FF, 0xC1FF, 0xC1FF, 0xC1FF, 
  0xC1FF, 0xC1FF, 0xC1FF, 0xC1FF, 0xC1FF, 0xC1FF, 0xC1FF, 0xC1FF, 0xC1FF, 0xC1FF, 0xC1FF, 0xC1FF, 0xC1FF, 0xC1FF, 0xC1FF, 0xC1FF, 
  0xC1FF, 0xC1FF, 0xC1FF, 0xC1FF, 0xC1FF, 0xC1FF, 0xC1FF, 0xC1FF, 0xC1FF, 0xC1FF, 0xC1FF, 0xC1FF, 0xC1FF, 0xC1FF, 0xC1FF, 0xC1FF, 
  0xC1FF, 0xC1FF, 0xC1FF, 0xC1FF, 0xC1FF, 0xC1FF, 0xC1FF, 0xC1FF, 0xC1FF, 0xC1FF, 0xC1FF, 0xC1FF, 0xC1FF, 0xC1FF, 0xC1FF, 0xC1FF, 
  0xC1FF, 0xC1FF, 0xC1FF, 0xC1FF, 0xC1FF, 0xC1FF, 0xC1FF, 0xC1FF, 0xC1FF, 0xC1FF, 0xC1FF, 0xC1FF, 0xC0FF, 0xC0FF, 0xC0FF, 0xC1FF, 
  0x04FF, 0xE0FF, 0xC0FF, 0xC0FF, 0xC0FF, 0xC1FF, 0xC1FF, 0xC1FF, 0xC1FF, 0xC1FF, 0xC1FF, 0xC1FF, 0xC1FF, 0xC1FF, 0xC1FF, 0xC1FF, 
  0xC1FF, 0xC1FF, 0xC1FF, 0xC1FF, 0xC1FF, 0xC1FF, 0xC1FF, 0xC1FF, 0xC1FF, 0xC1FF, 0xC1FF, 0xC1FF, 0xC1FF, 0xC1FF, 0xC1FF, 0xC1FF, 
  0xC1FF, 0xC1FF, 0xC1FF, 0xC1FF, 0xC1FF, 0xC1FF, 0xC1FF, 0xC1FF, 0xC1FF, 0xC1FF, 0xC1FF, 0xC1FF, 0xC1FF, 0xC1FF, 0xC1FF, 0xC1FF, 
  0xC1FF, 0xC1FF, 0xC1FF, 0xC1FF, 0xC1FF, 0xC1FF, 0xC1FF, 0xC1FF, 0xC1FF, 0xC1FF, 0xC1FF, 0xC1FF, 0xC1FF, 0xC1FF, 0xC1FF, 0xC1FF, 
  0xC1FF, 0xC1FF, 0xC1FF, 0xC1FF, 0xC1FF, 0xC1FF, 0xC1FF, 0xC1FF, 0xC1FF, 0xC1FF, 0xC1FF, 0xC1FF, 0xC1FF, 0xC1FF, 0xC1FF, 0xC1FF, 
  0xC1FF, 0xC1FF, 0xC1FF, 0xC1FF, 0xC1FF, 0xC1FF, 0xC1FF, 0xC1FF, 0xC1FF, 0xC1FF, 0xC0FF, 0xC0FF, 0xC0FF, 0xC1FF, 0xC1FF, 0xC1FF, 
  0xC1FF, 0xC0FF, 0xC0FF, 0xC1FF, 0xC1FF, 0xC1FF, 0xC0FF, 0xC0FF, 0xC0FF, 0xC0FF, 0xE1FF, 0xE2FF, 0xE3FF, 0xE4FF, 0x86FF, 0x46FF, 
  0xE7FE, 0x29F6, 0xE9ED, 0x88D5, 0xE8B4, 0xA88B, 0x886A, 0x4752, 0xA95A, 0x2742, 0xE641, 0xC741, 0xA631, 0x4A9B, 0x12FD, 0xDDFF, 
  0xFDFF, 0x31F5, 0xADF4, 0x0CFE, 0x8AFE, 0xE9FE, 0x47FF, 0x85FF, 0xC3FF, 0xE1FF, 0xE1FF, 0xE0FF, 0xC0FF, 0xC0FF, 0xC0FF, 0xC0FF, 
  0xC1FF, 0xC0FF, 0xC1FF, 0xC0FF, 0xC1FF, 0xC1FF, 0xC0FF, 0xC0FF, 0xC1FF, 0xC1FF, 0xC0FF, 0xC1FF, 0xC1FF, 0xC0FF, 0xC1FF, 0xC1FF, 
  0xC1FF, 0xC0FF, 0xC1FF, 0xC1FF, 0xC1FF, 0xC1FF, 0xC1FF, 0xC1FF, 0xC1FF, 0xC1FF, 0xC1FF, 0xC1FF, 0xC1FF, 0xC1FF, 0xC1FF, 0xC1FF, 
  0xC1FF, 0xC1FF, 0xC1FF, 0xC1FF, 0xC1FF, 0xC1FF, 0xC1FF, 0xC1FF, 0xC1FF, 0xC1FF, 0xC1FF, 0xC1FF, 0xC1FF, 0xC1FF, 0xC1FF, 0xC1FF, 
  0xC1FF, 0xC1FF, 0xC1FF, 0xC1FF, 0xC1FF, 0xC1FF, 0xC1FF, 0xC1FF, 0xC1FF, 0xC1FF, 0xC1FF, 0xC1FF, 0xC1FF, 0xC1FF, 0xC1FF, 0xC1FF, 
  0xC1FF, 0xC1FF, 0xC1FF, 0xC1FF, 0xC1FF, 0xC1FF, 0xC1FF, 0xC1FF, 0xC1FF, 0xC1FF, 0xC1FF, 0xC1FF, 0xC1FF, 0xC1FF, 0xC1FF, 0xC1FF, 
  0xC1FF, 0xC1FF, 0xC1FF, 0xC1FF, 0xC1FF, 0xC1FF, 0xC1FF, 0xC1FF, 0xC1FF, 0xC1FF, 0xC1FF, 0xC1FF, 0xC0FF, 0xC0FF, 0xC0FF, 0xC1FF, 
  0x04FF, 0xE0FF, 0xC0FF, 0xC0FF, 0xC0FF, 0xC1FF, 0xC1FF, 0xC1FF, 0xC1FF, 0xC1FF, 0xC1FF, 0xC1FF, 0xC1FF, 0xC1FF, 0xC1FF, 0xC1FF, 
  0xC1FF, 0xC1FF, 0xC1FF, 0xC1FF, 0xC1FF, 0xC1FF, 0xC1FF, 0xC1FF, 0xC1FF, 0xC1FF, 0xC1FF, 0xC1FF, 0xC1FF, 0xC1FF, 0xC1FF, 0xC1FF, 
  0xC1FF, 0xC1FF, 0xC1FF, 0xC1FF, 0xC1FF, 0xC1FF, 0xC1FF, 0xC1FF, 0xC1FF, 0xC1FF, 0xC1FF, 0xC1FF, 0xC1FF, 0xC1FF, 0xC1FF, 0xC1FF, 
  0xC1FF, 0xC1FF, 0xC1FF, 0xC1FF, 0xC1FF, 0xC1FF, 0xC1FF, 0xC1FF, 0xC1FF, 0xC1FF, 0xC1FF, 0xC1FF, 0xC1FF, 0xC1FF, 0xC1FF, 0xC1FF, 
  0xC1FF, 0xC1FF, 0xC1FF, 0xC1FF, 0xC1FF, 0xC1FF, 0xC1FF, 0xC1FF, 0xC1FF, 0xC1FF, 0xC1FF, 0xC1FF, 0xC1FF, 0xC1FF, 0xC1FF, 0xC1FF, 
  0xC1FF, 0xC1FF, 0xC1FF, 0xC1FF, 0xC1FF, 0xC1FF, 0xC1FF, 0xC1FF, 0xC1FF, 0xC1FF, 0xC1FF, 0xC1FF, 0xC0FF, 0xC0FF, 0xC1FF, 0xC1FF, 
  0xC1FF, 0xC1FF, 0xC0FF, 0xC0FF, 0xC1FF, 0xE2FF, 0xC3FF, 0xA4FF, 0xA5FF, 0x46FF, 0xA8F6, 0xA9D5, 0xC9C4, 0x49AC, 0x8893, 0x287B, 
  0x0873, 0x8862, 0x6862, 0x285A, 0xC739, 0xC841, 0x084A, 0x885A, 0x6852, 0x4B7B, 0x0A63, 0xEB62, 0xC86A, 0x0CD4, 0xF6FD, 0xFFFF, 
  0x7EFF, 0xB0EC, 0x4FFD, 0x2DC4, 0x6872, 0x0A83, 0xEBA3, 0x6ABC, 0x4BDD, 0xCAED, 0x48EE, 0x28FF, 0x86FF, 0xC3FF, 0xE3FF, 0xE2FF, 
  0xE0FF, 0xE0FF, 0xC1FF, 0xC1FF, 0xA1FF, 0xC1FF, 0xC1FF, 0xC1FF, 0xC1FF, 0xC0FF, 0xC0FF, 0xC0FF, 0xC0FF, 0xC0FF, 0xC0FF, 0xC0FF, 
  0xC0FF, 0xC1FF, 0xC1FF, 0xC1FF, 0xC1FF, 0xC1FF, 0xC1FF, 0xC1FF, 0xC1FF, 0xC1FF, 0xC1FF, 0xC1FF, 0xC1FF, 0xC1FF, 0xC1FF, 0xC1FF, 
  0xC1FF, 0xC1FF, 0xC1FF, 0xC1FF, 0xC1FF, 0xC1FF, 0xC1FF, 0xC1FF, 0xC1FF, 0xC1FF, 0xC1FF, 0xC1FF, 0xC1FF, 0xC1FF, 0xC1FF, 0xC1FF, 
  0xC1FF, 0xC1FF, 0xC1FF, 0xC1FF, 0xC1FF, 0xC1FF, 0xC1FF, 0xC1FF, 0xC1FF, 0xC1FF, 0xC1FF, 0xC1FF, 0xC1FF, 0xC1FF, 0xC1FF, 0xC1FF, 
  0xC1FF, 0xC1FF, 0xC1FF, 0xC1FF, 0xC1FF, 0xC1FF, 0xC1FF, 0xC1FF, 0xC1FF, 0xC1FF, 0xC1FF, 0xC1FF, 0xC1FF, 0xC1FF, 0xC1FF, 0xC1FF, 
  0xC1FF, 0xC1FF, 0xC1FF, 0xC1FF, 0xC1FF, 0xC1FF, 0xC1FF, 0xC1FF, 0xC1FF, 0xC1FF, 0xC1FF, 0xC1FF, 0xC0FF, 0xC0FF, 0xC0FF, 0xC1FF, 
  0x04FF, 0xE0FF, 0xC0FF, 0xC0FF, 0xC0FF, 0xC1FF, 0xC1FF, 0xC1FF, 0xC1FF, 0xC1FF, 0xC1FF, 0xC1FF, 0xC1FF, 0xC1FF, 0xC1FF, 0xC1FF, 
  0xC1FF, 0xC1FF, 0xC1FF, 0xC1FF, 0xC1FF, 0xC1FF, 0xC1FF, 0xC1FF, 0xC1FF, 0xC1FF, 0xC1FF, 0xC1FF, 0xC1FF, 0xC1FF, 0xC1FF, 0xC1FF, 
  0xC1FF, 0xC1FF, 0xC1FF, 0xC1FF, 0xC1FF, 0xC1FF, 0xC1FF, 0xC1FF, 0xC1FF, 0xC1FF, 0xC1FF, 0xC1FF, 0xC1FF, 0xC1FF, 0xC1FF, 0xC1FF, 
  0xC1FF, 0xC1FF, 0xC1FF, 0xC1FF, 0xC1FF, 0xC1FF, 0xC1FF, 0xC1FF, 0xC1FF, 0xC1FF, 0xC1FF, 0xC1FF, 0xC1FF, 0xC1FF, 0xC1FF, 0xC1FF, 
  0xC1FF, 0xC1FF, 0xC1FF, 0xC1FF, 0xC1FF, 0xC1FF, 0xC1FF, 0xC1FF, 0xC1FF, 0xC1FF, 0xC1FF, 0xC1FF, 0xC1FF, 0xC1FF, 0xC1FF, 0xC1FF, 
  0xC1FF, 0xC1FF, 0xC1FF, 0xC1FF, 0xC1FF, 0xC1FF, 0xC1FF, 0xC1FF, 0xC1FF, 0xC1FF, 0xC1FF, 0xC1FF, 0xC1FF, 0xC1FF, 0xC0FF, 0xE0FF, 
  0xE0FF, 0xE0FF, 0xE1FF, 0xC3FF, 0x46FF, 0x89FE, 0xEBED, 0xEACC, 0x0BB4, 0xE982, 0x8762, 0x4752, 0x0642, 0x0742, 0x284A, 0x274A, 
  0xE96A, 0x4A73, 0xC962, 0x4A6B, 0x4742, 0x4842, 0x694A, 0x684A, 0x6852, 0xC86A, 0xA85A, 0x8852, 0x287B, 0x8FEC, 0x1CFF, 0xFFFF, 
  0x57F6, 0xAEFC, 0xCED4, 0x475A, 0x2742, 0x8852, 0x6852, 0xE741, 0x0752, 0x685A, 0x675A, 0xE872, 0x688B, 0x49B4, 0xE8C4, 0xE8DD, 
  0xE8F6, 0x86FF, 0xC5FF, 0xE2FF, 0xE0FF, 0xE0FF, 0xE0FF, 0xC0FF, 0xC0FF, 0xE0FF, 0xC1FF, 0xC0FF, 0xC0FF, 0xC0FF, 0xC0FF, 0xC0FF, 
  0xC0FF, 0xC1FF, 0xC1FF, 0xC1FF, 0xC1FF, 0xC1FF, 0xC1FF, 0xC1FF, 0xC1FF, 0xC1FF, 0xC1FF, 0xC1FF, 0xC1FF, 0xC1FF, 0xC1FF, 0xC1FF, 
  0xC1FF, 0xC1FF, 0xC1FF, 0xC1FF, 0xC1FF, 0xC1FF, 0xC1FF, 0xC1FF, 0xC1FF, 0xC1FF, 0xC1FF, 0xC1FF, 0xC1FF, 0xC1FF, 0xC1FF, 0xC1FF, 
  0xC1FF, 0xC1FF, 0xC1FF, 0xC1FF, 0xC1FF, 0xC1FF, 0xC1FF, 0xC1FF, 0xC1FF, 0xC1FF, 0xC1FF, 0xC1FF, 0xC1FF, 0xC1FF, 0xC1FF, 0xC1FF, 
  0xC1FF, 0xC1FF, 0xC1FF, 0xC1FF, 0xC1FF, 0xC1FF, 0xC1FF, 0xC1FF, 0xC1FF, 0xC1FF, 0xC1FF, 0xC1FF, 0xC1FF, 0xC1FF, 0xC1FF, 0xC1FF, 
  0xC1FF, 0xC1FF, 0xC1FF, 0xC1FF, 0xC1FF, 0xC1FF, 0xC1FF, 0xC1FF, 0xC1FF, 0xC1FF, 0xC1FF, 0xC1FF, 0xC0FF, 0xC0FF, 0xC0FF, 0xC1FF, 
  0x04FF, 0xE0FF, 0xC0FF, 0xC0FF, 0xC0FF, 0xC1FF, 0xC1FF, 0xC1FF, 0xC1FF, 0xC1FF, 0xC1FF, 0xC1FF, 0xC1FF, 0xC1FF, 0xC1FF, 0xC1FF, 
  0xC1FF, 0xC1FF, 0xC1FF, 0xC1FF, 0xC1FF, 0xC1FF, 0xC1FF, 0xC1FF, 0xC1FF, 0xC1FF, 0xC1FF, 0xC1FF, 0xC1FF, 0xC1FF, 0xC1FF, 0xC1FF, 
  0xC1FF, 0xC1FF, 0xC1FF, 0xC1FF, 0xC1FF, 0xC1FF, 0xC1FF, 0xC1FF, 0xC1FF, 0xC1FF, 0xC1FF, 0xC1FF, 0xC1FF, 0xC1FF, 0xC1FF, 0xC1FF, 
  0xC1FF, 0xC1FF, 0xC1FF, 0xC1FF, 0xC1FF, 0xC1FF, 0xC1FF, 0xC1FF, 0xC1FF, 0xC1FF, 0xC1FF, 0xC1FF, 0xC1FF, 0xC1FF, 0xC1FF, 0xC1FF, 
  0xC1FF, 0xC1FF, 0xC1FF, 0xC1FF, 0xC1FF, 0xC1FF, 0xC1FF, 0xC1FF, 0xC1FF, 0xC1FF, 0xC1FF, 0xC1FF, 0xC1FF, 0xC1FF, 0xC1FF, 0xC1FF, 
  0xC1FF, 0xC1FF, 0xC1FF, 0xC1FF, 0xC1FF, 0xC1FF, 0xC1FF, 0xC1FF, 0xC1FF, 0xC1FF, 0xC0FF, 0xC1FF, 0xC1FF, 0xC0FF, 0xE0FF, 0xE1FF, 
  0xC2FF, 0x66FF, 0x69FE, 0x2BE5, 0x0BB4, 0x098B, 0xC872, 0x8862, 0xE749, 0xE741, 0x0A63, 0x0963, 0xE95A, 0xE962, 0x0963, 0x885A, 
  0xEA6A, 0x885A, 0xA85A, 0x496B, 0x0963, 0x6852, 0x484A, 0x684A, 0xE962, 0xEC9B, 0x096B, 0x0542, 0x6AAB, 0x95FD, 0xFFFF, 0xFFFF, 
  0x33ED, 0xEEF4, 0xC76A, 0x695A, 0xC95A, 0x684A, 0x6852, 0x284A, 0x084A, 0x6852, 0xE741, 0x0842, 0x6852, 0x284A, 0xA639, 0xE749, 
  0x275A, 0x898B, 0x28A4, 0x47CD, 0x47E6, 0xE8FE, 0xA6FF, 0xE3FF, 0xE1FF, 0xC1FF, 0xC0FF, 0xA1FF, 0xC1FF, 0xC1FF, 0xC1FF, 0xC0FF, 
  0xC1FF, 0xC0FF, 0xC0FF, 0xC1FF, 0xC1FF, 0xC1FF, 0xC1FF, 0xC1FF, 0xC1FF, 0xC1FF, 0xC1FF, 0xC1FF, 0xC1FF, 0xC1FF, 0xC1FF, 0xC1FF, 
  0xC1FF, 0xC1FF, 0xC1FF, 0xC1FF, 0xC1FF, 0xC1FF, 0xC1FF, 0xC1FF, 0xC1FF, 0xC1FF, 0xC1FF, 0xC1FF, 0xC1FF, 0xC1FF, 0xC1FF, 0xC1FF, 
  0xC1FF, 0xC1FF, 0xC1FF, 0xC1FF, 0xC1FF, 0xC1FF, 0xC1FF, 0xC1FF, 0xC1FF, 0xC1FF, 0xC1FF, 0xC1FF, 0xC1FF, 0xC1FF, 0xC1FF, 0xC1FF, 
  0xC1FF, 0xC1FF, 0xC1FF, 0xC1FF, 0xC1FF, 0xC1FF, 0xC1FF, 0xC1FF, 0xC1FF, 0xC1FF, 0xC1FF, 0xC1FF, 0xC1FF, 0xC1FF, 0xC1FF, 0xC1FF, 
  0xC1FF, 0xC1FF, 0xC1FF, 0xC1FF, 0xC1FF, 0xC1FF, 0xC1FF, 0xC1FF, 0xC1FF, 0xC1FF, 0xC1FF, 0xC1FF, 0xC0FF, 0xC0FF, 0xC0FF, 0xC1FF, 
  0x04FF, 0xE0FF, 0xC0FF, 0xC0FF, 0xC0FF, 0xC1FF, 0xC1FF, 0xC1FF, 0xC1FF, 0xC1FF, 0xC1FF, 0xC1FF, 0xC1FF, 0xC1FF, 0xC1FF, 0xC1FF, 
  0xC1FF, 0xC1FF, 0xC1FF, 0xC1FF, 0xC1FF, 0xC1FF, 0xC1FF, 0xC1FF, 0xC1FF, 0xC1FF, 0xC1FF, 0xC1FF, 0xC1FF, 0xC1FF, 0xC1FF, 0xC1FF, 
  0xC1FF, 0xC1FF, 0xC1FF, 0xC1FF, 0xC1FF, 0xC1FF, 0xC1FF, 0xC1FF, 0xC1FF, 0xC1FF, 0xC1FF, 0xC1FF, 0xC1FF, 0xC1FF, 0xC1FF, 0xC1FF, 
  0xC1FF, 0xC1FF, 0xC1FF, 0xC1FF, 0xC1FF, 0xC1FF, 0xC1FF, 0xC1FF, 0xC1FF, 0xC1FF, 0xC1FF, 0xC1FF, 0xC1FF, 0xC1FF, 0xC1FF, 0xC1FF, 
  0xC1FF, 0xC1FF, 0xC1FF, 0xC1FF, 0xC1FF, 0xC1FF, 0xC1FF, 0xC1FF, 0xC1FF, 0xC1FF, 0xC1FF, 0xC1FF, 0xC1FF, 0xC1FF, 0xC1FF, 0xC1FF, 
  0xC1FF, 0xC1FF, 0xC1FF, 0xC1FF, 0xC1FF, 0xC1FF, 0xC1FF, 0xC1FF, 0xC1FF, 0xC1FF, 0xC1FF, 0xC1FF, 0xC0FF, 0xE0FF, 0xA3FF, 0xE6FE, 
  0x2BFE, 0xABD4, 0x0993, 0xA972, 0x2652, 0x4842, 0xC952, 0xA85A, 0xA95A, 0x895A, 0xA95A, 0x8852, 0x895A, 0x895A, 0xE962, 0x0963, 
  0xE962, 0x8852, 0x2742, 0x8852, 0x096B, 0x096B, 0x895A, 0x8952, 0x6752, 0x6A7B, 0xC95A, 0x875A, 0x4EDC, 0xFBF6, 0xFFFF, 0x1BF7, 
  0xCFF4, 0xEBB3, 0x274A, 0x695A, 0x0A63, 0x4752, 0xC95A, 0x274A, 0x6952, 0x284A, 0x8952, 0xA95A, 0x895A, 0x284A, 0x8952, 0xC85A, 
  0x2A63, 0xC95A, 0xA641, 0x485A, 0xA86A, 0x0873, 0x0A9C, 0xC8BC, 0x29E6, 0x09FF, 0xC6FF, 0xC3FF, 0xE1FF, 0xC0FF, 0xC1FF, 0xC1FF, 
  0xC1FF, 0xC0FF, 0xC0FF, 0xC1FF, 0xC1FF, 0xC1FF, 0xC1FF, 0xC1FF, 0xC1FF, 0xC1FF, 0xC1FF, 0xC1FF, 0xC0FF, 0xC1FF, 0xC1FF, 0xC1FF, 
  0xC1FF, 0xC1FF, 0xC1FF, 0xC1FF, 0xC1FF, 0xC1FF, 0xC1FF, 0xC1FF, 0xC1FF, 0xC1FF, 0xC1FF, 0xC1FF, 0xC1FF, 0xC1FF, 0xC1FF, 0xC1FF, 
  0xC1FF, 0xC1FF, 0xC1FF, 0xC1FF, 0xC1FF, 0xC1FF, 0xC1FF, 0xC1FF, 0xC1FF, 0xC1FF, 0xC1FF, 0xC1FF, 0xC1FF, 0xC1FF, 0xC1FF, 0xC1FF, 
  0xC1FF, 0xC1FF, 0xC1FF, 0xC1FF, 0xC1FF, 0xC1FF, 0xC1FF, 0xC1FF, 0xC1FF, 0xC1FF, 0xC1FF, 0xC1FF, 0xC1FF, 0xC1FF, 0xC1FF, 0xC1FF, 
  0xC1FF, 0xC1FF, 0xC1FF, 0xC1FF, 0xC1FF, 0xC1FF, 0xC1FF, 0xC1FF, 0xC1FF, 0xC1FF, 0xC1FF, 0xC1FF, 0xC0FF, 0xC0FF, 0xC0FF, 0xC1FF, 
  0x04FF, 0xE0FF, 0xC0FF, 0xC0FF, 0xC0FF, 0xC1FF, 0xC1FF, 0xC1FF, 0xC1FF, 0xC1FF, 0xC1FF, 0xC1FF, 0xC1FF, 0xC1FF, 0xC1FF, 0xC1FF, 
  0xC1FF, 0xC1FF, 0xC1FF, 0xC1FF, 0xC1FF, 0xC1FF, 0xC1FF, 0xC1FF, 0xC1FF, 0xC1FF, 0xC1FF, 0xC1FF, 0xC1FF, 0xC1FF, 0xC1FF, 0xC1FF, 
  0xC1FF, 0xC1FF, 0xC1FF, 0xC1FF, 0xC1FF, 0xC1FF, 0xC1FF, 0xC1FF, 0xC1FF, 0xC1FF, 0xC1FF, 0xC1FF, 0xC1FF, 0xC1FF, 0xC1FF, 0xC1FF, 
  0xC1FF, 0xC1FF, 0xC1FF, 0xC1FF, 0xC1FF, 0xC1FF, 0xC1FF, 0xC1FF, 0xC1FF, 0xC1FF, 0xC1FF, 0xC1FF, 0xC1FF, 0xC1FF, 0xC1FF, 0xC1FF, 
  0xC1FF, 0xC1FF, 0xC1FF, 0xC1FF, 0xC1FF, 0xC1FF, 0xC1FF, 0xC1FF, 0xC1FF, 0xC1FF, 0xC1FF, 0xC1FF, 0xC1FF, 0xC1FF, 0xC1FF, 0xC1FF, 
  0xC1FF, 0xC1FF, 0xC1FF, 0xC1FF, 0xC0FF, 0xC1FF, 0xC1FF, 0xC1FF, 0xC1FF, 0xC1FF, 0xC1FF, 0xE1FF, 0xE3FF, 0x06FF, 0xAAF5, 0x2EFD, 
  0xCCAB, 0xA772, 0x2873, 0xAB73, 0xC85A, 0xC962, 0xC862, 0x885A, 0x8952, 0x6842, 0x474A, 0x4852, 0x284A, 0x664A, 0x665A, 0x498B, 
  0xE97A, 0xC962, 0x697B, 0x4973, 0xC95A, 0x0963, 0xA852, 0x6852, 0xC95A, 0xC85A, 0x8852, 0xC982, 0x53FD, 0xFEFF, 0xFFFF, 0xF6ED, 
  0x4CDC, 0x0983, 0x0B63, 0x6842, 0xC639, 0x895A, 0x885A, 0x4652, 0x2652, 0x4752, 0xE76A, 0x8662, 0x264A, 0xC639, 0x6752, 0x096B, 
  0xA95A, 0x674A, 0xC85A, 0x4A6B, 0xA952, 0x073A, 0xC741, 0x0852, 0x2762, 0x298B, 0x4BBC, 0x8BED, 0xA8FE, 0x66FF, 0xC3FF, 0xE0FF, 
  0xC0FF, 0xC1FF, 0xC1FF, 0xC0FF, 0xC0FF, 0xC1FF, 0xC1FF, 0xC0FF, 0xC1FF, 0xC1FF, 0xC1FF, 0xC1FF, 0xC1FF, 0xC1FF, 0xC0FF, 0xC1FF, 
  0xC1FF, 0xC1FF, 0xC1FF, 0xC1FF, 0xC1FF, 0xC1FF, 0xC1FF, 0xC1FF, 0xC1FF, 0xC1FF, 0xC1FF, 0xC1FF, 0xC1FF, 0xC1FF, 0xC1FF, 0xC1FF, 
  0xC1FF, 0xC1FF, 0xC1FF, 0xC1FF, 0xC1FF, 0xC1FF, 0xC1FF, 0xC1FF, 0xC1FF, 0xC1FF, 0xC1FF, 0xC1FF, 0xC1FF, 0xC1FF, 0xC1FF, 0xC1FF, 
  0xC1FF, 0xC1FF, 0xC1FF, 0xC1FF, 0xC1FF, 0xC1FF, 0xC1FF, 0xC1FF, 0xC1FF, 0xC1FF, 0xC1FF, 0xC1FF, 0xC1FF, 0xC1FF, 0xC1FF, 0xC1FF, 
  0xC1FF, 0xC1FF, 0xC1FF, 0xC1FF, 0xC1FF, 0xC1FF, 0xC1FF, 0xC1FF, 0xC1FF, 0xC1FF, 0xC1FF, 0xC1FF, 0xC0FF, 0xC0FF, 0xC0FF, 0xC1FF, 
  0x04FF, 0xE0FF, 0xC0FF, 0xC0FF, 0xC0FF, 0xC1FF, 0xC1FF, 0xC1FF, 0xC1FF, 0xC1FF, 0xC1FF, 0xC1FF, 0xC1FF, 0xC1FF, 0xC1FF, 0xC1FF, 
  0xC1FF, 0xC1FF, 0xC1FF, 0xC1FF, 0xC1FF, 0xC1FF, 0xC1FF, 0xC1FF, 0xC1FF, 0xC1FF, 0xC1FF, 0xC1FF, 0xC1FF, 0xC1FF, 0xC1FF, 0xC1FF, 
  0xC1FF, 0xC1FF, 0xC1FF, 0xC1FF, 0xC1FF, 0xC1FF, 0xC1FF, 0xC1FF, 0xC1FF, 0xC1FF, 0xC1FF, 0xC1FF, 0xC1FF, 0xC1FF, 0xC1FF, 0xC1FF, 
  0xC1FF, 0xC1FF, 0xC1FF, 0xC1FF, 0xC1FF, 0xC1FF, 0xC1FF, 0xC1FF, 0xC1FF, 0xC1FF, 0xC1FF, 0xC1FF, 0xC1FF, 0xC1FF, 0xC1FF, 0xC1FF, 
  0xC1FF, 0xC1FF, 0xC1FF, 0xC1FF, 0xC1FF, 0xC1FF, 0xC1FF, 0xC1FF, 0xC1FF, 0xC1FF, 0xC1FF, 0xC1FF, 0xC1FF, 0xC1FF, 0xC1FF, 0xC1FF, 
  0xC1FF, 0xC1FF, 0xC1FF, 0xC1FF, 0xC0FF, 0xC0FF, 0xC1FF, 0xE0FF, 0xA0FF, 0xE1FF, 0xE2FF, 0x26FF, 0xC8F4, 0x0CF4, 0x10FD, 0x0EFD, 
  0x666A, 0x4A73, 0x2B94, 0x286B, 0xA962, 0xC862, 0xC85A, 0x895A, 0xC95A, 0x0A5B, 0x074A, 0x274A, 0xA85A, 0xCA9B, 0xAEDC, 0x50FD, 
  0xABB3, 0x263A, 0xE862, 0x4A73, 0xE85A, 0x8852, 0xA95A, 0x8752, 0xA85A, 0x086B, 0xC862, 0xABB3, 0x79FE, 0xFFFF, 0x9DFF, 0xF1F4, 
  0x699B, 0x685A, 0x8762, 0xC87A, 0xABAB, 0x4CC4, 0xEBC3, 0xECCB, 0x4FCC, 0xB0CC, 0xF1CC, 0x90C4, 0x0FBC, 0xCCAB, 0xECB3, 0x29A3, 
  0x0993, 0x8AA3, 0xC9A3, 0xE782, 0x8872, 0x886A, 0xC762, 0xA75A, 0xC85A, 0xE85A, 0x6752, 0xE97A, 0x4A93, 0xACCC, 0xEAF5, 0x27FF, 
  0xE3FF, 0xE0FF, 0xE0FF, 0xE0FF, 0xC0FF, 0xC1FF, 0xC1FF, 0xE0FF, 0xC1FF, 0xC1FF, 0xC0FF, 0xC0FF, 0xC1FF, 0xC0FF, 0xC0FF, 0xC1FF, 
  0xC1FF, 0xC1FF, 0xC1FF, 0xC1FF, 0xC1FF, 0xC1FF, 0xC1FF, 0xC1FF, 0xC1FF, 0xC1FF, 0xC1FF, 0xC1FF, 0xC1FF, 0xC1FF, 0xC1FF, 0xC1FF, 
  0xC1FF, 0xC1FF, 0xC1FF, 0xC1FF, 0xC1FF, 0xC1FF, 0xC1FF, 0xC1FF, 0xC1FF, 0xC1FF, 0xC1FF, 0xC1FF, 0xC1FF, 0xC1FF, 0xC1FF, 0xC1FF, 
  0xC1FF, 0xC1FF, 0xC1FF, 0xC1FF, 0xC1FF, 0xC1FF, 0xC1FF, 0xC1FF, 0xC1FF, 0xC1FF, 0xC1FF, 0xC1FF, 0xC1FF, 0xC1FF, 0xC1FF, 0xC1FF, 
  0xC1FF, 0xC1FF, 0xC1FF, 0xC1FF, 0xC1FF, 0xC1FF, 0xC1FF, 0xC1FF, 0xC1FF, 0xC1FF, 0xC1FF, 0xC1FF, 0xC0FF, 0xC0FF, 0xC0FF, 0xC1FF, 
  0x04FF, 0xE0FF, 0xC0FF, 0xC0FF, 0xC0FF, 0xC1FF, 0xC1FF, 0xC1FF, 0xC1FF, 0xC1FF, 0xC1FF, 0xC1FF, 0xC1FF, 0xC1FF, 0xC1FF, 0xC1FF, 
  0xC1FF, 0xC1FF, 0xC1FF, 0xC1FF, 0xC1FF, 0xC1FF, 0xC1FF, 0xC1FF, 0xC1FF, 0xC1FF, 0xC1FF, 0xC1FF, 0xC1FF, 0xC1FF, 0xC1FF, 0xC1FF, 
  0xC1FF, 0xC1FF, 0xC1FF, 0xC1FF, 0xC1FF, 0xC1FF, 0xC1FF, 0xC1FF, 0xC1FF, 0xC1FF, 0xC1FF, 0xC1FF, 0xC1FF, 0xC1FF, 0xC1FF, 0xC1FF, 
  0xC1FF, 0xC1FF, 0xC1FF, 0xC1FF, 0xC1FF, 0xC1FF, 0xC1FF, 0xC1FF, 0xC1FF, 0xC1FF, 0xC1FF, 0xC1FF, 0xC1FF, 0xC1FF, 0xC1FF, 0xC1FF, 
  0xC1FF, 0xC1FF, 0xC1FF, 0xC1FF, 0xC1FF, 0xC1FF, 0xC1FF, 0xC1FF, 0xC1FF, 0xC1FF, 0xC1FF, 0xC1FF, 0xC1FF, 0xC1FF, 0xC1FF, 0xC1FF, 
  0xC1FF, 0xC1FF, 0xC1FF, 0xC1FF, 0xE1FF, 0xC1FF, 0xC1FF, 0xC0FF, 0xE1FF, 0x62F7, 0x87ED, 0x6AEB, 0x8BF2, 0x0BFB, 0x8EFC, 0x51FD, 
  0xECB3, 0xA86A, 0x0963, 0x8752, 0xA75A, 0x8852, 0xA952, 0x8952, 0x674A, 0x885A, 0xAA62, 0xA95A, 0x0BAC, 0x30FD, 0x4FFC, 0x2FFD, 
  0x2CBC, 0x2842, 0xA95A, 0x0963, 0x8752, 0x6752, 0xEA62, 0xC95A, 0xC962, 0xE95A, 0xA86A, 0x8FDC, 0x7DFF, 0xFFFF, 0x99FE, 0x2DDC, 
  0x4852, 0x087B, 0x2FF5, 0x50FD, 0x50FD, 0x2FFD, 0x4DFC, 0x90FC, 0x37FE, 0x1BFF, 0x9CFF, 0x9DFF, 0x7DFF, 0x5CFF, 0x3BFF, 0x1BFF, 
  0x1BFF, 0xB9FE, 0x58FE, 0xF7FD, 0x91EC, 0xEBEB, 0x8DEC, 0x8DD4, 0xEBAB, 0xE87A, 0x685A, 0xA95A, 0x4742, 0x274A, 0xA97A, 0x6CCC, 
  0xA9E5, 0x27FF, 0xC4FF, 0xE1FF, 0xE0FF, 0xC1FF, 0xC0FF, 0xC1FF, 0xC1FF, 0xE0FF, 0xC0FF, 0xE0FF, 0xE0FF, 0xC1FF, 0xC1FF, 0xC1FF, 
  0xC1FF, 0xC1FF, 0xC1FF, 0xC1FF, 0xC1FF, 0xC1FF, 0xC1FF, 0xC1FF, 0xC1FF, 0xC1FF, 0xC1FF, 0xC1FF, 0xC1FF, 0xC1FF, 0xC1FF, 0xC1FF, 
  0xC1FF, 0xC1FF, 0xC1FF, 0xC1FF, 0xC1FF, 0xC1FF, 0xC1FF, 0xC1FF, 0xC1FF, 0xC1FF, 0xC1FF, 0xC1FF, 0xC1FF, 0xC1FF, 0xC1FF, 0xC1FF, 
  0xC1FF, 0xC1FF, 0xC1FF, 0xC1FF, 0xC1FF, 0xC1FF, 0xC1FF, 0xC1FF, 0xC1FF, 0xC1FF, 0xC1FF, 0xC1FF, 0xC1FF, 0xC1FF, 0xC1FF, 0xC1FF, 
  0xC1FF, 0xC1FF, 0xC1FF, 0xC1FF, 0xC1FF, 0xC1FF, 0xC1FF, 0xC1FF, 0xC1FF, 0xC1FF, 0xC1FF, 0xC1FF, 0xC0FF, 0xC0FF, 0xC0FF, 0xC1FF, 
  0x04FF, 0xE0FF, 0xC0FF, 0xC0FF, 0xC0FF, 0xC1FF, 0xC1FF, 0xC1FF, 0xC1FF, 0xC1FF, 0xC1FF, 0xC1FF, 0xC1FF, 0xC1FF, 0xC1FF, 0xC1FF, 
  0xC1FF, 0xC1FF, 0xC1FF, 0xC1FF, 0xC1FF, 0xC1FF, 0xC1FF, 0xC1FF, 0xC1FF, 0xC1FF, 0xC1FF, 0xC1FF, 0xC1FF, 0xC1FF, 0xC1FF, 0xC1FF, 
  0xC1FF, 0xC1FF, 0xC1FF, 0xC1FF, 0xC1FF, 0xC1FF, 0xC1FF, 0xC1FF, 0xC1FF, 0xC1FF, 0xC1FF, 0xC1FF, 0xC1FF, 0xC1FF, 0xC1FF, 0xC1FF, 
  0xC1FF, 0xC1FF, 0xC1FF, 0xC1FF, 0xC1FF, 0xC1FF, 0xC1FF, 0xC1FF, 0xC1FF, 0xC1FF, 0xC1FF, 0xC1FF, 0xC1FF, 0xC1FF, 0xC1FF, 0xC1FF, 
  0xC1FF, 0xC1FF, 0xC1FF, 0xC1FF, 0xC1FF, 0xC1FF, 0xC1FF, 0xC1FF, 0xC1FF, 0xC1FF, 0xC1FF, 0xC1FF, 0xC1FF, 0xC1FF, 0xC1FF, 0xC1FF, 
  0xC1FF, 0xC1FF, 0xC1FF, 0xC1FF, 0xC0FF, 0xC0FF, 0xE1FF, 0xA2FF, 0x2AF7, 0x92EE, 0x99EE, 0x9AF6, 0x75F5, 0x4CF3, 0x0AFB, 0xCEFC, 
  0x50FD, 0x2DCC, 0xA872, 0xA85A, 0x2A6B, 0xA95A, 0x4852, 0xC962, 0xE962, 0x0A6B, 0x484A, 0xE87A, 0x30FD, 0x8BF3, 0xEAF2, 0x0EFD, 
  0x0CB4, 0xE741, 0x8852, 0xC95A, 0x895A, 0x086B, 0x086B, 0xE962, 0xC95A, 0x8852, 0x0993, 0xB4F5, 0xFFFF, 0xFFFF, 0x94FD, 0x6AA3, 
  0xE641, 0x2DB4, 0x4A93, 0xE97A, 0xC972, 0xC972, 0xE982, 0xE98A, 0x4A9B, 0xACAB, 0xCCB3, 0x0DBC, 0x4EC4, 0x6FC4, 0x90CC, 0x90C4, 
  0xF1D4, 0x32E5, 0xF1DC, 0xB1DC, 0x0ED4, 0x2DDC, 0x6EE4, 0xEFEC, 0x2FF5, 0x10F5, 0xAFDC, 0xEBA3, 0x4752, 0xC739, 0x894A, 0x484A, 
  0x686A, 0xAAAB, 0x4CDD, 0xC9FE, 0x83FF, 0xE1FF, 0xE0FF, 0xC1FF, 0xC2FF, 0xC1FF, 0xC1FF, 0xE0FF, 0xE0FF, 0xC1FF, 0xC1FF, 0xC0FF, 
  0xC1FF, 0xC1FF, 0xC1FF, 0xC1FF, 0xC1FF, 0xC1FF, 0xC1FF, 0xC1FF, 0xC1FF, 0xC1FF, 0xC1FF, 0xC1FF, 0xC1FF, 0xC1FF, 0xC1FF, 0xC1FF, 
  0xC1FF, 0xC1FF, 0xC1FF, 0xC1FF, 0xC1FF, 0xC1FF, 0xC1FF, 0xC1FF, 0xC1FF, 0xC1FF, 0xC1FF, 0xC1FF, 0xC1FF, 0xC1FF, 0xC1FF, 0xC1FF, 
  0xC1FF, 0xC1FF, 0xC1FF, 0xC1FF, 0xC1FF, 0xC1FF, 0xC1FF, 0xC1FF, 0xC1FF, 0xC1FF, 0xC1FF, 0xC1FF, 0xC1FF, 0xC1FF, 0xC1FF, 0xC1FF, 
  0xC1FF, 0xC1FF, 0xC1FF, 0xC1FF, 0xC1FF, 0xC1FF, 0xC1FF, 0xC1FF, 0xC1FF, 0xC1FF, 0xC1FF, 0xC1FF, 0xC0FF, 0xC0FF, 0xC0FF, 0xC1FF, 
  0x04FF, 0xE0FF, 0xC0FF, 0xC0FF, 0xC0FF, 0xC1FF, 0xC1FF, 0xC1FF, 0xC1FF, 0xC1FF, 0xC1FF, 0xC1FF, 0xC1FF, 0xC1FF, 0xC1FF, 0xC1FF, 
  0xC1FF, 0xC1FF, 0xC1FF, 0xC1FF, 0xC1FF, 0xC1FF, 0xC1FF, 0xC1FF, 0xC1FF, 0xC1FF, 0xC1FF, 0xC1FF, 0xC1FF, 0xC1FF, 0xC1FF, 0xC1FF, 
  0xC1FF, 0xC1FF, 0xC1FF, 0xC1FF, 0xC1FF, 0xC1FF, 0xC1FF, 0xC1FF, 0xC1FF, 0xC1FF, 0xC1FF, 0xC1FF, 0xC1FF, 0xC1FF, 0xC1FF, 0xC1FF, 
  0xC1FF, 0xC1FF, 0xC1FF, 0xC1FF, 0xC1FF, 0xC1FF, 0xC1FF, 0xC1FF, 0xC1FF, 0xC1FF, 0xC1FF, 0xC1FF, 0xC1FF, 0xC1FF, 0xC1FF, 0xC1FF, 
  0xC1FF, 0xC1FF, 0xC1FF, 0xC1FF, 0xC1FF, 0xC1FF, 0xC1FF, 0xC1FF, 0xC1FF, 0xC1FF, 0xC1FF, 0xC1FF, 0xC1FF, 0xC1FF, 0xC1FF, 0xC1FF, 
  0xC1FF, 0xC1FF, 0xC1FF, 0xC1FF, 0xA0FF, 0xE1FF, 0x42FF, 0xCDF6, 0x9CF7, 0xFFFF, 0xFFFF, 0xFFFF, 0xFFFF, 0xDBFE, 0x8DEB, 0x2AF3, 
  0x8EFC, 0x50FD, 0x8ED4, 0xE872, 0xC95A, 0x6852, 0xC962, 0xE96A, 0x6952, 0xEA5A, 0x6752, 0xAEDC, 0xEDF3, 0x2DEB, 0x6CF3, 0x4FFD, 
  0xAA9B, 0x8852, 0x296B, 0xA95A, 0x2852, 0x2C94, 0x6A94, 0x286B, 0x274A, 0x6852, 0xCCBB, 0xB9FE, 0xFFFF, 0x3CFF, 0xAFEC, 0x686A, 
  0x0973, 0xC972, 0xE739, 0xC85A, 0x6752, 0x885A, 0x674A, 0x474A, 0x484A, 0x284A, 0x0742, 0x274A, 0xE962, 0x6752, 0x4752, 0x264A, 
  0x4652, 0x675A, 0xC86A, 0xE86A, 0xC86A, 0xA862, 0x685A, 0x8862, 0xA662, 0x8A93, 0xC882, 0x2983, 0x685A, 0xC741, 0x484A, 0x2842, 
  0x884A, 0x484A, 0x8862, 0x0BBC, 0xADFD, 0x68FE, 0xA4FF, 0xE1FF, 0xC0FF, 0xC1FF, 0xC1FF, 0xC0FF, 0xC0FF, 0xC0FF, 0xC0FF, 0xC1FF, 
  0xC1FF, 0xC1FF, 0xC1FF, 0xC1FF, 0xC1FF, 0xC1FF, 0xC1FF, 0xC1FF, 0xC1FF, 0xC1FF, 0xC1FF, 0xC1FF, 0xC1FF, 0xC1FF, 0xC1FF, 0xC1FF, 
  0xC1FF, 0xC1FF, 0xC1FF, 0xC1FF, 0xC1FF, 0xC1FF, 0xC1FF, 0xC1FF, 0xC1FF, 0xC1FF, 0xC1FF, 0xC1FF, 0xC1FF, 0xC1FF, 0xC1FF, 0xC1FF, 
  0xC1FF, 0xC1FF, 0xC1FF, 0xC1FF, 0xC1FF, 0xC1FF, 0xC1FF, 0xC1FF, 0xC1FF, 0xC1FF, 0xC1FF, 0xC1FF, 0xC1FF, 0xC1FF, 0xC1FF, 0xC1FF, 
  0xC1FF, 0xC1FF, 0xC1FF, 0xC1FF, 0xC1FF, 0xC1FF, 0xC1FF, 0xC1FF, 0xC1FF, 0xC1FF, 0xC1FF, 0xC1FF, 0xC0FF, 0xC0FF, 0xC0FF, 0xC1FF, 
  0x04FF, 0xE0FF, 0xC0FF, 0xC0FF, 0xC0FF, 0xC1FF, 0xC1FF, 0xC1FF, 0xC1FF, 0xC1FF, 0xC1FF, 0xC1FF, 0xC1FF, 0xC1FF, 0xC1FF, 0xC1FF, 
  0xC1FF, 0xC1FF, 0xC1FF, 0xC1FF, 0xC1FF, 0xC1FF, 0xC1FF, 0xC1FF, 0xC1FF, 0xC1FF, 0xC1FF, 0xC1FF, 0xC1FF, 0xC1FF, 0xC1FF, 0xC1FF, 
  0xC1FF, 0xC1FF, 0xC1FF, 0xC1FF, 0xC1FF, 0xC1FF, 0xC1FF, 0xC1FF, 0xC1FF, 0xC1FF, 0xC1FF, 0xC1FF, 0xC1FF, 0xC1FF, 0xC1FF, 0xC1FF, 
  0xC1FF, 0xC1FF, 0xC1FF, 0xC1FF, 0xC1FF, 0xC1FF, 0xC1FF, 0xC1FF, 0xC1FF, 0xC1FF, 0xC1FF, 0xC1FF, 0xC1FF, 0xC1FF, 0xC1FF, 0xC1FF, 
  0xC1FF, 0xC1FF, 0xC1FF, 0xC1FF, 0xC1FF, 0xC1FF, 0xC1FF, 0xC1FF, 0xC1FF, 0xC1FF, 0xC1FF, 0xC1FF, 0xC1FF, 0xC1FF, 0xC1FF, 0xC1FF, 
  0xC1FF, 0xC1FF, 0xC1FF, 0xC0FF, 0xE2FF, 0xC5F6, 0x31EE, 0x9EFF, 0xFFFF, 0xDFFF, 0xDFFF, 0xFFFF, 0xDFFF, 0xFFFF, 0x1BF7, 0x4DF3, 
  0x2BFB, 0xAEF4, 0x4FFD, 0x8DCC, 0xE862, 0x674A, 0x484A, 0x8852, 0x8852, 0x274A, 0xCBA3, 0x6EFC, 0x54E5, 0x59FE, 0x8CF3, 0x2FFD, 
  0xC97A, 0x6852, 0xE862, 0x0A6B, 0x895A, 0x6752, 0xC862, 0x885A, 0xC739, 0x275A, 0x8FDC, 0x9DFF, 0xFFFF, 0x37FE, 0xCBC3, 0x4852, 
  0x8852, 0x6852, 0xC962, 0x296B, 0x2A63, 0xA85A, 0xE962, 0xA95A, 0x694A, 0x894A, 0x284A, 0x8952, 0xC95A, 0xC95A, 0x6852, 0xC95A, 
  0xEA5A, 0x694A, 0x8852, 0x8752, 0xE862, 0xE962, 0x684A, 0x884A, 0x8852, 0x6852, 0x884A, 0x273A, 0x684A, 0x484A, 0x674A, 0x474A, 
  0x2952, 0x684A, 0x8852, 0xE751, 0x8BA3, 0x4FFD, 0x2CFD, 0x68F6, 0x84FF, 0xE1FF, 0xC0FF, 0xC1FF, 0xC2FF, 0xC0FF, 0xC0FF, 0xC1FF, 
  0xC1FF, 0xC1FF, 0xC1FF, 0xC1FF, 0xC1FF, 0xC1FF, 0xC1FF, 0xC1FF, 0xC1FF, 0xC1FF, 0xC1FF, 0xC1FF, 0xC1FF, 0xC1FF, 0xC1FF, 0xC1FF, 
  0xC1FF, 0xC1FF, 0xC1FF, 0xC1FF, 0xC1FF, 0xC1FF, 0xC1FF, 0xC1FF, 0xC1FF, 0xC1FF, 0xC1FF, 0xC1FF, 0xC1FF, 0xC1FF, 0xC1FF, 0xC1FF, 
  0xC1FF, 0xC1FF, 0xC1FF, 0xC1FF, 0xC1FF, 0xC1FF, 0xC1FF, 0xC1FF, 0xC1FF, 0xC1FF, 0xC1FF, 0xC1FF, 0xC1FF, 0xC1FF, 0xC1FF, 0xC1FF, 
  0xC1FF, 0xC1FF, 0xC1FF, 0xC1FF, 0xC1FF, 0xC1FF, 0xC1FF, 0xC1FF, 0xC1FF, 0xC1FF, 0xC1FF, 0xC1FF, 0xC0FF, 0xC0FF, 0xC0FF, 0xC1FF, 
  0x04FF, 0xE0FF, 0xC0FF, 0xC0FF, 0xC0FF, 0xC1FF, 0xC1FF, 0xC1FF, 0xC1FF, 0xC1FF, 0xC1FF, 0xC1FF, 0xC1FF, 0xC1FF, 0xC1FF, 0xC1FF, 
  0xC1FF, 0xC1FF, 0xC1FF, 0xC1FF, 0xC1FF, 0xC1FF, 0xC1FF, 0xC1FF, 0xC1FF, 0xC1FF, 0xC1FF, 0xC1FF, 0xC1FF, 0xC1FF, 0xC1FF, 0xC1FF, 
  0xC1FF, 0xC1FF, 0xC1FF, 0xC1FF, 0xC1FF, 0xC1FF, 0xC1FF, 0xC1FF, 0xC1FF, 0xC1FF, 0xC1FF, 0xC1FF, 0xC1FF, 0xC1FF, 0xC1FF, 0xC1FF, 
  0xC1FF, 0xC1FF, 0xC1FF, 0xC1FF, 0xC1FF, 0xC1FF, 0xC1FF, 0xC1FF, 0xC1FF, 0xC1FF, 0xC1FF, 0xC1FF, 0xC1FF, 0xC1FF, 0xC1FF, 0xC1FF, 
  0xC1FF, 0xC1FF, 0xC1FF, 0xC1FF, 0xC1FF, 0xC1FF, 0xC1FF, 0xC1FF, 0xC1FF, 0xC1FF, 0xC1FF, 0xC1FF, 0xC1FF, 0xC1FF, 0xC1FF, 0xC1FF, 
  0xC1FF, 0xC0FF, 0xC0FF, 0xE3FF, 0xE7F5, 0x91E5, 0xDFFF, 0xFFFF, 0xFFFF, 0xFFFF, 0xFFFF, 0xFFFF, 0xFFFF, 0xDFFF, 0xFFFF, 0x79F6, 
  0x0CEB, 0x4BFB, 0xADFC, 0x0FFD, 0x2893, 0x684A, 0xCA5A, 0xA852, 0xC85A, 0xA96A, 0xAEE4, 0x6FEC, 0xDEFF, 0x7AFE, 0xECFB, 0x0EDD, 
  0xE96A, 0x2742, 0xA952, 0xA95A, 0x8752, 0xA852, 0xE962, 0x096B, 0x884A, 0xE982, 0x94FD, 0xFFFF, 0xDEFF, 0x12F5, 0x0A93, 0x2A63, 
  0x484A, 0xA952, 0x885A, 0x484A, 0x484A, 0x284A, 0x484A, 0x0742, 0x0742, 0x484A, 0x484A, 0x484A, 0x474A, 0x885A, 0x474A, 0xA95A, 
  0xE962, 0xA85A, 0x6852, 0x8852, 0xA85A, 0xE962, 0x8852, 0x4852, 0x895A, 0x0742, 0x6952, 0x4852, 0x6852, 0xC95A, 0x8852, 0x6852, 
  0xCA5A, 0xA95A, 0x484A, 0x494A, 0x254A, 0x6DCC, 0x32FD, 0xCEF4, 0x4BF5, 0x68FE, 0xA4FF, 0xE0FF, 0xC0FF, 0xC1FF, 0xC1FF, 0xC0FF, 
  0xC0FF, 0xC1FF, 0xE0FF, 0xC1FF, 0xC1FF, 0xC1FF, 0xC1FF, 0xC1FF, 0xC1FF, 0xC1FF, 0xC1FF, 0xC1FF, 0xC1FF, 0xC1FF, 0xC1FF, 0xC1FF, 
  0xC1FF, 0xC1FF, 0xC1FF, 0xC1FF, 0xC1FF, 0xC1FF, 0xC1FF, 0xC1FF, 0xC1FF, 0xC1FF, 0xC1FF, 0xC1FF, 0xC1FF, 0xC1FF, 0xC1FF, 0xC1FF, 
  0xC1FF, 0xC1FF, 0xC1FF, 0xC1FF, 0xC1FF, 0xC1FF, 0xC1FF, 0xC1FF, 0xC1FF, 0xC1FF, 0xC1FF, 0xC1FF, 0xC1FF, 0xC1FF, 0xC1FF, 0xC1FF, 
  0xC1FF, 0xC1FF, 0xC1FF, 0xC1FF, 0xC1FF, 0xC1FF, 0xC1FF, 0xC1FF, 0xC1FF, 0xC1FF, 0xC1FF, 0xC1FF, 0xC0FF, 0xC0FF, 0xC0FF, 0xC1FF, 
  0x04FF, 0xE0FF, 0xC0FF, 0xC0FF, 0xC0FF, 0xC1FF, 0xC1FF, 0xC1FF, 0xC1FF, 0xC1FF, 0xC1FF, 0xC1FF, 0xC1FF, 0xC1FF, 0xC1FF, 0xC1FF, 
  0xC1FF, 0xC1FF, 0xC1FF, 0xC1FF, 0xC1FF, 0xC1FF, 0xC1FF, 0xC1FF, 0xC1FF, 0xC1FF, 0xC1FF, 0xC1FF, 0xC1FF, 0xC1FF, 0xC1FF, 0xC1FF, 
  0xC1FF, 0xC1FF, 0xC1FF, 0xC1FF, 0xC1FF, 0xC1FF, 0xC1FF, 0xC1FF, 0xC1FF, 0xC1FF, 0xC1FF, 0xC1FF, 0xC1FF, 0xC1FF, 0xC1FF, 0xC1FF, 
  0xC1FF, 0xC1FF, 0xC1FF, 0xC1FF, 0xC1FF, 0xC1FF, 0xC1FF, 0xC1FF, 0xC1FF, 0xC1FF, 0xC1FF, 0xC1FF, 0xC1FF, 0xC1FF, 0xC1FF, 0xC1FF, 
  0xC1FF, 0xC1FF, 0xC1FF, 0xC1FF, 0xC1FF, 0xC1FF, 0xC1FF, 0xC1FF, 0xC1FF, 0xC1FF, 0xC1FF, 0xC1FF, 0xC1FF, 0xC1FF, 0xC1FF, 0xE1FF, 
  0xC0FF, 0xC0FF, 0xE3FF, 0x67F5, 0x90EC, 0xBEFF, 0xFFF7, 0xDFFF, 0xFFFF, 0xFFFF, 0xFFFF, 0xFFFF, 0xFFFF, 0xFFFF, 0xDFFF, 0xFFFF, 
  0x54F5, 0xAAF2, 0xCCFB, 0x30FD, 0xEBBB, 0x474A, 0x8852, 0x8852, 0x096B, 0xECAB, 0x4EF4, 0x17EE, 0xFFFF, 0x96F5, 0x4DFC, 0xECAB, 
  0x4752, 0x4852, 0x484A, 0x6852, 0xA85A, 0xC952, 0x4752, 0x0A6B, 0xC85A, 0x8BB3, 0xBAFE, 0xFFFF, 0xFAFE, 0x4EEC, 0x287B, 0x8952, 
  0x6852, 0x8852, 0xE839, 0xC739, 0x2742, 0x294A, 0x284A, 0x474A, 0x6852, 0x284A, 0x474A, 0x6752, 0x4A6B, 0xE962, 0x8852, 0x484A, 
  0x474A, 0xA95A, 0x6852, 0x484A, 0xA95A, 0xC95A, 0x8852, 0x6852, 0x484A, 0x484A, 0x8952, 0x885A, 0x6852, 0xA95A, 0x0742, 0x6852, 
  0xEA62, 0xA85A, 0x284A, 0xE95A, 0xC862, 0x4983, 0x0FF5, 0x0FFD, 0xEFFC, 0xEBEB, 0x28F4, 0xA6FE, 0xE2FF, 0xE0FF, 0xA1FF, 0xC0FF, 
  0xC0FF, 0xC1FF, 0xC0FF, 0xC0FF, 0xC0FF, 0xC1FF, 0xC1FF, 0xC1FF, 0xC1FF, 0xC1FF, 0xC1FF, 0xC1FF, 0xC1FF, 0xC1FF, 0xC1FF, 0xC1FF, 
  0xC1FF, 0xC1FF, 0xC1FF, 0xC1FF, 0xC1FF, 0xC1FF, 0xC1FF, 0xC1FF, 0xC1FF, 0xC1FF, 0xC1FF, 0xC1FF, 0xC1FF, 0xC1FF, 0xC1FF, 0xC1FF, 
  0xC1FF, 0xC1FF, 0xC1FF, 0xC1FF, 0xC1FF, 0xC1FF, 0xC1FF, 0xC1FF, 0xC1FF, 0xC1FF, 0xC1FF, 0xC1FF, 0xC1FF, 0xC1FF, 0xC1FF, 0xC1FF, 
  0xC1FF, 0xC1FF, 0xC1FF, 0xC1FF, 0xC1FF, 0xC1FF, 0xC1FF, 0xC1FF, 0xC1FF, 0xC1FF, 0xC1FF, 0xC1FF, 0xC0FF, 0xC0FF, 0xC0FF, 0xC1FF, 
  0x04FF, 0xE0FF, 0xC0FF, 0xC0FF, 0xC0FF, 0xC1FF, 0xC1FF, 0xC1FF, 0xC1FF, 0xC1FF, 0xC1FF, 0xC1FF, 0xC1FF, 0xC1FF, 0xC1FF, 0xC1FF, 
  0xC1FF, 0xC1FF, 0xC1FF, 0xC1FF, 0xC1FF, 0xC1FF, 0xC1FF, 0xC1FF, 0xC1FF, 0xC1FF, 0xC1FF, 0xC1FF, 0xC1FF, 0xC1FF, 0xC1FF, 0xC1FF, 
  0xC1FF, 0xC1FF, 0xC1FF, 0xC1FF, 0xC1FF, 0xC1FF, 0xC1FF, 0xC1FF, 0xC1FF, 0xC1FF, 0xC1FF, 0xC1FF, 0xC1FF, 0xC1FF, 0xC1FF, 0xC1FF, 
  0xC1FF, 0xC1FF, 0xC1FF, 0xC1FF, 0xC1FF, 0xC1FF, 0xC1FF, 0xC1FF, 0xC1FF, 0xC1FF, 0xC1FF, 0xC1FF, 0xC1FF, 0xC1FF, 0xC1FF, 0xC1FF, 
  0xC1FF, 0xC1FF, 0xC1FF, 0xC1FF, 0xC1FF, 0xC1FF, 0xC1FF, 0xC1FF, 0xC1FF, 0xC1FF, 0xC1FF, 0xC1FF, 0xC1FF, 0xC1FF, 0xC0FF, 0xC0FF, 
  0xE1FF, 0xC4FF, 0x68F5, 0xADE3, 0x7DFF, 0xFFFF, 0xDFFF, 0xDFFF, 0xFFFF, 0xFFFF, 0xFFFF, 0xFFFF, 0xFFFF, 0xFFFF, 0xFFFF, 0xFFFF, 
  0x9DFF, 0x6DF3, 0x0BFB, 0x0FFD, 0xAEDC, 0xA85A, 0x684A, 0xC862, 0xE86A, 0x8CE4, 0x8FF4, 0xBEFF, 0xDFFF, 0xD2EC, 0xCEF4, 0x097B, 
  0x474A, 0xE962, 0x484A, 0x685A, 0x2A6B, 0xA85A, 0xC962, 0xC95A, 0x097B, 0x90E4, 0x7DFF, 0xFFFF, 0xD6F5, 0xEBCB, 0x4A73, 0xC95A, 
  0x8852, 0x684A, 0x2842, 0x484A, 0x474A, 0x0842, 0xE741, 0xCA5A, 0x694A, 0x6852, 0x8952, 0x6852, 0x684A, 0x8852, 0xA95A, 0x0742, 
  0x4852, 0xEA62, 0x8852, 0xA852, 0xE95A, 0x474A, 0x6952, 0x6952, 0xA85A, 0xA852, 0x8852, 0x284A, 0x8852, 0x885A, 0x6752, 0x0963, 
  0x8752, 0x296B, 0xC962, 0x274A, 0x6B7B, 0x885A, 0xABBB, 0x50FD, 0x0FF5, 0xEFFC, 0x4BF3, 0x0AFB, 0x08F5, 0x44FF, 0xE2FF, 0xC0FF, 
  0xC0FF, 0xC2FF, 0xC0FF, 0xE0FF, 0xE1FF, 0xC1FF, 0xC1FF, 0xC1FF, 0xC1FF, 0xC1FF, 0xC1FF, 0xC1FF, 0xC1FF, 0xC1FF, 0xC1FF, 0xC1FF, 
  0xC1FF, 0xC1FF, 0xC1FF, 0xC1FF, 0xC1FF, 0xC1FF, 0xC1FF, 0xC1FF, 0xC1FF, 0xC1FF, 0xC1FF, 0xC1FF, 0xC1FF, 0xC1FF, 0xC1FF, 0xC1FF, 
  0xC1FF, 0xC1FF, 0xC1FF, 0xC1FF, 0xC1FF, 0xC1FF, 0xC1FF, 0xC1FF, 0xC1FF, 0xC1FF, 0xC1FF, 0xC1FF, 0xC1FF, 0xC1FF, 0xC1FF, 0xC1FF, 
  0xC1FF, 0xC1FF, 0xC1FF, 0xC1FF, 0xC1FF, 0xC1FF, 0xC1FF, 0xC1FF, 0xC1FF, 0xC1FF, 0xC1FF, 0xC1FF, 0xC0FF, 0xC0FF, 0xC0FF, 0xC1FF, 
  0x04FF, 0xE0FF, 0xC0FF, 0xC0FF, 0xC0FF, 0xC1FF, 0xC1FF, 0xC1FF, 0xC1FF, 0xC1FF, 0xC1FF, 0xC1FF, 0xC1FF, 0xC1FF, 0xC1FF, 0xC1FF, 
  0xC1FF, 0xC1FF, 0xC1FF, 0xC1FF, 0xC1FF, 0xC1FF, 0xC1FF, 0xC1FF, 0xC1FF, 0xC1FF, 0xC1FF, 0xC1FF, 0xC1FF, 0xC1FF, 0xC1FF, 0xC1FF, 
  0xC1FF, 0xC1FF, 0xC1FF, 0xC1FF, 0xC1FF, 0xC1FF, 0xC1FF, 0xC1FF, 0xC1FF, 0xC1FF, 0xC1FF, 0xC1FF, 0xC1FF, 0xC1FF, 0xC1FF, 0xC1FF, 
  0xC1FF, 0xC1FF, 0xC1FF, 0xC1FF, 0xC1FF, 0xC1FF, 0xC1FF, 0xC1FF, 0xC1FF, 0xC1FF, 0xC1FF, 0xC1FF, 0xC1FF, 0xC1FF, 0xC1FF, 0xC1FF, 
  0xC1FF, 0xC1FF, 0xC1FF, 0xC1FF, 0xC1FF, 0xC1FF, 0xC1FF, 0xC1FF, 0xC1FF, 0xC1FF, 0xC1FF, 0xC1FF, 0xC1FF, 0xC1FF, 0xC1FF, 0xC0FF, 
  0xA4FF, 0x8AFD, 0x4BEB, 0xDAF6, 0xFFFF, 0xDFFF, 0xDFFF, 0xFFFF, 0xFFFF, 0xFFFF, 0xFFFF, 0xFFFF, 0xFFFF, 0xFFFF, 0xFFFF, 0xFFFF, 
  0xFFFF, 0xD3F4, 0xEAF2, 0xAEFC, 0xEEDC, 0xC96A, 0xE962, 0x885A, 0xEA8A, 0xCDF4, 0xB5ED, 0xFFFF, 0xFBF6, 0x6EF4, 0xACD4, 0x885A, 
  0xEA62, 0x0863, 0xA952, 0x284A, 0x885A, 0xC85A, 0xC95A, 0xE639, 0x8782, 0xB5FD, 0xFFFF, 0xBEFF, 0xD1FC, 0x6AA3, 0xA85A, 0xC85A, 
  0x684A, 0x484A, 0xC95A, 0x6852, 0x8852, 0x8952, 0x2842, 0xC639, 0xC739, 0x6852, 0x8852, 0x684A, 0x474A, 0xC95A, 0x6952, 0x2842, 
  0x6952, 0xA95A, 0xE639, 0x4742, 0x8852, 0xA95A, 0x6852, 0xEA62, 0xC95A, 0xA852, 0xEA62, 0xE739, 0x8952, 0x2A6B, 0xE962, 0x4A6B, 
  0x0963, 0x0963, 0xE96A, 0x8B8B, 0x6983, 0xC741, 0x685A, 0xAFD4, 0x50FD, 0x2FFD, 0xCEF4, 0x4BF3, 0xEAF2, 0xE9EB, 0x27F6, 0xE3FF, 
  0xE0FF, 0xA1FF, 0xC0FF, 0xC0FF, 0xC1FF, 0xC1FF, 0xC1FF, 0xC1FF, 0xC1FF, 0xC1FF, 0xC1FF, 0xC1FF, 0xC1FF, 0xC1FF, 0xC1FF, 0xC1FF, 
  0xC1FF, 0xC1FF, 0xC1FF, 0xC1FF, 0xC1FF, 0xC1FF, 0xC1FF, 0xC1FF, 0xC1FF, 0xC1FF, 0xC1FF, 0xC1FF, 0xC1FF, 0xC1FF, 0xC1FF, 0xC1FF, 
  0xC1FF, 0xC1FF, 0xC1FF, 0xC1FF, 0xC1FF, 0xC1FF, 0xC1FF, 0xC1FF, 0xC1FF, 0xC1FF, 0xC1FF, 0xC1FF, 0xC1FF, 0xC1FF, 0xC1FF, 0xC1FF, 
  0xC1FF, 0xC1FF, 0xC1FF, 0xC1FF, 0xC1FF, 0xC1FF, 0xC1FF, 0xC1FF, 0xC1FF, 0xC1FF, 0xC1FF, 0xC1FF, 0xC0FF, 0xC0FF, 0xC0FF, 0xC1FF, 
  0x04FF, 0xE0FF, 0xC0FF, 0xC0FF, 0xC0FF, 0xC1FF, 0xC1FF, 0xC1FF, 0xC1FF, 0xC1FF, 0xC1FF, 0xC1FF, 0xC1FF, 0xC1FF, 0xC1FF, 0xC1FF, 
  0xC1FF, 0xC1FF, 0xC1FF, 0xC1FF, 0xC1FF, 0xC1FF, 0xC1FF, 0xC1FF, 0xC1FF, 0xC1FF, 0xC1FF, 0xC1FF, 0xC1FF, 0xC1FF, 0xC1FF, 0xC1FF, 
  0xC1FF, 0xC1FF, 0xC1FF, 0xC1FF, 0xC1FF, 0xC1FF, 0xC1FF, 0xC1FF, 0xC1FF, 0xC1FF, 0xC1FF, 0xC1FF, 0xC1FF, 0xC1FF, 0xC1FF, 0xC1FF, 
  0xC1FF, 0xC1FF, 0xC1FF, 0xC1FF, 0xC1FF, 0xC1FF, 0xC1FF, 0xC1FF, 0xC1FF, 0xC1FF, 0xC1FF, 0xC1FF, 0xC1FF, 0xC1FF, 0xC1FF, 0xC1FF, 
  0xC1FF, 0xC1FF, 0xC1FF, 0xC1FF, 0xC1FF, 0xC1FF, 0xC1FF, 0xC1FF, 0xC1FF, 0xC1FF, 0xC1FF, 0xC1FF, 0xC1FF, 0xC1FF, 0xC1FF, 0xC2FF, 
  0x09FE, 0x8BF3, 0x13ED, 0xFFFF, 0xFFFF, 0xFFFF, 0xFFFF, 0xFFFF, 0xFFFF, 0xFFFF, 0xFFFF, 0xFFFF, 0xFFFF, 0xFFFF, 0xFFFF, 0xFFFF, 
  0xFFFF, 0x54ED, 0xE9F2, 0xCFFC, 0x8DDC, 0x264A, 0xA852, 0x4852, 0x4DCC, 0x8EF4, 0xFBF6, 0xFFFF, 0xD7ED, 0xAFFC, 0x8A9B, 0xC641, 
  0x8A5A, 0x6752, 0x4852, 0x2742, 0x484A, 0x484A, 0x2742, 0x885A, 0xABBB, 0xD9FE, 0xFFFF, 0xBAF6, 0x6EEC, 0xC872, 0x6852, 0xCA5A, 
  0x2842, 0x4852, 0x2752, 0x4752, 0x8852, 0x8952, 0x2742, 0x0742, 0x294A, 0x8852, 0x8852, 0x8952, 0x895A, 0x8852, 0x6852, 0x484A, 
  0xE962, 0x8852, 0x484A, 0x484A, 0xA95A, 0xE962, 0xC85A, 0xA85A, 0xE741, 0x284A, 0x684A, 0x684A, 0x8852, 0xC95A, 0xC95A, 0xC962, 
  0xE962, 0x474A, 0xC95A, 0x8A8B, 0x885A, 0x894A, 0x8862, 0x8993, 0xCEE4, 0x30FD, 0x0EFD, 0xAEFC, 0x4BFB, 0xEBFA, 0x29F3, 0xE8F4, 
  0x45FF, 0xE0FF, 0xC0FF, 0xC1FF, 0xC1FF, 0xC1FF, 0xC1FF, 0xC1FF, 0xC1FF, 0xC1FF, 0xC1FF, 0xC1FF, 0xC1FF, 0xC1FF, 0xC1FF, 0xC1FF, 
  0xC1FF, 0xC1FF, 0xC1FF, 0xC1FF, 0xC1FF, 0xC1FF, 0xC1FF, 0xC1FF, 0xC1FF, 0xC1FF, 0xC1FF, 0xC1FF, 0xC1FF, 0xC1FF, 0xC1FF, 0xC1FF, 
  0xC1FF, 0xC1FF, 0xC1FF, 0xC1FF, 0xC1FF, 0xC1FF, 0xC1FF, 0xC1FF, 0xC1FF, 0xC1FF, 0xC1FF, 0xC1FF, 0xC1FF, 0xC1FF, 0xC1FF, 0xC1FF, 
  0xC1FF, 0xC1FF, 0xC1FF, 0xC1FF, 0xC1FF, 0xC1FF, 0xC1FF, 0xC1FF, 0xC1FF, 0xC1FF, 0xC1FF, 0xC1FF, 0xC0FF, 0xC0FF, 0xC0FF, 0xC1FF, 
  0x04FF, 0xE0FF, 0xC0FF, 0xC0FF, 0xC0FF, 0xC1FF, 0xC1FF, 0xC1FF, 0xC1FF, 0xC1FF, 0xC1FF, 0xC1FF, 0xC1FF, 0xC1FF, 0xC1FF, 0xC1FF, 
  0xC1FF, 0xC1FF, 0xC1FF, 0xC1FF, 0xC1FF, 0xC1FF, 0xC1FF, 0xC1FF, 0xC1FF, 0xC1FF, 0xC1FF, 0xC1FF, 0xC1FF, 0xC1FF, 0xC1FF, 0xC1FF, 
  0xC1FF, 0xC1FF, 0xC1FF, 0xC1FF, 0xC1FF, 0xC1FF, 0xC1FF, 0xC1FF, 0xC1FF, 0xC1FF, 0xC1FF, 0xC1FF, 0xC1FF, 0xC1FF, 0xC1FF, 0xC1FF, 
  0xC1FF, 0xC1FF, 0xC1FF, 0xC1FF, 0xC1FF, 0xC1FF, 0xC1FF, 0xC1FF, 0xC1FF, 0xC1FF, 0xC1FF, 0xC1FF, 0xC1FF, 0xC1FF, 0xC1FF, 0xC1FF, 
  0xC1FF, 0xC1FF, 0xC1FF, 0xC1FF, 0xC1FF, 0xC1FF, 0xC1FF, 0xC1FF, 0xC1FF, 0xC1FF, 0xC1FF, 0xC1FF, 0xC1FF, 0xC0FF, 0xC2FF, 0x49F6, 
  0xAEFC, 0x6DF3, 0x1CFF, 0xFFFF, 0xDFFF, 0xFFFF, 0xFFFF, 0xFFFF, 0xFFFF, 0xFFFF, 0xFFFF, 0xFFFF, 0xFFFF, 0xFFFF, 0xFFFF, 0xFFFF, 
  0xFFFF, 0x50F4, 0x2AF3, 0x10FD, 0xCBC3, 0xA852, 0x8952, 0x475A, 0xEDEC, 0xB0F4, 0xBFFF, 0xFFFF, 0xD1EC, 0xAEF4, 0x4A83, 0x4A63, 
  0x274A, 0x8852, 0x695A, 0x484A, 0x684A, 0xA95A, 0xE962, 0xA86A, 0x6FDC, 0x9DFF, 0xFFFF, 0x74F5, 0x6EE4, 0x2752, 0xC739, 0x8852, 
  0x484A, 0x0752, 0x0C94, 0xE96A, 0x8952, 0x6852, 0x274A, 0x484A, 0x494A, 0xE962, 0xC962, 0xA95A, 0xA95A, 0xA85A, 0x8852, 0x8852, 
  0x8852, 0x6852, 0x4B73, 0x885A, 0xA862, 0xE962, 0x8852, 0x684A, 0x0842, 0x0842, 0xC639, 0xA95A, 0x6852, 0x474A, 0x6852, 0x474A, 
  0xA95A, 0x8952, 0x884A, 0x6852, 0x484A, 0xA952, 0x675A, 0xAB93, 0x676A, 0x8EDC, 0x30FD, 0xF0FC, 0xAFFC, 0x4BFB, 0x0CFB, 0xEBFA, 
  0xC8F3, 0x86F6, 0xE2FF, 0xC0FF, 0xC1FF, 0xC1FF, 0xC1FF, 0xC1FF, 0xC1FF, 0xC1FF, 0xC1FF, 0xC1FF, 0xC1FF, 0xC1FF, 0xC1FF, 0xC1FF, 
  0xC1FF, 0xC1FF, 0xC1FF, 0xC1FF, 0xC1FF, 0xC1FF, 0xC1FF, 0xC1FF, 0xC1FF, 0xC1FF, 0xC1FF, 0xC1FF, 0xC1FF, 0xC1FF, 0xC1FF, 0xC1FF, 
  0xC1FF, 0xC1FF, 0xC1FF, 0xC1FF, 0xC1FF, 0xC1FF, 0xC1FF, 0xC1FF, 0xC1FF, 0xC1FF, 0xC1FF, 0xC1FF, 0xC1FF, 0xC1FF, 0xC1FF, 0xC1FF, 
  0xC1FF, 0xC1FF, 0xC1FF, 0xC1FF, 0xC1FF, 0xC1FF, 0xC1FF, 0xC1FF, 0xC1FF, 0xC1FF, 0xC1FF, 0xC1FF, 0xC0FF, 0xC0FF, 0xC0FF, 0xC1FF, 
  0x04FF, 0xE0FF, 0xC0FF, 0xC0FF, 0xC0FF, 0xC1FF, 0xC1FF, 0xC1FF, 0xC1FF, 0xC1FF, 0xC1FF, 0xC1FF, 0xC1FF, 0xC1FF, 0xC1FF, 0xC1FF, 
  0xC1FF, 0xC1FF, 0xC1FF, 0xC1FF, 0xC1FF, 0xC1FF, 0xC1FF, 0xC1FF, 0xC1FF, 0xC1FF, 0xC1FF, 0xC1FF, 0xC1FF, 0xC1FF, 0xC1FF, 0xC1FF, 
  0xC1FF, 0xC1FF, 0xC1FF, 0xC1FF, 0xC1FF, 0xC1FF, 0xC1FF, 0xC1FF, 0xC1FF, 0xC1FF, 0xC1FF, 0xC1FF, 0xC1FF, 0xC1FF, 0xC1FF, 0xC1FF, 
  0xC1FF, 0xC1FF, 0xC1FF, 0xC1FF, 0xC1FF, 0xC1FF, 0xC1FF, 0xC1FF, 0xC1FF, 0xC1FF, 0xC1FF, 0xC1FF, 0xC1FF, 0xC1FF, 0xC1FF, 0xC1FF, 
  0xC1FF, 0xC1FF, 0xC1FF, 0xC1FF, 0xC1FF, 0xC1FF, 0xC1FF, 0xC1FF, 0xC1FF, 0xC0FF, 0xC1FF, 0xC1FF, 0xC0FF, 0xC2FF, 0x68FE, 0x0FFD, 
  0xEDFB, 0x70EC, 0xFEFF, 0xFFFF, 0xFFFF, 0xFFFF, 0xFFFF, 0xFFFF, 0xFFFF, 0xFFFF, 0xFFFF, 0xFFFF, 0xFFFF, 0xFFFF, 0xFFFF, 0xFFFF, 
  0xDAFE, 0x0BF3, 0xECFB, 0x50FD, 0xAAA3, 0x8752, 0x885A, 0x8A93, 0x8DFC, 0x55ED, 0xFFFF, 0xFAF6, 0x4EF4, 0x6EDC, 0x2752, 0xA85A, 
  0x484A, 0x8952, 0x0A73, 0xE95A, 0xA95A, 0xAA62, 0x6752, 0x088B, 0x94ED, 0xFFFF, 0x9EF7, 0x90F4, 0x2DCC, 0x6852, 0xA95A, 0xEA5A, 
  0x274A, 0xA962, 0xEC93, 0x875A, 0xC962, 0x6852, 0xC85A, 0x4B6B, 0x4852, 0x6752, 0x885A, 0x895A, 0x885A, 0xC95A, 0xEA62, 0xE962, 
  0x8852, 0xA95A, 0xE862, 0x4973, 0x6B73, 0x484A, 0x684A, 0x8852, 0x484A, 0xA95A, 0x6852, 0x284A, 0x484A, 0xC95A, 0x0963, 0xC962, 
  0xA85A, 0x8852, 0x484A, 0x4852, 0x6852, 0x4952, 0x474A, 0x274A, 0x2842, 0x0752, 0x0CB4, 0x2FFD, 0x0FFD, 0xAFFC, 0x6BF3, 0x2BFB, 
  0xEDFA, 0x4AF3, 0xC7FD, 0xC3FF, 0xC0FF, 0xC1FF, 0xC1FF, 0xC1FF, 0xC1FF, 0xC1FF, 0xC0FF, 0xC1FF, 0xC1FF, 0xC1FF, 0xC1FF, 0xC1FF, 
  0xC1FF, 0xC1FF, 0xC1FF, 0xC1FF, 0xC1FF, 0xC1FF, 0xC1FF, 0xC1FF, 0xC1FF, 0xC1FF, 0xC1FF, 0xC1FF, 0xC1FF, 0xC1FF, 0xC1FF, 0xC1FF, 
  0xC1FF, 0xC1FF, 0xC1FF, 0xC1FF, 0xC1FF, 0xC1FF, 0xC1FF, 0xC1FF, 0xC1FF, 0xC1FF, 0xC1FF, 0xC1FF, 0xC1FF, 0xC1FF, 0xC1FF, 0xC1FF, 
  0xC1FF, 0xC1FF, 0xC1FF, 0xC1FF, 0xC1FF, 0xC1FF, 0xC1FF, 0xC1FF, 0xC1FF, 0xC1FF, 0xC1FF, 0xC1FF, 0xC0FF, 0xC0FF, 0xC0FF, 0xC1FF, 
  0x04FF, 0xE0FF, 0xC0FF, 0xC0FF, 0xC0FF, 0xC1FF, 0xC1FF, 0xC1FF, 0xC1FF, 0xC1FF, 0xC1FF, 0xC1FF, 0xC1FF, 0xC1FF, 0xC1FF, 0xC1FF, 
  0xC1FF, 0xC1FF, 0xC1FF, 0xC1FF, 0xC1FF, 0xC1FF, 0xC1FF, 0xC1FF, 0xC1FF, 0xC1FF, 0xC1FF, 0xC1FF, 0xC1FF, 0xC1FF, 0xC1FF, 0xC1FF, 
  0xC1FF, 0xC1FF, 0xC1FF, 0xC1FF, 0xC1FF, 0xC1FF, 0xC1FF, 0xC1FF, 0xC1FF, 0xC1FF, 0xC1FF, 0xC1FF, 0xC1FF, 0xC1FF, 0xC1FF, 0xC1FF, 
  0xC1FF, 0xC1FF, 0xC1FF, 0xC1FF, 0xC1FF, 0xC1FF, 0xC1FF, 0xC1FF, 0xC1FF, 0xC1FF, 0xC1FF, 0xC1FF, 0xC1FF, 0xC1FF, 0xC1FF, 0xC1FF, 
  0xC1FF, 0xC1FF, 0xC1FF, 0xC1FF, 0xC1FF, 0xC1FF, 0xC1FF, 0xC1FF, 0xC1FF, 0xC0FF, 0xC1FF, 0xC1FF, 0xC1FF, 0xC7FE, 0x0DF5, 0x2FFD, 
  0x8BF3, 0x75F5, 0xFFFF, 0xFFFF, 0xFFFF, 0xFFFF, 0xFFFF, 0xFFFF, 0xFFFF, 0xFFFF, 0xFFFF, 0xFFFF, 0xFFFF, 0xDFFF, 0xFFFF, 0x9DFF, 
  0xCEEB, 0x4BF3, 0xCFFC, 0x0FED, 0x8762, 0x894A, 0xA85A, 0x4DC4, 0x4EF4, 0x58F6, 0xFFFF, 0x95F5, 0x6DFC, 0xECAB, 0xA752, 0xE96A, 
  0x8852, 0xC95A, 0xA862, 0xA75A, 0xE862, 0x885A, 0x264A, 0xABB3, 0xBAFE, 0xFFFF, 0x79F6, 0x4EF4, 0x2CC4, 0x8752, 0x6A73, 0x6A73, 
  0x474A, 0x0742, 0x2842, 0x6852, 0xA85A, 0x6852, 0xA95A, 0x4B73, 0x885A, 0x474A, 0x0963, 0x484A, 0x6852, 0x6752, 0x494A, 0xA95A, 
  0x8852, 0x4752, 0x8B7B, 0x0963, 0x674A, 0x484A, 0x6952, 0x8852, 0x074A, 0xA95A, 0xE962, 0x6952, 0x274A, 0xA85A, 0x8B7B, 0xA75A, 
  0x0A63, 0x8852, 0x074A, 0x484A, 0x4852, 0x6952, 0x8852, 0xA95A, 0x6952, 0x0842, 0xA85A, 0xCA9B, 0xAFF4, 0x2FFD, 0xCEFC, 0x4BFB, 
  0x0CFB, 0x2AFB, 0x0AF3, 0x29F5, 0xA4FF, 0xC1FF, 0xE1FF, 0xC1FF, 0xC1FF, 0xC1FF, 0xC0FF, 0xC1FF, 0xC1FF, 0xC1FF, 0xC1FF, 0xC1FF, 
  0xC1FF, 0xC1FF, 0xC1FF, 0xC1FF, 0xC1FF, 0xC1FF, 0xC1FF, 0xC1FF, 0xC1FF, 0xC1FF, 0xC1FF, 0xC1FF, 0xC1FF, 0xC1FF, 0xC1FF, 0xC1FF, 
  0xC1FF, 0xC1FF, 0xC1FF, 0xC1FF, 0xC1FF, 0xC1FF, 0xC1FF, 0xC1FF, 0xC1FF, 0xC1FF, 0xC1FF, 0xC1FF, 0xC1FF, 0xC1FF, 0xC1FF, 0xC1FF, 
  0xC1FF, 0xC1FF, 0xC1FF, 0xC1FF, 0xC1FF, 0xC1FF, 0xC1FF, 0xC1FF, 0xC1FF, 0xC1FF, 0xC1FF, 0xC1FF, 0xC0FF, 0xC0FF, 0xC0FF, 0xC1FF, 
  0x04FF, 0xE0FF, 0xC0FF, 0xC0FF, 0xC0FF, 0xC1FF, 0xC1FF, 0xC1FF, 0xC1FF, 0xC1FF, 0xC1FF, 0xC1FF, 0xC1FF, 0xC1FF, 0xC1FF, 0xC1FF, 
  0xC1FF, 0xC1FF, 0xC1FF, 0xC1FF, 0xC1FF, 0xC1FF, 0xC1FF, 0xC1FF, 0xC1FF, 0xC1FF, 0xC1FF, 0xC1FF, 0xC1FF, 0xC1FF, 0xC1FF, 0xC1FF, 
  0xC1FF, 0xC1FF, 0xC1FF, 0xC1FF, 0xC1FF, 0xC1FF, 0xC1FF, 0xC1FF, 0xC1FF, 0xC1FF, 0xC1FF, 0xC1FF, 0xC1FF, 0xC1FF, 0xC1FF, 0xC1FF, 
  0xC1FF, 0xC1FF, 0xC1FF, 0xC1FF, 0xC1FF, 0xC1FF, 0xC1FF, 0xC1FF, 0xC1FF, 0xC1FF, 0xC1FF, 0xC1FF, 0xC1FF, 0xC1FF, 0xC1FF, 0xC1FF, 
  0xC1FF, 0xC1FF, 0xC1FF, 0xC1FF, 0xC1FF, 0xC1FF, 0xC1FF, 0xC1FF, 0xC1FF, 0xC1FF, 0xA1FF, 0xE1FF, 0x06FF, 0x4CF5, 0x0FFD, 0x0FFD, 
  0x4BF3, 0xF7FD, 0xFFFF, 0xDFFF, 0xFFFF, 0xFFFF, 0xFFFF, 0xFFFF, 0xFFFF, 0xFFFF, 0xFFFF, 0xFFFF, 0xFFFF, 0xFFFF, 0x9EFF, 0x50F4, 
  0xCAF2, 0x8EF4, 0x71FD, 0x8C9B, 0x2742, 0x284A, 0x675A, 0x4EE4, 0x6EEC, 0x9DF7, 0xDEFF, 0x70EC, 0xAEEC, 0x465A, 0x474A, 0xA95A, 
  0x8852, 0xC95A, 0x6952, 0xC962, 0x8A7B, 0x8B73, 0xC872, 0x8FDC, 0x9EFF, 0xFFFF, 0x33ED, 0x6EFC, 0xECB3, 0x885A, 0xC962, 0x474A, 
  0x274A, 0xE739, 0x0842, 0xC95A, 0x4B6B, 0x6852, 0x274A, 0xC95A, 0x6A73, 0x2A6B, 0xC95A, 0x895A, 0x6852, 0x0742, 0x284A, 0x8852, 
  0xE962, 0x6852, 0x8852, 0x274A, 0x8852, 0xA95A, 0xA85A, 0x4A73, 0xA85A, 0x296B, 0x8852, 0x684A, 0x8952, 0x074A, 0x8862, 0x296B, 
  0x0A63, 0x294A, 0x6952, 0x684A, 0x474A, 0xC95A, 0xE962, 0xE862, 0x6A73, 0x8852, 0x6852, 0xA75A, 0x0883, 0xCEE4, 0x70FD, 0x6EFC, 
  0x4AF3, 0x4BFB, 0x2DFB, 0x0BF3, 0x4AF5, 0x86FF, 0xC0FF, 0xC0FF, 0xC1FF, 0xC1FF, 0xC1FF, 0xC1FF, 0xC1FF, 0xC1FF, 0xC1FF, 0xC1FF, 
  0xC1FF, 0xC1FF, 0xC1FF, 0xC1FF, 0xC1FF, 0xC1FF, 0xC1FF, 0xC1FF, 0xC1FF, 0xC1FF, 0xC1FF, 0xC1FF, 0xC1FF, 0xC1FF, 0xC1FF, 0xC1FF, 
  0xC1FF, 0xC1FF, 0xC1FF, 0xC1FF, 0xC1FF, 0xC1FF, 0xC1FF, 0xC1FF, 0xC1FF, 0xC1FF, 0xC1FF, 0xC1FF, 0xC1FF, 0xC1FF, 0xC1FF, 0xC1FF, 
  0xC1FF, 0xC1FF, 0xC1FF, 0xC1FF, 0xC1FF, 0xC1FF, 0xC1FF, 0xC1FF, 0xC1FF, 0xC1FF, 0xC1FF, 0xC1FF, 0xC0FF, 0xC0FF, 0xC0FF, 0xC1FF, 
  0x04FF, 0xE0FF, 0xC0FF, 0xC0FF, 0xC0FF, 0xC1FF, 0xC1FF, 0xC1FF, 0xC1FF, 0xC1FF, 0xC1FF, 0xC1FF, 0xC1FF, 0xC1FF, 0xC1FF, 0xC1FF, 
  0xC1FF, 0xC1FF, 0xC1FF, 0xC1FF, 0xC1FF, 0xC1FF, 0xC1FF, 0xC1FF, 0xC1FF, 0xC1FF, 0xC1FF, 0xC1FF, 0xC1FF, 0xC1FF, 0xC1FF, 0xC1FF, 
  0xC1FF, 0xC1FF, 0xC1FF, 0xC1FF, 0xC1FF, 0xC1FF, 0xC1FF, 0xC1FF, 0xC1FF, 0xC1FF, 0xC1FF, 0xC1FF, 0xC1FF, 0xC1FF, 0xC1FF, 0xC1FF, 
  0xC1FF, 0xC1FF, 0xC1FF, 0xC1FF, 0xC1FF, 0xC1FF, 0xC1FF, 0xC1FF, 0xC1FF, 0xC1FF, 0xC1FF, 0xC1FF, 0xC1FF, 0xC1FF, 0xC1FF, 0xC1FF, 
  0xC1FF, 0xC1FF, 0xC1FF, 0xC1FF, 0xC1FF, 0xC1FF, 0xC1FF, 0xC1FF, 0xE0FF, 0xC1FF, 0xC1FF, 0x64FF, 0xCAF4, 0xCFFC, 0x2FFD, 0x0FFD, 
  0x2BF3, 0x17FE, 0xFFFF, 0xDFFF, 0xFFFF, 0xFFFF, 0xFFFF, 0xFFFF, 0xFFFF, 0xFFFF, 0xFFFF, 0xFFFF, 0xFFFF, 0xBEFF, 0x51F4, 0xC9F2, 
  0x4DFC, 0x4FFD, 0x4DD4, 0xE641, 0x684A, 0x6752, 0x097B, 0xAEF4, 0xF1EC, 0xFFFF, 0x79F6, 0x2DFC, 0x4DC4, 0x6752, 0x895A, 0x684A, 
  0x274A, 0x8952, 0x284A, 0xC962, 0xC862, 0x2742, 0xE992, 0xD5FD, 0xFFFF, 0x9EFF, 0x0EEC, 0xEFFC, 0x298B, 0x0742, 0x284A, 0xC739, 
  0x694A, 0x6952, 0x284A, 0x2A6B, 0xA85A, 0x2742, 0x0742, 0x6852, 0xE962, 0x8852, 0x684A, 0xC95A, 0xEA62, 0x284A, 0x4752, 0xA85A, 
  0x0963, 0xE95A, 0x484A, 0x6852, 0xC95A, 0x274A, 0x885A, 0x296B, 0xE962, 0x264A, 0x4752, 0x6852, 0x895A, 0xAC83, 0x897B, 0x296B, 
  0x674A, 0x484A, 0x6852, 0x6952, 0x684A, 0x0642, 0x4A6B, 0xCB83, 0xC862, 0x684A, 0x694A, 0xEA62, 0x4642, 0xC772, 0xEFF4, 0x2FFD, 
  0xACF3, 0x0BFB, 0x2BFB, 0x2AFB, 0x0AF3, 0x6AF5, 0xA4FF, 0xC0FF, 0xC0FF, 0xC1FF, 0xC0FF, 0xC1FF, 0xC1FF, 0xC1FF, 0xC1FF, 0xC1FF, 
  0xC1FF, 0xC1FF, 0xC1FF, 0xC1FF, 0xC1FF, 0xC1FF, 0xC1FF, 0xC1FF, 0xC1FF, 0xC1FF, 0xC1FF, 0xC1FF, 0xC1FF, 0xC1FF, 0xC1FF, 0xC1FF, 
  0xC1FF, 0xC1FF, 0xC1FF, 0xC1FF, 0xC1FF, 0xC1FF, 0xC1FF, 0xC1FF, 0xC1FF, 0xC1FF, 0xC1FF, 0xC1FF, 0xC1FF, 0xC1FF, 0xC1FF, 0xC1FF, 
  0xC1FF, 0xC1FF, 0xC1FF, 0xC1FF, 0xC1FF, 0xC1FF, 0xC1FF, 0xC1FF, 0xC1FF, 0xC1FF, 0xC1FF, 0xC1FF, 0xC0FF, 0xC0FF, 0xC0FF, 0xC1FF, 
  0x04FF, 0xE0FF, 0xC0FF, 0xC0FF, 0xC0FF, 0xC1FF, 0xC1FF, 0xC1FF, 0xC1FF, 0xC1FF, 0xC1FF, 0xC1FF, 0xC1FF, 0xC1FF, 0xC1FF, 0xC1FF, 
  0xC1FF, 0xC1FF, 0xC1FF, 0xC1FF, 0xC1FF, 0xC1FF, 0xC1FF, 0xC1FF, 0xC1FF, 0xC1FF, 0xC1FF, 0xC1FF, 0xC1FF, 0xC1FF, 0xC1FF, 0xC1FF, 
  0xC1FF, 0xC1FF, 0xC1FF, 0xC1FF, 0xC1FF, 0xC1FF, 0xC1FF, 0xC1FF, 0xC1FF, 0xC1FF, 0xC1FF, 0xC1FF, 0xC1FF, 0xC1FF, 0xC1FF, 0xC1FF, 
  0xC1FF, 0xC1FF, 0xC1FF, 0xC1FF, 0xC1FF, 0xC1FF, 0xC1FF, 0xC1FF, 0xC1FF, 0xC1FF, 0xC1FF, 0xC1FF, 0xC1FF, 0xC1FF, 0xC1FF, 0xC1FF, 
  0xC1FF, 0xC1FF, 0xC1FF, 0xC1FF, 0xC1FF, 0xC1FF, 0xC1FF, 0xC1FF, 0xC0FF, 0xC0FF, 0xC3FF, 0xE8F4, 0x6BF3, 0xEFFC, 0xEFFC, 0x0EFD, 
  0x4AF3, 0x75F5, 0xFFFF, 0xDFFF, 0xFFFF, 0xFFFF, 0xFFFF, 0xFFFF, 0xFFFF, 0xFFFF, 0xFFFF, 0xFFFF, 0xBEFF, 0x51EC, 0xAAF2, 0x4DF4, 
  0x0FFD, 0xEFF4, 0x876A, 0x684A, 0xC85A, 0xEB8B, 0x4CBC, 0x4DF4, 0xF6F5, 0xFFFF, 0xB2EC, 0xADFC, 0x4A93, 0x8852, 0x2842, 0x684A, 
  0xA95A, 0x684A, 0x8952, 0x274A, 0x0742, 0xE741, 0xEDC3, 0xFBFE, 0xFFFF, 0x79F6, 0x8CF3, 0x30FD, 0x097B, 0x484A, 0x074A, 0x684A, 
  0xEA5A, 0x8952, 0x274A, 0x885A, 0xA95A, 0xA952, 0x8A52, 0x484A, 0x4852, 0x0A63, 0x474A, 0x0963, 0x895A, 0x6852, 0xAB7B, 0x6752, 
  0x484A, 0xE962, 0x6852, 0x6952, 0x6952, 0x8852, 0xA95A, 0x484A, 0xE962, 0xC962, 0x8B7B, 0x086B, 0xC862, 0xE962, 0x096B, 0xA75A, 
  0x8852, 0x684A, 0xC641, 0x6852, 0x484A, 0xA95A, 0xA85A, 0x096B, 0x0963, 0x484A, 0xC95A, 0xA85A, 0x8852, 0x885A, 0xAAAB, 0x70FD, 
  0x4DFC, 0xECFA, 0x4CF3, 0x2BFB, 0x0BFB, 0x0CFB, 0xABFD, 0xE2FF, 0xC0FF, 0xC1FF, 0xC0FF, 0xC1FF, 0xC1FF, 0xC1FF, 0xC1FF, 0xC1FF, 
  0xC1FF, 0xC1FF, 0xC1FF, 0xC1FF, 0xC1FF, 0xC1FF, 0xC1FF, 0xC1FF, 0xC1FF, 0xC1FF, 0xC1FF, 0xC1FF, 0xC1FF, 0xC1FF, 0xC1FF, 0xC1FF, 
  0xC1FF, 0xC1FF, 0xC1FF, 0xC1FF, 0xC1FF, 0xC1FF, 0xC1FF, 0xC1FF, 0xC1FF, 0xC1FF, 0xC1FF, 0xC1FF, 0xC1FF, 0xC1FF, 0xC1FF, 0xC1FF, 
  0xC1FF, 0xC1FF, 0xC1FF, 0xC1FF, 0xC1FF, 0xC1FF, 0xC1FF, 0xC1FF, 0xC1FF, 0xC1FF, 0xC1FF, 0xC1FF, 0xC0FF, 0xC0FF, 0xC0FF, 0xC1FF, 
  0x04FF, 0xE0FF, 0xC0FF, 0xC0FF, 0xC0FF, 0xC1FF, 0xC1FF, 0xC1FF, 0xC1FF, 0xC1FF, 0xC1FF, 0xC1FF, 0xC1FF, 0xC1FF, 0xC1FF, 0xC1FF, 
  0xC1FF, 0xC1FF, 0xC1FF, 0xC1FF, 0xC1FF, 0xC1FF, 0xC1FF, 0xC1FF, 0xC1FF, 0xC1FF, 0xC1FF, 0xC1FF, 0xC1FF, 0xC1FF, 0xC1FF, 0xC1FF, 
  0xC1FF, 0xC1FF, 0xC1FF, 0xC1FF, 0xC1FF, 0xC1FF, 0xC1FF, 0xC1FF, 0xC1FF, 0xC1FF, 0xC1FF, 0xC1FF, 0xC1FF, 0xC1FF, 0xC1FF, 0xC1FF, 
  0xC1FF, 0xC1FF, 0xC1FF, 0xC1FF, 0xC1FF, 0xC1FF, 0xC1FF, 0xC1FF, 0xC1FF, 0xC1FF, 0xC1FF, 0xC1FF, 0xC1FF, 0xC1FF, 0xC1FF, 0xC1FF, 
  0xC1FF, 0xC1FF, 0xC1FF, 0xC1FF, 0xC1FF, 0xC1FF, 0xC1FF, 0xC1FF, 0xA1FF, 0xE2FF, 0xC8FD, 0xEAF2, 0x0DFC, 0x0FFD, 0x11F5, 0x71FD, 
  0x8BFB, 0x51F4, 0xFFFF, 0xFFFF, 0xFFFF, 0xFFFF, 0xFFFF, 0xFFFF, 0xFFFF, 0xFFFF, 0xFFFF, 0xDFFF, 0xB1EC, 0xCAF2, 0x4EFC, 0x0FFD, 
  0x30FD, 0x4A93, 0x473A, 0xA952, 0x0A6B, 0x0873, 0x4BC4, 0xEDFB, 0x95FD, 0x57F6, 0xEDF3, 0xEFEC, 0x8862, 0x684A, 0x684A, 0xA95A, 
  0xE862, 0xC95A, 0x6852, 0xC95A, 0x894A, 0xE98A, 0x12ED, 0xDEFF, 0xFFFF, 0xF3EC, 0xCCFB, 0x2FFD, 0xE972, 0x484A, 0x284A, 0xE741, 
  0x8952, 0x6852, 0xEA62, 0x6752, 0x274A, 0x484A, 0x2842, 0x484A, 0x885A, 0xC862, 0xA85A, 0xA85A, 0x4752, 0x6852, 0xC85A, 0x0A63, 
  0xE962, 0x885A, 0x8852, 0xA852, 0x8852, 0x6852, 0x8852, 0xA95A, 0x0A63, 0x484A, 0x895A, 0xC962, 0x885A, 0x885A, 0xEA6A, 0x274A, 
  0x274A, 0x484A, 0xA85A, 0xC962, 0xEA62, 0x8852, 0x474A, 0x885A, 0x885A, 0x8852, 0xC962, 0xA75A, 0x685A, 0x6752, 0xC86A, 0x10F5, 
  0x8EFC, 0xEAF2, 0xD2F4, 0xF0F3, 0x0BFB, 0xEBFA, 0x6DFB, 0x69FE, 0xE2FF, 0xC0FF, 0xC1FF, 0xC1FF, 0xC1FF, 0xC1FF, 0xC1FF, 0xC1FF, 
  0xC1FF, 0xC1FF, 0xC1FF, 0xC1FF, 0xC1FF, 0xC1FF, 0xC1FF, 0xC1FF, 0xC1FF, 0xC1FF, 0xC1FF, 0xC1FF, 0xC1FF, 0xC1FF, 0xC1FF, 0xC1FF, 
  0xC1FF, 0xC1FF, 0xC1FF, 0xC1FF, 0xC1FF, 0xC1FF, 0xC1FF, 0xC1FF, 0xC1FF, 0xC1FF, 0xC1FF, 0xC1FF, 0xC1FF, 0xC1FF, 0xC1FF, 0xC1FF, 
  0xC1FF, 0xC1FF, 0xC1FF, 0xC1FF, 0xC1FF, 0xC1FF, 0xC1FF, 0xC1FF, 0xC1FF, 0xC1FF, 0xC1FF, 0xC1FF, 0xC0FF, 0xC0FF, 0xC0FF, 0xC1FF, 
  0x04FF, 0xE0FF, 0xC0FF, 0xC0FF, 0xC0FF, 0xC1FF, 0xC1FF, 0xC1FF, 0xC1FF, 0xC1FF, 0xC1FF, 0xC1FF, 0xC1FF, 0xC1FF, 0xC1FF, 0xC1FF, 
  0xC1FF, 0xC1FF, 0xC1FF, 0xC1FF, 0xC1FF, 0xC1FF, 0xC1FF, 0xC1FF, 0xC1FF, 0xC1FF, 0xC1FF, 0xC1FF, 0xC1FF, 0xC1FF, 0xC1FF, 0xC1FF, 
  0xC1FF, 0xC1FF, 0xC1FF, 0xC1FF, 0xC1FF, 0xC1FF, 0xC1FF, 0xC1FF, 0xC1FF, 0xC1FF, 0xC1FF, 0xC1FF, 0xC1FF, 0xC1FF, 0xC1FF, 0xC1FF, 
  0xC1FF, 0xC1FF, 0xC1FF, 0xC1FF, 0xC1FF, 0xC1FF, 0xC1FF, 0xC1FF, 0xC1FF, 0xC1FF, 0xC1FF, 0xC1FF, 0xC1FF, 0xC1FF, 0xC1FF, 0xC1FF, 
  0xC1FF, 0xC1FF, 0xC1FF, 0xC1FF, 0xC0FF, 0xC1FF, 0xC0FF, 0xC0FF, 0xE1FF, 0xC8FE, 0xAAF3, 0xECFA, 0x6DFC, 0x52FD, 0x75F5, 0x92F5, 
  0xEDFB, 0x2DF3, 0x5CFF, 0xFFFF, 0xFFFF, 0xFFFF, 0xFFFF, 0xFFFF, 0xFFFF, 0xFFFF, 0xFFFF, 0x54F5, 0xE9EA, 0x4DFC, 0x0FFD, 0x50FD, 
  0xCBBB, 0x274A, 0x2842, 0x4852, 0x484A, 0x685A, 0xEEE4, 0x0EFC, 0x0CF3, 0x6BEB, 0x0FFD, 0xABA3, 0x684A, 0x885A, 0xA852, 0x895A, 
  0x096B, 0x885A, 0x895A, 0xC85A, 0x884A, 0xCABB, 0x16FE, 0xFFFF, 0xBEFF, 0xADEB, 0x2DFC, 0x0EF5, 0xE96A, 0x484A, 0x8852, 0x484A, 
  0x0742, 0x474A, 0x484A, 0x6952, 0x8952, 0x0742, 0x484A, 0x484A, 0x0963, 0x6A73, 0x4A73, 0xC95A, 0x6952, 0x8852, 0xE962, 0x2A6B, 
  0xC962, 0xE962, 0x6B73, 0x674A, 0x0742, 0x684A, 0xC95A, 0x4852, 0x284A, 0x0742, 0xCA5A, 0x0863, 0xE862, 0x0963, 0x0963, 0x8952, 
  0x484A, 0x0963, 0x8B7B, 0xE962, 0x0A63, 0x474A, 0x0642, 0xA95A, 0x8A73, 0x096B, 0xC85A, 0x0863, 0x2973, 0xEC93, 0x297B, 0xCEE4, 
  0x8EFC, 0xCAF2, 0x78F6, 0xB5F5, 0xCAFA, 0x4CFB, 0x0AFB, 0xEBFB, 0x27FF, 0xE0FF, 0xC1FF, 0xC1FF, 0xC0FF, 0xC1FF, 0xC1FF, 0xC0FF, 
  0xC1FF, 0xC1FF, 0xC1FF, 0xC1FF, 0xC1FF, 0xC1FF, 0xC1FF, 0xC1FF, 0xC1FF, 0xC1FF, 0xC1FF, 0xC1FF, 0xC1FF, 0xC1FF, 0xC1FF, 0xC1FF, 
  0xC1FF, 0xC1FF, 0xC1FF, 0xC1FF, 0xC1FF, 0xC1FF, 0xC1FF, 0xC1FF, 0xC1FF, 0xC1FF, 0xC1FF, 0xC1FF, 0xC1FF, 0xC1FF, 0xC1FF, 0xC1FF, 
  0xC1FF, 0xC1FF, 0xC1FF, 0xC1FF, 0xC1FF, 0xC1FF, 0xC1FF, 0xC1FF, 0xC1FF, 0xC1FF, 0xC1FF, 0xC1FF, 0xC0FF, 0xC0FF, 0xC0FF, 0xC1FF, 
  0x04FF, 0xE0FF, 0xC0FF, 0xC0FF, 0xC0FF, 0xC1FF, 0xC1FF, 0xC1FF, 0xC1FF, 0xC1FF, 0xC1FF, 0xC1FF, 0xC1FF, 0xC1FF, 0xC1FF, 0xC1FF, 
  0xC1FF, 0xC1FF, 0xC1FF, 0xC1FF, 0xC1FF, 0xC1FF, 0xC1FF, 0xC1FF, 0xC1FF, 0xC1FF, 0xC1FF, 0xC1FF, 0xC1FF, 0xC1FF, 0xC1FF, 0xC1FF, 
  0xC1FF, 0xC1FF, 0xC1FF, 0xC1FF, 0xC1FF, 0xC1FF, 0xC1FF, 0xC1FF, 0xC1FF, 0xC1FF, 0xC1FF, 0xC1FF, 0xC1FF, 0xC1FF, 0xC1FF, 0xC1FF, 
  0xC1FF, 0xC1FF, 0xC1FF, 0xC1FF, 0xC1FF, 0xC1FF, 0xC1FF, 0xC1FF, 0xC1FF, 0xC1FF, 0xC1FF, 0xC1FF, 0xC1FF, 0xC1FF, 0xC1FF, 0xC1FF, 
  0xC1FF, 0xC1FF, 0xC0FF, 0xE1FF, 0xE0FF, 0xE1FF, 0xC0FF, 0xE0FF, 0xA5FF, 0x4AFC, 0x0BF3, 0x6CF3, 0xCDFC, 0x51FD, 0xF2F4, 0xEFFC, 
  0xAEFC, 0x0AF3, 0x34F5, 0xFFFF, 0xFFFF, 0xFFFF, 0xFFFF, 0xFFFF, 0xDEFF, 0xFFFF, 0x18F6, 0xEBEA, 0x0CFC, 0x2FFD, 0xEFFC, 0x8DDC, 
  0x885A, 0x8852, 0x6852, 0x885A, 0x684A, 0xA86A, 0x2FFD, 0x6EFC, 0x4BEB, 0xAEFC, 0x30ED, 0xC872, 0xC95A, 0x296B, 0xE862, 0xC962, 
  0x4852, 0x6852, 0x674A, 0xC95A, 0x675A, 0x6ED4, 0xFBFE, 0xFFFF, 0xDBF6, 0x2BEB, 0xAFFC, 0xCDDC, 0xE96A, 0xC95A, 0xE862, 0x8B7B, 
  0x885A, 0x8952, 0x6852, 0x274A, 0x8952, 0x8852, 0x474A, 0xA852, 0xA85A, 0x885A, 0x2A6B, 0xC95A, 0x8852, 0xA95A, 0xC85A, 0x4973, 
  0xE862, 0x6852, 0x6852, 0xE741, 0x484A, 0x684A, 0x6752, 0x885A, 0xA852, 0x6852, 0xC95A, 0xE962, 0x096B, 0x8B7B, 0xE862, 0x8952, 
  0x284A, 0xA85A, 0xA852, 0x6852, 0x885A, 0x8852, 0xA85A, 0xE962, 0x296B, 0x296B, 0x6A73, 0x296B, 0x096B, 0x2A73, 0xC96A, 0xCDE4, 
  0x8EFC, 0x0CF3, 0x5BFF, 0x3CFF, 0x2CF3, 0x2BFB, 0x4BF3, 0xEBF2, 0x0AF5, 0xA4FF, 0xC0FF, 0xC1FF, 0xC0FF, 0xC1FF, 0xC0FF, 0xC0FF, 
  0xE0FF, 0xC1FF, 0xC1FF, 0xC1FF, 0xC1FF, 0xC1FF, 0xC1FF, 0xC1FF, 0xC1FF, 0xC1FF, 0xC1FF, 0xC1FF, 0xC1FF, 0xC1FF, 0xC1FF, 0xC1FF, 
  0xC1FF, 0xC1FF, 0xC1FF, 0xC1FF, 0xC1FF, 0xC1FF, 0xC1FF, 0xC1FF, 0xC1FF, 0xC1FF, 0xC1FF, 0xC1FF, 0xC1FF, 0xC1FF, 0xC1FF, 0xC1FF, 
  0xC1FF, 0xC1FF, 0xC1FF, 0xC1FF, 0xC1FF, 0xC1FF, 0xC1FF, 0xC1FF, 0xC1FF, 0xC1FF, 0xC1FF, 0xC1FF, 0xC0FF, 0xC0FF, 0xC0FF, 0xC1FF, 
  0x04FF, 0xE0FF, 0xC0FF, 0xC0FF, 0xC0FF, 0xC1FF, 0xC1FF, 0xC1FF, 0xC1FF, 0xC1FF, 0xC1FF, 0xC1FF, 0xC1FF, 0xC1FF, 0xC1FF, 0xC1FF, 
  0xC1FF, 0xC1FF, 0xC1FF, 0xC1FF, 0xC1FF, 0xC1FF, 0xC1FF, 0xC1FF, 0xC1FF, 0xC1FF, 0xC1FF, 0xC1FF, 0xC1FF, 0xC1FF, 0xC1FF, 0xC1FF, 
  0xC1FF, 0xC1FF, 0xC1FF, 0xC1FF, 0xC1FF, 0xC1FF, 0xC1FF, 0xC1FF, 0xC1FF, 0xC1FF, 0xC1FF, 0xC1FF, 0xC1FF, 0xC1FF, 0xC1FF, 0xC1FF, 
  0xC1FF, 0xC1FF, 0xC1FF, 0xC1FF, 0xC1FF, 0xC1FF, 0xC1FF, 0xC1FF, 0xC1FF, 0xC1FF, 0xC1FF, 0xC1FF, 0xC1FF, 0xC1FF, 0xC1FF, 0xC1FF, 
  0xC1FF, 0xC1FF, 0xC0FF, 0xC0FF, 0xC1FF, 0xC1FF, 0xC1FF, 0xE2FF, 0xE9FD, 0x2BF3, 0x0BFB, 0x8CFB, 0x0FFD, 0xEEFC, 0x0FFD, 0xEFFC, 
  0x0FFD, 0xACFB, 0x4CEB, 0x1BFF, 0xFFFF, 0xFFFF, 0xFFFF, 0xDFFF, 0xFFFF, 0xDAFE, 0x2CEB, 0x8CF3, 0xF0FC, 0x2FFD, 0xEEEC, 0x2873, 
  0x8852, 0xA85A, 0x6852, 0xA862, 0x0A63, 0x087B, 0xF0F4, 0xEFFC, 0xCEF4, 0x70FD, 0x0CB4, 0x2642, 0x4852, 0x8852, 0xC862, 0x4B73, 
  0xC962, 0xC85A, 0xA85A, 0xC95A, 0xA872, 0x11ED, 0x9DFF, 0xFFFF, 0xB6F5, 0xEAEA, 0xCFFC, 0x6DC4, 0x0652, 0xA85A, 0xC962, 0xC95A, 
  0x6952, 0x6852, 0x674A, 0x6852, 0x6852, 0x0742, 0x284A, 0xE741, 0x284A, 0x8852, 0x885A, 0x6852, 0x6852, 0x8852, 0x6852, 0xC85A, 
  0xA95A, 0x6852, 0x6852, 0x284A, 0xE962, 0x6852, 0x296B, 0xEA83, 0x885A, 0xE862, 0x296B, 0x895A, 0x074A, 0xC962, 0x8752, 0x0742, 
  0x484A, 0x895A, 0x8852, 0xA85A, 0xC962, 0xA95A, 0x8952, 0xC95A, 0x2A73, 0x8A83, 0x4973, 0x885A, 0x284A, 0x4842, 0xC641, 0x2CCC, 
  0xEFFC, 0x8DF3, 0x5DFF, 0xFFFF, 0x91F4, 0x0AFB, 0x0BFB, 0xAEF3, 0x8DF3, 0x68FE, 0xE1FF, 0xA1FF, 0xA1FF, 0xC0FF, 0xE0FF, 0xC1FF, 
  0xC1FF, 0xC1FF, 0xC1FF, 0xC1FF, 0xC1FF, 0xC1FF, 0xC1FF, 0xC1FF, 0xC1FF, 0xC1FF, 0xC1FF, 0xC1FF, 0xC1FF, 0xC1FF, 0xC1FF, 0xC1FF, 
  0xC1FF, 0xC1FF, 0xC1FF, 0xC1FF, 0xC1FF, 0xC1FF, 0xC1FF, 0xC1FF, 0xC1FF, 0xC1FF, 0xC1FF, 0xC1FF, 0xC1FF, 0xC1FF, 0xC1FF, 0xC1FF, 
  0xC1FF, 0xC1FF, 0xC1FF, 0xC1FF, 0xC1FF, 0xC1FF, 0xC1FF, 0xC1FF, 0xC1FF, 0xC1FF, 0xC1FF, 0xC1FF, 0xC0FF, 0xC0FF, 0xC0FF, 0xC1FF, 
  0x04FF, 0xE0FF, 0xC0FF, 0xC0FF, 0xC0FF, 0xC1FF, 0xC1FF, 0xC1FF, 0xC1FF, 0xC1FF, 0xC1FF, 0xC1FF, 0xC1FF, 0xC1FF, 0xC1FF, 0xC1FF, 
  0xC1FF, 0xC1FF, 0xC1FF, 0xC1FF, 0xC1FF, 0xC1FF, 0xC1FF, 0xC1FF, 0xC1FF, 0xC1FF, 0xC1FF, 0xC1FF, 0xC1FF, 0xC1FF, 0xC1FF, 0xC1FF, 
  0xC1FF, 0xC1FF, 0xC1FF, 0xC1FF, 0xC1FF, 0xC1FF, 0xC1FF, 0xC1FF, 0xC1FF, 0xC1FF, 0xC1FF, 0xC1FF, 0xC1FF, 0xC1FF, 0xC1FF, 0xC1FF, 
  0xC1FF, 0xC1FF, 0xC1FF, 0xC1FF, 0xC1FF, 0xC1FF, 0xC1FF, 0xC1FF, 0xC1FF, 0xC1FF, 0xC1FF, 0xC1FF, 0xC1FF, 0xC1FF, 0xC1FF, 0xC1FF, 
  0xC1FF, 0xC1FF, 0xE0FF, 0xC0FF, 0xC1FF, 0xC0FF, 0xE0FF, 0x26FF, 0xC9F3, 0x0BFB, 0x2BFB, 0xEDFB, 0x0FFD, 0xEFFC, 0xEDFC, 0xEFFC, 
  0x0FFD, 0x6EFC, 0xEAF2, 0x91EC, 0xFFFF, 0xFFFF, 0xFFFF, 0xFFFF, 0x7DFF, 0xCEEB, 0x2AF3, 0xCFFC, 0x2FFD, 0x0FF5, 0xA86A, 0xA85A, 
  0x4A73, 0xE862, 0xE962, 0xA85A, 0x895A, 0x886A, 0x0FF5, 0xEEFC, 0x2FFD, 0x6ED4, 0x4752, 0xA952, 0x694A, 0x284A, 0x4852, 0x284A, 
  0x6852, 0xA85A, 0x4B73, 0xC95A, 0x6A9B, 0x94F5, 0xDFFF, 0xFFFF, 0xF3F4, 0xEAF2, 0x0FFD, 0xECAB, 0x4752, 0xA85A, 0xA952, 0xA95A, 
  0x474A, 0xC95A, 0x8952, 0x4852, 0xC95A, 0x4852, 0x294A, 0x294A, 0x6952, 0x8852, 0x8852, 0xEA62, 0x474A, 0x0742, 0x8952, 0x2842, 
  0x284A, 0xE741, 0x6852, 0xE962, 0x4852, 0x8852, 0x496B, 0xEA6A, 0x084A, 0xEA62, 0xE862, 0xC862, 0xEA6A, 0xA95A, 0xC95A, 0xA95A, 
  0x684A, 0x474A, 0x8852, 0x6852, 0x6852, 0x274A, 0x0742, 0x885A, 0xC85A, 0xC85A, 0xE95A, 0xA85A, 0x8B7B, 0xE96A, 0x2742, 0xCBA3, 
  0x0FFD, 0x8CEB, 0x3CFF, 0xFFFF, 0xB5F5, 0xEAF2, 0x2BFB, 0x4CF3, 0xEDF2, 0xAAF4, 0xC3FF, 0xC0FF, 0xA1FF, 0xC0FF, 0xE0FF, 0xC1FF, 
  0xC0FF, 0xC1FF, 0xC1FF, 0xC1FF, 0xC1FF, 0xC1FF, 0xC1FF, 0xC1FF, 0xC1FF, 0xC1FF, 0xC1FF, 0xC1FF, 0xC1FF, 0xC1FF, 0xC1FF, 0xC1FF, 
  0xC1FF, 0xC1FF, 0xC1FF, 0xC1FF, 0xC1FF, 0xC1FF, 0xC1FF, 0xC1FF, 0xC1FF, 0xC1FF, 0xC1FF, 0xC1FF, 0xC1FF, 0xC1FF, 0xC1FF, 0xC1FF, 
  0xC1FF, 0xC1FF, 0xC1FF, 0xC1FF, 0xC1FF, 0xC1FF, 0xC1FF, 0xC1FF, 0xC1FF, 0xC1FF, 0xC1FF, 0xC1FF, 0xC0FF, 0xC0FF, 0xC0FF, 0xC1FF, 
  0x04FF, 0xE0FF, 0xC0FF, 0xC0FF, 0xC0FF, 0xC1FF, 0xC1FF, 0xC1FF, 0xC1FF, 0xC1FF, 0xC1FF, 0xC1FF, 0xC1FF, 0xC1FF, 0xC1FF, 0xC1FF, 
  0xC1FF, 0xC1FF, 0xC1FF, 0xC1FF, 0xC1FF, 0xC1FF, 0xC1FF, 0xC1FF, 0xC1FF, 0xC1FF, 0xC1FF, 0xC1FF, 0xC1FF, 0xC1FF, 0xC1FF, 0xC1FF, 
  0xC1FF, 0xC1FF, 0xC1FF, 0xC1FF, 0xC1FF, 0xC1FF, 0xC1FF, 0xC1FF, 0xC1FF, 0xC1FF, 0xC1FF, 0xC1FF, 0xC1FF, 0xC1FF, 0xC1FF, 0xC1FF, 
  0xC1FF, 0xC1FF, 0xC1FF, 0xC1FF, 0xC1FF, 0xC1FF, 0xC1FF, 0xC1FF, 0xC1FF, 0xC1FF, 0xC1FF, 0xC1FF, 0xC1FF, 0xC1FF, 0xC1FF, 0xC1FF, 
  0xC1FF, 0xC1FF, 0xE1FF, 0xC1FF, 0xC0FF, 0xA0FF, 0xE2FF, 0x8AF5, 0x2CF3, 0x2BFB, 0x2BF3, 0x8DFC, 0x4EFD, 0xEFFC, 0x4CDC, 0x0FF5, 
  0xEEFC, 0xEEFC, 0x8BFB, 0xCBF2, 0x5AFE, 0xFFFF, 0xFFF7, 0xDFFF, 0x71F4, 0xCAF2, 0x4DFC, 0xEFFC, 0x2FFD, 0x498B, 0x274A, 0xE962, 
  0x4A73, 0xA85A, 0xA85A, 0x0863, 0xE962, 0x287B, 0xEDEC, 0x0EFD, 0x8EDC, 0x475A, 0xE741, 0x695A, 0x885A, 0x6752, 0xC95A, 0x8852, 
  0x8852, 0xA85A, 0xA862, 0x4752, 0xABBB, 0xD5FD, 0xFFFF, 0xFFFF, 0xD2FC, 0x0AFB, 0x50FD, 0x6A8B, 0x6852, 0x6852, 0x684A, 0xA85A, 
  0x8852, 0x8952, 0x6852, 0x284A, 0xA95A, 0x6852, 0x484A, 0x484A, 0x284A, 0xE95A, 0xA95A, 0x6852, 0x6952, 0x484A, 0x2842, 0x2842, 
  0x2842, 0x484A, 0xC95A, 0x6752, 0xE962, 0xC95A, 0x4852, 0x484A, 0xE962, 0xAA5A, 0xC741, 0x885A, 0x885A, 0xC962, 0x0A63, 0x6752, 
  0x6852, 0xC95A, 0x8852, 0xA95A, 0xA85A, 0x8852, 0x0A63, 0x0963, 0x0963, 0xE85A, 0x4A6B, 0x274A, 0xA95A, 0x2A63, 0x2742, 0xE97A, 
  0x2FFD, 0x6CF3, 0xDAFE, 0xFFFF, 0x38F6, 0xEBF2, 0x0DFC, 0x4BFB, 0x2BFB, 0x4AF3, 0x86FE, 0xE0FF, 0xC1FF, 0xC1FF, 0xE1FF, 0xC1FF, 
  0xC0FF, 0xC1FF, 0xC1FF, 0xC1FF, 0xC1FF, 0xC1FF, 0xC1FF, 0xC1FF, 0xC1FF, 0xC1FF, 0xC1FF, 0xC1FF, 0xC1FF, 0xC1FF, 0xC1FF, 0xC1FF, 
  0xC1FF, 0xC1FF, 0xC1FF, 0xC1FF, 0xC1FF, 0xC1FF, 0xC1FF, 0xC1FF, 0xC1FF, 0xC1FF, 0xC1FF, 0xC1FF, 0xC1FF, 0xC1FF, 0xC1FF, 0xC1FF, 
  0xC1FF, 0xC1FF, 0xC1FF, 0xC1FF, 0xC1FF, 0xC1FF, 0xC1FF, 0xC1FF, 0xC1FF, 0xC1FF, 0xC1FF, 0xC1FF, 0xC0FF, 0xC0FF, 0xC0FF, 0xC1FF, 
  0x04FF, 0xE0FF, 0xC0FF, 0xC0FF, 0xC0FF, 0xC1FF, 0xC1FF, 0xC1FF, 0xC1FF, 0xC1FF, 0xC1FF, 0xC1FF, 0xC1FF, 0xC1FF, 0xC1FF, 0xC1FF, 
  0xC1FF, 0xC1FF, 0xC1FF, 0xC1FF, 0xC1FF, 0xC1FF, 0xC1FF, 0xC1FF, 0xC1FF, 0xC1FF, 0xC1FF, 0xC1FF, 0xC1FF, 0xC1FF, 0xC1FF, 0xC1FF, 
  0xC1FF, 0xC1FF, 0xC1FF, 0xC1FF, 0xC1FF, 0xC1FF, 0xC1FF, 0xC1FF, 0xC1FF, 0xC1FF, 0xC1FF, 0xC1FF, 0xC1FF, 0xC1FF, 0xC1FF, 0xC1FF, 
  0xC1FF, 0xC1FF, 0xC1FF, 0xC1FF, 0xC1FF, 0xC1FF, 0xC1FF, 0xC1FF, 0xC1FF, 0xC1FF, 0xC1FF, 0xC1FF, 0xC1FF, 0xC1FF, 0xC1FF, 0xC1FF, 
  0xC1FF, 0xC1FF, 0xC1FF, 0xC0FF, 0xC0FF, 0xE1FF, 0xC5FE, 0xF0EC, 0xF0F3, 0xEBFA, 0x4CFB, 0xEFFC, 0x4EFD, 0xEEF4, 0x6A9B, 0xEFEC, 
  0x0EFD, 0x0EFD, 0x0DFC, 0xAAFA, 0x75ED, 0xFFFF, 0xFFFF, 0x95F5, 0xCAF2, 0xECFB, 0xEFFC, 0x2FFD, 0xABA3, 0xA85A, 0xC962, 0xE95A, 
  0xA95A, 0x4952, 0xAA5A, 0x8852, 0x895A, 0xA85A, 0xAFD4, 0xAEDC, 0xE872, 0xA95A, 0xCA62, 0x685A, 0x096B, 0xEA62, 0x284A, 0x284A, 
  0x6852, 0x6852, 0x0963, 0x885A, 0xABCB, 0x36FE, 0xFFFF, 0xFFFF, 0x13F5, 0x2AFB, 0x30FD, 0xEB9B, 0x8852, 0x6952, 0x4852, 0x8952, 
  0x8852, 0x8852, 0x284A, 0xC962, 0x2A6B, 0x8852, 0x684A, 0x2742, 0x484A, 0x684A, 0x6852, 0x0742, 0x494A, 0xE739, 0x0842, 0xAA5A, 
  0x284A, 0x6952, 0x8852, 0x6852, 0x0A6B, 0xC862, 0x474A, 0xA95A, 0x674A, 0xC85A, 0xCA7B, 0x096B, 0x4752, 0xC962, 0x6852, 0x484A, 
  0x8952, 0x8852, 0x274A, 0xC962, 0xA85A, 0xC95A, 0xC95A, 0xA85A, 0x6852, 0x6852, 0x8752, 0x084A, 0x8739, 0xA95A, 0xA95A, 0x8862, 
  0x0FED, 0xEDF3, 0xB1EC, 0xFFFF, 0x37F6, 0xEBF2, 0xAFFC, 0xCCFB, 0x2BFB, 0xEAFA, 0xC8F4, 0xC2FF, 0xC0F7, 0xC1FF, 0xC1FF, 0xC0FF, 
  0xC0FF, 0xC1FF, 0xC1FF, 0xC1FF, 0xC1FF, 0xC1FF, 0xC1FF, 0xC1FF, 0xC1FF, 0xC1FF, 0xC1FF, 0xC1FF, 0xC1FF, 0xC1FF, 0xC1FF, 0xC1FF, 
  0xC1FF, 0xC1FF, 0xC1FF, 0xC1FF, 0xC1FF, 0xC1FF, 0xC1FF, 0xC1FF, 0xC1FF, 0xC1FF, 0xC1FF, 0xC1FF, 0xC1FF, 0xC1FF, 0xC1FF, 0xC1FF, 
  0xC1FF, 0xC1FF, 0xC1FF, 0xC1FF, 0xC1FF, 0xC1FF, 0xC1FF, 0xC1FF, 0xC1FF, 0xC1FF, 0xC1FF, 0xC1FF, 0xC0FF, 0xC0FF, 0xC0FF, 0xC1FF, 
  0x04FF, 0xE0FF, 0xC0FF, 0xC0FF, 0xC0FF, 0xC1FF, 0xC1FF, 0xC1FF, 0xC1FF, 0xC1FF, 0xC1FF, 0xC1FF, 0xC1FF, 0xC1FF, 0xC1FF, 0xC1FF, 
  0xC1FF, 0xC1FF, 0xC1FF, 0xC1FF, 0xC1FF, 0xC1FF, 0xC1FF, 0xC1FF, 0xC1FF, 0xC1FF, 0xC1FF, 0xC1FF, 0xC1FF, 0xC1FF, 0xC1FF, 0xC1FF, 
  0xC1FF, 0xC1FF, 0xC1FF, 0xC1FF, 0xC1FF, 0xC1FF, 0xC1FF, 0xC1FF, 0xC1FF, 0xC1FF, 0xC1FF, 0xC1FF, 0xC1FF, 0xC1FF, 0xC1FF, 0xC1FF, 
  0xC1FF, 0xC1FF, 0xC1FF, 0xC1FF, 0xC1FF, 0xC1FF, 0xC1FF, 0xC1FF, 0xC1FF, 0xC1FF, 0xC1FF, 0xC1FF, 0xC1FF, 0xC1FF, 0xC1FF, 0xC1FF, 
  0xC1FF, 0xC1FF, 0xC1FF, 0xC0FF, 0xC1FF, 0xC2FF, 0xEAED, 0x55F5, 0x2CF3, 0x0AFB, 0xCCFB, 0xF0FC, 0xEFFC, 0xAED4, 0x875A, 0xAAA3, 
  0x2FFD, 0xEEFC, 0x2EFC, 0xCAF2, 0x95ED, 0xFFFF, 0xBAFE, 0x2CF3, 0x6BFB, 0xAFFC, 0x30FD, 0xCBB3, 0xE86A, 0xA85A, 0x875A, 0x885A, 
  0x2963, 0x296B, 0xE962, 0x8852, 0x895A, 0x8852, 0x097B, 0xA76A, 0xE96A, 0xA862, 0xC95A, 0xC95A, 0xE962, 0xC962, 0x474A, 0x474A, 
  0xC95A, 0xE962, 0xC85A, 0xEA6A, 0x2DE4, 0xF5F5, 0xFFFF, 0xFFFF, 0x13F5, 0x4BFB, 0xEFF4, 0x4883, 0x474A, 0xA952, 0x4852, 0x8952, 
  0x274A, 0x8952, 0xC962, 0x8A73, 0x885A, 0x8952, 0x8952, 0x474A, 0x0963, 0x0963, 0xA95A, 0x6852, 0x0742, 0xE739, 0x484A, 0x6852, 
  0x474A, 0x8952, 0x484A, 0x6852, 0xEA62, 0xE962, 0x674A, 0x284A, 0xE841, 0x6852, 0xA85A, 0xA95A, 0xCB83, 0x2A6B, 0x6852, 0x4952, 
  0x484A, 0x8952, 0xE962, 0x6A73, 0xE962, 0x474A, 0x0742, 0x6952, 0x6852, 0x484A, 0xC962, 0xAA5A, 0x4852, 0xA95A, 0x274A, 0xE639, 
  0x0CB4, 0x30FD, 0x0AEB, 0x9AF6, 0xD6F5, 0xEAF2, 0x0FFD, 0x4DFC, 0xECFA, 0x0CFB, 0xCBEB, 0xE5F6, 0xE0FF, 0xC0FF, 0xC0FF, 0xC1FF, 
  0xC1FF, 0xC1FF, 0xC1FF, 0xC1FF, 0xC1FF, 0xC1FF, 0xC1FF, 0xC1FF, 0xC1FF, 0xC1FF, 0xC1FF, 0xC1FF, 0xC1FF, 0xC1FF, 0xC1FF, 0xC1FF, 
  0xC1FF, 0xC1FF, 0xC1FF, 0xC1FF, 0xC1FF, 0xC1FF, 0xC1FF, 0xC1FF, 0xC1FF, 0xC1FF, 0xC1FF, 0xC1FF, 0xC1FF, 0xC1FF, 0xC1FF, 0xC1FF, 
  0xC1FF, 0xC1FF, 0xC1FF, 0xC1FF, 0xC1FF, 0xC1FF, 0xC1FF, 0xC1FF, 0xC1FF, 0xC1FF, 0xC1FF, 0xC1FF, 0xC0FF, 0xC0FF, 0xC0FF, 0xC1FF, 
  0x04FF, 0xE0FF, 0xC0FF, 0xC0FF, 0xC0FF, 0xC1FF, 0xC1FF, 0xC1FF, 0xC1FF, 0xC1FF, 0xC1FF, 0xC1FF, 0xC1FF, 0xC1FF, 0xC1FF, 0xC1FF, 
  0xC1FF, 0xC1FF, 0xC1FF, 0xC1FF, 0xC1FF, 0xC1FF, 0xC1FF, 0xC1FF, 0xC1FF, 0xC1FF, 0xC1FF, 0xC1FF, 0xC1FF, 0xC1FF, 0xC1FF, 0xC1FF, 
  0xC1FF, 0xC1FF, 0xC1FF, 0xC1FF, 0xC1FF, 0xC1FF, 0xC1FF, 0xC1FF, 0xC1FF, 0xC1FF, 0xC1FF, 0xC1FF, 0xC1FF, 0xC1FF, 0xC1FF, 0xC1FF, 
  0xC1FF, 0xC1FF, 0xC1FF, 0xC1FF, 0xC1FF, 0xC1FF, 0xC1FF, 0xC1FF, 0xC1FF, 0xC1FF, 0xC1FF, 0xC1FF, 0xC1FF, 0xC1FF, 0xC1FF, 0xC1FF, 
  0xC1FF, 0xC1FF, 0xC1FF, 0xC0FF, 0xE1FF, 0x04F7, 0x12EE, 0x91F4, 0xEBFA, 0x2BFB, 0x8EFC, 0xEFFC, 0xEFFC, 0x0883, 0xE95A, 0xC762, 
  0x2DCC, 0x10FD, 0xCFFC, 0x0AF3, 0xF3F4, 0xFBFE, 0xADEB, 0x2AF3, 0x6EFC, 0x2FFD, 0xECB3, 0x475A, 0xC85A, 0x6A7B, 0xCB93, 0x6852, 
  0xC95A, 0x296B, 0x096B, 0xC862, 0x875A, 0x0963, 0xC862, 0xE862, 0x6A73, 0xA85A, 0x484A, 0x484A, 0x8852, 0x4A6B, 0xE862, 0x296B, 
  0x2A6B, 0x4752, 0xA95A, 0xA762, 0x4DE4, 0x74F5, 0xFFFF, 0xDFFF, 0x0FEC, 0x0DFC, 0x6DD4, 0x875A, 0xA95A, 0xA85A, 0x885A, 0x885A, 
  0xC95A, 0xC95A, 0x2A6B, 0x885A, 0x8752, 0x296B, 0xC962, 0xC862, 0x496B, 0x875A, 0x0A63, 0x8852, 0xE741, 0x2842, 0x0742, 0xA95A, 
  0x6852, 0x284A, 0x2842, 0x0742, 0x484A, 0xE739, 0x0742, 0xA952, 0x274A, 0x8952, 0x8952, 0x684A, 0xE962, 0xE862, 0xC962, 0x895A, 
  0xC962, 0x885A, 0x0A6B, 0xC862, 0x875A, 0x6952, 0x284A, 0xA95A, 0x0742, 0x8952, 0xA95A, 0x6852, 0x6852, 0x4852, 0xA962, 0x484A, 
  0x675A, 0x4FED, 0x0DFC, 0xEEEB, 0x71F4, 0x0AFB, 0xEFFC, 0xCFFC, 0x4CFB, 0xEBFA, 0xD3EC, 0xE9ED, 0xC1FF, 0xA1FF, 0xC0FF, 0xE0FF, 
  0xC1FF, 0xC1FF, 0xC1FF, 0xC1FF, 0xC1FF, 0xC1FF, 0xC1FF, 0xC1FF, 0xC1FF, 0xC1FF, 0xC1FF, 0xC1FF, 0xC1FF, 0xC1FF, 0xC1FF, 0xC1FF, 
  0xC1FF, 0xC1FF, 0xC1FF, 0xC1FF, 0xC1FF, 0xC1FF, 0xC1FF, 0xC1FF, 0xC1FF, 0xC1FF, 0xC1FF, 0xC1FF, 0xC1FF, 0xC1FF, 0xC1FF, 0xC1FF, 
  0xC1FF, 0xC1FF, 0xC1FF, 0xC1FF, 0xC1FF, 0xC1FF, 0xC1FF, 0xC1FF, 0xC1FF, 0xC1FF, 0xC1FF, 0xC1FF, 0xC0FF, 0xC0FF, 0xC0FF, 0xC1FF, 
  0x04FF, 0xE0FF, 0xC0FF, 0xC0FF, 0xC0FF, 0xC1FF, 0xC1FF, 0xC1FF, 0xC1FF, 0xC1FF, 0xC1FF, 0xC1FF, 0xC1FF, 0xC1FF, 0xC1FF, 0xC1FF, 
  0xC1FF, 0xC1FF, 0xC1FF, 0xC1FF, 0xC1FF, 0xC1FF, 0xC1FF, 0xC1FF, 0xC1FF, 0xC1FF, 0xC1FF, 0xC1FF, 0xC1FF, 0xC1FF, 0xC1FF, 0xC1FF, 
  0xC1FF, 0xC1FF, 0xC1FF, 0xC1FF, 0xC1FF, 0xC1FF, 0xC1FF, 0xC1FF, 0xC1FF, 0xC1FF, 0xC1FF, 0xC1FF, 0xC1FF, 0xC1FF, 0xC1FF, 0xC1FF, 
  0xC1FF, 0xC1FF, 0xC1FF, 0xC1FF, 0xC1FF, 0xC1FF, 0xC1FF, 0xC1FF, 0xC1FF, 0xC1FF, 0xC1FF, 0xC1FF, 0xC1FF, 0xC1FF, 0xC1FF, 0xC1FF, 
  0xC1FF, 0xC1FF, 0xC1FF, 0xC0FF, 0xC1FF, 0x8AEE, 0xF7F5, 0x4CF3, 0x2BFB, 0x6CFB, 0xEFFC, 0x50FD, 0xECBB, 0xA862, 0xC962, 0x6B73, 
  0xC76A, 0xEEEC, 0x2FFD, 0x2EFC, 0x2CF3, 0x0CF3, 0x2BF3, 0x4EFC, 0x30FD, 0x4CC4, 0x8762, 0x6952, 0xC95A, 0x296B, 0x2973, 0xC962, 
  0xE962, 0x885A, 0x885A, 0xA95A, 0x885A, 0x6752, 0x296B, 0x8A73, 0xE862, 0x6752, 0x4852, 0x284A, 0x274A, 0x0963, 0x2A6B, 0x2A6B, 
  0x0963, 0x8852, 0x2A6B, 0x097B, 0x4DEC, 0x70EC, 0xDDFF, 0x33F5, 0x0BF3, 0xAEFC, 0xEBB3, 0x8752, 0xA85A, 0xE962, 0xC962, 0xA952, 
  0xC962, 0x6752, 0x6852, 0x8852, 0xC962, 0x2A73, 0x6A73, 0xC862, 0x6952, 0x484A, 0x0742, 0x0742, 0x8952, 0x494A, 0x0742, 0x484A, 
  0x284A, 0xC739, 0x2842, 0x484A, 0x6852, 0x484A, 0x694A, 0x6952, 0x0742, 0xE741, 0x484A, 0x0742, 0x084A, 0x284A, 0x6852, 0x8852, 
  0xAB7B, 0xC862, 0x464A, 0x484A, 0x284A, 0x6852, 0x8952, 0x6852, 0x484A, 0x2A6B, 0xE962, 0xE862, 0x2973, 0x6B7B, 0x6B7B, 0x2752, 
  0x674A, 0xCCA3, 0x30FD, 0x4BF3, 0x0BFB, 0x4BFB, 0xEFFC, 0x0FFD, 0xEDFB, 0xEAF2, 0x72F4, 0xD1ED, 0x43F7, 0xE1FF, 0xC0FF, 0xE0FF, 
  0xC1FF, 0xC1FF, 0xC1FF, 0xC1FF, 0xC1FF, 0xC1FF, 0xC1FF, 0xC1FF, 0xC1FF, 0xC1FF, 0xC1FF, 0xC1FF, 0xC1FF, 0xC1FF, 0xC1FF, 0xC1FF, 
  0xC1FF, 0xC1FF, 0xC1FF, 0xC1FF, 0xC1FF, 0xC1FF, 0xC1FF, 0xC1FF, 0xC1FF, 0xC1FF, 0xC1FF, 0xC1FF, 0xC1FF, 0xC1FF, 0xC1FF, 0xC1FF, 
  0xC1FF, 0xC1FF, 0xC1FF, 0xC1FF, 0xC1FF, 0xC1FF, 0xC1FF, 0xC1FF, 0xC1FF, 0xC1FF, 0xC1FF, 0xC1FF, 0xC0FF, 0xC0FF, 0xC0FF, 0xC1FF, 
  0x04FF, 0xE0FF, 0xC0FF, 0xC0FF, 0xC0FF, 0xC1FF, 0xC1FF, 0xC1FF, 0xC1FF, 0xC1FF, 0xC1FF, 0xC1FF, 0xC1FF, 0xC1FF, 0xC1FF, 0xC1FF, 
  0xC1FF, 0xC1FF, 0xC1FF, 0xC1FF, 0xC1FF, 0xC1FF, 0xC1FF, 0xC1FF, 0xC1FF, 0xC1FF, 0xC1FF, 0xC1FF, 0xC1FF, 0xC1FF, 0xC1FF, 0xC1FF, 
  0xC1FF, 0xC1FF, 0xC1FF, 0xC1FF, 0xC1FF, 0xC1FF, 0xC1FF, 0xC1FF, 0xC1FF, 0xC1FF, 0xC1FF, 0xC1FF, 0xC1FF, 0xC1FF, 0xC1FF, 0xC1FF, 
  0xC1FF, 0xC1FF, 0xC1FF, 0xC1FF, 0xC1FF, 0xC1FF, 0xC1FF, 0xC1FF, 0xC1FF, 0xC1FF, 0xC1FF, 0xC1FF, 0xC1FF, 0xC1FF, 0xC1FF, 0xC1FF, 
  0xC1FF, 0xC1FF, 0xC1FF, 0xE0FF, 0x43FF, 0x72EE, 0xD4F4, 0xCAFA, 0x0BFB, 0x2DFC, 0x30FD, 0x0FF5, 0xA76A, 0xA85A, 0xC862, 0x885A, 
  0x474A, 0x297B, 0x30FD, 0x30FD, 0x6EFC, 0x2DFC, 0xEEFC, 0x50FD, 0x0BBC, 0x8762, 0x8852, 0x8952, 0x4852, 0xC962, 0xC85A, 0x6852, 
  0xE962, 0xA85A, 0x0963, 0xE962, 0x2A6B, 0x2A6B, 0x6752, 0xC85A, 0xC85A, 0xA85A, 0x8952, 0xA952, 0x8852, 0xC962, 0x8752, 0xA75A, 
  0xA85A, 0xC85A, 0xE862, 0x0983, 0xCFEC, 0x8CF3, 0xB1F4, 0x2BF3, 0x4BFB, 0x0FFD, 0x6993, 0x4A6B, 0x4A73, 0x0963, 0x8952, 0x6852, 
  0xC95A, 0xA95A, 0x8852, 0xCA5A, 0x6852, 0x4852, 0x6752, 0x296B, 0xEA62, 0x274A, 0x274A, 0x484A, 0x2742, 0x494A, 0x6952, 0x484A, 
  0x484A, 0x484A, 0x484A, 0x484A, 0x274A, 0xC739, 0x0742, 0xA95A, 0x8952, 0x8852, 0x2B6B, 0x6852, 0x6852, 0x8952, 0x6852, 0x684A, 
  0xC95A, 0x895A, 0x8852, 0x6952, 0x284A, 0x8952, 0x6B73, 0xC962, 0xC641, 0x284A, 0x296B, 0x4A73, 0xC962, 0xA862, 0x0742, 0x0742, 
  0x274A, 0x485A, 0xCEE4, 0x6FFC, 0xEAFA, 0x2BFB, 0xAEFC, 0x2FFD, 0xCFFC, 0x4BFB, 0x6EF3, 0x37F6, 0x88F6, 0xE0FF, 0xA0FF, 0xC0FF, 
  0xC0FF, 0xC1FF, 0xC1FF, 0xC1FF, 0xC1FF, 0xC1FF, 0xC1FF, 0xC1FF, 0xC1FF, 0xC1FF, 0xC1FF, 0xC1FF, 0xC1FF, 0xC1FF, 0xC1FF, 0xC1FF, 
  0xC1FF, 0xC1FF, 0xC1FF, 0xC1FF, 0xC1FF, 0xC1FF, 0xC1FF, 0xC1FF, 0xC1FF, 0xC1FF, 0xC1FF, 0xC1FF, 0xC1FF, 0xC1FF, 0xC1FF, 0xC1FF, 
  0xC1FF, 0xC1FF, 0xC1FF, 0xC1FF, 0xC1FF, 0xC1FF, 0xC1FF, 0xC1FF, 0xC1FF, 0xC1FF, 0xC1FF, 0xC1FF, 0xC0FF, 0xC0FF, 0xC0FF, 0xC1FF, 
  0x04FF, 0xE0FF, 0xC0FF, 0xC0FF, 0xC0FF, 0xC1FF, 0xC1FF, 0xC1FF, 0xC1FF, 0xC1FF, 0xC1FF, 0xC1FF, 0xC1FF, 0xC1FF, 0xC1FF, 0xC1FF, 
  0xC1FF, 0xC1FF, 0xC1FF, 0xC1FF, 0xC1FF, 0xC1FF, 0xC1FF, 0xC1FF, 0xC1FF, 0xC1FF, 0xC1FF, 0xC1FF, 0xC1FF, 0xC1FF, 0xC1FF, 0xC1FF, 
  0xC1FF, 0xC1FF, 0xC1FF, 0xC1FF, 0xC1FF, 0xC1FF, 0xC1FF, 0xC1FF, 0xC1FF, 0xC1FF, 0xC1FF, 0xC1FF, 0xC1FF, 0xC1FF, 0xC1FF, 0xC1FF, 
  0xC1FF, 0xC1FF, 0xC1FF, 0xC1FF, 0xC1FF, 0xC1FF, 0xC1FF, 0xC1FF, 0xC1FF, 0xC1FF, 0xC1FF, 0xC1FF, 0xC1FF, 0xC1FF, 0xC1FF, 0xC1FF, 
  0xC1FF, 0xC1FF, 0xA1FF, 0xE0FF, 0xA7F6, 0x17F6, 0x6EF3, 0x0AFB, 0x4BFB, 0xEEFC, 0x50FD, 0x4CC4, 0xC862, 0xE962, 0x8A7B, 0xE962, 
  0x494A, 0xC739, 0x8982, 0xCEDC, 0x2FF5, 0x0FFD, 0xADE4, 0x8AA3, 0x4B9C, 0x4973, 0xC95A, 0x474A, 0xA962, 0xC962, 0xA85A, 0x8852, 
  0xA95A, 0xC962, 0x885A, 0xC962, 0x0A63, 0x8852, 0x8952, 0x074A, 0x8852, 0xC95A, 0x8852, 0x6752, 0xA85A, 0xA95A, 0xC95A, 0xC962, 
  0x6A73, 0x8A7B, 0x0863, 0x497B, 0xEFF4, 0xACFB, 0xCBFA, 0x0AFB, 0x0CFC, 0xCFE4, 0xE872, 0x0A63, 0x0963, 0x885A, 0x4752, 0x6752, 
  0xC95A, 0x895A, 0x6852, 0xA95A, 0x484A, 0x8952, 0x274A, 0x6752, 0xEB83, 0xA85A, 0x6952, 0x684A, 0xA95A, 0x6852, 0x274A, 0x684A, 
  0xC95A, 0x6B73, 0x674A, 0x6852, 0x895A, 0x6952, 0x484A, 0x8852, 0xA95A, 0x8852, 0xC95A, 0x274A, 0x674A, 0x8852, 0x484A, 0x6952, 
  0x6852, 0xA85A, 0xE862, 0xC95A, 0x4852, 0xE862, 0x086B, 0x2973, 0x895A, 0x484A, 0x474A, 0xA85A, 0x6852, 0x0742, 0x484A, 0x2842, 
  0xE849, 0x8639, 0x6B93, 0x50FD, 0x4BFB, 0x0BFB, 0x4DFC, 0x0FFD, 0x2FFD, 0x2DFC, 0xC9F2, 0xF7F5, 0x2FEE, 0x81FF, 0xC2FF, 0xC1FF, 
  0xC0FF, 0xC1FF, 0xC1FF, 0xC1FF, 0xC1FF, 0xC1FF, 0xC1FF, 0xC1FF, 0xC1FF, 0xC1FF, 0xC1FF, 0xC1FF, 0xC1FF, 0xC1FF, 0xC1FF, 0xC1FF, 
  0xC1FF, 0xC1FF, 0xC1FF, 0xC1FF, 0xC1FF, 0xC1FF, 0xC1FF, 0xC1FF, 0xC1FF, 0xC1FF, 0xC1FF, 0xC1FF, 0xC1FF, 0xC1FF, 0xC1FF, 0xC1FF, 
  0xC1FF, 0xC1FF, 0xC1FF, 0xC1FF, 0xC1FF, 0xC1FF, 0xC1FF, 0xC1FF, 0xC1FF, 0xC1FF, 0xC1FF, 0xC1FF, 0xC0FF, 0xC0FF, 0xC0FF, 0xC1FF, 
  0x04FF, 0xE0FF, 0xC0FF, 0xC0FF, 0xC0FF, 0xC1FF, 0xC1FF, 0xC1FF, 0xC1FF, 0xC1FF, 0xC1FF, 0xC1FF, 0xC1FF, 0xC1FF, 0xC1FF, 0xC1FF, 
  0xC1FF, 0xC1FF, 0xC1FF, 0xC1FF, 0xC1FF, 0xC1FF, 0xC1FF, 0xC1FF, 0xC1FF, 0xC1FF, 0xC1FF, 0xC1FF, 0xC1FF, 0xC1FF, 0xC1FF, 0xC1FF, 
  0xC1FF, 0xC1FF, 0xC1FF, 0xC1FF, 0xC1FF, 0xC1FF, 0xC1FF, 0xC1FF, 0xC1FF, 0xC1FF, 0xC1FF, 0xC1FF, 0xC1FF, 0xC1FF, 0xC1FF, 0xC1FF, 
  0xC1FF, 0xC1FF, 0xC1FF, 0xC1FF, 0xC1FF, 0xC1FF, 0xC1FF, 0xC1FF, 0xC1FF, 0xC1FF, 0xC1FF, 0xC1FF, 0xC1FF, 0xC1FF, 0xC1FF, 0xC1FF, 
  0xC1FF, 0xC1FF, 0xC1FF, 0xA2FF, 0xAEEE, 0x35F5, 0xEBF2, 0x2AFB, 0x0DFC, 0x0EFD, 0x2FFD, 0x4A8B, 0x0A63, 0x2A6B, 0xAA7B, 0xE862, 
  0x6852, 0xAA5A, 0x885A, 0x8662, 0x0AA4, 0x4A8B, 0xA762, 0x6752, 0x2B7B, 0xE96A, 0xA95A, 0xA85A, 0xA95A, 0x8852, 0x6852, 0x0A63, 
  0x274A, 0xCA62, 0x6852, 0x274A, 0x0742, 0x0742, 0x484A, 0xEA62, 0x0963, 0xC962, 0x0A63, 0xA85A, 0x8852, 0x0642, 0x6752, 0x8B7B, 
  0xC862, 0x4973, 0x4A6B, 0xA862, 0xAEE4, 0x6EFC, 0x0BF3, 0x6BF3, 0x0FFD, 0xECAB, 0x474A, 0x6752, 0x4852, 0xA85A, 0x6B7B, 0x0A73, 
  0x274A, 0x6952, 0x484A, 0x6752, 0xC85A, 0x0963, 0xA95A, 0x274A, 0x2A6B, 0x895A, 0x484A, 0x6952, 0x8952, 0xC95A, 0xEA62, 0x8952, 
  0xE641, 0x6852, 0x274A, 0x8852, 0x2B6B, 0x6852, 0x284A, 0x484A, 0x684A, 0x274A, 0x484A, 0x8952, 0x484A, 0x0842, 0x8952, 0x6952, 
  0x6752, 0x8B7B, 0xC862, 0x4A73, 0x296B, 0xA85A, 0x8752, 0x6A73, 0xC95A, 0x6852, 0x074A, 0x6952, 0xAA5A, 0x694A, 0x8852, 0xA95A, 
  0x694A, 0x0842, 0x264A, 0xADDC, 0x2DFC, 0xEBF2, 0xADFB, 0x2FFD, 0x2EFD, 0xCFFC, 0x0AF3, 0x92F4, 0xB8F6, 0xA6F6, 0xE1FF, 0xC1FF, 
  0xC1FF, 0xC1FF, 0xC1FF, 0xC1FF, 0xC1FF, 0xC1FF, 0xC1FF, 0xC1FF, 0xC1FF, 0xC1FF, 0xC1FF, 0xC1FF, 0xC1FF, 0xC1FF, 0xC1FF, 0xC1FF, 
  0xC1FF, 0xC1FF, 0xC1FF, 0xC1FF, 0xC1FF, 0xC1FF, 0xC1FF, 0xC1FF, 0xC1FF, 0xC1FF, 0xC1FF, 0xC1FF, 0xC1FF, 0xC1FF, 0xC1FF, 0xC1FF, 
  0xC1FF, 0xC1FF, 0xC1FF, 0xC1FF, 0xC1FF, 0xC1FF, 0xC1FF, 0xC1FF, 0xC1FF, 0xC1FF, 0xC1FF, 0xC1FF, 0xC0FF, 0xC0FF, 0xC0FF, 0xC1FF, 
  0x04FF, 0xE0FF, 0xC0FF, 0xC0FF, 0xC0FF, 0xC1FF, 0xC1FF, 0xC1FF, 0xC1FF, 0xC1FF, 0xC1FF, 0xC1FF, 0xC1FF, 0xC1FF, 0xC1FF, 0xC1FF, 
  0xC1FF, 0xC1FF, 0xC1FF, 0xC1FF, 0xC1FF, 0xC1FF, 0xC1FF, 0xC1FF, 0xC1FF, 0xC1FF, 0xC1FF, 0xC1FF, 0xC1FF, 0xC1FF, 0xC1FF, 0xC1FF, 
  0xC1FF, 0xC1FF, 0xC1FF, 0xC1FF, 0xC1FF, 0xC1FF, 0xC1FF, 0xC1FF, 0xC1FF, 0xC1FF, 0xC1FF, 0xC1FF, 0xC1FF, 0xC1FF, 0xC1FF, 0xC1FF, 
  0xC1FF, 0xC1FF, 0xC1FF, 0xC1FF, 0xC1FF, 0xC1FF, 0xC1FF, 0xC1FF, 0xC1FF, 0xC1FF, 0xC1FF, 0xC1FF, 0xC1FF, 0xC1FF, 0xC1FF, 0xC0FF, 
  0xC0FF, 0xC1FF, 0xE0FF, 0x25F7, 0x96F6, 0x10F4, 0xEAFA, 0xACF3, 0xEFFC, 0x0EFD, 0xEEEC, 0x886A, 0xA85A, 0x8752, 0x696B, 0x096B, 
  0xA95A, 0xC852, 0xA852, 0x8952, 0x0963, 0x0A63, 0x096B, 0xE85A, 0xE962, 0x096B, 0x6852, 0x6852, 0x684A, 0xC95A, 0x885A, 0xA752, 
  0x0963, 0x0863, 0xE962, 0x0963, 0xAA73, 0xE862, 0xE85A, 0x296B, 0xE862, 0xE862, 0x4A6B, 0x2A6B, 0x6852, 0x8952, 0xC962, 0xC862, 
  0x6A7B, 0xEB8B, 0x885A, 0x485A, 0x6DD4, 0x2FFD, 0xCCEB, 0x8FFC, 0xEEEC, 0x876A, 0xA952, 0xA85A, 0xA962, 0xC85A, 0x8A83, 0xA862, 
  0x6852, 0x484A, 0x684A, 0x096B, 0x2A6B, 0x895A, 0xEA62, 0x885A, 0x484A, 0x0642, 0x0742, 0x2842, 0xE641, 0x6852, 0x6852, 0x2742, 
  0x0742, 0x0842, 0x2842, 0x8852, 0x274A, 0x6852, 0x0842, 0x0842, 0x0842, 0x484A, 0x284A, 0x0842, 0x8952, 0x284A, 0xA952, 0x8852, 
  0x2A6B, 0x0A6B, 0x885A, 0x2A6B, 0xE962, 0xA95A, 0x6852, 0x8852, 0xC85A, 0x885A, 0xC962, 0x4852, 0xE739, 0x484A, 0x284A, 0xA95A, 
  0x895A, 0x474A, 0xA85A, 0x6EC4, 0xCFFC, 0x0BFB, 0x2CFB, 0xEFFC, 0x2EFD, 0x0FFD, 0xCDFB, 0x6CEB, 0x9BF6, 0x4CEE, 0xC0FF, 0xC0FF, 
  0xC1FF, 0xC1FF, 0xC1FF, 0xC1FF, 0xC1FF, 0xC1FF, 0xC1FF, 0xC1FF, 0xC1FF, 0xC1FF, 0xC1FF, 0xC1FF, 0xC1FF, 0xC1FF, 0xC1FF, 0xC1FF, 
  0xC1FF, 0xC1FF, 0xC1FF, 0xC1FF, 0xC1FF, 0xC1FF, 0xC1FF, 0xC1FF, 0xC1FF, 0xC1FF, 0xC1FF, 0xC1FF, 0xC1FF, 0xC1FF, 0xC1FF, 0xC1FF, 
  0xC1FF, 0xC1FF, 0xC1FF, 0xC1FF, 0xC1FF, 0xC1FF, 0xC1FF, 0xC1FF, 0xC1FF, 0xC1FF, 0xC1FF, 0xC1FF, 0xC0FF, 0xC0FF, 0xC0FF, 0xC1FF, 
  0x04FF, 0xE0FF, 0xC0FF, 0xC0FF, 0xC0FF, 0xC1FF, 0xC1FF, 0xC1FF, 0xC1FF, 0xC1FF, 0xC1FF, 0xC1FF, 0xC1FF, 0xC1FF, 0xC1FF, 0xC1FF, 
  0xC1FF, 0xC1FF, 0xC1FF, 0xC1FF, 0xC1FF, 0xC1FF, 0xC1FF, 0xC1FF, 0xC1FF, 0xC1FF, 0xC1FF, 0xC1FF, 0xC1FF, 0xC1FF, 0xC1FF, 0xC1FF, 
  0xC1FF, 0xC1FF, 0xC1FF, 0xC1FF, 0xC1FF, 0xC1FF, 0xC1FF, 0xC1FF, 0xC1FF, 0xC1FF, 0xC1FF, 0xC1FF, 0xC1FF, 0xC1FF, 0xC1FF, 0xC1FF, 
  0xC1FF, 0xC1FF, 0xC1FF, 0xC1FF, 0xC1FF, 0xC1FF, 0xC1FF, 0xC1FF, 0xC1FF, 0xC1FF, 0xC1FF, 0xC1FF, 0xC0FF, 0xC1FF, 0xC1FF, 0xC0FF, 
  0xC0FF, 0xC1FF, 0xC1FF, 0xCAEE, 0xF7F5, 0x2CEB, 0x2BFB, 0xCEFC, 0x0FFD, 0x2FFD, 0x4CC4, 0xA862, 0xE96A, 0xC85A, 0xE95A, 0x6852, 
  0x074A, 0x6852, 0x684A, 0x6852, 0x8852, 0x8952, 0x6852, 0xE962, 0x0963, 0x885A, 0xA85A, 0x0963, 0x0963, 0xC95A, 0x096B, 0x096B, 
  0x6A7B, 0x096B, 0xA95A, 0x2A6B, 0x6A73, 0x286B, 0xAA7B, 0x6852, 0x885A, 0x296B, 0x0963, 0xA95A, 0x6752, 0x0A6B, 0x2A6B, 0xE962, 
  0x4A73, 0x2A6B, 0xA852, 0x6762, 0x6CDC, 0x0FFD, 0x30FD, 0x0FFD, 0x4A93, 0x4852, 0xE962, 0x496B, 0x4A73, 0x8852, 0xA852, 0x8852, 
  0x0742, 0x895A, 0x6852, 0x8952, 0x274A, 0x484A, 0xA95A, 0x4852, 0xA95A, 0x274A, 0x0742, 0x8852, 0xA95A, 0x8752, 0xA95A, 0xC95A, 
  0x684A, 0x284A, 0xE739, 0x2742, 0xE841, 0x0842, 0xE741, 0x0742, 0x694A, 0x284A, 0x0742, 0x6852, 0x484A, 0x2842, 0x284A, 0x0742, 
  0x474A, 0xA85A, 0x8852, 0x684A, 0x0742, 0xE739, 0xAA5A, 0xE962, 0xC85A, 0xA85A, 0xE962, 0xA85A, 0xC95A, 0x484A, 0x084A, 0x484A, 
  0x6752, 0xA95A, 0x684A, 0x298B, 0x30FD, 0x8CFB, 0x0BF3, 0x6EFC, 0x2FFD, 0xEFFC, 0xAEFC, 0x0AEB, 0xD8F5, 0x52EE, 0x42FF, 0xE1FF, 
  0xC1FF, 0xC1FF, 0xC1FF, 0xC1FF, 0xC1FF, 0xC1FF, 0xC1FF, 0xC1FF, 0xC1FF, 0xC1FF, 0xC1FF, 0xC1FF, 0xC1FF, 0xC1FF, 0xC1FF, 0xC1FF, 
  0xC1FF, 0xC1FF, 0xC1FF, 0xC1FF, 0xC1FF, 0xC1FF, 0xC1FF, 0xC1FF, 0xC1FF, 0xC1FF, 0xC1FF, 0xC1FF, 0xC1FF, 0xC1FF, 0xC1FF, 0xC1FF, 
  0xC1FF, 0xC1FF, 0xC1FF, 0xC1FF, 0xC1FF, 0xC1FF, 0xC1FF, 0xC1FF, 0xC1FF, 0xC1FF, 0xC1FF, 0xC1FF, 0xC0FF, 0xC0FF, 0xC0FF, 0xC1FF, 
  0x04FF, 0xE0FF, 0xC0FF, 0xC0FF, 0xC0FF, 0xC1FF, 0xC1FF, 0xC1FF, 0xC1FF, 0xC1FF, 0xC1FF, 0xC1FF, 0xC1FF, 0xC1FF, 0xC1FF, 0xC1FF, 
  0xC1FF, 0xC1FF, 0xC1FF, 0xC1FF, 0xC1FF, 0xC1FF, 0xC1FF, 0xC1FF, 0xC1FF, 0xC1FF, 0xC1FF, 0xC1FF, 0xC1FF, 0xC1FF, 0xC1FF, 0xC1FF, 
  0xC1FF, 0xC1FF, 0xC1FF, 0xC1FF, 0xC1FF, 0xC1FF, 0xC1FF, 0xC1FF, 0xC1FF, 0xC1FF, 0xC1FF, 0xC1FF, 0xC1FF, 0xC1FF, 0xC1FF, 0xC1FF, 
  0xC1FF, 0xC1FF, 0xC1FF, 0xC1FF, 0xC1FF, 0xC1FF, 0xC1FF, 0xC1FF, 0xC1FF, 0xC1FF, 0xC1FF, 0xC1FF, 0xC0FF, 0xC1FF, 0xC1FF, 0xC1FF, 
  0xC0FF, 0xE0FF, 0x81FF, 0x92EE, 0x33ED, 0xABF3, 0x4EF4, 0x0FFD, 0xEEFC, 0x50FD, 0xAC9B, 0xE631, 0xE95A, 0x8973, 0xE862, 0x6852, 
  0x6852, 0xC962, 0xE96A, 0xC85A, 0x6A6B, 0xA852, 0xC85A, 0x0963, 0x4A6B, 0x4A73, 0xCA62, 0x2963, 0xC95A, 0x695A, 0xAA83, 0x8A83, 
  0xA962, 0xC95A, 0xC85A, 0xA95A, 0xA95A, 0xE962, 0xE962, 0x4852, 0xA95A, 0x0963, 0xA85A, 0x6852, 0xC85A, 0xE862, 0xE862, 0x6752, 
  0xA95A, 0x895A, 0x8852, 0xAB93, 0x70FD, 0x4FFD, 0xEEDC, 0x288B, 0x064A, 0x484A, 0x8752, 0x6973, 0xC862, 0x296B, 0x0A63, 0x8952, 
  0x8852, 0x8852, 0x484A, 0xA639, 0xCA5A, 0xC95A, 0x484A, 0x6852, 0x4852, 0x6852, 0xC95A, 0x8852, 0x6852, 0xA95A, 0x8952, 0x484A, 
  0x084A, 0x284A, 0x284A, 0x6852, 0x4952, 0x274A, 0xA85A, 0xC95A, 0xA95A, 0x0642, 0x8952, 0x6852, 0x6852, 0x0742, 0xE841, 0x0842, 
  0x6852, 0x6852, 0x284A, 0x2842, 0x484A, 0x284A, 0x8952, 0x8852, 0x885A, 0x0A63, 0x8852, 0x4752, 0xC962, 0x8852, 0x074A, 0xA852, 
  0x0963, 0x284A, 0x874A, 0xC772, 0xEFEC, 0x2DFC, 0x0BF3, 0xACFB, 0x0FFD, 0x0EFD, 0x2FFD, 0x6CFB, 0xB2F4, 0x98F6, 0xA5F6, 0xE1FF, 
  0xC0FF, 0xC1FF, 0xC1FF, 0xC1FF, 0xC1FF, 0xC1FF, 0xC1FF, 0xC1FF, 0xC1FF, 0xC1FF, 0xC1FF, 0xC1FF, 0xC1FF, 0xC1FF, 0xC1FF, 0xC1FF, 
  0xC1FF, 0xC1FF, 0xC1FF, 0xC1FF, 0xC1FF, 0xC1FF, 0xC1FF, 0xC1FF, 0xC1FF, 0xC1FF, 0xC1FF, 0xC1FF, 0xC1FF, 0xC1FF, 0xC1FF, 0xC1FF, 
  0xC1FF, 0xC1FF, 0xC1FF, 0xC1FF, 0xC1FF, 0xC1FF, 0xC1FF, 0xC1FF, 0xC1FF, 0xC1FF, 0xC1FF, 0xC1FF, 0xC0FF, 0xC0FF, 0xC0FF, 0xC1FF, 
  0x04FF, 0xE0FF, 0xC0FF, 0xC0FF, 0xC0FF, 0xC1FF, 0xC1FF, 0xC1FF, 0xC1FF, 0xC1FF, 0xC1FF, 0xC1FF, 0xC1FF, 0xC1FF, 0xC1FF, 0xC1FF, 
  0xC1FF, 0xC1FF, 0xC1FF, 0xC1FF, 0xC1FF, 0xC1FF, 0xC1FF, 0xC1FF, 0xC1FF, 0xC1FF, 0xC1FF, 0xC1FF, 0xC1FF, 0xC1FF, 0xC1FF, 0xC1FF, 
  0xC1FF, 0xC1FF, 0xC1FF, 0xC1FF, 0xC1FF, 0xC1FF, 0xC1FF, 0xC1FF, 0xC1FF, 0xC1FF, 0xC1FF, 0xC1FF, 0xC1FF, 0xC1FF, 0xC1FF, 0xC1FF, 
  0xC1FF, 0xC1FF, 0xC1FF, 0xC1FF, 0xC1FF, 0xC1FF, 0xC1FF, 0xC1FF, 0xC1FF, 0xC1FF, 0xC1FF, 0xC1FF, 0xC0FF, 0xC1FF, 0xC1FF, 0xC1FF, 
  0xC0FF, 0xE0FF, 0x06F7, 0x37F6, 0x6FEC, 0xCDFC, 0xEFFC, 0x0FFD, 0xEFFC, 0x2FFD, 0x0CC4, 0xC872, 0xA762, 0xA85A, 0xC85A, 0x674A, 
  0x884A, 0xA952, 0x6852, 0x8852, 0x0963, 0xC85A, 0xA85A, 0xE862, 0x296B, 0x086B, 0xC85A, 0x895A, 0x6852, 0x685A, 0x8762, 0x487B, 
  0x4A73, 0x2A6B, 0xC85A, 0xC95A, 0x8852, 0x274A, 0x8852, 0x284A, 0x6952, 0x0A63, 0x484A, 0x8852, 0xA95A, 0x6852, 0x2A6B, 0x0963, 
  0x2A6B, 0x8852, 0x074A, 0x0A7B, 0x6A93, 0x8A8B, 0xA862, 0xA852, 0x4A6B, 0xC95A, 0x484A, 0x474A, 0x875A, 0xCB8B, 0xC862, 0x8852, 
  0x4A6B, 0xE85A, 0xE962, 0xCA5A, 0x8852, 0x474A, 0x484A, 0x284A, 0x0742, 0xA95A, 0xA952, 0xC95A, 0xE741, 0x0742, 0x0842, 0xE741, 
  0x484A, 0xC962, 0xE862, 0x8852, 0x694A, 0xA852, 0xA85A, 0x8852, 0x274A, 0x0742, 0x8A52, 0x0842, 0x484A, 0x6852, 0x284A, 0xE739, 
  0x494A, 0x4852, 0x2742, 0x484A, 0x8952, 0x6852, 0x0642, 0xA95A, 0xA95A, 0x8952, 0x4852, 0x2A6B, 0x4752, 0xE962, 0xC95A, 0xE962, 
  0xE862, 0x4852, 0x0A63, 0xC862, 0x6DD4, 0xAEFC, 0x2BF3, 0x2BFB, 0xCEFC, 0x2FFD, 0x0FFD, 0x4EFC, 0x6CEB, 0x59F6, 0x2AE6, 0xC1FF, 
  0xC0FF, 0xC1FF, 0xC1FF, 0xC1FF, 0xC1FF, 0xC1FF, 0xC1FF, 0xC1FF, 0xC1FF, 0xC1FF, 0xC1FF, 0xC1FF, 0xC1FF, 0xC1FF, 0xC1FF, 0xC1FF, 
  0xC1FF, 0xC1FF, 0xC1FF, 0xC1FF, 0xC1FF, 0xC1FF, 0xC1FF, 0xC1FF, 0xC1FF, 0xC1FF, 0xC1FF, 0xC1FF, 0xC1FF, 0xC1FF, 0xC1FF, 0xC1FF, 
  0xC1FF, 0xC1FF, 0xC1FF, 0xC1FF, 0xC1FF, 0xC1FF, 0xC1FF, 0xC1FF, 0xC1FF, 0xC1FF, 0xC1FF, 0xC1FF, 0xC0FF, 0xC0FF, 0xC0FF, 0xC1FF, 
  0x04FF, 0xE0FF, 0xC0FF, 0xC0FF, 0xC0FF, 0xC1FF, 0xC1FF, 0xC1FF, 0xC1FF, 0xC1FF, 0xC1FF, 0xC1FF, 0xC1FF, 0xC1FF, 0xC1FF, 0xC1FF, 
  0xC1FF, 0xC1FF, 0xC1FF, 0xC1FF, 0xC1FF, 0xC1FF, 0xC1FF, 0xC1FF, 0xC1FF, 0xC1FF, 0xC1FF, 0xC1FF, 0xC1FF, 0xC1FF, 0xC1FF, 0xC1FF, 
  0xC1FF, 0xC1FF, 0xC1FF, 0xC1FF, 0xC1FF, 0xC1FF, 0xC1FF, 0xC1FF, 0xC1FF, 0xC1FF, 0xC1FF, 0xC1FF, 0xC1FF, 0xC1FF, 0xC1FF, 0xC1FF, 
  0xC1FF, 0xC1FF, 0xC1FF, 0xC1FF, 0xC1FF, 0xC1FF, 0xC1FF, 0xC1FF, 0xC1FF, 0xC1FF, 0xC1FF, 0xC1FF, 0xC0FF, 0xC1FF, 0xC1FF, 0xC1FF, 
  0xC1FF, 0xC1FF, 0xADF6, 0xD5ED, 0x4DFC, 0x0FFD, 0x0FFD, 0xEEFC, 0xEFFC, 0x0EFD, 0x2FFD, 0x10F5, 0xAEDC, 0xECB3, 0x8AA3, 0xECB3, 
  0x4A8B, 0xA75A, 0x0963, 0x685A, 0x4852, 0x6852, 0x895A, 0xE962, 0xE862, 0xA862, 0x296B, 0x6973, 0x6852, 0x484A, 0x6752, 0x4A73, 
  0x685A, 0xC862, 0xCA83, 0x096B, 0x4852, 0x885A, 0x096B, 0x6852, 0x474A, 0x6852, 0x494A, 0x8952, 0x4852, 0x0642, 0xE962, 0x4B6B, 
  0x8852, 0x4852, 0xA95A, 0x885A, 0x274A, 0x274A, 0x6852, 0xE962, 0xE962, 0xA85A, 0x0A63, 0xA95A, 0x096B, 0xE95A, 0x0742, 0x8952, 
  0xC95A, 0x6752, 0x8852, 0xE741, 0x6952, 0x484A, 0x284A, 0x484A, 0x684A, 0xC85A, 0x484A, 0x484A, 0x084A, 0x6852, 0x284A, 0x8852, 
  0x684A, 0xA85A, 0xC95A, 0x484A, 0x284A, 0x484A, 0x8852, 0xE962, 0x8852, 0x6952, 0xA95A, 0x6952, 0x274A, 0xA952, 0xC95A, 0xC639, 
  0x0842, 0x8952, 0x484A, 0x474A, 0xC95A, 0x8852, 0x0A63, 0xA95A, 0x274A, 0x274A, 0x895A, 0xC962, 0x4752, 0xE962, 0x8852, 0x274A, 
  0xA95A, 0xA95A, 0x494A, 0x2742, 0x0BBC, 0x0FFD, 0x4BF3, 0x0BFB, 0x2EFC, 0x0FFD, 0x0EFD, 0x0EFD, 0x2AF3, 0xB6FD, 0x30F6, 0x81FF, 
  0xC0FF, 0xC1FF, 0xC1FF, 0xC1FF, 0xC1FF, 0xC1FF, 0xC1FF, 0xC1FF, 0xC1FF, 0xC1FF, 0xC1FF, 0xC1FF, 0xC1FF, 0xC1FF, 0xC1FF, 0xC1FF, 
  0xC1FF, 0xC1FF, 0xC1FF, 0xC1FF, 0xC1FF, 0xC1FF, 0xC1FF, 0xC1FF, 0xC1FF, 0xC1FF, 0xC1FF, 0xC1FF, 0xC1FF, 0xC1FF, 0xC1FF, 0xC1FF, 
  0xC1FF, 0xC1FF, 0xC1FF, 0xC1FF, 0xC1FF, 0xC1FF, 0xC1FF, 0xC1FF, 0xC1FF, 0xC1FF, 0xC1FF, 0xC1FF, 0xC0FF, 0xC0FF, 0xC0FF, 0xC1FF, 
  0x04FF, 0xE0FF, 0xC0FF, 0xC0FF, 0xC0FF, 0xC1FF, 0xC1FF, 0xC1FF, 0xC1FF, 0xC1FF, 0xC1FF, 0xC1FF, 0xC1FF, 0xC1FF, 0xC1FF, 0xC1FF, 
  0xC1FF, 0xC1FF, 0xC1FF, 0xC1FF, 0xC1FF, 0xC1FF, 0xC1FF, 0xC1FF, 0xC1FF, 0xC1FF, 0xC1FF, 0xC1FF, 0xC1FF, 0xC1FF, 0xC1FF, 0xC1FF, 
  0xC1FF, 0xC1FF, 0xC1FF, 0xC1FF, 0xC1FF, 0xC1FF, 0xC1FF, 0xC1FF, 0xC1FF, 0xC1FF, 0xC1FF, 0xC1FF, 0xC1FF, 0xC1FF, 0xC1FF, 0xC1FF, 
  0xC1FF, 0xC1FF, 0xC1FF, 0xC1FF, 0xC1FF, 0xC1FF, 0xC1FF, 0xC1FF, 0xC1FF, 0xC1FF, 0xC1FF, 0xC1FF, 0xC1FF, 0xC1FF, 0xC1FF, 0xC0FF, 
  0xC1FF, 0x82FF, 0xB3F6, 0x32ED, 0xCEFC, 0xEFFC, 0x0EFD, 0xCEFC, 0xEFFC, 0x0EFD, 0xEFFC, 0xCFFC, 0x0EFD, 0x2FFD, 0x50FD, 0x4FFD, 
  0x0FFD, 0x8DCC, 0x6983, 0xC862, 0x8852, 0xA85A, 0xE962, 0x6973, 0x8A7B, 0x296B, 0x4A73, 0x6973, 0xC95A, 0x895A, 0xAA73, 0x8A7B, 
  0x296B, 0x2973, 0x8A7B, 0xCB83, 0x286B, 0xC862, 0x4A73, 0xC962, 0x6852, 0x8852, 0xA95A, 0x885A, 0xE962, 0xC95A, 0xC95A, 0xC95A, 
  0xA85A, 0x885A, 0x296B, 0x8A7B, 0x6752, 0x895A, 0x895A, 0xE962, 0x4A73, 0xA85A, 0x484A, 0x8952, 0x296B, 0xE862, 0x274A, 0x484A, 
  0x6952, 0x0742, 0x284A, 0x084A, 0xE741, 0x484A, 0x6952, 0x284A, 0x8952, 0x274A, 0x0742, 0x0842, 0x895A, 0xEA62, 0x274A, 0x684A, 
  0x284A, 0x484A, 0x284A, 0x8952, 0x296B, 0xC962, 0x274A, 0x8852, 0x8852, 0x8852, 0xC95A, 0x885A, 0x274A, 0xA95A, 0xE862, 0x064A, 
  0x2852, 0x684A, 0xA952, 0xEA62, 0x0742, 0x274A, 0x8852, 0x474A, 0x474A, 0x0A6B, 0xC95A, 0x895A, 0x6852, 0x484A, 0x484A, 0xE741, 
  0x684A, 0x6852, 0x084A, 0x0742, 0xEBB3, 0x30FD, 0x6CF3, 0x0BF3, 0x8CF3, 0xEFFC, 0x2FFD, 0x4FFD, 0xABFB, 0x71F4, 0xD2ED, 0x03FF, 
  0xE0FF, 0xC1FF, 0xC1FF, 0xC1FF, 0xC1FF, 0xC1FF, 0xC1FF, 0xC1FF, 0xC1FF, 0xC1FF, 0xC1FF, 0xC1FF, 0xC1FF, 0xC1FF, 0xC1FF, 0xC1FF, 
  0xC1FF, 0xC1FF, 0xC1FF, 0xC1FF, 0xC1FF, 0xC1FF, 0xC1FF, 0xC1FF, 0xC1FF, 0xC1FF, 0xC1FF, 0xC1FF, 0xC1FF, 0xC1FF, 0xC1FF, 0xC1FF, 
  0xC1FF, 0xC1FF, 0xC1FF, 0xC1FF, 0xC1FF, 0xC1FF, 0xC1FF, 0xC1FF, 0xC1FF, 0xC1FF, 0xC1FF, 0xC1FF, 0xC0FF, 0xC0FF, 0xC0FF, 0xC1FF, 
  0x04FF, 0xE0FF, 0xC0FF, 0xC0FF, 0xC0FF, 0xC1FF, 0xC1FF, 0xC1FF, 0xC1FF, 0xC1FF, 0xC1FF, 0xC1FF, 0xC1FF, 0xC1FF, 0xC1FF, 0xC1FF, 
  0xC1FF, 0xC1FF, 0xC1FF, 0xC1FF, 0xC1FF, 0xC1FF, 0xC1FF, 0xC1FF, 0xC1FF, 0xC1FF, 0xC1FF, 0xC1FF, 0xC1FF, 0xC1FF, 0xC1FF, 0xC1FF, 
  0xC1FF, 0xC1FF, 0xC1FF, 0xC1FF, 0xC1FF, 0xC1FF, 0xC1FF, 0xC1FF, 0xC1FF, 0xC1FF, 0xC1FF, 0xC1FF, 0xC1FF, 0xC1FF, 0xC1FF, 0xC1FF, 
  0xC1FF, 0xC1FF, 0xC1FF, 0xC1FF, 0xC1FF, 0xC1FF, 0xC1FF, 0xC1FF, 0xC1FF, 0xC1FF, 0xC1FF, 0xC1FF, 0xC1FF, 0xC1FF, 0xC0FF, 0xC0FF, 
  0xC1FF, 0x85FF, 0x94F6, 0x8FF4, 0x0EFD, 0xCFFC, 0xEEFC, 0x0FFD, 0x0FFD, 0xEEFC, 0xCFFC, 0x10FD, 0x2FFD, 0x0FFD, 0x8EFC, 0x6DFC, 
  0xAEFC, 0x70FD, 0x4DCC, 0xC862, 0x4A63, 0x096B, 0x296B, 0x0863, 0x096B, 0xA85A, 0x296B, 0x8A7B, 0x0963, 0xE962, 0x296B, 0xE96A, 
  0x2A6B, 0x8752, 0x885A, 0xE862, 0x4973, 0x096B, 0x4652, 0xC95A, 0xE962, 0x8752, 0xA85A, 0x4A73, 0xA85A, 0x8852, 0x264A, 0xC85A, 
  0x096B, 0x6973, 0x6A7B, 0x2973, 0xE95A, 0x885A, 0x2A6B, 0x6852, 0xC85A, 0xA852, 0x274A, 0x4952, 0x096B, 0x6A73, 0x2A6B, 0xA85A, 
  0x474A, 0x484A, 0xA95A, 0x8852, 0x6852, 0xE741, 0x684A, 0x284A, 0x494A, 0xC741, 0x294A, 0x6852, 0x6852, 0xC85A, 0xA85A, 0x6852, 
  0x484A, 0x8852, 0x895A, 0xE96A, 0x4B94, 0x2B94, 0x885A, 0x484A, 0x6852, 0x274A, 0x6852, 0x895A, 0x284A, 0x6852, 0x2A73, 0xCD8B, 
  0x695A, 0x2842, 0x6852, 0xC95A, 0x484A, 0x084A, 0x0742, 0x484A, 0xA852, 0x4A6B, 0x6852, 0x4852, 0x284A, 0x8952, 0x284A, 0x895A, 
  0xEA5A, 0xE739, 0x895A, 0x484A, 0x0CB4, 0x50FD, 0xCCEB, 0x70EC, 0x6CF3, 0xCEFC, 0x0FFD, 0x2FFD, 0x2DFC, 0x8DF3, 0xF5F5, 0xC6F6, 
  0xE0FF, 0xC1FF, 0xC1FF, 0xC1FF, 0xC1FF, 0xC1FF, 0xC1FF, 0xC1FF, 0xC1FF, 0xC1FF, 0xC1FF, 0xC1FF, 0xC1FF, 0xC1FF, 0xC1FF, 0xC1FF, 
  0xC1FF, 0xC1FF, 0xC1FF, 0xC1FF, 0xC1FF, 0xC1FF, 0xC1FF, 0xC1FF, 0xC1FF, 0xC1FF, 0xC1FF, 0xC1FF, 0xC1FF, 0xC1FF, 0xC1FF, 0xC1FF, 
  0xC1FF, 0xC1FF, 0xC1FF, 0xC1FF, 0xC1FF, 0xC1FF, 0xC1FF, 0xC1FF, 0xC1FF, 0xC1FF, 0xC1FF, 0xC1FF, 0xC0FF, 0xC0FF, 0xC0FF, 0xC1FF, 
  0x04FF, 0xE0FF, 0xC0FF, 0xC0FF, 0xC0FF, 0xC1FF, 0xC1FF, 0xC1FF, 0xC1FF, 0xC1FF, 0xC1FF, 0xC1FF, 0xC1FF, 0xC1FF, 0xC1FF, 0xC1FF, 
  0xC1FF, 0xC1FF, 0xC1FF, 0xC1FF, 0xC1FF, 0xC1FF, 0xC1FF, 0xC1FF, 0xC1FF, 0xC1FF, 0xC1FF, 0xC1FF, 0xC1FF, 0xC1FF, 0xC1FF, 0xC1FF, 
  0xC1FF, 0xC1FF, 0xC1FF, 0xC1FF, 0xC1FF, 0xC1FF, 0xC1FF, 0xC1FF, 0xC1FF, 0xC1FF, 0xC1FF, 0xC1FF, 0xC1FF, 0xC1FF, 0xC1FF, 0xC1FF, 
  0xC1FF, 0xC1FF, 0xC1FF, 0xC1FF, 0xC1FF, 0xC1FF, 0xC1FF, 0xC1FF, 0xC1FF, 0xC1FF, 0xC1FF, 0xC1FF, 0xC1FF, 0xC1FF, 0xC0FF, 0xE0FF, 
  0xC0FF, 0x0BF7, 0x94ED, 0xAEF4, 0x0FFD, 0xEFFC, 0x0FFD, 0xCEFC, 0xEDFB, 0x0AF3, 0x0BF3, 0xACF3, 0x0DEC, 0x2EEC, 0x91EC, 0xF2F4, 
  0x8FEC, 0x6CF4, 0x30FD, 0xCBA3, 0xC75A, 0x4A73, 0x0963, 0x8752, 0x4852, 0x695A, 0xC862, 0x296B, 0x296B, 0xE862, 0xE962, 0xA85A, 
  0x274A, 0x474A, 0xEA62, 0xE962, 0x096B, 0x8A7B, 0xAA7B, 0xC862, 0xE962, 0x885A, 0x096B, 0x0963, 0xE95A, 0xE962, 0x0863, 0xAA7B, 
  0x4973, 0x496B, 0x6A73, 0x4A6B, 0xE962, 0x474A, 0x0A63, 0xE962, 0xA85A, 0x875A, 0xED8B, 0xA95A, 0x4852, 0x0742, 0x8852, 0x885A, 
  0x895A, 0x284A, 0x484A, 0x474A, 0x684A, 0xE741, 0x8752, 0x4852, 0x6952, 0x484A, 0x484A, 0x484A, 0x284A, 0x474A, 0xA85A, 0xA95A, 
  0xA95A, 0x084A, 0x4852, 0xE962, 0x885A, 0xC862, 0x296B, 0xCA5A, 0x8852, 0xE962, 0x0963, 0xA85A, 0x0742, 0x2742, 0x274A, 0xA95A, 
  0x474A, 0x484A, 0x474A, 0xA952, 0x6852, 0x274A, 0x484A, 0x284A, 0x2842, 0x0742, 0x6852, 0xA952, 0x684A, 0x484A, 0x2842, 0x8852, 
  0x885A, 0x894A, 0xC962, 0xE741, 0x4DC4, 0x4FFD, 0xECE3, 0xBAF6, 0xEFEB, 0x0CFC, 0x50FD, 0x0FFD, 0xCEFC, 0x4BF3, 0x14F5, 0x68F6, 
  0xE0FF, 0xC1FF, 0xC1FF, 0xC1FF, 0xC1FF, 0xC1FF, 0xC1FF, 0xC1FF, 0xC1FF, 0xC1FF, 0xC1FF, 0xC1FF, 0xC1FF, 0xC1FF, 0xC1FF, 0xC1FF, 
  0xC1FF, 0xC1FF, 0xC1FF, 0xC1FF, 0xC1FF, 0xC1FF, 0xC1FF, 0xC1FF, 0xC1FF, 0xC1FF, 0xC1FF, 0xC1FF, 0xC1FF, 0xC1FF, 0xC1FF, 0xC1FF, 
  0xC1FF, 0xC1FF, 0xC1FF, 0xC1FF, 0xC1FF, 0xC1FF, 0xC1FF, 0xC1FF, 0xC1FF, 0xC1FF, 0xC1FF, 0xC1FF, 0xC0FF, 0xC0FF, 0xC0FF, 0xC1FF, 
  0x04FF, 0xE0FF, 0xC0FF, 0xC0FF, 0xC0FF, 0xC1FF, 0xC1FF, 0xC1FF, 0xC1FF, 0xC1FF, 0xC1FF, 0xC1FF, 0xC1FF, 0xC1FF, 0xC1FF, 0xC1FF, 
  0xC1FF, 0xC1FF, 0xC1FF, 0xC1FF, 0xC1FF, 0xC1FF, 0xC1FF, 0xC1FF, 0xC1FF, 0xC1FF, 0xC1FF, 0xC1FF, 0xC1FF, 0xC1FF, 0xC1FF, 0xC1FF, 
  0xC1FF, 0xC1FF, 0xC1FF, 0xC1FF, 0xC1FF, 0xC1FF, 0xC1FF, 0xC1FF, 0xC1FF, 0xC1FF, 0xC1FF, 0xC1FF, 0xC1FF, 0xC1FF, 0xC1FF, 0xC1FF, 
  0xC1FF, 0xC1FF, 0xC1FF, 0xC1FF, 0xC1FF, 0xC1FF, 0xC1FF, 0xC1FF, 0xC1FF, 0xC1FF, 0xC1FF, 0xC1FF, 0xC0FF, 0xC1FF, 0xC1FF, 0xE0FF, 
  0x82FF, 0x90EE, 0xD1F4, 0xCEFC, 0xCEFC, 0xEFFC, 0x8EFC, 0x2BF3, 0x0BEB, 0xB1F4, 0xF6F5, 0x58F6, 0x7AFE, 0x3DFF, 0xFFFF, 0xFFFF, 
  0x7EFF, 0x12E5, 0x4EF4, 0xAEEC, 0xE872, 0x0963, 0x2873, 0xAA83, 0xE96A, 0x0A6B, 0xA95A, 0x8852, 0xA85A, 0x286B, 0xAA7B, 0xAA73, 
  0x6752, 0xE95A, 0xE95A, 0xC85A, 0x4973, 0x6973, 0xAA7B, 0xE862, 0x6852, 0x895A, 0xC962, 0xE862, 0x6852, 0xE962, 0x0A63, 0x8852, 
  0x2A6B, 0x0963, 0x6752, 0xA85A, 0xA95A, 0x6852, 0xC95A, 0x8852, 0x4852, 0x885A, 0x885A, 0xC962, 0x8952, 0x484A, 0xA95A, 0xC962, 
  0x8852, 0xC95A, 0x6852, 0x8852, 0x6852, 0x4752, 0x0A6B, 0xEA62, 0xE741, 0x484A, 0x8952, 0x274A, 0x474A, 0xCA5A, 0x6852, 0x8852, 
  0xA85A, 0x274A, 0xC962, 0x8B7B, 0xC962, 0x885A, 0xC85A, 0x8852, 0x096B, 0x875A, 0x4A73, 0x296B, 0x274A, 0x0842, 0x8952, 0x274A, 
  0x8852, 0x0A6B, 0x474A, 0x6852, 0x8952, 0xC95A, 0xA95A, 0x0742, 0xC95A, 0x8852, 0x474A, 0x8852, 0x6852, 0x484A, 0xE741, 0xE741, 
  0xA952, 0xA85A, 0xA95A, 0x2752, 0x8DDC, 0x0FFD, 0x2EEC, 0xDFFF, 0x75F5, 0x6AF3, 0x10FD, 0x0FFD, 0x0EFD, 0x8CFB, 0xAEEB, 0xA8F5, 
  0xE0FF, 0xC1FF, 0xC1FF, 0xC1FF, 0xC1FF, 0xC1FF, 0xC1FF, 0xC1FF, 0xC1FF, 0xC1FF, 0xC1FF, 0xC1FF, 0xC1FF, 0xC1FF, 0xC1FF, 0xC1FF, 
  0xC1FF, 0xC1FF, 0xC1FF, 0xC1FF, 0xC1FF, 0xC1FF, 0xC1FF, 0xC1FF, 0xC1FF, 0xC1FF, 0xC1FF, 0xC1FF, 0xC1FF, 0xC1FF, 0xC1FF, 0xC1FF, 
  0xC1FF, 0xC1FF, 0xC1FF, 0xC1FF, 0xC1FF, 0xC1FF, 0xC1FF, 0xC1FF, 0xC1FF, 0xC1FF, 0xC1FF, 0xC1FF, 0xC0FF, 0xC0FF, 0xC0FF, 0xC1FF, 
  0x04FF, 0xE0FF, 0xC0FF, 0xC0FF, 0xC0FF, 0xC1FF, 0xC1FF, 0xC1FF, 0xC1FF, 0xC1FF, 0xC1FF, 0xC1FF, 0xC1FF, 0xC1FF, 0xC1FF, 0xC1FF, 
  0xC1FF, 0xC1FF, 0xC1FF, 0xC1FF, 0xC1FF, 0xC1FF, 0xC1FF, 0xC1FF, 0xC1FF, 0xC1FF, 0xC1FF, 0xC1FF, 0xC1FF, 0xC1FF, 0xC1FF, 0xC1FF, 
  0xC1FF, 0xC1FF, 0xC1FF, 0xC1FF, 0xC1FF, 0xC1FF, 0xC1FF, 0xC1FF, 0xC1FF, 0xC1FF, 0xC1FF, 0xC1FF, 0xC1FF, 0xC1FF, 0xC1FF, 0xC1FF, 
  0xC1FF, 0xC1FF, 0xC1FF, 0xC1FF, 0xC1FF, 0xC1FF, 0xC1FF, 0xC1FF, 0xC1FF, 0xC1FF, 0xC1FF, 0xC0FF, 0xC0FF, 0xC1FF, 0xC1FF, 0xE0FF, 
  0x25FF, 0x92ED, 0x6EF4, 0xCEFC, 0xCFFC, 0xEEFC, 0x2BFB, 0x8EEB, 0x9AF6, 0xFFFF, 0xFFFF, 0xFFFF, 0xFFFF, 0xFFFF, 0xFFFF, 0xDFFF, 
  0xFFFF, 0xDEFF, 0x50E4, 0xEFFC, 0xEBAB, 0xE862, 0xCB83, 0x897B, 0xAA83, 0x6973, 0xE862, 0xE962, 0x296B, 0x296B, 0xE962, 0xE962, 
  0xA95A, 0x6852, 0x684A, 0xC95A, 0xC95A, 0xA75A, 0xE96A, 0xC85A, 0x8752, 0x296B, 0xC962, 0x484A, 0x274A, 0x484A, 0x694A, 0x684A, 
  0x484A, 0xC862, 0x885A, 0x885A, 0xEA62, 0xA852, 0x8852, 0x8852, 0x8952, 0x8952, 0x4752, 0x895A, 0x8852, 0x6852, 0x8852, 0xC95A, 
  0x8752, 0xC95A, 0x6852, 0x484A, 0x6B73, 0xE962, 0xA85A, 0x6852, 0xE741, 0x474A, 0x6952, 0x674A, 0x0A63, 0x6952, 0x0742, 0x474A, 
  0xA85A, 0x8852, 0x2A6B, 0x096B, 0x2A6B, 0x274A, 0x6852, 0xE962, 0x2973, 0x096B, 0x2A6B, 0x6852, 0x084A, 0x2842, 0xC639, 0x0742, 
  0x6952, 0x6852, 0x684A, 0x284A, 0x6852, 0xCA62, 0x274A, 0xC95A, 0x8852, 0xC95A, 0x2A6B, 0xE862, 0xA95A, 0x4952, 0xCA62, 0x8952, 
  0x8852, 0x8752, 0xC862, 0x4993, 0x50FD, 0x6EFC, 0xD2F4, 0xFFFF, 0xDAFE, 0x2BF3, 0xAFFC, 0xEEFC, 0x0EFD, 0x0EFC, 0xEBF2, 0x0AF5, 
  0xE2FF, 0xC0FF, 0xC1FF, 0xC1FF, 0xC1FF, 0xC1FF, 0xC1FF, 0xC1FF, 0xC1FF, 0xC1FF, 0xC1FF, 0xC1FF, 0xC1FF, 0xC1FF, 0xC1FF, 0xC1FF, 
  0xC1FF, 0xC1FF, 0xC1FF, 0xC1FF, 0xC1FF, 0xC1FF, 0xC1FF, 0xC1FF, 0xC1FF, 0xC1FF, 0xC1FF, 0xC1FF, 0xC1FF, 0xC1FF, 0xC1FF, 0xC1FF, 
  0xC1FF, 0xC1FF, 0xC1FF, 0xC1FF, 0xC1FF, 0xC1FF, 0xC1FF, 0xC1FF, 0xC1FF, 0xC1FF, 0xC1FF, 0xC1FF, 0xC0FF, 0xC0FF, 0xC0FF, 0xC1FF, 
  0x04FF, 0xE0FF, 0xC0FF, 0xC0FF, 0xC0FF, 0xC1FF, 0xC1FF, 0xC1FF, 0xC1FF, 0xC1FF, 0xC1FF, 0xC1FF, 0xC1FF, 0xC1FF, 0xC1FF, 0xC1FF, 
  0xC1FF, 0xC1FF, 0xC1FF, 0xC1FF, 0xC1FF, 0xC1FF, 0xC1FF, 0xC1FF, 0xC1FF, 0xC1FF, 0xC1FF, 0xC1FF, 0xC1FF, 0xC1FF, 0xC1FF, 0xC1FF, 
  0xC1FF, 0xC1FF, 0xC1FF, 0xC1FF, 0xC1FF, 0xC1FF, 0xC1FF, 0xC1FF, 0xC1FF, 0xC1FF, 0xC1FF, 0xC1FF, 0xC1FF, 0xC1FF, 0xC1FF, 0xC1FF, 
  0xC1FF, 0xC1FF, 0xC1FF, 0xC1FF, 0xC1FF, 0xC1FF, 0xC1FF, 0xC1FF, 0xC1FF, 0xC1FF, 0xC1FF, 0xC1FF, 0xC1FF, 0xC1FF, 0xC0FF, 0xE1FF, 
  0x67F6, 0x0EF4, 0xAEFC, 0x0FFD, 0x0FFD, 0xCCFB, 0x2DF3, 0xFAFE, 0xFFFF, 0xFFFF, 0xDFFF, 0xFFFF, 0xFFFF, 0xFFFF, 0xFFFF, 0xFEFF, 
  0xDEFF, 0xFFFF, 0xD7F5, 0x2DFC, 0xCDDC, 0xE872, 0xC85A, 0xC95A, 0xEB62, 0x4852, 0x6852, 0xC95A, 0x6B73, 0xE962, 0xA95A, 0xE741, 
  0x4852, 0x274A, 0x6852, 0xA95A, 0x2A6B, 0x885A, 0xE962, 0xA85A, 0x4A6B, 0x4A6B, 0xC85A, 0xA95A, 0x6852, 0xA95A, 0x8852, 0x8852, 
  0xA95A, 0xE962, 0xE962, 0x4B73, 0x8852, 0xE95A, 0x474A, 0xC95A, 0x8852, 0xA952, 0xA95A, 0xA85A, 0xC95A, 0xC95A, 0x6852, 0x6852, 
  0x8852, 0x274A, 0x284A, 0x284A, 0xC962, 0x6A73, 0x8852, 0xA95A, 0xA95A, 0xA952, 0x0742, 0x674A, 0x8852, 0x274A, 0x6952, 0xC95A, 
  0xC95A, 0xE962, 0xC85A, 0xA85A, 0x274A, 0x084A, 0x484A, 0xC962, 0xA962, 0x8952, 0x484A, 0x0742, 0x6852, 0xA85A, 0x6942, 0x0742, 
  0x0742, 0x484A, 0x484A, 0x2842, 0x694A, 0x8952, 0x0642, 0x0A63, 0x885A, 0x4752, 0xE962, 0xE962, 0x096B, 0xA862, 0x0B6B, 0xE962, 
  0x2A73, 0xE95A, 0x6A8B, 0x2FF5, 0x50FD, 0x2DF4, 0x55F5, 0xFFFF, 0xBEFF, 0xAEEB, 0x2DFC, 0x0EFD, 0xEFFC, 0x8EFC, 0x0BF3, 0x09F4, 
  0x84FF, 0xC0FF, 0xC1FF, 0xC0FF, 0xC1FF, 0xC1FF, 0xC1FF, 0xC1FF, 0xC1FF, 0xC1FF, 0xC1FF, 0xC1FF, 0xC1FF, 0xC1FF, 0xC1FF, 0xC1FF, 
  0xC1FF, 0xC1FF, 0xC1FF, 0xC1FF, 0xC1FF, 0xC1FF, 0xC1FF, 0xC1FF, 0xC1FF, 0xC1FF, 0xC1FF, 0xC1FF, 0xC1FF, 0xC1FF, 0xC1FF, 0xC1FF, 
  0xC1FF, 0xC1FF, 0xC1FF, 0xC1FF, 0xC1FF, 0xC1FF, 0xC1FF, 0xC1FF, 0xC1FF, 0xC1FF, 0xC1FF, 0xC1FF, 0xC0FF, 0xC0FF, 0xC0FF, 0xC1FF, 
  0x04FF, 0xE0FF, 0xC0FF, 0xC0FF, 0xC0FF, 0xC1FF, 0xC1FF, 0xC1FF, 0xC1FF, 0xC1FF, 0xC1FF, 0xC1FF, 0xC1FF, 0xC1FF, 0xC1FF, 0xC1FF, 
  0xC1FF, 0xC1FF, 0xC1FF, 0xC1FF, 0xC1FF, 0xC1FF, 0xC1FF, 0xC1FF, 0xC1FF, 0xC1FF, 0xC1FF, 0xC1FF, 0xC1FF, 0xC1FF, 0xC1FF, 0xC1FF, 
  0xC1FF, 0xC1FF, 0xC1FF, 0xC1FF, 0xC1FF, 0xC1FF, 0xC1FF, 0xC1FF, 0xC1FF, 0xC1FF, 0xC1FF, 0xC1FF, 0xC1FF, 0xC1FF, 0xC1FF, 0xC1FF, 
  0xC1FF, 0xC1FF, 0xC1FF, 0xC1FF, 0xC1FF, 0xC1FF, 0xC1FF, 0xC1FF, 0xC1FF, 0xC1FF, 0xC1FF, 0xC1FF, 0xC0FF, 0xC1FF, 0xC0FF, 0xE2FF, 
  0xA8EC, 0x6BF3, 0x0FFD, 0xEFFC, 0xCEFC, 0x0AEB, 0xD7F5, 0xFFFF, 0xDFFF, 0xFFFF, 0xFFFF, 0xFFFF, 0xFFFF, 0xFFFF, 0xFFFF, 0xFFFF, 
  0xFFFF, 0xBDFF, 0x50EC, 0x8EFC, 0xCEEC, 0xC762, 0xC95A, 0x2963, 0xEA62, 0x6752, 0x4852, 0x6852, 0xE962, 0x4A6B, 0x8752, 0xC95A, 
  0xA95A, 0xC95A, 0xC95A, 0xC95A, 0xE962, 0xC862, 0x8A7B, 0x0863, 0xA852, 0xA95A, 0x6752, 0x885A, 0x4852, 0x885A, 0xE862, 0x4A73, 
  0x296B, 0x4A6B, 0xA85A, 0x6752, 0x0642, 0x474A, 0x6752, 0xA85A, 0x8852, 0x274A, 0x6852, 0xC95A, 0x0A63, 0x8852, 0x684A, 0x684A, 
  0x484A, 0x274A, 0x6952, 0xEA62, 0x6852, 0x8852, 0x274A, 0xA85A, 0x0A63, 0x6952, 0x684A, 0xA95A, 0x4752, 0xA85A, 0xE962, 0x484A, 
  0x484A, 0xC95A, 0xA85A, 0x8952, 0xC95A, 0x484A, 0xCA5A, 0xE862, 0x2A73, 0xC852, 0x474A, 0x485A, 0x2A73, 0xC962, 0x4742, 0x8952, 
  0x885A, 0xC862, 0x0963, 0x8852, 0x474A, 0x6852, 0x8852, 0xC85A, 0x8A7B, 0x6973, 0x4973, 0x296B, 0x296B, 0x496B, 0xC862, 0x875A, 
  0xE962, 0x6752, 0xC87A, 0x2FFD, 0x2FFD, 0x4DF4, 0xF7F5, 0xFFFF, 0xFFFF, 0xD2EC, 0x8BFB, 0x0FFD, 0xEEFC, 0xCEFC, 0x4CFB, 0x89F3, 
  0x25FF, 0xE0FF, 0xC1FF, 0xC1FF, 0xC1FF, 0xC1FF, 0xC1FF, 0xC1FF, 0xC1FF, 0xC1FF, 0xC1FF, 0xC1FF, 0xC1FF, 0xC1FF, 0xC1FF, 0xC1FF, 
  0xC1FF, 0xC1FF, 0xC1FF, 0xC1FF, 0xC1FF, 0xC1FF, 0xC1FF, 0xC1FF, 0xC1FF, 0xC1FF, 0xC1FF, 0xC1FF, 0xC1FF, 0xC1FF, 0xC1FF, 0xC1FF, 
  0xC1FF, 0xC1FF, 0xC1FF, 0xC1FF, 0xC1FF, 0xC1FF, 0xC1FF, 0xC1FF, 0xC1FF, 0xC1FF, 0xC1FF, 0xC1FF, 0xC0FF, 0xC0FF, 0xC0FF, 0xC1FF, 
  0x04FF, 0xE0FF, 0xC0FF, 0xC0FF, 0xC0FF, 0xC1FF, 0xC1FF, 0xC1FF, 0xC1FF, 0xC1FF, 0xC1FF, 0xC1FF, 0xC1FF, 0xC1FF, 0xC1FF, 0xC1FF, 
  0xC1FF, 0xC1FF, 0xC1FF, 0xC1FF, 0xC1FF, 0xC1FF, 0xC1FF, 0xC1FF, 0xC1FF, 0xC1FF, 0xC1FF, 0xC1FF, 0xC1FF, 0xC1FF, 0xC1FF, 0xC1FF, 
  0xC1FF, 0xC1FF, 0xC1FF, 0xC1FF, 0xC1FF, 0xC1FF, 0xC1FF, 0xC1FF, 0xC1FF, 0xC1FF, 0xC1FF, 0xC1FF, 0xC1FF, 0xC1FF, 0xC1FF, 0xC1FF, 
  0xC1FF, 0xC1FF, 0xC1FF, 0xC1FF, 0xC1FF, 0xC1FF, 0xC0FF, 0xC0FF, 0xC0FF, 0xC0FF, 0xC1FF, 0xC1FF, 0xC0FF, 0xC0FF, 0xE1FF, 0x64FF, 
  0x89F3, 0x4EF4, 0x0FFD, 0x10FD, 0xEBFB, 0xEEEB, 0xBFFF, 0xDFFF, 0xFFFF, 0xFFFF, 0xFFFF, 0xFFFF, 0xFFFF, 0xFFFF, 0xFFFF, 0xFFFF, 
  0x7DFF, 0x70EC, 0x2CF4, 0x30FD, 0x2DCC, 0x0863, 0xE962, 0xC962, 0x685A, 0x484A, 0x8852, 0xE962, 0xE862, 0x6973, 0x0863, 0xC95A, 
  0xC862, 0xA85A, 0xE962, 0xC85A, 0xC85A, 0x8A7B, 0x296B, 0x096B, 0x4973, 0x096B, 0xA85A, 0xEA62, 0x6852, 0xA85A, 0x8A7B, 0xAA83, 
  0xE96A, 0xA95A, 0x474A, 0x6852, 0x6952, 0x494A, 0xC95A, 0xC85A, 0x2A6B, 0x6852, 0x8952, 0x6852, 0x6852, 0x8952, 0x474A, 0xA852, 
  0xEA5A, 0xC639, 0x8852, 0xC95A, 0x8852, 0x6952, 0x6952, 0xE962, 0xC95A, 0xC739, 0x474A, 0x8952, 0x895A, 0x096B, 0xC962, 0x274A, 
  0x895A, 0xE862, 0x6752, 0x6952, 0xC85A, 0xC85A, 0xA952, 0x0963, 0xC95A, 0x6752, 0xE96A, 0x6A83, 0xEB9B, 0x4752, 0xE95A, 0x885A, 
  0x2973, 0xCA83, 0xE762, 0xA85A, 0x0A6B, 0xC962, 0xE962, 0x2A73, 0x2973, 0x675A, 0xA95A, 0x474A, 0xA95A, 0x0963, 0x296B, 0xE962, 
  0x8852, 0x096B, 0x0A83, 0x2FFD, 0x2FFD, 0x4DF4, 0xB5ED, 0xFFFF, 0xFFFF, 0xF7F5, 0x4BF3, 0x0FFD, 0x0EFD, 0x0FFD, 0xADFB, 0x69F3, 
  0xE5FE, 0xE0FF, 0xC1FF, 0xC1FF, 0xC1FF, 0xC1FF, 0xC1FF, 0xC1FF, 0xC1FF, 0xC1FF, 0xC1FF, 0xC1FF, 0xC1FF, 0xC1FF, 0xC1FF, 0xC1FF, 
  0xC1FF, 0xC1FF, 0xC1FF, 0xC1FF, 0xC1FF, 0xC1FF, 0xC1FF, 0xC1FF, 0xC1FF, 0xC1FF, 0xC1FF, 0xC1FF, 0xC1FF, 0xC1FF, 0xC1FF, 0xC1FF, 
  0xC1FF, 0xC1FF, 0xC1FF, 0xC1FF, 0xC1FF, 0xC1FF, 0xC1FF, 0xC1FF, 0xC1FF, 0xC1FF, 0xC1FF, 0xC1FF, 0xC0FF, 0xC0FF, 0xC0FF, 0xC1FF, 
  0x04FF, 0xE0FF, 0xC0FF, 0xC0FF, 0xC0FF, 0xC1FF, 0xC1FF, 0xC1FF, 0xC1FF, 0xC1FF, 0xC1FF, 0xC1FF, 0xC1FF, 0xC1FF, 0xC1FF, 0xC1FF, 
  0xC1FF, 0xC1FF, 0xC1FF, 0xC1FF, 0xC1FF, 0xC1FF, 0xC1FF, 0xC1FF, 0xC1FF, 0xC1FF, 0xC1FF, 0xC1FF, 0xC1FF, 0xC1FF, 0xC1FF, 0xC1FF, 
  0xC1FF, 0xC1FF, 0xC1FF, 0xC1FF, 0xC1FF, 0xC1FF, 0xC1FF, 0xC1FF, 0xC1FF, 0xC1FF, 0xC1FF, 0xC1FF, 0xC1FF, 0xC1FF, 0xC1FF, 0xC1FF, 
  0xC1FF, 0xC1FF, 0xC1FF, 0xC1FF, 0xC1FF, 0xC1FF, 0xC0FF, 0xC0FF, 0xC0FF, 0xC0FF, 0xC1FF, 0xC1FF, 0xE0FF, 0xC0FF, 0xE1FF, 0x07F6, 
  0x8AF3, 0x0FFD, 0x0FFD, 0xCEFC, 0x2AF3, 0xF7F5, 0xFFFF, 0xDFFF, 0xFFFF, 0xFFFF, 0xFFFF, 0xFFFF, 0xFFFF, 0xFFFF, 0xFFFF, 0xFFFF, 
  0xF3F4, 0xCCF3, 0x2EFD, 0x4FFD, 0xCCB3, 0xE86A, 0xEA5A, 0x8A5A, 0xC862, 0xE96A, 0x6852, 0xA952, 0x484A, 0xE862, 0xE862, 0x6852, 
  0xE862, 0x4A73, 0x6752, 0xA95A, 0x8852, 0xA85A, 0x8A7B, 0xC98B, 0x4C9C, 0x2973, 0xC962, 0x8852, 0xEA62, 0xC85A, 0x8852, 0xE862, 
  0x895A, 0x2742, 0x8952, 0x6852, 0x6852, 0x284A, 0xC95A, 0x0A6B, 0xC962, 0x6752, 0x8852, 0x8952, 0x484A, 0xC739, 0x284A, 0x8852, 
  0x8952, 0x494A, 0xC85A, 0x6752, 0x6852, 0x885A, 0x6852, 0xA95A, 0x8852, 0x274A, 0x8852, 0xA85A, 0x8952, 0x8952, 0x484A, 0x274A, 
  0xA85A, 0xE962, 0x096B, 0xE862, 0xC85A, 0xA95A, 0x684A, 0x6852, 0x0A63, 0xC952, 0xA962, 0x6752, 0xE96A, 0x6852, 0x8952, 0x885A, 
  0xC85A, 0x8852, 0xC95A, 0x296B, 0x6952, 0xE741, 0x6852, 0x0973, 0x8A83, 0x685A, 0x2A6B, 0x296B, 0x895A, 0xC85A, 0xE862, 0x4A73, 
  0xE962, 0x8852, 0x6B8B, 0x0FFD, 0x2FFD, 0x4DF4, 0x33F5, 0xFFFF, 0xFFFF, 0xBAFE, 0x6CEB, 0xEFFC, 0x0EFD, 0x0FFD, 0x2EFC, 0x49F3, 
  0xA5FE, 0xE0FF, 0xC0FF, 0xC0FF, 0xC1FF, 0xC1FF, 0xC0FF, 0xC1FF, 0xC1FF, 0xC1FF, 0xC1FF, 0xC1FF, 0xC1FF, 0xC1FF, 0xC1FF, 0xC1FF, 
  0xC1FF, 0xC1FF, 0xC1FF, 0xC1FF, 0xC1FF, 0xC1FF, 0xC1FF, 0xC1FF, 0xC1FF, 0xC1FF, 0xC1FF, 0xC1FF, 0xC1FF, 0xC1FF, 0xC1FF, 0xC1FF, 
  0xC1FF, 0xC1FF, 0xC1FF, 0xC1FF, 0xC1FF, 0xC1FF, 0xC1FF, 0xC1FF, 0xC1FF, 0xC1FF, 0xC1FF, 0xC1FF, 0xC0FF, 0xC0FF, 0xC0FF, 0xC1FF, 
  0x04FF, 0xE0FF, 0xC0FF, 0xC0FF, 0xC0FF, 0xC1FF, 0xC1FF, 0xC1FF, 0xC1FF, 0xC1FF, 0xC1FF, 0xC1FF, 0xC1FF, 0xC1FF, 0xC1FF, 0xC1FF, 
  0xC1FF, 0xC1FF, 0xC1FF, 0xC1FF, 0xC1FF, 0xC1FF, 0xC1FF, 0xC1FF, 0xC1FF, 0xC1FF, 0xC1FF, 0xC1FF, 0xC1FF, 0xC1FF, 0xC1FF, 0xC1FF, 
  0xC1FF, 0xC1FF, 0xC1FF, 0xC1FF, 0xC1FF, 0xC1FF, 0xC1FF, 0xC1FF, 0xC1FF, 0xC1FF, 0xC1FF, 0xC1FF, 0xC1FF, 0xC1FF, 0xC1FF, 0xC1FF, 
  0xC1FF, 0xC1FF, 0xC1FF, 0xC1FF, 0xC1FF, 0xC1FF, 0xC0FF, 0xC2FF, 0xC1FF, 0xC0FF, 0xC0FF, 0xE0FF, 0xC1FF, 0xC0FF, 0xE1FF, 0x8AF5, 
  0x8EFC, 0x2EFD, 0x2FFD, 0x2DFC, 0x8DEB, 0x7DFF, 0xFFFF, 0xFFFF, 0xFFFF, 0xFFFF, 0xFFFF, 0xFFFF, 0xFFFF, 0xFFFF, 0xFFFF, 0x5CFF, 
  0x8DE3, 0xAFFC, 0x0FFD, 0x2FFD, 0xEBAB, 0x475A, 0xA852, 0xA852, 0xA95A, 0x0A63, 0xC962, 0xA962, 0x885A, 0x0863, 0x0A8C, 0x4A73, 
  0xC962, 0xE962, 0x6852, 0x274A, 0x8852, 0x8852, 0x297B, 0x0973, 0x8852, 0x296B, 0x4A73, 0x0863, 0x296B, 0x6852, 0xE641, 0xE862, 
  0x296B, 0x885A, 0x4A6B, 0x0963, 0x885A, 0x6752, 0xC95A, 0x6852, 0x6852, 0x6852, 0x0742, 0x6952, 0x284A, 0xE739, 0x4952, 0xE741, 
  0xA739, 0x494A, 0xA95A, 0x8952, 0xA85A, 0xA75A, 0x8752, 0xA95A, 0x2742, 0x8952, 0xA952, 0x484A, 0x274A, 0x6852, 0xC962, 0x8B7B, 
  0xA862, 0x2B7B, 0x0863, 0xE862, 0x0963, 0x685A, 0x2652, 0xA972, 0x2752, 0x8752, 0x0963, 0xE962, 0xC85A, 0x8852, 0x2742, 0xC86A, 
  0xCC93, 0x685A, 0x6852, 0x2A6B, 0x875A, 0xA85A, 0xEA62, 0x4752, 0x885A, 0xE962, 0xE95A, 0xE95A, 0x8852, 0x8952, 0xE95A, 0x885A, 
  0x8852, 0x2742, 0xC97A, 0x0FFD, 0x2FFD, 0x6DFC, 0x13F5, 0xFFFF, 0xFFFF, 0x5DFF, 0xADEB, 0x8FFC, 0x0FFD, 0x0FFD, 0x8FFC, 0x0AF3, 
  0x26FE, 0xE1FF, 0xC0FF, 0xC0FF, 0xC1FF, 0xC1FF, 0xC0FF, 0xC1FF, 0xC1FF, 0xC1FF, 0xC1FF, 0xC1FF, 0xC1FF, 0xC1FF, 0xC1FF, 0xC1FF, 
  0xC1FF, 0xC1FF, 0xC1FF, 0xC1FF, 0xC1FF, 0xC1FF, 0xC1FF, 0xC1FF, 0xC1FF, 0xC1FF, 0xC1FF, 0xC1FF, 0xC1FF, 0xC1FF, 0xC1FF, 0xC1FF, 
  0xC1FF, 0xC1FF, 0xC1FF, 0xC1FF, 0xC1FF, 0xC1FF, 0xC1FF, 0xC1FF, 0xC1FF, 0xC1FF, 0xC1FF, 0xC1FF, 0xC0FF, 0xC0FF, 0xC0FF, 0xC1FF, 
  0x04FF, 0xE0FF, 0xC0FF, 0xC0FF, 0xC0FF, 0xC1FF, 0xC1FF, 0xC1FF, 0xC1FF, 0xC1FF, 0xC1FF, 0xC1FF, 0xC1FF, 0xC1FF, 0xC1FF, 0xC1FF, 
  0xC1FF, 0xC1FF, 0xC1FF, 0xC1FF, 0xC1FF, 0xC1FF, 0xC1FF, 0xC1FF, 0xC1FF, 0xC1FF, 0xC1FF, 0xC1FF, 0xC1FF, 0xC1FF, 0xC1FF, 0xC1FF, 
  0xC1FF, 0xC1FF, 0xC1FF, 0xC1FF, 0xC1FF, 0xC1FF, 0xC1FF, 0xC1FF, 0xC1FF, 0xC1FF, 0xC1FF, 0xC1FF, 0xC1FF, 0xC1FF, 0xC1FF, 0xC1FF, 
  0xC1FF, 0xC1FF, 0xC1FF, 0xC1FF, 0xC1FF, 0xC0FF, 0xC0FF, 0xC1FF, 0xE0FF, 0xE0FF, 0xC2FF, 0xC1FF, 0xC1FF, 0xE0FF, 0x45FF, 0x4DFD, 
  0xF0FC, 0x0FFD, 0x30FD, 0x6BF3, 0xF3F4, 0xFFFF, 0xFFFF, 0xFFFF, 0xFFFF, 0xFFFF, 0xFFFF, 0xFFFF, 0xFFFF, 0xFFFF, 0xFFFF, 0x96F5, 
  0xCAF2, 0x8EFC, 0xCFFC, 0x0FFD, 0xAA9B, 0x4752, 0x0963, 0x496B, 0x274A, 0xE962, 0xA84A, 0x685A, 0x885A, 0x486B, 0xEBBC, 0x6BAC, 
  0x096B, 0x0A6B, 0x6752, 0xEA62, 0xA95A, 0xA85A, 0xE962, 0x6A73, 0x6A73, 0x8A7B, 0x4973, 0x8852, 0x474A, 0xAA5A, 0x6952, 0x2963, 
  0xEB83, 0x8B7B, 0x296B, 0x474A, 0x0963, 0x496B, 0xC962, 0x4852, 0xEA62, 0xA95A, 0x6852, 0xA95A, 0x6852, 0x6852, 0x8952, 0x484A, 
  0x8952, 0x8852, 0xA75A, 0xE962, 0x0963, 0x296B, 0x4B6B, 0x6852, 0x274A, 0x284A, 0x0842, 0x2742, 0x0742, 0x885A, 0xE962, 0x4973, 
  0xC86A, 0xC962, 0x284A, 0x685A, 0x6A8B, 0x6CCC, 0x8DDC, 0xEFF4, 0xADDC, 0x4DBC, 0x4A83, 0xA76A, 0x8862, 0xA852, 0xE862, 0x6A7B, 
  0x4963, 0x296B, 0xA962, 0x8952, 0x296B, 0xC95A, 0x6852, 0x484A, 0x4952, 0xA752, 0x674A, 0xA952, 0xC85A, 0x8852, 0x8852, 0x6852, 
  0x474A, 0x474A, 0x0983, 0x0FFD, 0x2FFD, 0x4DFC, 0xB2F4, 0xFFFF, 0xFFFF, 0xDFFF, 0x0FF4, 0x4EFC, 0x30FD, 0x4FFD, 0xEEFC, 0x0BF3, 
  0x68FD, 0xE2FF, 0xC1FF, 0xC1FF, 0xC1FF, 0xC0FF, 0xC0FF, 0xC1FF, 0xC1FF, 0xC1FF, 0xC1FF, 0xC1FF, 0xC1FF, 0xC1FF, 0xC1FF, 0xC1FF, 
  0xC1FF, 0xC1FF, 0xC1FF, 0xC1FF, 0xC1FF, 0xC1FF, 0xC1FF, 0xC1FF, 0xC1FF, 0xC1FF, 0xC1FF, 0xC1FF, 0xC1FF, 0xC1FF, 0xC1FF, 0xC1FF, 
  0xC1FF, 0xC1FF, 0xC1FF, 0xC1FF, 0xC1FF, 0xC1FF, 0xC1FF, 0xC1FF, 0xC1FF, 0xC1FF, 0xC1FF, 0xC1FF, 0xC0FF, 0xC0FF, 0xC0FF, 0xC1FF, 
  0x04FF, 0xE0FF, 0xC0FF, 0xC0FF, 0xC0FF, 0xC1FF, 0xC1FF, 0xC1FF, 0xC1FF, 0xC1FF, 0xC1FF, 0xC1FF, 0xC1FF, 0xC1FF, 0xC1FF, 0xC1FF, 
  0xC1FF, 0xC1FF, 0xC1FF, 0xC1FF, 0xC1FF, 0xC1FF, 0xC1FF, 0xC1FF, 0xC1FF, 0xC1FF, 0xC1FF, 0xC1FF, 0xC1FF, 0xC1FF, 0xC1FF, 0xC1FF, 
  0xC1FF, 0xC1FF, 0xC1FF, 0xC1FF, 0xC1FF, 0xC1FF, 0xC1FF, 0xC1FF, 0xC1FF, 0xC1FF, 0xC1FF, 0xC1FF, 0xC1FF, 0xC1FF, 0xC1FF, 0xC1FF, 
  0xC1FF, 0xC1FF, 0xC1FF, 0xC1FF, 0xC1FF, 0xC1FF, 0xC0FF, 0xC0FF, 0xE0FF, 0xC1FF, 0xC2FF, 0xC0FF, 0xE1FF, 0x07FF, 0x8BF5, 0xEFFC, 
  0xEFFC, 0x2FFD, 0xCFFC, 0x0AF3, 0x38FE, 0xFFFF, 0xFFFF, 0xFFFF, 0xFFFF, 0xFFFF, 0xFFFF, 0xDFFF, 0xDFFF, 0xFFFF, 0x1CFF, 0x6DF3, 
  0x2AFB, 0xAEFC, 0xCFFC, 0x2FFD, 0x6993, 0x096B, 0x296B, 0x4973, 0x0963, 0xA85A, 0x684A, 0x885A, 0x6973, 0x296B, 0x6CAC, 0xCA93, 
  0xE962, 0x6752, 0x885A, 0xA95A, 0x6852, 0xC962, 0x4963, 0x6973, 0xC862, 0xA95A, 0x284A, 0x885A, 0x296B, 0xC95A, 0xA95A, 0x0863, 
  0xA85A, 0xEA6A, 0x2752, 0xA952, 0x2A63, 0x286B, 0xC862, 0xC95A, 0x684A, 0x0742, 0x484A, 0xC741, 0xE741, 0x8952, 0xC95A, 0x6852, 
  0x484A, 0xE962, 0x885A, 0x8752, 0xC95A, 0x895A, 0x4852, 0x474A, 0x274A, 0x6852, 0xC962, 0xA95A, 0xC962, 0xE962, 0x0963, 0x0963, 
  0xE95A, 0xE952, 0x885A, 0x8A9B, 0x0FF5, 0xCFFC, 0x0DFC, 0xACF3, 0x0DFC, 0x4EFC, 0xF0FC, 0xCFEC, 0x2CCC, 0x098B, 0xA862, 0x685A, 
  0xC952, 0x8852, 0x474A, 0x484A, 0xA95A, 0x0742, 0xE841, 0x284A, 0x494A, 0xE962, 0xA95A, 0x4752, 0x496B, 0xC85A, 0x674A, 0x8952, 
  0x0A63, 0x474A, 0x4A8B, 0x2FFD, 0x2FFD, 0x0DFC, 0x70F4, 0xFFFF, 0xFFFF, 0xFFFF, 0x91F4, 0x0DFC, 0x30FD, 0x2EFD, 0x0EFD, 0x2CF3, 
  0xC8F4, 0xC3FF, 0xC0FF, 0xC1FF, 0xC1FF, 0xC0FF, 0xC0FF, 0xC1FF, 0xC1FF, 0xC1FF, 0xC1FF, 0xC1FF, 0xC1FF, 0xC1FF, 0xC1FF, 0xC1FF, 
  0xC1FF, 0xC1FF, 0xC1FF, 0xC1FF, 0xC1FF, 0xC1FF, 0xC1FF, 0xC1FF, 0xC1FF, 0xC1FF, 0xC1FF, 0xC1FF, 0xC1FF, 0xC1FF, 0xC1FF, 0xC1FF, 
  0xC1FF, 0xC1FF, 0xC1FF, 0xC1FF, 0xC1FF, 0xC1FF, 0xC1FF, 0xC1FF, 0xC1FF, 0xC1FF, 0xC1FF, 0xC1FF, 0xC0FF, 0xC0FF, 0xC0FF, 0xC1FF, 
  0x04FF, 0xE0FF, 0xC0FF, 0xC0FF, 0xC0FF, 0xC1FF, 0xC1FF, 0xC1FF, 0xC1FF, 0xC1FF, 0xC1FF, 0xC1FF, 0xC1FF, 0xC1FF, 0xC1FF, 0xC1FF, 
  0xC1FF, 0xC1FF, 0xC1FF, 0xC1FF, 0xC1FF, 0xC1FF, 0xC1FF, 0xC1FF, 0xC1FF, 0xC1FF, 0xC1FF, 0xC1FF, 0xC1FF, 0xC1FF, 0xC1FF, 0xC1FF, 
  0xC1FF, 0xC1FF, 0xC1FF, 0xC1FF, 0xC1FF, 0xC1FF, 0xC1FF, 0xC1FF, 0xC1FF, 0xC1FF, 0xC1FF, 0xC1FF, 0xC1FF, 0xC1FF, 0xC1FF, 0xC1FF, 
  0xC1FF, 0xC1FF, 0xC1FF, 0xC1FF, 0xC1FF, 0xC1FF, 0xC1FF, 0xC0FF, 0xC1FF, 0xC2FF, 0xC1FF, 0xC2FF, 0xA8FE, 0x2DF5, 0xEEFC, 0xEEFC, 
  0x0EFD, 0x0FFD, 0xACFB, 0x4CF3, 0x3CFF, 0xFFFF, 0xFFFF, 0xFFFF, 0xFFFF, 0xFFFF, 0xFFFF, 0xFFFF, 0xFFFF, 0x1BFF, 0xEFEB, 0xEAF2, 
  0x2DF4, 0x2FFD, 0x0FFD, 0x2FFD, 0x288B, 0x296B, 0xC862, 0xC962, 0xAB7B, 0xA85A, 0x695A, 0xE96A, 0x4A6B, 0x895A, 0x2852, 0x6852, 
  0xE962, 0x0A63, 0xE962, 0x4752, 0xE962, 0x2A6B, 0xA95A, 0x6852, 0x474A, 0xC852, 0xC85A, 0x8983, 0xCB83, 0xC862, 0x086B, 0x4973, 
  0x6852, 0x4852, 0x4852, 0x8852, 0x6752, 0x2873, 0xEB8B, 0xA85A, 0x8852, 0xC85A, 0xE962, 0xA85A, 0xE962, 0xA85A, 0xA85A, 0x484A, 
  0x284A, 0x885A, 0xA95A, 0x8952, 0x8852, 0x0742, 0x6852, 0x6852, 0x2742, 0x6852, 0x885A, 0xE96A, 0x6B7B, 0x6A73, 0x6652, 0xE962, 
  0xA95A, 0x895A, 0x885A, 0xADCC, 0x0FFD, 0x6AF3, 0x10F4, 0x58F6, 0x58F6, 0x54F5, 0x2EEC, 0xECEB, 0xAEFC, 0x50FD, 0x8DD4, 0xC872, 
  0x0642, 0x694A, 0x484A, 0x8852, 0xCA62, 0x4852, 0x2842, 0x694A, 0x684A, 0x885A, 0x8862, 0x675A, 0x0A63, 0xEA62, 0xA95A, 0x6952, 
  0xE962, 0xA852, 0x4A8B, 0x2FFD, 0xEEFC, 0x0DFC, 0x2FF4, 0xDFFF, 0xFFFF, 0xFFFF, 0x14F5, 0xCBF3, 0x2FFD, 0xCEFC, 0x0EFD, 0x8CFB, 
  0x68EC, 0xC3FF, 0xC0FF, 0xC0FF, 0xC1FF, 0xC0FF, 0xC0FF, 0xC1FF, 0xC1FF, 0xC1FF, 0xC1FF, 0xC1FF, 0xC1FF, 0xC1FF, 0xC1FF, 0xC1FF, 
  0xC1FF, 0xC1FF, 0xC1FF, 0xC1FF, 0xC1FF, 0xC1FF, 0xC1FF, 0xC1FF, 0xC1FF, 0xC1FF, 0xC1FF, 0xC1FF, 0xC1FF, 0xC1FF, 0xC1FF, 0xC1FF, 
  0xC1FF, 0xC1FF, 0xC1FF, 0xC1FF, 0xC1FF, 0xC1FF, 0xC1FF, 0xC1FF, 0xC1FF, 0xC1FF, 0xC1FF, 0xC1FF, 0xC0FF, 0xC0FF, 0xC0FF, 0xC1FF, 
  0x04FF, 0xE0FF, 0xC0FF, 0xC0FF, 0xC0FF, 0xC1FF, 0xC1FF, 0xC1FF, 0xC1FF, 0xC1FF, 0xC1FF, 0xC1FF, 0xC1FF, 0xC1FF, 0xC1FF, 0xC1FF, 
  0xC1FF, 0xC1FF, 0xC1FF, 0xC1FF, 0xC1FF, 0xC1FF, 0xC1FF, 0xC1FF, 0xC1FF, 0xC1FF, 0xC1FF, 0xC1FF, 0xC1FF, 0xC1FF, 0xC1FF, 0xC1FF, 
  0xC1FF, 0xC1FF, 0xC1FF, 0xC1FF, 0xC1FF, 0xC1FF, 0xC1FF, 0xC1FF, 0xC1FF, 0xC1FF, 0xC1FF, 0xC1FF, 0xC1FF, 0xC1FF, 0xC1FF, 0xC1FF, 
  0xC1FF, 0xC1FF, 0xC1FF, 0xC1FF, 0xC1FF, 0xC1FF, 0xC1FF, 0xC0FF, 0xE1FF, 0xC0FF, 0xC2FF, 0xA9F6, 0x2EF5, 0x2FFD, 0xEFFC, 0xEFFC, 
  0x30FD, 0x2DFC, 0x0AFB, 0x6CF3, 0x79F6, 0xBEFF, 0xFEFF, 0xDFFF, 0xBEFF, 0x7EFF, 0x1CFF, 0x78F6, 0x54ED, 0xADF3, 0x8BFB, 0x6EFC, 
  0xEFFC, 0x0EFD, 0xEEFC, 0x8DF4, 0x698B, 0x6A73, 0xC862, 0xC95A, 0xC852, 0xA852, 0x8852, 0x8852, 0x274A, 0x0863, 0xE862, 0xA95A, 
  0x885A, 0xC962, 0xC85A, 0x2963, 0xE962, 0xA852, 0x6852, 0x6852, 0xE962, 0x096B, 0x6A73, 0x296B, 0xE962, 0xE96A, 0x6C9C, 0x6973, 
  0xEA5A, 0x674A, 0x6852, 0xE962, 0x296B, 0x497B, 0x4C9C, 0xC862, 0xE95A, 0x8852, 0x6852, 0xC95A, 0xC95A, 0xE962, 0x0963, 0xA85A, 
  0x2A6B, 0xE862, 0x885A, 0x8852, 0xC95A, 0xC95A, 0x8852, 0x2A6B, 0xC85A, 0xC85A, 0xA85A, 0x6A73, 0x0963, 0x875A, 0xAB7B, 0x096B, 
  0xC85A, 0x685A, 0xA872, 0x0FED, 0x6EFC, 0x2BEB, 0x1CFF, 0xFFFF, 0xFFFF, 0xFFFF, 0xBEFF, 0xF7F5, 0xAEE3, 0xCCF3, 0x30FD, 0x10ED, 
  0x876A, 0x284A, 0x0842, 0x8852, 0xA962, 0xE962, 0x6852, 0x0842, 0x674A, 0xC95A, 0xC962, 0xA85A, 0x484A, 0x6852, 0x2742, 0xE741, 
  0xA95A, 0x885A, 0x8B93, 0x30FD, 0xEFFC, 0x0DFC, 0x0EEC, 0xDEFF, 0xFFFF, 0xFFFF, 0x96FD, 0xABF3, 0x0FFD, 0x8EFC, 0xCEFC, 0xACFB, 
  0x48EC, 0xC3FF, 0xC0FF, 0xC0FF, 0xC1FF, 0xE0FF, 0xE0FF, 0xC1FF, 0xC1FF, 0xC1FF, 0xC1FF, 0xC1FF, 0xC1FF, 0xC1FF, 0xC1FF, 0xC1FF, 
  0xC1FF, 0xC1FF, 0xC1FF, 0xC1FF, 0xC1FF, 0xC1FF, 0xC1FF, 0xC1FF, 0xC1FF, 0xC1FF, 0xC1FF, 0xC1FF, 0xC1FF, 0xC1FF, 0xC1FF, 0xC1FF, 
  0xC1FF, 0xC1FF, 0xC1FF, 0xC1FF, 0xC1FF, 0xC1FF, 0xC1FF, 0xC1FF, 0xC1FF, 0xC1FF, 0xC1FF, 0xC1FF, 0xC0FF, 0xC0FF, 0xC0FF, 0xC1FF, 
  0x04FF, 0xE0FF, 0xC0FF, 0xC0FF, 0xC0FF, 0xC1FF, 0xC1FF, 0xC1FF, 0xC1FF, 0xC1FF, 0xC1FF, 0xC1FF, 0xC1FF, 0xC1FF, 0xC1FF, 0xC1FF, 
  0xC1FF, 0xC1FF, 0xC1FF, 0xC1FF, 0xC1FF, 0xC1FF, 0xC1FF, 0xC1FF, 0xC1FF, 0xC1FF, 0xC1FF, 0xC1FF, 0xC1FF, 0xC1FF, 0xC1FF, 0xC1FF, 
  0xC1FF, 0xC1FF, 0xC1FF, 0xC1FF, 0xC1FF, 0xC1FF, 0xC1FF, 0xC1FF, 0xC1FF, 0xC1FF, 0xC1FF, 0xC1FF, 0xC1FF, 0xC1FF, 0xC1FF, 0xC1FF, 
  0xC1FF, 0xC1FF, 0xC1FF, 0xC1FF, 0xC1FF, 0xC1FF, 0xC1FF, 0xC1FF, 0xC0FF, 0xE1FF, 0xA8F6, 0xEDF4, 0x0FFD, 0x50F5, 0x30FD, 0xAFFC, 
  0xACFB, 0x0AFB, 0x0BFB, 0x0BFB, 0x0BF3, 0x8EF3, 0x30EC, 0xD2E4, 0x92E4, 0x10E4, 0x8EEB, 0x4CEB, 0xCCF3, 0x6DFC, 0xEFFC, 0xCEFC, 
  0x0EFD, 0x0FFD, 0xEFFC, 0xC9A3, 0x296B, 0x096B, 0x496B, 0xC85A, 0xC95A, 0xEA62, 0x684A, 0xA85A, 0xA95A, 0x474A, 0x8952, 0xA95A, 
  0x6852, 0x8852, 0xA85A, 0xC85A, 0xE962, 0xE962, 0xC95A, 0xC962, 0x897B, 0x0B8C, 0xE962, 0x885A, 0x496B, 0x4A73, 0x2873, 0xE862, 
  0xC85A, 0x096B, 0xE962, 0xA95A, 0x6852, 0xA85A, 0x0A6B, 0x6752, 0x096B, 0xE962, 0x0A63, 0x885A, 0xC962, 0xA85A, 0xA862, 0x4A73, 
  0xE962, 0xE962, 0xC962, 0xC862, 0xC962, 0x2A6B, 0x6752, 0xE962, 0x6A7B, 0xCA83, 0x0863, 0xC95A, 0x8852, 0x6752, 0x4B73, 0xE862, 
  0xC85A, 0xA852, 0x8A9B, 0x50FD, 0xCDFB, 0xAEEB, 0xBEFF, 0xFFFF, 0xDFFF, 0xFFFF, 0xFFFF, 0xFFFF, 0x5DFF, 0x51EC, 0x4BF3, 0x50FD, 
  0xAED4, 0x8862, 0xC95A, 0xA95A, 0x885A, 0x8852, 0xC962, 0x8852, 0x484A, 0x8952, 0x0963, 0xC862, 0x885A, 0x0963, 0x8852, 0x6852, 
  0xC862, 0xC75A, 0x8B93, 0x2FFD, 0x0FFD, 0x6DFC, 0xCEEB, 0xBEFF, 0xFFFF, 0xFFFF, 0x38F6, 0x6CF3, 0x0FFD, 0x0FFD, 0xEFFC, 0xCDFB, 
  0xE9F3, 0xA3FF, 0xE0FF, 0xC1FF, 0xC0FF, 0xC1FF, 0xE0FF, 0xC1FF, 0xC1FF, 0xC1FF, 0xC1FF, 0xC1FF, 0xC1FF, 0xC1FF, 0xC1FF, 0xC1FF, 
  0xC1FF, 0xC1FF, 0xC1FF, 0xC1FF, 0xC1FF, 0xC1FF, 0xC1FF, 0xC1FF, 0xC1FF, 0xC1FF, 0xC1FF, 0xC1FF, 0xC1FF, 0xC1FF, 0xC1FF, 0xC1FF, 
  0xC1FF, 0xC1FF, 0xC1FF, 0xC1FF, 0xC1FF, 0xC1FF, 0xC1FF, 0xC1FF, 0xC1FF, 0xC1FF, 0xC1FF, 0xC1FF, 0xC0FF, 0xC0FF, 0xC0FF, 0xC1FF, 
  0x04FF, 0xE0FF, 0xC0FF, 0xC0FF, 0xC0FF, 0xC1FF, 0xC1FF, 0xC1FF, 0xC1FF, 0xC1FF, 0xC1FF, 0xC1FF, 0xC1FF, 0xC1FF, 0xC1FF, 0xC1FF, 
  0xC1FF, 0xC1FF, 0xC1FF, 0xC1FF, 0xC1FF, 0xC1FF, 0xC1FF, 0xC1FF, 0xC1FF, 0xC1FF, 0xC1FF, 0xC1FF, 0xC1FF, 0xC1FF, 0xC1FF, 0xC1FF, 
  0xC1FF, 0xC1FF, 0xC1FF, 0xC1FF, 0xC1FF, 0xC1FF, 0xC1FF, 0xC1FF, 0xC1FF, 0xC1FF, 0xC1FF, 0xC1FF, 0xC1FF, 0xC1FF, 0xC1FF, 0xC1FF, 
  0xC1FF, 0xC1FF, 0xC1FF, 0xC1FF, 0xC1FF, 0xC1FF, 0xE0FF, 0xC0FF, 0xC1FF, 0xE7FE, 0x0DF5, 0x0FFD, 0x2FFD, 0xCEFC, 0x0DFC, 0x4BFB, 
  0xEAFA, 0x2BFB, 0x8CFB, 0xACFB, 0x8BFB, 0x6AFB, 0x4BF3, 0xEFF3, 0x70F4, 0xF2F4, 0x33ED, 0x74F5, 0xB5F5, 0xB4ED, 0x52ED, 0xD0F4, 
  0xAFF4, 0xAEF4, 0x8FFC, 0x4CD4, 0x8A9B, 0xE872, 0xC85A, 0xA85A, 0x875A, 0x0642, 0xA95A, 0x674A, 0x884A, 0x684A, 0x895A, 0x8852, 
  0xA85A, 0xC95A, 0x4852, 0x4852, 0xA95A, 0xC962, 0x4752, 0x695A, 0xE862, 0xE85A, 0x2A73, 0x2BA4, 0x4AAC, 0x897B, 0x8852, 0x8852, 
  0x474A, 0x096B, 0xA862, 0x8852, 0x6752, 0x6752, 0x2A6B, 0x6852, 0x885A, 0xEA62, 0x6852, 0x6852, 0x8952, 0xC95A, 0x684A, 0x684A, 
  0x474A, 0x674A, 0xA852, 0x8852, 0x6852, 0x484A, 0x684A, 0xA85A, 0x675A, 0x8A7B, 0x875A, 0x4852, 0x895A, 0xA952, 0x684A, 0x0A63, 
  0x8952, 0x885A, 0x2CB4, 0x2FFD, 0x2BFB, 0x30F4, 0xFFFF, 0xFFFF, 0xFFFF, 0xFFFF, 0xFFFF, 0xFFFF, 0xFFFF, 0xDEFF, 0x91F4, 0xACF3, 
  0x51FD, 0x0CB4, 0xA65A, 0x6A6B, 0x874A, 0xA852, 0x6B73, 0xC85A, 0xA95A, 0xC95A, 0x296B, 0x4A73, 0xE962, 0x8B7B, 0x8752, 0xCB8B, 
  0xCA83, 0xC952, 0x0A83, 0xEEFC, 0x0FFD, 0x6DFC, 0xAEEB, 0x9EFF, 0xFFFF, 0xFFFF, 0xBAF6, 0x6CF3, 0xCEFC, 0xEFFC, 0x2FFD, 0x2DFC, 
  0x6AF3, 0x24FF, 0xE1FF, 0xC1FF, 0xC0FF, 0xC1FF, 0xC0FF, 0xC1FF, 0xC1FF, 0xC1FF, 0xC1FF, 0xC1FF, 0xC1FF, 0xC1FF, 0xC1FF, 0xC1FF, 
  0xC1FF, 0xC1FF, 0xC1FF, 0xC1FF, 0xC1FF, 0xC1FF, 0xC1FF, 0xC1FF, 0xC1FF, 0xC1FF, 0xC1FF, 0xC1FF, 0xC1FF, 0xC1FF, 0xC1FF, 0xC1FF, 
  0xC1FF, 0xC1FF, 0xC1FF, 0xC1FF, 0xC1FF, 0xC1FF, 0xC1FF, 0xC1FF, 0xC1FF, 0xC1FF, 0xC1FF, 0xC1FF, 0xC0FF, 0xC0FF, 0xC0FF, 0xC1FF, 
  0x04FF, 0xE0FF, 0xC0FF, 0xC0FF, 0xC0FF, 0xC1FF, 0xC1FF, 0xC1FF, 0xC1FF, 0xC1FF, 0xC1FF, 0xC1FF, 0xC1FF, 0xC1FF, 0xC1FF, 0xC1FF, 
  0xC1FF, 0xC1FF, 0xC1FF, 0xC1FF, 0xC1FF, 0xC1FF, 0xC1FF, 0xC1FF, 0xC1FF, 0xC1FF, 0xC1FF, 0xC1FF, 0xC1FF, 0xC1FF, 0xC1FF, 0xC1FF, 
  0xC1FF, 0xC1FF, 0xC1FF, 0xC1FF, 0xC1FF, 0xC1FF, 0xC1FF, 0xC1FF, 0xC1FF, 0xC1FF, 0xC1FF, 0xC1FF, 0xC1FF, 0xC1FF, 0xC1FF, 0xC1FF, 
  0xC1FF, 0xC1FF, 0xC1FF, 0xC1FF, 0xC1FF, 0xC1FF, 0xC1FF, 0xE1FF, 0x25FF, 0x2DFD, 0xF0FC, 0xCEFC, 0xECF3, 0x4BFB, 0xCAFA, 0x2BF3, 
  0x0DF4, 0x6EFC, 0xEFFC, 0x0FFD, 0xEFFC, 0xEFFC, 0xEFFC, 0x8DFC, 0x8EFC, 0x8EFC, 0xCEF4, 0xCEEC, 0xF0EC, 0x32F5, 0xB5F5, 0xF6F5, 
  0xF7F5, 0xB5ED, 0x12F5, 0xD0FC, 0xEFF4, 0xAEE4, 0x2DD4, 0xCCC3, 0x8AAB, 0x0883, 0xA96A, 0x4852, 0x484A, 0x694A, 0x2842, 0x8852, 
  0xA952, 0xA95A, 0xC95A, 0x8852, 0x6852, 0x684A, 0xA852, 0xA95A, 0x6852, 0xA852, 0x885A, 0xEB9B, 0x4EDD, 0x0B8C, 0x6852, 0x485A, 
  0x8852, 0x674A, 0x096B, 0x296B, 0x2963, 0xA852, 0x8852, 0xC962, 0xC95A, 0xE962, 0xC95A, 0x6752, 0x6752, 0x6852, 0x4752, 0x8862, 
  0x886A, 0x8772, 0xE87A, 0x298B, 0x6A9B, 0xE88A, 0xE88A, 0x6A9B, 0x299B, 0x69A3, 0x499B, 0x8B93, 0xE86A, 0xC862, 0xA862, 0xA85A, 
  0x0652, 0x298B, 0x0FED, 0xAEFC, 0xCAFA, 0x50F4, 0xFFFF, 0xFFFF, 0xFFFF, 0xFFFF, 0xFFFF, 0xFFFF, 0xFFFF, 0xFFFF, 0xDEFF, 0x50EC, 
  0x0DF4, 0x50FD, 0xCBAB, 0xA75A, 0xC95A, 0x284A, 0x6852, 0x8852, 0x885A, 0x0963, 0xC862, 0x096B, 0x096B, 0x096B, 0x885A, 0x2973, 
  0x286B, 0xA852, 0x0A83, 0xEFF4, 0x0FFD, 0x6DFC, 0x8DEB, 0x5DFF, 0xFFFF, 0xFFFF, 0xFBF6, 0x8CEB, 0xEFFC, 0xCEFC, 0xEFFC, 0x2DFC, 
  0x0AF3, 0xC5FE, 0xE1FF, 0xC1FF, 0xC0FF, 0xC1FF, 0xC1FF, 0xC1FF, 0xC1FF, 0xC1FF, 0xC1FF, 0xC1FF, 0xC1FF, 0xC1FF, 0xC1FF, 0xC1FF, 
  0xC1FF, 0xC1FF, 0xC1FF, 0xC1FF, 0xC1FF, 0xC1FF, 0xC1FF, 0xC1FF, 0xC1FF, 0xC1FF, 0xC1FF, 0xC1FF, 0xC1FF, 0xC1FF, 0xC1FF, 0xC1FF, 
  0xC1FF, 0xC1FF, 0xC1FF, 0xC1FF, 0xC1FF, 0xC1FF, 0xC1FF, 0xC1FF, 0xC1FF, 0xC1FF, 0xC1FF, 0xC1FF, 0xC0FF, 0xC0FF, 0xC0FF, 0xC1FF, 
  0x04FF, 0xE0FF, 0xC0FF, 0xC0FF, 0xC0FF, 0xC1FF, 0xC1FF, 0xC1FF, 0xC1FF, 0xC1FF, 0xC1FF, 0xC1FF, 0xC1FF, 0xC1FF, 0xC1FF, 0xC1FF, 
  0xC1FF, 0xC1FF, 0xC1FF, 0xC1FF, 0xC1FF, 0xC1FF, 0xC1FF, 0xC1FF, 0xC1FF, 0xC1FF, 0xC1FF, 0xC1FF, 0xC1FF, 0xC1FF, 0xC1FF, 0xC1FF, 
  0xC1FF, 0xC1FF, 0xC1FF, 0xC1FF, 0xC1FF, 0xC1FF, 0xC1FF, 0xC1FF, 0xC1FF, 0xC1FF, 0xC1FF, 0xC1FF, 0xC1FF, 0xC1FF, 0xC1FF, 0xC1FF, 
  0xC1FF, 0xC1FF, 0xC1FF, 0xC1FF, 0xC1FF, 0xC1FF, 0xE1FF, 0x65FF, 0x6BF5, 0xEEFC, 0x0DF4, 0x0EEC, 0xCDF3, 0xEBFA, 0x8CFB, 0x8EFC, 
  0x2FFD, 0xEEFC, 0xCEFC, 0x0FFD, 0xEFFC, 0xCFFC, 0x0FFD, 0x4FFD, 0x2FFD, 0xEEF4, 0xEFF4, 0xEFFC, 0xCEFC, 0xADFC, 0xADF4, 0xAEF4, 
  0x10FD, 0x73FD, 0xB5F5, 0xF6F5, 0xB6F5, 0xB5F5, 0x94FD, 0x54FD, 0x12F5, 0xD0EC, 0x8DE4, 0x2CDC, 0x6AB3, 0x098B, 0xA86A, 0xC872, 
  0x6752, 0x6852, 0x674A, 0x474A, 0x684A, 0x6952, 0x096B, 0x296B, 0x0963, 0xC862, 0x695A, 0x274A, 0x0973, 0xA762, 0x8EBC, 0x4FF5, 
  0x0AA4, 0x8A7B, 0xA95A, 0xA952, 0xA952, 0x674A, 0xC95A, 0x885A, 0xC76A, 0x698B, 0x4993, 0x6AA3, 0x6AB3, 0xECC3, 0x6ED4, 0xD0E4, 
  0xF1EC, 0x12ED, 0x53F5, 0x74F5, 0x74F5, 0x94F5, 0x73F5, 0x53F5, 0x12F5, 0xD1EC, 0xD0F4, 0x8EF4, 0x6EF4, 0x8EEC, 0x8EE4, 0x6DD4, 
  0x8DD4, 0x0FF5, 0xEFFC, 0xACFB, 0xCAFA, 0x0FEC, 0xDEFF, 0xFFFF, 0xFFFF, 0xFFFF, 0xFFFF, 0xFFFF, 0xFFFF, 0xDFFF, 0xFFFF, 0x5BFF, 
  0xACEB, 0x8EFC, 0x50FD, 0x4993, 0x4852, 0x6852, 0xE962, 0x0A63, 0x685A, 0x885A, 0xC962, 0x096B, 0xA862, 0x2A6B, 0x2D9C, 0xC962, 
  0x484A, 0xA852, 0x096B, 0xEEEC, 0x0FFD, 0x8EFC, 0x8DEB, 0x5DFF, 0xFFFF, 0xFFFF, 0xFBF6, 0xACEB, 0x0FFD, 0x0FFD, 0xEEFC, 0x0DFC, 
  0xEAFA, 0x85FE, 0xE0FF, 0xC0FF, 0xE0FF, 0xC1FF, 0xC1FF, 0xC1FF, 0xC1FF, 0xC1FF, 0xC1FF, 0xC1FF, 0xC1FF, 0xC1FF, 0xC1FF, 0xC1FF, 
  0xC1FF, 0xC1FF, 0xC1FF, 0xC1FF, 0xC1FF, 0xC1FF, 0xC1FF, 0xC1FF, 0xC1FF, 0xC1FF, 0xC1FF, 0xC1FF, 0xC1FF, 0xC1FF, 0xC1FF, 0xC1FF, 
  0xC1FF, 0xC1FF, 0xC1FF, 0xC1FF, 0xC1FF, 0xC1FF, 0xC1FF, 0xC1FF, 0xC1FF, 0xC1FF, 0xC1FF, 0xC1FF, 0xC0FF, 0xC0FF, 0xC0FF, 0xC1FF, 
  0x04FF, 0xE0FF, 0xC0FF, 0xC0FF, 0xC0FF, 0xC1FF, 0xC1FF, 0xC1FF, 0xC1FF, 0xC1FF, 0xC1FF, 0xC1FF, 0xC1FF, 0xC1FF, 0xC1FF, 0xC1FF, 
  0xC1FF, 0xC1FF, 0xC1FF, 0xC1FF, 0xC1FF, 0xC1FF, 0xC1FF, 0xC1FF, 0xC1FF, 0xC1FF, 0xC1FF, 0xC1FF, 0xC1FF, 0xC1FF, 0xC1FF, 0xC1FF, 
  0xC1FF, 0xC1FF, 0xC1FF, 0xC1FF, 0xC1FF, 0xC1FF, 0xC1FF, 0xC1FF, 0xC1FF, 0xC1FF, 0xC1FF, 0xC1FF, 0xC1FF, 0xC1FF, 0xC1FF, 0xC1FF, 
  0xC1FF, 0xC1FF, 0xC1FF, 0xC1FF, 0xC1FF, 0xC0FF, 0xA3FF, 0xABF5, 0xEFFC, 0xCCEB, 0xF2F4, 0x79FE, 0xADEB, 0xEDF3, 0xEFFC, 0xCEFC, 
  0xCEFC, 0xEEFC, 0x2FFD, 0x0EFD, 0xCEFC, 0xCEF4, 0xADDC, 0x2CBC, 0x899B, 0x48A3, 0x8DE4, 0x2FFD, 0x0EFD, 0x2FFD, 0x0FFD, 0x30FD, 
  0x6DDC, 0x0BCC, 0x6CDC, 0x6CE4, 0xAFEC, 0xF0EC, 0x31ED, 0x94F5, 0xD6FD, 0xD6F5, 0xD7F5, 0xD5F5, 0x72F5, 0xD0FC, 0x6FF4, 0x2DDC, 
  0xCBC3, 0xAAAB, 0xC87A, 0xA862, 0x885A, 0x4752, 0xE86A, 0xAB83, 0xE86A, 0x6A73, 0xA952, 0xCA5A, 0x8852, 0x2742, 0xE872, 0xCBA3, 
  0xA772, 0xE97A, 0xC872, 0xE882, 0x0993, 0x8AB3, 0xAAC3, 0xECCB, 0x8FE4, 0xF1E4, 0x74ED, 0xF6F5, 0x58FE, 0x99FE, 0x98FE, 0x78F6, 
  0x58F6, 0x17FE, 0x16FE, 0xD6FD, 0xF6FD, 0xF6FD, 0xD6FD, 0xD5FD, 0xB5FD, 0x54F5, 0x33F5, 0x91F4, 0x2CFB, 0xEBFA, 0x8CFB, 0xEDFB, 
  0x4DFC, 0x2DFC, 0x8CFB, 0x2BFB, 0x0CFB, 0x6CEB, 0x1BFF, 0xFFFF, 0xDFFF, 0xFFFF, 0xFFFF, 0xFFFF, 0xFFFF, 0xFFFF, 0xDFFF, 0xFFFF, 
  0x54ED, 0x6BF3, 0x2FFD, 0xAEDC, 0xC862, 0x8852, 0x0963, 0xAB83, 0x296B, 0xE962, 0xA95A, 0xA85A, 0x496B, 0xE962, 0x885A, 0x474A, 
  0x0963, 0x2973, 0x086B, 0x8DDC, 0x2FFD, 0x8EFC, 0xADEB, 0x5DFF, 0xFFFF, 0xFFFF, 0xFBF6, 0xACEB, 0xEEFC, 0x0FFD, 0x2FFD, 0x0DF4, 
  0xEBF2, 0x65FE, 0xE0FF, 0xC1FF, 0xC1FF, 0xC1FF, 0xC0FF, 0xC1FF, 0xC1FF, 0xC1FF, 0xC1FF, 0xC1FF, 0xC1FF, 0xC1FF, 0xC1FF, 0xC1FF, 
  0xC1FF, 0xC1FF, 0xC1FF, 0xC1FF, 0xC1FF, 0xC1FF, 0xC1FF, 0xC1FF, 0xC1FF, 0xC1FF, 0xC1FF, 0xC1FF, 0xC1FF, 0xC1FF, 0xC1FF, 0xC1FF, 
  0xC1FF, 0xC1FF, 0xC1FF, 0xC1FF, 0xC1FF, 0xC1FF, 0xC1FF, 0xC1FF, 0xC1FF, 0xC1FF, 0xC1FF, 0xC1FF, 0xC0FF, 0xC0FF, 0xC0FF, 0xC1FF, 
  0x04FF, 0xE0FF, 0xC0FF, 0xC0FF, 0xC0FF, 0xC1FF, 0xC1FF, 0xC1FF, 0xC1FF, 0xC1FF, 0xC1FF, 0xC1FF, 0xC1FF, 0xC1FF, 0xC1FF, 0xC1FF, 
  0xC1FF, 0xC1FF, 0xC1FF, 0xC1FF, 0xC1FF, 0xC1FF, 0xC1FF, 0xC1FF, 0xC1FF, 0xC1FF, 0xC1FF, 0xC1FF, 0xC1FF, 0xC1FF, 0xC1FF, 0xC1FF, 
  0xC1FF, 0xC1FF, 0xC1FF, 0xC1FF, 0xC1FF, 0xC1FF, 0xC1FF, 0xC1FF, 0xC1FF, 0xC1FF, 0xC1FF, 0xC1FF, 0xC1FF, 0xC1FF, 0xC1FF, 0xC1FF, 
  0xC0FF, 0xC1FF, 0xC1FF, 0xC1FF, 0xC0FF, 0xC2FF, 0x0AF6, 0x0EF5, 0xCCEB, 0xB6F5, 0xBDFF, 0xEEEB, 0xEDF3, 0x0FFD, 0xEEFC, 0xCEFC, 
  0xEFFC, 0x0FFD, 0x6DCC, 0x2BAC, 0x2983, 0x875A, 0x875A, 0xA762, 0x0CBC, 0x0FF5, 0xEFFC, 0x8EFC, 0xAEFC, 0xEFFC, 0x0FFD, 0x0FFD, 
  0x8DEC, 0xEBC3, 0xCAAB, 0x899B, 0x6993, 0x488B, 0x499B, 0x49AB, 0xAAC3, 0x4DCC, 0x11ED, 0x73FD, 0x17F6, 0x38F6, 0x38FE, 0xF6F5, 
  0x94F5, 0x12FD, 0xD0F4, 0x6EE4, 0x2CD4, 0x0BBC, 0xCAA3, 0x6A8B, 0x497B, 0xCA8B, 0x4A83, 0xE872, 0xAA8B, 0x6A93, 0x69A3, 0x8AB3, 
  0xABBB, 0x2DD4, 0xF0E4, 0x53F5, 0xB5F5, 0x17F6, 0x79FE, 0xDAFE, 0xFBFE, 0xDAFE, 0x79FE, 0x16F6, 0x94FD, 0x11F5, 0xB0E4, 0x6EDC, 
  0xCCC3, 0xABBB, 0xABBB, 0xABBB, 0x8AB3, 0x8AB3, 0x8BC3, 0x8ABB, 0xAABB, 0xECD3, 0x2DDC, 0x6EEC, 0x6EF4, 0x0DFC, 0x6CFB, 0xEBFA, 
  0xCAFA, 0x0CF3, 0x0BFB, 0x2BFB, 0x2CFB, 0xEAFA, 0x34ED, 0xFFFF, 0xDFFF, 0xFFFF, 0xFFFF, 0xFFFF, 0xFFFF, 0xFFFF, 0xFFFF, 0xFFFF, 
  0x92F4, 0x6BF3, 0x2EFD, 0x8EDC, 0x895A, 0x684A, 0x875A, 0x2983, 0xE872, 0xA86A, 0xC96A, 0xC862, 0xC85A, 0xC85A, 0xE96A, 0x6A73, 
  0x897B, 0xE862, 0x097B, 0x0FF5, 0x0FFD, 0xAEFC, 0x8DEB, 0x5DFF, 0xFFFF, 0xFFFF, 0x59F6, 0x8CF3, 0x0EFD, 0x0EFD, 0x0FFD, 0x6EF4, 
  0x10EC, 0xE5F5, 0xE1FF, 0xC1FF, 0xC1FF, 0xC0FF, 0xC0FF, 0xC1FF, 0xC1FF, 0xC1FF, 0xC1FF, 0xC1FF, 0xC1FF, 0xC1FF, 0xC1FF, 0xC1FF, 
  0xC1FF, 0xC1FF, 0xC1FF, 0xC1FF, 0xC1FF, 0xC1FF, 0xC1FF, 0xC1FF, 0xC1FF, 0xC1FF, 0xC1FF, 0xC1FF, 0xC1FF, 0xC1FF, 0xC1FF, 0xC1FF, 
  0xC1FF, 0xC1FF, 0xC1FF, 0xC1FF, 0xC1FF, 0xC1FF, 0xC1FF, 0xC1FF, 0xC1FF, 0xC1FF, 0xC1FF, 0xC1FF, 0xC0FF, 0xC0FF, 0xC0FF, 0xC1FF, 
  0x04FF, 0xE0FF, 0xC0FF, 0xC0FF, 0xC0FF, 0xC1FF, 0xC1FF, 0xC1FF, 0xC1FF, 0xC1FF, 0xC1FF, 0xC1FF, 0xC1FF, 0xC1FF, 0xC1FF, 0xC1FF, 
  0xC1FF, 0xC1FF, 0xC1FF, 0xC1FF, 0xC1FF, 0xC1FF, 0xC1FF, 0xC1FF, 0xC1FF, 0xC1FF, 0xC1FF, 0xC1FF, 0xC1FF, 0xC1FF, 0xC1FF, 0xC1FF, 
  0xC1FF, 0xC1FF, 0xC1FF, 0xC1FF, 0xC1FF, 0xC1FF, 0xC1FF, 0xC1FF, 0xC1FF, 0xC1FF, 0xC1FF, 0xC1FF, 0xC1FF, 0xC1FF, 0xC1FF, 0xC0FF, 
  0xC0FF, 0xC1FF, 0xC1FF, 0xA0FF, 0xE2FF, 0xA8FE, 0x0EFD, 0xCCF3, 0x74ED, 0xFFFF, 0x50EC, 0xCCF3, 0x0FFD, 0xCEFC, 0xCEFC, 0x0FFD, 
  0xEEEC, 0x6993, 0x4973, 0xEA8B, 0x875A, 0x4842, 0x484A, 0x298B, 0x2FFD, 0x2DFC, 0x0BF3, 0x0BFB, 0x4CFB, 0xECFB, 0xCFFC, 0x2FFD, 
  0x2FFD, 0x4FFD, 0x2FFD, 0x0FFD, 0xCEEC, 0xADE4, 0x6DD4, 0xEBB3, 0x6A9B, 0x0883, 0x49A3, 0x68AB, 0xA9AB, 0x2CCC, 0x8FE4, 0xF1EC, 
  0x53ED, 0x54ED, 0x53ED, 0xF2F4, 0x70F4, 0xEEFB, 0xCCFB, 0xECF3, 0x2DF4, 0x2DEC, 0x2DE4, 0x6EE4, 0x8FE4, 0xF1EC, 0x53FD, 0xB5FD, 
  0x17F6, 0x58F6, 0x79FE, 0x99FE, 0x57FE, 0xF6F5, 0x95F5, 0x32ED, 0xD0EC, 0x6EE4, 0x0CD4, 0xABC3, 0x69AB, 0x8AA3, 0x886A, 0x8862, 
  0x2752, 0x474A, 0x8852, 0xC95A, 0x8752, 0xC95A, 0x6852, 0x6752, 0x6752, 0xE862, 0xC86A, 0x097B, 0x0983, 0xEBAB, 0x8EDC, 0x8EFC, 
  0xACFB, 0x2BF3, 0x0BFB, 0x0BFB, 0x2BFB, 0x2BFB, 0x0CEB, 0xB7F5, 0xFFFF, 0xFFFF, 0xFFFF, 0xFFFF, 0xDFFF, 0xDFFF, 0xFFFF, 0x38F6, 
  0xECF2, 0x4DF4, 0x4FFD, 0x2CBC, 0x2742, 0x2752, 0xCBAB, 0xCEE4, 0x2FF5, 0x50FD, 0xEEF4, 0x8DDC, 0x6A9B, 0xE872, 0x286B, 0x6A73, 
  0x096B, 0x0963, 0x4A8B, 0x2FFD, 0x2EFD, 0xAEFC, 0x8CEB, 0x5CF7, 0xFFFF, 0xFFFF, 0x95F5, 0xACF3, 0x0FFD, 0x2FFD, 0x0FFD, 0x8FEC, 
  0x54ED, 0x08ED, 0xE2FF, 0xC1FF, 0xC0FF, 0xC1FF, 0xC1FF, 0xC1FF, 0xC1FF, 0xC1FF, 0xC1FF, 0xC1FF, 0xC1FF, 0xC1FF, 0xC1FF, 0xC1FF, 
  0xC1FF, 0xC1FF, 0xC1FF, 0xC1FF, 0xC1FF, 0xC1FF, 0xC1FF, 0xC1FF, 0xC1FF, 0xC1FF, 0xC1FF, 0xC1FF, 0xC1FF, 0xC1FF, 0xC1FF, 0xC1FF, 
  0xC1FF, 0xC1FF, 0xC1FF, 0xC1FF, 0xC1FF, 0xC1FF, 0xC1FF, 0xC1FF, 0xC1FF, 0xC1FF, 0xC1FF, 0xC1FF, 0xC0FF, 0xC0FF, 0xC0FF, 0xC1FF, 
  0x04FF, 0xE0FF, 0xC0FF, 0xC0FF, 0xC0FF, 0xC1FF, 0xC1FF, 0xC1FF, 0xC1FF, 0xC1FF, 0xC1FF, 0xC1FF, 0xC1FF, 0xC1FF, 0xC1FF, 0xC1FF, 
  0xC1FF, 0xC1FF, 0xC1FF, 0xC1FF, 0xC1FF, 0xC1FF, 0xC1FF, 0xC1FF, 0xC1FF, 0xC1FF, 0xC1FF, 0xC1FF, 0xC1FF, 0xC1FF, 0xC1FF, 0xC1FF, 
  0xC1FF, 0xC1FF, 0xC1FF, 0xC1FF, 0xC1FF, 0xC1FF, 0xC1FF, 0xC1FF, 0xC1FF, 0xC1FF, 0xC1FF, 0xC1FF, 0xC1FF, 0xC1FF, 0xC1FF, 0xC0FF, 
  0xE1FF, 0xC1FF, 0xC0FF, 0xE1FF, 0x06FF, 0x4DF5, 0x4CFC, 0x92F4, 0xFFFF, 0x55ED, 0x8CF3, 0x0FFD, 0xEEFC, 0xEFFC, 0xEFFC, 0xEEEC, 
  0x2883, 0x885A, 0xA85A, 0x0963, 0x2A6B, 0x4952, 0x675A, 0x8DD4, 0xEEFC, 0x70EC, 0x54F5, 0x0BFB, 0x2CFB, 0x0BFB, 0x4BF3, 0x4DFC, 
  0x0EFD, 0x0EF5, 0x0FFD, 0xEFFC, 0xEFFC, 0x0FFD, 0x2FFD, 0x4FFD, 0x50FD, 0x2FFD, 0xCEEC, 0x8DD4, 0x0BBC, 0x2CC4, 0x69AB, 0x49B3, 
  0xA9C3, 0x0CDC, 0x8FFC, 0x6FFC, 0x6EF4, 0x0EF4, 0x6CF3, 0x2BFB, 0x2BF3, 0x4CF3, 0xEEF3, 0x70F4, 0xD2F4, 0xF3F4, 0x13F5, 0xF3EC, 
  0xF2EC, 0xD0EC, 0x6FEC, 0x0DDC, 0xCBC3, 0x6AB3, 0x4AA3, 0x298B, 0x4983, 0x087B, 0x897B, 0x696B, 0xC852, 0x8952, 0x474A, 0x684A, 
  0x684A, 0x884A, 0xEA5A, 0x8852, 0xC962, 0x8852, 0x484A, 0x0963, 0x8A7B, 0x6A73, 0x496B, 0xC95A, 0x474A, 0x6752, 0xE86A, 0x4A93, 
  0x8EDC, 0xEFFC, 0xCDFB, 0x0AF3, 0x2BF3, 0x2CFB, 0x2BFB, 0x0AF3, 0x91F4, 0x79F6, 0xBEFF, 0xFFFF, 0xFFFF, 0xDDFF, 0x37F6, 0x4CF3, 
  0x6BFB, 0xEFFC, 0x10FD, 0xAA93, 0xE86A, 0x4DC4, 0x50FD, 0x0FFD, 0x8EFC, 0x4CFC, 0xADFC, 0x10FD, 0x50FD, 0xCFE4, 0x6A93, 0x675A, 
  0xC852, 0xC852, 0x6AA3, 0x50FD, 0x0EFD, 0xCEFC, 0xCDE3, 0x5CFF, 0xFFFF, 0xFFFF, 0xB1EC, 0x2DFC, 0x2FFD, 0x2FFD, 0xCFFC, 0xB0EC, 
  0xF8F5, 0xAAEC, 0xE2FF, 0xC1FF, 0xC0FF, 0xC0FF, 0xC1FF, 0xC1FF, 0xC1FF, 0xC1FF, 0xC1FF, 0xC1FF, 0xC1FF, 0xC1FF, 0xC1FF, 0xC1FF, 
  0xC1FF, 0xC1FF, 0xC1FF, 0xC1FF, 0xC1FF, 0xC1FF, 0xC1FF, 0xC1FF, 0xC1FF, 0xC1FF, 0xC1FF, 0xC1FF, 0xC1FF, 0xC1FF, 0xC1FF, 0xC1FF, 
  0xC1FF, 0xC1FF, 0xC1FF, 0xC1FF, 0xC1FF, 0xC1FF, 0xC1FF, 0xC1FF, 0xC1FF, 0xC1FF, 0xC1FF, 0xC1FF, 0xC0FF, 0xC0FF, 0xC0FF, 0xC1FF, 
  0x04FF, 0xE0FF, 0xC0FF, 0xC0FF, 0xC0FF, 0xC1FF, 0xC1FF, 0xC1FF, 0xC1FF, 0xC1FF, 0xC1FF, 0xC1FF, 0xC1FF, 0xC1FF, 0xC1FF, 0xC1FF, 
  0xC1FF, 0xC1FF, 0xC1FF, 0xC1FF, 0xC1FF, 0xC1FF, 0xC1FF, 0xC1FF, 0xC1FF, 0xC1FF, 0xC1FF, 0xC1FF, 0xC1FF, 0xC1FF, 0xC1FF, 0xC1FF, 
  0xC1FF, 0xC1FF, 0xC1FF, 0xC1FF, 0xC1FF, 0xC1FF, 0xC1FF, 0xC1FF, 0xC1FF, 0xC1FF, 0xC1FF, 0xC1FF, 0xC1FF, 0xC1FF, 0xC1FF, 0xC1FF, 
  0xC1FF, 0xA1FF, 0xE0FF, 0xA4FF, 0xABF5, 0xAFFC, 0xCEEB, 0x9DFF, 0x9AFE, 0x6CEB, 0xEFFC, 0xEEFC, 0xCEFC, 0x0FFD, 0xEEF4, 0x0883, 
  0x894A, 0x684A, 0xEA6A, 0x884A, 0x8852, 0xE741, 0xC872, 0x50FD, 0x0CF4, 0x58F6, 0xBAFE, 0xEBF2, 0x2CFB, 0x0BFB, 0x4CF3, 0x6EFC, 
  0x2FFD, 0x4FFD, 0x2FFD, 0xCEFC, 0xCDFC, 0xEDFC, 0xEEFC, 0xEFFC, 0x0FFD, 0x0FFD, 0x2FFD, 0x0FFD, 0x2FFD, 0x70FD, 0x30FD, 0x0FF5, 
  0xEFEC, 0x0FF5, 0x2FFD, 0x4FFD, 0x2FFD, 0x2FFD, 0x2FFD, 0xEFFC, 0xAEFC, 0x6EFC, 0x6EFC, 0x8EFC, 0x8EFC, 0x6DFC, 0x8DFC, 0x8CF4, 
  0x0BD4, 0x6AA3, 0x0983, 0x6662, 0x475A, 0x4752, 0xE741, 0x2752, 0x8B83, 0x6A7B, 0x4652, 0xC85A, 0x885A, 0x8862, 0xE972, 0x087B, 
  0x097B, 0xA972, 0x8862, 0x6752, 0x474A, 0xA94A, 0xE952, 0xA862, 0x2A7B, 0x296B, 0xC95A, 0xA95A, 0x4852, 0xE962, 0xC85A, 0x6752, 
  0xA85A, 0x2983, 0x8DDC, 0xAEFC, 0x6BFB, 0x0AFB, 0x2BFB, 0x4BFB, 0xCBFA, 0x2CF3, 0xAEF3, 0x0FF4, 0x51F4, 0xEFF3, 0x0BF3, 0xEAFA, 
  0x4DFC, 0x50FD, 0x8EDC, 0xA66A, 0x0BBC, 0x0FFD, 0x0EFD, 0x4EFC, 0x2BF3, 0xCFF3, 0x8EEB, 0x6BF3, 0x8DFC, 0x4FFD, 0x50FD, 0x0ECC, 
  0xE972, 0xE76A, 0x4DDC, 0x0FFD, 0x0EFD, 0x8EFC, 0xCDEB, 0x7DFF, 0xFFFF, 0x7DFF, 0xCDEB, 0xAEFC, 0x4FFD, 0x2FFD, 0xAEFC, 0xB0EC, 
  0x7AF6, 0x8BEC, 0xC3FF, 0xC1FF, 0xC0FF, 0xC0FF, 0xC0FF, 0xC1FF, 0xC1FF, 0xC1FF, 0xC1FF, 0xC1FF, 0xC1FF, 0xC1FF, 0xC1FF, 0xC1FF, 
  0xC1FF, 0xC1FF, 0xC1FF, 0xC1FF, 0xC1FF, 0xC1FF, 0xC1FF, 0xC1FF, 0xC1FF, 0xC1FF, 0xC1FF, 0xC1FF, 0xC1FF, 0xC1FF, 0xC1FF, 0xC1FF, 
  0xC1FF, 0xC1FF, 0xC1FF, 0xC1FF, 0xC1FF, 0xC1FF, 0xC1FF, 0xC1FF, 0xC1FF, 0xC1FF, 0xC1FF, 0xC1FF, 0xC0FF, 0xC0FF, 0xC0FF, 0xC1FF, 
  0x04FF, 0xE0FF, 0xC0FF, 0xC0FF, 0xC0FF, 0xC1FF, 0xC1FF, 0xC1FF, 0xC1FF, 0xC1FF, 0xC1FF, 0xC1FF, 0xC1FF, 0xC1FF, 0xC1FF, 0xC1FF, 
  0xC1FF, 0xC1FF, 0xC1FF, 0xC1FF, 0xC1FF, 0xC1FF, 0xC1FF, 0xC1FF, 0xC1FF, 0xC1FF, 0xC1FF, 0xC1FF, 0xC1FF, 0xC1FF, 0xC1FF, 0xC1FF, 
  0xC1FF, 0xC1FF, 0xC1FF, 0xC1FF, 0xC1FF, 0xC1FF, 0xC1FF, 0xC1FF, 0xC1FF, 0xC1FF, 0xC1FF, 0xC1FF, 0xC1FF, 0xC1FF, 0xC1FF, 0xC1FF, 
  0xC1FF, 0xC0FF, 0xE1FF, 0x49FE, 0x0FFD, 0x0DF4, 0xD7F5, 0xDEFF, 0xEEEB, 0x6DFC, 0x2FFD, 0xEFFC, 0xCEFC, 0x30FD, 0x8A93, 0x4752, 
  0xE96A, 0xE862, 0xC862, 0xC95A, 0xA952, 0x8852, 0xABAB, 0x30FD, 0x2EEC, 0x9EFF, 0xF7FD, 0xCAF2, 0x2BFB, 0x0DFC, 0xCFFC, 0xEFFC, 
  0xAFFC, 0x8EFC, 0xAFF4, 0x31ED, 0x31ED, 0x31ED, 0xEFF4, 0xAEFC, 0xAEFC, 0xAEFC, 0xCFFC, 0x0FFD, 0xEFFC, 0x0CF4, 0xECF3, 0x0DFC, 
  0xEDFB, 0x0DFC, 0x2CF4, 0x4DFC, 0x4DFC, 0x8FFC, 0x8EFC, 0xCEFC, 0xEFFC, 0xCEFC, 0x0FFD, 0x50FD, 0x70FD, 0x4FFD, 0x2FFD, 0x0EFD, 
  0xADEC, 0xADE4, 0xCEE4, 0xAEE4, 0x8EE4, 0x4DCC, 0x2CBC, 0x0CCC, 0x28A3, 0x2893, 0x2A9B, 0x8BBB, 0x0DD4, 0x0FED, 0xEEE4, 0x8ED4, 
  0x4CC4, 0x4DBC, 0x8DC4, 0x2BBC, 0x0983, 0xE96A, 0x6752, 0xE641, 0x885A, 0x6A73, 0x664A, 0xA85A, 0x675A, 0x6A7B, 0x697B, 0x4A73, 
  0x0963, 0xA85A, 0xC96A, 0xCCAB, 0xCFEC, 0x2EFC, 0x2BF3, 0x0CFB, 0x2BFB, 0x4CFB, 0x8CFB, 0x6BF3, 0x0AF3, 0xEAFA, 0xEBFA, 0xEDF3, 
  0x10FD, 0x2FFD, 0x6BD4, 0xEBB3, 0x10FD, 0xEFFC, 0xAEFC, 0x4BEB, 0xF6F5, 0xDFFF, 0x5DFF, 0x33ED, 0x2BEB, 0xCCFB, 0x0EFD, 0x50FD, 
  0xAEDC, 0xEBC3, 0x0FFD, 0xEEFC, 0x2FFD, 0x4DFC, 0xEFF3, 0xDFFF, 0xFFFF, 0x58F6, 0x6BF3, 0x0FFD, 0x0FFD, 0x2FFD, 0xEFFC, 0xB0EC, 
  0xDBF6, 0x6BEC, 0x83FF, 0xE0FF, 0xC1FF, 0xC1FF, 0xC0FF, 0xC1FF, 0xC1FF, 0xC1FF, 0xC1FF, 0xC1FF, 0xC1FF, 0xC1FF, 0xC1FF, 0xC1FF, 
  0xC1FF, 0xC1FF, 0xC1FF, 0xC1FF, 0xC1FF, 0xC1FF, 0xC1FF, 0xC1FF, 0xC1FF, 0xC1FF, 0xC1FF, 0xC1FF, 0xC1FF, 0xC1FF, 0xC1FF, 0xC1FF, 
  0xC1FF, 0xC1FF, 0xC1FF, 0xC1FF, 0xC1FF, 0xC1FF, 0xC1FF, 0xC1FF, 0xC1FF, 0xC1FF, 0xC1FF, 0xC1FF, 0xC0FF, 0xC0FF, 0xC0FF, 0xC1FF, 
  0x04FF, 0xE0FF, 0xC0FF, 0xC0FF, 0xC0FF, 0xC1FF, 0xC1FF, 0xC1FF, 0xC1FF, 0xC1FF, 0xC1FF, 0xC1FF, 0xC1FF, 0xC1FF, 0xC1FF, 0xC1FF, 
  0xC1FF, 0xC1FF, 0xC1FF, 0xC1FF, 0xC1FF, 0xC1FF, 0xC1FF, 0xC1FF, 0xC1FF, 0xC1FF, 0xC1FF, 0xC1FF, 0xC1FF, 0xC1FF, 0xC1FF, 0xC1FF, 
  0xC1FF, 0xC1FF, 0xC1FF, 0xC1FF, 0xC1FF, 0xC1FF, 0xC1FF, 0xC1FF, 0xC1FF, 0xC1FF, 0xC1FF, 0xC1FF, 0xC1FF, 0xC1FF, 0xC1FF, 0xC1FF, 
  0xE0FF, 0xE1FF, 0x65FF, 0x4DFD, 0x8EFC, 0x0EE4, 0xDEFF, 0x34F5, 0xECF3, 0x2FFD, 0xEFFC, 0xEFFC, 0x2FFD, 0xECB3, 0xA95A, 0xE962, 
  0x4983, 0x0973, 0xC85A, 0xEA6A, 0xE95A, 0xE86A, 0xEFE4, 0xAFFC, 0xB1EC, 0xFFFF, 0x70F4, 0xEAF2, 0x8EFC, 0x50FD, 0x0FFD, 0x4CF4, 
  0xCCEB, 0x8CEB, 0x2EEC, 0xD4F5, 0x16F6, 0x99F6, 0xB9FE, 0xD8FE, 0x56FE, 0x93F5, 0x2FF5, 0xCEF4, 0xEFFC, 0x8FFC, 0x4BFB, 0xCAFA, 
  0xEBFA, 0xECFA, 0x0BFB, 0x0BFB, 0x0AFB, 0x0AFB, 0x2BFB, 0x4CFB, 0x6CF3, 0x8CF3, 0xACF3, 0xEDFB, 0x0DFC, 0x4EFC, 0xCFFC, 0x10FD, 
  0x30FD, 0x30FD, 0x2FFD, 0x2FFD, 0x0EFD, 0xEEFC, 0x10FD, 0x72FD, 0xD4ED, 0xB4F5, 0x4FFC, 0xCCE3, 0x0CC4, 0x8A93, 0xC972, 0x285A, 
  0x4752, 0xE862, 0xA86A, 0x2A8B, 0x8EC4, 0xEEDC, 0x2DC4, 0xE882, 0x8752, 0x885A, 0x296B, 0x4A6B, 0x095B, 0xE962, 0x8A7B, 0x4873, 
  0x4973, 0x0973, 0xC962, 0x474A, 0x886A, 0x6ECC, 0xAFFC, 0x6BFB, 0x0AFB, 0x2BFB, 0xCDFB, 0x6FFC, 0xEFFC, 0x8EFC, 0x4DFC, 0x10FD, 
  0x0FFD, 0xEEFC, 0x2EFD, 0x2FFD, 0xF0FC, 0x0FFD, 0x4BF3, 0xD2F4, 0xFFFF, 0xDFFF, 0xFFFF, 0xFFFF, 0xF7F5, 0xEBEA, 0xCCF3, 0x2FFD, 
  0x4FFD, 0x4FFD, 0x0FFD, 0xEFFC, 0xEEFC, 0xEDF3, 0xB2F4, 0xFFFF, 0xFFFF, 0xF2EC, 0x0CFC, 0x0FFD, 0xEFFC, 0x0FFD, 0xEEFC, 0xAFEC, 
  0x1CFF, 0x8CEC, 0x63FF, 0xE0FF, 0xC1FF, 0xC1FF, 0xC0FF, 0xC1FF, 0xC1FF, 0xC1FF, 0xC1FF, 0xC1FF, 0xC1FF, 0xC1FF, 0xC1FF, 0xC1FF, 
  0xC1FF, 0xC1FF, 0xC1FF, 0xC1FF, 0xC1FF, 0xC1FF, 0xC1FF, 0xC1FF, 0xC1FF, 0xC1FF, 0xC1FF, 0xC1FF, 0xC1FF, 0xC1FF, 0xC1FF, 0xC1FF, 
  0xC1FF, 0xC1FF, 0xC1FF, 0xC1FF, 0xC1FF, 0xC1FF, 0xC1FF, 0xC1FF, 0xC1FF, 0xC1FF, 0xC1FF, 0xC1FF, 0xC0FF, 0xC0FF, 0xC0FF, 0xC1FF, 
  0x04FF, 0xE0FF, 0xC0FF, 0xC0FF, 0xC0FF, 0xC1FF, 0xC1FF, 0xC1FF, 0xC1FF, 0xC1FF, 0xC1FF, 0xC1FF, 0xC1FF, 0xC1FF, 0xC1FF, 0xC1FF, 
  0xC1FF, 0xC1FF, 0xC1FF, 0xC1FF, 0xC1FF, 0xC1FF, 0xC1FF, 0xC1FF, 0xC1FF, 0xC1FF, 0xC1FF, 0xC1FF, 0xC1FF, 0xC1FF, 0xC1FF, 0xC1FF, 
  0xC1FF, 0xC1FF, 0xC1FF, 0xC1FF, 0xC1FF, 0xC1FF, 0xC1FF, 0xC1FF, 0xC1FF, 0xC1FF, 0xC1FF, 0xC1FF, 0xC1FF, 0xC0FF, 0xC1FF, 0xC1FF, 
  0xC0FF, 0xC2FF, 0x28F6, 0x0FFD, 0x0BF4, 0xF7F5, 0xFBFE, 0xACEB, 0xEFFC, 0xEFFC, 0xCEFC, 0x2FFD, 0x4DCC, 0x4762, 0xC95A, 0x0863, 
  0x496B, 0x4A73, 0x2A73, 0x296B, 0x6752, 0xCAA3, 0x30FD, 0x0CF4, 0x74F5, 0xF8F5, 0xEAEA, 0xB0FC, 0x0EF5, 0x2BC4, 0xCB9B, 0x097B, 
  0x675A, 0xE96A, 0x097B, 0x6A8B, 0xE87A, 0x6A8B, 0x2DA4, 0x4FAC, 0x73D5, 0xF6E5, 0x58FE, 0xD6FD, 0xD0F4, 0x8EFC, 0xAFFC, 0x0EFC, 
  0x6CFB, 0x4BFB, 0x2BFB, 0x2CFB, 0x2CFB, 0x0BFB, 0x0BFB, 0x0BFB, 0x0BFB, 0x0BFB, 0x0BFB, 0xEAFA, 0xEAFA, 0x0BF3, 0x6CF3, 0x0DFC, 
  0x4DF4, 0xAEFC, 0xCEF4, 0xF0F4, 0x93F5, 0x78F6, 0x1AFF, 0xDAF6, 0x94E5, 0x4EBC, 0x8A8B, 0x2973, 0x6752, 0x8852, 0xE95A, 0x2963, 
  0xC85A, 0x685A, 0x8852, 0x4842, 0x2752, 0xE87A, 0x8CCC, 0xEFFC, 0x0DE4, 0xAAB3, 0x2983, 0x875A, 0x0863, 0x4973, 0x6A73, 0x0963, 
  0xE962, 0xC95A, 0xC96A, 0xAC8B, 0xE86A, 0xA762, 0x6DBC, 0x2FFD, 0xCCFB, 0x0BFB, 0x0BFB, 0x2BF3, 0xEDF3, 0xEFFC, 0x0EFD, 0xEDFC, 
  0xEEFC, 0xEFFC, 0xEFFC, 0xCEFC, 0x0FFD, 0x0CFC, 0x2CF3, 0x1CFF, 0xFFFF, 0xFFFF, 0xFFFF, 0xFFFF, 0xFFFF, 0xF3EC, 0xCBF2, 0x8FFC, 
  0x0FFD, 0xCEFC, 0xEFFC, 0xEFFC, 0xEFFC, 0x6CEB, 0x95F5, 0xFFFF, 0xBEFF, 0xEFEB, 0xADFC, 0x0FFD, 0x10FD, 0x2FFD, 0xEEFC, 0xD0EC, 
  0x5EFF, 0x8FF4, 0x23FF, 0xE0FF, 0xC1FF, 0xC1FF, 0xC0FF, 0xC1FF, 0xC1FF, 0xC1FF, 0xC1FF, 0xC1FF, 0xC1FF, 0xC1FF, 0xC1FF, 0xC1FF, 
  0xC1FF, 0xC1FF, 0xC1FF, 0xC1FF, 0xC1FF, 0xC1FF, 0xC1FF, 0xC1FF, 0xC1FF, 0xC1FF, 0xC1FF, 0xC1FF, 0xC1FF, 0xC1FF, 0xC1FF, 0xC1FF, 
  0xC1FF, 0xC1FF, 0xC1FF, 0xC1FF, 0xC1FF, 0xC1FF, 0xC1FF, 0xC1FF, 0xC1FF, 0xC1FF, 0xC1FF, 0xC1FF, 0xC0FF, 0xC0FF, 0xC0FF, 0xC1FF, 
  0x04FF, 0xE0FF, 0xC0FF, 0xC0FF, 0xC0FF, 0xC1FF, 0xC1FF, 0xC1FF, 0xC1FF, 0xC1FF, 0xC1FF, 0xC1FF, 0xC1FF, 0xC1FF, 0xC1FF, 0xC1FF, 
  0xC1FF, 0xC1FF, 0xC1FF, 0xC1FF, 0xC1FF, 0xC1FF, 0xC1FF, 0xC1FF, 0xC1FF, 0xC1FF, 0xC1FF, 0xC1FF, 0xC1FF, 0xC1FF, 0xC1FF, 0xC1FF, 
  0xC1FF, 0xC1FF, 0xC1FF, 0xC1FF, 0xC1FF, 0xC1FF, 0xC1FF, 0xC1FF, 0xC1FF, 0xC1FF, 0xC1FF, 0xC1FF, 0xC0FF, 0xC0FF, 0xC0FF, 0xC1FF, 
  0xE0FF, 0x64FF, 0x6CF5, 0x8FFC, 0x4EEC, 0x5CFF, 0x30EC, 0x6DFC, 0x0FFD, 0xEFFC, 0x0FFD, 0xAFE4, 0xA96A, 0x6852, 0xE962, 0x296B, 
  0x296B, 0x096B, 0x296B, 0x286B, 0xE962, 0x6DD4, 0x2FFD, 0xACF3, 0x6DF3, 0x4BEB, 0x6EFC, 0x6DD4, 0x2883, 0x4873, 0xAA83, 0x2963, 
  0xA852, 0xE962, 0x8852, 0xE85A, 0xA852, 0x2973, 0x6983, 0xA75A, 0x875A, 0x287B, 0x6993, 0x4DC4, 0x8FEC, 0xACF3, 0x8BF3, 0xECF3, 
  0xEDF3, 0x6CFB, 0xEAFA, 0x2BFB, 0x4BFB, 0x2BFB, 0x2BFB, 0x2BFB, 0x2BFB, 0x2BFB, 0x0CFB, 0x0BFB, 0x6CF3, 0x4DFB, 0xECFA, 0xC9FA, 
  0x8CEB, 0x73F5, 0x99FE, 0x7CFF, 0x5BFF, 0x16DE, 0x8FB4, 0x2A83, 0x465A, 0xC862, 0xC85A, 0xC952, 0xEA62, 0x484A, 0xA862, 0x2A6B, 
  0x6852, 0x2752, 0xC95A, 0xC962, 0x4852, 0x474A, 0x4A6B, 0xA87A, 0x8BBB, 0x2EF4, 0x12ED, 0xAD9B, 0x4883, 0xEA93, 0xC962, 0xA95A, 
  0x6852, 0x6852, 0xE962, 0xAA8B, 0xA76A, 0xA85A, 0x6852, 0x2A8B, 0xAEE4, 0x2DFC, 0x0BF3, 0x2BFB, 0x0AFB, 0x8CF3, 0xCFFC, 0x0EFD, 
  0xEEFC, 0xCEFC, 0xEFFC, 0x0FFD, 0xEFFC, 0x0AFB, 0xB2F4, 0xFFFF, 0xFFFF, 0xFFFF, 0xFFFF, 0xDFFF, 0xFFFF, 0xDAFE, 0xEBF2, 0xEDFB, 
  0x0FFD, 0xAEFC, 0xCFFC, 0x0FFD, 0xAEFC, 0x4BEB, 0x9AF6, 0xFFFF, 0xFBFE, 0xADF3, 0xEEFC, 0xEFFC, 0xEFFC, 0x0EFD, 0xEEFC, 0xB0EC, 
  0x9EFF, 0xD0EC, 0xA4FE, 0xE1FF, 0xC1FF, 0xC1FF, 0xC1FF, 0xC1FF, 0xC1FF, 0xC1FF, 0xC1FF, 0xC1FF, 0xC1FF, 0xC1FF, 0xC1FF, 0xC1FF, 
  0xC1FF, 0xC1FF, 0xC1FF, 0xC1FF, 0xC1FF, 0xC1FF, 0xC1FF, 0xC1FF, 0xC1FF, 0xC1FF, 0xC1FF, 0xC1FF, 0xC1FF, 0xC1FF, 0xC1FF, 0xC1FF, 
  0xC1FF, 0xC1FF, 0xC1FF, 0xC1FF, 0xC1FF, 0xC1FF, 0xC1FF, 0xC1FF, 0xC1FF, 0xC1FF, 0xC1FF, 0xC1FF, 0xC0FF, 0xC0FF, 0xC0FF, 0xC1FF, 
  0x04FF, 0xE0FF, 0xC0FF, 0xC0FF, 0xC0FF, 0xC1FF, 0xC1FF, 0xC1FF, 0xC1FF, 0xC1FF, 0xC1FF, 0xC1FF, 0xC1FF, 0xC1FF, 0xC1FF, 0xC1FF, 
  0xC1FF, 0xC1FF, 0xC1FF, 0xC1FF, 0xC1FF, 0xC1FF, 0xC1FF, 0xC1FF, 0xC1FF, 0xC1FF, 0xC1FF, 0xC1FF, 0xC1FF, 0xC1FF, 0xC1FF, 0xC1FF, 
  0xC1FF, 0xC1FF, 0xC1FF, 0xC1FF, 0xC1FF, 0xC1FF, 0xC1FF, 0xC1FF, 0xC1FF, 0xC1FF, 0xC0FF, 0xC1FF, 0xC1FF, 0xC0FF, 0xC0FF, 0xC1FF, 
  0xE1FF, 0xC6FE, 0x2FFD, 0xECF3, 0xB6F5, 0x95F5, 0xCCF3, 0x10FD, 0xEEFC, 0x0EFD, 0x0FF5, 0xE882, 0x6752, 0xC85A, 0x4A6B, 0x296B, 
  0xE962, 0xC962, 0xC95A, 0xE962, 0xC872, 0x0EED, 0xCEFC, 0x2BEB, 0x0BF3, 0x8EFC, 0xADDC, 0x2883, 0x4973, 0x4A6B, 0xE76A, 0x296B, 
  0xE962, 0x6A73, 0x296B, 0x897B, 0x4973, 0x4973, 0xEB8B, 0x2A73, 0x0973, 0xADBC, 0x0AB4, 0x4CD4, 0xAEF4, 0x0FFD, 0xEFFC, 0xAEFC, 
  0x4EFC, 0x2DFC, 0xCDFB, 0x6CFB, 0x0BFB, 0x0BF3, 0x0BFB, 0x0BFB, 0x0BFB, 0x2BFB, 0x0BFB, 0x8CF3, 0x0DFC, 0x0AFB, 0x2BEB, 0x14ED, 
  0x5CFF, 0x9CFF, 0x57E6, 0x4FAC, 0xC97A, 0x675A, 0x6752, 0xE741, 0x0A73, 0x8A83, 0x2A73, 0x6852, 0x6852, 0xE962, 0xC762, 0xAA83, 
  0xC962, 0x884A, 0x096B, 0xC962, 0x697B, 0xAA83, 0x6852, 0x4842, 0x684A, 0xA87A, 0xD1D4, 0xF9FE, 0xD4DD, 0xCBAB, 0x297B, 0xA852, 
  0xC862, 0xA85A, 0xA94A, 0x474A, 0x6A8B, 0x8B83, 0x2742, 0xE639, 0x685A, 0x2DC4, 0x6EFC, 0x0BFB, 0x0CFB, 0x0BFB, 0xACF3, 0x0FFD, 
  0x0FFD, 0x0FFD, 0x0EFD, 0x0FFD, 0x6EFC, 0xEAF2, 0x38FE, 0xFFFF, 0xFFFF, 0xFFFF, 0xFFFF, 0xFFFF, 0xFFFF, 0x7DFF, 0x6DF3, 0xACFB, 
  0x0FFD, 0xEFFC, 0x0FFD, 0x0FFD, 0x6DFC, 0x8DEB, 0x7DFF, 0xFFFF, 0x79F6, 0xACF3, 0x2FFD, 0xEFFC, 0xEFFC, 0x0FFD, 0x0EFD, 0x8FEC, 
  0x9EFF, 0x12ED, 0x46F6, 0xE1FF, 0xC0FF, 0xC0FF, 0xC1FF, 0xC1FF, 0xC1FF, 0xC1FF, 0xC1FF, 0xC1FF, 0xC1FF, 0xC1FF, 0xC1FF, 0xC1FF, 
  0xC1FF, 0xC1FF, 0xC1FF, 0xC1FF, 0xC1FF, 0xC1FF, 0xC1FF, 0xC1FF, 0xC1FF, 0xC1FF, 0xC1FF, 0xC1FF, 0xC1FF, 0xC1FF, 0xC1FF, 0xC1FF, 
  0xC1FF, 0xC1FF, 0xC1FF, 0xC1FF, 0xC1FF, 0xC1FF, 0xC1FF, 0xC1FF, 0xC1FF, 0xC1FF, 0xC1FF, 0xC1FF, 0xC0FF, 0xC0FF, 0xC0FF, 0xC1FF, 
  0x04FF, 0xE0FF, 0xC0FF, 0xC0FF, 0xC0FF, 0xC1FF, 0xC1FF, 0xC1FF, 0xC1FF, 0xC1FF, 0xC1FF, 0xC1FF, 0xC1FF, 0xC1FF, 0xC1FF, 0xC1FF, 
  0xC1FF, 0xC1FF, 0xC1FF, 0xC1FF, 0xC1FF, 0xC1FF, 0xC1FF, 0xC1FF, 0xC1FF, 0xC1FF, 0xC1FF, 0xC1FF, 0xC1FF, 0xC1FF, 0xC1FF, 0xC1FF, 
  0xC1FF, 0xC1FF, 0xC1FF, 0xC1FF, 0xC1FF, 0xC1FF, 0xC1FF, 0xC1FF, 0xC1FF, 0xC1FF, 0xC0FF, 0xC0FF, 0xC1FF, 0xC1FF, 0xC0FF, 0xC0FF, 
  0xC2FF, 0xCAFD, 0xCEFC, 0x0EEC, 0xB7F5, 0xACEB, 0xEEFC, 0xCFFC, 0xEEFC, 0x2FFD, 0xABAB, 0xC85A, 0x296B, 0xE862, 0xE862, 0x096B, 
  0xC85A, 0xC95A, 0xA85A, 0xE95A, 0x2983, 0x4FFD, 0x6EFC, 0xCCFB, 0xCFFC, 0x6DD4, 0x0873, 0x6973, 0x296B, 0xA95A, 0xEA62, 0xA95A, 
  0xA862, 0x4A7B, 0x096B, 0x2973, 0xAA83, 0x096B, 0x2A6B, 0x287B, 0x8DCC, 0x0FFD, 0x0FFD, 0x0FFD, 0xCFFC, 0x8EFC, 0x8EFC, 0x8EFC, 
  0xAEFC, 0xEFFC, 0x0FFD, 0xCFFC, 0x8FFC, 0x0DFC, 0x6BFB, 0x0BFB, 0x0CFB, 0x0BFB, 0x4BF3, 0x4EFC, 0x2BF3, 0x8DEB, 0xDAF6, 0xDFFF, 
  0xB4DD, 0x6A8B, 0xE651, 0xC541, 0x6852, 0xEA62, 0x4752, 0x274A, 0x6B7B, 0x297B, 0x2A73, 0x895A, 0xA85A, 0xA852, 0xC75A, 0x2A7B, 
  0xC962, 0x4A73, 0x875A, 0xE962, 0x2963, 0xA85A, 0x6852, 0x684A, 0x484A, 0x6852, 0x275A, 0xABA3, 0x99F6, 0x1BFF, 0x6FBC, 0x8762, 
  0x4A6B, 0xE962, 0x474A, 0x6852, 0x0973, 0xC96A, 0x494A, 0x484A, 0xA95A, 0x875A, 0xECAB, 0xAFFC, 0x4BFB, 0x0BFB, 0x0BFB, 0xCCFB, 
  0x0FFD, 0x0EFD, 0xEEFC, 0x0FFD, 0x0DFC, 0x0CF3, 0x3BFF, 0xFFFF, 0xDFFF, 0xFFFF, 0xFFFF, 0xFFFF, 0xFFFF, 0x9DFF, 0x8DF3, 0xACFB, 
  0x2FFD, 0x0FFD, 0xEFFC, 0x0FFD, 0x0DFC, 0x0FF4, 0xFEFF, 0xFFFF, 0xF7F5, 0xACF3, 0x4FFD, 0x0FFD, 0x0FFD, 0x2FFD, 0x0FFD, 0x8FEC, 
  0x9EFF, 0x74ED, 0xE6ED, 0xE1FF, 0xC0FF, 0xC0FF, 0xC1FF, 0xC1FF, 0xC1FF, 0xC1FF, 0xC1FF, 0xC1FF, 0xC1FF, 0xC1FF, 0xC1FF, 0xC1FF, 
  0xC1FF, 0xC1FF, 0xC1FF, 0xC1FF, 0xC1FF, 0xC1FF, 0xC1FF, 0xC1FF, 0xC1FF, 0xC1FF, 0xC1FF, 0xC1FF, 0xC1FF, 0xC1FF, 0xC1FF, 0xC1FF, 
  0xC1FF, 0xC1FF, 0xC1FF, 0xC1FF, 0xC1FF, 0xC1FF, 0xC1FF, 0xC1FF, 0xC1FF, 0xC1FF, 0xC1FF, 0xC1FF, 0xC0FF, 0xC0FF, 0xC0FF, 0xC1FF, 
  0x04FF, 0xE0FF, 0xC0FF, 0xC0FF, 0xC0FF, 0xC1FF, 0xC1FF, 0xC1FF, 0xC1FF, 0xC1FF, 0xC1FF, 0xC1FF, 0xC1FF, 0xC1FF, 0xC1FF, 0xC1FF, 
  0xC1FF, 0xC1FF, 0xC1FF, 0xC1FF, 0xC1FF, 0xC1FF, 0xC1FF, 0xC1FF, 0xC1FF, 0xC1FF, 0xC1FF, 0xC1FF, 0xC1FF, 0xC1FF, 0xC1FF, 0xC1FF, 
  0xC1FF, 0xC1FF, 0xC1FF, 0xC1FF, 0xC1FF, 0xC1FF, 0xC1FF, 0xC1FF, 0xC1FF, 0xC1FF, 0xC0FF, 0xC0FF, 0xC1FF, 0xC1FF, 0xC0FF, 0xC1FF, 
  0x26FF, 0x4DFD, 0x0CFC, 0x31F4, 0x0FEC, 0x6DFC, 0xEFFC, 0x0EFD, 0x2FFD, 0x2DD4, 0x685A, 0xE95A, 0x096B, 0xE962, 0xE862, 0x8A73, 
  0x296B, 0x496B, 0xE96A, 0xC85A, 0x8A93, 0x30FD, 0x10FD, 0x50FD, 0xECB3, 0x6762, 0x6A73, 0xE962, 0xA862, 0x8852, 0x674A, 0xC95A, 
  0x0873, 0xAA8B, 0x4A6B, 0xA852, 0xC962, 0x8752, 0xA98B, 0xACDC, 0x0DFD, 0x0FFD, 0xEFFC, 0xEFFC, 0xEFFC, 0x4DF4, 0xACF3, 0x6BFB, 
  0x2BF3, 0x2BF3, 0x6CF3, 0x4DF4, 0x8EEC, 0x8EFC, 0x0DFC, 0x4BF3, 0x0BFB, 0x0AFB, 0x6EFC, 0xCDFB, 0x4CF3, 0x1CFF, 0x9DFF, 0x2DB4, 
  0x0773, 0x497B, 0xE972, 0xA95A, 0xA85A, 0x4A73, 0x885A, 0x894A, 0xA852, 0xC862, 0xC85A, 0x296B, 0xE962, 0xC962, 0x885A, 0x0A63, 
  0xC75A, 0x698B, 0x2EC4, 0xEBA3, 0xA862, 0x484A, 0x2A6B, 0xE962, 0xE962, 0xA95A, 0x884A, 0x064A, 0x4A93, 0x15EE, 0x9DFF, 0x53D5, 
  0xE982, 0x4852, 0x685A, 0xE862, 0xC952, 0x8852, 0x6852, 0xA962, 0x0973, 0xC852, 0x674A, 0x2993, 0xCFF4, 0xACFB, 0xEAFA, 0x0AFB, 
  0xEDF3, 0xEFFC, 0xEEFC, 0xEFFC, 0x2DFC, 0x4CF3, 0x5CFF, 0xFFFF, 0xFFFF, 0xFFFF, 0xFFFF, 0xFFFF, 0xFFFF, 0x1CFF, 0x2CEB, 0x0DFC, 
  0x0FFD, 0xEEFC, 0xEFFC, 0x2FFD, 0xCCFB, 0x71F4, 0xFFFF, 0xFFFF, 0xD7ED, 0xCCF3, 0x2FFD, 0xEEFC, 0xEEFC, 0x0FFD, 0x2FFD, 0x8EEC, 
  0x5DFF, 0xF6ED, 0xE4ED, 0xE1FF, 0xA1FF, 0xC1FF, 0xC0FF, 0xC1FF, 0xC1FF, 0xC1FF, 0xC1FF, 0xC1FF, 0xC1FF, 0xC1FF, 0xC1FF, 0xC1FF, 
  0xC1FF, 0xC1FF, 0xC1FF, 0xC1FF, 0xC1FF, 0xC1FF, 0xC1FF, 0xC1FF, 0xC1FF, 0xC1FF, 0xC1FF, 0xC1FF, 0xC1FF, 0xC1FF, 0xC1FF, 0xC1FF, 
  0xC1FF, 0xC1FF, 0xC1FF, 0xC1FF, 0xC1FF, 0xC1FF, 0xC1FF, 0xC1FF, 0xC1FF, 0xC1FF, 0xC1FF, 0xC1FF, 0xC0FF, 0xC0FF, 0xC0FF, 0xC1FF, 
  0x04FF, 0xE0FF, 0xC0FF, 0xC0FF, 0xC0FF, 0xC1FF, 0xC1FF, 0xC1FF, 0xC1FF, 0xC1FF, 0xC1FF, 0xC1FF, 0xC1FF, 0xC1FF, 0xC1FF, 0xC1FF, 
  0xC1FF, 0xC1FF, 0xC1FF, 0xC1FF, 0xC1FF, 0xC1FF, 0xC1FF, 0xC1FF, 0xC1FF, 0xC1FF, 0xC1FF, 0xC1FF, 0xC1FF, 0xC1FF, 0xC1FF, 0xC1FF, 
  0xC1FF, 0xC1FF, 0xC1FF, 0xC1FF, 0xC1FF, 0xC1FF, 0xC1FF, 0xC1FF, 0xC1FF, 0xC1FF, 0xC0FF, 0xC1FF, 0xC1FF, 0xC0FF, 0xC1FF, 0xC2FF, 
  0x29F6, 0xEEFC, 0x8CFB, 0x0CF3, 0x2CF4, 0x0FFD, 0xCEFC, 0x4FFD, 0xCEE4, 0x686A, 0x684A, 0xC95A, 0xC962, 0x0A6B, 0xA85A, 0x0963, 
  0xE862, 0x6973, 0x2A6B, 0xE85A, 0x2883, 0xAEDC, 0x4CC4, 0x488B, 0x296B, 0xE962, 0x8852, 0x2973, 0x086B, 0xE95A, 0x2A6B, 0x496B, 
  0xEA83, 0xEA8B, 0x296B, 0xE86A, 0x298B, 0x4DD4, 0xEFFC, 0xEFFC, 0x30FD, 0x0FFD, 0xAEF4, 0xEFFC, 0xEFFC, 0x2FFD, 0x0FFD, 0xF0FC, 
  0x8EFC, 0x2DFC, 0xEDF3, 0x2EF4, 0x50F4, 0x6EF3, 0xCAFA, 0x0BFB, 0x6BF3, 0x2DFC, 0xCFFC, 0x0BEB, 0x18F6, 0xFFFF, 0x8FC4, 0x865A, 
  0x8B73, 0xEA62, 0xC862, 0x0A6B, 0xE96A, 0xC862, 0xE962, 0xE962, 0xC95A, 0xC95A, 0x8752, 0xC85A, 0x8852, 0x6852, 0xA862, 0xC85A, 
  0xC962, 0x284A, 0x098B, 0x0EFD, 0xCEE4, 0xAAA3, 0xE772, 0x0863, 0x8852, 0x684A, 0x6952, 0x885A, 0x6752, 0xC782, 0x92ED, 0x9DFF, 
  0xF6DD, 0xA86A, 0x0742, 0x8952, 0x6952, 0xA85A, 0x885A, 0xC85A, 0xC85A, 0x8852, 0x0A6B, 0x885A, 0xA872, 0x8EDC, 0xCCFB, 0x0AFB, 
  0x0BFB, 0xEDFB, 0x0FFD, 0x0FFD, 0xCEFC, 0x4BF3, 0xFBFE, 0xFFFF, 0xFFFF, 0xFFFF, 0xFFFF, 0xFFFF, 0xFFFF, 0x79FE, 0xEBF2, 0x4EFC, 
  0xEEFC, 0xEEFC, 0xCEFC, 0x0FFD, 0xCCFB, 0x71F4, 0xFFFF, 0xFFFF, 0xF8F5, 0xCCF3, 0x2FFD, 0x0EFD, 0x0EFD, 0x0FFD, 0x2FFD, 0x6EEC, 
  0x1CFF, 0x58F6, 0xA5ED, 0xE1FF, 0xA1FF, 0xC1FF, 0xC0FF, 0xC1FF, 0xC1FF, 0xC1FF, 0xC1FF, 0xC1FF, 0xC1FF, 0xC1FF, 0xC1FF, 0xC1FF, 
  0xC1FF, 0xC1FF, 0xC1FF, 0xC1FF, 0xC1FF, 0xC1FF, 0xC1FF, 0xC1FF, 0xC1FF, 0xC1FF, 0xC1FF, 0xC1FF, 0xC1FF, 0xC1FF, 0xC1FF, 0xC1FF, 
  0xC1FF, 0xC1FF, 0xC1FF, 0xC1FF, 0xC1FF, 0xC1FF, 0xC1FF, 0xC1FF, 0xC1FF, 0xC1FF, 0xC1FF, 0xC1FF, 0xC0FF, 0xC0FF, 0xC0FF, 0xC1FF, 
  0x04FF, 0xE0FF, 0xC0FF, 0xC0FF, 0xC0FF, 0xC1FF, 0xC1FF, 0xC1FF, 0xC1FF, 0xC1FF, 0xC1FF, 0xC1FF, 0xC1FF, 0xC1FF, 0xC1FF, 0xC1FF, 
  0xC1FF, 0xC1FF, 0xC1FF, 0xC1FF, 0xC1FF, 0xC1FF, 0xC1FF, 0xC1FF, 0xC1FF, 0xC1FF, 0xC1FF, 0xC1FF, 0xC1FF, 0xC1FF, 0xC1FF, 0xC1FF, 
  0xC1FF, 0xC1FF, 0xC1FF, 0xC1FF, 0xC1FF, 0xC1FF, 0xC1FF, 0xC1FF, 0xC1FF, 0xC1FF, 0xC1FF, 0xC1FF, 0xC0FF, 0xC1FF, 0xC1FF, 0x83FF, 
  0x8CF5, 0x6EFC, 0x0BF3, 0x4BFB, 0xEEFC, 0xEFFC, 0xEEFC, 0x4FFD, 0x2983, 0x684A, 0x474A, 0x484A, 0x474A, 0xC95A, 0x0A6B, 0xA85A, 
  0x2A6B, 0x2A6B, 0x096B, 0x8A73, 0x0873, 0xA762, 0x6873, 0xAA8B, 0x096B, 0xC862, 0xE962, 0x6A7B, 0xAA7B, 0xE862, 0xA762, 0x2973, 
  0x4A6B, 0x0963, 0x8762, 0x0CBC, 0x0EF5, 0xCDF4, 0xCEF4, 0x0FED, 0x2CBC, 0xAAAB, 0x2BDC, 0x0FFD, 0x2FFD, 0x0FFD, 0x8EFC, 0x0DFC, 
  0x0DFC, 0x4DF4, 0x8EFC, 0xAEFC, 0x8EFC, 0x6DFC, 0x6DFC, 0x8EFC, 0xCFFC, 0x0FFD, 0xACFB, 0xCEEB, 0xDFFF, 0xD9F6, 0x8782, 0xA952, 
  0x895A, 0x474A, 0xC85A, 0xC85A, 0xC962, 0xE862, 0xE962, 0x6852, 0xC962, 0xE962, 0x484A, 0x484A, 0xA952, 0xA852, 0x0742, 0x4852, 
  0x494A, 0x2842, 0x2742, 0xC882, 0x0FF5, 0x4FFD, 0xAFE4, 0xABA3, 0x4762, 0x885A, 0x6952, 0x6852, 0x0963, 0x694A, 0x0A93, 0x51F5, 
  0x9CFF, 0x98E6, 0xC87A, 0xC962, 0x885A, 0x484A, 0x4852, 0x8852, 0x4A6B, 0x0963, 0xE962, 0xA952, 0x2742, 0xC86A, 0x4DCC, 0xEEFB, 
  0xEBFA, 0x0BFB, 0xECF3, 0x0FFD, 0x4FFD, 0x6BF3, 0x96F5, 0xFFFF, 0xFFFF, 0xFFFF, 0xFFFF, 0xFFFF, 0xFFFF, 0x17F6, 0xEAF2, 0xAFFC, 
  0xEEFC, 0xEFFC, 0xAEFC, 0x0FFD, 0x0DFC, 0x2FF4, 0xFFFF, 0xFFFF, 0x79F6, 0xACF3, 0x2FFD, 0x0EFD, 0x0EFD, 0x0FFD, 0x0FFD, 0x6DF4, 
  0xFBFE, 0x9AF6, 0x47F5, 0xE1FF, 0xC0FF, 0xC0FF, 0xC1FF, 0xC1FF, 0xC1FF, 0xC1FF, 0xC1FF, 0xC1FF, 0xC1FF, 0xC1FF, 0xC1FF, 0xC1FF, 
  0xC1FF, 0xC1FF, 0xC1FF, 0xC1FF, 0xC1FF, 0xC1FF, 0xC1FF, 0xC1FF, 0xC1FF, 0xC1FF, 0xC1FF, 0xC1FF, 0xC1FF, 0xC1FF, 0xC1FF, 0xC1FF, 
  0xC1FF, 0xC1FF, 0xC1FF, 0xC1FF, 0xC1FF, 0xC1FF, 0xC1FF, 0xC1FF, 0xC1FF, 0xC1FF, 0xC1FF, 0xC1FF, 0xC0FF, 0xC0FF, 0xC0FF, 0xC1FF, 
  0x04FF, 0xE0FF, 0xC0FF, 0xC0FF, 0xC0FF, 0xC1FF, 0xC1FF, 0xC1FF, 0xC1FF, 0xC1FF, 0xC1FF, 0xC1FF, 0xC1FF, 0xC1FF, 0xC1FF, 0xC1FF, 
  0xC1FF, 0xC1FF, 0xC1FF, 0xC1FF, 0xC1FF, 0xC1FF, 0xC1FF, 0xC1FF, 0xC1FF, 0xC1FF, 0xC1FF, 0xC1FF, 0xC1FF, 0xC1FF, 0xC1FF, 0xC1FF, 
  0xC1FF, 0xC1FF, 0xC1FF, 0xC1FF, 0xC1FF, 0xC1FF, 0xC1FF, 0xC1FF, 0xC1FF, 0xC1FF, 0xC0FF, 0xC0FF, 0xC1FF, 0xC1FF, 0xE0FF, 0xC7FE, 
  0xEEFC, 0xACFB, 0x0AF3, 0x6EFC, 0x0FFD, 0xCEFC, 0x50FD, 0xAAAB, 0xC862, 0x2963, 0x096B, 0xA85A, 0xC95A, 0xC85A, 0xC95A, 0x0A63, 
  0x8852, 0x0963, 0xE862, 0x6A6B, 0xAA83, 0x4973, 0x6BB4, 0x2CBC, 0xA862, 0xA85A, 0x086B, 0x2A6B, 0x4973, 0x6873, 0xCB83, 0x6A73, 
  0x4873, 0x6A7B, 0xCCCB, 0x8EF4, 0x4CC4, 0x8993, 0xCB9B, 0xC76A, 0x2893, 0xEFF4, 0x10FD, 0x6CDC, 0xCBB3, 0x8AA3, 0x4CC4, 0xEFFC, 
  0xAFFC, 0x8EF4, 0x4DF4, 0xAEFC, 0x2FFD, 0x0FFD, 0x2FFD, 0x2FFD, 0x0EFD, 0xAEFC, 0x0AF3, 0xD2EC, 0xFFFF, 0xB4DD, 0xE872, 0xC852, 
  0x074A, 0xA85A, 0xC85A, 0x2A6B, 0x875A, 0xC85A, 0x6852, 0x0742, 0x474A, 0xA95A, 0xAA5A, 0x8852, 0xE962, 0x474A, 0x6952, 0x2A73, 
  0x885A, 0xC95A, 0x895A, 0xE87A, 0xA9B3, 0xADEC, 0x8EFC, 0xCFFC, 0xF0EC, 0xAA9B, 0x6652, 0x684A, 0x8852, 0x8852, 0x474A, 0x2993, 
  0x30ED, 0x7DFF, 0x15EE, 0x0983, 0x8852, 0x2742, 0xE839, 0xC95A, 0x6A7B, 0x2863, 0xE96A, 0x274A, 0x6952, 0x484A, 0x675A, 0x2CC4, 
  0xECFB, 0xEBFA, 0x0BFB, 0x0CFC, 0x4FFD, 0x2EFC, 0xEFEB, 0xDEFF, 0xFFFF, 0xFFFF, 0xFFFF, 0xFFFF, 0xFFFF, 0xF6FD, 0x2AF3, 0xEFFC, 
  0xEEFC, 0xEFFC, 0x0FFD, 0x0FFD, 0x8EFC, 0xCDF3, 0x7DFF, 0xFFFF, 0xFCFE, 0xCDF3, 0x0FFD, 0x0FFD, 0x0EFD, 0x0EFD, 0x2FFD, 0x6EF4, 
  0xB9FE, 0xFCFE, 0xE8F4, 0xE2FF, 0xC1FF, 0xC0FF, 0xC0FF, 0xC1FF, 0xC1FF, 0xC1FF, 0xC1FF, 0xC1FF, 0xC1FF, 0xC1FF, 0xC1FF, 0xC1FF, 
  0xC1FF, 0xC1FF, 0xC1FF, 0xC1FF, 0xC1FF, 0xC1FF, 0xC1FF, 0xC1FF, 0xC1FF, 0xC1FF, 0xC1FF, 0xC1FF, 0xC1FF, 0xC1FF, 0xC1FF, 0xC1FF, 
  0xC1FF, 0xC1FF, 0xC1FF, 0xC1FF, 0xC1FF, 0xC1FF, 0xC1FF, 0xC1FF, 0xC1FF, 0xC1FF, 0xC1FF, 0xC1FF, 0xC0FF, 0xC0FF, 0xC0FF, 0xC1FF, 
  0x04FF, 0xE0FF, 0xC0FF, 0xC0FF, 0xC0FF, 0xC1FF, 0xC1FF, 0xC1FF, 0xC1FF, 0xC1FF, 0xC1FF, 0xC1FF, 0xC1FF, 0xC1FF, 0xC1FF, 0xC1FF, 
  0xC1FF, 0xC1FF, 0xC1FF, 0xC1FF, 0xC1FF, 0xC1FF, 0xC1FF, 0xC1FF, 0xC1FF, 0xC1FF, 0xC1FF, 0xC1FF, 0xC1FF, 0xC1FF, 0xC1FF, 0xC1FF, 
  0xC1FF, 0xC1FF, 0xC1FF, 0xC1FF, 0xC1FF, 0xC1FF, 0xC1FF, 0xC1FF, 0xC1FF, 0xC1FF, 0xC0FF, 0xC2FF, 0xC1FF, 0xE0FF, 0xA2FF, 0xCBF5, 
  0x2EFC, 0x0AF3, 0x8CFB, 0x0FFD, 0xEEFC, 0x4FFD, 0x0CB4, 0x475A, 0xEA62, 0x0A6B, 0x4A73, 0x2A6B, 0x0A63, 0xA75A, 0x0963, 0xC862, 
  0xC762, 0xEB8B, 0xC862, 0x096B, 0x6A73, 0xA96A, 0xAEEC, 0x4993, 0x6A6B, 0x8A7B, 0x296B, 0x4973, 0x296B, 0x6A73, 0x8A7B, 0xA852, 
  0x0873, 0xABCB, 0x6EFC, 0xA9A3, 0xE762, 0xE95A, 0x6752, 0xEBBB, 0x0FFD, 0x2BC4, 0x498B, 0xC85A, 0x484A, 0x284A, 0x4652, 0x0BAC, 
  0x0FF5, 0x2FFD, 0x0FFD, 0xEFFC, 0x30FD, 0x0FFD, 0x0FFD, 0xEFFC, 0x0FFD, 0xAEFC, 0xCAF2, 0x74F5, 0xFFFF, 0xF2D4, 0xE86A, 0x0963, 
  0xA85A, 0x6752, 0xA85A, 0xC85A, 0x0963, 0x6A73, 0xE95A, 0x6852, 0x8852, 0x284A, 0x484A, 0x8852, 0x8852, 0x6852, 0xA852, 0x684A, 
  0x2852, 0x2A6B, 0x464A, 0xAB9B, 0xAFEC, 0x0CD4, 0xCFF4, 0x8BEB, 0x0CFC, 0x30FD, 0xEBAB, 0x4652, 0x484A, 0x4952, 0x6852, 0x8852, 
  0x4B9B, 0x12ED, 0x7CFF, 0x93E5, 0xA76A, 0x895A, 0xE962, 0x6A73, 0x496B, 0xE95A, 0x6952, 0x6952, 0x8852, 0xA85A, 0x284A, 0x475A, 
  0x4DD4, 0xEDFB, 0xECFA, 0x0BFB, 0x4EFC, 0x30FD, 0x8BF3, 0xF7F5, 0xFFFF, 0xFFFF, 0xFFFF, 0xDFFF, 0xFFFF, 0xF7F5, 0x4BF3, 0xEFFC, 
  0xEEFC, 0xEFFC, 0x0FFD, 0x0FFD, 0x0FFD, 0xACEB, 0xDBFE, 0xFFFF, 0x9EFF, 0x0EEC, 0xCEFC, 0x0FFD, 0x0FFD, 0x0FFD, 0x2FFD, 0x6EF4, 
  0x78F6, 0x5EFF, 0xA8EC, 0xC1FF, 0xC1FF, 0xC1FF, 0xC0FF, 0xC1FF, 0xC1FF, 0xC1FF, 0xC1FF, 0xC1FF, 0xC1FF, 0xC1FF, 0xC1FF, 0xC1FF, 
  0xC1FF, 0xC1FF, 0xC1FF, 0xC1FF, 0xC1FF, 0xC1FF, 0xC1FF, 0xC1FF, 0xC1FF, 0xC1FF, 0xC1FF, 0xC1FF, 0xC1FF, 0xC1FF, 0xC1FF, 0xC1FF, 
  0xC1FF, 0xC1FF, 0xC1FF, 0xC1FF, 0xC1FF, 0xC1FF, 0xC1FF, 0xC1FF, 0xC1FF, 0xC1FF, 0xC1FF, 0xC1FF, 0xC0FF, 0xC0FF, 0xC0FF, 0xC1FF, 
  0x04FF, 0xE0FF, 0xC0FF, 0xC0FF, 0xC0FF, 0xC1FF, 0xC1FF, 0xC1FF, 0xC1FF, 0xC1FF, 0xC1FF, 0xC1FF, 0xC1FF, 0xC1FF, 0xC1FF, 0xC1FF, 
  0xC1FF, 0xC1FF, 0xC1FF, 0xC1FF, 0xC1FF, 0xC1FF, 0xC1FF, 0xC1FF, 0xC1FF, 0xC1FF, 0xC1FF, 0xC1FF, 0xC1FF, 0xC1FF, 0xC1FF, 0xC1FF, 
  0xC1FF, 0xC1FF, 0xC1FF, 0xC1FF, 0xC1FF, 0xC1FF, 0xC1FF, 0xC1FF, 0xC1FF, 0xC0FF, 0xC0FF, 0xC1FF, 0xC0FF, 0xE1FF, 0x27FF, 0xCDF4, 
  0x4FF4, 0x6CF3, 0x6EFC, 0xEEFC, 0x30FD, 0x4CCC, 0x8862, 0x684A, 0xC95A, 0xC862, 0xC862, 0x8752, 0xC85A, 0x0963, 0x6A73, 0x6A73, 
  0x8A83, 0xAA8B, 0x296B, 0xE962, 0x864A, 0x0A83, 0xCFF4, 0x4983, 0xE85A, 0x496B, 0xC85A, 0xA75A, 0xC962, 0xE862, 0xA752, 0xA85A, 
  0x8BC3, 0xEDF3, 0xCAAB, 0x6973, 0xC95A, 0x275A, 0x2DCC, 0x0FF5, 0x2983, 0xA85A, 0x096B, 0x095B, 0xA85A, 0x0963, 0xE962, 0x4662, 
  0x6DE4, 0x0FFD, 0xAFFC, 0x8FFC, 0x4EFC, 0xCCFB, 0xCDFB, 0xCDFB, 0x2EFC, 0x4EFC, 0xCAFA, 0x75F5, 0xFFFF, 0x6FCC, 0x875A, 0x0963, 
  0x4A6B, 0x4A6B, 0xC95A, 0xA85A, 0xE962, 0x0963, 0xC85A, 0xA85A, 0xA852, 0x6852, 0x0742, 0xE962, 0x8B73, 0xE962, 0xA85A, 0x494A, 
  0x494A, 0xA852, 0xA952, 0x876A, 0x0FF5, 0x2FFD, 0x2FFD, 0xAEFC, 0x6BF3, 0x6BF3, 0xF0FC, 0x8DD4, 0xA76A, 0xC962, 0x4A73, 0xE962, 
  0x6752, 0xABB3, 0x94F5, 0x9CFF, 0xB0DC, 0x6762, 0xC852, 0x885A, 0x474A, 0x0A5B, 0x8852, 0x264A, 0xE95A, 0xE95A, 0x6852, 0xA952, 
  0x6862, 0x4DCC, 0xCDFB, 0xEBFA, 0x2BFB, 0xAEFC, 0x8DFC, 0xEEEB, 0xBEFF, 0xFFFF, 0xFFFF, 0xFFFF, 0xFFFF, 0x59F6, 0x2BF3, 0xEFFC, 
  0x0EFD, 0xEEFC, 0x0EFD, 0x0FFD, 0x2FFD, 0xACF3, 0x38F6, 0xFFFF, 0xFFFF, 0xB1EC, 0x4DFC, 0x4FFD, 0x2FFD, 0x0EFD, 0x2FFD, 0x8EFC, 
  0x58F6, 0x9FFF, 0xA9EC, 0xA1FF, 0xC1FF, 0xC1FF, 0xC1FF, 0xC1FF, 0xC1FF, 0xC1FF, 0xC1FF, 0xC1FF, 0xC1FF, 0xC1FF, 0xC1FF, 0xC1FF, 
  0xC1FF, 0xC1FF, 0xC1FF, 0xC1FF, 0xC1FF, 0xC1FF, 0xC1FF, 0xC1FF, 0xC1FF, 0xC1FF, 0xC1FF, 0xC1FF, 0xC1FF, 0xC1FF, 0xC1FF, 0xC1FF, 
  0xC1FF, 0xC1FF, 0xC1FF, 0xC1FF, 0xC1FF, 0xC1FF, 0xC1FF, 0xC1FF, 0xC1FF, 0xC1FF, 0xC1FF, 0xC1FF, 0xC0FF, 0xC0FF, 0xC0FF, 0xC1FF, 
  0x04FF, 0xE0FF, 0xC0FF, 0xC0FF, 0xC0FF, 0xC1FF, 0xC1FF, 0xC1FF, 0xC1FF, 0xC1FF, 0xC1FF, 0xC1FF, 0xC1FF, 0xC1FF, 0xC1FF, 0xC1FF, 
  0xC1FF, 0xC1FF, 0xC1FF, 0xC1FF, 0xC1FF, 0xC1FF, 0xC1FF, 0xC1FF, 0xC1FF, 0xC1FF, 0xC1FF, 0xC1FF, 0xC1FF, 0xC1FF, 0xC1FF, 0xC1FF, 
  0xC1FF, 0xC1FF, 0xC1FF, 0xC1FF, 0xC1FF, 0xC1FF, 0xC1FF, 0xC1FF, 0xC1FF, 0xC1FF, 0xE0FF, 0xC0FF, 0xC0FF, 0xC3FF, 0x0AF6, 0x6FF4, 
  0x12F5, 0xACFB, 0x6DEC, 0xEEFC, 0x4DC4, 0xC862, 0xC95A, 0x674A, 0xA85A, 0xE96A, 0xC862, 0xE95A, 0xA85A, 0x096B, 0x096B, 0xE862, 
  0xE962, 0xE862, 0xE862, 0xE962, 0xA97B, 0x8BC4, 0x0FED, 0x6983, 0x0A63, 0xA85A, 0xA75A, 0xC95A, 0xC962, 0x0963, 0x064A, 0x6CAB, 
  0x4EFC, 0x29A3, 0x8A73, 0x2963, 0xC76A, 0xEFDC, 0x8ED4, 0xC872, 0xC85A, 0x8852, 0x685A, 0x2963, 0xE962, 0x6852, 0x484A, 0xEBA3, 
  0x50FD, 0x2DFC, 0x6BF3, 0x0AFB, 0x4BF3, 0x4BF3, 0x4BFB, 0x4BF3, 0x0AF3, 0x2BFB, 0xCAF2, 0xD6F5, 0xFFFF, 0xCDB3, 0x0642, 0x6852, 
  0x284A, 0x484A, 0x4852, 0xA95A, 0xC95A, 0x4752, 0xC95A, 0xA95A, 0x6852, 0xE962, 0xC862, 0x086B, 0x086B, 0x086B, 0xE96A, 0x496B, 
  0x296B, 0x8852, 0xA85A, 0xE882, 0x2FF5, 0x2FFD, 0x0EFD, 0x0FFD, 0xCFFC, 0xCDF3, 0x0EEC, 0xEFFC, 0x6DD4, 0x876A, 0x0963, 0x296B, 
  0xC85A, 0x2973, 0xCBC3, 0x37F6, 0xDAFE, 0x2DCC, 0x2752, 0x894A, 0x0A5B, 0x685A, 0x274A, 0xE962, 0xEA62, 0x6852, 0xC85A, 0x2742, 
  0xE841, 0x675A, 0x8EDC, 0xABFB, 0xEBFA, 0x6CFB, 0x2FFD, 0xABF3, 0x55F5, 0xFFFF, 0xDFFF, 0xFFFF, 0xFFFF, 0x3DFF, 0x8DEB, 0xAEFC, 
  0x2FFD, 0x0EFD, 0x2FFD, 0x0FFD, 0x4FFD, 0xECF3, 0x74F5, 0xFFFF, 0xFFFF, 0x75ED, 0x0DF4, 0x50FD, 0x0FFD, 0x0EFD, 0x2FFD, 0x8EFC, 
  0x37F6, 0xDFFF, 0xEBEC, 0x81FF, 0xE0FF, 0xC1FF, 0xC0FF, 0xC1FF, 0xC1FF, 0xC1FF, 0xC1FF, 0xC1FF, 0xC1FF, 0xC1FF, 0xC1FF, 0xC1FF, 
  0xC1FF, 0xC1FF, 0xC1FF, 0xC1FF, 0xC1FF, 0xC1FF, 0xC1FF, 0xC1FF, 0xC1FF, 0xC1FF, 0xC1FF, 0xC1FF, 0xC1FF, 0xC1FF, 0xC1FF, 0xC1FF, 
  0xC1FF, 0xC1FF, 0xC1FF, 0xC1FF, 0xC1FF, 0xC1FF, 0xC1FF, 0xC1FF, 0xC1FF, 0xC1FF, 0xC1FF, 0xC1FF, 0xC0FF, 0xC0FF, 0xC0FF, 0xC1FF, 
  0x04FF, 0xE0FF, 0xC0FF, 0xC0FF, 0xC0FF, 0xC1FF, 0xC1FF, 0xC1FF, 0xC1FF, 0xC1FF, 0xC1FF, 0xC1FF, 0xC1FF, 0xC1FF, 0xC1FF, 0xC1FF, 
  0xC1FF, 0xC1FF, 0xC1FF, 0xC1FF, 0xC1FF, 0xC1FF, 0xC1FF, 0xC1FF, 0xC1FF, 0xC1FF, 0xC1FF, 0xC1FF, 0xC1FF, 0xC1FF, 0xC1FF, 0xC1FF, 
  0xC1FF, 0xC1FF, 0xC1FF, 0xC1FF, 0xC1FF, 0xC1FF, 0xC1FF, 0xC1FF, 0xC1FF, 0xC1FF, 0xC1FF, 0xC0FF, 0xC1FF, 0x65FF, 0x8CF4, 0x96F5, 
  0x0FEC, 0x4EFC, 0x288B, 0xEAA3, 0x0973, 0xEA5A, 0xE86A, 0x096B, 0x2A6B, 0x0A6B, 0xE962, 0xE95A, 0x4752, 0x296B, 0x4A73, 0xC862, 
  0xA85A, 0xC85A, 0x096B, 0x2A7B, 0x0B9C, 0xCCE4, 0xADDC, 0x297B, 0xA85A, 0x2A6B, 0x0963, 0xC95A, 0xA95A, 0x8752, 0xC87A, 0xF2FC, 
  0x0CC4, 0xA862, 0x4A6B, 0x4883, 0xAEE4, 0x6ECC, 0x2652, 0xC952, 0xC962, 0xA75A, 0x8852, 0xE95A, 0xC85A, 0xE86A, 0x4DBC, 0xEFFC, 
  0x0DEC, 0xADF3, 0x6BF3, 0x8EFC, 0xAEFC, 0x0FFD, 0x0FFD, 0x0FFD, 0x4EFC, 0x4BFB, 0xCBFA, 0xF7FD, 0xDDFF, 0xECAB, 0x296B, 0x0963, 
  0xA85A, 0xA95A, 0xA85A, 0xA85A, 0xA85A, 0x2A6B, 0xC95A, 0x8852, 0x8952, 0xC95A, 0x2A6B, 0x296B, 0x2A6B, 0x296B, 0x6752, 0x0963, 
  0xE962, 0x8852, 0x474A, 0x0CB4, 0xEFFC, 0xCFFC, 0x2FFD, 0xEEFC, 0x2FFD, 0x0FFD, 0x6FF4, 0x8CEB, 0xF0FC, 0x0CAC, 0x4752, 0xEA62, 
  0xA962, 0xC96A, 0xA76A, 0x6EDC, 0xDAF6, 0xB5FD, 0xECC3, 0x875A, 0x6852, 0x885A, 0xA85A, 0x274A, 0x484A, 0xC962, 0x885A, 0x8852, 
  0xA862, 0x6852, 0x097B, 0x8EF4, 0x2BFB, 0x0BFB, 0x0DF4, 0xCFFC, 0x6CEB, 0xFAF6, 0xFFFF, 0xDFFF, 0xFFFF, 0xDFFF, 0x50EC, 0x2DFC, 
  0x2FFD, 0xEEFC, 0xEEFC, 0xEFFC, 0x2FFD, 0x2DFC, 0xD2F4, 0xFFFF, 0xFFFF, 0x79F6, 0xECEB, 0x30FD, 0xEFFC, 0xEFFC, 0x2FFD, 0x8DFC, 
  0xF6F5, 0xFFFF, 0xEDE4, 0x42FF, 0xE1FF, 0xC0FF, 0xE0FF, 0xC1FF, 0xC1FF, 0xC1FF, 0xC1FF, 0xC1FF, 0xC1FF, 0xC1FF, 0xC1FF, 0xC1FF, 
  0xC1FF, 0xC1FF, 0xC1FF, 0xC1FF, 0xC1FF, 0xC1FF, 0xC1FF, 0xC1FF, 0xC1FF, 0xC1FF, 0xC1FF, 0xC1FF, 0xC1FF, 0xC1FF, 0xC1FF, 0xC1FF, 
  0xC1FF, 0xC1FF, 0xC1FF, 0xC1FF, 0xC1FF, 0xC1FF, 0xC1FF, 0xC1FF, 0xC1FF, 0xC1FF, 0xC1FF, 0xC1FF, 0xC0FF, 0xC0FF, 0xC0FF, 0xC1FF, 
  0x04FF, 0xE0FF, 0xC0FF, 0xC0FF, 0xC0FF, 0xC1FF, 0xC1FF, 0xC1FF, 0xC1FF, 0xC1FF, 0xC1FF, 0xC1FF, 0xC1FF, 0xC1FF, 0xC1FF, 0xC1FF, 
  0xC1FF, 0xC1FF, 0xC1FF, 0xC1FF, 0xC1FF, 0xC1FF, 0xC1FF, 0xC1FF, 0xC1FF, 0xC1FF, 0xC1FF, 0xC1FF, 0xC1FF, 0xC1FF, 0xC1FF, 0xC1FF, 
  0xC1FF, 0xC1FF, 0xC1FF, 0xC1FF, 0xC1FF, 0xC1FF, 0xC1FF, 0xC1FF, 0xC1FF, 0xC1FF, 0xC1FF, 0xC0FF, 0xE2FF, 0xE9FD, 0x12F5, 0xF6ED, 
  0xEDF3, 0x0CBC, 0x4752, 0xC962, 0xE962, 0xC962, 0x4A73, 0x096B, 0xC85A, 0xA85A, 0x8852, 0xC862, 0xE962, 0x0963, 0x496B, 0x6973, 
  0x8B7B, 0x8A7B, 0x296B, 0x4A73, 0x096B, 0x2CCC, 0x8DCC, 0xC85A, 0x875A, 0xAB7B, 0xC862, 0xE962, 0xA85A, 0x4752, 0x8FD4, 0xD1E4, 
  0x8862, 0x484A, 0xC772, 0xEEEC, 0x8EDC, 0x8762, 0x0963, 0x096B, 0xE96A, 0xC962, 0x086B, 0x4A73, 0x8762, 0x4DCC, 0xCEFC, 0xCDEB, 
  0x95F5, 0x70F4, 0xCFFC, 0x2FFD, 0x0FFD, 0xCFFC, 0x8EFC, 0x6EFC, 0xCFFC, 0x2DFC, 0xCAF2, 0xD6FD, 0x7CFF, 0x4A93, 0xE962, 0xE962, 
  0xC862, 0x0963, 0x6A73, 0xE862, 0x4A6B, 0xC85A, 0xA852, 0x6852, 0x284A, 0x484A, 0x8852, 0x6852, 0x6952, 0x6852, 0x0A63, 0x6852, 
  0xC739, 0xE85A, 0x0A83, 0x8EDC, 0x2DFC, 0xABEB, 0x30FD, 0xCEFC, 0x2CEC, 0xEFFC, 0xEFFC, 0xACF3, 0x4AF3, 0x30FD, 0x6A9B, 0x4752, 
  0xA952, 0x885A, 0xA95A, 0x0983, 0x52F5, 0x99F6, 0x30F5, 0x2993, 0x0642, 0xAA52, 0x8852, 0x2A73, 0xC962, 0xA95A, 0xC962, 0x2A6B, 
  0x4652, 0xCC8B, 0xA862, 0xACAB, 0x2EFC, 0x0BFB, 0x2AFB, 0x8EFC, 0x0DFC, 0x10F4, 0xDFFF, 0xFFFF, 0xDFFF, 0xFFFF, 0xD5F5, 0x8CEB, 
  0x0FFD, 0xEFFC, 0x0FFD, 0xCEFC, 0x0FFD, 0x8EFC, 0x4FF4, 0xDFFF, 0xFFFF, 0x5DFF, 0x0DEC, 0xEFFC, 0x0FFD, 0x0FFD, 0x2FFD, 0x8EFC, 
  0xF5F5, 0xFFFF, 0xEFE4, 0x04FF, 0xE1FF, 0xC1FF, 0xC0FF, 0xC1FF, 0xC1FF, 0xC1FF, 0xC1FF, 0xC1FF, 0xC1FF, 0xC1FF, 0xC1FF, 0xC1FF, 
  0xC1FF, 0xC1FF, 0xC1FF, 0xC1FF, 0xC1FF, 0xC1FF, 0xC1FF, 0xC1FF, 0xC1FF, 0xC1FF, 0xC1FF, 0xC1FF, 0xC1FF, 0xC1FF, 0xC1FF, 0xC1FF, 
  0xC1FF, 0xC1FF, 0xC1FF, 0xC1FF, 0xC1FF, 0xC1FF, 0xC1FF, 0xC1FF, 0xC1FF, 0xC1FF, 0xC1FF, 0xC1FF, 0xC0FF, 0xC0FF, 0xC0FF, 0xC1FF, 
  0x04FF, 0xE0FF, 0xC0FF, 0xC0FF, 0xC0FF, 0xC1FF, 0xC1FF, 0xC1FF, 0xC1FF, 0xC1FF, 0xC1FF, 0xC1FF, 0xC1FF, 0xC1FF, 0xC1FF, 0xC1FF, 
  0xC1FF, 0xC1FF, 0xC1FF, 0xC1FF, 0xC1FF, 0xC1FF, 0xC1FF, 0xC1FF, 0xC1FF, 0xC1FF, 0xC1FF, 0xC1FF, 0xC1FF, 0xC1FF, 0xC1FF, 0xC1FF, 
  0xC1FF, 0xC1FF, 0xC1FF, 0xC1FF, 0xC1FF, 0xC1FF, 0xC1FF, 0xC1FF, 0xC1FF, 0xC1FF, 0xC1FF, 0xC0FF, 0xA4FF, 0xEDF4, 0xBBF6, 0x90EC, 
  0x6DEC, 0x498B, 0x0A6B, 0x0963, 0x0A63, 0x4852, 0x885A, 0xC962, 0x8852, 0xC962, 0x0963, 0xE962, 0x8852, 0xC95A, 0xA85A, 0xC962, 
  0xC962, 0x096B, 0x096B, 0xE95A, 0xC962, 0xCEE4, 0xCBAB, 0xA752, 0xE962, 0xE95A, 0xC85A, 0x0A6B, 0x2963, 0xAAA3, 0x53F5, 0xAB9B, 
  0x885A, 0x2852, 0xEBC3, 0xADEC, 0x4983, 0xAA7B, 0x697B, 0x0B94, 0x6983, 0x6A7B, 0x4A6B, 0xE972, 0xEBB3, 0xAEFC, 0xEDE3, 0xFBFE, 
  0x39F6, 0x0CEC, 0x30FD, 0xAEFC, 0xACFB, 0x8CF3, 0x6BF3, 0x0BFB, 0xCCFB, 0xCFFC, 0xEAF2, 0x17FE, 0xD9F6, 0xEA82, 0xC85A, 0x685A, 
  0x484A, 0x6952, 0xC85A, 0x0963, 0xC862, 0xE86A, 0xAA7B, 0x6973, 0xC85A, 0x8852, 0xC95A, 0x0A63, 0x274A, 0x274A, 0xC95A, 0x484A, 
  0xC862, 0xEB8B, 0x8A9B, 0x0FFD, 0xD0F4, 0x13ED, 0x6DF4, 0x4FFD, 0x6DFC, 0xCCF3, 0xF0FC, 0x2FFD, 0xCBF3, 0xCCFB, 0x0FF5, 0xE87A, 
  0x484A, 0x8852, 0xE962, 0xA852, 0xECC3, 0x57FE, 0xD3F5, 0x4DDC, 0x4752, 0x474A, 0x6852, 0x096B, 0xE962, 0x6852, 0x484A, 0xA952, 
  0xC95A, 0xC85A, 0x8752, 0xA86A, 0x6EDC, 0xACFB, 0x0AFB, 0x4BF3, 0xCFFC, 0x8BEB, 0x96ED, 0xFFFF, 0xDFFF, 0xFFFF, 0x7DFF, 0xADEB, 
  0x8DFC, 0xEFFC, 0x0FFD, 0xEEFC, 0x0FFD, 0xCFFC, 0xEDEB, 0x5DFF, 0xFFFF, 0xFFFF, 0xB1F4, 0x8DFC, 0x2FFD, 0x0FFD, 0x4FFD, 0xCEFC, 
  0x74F5, 0xFFFF, 0x12E5, 0x85F6, 0xE0FF, 0xC1FF, 0xC0FF, 0xC1FF, 0xC1FF, 0xC1FF, 0xC1FF, 0xC1FF, 0xC1FF, 0xC1FF, 0xC1FF, 0xC1FF, 
  0xC1FF, 0xC1FF, 0xC1FF, 0xC1FF, 0xC1FF, 0xC1FF, 0xC1FF, 0xC1FF, 0xC1FF, 0xC1FF, 0xC1FF, 0xC1FF, 0xC1FF, 0xC1FF, 0xC1FF, 0xC1FF, 
  0xC1FF, 0xC1FF, 0xC1FF, 0xC1FF, 0xC1FF, 0xC1FF, 0xC1FF, 0xC1FF, 0xC1FF, 0xC1FF, 0xC1FF, 0xC1FF, 0xC0FF, 0xC0FF, 0xC0FF, 0xC1FF, 
  0x04FF, 0xE0FF, 0xC0FF, 0xC0FF, 0xC0FF, 0xC1FF, 0xC1FF, 0xC1FF, 0xC1FF, 0xC1FF, 0xC1FF, 0xC1FF, 0xC1FF, 0xC1FF, 0xC1FF, 0xC1FF, 
  0xC1FF, 0xC1FF, 0xC1FF, 0xC1FF, 0xC1FF, 0xC1FF, 0xC1FF, 0xC1FF, 0xC1FF, 0xC1FF, 0xC1FF, 0xC1FF, 0xC1FF, 0xC1FF, 0xC1FF, 0xC1FF, 
  0xC1FF, 0xC1FF, 0xC1FF, 0xC1FF, 0xC1FF, 0xC1FF, 0xC1FF, 0xC1FF, 0xC1FF, 0xC1FF, 0xC1FF, 0xE2FF, 0x67F6, 0xF4ED, 0x79F6, 0x0DF4, 
  0xECB3, 0xA85A, 0x8A7B, 0x897B, 0x496B, 0x4852, 0x6752, 0xE962, 0xC862, 0x0963, 0x096B, 0x8752, 0xA85A, 0x2A6B, 0xA85A, 0xA85A, 
  0x8852, 0xE962, 0xC862, 0x496B, 0xC76A, 0xEFE4, 0xC87A, 0x885A, 0xC95A, 0x296B, 0xEA93, 0xE862, 0xE862, 0x6EEC, 0x4EDC, 0x6973, 
  0x2963, 0x098B, 0x8EF4, 0x088B, 0xE962, 0xE962, 0xC962, 0xA962, 0xC96A, 0xC95A, 0x8852, 0x4A8B, 0xCFFC, 0x0FEC, 0x1CFF, 0xFFFF, 
  0xF7ED, 0x2DF4, 0x2FFD, 0x2CF4, 0x2DFC, 0xCFFC, 0xEFFC, 0x8FFC, 0x8CF3, 0x2DFC, 0x0AF3, 0xF7FD, 0x36EE, 0x8872, 0x2A6B, 0xA852, 
  0x8852, 0x474A, 0x8852, 0xE862, 0x8A7B, 0x2973, 0x6A73, 0x296B, 0x8A7B, 0xA75A, 0x885A, 0xE862, 0x4A6B, 0x4B73, 0x6752, 0x8752, 
  0x6A73, 0xE86A, 0xAAAB, 0x0FFD, 0x33ED, 0xFFFF, 0x54ED, 0x8EF4, 0x50FD, 0x2CF4, 0xCBF3, 0x2FFD, 0x0FFD, 0xCCF3, 0xEEFC, 0x8ECC, 
  0xA85A, 0xE962, 0xE962, 0xC962, 0xAA9B, 0x72ED, 0x38F6, 0xEFF4, 0x6A8B, 0xA95A, 0x895A, 0x885A, 0x0863, 0xC962, 0x8852, 0x8852, 
  0x8852, 0xA852, 0xE95A, 0x284A, 0xA772, 0xAFFC, 0x2BFB, 0x0BF3, 0xECF3, 0xAFFC, 0x4CE3, 0xDAF6, 0xFFFF, 0xDFFF, 0xFFFF, 0xF3EC, 
  0xECF3, 0x30FD, 0x0EFD, 0x0FFD, 0x0FFD, 0x0FFD, 0xCDEB, 0xBAF6, 0xFFFF, 0xFFFF, 0xD6F5, 0x0CF4, 0x0FFD, 0x0FFD, 0x2FFD, 0xCDFC, 
  0x73F5, 0xFFFF, 0x54ED, 0x25F6, 0xE1FF, 0xC1FF, 0xC0FF, 0xC1FF, 0xC1FF, 0xC1FF, 0xC1FF, 0xC1FF, 0xC1FF, 0xC1FF, 0xC1FF, 0xC1FF, 
  0xC1FF, 0xC1FF, 0xC1FF, 0xC1FF, 0xC1FF, 0xC1FF, 0xC1FF, 0xC1FF, 0xC1FF, 0xC1FF, 0xC1FF, 0xC1FF, 0xC1FF, 0xC1FF, 0xC1FF, 0xC1FF, 
  0xC1FF, 0xC1FF, 0xC1FF, 0xC1FF, 0xC1FF, 0xC1FF, 0xC1FF, 0xC1FF, 0xC1FF, 0xC1FF, 0xC1FF, 0xC1FF, 0xC0FF, 0xC0FF, 0xC0FF, 0xC1FF, 
  0x04FF, 0xE0FF, 0xC0FF, 0xC0FF, 0xC0FF, 0xC1FF, 0xC1FF, 0xC1FF, 0xC1FF, 0xC1FF, 0xC1FF, 0xC1FF, 0xC1FF, 0xC1FF, 0xC1FF, 0xC1FF, 
  0xC1FF, 0xC1FF, 0xC1FF, 0xC1FF, 0xC1FF, 0xC1FF, 0xC1FF, 0xC1FF, 0xC1FF, 0xC1FF, 0xC1FF, 0xC1FF, 0xC1FF, 0xC1FF, 0xC1FF, 0xC1FF, 
  0xC1FF, 0xC1FF, 0xC1FF, 0xC1FF, 0xC1FF, 0xC1FF, 0xC1FF, 0xC1FF, 0xC1FF, 0xC1FF, 0xC0FF, 0xC3FF, 0x4CED, 0x5CFF, 0xF2EC, 0x4DEC, 
  0x0973, 0x684A, 0x4A73, 0x8762, 0xA862, 0x4C73, 0xE862, 0x6A73, 0xA85A, 0xE962, 0x0963, 0x6B73, 0x4A6B, 0xA85A, 0xC85A, 0xA85A, 
  0xA85A, 0xC85A, 0x0A6B, 0xA862, 0x2883, 0xCFDC, 0x0973, 0x296B, 0xC962, 0xE862, 0x4CA4, 0x8A7B, 0xAA9B, 0x0DFC, 0x299B, 0xC85A, 
  0xC962, 0x2DDC, 0x8BBB, 0x284A, 0xA85A, 0xE962, 0xC85A, 0xE862, 0x496B, 0x6A6B, 0x8752, 0x2CB4, 0x4EFC, 0x79F6, 0xFFFF, 0xFFFF, 
  0xFAF6, 0x4EF4, 0x0FFD, 0xEEFC, 0x2FFD, 0x2FFD, 0x0FFD, 0x2FF5, 0xAEFC, 0xADFB, 0xCBFA, 0xF6FD, 0x72D5, 0x686A, 0xA85A, 0x4742, 
  0x8852, 0xA85A, 0x6852, 0xE962, 0x2C8C, 0xC862, 0xA85A, 0x296B, 0x4A73, 0x096B, 0x4A73, 0xA95A, 0xA95A, 0xA95A, 0x4A73, 0xE85A, 
  0x0963, 0x4752, 0x6ECC, 0xAEFC, 0xD5ED, 0xFFFF, 0xBEFF, 0xD1EC, 0xCEF4, 0x0FFD, 0xABF3, 0x6DF4, 0x2FFD, 0xEFFC, 0x2FFD, 0x0FFD, 
  0x098B, 0x8852, 0xC962, 0xA95A, 0x076B, 0x4DD4, 0x5AF6, 0x30FD, 0xEBB3, 0x274A, 0x484A, 0x885A, 0x4973, 0x885A, 0xE962, 0x296B, 
  0xE962, 0x8852, 0xA85A, 0x8952, 0x6752, 0x0CB4, 0x0EFC, 0xEAFA, 0x2BF3, 0x4EFC, 0xECFB, 0x0EEC, 0xDEFF, 0xDFFF, 0xFFFF, 0xDAFE, 
  0x8CEB, 0x0FFD, 0x0EFD, 0x2FFD, 0x0FFD, 0x2FFD, 0xCCF3, 0xF7F5, 0xFFFF, 0xFFFF, 0xFBF6, 0xEDEB, 0x2FFD, 0x0FFD, 0x0EFD, 0xCEFC, 
  0x52ED, 0xFFFF, 0x96F5, 0xC5F5, 0xE1FF, 0xC1FF, 0xC0FF, 0xC1FF, 0xC1FF, 0xC1FF, 0xC1FF, 0xC1FF, 0xC1FF, 0xC1FF, 0xC1FF, 0xC1FF, 
  0xC1FF, 0xC1FF, 0xC1FF, 0xC1FF, 0xC1FF, 0xC1FF, 0xC1FF, 0xC1FF, 0xC1FF, 0xC1FF, 0xC1FF, 0xC1FF, 0xC1FF, 0xC1FF, 0xC1FF, 0xC1FF, 
  0xC1FF, 0xC1FF, 0xC1FF, 0xC1FF, 0xC1FF, 0xC1FF, 0xC1FF, 0xC1FF, 0xC1FF, 0xC1FF, 0xC1FF, 0xC1FF, 0xC0FF, 0xC0FF, 0xC0FF, 0xC1FF, 
  0x04FF, 0xE0FF, 0xC0FF, 0xC0FF, 0xC0FF, 0xC1FF, 0xC1FF, 0xC1FF, 0xC1FF, 0xC1FF, 0xC1FF, 0xC1FF, 0xC1FF, 0xC1FF, 0xC1FF, 0xC1FF, 
  0xC1FF, 0xC1FF, 0xC1FF, 0xC1FF, 0xC1FF, 0xC1FF, 0xC1FF, 0xC1FF, 0xC1FF, 0xC1FF, 0xC1FF, 0xC1FF, 0xC1FF, 0xC1FF, 0xC1FF, 0xC1FF, 
  0xC1FF, 0xC1FF, 0xC1FF, 0xC1FF, 0xC1FF, 0xC1FF, 0xC1FF, 0xC1FF, 0xC1FF, 0xC1FF, 0xE0FF, 0xE5FE, 0xD4ED, 0x3DFF, 0x0FF4, 0xEBB3, 
  0x2873, 0x0963, 0xC862, 0xE962, 0xA95A, 0x0A73, 0x086B, 0x296B, 0xE962, 0xC962, 0xA95A, 0x6752, 0x885A, 0x885A, 0xC962, 0x8852, 
  0xCA62, 0xA95A, 0x684A, 0x684A, 0x6993, 0xAEE4, 0x287B, 0x2A9C, 0x4B94, 0x2863, 0xC862, 0xC862, 0x8ABB, 0xCDEB, 0x0A7B, 0x6752, 
  0x8AA3, 0x6EF4, 0x097B, 0x885A, 0xE96A, 0x885A, 0xA85A, 0x0963, 0xA85A, 0x0A63, 0x2973, 0x4CDC, 0xD0EC, 0xDEFF, 0xFFFF, 0xFFFF, 
  0x7CFF, 0x6FF4, 0xEFFC, 0x0FFD, 0xCFFC, 0xAEFC, 0xAEFC, 0xEEFC, 0x0FFD, 0xECF3, 0xE9F2, 0xB6FD, 0x8FC4, 0x2752, 0x6752, 0x684A, 
  0xA95A, 0xA85A, 0x8952, 0x6752, 0xC75A, 0x0963, 0xC962, 0xA85A, 0x6A73, 0x296B, 0xA752, 0xE962, 0x474A, 0x8752, 0xE962, 0x8852, 
  0xA95A, 0x8862, 0xAFE4, 0x6DFC, 0xBAF6, 0xFFFF, 0xFFFF, 0x1BF7, 0x6EEC, 0x0FFD, 0xCFFC, 0xECF3, 0xCFFC, 0xAEF4, 0x2CCC, 0x70FD, 
  0x2CC4, 0x4852, 0xC95A, 0x2A73, 0xC86A, 0xABB3, 0x99FE, 0x72FD, 0x6DD4, 0x064A, 0x6752, 0x0963, 0x895A, 0x2A6B, 0x0963, 0x296B, 
  0xE962, 0x8852, 0xC95A, 0x6852, 0xC85A, 0xA86A, 0xAEEC, 0x6BFB, 0x0BFB, 0x4BFB, 0x0FFD, 0x6AF3, 0x55F5, 0xFFFF, 0xDFFF, 0xFFFF, 
  0x51EC, 0x6DFC, 0x2FFD, 0x0FFD, 0x0FFD, 0x2FFD, 0x0CFC, 0x54F5, 0xFFFF, 0xFFFF, 0xDFFF, 0x70EC, 0xAEFC, 0x0FFD, 0xEFFC, 0xCDFC, 
  0x32ED, 0xFFFF, 0xF8F5, 0x86F5, 0xE1FF, 0xC1FF, 0xC0FF, 0xC1FF, 0xC1FF, 0xC1FF, 0xC1FF, 0xC1FF, 0xC1FF, 0xC1FF, 0xC1FF, 0xC1FF, 
  0xC1FF, 0xC1FF, 0xC1FF, 0xC1FF, 0xC1FF, 0xC1FF, 0xC1FF, 0xC1FF, 0xC1FF, 0xC1FF, 0xC1FF, 0xC1FF, 0xC1FF, 0xC1FF, 0xC1FF, 0xC1FF, 
  0xC1FF, 0xC1FF, 0xC1FF, 0xC1FF, 0xC1FF, 0xC1FF, 0xC1FF, 0xC1FF, 0xC1FF, 0xC1FF, 0xC1FF, 0xC1FF, 0xC0FF, 0xC0FF, 0xC0FF, 0xC1FF, 
  0x04FF, 0xE0FF, 0xC0FF, 0xC0FF, 0xC0FF, 0xC1FF, 0xC1FF, 0xC1FF, 0xC1FF, 0xC1FF, 0xC1FF, 0xC1FF, 0xC1FF, 0xC1FF, 0xC1FF, 0xC1FF, 
  0xC1FF, 0xC1FF, 0xC1FF, 0xC1FF, 0xC1FF, 0xC1FF, 0xC1FF, 0xC1FF, 0xC1FF, 0xC1FF, 0xC1FF, 0xC1FF, 0xC1FF, 0xC1FF, 0xC1FF, 0xC1FF, 
  0xC1FF, 0xC1FF, 0xC1FF, 0xC1FF, 0xC1FF, 0xC1FF, 0xC1FF, 0xC1FF, 0xC1FF, 0xC0FF, 0xE1FF, 0xE9F5, 0x1AFF, 0xF6F5, 0x2EEC, 0x097B, 
  0xA85A, 0xC95A, 0xC962, 0xA852, 0xA952, 0x685A, 0xE862, 0x4A6B, 0x885A, 0x8852, 0x274A, 0x6852, 0xEA62, 0x0A6B, 0x6752, 0x885A, 
  0xEA62, 0xE962, 0x4973, 0xC85A, 0x699B, 0xAEE4, 0xA862, 0xA862, 0x0873, 0xE862, 0x2A6B, 0x0973, 0xEBDB, 0xABC3, 0x8B7B, 0x697B, 
  0x4DDC, 0xCABB, 0x086B, 0xAA7B, 0x4B8C, 0x096B, 0x6852, 0x6952, 0x895A, 0xC962, 0x8A83, 0x4DEC, 0x12ED, 0xFFFF, 0xFFFF, 0xFFFF, 
  0x3BF7, 0x6FF4, 0xCFFC, 0x0CFC, 0x8CF3, 0x10F5, 0x92ED, 0x70EC, 0xCFFC, 0xCFFC, 0x0BF3, 0x71FC, 0xCCB3, 0x074A, 0xEA5A, 0x8852, 
  0xE962, 0x6852, 0x8852, 0x4852, 0x8952, 0x8852, 0xC95A, 0x885A, 0x274A, 0x4852, 0xA95A, 0x0963, 0xC85A, 0x8952, 0x284A, 0xA85A, 
  0x885A, 0xA86A, 0xEFEC, 0x8EEC, 0x3CFF, 0xFFFF, 0xFFFF, 0xFFFF, 0x12ED, 0xCEFC, 0xAFEC, 0xF0FC, 0xEEFC, 0x2FFD, 0x2993, 0x4CC4, 
  0x30F5, 0xA86A, 0x884A, 0xE962, 0x895A, 0x8BB3, 0x98FE, 0x73FD, 0xAEEC, 0x685A, 0x0963, 0xC85A, 0x4852, 0xE962, 0xC962, 0x2A6B, 
  0xE962, 0xA852, 0xE962, 0x4973, 0xAB83, 0x8852, 0xAA9B, 0x8EFC, 0x0BF3, 0xEBFA, 0x0DFC, 0xCFFC, 0x4CF3, 0x3BFF, 0xFFFF, 0xFFFF, 
  0x18F6, 0xACF3, 0x2FFD, 0xEFFC, 0x0FFD, 0x0FFD, 0x2CFC, 0xD2EC, 0xFFFF, 0xFFFF, 0xFFFF, 0x54ED, 0x0CF4, 0xEFFC, 0xEEFC, 0xEEFC, 
  0xF0EC, 0xFFFF, 0x5AF6, 0x86F5, 0xE1FF, 0xC0FF, 0xC0FF, 0xC1FF, 0xC1FF, 0xC1FF, 0xC1FF, 0xC1FF, 0xC1FF, 0xC1FF, 0xC1FF, 0xC1FF, 
  0xC1FF, 0xC1FF, 0xC1FF, 0xC1FF, 0xC1FF, 0xC1FF, 0xC1FF, 0xC1FF, 0xC1FF, 0xC1FF, 0xC1FF, 0xC1FF, 0xC1FF, 0xC1FF, 0xC1FF, 0xC1FF, 
  0xC1FF, 0xC1FF, 0xC1FF, 0xC1FF, 0xC1FF, 0xC1FF, 0xC1FF, 0xC1FF, 0xC1FF, 0xC1FF, 0xC1FF, 0xC1FF, 0xC0FF, 0xC0FF, 0xC0FF, 0xC1FF, 
  0x04FF, 0xE0FF, 0xC0FF, 0xC0FF, 0xC0FF, 0xC1FF, 0xC1FF, 0xC1FF, 0xC1FF, 0xC1FF, 0xC1FF, 0xC1FF, 0xC1FF, 0xC1FF, 0xC1FF, 0xC1FF, 
  0xC1FF, 0xC1FF, 0xC1FF, 0xC1FF, 0xC1FF, 0xC1FF, 0xC1FF, 0xC1FF, 0xC1FF, 0xC1FF, 0xC1FF, 0xC1FF, 0xC1FF, 0xC1FF, 0xC1FF, 0xC1FF, 
  0xC1FF, 0xC1FF, 0xC1FF, 0xC1FF, 0xC1FF, 0xC1FF, 0xC0FF, 0xC1FF, 0xC1FF, 0xE0FF, 0x83FF, 0x8FED, 0x9DFF, 0x11F5, 0x0CCC, 0x885A, 
  0x2842, 0xA952, 0x096B, 0x496B, 0xC95A, 0xA95A, 0x296B, 0x296B, 0xE962, 0x885A, 0xC95A, 0x474A, 0x274A, 0x2A6B, 0x096B, 0xE962, 
  0x8752, 0xE85A, 0x4973, 0xA952, 0x8A9B, 0x8DDC, 0x885A, 0xE95A, 0x4A73, 0xAA83, 0x6973, 0x097B, 0x4DEC, 0x499B, 0xE752, 0x499B, 
  0x8FEC, 0x097B, 0x2963, 0x4973, 0xA862, 0xC95A, 0xC95A, 0xA85A, 0x086B, 0xAA7B, 0x086B, 0x4DE4, 0x74F5, 0xFFFF, 0xDFFF, 0xFFFF, 
  0x58F6, 0xAEF4, 0xAEFC, 0x4DEC, 0x0CD4, 0x4DCC, 0xD5ED, 0xBBFE, 0xD1EC, 0xECF3, 0x8DFB, 0x2BFB, 0x8BBB, 0x8852, 0xC95A, 0xC862, 
  0x096B, 0x484A, 0xC85A, 0x6852, 0x0842, 0x474A, 0xE862, 0xE962, 0x4852, 0xA85A, 0x296B, 0x6A73, 0xE962, 0x8852, 0x8852, 0x0963, 
  0x8A7B, 0x0983, 0xEFF4, 0xD0EC, 0xBEFF, 0xFFFF, 0xFFFF, 0xFFFF, 0x95F5, 0xCEFC, 0x69A3, 0x6ECC, 0x2EFD, 0x50FD, 0x2A93, 0xA76A, 
  0xAEDC, 0x2A83, 0x8852, 0x4752, 0x0742, 0xECC3, 0x99FE, 0x73FD, 0xCEF4, 0x896A, 0xC95A, 0xC85A, 0xC95A, 0x8852, 0xA85A, 0x6752, 
  0xE962, 0xA852, 0xE962, 0x496B, 0x897B, 0xA95A, 0x675A, 0x8EE4, 0x6CFB, 0x0BFB, 0x2BFB, 0xAFFC, 0xECF3, 0x92F4, 0xFFFF, 0xFFFF, 
  0x9DFF, 0x0EEC, 0xCEFC, 0x0FFD, 0xAEF4, 0x0FFD, 0x8DFC, 0xB1EC, 0xFFFF, 0xDEFF, 0xFFFF, 0x37F6, 0xCCF3, 0x0FFD, 0x0FFD, 0x0EFD, 
  0xD0EC, 0xDFFF, 0xBBFE, 0xA7ED, 0xE1FF, 0xA0FF, 0xC0FF, 0xC1FF, 0xC1FF, 0xC1FF, 0xC1FF, 0xC1FF, 0xC1FF, 0xC1FF, 0xC1FF, 0xC1FF, 
  0xC1FF, 0xC1FF, 0xC1FF, 0xC1FF, 0xC1FF, 0xC1FF, 0xC1FF, 0xC1FF, 0xC1FF, 0xC1FF, 0xC1FF, 0xC1FF, 0xC1FF, 0xC1FF, 0xC1FF, 0xC1FF, 
  0xC1FF, 0xC1FF, 0xC1FF, 0xC1FF, 0xC1FF, 0xC1FF, 0xC1FF, 0xC1FF, 0xC1FF, 0xC1FF, 0xC1FF, 0xC1FF, 0xC0FF, 0xC0FF, 0xC0FF, 0xC1FF, 
  0x04FF, 0xE0FF, 0xC0FF, 0xC0FF, 0xC0FF, 0xC1FF, 0xC1FF, 0xC1FF, 0xC1FF, 0xC1FF, 0xC1FF, 0xC1FF, 0xC1FF, 0xC1FF, 0xC1FF, 0xC1FF, 
  0xC1FF, 0xC1FF, 0xC1FF, 0xC1FF, 0xC1FF, 0xC1FF, 0xC1FF, 0xC1FF, 0xC1FF, 0xC1FF, 0xC1FF, 0xC1FF, 0xC1FF, 0xC1FF, 0xC1FF, 0xC1FF, 
  0xC1FF, 0xC1FF, 0xC1FF, 0xC1FF, 0xC1FF, 0xC0FF, 0xE0FF, 0xC1FF, 0xC1FF, 0xE1FF, 0xA6F6, 0x56F6, 0x1AFF, 0x8FEC, 0x6A93, 0x096B, 
  0x274A, 0xA85A, 0xA85A, 0xC85A, 0xC95A, 0xA85A, 0xA85A, 0xC85A, 0x296B, 0xAB7B, 0xE962, 0xC962, 0x474A, 0xA85A, 0xEA62, 0x474A, 
  0xA852, 0x2A6B, 0x685A, 0x4842, 0xABA3, 0x8DE4, 0xC862, 0x2A6B, 0xE962, 0xE962, 0x296B, 0xAAA3, 0xEEEC, 0xE872, 0xC962, 0xADDC, 
  0x6CBC, 0xA85A, 0xE962, 0xA95A, 0x284A, 0x8852, 0xE95A, 0x2A6B, 0x096B, 0x8852, 0x485A, 0xADEC, 0x74F5, 0xFFFF, 0xDFFF, 0xFFFF, 
  0x31F5, 0xEEFC, 0xCEDC, 0x6983, 0x096B, 0x0973, 0xC77A, 0x32DD, 0x3DFF, 0x50EC, 0x0AF3, 0x6BFB, 0xACC3, 0x4642, 0x284A, 0x895A, 
  0x0963, 0x0963, 0xA852, 0xC85A, 0x0A63, 0xE86A, 0x897B, 0x8B7B, 0x6852, 0x6852, 0x0963, 0x296B, 0xC962, 0x684A, 0xC95A, 0x697B, 
  0x8A7B, 0x698B, 0xCFFC, 0xF2F4, 0xFFFF, 0xFFFF, 0xFFFF, 0xFFFF, 0xD6F5, 0x6DFC, 0x498B, 0x2983, 0x30FD, 0xEEF4, 0x886A, 0x6852, 
  0x6993, 0x6B83, 0x8852, 0x885A, 0xC96A, 0x8EE4, 0xDAFE, 0x73FD, 0xEEFC, 0xE87A, 0x8852, 0xE962, 0xA85A, 0xE962, 0x885A, 0x4852, 
  0xA95A, 0xE962, 0xA85A, 0x496B, 0x0873, 0xAC8B, 0xA752, 0x6993, 0x2EFC, 0xEBFA, 0x0BFB, 0xACF3, 0xEFFC, 0x6BEB, 0xBAFE, 0xFFFF, 
  0xFFFF, 0x53F5, 0xEDF3, 0x2FFD, 0x0FFD, 0x2FFD, 0x6DFC, 0xB2EC, 0xFFFF, 0xFFFF, 0xFFFF, 0xBAFE, 0xEDF3, 0x2FFD, 0xEFFC, 0xEEFC, 
  0xB0F4, 0xBEFF, 0x3CF7, 0x69ED, 0xC3FF, 0xC0FF, 0xC1FF, 0xC1FF, 0xC1FF, 0xC1FF, 0xC1FF, 0xC1FF, 0xC1FF, 0xC1FF, 0xC1FF, 0xC1FF, 
  0xC1FF, 0xC1FF, 0xC1FF, 0xC1FF, 0xC1FF, 0xC1FF, 0xC1FF, 0xC1FF, 0xC1FF, 0xC1FF, 0xC1FF, 0xC1FF, 0xC1FF, 0xC1FF, 0xC1FF, 0xC1FF, 
  0xC1FF, 0xC1FF, 0xC1FF, 0xC1FF, 0xC1FF, 0xC1FF, 0xC1FF, 0xC1FF, 0xC1FF, 0xC1FF, 0xC1FF, 0xC1FF, 0xC0FF, 0xC0FF, 0xC0FF, 0xC1FF, 
  0x04FF, 0xE0FF, 0xC0FF, 0xC0FF, 0xC0FF, 0xC1FF, 0xC1FF, 0xC1FF, 0xC1FF, 0xC1FF, 0xC1FF, 0xC1FF, 0xC1FF, 0xC1FF, 0xC1FF, 0xC1FF, 
  0xC1FF, 0xC1FF, 0xC1FF, 0xC1FF, 0xC1FF, 0xC1FF, 0xC1FF, 0xC1FF, 0xC1FF, 0xC1FF, 0xC1FF, 0xC1FF, 0xC1FF, 0xC1FF, 0xC1FF, 0xC1FF, 
  0xC1FF, 0xC1FF, 0xC1FF, 0xC1FF, 0xC1FF, 0xC1FF, 0xC0FF, 0xE1FF, 0xC0FF, 0xE2FF, 0xEAED, 0x5DF7, 0xF6FD, 0xCCCB, 0x4752, 0xE95A, 
  0x8952, 0xC95A, 0xC85A, 0x0963, 0x0863, 0x496B, 0x8852, 0xA95A, 0x6752, 0xA85A, 0xC862, 0xA85A, 0x096B, 0x8A73, 0x096B, 0xE962, 
  0x0A6B, 0x096B, 0xA85A, 0x0A63, 0x699B, 0xEEEC, 0x0873, 0x096B, 0x8752, 0xA85A, 0xE85A, 0x2DC4, 0x6DD4, 0x875A, 0xC86A, 0xEFEC, 
  0x498B, 0x496B, 0x096B, 0xE962, 0xA95A, 0x885A, 0xC75A, 0x496B, 0xC95A, 0xE741, 0x4A8B, 0x8DFC, 0xB6F5, 0xFFFF, 0xFFFF, 0x79F6, 
  0xAEF4, 0x0FF5, 0x2983, 0x8762, 0xC962, 0xE962, 0x6852, 0xC782, 0xB4ED, 0xFBFE, 0x2CF3, 0x4BFB, 0xACD3, 0xA85A, 0xA85A, 0x8852, 
  0x674A, 0x885A, 0x094A, 0x6852, 0xC85A, 0x0A6B, 0x296B, 0xA75A, 0xA952, 0x8852, 0xA95A, 0xEA62, 0x8852, 0xE641, 0xA95A, 0x2A73, 
  0x6752, 0x298B, 0xCFFC, 0x33F5, 0xFFFF, 0xFFFF, 0xFFFF, 0xFFFF, 0xB5ED, 0x6DF4, 0x0983, 0x875A, 0x6DD4, 0xEEEC, 0xC962, 0x474A, 
  0x865A, 0x096B, 0x474A, 0x674A, 0xEBAB, 0x31F5, 0x1BF7, 0x11F5, 0x0FFD, 0x4A83, 0xA952, 0x4752, 0xA85A, 0xC962, 0x096B, 0xE96A, 
  0xE962, 0x2A6B, 0x6752, 0xA85A, 0x086B, 0x885A, 0xA852, 0xE862, 0x6EE4, 0x8CFB, 0x0BFB, 0x0AFB, 0x6EFC, 0x2DF4, 0x91EC, 0xFFFF, 
  0xFFFF, 0xFBFE, 0xADEB, 0xEFFC, 0x0EFD, 0x2FFD, 0x8DFC, 0x92EC, 0xFFFF, 0xFFFF, 0xFFFF, 0xFBFE, 0xCDF3, 0x0FFD, 0xEFFC, 0x0EFD, 
  0x8FF4, 0x7EFF, 0x7DFF, 0x6BE5, 0xA3FF, 0xE0FF, 0xC1FF, 0xC1FF, 0xC1FF, 0xC1FF, 0xC1FF, 0xC1FF, 0xC1FF, 0xC1FF, 0xC1FF, 0xC1FF, 
  0xC1FF, 0xC1FF, 0xC1FF, 0xC1FF, 0xC1FF, 0xC1FF, 0xC1FF, 0xC1FF, 0xC1FF, 0xC1FF, 0xC1FF, 0xC1FF, 0xC1FF, 0xC1FF, 0xC1FF, 0xC1FF, 
  0xC1FF, 0xC1FF, 0xC1FF, 0xC1FF, 0xC1FF, 0xC1FF, 0xC1FF, 0xC1FF, 0xC1FF, 0xC1FF, 0xC1FF, 0xC1FF, 0xC0FF, 0xC0FF, 0xC0FF, 0xC1FF, 
  0x04FF, 0xE0FF, 0xC0FF, 0xC0FF, 0xC0FF, 0xC1FF, 0xC1FF, 0xC1FF, 0xC1FF, 0xC1FF, 0xC1FF, 0xC1FF, 0xC1FF, 0xC1FF, 0xC1FF, 0xC1FF, 
  0xC1FF, 0xC1FF, 0xC1FF, 0xC1FF, 0xC1FF, 0xC1FF, 0xC1FF, 0xC1FF, 0xC1FF, 0xC1FF, 0xC1FF, 0xC1FF, 0xC1FF, 0xC1FF, 0xC1FF, 0xC1FF, 
  0xC1FF, 0xC1FF, 0xC1FF, 0xC1FF, 0xC1FF, 0xC1FF, 0xC1FF, 0xC1FF, 0xE0FF, 0x23FF, 0xD1F5, 0x7EFF, 0x10F5, 0xA9A3, 0xE962, 0x0963, 
  0x8952, 0x885A, 0xA862, 0x096B, 0xE962, 0x4A6B, 0x0A63, 0x8852, 0xC95A, 0x885A, 0xE962, 0xE962, 0x296B, 0x296B, 0xC762, 0x6A73, 
  0x296B, 0x2973, 0xC862, 0xE95A, 0xCBA3, 0x0FFD, 0x8A9B, 0x6A73, 0x0963, 0x096B, 0xE75A, 0x4ECC, 0xCBB3, 0xC85A, 0x0CA4, 0xAEE4, 
  0x087B, 0x0963, 0x076B, 0x496B, 0x2A63, 0xA852, 0xEA6A, 0xC962, 0xA862, 0xC86A, 0x8DDC, 0x90F4, 0x7EFF, 0xFFFF, 0xD9F6, 0x8FEC, 
  0x30FD, 0xABA3, 0xA85A, 0x2A6B, 0x4A6B, 0x2A6B, 0xCA62, 0x474A, 0x8B9B, 0x5CFF, 0xB2EC, 0xCAF2, 0x2EEC, 0x697B, 0xC862, 0x885A, 
  0x0A63, 0x474A, 0x895A, 0xC85A, 0xE85A, 0xC962, 0x6852, 0x0642, 0x4852, 0xA85A, 0x684A, 0x0742, 0x484A, 0x6852, 0x895A, 0x8852, 
  0x484A, 0x6A93, 0xEFFC, 0x53ED, 0xFFFF, 0xFFFF, 0xFFFF, 0xFFFF, 0x53F5, 0xAEEC, 0x886A, 0x4742, 0x6A9B, 0x8ED4, 0x8852, 0x4A73, 
  0xA95A, 0x674A, 0x695A, 0x0A73, 0x6CE4, 0x53F5, 0x1BF7, 0xAFF4, 0x0FFD, 0xA86A, 0x0742, 0x8952, 0x6752, 0x2A6B, 0xCB83, 0x086B, 
  0x496B, 0x096B, 0xA95A, 0xA95A, 0x4A63, 0x8852, 0x8952, 0xA852, 0x4A8B, 0x8EFC, 0x0AFB, 0x0BFB, 0x6CF3, 0xAFFC, 0xACEB, 0xFBFE, 
  0xFFFF, 0xFFFF, 0x90EC, 0x4DFC, 0x0FFD, 0x2FFD, 0x4CFC, 0x91EC, 0xFFFF, 0xFFFF, 0xFFFF, 0xFBFE, 0xCCF3, 0x0FFD, 0x0FFD, 0x0FFD, 
  0x2EEC, 0x3DFF, 0xBFFF, 0x4DE5, 0x83FF, 0xE0FF, 0xC1FF, 0xC1FF, 0xC1FF, 0xC1FF, 0xC1FF, 0xC1FF, 0xC1FF, 0xC1FF, 0xC1FF, 0xC1FF, 
  0xC1FF, 0xC1FF, 0xC1FF, 0xC1FF, 0xC1FF, 0xC1FF, 0xC1FF, 0xC1FF, 0xC1FF, 0xC1FF, 0xC1FF, 0xC1FF, 0xC1FF, 0xC1FF, 0xC1FF, 0xC1FF, 
  0xC1FF, 0xC1FF, 0xC1FF, 0xC1FF, 0xC1FF, 0xC1FF, 0xC1FF, 0xC1FF, 0xC1FF, 0xC1FF, 0xC1FF, 0xC1FF, 0xC0FF, 0xC0FF, 0xC0FF, 0xC1FF, 
  0x04FF, 0xE0FF, 0xC0FF, 0xC0FF, 0xC0FF, 0xC1FF, 0xC1FF, 0xC1FF, 0xC1FF, 0xC1FF, 0xC1FF, 0xC1FF, 0xC1FF, 0xC1FF, 0xC1FF, 0xC1FF, 
  0xC1FF, 0xC1FF, 0xC1FF, 0xC1FF, 0xC1FF, 0xC1FF, 0xC1FF, 0xC1FF, 0xC1FF, 0xC1FF, 0xC1FF, 0xC1FF, 0xC1FF, 0xC1FF, 0xC1FF, 0xC1FF, 
  0xC1FF, 0xC1FF, 0xC1FF, 0xC1FF, 0xC1FF, 0xC0FF, 0xC0FF, 0xC1FF, 0xE1FF, 0x26F6, 0x99FE, 0xD9FE, 0x4CD4, 0x6A7B, 0xE862, 0xC962, 
  0x474A, 0xEC8B, 0x8A83, 0x865A, 0xE962, 0xE962, 0x296B, 0xE862, 0xE962, 0xEA62, 0xC962, 0x885A, 0x6852, 0x6752, 0xC962, 0xA85A, 
  0x096B, 0x296B, 0xC85A, 0xA852, 0x0983, 0x50FD, 0xAAB3, 0xA75A, 0x2A6B, 0xCB7B, 0x286B, 0x6DD4, 0xAB9B, 0x0863, 0x4CC4, 0xEBAB, 
  0x086B, 0xAB7B, 0xE962, 0x0963, 0x8852, 0xC962, 0x6852, 0x096B, 0x8A93, 0x4DDC, 0x11F5, 0xFCF6, 0x7DFF, 0xD5F5, 0x8FEC, 0xCEFC, 
  0xEEF4, 0x287B, 0x0A6B, 0x0963, 0xA75A, 0x8752, 0x684A, 0x6852, 0x2993, 0xD8FE, 0xB7ED, 0xAAF2, 0xEDFB, 0xCAA3, 0x6752, 0xA952, 
  0x6852, 0x2742, 0xE962, 0x0963, 0xC862, 0x8A7B, 0x4C94, 0x096B, 0xA95A, 0xC95A, 0x8852, 0x8852, 0xC95A, 0xC95A, 0xC862, 0xC85A, 
  0x474A, 0x6A9B, 0xEEFC, 0x33ED, 0xFFFF, 0xFFFF, 0xFFFF, 0xDEFF, 0x11FD, 0x2CCC, 0xE962, 0xE852, 0x2983, 0xEBAB, 0x496B, 0x8A7B, 
  0x0A6B, 0x684A, 0x8752, 0xABB3, 0xAEFC, 0x37F6, 0xB9F6, 0x8EF4, 0x0FF5, 0x6762, 0x0742, 0x6852, 0x474A, 0xA95A, 0x885A, 0xA85A, 
  0xA85A, 0x8852, 0xA95A, 0x6852, 0xA852, 0x684A, 0xE749, 0x8952, 0x674A, 0x2CCC, 0xCDFB, 0x0BFB, 0x0BFB, 0x2DFC, 0xEBFB, 0x13ED, 
  0xFFFF, 0xFFFF, 0x37F6, 0xACF3, 0x30FD, 0x0FFD, 0x6CFC, 0x91EC, 0xFFFF, 0xDFFF, 0xFFFF, 0x9AF6, 0xCCF3, 0x2FFD, 0x0FFD, 0x0FFD, 
  0x0DEC, 0x3DFF, 0xFFFF, 0x4FE5, 0x43FF, 0xE0FF, 0xC1FF, 0xC1FF, 0xC1FF, 0xC1FF, 0xC1FF, 0xC1FF, 0xC1FF, 0xC1FF, 0xC1FF, 0xC1FF, 
  0xC1FF, 0xC1FF, 0xC1FF, 0xC1FF, 0xC1FF, 0xC1FF, 0xC1FF, 0xC1FF, 0xC1FF, 0xC1FF, 0xC1FF, 0xC1FF, 0xC1FF, 0xC1FF, 0xC1FF, 0xC1FF, 
  0xC1FF, 0xC1FF, 0xC1FF, 0xC1FF, 0xC1FF, 0xC1FF, 0xC1FF, 0xC1FF, 0xC1FF, 0xC1FF, 0xC1FF, 0xC1FF, 0xC0FF, 0xC0FF, 0xC0FF, 0xC1FF, 
  0x04FF, 0xE0FF, 0xC0FF, 0xC0FF, 0xC0FF, 0xC1FF, 0xC1FF, 0xC1FF, 0xC1FF, 0xC1FF, 0xC1FF, 0xC1FF, 0xC1FF, 0xC1FF, 0xC1FF, 0xC1FF, 
  0xC1FF, 0xC1FF, 0xC1FF, 0xC1FF, 0xC1FF, 0xC1FF, 0xC1FF, 0xC1FF, 0xC1FF, 0xC1FF, 0xC1FF, 0xC1FF, 0xC1FF, 0xC1FF, 0xC1FF, 0xC1FF, 
  0xC1FF, 0xC1FF, 0xC1FF, 0xC1FF, 0xC1FF, 0xC0FF, 0xC1FF, 0xC1FF, 0xA2FF, 0xEDED, 0x5EFF, 0xB4F5, 0x098B, 0x284A, 0xA85A, 0x685A, 
  0x875A, 0x6973, 0x2B94, 0xCA83, 0x6A73, 0xC85A, 0x0963, 0x0963, 0x8752, 0xC95A, 0x885A, 0x6852, 0xCA62, 0xC95A, 0x0963, 0xE962, 
  0x885A, 0xC95A, 0xC95A, 0x8852, 0x8762, 0xCFEC, 0x6DDC, 0x675A, 0x4852, 0x0863, 0xE872, 0x8DD4, 0x297B, 0xC76A, 0x8CCC, 0x886A, 
  0x496B, 0x4973, 0x8952, 0x4A73, 0x096B, 0xE96A, 0xE77A, 0xEBBB, 0x6EF4, 0xACF3, 0x94F5, 0xD5F5, 0xD1EC, 0x6EF4, 0x11FD, 0x2FED, 
  0xE9A3, 0xEA8B, 0x4A73, 0xC85A, 0xC962, 0xA95A, 0x6852, 0xAA83, 0xAABB, 0xBAFE, 0xB6ED, 0xC9F2, 0x2BFB, 0x6EF4, 0x498B, 0xE95A, 
  0xC962, 0x885A, 0x096B, 0x496B, 0x296B, 0x296B, 0xCA83, 0xE962, 0x6852, 0xA95A, 0x885A, 0xA85A, 0x0963, 0x2A6B, 0xE962, 0x0963, 
  0x0963, 0x6A9B, 0x0FFD, 0xD1EC, 0xBFFF, 0xFFFF, 0xFFFF, 0x1CF7, 0xAFFC, 0x2CBC, 0x6752, 0x8752, 0x2A73, 0xC86A, 0x885A, 0xA862, 
  0xE962, 0x0863, 0x287B, 0xCEEC, 0xAEF4, 0x3CF7, 0xD5F5, 0x8DFC, 0xCEE4, 0xA86A, 0xAA5A, 0xC95A, 0xE962, 0xC962, 0x875A, 0xE962, 
  0xC95A, 0x474A, 0x8852, 0x2742, 0xA962, 0x6852, 0xA95A, 0x685A, 0x674A, 0x4A83, 0x8FF4, 0x2BFB, 0x2BFB, 0x4BFB, 0x8EFC, 0xADF3, 
  0x3CFF, 0xFFFF, 0x7EFF, 0xCEEB, 0xCEFC, 0x4FFD, 0x8DFC, 0x91EC, 0xFFFF, 0xFFFF, 0xFFFF, 0x18F6, 0x0CF4, 0x50FD, 0x2FFD, 0xEFFC, 
  0xADF3, 0x3CFF, 0xFFFF, 0x90ED, 0x42FF, 0xE0FF, 0xC1FF, 0xC1FF, 0xC1FF, 0xC1FF, 0xC1FF, 0xC1FF, 0xC1FF, 0xC1FF, 0xC1FF, 0xC1FF, 
  0xC1FF, 0xC1FF, 0xC1FF, 0xC1FF, 0xC1FF, 0xC1FF, 0xC1FF, 0xC1FF, 0xC1FF, 0xC1FF, 0xC1FF, 0xC1FF, 0xC1FF, 0xC1FF, 0xC1FF, 0xC1FF, 
  0xC1FF, 0xC1FF, 0xC1FF, 0xC1FF, 0xC1FF, 0xC1FF, 0xC1FF, 0xC1FF, 0xC1FF, 0xC1FF, 0xC1FF, 0xC1FF, 0xC0FF, 0xC0FF, 0xC0FF, 0xC1FF, 
  0x04FF, 0xE0FF, 0xC0FF, 0xC0FF, 0xC0FF, 0xC1FF, 0xC1FF, 0xC1FF, 0xC1FF, 0xC1FF, 0xC1FF, 0xC1FF, 0xC1FF, 0xC1FF, 0xC1FF, 0xC1FF, 
  0xC1FF, 0xC1FF, 0xC1FF, 0xC1FF, 0xC1FF, 0xC1FF, 0xC1FF, 0xC1FF, 0xC1FF, 0xC1FF, 0xC1FF, 0xC1FF, 0xC1FF, 0xC1FF, 0xC1FF, 0xC1FF, 
  0xC1FF, 0xC1FF, 0xC1FF, 0xC1FF, 0xC0FF, 0xC1FF, 0xC1FF, 0xE0FF, 0xE4FE, 0x54EE, 0x7CFF, 0x4DD4, 0x675A, 0x4852, 0xE962, 0x496B, 
  0xE962, 0xE962, 0x2973, 0x6A7B, 0xA75A, 0xE962, 0xA95A, 0xA95A, 0xC95A, 0x474A, 0xC962, 0xA95A, 0x096B, 0xE862, 0x6A73, 0x096B, 
  0x6852, 0x284A, 0xC962, 0x895A, 0x8652, 0x8DE4, 0x0FF5, 0xA86A, 0x694A, 0xE95A, 0x8A8B, 0x4CBC, 0x296B, 0xE972, 0x8A8B, 0xA962, 
  0x296B, 0xA85A, 0x685A, 0x2983, 0xAAAB, 0xADD4, 0x50F5, 0xAFFC, 0xCCEB, 0x0CEC, 0x0CEC, 0x4CF4, 0x4FFD, 0x4FFD, 0x8EDC, 0x097B, 
  0x095B, 0xC862, 0x4A73, 0x2A6B, 0x2A73, 0x496B, 0x8B7B, 0x687B, 0x4DDC, 0xFBFE, 0x90F4, 0xCAFA, 0x2BFB, 0x4CFB, 0x8DF4, 0xCA9B, 
  0x0873, 0x8752, 0x284A, 0xA85A, 0xE962, 0x685A, 0xA862, 0xA95A, 0x8852, 0x885A, 0x4B73, 0xA762, 0x496B, 0x0863, 0x6852, 0x6852, 
  0x875A, 0x8BA3, 0x50FD, 0x4EEC, 0x3DFF, 0xFFFF, 0xFFFF, 0x97F5, 0xCEFC, 0xEAAB, 0x885A, 0xA85A, 0xA952, 0x684A, 0x0642, 0x474A, 
  0xE972, 0xCA9B, 0xCEE4, 0x0FFD, 0xAFF4, 0x9EFF, 0xF2F4, 0xEEFC, 0x8DDC, 0x475A, 0x8952, 0xC85A, 0x0963, 0x096B, 0xC862, 0x0A6B, 
  0xC962, 0x6752, 0x6852, 0xC952, 0x6B7B, 0xC862, 0x295B, 0xE962, 0xC962, 0x264A, 0x4DCC, 0xCDFB, 0xEAFA, 0x0BFB, 0x2EF4, 0xCCF3, 
  0x53ED, 0xFFFF, 0xFFFF, 0x34F5, 0x0CFC, 0x50FD, 0xAEFC, 0x30EC, 0xBEFF, 0xFFFF, 0xFFFF, 0x76ED, 0x0CF4, 0x2FFD, 0xEFFC, 0x6EFC, 
  0x6CF3, 0x5DFF, 0xFFFF, 0xF2F5, 0x22FF, 0xE1FF, 0xC1FF, 0xC1FF, 0xC1FF, 0xC1FF, 0xC1FF, 0xC1FF, 0xC1FF, 0xC1FF, 0xC1FF, 0xC1FF, 
  0xC1FF, 0xC1FF, 0xC1FF, 0xC1FF, 0xC1FF, 0xC1FF, 0xC1FF, 0xC1FF, 0xC1FF, 0xC1FF, 0xC1FF, 0xC1FF, 0xC1FF, 0xC1FF, 0xC1FF, 0xC1FF, 
  0xC1FF, 0xC1FF, 0xC1FF, 0xC1FF, 0xC1FF, 0xC1FF, 0xC1FF, 0xC1FF, 0xC1FF, 0xC1FF, 0xC1FF, 0xC1FF, 0xC0FF, 0xC0FF, 0xC0FF, 0xC1FF, 
  0x04FF, 0xE0FF, 0xC0FF, 0xC0FF, 0xC0FF, 0xC1FF, 0xC1FF, 0xC1FF, 0xC1FF, 0xC1FF, 0xC1FF, 0xC1FF, 0xC1FF, 0xC1FF, 0xC1FF, 0xC1FF, 
  0xC1FF, 0xC1FF, 0xC1FF, 0xC1FF, 0xC1FF, 0xC1FF, 0xC1FF, 0xC1FF, 0xC1FF, 0xC1FF, 0xC1FF, 0xC1FF, 0xC1FF, 0xC1FF, 0xC1FF, 0xC1FF, 
  0xC1FF, 0xC1FF, 0xC1FF, 0xC0FF, 0xC0FF, 0xC1FF, 0xC1FF, 0xE2FF, 0x09F6, 0x1BF7, 0x97FE, 0x299B, 0x474A, 0x6852, 0xEA5A, 0xC85A, 
  0x0A6B, 0xC862, 0xE962, 0x8852, 0x274A, 0x6852, 0x885A, 0xEA62, 0xA85A, 0x0863, 0xAB7B, 0x6852, 0xE962, 0x4A6B, 0x885A, 0x885A, 
  0xA631, 0x4629, 0x895A, 0x2973, 0x085B, 0x6DDC, 0x10F5, 0xA86A, 0xC95A, 0xC862, 0xC862, 0xC96A, 0xC962, 0x2973, 0x6973, 0x296B, 
  0xC862, 0xABA3, 0x8DDC, 0xEEF4, 0x0FFD, 0xADFC, 0x0CEC, 0x0CE4, 0x2BE4, 0xECF3, 0x6DF4, 0x0FFD, 0xAEDC, 0x6A9B, 0x4762, 0x0742, 
  0xA95A, 0xC85A, 0xA962, 0x695A, 0x474A, 0xA75A, 0xE862, 0x8AAB, 0xD0F4, 0x55F5, 0x2BF3, 0x0BFB, 0x2BFB, 0x0BFB, 0x2AF3, 0xCCEB, 
  0x2DEC, 0xABA3, 0x885A, 0xE641, 0x2742, 0xA85A, 0xE962, 0xE962, 0x296B, 0x4A73, 0xC862, 0xA85A, 0x0963, 0x8752, 0x8852, 0x8862, 
  0x298B, 0xEFE4, 0xCFFC, 0x2EEC, 0x7DFF, 0xFFFF, 0x58EE, 0x8FEC, 0xEEF4, 0xE972, 0xA94A, 0x464A, 0xE962, 0xC862, 0xE87A, 0xECB3, 
  0x8EDC, 0x0FFD, 0x4FFD, 0xCEFC, 0xF2F4, 0x7DFF, 0x8FEC, 0x2FFD, 0x2CC4, 0x6752, 0xC95A, 0xA85A, 0x086B, 0x6A73, 0xC962, 0x895A, 
  0x885A, 0x2A6B, 0xE962, 0xA85A, 0x0A63, 0xA85A, 0xA852, 0x0A63, 0x895A, 0xE95A, 0x6983, 0x8EF4, 0x0BFB, 0x0BFB, 0x6BF3, 0x6EFC, 
  0xADEB, 0x5CFF, 0xFFFF, 0xBAFE, 0xACEB, 0x0FFD, 0xCEFC, 0xADEB, 0x1BFF, 0xFFFF, 0xFFFF, 0x13ED, 0x0DF4, 0xEFFC, 0x0EFD, 0x0CFC, 
  0xAEEB, 0x9EFF, 0xFFFF, 0x32F6, 0x21FF, 0xE1FF, 0xC1FF, 0xC1FF, 0xC1FF, 0xC1FF, 0xC1FF, 0xC1FF, 0xC1FF, 0xC1FF, 0xC1FF, 0xC1FF, 
  0xC1FF, 0xC1FF, 0xC1FF, 0xC1FF, 0xC1FF, 0xC1FF, 0xC1FF, 0xC1FF, 0xC1FF, 0xC1FF, 0xC1FF, 0xC1FF, 0xC1FF, 0xC1FF, 0xC1FF, 0xC1FF, 
  0xC1FF, 0xC1FF, 0xC1FF, 0xC1FF, 0xC1FF, 0xC1FF, 0xC1FF, 0xC1FF, 0xC1FF, 0xC1FF, 0xC1FF, 0xC1FF, 0xC0FF, 0xC0FF, 0xC0FF, 0xC1FF, 
  0x04FF, 0xE0FF, 0xC0FF, 0xC0FF, 0xC0FF, 0xC1FF, 0xC1FF, 0xC1FF, 0xC1FF, 0xC1FF, 0xC1FF, 0xC1FF, 0xC1FF, 0xC1FF, 0xC1FF, 0xC1FF, 
  0xC1FF, 0xC1FF, 0xC1FF, 0xC1FF, 0xC1FF, 0xC1FF, 0xC1FF, 0xC1FF, 0xC1FF, 0xC1FF, 0xC1FF, 0xC1FF, 0xC1FF, 0xC1FF, 0xC1FF, 0xC1FF, 
  0xC1FF, 0xC1FF, 0xC1FF, 0xC1FF, 0xC1FF, 0xC0FF, 0xE0FF, 0x82FF, 0xD0F5, 0x7EFF, 0x12DD, 0xE872, 0x0A6B, 0x0863, 0xC762, 0x885A, 
  0x2A6B, 0x096B, 0xA85A, 0x8852, 0x8852, 0x484A, 0xE962, 0x0A63, 0x6852, 0x0963, 0xA85A, 0x6752, 0x885A, 0xA85A, 0xA85A, 0x0963, 
  0x484A, 0xE739, 0x8852, 0xA75A, 0x6862, 0x8DDC, 0x0FED, 0xE972, 0x0A6B, 0x096B, 0x8752, 0x8852, 0x6752, 0x6A73, 0x297B, 0x8A93, 
  0x8DD4, 0x0FFD, 0xAEFC, 0xF1F4, 0x52ED, 0x74F5, 0x72F5, 0x4FFC, 0x8CFB, 0xEDEB, 0x0DCC, 0x4A8B, 0x284A, 0x0742, 0x474A, 0xC862, 
  0xE862, 0x296B, 0xE962, 0xA852, 0x4A6B, 0xEA6A, 0xE872, 0xAEF4, 0x2CFB, 0x0CFB, 0x0BFB, 0x2BFB, 0x2CF3, 0xECF2, 0x13F5, 0xB6F5, 
  0x71F4, 0x2EF4, 0xEDDB, 0x6BAB, 0xC97A, 0xC86A, 0x4973, 0x2963, 0x296B, 0xA85A, 0x684A, 0x4B6B, 0x8B83, 0xC87A, 0x0BB4, 0xCEDC, 
  0x30F5, 0x0FFD, 0x8BF3, 0xADF3, 0x33ED, 0xD0EC, 0x6DF4, 0x8EE4, 0xC88A, 0xC77A, 0x6A9B, 0x6BB3, 0xEDDB, 0x0DEC, 0x2EFC, 0xCCFB, 
  0x6BFB, 0x4EFC, 0x0FFD, 0x4DFC, 0xF2F4, 0x1BFF, 0x6EEC, 0x50FD, 0xCBB3, 0xA85A, 0x0963, 0x2A6B, 0xC862, 0x6752, 0x6852, 0x6852, 
  0xC962, 0x096B, 0xE962, 0xC95A, 0xA95A, 0xA95A, 0x6852, 0x885A, 0x685A, 0xE85A, 0x254A, 0x0CC4, 0xEDFB, 0x0BFB, 0x0AFB, 0xEDFB, 
  0xCDF3, 0x13ED, 0xFFFF, 0xDEFF, 0x50EC, 0x4DFC, 0x4FFD, 0xEDF3, 0xB6ED, 0xFFFF, 0xFFFF, 0x13ED, 0xEDF3, 0x0FFD, 0x0EFD, 0xABFB, 
  0xCEEB, 0xBDFF, 0xFFFF, 0x75F6, 0x22FF, 0xE0FF, 0xC1FF, 0xC1FF, 0xC1FF, 0xC1FF, 0xC1FF, 0xC1FF, 0xC1FF, 0xC1FF, 0xC1FF, 0xC1FF, 
  0xC1FF, 0xC1FF, 0xC1FF, 0xC1FF, 0xC1FF, 0xC1FF, 0xC1FF, 0xC1FF, 0xC1FF, 0xC1FF, 0xC1FF, 0xC1FF, 0xC1FF, 0xC1FF, 0xC1FF, 0xC1FF, 
  0xC1FF, 0xC1FF, 0xC1FF, 0xC1FF, 0xC1FF, 0xC1FF, 0xC1FF, 0xC1FF, 0xC1FF, 0xC1FF, 0xC1FF, 0xC1FF, 0xC0FF, 0xC0FF, 0xC0FF, 0xC1FF, 
  0x04FF, 0xE0FF, 0xC0FF, 0xC0FF, 0xC0FF, 0xC1FF, 0xC1FF, 0xC1FF, 0xC1FF, 0xC1FF, 0xC1FF, 0xC1FF, 0xC1FF, 0xC1FF, 0xC1FF, 0xC1FF, 
  0xC1FF, 0xC1FF, 0xC1FF, 0xC1FF, 0xC1FF, 0xC1FF, 0xC1FF, 0xC1FF, 0xC1FF, 0xC1FF, 0xC1FF, 0xC1FF, 0xC1FF, 0xC1FF, 0xC1FF, 0xC1FF, 
  0xC1FF, 0xC1FF, 0xC1FF, 0xC1FF, 0xC1FF, 0xA0FF, 0xE1FF, 0xC6F6, 0x77F6, 0x3BFF, 0xAAAB, 0xC862, 0x0963, 0xA862, 0x086B, 0xAB7B, 
  0x264A, 0xEA62, 0xC95A, 0xA85A, 0x8752, 0x0963, 0x0963, 0x8852, 0x484A, 0x6852, 0x8852, 0xE962, 0xA85A, 0x296B, 0x296B, 0x496B, 
  0x6A73, 0x0863, 0xA752, 0xEA62, 0x8A93, 0x6FFD, 0xEBBB, 0x4752, 0x0A6B, 0x8B7B, 0xC862, 0x675A, 0xC87A, 0xCBAB, 0x8DDC, 0x8EF4, 
  0x0CFC, 0x4BF3, 0xCEEB, 0x75ED, 0x95F5, 0x74FD, 0x52F5, 0x8EDC, 0xCCAB, 0x0973, 0x6852, 0x875A, 0xC87A, 0xCCAB, 0x8FCC, 0xAFDC, 
  0x4ED4, 0x8AAB, 0xCA93, 0xA75A, 0x4852, 0x6852, 0x4DC4, 0x0DFC, 0xEBFA, 0x2BFB, 0x2BFB, 0x2BFB, 0x0CFB, 0xEBFA, 0xEFF3, 0xFAF6, 
  0xFFFF, 0x5DFF, 0x36F6, 0x32F5, 0x50F4, 0x0DDC, 0xEBBB, 0xAAAB, 0x4893, 0xAA93, 0x087B, 0x0883, 0xEBBB, 0xCEF4, 0xCEFC, 0xAEFC, 
  0xAEFC, 0x8DFC, 0x8DFC, 0x6DFC, 0x6DFC, 0xAEFC, 0xCEFC, 0x4DE4, 0x8FDC, 0x52F5, 0xB4F5, 0xF2F4, 0x4CF3, 0x0BFB, 0xEBFA, 0x0BFB, 
  0x0BFB, 0x4BF3, 0xEFFC, 0x2DFC, 0xD2F4, 0xB9FE, 0x4EF4, 0x70FD, 0x4993, 0xA85A, 0x0A63, 0x474A, 0x4752, 0x6852, 0xC95A, 0xA85A, 
  0x885A, 0xA85A, 0x885A, 0xE962, 0x8852, 0x274A, 0xC95A, 0xEA62, 0x274A, 0x0A63, 0xA952, 0x2A83, 0xCFFC, 0x0BFB, 0x0CFB, 0x2BFB, 
  0xAEFC, 0x8CEB, 0xB9F6, 0xFFFF, 0x97F5, 0x8BF3, 0x4FFD, 0x8EFC, 0x71F4, 0xDFFF, 0xFFFF, 0x34ED, 0xCCF3, 0x30FD, 0x0FFD, 0x6BFB, 
  0x10EC, 0xDEFF, 0xFFFF, 0xD6FE, 0x42FF, 0xE0FF, 0xC1FF, 0xC1FF, 0xC1FF, 0xC1FF, 0xC1FF, 0xC1FF, 0xC1FF, 0xC1FF, 0xC1FF, 0xC1FF, 
  0xC1FF, 0xC1FF, 0xC1FF, 0xC1FF, 0xC1FF, 0xC1FF, 0xC1FF, 0xC1FF, 0xC1FF, 0xC1FF, 0xC1FF, 0xC1FF, 0xC1FF, 0xC1FF, 0xC1FF, 0xC1FF, 
  0xC1FF, 0xC1FF, 0xC1FF, 0xC1FF, 0xC1FF, 0xC1FF, 0xC1FF, 0xC1FF, 0xC1FF, 0xC1FF, 0xC1FF, 0xC1FF, 0xC0FF, 0xC0FF, 0xC0FF, 0xC1FF, 
  0x04FF, 0xE0FF, 0xC0FF, 0xC0FF, 0xC0FF, 0xC1FF, 0xC1FF, 0xC1FF, 0xC1FF, 0xC1FF, 0xC1FF, 0xC1FF, 0xC1FF, 0xC1FF, 0xC1FF, 0xC1FF, 
  0xC1FF, 0xC1FF, 0xC1FF, 0xC1FF, 0xC1FF, 0xC1FF, 0xC1FF, 0xC1FF, 0xC1FF, 0xC1FF, 0xC1FF, 0xC1FF, 0xC1FF, 0xC1FF, 0xC1FF, 0xC1FF, 
  0xC1FF, 0xC1FF, 0xC1FF, 0xC1FF, 0xC1FF, 0xC0FF, 0xC1FF, 0x0CF6, 0x7CFF, 0xD4ED, 0x0883, 0x0863, 0x296B, 0xC96A, 0x0963, 0xAA7B, 
  0x096B, 0x0963, 0x2A6B, 0x0A63, 0xA85A, 0x0A63, 0x8852, 0x6852, 0x6852, 0x8952, 0xA95A, 0xC95A, 0xC862, 0xE962, 0xC862, 0xE962, 
  0xE962, 0x885A, 0xAB83, 0xE872, 0x6DD4, 0xEFE4, 0xA76A, 0xC85A, 0x2863, 0x4973, 0x8A8B, 0x6ECC, 0x10F5, 0x50FD, 0x50FD, 0xCEFC, 
  0x2DFC, 0x2DFC, 0x6EFC, 0xAEFC, 0xAEEC, 0x0BD4, 0xC982, 0x685A, 0x096B, 0x474A, 0x0983, 0x4DCC, 0xB3F5, 0xD5F5, 0x13F5, 0x92EC, 
  0x50FC, 0xAEFB, 0xCCEB, 0xABB3, 0x4752, 0xA752, 0x8DD4, 0x2EFC, 0xEBFA, 0xEBFA, 0x0BFB, 0x0BFB, 0x0BFB, 0x0BFB, 0xCAFA, 0x0AEB, 
  0x70EC, 0x38F6, 0x7DFF, 0xDFFF, 0x9DFF, 0xDAFE, 0xF6F5, 0x73FD, 0x12F5, 0xF1F4, 0xF1E4, 0xB3F5, 0xD4FD, 0xD5F5, 0xF5F5, 0xF5FD, 
  0xF6FD, 0xB4F5, 0xB4FD, 0xD4FD, 0xD4FD, 0xD4F5, 0x36F6, 0xDAF6, 0xDBFE, 0x17F6, 0xD2F4, 0x8CF3, 0x2AF3, 0x2BFB, 0x2BFB, 0x2CFB, 
  0x2BFB, 0x8CFB, 0x30FD, 0xCCF3, 0x51F4, 0x37F6, 0x4EFC, 0x4FFD, 0x6A93, 0xC95A, 0x474A, 0x8852, 0xCA5A, 0xCA5A, 0xE962, 0xA85A, 
  0xE962, 0x2A6B, 0x2A6B, 0xA85A, 0x0A63, 0x8852, 0x8852, 0xC962, 0xC85A, 0x4852, 0x6852, 0x0742, 0x0CC4, 0xEDFB, 0xEBFA, 0x0BFB, 
  0x2CFC, 0x4DFC, 0xEFF3, 0xDEFF, 0x3DFF, 0x8CEB, 0xAEFC, 0x0FFD, 0xCDEB, 0xFBF6, 0xFFFF, 0xD6ED, 0x8CF3, 0x2FFD, 0xEFFC, 0x4BFB, 
  0x10EC, 0xDEFF, 0xFFFF, 0x75FF, 0x62FF, 0xE1FF, 0xC0FF, 0xC1FF, 0xC1FF, 0xC1FF, 0xC1FF, 0xC1FF, 0xC1FF, 0xC1FF, 0xC1FF, 0xC1FF, 
  0xC1FF, 0xC1FF, 0xC1FF, 0xC1FF, 0xC1FF, 0xC1FF, 0xC1FF, 0xC1FF, 0xC1FF, 0xC1FF, 0xC1FF, 0xC1FF, 0xC1FF, 0xC1FF, 0xC1FF, 0xC1FF, 
  0xC1FF, 0xC1FF, 0xC1FF, 0xC1FF, 0xC1FF, 0xC1FF, 0xC1FF, 0xC1FF, 0xC1FF, 0xC1FF, 0xC1FF, 0xC1FF, 0xC0FF, 0xC0FF, 0xC0FF, 0xC1FF, 
  0x04FF, 0xE0FF, 0xC0FF, 0xC0FF, 0xC0FF, 0xC1FF, 0xC1FF, 0xC1FF, 0xC1FF, 0xC1FF, 0xC1FF, 0xC1FF, 0xC1FF, 0xC1FF, 0xC1FF, 0xC1FF, 
  0xC1FF, 0xC1FF, 0xC1FF, 0xC1FF, 0xC1FF, 0xC1FF, 0xC1FF, 0xC1FF, 0xC1FF, 0xC1FF, 0xC1FF, 0xC1FF, 0xC1FF, 0xC1FF, 0xC1FF, 0xC1FF, 
  0xC1FF, 0xC1FF, 0xC1FF, 0xC1FF, 0xC1FF, 0xE0FF, 0x63FF, 0x32EE, 0x9EFF, 0x0DB4, 0x685A, 0x2963, 0xAA83, 0x4A73, 0x4A6B, 0xE96A, 
  0xE96A, 0xA95A, 0x8852, 0xA85A, 0xC85A, 0xC862, 0xC85A, 0x0963, 0x4A6B, 0x6852, 0x6852, 0xA85A, 0xE862, 0x0963, 0xE85A, 0xE962, 
  0xA75A, 0xE862, 0x2973, 0x2BBC, 0xADD4, 0xA98B, 0x6A73, 0xC95A, 0xEA62, 0x885A, 0xA86A, 0xE97A, 0x098B, 0x4A93, 0xCBAB, 0x2CBC, 
  0x4DC4, 0x2DBC, 0xCCA3, 0x2983, 0xE86A, 0x8852, 0xE751, 0x4B9B, 0x2983, 0xCBB3, 0xF1F4, 0x37F6, 0xF2EC, 0x0DF4, 0xECF3, 0xCCF3, 
  0xACF3, 0x6CFB, 0xEBFA, 0xACFB, 0x0DC4, 0xC862, 0x8A93, 0x30F5, 0x6FFC, 0xACF3, 0xECF3, 0x0DFC, 0x4DF4, 0x2EFC, 0xCDFB, 0x8CFB, 
  0x0AF3, 0xCAF2, 0x0CEB, 0x50EC, 0xB6F5, 0xBAFE, 0x7DFF, 0xDFFF, 0xFFFF, 0xFFFF, 0xBEFF, 0x99F6, 0x17F6, 0xF7F5, 0xF7F5, 0xF6F5, 
  0x17FE, 0x18FE, 0x79FE, 0x79FE, 0x79FE, 0x59FE, 0xD6F5, 0xF3F4, 0xCEEB, 0xEAF2, 0x0BFB, 0x4CFB, 0x2BFB, 0x2BFB, 0x2BFB, 0x2BFB, 
  0x0BFB, 0xACFB, 0x4DF4, 0x0AF3, 0x71FC, 0x53ED, 0x8EFC, 0x4FF5, 0xC872, 0xA95A, 0x885A, 0xE962, 0x484A, 0x6852, 0x8852, 0xA85A, 
  0xA85A, 0xA85A, 0xE962, 0xE962, 0xA85A, 0x6852, 0xA95A, 0xC85A, 0xA85A, 0x4852, 0xC95A, 0x484A, 0x0983, 0xAEF4, 0x2BF3, 0x0BFB, 
  0x2BFB, 0xCFFC, 0x6CF3, 0x14F5, 0xFFFF, 0x71EC, 0xECFB, 0x50FD, 0x2CF4, 0x54ED, 0xFFFF, 0x99F6, 0x8CF3, 0x0FFD, 0xEFFC, 0x4BFB, 
  0xEFEB, 0xBEFF, 0xFFFF, 0xD8FF, 0xA5FF, 0xC0FF, 0xC1FF, 0xC1FF, 0xC1FF, 0xC1FF, 0xC1FF, 0xC1FF, 0xC1FF, 0xC1FF, 0xC1FF, 0xC1FF, 
  0xC1FF, 0xC1FF, 0xC1FF, 0xC1FF, 0xC1FF, 0xC1FF, 0xC1FF, 0xC1FF, 0xC1FF, 0xC1FF, 0xC1FF, 0xC1FF, 0xC1FF, 0xC1FF, 0xC1FF, 0xC1FF, 
  0xC1FF, 0xC1FF, 0xC1FF, 0xC1FF, 0xC1FF, 0xC1FF, 0xC1FF, 0xC1FF, 0xC1FF, 0xC1FF, 0xC1FF, 0xC1FF, 0xC0FF, 0xC0FF, 0xC0FF, 0xC1FF, 
  0x04FF, 0xE0FF, 0xC0FF, 0xC0FF, 0xC0FF, 0xC1FF, 0xC1FF, 0xC1FF, 0xC1FF, 0xC1FF, 0xC1FF, 0xC1FF, 0xC1FF, 0xC1FF, 0xC1FF, 0xC1FF, 
  0xC1FF, 0xC1FF, 0xC1FF, 0xC1FF, 0xC1FF, 0xC1FF, 0xC1FF, 0xC1FF, 0xC1FF, 0xC1FF, 0xC1FF, 0xC1FF, 0xC1FF, 0xC1FF, 0xC1FF, 0xC1FF, 
  0xC1FF, 0xC1FF, 0xC1FF, 0xC1FF, 0xC1FF, 0xE0FF, 0x86F6, 0x1AF7, 0x98F6, 0x6993, 0x296B, 0xE95A, 0xC85A, 0x2752, 0x2A6B, 0x096B, 
  0x885A, 0xC95A, 0xE962, 0x8752, 0x4A6B, 0x4A6B, 0xC862, 0xE862, 0x096B, 0xE862, 0x0A6B, 0xC85A, 0x096B, 0xC962, 0x8752, 0xC95A, 
  0x6A6B, 0x296B, 0x097B, 0x4BB4, 0x6983, 0xCA8B, 0x2973, 0x8852, 0xE962, 0x0963, 0xE962, 0xC85A, 0xA852, 0x8852, 0x2742, 0x6752, 
  0x6752, 0x064A, 0x885A, 0x475A, 0x2993, 0x2CBC, 0xEFDC, 0x6893, 0xEBC3, 0xF1F4, 0xF6ED, 0x8FEC, 0x8EFC, 0xCFF4, 0x32F5, 0x94ED, 
  0x53ED, 0x8EEC, 0x0CF4, 0x0BFB, 0xADFB, 0xABB3, 0x8762, 0x2BB4, 0x6FFD, 0xD0FC, 0x0EFD, 0xEEFC, 0x0FFD, 0x70FD, 0x90FD, 0x50FD, 
  0x10FD, 0xEFFC, 0x4DFC, 0x6BFB, 0xCAF2, 0xEAEA, 0x6CEB, 0x0FEC, 0xF2F4, 0x33F5, 0x13F5, 0x6DEB, 0xAAF2, 0xEAFA, 0xCAFA, 0xEAF2, 
  0xCAFA, 0xCAFA, 0x0BF3, 0xEAF2, 0xCAF2, 0xCAF2, 0xA9FA, 0xAAFA, 0xEAFA, 0x0BFB, 0x2CFB, 0x2BFB, 0x2BFB, 0x0BFB, 0x0BFB, 0x2BFB, 
  0x0BFB, 0x2BFB, 0x2BFB, 0x0AFB, 0xCEFB, 0x4EEC, 0x0FFD, 0xCEE4, 0xA862, 0x8852, 0x0A6B, 0x0963, 0x474A, 0x6852, 0x284A, 0x6952, 
  0x8852, 0x6852, 0xC85A, 0xC95A, 0x474A, 0xA95A, 0xC95A, 0x6752, 0xA85A, 0xEA62, 0xC962, 0x8852, 0x885A, 0x2DC4, 0xEDFB, 0x0BFB, 
  0x0BFB, 0xEDFB, 0xAEFC, 0x0BEB, 0x99FE, 0xD6F5, 0x4AEB, 0x30FD, 0xCEFC, 0x2FEC, 0xBFFF, 0x9DFF, 0xADEB, 0xADFC, 0x30FD, 0x8CFB, 
  0x8DEB, 0x5DFF, 0xFFFF, 0xFDFF, 0xC8FF, 0xC0FF, 0xC1FF, 0xC1FF, 0xC1FF, 0xC1FF, 0xC1FF, 0xC1FF, 0xC1FF, 0xC1FF, 0xC1FF, 0xC1FF, 
  0xC1FF, 0xC1FF, 0xC1FF, 0xC1FF, 0xC1FF, 0xC1FF, 0xC1FF, 0xC1FF, 0xC1FF, 0xC1FF, 0xC1FF, 0xC1FF, 0xC1FF, 0xC1FF, 0xC1FF, 0xC1FF, 
  0xC1FF, 0xC1FF, 0xC1FF, 0xC1FF, 0xC1FF, 0xC1FF, 0xC1FF, 0xC1FF, 0xC1FF, 0xC1FF, 0xC1FF, 0xC1FF, 0xC0FF, 0xC0FF, 0xC0FF, 0xC1FF, 
  0x04FF, 0xE0FF, 0xC0FF, 0xC0FF, 0xC0FF, 0xC1FF, 0xC1FF, 0xC1FF, 0xC1FF, 0xC1FF, 0xC1FF, 0xC1FF, 0xC1FF, 0xC1FF, 0xC1FF, 0xC1FF, 
  0xC1FF, 0xC1FF, 0xC1FF, 0xC1FF, 0xC1FF, 0xC1FF, 0xC1FF, 0xC1FF, 0xC1FF, 0xC1FF, 0xC1FF, 0xC1FF, 0xC1FF, 0xC1FF, 0xC1FF, 0xC1FF, 
  0xC1FF, 0xC1FF, 0xC0FF, 0xC0FF, 0xC0FF, 0xA1FF, 0x2BEE, 0x7EFF, 0x10D5, 0x497B, 0x0A63, 0x8852, 0xC962, 0xE862, 0xC862, 0x096B, 
  0x086B, 0x6A73, 0x4A73, 0x875A, 0xC85A, 0xE962, 0x0A6B, 0xC862, 0xC75A, 0x6A73, 0xE962, 0xE85A, 0xA85A, 0x274A, 0x6752, 0xA95A, 
  0x0A63, 0xA85A, 0xC962, 0x875A, 0xC86A, 0x096B, 0x4A6B, 0xC85A, 0xC852, 0x0963, 0xE962, 0xC85A, 0xA852, 0x8852, 0xE972, 0xA872, 
  0x4A8B, 0x0DBC, 0xAEE4, 0xEFF4, 0x50F5, 0xAED4, 0x4993, 0x2BC4, 0x8FFC, 0xF7ED, 0xCFEC, 0xADFC, 0xB0F4, 0x99F6, 0xBEFF, 0xFFFF, 
  0xDFFF, 0x1CF7, 0x33ED, 0xEDF3, 0x0BFB, 0xCDFB, 0x0BBC, 0x487B, 0x6DD4, 0xEFFC, 0xEEFC, 0x2FFD, 0xADE4, 0xCCBB, 0xAAA3, 0x8A93, 
  0xE98A, 0x8AA3, 0x4CBC, 0xCFEC, 0xCEFC, 0x6EFC, 0xCCFB, 0x2AFB, 0x6BFB, 0xCCF3, 0xECF3, 0xCCF3, 0x8CFB, 0x4BFB, 0x2BFB, 0x2BFB, 
  0x0BFB, 0x2BF3, 0x4CFB, 0x8CFB, 0xCCFB, 0xCCFB, 0xCCFB, 0xCDFB, 0xCDFB, 0xCCF3, 0xACF3, 0x6BFB, 0x6BFB, 0x6CFB, 0x2CFB, 0x2BFB, 
  0x2BFB, 0x2BFB, 0x0BFB, 0x0CFB, 0x0AF3, 0x4DF4, 0x50FD, 0x2CCC, 0xA85A, 0xC95A, 0xEA6A, 0xE962, 0xE962, 0xA95A, 0xA95A, 0x0963, 
  0xA85A, 0xA85A, 0xA95A, 0x474A, 0x8852, 0xE962, 0xA85A, 0x885A, 0x6852, 0x284A, 0x4852, 0x684A, 0x6752, 0xC87A, 0xAFF4, 0x0CF3, 
  0x0CFB, 0x4AF3, 0xEFFC, 0xECFB, 0x4DEB, 0x54F5, 0x6CF3, 0x8EFC, 0x2FFD, 0xCCEB, 0x58F6, 0xFFFF, 0x70EC, 0xECFB, 0x30FD, 0xCCF3, 
  0x2BF3, 0x1CFF, 0xFFFF, 0xDEFF, 0x8AFF, 0xC0FF, 0xC1FF, 0xC1FF, 0xC1FF, 0xC1FF, 0xC1FF, 0xC1FF, 0xC1FF, 0xC1FF, 0xC1FF, 0xC1FF, 
  0xC1FF, 0xC1FF, 0xC1FF, 0xC1FF, 0xC1FF, 0xC1FF, 0xC1FF, 0xC1FF, 0xC1FF, 0xC1FF, 0xC1FF, 0xC1FF, 0xC1FF, 0xC1FF, 0xC1FF, 0xC1FF, 
  0xC1FF, 0xC1FF, 0xC1FF, 0xC1FF, 0xC1FF, 0xC1FF, 0xC1FF, 0xC1FF, 0xC1FF, 0xC1FF, 0xC1FF, 0xC1FF, 0xC0FF, 0xC0FF, 0xC0FF, 0xC1FF, 
  0x04FF, 0xE0FF, 0xC0FF, 0xC0FF, 0xC0FF, 0xC1FF, 0xC1FF, 0xC1FF, 0xC1FF, 0xC1FF, 0xC1FF, 0xC1FF, 0xC1FF, 0xC1FF, 0xC1FF, 0xC1FF, 
  0xC1FF, 0xC1FF, 0xC1FF, 0xC1FF, 0xC1FF, 0xC1FF, 0xC1FF, 0xC1FF, 0xC1FF, 0xC1FF, 0xC1FF, 0xC1FF, 0xC1FF, 0xC1FF, 0xC1FF, 0xC1FF, 
  0xC1FF, 0xC1FF, 0xC0FF, 0xC0FF, 0xE1FF, 0x23FF, 0x74EE, 0x3CFF, 0x6A9B, 0xC85A, 0x885A, 0xA85A, 0xEA62, 0x6A73, 0x2A6B, 0xC85A, 
  0xC862, 0xA85A, 0x0A6B, 0xC962, 0x6852, 0xA85A, 0x885A, 0x885A, 0x2A6B, 0xE962, 0xA85A, 0x0963, 0x4A6B, 0xA85A, 0xE962, 0xC962, 
  0x274A, 0x8852, 0xC95A, 0xC95A, 0x6852, 0x2A6B, 0x885A, 0x6852, 0xA85A, 0x4A73, 0xEA62, 0x6852, 0xE972, 0x6A9B, 0x8DDC, 0x0EED, 
  0x2FED, 0xCEE4, 0x4CCC, 0x0CBC, 0x2793, 0x688B, 0xAEDC, 0xAEFC, 0x13ED, 0xB4ED, 0xAEFC, 0xF0F4, 0xB9FE, 0xFFFF, 0xFFFF, 0xDFFF, 
  0xFFF7, 0xFFFF, 0xBEFF, 0x12ED, 0xACFB, 0x0BFB, 0x2EEC, 0x8762, 0xC862, 0x6DCC, 0x0FF5, 0xECB3, 0x885A, 0xE741, 0x064A, 0xA862, 
  0x4A8B, 0x2A8B, 0x097B, 0xE872, 0x6A8B, 0xACA3, 0xECB3, 0x2DD4, 0xEDEB, 0xEEFB, 0xEDFB, 0x4EFC, 0xCFFC, 0xF0FC, 0xAEFC, 0x6DFC, 
  0x2DFC, 0x2DFC, 0xAEFC, 0x0FFD, 0x0FFD, 0x0FFD, 0x0FFD, 0x30FD, 0x2FFD, 0x30FD, 0x30FD, 0xEFFC, 0x6EFC, 0xEDFB, 0x4BFB, 0x2BFB, 
  0x2CFB, 0x0BFB, 0x2CFB, 0x0BFB, 0x8BF3, 0xEFFC, 0x0FFD, 0xCAAB, 0xC962, 0xC962, 0xA85A, 0x8852, 0xA85A, 0x885A, 0xE962, 0x0863, 
  0xC962, 0x0963, 0x2963, 0x8852, 0xE962, 0x8852, 0x6752, 0x296B, 0xE95A, 0x6852, 0x4852, 0xA95A, 0xAB7B, 0x8762, 0x4CC4, 0xCDFB, 
  0x0BFB, 0x0BFB, 0x0DF4, 0xF0FC, 0x2BFB, 0x0FF4, 0x8DF3, 0x0DFC, 0x4FFD, 0x4DF4, 0x91EC, 0xFFFF, 0xB6F5, 0x4AF3, 0x10FD, 0x0DFC, 
  0xEAF2, 0x7AF6, 0xFFFF, 0xBEFF, 0xABEE, 0xC1FF, 0xC0FF, 0xC1FF, 0xC1FF, 0xC1FF, 0xC1FF, 0xC1FF, 0xC1FF, 0xC1FF, 0xC1FF, 0xC1FF, 
  0xC1FF, 0xC1FF, 0xC1FF, 0xC1FF, 0xC1FF, 0xC1FF, 0xC1FF, 0xC1FF, 0xC1FF, 0xC1FF, 0xC1FF, 0xC1FF, 0xC1FF, 0xC1FF, 0xC1FF, 0xC1FF, 
  0xC1FF, 0xC1FF, 0xC1FF, 0xC1FF, 0xC1FF, 0xC1FF, 0xC1FF, 0xC1FF, 0xC1FF, 0xC1FF, 0xC1FF, 0xC1FF, 0xC0FF, 0xC0FF, 0xC0FF, 0xC1FF, 
  0x04FF, 0xE0FF, 0xC0FF, 0xC0FF, 0xC0FF, 0xC1FF, 0xC1FF, 0xC1FF, 0xC1FF, 0xC1FF, 0xC1FF, 0xC1FF, 0xC1FF, 0xC1FF, 0xC1FF, 0xC1FF, 
  0xC1FF, 0xC1FF, 0xC1FF, 0xC1FF, 0xC1FF, 0xC1FF, 0xC1FF, 0xC1FF, 0xC1FF, 0xC1FF, 0xC1FF, 0xC1FF, 0xC1FF, 0xC1FF, 0xC1FF, 0xC1FF, 
  0xC1FF, 0xC1FF, 0xC1FF, 0xC0FF, 0xE1FF, 0x89EE, 0x3DFF, 0xD5E5, 0x876A, 0xC85A, 0x0A6B, 0xA85A, 0x6852, 0x4752, 0x895A, 0x484A, 
  0xC95A, 0x6A73, 0xA75A, 0x0963, 0x496B, 0x0963, 0xE962, 0x4B73, 0xE962, 0x274A, 0x4752, 0x096B, 0xC862, 0xA85A, 0xC962, 0x885A, 
  0x484A, 0x6852, 0xC862, 0xC85A, 0xA95A, 0x2A6B, 0xA862, 0xC95A, 0xE962, 0x096B, 0x8852, 0x274A, 0x0A6B, 0xAB93, 0x2983, 0x6A8B, 
  0x0883, 0x0893, 0x289B, 0xCBBB, 0x4DE4, 0x4FFC, 0x0DFC, 0x6DEC, 0x17F6, 0x11F5, 0xAEF4, 0x36EE, 0xFFFF, 0xFFFF, 0xFFFF, 0xFFFF, 
  0xDFFF, 0xDFFF, 0xFFF7, 0x3BFF, 0x6FF4, 0x6BFB, 0xACFB, 0xCBBB, 0x2642, 0xA95A, 0x0973, 0x4752, 0x6952, 0x674A, 0xEBAB, 0x8DF4, 
  0x2EFC, 0x2DFC, 0x6DFC, 0xAEDC, 0x297B, 0xE641, 0x474A, 0xA85A, 0x8762, 0x0983, 0xABB3, 0x8BDB, 0xCBF3, 0x2DFC, 0xAEFC, 0x0FFD, 
  0x4FFD, 0x2FFD, 0x0FFD, 0xEFFC, 0xEEFC, 0x0EFD, 0xEEFC, 0xEEFC, 0x0FFD, 0xCEFC, 0x0DFC, 0x8CFB, 0x4BFB, 0x0BFB, 0x0BFB, 0x2BFB, 
  0x2BFB, 0x0BFB, 0x0BFB, 0x4BF3, 0xAEFC, 0x0FFD, 0x0FED, 0xC86A, 0x885A, 0xA962, 0x0863, 0x684A, 0xC95A, 0x0963, 0x8852, 0x496B, 
  0x8A73, 0xE85A, 0xA85A, 0xC95A, 0x474A, 0x6852, 0x6852, 0xC85A, 0xA852, 0xA95A, 0xA95A, 0xA85A, 0xE962, 0xC85A, 0x2983, 0x8EF4, 
  0x0BFB, 0xECFA, 0x4CF3, 0xEFFC, 0x6EFC, 0x0BF3, 0xEBFA, 0x2DF4, 0x2FFD, 0xEEFC, 0xACEB, 0x5DFF, 0xDBFE, 0x2BEB, 0xAFFC, 0x0DFC, 
  0xC9F2, 0xD7F5, 0xFFFF, 0xDFFF, 0x10F6, 0x82FF, 0xE0FF, 0xC1FF, 0xC1FF, 0xC1FF, 0xC1FF, 0xC1FF, 0xC1FF, 0xC1FF, 0xC1FF, 0xC1FF, 
  0xC1FF, 0xC1FF, 0xC1FF, 0xC1FF, 0xC1FF, 0xC1FF, 0xC1FF, 0xC1FF, 0xC1FF, 0xC1FF, 0xC1FF, 0xC1FF, 0xC1FF, 0xC1FF, 0xC1FF, 0xC1FF, 
  0xC1FF, 0xC1FF, 0xC1FF, 0xC1FF, 0xC1FF, 0xC1FF, 0xC1FF, 0xC1FF, 0xC1FF, 0xC1FF, 0xC1FF, 0xC1FF, 0xC0FF, 0xC0FF, 0xC0FF, 0xC1FF, 
  0x04FF, 0xE0FF, 0xC0FF, 0xC0FF, 0xC0FF, 0xC1FF, 0xC1FF, 0xC1FF, 0xC1FF, 0xC1FF, 0xC1FF, 0xC1FF, 0xC1FF, 0xC1FF, 0xC1FF, 0xC1FF, 
  0xC1FF, 0xC1FF, 0xC1FF, 0xC1FF, 0xC1FF, 0xC1FF, 0xC1FF, 0xC1FF, 0xC1FF, 0xC1FF, 0xC1FF, 0xC1FF, 0xC1FF, 0xC1FF, 0xC1FF, 0xC1FF, 
  0xC1FF, 0xC1FF, 0xC1FF, 0xE0FF, 0x82FF, 0x31EE, 0x7DFF, 0xECA3, 0x096B, 0xE95A, 0x0863, 0xC862, 0xC85A, 0x0963, 0x8752, 0xE962, 
  0xC95A, 0x885A, 0x6752, 0xE962, 0xE962, 0xA85A, 0xC85A, 0x096B, 0x096B, 0x096B, 0xC85A, 0x296B, 0xE862, 0x0A6B, 0xC85A, 0xA85A, 
  0xA95A, 0x8852, 0xA95A, 0x0963, 0x0863, 0xC85A, 0x8852, 0xA84A, 0xC95A, 0xC95A, 0x0863, 0xC862, 0xC86A, 0x466A, 0x2AA3, 0x8BBB, 
  0x2DD4, 0x8FEC, 0xF1F4, 0x90FC, 0x4CFB, 0xEBF2, 0x2DFC, 0x10F5, 0x17F6, 0xAEFC, 0xCFFC, 0x9CFF, 0xFFFF, 0xFFFF, 0xFFFF, 0xFFFF, 
  0xFFFF, 0xFFFF, 0xFFFF, 0xFFFF, 0x74ED, 0xACF3, 0x0AFB, 0x2EF4, 0x097B, 0x284A, 0x8952, 0xE95A, 0x264A, 0xABA3, 0x8FFC, 0xF2EC, 
  0x9AF6, 0xDAF6, 0xD3EC, 0x0EFC, 0xEFEC, 0xA762, 0x484A, 0x8852, 0x0963, 0x096B, 0x8A83, 0xAA8B, 0x0BB4, 0xCBD3, 0xACEB, 0x0DFC, 
  0x6EFC, 0xADFC, 0xEEFC, 0x0EF5, 0xEFFC, 0x0FFD, 0x0FFD, 0x0EFD, 0x2FFD, 0x4DFC, 0x0AF3, 0x0BFB, 0x2BFB, 0x2BFB, 0x2BFB, 0x0BFB, 
  0x0BFB, 0x2BFB, 0x2AF3, 0x6EFC, 0x0FFD, 0x30FD, 0x4DC4, 0x474A, 0xA852, 0xA862, 0xAA7B, 0xA85A, 0x895A, 0x8B73, 0x464A, 0xA85A, 
  0x0A6B, 0xE862, 0x274A, 0x6952, 0x4852, 0x0963, 0x8852, 0x8952, 0xC95A, 0xC95A, 0x885A, 0x6852, 0x8852, 0xA852, 0x4752, 0x4DCC, 
  0xCCFB, 0xEBFA, 0x2BFB, 0x4DF4, 0x0FFD, 0x6EFC, 0x0AFB, 0x0DFC, 0x2FFD, 0x2FFD, 0xABF3, 0x75F5, 0xDFFF, 0xAEEB, 0x0DFC, 0x2EFC, 
  0xC9F2, 0x35ED, 0xFFFF, 0xFFFF, 0x15EE, 0xE4F6, 0xE1FF, 0xC1FF, 0xC1FF, 0xC1FF, 0xC1FF, 0xC1FF, 0xC1FF, 0xC1FF, 0xC1FF, 0xC1FF, 
  0xC1FF, 0xC1FF, 0xC1FF, 0xC1FF, 0xC1FF, 0xC1FF, 0xC1FF, 0xC1FF, 0xC1FF, 0xC1FF, 0xC1FF, 0xC1FF, 0xC1FF, 0xC1FF, 0xC1FF, 0xC1FF, 
  0xC1FF, 0xC1FF, 0xC1FF, 0xC1FF, 0xC1FF, 0xC1FF, 0xC1FF, 0xC1FF, 0xC1FF, 0xC1FF, 0xC1FF, 0xC1FF, 0xC0FF, 0xC0FF, 0xC0FF, 0xC1FF, 
  0x04FF, 0xE0FF, 0xC0FF, 0xC0FF, 0xC0FF, 0xC1FF, 0xC1FF, 0xC1FF, 0xC1FF, 0xC1FF, 0xC1FF, 0xC1FF, 0xC1FF, 0xC1FF, 0xC1FF, 0xC1FF, 
  0xC1FF, 0xC1FF, 0xC1FF, 0xC1FF, 0xC1FF, 0xC1FF, 0xC1FF, 0xC1FF, 0xC1FF, 0xC1FF, 0xC1FF, 0xC1FF, 0xC1FF, 0xC1FF, 0xC1FF, 0xC1FF, 
  0xC0FF, 0xC0FF, 0xC1FF, 0xE1FF, 0xA6F6, 0xFAF6, 0x77EE, 0xE87A, 0xE962, 0xE85A, 0x096B, 0xE962, 0x0963, 0x8852, 0xC85A, 0x4A73, 
  0x4852, 0xCA62, 0xCA62, 0xA95A, 0xA85A, 0x895A, 0x0A6B, 0xC85A, 0x4973, 0x0863, 0xE862, 0x4A73, 0xE962, 0x2A6B, 0xA85A, 0xC95A, 
  0xE962, 0xA85A, 0x8762, 0xAAAB, 0xCAC3, 0x69AB, 0x4A9B, 0xA892, 0xE992, 0x289B, 0xCBBB, 0x0DCC, 0xB0DC, 0x53F5, 0xF6FD, 0x57FE, 
  0xFAFE, 0x3DFF, 0xBEFF, 0x3CFF, 0x4DF3, 0x6BFB, 0x8DFC, 0xB5ED, 0xB5F5, 0xADF4, 0xB4F5, 0xFFFF, 0xFFFF, 0xFFFF, 0xFFFF, 0xFFFF, 
  0xFFFF, 0xFFFF, 0xDFFF, 0xFFFF, 0x79F6, 0xCDF3, 0x2BFB, 0x4BFB, 0xCEEC, 0x0983, 0x885A, 0xC852, 0xC872, 0x6EEC, 0x13ED, 0xDFFF, 
  0xFFFF, 0xFFFF, 0xFFFF, 0x70E4, 0x8FFC, 0x6A8B, 0x2842, 0xC962, 0xE862, 0xE862, 0x4973, 0x4973, 0x2973, 0x296B, 0x297B, 0xABAB, 
  0x0DD4, 0x4EF4, 0xCFFC, 0x0EFD, 0xCEFC, 0xEFFC, 0xEFFC, 0xAEFC, 0x0FFD, 0x0DFC, 0x0BFB, 0x2BFB, 0x2BFB, 0x0BFB, 0x2CFB, 0x0BFB, 
  0x0BFB, 0x2BF3, 0x4DFC, 0x0FFD, 0xEEFC, 0x70FD, 0x4A9B, 0x474A, 0x0963, 0xC962, 0x096B, 0x875A, 0x6752, 0xC962, 0x474A, 0xA95A, 
  0x096B, 0xC85A, 0x084A, 0x8852, 0xA85A, 0xAB7B, 0xC862, 0xA95A, 0xC95A, 0x6852, 0xC95A, 0xC962, 0xA85A, 0xE962, 0x8852, 0x4A8B, 
  0x6EFC, 0x2AFB, 0x2AFB, 0x8CF3, 0xEFFC, 0x2FFD, 0x6DFC, 0x4DFC, 0x0FFD, 0x2FFD, 0x6DFC, 0xCEF3, 0xDEFF, 0xB2F4, 0x4BF3, 0xEDFB, 
  0xE9FA, 0xB2F4, 0xFFFF, 0xFFFF, 0x79F6, 0xE6ED, 0xE1FF, 0xC1FF, 0xC1FF, 0xC1FF, 0xC1FF, 0xC1FF, 0xC1FF, 0xC1FF, 0xC1FF, 0xC1FF, 
  0xC1FF, 0xC1FF, 0xC1FF, 0xC1FF, 0xC1FF, 0xC1FF, 0xC1FF, 0xC1FF, 0xC1FF, 0xC1FF, 0xC1FF, 0xC1FF, 0xC1FF, 0xC1FF, 0xC1FF, 0xC1FF, 
  0xC1FF, 0xC1FF, 0xC1FF, 0xC1FF, 0xC1FF, 0xC1FF, 0xC1FF, 0xC1FF, 0xC1FF, 0xC1FF, 0xC1FF, 0xC1FF, 0xC0FF, 0xC0FF, 0xC0FF, 0xC1FF, 
  0x04FF, 0xE0FF, 0xC0FF, 0xC0FF, 0xC0FF, 0xC1FF, 0xC1FF, 0xC1FF, 0xC1FF, 0xC1FF, 0xC1FF, 0xC1FF, 0xC1FF, 0xC1FF, 0xC1FF, 0xC1FF, 
  0xC1FF, 0xC1FF, 0xC1FF, 0xC1FF, 0xC1FF, 0xC1FF, 0xC1FF, 0xC1FF, 0xC1FF, 0xC1FF, 0xC1FF, 0xC1FF, 0xC1FF, 0xC1FF, 0xC1FF, 0xC0FF, 
  0xC0FF, 0xC0FF, 0xC1FF, 0xC1FF, 0x0DEE, 0xBEFF, 0x8FBC, 0x675A, 0xA95A, 0x4A73, 0xC962, 0x074A, 0x2A6B, 0x8852, 0xC962, 0xC862, 
  0x885A, 0xC95A, 0xC862, 0x296B, 0x096B, 0xA85A, 0x6852, 0x096B, 0x8A7B, 0x296B, 0x296B, 0xE962, 0xA85A, 0x0963, 0x8852, 0xC85A, 
  0xE962, 0xA762, 0xCCBB, 0xF5F5, 0x58FE, 0x37FE, 0xD5FD, 0x94F5, 0xB5F5, 0x37FE, 0xB9FE, 0x1BFF, 0x9EFF, 0xDEFF, 0xFFFF, 0xFFFF, 
  0xFFFF, 0xFFFF, 0xFFFF, 0x58F6, 0x2CEB, 0xCDFB, 0xAFFC, 0x37F6, 0x11F5, 0x6DF4, 0x99F6, 0xFFFF, 0xFFFF, 0xFFFF, 0xFFFF, 0xFFFF, 
  0xFFFF, 0xFFFF, 0xFFFF, 0xFFFF, 0xFAFE, 0x4EF4, 0x8CF3, 0x2CFB, 0x6BF3, 0x6EF4, 0x4ECC, 0x0CC4, 0xAEE4, 0xD0F4, 0x9DF7, 0xFFFF, 
  0xDEFF, 0xDFFF, 0xFFFF, 0xF2EC, 0xAFFC, 0x8A9B, 0x884A, 0xC95A, 0xA95A, 0x484A, 0xEA62, 0x2A6B, 0x875A, 0x4A6B, 0x8852, 0x474A, 
  0x6752, 0x2983, 0xECBB, 0x6DE4, 0x0FFD, 0x0FFD, 0xEEFC, 0xCEFC, 0x2FFD, 0xCCFB, 0x0BFB, 0x2BFB, 0x2BFB, 0x2BFB, 0x2BFB, 0x2BFB, 
  0x0BFB, 0xCCFB, 0xEEFC, 0xEEFC, 0x2FFD, 0xCEEC, 0xA782, 0x6A8B, 0xE95A, 0xA85A, 0x6952, 0x8852, 0xA85A, 0xA85A, 0xC95A, 0x895A, 
  0x096B, 0xC85A, 0x8852, 0xC95A, 0x4A73, 0xA862, 0x096B, 0x6973, 0xA85A, 0xA85A, 0xE95A, 0xE962, 0x296B, 0x096B, 0xCA7B, 0x0873, 
  0x0DD4, 0xACFB, 0xEBFA, 0x0BFB, 0x8EFC, 0xEFFC, 0x0FFD, 0x2FFD, 0x0FFD, 0x0FFD, 0xCFFC, 0x2BEB, 0x99FE, 0x17F6, 0xEAF2, 0x2BFB, 
  0x0AFB, 0x10F4, 0xDFFF, 0xFFFF, 0x3DFF, 0x69F5, 0xE1FF, 0xC0FF, 0xC1FF, 0xC1FF, 0xC1FF, 0xC0FF, 0xC1FF, 0xC1FF, 0xC1FF, 0xC1FF, 
  0xC1FF, 0xC1FF, 0xC1FF, 0xC1FF, 0xC1FF, 0xC1FF, 0xC1FF, 0xC1FF, 0xC1FF, 0xC1FF, 0xC1FF, 0xC1FF, 0xC1FF, 0xC1FF, 0xC1FF, 0xC1FF, 
  0xC1FF, 0xC1FF, 0xC1FF, 0xC1FF, 0xC1FF, 0xC1FF, 0xC1FF, 0xC1FF, 0xC1FF, 0xC1FF, 0xC1FF, 0xC1FF, 0xC0FF, 0xC0FF, 0xC0FF, 0xC1FF, 
  0x04FF, 0xE0FF, 0xC0FF, 0xC0FF, 0xC0FF, 0xC1FF, 0xC1FF, 0xC1FF, 0xC1FF, 0xC1FF, 0xC1FF, 0xC1FF, 0xC1FF, 0xC1FF, 0xC1FF, 0xC1FF, 
  0xC1FF, 0xC1FF, 0xC1FF, 0xC1FF, 0xC1FF, 0xC1FF, 0xC1FF, 0xC1FF, 0xC1FF, 0xC1FF, 0xC1FF, 0xC1FF, 0xC1FF, 0xC1FF, 0xC0FF, 0xC1FF, 
  0xC0FF, 0xC0FF, 0xE1FF, 0xE3FE, 0x96F6, 0x1BFF, 0x288B, 0x6842, 0xE962, 0xE962, 0x6852, 0x284A, 0xAA5A, 0x484A, 0x8852, 0x6973, 
  0x6973, 0x0963, 0x8752, 0xC85A, 0xE962, 0xC96A, 0x885A, 0xAA7B, 0x296B, 0xA85A, 0x885A, 0x2A6B, 0xA95A, 0x4842, 0xC962, 0x296B, 
  0x0963, 0x2993, 0xB4F5, 0x58F6, 0x8FF3, 0xCEF3, 0x9AF6, 0xFFFF, 0xFFFF, 0xFFFF, 0xFFFF, 0xFFFF, 0xFFFF, 0xFFFF, 0xFFFF, 0xFFFF, 
  0xFFFF, 0xFFFF, 0xFFFF, 0x70EC, 0xAAFA, 0x6EFC, 0x32F5, 0x38F6, 0xAEF4, 0xAFF4, 0x3CFF, 0xFFFF, 0xFFFF, 0xFFFF, 0xFFFF, 0xFFFF, 
  0xFFFF, 0xFFFF, 0xFFFF, 0xFFFF, 0x1CFF, 0x6EF4, 0x8CF3, 0x6BFB, 0x0EFC, 0x8BF3, 0xACFB, 0x0DFC, 0x6DFC, 0xB0F4, 0x5CFF, 0xFFFF, 
  0xDFFF, 0xFFFF, 0x9EFF, 0x6FEC, 0xEEFC, 0xA872, 0xA74A, 0x2A6B, 0x895A, 0x694A, 0x484A, 0xA852, 0xE862, 0x096B, 0xC85A, 0xAA6A, 
  0xCC93, 0xE86A, 0x274A, 0x0973, 0x8A9B, 0xCEEC, 0x2FFD, 0x0FFD, 0xEFFC, 0x4BF3, 0x0BFB, 0x2BFB, 0x2BFB, 0x0BFB, 0x4BFB, 0x2BFB, 
  0x6BF3, 0xAFFC, 0xCEFC, 0xEEFC, 0x2FFD, 0xAEEC, 0xCEEC, 0xECB3, 0xA852, 0x0963, 0xA95A, 0x0963, 0xC962, 0xA85A, 0xE862, 0xC95A, 
  0x274A, 0xE962, 0x0A63, 0xC95A, 0xC85A, 0x6852, 0xE962, 0x0963, 0xA85A, 0xE962, 0xC85A, 0x0963, 0xA85A, 0xA85A, 0xC862, 0xE962, 
  0xABA3, 0x2DFC, 0x0BFB, 0xEBFA, 0xCDF3, 0xEFFC, 0x0EFD, 0x2FFD, 0xEFFC, 0xCEFC, 0x0FFD, 0x8CF3, 0xB1F4, 0xDBFE, 0x2CF3, 0x2AFB, 
  0xEBFA, 0xCEF3, 0x9EFF, 0xFFFF, 0xBFFF, 0x0FE5, 0x25FF, 0xE0FF, 0xC1FF, 0xC1FF, 0xC0FF, 0xC0FF, 0xC1FF, 0xC1FF, 0xC1FF, 0xC1FF, 
  0xC1FF, 0xC1FF, 0xC1FF, 0xC1FF, 0xC1FF, 0xC1FF, 0xC1FF, 0xC1FF, 0xC1FF, 0xC1FF, 0xC1FF, 0xC1FF, 0xC1FF, 0xC1FF, 0xC1FF, 0xC1FF, 
  0xC1FF, 0xC1FF, 0xC1FF, 0xC1FF, 0xC1FF, 0xC1FF, 0xC1FF, 0xC1FF, 0xC1FF, 0xC1FF, 0xC1FF, 0xC1FF, 0xC0FF, 0xC0FF, 0xC0FF, 0xC1FF, 
  0x04FF, 0xE0FF, 0xC0FF, 0xC0FF, 0xC0FF, 0xC1FF, 0xC1FF, 0xC1FF, 0xC1FF, 0xC1FF, 0xC1FF, 0xC1FF, 0xC1FF, 0xC1FF, 0xC1FF, 0xC1FF, 
  0xC1FF, 0xC1FF, 0xC1FF, 0xC1FF, 0xC1FF, 0xC1FF, 0xC1FF, 0xC1FF, 0xC1FF, 0xC1FF, 0xC1FF, 0xC1FF, 0xC1FF, 0xC1FF, 0xE0FF, 0xC1FF, 
  0xE1FF, 0xE0FF, 0xC1FF, 0x69EE, 0x9EFF, 0x72D5, 0x876A, 0xE95A, 0xE85A, 0x695A, 0x284A, 0x8952, 0x6852, 0xA85A, 0x885A, 0x6A73, 
  0x0963, 0x895A, 0x885A, 0x4A6B, 0x286B, 0x296B, 0xA85A, 0x086B, 0x096B, 0xA95A, 0x4752, 0xA85A, 0xA95A, 0x8852, 0x474A, 0xE962, 
  0xC95A, 0x6AA3, 0x99F6, 0xB2EC, 0xAAF2, 0x2AF3, 0x50EC, 0xB6F5, 0x5BFF, 0xDFFF, 0xBFFF, 0xFFFF, 0xFFFF, 0xFFFF, 0xFFFF, 0xFFFF, 
  0xFFFF, 0xFFFF, 0x7DFF, 0x6DEB, 0x6BFB, 0x8DFC, 0x16F6, 0x73ED, 0x8CF4, 0x32F5, 0xDEFF, 0xFFFF, 0xFFFF, 0xFFFF, 0xFFFF, 0xFFFF, 
  0xFFFF, 0xFFFF, 0xDFFF, 0xFFFF, 0x5DFF, 0x8FF4, 0xCCFB, 0xCBFA, 0x8DFB, 0x8FFC, 0x8EFC, 0x0DF4, 0x8BEB, 0x2BF3, 0x6EF3, 0x79F6, 
  0xFFFF, 0xFFFF, 0xBAF6, 0x6EF4, 0x8EDC, 0xA86A, 0xE962, 0x6752, 0x6652, 0xA75A, 0xE962, 0xE962, 0x096B, 0xA85A, 0xC95A, 0xC96A, 
  0x8A8B, 0xE86A, 0xE95A, 0x2A63, 0x0642, 0x6A9B, 0x30FD, 0x2FFD, 0x2DFC, 0x0BFB, 0x2BFB, 0x2BFB, 0x2BFB, 0x2BFB, 0x2BFB, 0x0BFB, 
  0x0DFC, 0xEFFC, 0xCEFC, 0x0FFD, 0x0FFD, 0x0FFD, 0x70FD, 0xABAB, 0x6752, 0x6752, 0xC962, 0x2A6B, 0x4A73, 0xA752, 0xC85A, 0x8B73, 
  0x2963, 0x096B, 0x484A, 0x8852, 0xEA62, 0x4852, 0x885A, 0xEA62, 0x6B73, 0xA85A, 0xA85A, 0xE962, 0x0A63, 0xC95A, 0xC962, 0xC95A, 
  0x2973, 0x4DDC, 0x6CFB, 0x0BFB, 0x4BFB, 0xAEFC, 0x0EFD, 0x0EFD, 0xEEFC, 0xEEFC, 0x2FFD, 0x4DFC, 0x4CEB, 0xBAFE, 0xCFF3, 0x0AFB, 
  0x0BFB, 0x4CF3, 0xFAFE, 0xFFFF, 0xFFFF, 0xB4ED, 0x45F6, 0xE1FF, 0xC0FF, 0xC1FF, 0xC1FF, 0xC0FF, 0xC1FF, 0xC1FF, 0xC1FF, 0xC1FF, 
  0xC1FF, 0xC1FF, 0xC1FF, 0xC1FF, 0xC1FF, 0xC1FF, 0xC1FF, 0xC1FF, 0xC1FF, 0xC1FF, 0xC1FF, 0xC1FF, 0xC1FF, 0xC1FF, 0xC1FF, 0xC1FF, 
  0xC1FF, 0xC1FF, 0xC1FF, 0xC1FF, 0xC1FF, 0xC1FF, 0xC1FF, 0xC1FF, 0xC1FF, 0xC1FF, 0xC1FF, 0xC1FF, 0xC0FF, 0xC0FF, 0xC0FF, 0xC1FF, 
  0x04FF, 0xE0FF, 0xC0FF, 0xC0FF, 0xC0FF, 0xC1FF, 0xC1FF, 0xC1FF, 0xC1FF, 0xC1FF, 0xC1FF, 0xC1FF, 0xC1FF, 0xC1FF, 0xC1FF, 0xC1FF, 
  0xC1FF, 0xC1FF, 0xC1FF, 0xC1FF, 0xC1FF, 0xC1FF, 0xC1FF, 0xC1FF, 0xC1FF, 0xC1FF, 0xC1FF, 0xC1FF, 0xC1FF, 0xC1FF, 0xE1FF, 0xC1FF, 
  0xC1FF, 0xE0FF, 0x62FF, 0xB3F6, 0x7EFF, 0x8A93, 0x895A, 0x4A73, 0xE75A, 0x084A, 0xAA5A, 0x074A, 0xA75A, 0xE962, 0xC962, 0x4973, 
  0xA85A, 0xA85A, 0xE96A, 0xE86A, 0x296B, 0xA852, 0xA95A, 0xE962, 0xC85A, 0x0A63, 0x8852, 0xA852, 0xA85A, 0xA95A, 0x8852, 0x895A, 
  0x2752, 0x2993, 0x1CFF, 0xB2EC, 0xEAF2, 0x2BFB, 0xCBFA, 0xCBF2, 0xADE3, 0xDAFE, 0xFFFF, 0xFFFF, 0xFFFF, 0xFFFF, 0xFFFF, 0xFFFF, 
  0xFFFF, 0xFFFF, 0x13F5, 0x2AEB, 0x8DFC, 0x72F5, 0x79F6, 0x4EEC, 0xEEFC, 0xCFF4, 0x3CFF, 0xFFFF, 0xFFFF, 0xFFFF, 0xFFFF, 0xFFFF, 
  0xFFFF, 0xFFFF, 0xFFFF, 0xFFFF, 0x7DFF, 0xF1EC, 0xCDFB, 0x4DF3, 0x2BFB, 0x2AFB, 0xEDF3, 0xCFFC, 0x2FFD, 0x6EFC, 0x6CFB, 0x2BEB, 
  0x13F5, 0xDFFF, 0xFAF6, 0xAEFC, 0x6DCC, 0x0A73, 0x2A73, 0xE962, 0xCB7B, 0x8A7B, 0x0963, 0xC862, 0x096B, 0x0A6B, 0x8852, 0xC85A, 
  0xE862, 0x0A6B, 0xE962, 0xA85A, 0xE95A, 0x8762, 0xEFF4, 0xEFFC, 0x2BFB, 0x0BFB, 0x2BFB, 0x0BFB, 0x0BFB, 0x2BFB, 0x0BFB, 0x4BF3, 
  0xAEFC, 0xEFFC, 0xEFFC, 0x0FFD, 0xEEFC, 0x0EFD, 0x4FFD, 0xAA9B, 0xE962, 0x2A6B, 0xA95A, 0x6852, 0x8852, 0x0A6B, 0xC85A, 0x8852, 
  0xA952, 0x6852, 0x6752, 0x484A, 0xC85A, 0x6973, 0x474A, 0x8852, 0xC85A, 0xA85A, 0xEA62, 0x885A, 0xA85A, 0xA85A, 0xC75A, 0x6852, 
  0x8852, 0x6A9B, 0x0DFC, 0x0BFB, 0x0BFB, 0x0DFC, 0x2FFD, 0x0EFD, 0x0FFD, 0x0FFD, 0x2FFD, 0xEFFC, 0x0AF3, 0x34F5, 0xD2F4, 0xEAFA, 
  0x2CFB, 0xEAF2, 0x16F6, 0xFFFF, 0xFFFF, 0xBAF6, 0x87ED, 0xE2FF, 0xE0FF, 0xC1FF, 0xC1FF, 0xC1FF, 0xC1FF, 0xC1FF, 0xC1FF, 0xC1FF, 
  0xC1FF, 0xC1FF, 0xC1FF, 0xC1FF, 0xC1FF, 0xC1FF, 0xC1FF, 0xC1FF, 0xC1FF, 0xC1FF, 0xC1FF, 0xC1FF, 0xC1FF, 0xC1FF, 0xC1FF, 0xC1FF, 
  0xC1FF, 0xC1FF, 0xC1FF, 0xC1FF, 0xC1FF, 0xC1FF, 0xC1FF, 0xC1FF, 0xC1FF, 0xC1FF, 0xC1FF, 0xC1FF, 0xC0FF, 0xC0FF, 0xC0FF, 0xC1FF, 
  0x04FF, 0xE0FF, 0xC0FF, 0xC0FF, 0xC0FF, 0xC1FF, 0xC1FF, 0xC1FF, 0xC1FF, 0xC1FF, 0xC1FF, 0xC1FF, 0xC1FF, 0xC1FF, 0xC1FF, 0xC1FF, 
  0xC1FF, 0xC1FF, 0xC1FF, 0xC1FF, 0xC1FF, 0xC1FF, 0xC1FF, 0xC1FF, 0xC1FF, 0xC1FF, 0xC1FF, 0xC1FF, 0xC1FF, 0xC1FF, 0xC0FF, 0xE0FF, 
  0xC1FF, 0xC1FF, 0xE7F6, 0x9CFF, 0xF5E5, 0xA76A, 0x894A, 0xE96A, 0xC85A, 0xE962, 0xA962, 0xC962, 0x096B, 0x4973, 0xA95A, 0x8B7B, 
  0xCB83, 0x2873, 0x2C94, 0xE86A, 0xC962, 0xC95A, 0x8852, 0xC95A, 0x264A, 0xA85A, 0x0A63, 0xE962, 0xA95A, 0x885A, 0xC952, 0x6852, 
  0x096B, 0x6993, 0xDAF6, 0x54F5, 0xC9F2, 0x2CFB, 0x4CFB, 0x4BFB, 0xEAFA, 0xF0F3, 0xBEFF, 0xFFFF, 0xFFFF, 0xFFFF, 0xFFFF, 0xFFFF, 
  0xFFFF, 0xF7F5, 0x2AF3, 0x2DFC, 0x11ED, 0xB9F6, 0x90EC, 0xEFFC, 0x2FFD, 0xCEEC, 0x11F5, 0x99FE, 0x9EFF, 0xFFFF, 0xFFFF, 0xFFFF, 
  0xFFFF, 0xFFFF, 0xFFFF, 0xFFFF, 0xFFFF, 0xB3ED, 0x2DFC, 0x6DF3, 0x2AFB, 0x2BFB, 0xEBFA, 0x0BFB, 0xACFB, 0xCFFC, 0xEEFC, 0xCEFC, 
  0x8CF3, 0x91EC, 0x9EFF, 0x53ED, 0xEEF4, 0x4983, 0xA85A, 0xC962, 0x6A73, 0x096B, 0x6852, 0x6852, 0xA85A, 0xE962, 0x296B, 0xC95A, 
  0x496B, 0xAA83, 0xEA6A, 0xC85A, 0xC85A, 0x2983, 0xEEFC, 0x4EF4, 0xCEF3, 0x0BFB, 0x2BFB, 0x0BFB, 0x0BFB, 0x2BFB, 0x0BFB, 0xCCF3, 
  0x0FFD, 0x2FFD, 0x2FFD, 0xEEFC, 0xCEFC, 0x0FFD, 0x8ED4, 0xA762, 0xC962, 0x0A63, 0x8952, 0x274A, 0x6752, 0xE962, 0xE862, 0x8852, 
  0x284A, 0xC85A, 0x4A6B, 0xA85A, 0x0863, 0x8A73, 0xC95A, 0xA85A, 0xA85A, 0xE95A, 0x885A, 0x474A, 0xC95A, 0xE962, 0x8B7B, 0x0A63, 
  0x8952, 0x475A, 0x2DE4, 0x4CFB, 0x0BFB, 0x8CFB, 0xCEEC, 0x0EF5, 0x0FFD, 0x0FFD, 0x0FFD, 0x2FFD, 0xABFB, 0xAFF3, 0x74F5, 0x0AF3, 
  0x2CFB, 0xEAFA, 0x12F5, 0xFFFF, 0xFFFF, 0x9FFF, 0x4DE5, 0x82FF, 0xC0FF, 0xC1FF, 0xC0FF, 0xC0FF, 0xC1FF, 0xC1FF, 0xC1FF, 0xC1FF, 
  0xC1FF, 0xC1FF, 0xC1FF, 0xC1FF, 0xC1FF, 0xC1FF, 0xC1FF, 0xC1FF, 0xC1FF, 0xC1FF, 0xC1FF, 0xC1FF, 0xC1FF, 0xC1FF, 0xC1FF, 0xC1FF, 
  0xC1FF, 0xC1FF, 0xC1FF, 0xC1FF, 0xC1FF, 0xC1FF, 0xC1FF, 0xC1FF, 0xC1FF, 0xC1FF, 0xC1FF, 0xC1FF, 0xC0FF, 0xC0FF, 0xC0FF, 0xC1FF, 
  0x04FF, 0xE0FF, 0xC0FF, 0xC0FF, 0xC0FF, 0xC1FF, 0xC1FF, 0xC1FF, 0xC1FF, 0xC1FF, 0xC1FF, 0xC1FF, 0xC1FF, 0xC1FF, 0xC1FF, 0xC1FF, 
  0xC1FF, 0xC1FF, 0xC1FF, 0xC1FF, 0xC1FF, 0xC1FF, 0xC1FF, 0xC1FF, 0xC1FF, 0xC1FF, 0xC1FF, 0xC1FF, 0xC1FF, 0xC1FF, 0xC1FF, 0xC0FF, 
  0xE0FF, 0x83FF, 0x11F7, 0xBEFF, 0xECAB, 0x264A, 0x8852, 0x0A6B, 0x0963, 0x496B, 0xC862, 0xE962, 0x296B, 0x0963, 0x6852, 0xA85A, 
  0x6852, 0xA862, 0x2973, 0x0A6B, 0x4752, 0xC95A, 0xC85A, 0xA952, 0xC95A, 0xE962, 0x885A, 0x885A, 0x895A, 0xE962, 0xE95A, 0xC95A, 
  0x096B, 0x4883, 0x98E6, 0x17FE, 0xEAF2, 0x2CFB, 0x0CFB, 0x2BFB, 0x2BFB, 0xABFA, 0xB5F5, 0xFFFF, 0xFFFF, 0xFFFF, 0xFFFF, 0xFFFF, 
  0xD6F5, 0x2BEB, 0x2DFC, 0x32F5, 0xBBF6, 0x2FEC, 0x2DFC, 0x2FF5, 0xA9A3, 0x297B, 0x4993, 0xECC3, 0xCFDC, 0xB3ED, 0x98FE, 0xDAFE, 
  0xDBFE, 0x98FE, 0x77FE, 0x78FE, 0x5CFF, 0x9DFF, 0x11ED, 0x8CFB, 0x2BFB, 0x2BFB, 0x2CFB, 0x2BFB, 0xEBFA, 0x6BF3, 0xD0F4, 0xEEF4, 
  0xEFF4, 0x4FFC, 0x13ED, 0xDAF6, 0x10F5, 0x2CCC, 0xA85A, 0xA85A, 0xA862, 0xA85A, 0x484A, 0x6852, 0x4752, 0xA852, 0x296B, 0xC962, 
  0x4A6B, 0x8A7B, 0x885A, 0x296B, 0xE962, 0xCAAB, 0xAEFC, 0x33ED, 0x2FF4, 0xEAFA, 0x2BFB, 0x2BFB, 0x2BFB, 0x0BFB, 0x4BF3, 0x8EFC, 
  0x2FFD, 0x2FFD, 0x0FFD, 0xEEFC, 0x2FFD, 0xEFE4, 0xC87A, 0x6852, 0xA852, 0x4752, 0x6852, 0xA95A, 0xC95A, 0x6952, 0x6952, 0x6852, 
  0x8852, 0x8852, 0xA95A, 0x6852, 0x6752, 0x8852, 0x284A, 0x6852, 0xA85A, 0x8852, 0x8852, 0x4752, 0xA85A, 0xC95A, 0xA95A, 0xC95A, 
  0x8952, 0x0742, 0x8BA3, 0x0EFC, 0x0AF3, 0x4CFB, 0xCCE3, 0xEABB, 0x50FD, 0x0FFD, 0xEEFC, 0x0FFD, 0x6DFC, 0xEBFA, 0x0FF4, 0x2BFB, 
  0x0BFB, 0x0BFB, 0xEEEB, 0xBEFF, 0xFFFF, 0xFFFF, 0xB3ED, 0xC4F6, 0xE1FF, 0xA0FF, 0xE0FF, 0xE0FF, 0xC1FF, 0xC1FF, 0xC1FF, 0xC1FF, 
  0xC1FF, 0xC1FF, 0xC1FF, 0xC1FF, 0xC1FF, 0xC1FF, 0xC1FF, 0xC1FF, 0xC1FF, 0xC1FF, 0xC1FF, 0xC1FF, 0xC1FF, 0xC1FF, 0xC1FF, 0xC1FF, 
  0xC1FF, 0xC1FF, 0xC1FF, 0xC1FF, 0xC1FF, 0xC1FF, 0xC1FF, 0xC1FF, 0xC1FF, 0xC1FF, 0xC1FF, 0xC1FF, 0xC0FF, 0xC0FF, 0xC0FF, 0xC1FF, 
  0x04FF, 0xE0FF, 0xC0FF, 0xC0FF, 0xC0FF, 0xC1FF, 0xC1FF, 0xC1FF, 0xC1FF, 0xC1FF, 0xC1FF, 0xC1FF, 0xC1FF, 0xC1FF, 0xC1FF, 0xC1FF, 
  0xC1FF, 0xC1FF, 0xC1FF, 0xC1FF, 0xC1FF, 0xC1FF, 0xC1FF, 0xC1FF, 0xC1FF, 0xC1FF, 0xC1FF, 0xC1FF, 0xC1FF, 0xC1FF, 0xC1FF, 0xC1FF, 
  0xE0FF, 0xA6F7, 0xDCFF, 0x38EE, 0xA86A, 0x0A63, 0xC862, 0xE95A, 0x096B, 0x885A, 0x2963, 0xC962, 0x4752, 0xA85A, 0xEA62, 0xE85A, 
  0x885A, 0xA95A, 0xA85A, 0x8952, 0x484A, 0x6852, 0x0963, 0x474A, 0x8852, 0x2A6B, 0x895A, 0x885A, 0xEA62, 0xC862, 0xC862, 0x6852, 
  0x2A6B, 0x8762, 0x94CD, 0xFBFE, 0x8DF3, 0x4BFB, 0x2BFB, 0x0BFB, 0x2BFB, 0x0BFB, 0xAEEB, 0x9EFF, 0xFFFF, 0xFFFF, 0xFFFF, 0x55F5, 
  0x4AEB, 0x4DFC, 0x95F5, 0xB9F6, 0x90EC, 0x4AF3, 0xEFFC, 0xCB9B, 0x2963, 0xA85A, 0x875A, 0x4973, 0xE772, 0x4993, 0xC78A, 0x6B9B, 
  0x8BA3, 0x0ABC, 0x89A3, 0xE992, 0xCCBB, 0x78F6, 0xD9F6, 0x0DF4, 0x91F4, 0xCFF3, 0xEAFA, 0x2BFB, 0x2BFB, 0x0BFB, 0x2FF4, 0x73F5, 
  0xECCB, 0xAAB3, 0xAEEC, 0x52F5, 0x98F6, 0x12FD, 0xAAAB, 0xA852, 0xE96A, 0x2A6B, 0x6852, 0x6852, 0xC962, 0x2A6B, 0xC85A, 0x0A63, 
  0x875A, 0xC85A, 0x0963, 0x0963, 0x6852, 0x0BC4, 0x31FD, 0xD7F5, 0x0CF3, 0x2BFB, 0x0BFB, 0x2BFB, 0x2CFB, 0x0BFB, 0xCCFB, 0x0FFD, 
  0x0EFD, 0x0FFD, 0x0FFD, 0x2EFD, 0x0FED, 0x698B, 0x4752, 0xA952, 0xA852, 0xA862, 0xA95A, 0xE962, 0xE962, 0x6852, 0x6852, 0x895A, 
  0xE962, 0x4A73, 0x4A73, 0xE862, 0xE962, 0x4952, 0x484A, 0xC95A, 0xE962, 0xE962, 0x0A6B, 0x0A6B, 0x8852, 0x8852, 0x684A, 0xA85A, 
  0x885A, 0x694A, 0x875A, 0x4DE4, 0x2CFB, 0xEBFA, 0xCDFB, 0x89A3, 0x2CC4, 0x50FD, 0x0DFD, 0xEFFC, 0xCFFC, 0x4BFB, 0x0BFB, 0x2BFB, 
  0x0BFB, 0x0BFB, 0x2CF3, 0xBAFE, 0xFFFF, 0xFFFF, 0x78F6, 0x28EE, 0xE2FF, 0xC0FF, 0xC1FF, 0xC1FF, 0xC0FF, 0xC1FF, 0xC1FF, 0xC1FF, 
  0xC1FF, 0xC1FF, 0xC1FF, 0xC1FF, 0xC1FF, 0xC1FF, 0xC1FF, 0xC1FF, 0xC1FF, 0xC1FF, 0xC1FF, 0xC1FF, 0xC1FF, 0xC1FF, 0xC1FF, 0xC1FF, 
  0xC1FF, 0xC1FF, 0xC1FF, 0xC1FF, 0xC1FF, 0xC1FF, 0xC1FF, 0xC1FF, 0xC1FF, 0xC1FF, 0xC1FF, 0xC1FF, 0xC0FF, 0xC0FF, 0xC0FF, 0xC1FF, 
  0x04FF, 0xE0FF, 0xC0FF, 0xC0FF, 0xC0FF, 0xC1FF, 0xC1FF, 0xC1FF, 0xC1FF, 0xC1FF, 0xC1FF, 0xC1FF, 0xC1FF, 0xC1FF, 0xC1FF, 0xC1FF, 
  0xC1FF, 0xC1FF, 0xC1FF, 0xC1FF, 0xC1FF, 0xC1FF, 0xC1FF, 0xC1FF, 0xC1FF, 0xC1FF, 0xC1FF, 0xC1FF, 0xC1FF, 0xC1FF, 0xC1FF, 0xC0FF, 
  0xC4F7, 0xF6FF, 0xDFFF, 0x4FB4, 0xC862, 0x6B73, 0x0863, 0xE962, 0xC85A, 0xA95A, 0xE96A, 0x296B, 0x274A, 0xA85A, 0x0963, 0xC95A, 
  0x296B, 0x296B, 0xAA7B, 0x4973, 0xC95A, 0x0A63, 0x296B, 0x697B, 0x2973, 0x096B, 0x4A73, 0x885A, 0x885A, 0x0963, 0xE962, 0x684A, 
  0xC95A, 0x4752, 0x6FBC, 0x9EFF, 0x2EEC, 0xACFB, 0x2DF4, 0x0BFB, 0x0BFB, 0x2BFB, 0x2BEB, 0x9BF6, 0xFFFF, 0xBEFF, 0xD2EC, 0x2AF3, 
  0x8EF4, 0x16F6, 0x99F6, 0x8FF4, 0x6AF3, 0xCFFC, 0xAAAB, 0x884A, 0xCA5A, 0xE962, 0x296B, 0x296B, 0xC95A, 0x2A6B, 0xC95A, 0x2742, 
  0x684A, 0x2863, 0x0963, 0x6852, 0x2652, 0x8AA3, 0xB9FE, 0x73F5, 0x6FEC, 0x96F5, 0x0BF3, 0x0BFB, 0x2BFB, 0x2BFB, 0x0AFB, 0x10F4, 
  0x16F6, 0x0CB4, 0xC782, 0xCBBB, 0x52ED, 0x9AFE, 0xF0E4, 0xE87A, 0xCA62, 0xA85A, 0xA95A, 0x6852, 0x6852, 0xC95A, 0xA852, 0x6752, 
  0xEA6A, 0xC95A, 0x8852, 0x895A, 0x6852, 0xECCB, 0x37FE, 0xF3EC, 0xCBFA, 0x2CFB, 0x2AFB, 0x2BFB, 0x0CFB, 0x4BF3, 0xCEFC, 0x0FFD, 
  0x0FFD, 0xEEFC, 0x2FFD, 0x0FED, 0x498B, 0xC962, 0x895A, 0x6852, 0x474A, 0xC962, 0x2A6B, 0xA85A, 0xE862, 0x6A73, 0xC85A, 0x6852, 
  0x6852, 0xC85A, 0x086B, 0x4973, 0x296B, 0x4852, 0x6952, 0x8852, 0xA85A, 0xC862, 0x4752, 0xEA62, 0x885A, 0xA85A, 0x8852, 0x674A, 
  0xC95A, 0xA862, 0xC652, 0xCBAB, 0xCDFB, 0xEBF2, 0x4BFB, 0xECC3, 0x675A, 0x8ED4, 0x6FFD, 0x0FFD, 0x0FFD, 0x8CFB, 0x0CFB, 0x2BFB, 
  0x2AFB, 0x2CFB, 0xCAFA, 0x54F5, 0xFFFF, 0xFFFF, 0x5DF7, 0xABED, 0xE1FF, 0xC1FF, 0xC1FF, 0xE0FF, 0xE0FF, 0xC1FF, 0xC1FF, 0xC1FF, 
  0xC1FF, 0xC1FF, 0xC1FF, 0xC1FF, 0xC1FF, 0xC1FF, 0xC1FF, 0xC1FF, 0xC1FF, 0xC1FF, 0xC1FF, 0xC1FF, 0xC1FF, 0xC1FF, 0xC1FF, 0xC1FF, 
  0xC1FF, 0xC1FF, 0xC1FF, 0xC1FF, 0xC1FF, 0xC1FF, 0xC1FF, 0xC1FF, 0xC1FF, 0xC1FF, 0xC1FF, 0xC1FF, 0xC0FF, 0xC0FF, 0xC0FF, 0xC1FF, 
  0x04FF, 0xE0FF, 0xC0FF, 0xC0FF, 0xC0FF, 0xC1FF, 0xC1FF, 0xC1FF, 0xC1FF, 0xC1FF, 0xC1FF, 0xC1FF, 0xC1FF, 0xC1FF, 0xC1FF, 0xC1FF, 
  0xC1FF, 0xC1FF, 0xC1FF, 0xC1FF, 0xC1FF, 0xC1FF, 0xC1FF, 0xC1FF, 0xC1FF, 0xC1FF, 0xC1FF, 0xC1FF, 0xC1FF, 0xC1FF, 0xC1FF, 0xA1FF, 
  0xD2FF, 0xFFFF, 0xB9F6, 0x098B, 0xC85A, 0x096B, 0x8A7B, 0x8A73, 0x0963, 0x8852, 0xA962, 0x2A73, 0x6852, 0xC95A, 0xA95A, 0x6852, 
  0xE962, 0xC862, 0x096B, 0x296B, 0xA85A, 0x0963, 0xE862, 0x6A7B, 0x6A73, 0x4A73, 0x086B, 0x096B, 0x8B7B, 0x4A73, 0x6852, 0x474A, 
  0x484A, 0x074A, 0x4A93, 0x9DFF, 0x12ED, 0xCCFB, 0xCEFC, 0x4BFB, 0x2BFB, 0x0BFB, 0xADEB, 0xBEFF, 0x3CFF, 0x0FEC, 0x4BF3, 0xB0F4, 
  0x57F6, 0x37F6, 0x8FF4, 0x4BF3, 0x2DFC, 0x8ED4, 0x8762, 0xE95A, 0x064A, 0x6852, 0xE962, 0xC95A, 0xE962, 0x6852, 0x895A, 0x8852, 
  0x6852, 0x8752, 0x4A73, 0x4983, 0x6A7B, 0xE86A, 0x4EBC, 0xF9FE, 0x4EEC, 0xD6F5, 0xD2F4, 0xCAFA, 0x2BFB, 0x2BFB, 0x2AFB, 0xEAF2, 
  0xCEEB, 0x57FE, 0xAFC4, 0x8762, 0x2883, 0x10DD, 0xDAFE, 0xD0CC, 0x4662, 0xA852, 0x684A, 0x674A, 0x8862, 0xA962, 0xA95A, 0xA852, 
  0xC962, 0xA85A, 0x6852, 0x484A, 0x0873, 0xCFE4, 0x98F6, 0x6CEB, 0x0BFB, 0x0BFB, 0x2BFB, 0x2CFB, 0x0BFB, 0x6DFC, 0x2FFD, 0x0FFD, 
  0x0FFD, 0x30FD, 0xCEEC, 0x097B, 0x484A, 0x2742, 0x296B, 0x496B, 0x8752, 0xC85A, 0x0963, 0x0963, 0x4652, 0x2A6B, 0xA85A, 0x6852, 
  0x6B73, 0x4A6B, 0x2A6B, 0xC95A, 0xC85A, 0x8852, 0x4852, 0x6952, 0x8952, 0x484A, 0x274A, 0xEA62, 0xA85A, 0xA85A, 0xE962, 0x8952, 
  0xA952, 0x6A7B, 0x6A6B, 0x297B, 0x6EF4, 0x4CF3, 0x0BFB, 0xEDF3, 0x4852, 0x4652, 0xEFE4, 0x2FFD, 0x2FFD, 0x2DFC, 0x0BFB, 0x2CFB, 
  0x2BFB, 0x2BFB, 0x0BFB, 0x0FEC, 0xBEFF, 0xFFFF, 0xFFFF, 0xD0F5, 0x62FF, 0xE0FF, 0xC1FF, 0xC1FF, 0xC1FF, 0xC1FF, 0xC1FF, 0xC1FF, 
  0xC1FF, 0xC1FF, 0xC1FF, 0xC1FF, 0xC1FF, 0xC1FF, 0xC1FF, 0xC1FF, 0xC1FF, 0xC1FF, 0xC1FF, 0xC1FF, 0xC1FF, 0xC1FF, 0xC1FF, 0xC1FF, 
  0xC1FF, 0xC1FF, 0xC1FF, 0xC1FF, 0xC1FF, 0xC1FF, 0xC1FF, 0xC1FF, 0xC1FF, 0xC1FF, 0xC1FF, 0xC1FF, 0xC0FF, 0xC0FF, 0xC0FF, 0xC1FF, 
  0x04FF, 0xE0FF, 0xC0FF, 0xC0FF, 0xC0FF, 0xC1FF, 0xC1FF, 0xC1FF, 0xC1FF, 0xC1FF, 0xC1FF, 0xC1FF, 0xC1FF, 0xC1FF, 0xC1FF, 0xC1FF, 
  0xC1FF, 0xC1FF, 0xC1FF, 0xC1FF, 0xC1FF, 0xC1FF, 0xC1FF, 0xC1FF, 0xC1FF, 0xC1FF, 0xC1FF, 0xC1FF, 0xC1FF, 0xC1FF, 0xC0FF, 0xA9FF, 
  0xFCFF, 0xFFFF, 0xD0C4, 0xE772, 0x0B84, 0x086B, 0xA85A, 0xE962, 0x2A6B, 0xA85A, 0xA75A, 0x885A, 0xA85A, 0xE862, 0xA95A, 0x8852, 
  0xE962, 0xC962, 0x8852, 0xA95A, 0xCA62, 0xE862, 0x8852, 0x8852, 0x4852, 0xE649, 0xC862, 0x4A73, 0x096B, 0xC862, 0x6852, 0x484A, 
  0x6852, 0x885A, 0x097B, 0x1BF7, 0xF5F5, 0x2DFC, 0x0FFD, 0xCCFB, 0x0CFB, 0x0BF3, 0xD5F5, 0x58FE, 0x6EEB, 0x8CF3, 0x0FF5, 0x99F6, 
  0xD6F5, 0x6DFC, 0x6BFB, 0x4CFB, 0xCFEC, 0x297B, 0x2A63, 0xA862, 0xE86A, 0x8852, 0xC95A, 0xA85A, 0x8752, 0x6973, 0x076B, 0x2A6B, 
  0x6852, 0xC95A, 0xE962, 0x8993, 0x899B, 0x8852, 0x876A, 0xD5ED, 0xD5FD, 0x8FEC, 0x99F6, 0x6CF3, 0x0BFB, 0x2BFB, 0x0BFB, 0x4BFB, 
  0xEAFA, 0x8EF3, 0x99FE, 0x6FC4, 0x8762, 0xE872, 0x8FC4, 0x3AFF, 0x8FBC, 0x6762, 0xC95A, 0x6852, 0x0963, 0xA85A, 0x885A, 0x8852, 
  0xA85A, 0x0A6B, 0xC85A, 0x095B, 0x8AA3, 0x16FE, 0x53F5, 0xCAFA, 0x2BFB, 0x2BFB, 0x2BFB, 0x0AF3, 0x2EFC, 0x30FD, 0x0EFD, 0x2EFD, 
  0x50FD, 0x4DC4, 0xE97A, 0x4852, 0x4952, 0x484A, 0x0963, 0x296B, 0x6852, 0x484A, 0x274A, 0xA95A, 0xEA62, 0x474A, 0x6752, 0x296B, 
  0x096B, 0x296B, 0x6852, 0x484A, 0x8852, 0xA85A, 0x8852, 0x6852, 0x284A, 0x284A, 0x284A, 0x484A, 0x8852, 0x0963, 0x296B, 0xA852, 
  0x6852, 0x895A, 0xCA62, 0xA85A, 0x2BBC, 0xEDFB, 0xEBFA, 0xCCFB, 0x2B9B, 0x0742, 0x8B9B, 0x2FFD, 0x0EFD, 0xAEFC, 0x2BF3, 0xADFB, 
  0x6DFB, 0x0BFB, 0x4BFB, 0x0BF3, 0x9AFE, 0xFFFF, 0xFFFF, 0x15EE, 0xA5F6, 0xE0FF, 0xC1FF, 0xC1FF, 0xC1FF, 0xC1FF, 0xC1FF, 0xC1FF, 
  0xC1FF, 0xC1FF, 0xC1FF, 0xC1FF, 0xC1FF, 0xC1FF, 0xC1FF, 0xC1FF, 0xC1FF, 0xC1FF, 0xC1FF, 0xC1FF, 0xC1FF, 0xC1FF, 0xC1FF, 0xC1FF, 
  0xC1FF, 0xC1FF, 0xC1FF, 0xC1FF, 0xC1FF, 0xC1FF, 0xC1FF, 0xC1FF, 0xC1FF, 0xC1FF, 0xC1FF, 0xC1FF, 0xC0FF, 0xC0FF, 0xC0FF, 0xC1FF, 
  0x04FF, 0xE0FF, 0xC0FF, 0xC0FF, 0xC0FF, 0xC1FF, 0xC1FF, 0xC1FF, 0xC1FF, 0xC1FF, 0xC1FF, 0xC1FF, 0xC1FF, 0xC1FF, 0xC1FF, 0xC1FF, 
  0xC1FF, 0xC1FF, 0xC1FF, 0xC1FF, 0xC1FF, 0xC1FF, 0xC1FF, 0xC1FF, 0xC1FF, 0xC1FF, 0xC1FF, 0xC1FF, 0xC1FF, 0xC1FF, 0xC0FF, 0xD0FF, 
  0xFFFF, 0x1AF7, 0x488B, 0xE96A, 0xEB8B, 0x8A7B, 0x6752, 0xA95A, 0x8852, 0xC85A, 0xA95A, 0x284A, 0x6752, 0x8752, 0x895A, 0xA95A, 
  0x296B, 0xE962, 0xA95A, 0x8952, 0x494A, 0x8752, 0x0863, 0xC85A, 0xE962, 0xC862, 0x096B, 0x286B, 0xE862, 0x0A6B, 0xE962, 0xC95A, 
  0x2A6B, 0x8A73, 0x8762, 0x37E6, 0xB8FE, 0xAEFC, 0x2FFD, 0x0CFC, 0xEAFA, 0x6DFB, 0x51F4, 0x2AEB, 0xEDF3, 0x32F5, 0x78F6, 0xD3F5, 
  0xAEFC, 0x0EFC, 0xEBF2, 0xAFFC, 0x8A93, 0x474A, 0x884A, 0x685A, 0x2A6B, 0xE95A, 0x8852, 0xC962, 0xA85A, 0x4A73, 0xE96A, 0x096B, 
  0x6752, 0x484A, 0x684A, 0x4A9B, 0x2CBC, 0x885A, 0x274A, 0x4B93, 0xD9FE, 0x8EEC, 0xD5F5, 0x96F5, 0xCAF2, 0x2BFB, 0x0CFB, 0x2BFB, 
  0x2BFB, 0xEAFA, 0xEEEB, 0xDAFE, 0x0EB4, 0xC75A, 0x0873, 0x90C4, 0x7BFF, 0x6FBC, 0x4762, 0xA85A, 0xA852, 0x4A6B, 0xE96A, 0xC85A, 
  0xA752, 0xE962, 0x8B73, 0x086B, 0x4DC4, 0x79FE, 0x6DF3, 0x0BF3, 0x0BFB, 0x2BFB, 0x0BFB, 0xEDFB, 0x0FFD, 0xEEFC, 0x50FD, 0x0FED, 
  0xAAA3, 0xA762, 0x884A, 0xA962, 0xEA6A, 0x8852, 0x4752, 0x895A, 0x6952, 0x284A, 0x494A, 0x0742, 0xA952, 0x2A63, 0x296B, 0x8A7B, 
  0xA75A, 0x4752, 0xC862, 0x096B, 0xE862, 0x0963, 0x2A6B, 0xE962, 0x274A, 0xA95A, 0x684A, 0x8852, 0x885A, 0xC962, 0xA95A, 0xA85A, 
  0xA85A, 0x474A, 0xA862, 0xA852, 0xC86A, 0x6EF4, 0x0BFB, 0x2BFB, 0xECDB, 0x675A, 0x885A, 0x6DD4, 0x0FFD, 0xEFFC, 0x6CFB, 0xADF3, 
  0x92F4, 0xEBF2, 0x2BFB, 0xCAFA, 0x13ED, 0xFFFF, 0xFFFF, 0xDAF6, 0xE8F5, 0xE1FF, 0xC0FF, 0xC1FF, 0xC1FF, 0xC1FF, 0xC1FF, 0xC1FF, 
  0xC1FF, 0xC1FF, 0xC1FF, 0xC1FF, 0xC1FF, 0xC1FF, 0xC1FF, 0xC1FF, 0xC1FF, 0xC1FF, 0xC1FF, 0xC1FF, 0xC1FF, 0xC1FF, 0xC1FF, 0xC1FF, 
  0xC1FF, 0xC1FF, 0xC1FF, 0xC1FF, 0xC1FF, 0xC1FF, 0xC1FF, 0xC1FF, 0xC1FF, 0xC1FF, 0xC1FF, 0xC1FF, 0xC0FF, 0xC0FF, 0xC0FF, 0xC1FF, 
  0x04FF, 0xE0FF, 0xC0FF, 0xC0FF, 0xC0FF, 0xC1FF, 0xC1FF, 0xC1FF, 0xC1FF, 0xC1FF, 0xC1FF, 0xC1FF, 0xC1FF, 0xC1FF, 0xC1FF, 0xC1FF, 
  0xC1FF, 0xC1FF, 0xC1FF, 0xC1FF, 0xC1FF, 0xC1FF, 0xC1FF, 0xC1FF, 0xC1FF, 0xC1FF, 0xC1FF, 0xC1FF, 0xC1FF, 0xC0FF, 0xC2F7, 0xD3FF, 
  0xFFFF, 0x32D5, 0x2973, 0xEA6A, 0x885A, 0x296B, 0xE862, 0x2A6B, 0x8852, 0xA95A, 0xC962, 0xE962, 0xAB7B, 0x4A73, 0xA75A, 0xC862, 
  0x296B, 0xE962, 0x0963, 0xA85A, 0x284A, 0x6752, 0x496B, 0x096B, 0x8B7B, 0x4A6B, 0xA95A, 0x096B, 0x4A73, 0x885A, 0x096B, 0xE962, 
  0x4A6B, 0x4A6B, 0x4652, 0x32C5, 0x3CFF, 0xCEF4, 0x2FFD, 0x4DFC, 0x2BF3, 0xEBFA, 0x2BF3, 0x4EF4, 0x51F5, 0x97F6, 0x52F5, 0xAFF4, 
  0x52ED, 0x50EC, 0xECFB, 0x6DD4, 0x064A, 0xC95A, 0xE962, 0xE962, 0xE95A, 0x096B, 0xE862, 0x096B, 0x296B, 0x6973, 0x8A7B, 0x296B, 
  0xA95A, 0x684A, 0x0742, 0xECBB, 0x4CC4, 0x875A, 0x695A, 0x4752, 0x52CD, 0x36FE, 0x4FEC, 0xDBFE, 0xEFF3, 0xEBFA, 0x2CFB, 0x2CFB, 
  0x0BFB, 0x4BFB, 0xEAF2, 0x71EC, 0xBAFE, 0x8BAB, 0xE962, 0x886A, 0x4FBC, 0x5BFF, 0x0DB4, 0x275A, 0xC85A, 0x0863, 0x0963, 0xE962, 
  0x4A6B, 0x2A73, 0xE85A, 0x288B, 0xD4ED, 0x34F5, 0xCAF2, 0x2CFB, 0x0CFB, 0x0AFB, 0xEEFB, 0x10FD, 0x2EFD, 0x4FFD, 0x0CC4, 0x676A, 
  0xA85A, 0xEA6A, 0xA85A, 0xE95A, 0xC85A, 0xA852, 0xC85A, 0xA95A, 0x8952, 0x284A, 0x6852, 0xC95A, 0x474A, 0xC95A, 0x0963, 0x096B, 
  0x6752, 0x484A, 0x8A7B, 0xCA8B, 0x2973, 0xC862, 0x296B, 0xE85A, 0xA85A, 0x0963, 0xA85A, 0x2A6B, 0x2A6B, 0xA85A, 0x6852, 0xA852, 
  0xE86A, 0x4852, 0xE862, 0x6A73, 0x8852, 0x0DCC, 0x8CFB, 0xCBFA, 0xECFB, 0x498B, 0x463A, 0x8A93, 0x30FD, 0x0FFD, 0xEDFB, 0x2BEB, 
  0x75F5, 0x8DF3, 0x0BFB, 0xEBFA, 0x8DEB, 0x7DFF, 0xFFFF, 0x9EFF, 0xADED, 0xA2FF, 0xC0FF, 0xC0FF, 0xC1FF, 0xC1FF, 0xC1FF, 0xC1FF, 
  0xC1FF, 0xC1FF, 0xC1FF, 0xC1FF, 0xC1FF, 0xC1FF, 0xC1FF, 0xC1FF, 0xC1FF, 0xC1FF, 0xC1FF, 0xC1FF, 0xC1FF, 0xC1FF, 0xC1FF, 0xC1FF, 
  0xC1FF, 0xC1FF, 0xC1FF, 0xC1FF, 0xC1FF, 0xC1FF, 0xC1FF, 0xC1FF, 0xC1FF, 0xC1FF, 0xC1FF, 0xC1FF, 0xC0FF, 0xC0FF, 0xC0FF, 0xC1FF, 
  0x04FF, 0xE0FF, 0xC0FF, 0xC0FF, 0xC0FF, 0xC1FF, 0xC1FF, 0xC1FF, 0xC1FF, 0xC1FF, 0xC1FF, 0xC1FF, 0xC1FF, 0xC1FF, 0xC1FF, 0xC1FF, 
  0xC1FF, 0xC1FF, 0xC1FF, 0xC1FF, 0xC1FF, 0xC1FF, 0xC1FF, 0xC1FF, 0xC1FF, 0xC1FF, 0xC1FF, 0xC1FF, 0xC1FF, 0xC0FF, 0xC9FF, 0xFDFF, 
  0x5DFF, 0x2B9B, 0xE862, 0x0863, 0x496B, 0x296B, 0x6A73, 0x296B, 0x096B, 0x296B, 0xC962, 0xA862, 0x6973, 0x2A73, 0x086B, 0xE962, 
  0x2A6B, 0xC962, 0x0963, 0x0963, 0xC95A, 0xE962, 0x296B, 0xA95A, 0x8752, 0xC75A, 0x0A6B, 0xE962, 0xA85A, 0xE962, 0xC85A, 0x0963, 
  0xA85A, 0x6852, 0x2752, 0xED9B, 0x5DFF, 0x10ED, 0x0FFD, 0x4DFC, 0x2AF3, 0xECFB, 0xAEF4, 0x73F5, 0x57FE, 0x2DCC, 0x6CE4, 0x73F5, 
  0x95F5, 0x4BF3, 0xAFF4, 0xC972, 0xA852, 0x6A7B, 0x296B, 0x0863, 0x2A6B, 0xC962, 0x086B, 0xAA7B, 0x286B, 0x4873, 0x6A7B, 0x885A, 
  0x4952, 0x474A, 0xA862, 0xCEE4, 0x6CC4, 0x8973, 0xE96A, 0xC852, 0xE98A, 0xB8FE, 0x11ED, 0x94F5, 0x78F6, 0xEBF2, 0x2BFB, 0x2BFB, 
  0x0CFB, 0x2BFB, 0x4BFB, 0xCAF2, 0x55F5, 0x78FE, 0x0993, 0x8852, 0x6762, 0xF1C4, 0x3BFF, 0xCDA3, 0xE872, 0x2A63, 0x674A, 0xE962, 
  0xE962, 0xA962, 0x664A, 0xEDBB, 0xF7FD, 0x6DF3, 0x0AFB, 0x0CFB, 0x2BF3, 0x4DF4, 0xEEFC, 0x4FFD, 0x2FED, 0xAA9B, 0x875A, 0x0963, 
  0xC862, 0x0963, 0xA95A, 0x0A63, 0xE862, 0x885A, 0xA95A, 0x6852, 0x2742, 0x284A, 0x484A, 0x284A, 0x0742, 0x8852, 0x6852, 0xE962, 
  0x8852, 0x474A, 0x0A63, 0xC85A, 0xE862, 0xEA83, 0x496B, 0x6852, 0x885A, 0xE962, 0xE962, 0xC962, 0xE962, 0x2A6B, 0x284A, 0x684A, 
  0x0873, 0x8B7B, 0x2963, 0x0973, 0x6852, 0x2983, 0x4DFC, 0x0BFB, 0x6CFB, 0xECCB, 0x885A, 0xE96A, 0xADD4, 0x0FFD, 0xAFFC, 0xCAF2, 
  0x74F5, 0xF3F4, 0xCAFA, 0x2CFB, 0xCAF2, 0xD6F5, 0xFFFF, 0xFFFF, 0xD1E5, 0x24FF, 0xE0FF, 0xC0FF, 0xC1FF, 0xC1FF, 0xC1FF, 0xC1FF, 
  0xC1FF, 0xC1FF, 0xC1FF, 0xC1FF, 0xC1FF, 0xC1FF, 0xC1FF, 0xC1FF, 0xC1FF, 0xC1FF, 0xC1FF, 0xC1FF, 0xC1FF, 0xC1FF, 0xC1FF, 0xC1FF, 
  0xC1FF, 0xC1FF, 0xC1FF, 0xC1FF, 0xC1FF, 0xC1FF, 0xC1FF, 0xC1FF, 0xC1FF, 0xC1FF, 0xC1FF, 0xC1FF, 0xC0FF, 0xC0FF, 0xC0FF, 0xC1FF, 
  0x04FF, 0xE0FF, 0xC0FF, 0xC0FF, 0xC0FF, 0xC1FF, 0xC1FF, 0xC1FF, 0xC1FF, 0xC1FF, 0xC1FF, 0xC1FF, 0xC1FF, 0xC1FF, 0xC1FF, 0xC1FF, 
  0xC1FF, 0xC1FF, 0xC1FF, 0xC1FF, 0xC1FF, 0xC1FF, 0xC1FF, 0xC1FF, 0xC0FF, 0xC1FF, 0xE0FF, 0xC1FF, 0xC0FF, 0xC0FF, 0xCFFF, 0xFFFF, 
  0xD5ED, 0xA772, 0x085B, 0x8852, 0xA85A, 0xA85A, 0x0963, 0xE962, 0x0963, 0x296B, 0x885A, 0x6852, 0x274A, 0x6852, 0xC85A, 0x8852, 
  0xA95A, 0x8952, 0x885A, 0xC862, 0xE962, 0xA85A, 0x2A6B, 0xA85A, 0xC75A, 0xA862, 0x2973, 0x296B, 0x0963, 0xE962, 0x2A6B, 0xC85A, 
  0x8852, 0x284A, 0x8952, 0x2B83, 0x1BFF, 0x93F5, 0xCEFC, 0xAEFC, 0xCEFC, 0xCFFC, 0x10F5, 0xB5ED, 0x6A9B, 0x89BB, 0x51F5, 0xB9F6, 
  0x8CEB, 0xAFFC, 0x4B93, 0x274A, 0xE862, 0x2A73, 0x2973, 0xCA7B, 0x4A73, 0xC962, 0xA85A, 0xAA93, 0x0A7B, 0xA95A, 0x885A, 0x0A6B, 
  0xA85A, 0x4742, 0xC87A, 0x6EF4, 0x8A9B, 0x0A63, 0xE862, 0xE85A, 0x6762, 0xB0C4, 0xB8FE, 0x6DEC, 0xDAFE, 0xB2F4, 0xEAF2, 0x2BFB, 
  0x0BFB, 0x2BFB, 0x2BFB, 0x2AFB, 0xEAEA, 0x38FE, 0xD5F5, 0x4993, 0xC852, 0x2983, 0x32CD, 0x1BFF, 0x6BA3, 0xA75A, 0xC95A, 0x0963, 
  0xA85A, 0x884A, 0x097B, 0xB0F4, 0x91F4, 0x4CFB, 0x0AFB, 0xACF3, 0x8FFC, 0x0EFD, 0x4FFD, 0xCEDC, 0xE87A, 0xA85A, 0x4B73, 0x0963, 
  0x2863, 0x6A6B, 0xC95A, 0x8B83, 0x2873, 0x2973, 0xC862, 0x096B, 0x2A6B, 0xC85A, 0xA852, 0x6852, 0x895A, 0x2A6B, 0x0963, 0xC85A, 
  0x6852, 0x6852, 0xA95A, 0x6852, 0x454A, 0x6A73, 0x2A6B, 0x474A, 0x494A, 0x284A, 0xA85A, 0xE862, 0xA85A, 0x6852, 0x284A, 0x4852, 
  0x4B7B, 0xA862, 0x8852, 0xE96A, 0xEA62, 0x6752, 0x2CD4, 0x8CFB, 0xECFA, 0x0DF4, 0xE87A, 0x0642, 0x8BA3, 0x0FFD, 0xEEFC, 0x4BFB, 
  0x50F4, 0x79FE, 0x0BF3, 0x2CFB, 0xEBFA, 0xEEF3, 0xBEFF, 0xFFFF, 0x37F6, 0x46F6, 0xE1FF, 0xC0FF, 0xC1FF, 0xC1FF, 0xC1FF, 0xC1FF, 
  0xC1FF, 0xC1FF, 0xC1FF, 0xC1FF, 0xC1FF, 0xC1FF, 0xC1FF, 0xC1FF, 0xC1FF, 0xC1FF, 0xC1FF, 0xC1FF, 0xC1FF, 0xC1FF, 0xC1FF, 0xC1FF, 
  0xC1FF, 0xC1FF, 0xC1FF, 0xC1FF, 0xC1FF, 0xC1FF, 0xC1FF, 0xC1FF, 0xC1FF, 0xC1FF, 0xC1FF, 0xC1FF, 0xC0FF, 0xC0FF, 0xC0FF, 0xC1FF, 
  0x04FF, 0xE0FF, 0xC0FF, 0xC0FF, 0xC0FF, 0xC1FF, 0xC1FF, 0xC1FF, 0xC1FF, 0xC1FF, 0xC1FF, 0xC1FF, 0xC1FF, 0xC1FF, 0xC1FF, 0xC1FF, 
  0xC1FF, 0xC1FF, 0xC1FF, 0xC1FF, 0xC1FF, 0xC1FF, 0xC1FF, 0xC0FF, 0xC0FF, 0xC1FF, 0xC1FF, 0xE0FF, 0xA1FF, 0xA3FF, 0xB6F7, 0x9EFF, 
  0x0DB4, 0x685A, 0x8962, 0xE962, 0xE962, 0xE962, 0xE962, 0xC962, 0xA85A, 0x8852, 0xC962, 0xA852, 0xA95A, 0x2A6B, 0xA85A, 0xA852, 
  0xA85A, 0xA95A, 0xA95A, 0x8B73, 0x296B, 0xC85A, 0xE862, 0x4973, 0xCB8B, 0x2973, 0x296B, 0xC862, 0x685A, 0x6752, 0xE962, 0xA862, 
  0x685A, 0x6852, 0xA852, 0x265A, 0x57E6, 0x36FE, 0xCEF4, 0x0FFD, 0xCFFC, 0xCCFB, 0x4FEC, 0xA97A, 0xA672, 0xEFEC, 0x3BFF, 0x91EC, 
  0x0DFC, 0x4CC4, 0x8752, 0x0963, 0xC862, 0xE95A, 0x4A6B, 0xC862, 0x0A8C, 0x2A8C, 0xC872, 0x6DC4, 0xE86A, 0xE862, 0xC862, 0x8852, 
  0xC862, 0x4A6B, 0x099B, 0x2EF4, 0x2873, 0x8852, 0xC96A, 0xA862, 0xE86A, 0xE87A, 0x76EE, 0x53FD, 0xF2EC, 0xDAF6, 0x4CEB, 0x0BFB, 
  0x2BFB, 0x0BFB, 0x0BFB, 0x2BFB, 0x0AFB, 0x6CEB, 0xBAFE, 0xD1E4, 0xA772, 0x496B, 0xA872, 0xB5DD, 0xB8F6, 0xE87A, 0xC95A, 0x0963, 
  0xC85A, 0x274A, 0x4AB3, 0xEDFB, 0x4EFC, 0xABEB, 0x4EFC, 0xF0FC, 0x0FFD, 0x4FFD, 0x6DD4, 0x0983, 0xC962, 0xC95A, 0x885A, 0x2A73, 
  0x296B, 0x895A, 0x4852, 0x897B, 0xAA83, 0x897B, 0xCA83, 0x4A73, 0x296B, 0x4A6B, 0xE962, 0xE962, 0x885A, 0xE962, 0xA85A, 0xC95A, 
  0xA852, 0x496B, 0x0963, 0x4A73, 0x6A73, 0x8B7B, 0xE962, 0x885A, 0x6852, 0x2742, 0xC85A, 0x2A6B, 0x0963, 0x6852, 0x8952, 0xEA62, 
  0x885A, 0x8852, 0xC852, 0x496B, 0x2963, 0xC852, 0xCBAB, 0x2EFC, 0xCBF2, 0xCDFB, 0xECB3, 0x885A, 0xA872, 0xEFF4, 0x0EFD, 0x0DFC, 
  0x2CF3, 0x1BFF, 0x91EC, 0xEAFA, 0x4BFB, 0xEBF2, 0x18FE, 0xFFFF, 0xDBF6, 0xC9ED, 0xE1FF, 0xC0FF, 0xC1FF, 0xC1FF, 0xC1FF, 0xC1FF, 
  0xC1FF, 0xC1FF, 0xC1FF, 0xC1FF, 0xC1FF, 0xC1FF, 0xC1FF, 0xC1FF, 0xC1FF, 0xC1FF, 0xC1FF, 0xC1FF, 0xC1FF, 0xC1FF, 0xC1FF, 0xC1FF, 
  0xC1FF, 0xC1FF, 0xC1FF, 0xC1FF, 0xC1FF, 0xC1FF, 0xC1FF, 0xC1FF, 0xC1FF, 0xC1FF, 0xC1FF, 0xC1FF, 0xC0FF, 0xC0FF, 0xC0FF, 0xC1FF, 
  0x04FF, 0xE0FF, 0xC0FF, 0xC0FF, 0xC0FF, 0xC1FF, 0xC1FF, 0xC1FF, 0xC1FF, 0xC1FF, 0xC1FF, 0xC1FF, 0xC1FF, 0xC1FF, 0xC1FF, 0xC1FF, 
  0xC1FF, 0xC1FF, 0xC1FF, 0xC1FF, 0xC1FF, 0xC1FF, 0xC1FF, 0xC1FF, 0xC0FF, 0xC1FF, 0xC1FF, 0xC0FF, 0xA1FF, 0x4AF7, 0xFEFF, 0x79F6, 
  0xCA9B, 0xE95A, 0xE862, 0x0863, 0xC85A, 0xE962, 0xC862, 0xA85A, 0x6752, 0xE962, 0x0A6B, 0x6752, 0xE95A, 0x4A73, 0x096B, 0x4A6B, 
  0x0863, 0xE862, 0x6A73, 0xC862, 0x8752, 0x8852, 0x8852, 0x6A7B, 0xEB93, 0xEA8B, 0x286B, 0x0963, 0x096B, 0xE962, 0x096B, 0xEB8B, 
  0xA983, 0x4973, 0x296B, 0x675A, 0x73CD, 0xD9FE, 0xAEF4, 0x0FFD, 0x4DFC, 0xCDD3, 0x6862, 0x674A, 0xECBB, 0xD9FE, 0xD7ED, 0xCCF3, 
  0xEEEC, 0x2873, 0xC862, 0x8B8B, 0x0963, 0xC852, 0x0742, 0x695A, 0x6A7B, 0x4873, 0x0BB4, 0x4CC4, 0xA752, 0x8B73, 0x8B7B, 0xE862, 
  0x6973, 0x8983, 0xACD3, 0xECDB, 0xE862, 0x6752, 0xA95A, 0x8962, 0x2CB4, 0xE872, 0x0CA4, 0xD9FE, 0x6EEC, 0x78F6, 0x76F5, 0xEAF2, 
  0x2CFB, 0x0BFB, 0x2BFB, 0x0BFB, 0x0CFB, 0x0AFB, 0x70EC, 0x1BFF, 0x0ED4, 0xC872, 0xE95A, 0x0883, 0x77F6, 0xD5DD, 0x8662, 0xAB83, 
  0x096B, 0x4A83, 0xECEB, 0x2DF4, 0x2FFD, 0xEEFC, 0x0FFD, 0x2FFD, 0x4FFD, 0x0CB4, 0x465A, 0x0963, 0x884A, 0x6852, 0x875A, 0x4973, 
  0x6973, 0xA95A, 0x2742, 0xC85A, 0xC962, 0x6A73, 0x086B, 0xC862, 0xC862, 0xE962, 0xE962, 0x875A, 0x0A63, 0x274A, 0x274A, 0x895A, 
  0x4852, 0x6852, 0xC862, 0x2A73, 0xA85A, 0xA95A, 0x6752, 0x2973, 0x296B, 0x0963, 0x096B, 0xE962, 0xA85A, 0x8852, 0xC95A, 0xE95A, 
  0xA85A, 0x684A, 0x8952, 0x684A, 0x6852, 0xC85A, 0xA862, 0x8EE4, 0x4BFB, 0x0BFB, 0x6DEC, 0x0973, 0x684A, 0x4DCC, 0x2FFD, 0xAEFC, 
  0xEAF2, 0x37F6, 0xBBF6, 0x0AEB, 0x2BFB, 0xEBFA, 0x30F4, 0xDFFF, 0xBFFF, 0x8CE5, 0xA2FF, 0xC0FF, 0xC1FF, 0xC1FF, 0xC1FF, 0xC1FF, 
  0xC1FF, 0xC1FF, 0xC1FF, 0xC1FF, 0xC1FF, 0xC1FF, 0xC1FF, 0xC1FF, 0xC1FF, 0xC1FF, 0xC1FF, 0xC1FF, 0xC1FF, 0xC1FF, 0xC1FF, 0xC1FF, 
  0xC1FF, 0xC1FF, 0xC1FF, 0xC1FF, 0xC1FF, 0xC1FF, 0xC1FF, 0xC1FF, 0xC1FF, 0xC1FF, 0xC1FF, 0xC1FF, 0xC0FF, 0xC0FF, 0xC0FF, 0xC1FF, 
  0x04FF, 0xE0FF, 0xC0FF, 0xC0FF, 0xC0FF, 0xC1FF, 0xC1FF, 0xC1FF, 0xC1FF, 0xC1FF, 0xC1FF, 0xC1FF, 0xC1FF, 0xC1FF, 0xC1FF, 0xC1FF, 
  0xC1FF, 0xC1FF, 0xC1FF, 0xC1FF, 0xC1FF, 0xC1FF, 0xC1FF, 0xC1FF, 0xC0FF, 0xC1FF, 0xC1FF, 0xE0FF, 0x83FF, 0x55F7, 0xFFFF, 0x90D4, 
  0xE772, 0x086B, 0xC85A, 0x0A63, 0x086B, 0x4A73, 0x8B73, 0x296B, 0xC962, 0xA95A, 0x885A, 0x885A, 0xA95A, 0x875A, 0x096B, 0xE962, 
  0xC862, 0xC85A, 0xC862, 0xE962, 0xC85A, 0xE962, 0x8952, 0x8752, 0xC862, 0x4C9C, 0x2973, 0xC85A, 0x4A6B, 0x096B, 0x0963, 0xE86A, 
  0xE96A, 0xE96A, 0x8B7B, 0xC86A, 0x8FB4, 0xDAFE, 0xAFF4, 0x0FFD, 0xAEEC, 0x885A, 0x8942, 0x4662, 0x73E5, 0xFBFE, 0x0DEC, 0x0FFD, 
  0x4A93, 0xC96A, 0x8B93, 0x4A8B, 0xA85A, 0x6752, 0xC85A, 0xA862, 0x6852, 0x0752, 0xAEE4, 0xEBAB, 0xE962, 0xE962, 0x096B, 0x2973, 
  0x0B84, 0xCAA3, 0xECF3, 0x6AAB, 0x0863, 0xC95A, 0x8852, 0x6852, 0xCAAB, 0x6A9B, 0xC772, 0x36E6, 0xD4FD, 0xB0EC, 0xFBFE, 0xCEEB, 
  0x0BFB, 0x2BFB, 0x0BFB, 0x2BFB, 0x0CFB, 0x4BFB, 0xE9EA, 0x95F5, 0xDAFE, 0x4BBB, 0xE862, 0x096B, 0x8BA3, 0x98FE, 0x6EBC, 0xC872, 
  0x0863, 0xEA9B, 0x6EF4, 0xCEFC, 0x0FFD, 0x2FFD, 0x0EFD, 0x4DD4, 0x0A83, 0x6752, 0xA852, 0x0963, 0x2A63, 0xC95A, 0xE962, 0xA85A, 
  0x0963, 0xE862, 0xA952, 0xCA5A, 0xC962, 0xE96A, 0x0A6B, 0x0963, 0xC862, 0xE962, 0xC862, 0x0A6B, 0xA95A, 0x6752, 0x0963, 0x4A6B, 
  0xC862, 0x0A6B, 0xC862, 0x6852, 0x8852, 0x484A, 0x6852, 0xAB7B, 0xE862, 0x2A6B, 0x0A6B, 0x885A, 0x474A, 0x484A, 0xA95A, 0xC95A, 
  0xC95A, 0x6852, 0x8952, 0xC95A, 0xC962, 0x0A63, 0x684A, 0x8BA3, 0x2DFC, 0xCAF2, 0x4DFC, 0xAB9B, 0x473A, 0x6A93, 0x30FD, 0x0FFD, 
  0x4BFB, 0x50F4, 0xFFFF, 0x70F4, 0xCAFA, 0x2BFB, 0x0BF3, 0x99F6, 0xFFFF, 0xB1F5, 0x03FF, 0xE0FF, 0xC1FF, 0xC1FF, 0xC1FF, 0xC1FF, 
  0xC1FF, 0xC1FF, 0xC1FF, 0xC1FF, 0xC1FF, 0xC1FF, 0xC1FF, 0xC1FF, 0xC1FF, 0xC1FF, 0xC1FF, 0xC1FF, 0xC1FF, 0xC1FF, 0xC1FF, 0xC1FF, 
  0xC1FF, 0xC1FF, 0xC1FF, 0xC1FF, 0xC1FF, 0xC1FF, 0xC1FF, 0xC1FF, 0xC1FF, 0xC1FF, 0xC1FF, 0xC1FF, 0xC0FF, 0xC0FF, 0xC0FF, 0xC1FF, 
  0x04FF, 0xE0FF, 0xC0FF, 0xC0FF, 0xC0FF, 0xC1FF, 0xC1FF, 0xC1FF, 0xC1FF, 0xC1FF, 0xC1FF, 0xC1FF, 0xC1FF, 0xC1FF, 0xC1FF, 0xC1FF, 
  0xC1FF, 0xC1FF, 0xC1FF, 0xC1FF, 0xC1FF, 0xC1FF, 0xC1FF, 0xC0FF, 0xC0FF, 0xC1FF, 0xC0FF, 0xC1FF, 0xCBEE, 0xDEFF, 0xD9FE, 0xCDE4, 
  0x2C9C, 0x497B, 0x8983, 0x6A7B, 0xAA7B, 0x6973, 0x296B, 0xE862, 0x4A6B, 0xC862, 0x0A6B, 0xEA62, 0x8852, 0x4A73, 0x4A73, 0xA85A, 
  0x4A73, 0xAB7B, 0x296B, 0x096B, 0x2A6B, 0x296B, 0xA95A, 0xE95A, 0xA75A, 0x086B, 0x4A7B, 0x296B, 0x496B, 0xC85A, 0x096B, 0x4973, 
  0x096B, 0xC95A, 0x885A, 0xA85A, 0xECAB, 0xDAFE, 0xF0F4, 0x30FD, 0x4A8B, 0x6752, 0xC96A, 0xACAB, 0x7DFF, 0xD0EC, 0xCEFC, 0x0BB4, 
  0xC952, 0x875A, 0x4DC4, 0xA872, 0xC962, 0x0A6B, 0xCA7B, 0x086B, 0xAB73, 0x8993, 0xCFF4, 0x097B, 0x8852, 0x486B, 0x086B, 0xC862, 
  0xAB7B, 0xAAAB, 0xECF3, 0x0A8B, 0xA852, 0x8852, 0xEA6A, 0x684A, 0x498B, 0x6CC4, 0xE86A, 0xAC93, 0xD8FE, 0x4FF4, 0xF5F5, 0x37F6, 
  0xCAF2, 0x2CFB, 0x2BFB, 0x0BFB, 0x2BFB, 0x2BFB, 0x0CFB, 0x0CF3, 0xBAFE, 0x15F6, 0x8AB3, 0x286B, 0x474A, 0x0EB4, 0x35FE, 0x2993, 
  0x464A, 0xCAA3, 0x30FD, 0xEFFC, 0x10FD, 0x6DDC, 0x6A9B, 0x4752, 0x474A, 0xC95A, 0x8852, 0xA95A, 0xA85A, 0x6852, 0x494A, 0xE741, 
  0x895A, 0xA85A, 0x8752, 0x284A, 0x4A73, 0x496B, 0x885A, 0xA85A, 0xE962, 0x0963, 0xA85A, 0x8852, 0x484A, 0x484A, 0x674A, 0x2963, 
  0xC85A, 0xE862, 0xC862, 0x0A63, 0x8852, 0x2742, 0x484A, 0x8852, 0xC85A, 0x885A, 0x4752, 0x274A, 0xEA62, 0x474A, 0xC962, 0x496B, 
  0xC75A, 0x0963, 0x0A6B, 0xA85A, 0xC962, 0x8852, 0x684A, 0xC86A, 0x8EEC, 0x2BFB, 0x6DFC, 0x6DD4, 0x0642, 0xA86A, 0x0FF5, 0x2FFD, 
  0xEDFB, 0x2CF3, 0x9DFF, 0xBAF6, 0x0BEB, 0x2CFB, 0xCAFA, 0xB1F4, 0xFFFF, 0x16F6, 0x64F6, 0xE1FF, 0xC1FF, 0xC1FF, 0xC1FF, 0xC1FF, 
  0xC1FF, 0xC1FF, 0xC1FF, 0xC1FF, 0xC1FF, 0xC1FF, 0xC1FF, 0xC1FF, 0xC1FF, 0xC1FF, 0xC1FF, 0xC1FF, 0xC1FF, 0xC1FF, 0xC1FF, 0xC1FF, 
  0xC1FF, 0xC1FF, 0xC1FF, 0xC1FF, 0xC1FF, 0xC1FF, 0xC1FF, 0xC1FF, 0xC1FF, 0xC1FF, 0xC1FF, 0xC1FF, 0xC0FF, 0xC0FF, 0xC0FF, 0xC1FF, 
  0x04FF, 0xE0FF, 0xC0FF, 0xC0FF, 0xC0FF, 0xC1FF, 0xC1FF, 0xC1FF, 0xC1FF, 0xC1FF, 0xC1FF, 0xC1FF, 0xC1FF, 0xC1FF, 0xC1FF, 0xC1FF, 
  0xC1FF, 0xC1FF, 0xC1FF, 0xC1FF, 0xC1FF, 0xC1FF, 0xC1FF, 0xC1FF, 0xC1FF, 0xC0FF, 0xE1FF, 0x24F7, 0x95EE, 0xFFFF, 0xF1D4, 0x688B, 
  0x8883, 0x6B7B, 0x8A7B, 0x286B, 0x8A7B, 0xE862, 0xC862, 0x096B, 0xE962, 0x885A, 0xE962, 0x0963, 0x6752, 0x096B, 0x2A73, 0xA85A, 
  0x096B, 0x286B, 0xAA7B, 0x086B, 0x2973, 0xCA83, 0x6973, 0x096B, 0x086B, 0xC95A, 0xE85A, 0x096B, 0x2973, 0x096B, 0xE96A, 0xCB83, 
  0x296B, 0xE962, 0x0A63, 0x8852, 0x088B, 0x78F6, 0x31FD, 0xCEF4, 0xC96A, 0x8852, 0xC882, 0x1AF7, 0xF6ED, 0xAEFC, 0x6CCC, 0xA75A, 
  0xC85A, 0x2883, 0x8EDC, 0x8762, 0x085B, 0x8973, 0xE96A, 0xC962, 0xE85A, 0xABBB, 0x2DDC, 0x675A, 0x074A, 0x2A6B, 0x2963, 0x0963, 
  0x475A, 0x4BB3, 0xECEB, 0xE972, 0xE95A, 0xA85A, 0x8852, 0x6852, 0x8A93, 0xADDC, 0xE86A, 0xE76A, 0x94D5, 0xF5FD, 0x4DEC, 0xFAFE, 
  0x51F4, 0xEAFA, 0x2BFB, 0x0CFB, 0x0BFB, 0x0BFB, 0x4CFB, 0x0BFB, 0x8DF3, 0x79FE, 0x11ED, 0x6A9B, 0x2963, 0x8762, 0x4FE4, 0x0DEC, 
  0xC96A, 0x0983, 0x2EFD, 0x0FFD, 0x6DCC, 0x6662, 0xC95A, 0xEA5A, 0xC962, 0xE962, 0x8852, 0xC95A, 0xA85A, 0xA85A, 0x6952, 0x284A, 
  0xA95A, 0xE862, 0x0963, 0xC962, 0x885A, 0x4752, 0xA85A, 0xA85A, 0xA95A, 0xE95A, 0xA852, 0x6852, 0x0A63, 0xE962, 0x6852, 0x484A, 
  0x4852, 0x296B, 0x296B, 0xE962, 0xE862, 0xC862, 0x885A, 0xC962, 0xE962, 0x474A, 0x474A, 0x4A6B, 0xE962, 0x684A, 0x885A, 0x0963, 
  0xE85A, 0xE95A, 0x895A, 0x274A, 0x684A, 0x8852, 0xA95A, 0x474A, 0xCCBB, 0x8CFB, 0x0DF4, 0x30F5, 0xE872, 0x274A, 0x4CCC, 0x4FFD, 
  0xAFFC, 0xEAF2, 0xF6F5, 0xFFFF, 0x30F4, 0xEBFA, 0x0BFB, 0x4BF3, 0x5DFF, 0x1CF7, 0xE7E5, 0xE1FF, 0xC1FF, 0xC1FF, 0xC1FF, 0xC1FF, 
  0xC1FF, 0xC1FF, 0xC1FF, 0xC1FF, 0xC1FF, 0xC1FF, 0xC1FF, 0xC1FF, 0xC1FF, 0xC1FF, 0xC1FF, 0xC1FF, 0xC1FF, 0xC1FF, 0xC1FF, 0xC1FF, 
  0xC1FF, 0xC1FF, 0xC1FF, 0xC1FF, 0xC1FF, 0xC1FF, 0xC1FF, 0xC1FF, 0xC1FF, 0xC1FF, 0xC1FF, 0xC1FF, 0xC0FF, 0xC0FF, 0xC0FF, 0xC1FF, 
  0x04FF, 0xE0FF, 0xC0FF, 0xC0FF, 0xC0FF, 0xC1FF, 0xC1FF, 0xC1FF, 0xC1FF, 0xC1FF, 0xC1FF, 0xC1FF, 0xC1FF, 0xC1FF, 0xC1FF, 0xC1FF, 
  0xC1FF, 0xC1FF, 0xC1FF, 0xC1FF, 0xC1FF, 0xC1FF, 0xC1FF, 0xC0FF, 0xC0FF, 0xC1FF, 0xC2FF, 0x4AEE, 0x9EFF, 0x3CFF, 0xABA3, 0xA862, 
  0x6A73, 0xC962, 0xE96A, 0xCA93, 0x4983, 0x4A6B, 0x8A7B, 0x4973, 0x2973, 0x6A73, 0x296B, 0xC962, 0xE862, 0x8A7B, 0xAB83, 0x6973, 
  0x4A73, 0x096B, 0x296B, 0x0963, 0x296B, 0x086B, 0x4973, 0x8B7B, 0x2A6B, 0xC95A, 0xA85A, 0xC85A, 0xE962, 0xE962, 0xA85A, 0x0A6B, 
  0xA85A, 0xC95A, 0xA95A, 0x8752, 0xC77A, 0x94E5, 0x11FD, 0x6DCC, 0xC85A, 0x4762, 0xF6DD, 0xF9FE, 0xEFF4, 0xAEDC, 0xA872, 0x6A73, 
  0x4A73, 0x6DD4, 0x2CBC, 0xE962, 0xE95A, 0xE96A, 0x885A, 0x8952, 0x465A, 0xABDB, 0xCCCB, 0x0863, 0xE962, 0xC962, 0xE85A, 0xC85A, 
  0xE96A, 0xACDB, 0xCCCB, 0x885A, 0xC862, 0xC85A, 0xAA5A, 0xC85A, 0x0BBC, 0xADE4, 0x096B, 0x286B, 0xCCA3, 0x98F6, 0xCEF4, 0x52F5, 
  0x5AFE, 0xEBF2, 0x2BFB, 0x2BFB, 0x2BFB, 0x2BFB, 0x0BFB, 0x4BFB, 0xEBFA, 0x6DF3, 0x32F5, 0xEDDB, 0xE872, 0xE85A, 0x0B9B, 0x0DFC, 
  0x4A93, 0x6752, 0xCDEC, 0x2FF5, 0xC86A, 0x0A63, 0x8852, 0x0742, 0xEA62, 0x6A73, 0x696B, 0x296B, 0x296B, 0xA85A, 0x6852, 0xA95A, 
  0xC85A, 0x6A73, 0xAA7B, 0xE962, 0x895A, 0x2B6B, 0x8852, 0x2A6B, 0x296B, 0x6752, 0xCA5A, 0x0963, 0xE962, 0x0963, 0xA85A, 0x8952, 
  0xC962, 0xAA7B, 0x6A73, 0xC962, 0xE962, 0xC962, 0x6A73, 0x296B, 0x2973, 0x6A73, 0xA85A, 0xA95A, 0x8852, 0x8852, 0x6852, 0x8952, 
  0xA852, 0xE962, 0x0963, 0x296B, 0x0963, 0x484A, 0x695A, 0xC962, 0x097B, 0x4EF4, 0x6BEB, 0x0FFD, 0xEBB3, 0x697B, 0x0BBC, 0xEFFC, 
  0x0FFD, 0x8BFB, 0x70F4, 0xFFFF, 0x18F6, 0xEAF2, 0x2BFB, 0xCBFA, 0xB5F5, 0xFFFF, 0x0CED, 0x82FF, 0xE0FF, 0xC1FF, 0xC1FF, 0xC1FF, 
  0xC1FF, 0xC1FF, 0xC1FF, 0xC1FF, 0xC1FF, 0xC1FF, 0xC1FF, 0xC1FF, 0xC1FF, 0xC1FF, 0xC1FF, 0xC1FF, 0xC1FF, 0xC1FF, 0xC1FF, 0xC1FF, 
  0xC1FF, 0xC1FF, 0xC1FF, 0xC1FF, 0xC1FF, 0xC1FF, 0xC1FF, 0xC1FF, 0xC1FF, 0xC1FF, 0xC1FF, 0xC1FF, 0xC0FF, 0xC0FF, 0xC0FF, 0xC1FF, 
  0x04FF, 0xE0FF, 0xC0FF, 0xC0FF, 0xC0FF, 0xC1FF, 0xC1FF, 0xC1FF, 0xC1FF, 0xC1FF, 0xC1FF, 0xC1FF, 0xC1FF, 0xC1FF, 0xC1FF, 0xC1FF, 
  0xC1FF, 0xC1FF, 0xC1FF, 0xC1FF, 0xC1FF, 0xC1FF, 0xC1FF, 0xC1FF, 0xC1FF, 0xE1FF, 0xC5F6, 0x75EE, 0xFFFF, 0x73DD, 0x676A, 0xC95A, 
  0x884A, 0x8762, 0x2CCC, 0x30FD, 0xCBAB, 0xA85A, 0x096B, 0xCA7B, 0x296B, 0xA85A, 0xA85A, 0xE962, 0xC862, 0x286B, 0xE96A, 0x4973, 
  0x096B, 0x8752, 0xE962, 0x096B, 0x2A6B, 0xE962, 0xC862, 0xC862, 0x474A, 0x8852, 0xA95A, 0x885A, 0x885A, 0xE962, 0xE962, 0xA85A, 
  0x274A, 0x274A, 0x2A6B, 0x296B, 0x8762, 0x0DDC, 0xAFFC, 0xCA9B, 0xE541, 0xAFBC, 0x5CFF, 0x11F5, 0xCEEC, 0xC872, 0x6852, 0x096B, 
  0x6662, 0xAEDC, 0x6A93, 0x064A, 0xC85A, 0x685A, 0x6852, 0xC852, 0x2A83, 0x8FF4, 0x6BA3, 0xCA83, 0x296B, 0xE962, 0xE86A, 0xC85A, 
  0x6983, 0x4DF4, 0x4AAB, 0x274A, 0xE95A, 0xE962, 0x895A, 0xC762, 0x6DDC, 0x6DD4, 0xA85A, 0xE962, 0x675A, 0xD0CC, 0x16FE, 0x0CEC, 
  0x78F6, 0xB1EC, 0xEAF2, 0x2BFB, 0x0BFB, 0x2BFB, 0x0CFB, 0x0BFB, 0x2CFB, 0x0BF3, 0x0BF3, 0x8DFB, 0x6BB3, 0xC75A, 0x465A, 0xCCC3, 
  0x8EDC, 0x875A, 0xECBB, 0x8EDC, 0x0873, 0x0963, 0xA85A, 0x274A, 0x8852, 0x875A, 0x096B, 0x0963, 0xA85A, 0x895A, 0x6852, 0xC95A, 
  0x6752, 0xE962, 0x096B, 0xA85A, 0xE962, 0x0963, 0xA85A, 0xE962, 0x4A6B, 0xA85A, 0x4852, 0x4752, 0x6752, 0x274A, 0x494A, 0x484A, 
  0xA85A, 0xA85A, 0x286B, 0xE962, 0x885A, 0xC85A, 0xC962, 0x685A, 0x296B, 0x296B, 0xE962, 0x6852, 0xC95A, 0xA85A, 0x0963, 0x4973, 
  0x086B, 0x096B, 0x875A, 0xE962, 0xC95A, 0xC95A, 0x8852, 0xC862, 0x875A, 0x2DD4, 0x8CFB, 0x6FFC, 0x10F5, 0x2CA4, 0x0883, 0xEDEC, 
  0x4FFD, 0x2DFC, 0x4CEB, 0x3CFF, 0xBEFF, 0xCEF3, 0x0AFB, 0xEBFA, 0x0FEC, 0xDFFF, 0x31ED, 0x04FF, 0xE0FF, 0xC1FF, 0xC1FF, 0xC1FF, 
  0xC1FF, 0xC1FF, 0xC1FF, 0xC1FF, 0xC1FF, 0xC1FF, 0xC1FF, 0xC1FF, 0xC1FF, 0xC1FF, 0xC1FF, 0xC1FF, 0xC1FF, 0xC1FF, 0xC1FF, 0xC1FF, 
  0xC1FF, 0xC1FF, 0xC1FF, 0xC1FF, 0xC1FF, 0xC1FF, 0xC1FF, 0xC1FF, 0xC1FF, 0xC1FF, 0xC1FF, 0xC1FF, 0xC0FF, 0xC0FF, 0xC0FF, 0xC1FF, 
  0x04FF, 0xE0FF, 0xC0FF, 0xC0FF, 0xC0FF, 0xC1FF, 0xC1FF, 0xC1FF, 0xC1FF, 0xC1FF, 0xC1FF, 0xC1FF, 0xC1FF, 0xC1FF, 0xC1FF, 0xC1FF, 
  0xC1FF, 0xC1FF, 0xC1FF, 0xC1FF, 0xC1FF, 0xC1FF, 0xC1FF, 0xC1FF, 0xE1F7, 0xC2FF, 0xEDF5, 0x9DFF, 0x5CFF, 0x6BAB, 0x474A, 0x284A, 
  0xA872, 0xEFE4, 0x0FFD, 0x0FFD, 0xECBB, 0x4652, 0xE962, 0xC85A, 0xEA62, 0xE962, 0xC862, 0xE962, 0xE962, 0xC85A, 0xA85A, 0x0963, 
  0x8752, 0x474A, 0x4973, 0x6A7B, 0x096B, 0xE862, 0x2A6B, 0xA85A, 0xC95A, 0xC95A, 0xA85A, 0x096B, 0x885A, 0xC962, 0x885A, 0xA85A, 
  0xA95A, 0x484A, 0xE962, 0xC85A, 0x097B, 0xACEB, 0x8EF4, 0xE772, 0x4B8B, 0x5BFF, 0x73F5, 0x0FFD, 0x4A93, 0x874A, 0xA75A, 0x296B, 
  0xEB9B, 0x0EED, 0x097B, 0xE962, 0xC862, 0x6852, 0x0963, 0x875A, 0xEEAB, 0x73ED, 0xC66A, 0x296B, 0x4A73, 0x086B, 0x2973, 0xEB83, 
  0x6993, 0x2EEC, 0x4A93, 0xA95A, 0x095B, 0x4973, 0xE85A, 0xC872, 0x8DF4, 0xABAB, 0xA75A, 0x096B, 0xA85A, 0xE97A, 0x16F6, 0x8EEC, 
  0xCFF4, 0x78F6, 0x2CF3, 0xEBFA, 0x2BFB, 0x4BFB, 0x2BFB, 0x2BFB, 0x0BFB, 0x2BFB, 0x0BFB, 0xEBFA, 0xADF3, 0x8AA3, 0x6973, 0x297B, 
  0x0FFD, 0x6A8B, 0x2B7B, 0x488B, 0xE86A, 0x0863, 0x2A6B, 0x2A6B, 0xC962, 0xA85A, 0xE962, 0xC962, 0x8852, 0x4852, 0xA95A, 0xE962, 
  0x6752, 0x484A, 0x274A, 0x2A6B, 0x6A6B, 0x8752, 0x8952, 0x6852, 0x0963, 0xC962, 0x895A, 0xC95A, 0xEA62, 0x8852, 0x6852, 0x6852, 
  0x274A, 0xA852, 0x2A6B, 0x296B, 0x6A73, 0xE962, 0xE962, 0x496B, 0x8A73, 0x2A6B, 0x2A6B, 0xA75A, 0x296B, 0x2A6B, 0x6A73, 0x6A7B, 
  0x2973, 0x6A73, 0xA85A, 0xC85A, 0x8852, 0x6852, 0xE85A, 0xC85A, 0x074A, 0x6A9B, 0x0EFC, 0xCEF3, 0xEFFC, 0xCBAB, 0x497B, 0x8CCC, 
  0x2FFD, 0xCFFC, 0x0AF3, 0xB5F5, 0xFFFF, 0x75F5, 0xEAF2, 0x2CFB, 0x0CF3, 0xFCFE, 0xF6ED, 0xE5ED, 0xE1FF, 0xC1FF, 0xC1FF, 0xC1FF, 
  0xC1FF, 0xC1FF, 0xC1FF, 0xC1FF, 0xC1FF, 0xC1FF, 0xC1FF, 0xC1FF, 0xC1FF, 0xC1FF, 0xC1FF, 0xC1FF, 0xC1FF, 0xC1FF, 0xC1FF, 0xC1FF, 
  0xC1FF, 0xC1FF, 0xC1FF, 0xC1FF, 0xC1FF, 0xC1FF, 0xC1FF, 0xC1FF, 0xC1FF, 0xC1FF, 0xC1FF, 0xC1FF, 0xC0FF, 0xC0FF, 0xC0FF, 0xC1FF, 
  0x04FF, 0xE0FF, 0xC0FF, 0xC0FF, 0xC0FF, 0xC1FF, 0xC1FF, 0xC1FF, 0xC1FF, 0xC1FF, 0xC1FF, 0xC1FF, 0xC1FF, 0xC1FF, 0xC1FF, 0xC1FF, 
  0xC1FF, 0xC1FF, 0xC1FF, 0xC1FF, 0xC1FF, 0xC1FF, 0xC1FF, 0xC1FF, 0xE1FF, 0xE5F6, 0x35F6, 0xFFFF, 0x95E5, 0x0883, 0x295B, 0x8772, 
  0x6DDC, 0xEFFC, 0xEFFC, 0x4FFD, 0xEBB3, 0x875A, 0xC962, 0x674A, 0xA95A, 0x0A63, 0x096B, 0xC862, 0x4A6B, 0xE962, 0xE962, 0xC95A, 
  0x8852, 0x4B73, 0x4A73, 0xAA83, 0x096B, 0x0963, 0x2A6B, 0xC962, 0xA95A, 0x8852, 0xE962, 0x296B, 0xE962, 0x6752, 0xA85A, 0xE962, 
  0x474A, 0x484A, 0xC95A, 0xC85A, 0xE972, 0x8EFC, 0x0BBC, 0x676A, 0x79EE, 0x56FE, 0xEEFC, 0xCBA3, 0x2A73, 0x0963, 0x0963, 0xC962, 
  0xCAAB, 0xAEDC, 0x685A, 0xA95A, 0xE962, 0x0963, 0xC85A, 0x475A, 0x32E5, 0xF0C4, 0x8652, 0x895A, 0x8A7B, 0xCB7B, 0x296B, 0x286B, 
  0xCAAB, 0x8EEC, 0xA76A, 0xC962, 0xA852, 0x875A, 0xC85A, 0x2A8B, 0x6DF4, 0x6A93, 0xCB7B, 0x496B, 0x086B, 0x8962, 0x8EB4, 0xB3F5, 
  0xCBDB, 0xD6F5, 0xB2F4, 0xEAFA, 0x2BFB, 0x2BFB, 0x0BFB, 0x2BFB, 0x0BFB, 0x0BFB, 0x2BFB, 0x2BFB, 0x2BFB, 0x0DEC, 0x4983, 0x8862, 
  0x0CBC, 0x6CCC, 0xE862, 0x4863, 0xC962, 0x2A6B, 0x885A, 0x6752, 0xC962, 0xE862, 0xE862, 0x086B, 0xA75A, 0xA85A, 0xA95A, 0x8852, 
  0x0963, 0xE95A, 0x6852, 0xE962, 0xA85A, 0x6852, 0x484A, 0x8852, 0xA85A, 0xA85A, 0xC85A, 0xA85A, 0xA85A, 0x6B73, 0xAB7B, 0x885A, 
  0x895A, 0xE962, 0xA95A, 0xC85A, 0x0863, 0xA85A, 0xE862, 0xCA7B, 0xC75A, 0x6752, 0x885A, 0x0963, 0x296B, 0xA85A, 0x8852, 0xE962, 
  0x096B, 0x6A73, 0x6A73, 0x296B, 0xC95A, 0xE749, 0x8752, 0xA952, 0x084A, 0xC86A, 0x4DEC, 0x6CFB, 0xCFFC, 0x4DD4, 0xE96A, 0x2A8B, 
  0x0FFD, 0x10FD, 0x6BF3, 0x4FEC, 0xFFFF, 0x3CFF, 0x4CF3, 0x2BFB, 0xCAFA, 0x94F5, 0xBAF6, 0x07ED, 0xE2FF, 0xC0FF, 0xC1FF, 0xC1FF, 
  0xC1FF, 0xC1FF, 0xC1FF, 0xC1FF, 0xC1FF, 0xC1FF, 0xC1FF, 0xC1FF, 0xC1FF, 0xC1FF, 0xC1FF, 0xC1FF, 0xC1FF, 0xC1FF, 0xC1FF, 0xC1FF, 
  0xC1FF, 0xC1FF, 0xC1FF, 0xC1FF, 0xC1FF, 0xC1FF, 0xC1FF, 0xC1FF, 0xC1FF, 0xC1FF, 0xC1FF, 0xC1FF, 0xC0FF, 0xC0FF, 0xC0FF, 0xC1FF, 
  0x04FF, 0xE0FF, 0xC0FF, 0xC0FF, 0xC0FF, 0xC1FF, 0xC1FF, 0xC1FF, 0xC1FF, 0xC1FF, 0xC1FF, 0xC1FF, 0xC1FF, 0xC1FF, 0xC1FF, 0xC1FF, 
  0xC1FF, 0xC1FF, 0xC1FF, 0xC1FF, 0xC1FF, 0xC1FF, 0xC1FF, 0xC0FF, 0xA2FF, 0xECF5, 0x5DFF, 0x9EFF, 0x0DBC, 0x086B, 0xAA93, 0xCDDC, 
  0xEEFC, 0xEFFC, 0xEFFC, 0x0FFD, 0x2CB4, 0xE962, 0xA95A, 0x296B, 0x0963, 0x8852, 0x6852, 0xC862, 0x096B, 0xE962, 0xA75A, 0xE962, 
  0x0963, 0xE862, 0x2973, 0x8A7B, 0x086B, 0x6A73, 0x0863, 0x0963, 0x2A6B, 0x8752, 0xC85A, 0xCB83, 0xE962, 0x6752, 0xAB7B, 0x2A6B, 
  0x6752, 0x474A, 0xA95A, 0xE962, 0x098B, 0x30FD, 0xA772, 0xF2C4, 0xFBFE, 0x0FFD, 0x6CC4, 0x664A, 0xC862, 0x4A73, 0x0A6B, 0xA762, 
  0x4CCC, 0xECB3, 0x474A, 0xA95A, 0xA852, 0x875A, 0xC962, 0x0973, 0xD5FD, 0xABA3, 0xE862, 0x8B8B, 0x6752, 0xE95A, 0xCB83, 0x286B, 
  0x2CC4, 0xAFDC, 0xC862, 0x0A6B, 0x8852, 0x096B, 0x0963, 0x8BB3, 0x8EEC, 0x0873, 0xE862, 0x0863, 0x2973, 0x2A6B, 0xA872, 0x52ED, 
  0x2DDC, 0x4FDC, 0x94F5, 0x6CEB, 0xEBFA, 0x0BFB, 0x2BFB, 0x2BFB, 0x2BFB, 0x2BFB, 0x2BFB, 0x2BFB, 0x0BFB, 0xACF3, 0xEBAB, 0xE962, 
  0xE872, 0x8DD4, 0x2883, 0x4A73, 0xC962, 0xA95A, 0xA85A, 0x274A, 0xA95A, 0xA85A, 0x4973, 0x2C8C, 0x6973, 0xC85A, 0xA85A, 0xC95A, 
  0x0963, 0xA752, 0x8852, 0xC962, 0x6752, 0x8952, 0x484A, 0xA852, 0x2A6B, 0x096B, 0x2A6B, 0xA852, 0x8852, 0x885A, 0xA85A, 0xE962, 
  0xC85A, 0xA95A, 0x6A73, 0x496B, 0x296B, 0xAA7B, 0x0A6B, 0xA95A, 0xA85A, 0xE962, 0xC95A, 0xE962, 0x2A6B, 0xA85A, 0x0963, 0xE85A, 
  0x464A, 0x0963, 0xA95A, 0x4852, 0xA95A, 0xEA6A, 0xE95A, 0xE962, 0x8952, 0x6752, 0x4CC4, 0x8DFB, 0x0EFC, 0x2EFD, 0x0A83, 0x4752, 
  0xADDC, 0x30FD, 0x0DF4, 0x2BF3, 0xFCFE, 0xFFFF, 0x91F4, 0xEAFA, 0x0AFB, 0x0EEC, 0xFBFE, 0x8AF4, 0x82FF, 0xE0FF, 0xC1FF, 0xC1FF, 
  0xC1FF, 0xC1FF, 0xC1FF, 0xC1FF, 0xC1FF, 0xC1FF, 0xC1FF, 0xC1FF, 0xC1FF, 0xC1FF, 0xC1FF, 0xC1FF, 0xC1FF, 0xC1FF, 0xC1FF, 0xC1FF, 
  0xC1FF, 0xC1FF, 0xC1FF, 0xC1FF, 0xC1FF, 0xC1FF, 0xC1FF, 0xC1FF, 0xC1FF, 0xC1FF, 0xC1FF, 0xC1FF, 0xC0FF, 0xC0FF, 0xC0FF, 0xC1FF, 
  0x04FF, 0xE0FF, 0xC0FF, 0xC0FF, 0xC0FF, 0xC1FF, 0xC1FF, 0xC1FF, 0xC1FF, 0xC1FF, 0xC1FF, 0xC1FF, 0xC1FF, 0xC1FF, 0xC1FF, 0xC1FF, 
  0xC1FF, 0xC1FF, 0xC1FF, 0xC1FF, 0xC1FF, 0xC1FF, 0xC1FF, 0xE1FF, 0xC6FE, 0xF4F5, 0xFFFF, 0x16EE, 0xC782, 0xA772, 0x6CD4, 0x0FFD, 
  0xAEF4, 0xEEFC, 0xEEFC, 0x0FFD, 0xAAA3, 0xE95A, 0xC962, 0xAB7B, 0xE962, 0xE85A, 0xE962, 0x6A73, 0x296B, 0xC862, 0x8A7B, 0x2973, 
  0xE96A, 0x096B, 0xC862, 0x4A73, 0x4A73, 0x4973, 0x096B, 0xA85A, 0x0A63, 0xE962, 0xE862, 0x286B, 0x0963, 0x8852, 0xE962, 0xC962, 
  0x0A63, 0x484A, 0x8952, 0xA85A, 0xADDC, 0x0BCC, 0x6B9B, 0x1AFF, 0x51F5, 0xCDE4, 0x4983, 0x0A6B, 0xC85A, 0xE962, 0x0963, 0x8762, 
  0xEEE4, 0x2A8B, 0xA852, 0xC862, 0xEA62, 0x685A, 0xA852, 0xCCAB, 0xF6F5, 0xC88A, 0xABA3, 0xE87A, 0xE862, 0x0A6B, 0x484A, 0x6752, 
  0x6ED4, 0xCBB3, 0xE862, 0x2A6B, 0xA85A, 0xC95A, 0x096B, 0x2DD4, 0x2CD4, 0x8762, 0x0A6B, 0xA95A, 0x096B, 0xE962, 0x485A, 0x8BB3, 
  0x2EEC, 0xCACB, 0x2FF4, 0x6DFB, 0x0BFB, 0x2BFB, 0x2BFB, 0x0BFB, 0x2BFB, 0x2BFB, 0x0BFB, 0x0BFB, 0x0BFB, 0x2BFB, 0x2CDC, 0x296B, 
  0x096B, 0xAA9B, 0x6A8B, 0x885A, 0x8852, 0xC85A, 0xE962, 0xC95A, 0x4852, 0x484A, 0xC862, 0xAA83, 0x6973, 0xA85A, 0xE962, 0x0A6B, 
  0xA85A, 0xE962, 0x296B, 0xC85A, 0xA95A, 0xE962, 0x6852, 0x474A, 0xA85A, 0x0963, 0x885A, 0x474A, 0x284A, 0x6852, 0xC962, 0x6852, 
  0x8952, 0x0742, 0x895A, 0xC962, 0xC862, 0xCA7B, 0xAA7B, 0xA85A, 0x4B6B, 0xC85A, 0x6852, 0x8852, 0xA85A, 0xC95A, 0xC862, 0xE96A, 
  0x2A6B, 0x096B, 0x474A, 0x274A, 0xE85A, 0x4A73, 0xC862, 0x6A73, 0x2A6B, 0xE962, 0xAA93, 0x0DF4, 0xACF3, 0x70FD, 0xCBB3, 0x6652, 
  0xCCAB, 0x70FD, 0x4EFC, 0xCAF2, 0xF7F5, 0xFFFF, 0x18F6, 0xEBF2, 0x2CFB, 0x0BF3, 0x39FE, 0xADE4, 0x03FF, 0xE0FF, 0xC1FF, 0xC1FF, 
  0xC1FF, 0xC1FF, 0xC1FF, 0xC1FF, 0xC1FF, 0xC1FF, 0xC1FF, 0xC1FF, 0xC1FF, 0xC1FF, 0xC1FF, 0xC1FF, 0xC1FF, 0xC1FF, 0xC1FF, 0xC1FF, 
  0xC1FF, 0xC1FF, 0xC1FF, 0xC1FF, 0xC1FF, 0xC1FF, 0xC1FF, 0xC1FF, 0xC1FF, 0xC1FF, 0xC1FF, 0xC1FF, 0xC0FF, 0xC0FF, 0xC0FF, 0xC1FF, 
  0x04FF, 0xE0FF, 0xC0FF, 0xC0FF, 0xC0FF, 0xC1FF, 0xC1FF, 0xC1FF, 0xC1FF, 0xC1FF, 0xC1FF, 0xC1FF, 0xC1FF, 0xC1FF, 0xC1FF, 0xC1FF, 
  0xC1FF, 0xC0FF, 0xE1FF, 0xC1FF, 0xC0FF, 0xC1FF, 0xC0FF, 0xC3FF, 0x6BED, 0x1CFF, 0xBDFF, 0x6FDC, 0xEBBB, 0xAEE4, 0x0FFD, 0xCEFC, 
  0xEFFC, 0xEEFC, 0x0EFD, 0x2FFD, 0xE872, 0x064A, 0x296B, 0x2963, 0x885A, 0x0963, 0xA95A, 0x6852, 0x885A, 0x286B, 0x0B8C, 0x6973, 
  0x8A7B, 0x8A7B, 0xA75A, 0x2A6B, 0x0863, 0x4973, 0x6973, 0xA862, 0x8852, 0x4752, 0x6B73, 0xC862, 0x4A73, 0xC85A, 0x885A, 0xA962, 
  0x0963, 0x284A, 0x284A, 0xE87A, 0x0EED, 0x69B3, 0x57EE, 0xF4F5, 0xEEF4, 0x0883, 0x674A, 0xE962, 0xC85A, 0xA95A, 0xC95A, 0x4883, 
  0xCFEC, 0x8862, 0xA852, 0xA95A, 0xA95A, 0xC962, 0xA85A, 0x6FCC, 0x11ED, 0xCAC3, 0x30FD, 0x698B, 0xE75A, 0xC962, 0x494A, 0xA762, 
  0xCEDC, 0x6A9B, 0xE862, 0xC85A, 0x4852, 0xE95A, 0xE86A, 0xADEC, 0xABAB, 0x296B, 0x6B83, 0x8852, 0x0963, 0x296B, 0xC862, 0x298B, 
  0x0DEC, 0xABCB, 0xEDE3, 0x2BFB, 0x2BFB, 0x2CFB, 0x0CFB, 0x2BFB, 0x0BFB, 0x2BFB, 0x2BFB, 0x0BFB, 0x0BFB, 0x2DFC, 0xEFFC, 0xC86A, 
  0x0963, 0xE86A, 0x697B, 0x6973, 0xC85A, 0x2A6B, 0x496B, 0x496B, 0x0842, 0xC95A, 0x885A, 0xEA62, 0xA75A, 0xA85A, 0xA95A, 0x885A, 
  0xA95A, 0x2A6B, 0x096B, 0xA85A, 0xE962, 0x8752, 0x674A, 0xCA5A, 0x8852, 0xA95A, 0x6852, 0xA852, 0x484A, 0x6852, 0x6852, 0x0842, 
  0x294A, 0xE741, 0x4752, 0x096B, 0x086B, 0x2873, 0xCA83, 0x296B, 0xC85A, 0x0963, 0xE862, 0xC85A, 0x2A6B, 0x6852, 0x4852, 0x895A, 
  0xE962, 0xC95A, 0xA85A, 0x0A6B, 0xE862, 0xC962, 0xA862, 0x2973, 0x296B, 0xA85A, 0x875A, 0x6DE4, 0x8BFB, 0xCFFC, 0xEEEC, 0x876A, 
  0x2983, 0x30FD, 0x8FFC, 0xEAF2, 0x91F4, 0xFFFF, 0x9DFF, 0xADF3, 0x0BFB, 0xCBFA, 0xD3F4, 0x12E5, 0x04F6, 0xE1FF, 0xC0FF, 0xE0FF, 
  0xC1FF, 0xC0FF, 0xC0FF, 0xC1FF, 0xC1FF, 0xC1FF, 0xC1FF, 0xC1FF, 0xC1FF, 0xC1FF, 0xC1FF, 0xC1FF, 0xC1FF, 0xC1FF, 0xC1FF, 0xC1FF, 
  0xC1FF, 0xC1FF, 0xC1FF, 0xC1FF, 0xC1FF, 0xC1FF, 0xC1FF, 0xC1FF, 0xC1FF, 0xC1FF, 0xC1FF, 0xC1FF, 0xC0FF, 0xC0FF, 0xC0FF, 0xC1FF, 
  0x04FF, 0xE0FF, 0xC0FF, 0xC0FF, 0xC0FF, 0xC1FF, 0xC1FF, 0xC1FF, 0xC1FF, 0xC1FF, 0xC1FF, 0xC1FF, 0xC1FF, 0xC1FF, 0xC1FF, 0xC1FF, 
  0xC1FF, 0xC1FF, 0xC1FF, 0xC0FF, 0xC0FF, 0xC1FF, 0xE1FF, 0x85F6, 0x10E5, 0xFFFF, 0x37F6, 0xAAB3, 0xADEC, 0xEFFC, 0xEEFC, 0xEEFC, 
  0xEEFC, 0x0FFD, 0xEEFC, 0xEEF4, 0x097B, 0xC962, 0x096B, 0x496B, 0x0963, 0x0963, 0xE862, 0x2A6B, 0x296B, 0x885A, 0x6A7B, 0xAA7B, 
  0xE862, 0xE862, 0xC862, 0x2A73, 0xC862, 0x096B, 0xAB83, 0xE862, 0x0963, 0x2A6B, 0x0963, 0xE862, 0xA85A, 0xA852, 0x0A63, 0x096B, 
  0x2863, 0x684A, 0x2742, 0x2BBC, 0xEEF4, 0x32E5, 0x57F6, 0x10FD, 0xECAB, 0x6852, 0x0B63, 0xC862, 0xA85A, 0xE962, 0x885A, 0x2CC4, 
  0x8DD4, 0xA852, 0x6952, 0xE962, 0x0A73, 0xA952, 0x675A, 0x2FE4, 0x6DFC, 0x0EF5, 0xF0F4, 0x8A8B, 0xA852, 0xC96A, 0x6A7B, 0xAA9B, 
  0xAED4, 0x875A, 0x296B, 0x6973, 0xA95A, 0x0963, 0x8A93, 0x0FFD, 0x4993, 0x486B, 0x4973, 0xA952, 0x096B, 0xCA8B, 0x2963, 0x8852, 
  0x6AAB, 0x0CE4, 0xAABB, 0x0DFC, 0xE9FA, 0x2AFB, 0x0BFB, 0x0CFB, 0x0BFB, 0x2BFB, 0x2BFB, 0x0CFB, 0x2BF3, 0xAEFC, 0x2FFD, 0x0A83, 
  0x8852, 0xC962, 0x4A73, 0x296B, 0x0A63, 0xA85A, 0x8852, 0xA95A, 0x895A, 0x4752, 0xA85A, 0xA85A, 0xC962, 0x6852, 0x8852, 0xE962, 
  0x4973, 0x4973, 0xE862, 0xE962, 0xA85A, 0xEA62, 0x8852, 0x8852, 0x8852, 0x6852, 0xC95A, 0xE962, 0x0963, 0xC962, 0xA95A, 0xC95A, 
  0xA852, 0xA85A, 0xC95A, 0x2A6B, 0xE962, 0x2A6B, 0x4752, 0xE741, 0x8852, 0xC85A, 0x2A6B, 0xE862, 0x2A6B, 0xA85A, 0xE962, 0x474A, 
  0x0742, 0x6852, 0xC962, 0x6A73, 0x296B, 0x2A6B, 0x2A73, 0x6A73, 0x286B, 0xE862, 0x096B, 0x4CBC, 0xCDFB, 0x2DF4, 0x50FD, 0x8B9B, 
  0xE762, 0xCEE4, 0xAFFC, 0x0BFB, 0x6DF3, 0x7DFF, 0xFFFF, 0xF2F4, 0xEAF2, 0x0BFB, 0xAEFB, 0x50F4, 0x46F5, 0xE1FF, 0xC0FF, 0xE0FF, 
  0xC1FF, 0xC0FF, 0xC0FF, 0xC1FF, 0xC1FF, 0xC1FF, 0xC1FF, 0xC1FF, 0xC1FF, 0xC1FF, 0xC1FF, 0xC1FF, 0xC1FF, 0xC1FF, 0xC1FF, 0xC1FF, 
  0xC1FF, 0xC1FF, 0xC1FF, 0xC1FF, 0xC1FF, 0xC1FF, 0xC1FF, 0xC1FF, 0xC1FF, 0xC1FF, 0xC1FF, 0xC1FF, 0xC0FF, 0xC0FF, 0xC0FF, 0xC1FF, 
  0x04FF, 0xE0FF, 0xC0FF, 0xC0FF, 0xC0FF, 0xC1FF, 0xC1FF, 0xC1FF, 0xC1FF, 0xC1FF, 0xC1FF, 0xC1FF, 0xC1FF, 0xC1FF, 0xC1FF, 0xC1FF, 
  0xC1FF, 0xC1FF, 0xC1FF, 0xC1FF, 0xE0FF, 0xC0FF, 0xA4FF, 0xC9DC, 0x99F6, 0xFFFF, 0x6ECC, 0xA9BB, 0x30FD, 0x0EFD, 0x0EFD, 0x0FFD, 
  0xEFFC, 0x0FFD, 0x0FFD, 0xADF4, 0xEB9B, 0x6A73, 0xE86A, 0x2973, 0x0A63, 0x8852, 0xE86A, 0x4973, 0x496B, 0x0863, 0x296B, 0x885A, 
  0x0A6B, 0xA85A, 0xE962, 0xE962, 0xE962, 0xA85A, 0xC862, 0xAC7B, 0x0963, 0x8A73, 0x4973, 0x6973, 0xA862, 0x6852, 0xA95A, 0xE862, 
  0x674A, 0xE741, 0x0A7B, 0x2FFD, 0x10FD, 0x37F6, 0x10F5, 0xCFEC, 0x6762, 0xA95A, 0xC95A, 0x095B, 0x8852, 0xA752, 0x097B, 0x8FD4, 
  0x698B, 0x885A, 0x685A, 0x0963, 0x2A73, 0x6742, 0x299B, 0xCDFB, 0xCEFC, 0xEEFC, 0xEEF4, 0xE78A, 0x4852, 0xC862, 0xA98B, 0xECAB, 
  0x097B, 0xA95A, 0xCA5A, 0xE95A, 0x8852, 0x864A, 0x2BBC, 0xCFEC, 0x4762, 0x086B, 0x4A73, 0x296B, 0xE862, 0x096B, 0xA96A, 0x8952, 
  0x097B, 0x6DEC, 0xEBBB, 0x4DD4, 0xEDFB, 0x2AFB, 0x4BFB, 0x2CFB, 0x2CFB, 0x4BFB, 0x4BFB, 0x4BFB, 0x4DF4, 0xEFFC, 0x0FFD, 0x2A83, 
  0xE962, 0x296B, 0xC85A, 0x8852, 0xC95A, 0xA85A, 0x0A6B, 0xE862, 0xA97B, 0x296B, 0x296B, 0xAA7B, 0x2A6B, 0xC962, 0x8852, 0x0863, 
  0xCB7B, 0xC75A, 0xC962, 0xEA62, 0x885A, 0xE962, 0x6852, 0x484A, 0x6852, 0x474A, 0xC95A, 0xC95A, 0x2A6B, 0xE962, 0xE862, 0x296B, 
  0x296B, 0xE962, 0xC95A, 0x8752, 0x6852, 0x6852, 0x484A, 0x294A, 0x6852, 0xA85A, 0xEA62, 0x8852, 0x8852, 0x0963, 0x2A6B, 0xE962, 
  0x096B, 0x096B, 0x875A, 0xE962, 0xA95A, 0x6852, 0x885A, 0x2A6B, 0x096B, 0xA85A, 0x2A6B, 0x4983, 0x4EF4, 0xCBF3, 0x30FD, 0xAEDC, 
  0xE762, 0x2BC4, 0xEFFC, 0x6BF3, 0xEBF2, 0x58F6, 0xFFFF, 0x99F6, 0x0BF3, 0x2BFB, 0x0CFB, 0xEBFA, 0x88F4, 0xC2FF, 0xC1FF, 0xE1FF, 
  0xC0FF, 0xC0FF, 0xC1FF, 0xC1FF, 0xC1FF, 0xC1FF, 0xC1FF, 0xC1FF, 0xC1FF, 0xC1FF, 0xC1FF, 0xC1FF, 0xC1FF, 0xC1FF, 0xC1FF, 0xC1FF, 
  0xC1FF, 0xC1FF, 0xC1FF, 0xC1FF, 0xC1FF, 0xC1FF, 0xC1FF, 0xC1FF, 0xC1FF, 0xC1FF, 0xC1FF, 0xC1FF, 0xC0FF, 0xC0FF, 0xC0FF, 0xC1FF, 
  0x04FF, 0xE0FF, 0xC0FF, 0xC0FF, 0xC0FF, 0xC1FF, 0xC1FF, 0xC1FF, 0xC1FF, 0xC1FF, 0xC1FF, 0xC1FF, 0xC1FF, 0xC1FF, 0xC1FF, 0xC1FF, 
  0xC1FF, 0xC1FF, 0xC0FF, 0xC1FF, 0xE0FF, 0xE0FF, 0x66FE, 0xEFE4, 0xFFFF, 0x99F6, 0x69BB, 0xCEF4, 0x10FD, 0x0EFD, 0xEEFC, 0xEEFC, 
  0xEFFC, 0xEEFC, 0xEEFC, 0xCEF4, 0x0983, 0x0A5B, 0x885A, 0x8862, 0xC95A, 0x496B, 0xAA83, 0x4A73, 0xEA62, 0x296B, 0x296B, 0x6A73, 
  0xE962, 0x2A6B, 0x6A73, 0x296B, 0x6A73, 0x875A, 0x6752, 0x8852, 0xA85A, 0x0863, 0x086B, 0x6A73, 0x296B, 0xA952, 0x2742, 0x6752, 
  0xA972, 0x4B9B, 0xCFEC, 0x0FFD, 0x73F5, 0x73F5, 0xEEFC, 0x4CCC, 0xA87A, 0x6A9B, 0x2993, 0xAB9B, 0x499B, 0x69A3, 0x4CC4, 0x0893, 
  0xA862, 0x0873, 0xE762, 0x685A, 0xA75A, 0x498B, 0xCDF3, 0x2DFC, 0xEFFC, 0xEEFC, 0x2FFD, 0x8EDC, 0xA872, 0x274A, 0x4973, 0xA86A, 
  0xC86A, 0xC85A, 0x474A, 0xA962, 0x0873, 0xCB9B, 0x0FE5, 0x4A93, 0x0742, 0x674A, 0xA952, 0x2A6B, 0x0963, 0xA952, 0xA75A, 0x496B, 
  0xA85A, 0xECB3, 0x10F5, 0x0793, 0x8FDC, 0xAFEC, 0xCEF4, 0xEFFC, 0xF0FC, 0xCFFC, 0xAEFC, 0xEEFC, 0x0EF5, 0x4FFD, 0x8DD4, 0x8862, 
  0xC95A, 0x095B, 0x0963, 0xA85A, 0xA75A, 0xE962, 0xCA62, 0x296B, 0x897B, 0xAA7B, 0x296B, 0x096B, 0x0863, 0xA85A, 0xA85A, 0xC95A, 
  0xC95A, 0xA95A, 0x4852, 0xC962, 0xE962, 0x296B, 0xC95A, 0x6852, 0xE962, 0xA95A, 0xA85A, 0x8852, 0xA95A, 0x6852, 0x875A, 0x8A73, 
  0x4A6B, 0xA85A, 0xE962, 0xA85A, 0x296B, 0x4A6B, 0xC85A, 0xA85A, 0xC85A, 0x096B, 0xE962, 0x6852, 0x6852, 0x474A, 0xA852, 0xC85A, 
  0x4973, 0xCB83, 0x4973, 0xE862, 0xE962, 0xE962, 0xC862, 0x0863, 0x6A73, 0x296B, 0x0963, 0x875A, 0x4DD4, 0xACFB, 0xCFFC, 0x0EF5, 
  0xAB93, 0x2BB4, 0x30FD, 0xACF3, 0xCAFA, 0xF3F4, 0xFFFF, 0x9EFF, 0xCEEB, 0x0BFB, 0x4CFB, 0xEBFA, 0xAAF3, 0x24FF, 0xC1FF, 0xC1FF, 
  0xC0FF, 0xC0FF, 0xC1FF, 0xC1FF, 0xC1FF, 0xC1FF, 0xC1FF, 0xC1FF, 0xC1FF, 0xC1FF, 0xC1FF, 0xC1FF, 0xC1FF, 0xC1FF, 0xC1FF, 0xC1FF, 
  0xC1FF, 0xC1FF, 0xC1FF, 0xC1FF, 0xC1FF, 0xC1FF, 0xC1FF, 0xC1FF, 0xC1FF, 0xC1FF, 0xC1FF, 0xC1FF, 0xC0FF, 0xC0FF, 0xC0FF, 0xC1FF, 
  0x04FF, 0xE0FF, 0xC0FF, 0xC0FF, 0xC0FF, 0xC1FF, 0xC1FF, 0xC1FF, 0xC1FF, 0xC1FF, 0xC1FF, 0xC1FF, 0xC1FF, 0xC1FF, 0xC1FF, 0xC1FF, 
  0xC1FF, 0xC0FF, 0xC0FF, 0xC0FF, 0xC1FF, 0xA4FF, 0x6AF5, 0x77F6, 0xDEFF, 0x6FD4, 0xEBCB, 0x4FFD, 0x0FFD, 0x0FFD, 0xEEFC, 0xEFFC, 
  0xEFFC, 0xEFFC, 0xEFFC, 0x0FFD, 0x6A93, 0xC852, 0xE95A, 0x0A6B, 0xA95A, 0xE862, 0xC862, 0x096B, 0x875A, 0xE962, 0xC862, 0x296B, 
  0xC862, 0xC85A, 0x296B, 0x096B, 0x296B, 0x6B73, 0xC962, 0x4752, 0xC95A, 0x0963, 0x296B, 0x296B, 0xE95A, 0x8852, 0xC87A, 0xECCB, 
  0x4EEC, 0xCCFB, 0x6DFC, 0xCFF4, 0x12F5, 0xCFF4, 0xEEFC, 0xAEEC, 0x50F5, 0x70FD, 0x50FD, 0x10FD, 0xCEFC, 0xCEF4, 0xADEC, 0xAEEC, 
  0x10F5, 0x0EF5, 0xCEE4, 0x6DDC, 0x6CDC, 0x4DF4, 0xCDF3, 0xEEFC, 0x0EFD, 0xCFFC, 0xAEFC, 0x0FFD, 0xCFE4, 0x6DCC, 0x0BB4, 0xE9AB, 
  0xEFE4, 0x8993, 0xC99B, 0x2AB4, 0x0CCC, 0x2CCC, 0x89AB, 0xC87A, 0xE872, 0x8983, 0x0973, 0x465A, 0x6762, 0x6862, 0x6A9B, 0x4CC4, 
  0xC97A, 0xC772, 0x30F5, 0xAAB3, 0xE772, 0x8A93, 0x489B, 0x28A3, 0xEAB3, 0xCEE4, 0x50FD, 0x2FFD, 0x30FD, 0x8EE4, 0x676A, 0xE841, 
  0x494A, 0x474A, 0xA95A, 0xC95A, 0xA95A, 0x6852, 0xC962, 0xC962, 0x0A63, 0x274A, 0x274A, 0xA85A, 0xE962, 0xC862, 0xC962, 0xA95A, 
  0xA85A, 0xC85A, 0xC95A, 0x074A, 0xA95A, 0x885A, 0x6852, 0x8852, 0x2A63, 0x6752, 0x2B6B, 0xC95A, 0x484A, 0x6852, 0xA95A, 0xE962, 
  0xC862, 0xA85A, 0x2A6B, 0x096B, 0x8A7B, 0x875A, 0x096B, 0xEB83, 0x6A73, 0x8A7B, 0x4A6B, 0x0A6B, 0xEA62, 0x6852, 0x8852, 0xA752, 
  0xA85A, 0x6B7B, 0x8A7B, 0x8A73, 0x096B, 0xA95A, 0x096B, 0xA85A, 0xA95A, 0x8752, 0xE962, 0xE95A, 0xCBAB, 0x0DFC, 0x2DFC, 0x50FD, 
  0xAAAB, 0x688B, 0x2FFD, 0xACFB, 0xCAFA, 0xEFF3, 0xBEFF, 0xFFFF, 0x13ED, 0xCAFA, 0xCDFB, 0x4BFB, 0x2BF3, 0x86FE, 0xE1FF, 0xC0FF, 
  0xC1FF, 0xC0FF, 0xC1FF, 0xC1FF, 0xC1FF, 0xC1FF, 0xC1FF, 0xC1FF, 0xC1FF, 0xC1FF, 0xC1FF, 0xC1FF, 0xC1FF, 0xC1FF, 0xC1FF, 0xC1FF, 
  0xC1FF, 0xC1FF, 0xC1FF, 0xC1FF, 0xC1FF, 0xC1FF, 0xC1FF, 0xC1FF, 0xC1FF, 0xC1FF, 0xC1FF, 0xC1FF, 0xC0FF, 0xC0FF, 0xC0FF, 0xC1FF, 
  0x04FF, 0xE0FF, 0xC0FF, 0xC0FF, 0xC0FF, 0xC1FF, 0xC1FF, 0xC1FF, 0xC1FF, 0xC1FF, 0xC1FF, 0xC1FF, 0xC1FF, 0xC1FF, 0xC1FF, 0xC1FF, 
  0xC1FF, 0xC0FF, 0xC1FF, 0xC0FF, 0xE2FF, 0x4AFE, 0x0FED, 0xDFFF, 0x58F6, 0x8AC3, 0xAFF4, 0x0EFD, 0x0FFD, 0xEFFC, 0xCEFC, 0xEFFC, 
  0xEEFC, 0xEFFC, 0xEFFC, 0x2FFD, 0x2CC4, 0xE76A, 0x4A6B, 0xE96A, 0x484A, 0xE962, 0xC962, 0x0A6B, 0x296B, 0x4A7B, 0xC862, 0x484A, 
  0xC962, 0xA85A, 0xE962, 0xC85A, 0xC962, 0xE862, 0xE862, 0x096B, 0xA85A, 0xE962, 0x0963, 0xE862, 0xC85A, 0x0983, 0x32E5, 0xB6FD, 
  0x0BF3, 0xEAF2, 0xEDFB, 0xECF3, 0x2DF4, 0xF0FC, 0x0FFD, 0x4FFD, 0xCEE4, 0x8CD4, 0x4DCC, 0x4DD4, 0xADE4, 0xCEEC, 0xEFF4, 0xEFF4, 
  0xEEFC, 0x0FFD, 0x11FD, 0x50FD, 0x2FFD, 0xCFFC, 0x0FFD, 0x70FD, 0x4FFD, 0x0FFD, 0x6EFC, 0x2DF4, 0x0DFC, 0x2DFC, 0x4EFC, 0x4DFC, 
  0x2DFC, 0x4DFC, 0x4EFC, 0x6EF4, 0xADEC, 0x4DE4, 0x4DEC, 0xAEFC, 0xAEFC, 0xAEF4, 0xAEEC, 0x8DE4, 0x6DDC, 0xCEEC, 0x0FFD, 0x50FD, 
  0x6CC4, 0x465A, 0xAEDC, 0x8DEC, 0x2EF4, 0xACFB, 0x2DEC, 0xF1D4, 0xACAB, 0xE782, 0x2CB4, 0x6DD4, 0xECB3, 0xC86A, 0xA85A, 0x895A, 
  0x6852, 0xC85A, 0xC962, 0xC85A, 0xE962, 0x486B, 0x496B, 0x484A, 0x8852, 0xA95A, 0xA95A, 0xE962, 0x6852, 0x6852, 0xCA62, 0xC85A, 
  0xA95A, 0xA95A, 0x2A6B, 0xC862, 0xC862, 0x2A6B, 0xA85A, 0xA85A, 0xE962, 0xA85A, 0x8852, 0x8852, 0xE95A, 0xA852, 0x4A6B, 0xC962, 
  0xC85A, 0x296B, 0xA75A, 0xE862, 0xE962, 0x8752, 0xE962, 0xC962, 0x2973, 0x4973, 0x6973, 0x496B, 0xA85A, 0xC95A, 0xA95A, 0xA85A, 
  0xC962, 0x264A, 0x296B, 0xCA83, 0xE862, 0xE962, 0x2A6B, 0x274A, 0x484A, 0xA85A, 0xE95A, 0xA85A, 0x0983, 0x4EFC, 0xACF3, 0x10FD, 
  0xAEDC, 0x2883, 0xADDC, 0x0EFC, 0xEBFA, 0x4CF3, 0xFBF6, 0xFFFF, 0x58FE, 0xCBF2, 0x0DF4, 0x0DFC, 0xCBFA, 0xC8F5, 0xE1FF, 0xC0FF, 
  0xC1FF, 0xC0FF, 0xC1FF, 0xC1FF, 0xC1FF, 0xC1FF, 0xC1FF, 0xC1FF, 0xC1FF, 0xC1FF, 0xC1FF, 0xC1FF, 0xC1FF, 0xC1FF, 0xC1FF, 0xC1FF, 
  0xC1FF, 0xC1FF, 0xC1FF, 0xC1FF, 0xC1FF, 0xC1FF, 0xC1FF, 0xC1FF, 0xC1FF, 0xC1FF, 0xC1FF, 0xC1FF, 0xC0FF, 0xC0FF, 0xC0FF, 0xC1FF, 
  0x04FF, 0xE0FF, 0xC0FF, 0xC0FF, 0xC0FF, 0xC1FF, 0xC1FF, 0xC1FF, 0xC1FF, 0xC1FF, 0xC1FF, 0xC1FF, 0xC1FF, 0xC1FF, 0xC1FF, 0xC1FF, 
  0xC1FF, 0xC1FF, 0xC1FF, 0xC0FF, 0x85FF, 0xCDF4, 0x37F6, 0xDEFF, 0x8EDC, 0x6CE4, 0xEFFC, 0xCEFC, 0xEEFC, 0xEFFC, 0xAEFC, 0xCEFC, 
  0xEFFC, 0xEFFC, 0xEFFC, 0xEFFC, 0xEFF4, 0x0883, 0x0863, 0x0A6B, 0x0963, 0x6A73, 0xE862, 0xC95A, 0xC95A, 0xA85A, 0x4973, 0x0A6B, 
  0x0963, 0x2A73, 0x296B, 0x4A6B, 0x4A73, 0x2973, 0x8A7B, 0xEA83, 0xCB83, 0xC862, 0xA862, 0x6A73, 0x0973, 0x0DC4, 0x7EFF, 0x95ED, 
  0xCAF2, 0x2CFB, 0x2BFB, 0x0AF3, 0x4DFC, 0x0FFD, 0x10F5, 0x4993, 0x465A, 0xC862, 0x875A, 0x0873, 0x087B, 0x2983, 0x8A83, 0xE972, 
  0x4983, 0x498B, 0x2A8B, 0xAA9B, 0xAA9B, 0x8BA3, 0x6A9B, 0x8AA3, 0xABA3, 0xABA3, 0x0CBC, 0x0DCC, 0x2CD4, 0xEBDB, 0xCCE3, 0xCCEB, 
  0x0CEC, 0x0CF4, 0xEDF3, 0xEEF3, 0x0CF4, 0x2DFC, 0x0DFC, 0x0DF4, 0x2DFC, 0x6EFC, 0xEFFC, 0x50FD, 0x70FD, 0x50FD, 0x0EFD, 0x30F5, 
  0xAAA3, 0x088B, 0xCEEC, 0x2DF4, 0x6CFB, 0xEBFA, 0x4CF3, 0xD1F4, 0x58FE, 0x4EC4, 0xC762, 0xA762, 0x674A, 0xE862, 0xE962, 0x296B, 
  0xC862, 0x6973, 0xEC83, 0x875A, 0x897B, 0x296B, 0x885A, 0x284A, 0x8852, 0xC85A, 0xC95A, 0xC85A, 0xA85A, 0x4852, 0x895A, 0x474A, 
  0x4852, 0xA85A, 0xC962, 0x296B, 0x4A6B, 0xE95A, 0xE95A, 0xC95A, 0xA75A, 0x8A7B, 0xE962, 0x6852, 0xC95A, 0xA85A, 0x8852, 0x8952, 
  0x474A, 0x6973, 0x4973, 0xC75A, 0x8A73, 0xC962, 0xA95A, 0xA85A, 0xA95A, 0x4852, 0xE962, 0x296B, 0x296B, 0x484A, 0x484A, 0x895A, 
  0xE962, 0xE962, 0x885A, 0x885A, 0x6952, 0x8852, 0x6752, 0xCB8B, 0xC96A, 0x8852, 0xE85A, 0xA95A, 0xC86A, 0x8EE4, 0x8CFB, 0xAEFC, 
  0x0EFD, 0x699B, 0x6DCC, 0x8EFC, 0x0BFB, 0xCBFA, 0x17F6, 0xFFFF, 0x3CFF, 0x4CF3, 0xABFB, 0x8FFC, 0xCAF2, 0xE9F4, 0xE2FF, 0xC0FF, 
  0xC1FF, 0xC1FF, 0xC0FF, 0xC1FF, 0xC1FF, 0xC1FF, 0xC1FF, 0xC1FF, 0xC1FF, 0xC1FF, 0xC1FF, 0xC1FF, 0xC1FF, 0xC1FF, 0xC1FF, 0xC1FF, 
  0xC1FF, 0xC1FF, 0xC1FF, 0xC1FF, 0xC1FF, 0xC1FF, 0xC1FF, 0xC1FF, 0xC1FF, 0xC1FF, 0xC1FF, 0xC1FF, 0xC0FF, 0xC0FF, 0xC0FF, 0xC1FF, 
  0x04FF, 0xE0FF, 0xC0FF, 0xC0FF, 0xC0FF, 0xC1FF, 0xC1FF, 0xC1FF, 0xC1FF, 0xC1FF, 0xC1FF, 0xC1FF, 0xC1FF, 0xC1FF, 0xC1FF, 0xC1FF, 
  0xC1FF, 0xC0FF, 0xA0FF, 0xE2FF, 0x49F6, 0x6FF4, 0xBEFF, 0x16F6, 0xCAD3, 0x0FFD, 0xCEFC, 0xCFFC, 0xEFFC, 0xEFFC, 0xCEFC, 0xCEFC, 
  0xEFFC, 0xEEFC, 0xEFFC, 0xCEFC, 0x0FFD, 0x8EE4, 0x288B, 0x2963, 0x296B, 0xE96A, 0xEA6A, 0xC962, 0x474A, 0x0A6B, 0x296B, 0x296B, 
  0x296B, 0x096B, 0x875A, 0xE862, 0x096B, 0x296B, 0x4973, 0x086B, 0x2973, 0x086B, 0xC762, 0xE862, 0xA762, 0x8ECC, 0xFFFF, 0xBAFE, 
  0xECF2, 0xEBFA, 0xEBFA, 0xCCF3, 0x10FD, 0x30FD, 0x2DB4, 0x274A, 0xC95A, 0xC95A, 0x296B, 0x296B, 0xAB7B, 0x2963, 0x0963, 0xA85A, 
  0xC85A, 0xA852, 0x6952, 0x474A, 0xA85A, 0x0742, 0x6752, 0xE862, 0xC862, 0x875A, 0xA97B, 0x2873, 0x6752, 0x6852, 0x885A, 0xC862, 
  0x4973, 0x0973, 0xC972, 0x2983, 0x8B9B, 0x8B9B, 0xECA3, 0x8A9B, 0x6A9B, 0xCBAB, 0xCBAB, 0xECAB, 0x4A9B, 0x2A9B, 0x8AA3, 0xC77A, 
  0xC882, 0x4CDC, 0xEEFC, 0xCFFC, 0xACF3, 0x0BFB, 0x0BFB, 0xABF2, 0x51F4, 0x58F6, 0x498B, 0xE962, 0x096B, 0x4B73, 0x0A6B, 0x0963, 
  0xC95A, 0x6852, 0x4852, 0xA95A, 0x4973, 0x885A, 0xC741, 0x694A, 0x6852, 0x6852, 0xA95A, 0xC95A, 0xE962, 0xE962, 0xA95A, 0xA95A, 
  0xE862, 0x6A7B, 0xE962, 0xE862, 0x496B, 0x2863, 0x2973, 0x6A7B, 0x086B, 0x0963, 0xE962, 0x8852, 0x6852, 0xA95A, 0x6852, 0x684A, 
  0x8852, 0x296B, 0xC862, 0xA85A, 0xC862, 0xE962, 0x885A, 0xC95A, 0x0963, 0x6752, 0xA85A, 0x096B, 0x6A73, 0xA852, 0xC85A, 0xC85A, 
  0x296B, 0xC862, 0x8852, 0xE962, 0x0963, 0xE85A, 0x6973, 0xADAC, 0x2B7B, 0x8752, 0xA85A, 0xEA62, 0x8852, 0xCBAB, 0xCDFB, 0x0DF4, 
  0x4FFD, 0x2CCC, 0xCBB3, 0xEEFC, 0x4CFB, 0xEBFA, 0x13F5, 0xFFFF, 0xDFFF, 0x2FF4, 0xEAFA, 0xAFFC, 0x4BF3, 0x6AF4, 0xC3FF, 0xC0FF, 
  0xE0FF, 0xC1FF, 0xC0FF, 0xC1FF, 0xC1FF, 0xC1FF, 0xC1FF, 0xC1FF, 0xC1FF, 0xC1FF, 0xC1FF, 0xC1FF, 0xC1FF, 0xC1FF, 0xC1FF, 0xC1FF, 
  0xC1FF, 0xC1FF, 0xC1FF, 0xC1FF, 0xC1FF, 0xC1FF, 0xC1FF, 0xC1FF, 0xC1FF, 0xC1FF, 0xC1FF, 0xC1FF, 0xC0FF, 0xC0FF, 0xC0FF, 0xC1FF, 
  0x04FF, 0xE0FF, 0xC0FF, 0xC0FF, 0xC0FF, 0xC1FF, 0xC1FF, 0xC1FF, 0xC1FF, 0xC1FF, 0xC1FF, 0xC1FF, 0xC1FF, 0xC1FF, 0xC1FF, 0xC1FF, 
  0xC1FF, 0xC1FF, 0xE0FF, 0x46FF, 0xCBF4, 0xB4F5, 0x9EFF, 0x4EDC, 0x6DEC, 0x0FFD, 0xCEFC, 0xEFFC, 0xEEFC, 0xEEFC, 0xEFFC, 0x0FFD, 
  0x0FFD, 0x0FFD, 0xEFFC, 0xAEFC, 0xCEFC, 0x0FFD, 0xF0FC, 0x0CC4, 0xA662, 0xC752, 0xE862, 0x296B, 0x4A6B, 0xAB7B, 0xE86A, 0x0863, 
  0x496B, 0x296B, 0xA85A, 0xA85A, 0x8752, 0xE862, 0x0A6B, 0xA862, 0x6A73, 0x4A73, 0xAB7B, 0x496B, 0x697B, 0xEBB3, 0xDAFE, 0xFFFF, 
  0xD6F5, 0xEEFB, 0x6CFB, 0x8EEC, 0xECBB, 0x088B, 0xC77A, 0xC87A, 0x4A93, 0x298B, 0x8772, 0xE87A, 0xA772, 0x0562, 0x666A, 0x866A, 
  0x097B, 0xA86A, 0x475A, 0x465A, 0x8762, 0xC649, 0x675A, 0x697B, 0x086B, 0xA75A, 0x897B, 0xE862, 0x4752, 0x484A, 0x0642, 0x674A, 
  0xA85A, 0xE641, 0x264A, 0xA85A, 0xA752, 0x264A, 0x8752, 0x6973, 0x8752, 0x6752, 0xE962, 0x6752, 0x064A, 0x4742, 0x498B, 0xCEE4, 
  0x0FFD, 0xEEFC, 0xEDFC, 0x0FFD, 0xADF3, 0x0BFB, 0x6CFB, 0x2BFB, 0x0FF4, 0x99F6, 0x899B, 0xE962, 0x0A6B, 0x8752, 0x484A, 0x885A, 
  0x0963, 0x4752, 0x6852, 0x4952, 0x4752, 0xE962, 0x8852, 0x8852, 0xC95A, 0x484A, 0x4852, 0x8852, 0xE962, 0x2A6B, 0xC85A, 0xA85A, 
  0x6973, 0x4A7B, 0xC962, 0x274A, 0x6752, 0x6973, 0x6983, 0x4C9C, 0x875A, 0xAA5A, 0x6A73, 0x296B, 0xA95A, 0x8852, 0xE95A, 0x8852, 
  0xC962, 0xC862, 0xC962, 0xC962, 0x4973, 0x496B, 0x6A73, 0xE862, 0x296B, 0xCA83, 0x8A7B, 0xC962, 0xC962, 0x496B, 0x496B, 0xCA83, 
  0x6A73, 0x4973, 0x8752, 0x885A, 0x0963, 0xC962, 0x096B, 0x296B, 0xA962, 0x2A6B, 0xA95A, 0x8952, 0x674A, 0x297B, 0x2FF4, 0xACF3, 
  0x0FFD, 0x8EEC, 0x49A3, 0x0FFD, 0xADFB, 0xEAFA, 0x10F4, 0xDFFF, 0xFFFF, 0x34FD, 0xAAFA, 0x8EFC, 0xEDFB, 0xA9F3, 0x83FF, 0xE0FF, 
  0xC1FF, 0xC0FF, 0xE0FF, 0xC1FF, 0xC1FF, 0xC1FF, 0xC1FF, 0xC1FF, 0xC1FF, 0xC1FF, 0xC1FF, 0xC1FF, 0xC1FF, 0xC1FF, 0xC1FF, 0xC1FF, 
  0xC1FF, 0xC1FF, 0xC1FF, 0xC1FF, 0xC1FF, 0xC1FF, 0xC1FF, 0xC1FF, 0xC1FF, 0xC1FF, 0xC1FF, 0xC1FF, 0xC0FF, 0xC0FF, 0xC0FF, 0xC1FF, 
  0x04FF, 0xE0FF, 0xC0FF, 0xC0FF, 0xC0FF, 0xC1FF, 0xC1FF, 0xC1FF, 0xC1FF, 0xC1FF, 0xC1FF, 0xC1FF, 0xC1FF, 0xC1FF, 0xC1FF, 0xC1FF, 
  0xC1FF, 0xC0FF, 0xE2FF, 0xA9FD, 0xCDF3, 0x19F7, 0x38F6, 0xCBDB, 0xEFFC, 0xEFFC, 0xEFFC, 0xCEFC, 0xEEFC, 0xEEFC, 0xEEFC, 0xEFFC, 
  0xEFFC, 0x0FFD, 0x0FFD, 0xCEFC, 0xEFFC, 0x0FFD, 0x0EFD, 0x0FFD, 0x8EEC, 0xABAB, 0x6983, 0x497B, 0xE862, 0x086B, 0x6A73, 0x2A6B, 
  0x2A63, 0x8A7B, 0x4973, 0x8852, 0xA85A, 0xEB8B, 0x6A7B, 0x4A73, 0x4973, 0xC862, 0x4A73, 0x4973, 0xAB7B, 0x087B, 0x0DC4, 0x75ED, 
  0x93ED, 0x2EE4, 0xCBC3, 0xAABB, 0x0CCC, 0x2DDC, 0xCDEB, 0x6FEC, 0x15F6, 0x58F6, 0x57EE, 0x98F6, 0x98F6, 0xBAF6, 0xDAF6, 0xB9F6, 
  0xB9F6, 0x78E6, 0x78DE, 0x78E6, 0x16DE, 0xB5D5, 0xB4D5, 0xB4D5, 0x33CD, 0x53CD, 0x12BD, 0xF1BC, 0xD0BC, 0xCFC4, 0x8FBC, 0xB0C4, 
  0x4FA4, 0x2EA4, 0x2EA4, 0x4EA4, 0xED9B, 0xAC93, 0x8B9B, 0x8A9B, 0xCC9B, 0x8B8B, 0x6A83, 0x2983, 0x0A7B, 0xEA72, 0xE97A, 0x8AA3, 
  0xECC3, 0x4CE4, 0xCDFC, 0xAEFC, 0xAEF4, 0x6DF4, 0x4DF4, 0x8FEC, 0x98FE, 0x32DD, 0x488B, 0x096B, 0xAA5A, 0x874A, 0xE639, 0xA95A, 
  0x8852, 0x885A, 0xA85A, 0xC862, 0xA85A, 0x4A73, 0x4A6B, 0xC85A, 0xC95A, 0x6852, 0x885A, 0xA85A, 0x096B, 0x096B, 0xA85A, 0xA95A, 
  0xA962, 0x695A, 0x6852, 0x484A, 0xC95A, 0x0A6B, 0x6752, 0x286B, 0x096B, 0x895A, 0x8A7B, 0x496B, 0xA95A, 0x4752, 0x8752, 0xE962, 
  0x6852, 0xEA62, 0x8852, 0xC85A, 0xE862, 0x8973, 0x096B, 0xC95A, 0x0A6B, 0x4A73, 0x6973, 0x296B, 0x0A6B, 0x875A, 0xE962, 0x4973, 
  0xE962, 0xE962, 0x2A6B, 0x6952, 0x0963, 0xC962, 0xC962, 0xC85A, 0x0842, 0x6852, 0x6852, 0x274A, 0xA85A, 0xC85A, 0x0DCC, 0xACFB, 
  0x4DFC, 0xF0FC, 0xAAB3, 0xADE4, 0x2DFC, 0xEBFA, 0x2DFB, 0x3CFF, 0xFFFF, 0x18FE, 0x0CEB, 0x2DFC, 0x4EFC, 0x2AF3, 0xC5FE, 0xE1FF, 
  0xA1FF, 0xC0FF, 0xE0FF, 0xC1FF, 0xC1FF, 0xC1FF, 0xC1FF, 0xC1FF, 0xC1FF, 0xC1FF, 0xC1FF, 0xC1FF, 0xC1FF, 0xC1FF, 0xC1FF, 0xC1FF, 
  0xC1FF, 0xC1FF, 0xC1FF, 0xC1FF, 0xC1FF, 0xC1FF, 0xC1FF, 0xC1FF, 0xC1FF, 0xC1FF, 0xC1FF, 0xC1FF, 0xC0FF, 0xC0FF, 0xC0FF, 0xC1FF, 
  0x04FF, 0xE0FF, 0xC0FF, 0xC0FF, 0xC0FF, 0xC1FF, 0xC1FF, 0xC1FF, 0xC1FF, 0xC1FF, 0xC1FF, 0xC1FF, 0xC1FF, 0xC1FF, 0xC1FF, 0xC1FF, 
  0xC1FF, 0xE0FF, 0x64FF, 0x2AF4, 0x2FF4, 0x5BFF, 0xF1E4, 0x6CE4, 0x0FFD, 0xCEFC, 0xEEFC, 0xEEFC, 0xEEFC, 0x0FFD, 0x0FFD, 0xEFFC, 
  0xEEFC, 0xEFFC, 0xEFFC, 0xEEFC, 0xEFFC, 0x0FFD, 0x0EF5, 0x0EFD, 0xEEFC, 0xEFFC, 0x10FD, 0xAFE4, 0x4DCC, 0xEBB3, 0x8A9B, 0xE872, 
  0x2873, 0x6A83, 0xE86A, 0xE962, 0x2A6B, 0x487B, 0x2873, 0x096B, 0x885A, 0xE862, 0xAB7B, 0xC962, 0x2A73, 0x4973, 0x4883, 0x299B, 
  0x29A3, 0xCBBB, 0x6DC4, 0xADCC, 0xEBB3, 0xABAB, 0x8BA3, 0x2DBC, 0xEBB3, 0x2DB4, 0x4EB4, 0x4EB4, 0xAFBC, 0xD1BC, 0x70AC, 0x8FB4, 
  0xF1BC, 0x32BD, 0x52C5, 0x12BD, 0x94CD, 0xD5D5, 0xF5D5, 0xF5D5, 0x37E6, 0x77E6, 0x76E6, 0xB8F6, 0xD8FE, 0xB8F6, 0xB8F6, 0x1AF7, 
  0x5BFF, 0x5CFF, 0x1BFF, 0x3BFF, 0x7CFF, 0x7CFF, 0x1BFF, 0x1AFF, 0x3AFF, 0xD9FE, 0xD9F6, 0x1BFF, 0xD9F6, 0xB9F6, 0xB8EE, 0x15EE, 
  0x57F6, 0x36F6, 0x16FE, 0xD5FD, 0xD5FD, 0xF5FD, 0x37FE, 0x79FE, 0x74DD, 0x297B, 0x085B, 0xE962, 0xA852, 0xCA62, 0x484A, 0xEA5A, 
  0xE95A, 0xA852, 0xA752, 0x296B, 0x2A6B, 0x096B, 0xA75A, 0xA85A, 0xC95A, 0xA85A, 0x296B, 0x8A7B, 0xAB7B, 0xC862, 0xA95A, 0xA95A, 
  0xA95A, 0xA85A, 0xE85A, 0xA852, 0xC85A, 0xE962, 0x0A63, 0xC85A, 0x0963, 0x6752, 0x865A, 0xA85A, 0xC95A, 0xC962, 0xE962, 0x8752, 
  0x8852, 0x8852, 0x6752, 0xE962, 0xA95A, 0xC962, 0xC95A, 0x895A, 0x4852, 0x885A, 0x496B, 0xE862, 0x096B, 0xC962, 0xA95A, 0xC962, 
  0xE962, 0x885A, 0x885A, 0xA95A, 0x8852, 0xA75A, 0xC962, 0xC75A, 0x674A, 0x0963, 0xA752, 0x2A73, 0x0A6B, 0x264A, 0xECA3, 0x0DFC, 
  0x0CF4, 0x8FFC, 0x4CD4, 0x8DE4, 0xAEFC, 0x2BF3, 0xCAF2, 0x38F6, 0xFFFF, 0xDBF6, 0xEFEB, 0xACFB, 0xCFFC, 0x0BF3, 0x67F5, 0xE1FF, 
  0xA1FF, 0xC0FF, 0xC0FF, 0xC1FF, 0xC1FF, 0xC1FF, 0xC1FF, 0xC1FF, 0xC1FF, 0xC1FF, 0xC1FF, 0xC1FF, 0xC1FF, 0xC1FF, 0xC1FF, 0xC1FF, 
  0xC1FF, 0xC1FF, 0xC1FF, 0xC1FF, 0xC1FF, 0xC1FF, 0xC1FF, 0xC1FF, 0xC1FF, 0xC1FF, 0xC1FF, 0xC1FF, 0xC0FF, 0xC0FF, 0xC0FF, 0xC1FF, 
  0x04FF, 0xE0FF, 0xC0FF, 0xC0FF, 0xC0FF, 0xC1FF, 0xC1FF, 0xC1FF, 0xC1FF, 0xC1FF, 0xC1FF, 0xC1FF, 0xC1FF, 0xC1FF, 0xC1FF, 0xC1FF, 
  0xC1FF, 0xE1FF, 0xE7FE, 0xEBF3, 0x8FFC, 0xB9FE, 0x4DE4, 0xCEF4, 0x0FFD, 0xEFFC, 0x0EFD, 0xEEFC, 0x0FFD, 0x0EFD, 0xEFFC, 0xEFFC, 
  0xEFFC, 0xEFFC, 0xEFFC, 0x0FFD, 0xCEFC, 0xCFFC, 0xCFFC, 0xEFFC, 0xEEFC, 0xEEFC, 0xEEFC, 0x0FFD, 0x2FFD, 0x0FFD, 0x0FFD, 0xCEEC, 
  0x6CCC, 0xAB93, 0x8852, 0x4A6B, 0x086B, 0xC85A, 0xC85A, 0xC962, 0x6852, 0x6852, 0x296B, 0x0963, 0x096B, 0x296B, 0xE95A, 0x8A7B, 
  0x4993, 0x298B, 0xC872, 0xE862, 0xC752, 0xA852, 0x0863, 0xA97B, 0xA983, 0x076B, 0x096B, 0x4652, 0x296B, 0x474A, 0x4652, 0x4973, 
  0x086B, 0x4752, 0x6652, 0x4652, 0x064A, 0x6752, 0xA762, 0x6662, 0x2762, 0xE872, 0x287B, 0xC772, 0x4A83, 0x097B, 0x676A, 0xE872, 
  0x498B, 0xE882, 0x8872, 0x0A7B, 0xE97A, 0xA86A, 0x0A73, 0x097B, 0x2983, 0xCBA3, 0x8B93, 0x2A83, 0xED9B, 0x8C8B, 0xEEA3, 0xEDA3, 
  0xB0AC, 0x90AC, 0x6FB4, 0xD1BC, 0xF1C4, 0x11CD, 0x6FB4, 0xC982, 0x065A, 0xC962, 0xA85A, 0x6852, 0xA962, 0x496B, 0x0963, 0x0963, 
  0xCA83, 0x4973, 0xEB8B, 0xAA8B, 0x4752, 0x474A, 0xC95A, 0x895A, 0x8852, 0x0963, 0x096B, 0xE862, 0xE962, 0x885A, 0xC95A, 0xC95A, 
  0x8852, 0xE962, 0xC962, 0xA85A, 0x8752, 0xC85A, 0x086B, 0x2973, 0xA852, 0x8852, 0xE962, 0xA85A, 0xE962, 0xE862, 0xC85A, 0x2A6B, 
  0x8852, 0x8852, 0xC85A, 0xE962, 0xA95A, 0x2A6B, 0xE862, 0xA85A, 0xE962, 0xC95A, 0xA95A, 0x8752, 0x2963, 0xC95A, 0xA85A, 0xA852, 
  0x0863, 0xE962, 0xA85A, 0xE862, 0x4A6B, 0x096B, 0x6A7B, 0x6873, 0xE962, 0x4A6B, 0xC85A, 0xC862, 0x0963, 0x4852, 0xE86A, 0x4DE4, 
  0xCCFB, 0x6EF4, 0x4EEC, 0x4CDC, 0xAEFC, 0xCDF3, 0x8DEB, 0xD3EC, 0xFFFF, 0x5CFF, 0x4DEB, 0x6BF3, 0xEFFC, 0x2DFB, 0x68F4, 0xE2FF, 
  0xC1FF, 0xC1FF, 0xC0FF, 0xC1FF, 0xC1FF, 0xC1FF, 0xC1FF, 0xC1FF, 0xC1FF, 0xC1FF, 0xC1FF, 0xC1FF, 0xC1FF, 0xC1FF, 0xC1FF, 0xC1FF, 
  0xC1FF, 0xC1FF, 0xC1FF, 0xC1FF, 0xC1FF, 0xC1FF, 0xC1FF, 0xC1FF, 0xC1FF, 0xC1FF, 0xC1FF, 0xC1FF, 0xC0FF, 0xC0FF, 0xC0FF, 0xC1FF, 
  0x04FF, 0xE0FF, 0xC0FF, 0xC0FF, 0xC0FF, 0xC1FF, 0xC1FF, 0xC1FF, 0xC1FF, 0xC1FF, 0xC1FF, 0xC1FF, 0xC1FF, 0xC1FF, 0xC1FF, 0xC1FF, 
  0xC0FF, 0xE1FF, 0x69FE, 0x0CF4, 0xAFFC, 0xF7F5, 0x2DEC, 0xEEFC, 0x0EFD, 0x0EFD, 0x0FFD, 0xEFFC, 0x8EFC, 0xEEFC, 0xEFFC, 0x0FFD, 
  0xEFFC, 0xCEFC, 0xEFFC, 0xEEFC, 0x0FFD, 0xEEFC, 0xEFFC, 0xEFFC, 0xEFFC, 0xEFFC, 0x0FFD, 0x0FFD, 0xEFFC, 0xEEFC, 0xEEFC, 0xEFFC, 
  0x6FFD, 0x2CAC, 0xA85A, 0xA85A, 0xA85A, 0xA852, 0x0963, 0xA85A, 0xA85A, 0x6852, 0xA85A, 0x296B, 0xC85A, 0x264A, 0xE95A, 0x0A63, 
  0x0863, 0x0A84, 0xC85A, 0xAA62, 0xC862, 0x2A6B, 0x096B, 0xA862, 0xE95A, 0x4973, 0x8A7B, 0x4A7B, 0xC85A, 0xE862, 0x4973, 0x4A6B, 
  0x0A63, 0x8852, 0x0A6B, 0x0A6B, 0x6852, 0x8952, 0xCA62, 0xC962, 0xC962, 0x2963, 0x0A63, 0x474A, 0x8752, 0xE962, 0x8852, 0xA95A, 
  0x4A6B, 0xC85A, 0xC852, 0xE952, 0xA85A, 0x0963, 0xA752, 0x4A6B, 0x296B, 0xE862, 0xA752, 0x874A, 0x8752, 0x2642, 0x0A6B, 0xC852, 
  0xE539, 0xE96A, 0xAA93, 0x675A, 0xA662, 0xE772, 0x0763, 0xA952, 0x6952, 0x2A6B, 0x896B, 0xA85A, 0xA962, 0x096B, 0x4873, 0xEB8B, 
  0x6983, 0xAA8B, 0xEB93, 0x8983, 0xE96A, 0xC95A, 0x0963, 0x0963, 0xC962, 0x8852, 0x885A, 0x8852, 0x6852, 0x895A, 0xA95A, 0xC85A, 
  0xE862, 0xA85A, 0xA85A, 0x675A, 0xCB8B, 0xC962, 0xEB8B, 0xCA83, 0xA852, 0xC85A, 0x6A73, 0xAB7B, 0x096B, 0xEA62, 0xC85A, 0x296B, 
  0xE962, 0xC962, 0xA752, 0x8752, 0x885A, 0x4A6B, 0x6973, 0xE862, 0x286B, 0xC962, 0xAA5A, 0xC95A, 0xA852, 0xC85A, 0x875A, 0xE95A, 
  0xC952, 0xE962, 0x6A7B, 0xCB83, 0x885A, 0x296B, 0x2973, 0xC862, 0xA95A, 0xC962, 0x096B, 0xC85A, 0xE962, 0x895A, 0xC85A, 0x2CBC, 
  0x0DFC, 0x6EFC, 0x0DF4, 0x8DE4, 0xCEF4, 0x0DF4, 0x12F5, 0xEFEB, 0x7DFF, 0xDDFF, 0x8FF3, 0x2BFB, 0xEEFC, 0x6CFB, 0x4AF3, 0x06FF, 
  0xE1FF, 0xA0FF, 0xC1FF, 0xC1FF, 0xC1FF, 0xC1FF, 0xC1FF, 0xC1FF, 0xC1FF, 0xC1FF, 0xC1FF, 0xC1FF, 0xC1FF, 0xC1FF, 0xC1FF, 0xC1FF, 
  0xC1FF, 0xC1FF, 0xC1FF, 0xC1FF, 0xC1FF, 0xC1FF, 0xC1FF, 0xC1FF, 0xC1FF, 0xC1FF, 0xC1FF, 0xC1FF, 0xC0FF, 0xC0FF, 0xC0FF, 0xC1FF, 
  0x04FF, 0xE0FF, 0xC0FF, 0xC0FF, 0xC0FF, 0xC1FF, 0xC1FF, 0xC1FF, 0xC1FF, 0xC1FF, 0xC1FF, 0xC1FF, 0xC1FF, 0xC1FF, 0xC1FF, 0xC1FF, 
  0xC0FF, 0xC1FF, 0x29FE, 0xAEFC, 0xAFFC, 0xD0F4, 0x6DF4, 0xCEFC, 0xEEFC, 0x0FFD, 0x8EFC, 0x6BF3, 0x4BF3, 0xAEFC, 0x0FFD, 0x0FFD, 
  0xEFFC, 0xEFFC, 0xEFFC, 0x0FFD, 0xEFFC, 0xCEFC, 0xEFFC, 0x0FFD, 0x0FFD, 0xCEFC, 0x0FFD, 0x0FFD, 0x0FFD, 0xEEFC, 0xCEFC, 0x0FFD, 
  0x2CC4, 0xC872, 0x2A6B, 0xC85A, 0x2A6B, 0x296B, 0xAA7B, 0x4973, 0xC962, 0x4A6B, 0x096B, 0xE962, 0xE95A, 0xE95A, 0xA85A, 0x2A6B, 
  0x296B, 0x497B, 0xE962, 0x0963, 0xA75A, 0x6A73, 0x4A73, 0xC85A, 0x685A, 0xE962, 0x475A, 0x4883, 0x6DBC, 0x0BAC, 0xABA3, 0x4A8B, 
  0x8862, 0xA85A, 0x8752, 0xC85A, 0xA95A, 0xE95A, 0xE85A, 0x296B, 0xA85A, 0x474A, 0x8952, 0xE962, 0xC85A, 0xA85A, 0x885A, 0x875A, 
  0x675A, 0xC76A, 0xA993, 0x6A8B, 0xC96A, 0x2963, 0x8852, 0xC962, 0xC86A, 0x097B, 0x4A7B, 0xE96A, 0xE962, 0xA95A, 0xCA62, 0x095B, 
  0xE85A, 0x6652, 0xC76A, 0x2A7B, 0xAB8B, 0x086B, 0xE85A, 0x286B, 0x4A73, 0x296B, 0x096B, 0xC962, 0x0963, 0xAA7B, 0x0863, 0xE85A, 
  0x096B, 0x897B, 0x6973, 0xAB83, 0x0A6B, 0xAA5A, 0xE962, 0x086B, 0x296B, 0x296B, 0xE962, 0x474A, 0x0963, 0xC85A, 0x096B, 0x2A6B, 
  0xA95A, 0xC95A, 0xC95A, 0xE96A, 0x0A73, 0x885A, 0x2873, 0x8A83, 0x2A6B, 0xE962, 0x4A73, 0xE962, 0x8752, 0xC95A, 0x8952, 0x274A, 
  0xA95A, 0x0A63, 0xA95A, 0xA95A, 0xA85A, 0xE962, 0xA75A, 0x286B, 0xCB83, 0xC862, 0xC962, 0x086B, 0x086B, 0xE96A, 0xEA6A, 0x0863, 
  0x2A6B, 0xC85A, 0x8973, 0x2863, 0x296B, 0x6A73, 0x0863, 0xE962, 0x8852, 0xA85A, 0xC962, 0xC95A, 0x296B, 0xC962, 0x2963, 0xE87A, 
  0x4DEC, 0x2DFC, 0x4DFC, 0x0CE4, 0x4DE4, 0x6EFC, 0xF2EC, 0x92EC, 0xD6F5, 0xFFFF, 0xAEF3, 0x2AFB, 0xCFFC, 0x6CFB, 0x4CF3, 0xABFE, 
  0xE1FF, 0xC0FF, 0xC1FF, 0xC1FF, 0xC1FF, 0xC1FF, 0xC1FF, 0xC1FF, 0xC1FF, 0xC1FF, 0xC1FF, 0xC1FF, 0xC1FF, 0xC1FF, 0xC1FF, 0xC1FF, 
  0xC1FF, 0xC1FF, 0xC1FF, 0xC1FF, 0xC1FF, 0xC1FF, 0xC1FF, 0xC1FF, 0xC1FF, 0xC1FF, 0xC1FF, 0xC1FF, 0xC0FF, 0xC0FF, 0xC0FF, 0xC1FF, 
  0x04FF, 0xE0FF, 0xC0FF, 0xC0FF, 0xC0FF, 0xC1FF, 0xC1FF, 0xC1FF, 0xC1FF, 0xC1FF, 0xC1FF, 0xC1FF, 0xC1FF, 0xC1FF, 0xC1FF, 0xC1FF, 
  0xC0FF, 0xE1FF, 0x28F6, 0xAEF4, 0xAFFC, 0x8BF3, 0x8DFC, 0xEFFC, 0xEEFC, 0xEFFC, 0x8EFC, 0x2BF3, 0x0BFB, 0x2DFC, 0x0FFD, 0xEFFC, 
  0xEFFC, 0xCEFC, 0xCEFC, 0xEFFC, 0xEEFC, 0xEEFC, 0x0FFD, 0x0FFD, 0x0FFD, 0xEEFC, 0xEEFC, 0xCFFC, 0xEEFC, 0xEFFC, 0xCFFC, 0x8EDC, 
  0xC96A, 0xA85A, 0xE95A, 0x296B, 0x6A73, 0x4973, 0x6A73, 0x4973, 0x6873, 0x296B, 0x2A6B, 0xA85A, 0xA95A, 0x8852, 0x8752, 0x296B, 
  0xC962, 0x885A, 0x875A, 0x0863, 0x096B, 0x8A7B, 0x8A7B, 0x496B, 0x296B, 0xE962, 0xA852, 0x287B, 0x6A9B, 0x8AA3, 0xEBBB, 0x8DD4, 
  0xEEE4, 0xCEE4, 0xEBB3, 0xE97A, 0x675A, 0xA85A, 0x0963, 0x296B, 0x096B, 0xE96A, 0xC75A, 0x286B, 0x2983, 0xABA3, 0x0CBC, 0x8DCC, 
  0x8DD4, 0x6DC4, 0x2CBC, 0x6A93, 0x8762, 0x875A, 0x4A8B, 0x0CB4, 0x6CC4, 0x4CC4, 0x8A93, 0xE96A, 0xE95A, 0x8852, 0x2752, 0xC882, 
  0x8CCC, 0x6DD4, 0x4ED4, 0xECB3, 0xCA93, 0x0B94, 0xCA62, 0xA75A, 0x086B, 0xE96A, 0x6852, 0x6852, 0xC962, 0xA85A, 0x296B, 0xE95A, 
  0x484A, 0x885A, 0xE862, 0x496B, 0xC862, 0x885A, 0xC95A, 0x4A73, 0xC962, 0x096B, 0x8B73, 0x474A, 0x684A, 0xCA62, 0xE962, 0xE962, 
  0x096B, 0xC95A, 0xE962, 0xE962, 0xC75A, 0xE962, 0x296B, 0xCB83, 0x2973, 0xA862, 0xE862, 0xE862, 0xC75A, 0x6852, 0x4852, 0xC962, 
  0x8952, 0xA85A, 0x0863, 0xC962, 0xC962, 0xC85A, 0xC85A, 0xC95A, 0x0963, 0x496B, 0xC862, 0x6752, 0xEB8B, 0xCB83, 0xE862, 0xE862, 
  0x2873, 0xE962, 0xA752, 0xA95A, 0x885A, 0x4A73, 0x6973, 0x2A6B, 0x0A63, 0x286B, 0xC96A, 0x885A, 0xE85A, 0xE962, 0x2963, 0xC85A, 
  0x0CBC, 0x2EFC, 0x4DFC, 0xCCF3, 0x0BCC, 0xEEFC, 0x2FEC, 0xB6F5, 0x71EC, 0xBFFF, 0xEEF3, 0x0AFB, 0x8FFC, 0x6CFB, 0x2CF3, 0x70F6, 
  0xC3FF, 0xE0FF, 0xC1FF, 0xC1FF, 0xC1FF, 0xC1FF, 0xC1FF, 0xC1FF, 0xC1FF, 0xC1FF, 0xC1FF, 0xC1FF, 0xC1FF, 0xC1FF, 0xC1FF, 0xC1FF, 
  0xC1FF, 0xC1FF, 0xC1FF, 0xC1FF, 0xC1FF, 0xC1FF, 0xC1FF, 0xC1FF, 0xC1FF, 0xC1FF, 0xC1FF, 0xC1FF, 0xC0FF, 0xC0FF, 0xC0FF, 0xC1FF, 
  0x04FF, 0xE0FF, 0xC0FF, 0xC0FF, 0xC0FF, 0xC1FF, 0xC1FF, 0xC1FF, 0xC1FF, 0xC1FF, 0xC1FF, 0xC1FF, 0xC1FF, 0xC1FF, 0xC1FF, 0xC1FF, 
  0xC1FF, 0xE1FF, 0xE5F6, 0x8BEC, 0xEFFC, 0x0DF4, 0x4DF4, 0xCFFC, 0x0FFD, 0xEEFC, 0xEFFC, 0x8CF3, 0xCBFA, 0xACF3, 0x0FFD, 0xEFFC, 
  0xEFFC, 0xEEFC, 0xEFFC, 0xEFFC, 0xEFFC, 0xEFFC, 0xEFFC, 0xEFFC, 0xEFFC, 0xEEFC, 0xEEFC, 0xEFFC, 0x0FFD, 0xEEFC, 0x10FD, 0x499B, 
  0x674A, 0xA95A, 0x6A73, 0x4973, 0xA75A, 0xC962, 0xA85A, 0x875A, 0xE862, 0x296B, 0x6A73, 0x885A, 0xC85A, 0xA75A, 0xC85A, 0xA95A, 
  0x895A, 0x0963, 0xC85A, 0xC85A, 0x6A73, 0x0863, 0xE862, 0x2A6B, 0x296B, 0x2973, 0x898B, 0xEBB3, 0x4CC4, 0x6CBC, 0x89A3, 0x2993, 
  0xE88A, 0xCBAB, 0x4DCC, 0x8EDC, 0x6CC4, 0xAA93, 0x8862, 0x875A, 0x0C9C, 0x4BAC, 0x4BC4, 0xCEE4, 0x0FF5, 0xEEEC, 0x8FD4, 0xACA3, 
  0xE97A, 0x6762, 0x4652, 0x4983, 0x8DD4, 0xCFE4, 0xCEE4, 0x2CBC, 0x6A8B, 0xE96A, 0xC862, 0x2973, 0x4983, 0xEAAB, 0xADE4, 0x11FD, 
  0xAEE4, 0x2CB4, 0xE972, 0x264A, 0x875A, 0x6A83, 0x0973, 0x8B93, 0xCB9B, 0x496B, 0xA852, 0xE962, 0x2973, 0x095B, 0x875A, 0x2CB4, 
  0xAA9B, 0xA86A, 0x684A, 0xC85A, 0xC762, 0x0A6B, 0xE862, 0x296B, 0xA862, 0x885A, 0xE962, 0xC962, 0xE95A, 0xE962, 0xC862, 0xE962, 
  0xC862, 0x4973, 0xAA7B, 0xE862, 0xC75A, 0x4A73, 0x6973, 0x086B, 0x096B, 0x086B, 0x6973, 0x6A73, 0x4A6B, 0xC962, 0xA75A, 0x6A7B, 
  0x4A73, 0xC862, 0x4A6B, 0x0863, 0x4973, 0xC85A, 0x8852, 0x895A, 0xC962, 0x296B, 0x4A73, 0x485A, 0x6A7B, 0x0C8C, 0x4973, 0x096B, 
  0x885A, 0x4A73, 0x297B, 0xA962, 0xA962, 0x096B, 0x6752, 0x885A, 0xE962, 0xC85A, 0x6A7B, 0xE962, 0x0963, 0xA962, 0xA862, 0x0963, 
  0x698B, 0x6EF4, 0x6EF4, 0xEDFB, 0xCBD3, 0x8DDC, 0x2DFC, 0x74ED, 0x92EC, 0x18F6, 0x2FF4, 0xEAFA, 0x8FFC, 0xACFB, 0xEAF2, 0xF4FD, 
  0xC7FF, 0xC0FF, 0xC1FF, 0xC1FF, 0xC1FF, 0xC1FF, 0xC1FF, 0xC1FF, 0xC1FF, 0xC1FF, 0xC1FF, 0xC1FF, 0xC1FF, 0xC1FF, 0xC1FF, 0xC1FF, 
  0xC1FF, 0xC1FF, 0xC1FF, 0xC1FF, 0xC1FF, 0xC1FF, 0xC1FF, 0xC1FF, 0xC1FF, 0xC1FF, 0xC1FF, 0xC1FF, 0xC0FF, 0xC0FF, 0xC0FF, 0xC1FF, 
  0x04FF, 0xE0FF, 0xC0FF, 0xC0FF, 0xC0FF, 0xC1FF, 0xC1FF, 0xC1FF, 0xC1FF, 0xC1FF, 0xC1FF, 0xC1FF, 0xC1FF, 0xC1FF, 0xC1FF, 0xC1FF, 
  0xC1FF, 0xC0FF, 0xE1FF, 0x48FE, 0xCEF4, 0xCEFC, 0xAEFC, 0xCEFC, 0xCEFC, 0xEFFC, 0x0FFD, 0xAFFC, 0x4CFB, 0x0AF3, 0x8DFC, 0x0FFD, 
  0xEFFC, 0x0FFD, 0xEFFC, 0xEFFC, 0xEFFC, 0xEFFC, 0xCEFC, 0xEEFC, 0x0FFD, 0x0FFD, 0x0EFD, 0xEFFC, 0x0FFD, 0x0FFD, 0xAEE4, 0xE872, 
  0xE95A, 0xE962, 0x4A73, 0x6A7B, 0xE862, 0xA95A, 0xCA62, 0x2B6B, 0xE962, 0x4752, 0x6752, 0xC95A, 0x496B, 0x0963, 0x885A, 0xEA62, 
  0xC85A, 0x0963, 0x4A6B, 0xC962, 0x096B, 0xE962, 0xE862, 0x296B, 0x086B, 0x4983, 0xCEEC, 0xCBC3, 0x8AB3, 0x0BBC, 0x6CD4, 0xEEE4, 
  0xCFD4, 0xCBAB, 0x6AA3, 0x499B, 0x4993, 0xAB9B, 0x2993, 0xEBBB, 0xEFEC, 0xEEFC, 0xCEF4, 0x2CCC, 0x6A93, 0x2873, 0x286B, 0xA76A, 
  0x0A7B, 0xECBB, 0xCDEC, 0x0EE5, 0x6DC4, 0x2983, 0x685A, 0x474A, 0xA75A, 0x697B, 0xCAA3, 0x4CD4, 0x10FD, 0x2FFD, 0xADDC, 0x8A8B, 
  0x0863, 0x8662, 0xE87A, 0xABA3, 0x4CB4, 0x498B, 0xEBAB, 0xCAAB, 0xEDEC, 0x8993, 0x0863, 0x0963, 0xE96A, 0xE96A, 0xC962, 0x8A93, 
  0x6FF5, 0xCDDC, 0xAB9B, 0xA862, 0xA85A, 0x2C73, 0xA95A, 0xE862, 0xC862, 0x6973, 0x8973, 0xAB7B, 0xC85A, 0xE85A, 0x6A73, 0x6A73, 
  0xC862, 0xC962, 0xA862, 0x6B73, 0x2A6B, 0x2973, 0xE86A, 0xC962, 0xA95A, 0x895A, 0x885A, 0xE962, 0xE962, 0xE962, 0x4973, 0x0A8C, 
  0x2973, 0x885A, 0xE962, 0xC962, 0x6A7B, 0x4A6B, 0x0A63, 0x496B, 0xA85A, 0xA95A, 0x4A6B, 0xA85A, 0x6752, 0x274A, 0x885A, 0xE962, 
  0xA852, 0x6B7B, 0xCBAC, 0x8CA4, 0x865A, 0xAA7B, 0x6A73, 0x885A, 0x4852, 0x2852, 0x0963, 0xE862, 0x8852, 0x6852, 0xA85A, 0x6A73, 
  0x2873, 0x2DD4, 0xEFFC, 0x2DFC, 0xCCE3, 0xAAAB, 0xAEFC, 0x4FEC, 0xB5F5, 0x30EC, 0xCEFB, 0xEBFA, 0x4DFC, 0x8CF3, 0xCAFA, 0x53FD, 
  0x6EFF, 0xA0FF, 0xC0FF, 0xC1FF, 0xC1FF, 0xC1FF, 0xC1FF, 0xC1FF, 0xC1FF, 0xC1FF, 0xC1FF, 0xC1FF, 0xC1FF, 0xC1FF, 0xC1FF, 0xC1FF, 
  0xC1FF, 0xC1FF, 0xC1FF, 0xC1FF, 0xC1FF, 0xC1FF, 0xC1FF, 0xC1FF, 0xC1FF, 0xC1FF, 0xC1FF, 0xC1FF, 0xC0FF, 0xC0FF, 0xC0FF, 0xC1FF, 
  0x04FF, 0xE0FF, 0xC0FF, 0xC0FF, 0xC0FF, 0xC1FF, 0xC1FF, 0xC1FF, 0xC1FF, 0xC1FF, 0xC1FF, 0xC1FF, 0xC1FF, 0xC1FF, 0xC1FF, 0xC1FF, 
  0xC1FF, 0xC1FF, 0xC0FF, 0xC2FF, 0x88FE, 0x2CF5, 0xCFF4, 0x0FFD, 0xEEFC, 0xEFFC, 0x2FFD, 0x2FFD, 0xCFFC, 0xECF3, 0x4CF4, 0xEFFC, 
  0xEFFC, 0xEFFC, 0x0FFD, 0xEEFC, 0xEFFC, 0x0FFD, 0xEFFC, 0xEFFC, 0xEEFC, 0xEEFC, 0x0FFD, 0xEFFC, 0xCFFC, 0x0FFD, 0x6CC4, 0xE862, 
  0x4A6B, 0xA85A, 0x4973, 0xCA83, 0xAB7B, 0xA85A, 0xC862, 0x0963, 0x2963, 0x8952, 0x6852, 0x4852, 0xC962, 0x296B, 0x296B, 0x4A73, 
  0xE862, 0x2A6B, 0xC85A, 0xE862, 0x2973, 0x8B7B, 0x096B, 0xE962, 0x4A73, 0xE872, 0x8DD4, 0x50FD, 0xCEF4, 0x4DD4, 0xECBB, 0x89B3, 
  0xCACB, 0xEEFC, 0x2FFD, 0x0FF5, 0xEEF4, 0x2FFD, 0x50FD, 0x50FD, 0xADDC, 0xCBB3, 0x0973, 0xE649, 0xC86A, 0x0BAC, 0x6CCC, 0xEFF4, 
  0x2FFD, 0xCEE4, 0xABA3, 0xC86A, 0x464A, 0x4752, 0x0973, 0xAB9B, 0x2CCC, 0xCEFC, 0x4FFD, 0x0FFD, 0xEBC3, 0xE882, 0x0873, 0x4883, 
  0xCBB3, 0x8DDC, 0xADE4, 0xCBAB, 0x697B, 0x2BB4, 0xCEDC, 0x299B, 0x4FFD, 0xEFF4, 0xCBB3, 0x2983, 0x0963, 0xA85A, 0xE962, 0xA85A, 
  0x4A93, 0x50FD, 0x2FFD, 0x4CC4, 0xA86A, 0x074A, 0x6852, 0xCB83, 0x096B, 0x496B, 0x6973, 0xE962, 0x674A, 0xA95A, 0xA85A, 0xC862, 
  0xE962, 0x0963, 0x086B, 0xE962, 0x696B, 0x086B, 0x6BA4, 0xA983, 0xC962, 0xE962, 0xA85A, 0xE96A, 0x296B, 0x0A6B, 0xA862, 0x086B, 
  0xA962, 0x8852, 0xA85A, 0x296B, 0x8A7B, 0x086B, 0x875A, 0x296B, 0xC862, 0x096B, 0x8A7B, 0x086B, 0xCA62, 0xC962, 0xC85A, 0xC85A, 
  0xA85A, 0x885A, 0x4873, 0x2A94, 0x6A7B, 0x0963, 0x4973, 0xC85A, 0xE962, 0x096B, 0x0963, 0xA962, 0x096B, 0x296B, 0x2963, 0xE962, 
  0x0963, 0x8A9B, 0x0EFD, 0xCEFC, 0xCDF3, 0xCBC3, 0xCEE4, 0x2DF4, 0x74ED, 0x0FEC, 0xEAFA, 0x2BFB, 0x2DFC, 0x6CFB, 0xCAFA, 0xD2F4, 
  0x15F7, 0x81FF, 0xC1FF, 0xC1FF, 0xC1FF, 0xC1FF, 0xC1FF, 0xC1FF, 0xC1FF, 0xC1FF, 0xC1FF, 0xC1FF, 0xC1FF, 0xC1FF, 0xC1FF, 0xC1FF, 
  0xC1FF, 0xC1FF, 0xC1FF, 0xC1FF, 0xC1FF, 0xC1FF, 0xC1FF, 0xC1FF, 0xC1FF, 0xC1FF, 0xC1FF, 0xC1FF, 0xC0FF, 0xC0FF, 0xC0FF, 0xC1FF, 
  0x04FF, 0xE0FF, 0xC0FF, 0xC0FF, 0xC0FF, 0xC1FF, 0xC1FF, 0xC1FF, 0xC1FF, 0xC1FF, 0xC1FF, 0xC1FF, 0xC1FF, 0xC1FF, 0xC1FF, 0xC1FF, 
  0xC1FF, 0xC1FF, 0xC1FF, 0xC1FF, 0xC0FF, 0x26FF, 0xC9D4, 0x0CCC, 0x30FD, 0x0EFD, 0xEEFC, 0x0FFD, 0xEFFC, 0xCEFC, 0x0EFD, 0xEFFC, 
  0xCEFC, 0xEFFC, 0x0FFD, 0xEFFC, 0x0FFD, 0xEFFC, 0xEEFC, 0xEFFC, 0xEFFC, 0x0FFD, 0x0FFD, 0xEEFC, 0xCFFC, 0x2FFD, 0xAAAB, 0xA85A, 
  0x2A6B, 0xE862, 0x4873, 0x486B, 0xC962, 0xE962, 0xE862, 0x0963, 0x474A, 0xC95A, 0xA95A, 0x0742, 0xE741, 0x6852, 0x0863, 0xA75A, 
  0xC962, 0xE962, 0x8852, 0x8752, 0x8852, 0x096B, 0x096B, 0x296B, 0xAB7B, 0x496B, 0x4883, 0x0FED, 0x0EFD, 0x0FFD, 0x30FD, 0x0FFD, 
  0xEEFC, 0xEEFC, 0xEFFC, 0x2FFD, 0x2EFD, 0xADE4, 0x0BB4, 0x087B, 0x4652, 0x885A, 0x4A8B, 0x6DD4, 0x0FFD, 0x70FD, 0xEFFC, 0x2DCC, 
  0xE97A, 0x475A, 0x674A, 0xA962, 0x4A9B, 0x8DD4, 0x2EF5, 0x70FD, 0x50FD, 0xAFE4, 0x6AA3, 0x0883, 0xE77A, 0xCAA3, 0xADDC, 0x4FFD, 
  0xCEEC, 0x8B9B, 0x6A83, 0x096B, 0x8762, 0x2CCC, 0x2FFD, 0x499B, 0xAEDC, 0x0FFD, 0xCEFC, 0xEFF4, 0x0BB4, 0xC762, 0xA95A, 0xEA62, 
  0x6752, 0x4A9B, 0x10FD, 0x2FFD, 0xEEEC, 0x098B, 0x274A, 0xC962, 0xC862, 0x4752, 0xA962, 0xA85A, 0xC85A, 0xE962, 0xA75A, 0xC85A, 
  0x296B, 0x8A7B, 0x6A7B, 0xC85A, 0x2963, 0x296B, 0xAB83, 0xAA83, 0x4973, 0x0A6B, 0xC862, 0x096B, 0x6852, 0xE962, 0x6A7B, 0x096B, 
  0xC962, 0xA852, 0x8852, 0xE962, 0xAA7B, 0x6973, 0x4A73, 0xC962, 0xE862, 0x6A73, 0xE862, 0xE962, 0xCA62, 0x6752, 0x0963, 0x4A6B, 
  0xA95A, 0x8852, 0xC95A, 0xAA7B, 0xC862, 0x0A6B, 0x0863, 0x0863, 0x296B, 0x496B, 0x4A73, 0x0A6B, 0x6B73, 0xE95A, 0xC85A, 0xA85A, 
  0x0A6B, 0x0873, 0x8DDC, 0xEFFC, 0xB0FC, 0x6EDC, 0x6AA3, 0xD0FC, 0x6FEC, 0xF3F4, 0xEBFA, 0x2BFB, 0x0DFC, 0x4CFB, 0xEAFA, 0x10EC, 
  0x19FF, 0x24FF, 0xE1FF, 0xC1FF, 0xC0FF, 0xC1FF, 0xE1FF, 0xC0FF, 0xC1FF, 0xC1FF, 0xC1FF, 0xC1FF, 0xC1FF, 0xC1FF, 0xC1FF, 0xC1FF, 
  0xC1FF, 0xC1FF, 0xC1FF, 0xC1FF, 0xC1FF, 0xC1FF, 0xC1FF, 0xC1FF, 0xC1FF, 0xC1FF, 0xC1FF, 0xC1FF, 0xC0FF, 0xC0FF, 0xC0FF, 0xC1FF, 
  0x04FF, 0xE0FF, 0xC0FF, 0xC0FF, 0xC0FF, 0xC1FF, 0xC1FF, 0xC1FF, 0xC1FF, 0xC1FF, 0xC1FF, 0xC1FF, 0xC1FF, 0xC1FF, 0xC1FF, 0xC1FF, 
  0xC1FF, 0xC1FF, 0xC1FF, 0xC0FF, 0xC1FF, 0xE1FF, 0xA3FF, 0x87CD, 0xC8B3, 0x4DD4, 0x2FFD, 0x0FFD, 0xCFF4, 0xAEFC, 0xEEFC, 0x0EFD, 
  0x0FFD, 0xEFFC, 0xEFFC, 0xEEFC, 0x0FFD, 0xCEFC, 0xEFFC, 0x0FFD, 0xEFFC, 0xEFFC, 0xEFFC, 0x0FFD, 0xEFFC, 0x0FFD, 0x0CC4, 0x0863, 
  0xE96A, 0xE962, 0x4A6B, 0xEA62, 0x6952, 0xE962, 0x2A6B, 0xC95A, 0x8752, 0xC95A, 0x0963, 0x296B, 0x296B, 0x8852, 0xCA62, 0xE962, 
  0x086B, 0x0A6B, 0xA95A, 0xE962, 0x096B, 0x4A73, 0x096B, 0x096B, 0x4973, 0x2A6B, 0x875A, 0x098B, 0x0FF5, 0x2FFD, 0xCDEC, 0x8DE4, 
  0xAEE4, 0x8EDC, 0x2CC4, 0xCAAB, 0xCA9B, 0xE872, 0x465A, 0xC86A, 0xCBA3, 0xCEEC, 0x30FD, 0x0FED, 0x6DD4, 0xAA9B, 0xA862, 0xA75A, 
  0x0963, 0x0973, 0xEBB3, 0x0FED, 0x50FD, 0x0FFD, 0x6DD4, 0x6AA3, 0xC77A, 0xC772, 0xAA9B, 0x6CCC, 0x10F5, 0x50FD, 0xCEE4, 0xCBAB, 
  0x6983, 0x6752, 0x696B, 0xAB7B, 0x4983, 0xEDE4, 0x50FD, 0x8BB3, 0xABB3, 0x2FFD, 0x8EFC, 0x0FF5, 0x4FFD, 0x6DD4, 0x8762, 0x8852, 
  0xC95A, 0xA75A, 0xCBB3, 0x30FD, 0x0EFD, 0x30FD, 0x8BA3, 0xC85A, 0x885A, 0xA85A, 0x8A73, 0x8A7B, 0x096B, 0x2A6B, 0x2A6B, 0x0A6B, 
  0x8A7B, 0xEA8B, 0xAA7B, 0xA75A, 0x0A6B, 0xC962, 0x6752, 0x885A, 0x6A73, 0x6A73, 0xE962, 0x0963, 0x296B, 0x296B, 0x697B, 0xCB83, 
  0xC85A, 0x6852, 0x4852, 0x6852, 0xE862, 0x897B, 0x8973, 0x8973, 0xC962, 0x885A, 0x0863, 0xA75A, 0xA85A, 0x6852, 0xE962, 0x4A73, 
  0x6852, 0xE85A, 0x6A73, 0x6973, 0x086B, 0x296B, 0xE862, 0x296B, 0xE962, 0xC962, 0xC85A, 0x6973, 0x2963, 0xA95A, 0xC85A, 0xA85A, 
  0x2A6B, 0x0963, 0xAA93, 0x2FFD, 0xAFF4, 0x74F5, 0x0893, 0x8DDC, 0x2EFC, 0xCEF3, 0x2CFB, 0x0BFB, 0x6CFB, 0x4BFB, 0x0BFB, 0x6DF3, 
  0xDAFE, 0x6BF6, 0xE0FF, 0xC1FF, 0xC1FF, 0xC1FF, 0xC0FF, 0xC0FF, 0xC1FF, 0xC1FF, 0xC1FF, 0xC1FF, 0xC1FF, 0xC1FF, 0xC1FF, 0xC1FF, 
  0xC1FF, 0xC1FF, 0xC1FF, 0xC1FF, 0xC1FF, 0xC1FF, 0xC1FF, 0xC1FF, 0xC1FF, 0xC1FF, 0xC1FF, 0xC1FF, 0xC0FF, 0xC0FF, 0xC0FF, 0xC1FF, 
  0x04FF, 0xE0FF, 0xC0FF, 0xC0FF, 0xC0FF, 0xC1FF, 0xC1FF, 0xC1FF, 0xC1FF, 0xC1FF, 0xC1FF, 0xC1FF, 0xC1FF, 0xC1FF, 0xC1FF, 0xC1FF, 
  0xC1FF, 0xC1FF, 0xC1FF, 0xC0FF, 0xC1FF, 0xC1FF, 0xC1FF, 0xE2FF, 0xA6E6, 0xA79B, 0x489B, 0xADDC, 0x2FFD, 0x0EFD, 0xAFFC, 0xEFFC, 
  0xEFFC, 0xEFFC, 0xEEFC, 0xCDFC, 0xEEFC, 0xEFFC, 0xEEFC, 0xEFFC, 0x0FFD, 0x0FFD, 0x0FFD, 0xEFFC, 0xEFFC, 0x2FFD, 0x4DCC, 0x6A73, 
  0x0A6B, 0x4973, 0x6A73, 0x074A, 0x8852, 0x8852, 0xA85A, 0x6A73, 0x296B, 0xE96A, 0xE96A, 0x096B, 0x6973, 0x286B, 0x296B, 0x2973, 
  0x4973, 0x286B, 0x4973, 0x6A73, 0x4973, 0x6A7B, 0x2973, 0x6A73, 0x096B, 0x885A, 0xC862, 0x286B, 0xA993, 0xCFE4, 0xAEEC, 0x4793, 
  0x4873, 0x464A, 0xC85A, 0xA862, 0x0873, 0xCB9B, 0x4CD4, 0x0FFD, 0x0FED, 0x0CBC, 0x4993, 0x087B, 0xC862, 0x8862, 0x8B83, 0xE862, 
  0x898B, 0xADE4, 0x50FD, 0x0FFD, 0xEBBB, 0x2883, 0xC872, 0xC882, 0xEBC3, 0xEFF4, 0x71FD, 0x50FD, 0x4CD4, 0x6993, 0xA752, 0x8A8B, 
  0xADCC, 0x6983, 0xC95A, 0xE862, 0xAA8B, 0xCEEC, 0x6EFC, 0xCEE4, 0x0883, 0xEEEC, 0x8EFC, 0x4BF3, 0x0CFC, 0x30FD, 0x8ECC, 0x675A, 
  0x684A, 0x0A6B, 0x875A, 0x6DDC, 0x0FFD, 0x0FFD, 0x2FFD, 0x688B, 0x4852, 0xC95A, 0xC85A, 0xA85A, 0xE862, 0xE862, 0xE962, 0xA862, 
  0x2973, 0x897B, 0x8A7B, 0x2973, 0x2A73, 0x6852, 0x2A6B, 0x2A6B, 0xC862, 0xE86A, 0xA862, 0x096B, 0x6973, 0x096B, 0xE96A, 0x4A73, 
  0xA75A, 0xA962, 0x2A6B, 0xE962, 0xE962, 0x4A73, 0x0963, 0x296B, 0x675A, 0xA85A, 0xA85A, 0x2A6B, 0x0A6B, 0xC85A, 0x0863, 0x296B, 
  0xC862, 0x2A6B, 0x296B, 0xC762, 0x2A73, 0xC85A, 0x2A6B, 0xE862, 0x6973, 0xCA7B, 0x0863, 0x8A73, 0xC85A, 0x8852, 0xE862, 0x2A73, 
  0xC862, 0x884A, 0x0973, 0x0FF5, 0xEFFC, 0x94F5, 0xAEC4, 0x89A3, 0xF0FC, 0x4BFB, 0x0BFB, 0x2CFB, 0x0BFB, 0x2BFB, 0x2BFB, 0xEBFA, 
  0x7AFE, 0x53EE, 0x61FF, 0xE0FF, 0xC1FF, 0xC0FF, 0xC0FF, 0xC1FF, 0xC1FF, 0xC1FF, 0xC1FF, 0xC1FF, 0xC1FF, 0xC1FF, 0xC1FF, 0xC1FF, 
  0xC1FF, 0xC1FF, 0xC1FF, 0xC1FF, 0xC1FF, 0xC1FF, 0xC1FF, 0xC1FF, 0xC1FF, 0xC1FF, 0xC1FF, 0xC1FF, 0xC0FF, 0xC0FF, 0xC0FF, 0xC1FF, 
  0x04FF, 0xE0FF, 0xC0FF, 0xC0FF, 0xC0FF, 0xC1FF, 0xC1FF, 0xC1FF, 0xC1FF, 0xC1FF, 0xC1FF, 0xC1FF, 0xC1FF, 0xC1FF, 0xC1FF, 0xC1FF, 
  0xC1FF, 0xC1FF, 0xC0FF, 0xC1FF, 0xC0FF, 0xC0FF, 0xC1FF, 0xA1FF, 0xE2FF, 0xC5FF, 0x65BD, 0x4583, 0x699B, 0xAEDC, 0x2FFD, 0x2FFD, 
  0xEEFC, 0xCFFC, 0xAFFC, 0x8EFC, 0xCFFC, 0xCEFC, 0xCEFC, 0xEFFC, 0xEFFC, 0xEFFC, 0x0EFD, 0x0EFD, 0xEEFC, 0x0FFD, 0x2DD4, 0x465A, 
  0xC862, 0x8A83, 0x286B, 0x096B, 0x6A73, 0xE962, 0xC962, 0x296B, 0x6A73, 0x697B, 0x0C8C, 0xA983, 0x4973, 0x6A73, 0x897B, 0x8A7B, 
  0xCB83, 0x6973, 0x687B, 0x0B8C, 0xAA83, 0xCB83, 0x875A, 0xA85A, 0x885A, 0x0963, 0x6A73, 0x2973, 0xC75A, 0xC86A, 0xECB3, 0xAEDC, 
  0x2DC4, 0xABB3, 0xEBBB, 0x4CCC, 0x0FF5, 0xEEF4, 0x8DDC, 0x499B, 0xE872, 0xE962, 0x474A, 0xA75A, 0x4983, 0x2CCC, 0xCBA3, 0x0983, 
  0x6DDC, 0x70FD, 0x8DDC, 0x288B, 0x0873, 0x0CBC, 0x0FF5, 0x70FD, 0x30FD, 0x8DDC, 0x8AAB, 0x298B, 0xA99B, 0xEBAB, 0x2CC4, 0xADDC, 
  0x6BCC, 0x4762, 0x4952, 0x685A, 0x2983, 0xCEF4, 0x6BF3, 0x2FFD, 0xC9AB, 0x8AA3, 0x30FD, 0x4BFB, 0xEBFA, 0x8BF3, 0x10FD, 0x6DCC, 
  0xA762, 0x8952, 0x0642, 0x4A93, 0x30F5, 0xEFFC, 0x0EFD, 0x0FF5, 0xE97A, 0x0B6B, 0x0963, 0x296B, 0xC862, 0x6A73, 0xC862, 0x8752, 
  0x0963, 0x2A6B, 0x0973, 0x8A7B, 0x8A73, 0x0863, 0xE962, 0xE962, 0x0863, 0x875A, 0x096B, 0x4A73, 0x4652, 0x2A6B, 0xC862, 0x885A, 
  0xA85A, 0xC85A, 0x6A73, 0xC862, 0xA85A, 0x4852, 0xA95A, 0xA95A, 0x4973, 0xAA7B, 0xA95A, 0x6852, 0x0A6B, 0x296B, 0x4A73, 0x496B, 
  0xAA7B, 0x2A6B, 0xC862, 0x6A73, 0x6A73, 0xE962, 0xE962, 0xE862, 0x296B, 0x496B, 0x2A6B, 0xC85A, 0xA85A, 0xA95A, 0xCB7B, 0x6A7B, 
  0xC962, 0xC95A, 0xEA72, 0xAAA3, 0x0FFD, 0x31F5, 0xD4F5, 0x8882, 0xCAA3, 0x6EFC, 0xEBF2, 0x2BFB, 0x0CFB, 0x0CFB, 0x2BFB, 0xCAFA, 
  0xD7F5, 0x19F7, 0xC5F6, 0xE0FF, 0xC1FF, 0xC0FF, 0xC0FF, 0xC1FF, 0xC0FF, 0xC1FF, 0xC1FF, 0xC1FF, 0xC1FF, 0xC1FF, 0xC1FF, 0xC1FF, 
  0xC1FF, 0xC1FF, 0xC1FF, 0xC1FF, 0xC1FF, 0xC1FF, 0xC1FF, 0xC1FF, 0xC1FF, 0xC1FF, 0xC1FF, 0xC1FF, 0xC0FF, 0xC0FF, 0xC0FF, 0xC1FF, 
  0x04FF, 0xE0FF, 0xC0FF, 0xC0FF, 0xC0FF, 0xC1FF, 0xC1FF, 0xC1FF, 0xC1FF, 0xC1FF, 0xC1FF, 0xC1FF, 0xC1FF, 0xC1FF, 0xC1FF, 0xC1FF, 
  0xC1FF, 0xC0FF, 0xE0FF, 0xC1FF, 0xC0FF, 0xC0FF, 0xC1FF, 0xC1FF, 0xC0FF, 0xC0FF, 0xE2FF, 0x84F7, 0xA5A4, 0xC772, 0x4B93, 0xAED4, 
  0x2EFD, 0xCEFC, 0x8EFC, 0xCEFC, 0xEEFC, 0xEFFC, 0xCEFC, 0xEFFC, 0xEEFC, 0xEEFC, 0xEFFC, 0xEFFC, 0xEEFC, 0xEFFC, 0x8DEC, 0xC993, 
  0x6C9C, 0xEB8B, 0x086B, 0x096B, 0x4973, 0x6973, 0x8A7B, 0x2873, 0x697B, 0x296B, 0x296B, 0xAA7B, 0xAB7B, 0xC862, 0x2873, 0x4B94, 
  0x2A8C, 0x496B, 0x6973, 0xEA83, 0x897B, 0xA762, 0xC85A, 0xA95A, 0x6852, 0xA85A, 0x8752, 0x2A6B, 0x895A, 0xC952, 0x674A, 0x298B, 
  0x8DCC, 0x0EED, 0xEFEC, 0x6DD4, 0x69A3, 0x8A8B, 0x0963, 0x4752, 0x8B7B, 0x697B, 0x8A9B, 0x6DDC, 0xCEDC, 0xEB9B, 0x665A, 0x4CCC, 
  0x30FD, 0x6DCC, 0xA76A, 0xECBB, 0x0FFD, 0x2FFD, 0xADDC, 0xAAB3, 0xA782, 0x098B, 0xCAAB, 0x8CD4, 0x4FFD, 0x10F5, 0xCBBB, 0x2983, 
  0x4BA4, 0xE95A, 0xE962, 0xA85A, 0xE772, 0xAFEC, 0x0CF3, 0x0EFC, 0x0FFD, 0xC782, 0x8ED4, 0x8FFC, 0x0CF3, 0x0BFB, 0x6BF3, 0xEFFC, 
  0x4DC4, 0xA852, 0x885A, 0x8752, 0xECAB, 0x10FD, 0xCEFC, 0x30FD, 0x6DD4, 0x2652, 0x6852, 0x2A6B, 0x6A73, 0xEB83, 0xCB83, 0x296B, 
  0x274A, 0x8B83, 0xACB4, 0x297B, 0x0A6B, 0x8983, 0xAA83, 0x296B, 0x096B, 0x895A, 0x2A6B, 0x4A73, 0xE962, 0x6973, 0xEB8B, 0xA85A, 
  0xAA5A, 0x684A, 0x0963, 0x096B, 0xA85A, 0x0A6B, 0x4A6B, 0x0863, 0x4973, 0xE862, 0xA85A, 0xE862, 0x4973, 0xE86A, 0x296B, 0xA85A, 
  0xE962, 0xE962, 0xE862, 0xE962, 0xA75A, 0x286B, 0xAA7B, 0xE962, 0xA85A, 0xA85A, 0x064A, 0xA85A, 0xA85A, 0xA95A, 0x296B, 0x0863, 
  0xE96A, 0xA852, 0x6752, 0x2752, 0x8DDC, 0xD0FC, 0xF6F5, 0x0EBC, 0x8762, 0x8DD4, 0x8DFB, 0xEAFA, 0x0CFB, 0x0BFB, 0x0BFB, 0xEAF2, 
  0xD1F4, 0x9CFF, 0x29EE, 0xC1FF, 0xE0FF, 0xC1FF, 0xC0FF, 0xC1FF, 0xE0FF, 0xC1FF, 0xC1FF, 0xC1FF, 0xC1FF, 0xC1FF, 0xC1FF, 0xC1FF, 
  0xC1FF, 0xC1FF, 0xC1FF, 0xC1FF, 0xC1FF, 0xC1FF, 0xC1FF, 0xC1FF, 0xC1FF, 0xC1FF, 0xC1FF, 0xC1FF, 0xC0FF, 0xC0FF, 0xC0FF, 0xC1FF, 
  0x04FF, 0xE0FF, 0xC0FF, 0xC0FF, 0xC0FF, 0xC1FF, 0xC1FF, 0xC1FF, 0xC1FF, 0xC1FF, 0xC1FF, 0xC1FF, 0xC1FF, 0xC1FF, 0xC1FF, 0xC1FF, 
  0xC1FF, 0xC1FF, 0xC1FF, 0xC0FF, 0xC0FF, 0xC1FF, 0xE0FF, 0xC0FF, 0xC1FF, 0xC0FF, 0xC0FF, 0xE1FF, 0xE3FF, 0x07D6, 0x467B, 0x8662, 
  0x0CA4, 0xADE4, 0xEDFC, 0xEEFC, 0xEFFC, 0xEEFC, 0xEFFC, 0xEEFC, 0xEFFC, 0xCEFC, 0xEEFC, 0xEFFC, 0xEEFC, 0xCEFC, 0x8EFC, 0xAAA3, 
  0x897B, 0x2973, 0xA85A, 0x4A73, 0x296B, 0x4A73, 0x697B, 0xAA7B, 0x4973, 0xE962, 0x8852, 0xC962, 0x4973, 0xE862, 0xE96A, 0xE962, 
  0x875A, 0xE962, 0xE862, 0x096B, 0x096B, 0x0863, 0x0963, 0xE95A, 0xA852, 0x0973, 0x4993, 0x2893, 0x498B, 0x8A7B, 0x296B, 0x8752, 
  0x875A, 0xE862, 0x086B, 0xC76A, 0xA862, 0x2A6B, 0xC86A, 0x698B, 0x6DD4, 0x0FF5, 0x0EED, 0x0BBC, 0x6A8B, 0x0863, 0x4CBC, 0x50FD, 
  0x4DC4, 0xA672, 0x6DCC, 0x10FD, 0xEEEC, 0x699B, 0xE882, 0xABA3, 0x6DD4, 0x0EFD, 0x70FD, 0x30FD, 0xECBB, 0xE87A, 0x474A, 0x2A63, 
  0x4973, 0xE862, 0x096B, 0x0A63, 0x0973, 0xAEE4, 0x4BFB, 0xEAF2, 0xEFFC, 0x4DCC, 0xE882, 0x0FF5, 0xECFB, 0x0BF3, 0x0BFB, 0x6BF3, 
  0x0FFD, 0xCAAB, 0x875A, 0x8852, 0xA76A, 0xEEE4, 0x2FFD, 0x0FFD, 0x30FD, 0x8A9B, 0xE962, 0x4A73, 0x296B, 0xC862, 0x296B, 0xC95A, 
  0xA95A, 0xC862, 0x0863, 0x296B, 0x885A, 0x6A73, 0x4A73, 0x096B, 0x0963, 0xE95A, 0x8852, 0x274A, 0x6A7B, 0xCB8B, 0x0873, 0x096B, 
  0xA85A, 0x4852, 0xA95A, 0x0963, 0xC95A, 0xE962, 0x875A, 0x6A7B, 0xE862, 0x8852, 0xC95A, 0x0963, 0x897B, 0xEB8B, 0x6752, 0x8852, 
  0x885A, 0x885A, 0x0963, 0x885A, 0x6852, 0x695A, 0x885A, 0x0963, 0x8B73, 0xC962, 0xA85A, 0x8A7B, 0x4A73, 0xC962, 0xA75A, 0x0963, 
  0xE96A, 0xA85A, 0x0A63, 0x8852, 0x6A93, 0xEFFC, 0x52F5, 0x53ED, 0xC77A, 0xCA9B, 0x8EFC, 0xEBFA, 0x0BFB, 0x0BFB, 0x0CFB, 0x0BFB, 
  0xCEF3, 0x9EFF, 0x2FE6, 0x62FF, 0xE0FF, 0xC1FF, 0xC0FF, 0xC1FF, 0xC0FF, 0xC1FF, 0xC1FF, 0xC1FF, 0xC1FF, 0xC1FF, 0xC1FF, 0xC1FF, 
  0xC1FF, 0xC1FF, 0xC1FF, 0xC1FF, 0xC1FF, 0xC1FF, 0xC1FF, 0xC1FF, 0xC1FF, 0xC1FF, 0xC1FF, 0xC1FF, 0xC0FF, 0xC0FF, 0xC0FF, 0xC1FF, 
  0x04FF, 0xE0FF, 0xC0FF, 0xC0FF, 0xC0FF, 0xC1FF, 0xC1FF, 0xC1FF, 0xC1FF, 0xC1FF, 0xC1FF, 0xC1FF, 0xC1FF, 0xC1FF, 0xC1FF, 0xC1FF, 
  0xC1FF, 0xC1FF, 0xC1FF, 0xC0FF, 0xC1FF, 0xC1FF, 0xC1FF, 0xC0FF, 0xC1FF, 0xC0FF, 0xC1FF, 0xC1FF, 0xC0FF, 0xE2FF, 0x85FF, 0x67C5, 
  0xA98B, 0x8A83, 0x6993, 0xAEE4, 0xEFFC, 0xCEFC, 0xCEFC, 0xEEFC, 0xEEFC, 0xEFFC, 0xEEFC, 0xEEFC, 0x0FFD, 0xCEFC, 0x10FD, 0x6A9B, 
  0x254A, 0x296B, 0xCA7B, 0x496B, 0xC85A, 0xC962, 0xC862, 0x096B, 0xC862, 0x6852, 0xA95A, 0xC85A, 0x8A73, 0x6A73, 0xC85A, 0xC95A, 
  0xE962, 0x4973, 0xEB83, 0x2973, 0xE862, 0x096B, 0x296B, 0x296B, 0x0973, 0xCBBB, 0x73F5, 0xB5F5, 0xB0E4, 0x89AB, 0x4973, 0x096B, 
  0x4B73, 0xC85A, 0xAAA3, 0xEFDC, 0xA76A, 0x4A93, 0xADE4, 0x30FD, 0xAEDC, 0xAAA3, 0x298B, 0xE86A, 0xE86A, 0x2CC4, 0x30FD, 0xADD4, 
  0x6883, 0x4CCC, 0x50FD, 0xAEEC, 0x8772, 0x8A9B, 0xCEF4, 0x2EFD, 0x4FFD, 0x2FFD, 0x2CC4, 0x0873, 0x2742, 0x484A, 0xC85A, 0xC85A, 
  0xE86A, 0x4A83, 0x0963, 0xC85A, 0x0873, 0x0BCC, 0x2EFC, 0x50EC, 0xAAEB, 0x51FD, 0x6A9B, 0x288B, 0x2FFD, 0x8CF3, 0xEBFA, 0x0BFB, 
  0xCCFB, 0x0FFD, 0xEAA3, 0x0A6B, 0x096B, 0xCAA3, 0x2FFD, 0xEFFC, 0xEFFC, 0xAEE4, 0x8762, 0x496B, 0x4A73, 0x086B, 0xC95A, 0xE641, 
  0x6852, 0xC75A, 0x496B, 0xCA62, 0x274A, 0xA95A, 0xC85A, 0x8B7B, 0x296B, 0xE962, 0x6852, 0xA95A, 0xE962, 0x8B7B, 0x0A6B, 0xC85A, 
  0xA85A, 0xC962, 0xA852, 0xA85A, 0xC85A, 0xE962, 0xE962, 0x096B, 0x096B, 0x6852, 0xA85A, 0x296B, 0xCB83, 0x897B, 0xE962, 0xC95A, 
  0x6752, 0xE962, 0x2A6B, 0x0963, 0xEA62, 0xEA5A, 0xA95A, 0x8852, 0x6A73, 0x0963, 0x4B73, 0x6A73, 0x0863, 0xA85A, 0x2973, 0x296B, 
  0xA95A, 0xA862, 0xE862, 0x096B, 0xC862, 0x6CD4, 0xF0FC, 0x74F5, 0x8BA3, 0x875A, 0x4CCC, 0xECFB, 0xCBFA, 0x2BFB, 0x0CFB, 0x2BFB, 
  0x0BF3, 0x1DFF, 0x96F6, 0xE4FE, 0xE0FF, 0xC1FF, 0xC0FF, 0xC1FF, 0xC1FF, 0xC1FF, 0xC1FF, 0xC1FF, 0xC1FF, 0xC1FF, 0xC1FF, 0xC1FF, 
  0xC1FF, 0xC1FF, 0xC1FF, 0xC1FF, 0xC1FF, 0xC1FF, 0xC1FF, 0xC1FF, 0xC1FF, 0xC1FF, 0xC1FF, 0xC1FF, 0xC0FF, 0xC0FF, 0xC0FF, 0xC1FF, 
  0x04FF, 0xE0FF, 0xC0FF, 0xC0FF, 0xC0FF, 0xC1FF, 0xC1FF, 0xC1FF, 0xC1FF, 0xC1FF, 0xC1FF, 0xC1FF, 0xC1FF, 0xC1FF, 0xC1FF, 0xC1FF, 
  0xC1FF, 0xC1FF, 0xC1FF, 0xC1FF, 0xC1FF, 0xC0FF, 0xC1FF, 0xC1FF, 0xC0FF, 0xC1FF, 0xC1FF, 0xC1FF, 0xC1FF, 0xC0FF, 0xC0FF, 0xC3FF, 
  0xA7EE, 0x289C, 0xA762, 0x8A8B, 0x8CCC, 0x0EFD, 0xEEFC, 0xCFFC, 0xCEFC, 0xEEFC, 0xCFFC, 0xEFFC, 0xCFFC, 0xCEFC, 0x2FFD, 0x4DCC, 
  0x875A, 0x4A73, 0xA97B, 0xE862, 0x8B7B, 0x296B, 0x4873, 0x8A7B, 0x4A73, 0x6852, 0x484A, 0x8852, 0xC85A, 0xE962, 0x274A, 0xA95A, 
  0xE962, 0xC762, 0xAB7B, 0x4A7B, 0x0863, 0x296B, 0xC85A, 0x8752, 0x2AA3, 0xF7F5, 0xFFFF, 0xFFFF, 0x9EFF, 0x53ED, 0xE98A, 0x8752, 
  0xE962, 0xE96A, 0xEFFC, 0x0BCC, 0xAAB3, 0x70FD, 0x6CDC, 0x889B, 0x897B, 0x2863, 0xAA8B, 0xCAA3, 0xADE4, 0x30FD, 0x2CC4, 0xA772, 
  0x6DCC, 0x2FFD, 0x2FFD, 0xAAA3, 0x699B, 0x0FFD, 0xCEFC, 0xEFFC, 0xEEEC, 0x498B, 0x2852, 0x6852, 0xE97A, 0x4A8B, 0x6A8B, 0xA993, 
  0xCA8B, 0x6973, 0x4A6B, 0x6A83, 0x4A73, 0x0BBC, 0x90F4, 0xBAF6, 0x6CEB, 0xAEFC, 0xCEDC, 0x2652, 0x6A9B, 0xF0FC, 0x6BF3, 0x0BFB, 
  0x0AFB, 0x4EFC, 0xEEEC, 0xA762, 0xE862, 0x4983, 0xCEE4, 0xEEFC, 0xEFFC, 0x2FFD, 0xCAA3, 0xA85A, 0xA85A, 0x4973, 0x2A6B, 0x8B7B, 
  0xAB83, 0xEB8B, 0xEA8B, 0x096B, 0x0A6B, 0x6852, 0x6852, 0xC95A, 0xA85A, 0x0A6B, 0xE962, 0x0963, 0xA85A, 0x6852, 0xC95A, 0x8752, 
  0xE962, 0x0A6B, 0x8852, 0x0A63, 0x8852, 0x0963, 0x296B, 0xE862, 0xC862, 0xE962, 0x4A73, 0x897B, 0x2973, 0xC85A, 0xE962, 0x296B, 
  0xC95A, 0xA85A, 0xE962, 0xC85A, 0xE962, 0x8752, 0x885A, 0xA85A, 0xC862, 0x0963, 0xC862, 0xA75A, 0xA852, 0xEA62, 0x0A6B, 0xE86A, 
  0x885A, 0xC962, 0x2973, 0x6A7B, 0x0963, 0xE87A, 0xEFF4, 0x31FD, 0x6EDC, 0x8862, 0x298B, 0x0FFD, 0x4DF3, 0x0BFB, 0x2CFB, 0x0BFB, 
  0xCAF2, 0x18F6, 0x3CF7, 0x28EE, 0xE1FF, 0xC0FF, 0xC0FF, 0xE1FF, 0xC0FF, 0xC1FF, 0xC1FF, 0xC1FF, 0xC1FF, 0xC1FF, 0xC1FF, 0xC1FF, 
  0xC1FF, 0xC1FF, 0xC1FF, 0xC1FF, 0xC1FF, 0xC1FF, 0xC1FF, 0xC1FF, 0xC1FF, 0xC1FF, 0xC1FF, 0xC1FF, 0xC0FF, 0xC0FF, 0xC0FF, 0xC1FF, 
  0x04FF, 0xE0FF, 0xC0FF, 0xC0FF, 0xC0FF, 0xC1FF, 0xC1FF, 0xC1FF, 0xC1FF, 0xC1FF, 0xC1FF, 0xC1FF, 0xC1FF, 0xC1FF, 0xC1FF, 0xC1FF, 
  0xC1FF, 0xC1FF, 0xC1FF, 0xC1FF, 0xC1FF, 0xC1FF, 0xC1FF, 0xC1FF, 0xC1FF, 0xC1FF, 0xC1FF, 0xC1FF, 0xC1FF, 0xC1FF, 0xC1FF, 0xC0FF, 
  0xE1FF, 0x84FF, 0xC6CD, 0x6773, 0xC862, 0x899B, 0xCEEC, 0x2FFD, 0xEFFC, 0xEEFC, 0x0FFD, 0xEEFC, 0xEFFC, 0xEFFC, 0x2EFD, 0x8DDC, 
  0x0973, 0x2A6B, 0xC762, 0x4A73, 0x8A7B, 0x897B, 0xAA83, 0x6973, 0x4973, 0xE962, 0x4852, 0x6852, 0xC962, 0x0A6B, 0x2A6B, 0x2A6B, 
  0x6B73, 0x2A6B, 0xC75A, 0x096B, 0xC95A, 0xCA62, 0xC95A, 0x6752, 0x0ED4, 0x1CFF, 0xB9EE, 0xB9F6, 0xFFF7, 0x3DFF, 0xECBB, 0x875A, 
  0xE962, 0x4A93, 0xEFF4, 0x2BD4, 0x0FFD, 0xCCAB, 0xE972, 0x0A8C, 0xC86A, 0x4A93, 0xAEDC, 0x50FD, 0xCEE4, 0x0BAC, 0x498B, 0x6DDC, 
  0x10FD, 0x0FFD, 0x6DDC, 0xAAAB, 0x2FFD, 0xCEFC, 0xEFFC, 0x2FF5, 0x2883, 0xE87A, 0xCBAB, 0x6DD4, 0x8DCC, 0xEBAB, 0x6A8B, 0xCB83, 
  0x8A7B, 0x0863, 0xC85A, 0xC86A, 0xA852, 0x4993, 0x4EF4, 0x3CF7, 0x55F5, 0x8AF3, 0x70FD, 0x8B9B, 0x6752, 0xEBAB, 0xCFFC, 0x0BFB, 
  0x0BFB, 0x2BF3, 0xF0FC, 0xEBB3, 0x496B, 0x8A7B, 0x0BBC, 0x2EFD, 0xEEF4, 0x2FFD, 0xCDE4, 0xC86A, 0xA95A, 0x8A73, 0x2973, 0x8A7B, 
  0x697B, 0x697B, 0x296B, 0xA85A, 0xC75A, 0x0963, 0xA95A, 0x8852, 0x8852, 0x6852, 0x885A, 0xA85A, 0x096B, 0x885A, 0xC95A, 0xC95A, 
  0x2A6B, 0xA85A, 0x6852, 0xA85A, 0x6852, 0xC862, 0xE862, 0x2A6B, 0xAA7B, 0x4973, 0x496B, 0x296B, 0xE96A, 0x6852, 0x6752, 0x4973, 
  0xE962, 0xEA5A, 0xC85A, 0xC862, 0x885A, 0x096B, 0xEB83, 0xE962, 0xE962, 0x4A73, 0x496B, 0x6A73, 0xE862, 0xC962, 0xE962, 0xCA8B, 
  0xCB9B, 0x8762, 0x4A8B, 0x0963, 0x0863, 0x675A, 0x6A93, 0x2DE4, 0x4EFC, 0x6A8B, 0xE96A, 0xADDC, 0xAEFC, 0x6BF3, 0x0AFB, 0x0CFB, 
  0xCAF2, 0xD2F4, 0xDFFF, 0xAEED, 0xA3FF, 0xC0FF, 0xC1FF, 0xC0FF, 0xC0FF, 0xC1FF, 0xC1FF, 0xC1FF, 0xC1FF, 0xC1FF, 0xC1FF, 0xC1FF, 
  0xC1FF, 0xC1FF, 0xC1FF, 0xC1FF, 0xC1FF, 0xC1FF, 0xC1FF, 0xC1FF, 0xC1FF, 0xC1FF, 0xC1FF, 0xC1FF, 0xC0FF, 0xC0FF, 0xC0FF, 0xC1FF, 
  0x04FF, 0xE0FF, 0xC0FF, 0xC0FF, 0xC0FF, 0xC1FF, 0xC1FF, 0xC1FF, 0xC1FF, 0xC1FF, 0xC1FF, 0xC1FF, 0xC1FF, 0xC1FF, 0xC1FF, 0xC1FF, 
  0xC1FF, 0xC1FF, 0xC1FF, 0xC1FF, 0xC1FF, 0xC1FF, 0xC1FF, 0xC1FF, 0xC1FF, 0xC1FF, 0xC1FF, 0xC1FF, 0xC1FF, 0xC1FF, 0xC0FF, 0xE1FF, 
  0xC2F7, 0xC0FF, 0xE2FF, 0xE6F6, 0x2ACD, 0x2783, 0xA772, 0x4DC4, 0x4FFD, 0x2FFD, 0xEEF4, 0x0EFD, 0x0FFD, 0xCFFC, 0x2FFD, 0xADDC, 
  0xE86A, 0xC962, 0x296B, 0xE962, 0x496B, 0xA97B, 0x086B, 0xA85A, 0x4A6B, 0x2A6B, 0x4752, 0xA95A, 0x895A, 0xE962, 0xC862, 0xC862, 
  0xA85A, 0xA95A, 0xC95A, 0x0A6B, 0x8852, 0x4A73, 0x296B, 0x6762, 0xD1DC, 0xB9F6, 0xF3EC, 0xAFE3, 0x7DFF, 0xBEFF, 0xCFE4, 0x2BA4, 
  0x6973, 0xA99B, 0x2FFD, 0xCDF4, 0x6CD4, 0x875A, 0x497B, 0x6CC4, 0x8EE4, 0x30F5, 0x6DCC, 0x4883, 0x498B, 0x0AAC, 0xCDEC, 0x4FFD, 
  0xEEF4, 0x6DDC, 0x289B, 0xAEEC, 0xEFFC, 0xEEFC, 0x0EF5, 0x89AB, 0xEBB3, 0xCFE4, 0x0BB4, 0x4983, 0xE86A, 0xC85A, 0xC862, 0xC962, 
  0xEA62, 0x074A, 0x884A, 0x674A, 0x4742, 0x097B, 0x2DF4, 0x59FE, 0x3DFF, 0x6CF3, 0xCEFC, 0x4DDC, 0x096B, 0xC85A, 0x0DC4, 0x4DFC, 
  0xEBFA, 0x2CFB, 0xACFB, 0x10FD, 0x6993, 0x885A, 0x6A8B, 0x2EFD, 0xCFFC, 0xEFFC, 0x4FFD, 0x6A9B, 0x8752, 0xA95A, 0x486B, 0x897B, 
  0xE86A, 0x096B, 0xA95A, 0xA852, 0x0963, 0x8852, 0x484A, 0xA95A, 0x6852, 0x8952, 0x0A6B, 0xE962, 0x0963, 0x885A, 0x474A, 0x2A6B, 
  0x4A6B, 0xC85A, 0xA85A, 0x2A6B, 0x4A73, 0x296B, 0x296B, 0x8A7B, 0xE862, 0x2A6B, 0x2A6B, 0x4873, 0xE96A, 0xC85A, 0xC95A, 0xC862, 
  0xA852, 0x4852, 0xC85A, 0xC85A, 0xA95A, 0x2973, 0x6973, 0xA85A, 0xA95A, 0xC85A, 0xE862, 0xEA6A, 0x086B, 0x697B, 0x8A73, 0x077B, 
  0xEFEC, 0xE87A, 0x086B, 0x6A6B, 0x2A63, 0x885A, 0x674A, 0x2A8B, 0xCCF3, 0xCBCB, 0xE86A, 0xAA93, 0x0EFD, 0xAEFC, 0x6BF3, 0x0CFB, 
  0x0BFB, 0xADEB, 0xBEFF, 0xD4F5, 0xE3F6, 0xE0FF, 0xC1FF, 0xC0FF, 0xC1FF, 0xC1FF, 0xC1FF, 0xC1FF, 0xC1FF, 0xC1FF, 0xC1FF, 0xC1FF, 
  0xC1FF, 0xC1FF, 0xC1FF, 0xC1FF, 0xC1FF, 0xC1FF, 0xC1FF, 0xC1FF, 0xC1FF, 0xC1FF, 0xC1FF, 0xC1FF, 0xC0FF, 0xC0FF, 0xC0FF, 0xC1FF, 
  0x04FF, 0xE0FF, 0xC0FF, 0xC0FF, 0xC0FF, 0xC1FF, 0xC1FF, 0xC1FF, 0xC1FF, 0xC1FF, 0xC1FF, 0xC1FF, 0xC1FF, 0xC1FF, 0xC1FF, 0xC1FF, 
  0xC1FF, 0xC1FF, 0xC1FF, 0xC1FF, 0xC1FF, 0xC1FF, 0xC1FF, 0xC1FF, 0xC1FF, 0xC1FF, 0xC1FF, 0xC1FF, 0xC1FF, 0xC1FF, 0xC0FF, 0xC0FF, 
  0xC0FF, 0xC1FF, 0xC0FF, 0xE0FF, 0xE2FF, 0xC4EE, 0x86A4, 0x665A, 0x0A8B, 0xAFE4, 0x10FD, 0xEFFC, 0xCEFC, 0x6EF4, 0xEFFC, 0x8DD4, 
  0xC762, 0xA85A, 0xC85A, 0xE962, 0x4A6B, 0x6973, 0x0963, 0x885A, 0xC962, 0xE962, 0xE862, 0xE962, 0xA85A, 0x4A73, 0x086B, 0xE862, 
  0xE962, 0xE962, 0xC95A, 0x885A, 0xC85A, 0xE962, 0xE86A, 0x2983, 0xB1E4, 0xFBFE, 0x75ED, 0x0FE4, 0x9EFF, 0x9FFF, 0x4FE4, 0x6983, 
  0x0863, 0xAAB3, 0x10FD, 0x30FD, 0xCABB, 0xA77A, 0xEEDC, 0xADE4, 0xEBBB, 0x688B, 0x4893, 0xAAAB, 0x8EDC, 0x0FFD, 0x0FFD, 0xEFEC, 
  0x4CCC, 0x49A3, 0x2BC4, 0x30FD, 0xCFF4, 0xEEFC, 0xADEC, 0xADE4, 0x8DCC, 0xA772, 0x8862, 0x296B, 0x296B, 0xE962, 0x8752, 0xE95A, 
  0x8852, 0xE962, 0xA962, 0x8852, 0x895A, 0xC962, 0x0DDC, 0x94F5, 0xFFFF, 0xF0EB, 0x4DFC, 0x2EF5, 0xC772, 0x6852, 0xE972, 0xCEEC, 
  0x6CFB, 0x0BFB, 0xEAFA, 0x4EFC, 0xCFE4, 0xA772, 0x875A, 0xCEE4, 0xEFFC, 0xCFF4, 0x0FFD, 0xAEDC, 0x465A, 0xAA5A, 0x696B, 0x4973, 
  0xE962, 0xA95A, 0xA952, 0x8852, 0xCA5A, 0xA85A, 0xE962, 0xA85A, 0xA85A, 0xA95A, 0x6852, 0x875A, 0xE962, 0xC962, 0x474A, 0x6852, 
  0xC85A, 0xC962, 0x0963, 0xA85A, 0xE862, 0x296B, 0x296B, 0x8A73, 0x296B, 0x4A73, 0xC85A, 0x8A7B, 0x4A73, 0xC75A, 0xC85A, 0xA85A, 
  0x4752, 0xE97A, 0x0963, 0x0A63, 0x0A63, 0x4A6B, 0xC85A, 0x674A, 0xA952, 0xA85A, 0xA85A, 0x6852, 0x897B, 0xCB83, 0x296B, 0x297B, 
  0xAFE4, 0xEEE4, 0x286B, 0x6A6B, 0xC862, 0x875A, 0x8B73, 0x086B, 0xAAB3, 0xEEFB, 0x4AA3, 0x464A, 0x4DC4, 0x30FD, 0x4EFC, 0x4CFB, 
  0x0BFB, 0xEAF2, 0x79FE, 0xB9F6, 0x26EE, 0xE1FF, 0xC1FF, 0xC1FF, 0xC1FF, 0xC1FF, 0xC1FF, 0xC1FF, 0xC1FF, 0xC1FF, 0xC1FF, 0xC1FF, 
  0xC1FF, 0xC1FF, 0xC1FF, 0xC1FF, 0xC1FF, 0xC1FF, 0xC1FF, 0xC1FF, 0xC1FF, 0xC1FF, 0xC1FF, 0xC1FF, 0xC0FF, 0xC0FF, 0xC0FF, 0xC1FF, 
  0x04FF, 0xE0FF, 0xC0FF, 0xC0FF, 0xC0FF, 0xC1FF, 0xC1FF, 0xC1FF, 0xC1FF, 0xC1FF, 0xC1FF, 0xC1FF, 0xC1FF, 0xC1FF, 0xC1FF, 0xC1FF, 
  0xC1FF, 0xC1FF, 0xC1FF, 0xC1FF, 0xC1FF, 0xC1FF, 0xC1FF, 0xC1FF, 0xC1FF, 0xC1FF, 0xC1FF, 0xC1FF, 0xC1FF, 0xC1FF, 0xC1FF, 0xC1FF, 
  0xC0FF, 0xC0FF, 0xC1FF, 0xC0FF, 0xC0FF, 0xE1FF, 0xE2FF, 0xA4DE, 0xC47B, 0xC76A, 0x8B9B, 0xCEE4, 0x0FFD, 0x0FFD, 0x0FFD, 0x8DE4, 
  0x087B, 0x4A73, 0x496B, 0x875A, 0x4A6B, 0x6A73, 0x8A73, 0x096B, 0xE962, 0x096B, 0x096B, 0xE962, 0x8A7B, 0x286B, 0x6A7B, 0x8A7B, 
  0xE962, 0xC85A, 0x296B, 0xE86A, 0xE95A, 0xC95A, 0x0963, 0xA762, 0x2ED4, 0x7DFF, 0x7DFF, 0xFAF6, 0xFFFF, 0xFBFE, 0x8BB3, 0xC75A, 
  0x4A73, 0x6CD4, 0x30FD, 0xEFFC, 0x8DEC, 0xCEF4, 0xADDC, 0x89A3, 0x2BBC, 0xADDC, 0xEFFC, 0x10FD, 0x2FFD, 0x0FFD, 0xAEE4, 0x0BC4, 
  0xEBAB, 0x89AB, 0x0FFD, 0xEFFC, 0x0FFD, 0x30FD, 0x6DD4, 0x288B, 0x698B, 0x8DCC, 0x4CCC, 0x4983, 0x086B, 0x6A7B, 0x296B, 0xA95A, 
  0x885A, 0x2973, 0x2973, 0x0A63, 0x4A6B, 0x264A, 0xACBB, 0xF1F4, 0xDEFF, 0xF4EC, 0xABF3, 0x6FFD, 0x8BA3, 0xE962, 0xC85A, 0xCBAB, 
  0x6EFC, 0xEBFA, 0x2BFB, 0x4BF3, 0xCFFC, 0x4DCC, 0x675A, 0x0CB4, 0x4FFD, 0xEFFC, 0x0EFD, 0x2FFD, 0x6A93, 0x8852, 0xC962, 0xE862, 
  0x496B, 0x2A6B, 0xE962, 0xC95A, 0x284A, 0x096B, 0xAA83, 0x086B, 0xC862, 0xA95A, 0x8852, 0xC862, 0x6A73, 0x8852, 0x484A, 0xC95A, 
  0xC95A, 0x885A, 0xC962, 0xC862, 0xC85A, 0x096B, 0x096B, 0xA85A, 0xE862, 0x2A6B, 0x296B, 0x0B8C, 0x697B, 0x096B, 0x296B, 0x2A63, 
  0xE972, 0x6DCC, 0xC86A, 0xC95A, 0xC862, 0xE862, 0x6852, 0xC95A, 0x6752, 0xAB7B, 0x296B, 0xA97B, 0xCA83, 0x096B, 0xC862, 0x697B, 
  0x4CCC, 0x30FD, 0xABA3, 0xA75A, 0xE962, 0x8A73, 0xEA83, 0xE86A, 0xA862, 0xCDD3, 0xCDF3, 0x4A93, 0xE77A, 0x0FFD, 0xAEFC, 0x8FFC, 
  0x4BFB, 0xCAFA, 0xF3EC, 0x5DFF, 0x69ED, 0xE1FF, 0xC1FF, 0xC0FF, 0xC1FF, 0xC1FF, 0xC1FF, 0xC1FF, 0xC1FF, 0xC1FF, 0xC1FF, 0xC1FF, 
  0xC1FF, 0xC1FF, 0xC1FF, 0xC1FF, 0xC1FF, 0xC1FF, 0xC1FF, 0xC1FF, 0xC1FF, 0xC1FF, 0xC1FF, 0xC1FF, 0xC0FF, 0xC0FF, 0xC0FF, 0xC1FF, 
  0x04FF, 0xE0FF, 0xC0FF, 0xC0FF, 0xC0FF, 0xC1FF, 0xC1FF, 0xC1FF, 0xC1FF, 0xC1FF, 0xC1FF, 0xC1FF, 0xC1FF, 0xC1FF, 0xC1FF, 0xC1FF, 
  0xC1FF, 0xC1FF, 0xC1FF, 0xC1FF, 0xC1FF, 0xC1FF, 0xC1FF, 0xC1FF, 0xC1FF, 0xC1FF, 0xC1FF, 0xC1FF, 0xC1FF, 0xC1FF, 0xC1FF, 0xC1FF, 
  0xC1FF, 0xC0FF, 0xC1FF, 0xC1FF, 0xC1FF, 0xC1FF, 0xC0FF, 0xE0FF, 0xE4FF, 0x26CE, 0x657B, 0xA772, 0x4A93, 0x0CBC, 0xEEE4, 0xAEE4, 
  0xEC93, 0x2A6B, 0x4973, 0x296B, 0xC862, 0x296B, 0xA85A, 0x0963, 0xE962, 0xC85A, 0xA85A, 0xC85A, 0x286B, 0xAB83, 0x4973, 0x6A73, 
  0xC85A, 0xE85A, 0x0963, 0x096B, 0x6A73, 0x0A6B, 0x4A6B, 0xE862, 0x28A3, 0xD6F5, 0xFFFF, 0xFFFF, 0x7DFF, 0xF1E4, 0xE97A, 0x2863, 
  0x4983, 0x8EE4, 0xEEFC, 0xEEFC, 0xEFFC, 0x0FFD, 0xCEF4, 0x0FFD, 0x10FD, 0xCEFC, 0xEFFC, 0x0EF5, 0x0EFD, 0xADEC, 0x0BC4, 0x4DC4, 
  0x4993, 0xEEF4, 0xEFFC, 0x30FD, 0x6DD4, 0x6993, 0x0893, 0x4DCC, 0xCEEC, 0xCAA3, 0x687B, 0x8A83, 0xE862, 0x296B, 0x8A7B, 0x296B, 
  0x6973, 0x096B, 0xC85A, 0x2963, 0x0963, 0x685A, 0x8A9B, 0x6FFC, 0x1CFF, 0x17F6, 0x4BF3, 0x50FD, 0x0CBC, 0x885A, 0x296B, 0xE872, 
  0xAEF4, 0x2BFB, 0x2CFB, 0x0BFB, 0x6CF3, 0x10FD, 0xACA3, 0x6662, 0x0FED, 0xEFFC, 0x0EFD, 0x10FD, 0x8EE4, 0x2873, 0x4B6B, 0x8A7B, 
  0x8A83, 0x2A73, 0xA85A, 0xE962, 0xA962, 0x296B, 0xEB83, 0x2973, 0x6B7B, 0xA95A, 0x6852, 0x8852, 0x6A73, 0xE962, 0x0963, 0xC95A, 
  0x885A, 0x096B, 0x2A6B, 0x6A73, 0x8A7B, 0x4A73, 0x4B73, 0x885A, 0xE862, 0x0863, 0x8752, 0xE862, 0xE862, 0x4973, 0x4973, 0xC85A, 
  0xE87A, 0xEEEC, 0xC872, 0xC95A, 0x0963, 0xC95A, 0xC95A, 0xC95A, 0x0963, 0xEB8B, 0x096B, 0x296B, 0x2A73, 0xA95A, 0x675A, 0x096B, 
  0x6CCC, 0x0FFD, 0xEEF4, 0xA86A, 0x6A7B, 0x8973, 0x4A6B, 0x0A73, 0x674A, 0x2973, 0x0EEC, 0xCDFB, 0xABB3, 0x699B, 0x10FD, 0x2FFD, 
  0x6DFC, 0x0BFB, 0x8DF3, 0xFDFE, 0x4EED, 0x64FF, 0xE1FF, 0xC0FF, 0xC1FF, 0xC1FF, 0xC1FF, 0xC1FF, 0xC1FF, 0xC1FF, 0xC1FF, 0xC1FF, 
  0xC1FF, 0xC1FF, 0xC1FF, 0xC1FF, 0xC1FF, 0xC1FF, 0xC1FF, 0xC1FF, 0xC1FF, 0xC1FF, 0xC1FF, 0xC1FF, 0xC0FF, 0xC0FF, 0xC0FF, 0xC1FF, 
  0x04FF, 0xE0FF, 0xC0FF, 0xC0FF, 0xC0FF, 0xC1FF, 0xC1FF, 0xC1FF, 0xC1FF, 0xC1FF, 0xC1FF, 0xC1FF, 0xC1FF, 0xC1FF, 0xC1FF, 0xC1FF, 
  0xC1FF, 0xC1FF, 0xC1FF, 0xC1FF, 0xC1FF, 0xC1FF, 0xC1FF, 0xC1FF, 0xC1FF, 0xC1FF, 0xC1FF, 0xC1FF, 0xC1FF, 0xC1FF, 0xC1FF, 0xC0FF, 
  0xC1FF, 0xC1FF, 0xC1FF, 0xC1FF, 0xC0FF, 0xC1FF, 0xC1FF, 0xC0FF, 0xC0FF, 0xE3FF, 0x85FF, 0x47BD, 0xE772, 0x4752, 0xC862, 0x688B, 
  0x6883, 0xC862, 0x0A6B, 0x096B, 0xC85A, 0xE85A, 0xE962, 0x2A6B, 0x4A6B, 0xC862, 0xA85A, 0x2A6B, 0x496B, 0xE96A, 0x685A, 0x096B, 
  0xAB7B, 0xC95A, 0xC962, 0x4A6B, 0x086B, 0x875A, 0xC962, 0x885A, 0xE86A, 0xECC3, 0x33ED, 0xF5ED, 0x90DC, 0xE882, 0xA862, 0x296B, 
  0x698B, 0x2EF4, 0x0CF4, 0x30FD, 0xEFFC, 0xEEFC, 0x0FFD, 0xEFFC, 0xCEFC, 0xEFFC, 0xCEFC, 0xCEFC, 0xCFFC, 0x0EF5, 0xCEE4, 0x089B, 
  0xAEE4, 0x30FD, 0xEDEC, 0x89A3, 0xC882, 0xECC3, 0x51F5, 0x2CBC, 0x087B, 0xE862, 0x6A73, 0x296B, 0x2A6B, 0xE962, 0xE962, 0xCB83, 
  0x496B, 0xA85A, 0x8852, 0xC862, 0x6852, 0xEA6A, 0x6983, 0x4DF4, 0x38F6, 0xDAFE, 0x2BF3, 0x0FFD, 0xCEE4, 0x475A, 0xA852, 0xE862, 
  0x4CCC, 0xEDFB, 0xEBFA, 0x4CFB, 0x0BF3, 0xCDFB, 0x10F5, 0x866A, 0xABB3, 0x2FFD, 0xEEFC, 0xEFFC, 0x0FFD, 0xAAAB, 0xC85A, 0xCA83, 
  0xCB8B, 0xC862, 0xC85A, 0xA85A, 0xE962, 0x0963, 0x0863, 0x086B, 0x296B, 0x4A73, 0xE962, 0x6752, 0xE862, 0x885A, 0x474A, 0x6852, 
  0x6B73, 0x8A73, 0xA85A, 0x0963, 0xA85A, 0xA762, 0x4A73, 0x0963, 0x6852, 0x0A6B, 0x0A6B, 0x096B, 0x6973, 0xCA83, 0xAB83, 0x2A63, 
  0xC772, 0xCEEC, 0xECA3, 0xC95A, 0x8752, 0x6852, 0xA85A, 0xA862, 0x6A73, 0x8A7B, 0xA75A, 0x296B, 0xC85A, 0xC95A, 0xAA83, 0x4873, 
  0xADD4, 0x2FFD, 0x50FD, 0x2DC4, 0xA762, 0x296B, 0x474A, 0x6852, 0x695A, 0x8852, 0xA86A, 0x8BD3, 0xEDFB, 0x29A3, 0x69A3, 0x0FFD, 
  0x0FFD, 0x0DF4, 0xCAF2, 0xD7F5, 0x74ED, 0x67F6, 0xE1FF, 0xC1FF, 0xC1FF, 0xC1FF, 0xC1FF, 0xC1FF, 0xC1FF, 0xC1FF, 0xC1FF, 0xC1FF, 
  0xC1FF, 0xC1FF, 0xC1FF, 0xC1FF, 0xC1FF, 0xC1FF, 0xC1FF, 0xC1FF, 0xC1FF, 0xC1FF, 0xC1FF, 0xC1FF, 0xC0FF, 0xC0FF, 0xC0FF, 0xC1FF, 
  0x04FF, 0xE0FF, 0xC0FF, 0xC0FF, 0xC0FF, 0xC1FF, 0xC1FF, 0xC1FF, 0xC1FF, 0xC1FF, 0xC1FF, 0xC1FF, 0xC1FF, 0xC1FF, 0xC1FF, 0xC1FF, 
  0xC1FF, 0xC1FF, 0xC1FF, 0xC1FF, 0xC1FF, 0xC1FF, 0xC1FF, 0xC1FF, 0xC1FF, 0xC1FF, 0xC1FF, 0xC1FF, 0xC1FF, 0xC1FF, 0xC1FF, 0xC1FF, 
  0xC1FF, 0xC1FF, 0xC1FF, 0xC1FF, 0xC0FF, 0xC1FF, 0xC1FF, 0xC0FF, 0xC0FF, 0xC1FF, 0xE0FF, 0xE2FF, 0x46F7, 0x68C5, 0x2773, 0xA852, 
  0x296B, 0x2A73, 0xA85A, 0xA85A, 0xC962, 0x096B, 0x096B, 0xE862, 0x0963, 0x096B, 0xE962, 0x4973, 0xAA7B, 0xC862, 0xA85A, 0x096B, 
  0x086B, 0x4A6B, 0x296B, 0x0A6B, 0xC862, 0x8A73, 0x096B, 0x6852, 0xE862, 0x2973, 0x088B, 0x4893, 0xC86A, 0xE962, 0xC862, 0x8752, 
  0xCB9B, 0xCDFB, 0x8BFB, 0x10FD, 0xEFFC, 0xEEFC, 0xCEFC, 0xCEFC, 0xEEFC, 0xEFFC, 0xEEFC, 0xCEFC, 0xEFFC, 0x30FD, 0x0BDC, 0x4CD4, 
  0x30FD, 0x4CCC, 0x4893, 0x0CBC, 0x50F5, 0xAEDC, 0xA882, 0xC862, 0x085B, 0x4A73, 0x0A6B, 0xE75A, 0xC75A, 0xE962, 0xE862, 0x8A7B, 
  0x8A7B, 0x086B, 0x2A6B, 0x296B, 0xC95A, 0xE962, 0xC76A, 0x8DEC, 0x33ED, 0x1BFF, 0x4CEB, 0xAEFC, 0x2FFD, 0x6A93, 0xC95A, 0x0963, 
  0x0BAC, 0x8EFC, 0x0BF3, 0xCDFB, 0xCDFB, 0xCAFA, 0x6EFC, 0xAED4, 0xE882, 0x0EF5, 0xAEFC, 0xEEFC, 0x0FFD, 0xAEEC, 0xE87A, 0x285B, 
  0xE86A, 0x096B, 0x4A6B, 0x0A6B, 0xA85A, 0xA85A, 0xAB7B, 0x0B8C, 0x4973, 0x0863, 0x0963, 0xE962, 0x8952, 0x0842, 0x284A, 0x0742, 
  0xA85A, 0xC862, 0x0963, 0xA95A, 0x4852, 0x2A6B, 0x296B, 0x8852, 0xE962, 0x296B, 0x0963, 0xE962, 0x096B, 0xE96A, 0xE862, 0x095B, 
  0x8862, 0xEEEC, 0x6DD4, 0xA75A, 0xE85A, 0xCA62, 0x274A, 0x8A9B, 0xE972, 0x8952, 0xC862, 0xCB7B, 0xA75A, 0xA85A, 0x6A73, 0x2873, 
  0xAEDC, 0x2FFD, 0xEFFC, 0x0FF5, 0x4983, 0x284A, 0xA85A, 0x2963, 0x6852, 0x2852, 0x884A, 0xE76A, 0xABCB, 0x0DFC, 0x8ABB, 0xEBC3, 
  0xEFFC, 0xEFFC, 0x4AF3, 0xEEEB, 0x93EC, 0x6AFD, 0xE2FF, 0xC0FF, 0xC0FF, 0xC1FF, 0xC1FF, 0xC1FF, 0xC1FF, 0xC1FF, 0xC1FF, 0xC1FF, 
  0xC1FF, 0xC1FF, 0xC1FF, 0xC1FF, 0xC1FF, 0xC1FF, 0xC1FF, 0xC1FF, 0xC1FF, 0xC1FF, 0xC1FF, 0xC1FF, 0xC0FF, 0xC0FF, 0xC0FF, 0xC1FF, 
  0x04FF, 0xE0FF, 0xC0FF, 0xC0FF, 0xC0FF, 0xC1FF, 0xC1FF, 0xC1FF, 0xC1FF, 0xC1FF, 0xC1FF, 0xC1FF, 0xC1FF, 0xC1FF, 0xC1FF, 0xC1FF, 
  0xC1FF, 0xC1FF, 0xC1FF, 0xC1FF, 0xC1FF, 0xC1FF, 0xC1FF, 0xC1FF, 0xC1FF, 0xC1FF, 0xC1FF, 0xC1FF, 0xC1FF, 0xC1FF, 0xC1FF, 0xC1FF, 
  0xC1FF, 0xC1FF, 0xC1FF, 0xC1FF, 0xC0FF, 0xC1FF, 0xC1FF, 0xC1FF, 0xC0FF, 0xC0FF, 0xC0FF, 0xC0FF, 0xE1FF, 0xE2FF, 0x25F7, 0x66BD, 
  0xA783, 0xC862, 0xC85A, 0xC95A, 0xA95A, 0xC862, 0x8B7B, 0x0963, 0xC862, 0xE96A, 0x6A73, 0x897B, 0x096B, 0x296B, 0x6973, 0xE96A, 
  0xC962, 0x096B, 0xC962, 0xAA62, 0xE962, 0xAA7B, 0xCA7B, 0xC85A, 0x296B, 0x4973, 0xA95A, 0x8952, 0x474A, 0xC85A, 0x296B, 0xE962, 
  0x2DC4, 0x6CFB, 0x4BF3, 0xCFFC, 0xEFFC, 0xEFFC, 0xEEFC, 0xEEFC, 0xEFFC, 0xEFFC, 0x0EFD, 0x0FFD, 0xEFFC, 0xCFFC, 0xAEFC, 0xEFFC, 
  0x0BC4, 0x89A3, 0xEFEC, 0xEEF4, 0xCAA3, 0xE86A, 0x096B, 0x0963, 0xC85A, 0xC862, 0x0A63, 0x2973, 0x4A73, 0x0963, 0x0863, 0x6973, 
  0x8A7B, 0x4973, 0x2A73, 0xA85A, 0x8752, 0xC85A, 0x4A7B, 0x8DDC, 0x90F4, 0xDAFE, 0xAEF3, 0x6DFC, 0x4FFD, 0x0CB4, 0x6752, 0xC85A, 
  0x6983, 0xEFF4, 0x6CFB, 0x6BF3, 0xAFFC, 0x4BFB, 0x0BF3, 0xCFFC, 0x0BB4, 0xEBBB, 0x0FFD, 0xEEFC, 0xEFFC, 0xEFFC, 0x2CC4, 0x6A73, 
  0x6A73, 0x4973, 0x0963, 0x885A, 0x885A, 0xC95A, 0x096B, 0xE862, 0xC85A, 0x2963, 0x2A63, 0x6852, 0x284A, 0x484A, 0x484A, 0x494A, 
  0x484A, 0x885A, 0x0A6B, 0xE85A, 0xE962, 0xA85A, 0x8852, 0x2A6B, 0xC85A, 0x8752, 0x096B, 0xE862, 0x8A7B, 0xCB7B, 0xC762, 0x0963, 
  0x8862, 0xADDC, 0xEEF4, 0xE96A, 0xC85A, 0x0A6B, 0x684A, 0x2CBC, 0x4A93, 0x2742, 0xE962, 0xC85A, 0x2A6B, 0xC95A, 0xC95A, 0xC86A, 
  0xAEE4, 0x6DFC, 0xEDF3, 0x4FFD, 0x0CBC, 0x0742, 0xC962, 0xE962, 0x0A6B, 0xE962, 0xA862, 0x4973, 0x8A83, 0xACC3, 0x2EFC, 0xEBDB, 
  0xCEEC, 0x30FD, 0x8EFC, 0x2BF3, 0x0BF3, 0xABF4, 0xC4FF, 0xC0FF, 0xC0FF, 0xC1FF, 0xC1FF, 0xC1FF, 0xC1FF, 0xC1FF, 0xC1FF, 0xC1FF, 
  0xC1FF, 0xC1FF, 0xC1FF, 0xC1FF, 0xC1FF, 0xC1FF, 0xC1FF, 0xC1FF, 0xC1FF, 0xC1FF, 0xC1FF, 0xC1FF, 0xC0FF, 0xC0FF, 0xC0FF, 0xC1FF, 
  0x04FF, 0xE0FF, 0xC0FF, 0xC0FF, 0xC0FF, 0xC1FF, 0xC1FF, 0xC1FF, 0xC1FF, 0xC1FF, 0xC1FF, 0xC1FF, 0xC1FF, 0xC1FF, 0xC1FF, 0xC1FF, 
  0xC1FF, 0xC1FF, 0xC1FF, 0xC1FF, 0xC1FF, 0xC1FF, 0xC1FF, 0xC1FF, 0xC1FF, 0xC1FF, 0xC1FF, 0xC1FF, 0xC1FF, 0xC1FF, 0xC1FF, 0xC1FF, 
  0xC1FF, 0xC1FF, 0xC1FF, 0xC1FF, 0xC0FF, 0xC0FF, 0xC1FF, 0xC1FF, 0xC1FF, 0xC1FF, 0xC1FF, 0xC1FF, 0xC1FF, 0xC1F7, 0xE1FF, 0xE1FF, 
  0x64F7, 0x86BD, 0xA78B, 0xA762, 0x4B6B, 0x2963, 0xC85A, 0x2A6B, 0x6A73, 0xE862, 0x6A73, 0x8A7B, 0x8A7B, 0x8A7B, 0x286B, 0xAA7B, 
  0xCB83, 0xC75A, 0xC862, 0x8A7B, 0xE862, 0x6752, 0x4A6B, 0xA95A, 0xE862, 0x2963, 0x6852, 0x685A, 0xA85A, 0x696B, 0x296B, 0xA86A, 
  0x2DE4, 0xB1F4, 0x0EEC, 0x8DFC, 0x0FFD, 0xEFFC, 0xEFFC, 0xEFFC, 0xEFFC, 0xEFFC, 0xEFFC, 0xEFFC, 0xEFFC, 0xCEFC, 0x0FFD, 0x8DE4, 
  0x89A3, 0x50F5, 0x0BB4, 0xE762, 0xA85A, 0xE96A, 0x4A73, 0x095B, 0x096B, 0xC962, 0x8852, 0xA95A, 0xE962, 0xA85A, 0xE962, 0x6752, 
  0x0A6B, 0x4A73, 0x296B, 0xC85A, 0xE962, 0xC85A, 0xA862, 0x6CCC, 0x8EFC, 0xF7F5, 0xAEF3, 0x6EFC, 0x4FFD, 0x4CCC, 0xC96A, 0x6973, 
  0xC76A, 0x4DCC, 0x2EFC, 0x2AF3, 0xEEFC, 0x6EFC, 0xEBFA, 0x8CFB, 0xEEF4, 0xCAC3, 0xCEF4, 0xCEFC, 0xAEFC, 0xEFFC, 0xEFF4, 0xE87A, 
  0x2A6B, 0x0A6B, 0xA75A, 0x0963, 0x0963, 0xC85A, 0xA85A, 0xA85A, 0x0A6B, 0xE962, 0x674A, 0x484A, 0x6852, 0xA85A, 0x8952, 0xA952, 
  0xAA5A, 0x4852, 0x6752, 0x4A6B, 0x6A6B, 0x274A, 0x4852, 0xC962, 0xE862, 0x4A73, 0x4A6B, 0x096B, 0x086B, 0x8A7B, 0x096B, 0x096B, 
  0x875A, 0x4CCC, 0x0FFD, 0x2A8B, 0x8752, 0xA85A, 0x0742, 0x0BBC, 0x2CC4, 0x474A, 0xC95A, 0xA85A, 0xC962, 0xA95A, 0xA952, 0xE872, 
  0xEFEC, 0xACFB, 0x0BFB, 0xCEFC, 0x10F5, 0x8862, 0x8852, 0x086B, 0x0B94, 0x8983, 0x4973, 0xE962, 0xA852, 0x6752, 0x0BA3, 0xEDF3, 
  0xADFC, 0x4FFD, 0x2FFD, 0xEDFB, 0xCAFA, 0xEAF3, 0x25FF, 0xE0FF, 0xC1FF, 0xC1FF, 0xC1FF, 0xC1FF, 0xC1FF, 0xC1FF, 0xC1FF, 0xC1FF, 
  0xC1FF, 0xC1FF, 0xC1FF, 0xC1FF, 0xC1FF, 0xC1FF, 0xC1FF, 0xC1FF, 0xC1FF, 0xC1FF, 0xC1FF, 0xC1FF, 0xC0FF, 0xC0FF, 0xC0FF, 0xC1FF, 
  0x04FF, 0xE0FF, 0xC0FF, 0xC0FF, 0xC0FF, 0xC1FF, 0xC1FF, 0xC1FF, 0xC1FF, 0xC1FF, 0xC1FF, 0xC1FF, 0xC1FF, 0xC1FF, 0xC1FF, 0xC1FF, 
  0xC1FF, 0xC1FF, 0xC1FF, 0xC1FF, 0xC1FF, 0xC1FF, 0xC1FF, 0xC1FF, 0xC1FF, 0xC1FF, 0xC1FF, 0xC1FF, 0xC1FF, 0xC1FF, 0xC1FF, 0xC1FF, 
  0xC1FF, 0xC1FF, 0xC1FF, 0xC1FF, 0xC1FF, 0xC1FF, 0xC0FF, 0xC1FF, 0xC1FF, 0xC0FF, 0xC1FF, 0xC1FF, 0xC0FF, 0xC1FF, 0xC1FF, 0xC0F7, 
  0xE0FF, 0xE2FF, 0xA4FF, 0x25D6, 0xE793, 0xA86A, 0x4752, 0x8852, 0x4A6B, 0x496B, 0xC862, 0x296B, 0x086B, 0x8A7B, 0x697B, 0x086B, 
  0x296B, 0x096B, 0xE962, 0xE862, 0x296B, 0xE862, 0xA95A, 0x8852, 0x6A73, 0xCB83, 0x296B, 0x6973, 0x297B, 0x4973, 0x0963, 0x097B, 
  0x2EF4, 0xDAFE, 0xB5ED, 0x6DF4, 0x2FFD, 0x0FFD, 0xEFFC, 0xCEFC, 0xCEFC, 0xCEFC, 0xEFFC, 0xEFFC, 0xEFFC, 0xCEFC, 0x30FD, 0x2CCC, 
  0x4CD4, 0x6A93, 0x8852, 0xA84A, 0xC862, 0x8B83, 0xC96A, 0xAA8B, 0xA983, 0xAA7B, 0x6B7B, 0x885A, 0x885A, 0x4A73, 0xE862, 0xA85A, 
  0xA95A, 0xC962, 0xC85A, 0xA85A, 0x096B, 0xC85A, 0x8862, 0x6DD4, 0x8EFC, 0x12ED, 0x8DFB, 0x6EFC, 0x2FFD, 0xEEF4, 0x4A83, 0xC983, 
  0x897B, 0xABA3, 0xCEFC, 0x2BF3, 0x8EFC, 0xEFFC, 0x8CFB, 0xEBFA, 0x4DFC, 0xCDF4, 0xCEF4, 0xCEFC, 0xCFFC, 0xEFFC, 0x2EFD, 0x2DC4, 
  0xC96A, 0xC85A, 0xC85A, 0xC85A, 0xE962, 0xA85A, 0xA85A, 0xA862, 0xF0AC, 0x2973, 0xE862, 0xEA62, 0xA85A, 0xE962, 0x8852, 0x274A, 
  0xE95A, 0xC95A, 0x8752, 0xC962, 0x6852, 0x8852, 0xC95A, 0xA85A, 0xC85A, 0x0963, 0xC862, 0x2A6B, 0xC862, 0xC862, 0xC95A, 0xA85A, 
  0x4A73, 0x6DCC, 0x2FFD, 0xABB3, 0x8B83, 0xA95A, 0xE741, 0x2CBC, 0x8DDC, 0x875A, 0x6852, 0xA85A, 0x0A6B, 0x885A, 0x8852, 0xA76A, 
  0xCEF4, 0x6CFB, 0xEBFA, 0xCDF3, 0x50FD, 0x699B, 0x8752, 0x2A73, 0xE962, 0x674A, 0x885A, 0xE96A, 0x6752, 0x484A, 0x685A, 0x4A9B, 
  0x4DF4, 0xAEFC, 0x2FFD, 0xEFFC, 0x6BFB, 0x0BFB, 0x68FE, 0xE1FF, 0xC0FF, 0xC1FF, 0xC1FF, 0xC1FF, 0xC1FF, 0xC1FF, 0xC1FF, 0xC1FF, 
  0xC1FF, 0xC1FF, 0xC1FF, 0xC1FF, 0xC1FF, 0xC1FF, 0xC1FF, 0xC1FF, 0xC1FF, 0xC1FF, 0xC1FF, 0xC1FF, 0xC0FF, 0xC0FF, 0xC0FF, 0xC1FF, 
  0x04FF, 0xE0FF, 0xC0FF, 0xC0FF, 0xC0FF, 0xC1FF, 0xC1FF, 0xC1FF, 0xC1FF, 0xC1FF, 0xC1FF, 0xC1FF, 0xC1FF, 0xC1FF, 0xC1FF, 0xC1FF, 
  0xC1FF, 0xC1FF, 0xC1FF, 0xC1FF, 0xC1FF, 0xC1FF, 0xC1FF, 0xC1FF, 0xC1FF, 0xC1FF, 0xC1FF, 0xC1FF, 0xC1FF, 0xC1FF, 0xC1FF, 0xC1FF, 
  0xC1FF, 0xC1FF, 0xC1FF, 0xC1FF, 0xC1FF, 0xC1FF, 0xC0FF, 0xC0FF, 0xC0FF, 0xC0FF, 0xC0FF, 0xC0FF, 0xC0FF, 0xC0FF, 0xC0FF, 0xC1FF, 
  0xC1FF, 0xC1FF, 0xC0FF, 0xE2FF, 0xA5FF, 0x86DE, 0xC8AC, 0x267B, 0xE86A, 0xE962, 0xA85A, 0x0963, 0x2973, 0xEA83, 0x2B8C, 0x096B, 
  0xC962, 0x2963, 0x496B, 0x2A6B, 0x2A6B, 0x2A6B, 0xC962, 0x296B, 0xE862, 0xE862, 0x296B, 0xCB8B, 0x0873, 0x096B, 0xC962, 0x4993, 
  0xD0F4, 0x9FFF, 0x54ED, 0x4DFC, 0x0FFD, 0xCEFC, 0xCEFC, 0xCEFC, 0xEFFC, 0xEFFC, 0xEFFC, 0xEFFC, 0xEFFC, 0xEFFC, 0x0FFD, 0xAEE4, 
  0x49AB, 0xE77A, 0xE872, 0x2A73, 0xE85A, 0x8752, 0x086B, 0xAA83, 0x8A83, 0xC76A, 0x0963, 0xC95A, 0xC862, 0x0963, 0xE962, 0xCA5A, 
  0xA95A, 0xE962, 0x296B, 0xA95A, 0x8852, 0xA85A, 0x2852, 0x4CC4, 0xEFFC, 0x8CF3, 0x2BF3, 0xAEFC, 0xEFFC, 0x0FFD, 0x4993, 0x286B, 
  0xAA7B, 0x898B, 0x0EF5, 0x8BFB, 0x2EFC, 0x0FFD, 0x4DFC, 0x0BF3, 0x6CFB, 0xEFFC, 0xEEFC, 0xCEFC, 0xEFFC, 0x2FFD, 0x0EFD, 0x0FFD, 
  0x0983, 0xE962, 0xC85A, 0xE85A, 0xA962, 0x296B, 0xE862, 0xC862, 0x4A73, 0x2973, 0x6A7B, 0xC85A, 0x096B, 0x0963, 0x2742, 0x074A, 
  0xA85A, 0x296B, 0x096B, 0x484A, 0x4852, 0x0A63, 0x096B, 0xE962, 0xC962, 0xA85A, 0xA95A, 0xA85A, 0xA85A, 0xE95A, 0x6852, 0x274A, 
  0xC962, 0x2DBC, 0x4FFD, 0x2CCC, 0xC962, 0x274A, 0xE741, 0x2DC4, 0xEEEC, 0xA862, 0x8852, 0x6852, 0x095B, 0x4A73, 0xEA5A, 0xC872, 
  0xEEF4, 0x4CFB, 0x0BFB, 0x0BF3, 0xAEFC, 0x6DCC, 0xC85A, 0xE962, 0x096B, 0xA85A, 0x8852, 0xE962, 0x6A73, 0x096B, 0x0963, 0x8852, 
  0xC982, 0xCFEC, 0x50FD, 0x2EFD, 0x8EFC, 0xEBF2, 0x09F5, 0xE2FF, 0xC0FF, 0xC1FF, 0xC1FF, 0xC1FF, 0xC1FF, 0xC1FF, 0xC1FF, 0xC1FF, 
  0xC1FF, 0xC1FF, 0xC1FF, 0xC1FF, 0xC1FF, 0xC1FF, 0xC1FF, 0xC1FF, 0xC1FF, 0xC1FF, 0xC1FF, 0xC1FF, 0xC0FF, 0xC0FF, 0xC0FF, 0xC1FF, 
  0x04FF, 0xE0FF, 0xC0FF, 0xC0FF, 0xC0FF, 0xC1FF, 0xC1FF, 0xC1FF, 0xC1FF, 0xC1FF, 0xC1FF, 0xC1FF, 0xC1FF, 0xC1FF, 0xC1FF, 0xC1FF, 
  0xC1FF, 0xC1FF, 0xC1FF, 0xC1FF, 0xC1FF, 0xC1FF, 0xC1FF, 0xC1FF, 0xC1FF, 0xC1FF, 0xC1FF, 0xC1FF, 0xC1FF, 0xC1FF, 0xC1FF, 0xC1FF, 
  0xC1FF, 0xC1FF, 0xC1FF, 0xC1FF, 0xC1FF, 0xC1FF, 0xC1FF, 0xC1FF, 0xC1FF, 0xC1FF, 0xC1FF, 0xC1FF, 0xC1FF, 0xC1FF, 0xC1FF, 0xC1FF, 
  0xC1FF, 0xC1FF, 0xC0FF, 0xC0FF, 0xC1FF, 0xE2FF, 0xE4FF, 0x65FF, 0x26DE, 0xE8B4, 0xA88B, 0x487B, 0xC862, 0x296B, 0xC983, 0xAA7B, 
  0xA85A, 0x885A, 0xC862, 0xC95A, 0x4752, 0x6852, 0x0A6B, 0x8A7B, 0xE862, 0xC962, 0xA95A, 0xA962, 0x885A, 0xC95A, 0x8852, 0xAAC3, 
  0xD3F5, 0xBFFF, 0x4FEC, 0xAEFC, 0xEEFC, 0xCEFC, 0xCEFC, 0xEEFC, 0xEFFC, 0xEFFC, 0xCEFC, 0xEFFC, 0xEFFC, 0xEFFC, 0xCEFC, 0x0FFD, 
  0x8DE4, 0x89A3, 0x297B, 0xE862, 0x6752, 0xC95A, 0xE96A, 0x8A73, 0x2963, 0x096B, 0xA962, 0xA852, 0x0963, 0x0963, 0xC962, 0x895A, 
  0x885A, 0x875A, 0xC85A, 0xC95A, 0x8852, 0x6752, 0x6952, 0x6DC4, 0x0FFD, 0x4BFB, 0x4BFB, 0xCFFC, 0xCEFC, 0x0FFD, 0x4CC4, 0x875A, 
  0x4A73, 0x8983, 0xAEE4, 0x4DFC, 0x2DFC, 0x0FFD, 0xCEFC, 0x6CFB, 0xEBFA, 0x2DFC, 0x0EFD, 0xEEFC, 0xEFFC, 0x0FFD, 0xEEFC, 0x0FFD, 
  0x6DCC, 0xC862, 0x4973, 0x296B, 0xE962, 0xC96A, 0x875A, 0xE962, 0xC85A, 0xC95A, 0x296B, 0x296B, 0x2A73, 0xE962, 0xC95A, 0xA95A, 
  0x8852, 0xE962, 0xA95A, 0xA952, 0x0963, 0xA85A, 0x885A, 0xA85A, 0x4B6B, 0x474A, 0x6752, 0xA952, 0x6852, 0x4752, 0x8852, 0xC95A, 
  0x8852, 0x8B9B, 0x6FFD, 0x4CC4, 0x8852, 0x0A6B, 0x484A, 0x0CBC, 0xEEF4, 0x8862, 0xA85A, 0xAA62, 0x874A, 0xE86A, 0xC95A, 0xA872, 
  0xCEF4, 0x4CFB, 0x2BFB, 0x0BFB, 0x2DFC, 0xCEDC, 0xA862, 0x6852, 0xA95A, 0x2A6B, 0x096B, 0x096B, 0xAB7B, 0xC85A, 0x8852, 0x684A, 
  0x474A, 0xC87A, 0xCEE4, 0x2FFD, 0x0FFD, 0x0DF4, 0xE8F3, 0xA3FF, 0xE1FF, 0xC1FF, 0xC1FF, 0xC1FF, 0xC1FF, 0xC1FF, 0xC1FF, 0xC1FF, 
  0xC1FF, 0xC1FF, 0xC1FF, 0xC1FF, 0xC1FF, 0xC1FF, 0xC1FF, 0xC1FF, 0xC1FF, 0xC1FF, 0xC1FF, 0xC1FF, 0xC0FF, 0xC0FF, 0xC0FF, 0xC1FF, 
  0x04FF, 0xE0FF, 0xC0FF, 0xC0FF, 0xC0FF, 0xC1FF, 0xC1FF, 0xC1FF, 0xC1FF, 0xC1FF, 0xC1FF, 0xC1FF, 0xC1FF, 0xC1FF, 0xC1FF, 0xC1FF, 
  0xC1FF, 0xC1FF, 0xC1FF, 0xC1FF, 0xC1FF, 0xC1FF, 0xC1FF, 0xC1FF, 0xC1FF, 0xC1FF, 0xC1FF, 0xC1FF, 0xC1FF, 0xC1FF, 0xC1FF, 0xC1FF, 
  0xC1FF, 0xC1FF, 0xC1FF, 0xC1FF, 0xC1FF, 0xC1FF, 0xC1FF, 0xC1FF, 0xC1FF, 0xC1FF, 0xC1FF, 0xC1FF, 0xC1FF, 0xC1FF, 0xC1FF, 0xC1FF, 
  0xC0FF, 0xC0FF, 0xC0FF, 0xC0FF, 0xC0FF, 0xC1FF, 0xA0FF, 0xC0FF, 0xE2FF, 0xE3FF, 0x65FF, 0x86E6, 0x46BD, 0x2694, 0xA983, 0xC862, 
  0x096B, 0xC95A, 0xC95A, 0x296B, 0xE962, 0xE96A, 0xE862, 0x096B, 0xC95A, 0x4A73, 0xE86A, 0xC85A, 0xA962, 0x8852, 0x2873, 0x4DEC, 
  0x99FE, 0x9DFF, 0x2DEC, 0xCEFC, 0xEFFC, 0xEEFC, 0xCEFC, 0xEFFC, 0xEFFC, 0xCEFC, 0xEFFC, 0xEFFC, 0xEFFC, 0xCEFC, 0xEFFC, 0xEFFC, 
  0x30FD, 0x0FF5, 0x6DDC, 0x8A9B, 0xC86A, 0xE962, 0x6852, 0xC862, 0xE962, 0xC85A, 0x2973, 0xA85A, 0xE962, 0x096B, 0xE962, 0xE862, 
  0x4752, 0x6A73, 0x6B73, 0xC95A, 0xA85A, 0x496B, 0xC862, 0x6CCC, 0x2FFD, 0xACF3, 0x6BF3, 0xEFFC, 0xCEFC, 0xCEFC, 0xAEE4, 0x497B, 
  0x4A73, 0x086B, 0x2CC4, 0x0FFD, 0xAEFC, 0xEEFC, 0xEEFC, 0x0DFC, 0xEBFA, 0x8CFB, 0x0FFD, 0x0FFD, 0xEFFC, 0x0FFD, 0xEFFC, 0xEFFC, 
  0x2FFD, 0xE872, 0x8852, 0xA962, 0xE95A, 0xAB83, 0xC95A, 0xE962, 0xA85A, 0x8852, 0xC85A, 0xE962, 0xC962, 0xE962, 0xE962, 0xA95A, 
  0x884A, 0xA85A, 0x695A, 0xA95A, 0x0863, 0xA95A, 0x284A, 0xA95A, 0x474A, 0xC95A, 0xC962, 0xCA52, 0xC862, 0x4983, 0xE95A, 0x0963, 
  0xA752, 0x8A9B, 0x70FD, 0x6DCC, 0x6852, 0x8952, 0xE639, 0x4993, 0x30FD, 0xA86A, 0xC852, 0xCA62, 0xE862, 0x086B, 0x8852, 0xC862, 
  0xAEE4, 0xACFB, 0x0BFB, 0xECFA, 0xEDFB, 0xCEDC, 0xC862, 0xA95A, 0x4752, 0xC95A, 0x6B73, 0xC75A, 0xA85A, 0x875A, 0x8952, 0x484A, 
  0x884A, 0xE962, 0xCBA3, 0xCFEC, 0xEFFC, 0xEFFC, 0x4BF4, 0xC5FE, 0xE0FF, 0xC1FF, 0xC1FF, 0xC1FF, 0xC1FF, 0xC1FF, 0xC1FF, 0xC1FF, 
  0xC1FF, 0xC1FF, 0xC1FF, 0xC1FF, 0xC1FF, 0xC1FF, 0xC1FF, 0xC1FF, 0xC1FF, 0xC1FF, 0xC1FF, 0xC1FF, 0xC0FF, 0xC0FF, 0xC0FF, 0xC1FF, 
  0x04FF, 0xE0FF, 0xC0FF, 0xC0FF, 0xC0FF, 0xC1FF, 0xC1FF, 0xC1FF, 0xC1FF, 0xC1FF, 0xC1FF, 0xC1FF, 0xC1FF, 0xC1FF, 0xC1FF, 0xC1FF, 
  0xC1FF, 0xC1FF, 0xC1FF, 0xC1FF, 0xC1FF, 0xC1FF, 0xC1FF, 0xC1FF, 0xC1FF, 0xC1FF, 0xC1FF, 0xC1FF, 0xC1FF, 0xC1FF, 0xC1FF, 0xC1FF, 
  0xC1FF, 0xC1FF, 0xC1FF, 0xC1FF, 0xC1FF, 0xC1FF, 0xC1FF, 0xC1FF, 0xC1FF, 0xC1FF, 0xC1FF, 0xC1FF, 0xC1FF, 0xC1FF, 0xC1FF, 0xC1FF, 
  0xC1FF, 0xC1FF, 0xC0FF, 0xC0FF, 0xC0FF, 0xC1FF, 0xE1FF, 0xE1FF, 0xC0FF, 0xC0FF, 0xC0FF, 0xE0FF, 0xE1FF, 0xA3FF, 0xA6E6, 0x67A4, 
  0xA762, 0xE962, 0x496B, 0x2863, 0x296B, 0x0963, 0xE862, 0x0863, 0xCA7B, 0x4973, 0x2A73, 0x6A73, 0x6973, 0x287B, 0x6DD4, 0xD0F4, 
  0x7EFF, 0xD5FD, 0x6FFC, 0x0FFD, 0xEEFC, 0xCEFC, 0xEEFC, 0xEFFC, 0xEEFC, 0xCEFC, 0xEEFC, 0xEFFC, 0xEFFC, 0x0FFD, 0xCEFC, 0xAEFC, 
  0xEFFC, 0xCEFC, 0x0EFD, 0x2EFD, 0x2FF5, 0x8BAB, 0xC96A, 0xA95A, 0xE962, 0xE862, 0xE85A, 0xCB83, 0xE96A, 0xE862, 0x2A6B, 0xE962, 
  0x6A73, 0x4A73, 0xC962, 0xA85A, 0x0963, 0x6A73, 0xC86A, 0x8DDC, 0x30FD, 0xCCF3, 0x6BF3, 0xEFFC, 0xCEFC, 0xADFC, 0xEFFC, 0xEBAB, 
  0x076B, 0xE762, 0x2BBC, 0x0EFD, 0xEEF4, 0xCEFC, 0xEEFC, 0xAFFC, 0x2BFB, 0x0BFB, 0x6EFC, 0x2FFD, 0xEEFC, 0xEFFC, 0xEFFC, 0xEFFC, 
  0x30FD, 0x2CC4, 0x274A, 0x2A6B, 0xA85A, 0xC862, 0xEA62, 0xA852, 0xA85A, 0x4B6B, 0x0A6B, 0x8852, 0xC95A, 0xC962, 0x286B, 0x4973, 
  0x8852, 0x6852, 0x6852, 0x8852, 0x8852, 0xC95A, 0x8852, 0x8852, 0x684A, 0xE962, 0xE96A, 0x684A, 0x0973, 0xEAA3, 0x8852, 0xC862, 
  0x664A, 0x2983, 0x30FD, 0xAEDC, 0x064A, 0x494A, 0x684A, 0xA86A, 0xF0EC, 0x0973, 0xE85A, 0x885A, 0xE962, 0x296B, 0x0A63, 0x8852, 
  0xECBB, 0x6FFC, 0x09F3, 0xE9F2, 0x6EFC, 0x6DCC, 0x675A, 0x8852, 0xC962, 0xC962, 0x274A, 0x474A, 0x0A63, 0xA85A, 0xA95A, 0x684A, 
  0x684A, 0x6B6B, 0xC862, 0xA772, 0x8EE4, 0x0FFD, 0xEFFC, 0x67FE, 0xE0FF, 0xC1FF, 0xC1FF, 0xC1FF, 0xC1FF, 0xC1FF, 0xC1FF, 0xC1FF, 
  0xC1FF, 0xC1FF, 0xC1FF, 0xC1FF, 0xC1FF, 0xC1FF, 0xC1FF, 0xC1FF, 0xC1FF, 0xC1FF, 0xC1FF, 0xC1FF, 0xC0FF, 0xC0FF, 0xC0FF, 0xC1FF, 
  0x04FF, 0xE0FF, 0xC0FF, 0xC0FF, 0xC0FF, 0xC1FF, 0xC1FF, 0xC1FF, 0xC1FF, 0xC1FF, 0xC1FF, 0xC1FF, 0xC1FF, 0xC1FF, 0xC1FF, 0xC1FF, 
  0xC1FF, 0xC1FF, 0xC1FF, 0xC1FF, 0xC1FF, 0xC1FF, 0xC1FF, 0xC1FF, 0xC1FF, 0xC1FF, 0xC1FF, 0xC1FF, 0xC1FF, 0xC1FF, 0xC1FF, 0xC1FF, 
  0xC1FF, 0xC1FF, 0xC1FF, 0xC1FF, 0xC1FF, 0xC1FF, 0xC1FF, 0xC1FF, 0xC1FF, 0xC1FF, 0xC1FF, 0xC1FF, 0xC1FF, 0xC1FF, 0xC1FF, 0xC1FF, 
  0xC1FF, 0xC1FF, 0xC1FF, 0xC1FF, 0xC1FF, 0xC1FF, 0xC0FF, 0xC0FF, 0xC0FF, 0xC0FF, 0xC0FF, 0xC1FF, 0xC0FF, 0xC0FF, 0xE1FF, 0xE3FF, 
  0x66DE, 0x0794, 0xE96A, 0x2A73, 0x6973, 0x0863, 0xEA62, 0xEB83, 0x6973, 0xC86A, 0xE862, 0x2B73, 0xE86A, 0x4CBC, 0xEFFC, 0x33F5, 
  0xDFFF, 0xCDEB, 0xADFB, 0x30FD, 0xEEFC, 0xEFFC, 0xEFFC, 0xEFFC, 0xEFFC, 0xEFFC, 0xAEFC, 0xEFFC, 0xEFFC, 0x10FD, 0xEFFC, 0xCEFC, 
  0xEFFC, 0x0FFD, 0xEFFC, 0xEFFC, 0xEFFC, 0x30FD, 0x2CC4, 0x665A, 0x6A73, 0x8A7B, 0xE962, 0x6A73, 0x8B7B, 0xA85A, 0xC85A, 0x4752, 
  0x096B, 0xA862, 0x675A, 0xA85A, 0x0A63, 0xA75A, 0x298B, 0x10FD, 0x0FFD, 0xECFB, 0x8BFB, 0x0FFD, 0xEEFC, 0xEEFC, 0x0EFD, 0xAEEC, 
  0x6DD4, 0x4DCC, 0x8DE4, 0x0EFD, 0x0FFD, 0xEFFC, 0x0FFD, 0xEFFC, 0x8CFB, 0xEBFA, 0xACF3, 0xEFFC, 0xEFFC, 0xEFFC, 0xEFFC, 0x0FFD, 
  0x0FFD, 0x0FFD, 0x297B, 0xC85A, 0x086B, 0xC85A, 0xC85A, 0xC95A, 0xC95A, 0xA85A, 0xA85A, 0xA85A, 0x6973, 0xEC9B, 0x286B, 0xE972, 
  0xC862, 0xA952, 0xC952, 0x8852, 0x484A, 0xE95A, 0x2A6B, 0x895A, 0xA95A, 0xA85A, 0xA862, 0x0A6B, 0x497B, 0x0B9C, 0xA85A, 0x2A73, 
  0x2A6B, 0x8762, 0xEFF4, 0xAEE4, 0x064A, 0xE841, 0xA95A, 0xC862, 0xCBAB, 0xE862, 0x496B, 0x096B, 0x296B, 0xE862, 0xC852, 0xA852, 
  0x876A, 0xCFE4, 0x6DFC, 0x0DFC, 0x10F5, 0x498B, 0x296B, 0x6A73, 0xE962, 0x885A, 0x8852, 0xA95A, 0x2A6B, 0xC95A, 0x8852, 0x885A, 
  0xA85A, 0x296B, 0xC95A, 0xA852, 0x4983, 0xEFEC, 0xCFFC, 0x2AFE, 0xE1FF, 0xC0FF, 0xC1FF, 0xC1FF, 0xC1FF, 0xC1FF, 0xC1FF, 0xC1FF, 
  0xC1FF, 0xC1FF, 0xC1FF, 0xC1FF, 0xC1FF, 0xC1FF, 0xC1FF, 0xC1FF, 0xC1FF, 0xC1FF, 0xC1FF, 0xC1FF, 0xC0FF, 0xC0FF, 0xC0FF, 0xC1FF, 
  0x04FF, 0xE0FF, 0xC0FF, 0xC0FF, 0xC0FF, 0xC1FF, 0xC1FF, 0xC1FF, 0xC1FF, 0xC1FF, 0xC1FF, 0xC1FF, 0xC1FF, 0xC1FF, 0xC1FF, 0xC1FF, 
  0xC1FF, 0xC1FF, 0xC1FF, 0xC1FF, 0xC1FF, 0xC1FF, 0xC1FF, 0xC1FF, 0xC1FF, 0xC1FF, 0xC1FF, 0xC1FF, 0xC1FF, 0xC1FF, 0xC1FF, 0xC1FF, 
  0xC1FF, 0xC1FF, 0xC1FF, 0xC1FF, 0xC1FF, 0xC1FF, 0xC1FF, 0xC1FF, 0xC1FF, 0xC1FF, 0xC1FF, 0xC1FF, 0xC1FF, 0xC1FF, 0xC1FF, 0xC1FF, 
  0xC1FF, 0xC1FF, 0xC1FF, 0xC1FF, 0xC0FF, 0xC0FF, 0xC0FF, 0xC0FF, 0xC1FF, 0xC1FF, 0xC1FF, 0xC1FF, 0xC1FF, 0xC0FF, 0xC0FF, 0xC0FF, 
  0xE1FF, 0xE3FF, 0xE6CD, 0x0673, 0x296B, 0xCA7B, 0xA862, 0x4A7B, 0x4A73, 0x6A7B, 0xAB7B, 0xE85A, 0xA872, 0xEFEC, 0xAEFC, 0xF6F5, 
  0x5DFF, 0x6CEB, 0xCDFB, 0xEFFC, 0xEEFC, 0xEFFC, 0xEEFC, 0xEEFC, 0xEFFC, 0xEFFC, 0xEFFC, 0xCEFC, 0x10FD, 0xEFF4, 0xEFFC, 0xEFFC, 
  0x0FFD, 0xEFFC, 0xEFFC, 0x0FFD, 0x0FFD, 0x0FFD, 0x2FFD, 0x2CCC, 0x4983, 0xE962, 0xC85A, 0xE85A, 0x0863, 0xE862, 0x096B, 0x4973, 
  0x4A73, 0x6A7B, 0x096B, 0xC85A, 0x8852, 0x8752, 0xAB9B, 0xEFFC, 0x0FFD, 0x2DFC, 0x8CFB, 0x0FFD, 0xEEFC, 0xEFFC, 0x0FFD, 0xEFFC, 
  0xAEFC, 0xEFFC, 0xEEFC, 0x0FFD, 0xEFFC, 0xEFFC, 0x0FFD, 0xEFFC, 0x0DFC, 0x0BFB, 0x2BFB, 0xAFFC, 0xEFFC, 0xEEFC, 0xEFFC, 0xEFFC, 
  0xEEFC, 0x30FD, 0x4DC4, 0x685A, 0x2973, 0x496B, 0x0863, 0xEA62, 0xE962, 0x296B, 0xE962, 0xE862, 0x6973, 0x8962, 0x6852, 0x0873, 
  0xECA3, 0x6752, 0x284A, 0x274A, 0xA85A, 0xC95A, 0x8852, 0xC862, 0xC85A, 0xE962, 0xA85A, 0x885A, 0xC862, 0x2973, 0xE96A, 0xE962, 
  0x2A6B, 0xE862, 0x8EDC, 0x8EDC, 0xE862, 0x885A, 0xE962, 0xA85A, 0xC962, 0x885A, 0x2973, 0xEB8B, 0x4A73, 0x4A6B, 0x296B, 0xE962, 
  0xC85A, 0x898B, 0x6DCC, 0x8FD4, 0x8A9B, 0x4A73, 0xE962, 0x2A6B, 0x6752, 0xE962, 0x8852, 0xC95A, 0x096B, 0x2A6B, 0xA95A, 0xC962, 
  0x096B, 0x8852, 0xE96A, 0xAB83, 0x0963, 0x6993, 0xF0FC, 0x6BFD, 0xE2FF, 0xC0FF, 0xC1FF, 0xC1FF, 0xC1FF, 0xC1FF, 0xC1FF, 0xC1FF, 
  0xC1FF, 0xC1FF, 0xC1FF, 0xC1FF, 0xC1FF, 0xC1FF, 0xC1FF, 0xC1FF, 0xC1FF, 0xC1FF, 0xC1FF, 0xC1FF, 0xC0FF, 0xC0FF, 0xC0FF, 0xC1FF, 
  0x04FF, 0xE0FF, 0xC0FF, 0xC0FF, 0xC0FF, 0xC1FF, 0xC1FF, 0xC1FF, 0xC1FF, 0xC1FF, 0xC1FF, 0xC1FF, 0xC1FF, 0xC1FF, 0xC1FF, 0xC1FF, 
  0xC1FF, 0xC1FF, 0xC1FF, 0xC1FF, 0xC1FF, 0xC1FF, 0xC1FF, 0xC1FF, 0xC1FF, 0xC1FF, 0xC1FF, 0xC1FF, 0xC1FF, 0xC1FF, 0xC1FF, 0xC1FF, 
  0xC1FF, 0xC1FF, 0xC1FF, 0xC1FF, 0xC1FF, 0xC1FF, 0xC1FF, 0xC1FF, 0xC1FF, 0xC1FF, 0xC1FF, 0xC1FF, 0xC1FF, 0xC1FF, 0xC1FF, 0xC1FF, 
  0xC0FF, 0xC0FF, 0xC0FF, 0xC1FF, 0xC0FF, 0xC0FF, 0xC1FF, 0xC1FF, 0xC1FF, 0xC1FF, 0xC1FF, 0xE0FF, 0xC1FF, 0xC1FF, 0xC0FF, 0xC0FF, 
  0xC0FF, 0xC0FF, 0xE2FF, 0x47DE, 0x6883, 0x086B, 0x496B, 0x897B, 0xE862, 0xA75A, 0xE962, 0xE85A, 0xEAB3, 0x0FFD, 0xAEF4, 0x78F6, 
  0x3CF7, 0x0CEB, 0x8BFB, 0xCFFC, 0xCFFC, 0xEFFC, 0xEFFC, 0xCEFC, 0xEFFC, 0x0FFD, 0x0FFD, 0xEEFC, 0xEFFC, 0xEFFC, 0xEFFC, 0xEFFC, 
  0xEFFC, 0xEEFC, 0xEEFC, 0x0EFD, 0xEFFC, 0xEFFC, 0xCEFC, 0x2FFD, 0xAEE4, 0xCBB3, 0xCAA3, 0x2893, 0xAA9B, 0x0B9C, 0x698B, 0x4883, 
  0x8A93, 0x2883, 0xE872, 0x0873, 0x4A83, 0x298B, 0x6DCC, 0xEEFC, 0x0FFD, 0x6DFC, 0xCBF3, 0x0FFD, 0xCEFC, 0xEEFC, 0xEFFC, 0xCFFC, 
  0xADFC, 0xEEFC, 0xEEFC, 0xEEFC, 0xEFFC, 0x0FFD, 0xEFFC, 0xEFFC, 0xCFFC, 0x4BFB, 0x0BFB, 0x0DFC, 0xEFFC, 0xEEFC, 0xEEFC, 0xEFFC, 
  0xEFFC, 0x0FFD, 0xADDC, 0xC76A, 0xA85A, 0xC962, 0xC862, 0xC862, 0x0963, 0x4A73, 0xA862, 0xE962, 0xC85A, 0x8B73, 0xA952, 0x875A, 
  0xCFDC, 0x498B, 0xC85A, 0xC95A, 0xA85A, 0x4973, 0x496B, 0x296B, 0xE95A, 0xA95A, 0x8B73, 0x885A, 0x885A, 0x0963, 0x8A7B, 0xE862, 
  0x885A, 0xC85A, 0x0BB4, 0x8EDC, 0x4652, 0x2A6B, 0x296B, 0xC862, 0xC852, 0x8852, 0x885A, 0x086B, 0x6A73, 0x0863, 0x0863, 0xE862, 
  0xE962, 0x4973, 0x487B, 0x8A83, 0xC75A, 0x8752, 0x8752, 0x6752, 0xA85A, 0xEA62, 0xA85A, 0x274A, 0x674A, 0x0963, 0xA85A, 0xC85A, 
  0xE95A, 0x695A, 0x8862, 0x6862, 0x885A, 0xA762, 0x8EDC, 0x4DFD, 0x84FF, 0xC0FF, 0xC1FF, 0xC1FF, 0xC1FF, 0xC1FF, 0xC1FF, 0xC1FF, 
  0xC1FF, 0xC1FF, 0xC1FF, 0xC1FF, 0xC1FF, 0xC1FF, 0xC1FF, 0xC1FF, 0xC1FF, 0xC1FF, 0xC1FF, 0xC1FF, 0xC0FF, 0xC0FF, 0xC0FF, 0xC1FF, 
  0x04FF, 0xE0FF, 0xC0FF, 0xC0FF, 0xC0FF, 0xC1FF, 0xC1FF, 0xC1FF, 0xC1FF, 0xC1FF, 0xC1FF, 0xC1FF, 0xC1FF, 0xC1FF, 0xC1FF, 0xC1FF, 
  0xC1FF, 0xC1FF, 0xC1FF, 0xC1FF, 0xC1FF, 0xC1FF, 0xC1FF, 0xC1FF, 0xC1FF, 0xC1FF, 0xC1FF, 0xC1FF, 0xC1FF, 0xC1FF, 0xC1FF, 0xC1FF, 
  0xC1FF, 0xC1FF, 0xC1FF, 0xC1FF, 0xC1FF, 0xC1FF, 0xC1FF, 0xC1FF, 0xC1FF, 0xC1FF, 0xC1FF, 0xC1FF, 0xC1FF, 0xC1FF, 0xC1FF, 0xC1FF, 
  0xC1FF, 0xC1FF, 0xC1FF, 0xC1FF, 0xC1FF, 0xC1FF, 0xC1FF, 0xC1FF, 0xC1FF, 0xC1FF, 0xC1FF, 0xC1FF, 0xC1FF, 0xC1FF, 0xC1FF, 0xC1FF, 
  0xC1FF, 0xC1FF, 0xC0FF, 0xE4FF, 0xE6E6, 0x0773, 0x895A, 0x0863, 0xC95A, 0x2973, 0x2A73, 0xE86A, 0xCFE4, 0x0FFD, 0xAEF4, 0x16F6, 
  0xBDFF, 0x6DEB, 0x0AF3, 0x6EFC, 0xCEFC, 0xAEFC, 0xEFFC, 0x0FFD, 0xEFFC, 0xEEFC, 0x0FFD, 0xEFFC, 0xEEFC, 0xEFFC, 0xCEFC, 0xCEFC, 
  0xCEFC, 0xCEFC, 0xEFFC, 0xCEFC, 0xCEFC, 0xCEFC, 0xEFFC, 0xEFFC, 0x0FFD, 0x30FD, 0x50FD, 0x0FFD, 0x0FFD, 0x0FF5, 0xEEEC, 0xCFF4, 
  0xAEF4, 0xCFEC, 0xCFEC, 0xAEF4, 0xEFF4, 0xEFF4, 0x0FFD, 0x0EFD, 0x0EFD, 0xCEFC, 0x4DF4, 0xEFFC, 0xEFFC, 0xEFFC, 0xCEFC, 0xCEFC, 
  0xCEFC, 0xCEFC, 0xCEFC, 0xCEFC, 0xEFFC, 0xEFFC, 0xCEFC, 0xEEFC, 0xEFFC, 0x0DFC, 0xEAF2, 0xEDFB, 0xEFFC, 0xEEFC, 0xEFFC, 0xCFFC, 
  0xCFFC, 0x0FFD, 0xCFEC, 0x287B, 0xE962, 0x6A7B, 0xAA73, 0xE962, 0xE96A, 0x8852, 0x2A63, 0x0963, 0x2A6B, 0x0973, 0xA862, 0x8862, 
  0xCFE4, 0xEBAB, 0xE862, 0x6A73, 0x4A73, 0xAA7B, 0x4873, 0xA85A, 0x284A, 0x885A, 0x0863, 0x2963, 0xC962, 0x8B7B, 0x697B, 0xE962, 
  0xA85A, 0xC85A, 0x498B, 0x2DBC, 0x6752, 0x4B73, 0xE962, 0x096B, 0xC85A, 0x8852, 0xA852, 0xC85A, 0x296B, 0x296B, 0x296B, 0x296B, 
  0xE962, 0xA962, 0xE862, 0x6A73, 0xA862, 0xA962, 0xEA6A, 0xA95A, 0x296B, 0xE862, 0x4A6B, 0xA85A, 0x2752, 0x2A6B, 0x8852, 0x274A, 
  0x4752, 0xC85A, 0x286B, 0xAB7B, 0x274A, 0xA752, 0xCBA3, 0x6EFD, 0x45FF, 0xE0FF, 0xC1FF, 0xC1FF, 0xC1FF, 0xC1FF, 0xC1FF, 0xC1FF, 
  0xC1FF, 0xC1FF, 0xC1FF, 0xC1FF, 0xC1FF, 0xC1FF, 0xC1FF, 0xC1FF, 0xC1FF, 0xC1FF, 0xC1FF, 0xC1FF, 0xC0FF, 0xC0FF, 0xC0FF, 0xC1FF, 
  0x04FF, 0xE0FF, 0xC0FF, 0xC0FF, 0xC0FF, 0xC1FF, 0xC1FF, 0xC1FF, 0xC1FF, 0xC1FF, 0xC1FF, 0xC1FF, 0xC1FF, 0xC1FF, 0xC1FF, 0xC1FF, 
  0xC1FF, 0xC1FF, 0xC1FF, 0xC1FF, 0xC1FF, 0xC1FF, 0xC1FF, 0xC1FF, 0xC1FF, 0xC1FF, 0xC1FF, 0xC1FF, 0xC1FF, 0xC1FF, 0xC1FF, 0xC1FF, 
  0xC1FF, 0xC1FF, 0xC1FF, 0xC1FF, 0xC1FF, 0xC1FF, 0xC1FF, 0xC1FF, 0xC1FF, 0xC1FF, 0xC1FF, 0xC1FF, 0xC1FF, 0xC1FF, 0xC1FF, 0xC1FF, 
  0xC1FF, 0xC1FF, 0xC1FF, 0xC1FF, 0xC1FF, 0xC1FF, 0xC1FF, 0xC1FF, 0xC1FF, 0xC1FF, 0xC1FF, 0xC1FF, 0xC1FF, 0xC1FF, 0xC1FF, 0xC1FF, 
  0xC1FF, 0xC1FF, 0xC1FF, 0xC0FF, 0xE2FF, 0x88DE, 0x6983, 0xA85A, 0x6973, 0xCB8B, 0xE86A, 0x4883, 0xCEF4, 0xEFFC, 0xCEFC, 0x12F5, 
  0xFFFF, 0x54F5, 0x6BF3, 0xACF3, 0xCFFC, 0xEEFC, 0xEFFC, 0xEEFC, 0x0FFD, 0x0FFD, 0x0FFD, 0x0FFD, 0xEFFC, 0xEFFC, 0xEFFC, 0xEFFC, 
  0xEFFC, 0xEFFC, 0xEFFC, 0xEEFC, 0xEFFC, 0xCEFC, 0xEFFC, 0xEFFC, 0xEFFC, 0xCFFC, 0xAEFC, 0xCFFC, 0xEFFC, 0xEEFC, 0xEEFC, 0xCEFC, 
  0xEEFC, 0x0FFD, 0xEEFC, 0xEEFC, 0xEEFC, 0xEFFC, 0xEFFC, 0xEEFC, 0xEFFC, 0xEFFC, 0xCEFC, 0xEFFC, 0xEFFC, 0xEFFC, 0xEFFC, 0xCEFC, 
  0xEEFC, 0xCEFC, 0xEFFC, 0xCEFC, 0xEFFC, 0xCEFC, 0xCEFC, 0x0FFD, 0xCEFC, 0xCFFC, 0x0DF4, 0x6EFC, 0x0FFD, 0xEEFC, 0xEFFC, 0xEFFC, 
  0xEEFC, 0x0EFD, 0xCEFC, 0x698B, 0x4A6B, 0x8762, 0xE962, 0x885A, 0xE962, 0xC85A, 0xA85A, 0xA85A, 0xE962, 0xA962, 0x884A, 0xE97A, 
  0x50FD, 0x8BA3, 0xC862, 0x086B, 0xE85A, 0x6B73, 0xA75A, 0x885A, 0xCA5A, 0x095B, 0x496B, 0x096B, 0x4852, 0x085B, 0xE85A, 0x885A, 
  0xC95A, 0xA952, 0xE972, 0xE87A, 0xCA5A, 0x885A, 0xA85A, 0x885A, 0xCA62, 0x8852, 0x8B73, 0x496B, 0xAA7B, 0x086B, 0xAB83, 0x4A73, 
  0x4752, 0xA95A, 0xA85A, 0x6852, 0x6852, 0xA85A, 0xE962, 0x8852, 0x0963, 0xA752, 0x4A6B, 0x296B, 0x675A, 0x6762, 0xC87A, 0x8B9B, 
  0x6B8B, 0x4752, 0xC85A, 0x096B, 0xA86A, 0x8952, 0xC96A, 0x4AC4, 0x45FF, 0xE0FF, 0xC1FF, 0xC1FF, 0xC1FF, 0xC1FF, 0xC1FF, 0xC1FF, 
  0xC1FF, 0xC1FF, 0xC1FF, 0xC1FF, 0xC1FF, 0xC1FF, 0xC1FF, 0xC1FF, 0xC1FF, 0xC1FF, 0xC1FF, 0xC1FF, 0xC0FF, 0xC0FF, 0xC0FF, 0xC1FF, 
  0x04FF, 0xE0FF, 0xC0FF, 0xC0FF, 0xC0FF, 0xC1FF, 0xC1FF, 0xC1FF, 0xC1FF, 0xC1FF, 0xC1FF, 0xC1FF, 0xC1FF, 0xC1FF, 0xC1FF, 0xC1FF, 
  0xC1FF, 0xC1FF, 0xC1FF, 0xC1FF, 0xC1FF, 0xC1FF, 0xC1FF, 0xC1FF, 0xC1FF, 0xC1FF, 0xC1FF, 0xC1FF, 0xC1FF, 0xC1FF, 0xC1FF, 0xC1FF, 
  0xC1FF, 0xC1FF, 0xC1FF, 0xC1FF, 0xC1FF, 0xC1FF, 0xC1FF, 0xC1FF, 0xC1FF, 0xC1FF, 0xC1FF, 0xC1FF, 0xC1FF, 0xC1FF, 0xC1FF, 0xC1FF, 
  0xC1FF, 0xC1FF, 0xC1FF, 0xC1FF, 0xC1FF, 0xC1FF, 0xC1FF, 0xC1FF, 0xC1FF, 0xC1FF, 0xC1FF, 0xC1FF, 0xC1FF, 0xC1FF, 0xC1FF, 0xC1FF, 
  0xC1FF, 0xC1FF, 0xC1FF, 0xC1FF, 0xC0FF, 0xE2FF, 0xA5C5, 0xC762, 0xA97B, 0x897B, 0xAA8B, 0x0BB4, 0x0FFD, 0xEEFC, 0xEEFC, 0x8EF4, 
  0x9AF6, 0xBEFF, 0x8FEC, 0x6BF3, 0xEDFB, 0x2FFD, 0xEEFC, 0xCEFC, 0xEEFC, 0x0FFD, 0xEFFC, 0x0FFD, 0xEFFC, 0xEFFC, 0xEEFC, 0xEFFC, 
  0xEEFC, 0x0FFD, 0xEFFC, 0xEFFC, 0xEFFC, 0xCEFC, 0xEFFC, 0xEFFC, 0xEFFC, 0xEFFC, 0xCEFC, 0xEFFC, 0x0FFD, 0xEFFC, 0xEEFC, 0xCEFC, 
  0xEEFC, 0xEEFC, 0xEEFC, 0xEFFC, 0xEFFC, 0xEFFC, 0xEFFC, 0xCFFC, 0xEFFC, 0xCEF4, 0xCEFC, 0xEEFC, 0xCEFC, 0xEFFC, 0xCEFC, 0xEFFC, 
  0xEFFC, 0xCEFC, 0xEEFC, 0xEEFC, 0xEFFC, 0xEFFC, 0xEFFC, 0x0FFD, 0x0FFD, 0xEFFC, 0xEFFC, 0xEFFC, 0xEEFC, 0xCEFC, 0xEFFC, 0xEEFC, 
  0xEFFC, 0x0FFD, 0xEFFC, 0x298B, 0x2963, 0x096B, 0xA85A, 0x096B, 0x6973, 0x0C94, 0xE972, 0x684A, 0x884A, 0xA752, 0x097B, 0xCFE4, 
  0x2EF5, 0xC86A, 0xC95A, 0x0963, 0xC85A, 0x496B, 0x496B, 0x0963, 0xE962, 0x096B, 0x2A73, 0xA962, 0x4852, 0xE962, 0xC85A, 0xA85A, 
  0xC85A, 0x6852, 0x096B, 0xC862, 0x8852, 0x6852, 0xA85A, 0xC962, 0xE962, 0xE962, 0xC85A, 0xE862, 0x096B, 0x2A73, 0x4A73, 0x2A6B, 
  0xC85A, 0xC85A, 0xC962, 0x4852, 0x6952, 0x884A, 0x674A, 0x274A, 0x074A, 0x485A, 0x0A83, 0x8BAB, 0x6DCC, 0xEEE4, 0x2EED, 0x4DBC, 
  0xA86A, 0xE962, 0x275A, 0x0BB4, 0x0BB4, 0xC762, 0xA862, 0xE66A, 0x45FF, 0xE0FF, 0xC1FF, 0xC1FF, 0xC1FF, 0xC1FF, 0xC1FF, 0xC1FF, 
  0xC1FF, 0xC1FF, 0xC1FF, 0xC1FF, 0xC1FF, 0xC1FF, 0xC1FF, 0xC1FF, 0xC1FF, 0xC1FF, 0xC1FF, 0xC1FF, 0xC0FF, 0xC0FF, 0xC0FF, 0xC1FF, 
  0x04FF, 0xE0FF, 0xC0FF, 0xC0FF, 0xC0FF, 0xC1FF, 0xC1FF, 0xC1FF, 0xC1FF, 0xC1FF, 0xC1FF, 0xC1FF, 0xC1FF, 0xC1FF, 0xC1FF, 0xC1FF, 
  0xC1FF, 0xC1FF, 0xC1FF, 0xC1FF, 0xC1FF, 0xC1FF, 0xC1FF, 0xC1FF, 0xC1FF, 0xC1FF, 0xC1FF, 0xC1FF, 0xC1FF, 0xC1FF, 0xC1FF, 0xC1FF, 
  0xC1FF, 0xC1FF, 0xC1FF, 0xC1FF, 0xC1FF, 0xC1FF, 0xC1FF, 0xC1FF, 0xC1FF, 0xC1FF, 0xC1FF, 0xC1FF, 0xC1FF, 0xC1FF, 0xC1FF, 0xC1FF, 
  0xC1FF, 0xC1FF, 0xC1FF, 0xC1FF, 0xC1FF, 0xC1FF, 0xC1FF, 0xC1FF, 0xC1FF, 0xC1FF, 0xC1FF, 0xC1FF, 0xC1FF, 0xC1FF, 0xC1FF, 0xC1FF, 
  0xC1FF, 0xC0FF, 0xC0FF, 0xC1FF, 0xC1FF, 0xA1FF, 0xC3FF, 0xA7A4, 0x697B, 0xAA7B, 0xE76A, 0x6CCC, 0x0FFD, 0xEEFC, 0x0EFD, 0x8EFC, 
  0x6FEC, 0x3CFF, 0x3CFF, 0x2EF4, 0x4BFB, 0x2DF4, 0x0FFD, 0x0EFD, 0xEFFC, 0xCFFC, 0xEEFC, 0x0FFD, 0x0FFD, 0xEEFC, 0xEEFC, 0xEEFC, 
  0xEFFC, 0x0FFD, 0xEFFC, 0x0FFD, 0xCEFC, 0xCEFC, 0xEFFC, 0xEFFC, 0xEEFC, 0xEFFC, 0xEFFC, 0xCEFC, 0x30FD, 0xCFF4, 0xCFFC, 0xEFFC, 
  0xEFFC, 0xCEFC, 0xEFFC, 0xEFFC, 0xEEFC, 0xEEFC, 0x0EFD, 0x0EFD, 0xEEFC, 0xCEFC, 0xEEFC, 0xEFFC, 0xEFFC, 0xEEFC, 0xEFFC, 0xEFFC, 
  0xCEFC, 0xAEFC, 0xCEFC, 0xEEFC, 0xCEFC, 0xCEFC, 0xEFFC, 0xEFFC, 0xEFFC, 0x0FFD, 0xEEFC, 0xEEFC, 0xEEFC, 0xCEFC, 0xEFFC, 0x0FFD, 
  0x0FFD, 0xEFFC, 0x10FD, 0x4DCC, 0xC762, 0x4A6B, 0xCB7B, 0x6973, 0x296B, 0x2963, 0xE85A, 0xE86A, 0x6B8B, 0x2BC4, 0x0EF5, 0xEFEC, 
  0x098B, 0x684A, 0xE95A, 0xE962, 0x0973, 0x297B, 0x2973, 0x6973, 0x296B, 0x096B, 0x086B, 0x4973, 0x4A73, 0x2A6B, 0x0963, 0x2A73, 
  0x6A73, 0x675A, 0xE962, 0x6A73, 0xA95A, 0x0963, 0x4A6B, 0xE862, 0xE862, 0xE862, 0xC862, 0xC962, 0xA85A, 0xA95A, 0xA85A, 0xC85A, 
  0xC95A, 0x2742, 0x2742, 0x6852, 0x685A, 0xC96A, 0x2983, 0x8A9B, 0x4DC4, 0xCFEC, 0x2FF5, 0x0EE5, 0x0BBC, 0x0983, 0xC862, 0xC75A, 
  0x2883, 0x0BAC, 0x2CCC, 0x31FD, 0xABA3, 0x4973, 0x296B, 0x4794, 0xA3FF, 0xC0FF, 0xC1FF, 0xC1FF, 0xC1FF, 0xC1FF, 0xC1FF, 0xC1FF, 
  0xC1FF, 0xC1FF, 0xC1FF, 0xC1FF, 0xC1FF, 0xC1FF, 0xC1FF, 0xC1FF, 0xC1FF, 0xC1FF, 0xC1FF, 0xC1FF, 0xC0FF, 0xC0FF, 0xC0FF, 0xC1FF, 
  0x04FF, 0xE0FF, 0xC0FF, 0xC0FF, 0xC0FF, 0xC1FF, 0xC1FF, 0xC1FF, 0xC1FF, 0xC1FF, 0xC1FF, 0xC1FF, 0xC1FF, 0xC1FF, 0xC1FF, 0xC1FF, 
  0xC1FF, 0xC1FF, 0xC1FF, 0xC1FF, 0xC1FF, 0xC1FF, 0xC1FF, 0xC1FF, 0xC1FF, 0xC1FF, 0xC1FF, 0xC1FF, 0xC1FF, 0xC1FF, 0xC1FF, 0xC1FF, 
  0xC1FF, 0xC1FF, 0xC1FF, 0xC1FF, 0xC1FF, 0xC1FF, 0xC1FF, 0xC1FF, 0xC1FF, 0xC1FF, 0xC1FF, 0xC1FF, 0xC1FF, 0xC1FF, 0xC1FF, 0xC1FF, 
  0xC1FF, 0xC1FF, 0xC1FF, 0xC1FF, 0xC1FF, 0xC1FF, 0xC1FF, 0xC1FF, 0xC1FF, 0xC1FF, 0xC1FF, 0xC1FF, 0xC1FF, 0xC1FF, 0xC1FF, 0xC1FF, 
  0xC1FF, 0xC1FF, 0xE0FF, 0xC1FF, 0xC1FF, 0xC1FF, 0xE0FF, 0xE5EE, 0x8783, 0x4A73, 0x0873, 0x8DE4, 0xEFFC, 0x0FFD, 0xCEFC, 0xEFFC, 
  0xCEFC, 0x90EC, 0x1CFF, 0x3CFF, 0x2FEC, 0x4BF3, 0x4EFC, 0x2FFD, 0x0EFD, 0xEFFC, 0xEFFC, 0x0FFD, 0xEEFC, 0xEEFC, 0xEEFC, 0xEEFC, 
  0x0FFD, 0x0FFD, 0x0FFD, 0xCEFC, 0xCEFC, 0xCEFC, 0xEFFC, 0xEFFC, 0xEEFC, 0xEFFC, 0xEEFC, 0xAEFC, 0xEFFC, 0xAEFC, 0xAEFC, 0xCEFC, 
  0xEFFC, 0xEFFC, 0xEFFC, 0xEFFC, 0xEEFC, 0xCEFC, 0xEEFC, 0xEEFC, 0xCEFC, 0xEFFC, 0xEEFC, 0xEFFC, 0xEFFC, 0xEFFC, 0x0FFD, 0xCEFC, 
  0xAEFC, 0xAEFC, 0xEEFC, 0xEFFC, 0xCEFC, 0xEFFC, 0xEEFC, 0xEEFC, 0xCEFC, 0xEEFC, 0xEEFC, 0xEEFC, 0xEFFC, 0x0FFD, 0x0FFD, 0xEFFC, 
  0xEFFC, 0xEEFC, 0xCEFC, 0xCFF4, 0x0883, 0xE862, 0x8A7B, 0x4973, 0xE86A, 0x6A7B, 0x0CAC, 0x6DD4, 0xEFEC, 0xAEDC, 0xEBB3, 0xE972, 
  0x474A, 0xE972, 0xC962, 0x6752, 0x8993, 0xAECC, 0x298B, 0xC862, 0xA85A, 0x4A73, 0xCA8B, 0xEA8B, 0x4873, 0x6752, 0xE96A, 0x8A73, 
  0x8A7B, 0x6B73, 0xE85A, 0x096B, 0x6952, 0x0963, 0x6A73, 0xC85A, 0x674A, 0xE95A, 0x6752, 0x8952, 0x684A, 0x684A, 0x8852, 0x2652, 
  0x6862, 0xC872, 0x498B, 0xEBAB, 0x6DD4, 0xEEEC, 0x2FFD, 0x0FED, 0x6DD4, 0x0CB4, 0x2983, 0x675A, 0xA862, 0xE87A, 0x8A9B, 0x4CCC, 
  0xCEF4, 0xEEFC, 0x2FFD, 0x0EF5, 0x0973, 0x895A, 0xA862, 0xE6CD, 0xE2FF, 0xC0FF, 0xC1FF, 0xC1FF, 0xC1FF, 0xC1FF, 0xC1FF, 0xC1FF, 
  0xC1FF, 0xC1FF, 0xC1FF, 0xC1FF, 0xC1FF, 0xC1FF, 0xC1FF, 0xC1FF, 0xC1FF, 0xC1FF, 0xC1FF, 0xC1FF, 0xC0FF, 0xC0FF, 0xC0FF, 0xC1FF, 
  0x04FF, 0xE0FF, 0xC0FF, 0xC0FF, 0xC0FF, 0xC1FF, 0xC1FF, 0xC1FF, 0xC1FF, 0xC1FF, 0xC1FF, 0xC1FF, 0xC1FF, 0xC1FF, 0xC1FF, 0xC1FF, 
  0xC1FF, 0xC1FF, 0xC1FF, 0xC1FF, 0xC1FF, 0xC1FF, 0xC1FF, 0xC1FF, 0xC1FF, 0xC1FF, 0xC1FF, 0xC1FF, 0xC1FF, 0xC1FF, 0xC1FF, 0xC1FF, 
  0xC1FF, 0xC1FF, 0xC1FF, 0xC1FF, 0xC1FF, 0xC1FF, 0xC1FF, 0xC1FF, 0xC1FF, 0xC1FF, 0xC0FF, 0xC0FF, 0xC0FF, 0xC1FF, 0xC1FF, 0xC0FF, 
  0xE0FF, 0xE0FF, 0xC0FF, 0xC0FF, 0xC1FF, 0xC1FF, 0xC0FF, 0xC0FF, 0xC1FF, 0xC0FF, 0xC0FF, 0xC1FF, 0xC1FF, 0xC1FF, 0xC0FF, 0xC0FF, 
  0xC0FF, 0xC0FF, 0xC0FF, 0xC0FF, 0xC0FF, 0xE0F7, 0xC0FF, 0xE3FF, 0xC8B4, 0x4852, 0x287B, 0x0FF5, 0xEEFC, 0x2FFD, 0xF0FC, 0xEEFC, 
  0xEFFC, 0xEFFC, 0x6EEC, 0xDAF6, 0x5BF7, 0x8DEB, 0xCAFA, 0x2DFC, 0x0FFD, 0x0FFD, 0x0FFD, 0x0FFD, 0xEFFC, 0x0FFD, 0xEFFC, 0xEFFC, 
  0x0FFD, 0x0FFD, 0xCEFC, 0xEEF4, 0x0FFD, 0xEFFC, 0xEFFC, 0xEFFC, 0xEFFC, 0xCEFC, 0xCEFC, 0xCEFC, 0xCEFC, 0xEEFC, 0xCEFC, 0xCEFC, 
  0xEFFC, 0xEEFC, 0xAEFC, 0xEFFC, 0xEFFC, 0xEFFC, 0xEFFC, 0xEFFC, 0xEFFC, 0xCEFC, 0xAEFC, 0xCEFC, 0xEFFC, 0xEFFC, 0xCEFC, 0xEFFC, 
  0xEFFC, 0x0FFD, 0xEFFC, 0xEEFC, 0xEFFC, 0xEFFC, 0xEFFC, 0xCEFC, 0x0FFD, 0x0EFD, 0xEEFC, 0x0FFD, 0x0FFD, 0x0FFD, 0x0FFD, 0xEEFC, 
  0xEFFC, 0xEEFC, 0x0FFD, 0xEFFC, 0x6CC4, 0x686B, 0x4973, 0x2973, 0xC862, 0x2973, 0x8B93, 0x498B, 0xC87A, 0x8752, 0x864A, 0xC872, 
  0xEBAB, 0x0BAC, 0x6662, 0xCBAB, 0xAECC, 0xE88A, 0x4CC4, 0x4983, 0x6852, 0x4852, 0x4852, 0x885A, 0x0A6B, 0x4A73, 0x6752, 0x0963, 
  0x2973, 0x6752, 0x6752, 0x674A, 0x474A, 0x274A, 0xC962, 0x0A6B, 0x2A73, 0xC86A, 0xE872, 0x8A93, 0x6A9B, 0xABAB, 0x0CBC, 0x8ED4, 
  0x2FED, 0x2FF5, 0x2FFD, 0xCEEC, 0x8ED4, 0x0CAC, 0x4A8B, 0x876A, 0x665A, 0xC862, 0xE872, 0x6BA3, 0x6ED4, 0x0FF5, 0x2FFD, 0x0FFD, 
  0xEFFC, 0x0FFD, 0x50FD, 0xCBA3, 0xE649, 0xC762, 0x28B5, 0xA4FF, 0xC0FF, 0xC1FF, 0xC1FF, 0xC1FF, 0xC1FF, 0xC1FF, 0xC1FF, 0xC1FF, 
  0xC1FF, 0xC1FF, 0xC1FF, 0xC1FF, 0xC1FF, 0xC1FF, 0xC1FF, 0xC1FF, 0xC1FF, 0xC1FF, 0xC1FF, 0xC1FF, 0xC0FF, 0xC0FF, 0xC0FF, 0xC1FF, 
  0x04FF, 0xE0FF, 0xC0FF, 0xC0FF, 0xC0FF, 0xC1FF, 0xC1FF, 0xC1FF, 0xC1FF, 0xC1FF, 0xC1FF, 0xC1FF, 0xC1FF, 0xC1FF, 0xC1FF, 0xC1FF, 
  0xC1FF, 0xC1FF, 0xC1FF, 0xC1FF, 0xC1FF, 0xC1FF, 0xC1FF, 0xC1FF, 0xC1FF, 0xC1FF, 0xC1FF, 0xC1FF, 0xC1FF, 0xC1FF, 0xC1FF, 0xC1FF, 
  0xC1FF, 0xC1FF, 0xC1FF, 0xC1FF, 0xC1FF, 0xC1FF, 0xC1FF, 0xC1FF, 0xC1FF, 0xC1FF, 0xC0FF, 0xC0FF, 0xC1FF, 0xC1FF, 0xC0FF, 0xC0FF, 
  0xC1FF, 0xC1FF, 0xC1FF, 0xC1FF, 0xC1FF, 0xC0FF, 0xC1FF, 0xC1FF, 0xC0FF, 0xC1FF, 0xC0FF, 0xE0FF, 0xE0FF, 0xE1FF, 0xE1FF, 0xE1FF, 
  0xE2FF, 0xE2FF, 0xE2FF, 0xE3FF, 0xC3FF, 0xC2FF, 0xE1FF, 0xE0FF, 0xC5EE, 0x687B, 0x675A, 0x0CB4, 0x0FED, 0x8CDC, 0x8DE4, 0xEEF4, 
  0xCEF4, 0x0FFD, 0xEEFC, 0x4EEC, 0x9AF6, 0x3CFF, 0xAEEB, 0xCAFA, 0xACFB, 0x2DFC, 0x8EFC, 0xAEFC, 0xCEFC, 0x0FFD, 0xEEFC, 0xEEFC, 
  0xEEFC, 0xEFFC, 0xEFFC, 0x0FFD, 0xEFFC, 0x8DF4, 0xCEFC, 0xEFFC, 0xCEFC, 0xEFFC, 0x0FFD, 0xEFFC, 0xEEFC, 0xEFFC, 0xEEFC, 0xCEFC, 
  0xCEFC, 0xCEFC, 0xEFFC, 0xEEFC, 0xEFFC, 0xEFFC, 0xEFFC, 0xEEFC, 0x0FFD, 0xEEFC, 0xEFFC, 0xEFFC, 0xEFFC, 0xEFFC, 0xEEFC, 0x0EFD, 
  0xEEFC, 0x0FFD, 0x0FFD, 0xEFFC, 0xEFFC, 0xEEFC, 0xEEFC, 0xCEFC, 0xCEFC, 0xEFFC, 0xCEFC, 0xEFFC, 0xEFFC, 0xCFFC, 0xCEFC, 0xCEFC, 
  0xCEFC, 0xEFFC, 0x2FFD, 0xEFFC, 0x6DD4, 0x497B, 0x4A73, 0x4A73, 0x2973, 0x8752, 0x484A, 0x0973, 0x086B, 0x6A83, 0xEBAB, 0x4DBC, 
  0xCBA3, 0x6A9B, 0x6DCC, 0x8DD4, 0x489B, 0xAEE4, 0xCED4, 0x086B, 0xA85A, 0xC95A, 0x0963, 0xE862, 0xCB83, 0x6A7B, 0xA85A, 0x0973, 
  0x4A8B, 0xAB9B, 0xCBA3, 0xCBB3, 0x4DCC, 0x6DD4, 0x6CD4, 0xADDC, 0xEEEC, 0x2FF5, 0x2FF5, 0x2FF5, 0x0FF5, 0xCEEC, 0xAEE4, 0x2CCC, 
  0xCBAB, 0x4A93, 0xC972, 0x064A, 0x064A, 0x875A, 0x497B, 0xCA9B, 0x2CC4, 0x6DE4, 0x8EFC, 0x4EFC, 0x4DFC, 0xEFFC, 0xCDFC, 0x0FFD, 
  0x0FFD, 0x6DDC, 0xE792, 0x4783, 0xC7A4, 0x65D6, 0xC4FF, 0xC1FF, 0xC0FF, 0xC1FF, 0xC1FF, 0xC1FF, 0xC1FF, 0xC1FF, 0xC1FF, 0xC1FF, 
  0xC1FF, 0xC1FF, 0xC1FF, 0xC1FF, 0xC1FF, 0xC1FF, 0xC1FF, 0xC1FF, 0xC1FF, 0xC1FF, 0xC1FF, 0xC1FF, 0xC0FF, 0xC0FF, 0xC0FF, 0xC1FF, 
  0x04FF, 0xE0FF, 0xC0FF, 0xC0FF, 0xC0FF, 0xC1FF, 0xC1FF, 0xC1FF, 0xC1FF, 0xC1FF, 0xC1FF, 0xC1FF, 0xC1FF, 0xC1FF, 0xC1FF, 0xC1FF, 
  0xC1FF, 0xC1FF, 0xC1FF, 0xC1FF, 0xC1FF, 0xC1FF, 0xC1FF, 0xC1FF, 0xC1FF, 0xC1FF, 0xC1FF, 0xC1FF, 0xC1FF, 0xC1FF, 0xC1FF, 0xC1FF, 
  0xC1FF, 0xC1FF, 0xC1FF, 0xC1FF, 0xC1FF, 0xC1FF, 0xC1FF, 0xC1FF, 0xC1FF, 0xC1FF, 0xC0FF, 0xC1FF, 0xC1FF, 0xC1FF, 0xC0FF, 0xC0FF, 
  0xC1FF, 0xC1FF, 0xC0FF, 0xC0FF, 0xC1FF, 0xC1FF, 0xA0FF, 0xC0FF, 0xE1FF, 0xE1FF, 0xC3FF, 0x45FF, 0x06FF, 0xE6FE, 0x87FE, 0x88FE, 
  0x4AFE, 0xE9F5, 0x8AE5, 0x48C5, 0x89CD, 0xCADD, 0x07DE, 0xE4E6, 0x47F7, 0x499C, 0xE962, 0xA862, 0xE872, 0x096B, 0x2873, 0x8CB4, 
  0x4783, 0x6ED4, 0x30FD, 0xEEFC, 0x4DEC, 0xB8F6, 0x9DFF, 0x0FEC, 0xAAF2, 0xEBFA, 0x0BFB, 0x4BFB, 0x6CFB, 0x0DFC, 0xCFFC, 0xCFFC, 
  0xEFFC, 0xEFFC, 0xEFFC, 0xEFFC, 0xEFFC, 0xCEFC, 0xEFFC, 0x0FFD, 0xEEFC, 0xEFFC, 0xEFFC, 0xEFFC, 0xEFFC, 0xEFFC, 0xEEFC, 0xCEFC, 
  0xEEFC, 0xEFFC, 0xEFFC, 0xEEFC, 0xCEFC, 0xEFFC, 0x0FFD, 0xEFFC, 0xEFFC, 0x0FFD, 0xEFFC, 0xEFFC, 0xEEFC, 0xCEFC, 0xEFFC, 0xEFFC, 
  0xAEFC, 0xEEFC, 0x0FFD, 0x2FFD, 0x0FFD, 0xEEFC, 0x2FFD, 0x0FFD, 0xEFFC, 0xEEFC, 0xEFFC, 0xEFFC, 0x0FFD, 0xEFFC, 0xEFFC, 0xCEFC, 
  0x0FFD, 0xEFFC, 0xEFFC, 0x50FD, 0xEAB3, 0x8A9B, 0xCC8B, 0x0863, 0xEA83, 0xEA9B, 0x8B9B, 0x4DBC, 0x8DD4, 0x4DC4, 0xABB3, 0x499B, 
  0x2CBC, 0xAEE4, 0x0BCC, 0x0CCC, 0x2FFD, 0x6CDC, 0x087B, 0x4A6B, 0x496B, 0xE862, 0x8A73, 0x6B73, 0xA862, 0x6752, 0xC95A, 0x885A, 
  0x097B, 0xCCA3, 0x0DBC, 0x6DCC, 0x2CBC, 0x4DC4, 0x0BBC, 0x2CC4, 0xAAA3, 0x298B, 0x298B, 0x4A8B, 0x8762, 0xC85A, 0x274A, 0xC639, 
  0x2752, 0x8862, 0xE972, 0x6A93, 0x2CC4, 0x8DDC, 0xEFF4, 0xCFFC, 0x0DFC, 0x8BFB, 0xABFB, 0x0CF4, 0xAEFC, 0xCEFC, 0xAFFC, 0xCFF4, 
  0x09C4, 0xA7BC, 0xC7D5, 0x26F7, 0xE2FF, 0xE1FF, 0xC1FF, 0xA0FF, 0xC0FF, 0xC1FF, 0xC1FF, 0xC1FF, 0xC1FF, 0xC1FF, 0xC1FF, 0xC1FF, 
  0xC1FF, 0xC1FF, 0xC1FF, 0xC1FF, 0xC1FF, 0xC1FF, 0xC1FF, 0xC1FF, 0xC1FF, 0xC1FF, 0xC1FF, 0xC1FF, 0xC0FF, 0xC0FF, 0xC0FF, 0xC1FF, 
  0x04FF, 0xE0FF, 0xC0FF, 0xC0FF, 0xC0FF, 0xC1FF, 0xC1FF, 0xC1FF, 0xC1FF, 0xC1FF, 0xC1FF, 0xC1FF, 0xC1FF, 0xC1FF, 0xC1FF, 0xC1FF, 
  0xC1FF, 0xC1FF, 0xC1FF, 0xC1FF, 0xC1FF, 0xC1FF, 0xC1FF, 0xC1FF, 0xC1FF, 0xC1FF, 0xC1FF, 0xC1FF, 0xC1FF, 0xC1FF, 0xC1FF, 0xC1FF, 
  0xC1FF, 0xC1FF, 0xC1FF, 0xC1FF, 0xC1FF, 0xC1FF, 0xC1FF, 0xC1FF, 0xC1FF, 0xC1FF, 0xC1FF, 0xC1FF, 0xC1FF, 0xC1FF, 0xC0FF, 0xC0FF, 
  0xE0FF, 0xC1FF, 0xA1FF, 0xC0FF, 0xC0FF, 0xE0FF, 0xE1FF, 0xE2FF, 0x64FF, 0x68FE, 0x4BFD, 0x6EF4, 0x6FEC, 0x4FEC, 0x2EEC, 0xEDF3, 
  0xCCF3, 0xEDFB, 0x0DEC, 0x0BB4, 0x888B, 0x097B, 0xE96A, 0x4873, 0x6773, 0x497B, 0x6A7B, 0x0963, 0x4A73, 0xC862, 0xC862, 0xEA72, 
  0xA85A, 0x086B, 0x0BBC, 0x0FFD, 0xCEFC, 0x0EEC, 0xDBFE, 0xDFFF, 0x12ED, 0x6CEB, 0xEBF2, 0xCBF2, 0xEBFA, 0xEBFA, 0x8CFB, 0xEFFC, 
  0x0FFD, 0xEFFC, 0xCEFC, 0xEFFC, 0xEFFC, 0xEFFC, 0x0FFD, 0xEEFC, 0xEEFC, 0xEEFC, 0xEFFC, 0xEFFC, 0xEEFC, 0xEFFC, 0xCEFC, 0xEFFC, 
  0xEEFC, 0xCEFC, 0xEFFC, 0xCEFC, 0xEEFC, 0xEEFC, 0xCEFC, 0xEFFC, 0xCEFC, 0xCFFC, 0xEFFC, 0x0FFD, 0x0FFD, 0xEEFC, 0xAEFC, 0xEFFC, 
  0xCFFC, 0x6EFC, 0x2DF4, 0xECF3, 0xCCF3, 0xCCFB, 0xEDFB, 0x4DFC, 0x8EFC, 0xEFFC, 0xEEFC, 0x0FFD, 0x0FFD, 0x0EFD, 0x0EFD, 0xEEFC, 
  0xEEFC, 0xCDFC, 0x0FFD, 0x0FF5, 0xA98B, 0xCA83, 0x2873, 0xE86A, 0xCBA3, 0x8CDC, 0x0CC4, 0xAAAB, 0xEAAB, 0xABAB, 0x0CC4, 0x8CDC, 
  0x0BC4, 0xEBCB, 0xACE3, 0x8EFC, 0x4BCC, 0x496B, 0xC85A, 0xE962, 0x8852, 0xE962, 0xC85A, 0x8852, 0x895A, 0xC95A, 0x0A63, 0x6852, 
  0xA85A, 0x674A, 0x273A, 0xA852, 0x8852, 0x8752, 0x464A, 0x6752, 0x2742, 0x684A, 0xE962, 0x675A, 0xE972, 0x4A8B, 0x4A9B, 0xCCB3, 
  0x6ECC, 0xCFEC, 0x0FFD, 0x2EFD, 0x4FFD, 0x4FFD, 0x2FFD, 0xAEFC, 0x6EFC, 0x8EFC, 0xCFFC, 0xEFFC, 0x0DF5, 0x8CF5, 0x09F6, 0xC7F6, 
  0x24F7, 0xE3FF, 0xE2FF, 0xE1FF, 0xC0FF, 0xA0FF, 0xA1FF, 0xC1FF, 0xE0FF, 0xC1FF, 0xC1FF, 0xC1FF, 0xC1FF, 0xC1FF, 0xC1FF, 0xC1FF, 
  0xC1FF, 0xC1FF, 0xC1FF, 0xC1FF, 0xC1FF, 0xC1FF, 0xC1FF, 0xC1FF, 0xC1FF, 0xC1FF, 0xC1FF, 0xC1FF, 0xC0FF, 0xC0FF, 0xC0FF, 0xC1FF, 
  0x04FF, 0xE0FF, 0xC0FF, 0xC0FF, 0xC0FF, 0xC1FF, 0xC1FF, 0xC1FF, 0xC1FF, 0xC1FF, 0xC1FF, 0xC1FF, 0xC1FF, 0xC1FF, 0xC1FF, 0xC1FF, 
  0xC1FF, 0xC1FF, 0xC1FF, 0xC1FF, 0xC1FF, 0xC1FF, 0xC1FF, 0xC1FF, 0xC1FF, 0xC1FF, 0xC1FF, 0xC1FF, 0xC1FF, 0xC1FF, 0xC1FF, 0xC1FF, 
  0xC1FF, 0xC1FF, 0xC1FF, 0xC1FF, 0xC1FF, 0xC1FF, 0xC1FF, 0xC1FF, 0xC1FF, 0xC1FF, 0xC1FF, 0xC1FF, 0xC1FF, 0xC1FF, 0xC1FF, 0xC1FF, 
  0xC0FF, 0xE0FF, 0xE0FF, 0xE1FF, 0xC3FF, 0x65FF, 0x49F6, 0x6BF5, 0x8CF4, 0x0FF4, 0xEFF3, 0x2FEC, 0x2FF4, 0x0EFC, 0x0EFC, 0xADF3, 
  0x4BF3, 0x2BF3, 0x8BF3, 0x8EFC, 0xCEEC, 0x0CB4, 0x4973, 0xE862, 0xC85A, 0x695A, 0xE962, 0x496B, 0x2A6B, 0xA852, 0xC95A, 0x884A, 
  0xA852, 0xE85A, 0xA85A, 0x0CB4, 0x30FD, 0xF0FC, 0xEEEB, 0xBAF6, 0xFFFF, 0x5CFF, 0x37F6, 0x34F5, 0xAEF3, 0x0CFB, 0x0BFB, 0xCCF3, 
  0xAFFC, 0xCEFC, 0xEFFC, 0xEFFC, 0xEFFC, 0xCEFC, 0xEFFC, 0xEFFC, 0xEEFC, 0xCEFC, 0xEEFC, 0xEEFC, 0xEEFC, 0xEFFC, 0xEEFC, 0xEFFC, 
  0xEFFC, 0xEFFC, 0xEFFC, 0xEEFC, 0x0FFD, 0xEFFC, 0xCEFC, 0xEFFC, 0xCEFC, 0xCFFC, 0xEFFC, 0x0FFD, 0xEEFC, 0xEFFC, 0xCEFC, 0xCCFB, 
  0x6CF3, 0x50EC, 0x14ED, 0x96F5, 0xB6ED, 0xD3EC, 0x2CF3, 0xEBFA, 0x4BF3, 0x4DF4, 0x0FFD, 0x0FFD, 0xEEFC, 0xCEFC, 0xCEFC, 0xCFFC, 
  0x0FFD, 0x0FFD, 0xEFEC, 0xCBAB, 0x286B, 0x496B, 0xE862, 0x0CB4, 0xAEEC, 0x0CCC, 0xECC3, 0xAABB, 0x0ABC, 0x0BCC, 0x0CCC, 0x2DCC, 
  0xAEE3, 0x6CF3, 0x4DF4, 0xABB3, 0x8962, 0xC962, 0xE862, 0xA962, 0x2973, 0x296B, 0x6952, 0x296B, 0x6873, 0xE962, 0xE95A, 0x6752, 
  0xC962, 0xC962, 0xA862, 0xC762, 0xEB9B, 0xEAAB, 0x0BAC, 0x8AA3, 0x0CBC, 0x6CD4, 0xADE4, 0xEEEC, 0x2FFD, 0x50FD, 0x90FD, 0x8FFD, 
  0x4FFD, 0x2FFD, 0xCFFC, 0xAEFC, 0xAFFC, 0xCFFC, 0x0EFD, 0xEDF4, 0x0DFD, 0xACFD, 0x49F6, 0xE6FE, 0x24FF, 0xA3FF, 0xE1FF, 0xE0FF, 
  0xE0FF, 0xA0FF, 0xA1FF, 0xC1FF, 0xC1FF, 0xC0FF, 0xE0FF, 0xE0FF, 0xC1FF, 0xC1FF, 0xC1FF, 0xC1FF, 0xC1FF, 0xC1FF, 0xC1FF, 0xC1FF, 
  0xC1FF, 0xC1FF, 0xC1FF, 0xC1FF, 0xC1FF, 0xC1FF, 0xC1FF, 0xC1FF, 0xC1FF, 0xC1FF, 0xC1FF, 0xC1FF, 0xC0FF, 0xC0FF, 0xC0FF, 0xC1FF, 
  0x04FF, 0xE0FF, 0xC0FF, 0xC0FF, 0xC0FF, 0xC1FF, 0xC1FF, 0xC1FF, 0xC1FF, 0xC1FF, 0xC1FF, 0xC1FF, 0xC1FF, 0xC1FF, 0xC1FF, 0xC1FF, 
  0xC1FF, 0xC1FF, 0xC1FF, 0xC1FF, 0xC1FF, 0xC1FF, 0xC1FF, 0xC1FF, 0xC1FF, 0xC1FF, 0xC1FF, 0xC1FF, 0xC1FF, 0xC1FF, 0xC1FF, 0xC1FF, 
  0xC1FF, 0xC1FF, 0xC1FF, 0xC1FF, 0xC1FF, 0xC1FF, 0xC1FF, 0xC1FF, 0xC1FF, 0xC1FF, 0xC0FF, 0xC0FF, 0xC0FF, 0xE0FF, 0xE1FF, 0xE1FF, 
  0xC2FF, 0xA5FF, 0xE7FE, 0x09FE, 0xEAF4, 0xEBF3, 0xACF3, 0xCDF3, 0x0FF4, 0x2EFC, 0x4DFC, 0xAEFC, 0xAEFC, 0xAEFC, 0xCEFC, 0xCFFC, 
  0xAEFC, 0x8EFC, 0xACF3, 0xEAF2, 0xACFB, 0xEFFC, 0x8DDC, 0x89A3, 0xA76A, 0xA85A, 0xA85A, 0x885A, 0x296B, 0xE96A, 0x2873, 0x4883, 
  0xAA9B, 0x4A8B, 0xE962, 0xE85A, 0x6993, 0x0FF5, 0xEFFC, 0xEDE3, 0xB6ED, 0x9EFF, 0xFFFF, 0xFFFF, 0xFAFE, 0x6DF3, 0x0CFB, 0xEBFA, 
  0x4AF3, 0x2DF4, 0xEFFC, 0xCEFC, 0xCEFC, 0xCEFC, 0xEFFC, 0xEFFC, 0xCEFC, 0xCEFC, 0xCEFC, 0xCEFC, 0x0FFD, 0xEEFC, 0xEEFC, 0xEEFC, 
  0xEFFC, 0xEEFC, 0x0FFD, 0xEEFC, 0xEFFC, 0xEFFC, 0xCEFC, 0xCEFC, 0xEEFC, 0xEFFC, 0xEFFC, 0xEEFC, 0xEFFC, 0x8EFC, 0x6CF3, 0x30EC, 
  0xDAF6, 0xFFFF, 0xFFFF, 0xFFFF, 0xFFFF, 0xFFFF, 0x78FE, 0x0CF3, 0xEBFA, 0x6BF3, 0x0FFD, 0xEEFC, 0xCEFC, 0x0FFD, 0x0FFD, 0x8DDC, 
  0x0DC4, 0x6A8B, 0xAA8B, 0xE86A, 0x096B, 0x296B, 0x497B, 0xCEEC, 0x0FFD, 0x8ECC, 0x69A3, 0xABBB, 0xB0D4, 0x72E5, 0xD5ED, 0x95F5, 
  0x8FF4, 0xAFFC, 0x6DCC, 0xA85A, 0xCA5A, 0x096B, 0x885A, 0xA962, 0xAA83, 0xA983, 0x096B, 0x296B, 0xC862, 0xC95A, 0x8852, 0x6852, 
  0xE962, 0xC85A, 0xE86A, 0x2983, 0x8ECC, 0xEEEC, 0x4FFD, 0x70FD, 0x50FD, 0x0FFD, 0xEEF4, 0xAEE4, 0x6DD4, 0x4CC4, 0x0CC4, 0xABBB, 
  0xABBB, 0xEBC3, 0x09CC, 0x0AE5, 0x69ED, 0x0AFE, 0xC8FE, 0x25FF, 0x64FF, 0xC3FF, 0xE1FF, 0xE0FF, 0xE0FF, 0xE0FF, 0xC0FF, 0xC1FF, 
  0xC1FF, 0xE0FF, 0xE0FF, 0xC1FF, 0xC1FF, 0xC0FF, 0xE0FF, 0xC0FF, 0xC1FF, 0xC1FF, 0xC1FF, 0xC1FF, 0xC1FF, 0xC1FF, 0xC1FF, 0xC1FF, 
  0xC1FF, 0xC1FF, 0xC1FF, 0xC1FF, 0xC1FF, 0xC1FF, 0xC1FF, 0xC1FF, 0xC1FF, 0xC1FF, 0xC1FF, 0xC1FF, 0xC0FF, 0xC0FF, 0xC0FF, 0xC1FF, 
  0x04FF, 0xE0FF, 0xC0FF, 0xC0FF, 0xC0FF, 0xC1FF, 0xC0FF, 0xC0FF, 0xC1FF, 0xC1FF, 0xC1FF, 0xC0FF, 0xC0FF, 0xC1FF, 0xC1FF, 0xC1FF, 
  0xC1FF, 0xC0FF, 0xC0FF, 0xC0FF, 0xC0FF, 0xC0FF, 0xC0FF, 0xC0FF, 0xC0FF, 0xC0FF, 0xC0FF, 0xC1FF, 0xC1FF, 0xC1FF, 0xC1FF, 0xC1FF, 
  0xC1FF, 0xC1FF, 0xC1FF, 0xC1FF, 0xC1FF, 0xC0FF, 0xC0FF, 0xC0FF, 0xE0FF, 0xE1FF, 0xE1FF, 0xE1FF, 0xE3FF, 0x85FF, 0xE7FE, 0x29FE, 
  0x0AFD, 0x2BF4, 0x6BF3, 0x0BF3, 0x2BF3, 0x8CFB, 0x2DFC, 0x8EFC, 0xCEFC, 0xEFFC, 0xEFFC, 0xEEFC, 0xEEFC, 0xEEFC, 0xCEFC, 0xEEFC, 
  0xCEFC, 0x0FFD, 0x0FFD, 0x4EFC, 0x2BF3, 0x0DF4, 0x0FFD, 0x0FFD, 0xAEF4, 0xADDC, 0x2CBC, 0xCBB3, 0x4CC4, 0x6DD4, 0xCDEC, 0xF0FC, 
  0x4EE4, 0x6993, 0x2A6B, 0xA85A, 0xA752, 0x288B, 0x8DD4, 0x30FD, 0xEDFB, 0xEDEB, 0xD2F4, 0xF3F4, 0xCEEB, 0x2BF3, 0x4BF3, 0x8BFB, 
  0x4EFC, 0xCEFC, 0xCEFC, 0x8EFC, 0x0FFD, 0xCEFC, 0xEEFC, 0x0FFD, 0xEFFC, 0xCEFC, 0xCEFC, 0xEFFC, 0xEFFC, 0xEFFC, 0xEFFC, 0xEFFC, 
  0xEFFC, 0xCEFC, 0x0FFD, 0xEFFC, 0xCEFC, 0xEFFC, 0xEFFC, 0xEEFC, 0xEEFC, 0x0FFD, 0xEEFC, 0xEEFC, 0xCFFC, 0x8BF3, 0xCBF2, 0x79FE, 
  0xFFFF, 0xFFFF, 0xFFFF, 0xFFFF, 0xFFFF, 0xDFFF, 0x95F5, 0xEBF2, 0x8CFB, 0x6EFC, 0xF0FC, 0xEFFC, 0x2FFD, 0x8DD4, 0xCA9B, 0x4883, 
  0xE862, 0x085B, 0xA75A, 0xC862, 0x4A6B, 0xC95A, 0x4A8B, 0x2FFD, 0xAEE4, 0x089B, 0x6DDC, 0x18FE, 0x97FD, 0x33F5, 0xF0EC, 0xAEF4, 
  0xEFFC, 0xEEE4, 0x0983, 0xC95A, 0xE962, 0xA752, 0x2842, 0x8952, 0xE962, 0xE96A, 0x286B, 0x096B, 0xA95A, 0xC862, 0xE95A, 0xA952, 
  0x496B, 0x897B, 0xEA62, 0xC85A, 0x675A, 0x8872, 0x8772, 0x0883, 0x2983, 0xC77A, 0x488B, 0x078B, 0xE99B, 0x0794, 0x86A4, 0x07BD, 
  0x07D6, 0x85E6, 0x04EF, 0xA4FF, 0xE2FF, 0xE1FF, 0xE0FF, 0xE0FF, 0xE0FF, 0xC0FF, 0xC0FF, 0xC1FF, 0xC1FF, 0xC1FF, 0xC0FF, 0xC0FF, 
  0xC1FF, 0xC1FF, 0xC1FF, 0xC0FF, 0xC0FF, 0xC1FF, 0xC1FF, 0xC1FF, 0xC1FF, 0xC1FF, 0xC1FF, 0xC1FF, 0xC1FF, 0xC1FF, 0xC1FF, 0xC1FF, 
  0xC1FF, 0xC1FF, 0xC1FF, 0xC1FF, 0xC1FF, 0xC1FF, 0xC1FF, 0xC1FF, 0xC1FF, 0xC1FF, 0xC1FF, 0xC1FF, 0xC0FF, 0xC0FF, 0xC0FF, 0xC1FF, 
  0x04FF, 0xE0FF, 0xC0FF, 0xC0FF, 0xC0FF, 0xC1FF, 0xC1FF, 0xC0FF, 0xC0FF, 0xC1FF, 0xC1FF, 0xC1FF, 0xE0FF, 0xE0FF, 0xC0FF, 0xC1FF, 
  0xC1FF, 0xC0FF, 0xC1FF, 0xC1FF, 0xC1FF, 0xC1FF, 0xC1FF, 0xC1FF, 0xC1FF, 0xC1FF, 0xC1FF, 0xC0FF, 0xE0FF, 0xE0FF, 0xC1FF, 0xC1FF, 
  0xC0FF, 0xC0FF, 0xC0FF, 0xC0FF, 0xE0FF, 0xE1FF, 0xE2FF, 0xC3FF, 0x65FF, 0xE6FE, 0x88FE, 0xA8FD, 0xA9F4, 0xEBF3, 0x6BF3, 0x4BF3, 
  0x4BF3, 0x8CF3, 0xEDFB, 0x4EFC, 0x8EFC, 0xCFFC, 0xEEFC, 0x0FFD, 0xEEFC, 0xCEFC, 0xCEFC, 0xAEFC, 0xCEFC, 0xEEFC, 0xCEFC, 0xEFFC, 
  0xEEFC, 0xCEFC, 0xCEFC, 0xAEFC, 0x8EFC, 0x2DF4, 0xCFFC, 0xEEFC, 0xCEFC, 0xEFFC, 0x2FFD, 0x0FFD, 0xEFFC, 0xEEFC, 0xEEFC, 0xEEFC, 
  0xCDEC, 0xADE4, 0x8DDC, 0x0CCC, 0xECB3, 0x097B, 0x6752, 0x4993, 0xCEEC, 0xEFFC, 0x6EFC, 0x2DFC, 0x4EFC, 0x8EFC, 0xCFFC, 0xEFFC, 
  0x0FFD, 0x0FFD, 0xCEFC, 0xAFFC, 0x6EF4, 0xAEF4, 0xEEFC, 0xEEFC, 0xEFFC, 0xEEFC, 0xEFFC, 0x0FFD, 0xEFFC, 0xAEFC, 0xAEFC, 0xEFFC, 
  0xEFFC, 0xEEFC, 0xEFFC, 0xEEFC, 0xEEFC, 0xEFFC, 0xCEFC, 0xCEFC, 0x0EFD, 0x0EFD, 0xEEFC, 0x0FFD, 0x0DF4, 0x0AF3, 0x0BFB, 0xCEEB, 
  0x79FE, 0x3CFF, 0xFBFE, 0x59F6, 0x95ED, 0x2FEC, 0x6CF3, 0x4EFC, 0xCEFC, 0xEEFC, 0x0FFD, 0xCEF4, 0xCAB3, 0x898B, 0xA97B, 0x496B, 
  0xA85A, 0xE862, 0xE95A, 0x2A6B, 0xE962, 0x0963, 0x097B, 0xCEEC, 0x2CC4, 0x8AB3, 0xB6FD, 0x30EC, 0x2BEB, 0xECEB, 0x8EF4, 0x0FFD, 
  0xCFF4, 0x8993, 0x296B, 0xA95A, 0xA75A, 0x6A7B, 0x895A, 0xE95A, 0xC85A, 0x895A, 0x096B, 0xA862, 0x8B7B, 0x4873, 0xE96A, 0x685A, 
  0xC962, 0xCA83, 0x297B, 0x0AA4, 0x69AC, 0x48A4, 0x07BD, 0x05CE, 0x84D6, 0xA3D6, 0x24EF, 0x45F7, 0xA5FF, 0xC5FF, 0xE3FF, 0xE2FF, 
  0xE1FF, 0xE0FF, 0xE0FF, 0xC0FF, 0xC0FF, 0xC1FF, 0xC1FF, 0xC1FF, 0xC1FF, 0xC1FF, 0xC1FF, 0xC1FF, 0xC1FF, 0xC1FF, 0xC1FF, 0xC1FF, 
  0xC1FF, 0xC1FF, 0xC1FF, 0xC1FF, 0xC1FF, 0xC1FF, 0xC1FF, 0xC1FF, 0xC1FF, 0xC1FF, 0xC1FF, 0xC1FF, 0xC1FF, 0xC1FF, 0xC1FF, 0xC1FF, 
  0xC1FF, 0xC1FF, 0xC1FF, 0xC1FF, 0xC1FF, 0xC1FF, 0xC1FF, 0xC1FF, 0xC1FF, 0xC1FF, 0xC1FF, 0xC1FF, 0xC0FF, 0xC0FF, 0xC0FF, 0xC1FF, 
  0x04FF, 0xE0FF, 0xC0FF, 0xC0FF, 0xC0FF, 0xC1FF, 0xC1FF, 0xC1FF, 0xC1FF, 0xE0FF, 0xE0FF, 0xE0FF, 0xE0FF, 0xE1FF, 0xC0FF, 0xC0FF, 
  0xC0FF, 0xC1FF, 0xC1FF, 0xC1FF, 0xC1FF, 0xC1FF, 0xC1FF, 0xC1FF, 0xC1FF, 0xC1FF, 0xC1FF, 0xC1FF, 0xC1FF, 0xC1FF, 0xE1FF, 0xE0FF, 
  0xE0FF, 0xE1FF, 0xA4FF, 0x45FF, 0xE6FE, 0x47FE, 0x4AFD, 0x8CF4, 0x0CFC, 0x8BF3, 0x6BF3, 0x6BFB, 0x8CFB, 0xEDFB, 0x6EFC, 0x8DFC, 
  0xAEFC, 0xCFFC, 0xEFFC, 0xCEFC, 0xEEFC, 0xCEFC, 0xCEFC, 0xEFFC, 0xCEFC, 0xEFFC, 0xCEFC, 0xCEFC, 0xEFFC, 0xEEFC, 0xCEFC, 0xCEFC, 
  0xCEFC, 0xEFFC, 0xCEFC, 0xAEF4, 0xEFFC, 0xEFFC, 0xCFFC, 0xEFFC, 0xCEFC, 0xEFFC, 0x0FFD, 0xCEFC, 0xCEFC, 0xCEFC, 0xCFFC, 0xCEFC, 
  0xECFB, 0x6CFB, 0x4BFB, 0xEEFB, 0xEFFC, 0x2FFD, 0x6DC4, 0xC872, 0x8762, 0x298B, 0x2CBC, 0x8DD4, 0xCEDC, 0xCEE4, 0xCEF4, 0xEFFC, 
  0xCEFC, 0xEFFC, 0x0FFD, 0x0DF4, 0xCCF3, 0x0FFD, 0x0FFD, 0xEEFC, 0xCEFC, 0xCEFC, 0xEEFC, 0xEEFC, 0xEEFC, 0xCEFC, 0xCEFC, 0xEEFC, 
  0xEFFC, 0xCEFC, 0xEFFC, 0xCFFC, 0xCEFC, 0xEEFC, 0xCEFC, 0xAEFC, 0xEFFC, 0xEFFC, 0xEEFC, 0xEFFC, 0x8EFC, 0xCCFB, 0x6BF3, 0x2BF3, 
  0x2CF3, 0xADEB, 0xECEB, 0xECF3, 0x0CF4, 0x2EFC, 0x4DFC, 0xEDF3, 0xEDFB, 0xAEF4, 0x6DBC, 0x0873, 0x6752, 0x8B7B, 0x4973, 0xA85A, 
  0xA852, 0xE95A, 0xC95A, 0xA85A, 0x8752, 0xA852, 0x263A, 0xABA3, 0x4DCC, 0xAABB, 0x8FFC, 0xAAFA, 0xEFF3, 0xB5ED, 0x74ED, 0xCFFC, 
  0x4CC4, 0x4873, 0xCC8B, 0x4973, 0x487B, 0x0A8C, 0xE86A, 0xC962, 0xA85A, 0x284A, 0x086B, 0xE862, 0x875A, 0xCB83, 0xC962, 0x086B, 
  0xC95A, 0x2963, 0x6A83, 0x09BD, 0xE7FF, 0xE3FF, 0xE2FF, 0xE1FF, 0xE0FF, 0xE1FF, 0xE0FF, 0xE0FF, 0xC0FF, 0xC0FF, 0xC0FF, 0xC0FF, 
  0xC0FF, 0xC1FF, 0xC1FF, 0xC1FF, 0xC1FF, 0xC1FF, 0xC1FF, 0xC1FF, 0xC1FF, 0xC1FF, 0xC1FF, 0xC1FF, 0xC1FF, 0xC1FF, 0xC1FF, 0xC1FF, 
  0xC1FF, 0xC1FF, 0xC1FF, 0xC1FF, 0xC1FF, 0xC1FF, 0xC1FF, 0xC1FF, 0xC1FF, 0xC1FF, 0xC1FF, 0xC1FF, 0xC1FF, 0xC1FF, 0xC1FF, 0xC1FF, 
  0xC1FF, 0xC1FF, 0xC1FF, 0xC1FF, 0xC1FF, 0xC1FF, 0xC1FF, 0xC1FF, 0xC1FF, 0xC1FF, 0xC1FF, 0xC1FF, 0xC0FF, 0xC0FF, 0xC0FF, 0xC1FF, 
  0x04FF, 0xE0FF, 0xC0FF, 0xC0FF, 0xC0FF, 0xC1FF, 0xC1FF, 0xC1FF, 0xC1FF, 0xE0FF, 0xC1FF, 0xC2FF, 0xA1FF, 0xA1FF, 0xC1FF, 0xC0FF, 
  0xE0FF, 0xE1FF, 0xE1FF, 0xE0FF, 0xE0FF, 0xE0FF, 0xE0FF, 0xE0FF, 0xE0FF, 0xE0FF, 0xE1FF, 0xE1FF, 0xE1FF, 0xE1FF, 0xA4FF, 0x45FF, 
  0x87FE, 0xE9FD, 0x2BFD, 0x8BF4, 0xCBF3, 0xACF3, 0xCDF3, 0xEDF3, 0x2DFC, 0x6EFC, 0xAFFC, 0xCFFC, 0xEFFC, 0x0FFD, 0x0FFD, 0xCFFC, 
  0xCEFC, 0xCEFC, 0xAEFC, 0xCEFC, 0xCEFC, 0xCEFC, 0xCEFC, 0xCEFC, 0xCEFC, 0xCEFC, 0xCEFC, 0x0FFD, 0x0FFD, 0xEFFC, 0xCEFC, 0xCEFC, 
  0xCEFC, 0xEEFC, 0xEFFC, 0xEFFC, 0xCEFC, 0xEEFC, 0xAEFC, 0xAEFC, 0xCEFC, 0xEEFC, 0xEFFC, 0xCEFC, 0xCEFC, 0xCEFC, 0xAEFC, 0xEDF3, 
  0xCEEB, 0x4CF3, 0x6DF4, 0x8DDC, 0x4CCC, 0x6CD4, 0x2FFD, 0x30FD, 0x4DC4, 0x298B, 0xA86A, 0x8762, 0xA772, 0x2893, 0x4CD4, 0xEEFC, 
  0xEEFC, 0x0FFD, 0x8EFC, 0x6BF3, 0x8EFC, 0xCFFC, 0xAEFC, 0xAFFC, 0x8EFC, 0xCFFC, 0xCFFC, 0xCEFC, 0xCEFC, 0xEFFC, 0xCEFC, 0xCEFC, 
  0x0FFD, 0xCFFC, 0x6DFC, 0xAEFC, 0xEEFC, 0xEEFC, 0xEEFC, 0xCEFC, 0xCFFC, 0xEFFC, 0x0FFD, 0xEEFC, 0x0FFD, 0xEFFC, 0xCFFC, 0xEFFC, 
  0xCFFC, 0x8EFC, 0x4EFC, 0x0DFC, 0xACF3, 0x8DFB, 0x6BFB, 0xCCEB, 0x0CCC, 0x488B, 0x086B, 0x496B, 0x496B, 0x8A73, 0xE86A, 0x2973, 
  0x6A7B, 0xE772, 0xA782, 0x0A9B, 0x4BAB, 0x6BB3, 0x4AA3, 0x8993, 0xE99B, 0xCAB3, 0xEDEB, 0x0AFB, 0x0AFB, 0x6DF3, 0x10F4, 0xAFFC, 
  0xEBA3, 0xA75A, 0xE96A, 0xC862, 0xCB8B, 0xCA8B, 0x2973, 0x296B, 0xC85A, 0x8852, 0xC862, 0x6B73, 0xC862, 0x2973, 0x2A63, 0xC85A, 
  0x8852, 0x0963, 0x2A6B, 0x274A, 0x849C, 0xE3FF, 0xC0FF, 0xC0FF, 0xC0FF, 0xA1FF, 0xC0FF, 0xC0FF, 0xC1FF, 0xC1FF, 0xC1FF, 0xE1FF, 
  0xC1FF, 0xC1FF, 0xC1FF, 0xC1FF, 0xC1FF, 0xC1FF, 0xC1FF, 0xC1FF, 0xC1FF, 0xC1FF, 0xC1FF, 0xC1FF, 0xC1FF, 0xC1FF, 0xC1FF, 0xC1FF, 
  0xC1FF, 0xC1FF, 0xC1FF, 0xC1FF, 0xC1FF, 0xC1FF, 0xC1FF, 0xC1FF, 0xC1FF, 0xC1FF, 0xC1FF, 0xC1FF, 0xC1FF, 0xC1FF, 0xC1FF, 0xC1FF, 
  0xC1FF, 0xC1FF, 0xC1FF, 0xC1FF, 0xC1FF, 0xC1FF, 0xC1FF, 0xC1FF, 0xC1FF, 0xC1FF, 0xC1FF, 0xC1FF, 0xC0FF, 0xC0FF, 0xC0FF, 0xC1FF, 
  0x04FF, 0xE0FF, 0xC0FF, 0xC0FF, 0xC0FF, 0xC0FF, 0xC0FF, 0xC1FF, 0xC1FF, 0xC0FF, 0xC0FF, 0xC0FF, 0xE0FF, 0xE0FF, 0xC2FF, 0xC2FF, 
  0x83FF, 0x64FF, 0x65FF, 0x65FF, 0x65FF, 0x65FF, 0x65FF, 0x66FF, 0x65FF, 0x25FF, 0xE7FE, 0x88FE, 0x2AFE, 0xEAFD, 0x4BFD, 0x0DFD, 
  0xAEFC, 0x8FFC, 0x6FFC, 0x8FFC, 0xAFFC, 0xF0FC, 0xEFFC, 0x0EFD, 0x0EFD, 0x0FFD, 0x0FFD, 0xEEFC, 0xCEFC, 0xEEFC, 0xCEFC, 0xCFFC, 
  0xEFFC, 0xCEFC, 0xCEFC, 0xEFFC, 0xCEFC, 0xEEFC, 0xCEFC, 0xCEFC, 0xEFFC, 0xCEFC, 0xCEFC, 0xEFFC, 0xEEFC, 0xCEFC, 0xAEFC, 0xCEFC, 
  0xEFFC, 0xCEFC, 0xAEFC, 0xAEFC, 0xCEFC, 0xEEFC, 0xCEFC, 0xAEFC, 0xCEFC, 0xEEFC, 0xEFFC, 0xEFFC, 0xCFFC, 0xCFFC, 0xCDF3, 0x55F5, 
  0x71F4, 0x4DE4, 0xAA9B, 0xC86A, 0x2973, 0xC86A, 0x098B, 0x4CD4, 0x4FFD, 0x4FFD, 0xCEEC, 0x8DE4, 0xADE4, 0xEEEC, 0x2FFD, 0xEFFC, 
  0xEEFC, 0x0FFD, 0xACFB, 0xCCFB, 0xEFF4, 0xAEFC, 0x8CFB, 0x2BF3, 0x6BF3, 0x2EFC, 0x10FD, 0x0FFD, 0xEFFC, 0xEFFC, 0xEEFC, 0xCFFC, 
  0x0FFD, 0x2DF4, 0xCBEB, 0xCEFC, 0xEEFC, 0xEEFC, 0xEEFC, 0xCEFC, 0xCEFC, 0xCEFC, 0xEEFC, 0xCEFC, 0x8DFC, 0xCEFC, 0x8DF4, 0x0CF4, 
  0xABFB, 0x6BFB, 0x4CFB, 0x6CFB, 0xACE3, 0x90D4, 0x2EBC, 0xC97A, 0xE862, 0x0B8C, 0xAB8B, 0x296B, 0x0963, 0x4973, 0x888B, 0x0BB4, 
  0xD0D4, 0xB4E5, 0x16FE, 0x53FD, 0x0DF4, 0x0CFC, 0x8EFC, 0x0FF5, 0x6CD4, 0x69B3, 0xABA3, 0x2EEC, 0x4CFB, 0xEBFA, 0x0BF3, 0xEFFC, 
  0x4983, 0x875A, 0x6973, 0x2A6B, 0x6852, 0x885A, 0xE962, 0x8A73, 0x0863, 0xA85A, 0xC85A, 0x0A6B, 0x2A6B, 0x286B, 0xE862, 0xE962, 
  0xA962, 0xE96A, 0x6852, 0x6952, 0x875A, 0xE5A4, 0xA4FF, 0xE1FF, 0xA1FF, 0xC1FF, 0xC1FF, 0xC1FF, 0xC1FF, 0xC1FF, 0xC1FF, 0xC1FF, 
  0xC1FF, 0xC1FF, 0xC1FF, 0xC1FF, 0xC1FF, 0xC1FF, 0xC1FF, 0xC1FF, 0xC1FF, 0xC1FF, 0xC1FF, 0xC1FF, 0xC1FF, 0xC1FF, 0xC1FF, 0xC1FF, 
  0xC1FF, 0xC1FF, 0xC1FF, 0xC1FF, 0xC1FF, 0xC1FF, 0xC1FF, 0xC1FF, 0xC1FF, 0xC1FF, 0xC1FF, 0xC1FF, 0xC1FF, 0xC1FF, 0xC1FF, 0xC1FF, 
  0xC1FF, 0xC1FF, 0xC1FF, 0xC1FF, 0xC1FF, 0xC1FF, 0xC1FF, 0xC1FF, 0xC1FF, 0xC1FF, 0xC1FF, 0xC1FF, 0xC0FF, 0xC0FF, 0xC0FF, 0xC1FF, 
  0x04FF, 0xE0FF, 0xC0FF, 0xC0FF, 0xC0FF, 0xC1FF, 0xC0FF, 0xC1FF, 0xE1FF, 0xE0FF, 0xE1FF, 0xA3FF, 0x65FF, 0xC6FE, 0x29F6, 0xCBFD, 
  0x2CFD, 0xEEFC, 0xEEFC, 0x0EFD, 0x0EFD, 0x0EFD, 0x0EFD, 0x2EFD, 0x0EFD, 0xEDFC, 0xCDFC, 0xCEFC, 0xCEFC, 0xCEFC, 0xCFFC, 0xAFF4, 
  0xCFFC, 0xCEFC, 0xEEFC, 0x0EFD, 0xEEFC, 0xEEFC, 0xCFFC, 0xAEFC, 0xCEFC, 0xCEFC, 0xEEFC, 0xEFFC, 0xCFFC, 0xCEFC, 0x0EFD, 0xEEFC, 
  0xEEFC, 0xEFFC, 0xEEFC, 0xEFFC, 0xCEFC, 0xCEFC, 0xAEFC, 0xAEFC, 0xCEFC, 0xCEFC, 0xCEFC, 0xCEFC, 0xCEFC, 0xEFFC, 0xCEFC, 0xAEFC, 
  0xAEFC, 0xCEFC, 0xCFFC, 0xCEFC, 0xCEFC, 0xEEFC, 0xEEFC, 0xEFFC, 0xCEFC, 0xEFFC, 0x0FFD, 0x0FFD, 0x10FD, 0x4DFC, 0xD2EC, 0xF1EC, 
  0x4CE4, 0xAA8B, 0xC85A, 0xC962, 0xE862, 0x4A73, 0x2A6B, 0x8762, 0x0BB4, 0x0FFD, 0xEFFC, 0xEFFC, 0xEFFC, 0xCFFC, 0xCEFC, 0xEFFC, 
  0x0EFD, 0xCFFC, 0x4BF3, 0x6EFC, 0x0FFD, 0x8EFC, 0x0BF3, 0x0CFB, 0x0BFB, 0x4BF3, 0xCCF3, 0xEFFC, 0xEEFC, 0xEFFC, 0xCEFC, 0x0FFD, 
  0x6EFC, 0x8BEB, 0xCFFC, 0xEEFC, 0xCEFC, 0xEEFC, 0xCEFC, 0xCEFC, 0xEFFC, 0x0FFD, 0x0FFD, 0x0FFD, 0x0FFD, 0x0FFD, 0x8EF4, 0x0CEC, 
  0x0CE4, 0xECCB, 0x8BB3, 0xCAA3, 0x0A9C, 0x2873, 0x696B, 0xE962, 0xE96A, 0x0863, 0xA852, 0x6A8B, 0x89AB, 0x8BCB, 0x13F5, 0x37FE, 
  0x57FE, 0x74E5, 0x4FCC, 0x6BAB, 0x8A9B, 0xAA9B, 0x8A93, 0x498B, 0xCBB3, 0x0BB4, 0xE872, 0xE87A, 0x4CDC, 0x4EFC, 0x0DFC, 0x8DEC, 
  0x2A7B, 0x8B7B, 0x6973, 0x0963, 0xE962, 0x296B, 0x296B, 0xC862, 0xA962, 0x096B, 0x096B, 0x296B, 0x096B, 0xC862, 0x4983, 0xCC93, 
  0xA85A, 0xC952, 0x2742, 0x684A, 0x8852, 0xC85A, 0xC68B, 0x04EF, 0xE1FF, 0xC1FF, 0xC0FF, 0xC1FF, 0xC0FF, 0xC0FF, 0xC0FF, 0xC0FF, 
  0xC0FF, 0xC1FF, 0xC1FF, 0xC1FF, 0xC1FF, 0xC1FF, 0xC1FF, 0xC1FF, 0xC1FF, 0xC1FF, 0xC1FF, 0xC1FF, 0xC1FF, 0xC1FF, 0xC1FF, 0xC1FF, 
  0xC1FF, 0xC1FF, 0xC1FF, 0xC1FF, 0xC1FF, 0xC1FF, 0xC1FF, 0xC1FF, 0xC1FF, 0xC1FF, 0xC1FF, 0xC1FF, 0xC1FF, 0xC1FF, 0xC1FF, 0xC1FF, 
  0xC1FF, 0xC1FF, 0xC1FF, 0xC1FF, 0xC1FF, 0xC1FF, 0xC1FF, 0xC1FF, 0xC1FF, 0xC1FF, 0xC1FF, 0xC1FF, 0xC0FF, 0xC0FF, 0xC0FF, 0xC1FF, 
  0x04FF, 0xE0FF, 0xC0FF, 0xC1FF, 0xE1FF, 0xE0FF, 0xE1FF, 0xC3FF, 0x65FF, 0xC6FE, 0x2AFE, 0x8CF5, 0x0EFD, 0xCEFC, 0xEFFC, 0xCFFC, 
  0xEEFC, 0xEFFC, 0xCFFC, 0xCFFC, 0xCFFC, 0xCFFC, 0xCFFC, 0xCFFC, 0xCFFC, 0xCFFC, 0xCFFC, 0xCEFC, 0xCEFC, 0xEEFC, 0xCEFC, 0xCEFC, 
  0xEEFC, 0xCEFC, 0xEEFC, 0xEEFC, 0xEEFC, 0xEEFC, 0xEFFC, 0xEEFC, 0xEEFC, 0xEEFC, 0xEFFC, 0xEFFC, 0xCFFC, 0xEFFC, 0xEFFC, 0xEEFC, 
  0xCEFC, 0xEFFC, 0xCEFC, 0xCEFC, 0xAEFC, 0x8EFC, 0xAEFC, 0xAEFC, 0xCEFC, 0xCEFC, 0xEEFC, 0xEEFC, 0xEEFC, 0xCEFC, 0xCEFC, 0xCEFC, 
  0xEFFC, 0x0FFD, 0xEEFC, 0xEEFC, 0xEEFC, 0xEEFC, 0x0FFD, 0x0FFD, 0xEEFC, 0xEFFC, 0x0FFD, 0xEFFC, 0xEFFC, 0xCDF3, 0x30F4, 0x6EEC, 
  0xE993, 0x296B, 0xC862, 0x696B, 0x0A6B, 0x086B, 0xCA83, 0x0963, 0xA962, 0x6A93, 0x8EE4, 0x0FFD, 0x0FFD, 0x0FFD, 0xEEFC, 0xEEFC, 
  0x0FFD, 0xAEFC, 0x4BF3, 0xAFFC, 0xEEFC, 0xCFFC, 0xCDF3, 0x0BFB, 0x0BFB, 0x8CFB, 0xCCF3, 0xECF3, 0x0FFD, 0xEFFC, 0x0FFD, 0xEFFC, 
  0x6CF3, 0x6EFC, 0x0FFD, 0xEEFC, 0xEFFC, 0xCEFC, 0xEFFC, 0xEFFC, 0x6CE4, 0xAAAB, 0x8BA3, 0xABAB, 0x89A3, 0xEAA3, 0xAB93, 0x0983, 
  0xE762, 0xE862, 0x496B, 0x0863, 0x2973, 0x2873, 0x2763, 0xCA83, 0x298B, 0x2993, 0xECC3, 0x2DF4, 0xEDFB, 0x0EFC, 0x6FDC, 0x0CC4, 
  0x299B, 0x8772, 0xC762, 0xE962, 0x8752, 0x0863, 0xCB7B, 0x0863, 0xE862, 0x2A7B, 0xE872, 0x897B, 0x0773, 0x2CB4, 0x30FD, 0x6DDC, 
  0x875A, 0xAA73, 0x296B, 0xC862, 0x4973, 0xA973, 0x8A73, 0xE962, 0x0973, 0x096B, 0xE95A, 0xA85A, 0xC862, 0xCB8B, 0x4A73, 0x8752, 
  0xA85A, 0xAA62, 0x484A, 0x484A, 0xC85A, 0x0A6B, 0x0752, 0x667B, 0x86DE, 0xE3FF, 0xA0FF, 0xC1FF, 0xC1FF, 0xC1FF, 0xC0FF, 0xC1FF, 
  0xC1FF, 0xC1FF, 0xC1FF, 0xC0FF, 0xC0FF, 0xC1FF, 0xC1FF, 0xC1FF, 0xC1FF, 0xC1FF, 0xC1FF, 0xC1FF, 0xC1FF, 0xC1FF, 0xC1FF, 0xC1FF, 
  0xC1FF, 0xC1FF, 0xC1FF, 0xC1FF, 0xC1FF, 0xC1FF, 0xC1FF, 0xC1FF, 0xC1FF, 0xC1FF, 0xC1FF, 0xC1FF, 0xC1FF, 0xC1FF, 0xC1FF, 0xC1FF, 
  0xC1FF, 0xC1FF, 0xC1FF, 0xC1FF, 0xC1FF, 0xC1FF, 0xC1FF, 0xC1FF, 0xC1FF, 0xC1FF, 0xC1FF, 0xC1FF, 0xC0FF, 0xC0FF, 0xC1FF, 0xC1FF, 
  0xE4FE, 0xE0FF, 0xE0FF, 0xC1FF, 0x83FF, 0x06FF, 0x49FE, 0xAAF5, 0x2CF5, 0xEEFC, 0xCFFC, 0xEFFC, 0xEFFC, 0xEFFC, 0x0FFD, 0xEEFC, 
  0xEEFC, 0x0FFD, 0xEFFC, 0xEEFC, 0xEFFC, 0xCEFC, 0xCEFC, 0xCEFC, 0xCEFC, 0xCEFC, 0xEEFC, 0xEEFC, 0xCEFC, 0xAEFC, 0xCEFC, 0xEFFC, 
  0xCEFC, 0xEFFC, 0xEFFC, 0xEFFC, 0xEFFC, 0xEEFC, 0xCEFC, 0xEFFC, 0xCEFC, 0xCEFC, 0xEFFC, 0xEFFC, 0xEEFC, 0xCEFC, 0xCEFC, 0x0FFD, 
  0xEFFC, 0xEFFC, 0xEFFC, 0xCEFC, 0xAEFC, 0xCEFC, 0xCEFC, 0xCFFC, 0xCEFC, 0xEFFC, 0xCEFC, 0xCEFC, 0xEEFC, 0xCEFC, 0xCEFC, 0xCEFC, 
  0xEFFC, 0xEFFC, 0xEEFC, 0xEFFC, 0xEFFC, 0xEFFC, 0xAEFC, 0x4DFC, 0xAEFC, 0xEFFC, 0xEEF4, 0xEEFC, 0x8EFC, 0x0AF3, 0xCDFB, 0x0BB4, 
  0x086B, 0xC85A, 0x0963, 0x6A73, 0x096B, 0xC862, 0xE862, 0xE862, 0x096B, 0xE862, 0x287B, 0x8A9B, 0x2CBC, 0x8DDC, 0xCEEC, 0xEFFC, 
  0x2EFD, 0x8EFC, 0x2BF3, 0x2EFC, 0x0FFD, 0x0FFD, 0x0FFD, 0x0DFC, 0x2BFB, 0xEBF2, 0x2EFC, 0xACF3, 0xCEFC, 0x0EFD, 0x2EFD, 0x2DFC, 
  0xADFB, 0x0FFD, 0xEEFC, 0xEEFC, 0xCEFC, 0xCEFC, 0xCEFC, 0x8EFC, 0xCEEC, 0xEBB3, 0xE872, 0x8752, 0xC85A, 0x8A73, 0x0763, 0x4983, 
  0x8A93, 0x0BAC, 0x0BBC, 0xEBB3, 0x0CBC, 0xCBB3, 0x0CC4, 0xCEDC, 0xCFEC, 0x30FD, 0xCFFC, 0x0CD4, 0x8AA3, 0x4983, 0x8983, 0xCA8B, 
  0xC862, 0x884A, 0x2963, 0x4A73, 0xE86A, 0x2973, 0x0963, 0x885A, 0xC962, 0x4A73, 0xE85A, 0x096B, 0xE86A, 0x0873, 0xECB3, 0xCFE4, 
  0x4652, 0x296B, 0x6A7B, 0x0963, 0x296B, 0x296B, 0x4A73, 0xC962, 0x4973, 0x296B, 0xC85A, 0xE95A, 0x474A, 0xA95A, 0x6A73, 0x6A7B, 
  0x086B, 0xA85A, 0x484A, 0x484A, 0x2A6B, 0x6973, 0x286B, 0x0A6B, 0x497B, 0xE7CD, 0xE4FF, 0xE1FF, 0xE1FF, 0xC0FF, 0xC0FF, 0xC1FF, 
  0xC1FF, 0xC0FF, 0xE0FF, 0xC1FF, 0xC1FF, 0xC0FF, 0xC0FF, 0xC1FF, 0xC1FF, 0xC1FF, 0xC1FF, 0xC1FF, 0xC1FF, 0xC1FF, 0xC1FF, 0xC1FF, 
  0xC1FF, 0xC1FF, 0xC1FF, 0xC1FF, 0xC1FF, 0xC1FF, 0xC1FF, 0xC1FF, 0xC1FF, 0xC1FF, 0xC1FF, 0xC1FF, 0xC1FF, 0xC1FF, 0xC1FF, 0xC1FF, 
  0xC1FF, 0xC1FF, 0xC1FF, 0xC1FF, 0xC1FF, 0xC1FF, 0xC1FF, 0xC1FF, 0xC1FF, 0xC1FF, 0xC1FF, 0xC1FF, 0xC1FF, 0xC1FF, 0xC1FF, 0xC1FF, 
  0xC6FE, 0x84FF, 0xE7FE, 0x2AFE, 0x6DFD, 0xCDF4, 0x8EF4, 0xCFFC, 0xAFFC, 0xCFFC, 0xEFFC, 0xEFFC, 0x0FFD, 0xEFFC, 0xEEFC, 0xEFFC, 
  0xEFFC, 0xEEFC, 0xCEFC, 0xCEFC, 0xCEFC, 0xEFFC, 0xEFFC, 0xEFFC, 0xEFFC, 0xEFFC, 0xEFFC, 0xEFFC, 0xEFFC, 0xCEFC, 0xCEFC, 0xCEFC, 
  0xCEFC, 0xEFFC, 0xEFFC, 0xEEFC, 0xEFFC, 0xEFFC, 0xEFFC, 0xEFFC, 0xCEFC, 0xCEFC, 0xCEFC, 0xEFFC, 0xCEFC, 0xEEFC, 0xEFFC, 0xEFFC, 
  0xEFFC, 0xEEFC, 0xCEFC, 0xEEFC, 0xEFFC, 0xCEFC, 0xCEFC, 0xCEFC, 0xEFFC, 0xCEFC, 0xEFFC, 0xCEFC, 0xCEFC, 0xEEFC, 0xEEFC, 0xCEFC, 
  0xCFFC, 0xAFFC, 0xAFFC, 0x6EFC, 0xECF3, 0x8CF3, 0x2BF3, 0xEAFA, 0xCCFB, 0xEFFC, 0xEEF4, 0xEFFC, 0xCDFB, 0x4BFB, 0x6CDC, 0x0973, 
  0x0963, 0xA85A, 0xC952, 0x8852, 0x0963, 0x096B, 0xE962, 0x885A, 0xE962, 0xAA7B, 0xAA7B, 0xC862, 0xE86A, 0x0973, 0xC872, 0x0983, 
  0x6DD4, 0x30FD, 0x4DFC, 0x4BF3, 0xEEFB, 0xADFC, 0xEDFC, 0x2FFD, 0xEEFC, 0x2DFC, 0x6EFC, 0xACF3, 0xCFF4, 0xCEF4, 0xCEFC, 0xCCF3, 
  0x6EFC, 0x0FFD, 0x0FFD, 0x0FFD, 0xEEFC, 0x0FFD, 0x8EFC, 0x8AEB, 0xACFB, 0x8EFC, 0x0FF5, 0x0CB4, 0xA862, 0x498B, 0x6DD4, 0x4EF4, 
  0x2DF4, 0x0CF4, 0x4DFC, 0xCEFC, 0xEFFC, 0x0FFD, 0x8EF4, 0x2CDC, 0xEBC3, 0xEBAB, 0x087B, 0x675A, 0xC85A, 0xA852, 0x496B, 0xAA7B, 
  0x4973, 0xE962, 0x8852, 0xE862, 0x296B, 0xC862, 0xC962, 0x6A73, 0x076B, 0xAA83, 0xEB8B, 0x697B, 0x4973, 0x2A63, 0xE862, 0x6CC4, 
  0x498B, 0x8852, 0x096B, 0x6A73, 0x296B, 0x4A73, 0x4973, 0x086B, 0xAA73, 0x0A6B, 0x695A, 0x484A, 0xC739, 0xE839, 0xE962, 0xC862, 
  0x885A, 0xA852, 0xA85A, 0xE962, 0x0A63, 0x0B6B, 0xA95A, 0x086B, 0x096B, 0xE86A, 0x479C, 0x48E6, 0x45FF, 0xC3FF, 0xE1FF, 0xE0FF, 
  0xC0FF, 0xC0FF, 0xC1FF, 0xC1FF, 0xC1FF, 0xC0FF, 0xC0FF, 0xC1FF, 0xC1FF, 0xC1FF, 0xC1FF, 0xC1FF, 0xC1FF, 0xC1FF, 0xC1FF, 0xC1FF, 
  0xC1FF, 0xC1FF, 0xC1FF, 0xC1FF, 0xC1FF, 0xC1FF, 0xC1FF, 0xC1FF, 0xC1FF, 0xC1FF, 0xC1FF, 0xC1FF, 0xC1FF, 0xC1FF, 0xC1FF, 0xC1FF, 
  0xC1FF, 0xC1FF, 0xC1FF, 0xC1FF, 0xC1FF, 0xC1FF, 0xC1FF, 0xC1FF, 0xC1FF, 0xC1FF, 0xC1FF, 0xC1FF, 0xC1FF, 0xC1FF, 0xC1FF, 0xC1FF, 
  0x4DFD, 0x4BF5, 0x2DD4, 0xECB3, 0xCAB3, 0x2BD4, 0xCDEC, 0x0FFD, 0xEEFC, 0xEEFC, 0xEEFC, 0xEEFC, 0xEFFC, 0xEFFC, 0xCEFC, 0xCEFC, 
  0xAEFC, 0xCEFC, 0xCEFC, 0xEFFC, 0x0FFD, 0xEEFC, 0xCEFC, 0xCEFC, 0xEFFC, 0x0FFD, 0xEFFC, 0xEFFC, 0x0FFD, 0xEFFC, 0xCEFC, 0xCEFC, 
  0xEEFC, 0xEFFC, 0xEFFC, 0xEEFC, 0xEEFC, 0xEFFC, 0xCEFC, 0xEEFC, 0xEFFC, 0xCEFC, 0xCEFC, 0xEFFC, 0xEFFC, 0xEFFC, 0xEFFC, 0xEEFC, 
  0xEFFC, 0xCEFC, 0xCEFC, 0xEFFC, 0xCEFC, 0xCEFC, 0xEEFC, 0xEEFC, 0xEEFC, 0xCEFC, 0xEFFC, 0xCEFC, 0xEFFC, 0xEEFC, 0xEEFC, 0xCEFC, 
  0x0DF4, 0x6BF3, 0x4BFB, 0x2BFB, 0x0BFB, 0x0BFB, 0x2BFB, 0x0BFB, 0xEDFB, 0x0FFD, 0xCEFC, 0xAFFC, 0x2BFB, 0x6EFC, 0xEAA3, 0xA85A, 
  0x474A, 0xC95A, 0x086B, 0xE962, 0x8752, 0x0963, 0x2963, 0xC85A, 0xE962, 0xE962, 0x296B, 0x6B73, 0xE95A, 0xC95A, 0xC85A, 0x6A73, 
  0x297B, 0x498B, 0x4CC4, 0x8EF4, 0xEDFB, 0xCDFB, 0xCDFB, 0x0DFC, 0x4DF4, 0x2DFC, 0xECF3, 0xAFFC, 0xABB3, 0x0BBC, 0x0FFD, 0xECF3, 
  0xCEFC, 0xEFFC, 0x0FFD, 0x0FFD, 0xEFFC, 0xCEFC, 0xEFFC, 0xAEFC, 0xEDFB, 0x2BF3, 0xABFB, 0xEFFC, 0x89A3, 0xCEF4, 0xAFFC, 0x8CEB, 
  0x0DF4, 0x8FFC, 0xCFFC, 0xCEFC, 0xCEFC, 0x0FFD, 0xADE4, 0x2BCC, 0x0BBC, 0x4CC4, 0xEBB3, 0x4DBC, 0x2CBC, 0xEBAB, 0x498B, 0x4983, 
  0xE862, 0xC85A, 0xC862, 0x0963, 0xE85A, 0x6A73, 0xCB83, 0x296B, 0x2963, 0xEB7B, 0xC983, 0xE993, 0xAA9B, 0x2983, 0xC862, 0xA75A, 
  0x4B83, 0x6752, 0x2963, 0x4973, 0xE862, 0xC85A, 0xE862, 0x286B, 0x697B, 0xC762, 0x8762, 0xEC9B, 0xE87A, 0x087B, 0x8862, 0x8852, 
  0xA862, 0x2983, 0xAA8B, 0x496B, 0x8752, 0xCA5A, 0xC85A, 0xE862, 0xE962, 0xC85A, 0x4852, 0x685A, 0xC8A3, 0x6AF5, 0x48EE, 0x65FF, 
  0xE2FF, 0xE1FF, 0xC1FF, 0xA0FF, 0xC0FF, 0xC0FF, 0xC1FF, 0xC1FF, 0xC1FF, 0xC1FF, 0xC1FF, 0xC1FF, 0xC1FF, 0xC1FF, 0xC1FF, 0xC1FF, 
  0xC1FF, 0xC1FF, 0xC1FF, 0xC1FF, 0xC1FF, 0xC1FF, 0xC1FF, 0xC1FF, 0xC1FF, 0xC1FF, 0xC1FF, 0xC1FF, 0xC1FF, 0xC1FF, 0xC1FF, 0xC1FF, 
  0xC1FF, 0xC1FF, 0xC1FF, 0xC1FF, 0xC1FF, 0xC1FF, 0xC1FF, 0xC1FF, 0xC1FF, 0xC1FF, 0xC1FF, 0xC1FF, 0xC1FF, 0xC1FF, 0xC1FF, 0xC1FF, 
  0x2CBB, 0x8AA3, 0xA9AB, 0x2BCC, 0xCEEC, 0xEFFC, 0xEFFC, 0xCFFC, 0xCEFC, 0xCEFC, 0xEFFC, 0xEFFC, 0xEEFC, 0xEEFC, 0xCEFC, 0xEFFC, 
  0xCEFC, 0xCEFC, 0xCEFC, 0xEEFC, 0xEEFC, 0xEEFC, 0xEEFC, 0xEEFC, 0xAEFC, 0xCEFC, 0xCEFC, 0xEFFC, 0xAEFC, 0xEEFC, 0xEFFC, 0xEFFC, 
  0xEEFC, 0xEFFC, 0xEEFC, 0xEFFC, 0xEFFC, 0xEFFC, 0xCEFC, 0xEFFC, 0xEFFC, 0xEFFC, 0xCEFC, 0xCEFC, 0xCEFC, 0xEFFC, 0xCEFC, 0xCEFC, 
  0xCEFC, 0xAEFC, 0x8DFC, 0xCEFC, 0xEEFC, 0xEFFC, 0x0FFD, 0xEEFC, 0xEEFC, 0xEEFC, 0xEFFC, 0xEFFC, 0xEFFC, 0xEFFC, 0xEFFC, 0xEFFC, 
  0xACF3, 0x0BFB, 0x0BFB, 0x2BFB, 0x2BFB, 0x0BFB, 0x0BFB, 0xEBFA, 0x4DFC, 0xEEFC, 0xCFFC, 0xCCF3, 0xEDFB, 0x4DCC, 0xC75A, 0x4B7B, 
  0xE962, 0xE95A, 0xA983, 0x496B, 0x2A6B, 0x2A6B, 0xC85A, 0xE862, 0x0963, 0xA95A, 0xA862, 0x0973, 0xC862, 0xC85A, 0x0863, 0x2873, 
  0x697B, 0x096B, 0x4752, 0xC772, 0xCAA3, 0xEBB3, 0x2CD4, 0x4DEC, 0x4EEC, 0x4EEC, 0x4EDC, 0xEBAB, 0xA762, 0x287B, 0x2CCC, 0xAFFC, 
  0xEEFC, 0xEFFC, 0xEFFC, 0xEFFC, 0xCEFC, 0xCEFC, 0x0FFD, 0x0FFD, 0x2FFD, 0x4EFC, 0x0AFB, 0xADF4, 0x6CDC, 0xCFFC, 0xD1EC, 0x8FF4, 
  0x0FFD, 0x0FFD, 0xEFFC, 0xEEFC, 0x0EFD, 0x0EFD, 0x2FFD, 0x2FFD, 0x50FD, 0x30FD, 0x4FFD, 0x2FFD, 0x2FFD, 0x30FD, 0xEFF4, 0xCEE4, 
  0x8ED4, 0x0CC4, 0xCAB3, 0x6A93, 0x0973, 0x8983, 0x0873, 0xC85A, 0xC952, 0xC962, 0x6A9B, 0xCEEC, 0xEEFC, 0xCEF4, 0xECB3, 0xA75A, 
  0x284A, 0xAA5A, 0xA75A, 0xAA93, 0x0BAC, 0xE882, 0x6B93, 0xECBB, 0x8DE4, 0x8DE4, 0x0FE5, 0x4FFD, 0x50FD, 0xEEE4, 0xEBBB, 0x4DC4, 
  0xCEDC, 0xCDEC, 0xCFEC, 0xCBAB, 0x665A, 0x0963, 0x2A6B, 0xA85A, 0xC85A, 0x8852, 0x6852, 0xC952, 0x299B, 0x6FFC, 0x2A8B, 0x2673, 
  0xC5AC, 0x66DE, 0xA4F7, 0xE2FF, 0xE0FF, 0xC0FF, 0xC0FF, 0xC1FF, 0xC1FF, 0xC1FF, 0xC1FF, 0xC1FF, 0xC1FF, 0xC1FF, 0xC1FF, 0xC1FF, 
  0xC1FF, 0xC1FF, 0xC1FF, 0xC1FF, 0xC1FF, 0xC1FF, 0xC1FF, 0xC1FF, 0xC1FF, 0xC1FF, 0xC1FF, 0xC1FF, 0xC1FF, 0xC1FF, 0xC1FF, 0xC1FF, 
  0xC1FF, 0xC1FF, 0xC1FF, 0xC1FF, 0xC1FF, 0xC1FF, 0xC1FF, 0xC1FF, 0xC1FF, 0xC1FF, 0xC1FF, 0xC1FF, 0xC1FF, 0xC1FF, 0xC1FF, 0xC1FF, 
  0x6CCB, 0xCEE4, 0x0FFD, 0x2FFD, 0x0FFD, 0xCFFC, 0xCFFC, 0xCEFC, 0xEFFC, 0xCEFC, 0xCEFC, 0xCEFC, 0xEFFC, 0xCEFC, 0xEEFC, 0xEFFC, 
  0xEFFC, 0xEEFC, 0xEEFC, 0xCEFC, 0xEEFC, 0xEFFC, 0xEFFC, 0xEFFC, 0xCEFC, 0xCEFC, 0xCEFC, 0x8EFC, 0xCEFC, 0xCEFC, 0xCEFC, 0xEFFC, 
  0xCEFC, 0xCEFC, 0xCEFC, 0xEEFC, 0xEFFC, 0xEEFC, 0xCEFC, 0xEFFC, 0xCEFC, 0xCEFC, 0xCEFC, 0xCEFC, 0xCEFC, 0xAEFC, 0xCEFC, 0xCEFC, 
  0xCEFC, 0xEFFC, 0xCEFC, 0xEFFC, 0x0FFD, 0xEFFC, 0x0FFD, 0xEFFC, 0xEFFC, 0xEFFC, 0xEFFC, 0xEFFC, 0xEFFC, 0xEFFC, 0xEFFC, 0x8EFC, 
  0x4BF3, 0x0CFB, 0x0CFB, 0x2CFB, 0x2BFB, 0x0BFB, 0x0BFB, 0x4BF3, 0xAEFC, 0x0FFD, 0xAFFC, 0xABF3, 0x0FF5, 0xE972, 0x8852, 0xE96A, 
  0x0973, 0x0863, 0x6A73, 0x096B, 0x0963, 0xC85A, 0x8852, 0x0963, 0x496B, 0xA85A, 0xCB83, 0xCA83, 0xC762, 0x296B, 0xC85A, 0x4A73, 
  0x496B, 0x8A7B, 0x0963, 0x8852, 0xA85A, 0x286B, 0x8983, 0x8983, 0x6983, 0x6983, 0x2973, 0xC85A, 0xEA62, 0x8752, 0x8AA3, 0x2FFD, 
  0xEEFC, 0xEEFC, 0xEEFC, 0xEEFC, 0xEEFC, 0x0FFD, 0x0FFD, 0xEEFC, 0x2EFD, 0xEDFB, 0x2BF3, 0xADF4, 0x8DEC, 0xD0FC, 0x74ED, 0x90F4, 
  0x0EFD, 0xEEFC, 0xCFFC, 0x0FFD, 0x0EFD, 0x0FFD, 0xEFFC, 0xEEFC, 0xEEFC, 0xEEFC, 0xCEFC, 0x8EFC, 0x2EFC, 0xEDF3, 0xADFB, 0xCDFB, 
  0xACFB, 0x2EFC, 0x8FFC, 0x4EF4, 0x6EF4, 0xADF4, 0x8CDC, 0x2CBC, 0xA87A, 0x499B, 0x0FF5, 0x0FFD, 0xEEFC, 0x0FFD, 0x2EFD, 0xCEE4, 
  0x298B, 0x476A, 0x0BC4, 0xEFF4, 0x2BCC, 0x8DE4, 0x50FD, 0x30FD, 0xEEFC, 0xEFFC, 0xEFFC, 0xEEFC, 0xEFFC, 0xF0FC, 0x2FFD, 0x2FFD, 
  0x0EFD, 0x2FFD, 0x10FD, 0xEFEC, 0x0883, 0xA85A, 0x6852, 0x296B, 0x096B, 0x8A7B, 0xAA83, 0x096B, 0x2AA3, 0x32FD, 0x6C8B, 0x274A, 
  0x8752, 0xA75A, 0x277B, 0x48BD, 0xC5EE, 0xA4FF, 0xE2FF, 0xE0FF, 0xC0FF, 0xC1FF, 0xC1FF, 0xC1FF, 0xC1FF, 0xC1FF, 0xC1FF, 0xC1FF, 
  0xC1FF, 0xC1FF, 0xC1FF, 0xC1FF, 0xC1FF, 0xC1FF, 0xC1FF, 0xC1FF, 0xC1FF, 0xC1FF, 0xC1FF, 0xC1FF, 0xC1FF, 0xC1FF, 0xC1FF, 0xC1FF, 
  0xC1FF, 0xC1FF, 0xC1FF, 0xC1FF, 0xC1FF, 0xC1FF, 0xC1FF, 0xC1FF, 0xC1FF, 0xC1FF, 0xC1FF, 0xC1FF, 0xC1FF, 0xC1FF, 0xC1FF, 0xC1FF, 
  0xB0FC, 0xEEFC, 0xCEFC, 0xEEFC, 0x0EFD, 0x0EFD, 0xEFFC, 0xEFFC, 0xEFFC, 0xCEFC, 0xCEFC, 0xEEFC, 0xCEFC, 0xCEFC, 0xEFFC, 0xEFFC, 
  0xEFFC, 0xEEFC, 0xEFFC, 0xEFFC, 0xEFFC, 0xEFFC, 0xEFFC, 0xCEFC, 0xCEFC, 0xCEFC, 0xCEFC, 0xCFFC, 0xEFFC, 0xCEFC, 0xCEFC, 0xCEFC, 
  0xCEFC, 0xEEFC, 0xEFFC, 0xEFFC, 0x0FFD, 0xEFFC, 0xEFFC, 0xCEFC, 0xCEFC, 0xCEFC, 0xEFFC, 0xEFFC, 0xCEFC, 0xCEFC, 0xEEFC, 0xCEFC, 
  0xEEFC, 0xEFFC, 0xEFFC, 0xEEFC, 0xEFFC, 0xEEFC, 0xEEFC, 0xCEFC, 0xEFFC, 0xEFFC, 0xCEFC, 0xEEFC, 0xEEFC, 0xEEFC, 0xEFFC, 0xEDFB, 
  0x0BFB, 0x0BFB, 0x0BFB, 0x0BFB, 0x0BFB, 0x2BFB, 0x0AFB, 0xECFB, 0xEFFC, 0xEFFC, 0xAFFC, 0xCEFC, 0x4CC4, 0xC762, 0x4A7B, 0xE862, 
  0x2973, 0x2863, 0xE85A, 0x885A, 0x4973, 0x8A73, 0xEA62, 0xC962, 0x086B, 0xEA83, 0x6A73, 0x496B, 0x296B, 0x6A73, 0xC85A, 0xE95A, 
  0xA85A, 0x2973, 0x2A73, 0x4A73, 0xE962, 0xE96A, 0xE962, 0xA852, 0xA852, 0xC85A, 0x4A6B, 0x296B, 0xE96A, 0xE95A, 0x6993, 0x0FFD, 
  0x0EFD, 0x0FFD, 0xEFFC, 0xCFFC, 0xEEFC, 0xEEFC, 0xEFFC, 0x0FFD, 0x6EFC, 0xEBFA, 0xADFB, 0xEDEC, 0x6CDC, 0xD0FC, 0x16F6, 0xF1EC, 
  0x2EFD, 0x0EFD, 0xAFFC, 0xEFFC, 0xEEFC, 0xCEFC, 0xCEFC, 0xCEFC, 0xCEFC, 0xEFFC, 0x0DFC, 0x8CF3, 0xABF3, 0xCBF3, 0xCCFB, 0xACFB, 
  0xACF3, 0x0DF4, 0x6FF4, 0x8DF3, 0x0AFB, 0x2CFB, 0xEDFB, 0x30FD, 0xADEC, 0x8DEC, 0x0FFD, 0xEEFC, 0x0FFD, 0x0FFD, 0xCEFC, 0x0FFD, 
  0x0FFD, 0xCEEC, 0x50FD, 0xCEF4, 0xEEF4, 0x4FFD, 0xEEFC, 0xEEFC, 0xEFFC, 0xEFFC, 0xCFFC, 0xEEFC, 0x0FFD, 0x4DF4, 0x6EFC, 0xEEFC, 
  0x0FFD, 0x0DBC, 0xC87A, 0x2BC4, 0xCEDC, 0x8862, 0x0963, 0xEA83, 0x086B, 0x286B, 0x086B, 0x2963, 0xEAAB, 0xB4FD, 0x6C93, 0x685A, 
  0x0A6B, 0x8952, 0x6852, 0xA862, 0xE76A, 0x8683, 0x67C5, 0x25F7, 0xE2FF, 0xC1FF, 0xC0FF, 0xC1FF, 0xC1FF, 0xC1FF, 0xC1FF, 0xC1FF, 
  0xC1FF, 0xE0FF, 0xC0FF, 0xC1FF, 0xC1FF, 0xE1FF, 0xC0FF, 0xC1FF, 0xC1FF, 0xC1FF, 0xC1FF, 0xC1FF, 0xC1FF, 0xC1FF, 0xC1FF, 0xC1FF, 
  0xC1FF, 0xC1FF, 0xC1FF, 0xC1FF, 0xC1FF, 0xC1FF, 0xC1FF, 0xC1FF, 0xC1FF, 0xC1FF, 0xC1FF, 0xC1FF, 0xC1FF, 0xC1FF, 0xC1FF, 0xC1FF, 
  0x4FFC, 0x0FFD, 0x0FFD, 0xCEFC, 0xCEFC, 0xCFFC, 0xCEFC, 0xEFFC, 0xEFFC, 0xEEFC, 0xCEFC, 0xEFFC, 0xEFFC, 0xEFFC, 0xEFFC, 0xEEFC, 
  0xEEFC, 0xCEFC, 0xEEFC, 0xEFFC, 0xEFFC, 0xEFFC, 0xEFFC, 0xCEFC, 0xCEFC, 0xCEFC, 0xCEFC, 0xCEFC, 0xCEFC, 0xCEFC, 0xCEFC, 0xEFFC, 
  0xEFFC, 0xEFFC, 0xEEFC, 0xEFFC, 0xEFFC, 0xEFFC, 0xEFFC, 0xEEFC, 0xEEFC, 0xEEFC, 0xEEFC, 0xEEFC, 0xEFFC, 0xCEFC, 0xEEFC, 0xEFFC, 
  0xEFFC, 0xEFFC, 0xEFFC, 0xEFFC, 0xEEFC, 0xEFFC, 0xEFFC, 0xEEFC, 0xEFFC, 0xEFFC, 0xCEFC, 0xEFFC, 0xCEFC, 0xCEFC, 0xAEFC, 0x4BFB, 
  0x0BFB, 0x0BFB, 0x2BFB, 0x0BFB, 0x0CFB, 0x0BFB, 0x4BF3, 0xAEFC, 0xEEFC, 0xCEFC, 0xEFFC, 0xEFEC, 0x287B, 0x296B, 0x4A7B, 0x8973, 
  0x8A7B, 0x4A73, 0xE96A, 0xE962, 0x885A, 0x096B, 0x286B, 0x8973, 0x8A7B, 0x2973, 0xE962, 0x096B, 0xA86A, 0x6752, 0xC852, 0xA85A, 
  0xE962, 0x096B, 0xC862, 0xA75A, 0xC85A, 0xA95A, 0x4852, 0xE962, 0xC962, 0x2A6B, 0xE962, 0xC862, 0xE96A, 0x0963, 0xC86A, 0xAEDC, 
  0x2FFD, 0xEEFC, 0x0EFD, 0x0FFD, 0xEFFC, 0xEFFC, 0x2EFD, 0x4DF4, 0xADEB, 0x0BF3, 0xAEFC, 0x2CBC, 0xEBAB, 0xCFFC, 0x17F6, 0x32ED, 
  0xEEFC, 0x0FFD, 0xCEFC, 0xEFFC, 0xEFFC, 0xEFFC, 0xEFFC, 0xCEFC, 0xEEFC, 0xEFFC, 0x0FFD, 0x2FFD, 0x4FFD, 0x0FFD, 0xCFFC, 0x2DFC, 
  0x2EFC, 0x8DFC, 0xAFFC, 0xD0FC, 0x8DFC, 0x2DF4, 0x2BF3, 0x6BF3, 0x0FFD, 0xCEFC, 0xCEFC, 0x0FF5, 0xCEFC, 0x8EFC, 0xEFFC, 0xEFFC, 
  0xEFFC, 0x0FFD, 0x0FFD, 0x0FFD, 0xEFFC, 0xEEFC, 0xEFFC, 0x0FFD, 0x0FFD, 0xCEFC, 0xCEFC, 0x0FFD, 0x6EFC, 0xABF3, 0xF0FC, 0x0FFD, 
  0x8CD4, 0xE76A, 0x0A63, 0xE87A, 0xADE4, 0x4DCC, 0xA75A, 0xEB8B, 0xAA83, 0x096B, 0xE96A, 0x875A, 0xECC3, 0x16FE, 0x8B8B, 0x6752, 
  0xC962, 0xC962, 0xC95A, 0xA95A, 0x6852, 0x8852, 0x274A, 0xE76A, 0x46BD, 0x84FF, 0xE1FF, 0xE1FF, 0xC0FF, 0xC0FF, 0xE1FF, 0xC1FF, 
  0xC1FF, 0xC1FF, 0xC1FF, 0xC1FF, 0xC1FF, 0xC0FF, 0xC0FF, 0xC1FF, 0xC1FF, 0xC1FF, 0xC1FF, 0xC1FF, 0xC1FF, 0xC1FF, 0xC1FF, 0xC1FF, 
  0xC1FF, 0xC1FF, 0xC1FF, 0xC1FF, 0xC1FF, 0xC1FF, 0xC1FF, 0xC1FF, 0xC1FF, 0xC1FF, 0xC1FF, 0xC1FF, 0xC1FF, 0xC1FF, 0xC1FF, 0xC1FF, 
  0x4FFC, 0xEEFC, 0xEFFC, 0x0FFD, 0xEFFC, 0xCEFC, 0xEFFC, 0xEFFC, 0xEFFC, 0xEEFC, 0xEFFC, 0xEFFC, 0xEFFC, 0xEEFC, 0xEFFC, 0xEFFC, 
  0xEFFC, 0xEEFC, 0xEFFC, 0xCEFC, 0xEFFC, 0xEFFC, 0xEFFC, 0xCEFC, 0xCEFC, 0xEFFC, 0xEFFC, 0xCEFC, 0xCEFC, 0xCEFC, 0xEFFC, 0xEFFC, 
  0xEFFC, 0xEFFC, 0xEEFC, 0xEFFC, 0xEFFC, 0xEFFC, 0xEEFC, 0xEFFC, 0xEFFC, 0xEFFC, 0xEFFC, 0xEFFC, 0xCEFC, 0xCEFC, 0xCEFC, 0x0FFD, 
  0x0FFD, 0xEEFC, 0xEFFC, 0xCEFC, 0xCEFC, 0xAEFC, 0xCEFC, 0x0FFD, 0xEFFC, 0xEFFC, 0xEFFC, 0xCEFC, 0xCEFC, 0xEFFC, 0xEDFB, 0x0BFB, 
  0x0BFB, 0x2BFB, 0x2BFB, 0x2BFB, 0x2BFB, 0x0BFB, 0x2DFC, 0x0FFD, 0xCEFC, 0xEDFC, 0x2FFD, 0xABA3, 0xC75A, 0x296B, 0x696B, 0x696B, 
  0x4973, 0xA862, 0xAA62, 0xA85A, 0x8852, 0xC962, 0x2863, 0x496B, 0xC962, 0xA962, 0xE96A, 0xC85A, 0xCC9B, 0x8B9B, 0xA75A, 0x296B, 
  0x8A73, 0xA85A, 0x6A7B, 0x296B, 0xEA62, 0x8852, 0xA95A, 0xC95A, 0x0863, 0x496B, 0x875A, 0xC962, 0x6A73, 0xE96A, 0xC85A, 0xAA93, 
  0x0FF5, 0x4FFD, 0xADE4, 0x4CC4, 0xAEE4, 0x0FFD, 0x2CEC, 0x74F5, 0x75F5, 0xCCFB, 0xCEE4, 0xC872, 0x087B, 0x8DE4, 0xB4F5, 0x78F6, 
  0x2EF4, 0x10FD, 0xAEFC, 0xCEFC, 0xEEFC, 0xCEFC, 0xEFFC, 0xCEFC, 0xEFFC, 0x0FFD, 0x0FFD, 0x0FFD, 0x70FD, 0x2FFD, 0xEFFC, 0x2DF4, 
  0x8CF3, 0x8CF3, 0xACF3, 0xEDF3, 0xEFFC, 0x2EFD, 0xCFFC, 0xECF3, 0xEFFC, 0xEEF4, 0xEEFC, 0x0FFD, 0xCFFC, 0x8DFC, 0xEEFC, 0x0FFD, 
  0xEFFC, 0xEFFC, 0xEFFC, 0xEFFC, 0xEFFC, 0xCEFC, 0xEEFC, 0xEEFC, 0x0EFD, 0xCEFC, 0xCEFC, 0xEFFC, 0x8BF3, 0x6EFC, 0xEEFC, 0x0FFD, 
  0x0CBC, 0x296B, 0x6A73, 0x8A7B, 0x0AB4, 0x0EFD, 0x2CBC, 0xE86A, 0x8A7B, 0xA95A, 0x884A, 0xEBA3, 0xB0EC, 0xF7F5, 0x4A7B, 0x874A, 
  0x096B, 0xE862, 0x885A, 0xAA5A, 0xE962, 0xE862, 0xE962, 0xC95A, 0x2642, 0x2673, 0x27BD, 0xA6EE, 0xA3FF, 0xE1FF, 0xC0FF, 0xC0FF, 
  0xC1FF, 0xC2FF, 0xC1FF, 0xC0FF, 0xC1FF, 0xC1FF, 0xC0FF, 0xC0FF, 0xC0FF, 0xC1FF, 0xC1FF, 0xC1FF, 0xC1FF, 0xC1FF, 0xC1FF, 0xC1FF, 
  0xC1FF, 0xC1FF, 0xC1FF, 0xC1FF, 0xC1FF, 0xC1FF, 0xC1FF, 0xC1FF, 0xC1FF, 0xC1FF, 0xC1FF, 0xC1FF, 0xC1FF, 0xC1FF, 0xC1FF, 0xC1FF, 
  0x4FFC, 0x0EFD, 0xCEFC, 0xEEFC, 0xEFFC, 0xEFFC, 0xEFFC, 0xEFFC, 0xEFFC, 0xEFFC, 0xEEFC, 0xCEFC, 0xEFFC, 0xEFFC, 0xEFFC, 0xEFFC, 
  0xEFFC, 0xEFFC, 0xEFFC, 0xCEFC, 0xEEFC, 0xEFFC, 0xEEFC, 0xEEFC, 0xCEFC, 0xAEFC, 0xAEFC, 0xAEFC, 0xAEFC, 0xCFFC, 0xEFFC, 0xCEFC, 
  0xEEFC, 0xEEFC, 0xEEFC, 0xEFFC, 0xEFFC, 0xEFFC, 0xEEFC, 0xEFFC, 0x0FFD, 0xEFFC, 0xEFFC, 0xEEFC, 0xAEFC, 0xCEFC, 0xCEFC, 0xCEFC, 
  0xEEFC, 0xEFFC, 0xCEFC, 0xAEF4, 0xCEFC, 0xEEFC, 0x0FFD, 0xEFFC, 0xEFFC, 0xEFFC, 0xCEFC, 0xCEFC, 0xEFFC, 0x6EFC, 0x0BFB, 0x0BFB, 
  0x2BFB, 0x2BFB, 0x0BFB, 0x2BFB, 0x0BFB, 0x4BFB, 0xCFFC, 0x0FFD, 0xEFFC, 0x30FD, 0xAEDC, 0xC76A, 0x096B, 0x697B, 0x8A73, 0xA85A, 
  0xA852, 0xC852, 0x885A, 0x0963, 0x6A6B, 0xC962, 0xE962, 0x6852, 0x6852, 0x0963, 0x296B, 0x0A63, 0x286B, 0xAEDC, 0x2CC4, 0xE862, 
  0x4A63, 0xC85A, 0xC862, 0x4A73, 0xA75A, 0xC862, 0x0963, 0xA75A, 0x4A73, 0x6A73, 0x096B, 0xC85A, 0x8A73, 0x296B, 0xCA7B, 0x076B, 
  0x6A93, 0x4A9B, 0xA962, 0x875A, 0xEBCB, 0x6FF4, 0x59F6, 0x9FFF, 0x4FF4, 0x8EF4, 0xE97A, 0x296B, 0xE86A, 0x497B, 0x2DD4, 0x3CFF, 
  0x55ED, 0x2DF4, 0x0FFD, 0xEEFC, 0xEEFC, 0xCEFC, 0xEFFC, 0x0FFD, 0xEFFC, 0xEEFC, 0xEFFC, 0xCFFC, 0x6EFC, 0x4DFC, 0x6EFC, 0xCFFC, 
  0xCFFC, 0xACF3, 0x8CF3, 0x4EF4, 0x8FEC, 0xAEFC, 0xEEFC, 0xCEFC, 0xAFFC, 0xCEFC, 0x0EFD, 0xEEFC, 0xEFFC, 0x0FFD, 0x0FFD, 0xCFFC, 
  0x0FFD, 0x0EFD, 0xEEFC, 0xEFFC, 0xEFFC, 0x0FFD, 0xEFFC, 0xEEFC, 0xEFFC, 0xCFFC, 0xCFFC, 0xCDF3, 0xECF3, 0x2FFD, 0x0FFD, 0x30ED, 
  0xE97A, 0xC85A, 0xA75A, 0xE962, 0x286B, 0x0BC4, 0x30FD, 0x4CCC, 0xE872, 0x8752, 0x286B, 0x4CDC, 0x12FD, 0x73ED, 0xE87A, 0x296B, 
  0x4973, 0xA85A, 0x096B, 0xC85A, 0x096B, 0x2A6B, 0xA85A, 0xA98B, 0x6A83, 0xA962, 0x4852, 0x8783, 0xE9DD, 0xC7F6, 0xA5FF, 0xC1FF, 
  0xE0FF, 0xC0FF, 0xC1FF, 0xC1FF, 0xC0FF, 0xC1FF, 0xC1FF, 0xC1FF, 0xC1FF, 0xC1FF, 0xC1FF, 0xC1FF, 0xC1FF, 0xC1FF, 0xC1FF, 0xC1FF, 
  0xC1FF, 0xC1FF, 0xC1FF, 0xC1FF, 0xC1FF, 0xC1FF, 0xC1FF, 0xC1FF, 0xC1FF, 0xC1FF, 0xC1FF, 0xC1FF, 0xC1FF, 0xC1FF, 0xC1FF, 0xC1FF, 
  0x6FFC, 0xEEFC, 0xEFFC, 0xEEFC, 0xEFFC, 0xCFFC, 0xEFFC, 0xEEFC, 0xEEFC, 0xEEFC, 0xCEFC, 0xEEFC, 0xEFFC, 0xEFFC, 0xEEFC, 0x0FFD, 
  0xEFFC, 0xCEFC, 0xEFFC, 0xEEFC, 0xEEFC, 0xCEFC, 0xEFFC, 0xEEFC, 0xCEFC, 0xAEFC, 0xAEFC, 0xAEFC, 0xAEFC, 0xCEFC, 0xCEFC, 0xEEFC, 
  0xCEFC, 0xCEFC, 0xCEFC, 0xCEFC, 0xEFFC, 0xEEFC, 0xCEFC, 0xCEFC, 0xEEFC, 0xEEFC, 0xEEFC, 0xCEFC, 0xAEFC, 0xCEFC, 0xCEFC, 0xCEFC, 
  0xCFFC, 0xCEFC, 0xCEFC, 0xCEFC, 0xEFFC, 0x0FFD, 0xEFFC, 0xEFFC, 0xEFFC, 0xEEFC, 0xEEFC, 0xAEFC, 0xEFFC, 0xCDFB, 0xCBFA, 0x0CFB, 
  0x2BFB, 0x0BFB, 0x0BFB, 0x2BFB, 0x0AFB, 0x0DFC, 0xEFFC, 0xEEFC, 0xCDF4, 0x0FFD, 0x899B, 0x2963, 0x0A6B, 0xE862, 0x8862, 0x6B93, 
  0x487B, 0xC85A, 0x0A6B, 0x296B, 0x0963, 0x286B, 0x875A, 0x6852, 0x4A6B, 0xE862, 0x0863, 0x4973, 0x296B, 0xC86A, 0x0FF5, 0xAAAB, 
  0x4752, 0xC75A, 0xE962, 0x0A6B, 0x697B, 0xAB83, 0x296B, 0x4A6B, 0xE962, 0xC862, 0xE962, 0x296B, 0xC962, 0x096B, 0x6973, 0x697B, 
  0xC75A, 0x8852, 0xA852, 0x8A9B, 0xF0EC, 0x1BF7, 0xFFFF, 0x53ED, 0x4DF4, 0x698B, 0xE862, 0x4A6B, 0xC95A, 0xA85A, 0xE782, 0x53E5, 
  0x9EFF, 0x6FEC, 0xADFC, 0x2FFD, 0xEFFC, 0xEEFC, 0xEEFC, 0xEFFC, 0x0FFD, 0xEFFC, 0xEFFC, 0x4EFC, 0x2AF3, 0x0BFB, 0x0BF3, 0x2BF3, 
  0x8EFC, 0x8EFC, 0x8CF3, 0x90F4, 0x74ED, 0x6EF4, 0xCEFC, 0xADFC, 0xCEFC, 0x0AC4, 0xEEE4, 0x0FFD, 0xCEFC, 0x2FF5, 0x30FD, 0xEFFC, 
  0x0FFD, 0x2EF5, 0x0FFD, 0x0FFD, 0xEEFC, 0x0FFD, 0xEFFC, 0xEFFC, 0xEFFC, 0x0FFD, 0x8EF4, 0x0CFC, 0xEFFC, 0x50FD, 0x2FED, 0x097B, 
  0x2752, 0x685A, 0xE962, 0xE96A, 0xC962, 0x0973, 0x4DD4, 0x70FD, 0xAEE4, 0x2DCC, 0xEEE4, 0x2EF4, 0xD1FC, 0xECB3, 0xC86A, 0xCB83, 
  0xC962, 0x6852, 0xE862, 0x086B, 0x296B, 0xC95A, 0xC962, 0x6DAC, 0x4CA4, 0xC962, 0x0963, 0x2B9C, 0x4B9C, 0x0783, 0x2BDD, 0xA9FE, 
  0x64FF, 0xC2FF, 0xC1FF, 0xC0FF, 0xC0FF, 0xC1FF, 0xC1FF, 0xE0FF, 0xC0FF, 0xC1FF, 0xC1FF, 0xC1FF, 0xC1FF, 0xC1FF, 0xC1FF, 0xC1FF, 
  0xC1FF, 0xC1FF, 0xC1FF, 0xC1FF, 0xC1FF, 0xC1FF, 0xC1FF, 0xC1FF, 0xC1FF, 0xC1FF, 0xC1FF, 0xC1FF, 0xC1FF, 0xC1FF, 0xC1FF, 0xC1FF, 
  0x70FC, 0x0FFD, 0xEEFC, 0xEEFC, 0xEFFC, 0xCEFC, 0xEFFC, 0xCEFC, 0xCEFC, 0xEFFC, 0xEFFC, 0xEFFC, 0xCEFC, 0xCEFC, 0xEFFC, 0xEFFC, 
  0xEEFC, 0xCEFC, 0xEEFC, 0xEFFC, 0xEFFC, 0x0FFD, 0x0FFD, 0xEEFC, 0xEEFC, 0xCEFC, 0xCEFC, 0xEFFC, 0xCEFC, 0xCEFC, 0xCEFC, 0xCEFC, 
  0xCEFC, 0xCEFC, 0xCEFC, 0xCEFC, 0xCEFC, 0xCEFC, 0xCEFC, 0xEEFC, 0xEFFC, 0xCEFC, 0xCEFC, 0xEFFC, 0xCEFC, 0xCEFC, 0xEEFC, 0xCEFC, 
  0xEFFC, 0xCEFC, 0xEFFC, 0xCEFC, 0xCEFC, 0xCEFC, 0xCEFC, 0xCEFC, 0xCEFC, 0xCEFC, 0xCEFC, 0xCEFC, 0x4EFC, 0x4BF3, 0x2CFB, 0xECFA, 
  0x0BFB, 0x2BFB, 0x0BFB, 0x0BFB, 0x8CFB, 0xCFFC, 0xCEFC, 0xCEFC, 0x2FFD, 0x8DDC, 0xE86A, 0x0A63, 0x675A, 0x086B, 0x897B, 0xAEE4, 
  0xCEEC, 0x6993, 0xA862, 0x496B, 0x086B, 0x8A7B, 0x6973, 0x4A73, 0x8A7B, 0x2973, 0x2B94, 0x6A7B, 0xEB83, 0x6752, 0x6A93, 0x70FD, 
  0x4B9B, 0x675A, 0xE962, 0xC85A, 0xC862, 0x6A73, 0xE962, 0x885A, 0xE862, 0x6A7B, 0x6A73, 0xC862, 0x8852, 0xE962, 0x296B, 0x6A73, 
  0x496B, 0x2963, 0xE88A, 0xD1EC, 0x7CFF, 0xFFFF, 0x37F6, 0x4DF4, 0x0BAC, 0xE862, 0x6973, 0x6A7B, 0x4973, 0x8A7B, 0x6973, 0x6BAB, 
  0xDAFE, 0x3CFF, 0xEEE3, 0xEFFC, 0x0FFD, 0xEFFC, 0xEEFC, 0xEEFC, 0xEFFC, 0x0FFD, 0x4DFC, 0x2BF3, 0x0BFB, 0x0CFB, 0x0BFB, 0xEBFA, 
  0x6BF3, 0x6EFC, 0xF1F4, 0x8FEC, 0x75F5, 0x8EFC, 0xEFFC, 0xEEFC, 0x2FFD, 0xCBAB, 0x4993, 0x0FF5, 0x2FFD, 0x50FD, 0x2BD4, 0xCDDC, 
  0x30FD, 0x0FFD, 0xCEFC, 0xAEF4, 0xEEFC, 0x0FFD, 0xEFFC, 0xEFFC, 0x2FFD, 0x2FFD, 0x0FFD, 0x0FFD, 0xAED4, 0xABA3, 0xA872, 0x685A, 
  0x8852, 0xE962, 0xE962, 0xA862, 0xC962, 0xA852, 0xC76A, 0x8ED4, 0x10FD, 0x6EFC, 0xCCFB, 0xACFB, 0xECCB, 0x2983, 0xE96A, 0xE85A, 
  0x8852, 0xC95A, 0x875A, 0x6B73, 0x2A6B, 0xC85A, 0x2A73, 0xE972, 0x6752, 0x484A, 0xEA62, 0x897B, 0x8A83, 0xC862, 0x287B, 0x8DD4, 
  0x6DFD, 0x29F6, 0x06FF, 0xA3FF, 0xE0FF, 0xE0FF, 0xC1FF, 0xC1FF, 0xC0FF, 0xC1FF, 0xC1FF, 0xC1FF, 0xC1FF, 0xC1FF, 0xC1FF, 0xC1FF, 
  0xC1FF, 0xC1FF, 0xC1FF, 0xC1FF, 0xC1FF, 0xC1FF, 0xC1FF, 0xC1FF, 0xC1FF, 0xC1FF, 0xC1FF, 0xC1FF, 0xC1FF, 0xC1FF, 0xC1FF, 0xC1FF, 
  0x70FC, 0x0FFD, 0xEEFC, 0xEEFC, 0xEEFC, 0xCEFC, 0xEEFC, 0xEFFC, 0xEEFC, 0xEFFC, 0xCEFC, 0xEFFC, 0xEFFC, 0xEEFC, 0xCEFC, 0xEFFC, 
  0xCEFC, 0xEFFC, 0x0FFD, 0xEEFC, 0xCEFC, 0x0FFD, 0x0FFD, 0x0FFD, 0xEFFC, 0xCEFC, 0xEEFC, 0xEEFC, 0xCEFC, 0xCEFC, 0xCEFC, 0xCEFC, 
  0xCEFC, 0xEFFC, 0xCEFC, 0xAEFC, 0xCEFC, 0xEFFC, 0x8DFC, 0xAEFC, 0xCEFC, 0xEEFC, 0xEEFC, 0xCEFC, 0xCEFC, 0xCEFC, 0xEFFC, 0xEEFC, 
  0xEFFC, 0xEFFC, 0xEEFC, 0xCEFC, 0xCEFC, 0xAEFC, 0xAEFC, 0xCEFC, 0xCEFC, 0xEEFC, 0xCEFC, 0xAFFC, 0x6BFB, 0x0BFB, 0x8DFB, 0x0CFB, 
  0x0BFB, 0x2BFB, 0x2BFB, 0x2BFB, 0x8EFC, 0x0FFD, 0xEFFC, 0xEFFC, 0x30FD, 0x8A8B, 0x8752, 0xC962, 0x6A73, 0x6A73, 0xA99B, 0xEEF4, 
  0x0EFD, 0x2FFD, 0x0CBC, 0xE872, 0x296B, 0x096B, 0x286B, 0xEA83, 0x096B, 0x8A7B, 0xAA7B, 0x897B, 0xCA83, 0xE962, 0x6752, 0x6DCC, 
  0xF0F4, 0xA87A, 0xA752, 0x0963, 0x885A, 0xC862, 0x6752, 0x2A6B, 0x296B, 0x2873, 0xAA7B, 0xE862, 0x296B, 0x2963, 0xC75A, 0x296B, 
  0x6A7B, 0xC87A, 0x8FDC, 0x3CFF, 0xFFFF, 0x99F6, 0x6EF4, 0x0BBC, 0xC862, 0x4973, 0xE862, 0x4973, 0x6973, 0xE862, 0x0A6B, 0xC76A, 
  0x8FD4, 0xFFFF, 0x38F6, 0xECF3, 0x0FFD, 0xEEFC, 0xEFFC, 0xCFFC, 0xEEFC, 0x0FFD, 0xEDFB, 0xEBFA, 0x0BFB, 0x0BFB, 0x0CFB, 0x6DF3, 
  0xADF3, 0x4EFC, 0x53F5, 0xD0EC, 0x14ED, 0x8FFC, 0xCFFC, 0xCEFC, 0x0FFD, 0x6DD4, 0x2973, 0xE76A, 0x8AA3, 0xAEDC, 0x2BCC, 0x689B, 
  0x0FFD, 0x0FFD, 0x6DEC, 0x8EF4, 0xEFF4, 0x2DBC, 0xCBB3, 0x2CC4, 0xECB3, 0xEBAB, 0x6A9B, 0x0983, 0xE86A, 0x4A73, 0x4A6B, 0x096B, 
  0x8852, 0xE95A, 0xA85A, 0xE962, 0x4973, 0xAB83, 0xC85A, 0x275A, 0x8BA3, 0x2CCC, 0xCCCB, 0x6AA3, 0x8862, 0xEC8B, 0x4A83, 0xE862, 
  0x096B, 0xE962, 0x6852, 0xA85A, 0x2963, 0x8973, 0x687B, 0x096B, 0xA84A, 0x0642, 0x8962, 0x8752, 0x496B, 0xCB83, 0xE862, 0xC872, 
  0xCEE4, 0xCEFC, 0xEDF4, 0xCCF5, 0xA8FE, 0x83FF, 0xE0FF, 0xE0FF, 0xC1FF, 0xC1FF, 0xC0FF, 0xC0FF, 0xE1FF, 0xC1FF, 0xC1FF, 0xC1FF, 
  0xC1FF, 0xC1FF, 0xC1FF, 0xC1FF, 0xC1FF, 0xC1FF, 0xC1FF, 0xC0FF, 0xC0FF, 0xC1FF, 0xC1FF, 0xC1FF, 0xC1FF, 0xC1FF, 0xC1FF, 0xC1FF, 
  0x90FC, 0x0FFD, 0xEFFC, 0xEEFC, 0xCEFC, 0xCEFC, 0xEFFC, 0xEFFC, 0xEFFC, 0xEFFC, 0xEEFC, 0xEFFC, 0x0FFD, 0x0FFD, 0xCEFC, 0xCEFC, 
  0xEFFC, 0xEFFC, 0xEFFC, 0xEEFC, 0xEEFC, 0xEFFC, 0xEEFC, 0xEFFC, 0xEFFC, 0xEFFC, 0xEEFC, 0xEEFC, 0xEFFC, 0xEFFC, 0xCFFC, 0xCEFC, 
  0xCEFC, 0xEFFC, 0xAEFC, 0x6EFC, 0xCEFC, 0xCEFC, 0xCEFC, 0xCEFC, 0xCEFC, 0xCEFC, 0xCEFC, 0xAEFC, 0xCEFC, 0xEFFC, 0xEFFC, 0xEFFC, 
  0xEFFC, 0xEFFC, 0xCEFC, 0xCEFC, 0x0FFD, 0xCEFC, 0xEFFC, 0xCFFC, 0xEFFC, 0x0FFD, 0xEFFC, 0xCCFB, 0x0BFB, 0x0BFB, 0x0BFB, 0x2CFB, 
  0x0BFB, 0x0BFB, 0xEAFA, 0xEDF3, 0x0FFD, 0xEEFC, 0xEFFC, 0xEFFC, 0x6DD4, 0x076B, 0xE962, 0xC862, 0x0863, 0x875A, 0x2DD4, 0x30FD, 
  0xEEFC, 0xEEFC, 0x30FD, 0x8DCC, 0xC86A, 0x8752, 0x2963, 0x096B, 0x697B, 0x8A83, 0x0863, 0xE762, 0xA862, 0xA85A, 0x0963, 0x899B, 
  0x2DF4, 0xEDDB, 0xE86A, 0x0963, 0x4A73, 0x2A6B, 0xA852, 0x0A63, 0x096B, 0x096B, 0x096B, 0xE962, 0x296B, 0x296B, 0x2963, 0xAB8B, 
  0x0A9C, 0x0DBC, 0xDAFE, 0xFFFF, 0x58F6, 0x8EEC, 0xEBBB, 0x6973, 0xCB83, 0x2973, 0xE762, 0x296B, 0xC95A, 0x6752, 0x885A, 0xC85A, 
  0x4993, 0x77F6, 0xFFFF, 0xB1EC, 0x6EF4, 0xEFFC, 0xEEFC, 0xEFFC, 0xCEFC, 0xEEFC, 0x8FFC, 0x2CFB, 0x0BFB, 0x2BFB, 0xEBFA, 0x0FF4, 
  0x12F5, 0x4DFC, 0x94F5, 0x11F5, 0x33F5, 0xCFFC, 0xCEFC, 0xEEFC, 0x0EFD, 0xCDEC, 0xCB8B, 0xC852, 0xE95A, 0xC76A, 0xCAA3, 0xA86A, 
  0xADDC, 0x2FFD, 0xEBD3, 0xEEE4, 0xE882, 0x875A, 0xAA83, 0xE86A, 0x8852, 0x0863, 0xA752, 0x0963, 0x6A73, 0xE96A, 0x096B, 0x496B, 
  0xC95A, 0xE962, 0x2A6B, 0xA85A, 0xC862, 0x4973, 0xE962, 0x274A, 0xE962, 0x2973, 0xC862, 0xA85A, 0xA75A, 0x096B, 0x8A7B, 0xA85A, 
  0x296B, 0x6A73, 0xA95A, 0xA852, 0x0963, 0x2A7B, 0xA762, 0x4A6B, 0x2A6B, 0xA85A, 0xC85A, 0xA952, 0x674A, 0x885A, 0xA862, 0xA752, 
  0xCAAB, 0x0FFD, 0xAFFC, 0xCFFC, 0xEDFC, 0x4DF5, 0x0AF6, 0xE6FE, 0xA3FF, 0xE2FF, 0xE1FF, 0xE0FF, 0xC0FF, 0xC0FF, 0xC1FF, 0xC0FF, 
  0xC1FF, 0xC1FF, 0xC0FF, 0xC0FF, 0xC0FF, 0xC1FF, 0xC1FF, 0xC1FF, 0xC0FF, 0xC0FF, 0xC1FF, 0xC1FF, 0xC1FF, 0xC1FF, 0xC1FF, 0xC1FF, 
  0x70FC, 0x0FFD, 0xCEFC, 0xEEFC, 0xEEFC, 0xEFFC, 0xEFFC, 0x0FFD, 0xEEFC, 0xEEFC, 0x0FFD, 0x0FFD, 0xEFFC, 0x0FFD, 0xEFFC, 0xEFFC, 
  0xEFFC, 0x0FFD, 0xEEFC, 0xEFFC, 0x0FFD, 0xEEFC, 0xEEFC, 0xEEFC, 0xEEFC, 0xEFFC, 0xAEFC, 0xCEFC, 0xCEFC, 0xCEFC, 0x8EFC, 0xAEFC, 
  0xEFFC, 0x0FFD, 0xCEFC, 0xAEFC, 0xEFFC, 0xCEFC, 0xAEFC, 0xCEFC, 0xEEFC, 0xEEFC, 0xEFFC, 0xCFFC, 0xCEFC, 0xCEFC, 0xEFFC, 0xAEFC, 
  0xCEFC, 0xEFFC, 0xEEFC, 0xEEFC, 0xEFFC, 0xCEFC, 0xEFFC, 0xCEFC, 0xCFFC, 0xEFFC, 0x2DFC, 0x0BFB, 0x0BFB, 0x0BFB, 0x0BFB, 0x4CFB, 
  0x0BFB, 0x0BFB, 0x4CFB, 0xCEFC, 0x0DF5, 0xEFFC, 0xEFFC, 0x0FF5, 0x8A9B, 0x286B, 0x296B, 0x096B, 0x086B, 0x8A9B, 0x10FD, 0xEFFC, 
  0xEEF4, 0xEEFC, 0xCFFC, 0x10FD, 0x6DDC, 0xE87A, 0x4A73, 0xE862, 0x8A73, 0xC862, 0xE962, 0xC962, 0x2A6B, 0x8752, 0x2963, 0x6AA4, 
  0x6CEC, 0x6DFB, 0xEBBB, 0x674A, 0x6973, 0x0963, 0xE962, 0xA85A, 0x885A, 0xEA62, 0xE962, 0xA85A, 0x0963, 0x8973, 0x8A73, 0x6A83, 
  0x89AB, 0xF5ED, 0xFFFF, 0x58F6, 0x4DEC, 0x699B, 0xC96A, 0xA85A, 0xE85A, 0x6A73, 0xCB7B, 0x296B, 0xE962, 0xC85A, 0xCA83, 0x6A73, 
  0x286B, 0xAFD4, 0xDFFF, 0x1BF7, 0xEDEB, 0xEFFC, 0xEEFC, 0xEFFC, 0xEEFC, 0xCEFC, 0xEFFC, 0xCDFB, 0x0BFB, 0x2BFB, 0xCBFA, 0x30F4, 
  0x95F5, 0x2DF4, 0xD4F5, 0x11ED, 0x70F4, 0xAFFC, 0xEEFC, 0xEFFC, 0x0FFD, 0xCEEC, 0x497B, 0x4A73, 0x2A6B, 0xE962, 0xA85A, 0x8852, 
  0x0BB4, 0x8CDC, 0xAAB3, 0xEBA3, 0xC862, 0xA983, 0xEB8B, 0xC95A, 0xE962, 0xA85A, 0x4A73, 0xA762, 0xAA7B, 0x296B, 0x496B, 0xE962, 
  0xC862, 0x8752, 0x096B, 0x4A6B, 0x6852, 0xE962, 0xE862, 0x0863, 0x296B, 0xA85A, 0xC962, 0x096B, 0x496B, 0xA97B, 0x697B, 0xA862, 
  0x885A, 0x6852, 0x6852, 0x4852, 0xA962, 0x0963, 0xC85A, 0x086B, 0xAA83, 0xE862, 0x8952, 0x885A, 0x0963, 0xE962, 0xE962, 0x4A6B, 
  0xEBAB, 0x0EFD, 0xEFFC, 0xEFFC, 0xEEFC, 0xCFFC, 0xCFFC, 0xCDF4, 0x8BFD, 0x48F6, 0xC6F6, 0x65FF, 0xE4FF, 0xE2FF, 0xE0FF, 0xC0FF, 
  0xC1FF, 0xC0FF, 0xC0FF, 0xC1FF, 0xC1FF, 0xC0FF, 0xC0FF, 0xC0FF, 0xC1FF, 0xC1FF, 0xC1FF, 0xC1FF, 0xC1FF, 0xC1FF, 0xC1FF, 0xC1FF, 
  0x50FC, 0x0FFD, 0xEEFC, 0xEEFC, 0xEFFC, 0xEEFC, 0xEFFC, 0xEFFC, 0xEFFC, 0xEEFC, 0xEEFC, 0xEFFC, 0xEFFC, 0x0FFD, 0xEFFC, 0xEEFC, 
  0xEFFC, 0xCEFC, 0xEFFC, 0xEEFC, 0xEFFC, 0xEFFC, 0xEEFC, 0xEEFC, 0xEFFC, 0xCEFC, 0xCEFC, 0xCEFC, 0xEFFC, 0xCEFC, 0xAEFC, 0xAEFC, 
  0xCEFC, 0xEEFC, 0xEEFC, 0xCEFC, 0xCEFC, 0xCEFC, 0xAEFC, 0xCEFC, 0xEFFC, 0xEFFC, 0xCEFC, 0xCEFC, 0xAEFC, 0xCEFC, 0xEFFC, 0xAEFC, 
  0xCEFC, 0xCEFC, 0xEFFC, 0xEEFC, 0xCEFC, 0xCEFC, 0xEEFC, 0xEEFC, 0xEFFC, 0x6EFC, 0x4BF3, 0x0BFB, 0x0BFB, 0x2BFB, 0x2BFB, 0x0BFB, 
  0x2BFB, 0x0BFB, 0x4EFC, 0x2EFD, 0x0EFD, 0xEFFC, 0x0FFD, 0x2CC4, 0xE862, 0x086B, 0x696B, 0x0963, 0x0973, 0x6DCC, 0x0FFD, 0xEFFC, 
  0x0FFD, 0xEFFC, 0xCFFC, 0xCEFC, 0x0FFD, 0xCFF4, 0x6A8B, 0xA75A, 0x096B, 0x496B, 0x2A73, 0xAA8B, 0xAA9B, 0xC95A, 0x496B, 0xC983, 
  0x8CCC, 0x30FC, 0xB0EC, 0x0983, 0x0863, 0x8973, 0x2A6B, 0xE762, 0x4973, 0x6A73, 0x296B, 0x296B, 0xC86A, 0x897B, 0x296B, 0x2883, 
  0x4EDC, 0xBEFF, 0x98F6, 0x2DE4, 0x498B, 0x0963, 0x096B, 0x4A7B, 0x0963, 0xC862, 0xE862, 0xC85A, 0xE962, 0xC85A, 0xCA83, 0xEB8B, 
  0x486B, 0x289B, 0xB9FE, 0xFFFF, 0xF2EC, 0x4DF4, 0xEEFC, 0xCEFC, 0xEEFC, 0xEEFC, 0x0EFD, 0x6EFC, 0x0CFB, 0x4BFB, 0xEBF2, 0x30EC, 
  0xF7ED, 0x4DF4, 0xD3F5, 0x11ED, 0x6CF3, 0x6EFC, 0x0FFD, 0xEFFC, 0x0FFD, 0xAEEC, 0x296B, 0xE962, 0x885A, 0x8852, 0xC962, 0x4B7B, 
  0x489B, 0xECAB, 0xC872, 0xC962, 0xAA8B, 0xCA83, 0x095B, 0xA85A, 0xE862, 0x6A73, 0x6A7B, 0xE96A, 0xC862, 0x4A6B, 0x296B, 0xC85A, 
  0x4A6B, 0x0963, 0x296B, 0x296B, 0xE962, 0x6852, 0x4B73, 0xCA83, 0xE96A, 0x2A6B, 0x296B, 0xA85A, 0x4A6B, 0x496B, 0x276B, 0xEB83, 
  0xAB7B, 0x296B, 0x2963, 0xE862, 0x4973, 0x696B, 0x085B, 0x8B7B, 0x096B, 0x497B, 0xCA8B, 0x6A7B, 0x6A7B, 0x096B, 0x296B, 0xC85A, 
  0x69A3, 0x2FFD, 0x0FFD, 0xEEFC, 0xEEFC, 0x0EFD, 0xEEFC, 0xEEFC, 0xEFFC, 0xAEFC, 0x8DEC, 0xAAD4, 0x27C5, 0x27DE, 0x26F7, 0xE4FF, 
  0xE1FF, 0xE1FF, 0xC0FF, 0xC0FF, 0xC1FF, 0xC1FF, 0xE0FF, 0xE0FF, 0xC0FF, 0xC0FF, 0xC1FF, 0xC1FF, 0xC1FF, 0xC1FF, 0xC1FF, 0xC1FF, 
  0x70FC, 0x0FFD, 0xEEFC, 0xEEFC, 0xEEFC, 0xCEFC, 0xEFFC, 0xEFFC, 0x0FFD, 0xEFFC, 0xEFFC, 0xEFFC, 0x0FFD, 0xEFFC, 0xCEFC, 0xEFFC, 
  0xEFFC, 0xCEFC, 0xEEFC, 0xCEFC, 0xEEFC, 0xEFFC, 0xEFFC, 0xEFFC, 0xEEFC, 0xCEFC, 0xCEFC, 0xCEFC, 0xEEFC, 0xCEFC, 0xCFFC, 0xCFFC, 
  0xEFFC, 0x0FFD, 0xEFFC, 0xCEFC, 0xCEFC, 0xEFFC, 0xCEFC, 0xEFFC, 0xEEFC, 0xCEFC, 0xCEFC, 0xCEFC, 0xEFFC, 0xEFFC, 0xCEFC, 0xCEFC, 
  0xCEFC, 0xCEFC, 0xCEFC, 0xEEFC, 0xAEF4, 0xCEFC, 0xCEFC, 0xEFFC, 0xAFFC, 0x6BF3, 0x0BFB, 0x2BFB, 0x0BFB, 0x2BFB, 0x2BFB, 0x2BFB, 
  0x0BF3, 0xEDF3, 0x0FFD, 0x0FFD, 0xCFFC, 0x0FFD, 0xEFEC, 0xE872, 0x0963, 0x2973, 0x096B, 0xC85A, 0xE872, 0xCEEC, 0x0EFD, 0xEEFC, 
  0xCEFC, 0xEFFC, 0xEFFC, 0x0EFD, 0xAEFC, 0x0FFD, 0xEFEC, 0x498B, 0xA862, 0x4A73, 0x486B, 0x276B, 0x8DD4, 0x4AA3, 0x8862, 0x8973, 
  0xE76A, 0xAFDC, 0x59FE, 0x0DC4, 0x4973, 0x096B, 0x4A73, 0x6973, 0x8A73, 0xA85A, 0xC962, 0xE862, 0x8A73, 0x496B, 0x2A6B, 0x4AAB, 
  0x37FE, 0x1CFF, 0x6EEC, 0x6A9B, 0xC962, 0x6973, 0x897B, 0xE86A, 0x0A6B, 0xA85A, 0xA85A, 0xC85A, 0xC962, 0x2A6B, 0x2973, 0x4973, 
  0xCB83, 0x2883, 0x12DD, 0xFFFF, 0xDAF6, 0xEDEB, 0x0EFD, 0xCEFC, 0xEEFC, 0x0FFD, 0x0EFD, 0xEFFC, 0x2BF3, 0xEEFB, 0xD2F4, 0xEFEB, 
  0x59F6, 0x6DF4, 0x52F5, 0xF0F4, 0x6BFB, 0xAEFC, 0xEFFC, 0xEFFC, 0xEFFC, 0xAEE4, 0x0973, 0xE962, 0xA95A, 0x0963, 0x2963, 0xE86A, 
  0x8983, 0x4A73, 0xE862, 0x895A, 0x2A73, 0x2973, 0x696B, 0xC95A, 0x675A, 0x8A73, 0xAA7B, 0x2A73, 0xC862, 0x6852, 0xA85A, 0x296B, 
  0x296B, 0x296B, 0x496B, 0xE862, 0xA85A, 0x875A, 0xC962, 0x2A73, 0x096B, 0x4973, 0xEA83, 0xE862, 0xC85A, 0xE962, 0x2973, 0x086B, 
  0x897B, 0x286B, 0xA85A, 0xA95A, 0x895A, 0xA962, 0xC96A, 0xC862, 0x496B, 0x0B8C, 0x0A94, 0xC983, 0x4973, 0x2973, 0x2A6B, 0x875A, 
  0xEBB3, 0x2FFD, 0xEEFC, 0xCEFC, 0xD0FC, 0xF0FC, 0xCEFC, 0xEEFC, 0xCFFC, 0xCEFC, 0x0EFD, 0xEEF4, 0x6DDC, 0xAABB, 0x68A3, 0x67AC, 
  0x26DE, 0xA3FF, 0xE2FF, 0xE1FF, 0xC0FF, 0xC0FF, 0xC0FF, 0xC2FF, 0xC2FF, 0xC0FF, 0xC0FF, 0xC1FF, 0xC1FF, 0xC1FF, 0xC1FF, 0xC1FF, 
  0x90FC, 0x0FFD, 0xEFFC, 0xEEFC, 0xEFFC, 0xEEFC, 0xEFFC, 0xEFFC, 0xEFFC, 0xEEFC, 0xEFFC, 0xCEFC, 0xCEFC, 0xEEFC, 0xEEFC, 0xEFFC, 
  0xEFFC, 0xEEFC, 0xEFFC, 0xEFFC, 0xEEFC, 0xEFFC, 0x0FFD, 0xEFFC, 0xEFFC, 0xEFFC, 0xCEFC, 0xCEFC, 0xEEFC, 0xEFFC, 0xCFFC, 0xCFFC, 
  0xEFFC, 0xEFFC, 0xEFFC, 0xEFFC, 0xEFFC, 0x0FFD, 0xEFFC, 0xEFFC, 0xCEFC, 0xCEFC, 0xEFFC, 0xEEFC, 0xEFFC, 0xEEFC, 0xEEFC, 0xEFFC, 
  0xCFFC, 0xCFFC, 0xEEFC, 0xCEFC, 0xCEFC, 0xEFFC, 0x0FFD, 0x8EFC, 0x6BFB, 0x0BFB, 0x0BFB, 0x0BFB, 0x0BFB, 0x2BFB, 0x2BFB, 0x0BFB, 
  0x6BF3, 0xCFFC, 0x0FFD, 0xEFFC, 0xCEFC, 0x2FFD, 0x8A9B, 0xC85A, 0x6A73, 0x096B, 0xC962, 0xC85A, 0xAB9B, 0x0FFD, 0xCEFC, 0xCEFC, 
  0xEFFC, 0x0FFD, 0x0FFD, 0xCEFC, 0xEEFC, 0xEEFC, 0xEEFC, 0xF0F4, 0x0883, 0x474A, 0xC85A, 0xC85A, 0x4A8B, 0x30FD, 0xEAAB, 0x296B, 
  0x0963, 0xCBBB, 0x99FE, 0x17F6, 0xE88A, 0x8852, 0xC962, 0xA75A, 0x496B, 0xA85A, 0xA962, 0xC862, 0x6973, 0x286B, 0xA86A, 0x2ED4, 
  0x1BFF, 0x12F5, 0xECBB, 0xE762, 0x0963, 0x4A73, 0xCB8B, 0x096B, 0xA95A, 0xA85A, 0x096B, 0x0963, 0x885A, 0x4A73, 0x496B, 0x096B, 
  0x4973, 0x6973, 0x8BA3, 0x1BFF, 0xFFFF, 0xB1EC, 0x8DF4, 0xEFFC, 0xCEFC, 0xEFFC, 0xCEFC, 0x0FFD, 0x8CF3, 0x0FF4, 0x99FE, 0x0FEC, 
  0x79F6, 0x8DEC, 0x70FC, 0x8FF4, 0xABFB, 0xEFFC, 0x4DFC, 0xAEFC, 0x0FFD, 0xEEF4, 0x0983, 0x674A, 0x484A, 0xA852, 0x0963, 0xA85A, 
  0x0963, 0xE962, 0x0863, 0xC962, 0x684A, 0x875A, 0xE862, 0xC95A, 0xA85A, 0xA85A, 0x8752, 0x895A, 0xC85A, 0x296B, 0xA95A, 0xA85A, 
  0xA95A, 0x4A73, 0x296B, 0x885A, 0xA95A, 0x0963, 0xC85A, 0xC95A, 0x0963, 0xC862, 0xC862, 0x6973, 0xE962, 0x096B, 0x8B7B, 0xC962, 
  0xC962, 0x4A73, 0x885A, 0x4842, 0xE649, 0x6A9B, 0x8DDC, 0x0BBC, 0x2883, 0x086B, 0xAA7B, 0xCB83, 0x2973, 0xA85A, 0x8852, 0xA85A, 
  0x6ECC, 0x0FFD, 0xEFFC, 0xEFFC, 0xEFFC, 0xCEFC, 0xCEFC, 0xCEFC, 0xCFFC, 0xCEFC, 0xEEFC, 0xCEFC, 0xEFFC, 0x10FD, 0xEFF4, 0x2CD4, 
  0xE9BB, 0x87BC, 0x43C5, 0x45E6, 0x65FF, 0xE2FF, 0xE0FF, 0xC0FF, 0xC2FF, 0xC1FF, 0xC1FF, 0xC1FF, 0xC0FF, 0xC1FF, 0xC1FF, 0xC1FF, 
  0x70FC, 0x0FFD, 0xEEFC, 0xEFFC, 0xCEFC, 0xCEFC, 0x0FFD, 0x0FFD, 0xEFFC, 0xEFFC, 0x0FFD, 0xEEFC, 0xEFFC, 0xEFFC, 0x0FFD, 0xEEFC, 
  0xEFFC, 0xCEFC, 0xCEFC, 0xEFFC, 0xEFFC, 0xEFFC, 0xEFFC, 0xEEFC, 0xEEFC, 0xEFFC, 0xEEFC, 0xEEFC, 0xCEFC, 0xEEFC, 0xEFFC, 0xEEFC, 
  0xEEFC, 0xCEFC, 0xCEFC, 0xCFFC, 0xCEFC, 0xEEFC, 0xEEFC, 0xCEFC, 0xEEFC, 0xCEFC, 0xCEFC, 0xEFFC, 0xEEFC, 0xEFFC, 0xEFFC, 0xEFFC, 
  0xCEFC, 0xAEFC, 0xEFFC, 0x0FFD, 0xEFFC, 0xAEFC, 0x0DFC, 0x4BFB, 0x0BFB, 0x0BFB, 0x2BFB, 0x0BFB, 0x2BFB, 0x0BFB, 0x0BFB, 0x2BF3, 
  0x4EFC, 0x0FFD, 0xEFFC, 0xEEFC, 0x0EFD, 0x8EDC, 0xC86A, 0xA75A, 0x697B, 0x6A7B, 0x0963, 0xA75A, 0x0CBC, 0x2FFD, 0xEFFC, 0xEFFC, 
  0xEFFC, 0x0FFD, 0xEFFC, 0xCEFC, 0x0FFD, 0x0FFD, 0xCEFC, 0xEFFC, 0x10F5, 0x0883, 0xA952, 0xA962, 0x474A, 0x0BAC, 0x70FD, 0xCBAB, 
  0xC862, 0x8AAB, 0x93F5, 0x9EFF, 0xAEDC, 0xC972, 0xC962, 0x286B, 0x6973, 0x2A6B, 0x096B, 0x296B, 0xCA8B, 0x286B, 0x2993, 0x94ED, 
  0x17F6, 0x2CDC, 0x8A83, 0xC85A, 0xE85A, 0xE862, 0x675A, 0x296B, 0x096B, 0x096B, 0x296B, 0xC862, 0x2A6B, 0xE862, 0xC95A, 0x096B, 
  0x286B, 0x095B, 0xA772, 0x74ED, 0xFFFF, 0x58F6, 0xEDF3, 0xEFFC, 0xCEFC, 0xEEFC, 0xEFFC, 0x0FFD, 0x2DFC, 0xADEB, 0x3CFF, 0x91E4, 
  0x58F6, 0xCFF4, 0x8CFB, 0x2EFC, 0xECFB, 0xEFFC, 0xCCFB, 0x2EFC, 0xEEFC, 0xEEF4, 0x0983, 0x6852, 0xEA62, 0xE962, 0x274A, 0xA95A, 
  0xC95A, 0xE96A, 0x096B, 0x0863, 0xE962, 0x4B6B, 0x496B, 0xC85A, 0x296B, 0x096B, 0xC862, 0xA962, 0xE962, 0x4A6B, 0xE962, 0xC862, 
  0xC962, 0x096B, 0x875A, 0xE962, 0xA95A, 0x4752, 0xE86A, 0xE872, 0x0973, 0x0973, 0x0973, 0x0973, 0x2973, 0x296B, 0x6A73, 0xC862, 
  0xA852, 0xC95A, 0x6952, 0x494A, 0x274A, 0x4DC4, 0x50FD, 0x2FFD, 0x2FFD, 0x2CC4, 0xC772, 0xE962, 0xE962, 0x4752, 0x6A73, 0x496B, 
  0xCBB3, 0x2FFD, 0xEFFC, 0x0FFD, 0xEEFC, 0xCEFC, 0xEEFC, 0xEEFC, 0x0FFD, 0xEEFC, 0xCEFC, 0xEFFC, 0x0FFD, 0x0FFD, 0xEFFC, 0xEFFC, 
  0x0EFD, 0xEEF4, 0x4DDC, 0x2CD4, 0xEADC, 0xE7ED, 0xE6FE, 0xA3FF, 0xE0FF, 0xE0FF, 0xC0FF, 0xC1FF, 0xC2FF, 0xC1FF, 0xE1FF, 0xC1FF, 
  0x6FFC, 0xEEFC, 0xCEFC, 0xEFFC, 0x0FFD, 0x0FFD, 0x0FFD, 0x0FFD, 0xEFFC, 0x0FFD, 0x0FFD, 0xEEFC, 0xEFF4, 0x10FD, 0xEFFC, 0xEEFC, 
  0xEEFC, 0xEEFC, 0xCFFC, 0xAEF4, 0xCEFC, 0xEFFC, 0x0FFD, 0xEFFC, 0xEEFC, 0xCEFC, 0xEEFC, 0xEFFC, 0xEEFC, 0xEEFC, 0xEEFC, 0xEEFC, 
  0xCEFC, 0xEEFC, 0xEEFC, 0xEEFC, 0xCEFC, 0xCEFC, 0xCEFC, 0xCEFC, 0xEEFC, 0xEFFC, 0xEEFC, 0xEEFC, 0xEFFC, 0xCFFC, 0xEFFC, 0xEFFC, 
  0xEFFC, 0xEFFC, 0x6EFC, 0xCCF3, 0x0EFC, 0x8BF3, 0x0BFB, 0x0BFB, 0x2BFB, 0x0BFB, 0x0BFB, 0x0BFB, 0x2BFB, 0x2CFB, 0xEBFA, 0xCCF3, 
  0x0FFD, 0xEEFC, 0xCFFC, 0xEEFC, 0xCEF4, 0x4983, 0x4A6B, 0xE962, 0xAA83, 0x6A7B, 0x096B, 0xC862, 0x6DCC, 0x2FFD, 0x0FFD, 0xEFFC, 
  0xEFFC, 0xEEFC, 0xEEFC, 0xEEFC, 0xEFFC, 0xEFFC, 0xEEFC, 0xCEFC, 0x0FFD, 0xEFE4, 0xC872, 0xA85A, 0xE962, 0xA862, 0x8DDC, 0x50FD, 
  0xAAA3, 0x499B, 0xCFF4, 0x3CFF, 0xBAFE, 0x6AB3, 0xC86A, 0x8A73, 0x2873, 0x8B7B, 0x296B, 0xC862, 0xAB83, 0x6873, 0x0CCC, 0xD6F5, 
  0xF1F4, 0x8AA3, 0xA75A, 0x0A6B, 0x096B, 0x2A6B, 0xE962, 0x885A, 0xC962, 0x0963, 0xE862, 0x8A7B, 0x296B, 0xC962, 0x6852, 0x6752, 
  0x8A73, 0x0963, 0xA762, 0x2DC4, 0x7DFF, 0x9EFF, 0x2EEC, 0xAEFC, 0x0FFD, 0x0FFD, 0x0FFD, 0x0FFD, 0xAEFC, 0x4BF3, 0x1CFF, 0x96E5, 
  0x18F6, 0xF0F4, 0xACFB, 0x2DFC, 0x2DFC, 0xEFFC, 0x8BF3, 0xEDFB, 0x0FFD, 0x0FF5, 0x6A8B, 0xC85A, 0xE862, 0x8A7B, 0xC962, 0xA85A, 
  0x4973, 0xE862, 0x296B, 0xCB7B, 0x4973, 0x897B, 0xCB83, 0x096B, 0xA85A, 0x8A73, 0x8A7B, 0xE86A, 0x0A6B, 0xA95A, 0x096B, 0x6A73, 
  0xAB7B, 0xE862, 0x296B, 0x6A73, 0xA852, 0xC85A, 0x6A7B, 0x297B, 0x6A83, 0x6A7B, 0x697B, 0x0B8C, 0x6A7B, 0x096B, 0xE862, 0x6752, 
  0xC85A, 0x4752, 0x8852, 0xAA5A, 0x674A, 0xECB3, 0x2FFD, 0xEEFC, 0xEFFC, 0x0FFD, 0xAEDC, 0x287B, 0xE95A, 0x6A7B, 0xAA7B, 0x6A73, 
  0xE87A, 0xCFEC, 0x0FFD, 0x0FFD, 0x0EFD, 0xEEFC, 0x0FFD, 0x0FFD, 0xEEFC, 0xEFFC, 0xEFFC, 0xEFFC, 0xEFFC, 0x0FFD, 0xEFFC, 0xCEFC, 
  0xCEFC, 0xEEFC, 0x2FFD, 0x2FFD, 0xEFFC, 0x8EF4, 0x0EFD, 0x8CF5, 0x68F6, 0x64FF, 0xC2FF, 0xE1FF, 0xC0FF, 0xC0FF, 0xC0FF, 0xC0FF, 
  0x4FFC, 0xEEFC, 0xEFFC, 0xEFFC, 0x0FFD, 0x0FFD, 0xEFFC, 0x0FFD, 0xEFFC, 0xEFFC, 0xEFFC, 0xEFFC, 0xEFFC, 0xEFFC, 0xEFFC, 0xEFFC, 
  0xEFFC, 0xCEFC, 0xCEFC, 0xCEFC, 0xCFFC, 0xEFFC, 0x0FFD, 0xCEFC, 0xEFFC, 0xEFFC, 0xEFFC, 0xEEFC, 0xEFFC, 0xEEFC, 0xCEFC, 0xEEFC, 
  0xEEFC, 0xCEFC, 0xCEFC, 0xCEFC, 0xCEFC, 0xEFFC, 0xCEFC, 0xCEFC, 0xEFFC, 0xEFFC, 0x0FFD, 0xEEFC, 0xCEFC, 0xCFFC, 0xCEFC, 0xCEFC, 
  0x0FFD, 0x8EFC, 0x4BFB, 0xEBFA, 0xEBFA, 0x0BFB, 0x2BFB, 0x2CFB, 0x0BFB, 0x0BFB, 0x2BFB, 0x0BFB, 0x0CFB, 0x2BFB, 0x6BF3, 0xAFFC, 
  0x0FFD, 0x0EFD, 0xCEFC, 0xCFFC, 0xEAAB, 0x4973, 0x296B, 0xE96A, 0x2973, 0x096B, 0xE962, 0x6752, 0x6DD4, 0x2FFD, 0xEEFC, 0xEEFC, 
  0xEFFC, 0x0FFD, 0xEEFC, 0xEFFC, 0xEFFC, 0xEEFC, 0xEEFC, 0xCEFC, 0xAEFC, 0x0FFD, 0x8ED4, 0xE77A, 0x8973, 0x8852, 0x2983, 0x8EF4, 
  0x6EF4, 0xEFEC, 0xADFC, 0xF6F5, 0xFFFF, 0x31ED, 0xE882, 0xEA62, 0x2973, 0x897B, 0x6973, 0x296B, 0x4A73, 0xA98B, 0x4DEC, 0xB2F4, 
  0x4EDC, 0xA762, 0xA85A, 0xC962, 0xA85A, 0xE862, 0xE862, 0xAA7B, 0x0963, 0xA85A, 0x0A6B, 0x4A73, 0xA75A, 0xE862, 0xE95A, 0xEA62, 
  0xA962, 0x0763, 0xE96A, 0x4993, 0x35F6, 0xFFFF, 0x54F5, 0x2DF4, 0x2FFD, 0xEFFC, 0xEFFC, 0xEEFC, 0xEFFC, 0x4BF3, 0x59FE, 0xBAF6, 
  0x59F6, 0x11F5, 0xECF3, 0x2DFC, 0xAFFC, 0xEFFC, 0x8BF3, 0xACFB, 0x2FFD, 0xEEF4, 0x087B, 0xA85A, 0xE96A, 0xAA83, 0x6A7B, 0xE96A, 
  0x8973, 0xE862, 0x2A6B, 0xAB7B, 0x296B, 0xE862, 0x8A7B, 0xAA83, 0xE862, 0xA85A, 0x4652, 0xC95A, 0xE962, 0xA85A, 0xE962, 0x4A73, 
  0x264A, 0xE962, 0x2A6B, 0xC862, 0xA852, 0x4A63, 0x2963, 0x6752, 0xA85A, 0xE95A, 0xC75A, 0x0963, 0x8852, 0xE962, 0xC85A, 0xE95A, 
  0x096B, 0x096B, 0x096B, 0xC872, 0x087B, 0xABAB, 0x2FFD, 0xEFFC, 0xEFFC, 0xEFFC, 0x10FD, 0x8EDC, 0xA76A, 0xE762, 0xE862, 0xE962, 
  0x885A, 0x498B, 0xEFEC, 0xEFFC, 0xEEFC, 0x2FFD, 0x0FFD, 0x0EFD, 0xEEFC, 0xEFFC, 0xCEFC, 0xEEFC, 0xEFFC, 0xEFFC, 0xEFFC, 0xEEFC, 
  0xEEFC, 0xEFFC, 0xEEFC, 0xEEFC, 0xEFFC, 0x0FFD, 0xEEFC, 0xCFFC, 0xCEF4, 0x4CFD, 0xEAFD, 0xE7FE, 0x83FF, 0xE2FF, 0xE1FF, 0xE0FF, 
  0x4FFC, 0x0EFD, 0xEFFC, 0xEFFC, 0xEEFC, 0xEFFC, 0xEFFC, 0xCEFC, 0xCEFC, 0xEFFC, 0xEFFC, 0xEFFC, 0xEFFC, 0xCEFC, 0xEEFC, 0xEEFC, 
  0xEFFC, 0xEFFC, 0xEFFC, 0xEFFC, 0xCEFC, 0xEFFC, 0xEEFC, 0xCEFC, 0xEFFC, 0x0FFD, 0xEFFC, 0xEFFC, 0xEFFC, 0xEFFC, 0xEFFC, 0xCEFC, 
  0x8DF4, 0xCEFC, 0xCEFC, 0xCEFC, 0xCEFC, 0xEFFC, 0xEFFC, 0xCEFC, 0xCEFC, 0xCEFC, 0xEFFC, 0xCFFC, 0xAEFC, 0xCEFC, 0xCEFC, 0xEEFC, 
  0xCFFC, 0x8BF3, 0x2BFB, 0x0BFB, 0x2CFB, 0x0BFB, 0x0BFB, 0x0BFB, 0x0BFB, 0x0BFB, 0x2BFB, 0x0BFB, 0x2CFB, 0x0BFB, 0x6EFC, 0x0FFD, 
  0xEEFC, 0x0EFD, 0x2FFD, 0x0CBC, 0x675A, 0xEB8B, 0x697B, 0xC95A, 0xC85A, 0xE96A, 0x0A63, 0x4752, 0x6DD4, 0x2FFD, 0xEFFC, 0x0FFD, 
  0x0FFD, 0x0FFD, 0x0FFD, 0x0FFD, 0xEFFC, 0xEFFC, 0xEEFC, 0xEEFC, 0xCEFC, 0xCEFC, 0x10FD, 0x8CD4, 0x687B, 0x0A6B, 0x885A, 0xECB3, 
  0xACFB, 0x2DFC, 0xEEFC, 0xD0F4, 0xBDFF, 0x1AFF, 0xCBBB, 0xC762, 0x6A73, 0x8973, 0xE86A, 0x2A6B, 0xA75A, 0xABA3, 0xCDFB, 0xCCFB, 
  0x0CC4, 0x0963, 0xA97B, 0xAA7B, 0x6973, 0x8A7B, 0xEA83, 0xE983, 0x086B, 0xE962, 0x875A, 0x4A6B, 0x0963, 0x4A73, 0x4A6B, 0xC862, 
  0xEA62, 0x496B, 0x296B, 0x6983, 0xD0DC, 0xDEFF, 0x1CFF, 0xEDEB, 0xEEFC, 0x0FFD, 0xEFFC, 0x0FFD, 0x2FFD, 0xCCF3, 0x55ED, 0xDEFF, 
  0x5CFF, 0x12FD, 0x0CF4, 0x2DFC, 0xEFFC, 0xEFFC, 0x6BFB, 0x4BFB, 0xCEFC, 0xEEF4, 0x2983, 0xC85A, 0x0A6B, 0xE862, 0x0863, 0x096B, 
  0x286B, 0x4973, 0x4A7B, 0xC762, 0x286B, 0x4973, 0x296B, 0xE862, 0x4A73, 0xE962, 0xA95A, 0x684A, 0x6752, 0x096B, 0xC862, 0xE962, 
  0x8752, 0x0963, 0xC85A, 0x296B, 0x2973, 0x0973, 0x0A6B, 0xA85A, 0xC962, 0xC962, 0x0963, 0xC85A, 0xA95A, 0xE962, 0xA85A, 0x096B, 
  0x2A6B, 0x096B, 0xE962, 0xAA9B, 0xEBB3, 0xAB9B, 0x4FFD, 0xCEFC, 0x8EFC, 0xAEFC, 0xEEFC, 0x30FD, 0x4DD4, 0xA762, 0x8A7B, 0x8B7B, 
  0x4973, 0xE962, 0x4A8B, 0xCFEC, 0xEFFC, 0xEEFC, 0xEFFC, 0xEFFC, 0xEEFC, 0x0FFD, 0xEFFC, 0xEEFC, 0xEFFC, 0xEEFC, 0xEFFC, 0x0FFD, 
  0xEEFC, 0xEEFC, 0x0FFD, 0xEEFC, 0x0EFD, 0xEEFC, 0xCFFC, 0xCEFC, 0xEEFC, 0xEFFC, 0xD0FC, 0xEEFC, 0x6CF5, 0xEAF5, 0xA7FE, 0x84FF, 
  0xD0F4, 0xEEFC, 0xEFFC, 0x0FFD, 0xEFFC, 0xEFFC, 0xEFFC, 0xEFFC, 0xCEFC, 0xCEFC, 0xCEFC, 0xCEFC, 0xCEFC, 0xEEFC, 0xEEFC, 0xEEFC, 
  0xCEFC, 0xAEFC, 0xCEFC, 0xCEFC, 0xCEFC, 0xEFFC, 0xEEFC, 0xCEFC, 0xEFFC, 0xEEFC, 0xCEFC, 0xEFFC, 0xEEFC, 0xEFFC, 0xEFFC, 0xCEFC, 
  0xAEFC, 0xCEFC, 0xAEFC, 0xCEFC, 0xCEFC, 0xCEFC, 0xAEFC, 0xEFFC, 0xCEFC, 0xCEFC, 0xCFFC, 0xCEFC, 0xCEFC, 0xEFFC, 0xEFFC, 0xCFFC, 
  0x8CFB, 0xEBFA, 0x0BFB, 0x0BFB, 0x2CFB, 0x0BFB, 0x0BFB, 0x0BFB, 0x0BFB, 0x0BFB, 0x0BFB, 0x2BFB, 0x0BFB, 0xACFB, 0x0FFD, 0xEEFC, 
  0xEEFC, 0x2FFD, 0xAEDC, 0x287B, 0xEC9B, 0xAA8B, 0x076B, 0x096B, 0xE862, 0x096B, 0x2963, 0xA85A, 0x6DD4, 0x2FFD, 0x0FFD, 0xEFFC, 
  0xEFFC, 0xEFFC, 0x0FFD, 0xEEFC, 0xEFFC, 0xEFFC, 0xEFFC, 0xEFFC, 0x0FFD, 0xEEFC, 0xEEF4, 0x30FD, 0x4CCC, 0xA762, 0xC952, 0x086B, 
  0xCCDB, 0xAEF3, 0x8FF4, 0xADF4, 0xF6F5, 0xFFFF, 0x73ED, 0x298B, 0x096B, 0xC862, 0x0A6B, 0x4973, 0xA85A, 0xECC3, 0x6CFB, 0x2EFC, 
  0x8993, 0x0863, 0x496B, 0x086B, 0xA75A, 0x4A73, 0x6A7B, 0x4973, 0xCA7B, 0x296B, 0xC75A, 0x8A73, 0x296B, 0xA85A, 0x2A73, 0xC862, 
  0xE85A, 0xA852, 0x096B, 0xE862, 0x4A9B, 0xB9FE, 0xFFFF, 0xB2F4, 0x6DFC, 0x0FFD, 0xCEFC, 0xEEFC, 0x2FFD, 0x6DFC, 0x30F4, 0xFFFF, 
  0xFFFF, 0x54F5, 0x0CF4, 0x4DF4, 0xEFFC, 0xCEFC, 0x6BFB, 0x0BF3, 0xAEFC, 0x2FFD, 0x498B, 0xC75A, 0x2A6B, 0xA852, 0x296B, 0x8A73, 
  0x6A7B, 0x4973, 0xCA8B, 0xEB8B, 0x296B, 0x2A6B, 0xEA62, 0xA85A, 0xE962, 0xE962, 0x8852, 0x8852, 0xC95A, 0xA85A, 0xC862, 0x496B, 
  0xE862, 0x8B7B, 0x086B, 0x296B, 0x6A7B, 0x6A73, 0xE962, 0xA85A, 0x0963, 0x296B, 0x096B, 0xE962, 0xC962, 0x6752, 0x096B, 0xE962, 
  0xA852, 0x895A, 0x674A, 0x6A83, 0xCFE4, 0xA772, 0xEFF4, 0xEEFC, 0x8EF4, 0xCFFC, 0xEEFC, 0xEEFC, 0x0FFD, 0x6DCC, 0xC862, 0xE862, 
  0x0863, 0x885A, 0xA85A, 0x288B, 0xEFF4, 0xEFFC, 0xEEFC, 0xEFFC, 0x0FFD, 0x0FFD, 0x0FFD, 0x2FFD, 0x0EFD, 0xEEFC, 0x0FFD, 0x0EFD, 
  0x0FFD, 0x0FFD, 0x0FFD, 0xEEFC, 0xEFFC, 0xEFFC, 0xEEFC, 0xEEFC, 0x0EFD, 0x0FFD, 0x0FFD, 0x0FFD, 0xEFFC, 0xAFFC, 0x8EF4, 0x4AF5, 
  0x51ED, 0xEFFC, 0xEFFC, 0x0FFD, 0x0FFD, 0x0FFD, 0xEFFC, 0xEFFC, 0xCEFC, 0xCEFC, 0xEFFC, 0xEFFC, 0xEFFC, 0xEEFC, 0xEEFC, 0xEEFC, 
  0xAEFC, 0x8EFC, 0xCEFC, 0xCEFC, 0xCEFC, 0xCEFC, 0xEFFC, 0xEFFC, 0xEFFC, 0x0FFD, 0x0FFD, 0xEFFC, 0xCEFC, 0xCEFC, 0xCEFC, 0xCEFC, 
  0xCEFC, 0xCEFC, 0xCEFC, 0xCEFC, 0xCEFC, 0xCEFC, 0xCEFC, 0xEFFC, 0xCEFC, 0xAEFC, 0xCEFC, 0xAEFC, 0xAEFC, 0xEEFC, 0xCFFC, 0xCCF3, 
  0x0BFB, 0x0BFB, 0x0BFB, 0x0BFB, 0x2BFB, 0x0BFB, 0x2BFB, 0x2CFB, 0x2BFB, 0x0BFB, 0x0BFB, 0x0BFB, 0x4BFB, 0xAFFC, 0x0FFD, 0xEFFC, 
  0x0FFD, 0x0FED, 0x0983, 0x875A, 0xE75A, 0xA75A, 0xE862, 0xE85A, 0x4A73, 0xC862, 0x0963, 0xC862, 0x4DCC, 0x2FFD, 0xEFFC, 0xCEFC, 
  0xEEFC, 0xEEFC, 0xEFFC, 0xCEFC, 0xEEFC, 0x0FFD, 0xEFFC, 0xEFFC, 0x0FFD, 0xEEFC, 0xEEFC, 0xEFFC, 0x0FFD, 0xCBAB, 0x6752, 0xE962, 
  0x2993, 0xF0EC, 0xB5ED, 0x4DF4, 0xF0EC, 0xBEFF, 0x3BFF, 0x2DCC, 0x4873, 0x096B, 0xC962, 0xC85A, 0x0873, 0x2DEC, 0x6CFB, 0x8FE4, 
  0xA983, 0xE85A, 0x4852, 0x0A63, 0x096B, 0xE862, 0x4A73, 0x296B, 0xAA83, 0x4973, 0x096B, 0x096B, 0x096B, 0x086B, 0x6973, 0x296B, 
  0x8A7B, 0x6A73, 0x286B, 0x086B, 0xE87A, 0x11E5, 0xFFFF, 0x18F6, 0xECEB, 0x0FFD, 0xEFFC, 0x0EFD, 0x0FFD, 0xEEFC, 0xCDF3, 0x5CFF, 
  0xFFFF, 0xD6F5, 0x2CF4, 0x8EFC, 0xEEFC, 0xEFFC, 0xEEFB, 0x0FEC, 0x6EF4, 0x50FD, 0xAA9B, 0x8973, 0x2A6B, 0x296B, 0x296B, 0x6852, 
  0x8852, 0xC862, 0x885A, 0xE96A, 0xA85A, 0xA85A, 0xA85A, 0x0863, 0x096B, 0xC862, 0xE962, 0xA85A, 0xA85A, 0xA85A, 0x296B, 0xAA7B, 
  0x8A7B, 0x296B, 0x096B, 0xA85A, 0x6A6B, 0xA752, 0xA85A, 0xA85A, 0x2963, 0x0963, 0xC85A, 0xC95A, 0x6852, 0xC962, 0x4A6B, 0xA85A, 
  0x684A, 0x6852, 0x484A, 0xA86A, 0x50FD, 0x2893, 0xCBB3, 0x30FD, 0xCFF4, 0x2FFD, 0x0EFD, 0xEFFC, 0xCEFC, 0x2FFD, 0x0CBC, 0x865A, 
  0xE962, 0xA85A, 0x0963, 0x296B, 0xEBAB, 0x50FD, 0xEFFC, 0xEFFC, 0x0FFD, 0x0FFD, 0xEEFC, 0x0FFD, 0xEEFC, 0x0FFD, 0xEEFC, 0xEEFC, 
  0x0FFD, 0x0FFD, 0x0FFD, 0x0FFD, 0xEEFC, 0xEEFC, 0xEEFC, 0xEEFC, 0x0EFD, 0x0EFD, 0x0EFD, 0xCEFC, 0xCFFC, 0xEFFC, 0xCEFC, 0xCBF3, 
  0x31E5, 0xEEFC, 0xEFFC, 0xEFFC, 0x0FFD, 0xEFFC, 0xCEFC, 0xEEFC, 0xCEFC, 0xEFFC, 0x0FFD, 0xEFFC, 0xEFFC, 0xEEFC, 0xEFFC, 0xEFFC, 
  0xCEFC, 0x8EFC, 0xAEFC, 0xEFFC, 0xEFFC, 0xEEFC, 0xCEFC, 0xEEFC, 0xEFFC, 0x2CC4, 0xCBB3, 0x8DE4, 0xCEFC, 0xCEFC, 0xCEFC, 0xCEFC, 
  0xEEFC, 0xEFFC, 0xCEFC, 0xAEFC, 0xCEFC, 0xAEFC, 0xCEFC, 0xEFFC, 0xEFFC, 0xEEFC, 0xCEFC, 0xEFFC, 0x8DFC, 0xAEF4, 0x2EFC, 0xEBFA, 
  0x2BFB, 0x2BFB, 0x0BFB, 0x0BFB, 0x2BFB, 0x2BFB, 0x2BFB, 0x0BFB, 0x0BFB, 0x0BFB, 0x0BFB, 0x0BFB, 0x4EFC, 0x0FFD, 0xEFFC, 0xEEFC, 
  0x30FD, 0x0ABC, 0xE86A, 0x2973, 0x696B, 0xCB7B, 0x2973, 0x296B, 0x897B, 0x6A73, 0x0A63, 0x8752, 0xCBB3, 0x2FFD, 0xEEFC, 0xEEFC, 
  0xEFFC, 0xEFFC, 0xEEFC, 0xEEFC, 0xEEFC, 0xEFFC, 0xCEFC, 0xEFFC, 0xEFFC, 0xEFFC, 0xCEFC, 0xCEFC, 0xCEFC, 0xAEF4, 0x8BA3, 0x496B, 
  0x496B, 0x48AB, 0x37F6, 0xF7F5, 0x8BE3, 0x17F6, 0xFFFF, 0xB5F5, 0x89A3, 0x286B, 0x096B, 0x0863, 0xAAA3, 0x0DFC, 0x0DFC, 0xEBAB, 
  0x0963, 0x4A6B, 0x895A, 0xE962, 0x296B, 0xE862, 0x8A73, 0x4973, 0x086B, 0x2A73, 0x6A7B, 0x8A7B, 0x8A7B, 0xCA83, 0x096B, 0x0963, 
  0xA862, 0x096B, 0x6A73, 0x4A73, 0xE86A, 0x0CBC, 0x5CFF, 0xBEFF, 0x0EEC, 0xAEFC, 0xEFFC, 0x0EFD, 0x0FFD, 0x0FFD, 0xCCEB, 0x38F6, 
  0xFFFF, 0x79F6, 0x2DF4, 0xEFFC, 0x0FF5, 0x0FFD, 0x2EF4, 0xB6F5, 0x2DEC, 0x30FD, 0xABAB, 0x286B, 0x096B, 0xC762, 0xC862, 0x484A, 
  0xA85A, 0x2963, 0xE962, 0x0963, 0xA952, 0x8952, 0xA85A, 0x2A6B, 0xE862, 0x0963, 0x296B, 0x885A, 0xC962, 0x4A6B, 0x096B, 0x697B, 
  0xCB83, 0x286B, 0x4A6B, 0x0A63, 0xA85A, 0xC85A, 0x0A6B, 0x096B, 0xE862, 0x885A, 0x6752, 0xA852, 0x8852, 0xC95A, 0x6852, 0x6852, 
  0x895A, 0x6852, 0xCA62, 0xA962, 0xADDC, 0xAEE4, 0x2883, 0xCEEC, 0xEFFC, 0x0FFD, 0x0FFD, 0xEEFC, 0xEFFC, 0xEFFC, 0x2FFD, 0x4CC4, 
  0x097B, 0x296B, 0x2A63, 0x474A, 0xC762, 0xEFEC, 0x0EFD, 0x0FFD, 0xEFFC, 0xEFFC, 0xEFFC, 0xEEFC, 0xEEFC, 0xEEFC, 0x0FFD, 0x0FFD, 
  0xEEFC, 0xEEFC, 0x0FFD, 0x0EFD, 0xEFFC, 0xEFFC, 0xEEFC, 0xEFFC, 0xF0FC, 0xEFFC, 0xEEFC, 0xEEFC, 0xEEFC, 0xEFFC, 0xEFFC, 0xCFFC, 
  0x31ED, 0xEEFC, 0x0FFD, 0xEFFC, 0xEEFC, 0x0FFD, 0xCEFC, 0xCEFC, 0xCEFC, 0xEFFC, 0xEFFC, 0x0FFD, 0xEFFC, 0xEEFC, 0xEFFC, 0xEFFC, 
  0xCEFC, 0xCEFC, 0xCEFC, 0xEFFC, 0xEFFC, 0xEFFC, 0xAEFC, 0xCFF4, 0x699B, 0x875A, 0xE862, 0xEBB3, 0xEEFC, 0xAEFC, 0xEFFC, 0xCEFC, 
  0xCEFC, 0xEFFC, 0xCEFC, 0xAEFC, 0xEFFC, 0xCEFC, 0xCEFC, 0xCEFC, 0xEFFC, 0x0FFD, 0xEFFC, 0xEFFC, 0xEFFC, 0xAFFC, 0x6BFB, 0xEBFA, 
  0x0BFB, 0x0BFB, 0x0BFB, 0x0BFB, 0x0BFB, 0x0BFB, 0x2BFB, 0x0BFB, 0x0BFB, 0x0BFB, 0x0BFB, 0xACF3, 0xEFFC, 0xEFFC, 0xCFFC, 0xCEFC, 
  0xCEEC, 0x0A9C, 0xAA7B, 0x4C94, 0x687B, 0x296B, 0x296B, 0x086B, 0x897B, 0x086B, 0xA862, 0x286B, 0x6A93, 0x0FFD, 0xEEFC, 0xEEFC, 
  0xEFFC, 0xEFFC, 0xEEFC, 0xEEFC, 0x0FFD, 0xEFFC, 0xEFFC, 0xEFFC, 0xCEFC, 0xCEFC, 0xCEFC, 0xEFFC, 0x0FFD, 0x8EFC, 0x0DF4, 0x298B, 
  0x085B, 0x4983, 0x4DCC, 0x7CFF, 0xF3EC, 0xEFEB, 0xFFFF, 0x5CFF, 0x6EDC, 0x8983, 0x4973, 0x296B, 0x6CCC, 0x0DFC, 0x8DF4, 0x2983, 
  0x264A, 0xE862, 0xE962, 0xA85A, 0xE862, 0x296B, 0x4973, 0xE86A, 0x8A7B, 0x6973, 0x2973, 0x8A7B, 0x6A7B, 0xAB83, 0xE862, 0x0A63, 
  0x4752, 0xE962, 0x4A73, 0x296B, 0xC862, 0xE882, 0xF6F5, 0xFFFF, 0x13ED, 0xECF3, 0xEFFC, 0xEEFC, 0x0FFD, 0x4FFD, 0x2DFC, 0xF3F4, 
  0xFFFF, 0x3DFF, 0x0EF4, 0xEEFC, 0xEFFC, 0x0FFD, 0x0DF4, 0x59F6, 0x8FEC, 0x0FFD, 0x0DB4, 0x6752, 0x4A6B, 0xC962, 0x8852, 0x885A, 
  0xE962, 0xC962, 0x296B, 0x496B, 0x274A, 0xC95A, 0x0A6B, 0x074A, 0x8752, 0xC85A, 0xC862, 0x875A, 0x096B, 0x0863, 0x2973, 0x8A7B, 
  0x286B, 0x4973, 0x096B, 0xE962, 0x885A, 0x096B, 0x6A73, 0xE962, 0xEA62, 0x6A73, 0x6752, 0x0A63, 0x6852, 0x484A, 0xA85A, 0xE962, 
  0x895A, 0x0742, 0x4852, 0x8852, 0xAAAB, 0x50FD, 0x288B, 0x498B, 0x0FFD, 0xEEFC, 0x30FD, 0xEEFC, 0xEEFC, 0xEFFC, 0xCEFC, 0x4FFD, 
  0x8DCC, 0x087B, 0x2642, 0x284A, 0xE651, 0x6ECC, 0x2EFD, 0x0FFD, 0xEFFC, 0xEFFC, 0xEFFC, 0xEFFC, 0x0FFD, 0xEEFC, 0x0FFD, 0x0FFD, 
  0xEEFC, 0x2FFD, 0x0FFD, 0x0FFD, 0x0FFD, 0x0FFD, 0xEFFC, 0xEFFC, 0xEFFC, 0xEFFC, 0xCEFC, 0xEFFC, 0x0FFD, 0xEEFC, 0xCEFC, 0xCEFC, 
  0x31E5, 0xEEFC, 0xEEFC, 0xEEFC, 0xEFFC, 0xEFFC, 0xEFFC, 0xCEFC, 0xEFFC, 0x0FFD, 0x0FFD, 0xEFFC, 0xEFFC, 0xCEFC, 0xCEFC, 0xCEFC, 
  0xCEFC, 0xCEFC, 0xEFFC, 0xCFFC, 0xAEFC, 0xAFFC, 0x10FD, 0xCBA3, 0xE762, 0xAA73, 0x287B, 0xAEDC, 0x0FFD, 0xCEFC, 0xCEFC, 0xCEFC, 
  0xCEFC, 0xEFFC, 0xCEFC, 0xCEFC, 0xCEFC, 0xCEFC, 0xAEFC, 0x8DF4, 0xCEFC, 0xEEFC, 0xEFFC, 0xAEFC, 0xCEFC, 0xCCFB, 0x0BFB, 0x2BFB, 
  0x0BFB, 0x0BFB, 0x0BFB, 0x0BFB, 0x0BFB, 0x0BFB, 0x0BFB, 0x2BFB, 0x2BFB, 0x0BFB, 0x6BF3, 0xAFFC, 0x0EFD, 0xCEFC, 0xCEFC, 0x0FFD, 
  0x0BAC, 0x697B, 0xE862, 0x4973, 0x4973, 0xC85A, 0xE962, 0x0963, 0x296B, 0x296B, 0xEB93, 0x897B, 0x297B, 0xCFEC, 0x0FFD, 0xEEFC, 
  0xEFFC, 0x0FFD, 0xEFFC, 0xCEFC, 0x0FFD, 0x0FFD, 0xEEFC, 0xEFFC, 0xCEFC, 0xEEFC, 0x0FFD, 0x0FFD, 0xEFFC, 0x2FFD, 0xEDFB, 0x8CDB, 
  0x8A8B, 0x496B, 0x0883, 0x31E5, 0xDFFF, 0xD3E4, 0xBAF6, 0xFFFF, 0xF6FD, 0xCBB3, 0x2863, 0x296B, 0x4DCC, 0xCFFC, 0x8DDC, 0x0973, 
  0xC95A, 0xE862, 0xE962, 0x0A6B, 0xA762, 0x0973, 0x6B7B, 0xA85A, 0xE862, 0x6973, 0xE962, 0x296B, 0xC85A, 0x0963, 0x4973, 0x4973, 
  0x2A6B, 0x2A6B, 0xE962, 0xA75A, 0x4A6B, 0x0873, 0xD0D4, 0xDEFF, 0xDAFE, 0x6BEB, 0xCFFC, 0xEEFC, 0x0FFD, 0x0FFD, 0xAEFC, 0x30EC, 
  0xDEFF, 0xDFFF, 0x50EC, 0x4DFC, 0xEEFC, 0xEFFC, 0x2DF4, 0x59F6, 0x53ED, 0xAEFC, 0x4CC4, 0xA85A, 0xA85A, 0x6A73, 0xCA83, 0xC962, 
  0xC95A, 0x474A, 0xE862, 0x096B, 0xA752, 0x484A, 0x4852, 0x6A73, 0xA85A, 0xC95A, 0x8B7B, 0x096B, 0x296B, 0x496B, 0x6973, 0x8A7B, 
  0x4A73, 0xA85A, 0x2A6B, 0x096B, 0xE862, 0xC95A, 0x474A, 0xC862, 0xE862, 0x0963, 0x6852, 0xEA62, 0x6852, 0xE962, 0xC85A, 0x0963, 
  0xA852, 0x684A, 0x8852, 0xE962, 0xE87A, 0x0FF5, 0xCEE4, 0x675A, 0xCBAB, 0x2EFD, 0x0FF5, 0xEFFC, 0xEFFC, 0xEFFC, 0xCEFC, 0xEFFC, 
  0x51FD, 0xAEDC, 0x098B, 0x8862, 0x264A, 0xECB3, 0x10FD, 0x0EFD, 0x0FFD, 0x0FFD, 0x0FFD, 0xEEFC, 0xEEFC, 0xEEFC, 0x0FFD, 0x0FFD, 
  0x0FFD, 0x0FFD, 0xEEFC, 0x0FFD, 0x0FFD, 0x0FFD, 0xEFFC, 0xEFFC, 0xEEFC, 0xEFFC, 0xEFFC, 0xEFFC, 0xEFFC, 0xEEFC, 0xEEFC, 0xEEFC, 
  0x10E5, 0xEEFC, 0xEFFC, 0xEEFC, 0xEFFC, 0xEFFC, 0xEFFC, 0xCEFC, 0x6DF4, 0xEEFC, 0xEFFC, 0xCEFC, 0xCEFC, 0xCEFC, 0xCEFC, 0xCEFC, 
  0xCEFC, 0xCEFC, 0xEFFC, 0xEFFC, 0xEEFC, 0xEEFC, 0xAEE4, 0x2773, 0x4873, 0xAA9B, 0x8DD4, 0x10FD, 0xEFFC, 0xEEFC, 0xCEFC, 0xCEFC, 
  0xEEFC, 0xEEFC, 0xCEFC, 0xCEFC, 0xCEFC, 0xEFFC, 0xCEFC, 0xCEFC, 0xEFFC, 0xCEFC, 0xCEFC, 0xEFFC, 0x4DFC, 0x0BFB, 0x2BFB, 0x0CFB, 
  0x0BFB, 0x0BFB, 0x0BFB, 0x0BFB, 0x0BFB, 0x0BFB, 0x0CFB, 0x2BFB, 0x0BFB, 0x2BFB, 0x8EFC, 0x0FFD, 0xEEFC, 0xEEFC, 0x0FFD, 0x4CCC, 
  0x276B, 0x4A73, 0x0A6B, 0x096B, 0x4A73, 0x885A, 0x8852, 0xE962, 0xC85A, 0x4973, 0xAA83, 0xE96A, 0xA85A, 0x2CB4, 0x0FFD, 0xCEFC, 
  0xEFFC, 0x0FFD, 0xEEFC, 0xEFFC, 0xEFFC, 0x0FFD, 0xEFFC, 0xEFFC, 0xEFFC, 0xCEFC, 0x0FFD, 0xCFFC, 0xCEFC, 0xEEFC, 0xCEFC, 0xCDF3, 
  0x0CD4, 0x2A7B, 0x0963, 0x69A3, 0x77FE, 0xFFFF, 0x9EFF, 0xFFF7, 0x7DFF, 0x4EDC, 0x097B, 0x884A, 0x0CBC, 0x50FD, 0x0BBC, 0xC85A, 
  0x0A6B, 0x496B, 0x8A73, 0x4973, 0xA983, 0x8D9C, 0x4973, 0x0863, 0x296B, 0x0863, 0xE962, 0x2A6B, 0x4652, 0x086B, 0x4973, 0x086B, 
  0x4973, 0xA85A, 0xC962, 0x6A73, 0x496B, 0xE962, 0x499B, 0xD9FE, 0xDFFF, 0xEFEB, 0xECFB, 0x2FFD, 0xEEFC, 0xEEFC, 0x0EFD, 0xCDEB, 
  0xDBF6, 0xFFFF, 0x13F5, 0x0CFC, 0x2FFD, 0xEFFC, 0x4DF4, 0x17EE, 0x38F6, 0x8DFC, 0xADDC, 0x8852, 0xA95A, 0xC75A, 0x4973, 0xC862, 
  0xC962, 0x8852, 0x8A73, 0x0A6B, 0x684A, 0x6852, 0x8B7B, 0x4A73, 0x895A, 0xC85A, 0x086B, 0x296B, 0x096B, 0xC862, 0xE962, 0xA85A, 
  0x296B, 0x875A, 0xE962, 0xE962, 0xC95A, 0xA95A, 0xA95A, 0x885A, 0x0963, 0x8852, 0xC95A, 0x8852, 0x6752, 0xE962, 0xC962, 0x296B, 
  0xC95A, 0x885A, 0x874A, 0x8852, 0xE96A, 0x0BB4, 0x90FD, 0x8AA3, 0xA862, 0xCEDC, 0x50FD, 0x0EFD, 0xCEFC, 0xEEFC, 0xCEFC, 0x0FFD, 
  0xEFFC, 0x0FFD, 0x30FD, 0x4DCC, 0x0873, 0x288B, 0x10FD, 0x0EFD, 0x2FFD, 0xEFFC, 0x0FFD, 0xEFFC, 0x0EFD, 0x0FFD, 0x0FFD, 0xEFFC, 
  0xEFFC, 0xEFFC, 0xEFFC, 0xCEFC, 0xEEFC, 0xEFFC, 0xEFFC, 0xEFFC, 0xCEFC, 0x0FFD, 0xCEFC, 0xEFFC, 0x0FFD, 0xEEFC, 0xCEFC, 0xCEFC, 
  0x31ED, 0xEEFC, 0xEFFC, 0xEFFC, 0xCEFC, 0xCEFC, 0xCEFC, 0xAEFC, 0xAEFC, 0xCEFC, 0xCEFC, 0xCEFC, 0xCEFC, 0xCEFC, 0xAEFC, 0xCEFC, 
  0xAEFC, 0x8DFC, 0xCEFC, 0xEEFC, 0xCEFC, 0xEEFC, 0x0CE4, 0xCBBB, 0x4CC4, 0x8DEC, 0xCEFC, 0xCEFC, 0xEFFC, 0xEFFC, 0xCEFC, 0xCEFC, 
  0xEEFC, 0xEEFC, 0xEEFC, 0xEFFC, 0xEFFC, 0xEEFC, 0xEFFC, 0xEFFC, 0xEFFC, 0xEFFC, 0xCFFC, 0xEFFC, 0x6BFB, 0xEBFA, 0x2BFB, 0x0BFB, 
  0x0BFB, 0x2BFB, 0x0BFB, 0x0BFB, 0x0BFB, 0x0BFB, 0x0BFB, 0x0BFB, 0x0BFB, 0x2DFC, 0xEFFC, 0xCEFC, 0xCEFC, 0x0FFD, 0xEFF4, 0x488B, 
  0x696B, 0x0963, 0xA85A, 0x096B, 0xAA83, 0x4A73, 0x875A, 0x096B, 0x0A6B, 0x0963, 0xAA7B, 0x296B, 0x884A, 0xC872, 0x10F5, 0x0FFD, 
  0xEFFC, 0xEFFC, 0x0FFD, 0xCEFC, 0xEFFC, 0x0FFD, 0x0FFD, 0xEFFC, 0xEFFC, 0xCEFC, 0xAEFC, 0xAEFC, 0xCEFC, 0x0EFD, 0xEEFC, 0x8EF4, 
  0x73F5, 0xABA3, 0x296B, 0x6973, 0x4DCC, 0x5CFF, 0xFFFF, 0xDFFF, 0xFFFF, 0x16FE, 0xE99A, 0x4742, 0x8A9B, 0x50FD, 0x8AA3, 0x8852, 
  0x885A, 0xC862, 0x2A6B, 0xC962, 0x296B, 0xE86A, 0x875A, 0xC95A, 0x2A6B, 0xA85A, 0x296B, 0x2973, 0xAA83, 0x487B, 0x2973, 0x296B, 
  0x086B, 0x086B, 0x4973, 0x8A73, 0x086B, 0xE962, 0x0883, 0x92ED, 0xFFFF, 0x76F5, 0x0AF3, 0xEFFC, 0xEFFC, 0xEFFC, 0x2FFD, 0x0CF4, 
  0x95F5, 0xFFFF, 0x38F6, 0xACEB, 0x0FFD, 0x0EFD, 0x8EFC, 0x74F5, 0xFBFE, 0x6EF4, 0xCEEC, 0x675A, 0x895A, 0x2A6B, 0xC862, 0x6A73, 
  0x2A6B, 0xE85A, 0x496B, 0xE962, 0x0963, 0x6752, 0xA962, 0x2752, 0x875A, 0x296B, 0x0863, 0x6A73, 0x4A73, 0x885A, 0xA95A, 0xA85A, 
  0x0963, 0x6973, 0xE962, 0x6852, 0x484A, 0x484A, 0x895A, 0xC862, 0x4A6B, 0x0A6B, 0xE95A, 0x2963, 0xA85A, 0x885A, 0xE962, 0xE962, 
  0xA85A, 0x0A6B, 0x2A63, 0x6752, 0xEA5A, 0xA762, 0xCEEC, 0x0EED, 0x0973, 0xEA82, 0x0FF5, 0x4FFD, 0xEEFC, 0x0FFD, 0xEFFC, 0x0FFD, 
  0x0FFD, 0xEEFC, 0x0DFD, 0x2FFD, 0xCFF4, 0xEBC3, 0xCEEC, 0x0FFD, 0xEEFC, 0xEFFC, 0xEEFC, 0xEEFC, 0x0FFD, 0x0FFD, 0x0FFD, 0x0FFD, 
  0xCEFC, 0xAEFC, 0x8DFC, 0xAEFC, 0xEFFC, 0xEFFC, 0xEEFC, 0xCEFC, 0xCEFC, 0xEFFC, 0xEFFC, 0xEFFC, 0xEEFC, 0x0EFD, 0xEFFC, 0xCEFC, 
  0x31ED, 0xEEFC, 0xEFFC, 0xEEFC, 0xCEFC, 0xCEFC, 0xEEFC, 0xCEFC, 0xAEFC, 0xCEFC, 0xCEFC, 0x8EFC, 0xCEFC, 0xCEFC, 0xAEFC, 0xAEFC, 
  0xAEFC, 0xAEFC, 0xEEFC, 0xCFFC, 0xAEFC, 0xEEFC, 0xADFC, 0xCEFC, 0x0FFD, 0xCEFC, 0xAEFC, 0xCEFC, 0xCEFC, 0xCEFC, 0xCEFC, 0xCEFC, 
  0xCEFC, 0xCEFC, 0xCEFC, 0xCEFC, 0xEEFC, 0xCEFC, 0xEFFC, 0xEFFC, 0xEFFC, 0xCEFC, 0xEFFC, 0xEDFB, 0x0BFB, 0x0BFB, 0x2BFB, 0x0BFB, 
  0x2BFB, 0x0BFB, 0x0BFB, 0x0BFB, 0x0BFB, 0x0BFB, 0x0BFB, 0x0BFB, 0x0DFC, 0xEFFC, 0xEEFC, 0xCEFC, 0xCEFC, 0x0FFD, 0xEBBB, 0x497B, 
  0x8B73, 0x4973, 0xE862, 0x6A73, 0x897B, 0x8A7B, 0x296B, 0x296B, 0x6A73, 0x096B, 0x4973, 0x0863, 0x2A63, 0x6852, 0x4CC4, 0x30FD, 
  0xAEFC, 0xCEFC, 0xEEFC, 0xCEFC, 0xEFFC, 0xEFFC, 0xEEFC, 0x0FFD, 0xEFFC, 0xCEFC, 0xCEFC, 0xCFFC, 0xCFFC, 0xEEFC, 0xCEFC, 0xCEF4, 
  0x73F5, 0x94E5, 0xE77A, 0x496B, 0x298B, 0x11E5, 0xDFFF, 0xDFFF, 0xFFFF, 0x9EFF, 0x6FD4, 0x675A, 0x8862, 0xEFF4, 0x2CBC, 0x2963, 
  0xA85A, 0x685A, 0x8852, 0x2A6B, 0xC85A, 0xE962, 0x2A6B, 0xE962, 0x296B, 0x096B, 0x4973, 0x4973, 0xCB83, 0x6A7B, 0x096B, 0x6973, 
  0x2A8C, 0x6973, 0xEA6A, 0xE962, 0x496B, 0xA85A, 0x096B, 0x4DCC, 0x9DFF, 0x1CFF, 0x0BEB, 0xCCFB, 0xEFFC, 0xEFFC, 0x0FFD, 0x8DFC, 
  0x90EC, 0xFFFF, 0x5CF7, 0xADEB, 0xAEFC, 0x0EFD, 0xCEFC, 0xF1F4, 0x9DFF, 0xAFEC, 0xCFF4, 0x297B, 0x2963, 0x4A73, 0x4A73, 0xAA83, 
  0xEA83, 0x0963, 0x484A, 0xE962, 0xE962, 0x096B, 0x096B, 0xA95A, 0x8852, 0x6A73, 0x286B, 0x0963, 0xA85A, 0xE862, 0x096B, 0xC962, 
  0x0963, 0x0963, 0xC95A, 0x8852, 0x494A, 0x8852, 0x6973, 0x6A7B, 0x885A, 0x086B, 0xE962, 0x484A, 0xA762, 0xAA83, 0x096B, 0xC862, 
  0x6A73, 0x885A, 0x8852, 0xC962, 0x6852, 0x474A, 0x6A9B, 0x70FD, 0xEBB3, 0xE541, 0x6A9B, 0x50FD, 0x0FFD, 0x0EFD, 0x0EFD, 0xEEFC, 
  0xEFFC, 0x0FFD, 0xEEFC, 0x0FFD, 0xAEFC, 0xCFFC, 0xEEF4, 0x0FF5, 0xEFFC, 0x0FFD, 0x0FFD, 0x2FFD, 0x0FFD, 0x0FFD, 0x0FFD, 0x0FFD, 
  0xCEFC, 0xAEFC, 0xAEFC, 0xCEFC, 0xEEFC, 0xEEFC, 0xEFFC, 0xCEFC, 0xCEFC, 0xCEFC, 0xEEFC, 0xEFFC, 0xEEFC, 0x0FFD, 0xEFFC, 0xCEFC, 
  0x31ED, 0xCEFC, 0xEFFC, 0xEFFC, 0xEFFC, 0xEFFC, 0xEEFC, 0xCEFC, 0xCEFC, 0xCEFC, 0xAEFC, 0xAEFC, 0x6DFC, 0xAEFC, 0xAEFC, 0x8EFC, 
  0x8EFC, 0xCEFC, 0xEFFC, 0xCFFC, 0xCFFC, 0xEEFC, 0x0EFD, 0xEEFC, 0xEEFC, 0xAEFC, 0xAEFC, 0xEEFC, 0xEEFC, 0x8DFC, 0xAEFC, 0xCEFC, 
  0xCEFC, 0xEFFC, 0xEFFC, 0xCEFC, 0xCEFC, 0xEEFC, 0xEFFC, 0xCEFC, 0xCFFC, 0xEFFC, 0x8FFC, 0x2BFB, 0x0BFB, 0x2BFB, 0x0BFB, 0x0BFB, 
  0x0BFB, 0x0BFB, 0x0BFB, 0x0BFB, 0x0BFB, 0x0BFB, 0xEAFA, 0xCDFB, 0xEFFC, 0x0FFD, 0xEEFC, 0xEEFC, 0x0FFD, 0xCEE4, 0x498B, 0x496B, 
  0x296B, 0x4973, 0xE962, 0xE862, 0x076B, 0xAA83, 0x6A7B, 0xAA7B, 0x8983, 0x6A7B, 0x0963, 0x2A6B, 0x4A73, 0x4963, 0x8993, 0xEFFC, 
  0xCEFC, 0xEEFC, 0x0FFD, 0xEFFC, 0xEFFC, 0xEFFC, 0xEFFC, 0xEFFC, 0xEFFC, 0xCEFC, 0xCEFC, 0xCEFC, 0xCFFC, 0xEFFC, 0xEFFC, 0xEFFC, 
  0x8FF4, 0x78FE, 0x8FC4, 0x698B, 0x497B, 0x2993, 0x17F6, 0xFFFF, 0xDEFF, 0xFFFF, 0x36FE, 0x099B, 0xA852, 0x8DD4, 0xEBBB, 0xA75A, 
  0x4A73, 0xC962, 0xC962, 0xC95A, 0x8752, 0xE962, 0x0963, 0xC862, 0xC962, 0x2A6B, 0xE962, 0x6A73, 0x296B, 0xE862, 0xC95A, 0x6752, 
  0x296B, 0x6973, 0x4973, 0x6973, 0x6973, 0x0973, 0x696B, 0xCAAB, 0x77F6, 0xFFFF, 0x30F4, 0xCAFA, 0x6DFC, 0xEFFC, 0xEEFC, 0x0EFD, 
  0xEDEB, 0x3CFF, 0xFFFF, 0x30F4, 0x2DFC, 0x2FFD, 0xCFFC, 0x8FF4, 0x9DFF, 0x32F5, 0xCFFC, 0x298B, 0x8752, 0x685A, 0x885A, 0x286B, 
  0x0963, 0x8852, 0xE962, 0x296B, 0xA85A, 0x4973, 0xC962, 0x6952, 0x6852, 0x8852, 0xC962, 0xE962, 0xE862, 0x096B, 0xC862, 0x4973, 
  0xA85A, 0x8852, 0xC95A, 0x8852, 0x6852, 0xE962, 0x4973, 0x6A73, 0xC962, 0x4A73, 0xE962, 0x484A, 0xA95A, 0xE96A, 0x296B, 0x096B, 
  0xC85A, 0x684A, 0x6852, 0x0A6B, 0x6852, 0x2842, 0xA85A, 0xAEDC, 0x4FFD, 0x8B93, 0x675A, 0x4DC4, 0x50FD, 0xEEFC, 0xEFFC, 0x0EFD, 
  0x2FFD, 0x0FFD, 0x0FFD, 0x0FFD, 0xEFFC, 0xEFFC, 0x0FFD, 0xEFFC, 0xEFFC, 0xEFFC, 0xEEFC, 0x0FFD, 0x0FFD, 0x0FFD, 0x0FFD, 0xEFFC, 
  0xEFFC, 0xEFFC, 0xEEFC, 0xCEFC, 0xEEFC, 0xEEFC, 0xCEFC, 0xEFFC, 0xEEFC, 0xEEFC, 0xEFFC, 0xEFFC, 0xEFFC, 0x0FFD, 0xEFFC, 0xEFFC, 
  0x31ED, 0xEEFC, 0xEFFC, 0xEFFC, 0xEEFC, 0xCEFC, 0xCEFC, 0xCEFC, 0xEFFC, 0xEFFC, 0xEFFC, 0xCEFC, 0xAEFC, 0x8EFC, 0x6EFC, 0x8EFC, 
  0xCFFC, 0xAEFC, 0xCEFC, 0xCEFC, 0xCEFC, 0xCEFC, 0xAEFC, 0x8DFC, 0xCEFC, 0xCEFC, 0xCEFC, 0xCEFC, 0xAEFC, 0xAEFC, 0xCEFC, 0xCEFC, 
  0xEEFC, 0xEFFC, 0xEEFC, 0xEFFC, 0xEEFC, 0xCFFC, 0xAEFC, 0xAEFC, 0xAEFC, 0xEFFC, 0xACFB, 0x0BFB, 0x2BFB, 0x0BFB, 0x0BFB, 0x0BFB, 
  0x2BFB, 0x0BFB, 0x0BFB, 0x0BFB, 0x0BFB, 0xEBFA, 0x8BFB, 0xCFFC, 0xCFFC, 0x0FFD, 0x0EFD, 0xEEFC, 0x0FF5, 0xEAAB, 0x286B, 0xC95A, 
  0xC962, 0x0963, 0x296B, 0x096B, 0x2973, 0x0B8C, 0x0B8C, 0x897B, 0x096B, 0xE962, 0xC95A, 0xA85A, 0x4973, 0x296B, 0x096B, 0x6DDC, 
  0xEEFC, 0xEFFC, 0xEEFC, 0xEFFC, 0xEFFC, 0xEEFC, 0x0FFD, 0xEFFC, 0xEEFC, 0xEFFC, 0xAEFC, 0xCEFC, 0xEFFC, 0x0FFD, 0xEEFC, 0xEFFC, 
  0xAEFC, 0x12F5, 0xB9F6, 0x4CBC, 0xAA8B, 0x6973, 0x0CBC, 0xFAFE, 0xFFFF, 0xFFFF, 0x7DFF, 0x6EDC, 0x0773, 0x898B, 0x4CCC, 0xE86A, 
  0xC75A, 0x4A73, 0xA85A, 0xE95A, 0xE962, 0x0A6B, 0xA852, 0xA85A, 0x885A, 0xE962, 0xE862, 0x496B, 0x096B, 0xE962, 0xAB7B, 0x286B, 
  0x296B, 0xC85A, 0xA85A, 0x2A6B, 0x4973, 0x0A73, 0x0B8C, 0x0783, 0xD1DC, 0xFFFF, 0x75F5, 0xCAF2, 0x8BFB, 0xEFFC, 0xEEFC, 0x2FFD, 
  0xACF3, 0xF7F5, 0xFFFF, 0x35F5, 0xCBF3, 0x2FFD, 0x0FFD, 0x6EEC, 0x5CF7, 0xB6F5, 0xAEFC, 0x8BA3, 0xC852, 0xE962, 0x2A6B, 0x6A73, 
  0x885A, 0x0963, 0xAA83, 0xEB8B, 0x4B94, 0x8B9C, 0x2973, 0x296B, 0xE862, 0xA95A, 0x8852, 0x096B, 0x6A7B, 0x885A, 0xC85A, 0x4A73, 
  0x2A6B, 0xE962, 0x474A, 0xA952, 0x8852, 0x2A6B, 0xE962, 0xA85A, 0x6752, 0xE962, 0x895A, 0x484A, 0x8852, 0x674A, 0xC962, 0x895A, 
  0x084A, 0x6852, 0x684A, 0x484A, 0x8952, 0xA95A, 0xA952, 0x298B, 0x2EFD, 0xCFE4, 0x886A, 0xE86A, 0x8EE4, 0x2FFD, 0xEFF4, 0xEEFC, 
  0x0EFD, 0xEEFC, 0xEFFC, 0xEFFC, 0xEFFC, 0xEFFC, 0x0FFD, 0x0FFD, 0x0FFD, 0xEEFC, 0xEEFC, 0xEFFC, 0xEFFC, 0xEEFC, 0xEEFC, 0xEEFC, 
  0xEEFC, 0x0EFD, 0xEEFC, 0xEEFC, 0xCEFC, 0xCEFC, 0xEEFC, 0xEFFC, 0xEEFC, 0xEEFC, 0xEFFC, 0x0FFD, 0x0FFD, 0xCEFC, 0xCEFC, 0xEFFC, 
  0x31ED, 0xEEFC, 0xEFFC, 0xEEFC, 0xEEFC, 0xEFFC, 0xEFFC, 0xEFFC, 0xCEFC, 0xEFFC, 0xCEFC, 0xEFFC, 0xCEFC, 0xCEFC, 0x8EFC, 0x8EFC, 
  0xAEFC, 0xCEFC, 0xCEFC, 0xAEFC, 0xCEFC, 0xCEFC, 0xAEFC, 0xAEFC, 0xCEFC, 0xCEFC, 0xAEFC, 0xAEFC, 0xAEFC, 0xCEFC, 0xEFFC, 0xCEFC, 
  0xCEFC, 0xEEFC, 0xCEFC, 0xCEFC, 0xCEFC, 0xCEFC, 0xCEFC, 0xCEFC, 0xCEFC, 0x6EFC, 0x2BF3, 0x0BFB, 0x0BFB, 0x0BFB, 0x0BFB, 0x0BFB, 
  0x0BFB, 0x0BFB, 0x2BFB, 0x0BFB, 0x0BFB, 0x2BFB, 0x6EFC, 0xAEFC, 0xCFFC, 0x0EFD, 0xEEFC, 0x0FFD, 0x0CBC, 0x297B, 0x4A6B, 0x2963, 
  0x6A73, 0xE862, 0xE962, 0xE962, 0x0963, 0x296B, 0xE862, 0x086B, 0xE862, 0x296B, 0x0963, 0x0963, 0xC862, 0xA962, 0x8862, 0xCAA3, 
  0xEFFC, 0xCEFC, 0xEEFC, 0xCEFC, 0xCEFC, 0xAEFC, 0xCEFC, 0xCEFC, 0xEFFC, 0xCEFC, 0xCEFC, 0xEEFC, 0xEFFC, 0xEFFC, 0xEEFC, 0xEFFC, 
  0xEFFC, 0x6DF4, 0x57FE, 0xF5E5, 0xC772, 0xE962, 0xC772, 0x70CC, 0x9DFF, 0xFFFF, 0xFFFF, 0xB6F5, 0x4BC4, 0x497B, 0x6AA3, 0x6B83, 
  0x2963, 0x086B, 0x2A73, 0xE962, 0xC862, 0xC862, 0xC85A, 0xE962, 0x296B, 0xA752, 0x0863, 0x6A73, 0x0863, 0x0963, 0x296B, 0x286B, 
  0x496B, 0x2A6B, 0x6852, 0x895A, 0x096B, 0x096B, 0x897B, 0x086B, 0xEDBB, 0x9DFF, 0xDBF6, 0x0BF3, 0x2BFB, 0x6EFC, 0x0EFD, 0x0FFD, 
  0xECF3, 0xD2EC, 0xFFFF, 0x9AF6, 0x8CF3, 0xEFFC, 0x0FFD, 0x6DF4, 0x99F6, 0xBAF6, 0x8DFC, 0x2CBC, 0xC85A, 0xA97B, 0x4A73, 0x6852, 
  0xE862, 0xCA7B, 0xEB83, 0x6873, 0xA983, 0xE86A, 0x4873, 0xEB83, 0xEB83, 0xAB7B, 0xE862, 0x4A73, 0x096B, 0x6852, 0xCA62, 0x685A, 
  0xA85A, 0xA95A, 0xEA62, 0x8852, 0x6852, 0x096B, 0x875A, 0x2A6B, 0x2A6B, 0x0963, 0x2A6B, 0x2A6B, 0x8852, 0x8752, 0x4A73, 0x0963, 
  0x6752, 0xA95A, 0xA95A, 0x484A, 0x6852, 0x6752, 0xA95A, 0x6752, 0xAAAB, 0x8FFC, 0xECC3, 0x8752, 0x2A8B, 0x0FF5, 0x2EFD, 0x0FFD, 
  0x0FFD, 0x0FFD, 0x10FD, 0xEEFC, 0xEFFC, 0xEFFC, 0xEFFC, 0x0FFD, 0xEFFC, 0xEFFC, 0xEEFC, 0xCEF4, 0xEFFC, 0x0FFD, 0x0FFD, 0xEEFC, 
  0x0FFD, 0x0FFD, 0xEFFC, 0xCEFC, 0xAEFC, 0xAEFC, 0xEFFC, 0xEFFC, 0xEEFC, 0xEEFC, 0xEFFC, 0xCEFC, 0xEEFC, 0xEEFC, 0xEEFC, 0xEFFC, 
  0x10E5, 0xEEFC, 0xEFFC, 0xEFFC, 0xEFFC, 0xEEFC, 0xEEFC, 0xEEFC, 0xCEFC, 0xCEFC, 0xEEFC, 0xEFFC, 0x0FFD, 0xCEFC, 0xCFFC, 0xCFFC, 
  0xCEFC, 0xCEFC, 0xEFFC, 0xCEFC, 0xEFFC, 0xCEFC, 0xEFFC, 0xAEFC, 0x8DFC, 0xAEFC, 0xAEFC, 0xCEFC, 0xCEFC, 0xEFFC, 0xEFFC, 0xCEFC, 
  0xEFFC, 0xEFFC, 0xEFFC, 0xCEFC, 0xCEFC, 0xEFFC, 0xCEFC, 0xCEFC, 0x0FFD, 0xEDFB, 0xEBFA, 0x0BFB, 0x0BFB, 0x0BFB, 0x0BFB, 0x0BFB, 
  0x0BFB, 0x0BFB, 0x2CFB, 0x0BFB, 0x2BFB, 0x4EFC, 0xCEFC, 0xAEFC, 0x0FFD, 0xEEFC, 0xEFFC, 0xCEE4, 0xAA93, 0x4973, 0xE95A, 0xC85A, 
  0x6A7B, 0x296B, 0x096B, 0x096B, 0xE862, 0xE862, 0x4A6B, 0x096B, 0x8C9C, 0x4973, 0xA75A, 0x6A73, 0x2A6B, 0x086B, 0x086B, 0x6983, 
  0xCEEC, 0xCFFC, 0xCEFC, 0xCEFC, 0xCEFC, 0xCEFC, 0xEFFC, 0xCEFC, 0xCEFC, 0xCEFC, 0xEFFC, 0xEEFC, 0xEFFC, 0x0FFD, 0xEFFC, 0xEEFC, 
  0xCFFC, 0xEEFC, 0x11F5, 0x5CFF, 0xECAB, 0x474A, 0xC85A, 0xA882, 0x52ED, 0xDFFF, 0xFFFF, 0x5DFF, 0x8EDC, 0xC86A, 0x6652, 0xC96A, 
  0x0A6B, 0x0863, 0x4973, 0x6A73, 0xE862, 0x2973, 0x0963, 0x096B, 0xE962, 0x474A, 0xE962, 0x096B, 0xE962, 0x296B, 0x6A73, 0x4973, 
  0x8A7B, 0x8A73, 0xE862, 0xC85A, 0x0963, 0xC862, 0xE862, 0x6A73, 0x0983, 0x56F6, 0xFFFF, 0xCEF3, 0xCBFA, 0xCDFB, 0x0EFD, 0xCEFC, 
  0x6EFC, 0xEEEB, 0xBEFF, 0x9EFF, 0xAEF3, 0x8EFC, 0x2FFD, 0x6DFC, 0xD6FD, 0x7DF7, 0x8EF4, 0x8DD4, 0xA862, 0xAA7B, 0x286B, 0xE962, 
  0xE862, 0x0863, 0xC962, 0x086B, 0x2973, 0x2A73, 0x8A7B, 0x286B, 0x697B, 0xC862, 0x6752, 0xC862, 0xCC83, 0x4752, 0x6852, 0x0A63, 
  0xC95A, 0xA85A, 0xA85A, 0x8852, 0xC95A, 0xE962, 0xA85A, 0xC962, 0xE962, 0xA85A, 0xC85A, 0xA75A, 0xA95A, 0xE962, 0x6B73, 0x0963, 
  0xC85A, 0x8752, 0xC95A, 0x6852, 0x8952, 0x8852, 0xC952, 0x6852, 0xA76A, 0x0CDC, 0x2DFC, 0xABAB, 0x8752, 0x498B, 0x2FF5, 0x2FFD, 
  0xEEFC, 0x0EFD, 0xEEFC, 0xCEFC, 0xCEFC, 0xCEFC, 0xCEFC, 0xEFFC, 0xEFFC, 0xEFFC, 0xEEFC, 0xEFFC, 0x0FFD, 0x0FFD, 0x0FFD, 0xEFFC, 
  0xEEFC, 0xEFFC, 0xEFFC, 0xEFFC, 0xEFFC, 0xCEFC, 0xCEFC, 0xCEFC, 0xEFFC, 0xEEFC, 0xEFFC, 0xEEFC, 0xEEFC, 0x0FFD, 0x0FFD, 0x0FFD, 
  0x31ED, 0xCEFC, 0xEEFC, 0x0FFD, 0xEFFC, 0xCEFC, 0xEEFC, 0xEFFC, 0xCEFC, 0xEFFC, 0xEFFC, 0xCEFC, 0xEEFC, 0xEEFC, 0xAEFC, 0xAEFC, 
  0xCEFC, 0xCEFC, 0xCEFC, 0xCEFC, 0xCEFC, 0xEFFC, 0xCEFC, 0xAEFC, 0xAEFC, 0xCEFC, 0xCEFC, 0xCEFC, 0xCEFC, 0xEFFC, 0xEEFC, 0xCEFC, 
  0xEEFC, 0xEFFC, 0xCEFC, 0xCEFC, 0xCEFC, 0xCEFC, 0xAEFC, 0xEFFC, 0x8FFC, 0x4BF3, 0x0BFB, 0x0BFB, 0x0BFB, 0x0BFB, 0x0BFB, 0x0BFB, 
  0x0BFB, 0x0BFB, 0x0BFB, 0x0BFB, 0x2DFC, 0xCEFC, 0xCEFC, 0xAEFC, 0xEEF4, 0xEFFC, 0xEFEC, 0x2883, 0x675A, 0xE962, 0x0963, 0xC862, 
  0xAA83, 0xCA83, 0x897B, 0x6A7B, 0x6A73, 0x496B, 0x086B, 0x296B, 0x6B7B, 0xE86A, 0x6A73, 0x2A6B, 0xE862, 0x296B, 0x6A73, 0x296B, 
  0x2CBC, 0x0FFD, 0xAEFC, 0xCEFC, 0xCEFC, 0xEFFC, 0xEFFC, 0xCEFC, 0xCEFC, 0xEEFC, 0xEFFC, 0xCEFC, 0xEFFC, 0xEFFC, 0xEFFC, 0xCEFC, 
  0xEEFC, 0x0EFD, 0xAEFC, 0x57F6, 0x98F6, 0xA872, 0x0A5B, 0x096B, 0x299B, 0x16F6, 0xFFFF, 0xFFFF, 0x16F6, 0xE98A, 0x874A, 0xA85A, 
  0xE962, 0xE862, 0x897B, 0xC862, 0x096B, 0xCB8B, 0xE962, 0xE962, 0xE96A, 0x096B, 0x096B, 0x086B, 0x2973, 0x4973, 0xAA83, 0xAA83, 
  0xEA83, 0x496B, 0x296B, 0xE962, 0xC85A, 0xC962, 0xC85A, 0xC95A, 0x6762, 0xD1D4, 0xFFFF, 0x13F5, 0xCAFA, 0x2CFB, 0xAEFC, 0x0FFD, 
  0x0FFD, 0xACEB, 0xB9F6, 0xFFFF, 0x91EC, 0x0DFC, 0x50FD, 0xADFC, 0x33F5, 0xDFFF, 0xD0F4, 0xAEE4, 0xA86A, 0xE962, 0x0863, 0x496B, 
  0xE962, 0xA95A, 0xE962, 0xEA83, 0x6973, 0x096B, 0x897B, 0xA97B, 0x2973, 0xE962, 0xE962, 0xA85A, 0x086B, 0xC862, 0xE962, 0xE95A, 
  0x096B, 0x096B, 0x096B, 0xE96A, 0x885A, 0x4752, 0x0A6B, 0xA85A, 0x6752, 0xA95A, 0x8852, 0x0A63, 0xE962, 0x6752, 0x096B, 0xC95A, 
  0xA95A, 0x0963, 0xC962, 0x0742, 0x284A, 0xA95A, 0xE85A, 0x4752, 0xC95A, 0x698B, 0xCCEB, 0xEDFB, 0xAB9B, 0x6652, 0xCBA3, 0x2FFD, 
  0xEFFC, 0xEEFC, 0x0EFD, 0xEFFC, 0xCEFC, 0xCEFC, 0xCEFC, 0xEFFC, 0xEFFC, 0xCEFC, 0xEEFC, 0x0FFD, 0x0FFD, 0xEFFC, 0xEFFC, 0xEFFC, 
  0xEFFC, 0xEFFC, 0xEFFC, 0xEEFC, 0xEFFC, 0xEEFC, 0xCEFC, 0xCEFC, 0x0FFD, 0xEEFC, 0xEEFC, 0xEFFC, 0xEFFC, 0xEEFC, 0xEFFC, 0xEFFC, 
  0x31ED, 0xCEFC, 0xCEFC, 0xEEFC, 0xEFFC, 0xEFFC, 0xEFFC, 0xEFFC, 0xEFFC, 0xEEFC, 0xEFFC, 0xEEFC, 0xEFFC, 0xEFFC, 0xCEFC, 0xAEFC, 
  0xAEFC, 0xCEFC, 0xCEFC, 0xEEFC, 0xEEFC, 0xEEFC, 0xCEFC, 0xCFFC, 0xCEFC, 0xEFFC, 0xCEFC, 0xCEFC, 0xCEFC, 0xCEFC, 0xCEFC, 0xEFFC, 
  0xEFFC, 0xEFFC, 0xCEFC, 0xCEFC, 0xCEFC, 0xAEFC, 0xCEFC, 0xCFFC, 0x8CF3, 0x0BFB, 0x0BFB, 0x0BFB, 0x0BFB, 0x0BFB, 0x0BFB, 0x0BFB, 
  0x0BFB, 0x0BFB, 0x0BF3, 0x0DF4, 0xEFFC, 0xEEFC, 0xEEFC, 0xEFFC, 0xCEFC, 0x10FD, 0xEBB3, 0xE862, 0x2C8C, 0x4A73, 0xA85A, 0x4973, 
  0xEB83, 0x4973, 0x4873, 0x897B, 0x897B, 0x0963, 0x096B, 0x4973, 0xC962, 0xE86A, 0x6A73, 0x0963, 0x086B, 0x297B, 0x296B, 0x296B, 
  0x8993, 0x0EFD, 0xAEFC, 0xEFFC, 0xEEFC, 0xEEFC, 0xEEFC, 0xCEFC, 0xEFFC, 0xCEFC, 0xEFFC, 0xEFFC, 0xEFFC, 0xEFFC, 0xEFFC, 0xCEFC, 
  0xEEFC, 0x0FFD, 0xEEFC, 0xF0F4, 0x5CFF, 0x90BC, 0x875A, 0x0A6B, 0x296B, 0xEBBB, 0xBAFE, 0xFFFF, 0x5DFF, 0x2DCC, 0xE962, 0x4A73, 
  0x0963, 0x096B, 0xCA83, 0x096B, 0xAB83, 0x8A83, 0x474A, 0xC85A, 0xE962, 0xC962, 0xE96A, 0x8B7B, 0x286B, 0xCA83, 0x6A73, 0x4973, 
  0x4873, 0x296B, 0x6A73, 0xC85A, 0xE862, 0xE96A, 0xE95A, 0xE85A, 0x0973, 0xECB3, 0x7DFF, 0x99F6, 0x0BF3, 0xEBFA, 0x0DFC, 0x2FFD, 
  0x2FFD, 0xECF3, 0x74F5, 0xFFFF, 0x95ED, 0xCCF3, 0x0FFD, 0xEEFC, 0xB0EC, 0xBEFF, 0x73F5, 0xAEF4, 0x0983, 0xA852, 0x296B, 0xE862, 
  0xA95A, 0x0A6B, 0x6A73, 0xE96A, 0x086B, 0x286B, 0x875A, 0xC962, 0x6A73, 0x0A63, 0xE962, 0x0A6B, 0xE862, 0xE962, 0xC95A, 0xA752, 
  0xA762, 0x875A, 0x0B94, 0x8DAC, 0xC862, 0xE962, 0xE862, 0x096B, 0x2A6B, 0x6752, 0xA85A, 0x0963, 0xE962, 0x8852, 0x885A, 0xA95A, 
  0xA95A, 0x0A6B, 0xE962, 0xEA62, 0xA95A, 0x8852, 0x6852, 0xA952, 0xA95A, 0xE962, 0x6BA3, 0xACF3, 0x4DEC, 0xAB9B, 0x086B, 0x0CB4, 
  0x2FFD, 0xEFFC, 0xEFFC, 0xEFFC, 0xCEFC, 0xCEFC, 0xCEFC, 0xAEFC, 0xEEFC, 0xEFFC, 0xCEFC, 0xEFFC, 0xCEFC, 0xEFFC, 0xEFFC, 0xEFFC, 
  0xEFFC, 0xCEFC, 0xAEFC, 0xCEFC, 0xEFFC, 0xEFFC, 0xEFFC, 0x0FFD, 0x0FFD, 0x0FFD, 0x0FFD, 0xEFFC, 0xEEFC, 0x0EFD, 0xEFFC, 0xCFFC
};
