// Gerado automaticamente - purple.png
// Tamanho: 240x240 pixels
// Uso: tft.pushImage(x, y, 240, 240, purple);

#pragma once
#include <pgmspace.h>

#define PURPLE_W 240
#define PURPLE_H 240

static const uint16_t purple[] PROGMEM = {
  0x6C23, 0x6C23, 0x6C23, 0x6C23, 0x6C23, 0x6C23, 0x6C23, 0x6C23, 0x6C23, 0x6C23, 0x6C23, 0x6C23, 0x6C23, 0x6C23, 0x6C23, 0x6C23, 
  0x6C23, 0x6C23, 0x6C23, 0x6C23, 0x6C23, 0x6C23, 0x6C23, 0x6C23, 0x6C23, 0x6C23, 0x6C23, 0x6C23, 0x6C23, 0x6C23, 0x6C23, 0x6C23, 
  0x6C23, 0x6C23, 0x6C23, 0x6C23, 0x6C23, 0x6C23, 0x6C23, 0x6C23, 0x6C23, 0x6C23, 0x6C23, 0x6C23, 0x6C23, 0x6C23, 0x6C23, 0x6C23, 
  0x6C23, 0x6C23, 0x6C23, 0x6C23, 0x6C23, 0x6C23, 0x6C23, 0x6C23, 0x6C23, 0x6C23, 0x6C23, 0x6C23, 0x6C23, 0x6C23, 0x6C23, 0x6C23, 
  0x6C23, 0x6C23, 0x6C23, 0x6C23, 0x6C23, 0x6C23, 0x6C23, 0x6C23, 0x6C23, 0x6C23, 0x6C23, 0x6C23, 0x6C23, 0x6C23, 0x6C23, 0x6C23, 
  0x6C23, 0x6C23, 0x6C23, 0x6C23, 0x6C23, 0x6C23, 0x6C23, 0x6C23, 0x6C23, 0x6C23, 0x6C23, 0x6C23, 0x6C23, 0x6C23, 0x6C23, 0x6C23, 
  0x6C23, 0x6C23, 0x6C23, 0x6C23, 0x6C23, 0x6C23, 0x6C23, 0x6C23, 0x6C23, 0x6C23, 0x6C23, 0x6C23, 0x6C23, 0x6C23, 0x6C23, 0x6C23, 
  0x6C23, 0x6C23, 0x6C23, 0x6C23, 0x6C23, 0x6C23, 0x6C23, 0x6C23, 0x6C23, 0x6C23, 0x6C23, 0x6C23, 0x6C23, 0x6C23, 0x6C23, 0x6C23, 
  0x6C23, 0x6C23, 0x6C23, 0x6C23, 0x6C23, 0x6C23, 0x6C23, 0x6C23, 0x6C23, 0x6C23, 0x6C23, 0x6C23, 0x6C23, 0x6C23, 0x6C23, 0x6C23, 
  0x6C23, 0x6C23, 0x6C23, 0x6C23, 0x6C23, 0x6C23, 0x6C23, 0x6C23, 0x6C23, 0x6C23, 0x6C23, 0x6C23, 0x6C23, 0x6C23, 0x6C23, 0x6C23, 
  0x6C23, 0x6C23, 0x6C23, 0x6C23, 0x6C23, 0x6C23, 0x6C23, 0x6C23, 0x6C23, 0x6C23, 0x6C23, 0x6C23, 0x6C23, 0x6C23, 0x6C23, 0x6C23, 
  0x6C23, 0x6C23, 0x6C23, 0x6C23, 0x6C23, 0x6C23, 0x6C23, 0x6C23, 0x6C23, 0x6C23, 0x6C23, 0x6C23, 0x6C23, 0x6C23, 0x6C23, 0x6C23, 
  0x6C23, 0x6C23, 0x6C23, 0x6C23, 0x6C23, 0x6C23, 0x6C23, 0x6C23, 0x6C23, 0x6C23, 0x6C23, 0x6C23, 0x6C23, 0x6C23, 0x6C23, 0x6C23, 
  0x6C23, 0x6C23, 0x6C23, 0x6C23, 0x6C23, 0x6C23, 0x6C23, 0x6C23, 0x6C23, 0x6C23, 0x6C23, 0x6C23, 0x6C23, 0x6C23, 0x6C23, 0x6C23, 
  0x6C23, 0x6C23, 0x6C23, 0x6C23, 0x6C23, 0x6C23, 0x6C23, 0x6C23, 0x6C23, 0x6C23, 0x6C23, 0x6C23, 0x6C23, 0x6C23, 0x6C23, 0x6C23, 
  0x6C23, 0x6C23, 0x6C23, 0x6C23, 0x6C23, 0x6C23, 0x6C23, 0x6C23, 0x6C23, 0x6C23, 0x6C23, 0x6C23, 0x6C23, 0x6C23, 0x6C23, 0x6C23, 
  0x6C23, 0x6C23, 0x6C23, 0x6C23, 0x6C23, 0x6C23, 0x6C23, 0x6C23, 0x6C23, 0x6C23, 0x6C23, 0x6C23, 0x6C23, 0x6C23, 0x6C23, 0x6C23, 
  0x6C23, 0x6C23, 0x6C23, 0x6C23, 0x6C23, 0x6C23, 0x6C23, 0x6C23, 0x6C23, 0x6C23, 0x6C23, 0x6C23, 0x6C23, 0x6C23, 0x6C23, 0x6C23, 
  0x6C23, 0x6C23, 0x6C23, 0x6C23, 0x6C23, 0x6C23, 0x6C23, 0x6C23, 0x6C23, 0x6C23, 0x6C23, 0x6C23, 0x6C23, 0x6C23, 0x6C23, 0x6C23, 
  0x6C23, 0x6C23, 0x6C23, 0x6C23, 0x6C23, 0x6C23, 0x6C23, 0x6C23, 0x6C23, 0x6C23, 0x6C23, 0x6C23, 0x6C23, 0x6C23, 0x6C23, 0x6C23, 
  0x6C23, 0x6C23, 0x6C23, 0x6C23, 0x6C23, 0x6C23, 0x6C23, 0x6C23, 0x6C23, 0x6C23, 0x6C23, 0x6C23, 0x6C23, 0x6C23, 0x6C23, 0x6C23, 
  0x6C23, 0x6C23, 0x6C23, 0x6C23, 0x6C23, 0x6C23, 0x6C23, 0x6C23, 0x6C23, 0x6C23, 0x6C23, 0x6C23, 0x6C23, 0x6C23, 0x6C23, 0x6C23, 
  0x6C23, 0x6C23, 0x6C23, 0x6C23, 0x6C23, 0x6C23, 0x6C23, 0x6C23, 0x6C23, 0x6C23, 0x6C23, 0x6C23, 0x6C23, 0x6C23, 0x6C23, 0x6C23, 
  0x6C23, 0x6C23, 0x6C23, 0x6C23, 0x6C23, 0x6C23, 0x6C23, 0x6C23, 0x6C23, 0x6C23, 0x6C23, 0x6C23, 0x6C23, 0x6C23, 0x6C23, 0x6C23, 
  0x6C23, 0x6C23, 0x6C23, 0x6C23, 0x6C23, 0x6C23, 0x6C23, 0x6C23, 0x6C23, 0x6C23, 0x6C23, 0x6C23, 0x6C23, 0x6C23, 0x6C23, 0x6C23, 
  0x6C23, 0x6C23, 0x6C23, 0x6C23, 0x6C23, 0x6C23, 0x6C23, 0x6C23, 0x6C23, 0x6C23, 0x6C23, 0x6C23, 0x6C23, 0x6C23, 0x6C23, 0x6C23, 
  0x6C23, 0x6C23, 0x6C23, 0x6C23, 0x6C23, 0x6C23, 0x6C23, 0x6C23, 0x6C23, 0x6C23, 0x6C23, 0x6C23, 0x6C23, 0x6C23, 0x6C23, 0x6C23, 
  0x6C23, 0x6C23, 0x6C23, 0x6C23, 0x6C23, 0x6C23, 0x6C23, 0x6C23, 0x6C23, 0x6C23, 0x6C23, 0x6C23, 0x6C23, 0x6C23, 0x6C23, 0x6C23, 
  0x6C23, 0x6C23, 0x6C23, 0x6C23, 0x6C23, 0x6C23, 0x6C23, 0x6C23, 0x6C23, 0x6C23, 0x6C23, 0x6C23, 0x6C23, 0x6C23, 0x6C23, 0x6C23, 
  0x6C23, 0x6C23, 0x6C23, 0x6C23, 0x6C23, 0x6C23, 0x6C23, 0x6C23, 0x6C23, 0x6C23, 0x6C23, 0x6C23, 0x6C23, 0x6C23, 0x6C23, 0x6C23, 
  0x6C23, 0x6C23, 0x6C23, 0x6C23, 0x6C23, 0x6C23, 0x6C23, 0x6C23, 0x6C23, 0x6C23, 0x6C23, 0x6C23, 0x6C23, 0x6C23, 0x6C23, 0x6C23, 
  0x6C23, 0x6C23, 0x6C23, 0x6C23, 0x6C23, 0x6C23, 0x6C23, 0x6C23, 0x6C23, 0x6C23, 0x6C23, 0x6C23, 0x6C23, 0x6C23, 0x6C23, 0x6C23, 
  0x6C23, 0x6C23, 0x6C23, 0x6C23, 0x6C23, 0x6C23, 0x6C23, 0x6C23, 0x6C23, 0x6C23, 0x6C23, 0x6C23, 0x6C23, 0x6C23, 0x6C23, 0x6C23, 
  0x6C23, 0x6C23, 0x6C23, 0x6C23, 0x6C23, 0x6C23, 0x6C23, 0x6C23, 0x6C23, 0x6C23, 0x6C23, 0x6C23, 0x6C23, 0x6C23, 0x6C23, 0x6C23, 
  0x6C23, 0x6C23, 0x6C23, 0x6C23, 0x6C23, 0x6C23, 0x6C23, 0x6C23, 0x6C23, 0x6C23, 0x6C23, 0x6C23, 0x6C23, 0x6C23, 0x6C23, 0x6C23, 
  0x6C23, 0x6C23, 0x6C23, 0x6C23, 0x6C23, 0x6C23, 0x6C23, 0x6C23, 0x6C23, 0x6C23, 0x6C23, 0x6C23, 0x6C23, 0x6C23, 0x6C23, 0x6C23, 
  0x6C23, 0x6C23, 0x6C23, 0x6C23, 0x6C23, 0x6C23, 0x6C23, 0x6C23, 0x6C23, 0x6C23, 0x6C23, 0x6C23, 0x6C23, 0x6C23, 0x6C23, 0x6C23, 
  0x6C23, 0x6C23, 0x6C23, 0x6C23, 0x6C23, 0x6C23, 0x6C23, 0x6C23, 0x6C23, 0x6C23, 0x6C23, 0x6C23, 0x6C23, 0x6C23, 0x6C23, 0x6C23, 
  0x6C23, 0x6C23, 0x6C23, 0x6C23, 0x6C23, 0x6C23, 0x6C23, 0x6C23, 0x6C23, 0x6C23, 0x6C23, 0x6C23, 0x6C23, 0x6C23, 0x6C23, 0x6C23, 
  0x6C23, 0x6C23, 0x6C23, 0x6C23, 0x6C23, 0x6C23, 0x6C23, 0x6C23, 0x6C23, 0x6C23, 0x6C23, 0x6C23, 0x6C23, 0x6C23, 0x6C23, 0x6C23, 
  0x6C23, 0x6C23, 0x6C23, 0x6C23, 0x6C23, 0x6C23, 0x6C23, 0x6C23, 0x6C23, 0x6C23, 0x6C23, 0x6C23, 0x6C23, 0x6C23, 0x6C23, 0x6C23, 
  0x6C23, 0x6C23, 0x6C23, 0x6C23, 0x6C23, 0x6C23, 0x6C23, 0x6C23, 0x6C23, 0x6C23, 0x6C23, 0x6C23, 0x6C23, 0x6C23, 0x6C23, 0x6C23, 
  0x6C23, 0x6C23, 0x6C23, 0x6C23, 0x6C23, 0x6C23, 0x6C23, 0x6C23, 0x6C23, 0x6C23, 0x6C23, 0x6C23, 0x6C23, 0x6C23, 0x6C23, 0x6C23, 
  0x6C23, 0x6C23, 0x6C23, 0x6C23, 0x6C23, 0x6C23, 0x6C23, 0x6C23, 0x6C23, 0x6C23, 0x6C23, 0x6C23, 0x6C23, 0x6C23, 0x6C23, 0x6C23, 
  0x6C23, 0x6C23, 0x6C23, 0x6C23, 0x6C23, 0x6C23, 0x6C23, 0x6C23, 0x6C23, 0x6C23, 0x6C23, 0x6C23, 0x6C23, 0x6C23, 0x6C23, 0x6C23, 
  0x6C23, 0x6C23, 0x6C23, 0x6C23, 0x6C23, 0x6C23, 0x6C23, 0x6C23, 0x6C23, 0x6C23, 0x6C23, 0x6C23, 0x6C23, 0x6C23, 0x6C23, 0x6C23, 
  0x6C23, 0x6C23, 0x6C23, 0x6C23, 0x6C23, 0x6C23, 0x6C23, 0x6C23, 0x6C23, 0x6C23, 0x6C23, 0x6C23, 0x6C23, 0x6C23, 0x6C23, 0x6C23, 
  0x6C23, 0x6C23, 0x6C23, 0x6C23, 0x6C23, 0x6C23, 0x6C23, 0x6C23, 0x6C23, 0x6C23, 0x6C23, 0x6C23, 0x6C23, 0x6C23, 0x6C23, 0x6C23, 
  0x6C23, 0x6C23, 0x6C23, 0x6C23, 0x6C23, 0x6C23, 0x6C23, 0x6C23, 0x6C23, 0x6C23, 0x6C23, 0x6C23, 0x6C23, 0x6C23, 0x6C23, 0x6C23, 
  0x6C23, 0x6C23, 0x6C23, 0x6C23, 0x6C23, 0x6C23, 0x6C23, 0x6C23, 0x6C23, 0x6C23, 0x6C23, 0x6C23, 0x6C23, 0x6C23, 0x6C23, 0x6C23, 
  0x6C23, 0x6C23, 0x6C23, 0x6C23, 0x6C23, 0x6C23, 0x6C23, 0x6C23, 0x6C23, 0x6C23, 0x6C23, 0x6C23, 0x6C23, 0x6C23, 0x6C23, 0x6C23, 
  0x6C23, 0x6C23, 0x6C23, 0x6C23, 0x6C23, 0x6C23, 0x6C23, 0x6C23, 0x6C23, 0x6C23, 0x6C23, 0x6C23, 0x6C23, 0x6C23, 0x6C23, 0x6C23, 
  0x6C23, 0x6C23, 0x6C23, 0x6C23, 0x6C23, 0x6C23, 0x6C23, 0x6C23, 0x6C23, 0x6C23, 0x6C23, 0x6C23, 0x6C23, 0x6C23, 0x6C23, 0x6C23, 
  0x6C23, 0x6C23, 0x6C23, 0x6C23, 0x6C23, 0x6C23, 0x6C23, 0x6C23, 0x6C23, 0x6C23, 0x6C23, 0x6C23, 0x6C23, 0x6C23, 0x6C23, 0x6C23, 
  0x6C23, 0x6C23, 0x6C23, 0x6C23, 0x6C23, 0x6C23, 0x6C23, 0x6C23, 0x6C23, 0x6C23, 0x6C23, 0x6C23, 0x6C23, 0x6C23, 0x6C23, 0x6C23, 
  0x6C23, 0x6C23, 0x6C23, 0x6C23, 0x6C23, 0x6C23, 0x6C23, 0x6C23, 0x6C23, 0x6C23, 0x6C23, 0x6C23, 0x6C23, 0x6C23, 0x6C23, 0x6C23, 
  0x6C23, 0x6C23, 0x6C23, 0x6C23, 0x6C23, 0x6C23, 0x6C23, 0x6C23, 0x6C23, 0x6C23, 0x6C23, 0x6C23, 0x6C23, 0x6C23, 0x6C23, 0x6C23, 
  0x6C23, 0x6C23, 0x6C23, 0x6C23, 0x6C23, 0x6C23, 0x6C23, 0x6C23, 0x6C23, 0x6C23, 0x6C23, 0x6C23, 0x6C23, 0x6C23, 0x6C23, 0x6C23, 
  0x6C23, 0x6C23, 0x6C23, 0x6C23, 0x6C23, 0x6C23, 0x6C23, 0x6C23, 0x6C23, 0x6C23, 0x6C23, 0x6C23, 0x6C23, 0x6C23, 0x6C23, 0x6C23, 
  0x6C23, 0x6C23, 0x6C23, 0x6C23, 0x6C23, 0x6C23, 0x6C23, 0x6C23, 0x6C23, 0x6C23, 0x6C23, 0x6C23, 0x6C23, 0x6C23, 0x6C23, 0x6C23, 
  0x6C23, 0x6C23, 0x6C23, 0x6C23, 0x6C23, 0x6C23, 0x6C23, 0x6C23, 0x6C23, 0x6C23, 0x6C23, 0x6C23, 0x6C23, 0x6C23, 0x6C23, 0x6C23, 
  0x6C23, 0x6C23, 0x6C23, 0x6C23, 0x6C23, 0x6C23, 0x6C23, 0x6C23, 0x6C23, 0x6C23, 0x6C23, 0x6C23, 0x6C23, 0x6C23, 0x6C23, 0x6C23, 
  0x6C23, 0x6C23, 0x6C23, 0x6C23, 0x6C23, 0x6C23, 0x6C23, 0x6C23, 0x6C23, 0x6C23, 0x6C23, 0x6C23, 0x6C23, 0x6C23, 0x6C23, 0x6C23, 
  0x6C23, 0x6C23, 0x6C23, 0x6C23, 0x6C23, 0x6C23, 0x6C23, 0x6C23, 0x6C23, 0x6C23, 0x6C23, 0x6C23, 0x6C23, 0x6C23, 0x6C23, 0x6C23, 
  0x6C23, 0x6C23, 0x6C23, 0x6C23, 0x6C23, 0x6C23, 0x6C23, 0x6C23, 0x6C23, 0x6C23, 0x6C23, 0x6C23, 0x6C23, 0x6C23, 0x6C23, 0x6C23, 
  0x6C23, 0x6C23, 0x6C23, 0x6C23, 0x6C23, 0x6C23, 0x6C23, 0x6C23, 0x6C23, 0x6C23, 0x6C23, 0x6C23, 0x6C23, 0x6C23, 0x6C23, 0x6C23, 
  0x6C23, 0x6C23, 0x6C23, 0x6C23, 0x6C23, 0x6C23, 0x6C23, 0x6C23, 0x6C23, 0x6C23, 0x6C23, 0x6C23, 0x6C23, 0x6C23, 0x6C23, 0x6C23, 
  0x6C23, 0x6C23, 0x6C23, 0x6C23, 0x6C23, 0x6C23, 0x6C23, 0x6C23, 0x6C23, 0x6C23, 0x6C23, 0x6C23, 0x6C23, 0x6C23, 0x6C23, 0x6C23, 
  0x6C23, 0x6C23, 0x6C23, 0x6C23, 0x6C23, 0x6C23, 0x6C23, 0x6C23, 0x6C23, 0x6C23, 0x6C23, 0x6C23, 0x6C23, 0x6C23, 0x6C23, 0x6C23, 
  0x6C23, 0x6C23, 0x6C23, 0x6C23, 0x6C23, 0x6C23, 0x6C23, 0x6C23, 0x6C23, 0x6C23, 0x6C23, 0x6C23, 0x6C23, 0x6C23, 0x6C23, 0x6C23, 
  0x6C23, 0x6C23, 0x6C23, 0x6C23, 0x6C23, 0x6C23, 0x6C23, 0x6C23, 0x6C23, 0x6C23, 0x6C23, 0x6C23, 0x6C23, 0x6C23, 0x6C23, 0x6C23, 
  0x6C23, 0x6C23, 0x6C23, 0x6C23, 0x6C23, 0x6C23, 0x6C23, 0x6C23, 0x6C23, 0x6C23, 0x6C23, 0x6C23, 0x6C23, 0x6C23, 0x6C23, 0x6C23, 
  0x6C23, 0x6C23, 0x6C23, 0x6C23, 0x6C23, 0x6C23, 0x6C23, 0x6C23, 0x6C23, 0x6C23, 0x6C23, 0x6C23, 0x6C23, 0x6C23, 0x6C23, 0x6C23, 
  0x6C23, 0x6C23, 0x6C23, 0x6C23, 0x6C23, 0x6C23, 0x6C23, 0x6C23, 0x6C23, 0x6C23, 0x6C23, 0x6C23, 0x6C23, 0x6C23, 0x6C23, 0x6C23, 
  0x6C23, 0x6C23, 0x6C23, 0x6C23, 0x6C23, 0x6C23, 0x6C23, 0x6C23, 0x6C23, 0x6C23, 0x6C23, 0x6C23, 0x6C23, 0x6C23, 0x6C23, 0x6C23, 
  0x6C23, 0x6C23, 0x6C23, 0x6C23, 0x6C23, 0x6C23, 0x6C23, 0x6C23, 0x6C23, 0x6C23, 0x6C23, 0x6C23, 0x6C23, 0x6C23, 0x6C23, 0x6C23, 
  0x6C23, 0x6C23, 0x6C23, 0x6C23, 0x6C23, 0x6C23, 0x6C23, 0x6C23, 0x6C23, 0x6C23, 0x6C23, 0x6C23, 0x6C23, 0x6C23, 0x6C23, 0x6C23, 
  0x6C23, 0x6C23, 0x6C23, 0x6C23, 0x6C23, 0x6C23, 0x6C23, 0x6C23, 0x6C23, 0x6C23, 0x6C23, 0x6C23, 0x6C23, 0x6C23, 0x6C23, 0x6C23, 
  0x6C23, 0x6C23, 0x6C23, 0x6C23, 0x6C23, 0x6C23, 0x6C23, 0x6C23, 0x6C23, 0x6C23, 0x6C23, 0x6C23, 0x6C23, 0x6C23, 0x6C23, 0x6C23, 
  0x6C23, 0x6C23, 0x6C23, 0x6C23, 0x6C23, 0x6C23, 0x6C23, 0x6C23, 0x6C23, 0x6C23, 0x6C23, 0x6C23, 0x6C23, 0x6C23, 0x6C23, 0x6C23, 
  0x6C23, 0x6C23, 0x6C23, 0x6C23, 0x6C23, 0x6C23, 0x6C23, 0x6C23, 0x6C23, 0x6C23, 0x6C23, 0x6C23, 0x6C23, 0x6C23, 0x6C23, 0x6C23, 
  0x6C23, 0x6C23, 0x6C23, 0x6C23, 0x6C23, 0x6C23, 0x6C23, 0x6C23, 0x6C23, 0x6C23, 0x6C23, 0x6C23, 0x6C23, 0x6C23, 0x6C23, 0x6C23, 
  0x6C23, 0x6C23, 0x6C23, 0x6C23, 0x6C23, 0x6C23, 0x6C23, 0x6C23, 0x6C23, 0x6C23, 0x6C23, 0x6C23, 0x6C23, 0x6C23, 0x6C23, 0x6C23, 
  0x6C23, 0x6C23, 0x6C23, 0x6C23, 0x6C23, 0x6C23, 0x6C23, 0x6C23, 0x6C23, 0x6C23, 0x6C23, 0x6C23, 0x6C23, 0x6C23, 0x6C23, 0x6C23, 
  0x6C23, 0x6C23, 0x6C23, 0x6C23, 0x6C23, 0x6C23, 0x6C23, 0x6C23, 0x6C23, 0x6C23, 0x6C23, 0x6C23, 0x6C23, 0x6C23, 0x6C23, 0x6C23, 
  0x6C23, 0x6C23, 0x6C23, 0x6C23, 0x6C23, 0x6C23, 0x6C23, 0x6C23, 0x6C23, 0x6C23, 0x6C23, 0x6C23, 0x6C23, 0x6C23, 0x6C23, 0x6C23, 
  0x6C23, 0x6C23, 0x6C23, 0x6C23, 0x6C23, 0x6C23, 0x6C23, 0x6C23, 0x6C23, 0x6C23, 0x6C23, 0x6C23, 0x6C23, 0x6C23, 0x6C23, 0x6C23, 
  0x6C23, 0x6C23, 0x6C23, 0x6C23, 0x6C23, 0x6C23, 0x6C23, 0x6C23, 0x6C23, 0x6C23, 0x6C23, 0x6C23, 0x6C23, 0x6C23, 0x6C23, 0x6C23, 
  0x6C23, 0x6C23, 0x6C23, 0x6C23, 0x6C23, 0x6C23, 0x6C23, 0x6C23, 0x6C23, 0x6C23, 0x6C23, 0x6C23, 0x6C23, 0x6C23, 0x6C23, 0x6C23, 
  0x6C23, 0x6C23, 0x6C23, 0x6C23, 0x6C23, 0x6C23, 0x6C23, 0x6C23, 0x6C23, 0x6C23, 0x6C23, 0x6C23, 0x6C23, 0x6C23, 0x6C23, 0x6C23, 
  0x6C23, 0x6C23, 0x6C23, 0x6C23, 0x6C23, 0x6C23, 0x6C23, 0x6C23, 0x6C23, 0x6C23, 0x6C23, 0x6C23, 0x6C23, 0x6C23, 0x6C23, 0x6C23, 
  0x6C23, 0x6C23, 0x6C23, 0x6C23, 0x6C23, 0x6C23, 0x6C23, 0x6C23, 0x6C23, 0x6C23, 0x6C23, 0x6C23, 0x6C23, 0x6C23, 0x6C23, 0x6C23, 
  0x6C23, 0x6C23, 0x6C23, 0x6C23, 0x6C23, 0x6C23, 0x6C23, 0x6C23, 0x6C23, 0x6C23, 0x6C23, 0x6C23, 0x6C23, 0x6C23, 0x6C23, 0x6C23, 
  0x6C23, 0x6C23, 0x6C23, 0x6C23, 0x6C23, 0x6C23, 0x6C23, 0x6C23, 0x6C23, 0x6C23, 0x6C23, 0x6C23, 0x6C23, 0x6C23, 0x6C23, 0x6C23, 
  0x6C23, 0x6C23, 0x6C23, 0x6C23, 0x6C23, 0x6C23, 0x6C23, 0x6C23, 0x6C23, 0x6C23, 0x6C23, 0x6C23, 0x6C23, 0x6C23, 0x6C23, 0x6C23, 
  0x6C23, 0x6C23, 0x6C23, 0x6C23, 0x6C23, 0x6C23, 0x6C23, 0x6C23, 0x6C23, 0x6C23, 0x6C23, 0x6C23, 0x6C23, 0x6C23, 0x6C23, 0x6C23, 
  0x6C23, 0x6C23, 0x6C23, 0x6C23, 0x6C23, 0x6C23, 0x6C23, 0x6C23, 0x6C23, 0x6C23, 0x6C23, 0x6C23, 0x6C23, 0x6C23, 0x6C23, 0x6C23, 
  0x6C23, 0x6C23, 0x6C23, 0x6C23, 0x6C23, 0x6C23, 0x6C23, 0x6C23, 0x6C23, 0x6C23, 0x6C23, 0x6C23, 0x6C23, 0x6C23, 0x6C23, 0x6C23, 
  0x6C23, 0x6C23, 0x6C23, 0x6C23, 0x6C23, 0x6C23, 0x6C23, 0x6C23, 0x6C23, 0x6C23, 0x6C23, 0x6C23, 0x6C23, 0x6C23, 0x6C23, 0x6C23, 
  0x6C23, 0x6C23, 0x6C23, 0x6C23, 0x6C23, 0x6C23, 0x6C23, 0x6C23, 0x6C23, 0x6C23, 0x6C23, 0x6C23, 0x6C23, 0x6C23, 0x6C23, 0x6C23, 
  0x6C23, 0x6C23, 0x6C23, 0x6C23, 0x6C23, 0x6C23, 0x6C23, 0x6C23, 0x6C23, 0x6C23, 0x6C23, 0x6C23, 0x6C23, 0x6C23, 0x6C23, 0x6C23, 
  0x6C23, 0x6C23, 0x6C23, 0x6C23, 0x6C23, 0x6C23, 0x6C23, 0x6C23, 0x6C23, 0x6C23, 0x6C23, 0x6C23, 0x6C23, 0x6C23, 0x6C23, 0x6C23, 
  0x6C23, 0x6C23, 0x6C23, 0x6C23, 0x6C23, 0x6C23, 0x6C23, 0x6C23, 0x6C23, 0x6C23, 0x6C23, 0x6C23, 0x6C23, 0x6C23, 0x6C23, 0x6C23, 
  0x6C23, 0x6C23, 0x6C23, 0x6C23, 0x6C23, 0x6C23, 0x6C23, 0x6C23, 0x6C23, 0x6C23, 0x6C23, 0x6C23, 0x6C23, 0x6C23, 0x6C23, 0x6C23, 
  0x6C23, 0x6C23, 0x6C23, 0x6C23, 0x6C23, 0x6C23, 0x6C23, 0x6C23, 0x6C23, 0x6C23, 0x6C23, 0x6C23, 0x6C23, 0x6C23, 0x6C23, 0x6C23, 
  0x6C23, 0x6C23, 0x6C23, 0x6C23, 0x6C23, 0x6C23, 0x6C23, 0x6C23, 0x6C23, 0x6C23, 0x6C23, 0x6C23, 0x6C23, 0x6C23, 0x6C23, 0x6C23, 
  0x6C23, 0x6C23, 0x6C23, 0x6C23, 0x6C23, 0x6C23, 0x6C23, 0x6C23, 0x6C23, 0x6C23, 0x6C23, 0x6C23, 0x6C23, 0x6C23, 0x6C23, 0x6C23, 
  0x6C23, 0x6C23, 0x6C23, 0x6C23, 0x6C23, 0x6C23, 0x6C23, 0x6C23, 0x6C23, 0x6C23, 0x6C23, 0x6C23, 0x6C23, 0x6C23, 0x6C23, 0x6C23, 
  0x6C23, 0x6C23, 0x6C23, 0x6C23, 0x6C23, 0x6C23, 0x6C23, 0x6C23, 0x6C23, 0x6C23, 0x6C23, 0x6C23, 0x6C23, 0x6C23, 0x6C23, 0x6C23, 
  0x6C23, 0x6C23, 0x6C23, 0x6C23, 0x6C23, 0x6C23, 0x6C23, 0x6C23, 0x6C23, 0x6C23, 0x6C23, 0x6C23, 0x6C23, 0x6C23, 0x6C23, 0x6C23, 
  0x6C23, 0x6C23, 0x6C23, 0x6C23, 0x6C23, 0x6C23, 0x6C23, 0x6C23, 0x6C23, 0x6C23, 0x6C23, 0x6C23, 0x6C23, 0x6C23, 0x6C23, 0x6C23, 
  0x6C23, 0x6C23, 0x6C23, 0x6C23, 0x6C23, 0x6C23, 0x6C23, 0x6C23, 0x6C23, 0x6C23, 0x6C23, 0x6C23, 0x6C23, 0x6C23, 0x6C23, 0x6C23, 
  0x6C23, 0x6C23, 0x6C23, 0x6C23, 0x6C23, 0x6C23, 0x6C23, 0x6C23, 0x6C23, 0x6C23, 0x6C23, 0x6C23, 0x6C23, 0x6C23, 0x6C23, 0x6C23, 
  0x6C23, 0x6C23, 0x6C23, 0x6C23, 0x6C23, 0x6C23, 0x6C23, 0x6C23, 0x6C23, 0x6C23, 0x6C23, 0x6C23, 0x6C23, 0x6C23, 0x6C23, 0x6C23, 
  0x6C23, 0x6C23, 0x6C23, 0x6C23, 0x6C23, 0x6C23, 0x6C23, 0x6C23, 0x6C23, 0x6C23, 0x6C23, 0x6C23, 0x6C23, 0x6C23, 0x6C23, 0x6C23, 
  0x6C23, 0x6C23, 0x6C23, 0x6C23, 0x6C23, 0x6C23, 0x6C23, 0x6C23, 0x6C23, 0x6C23, 0x6C23, 0x6C23, 0x6C23, 0x6C23, 0x6C23, 0x6C23, 
  0x6C23, 0x6C23, 0x6C23, 0x6C23, 0x6C23, 0x6C23, 0x6C23, 0x6C23, 0x6C23, 0x6C23, 0x6C23, 0x6C23, 0x6C23, 0x6C23, 0x6C23, 0x6C23, 
  0x6C23, 0x6C23, 0x6C23, 0x6C23, 0x6C23, 0x6C23, 0x6C23, 0x6C23, 0x6C23, 0x6C23, 0x6C23, 0x6C23, 0x6C23, 0x6C23, 0x6C23, 0x6C23, 
  0x6C23, 0x6C23, 0x6C23, 0x6C23, 0x6C23, 0x6C23, 0x6C23, 0x6C23, 0x6C23, 0x6C23, 0x6C23, 0x6C23, 0x6C23, 0x6C23, 0x6C23, 0x6C23, 
  0x6C23, 0x6C23, 0x6C23, 0x6C23, 0x6C23, 0x6C23, 0x6C23, 0x6C23, 0x6C23, 0x6C23, 0x6C23, 0x6C23, 0x6C23, 0x6C23, 0x6C23, 0x6C23, 
  0x6C23, 0x6C23, 0x6C23, 0x6C23, 0x6C23, 0x6C23, 0x6C23, 0x6C23, 0x6C23, 0x6C23, 0x6C23, 0x6C23, 0x6C23, 0x6C23, 0x6C23, 0x6C23, 
  0x6C23, 0x6C23, 0x6C23, 0x6C23, 0x6C23, 0x6C23, 0x6C23, 0x6C23, 0x6C23, 0x6C23, 0x6C23, 0x6C23, 0x6C23, 0x6C23, 0x6C23, 0x6C23, 
  0x6C23, 0x6C23, 0x6C23, 0x6C23, 0x6C23, 0x6C23, 0x6C23, 0x6C23, 0x6C23, 0x6C23, 0x6C23, 0x6C23, 0x6C23, 0x6C23, 0x6C23, 0x6C23, 
  0x6C23, 0x6C23, 0x6C23, 0x6C23, 0x6C23, 0x6C23, 0x6C23, 0x6C23, 0x6C23, 0x6C23, 0x6C23, 0x6C23, 0x6C23, 0x6C23, 0x6C23, 0x6C23, 
  0x6C23, 0x6C23, 0x6C23, 0x6C23, 0x6C23, 0x6C23, 0x6C23, 0x6C23, 0x6C23, 0x6C23, 0x6C23, 0x6C23, 0x6C23, 0x6C23, 0x6C23, 0x6C23, 
  0x6C23, 0x6C23, 0x6C23, 0x6C23, 0x6C23, 0x6C23, 0x6C23, 0x6C23, 0x6C23, 0x6C23, 0x6C23, 0x6C23, 0x6C23, 0x6C23, 0x6C23, 0x6C23, 
  0x6C23, 0x6C23, 0x6C23, 0x6C23, 0x6C23, 0x6C23, 0x6C23, 0x6C23, 0x6C23, 0x6C23, 0x6C23, 0x6C23, 0x6C23, 0x6C23, 0x6C23, 0x6C23, 
  0x6C23, 0x6C23, 0x6C23, 0x6C23, 0x6C23, 0x6C23, 0x6C23, 0x6C23, 0x6C23, 0x6C23, 0x6C23, 0x6C23, 0x6C23, 0x6C23, 0x6C23, 0x6C23, 
  0x6C23, 0x6C23, 0x6C23, 0x6C23, 0x6C23, 0x6C23, 0x6C23, 0x6C23, 0x6C23, 0x6C23, 0x6C23, 0x6C23, 0x6C23, 0x6C23, 0x6C23, 0x6C23, 
  0x6C23, 0x6C23, 0x6C23, 0x6C23, 0x6C23, 0x6C23, 0x6C23, 0x6C23, 0x6C23, 0x6C23, 0x6C23, 0x6C23, 0x6C23, 0x6C23, 0x6C23, 0x6C23, 
  0x6C23, 0x6C23, 0x6C23, 0x6C23, 0x6C23, 0x6C23, 0x6C23, 0x6C23, 0x6C23, 0x6C23, 0x6C23, 0x6C23, 0x6C23, 0x6C23, 0x6C23, 0x6C23, 
  0x6C23, 0x6C23, 0x6C23, 0x6C23, 0x6C23, 0x6C23, 0x6C23, 0x6C23, 0x6C23, 0x6C23, 0x6C23, 0x6C23, 0x6C23, 0x6C23, 0x6C23, 0x6C23, 
  0x6C23, 0x6C23, 0x6C23, 0x6C23, 0x6C23, 0x6C23, 0x6C23, 0x6C23, 0x6C23, 0x6C23, 0x6C23, 0x6C23, 0x6C23, 0x6C23, 0x6C23, 0x6C23, 
  0x6C23, 0x6C23, 0x6C23, 0x6C23, 0x6C23, 0x6C23, 0x6C23, 0x6C23, 0x6C23, 0x6C23, 0x6C23, 0x6C23, 0x6C23, 0x6C23, 0x6C23, 0x6C23, 
  0x6C23, 0x6C23, 0x6C23, 0x6C23, 0x6C23, 0x6C23, 0x6C23, 0x6C23, 0x6C23, 0x6C23, 0x6C23, 0x6C23, 0x6C23, 0x6C23, 0x6C23, 0x6C23, 
  0x6C23, 0x6C23, 0x6C23, 0x6C23, 0x6C23, 0x6C23, 0x6C23, 0x6C23, 0x6C23, 0x6C23, 0x6C23, 0x6C23, 0x6C23, 0x6C23, 0x6C23, 0x6C23, 
  0x6C23, 0x6C23, 0x6C23, 0x6C23, 0x6C23, 0x6C23, 0x6C23, 0x6C23, 0x6C23, 0x6C23, 0x6C23, 0x6C23, 0x6C23, 0x6C23, 0x6C23, 0x6C23, 
  0x6C23, 0x6C23, 0x6C23, 0x6C23, 0x6C23, 0x6C23, 0x6C23, 0x6C23, 0x6C23, 0x6C23, 0x6C23, 0x6C23, 0x6C23, 0x6C23, 0x6C23, 0x6C23, 
  0x6C23, 0x6C23, 0x6C23, 0x6C23, 0x6C23, 0x6C23, 0x6C23, 0x6C23, 0x6C23, 0x6C23, 0x6C23, 0x6C23, 0x6C23, 0x6C23, 0x6C23, 0x6C23, 
  0x6C23, 0x6C23, 0x6C23, 0x6C23, 0x6C23, 0x6C23, 0x6C23, 0x6C23, 0x6C23, 0x6C23, 0x6C23, 0x6C23, 0x6C23, 0x6C23, 0x6C23, 0x6C23, 
  0x6C23, 0x6C23, 0x6C23, 0x6C23, 0x6C23, 0x6C23, 0x6C23, 0x6C23, 0x6C23, 0x6C23, 0x6C23, 0x6C23, 0x6C23, 0x6C23, 0x6C23, 0x6C23, 
  0x6C23, 0x6C23, 0x6C23, 0x6C23, 0x6C23, 0x6C23, 0x6C23, 0x6C23, 0x6C23, 0x6C23, 0x6C23, 0x6C23, 0x6C23, 0x6C23, 0x6C23, 0x6C23, 
  0x6C23, 0x6C23, 0x6C23, 0x6C23, 0x6C23, 0x6C23, 0x6C23, 0x6C23, 0x6C23, 0x6C23, 0x6C23, 0x6C23, 0x6C23, 0x6C23, 0x6C23, 0x6C23, 
  0x6C23, 0x6C23, 0x6C23, 0x6C23, 0x6C23, 0x6C23, 0x6C23, 0x6C23, 0x6C23, 0x6C23, 0x6C23, 0x6C23, 0x6C23, 0x6C23, 0x6C23, 0x6C23, 
  0x6C23, 0x6C23, 0x6C23, 0x6C23, 0x6C23, 0x6C23, 0x6C23, 0x6C23, 0x6C23, 0x6C23, 0x6C23, 0x6C23, 0x6C23, 0x6C23, 0x6C23, 0x6C23, 
  0x6C23, 0x6C23, 0x6C23, 0x6C23, 0x6C23, 0x6C23, 0x6C23, 0x6C23, 0x6C23, 0x6C23, 0x6C23, 0x6C23, 0x6C23, 0x6C23, 0x6C23, 0x6C23, 
  0x6C23, 0x6C23, 0x6C23, 0x6C23, 0x6C23, 0x6C23, 0x6C23, 0x6C23, 0x6C23, 0x6C23, 0x6C23, 0x6C23, 0x6C23, 0x6C23, 0x6C23, 0x6C23, 
  0x6C23, 0x6C23, 0x6C23, 0x6C23, 0x6C23, 0x6C23, 0x6C23, 0x6C23, 0x6C23, 0x6C23, 0x6C23, 0x6C23, 0x6C23, 0x6C23, 0x6C23, 0x6C23, 
  0x6C23, 0x6C23, 0x6C23, 0x6C23, 0x6C23, 0x6C23, 0x6C23, 0x6C23, 0x6C23, 0x6C23, 0x6C23, 0x6C23, 0x6C23, 0x6C23, 0x6C23, 0x6C23, 
  0x6C23, 0x6C23, 0x6C23, 0x6C23, 0x6C23, 0x6C23, 0x6C23, 0x6C23, 0x6C23, 0x6C23, 0x6C23, 0x6C23, 0x6C23, 0x6C23, 0x6C23, 0x6C23, 
  0x6C23, 0x6C23, 0x6C23, 0x6C23, 0x6C23, 0x6C23, 0x6C23, 0x6C23, 0x6C23, 0x6C23, 0x6C23, 0x6C23, 0x6C23, 0x6C23, 0x6C23, 0x6C23, 
  0x6C23, 0x6C23, 0x6C23, 0x6C23, 0x6C23, 0x6C23, 0x6C23, 0x6C23, 0x6C23, 0x6C23, 0x6C23, 0x6C23, 0x6C23, 0x6C23, 0x6C23, 0x6C23, 
  0x6C23, 0x6C23, 0x6C23, 0x6C23, 0x6C23, 0x6C23, 0x6C23, 0x6C23, 0x6C23, 0x6C23, 0x6C23, 0x6C23, 0x6C23, 0x6C23, 0x6C23, 0x6C23, 
  0x6C23, 0x6C23, 0x6C23, 0x6C23, 0x6C23, 0x6C23, 0x6C23, 0x6C23, 0x6C23, 0x6C23, 0x6C23, 0x6C23, 0x6C23, 0x6C23, 0x6C23, 0x6C23, 
  0x6C23, 0x6C23, 0x6C23, 0x6C23, 0x6C23, 0x6C23, 0x6C23, 0x6C23, 0x6C23, 0x6C23, 0x6C23, 0x6C23, 0x6C23, 0x6C23, 0x6C23, 0x6C23, 
  0x6C23, 0x6C23, 0x6C23, 0x6C23, 0x6C23, 0x6C23, 0x6C23, 0x6C23, 0x6C23, 0x6C23, 0x6C23, 0x6C23, 0x6C23, 0x6C23, 0x6C23, 0x6C23, 
  0x6C23, 0x6C23, 0x6C23, 0x6C23, 0x6C23, 0x6C23, 0x6C23, 0x6C23, 0x6C23, 0x6C23, 0x6C23, 0x6C23, 0x6C23, 0x6C23, 0x6C23, 0x6C23, 
  0x6C23, 0x6C23, 0x6C23, 0x6C23, 0x6C23, 0x6C23, 0x6C23, 0x6C23, 0x6C23, 0x6C23, 0x6C23, 0x6C23, 0x6C23, 0x6C23, 0x6C23, 0x6C23, 
  0x6C23, 0x6C23, 0x6C23, 0x6C23, 0x6C23, 0x6C23, 0x6C23, 0x6C23, 0x6C23, 0x6C23, 0x6C23, 0x6C23, 0x6C23, 0x6C23, 0x6C23, 0x6C23, 
  0x6C23, 0x6C23, 0x6C23, 0x6C23, 0x6C23, 0x6C23, 0x6C23, 0x6C23, 0x6C23, 0x6C23, 0x6C23, 0x6C23, 0x6C23, 0x6C23, 0x6C23, 0x6C23, 
  0x6C23, 0x6C23, 0x6C23, 0x6C23, 0x6C23, 0x6C23, 0x6C23, 0x6C23, 0x6C23, 0x6C23, 0x6C23, 0x6C23, 0x6C23, 0x6C23, 0x6C23, 0x6C23, 
  0x6C23, 0x6C23, 0x6C23, 0x6C23, 0x6C23, 0x6C23, 0x6C23, 0x6C23, 0x6C23, 0x6C23, 0x6C23, 0x6C23, 0x6C23, 0x6C23, 0x6C23, 0x6C23, 
  0x6C23, 0x6C23, 0x6C23, 0x6C23, 0x6C23, 0x6C23, 0x6C23, 0x6C23, 0x6C23, 0x6C23, 0x6C23, 0x6C23, 0x6C23, 0x6C23, 0x6C23, 0x6C23, 
  0x6C23, 0x6C23, 0x6C23, 0x6C23, 0x6C23, 0x6C23, 0x6C23, 0x6C23, 0x6C23, 0x6C23, 0x6C23, 0x6C23, 0x6C23, 0x6C23, 0x6C23, 0x6C23, 
  0x6C23, 0x6C23, 0x6C23, 0x6C23, 0x6C23, 0x6C23, 0x6C23, 0x6C23, 0x6C23, 0x6C23, 0x6C23, 0x6C23, 0x6C23, 0x6C23, 0x6C23, 0x6C23, 
  0x6C23, 0x6C23, 0x6C23, 0x6C23, 0x6C23, 0x6C23, 0x6C23, 0x6C23, 0x6C23, 0x6C23, 0x6C23, 0x6C23, 0x6C23, 0x6C23, 0x6C23, 0x6C23, 
  0x6C23, 0x6C23, 0x6C23, 0x6C23, 0x6C23, 0x6C23, 0x6C23, 0x6C23, 0x6C23, 0x6C23, 0x6C23, 0x6C23, 0x6C23, 0x6C23, 0x6C23, 0x6C23, 
  0x6C23, 0x6C23, 0x6C23, 0x6C23, 0x6C23, 0x6C23, 0x6C23, 0x6C23, 0x6C23, 0x6C23, 0x6C23, 0x6C23, 0x6C23, 0x6C23, 0x6C23, 0x6C23, 
  0x6C23, 0x6C23, 0x6C23, 0x6C23, 0x6C23, 0x6C23, 0x6C23, 0x6C23, 0x6C23, 0x6C23, 0x6C23, 0x6C23, 0x6C23, 0x6C23, 0x6C23, 0x6C23, 
  0x6C23, 0x6C23, 0x6C23, 0x6C23, 0x6C23, 0x6C23, 0x6C23, 0x6C23, 0x6C23, 0x6C23, 0x6C23, 0x6C23, 0x6C23, 0x6C23, 0x6C23, 0x6C23, 
  0x6C23, 0x6C23, 0x6C23, 0x6C23, 0x6C23, 0x6C23, 0x6C23, 0x6C23, 0x6C23, 0x6C23, 0x6C23, 0x6C23, 0x6C23, 0x6C23, 0x6C23, 0x6C23, 
  0x6C23, 0x6C23, 0x6C23, 0x6C23, 0x6C23, 0x6C23, 0x6C23, 0x6C23, 0x6C23, 0x6C23, 0x6C23, 0x6C23, 0x6C23, 0x6C23, 0x6C23, 0x6C23, 
  0x6C23, 0x6C23, 0x6C23, 0x6C23, 0x6C23, 0x6C23, 0x6C23, 0x6C23, 0x6C23, 0x6C23, 0x6C23, 0x6C23, 0x6C23, 0x6C23, 0x6C23, 0x6C23, 
  0x8B23, 0x6C23, 0x6C23, 0x8C23, 0x6C23, 0x6C23, 0x6C23, 0x6C23, 0x6C23, 0x6C23, 0x6C23, 0x6C23, 0x6C23, 0x6C23, 0x6C23, 0x6C23, 
  0x6C23, 0x6C23, 0x6C23, 0x6C23, 0x6C23, 0x6C23, 0x6C23, 0x6C23, 0x6C23, 0x6C23, 0x6C23, 0x6C23, 0x6C23, 0x6C23, 0x6C23, 0x6C23, 
  0x6C23, 0x6C23, 0x6C23, 0x6C23, 0x6C23, 0x6C23, 0x6C23, 0x6C23, 0x6C23, 0x6C23, 0x6C23, 0x6C23, 0x6C23, 0x6C23, 0x6C23, 0x6C23, 
  0x6C23, 0x6C23, 0x6C23, 0x6C23, 0x6C23, 0x6C23, 0x6C23, 0x6C23, 0x6C23, 0x6C23, 0x6C23, 0x6C23, 0x6C23, 0x6C23, 0x6C23, 0x6C23, 
  0x6C23, 0x6C23, 0x6C23, 0x6C23, 0x6C23, 0x6C23, 0x6C23, 0x6C23, 0x6C23, 0x6C23, 0x6C23, 0x6C23, 0x6C23, 0x6C23, 0x6C23, 0x6C23, 
  0x6C23, 0x6C23, 0x6C23, 0x6C23, 0x6C23, 0x6C23, 0x6C23, 0x6C23, 0x6C23, 0x6C23, 0x6C23, 0x6C23, 0x6C23, 0x6C23, 0x6C23, 0x6C23, 
  0x6C23, 0x6C23, 0x6C23, 0x6C23, 0x6C23, 0x6C23, 0x6C23, 0x6C23, 0x6C23, 0x6C23, 0x6C23, 0x6C23, 0x6C23, 0x6C23, 0x6C23, 0x6C23, 
  0x6C23, 0x6C23, 0x6C23, 0x6C23, 0x6C23, 0x6C23, 0x6C23, 0x6C23, 0x6C23, 0x6C23, 0x6C23, 0x6C23, 0x6C23, 0x6C23, 0x6C23, 0x6C23, 
  0x6C23, 0x6C23, 0x6C23, 0x6C23, 0x6C23, 0x6C23, 0x6C23, 0x6C23, 0x6C23, 0x6C23, 0x6C23, 0x6C23, 0x6C23, 0x6C23, 0x6C23, 0x6C23, 
  0x6C23, 0x6C23, 0x6C23, 0x6C23, 0x6C23, 0x6C23, 0x6C23, 0x6C23, 0x6C23, 0x6C23, 0x6C23, 0x6C23, 0x6C23, 0x6C23, 0x6C23, 0x6C23, 
  0x6C23, 0x6C23, 0x6C23, 0x6C23, 0x6C23, 0x6C23, 0x6C23, 0x6C23, 0x6C23, 0x6C23, 0x6C23, 0x6C23, 0x6C23, 0x6C23, 0x6C23, 0x6C23, 
  0x6C23, 0x6C23, 0x6C23, 0x6C23, 0x6C23, 0x6C23, 0x6C23, 0x6C23, 0x6C23, 0x6C23, 0x6C23, 0x6C23, 0x6C23, 0x6C23, 0x6C23, 0x6C23, 
  0x6C23, 0x6C23, 0x6C23, 0x6C23, 0x6C23, 0x6C23, 0x6C23, 0x6C23, 0x6C23, 0x6C23, 0x6C23, 0x6C23, 0x6C23, 0x6C23, 0x6C23, 0x6C23, 
  0x6C23, 0x6C23, 0x6C23, 0x6C23, 0x6C23, 0x6C23, 0x6C23, 0x6C23, 0x6C23, 0x6C23, 0x6C23, 0x6C23, 0x6C23, 0x6C23, 0x6C23, 0x6C23, 
  0x6C23, 0x6C23, 0x6B23, 0x6B23, 0x6B23, 0x6B23, 0x6C23, 0x6C23, 0x6C23, 0x6C23, 0x6C23, 0x6C23, 0x6C23, 0x6C23, 0x6C23, 0x6C23, 
  0x6C1B, 0x6C23, 0x6C23, 0x6C23, 0x6C23, 0x6C23, 0x6C23, 0x6C23, 0x6C23, 0x6C23, 0x6C23, 0x6C23, 0x6C23, 0x6C23, 0x6C23, 0x6C23, 
  0x6C23, 0x6C23, 0x6C23, 0x6C23, 0x6C23, 0x6C23, 0x6C23, 0x6C23, 0x6C23, 0x6C23, 0x6C23, 0x6C23, 0x6C23, 0x6C23, 0x6C23, 0x6C23, 
  0x6C23, 0x6C23, 0x6C23, 0x6C23, 0x6C23, 0x6C23, 0x6C23, 0x6C23, 0x6C23, 0x6C23, 0x6C23, 0x6C23, 0x6C23, 0x6C23, 0x6C23, 0x6C23, 
  0x6C23, 0x6C23, 0x6C23, 0x6C23, 0x6C23, 0x6C23, 0x6C23, 0x6C23, 0x6C23, 0x6C23, 0x6C23, 0x6C23, 0x6C23, 0x6C23, 0x6C23, 0x6C23, 
  0x6C23, 0x6C23, 0x6C23, 0x6C23, 0x6C23, 0x6C23, 0x6C23, 0x6C23, 0x6C23, 0x6C23, 0x6C23, 0x6C23, 0x6C23, 0x6C23, 0x6C23, 0x6C23, 
  0x6C23, 0x6C23, 0x6C23, 0x6C23, 0x6C23, 0x6C23, 0x6C23, 0x6C23, 0x6C23, 0x6C23, 0x6C23, 0x6C23, 0x6C23, 0x6C23, 0x6C23, 0x6C23, 
  0x6C23, 0x6C23, 0x6C23, 0x6C23, 0x6C23, 0x6C23, 0x6C23, 0x6C23, 0x6C23, 0x6C23, 0x6C23, 0x6C23, 0x6C23, 0x6C23, 0x6C23, 0x6C23, 
  0x6C23, 0x6C23, 0x6C23, 0x6C23, 0x6C23, 0x6C23, 0x6C23, 0x6C23, 0x6C23, 0x6C23, 0x6C23, 0x6C23, 0x6C23, 0x6C23, 0x6C23, 0x6C23, 
  0x6C23, 0x6C23, 0x6C23, 0x6C23, 0x6C23, 0x6C23, 0x6C23, 0x6C23, 0x6C23, 0x6C23, 0x6C23, 0x6C23, 0x6C23, 0x6C23, 0x6C23, 0x6C23, 
  0x6C23, 0x6C23, 0x6C23, 0x6C23, 0x6C23, 0x6C23, 0x6C23, 0x6C23, 0x6C23, 0x6C23, 0x6C23, 0x6C23, 0x6C23, 0x6C23, 0x6C23, 0x6C23, 
  0x6C23, 0x6C23, 0x6C23, 0x6C23, 0x6C23, 0x6C23, 0x6C23, 0x6C23, 0x6C23, 0x6C23, 0x6C23, 0x6C23, 0x6C23, 0x6C23, 0x6C23, 0x6C23, 
  0x6C23, 0x6C23, 0x6C23, 0x6C23, 0x6C23, 0x6C23, 0x6C23, 0x6C23, 0x6C23, 0x6C23, 0x6C23, 0x6C23, 0x6C23, 0x6C23, 0x6C23, 0x6C23, 
  0x6C23, 0x6C23, 0x6C23, 0x6C23, 0x6C23, 0x6C23, 0x6C23, 0x6C23, 0x6C23, 0x6C23, 0x6C23, 0x6C23, 0x6C23, 0x6C23, 0x6C23, 0x6C23, 
  0x6C23, 0x6C23, 0x6C23, 0x6C23, 0x6C23, 0x6C23, 0x6C23, 0x6C23, 0x6C23, 0x6C23, 0x6C23, 0x6C23, 0x6C23, 0x6C23, 0x6C23, 0x6C23, 
  0x6C23, 0x6C23, 0x6C23, 0x6C23, 0x6C23, 0x6C23, 0x6C23, 0x6C23, 0x6C23, 0x6C23, 0x6C23, 0x6C23, 0x6C23, 0x6C23, 0x6B23, 0x6C23, 
  0x6C23, 0x6C23, 0x6C23, 0x6C23, 0x6C23, 0x6C23, 0x6C23, 0x6C23, 0x6C23, 0x6C23, 0x6C23, 0x6C23, 0x6C23, 0x6C23, 0x6C23, 0x6C23, 
  0x6C23, 0x6C23, 0x6C23, 0x6C23, 0x6C23, 0x6C23, 0x6C23, 0x6C23, 0x6C23, 0x6C23, 0x6C23, 0x6C23, 0x6C23, 0x6C23, 0x6C23, 0x6C23, 
  0x6C23, 0x6C23, 0x6C23, 0x6C23, 0x6C23, 0x6C23, 0x6C23, 0x6C23, 0x6C23, 0x6C23, 0x6C23, 0x6C23, 0x6C23, 0x6C23, 0x6C23, 0x6C23, 
  0x6C23, 0x6C23, 0x6C23, 0x6C23, 0x6C23, 0x6C23, 0x6C23, 0x6C23, 0x6C23, 0x6C23, 0x6C23, 0x6C23, 0x6C23, 0x6C23, 0x6C23, 0x6C23, 
  0x6C23, 0x6C23, 0x6C23, 0x6C23, 0x6C23, 0x6C23, 0x6C23, 0x6C23, 0x6C23, 0x6C23, 0x6C23, 0x6C23, 0x6C23, 0x6C23, 0x6C23, 0x6C23, 
  0x6C23, 0x6C23, 0x6C23, 0x6C23, 0x6C23, 0x6C23, 0x6C23, 0x6C23, 0x6C23, 0x6C23, 0x6C23, 0x6C23, 0x6C23, 0x6C23, 0x6C23, 0x6C23, 
  0x6C23, 0x6C23, 0x6C23, 0x6C23, 0x6C23, 0x6C23, 0x6C23, 0x6C23, 0x6C23, 0x6C23, 0x6C23, 0x6C23, 0x6C23, 0x6C23, 0x6C23, 0x6C23, 
  0x6C23, 0x6C23, 0x6C23, 0x6C23, 0x6C23, 0x6C23, 0x6C23, 0x6C23, 0x6C23, 0x6C23, 0x6C23, 0x6C23, 0x6C23, 0x6C23, 0x6C23, 0x6C23, 
  0x6C23, 0x6C23, 0x6C23, 0x6C23, 0x6C23, 0x6C23, 0x6C23, 0x6C23, 0x6C23, 0x6C23, 0x6C23, 0x6C23, 0x6C23, 0x6C23, 0x6C23, 0x6C23, 
  0x6C23, 0x6C23, 0x6C23, 0x6C23, 0x6C23, 0x6C23, 0x6C23, 0x6C23, 0x6C23, 0x6C23, 0x6C23, 0x6C23, 0x6C23, 0x6C23, 0x6C23, 0x6C23, 
  0x6C23, 0x6C23, 0x6C23, 0x6C23, 0x6C23, 0x6C23, 0x6C23, 0x6C23, 0x6C23, 0x6C23, 0x6C23, 0x6C23, 0x6C23, 0x6C23, 0x6C23, 0x6C23, 
  0x6C23, 0x6C23, 0x6C23, 0x6C23, 0x6C23, 0x6C23, 0x6C23, 0x6C23, 0x6C23, 0x6C23, 0x6C23, 0x6C23, 0x6C23, 0x6C23, 0x6C23, 0x6C23, 
  0x6C23, 0x6C23, 0x6C23, 0x6C23, 0x6C23, 0x6C23, 0x6C23, 0x6C23, 0x6C23, 0x6C23, 0x6C23, 0x6C23, 0x6C23, 0x6C23, 0x6C23, 0x6C23, 
  0x6C23, 0x6C23, 0x6C23, 0x6C23, 0x6C23, 0x6C23, 0x6C23, 0x6C23, 0x6C23, 0x6C23, 0x6C23, 0x6C23, 0x6C23, 0x6C23, 0x6C23, 0x6C23, 
  0x6C23, 0x6C23, 0x6C23, 0x6C23, 0x6C1B, 0x6C23, 0x6C23, 0x6C23, 0x6C23, 0x6C23, 0x6C23, 0x8B23, 0x6C23, 0x6C23, 0x6B23, 0x6C23, 
  0x6C23, 0x6C23, 0x6B2B, 0x6C23, 0x6C23, 0x6C23, 0x6C23, 0x6C23, 0x6C23, 0x6C23, 0x6C23, 0x6C23, 0x6C23, 0x6C23, 0x6C23, 0x6C23, 
  0x6C23, 0x6C23, 0x6C23, 0x6C23, 0x6C23, 0x6C23, 0x6C23, 0x6C23, 0x6C23, 0x6C23, 0x6C23, 0x6C23, 0x6C23, 0x6C23, 0x6C23, 0x6C23, 
  0x6C23, 0x6C23, 0x6C23, 0x6C23, 0x6C23, 0x6C23, 0x6C23, 0x6C23, 0x6C23, 0x6C23, 0x6C23, 0x6C23, 0x6C23, 0x6C23, 0x6C23, 0x6C23, 
  0x6C23, 0x6C23, 0x6C23, 0x6C23, 0x6C23, 0x6C23, 0x6C23, 0x6C23, 0x6C23, 0x6C23, 0x6C23, 0x6C23, 0x6C23, 0x6C23, 0x6C23, 0x6C23, 
  0x6C23, 0x6C23, 0x6C23, 0x6C23, 0x6C23, 0x6C23, 0x6C23, 0x6C23, 0x6C23, 0x6C23, 0x6C23, 0x6C23, 0x6C23, 0x6C23, 0x6C23, 0x6C23, 
  0x6C23, 0x6C23, 0x6C23, 0x6C23, 0x6C23, 0x6C23, 0x6C23, 0x6C23, 0x6C23, 0x6C23, 0x6C23, 0x6C23, 0x6C23, 0x6C23, 0x6C23, 0x6C23, 
  0x6C23, 0x6C23, 0x6C23, 0x6C23, 0x6C23, 0x6C23, 0x6C23, 0x6C23, 0x6C23, 0x6C23, 0x6C23, 0x6C23, 0x6C23, 0x6C23, 0x6C23, 0x6C23, 
  0x6C23, 0x6C23, 0x6C23, 0x6C23, 0x6C23, 0x6C23, 0x6C23, 0x6C23, 0x6C23, 0x6C23, 0x6C23, 0x6C23, 0x6C23, 0x6C23, 0x6C23, 0x6C23, 
  0x6C23, 0x6C23, 0x6C23, 0x6C23, 0x6C23, 0x6C23, 0x6C23, 0x6C23, 0x6C23, 0x6C23, 0x6C23, 0x6C23, 0x6C23, 0x6C23, 0x6C23, 0x6C23, 
  0x6C23, 0x6C23, 0x6C23, 0x6C23, 0x6C23, 0x6C23, 0x6C23, 0x6C23, 0x6C23, 0x6C23, 0x6C23, 0x6C23, 0x6C23, 0x6C23, 0x6C23, 0x6C23, 
  0x6C23, 0x6C23, 0x6C23, 0x6C23, 0x6C23, 0x6C23, 0x6C23, 0x6C23, 0x6C23, 0x6C23, 0x6C23, 0x6C23, 0x6C23, 0x6C23, 0x6C23, 0x6C23, 
  0x6C23, 0x6C23, 0x6C23, 0x6C23, 0x6C23, 0x6C23, 0x6C23, 0x6C23, 0x6C23, 0x6C23, 0x6C23, 0x6C23, 0x6C23, 0x6C23, 0x6C23, 0x6C23, 
  0x6C23, 0x6C23, 0x6C23, 0x6C23, 0x6C23, 0x6C23, 0x6C23, 0x6C23, 0x6C23, 0x6C23, 0x6C23, 0x6C23, 0x6C23, 0x6C23, 0x6C23, 0x6C23, 
  0x6C23, 0x6C23, 0x6C23, 0x6C23, 0x6C23, 0x6C23, 0x6C23, 0x6C23, 0x6C23, 0x6C23, 0x6C23, 0x6C23, 0x6C23, 0x6C23, 0x6C23, 0x6C23, 
  0x6C23, 0x6C23, 0x6C23, 0x6C23, 0x8C1B, 0x6B23, 0x4B1B, 0x6B13, 0x6C1B, 0x6C23, 0x6C1B, 0x6C1B, 0x6C23, 0x4C23, 0x6C1B, 0x8C23, 
  0x8C23, 0x8C1B, 0x8C1B, 0x8C23, 0x6C23, 0x6C23, 0x6C23, 0x6C23, 0x6C23, 0x6C23, 0x6C23, 0x6C23, 0x6C23, 0x6C23, 0x6C23, 0x6C23, 
  0x6C23, 0x6C23, 0x6C23, 0x6C23, 0x6C23, 0x6C23, 0x6C23, 0x6C23, 0x6C23, 0x6C23, 0x6C23, 0x6C23, 0x6C23, 0x6C23, 0x6C23, 0x6C23, 
  0x6C23, 0x6C23, 0x6C23, 0x6C23, 0x6C23, 0x6C23, 0x6C23, 0x6C23, 0x6C23, 0x6C23, 0x6C23, 0x6C23, 0x6C23, 0x6C23, 0x6C23, 0x6C23, 
  0x6C23, 0x6C23, 0x6C23, 0x6C23, 0x6C23, 0x6C23, 0x6C23, 0x6C23, 0x6C23, 0x6C23, 0x6C23, 0x6C23, 0x6C23, 0x6C23, 0x6C23, 0x6C23, 
  0x6C23, 0x6C23, 0x6C23, 0x6C23, 0x6C23, 0x6C23, 0x6C23, 0x6C23, 0x6C23, 0x6C23, 0x6C23, 0x6C23, 0x6C23, 0x6C23, 0x6C23, 0x6C23, 
  0x6C23, 0x6C23, 0x6C23, 0x6C23, 0x6C23, 0x6C23, 0x6C23, 0x6C23, 0x6C23, 0x6C23, 0x6C23, 0x6C23, 0x6C23, 0x6C23, 0x6C23, 0x6C23, 
  0x6C23, 0x6C23, 0x6C23, 0x6C23, 0x6C23, 0x6C23, 0x6C23, 0x6C23, 0x6C23, 0x6C23, 0x6C23, 0x6C23, 0x6C23, 0x6C23, 0x6C23, 0x6C23, 
  0x6C23, 0x6C23, 0x6C23, 0x6C23, 0x6C23, 0x6C23, 0x6C23, 0x6C23, 0x6C23, 0x6C23, 0x6C23, 0x6C23, 0x6C23, 0x6C23, 0x6C23, 0x6C23, 
  0x6C23, 0x6C23, 0x6C23, 0x6C23, 0x6C23, 0x6C23, 0x6C23, 0x6C23, 0x6C23, 0x6C23, 0x6C23, 0x6C23, 0x6C23, 0x6C23, 0x6C23, 0x6C23, 
  0x6C23, 0x6C23, 0x6C23, 0x6C23, 0x6C23, 0x6C23, 0x6C23, 0x6C23, 0x6C23, 0x6C23, 0x6C23, 0x6C23, 0x6C23, 0x6C23, 0x6C23, 0x6C23, 
  0x6C23, 0x6C23, 0x6C23, 0x6C23, 0x6C23, 0x6C23, 0x6C23, 0x6C23, 0x6C23, 0x6C23, 0x6C23, 0x6C23, 0x6C23, 0x6C23, 0x6C23, 0x6C23, 
  0x6C23, 0x6C23, 0x6C23, 0x6C23, 0x6C23, 0x6C23, 0x6C23, 0x6C23, 0x6C23, 0x6C23, 0x6C23, 0x6C23, 0x6C23, 0x6C23, 0x6C23, 0x6C23, 
  0x6C23, 0x6C23, 0x6C23, 0x6C23, 0x6C23, 0x6C23, 0x6C23, 0x6C23, 0x6C23, 0x6C23, 0x6C23, 0x6C23, 0x6C23, 0x6C23, 0x6C23, 0x6C23, 
  0x6C23, 0x6C23, 0x6C23, 0x6C23, 0x6C23, 0x6C23, 0x6C23, 0x6C23, 0x6C23, 0x6C23, 0x6C23, 0x6C23, 0x6C23, 0x6C23, 0x6C23, 0x6C23, 
  0x6C23, 0x6B1B, 0x6B1B, 0x6B1B, 0x4C1B, 0x6E33, 0xB04B, 0x9043, 0x4D33, 0x6C33, 0x6C33, 0x6D33, 0x4D33, 0x6E3B, 0x9043, 0x0C1B, 
  0x2A13, 0x4D2B, 0x6E33, 0x4B1B, 0x6B1B, 0x6C23, 0x8C23, 0x6C23, 0x6C23, 0x6C23, 0x6C23, 0x6C23, 0x6C23, 0x6C23, 0x6C23, 0x6C23, 
  0x6C23, 0x6C23, 0x6C23, 0x6C23, 0x6C23, 0x6C23, 0x6C23, 0x6C23, 0x6C23, 0x6C23, 0x6C23, 0x6C23, 0x6C23, 0x6C23, 0x6C23, 0x6C23, 
  0x6C23, 0x6C23, 0x6C23, 0x6C23, 0x6C23, 0x6C23, 0x6C23, 0x6C23, 0x6C23, 0x6C23, 0x6C23, 0x6C23, 0x6C23, 0x6C23, 0x6C23, 0x6C23, 
  0x6C23, 0x6C23, 0x6C23, 0x6C23, 0x6C23, 0x6C23, 0x6C23, 0x6C23, 0x6C23, 0x6C23, 0x6C23, 0x6C23, 0x6C23, 0x6C23, 0x6C23, 0x6C23, 
  0x6C23, 0x6C23, 0x6C23, 0x6C23, 0x6C23, 0x6C23, 0x6C23, 0x6C23, 0x6C23, 0x6C23, 0x6C23, 0x6C23, 0x6C23, 0x6C23, 0x6C23, 0x6C23, 
  0x6C23, 0x6C23, 0x6C23, 0x6C23, 0x6C23, 0x6C23, 0x6C23, 0x6C23, 0x6C23, 0x6C23, 0x6C23, 0x6C23, 0x6C23, 0x6C23, 0x6C23, 0x6C23, 
  0x6C23, 0x6C23, 0x6C23, 0x6C23, 0x6C23, 0x6C23, 0x6C23, 0x6C23, 0x6C23, 0x6C23, 0x6C23, 0x6C23, 0x6C23, 0x6C23, 0x6C23, 0x6C23, 
  0x6C23, 0x6C23, 0x6C23, 0x6C23, 0x6C23, 0x6C23, 0x6C23, 0x6C23, 0x6C23, 0x6C23, 0x6C23, 0x6C23, 0x6C23, 0x6C23, 0x6C23, 0x6C23, 
  0x6C23, 0x6C23, 0x6C23, 0x6C23, 0x6C23, 0x6C23, 0x6C23, 0x6C23, 0x6C23, 0x6C23, 0x6C23, 0x6C23, 0x6C23, 0x6C23, 0x6C23, 0x6C23, 
  0x6C23, 0x6C23, 0x6C23, 0x6C23, 0x6C23, 0x6C23, 0x6C23, 0x6C23, 0x6C23, 0x6C23, 0x6C23, 0x6C23, 0x6C23, 0x6C23, 0x6C23, 0x6C23, 
  0x6C23, 0x6C23, 0x6C23, 0x6C23, 0x6C23, 0x6C23, 0x6C23, 0x6C23, 0x6C23, 0x6C23, 0x6C23, 0x6C23, 0x6C23, 0x6C23, 0x6C23, 0x6C23, 
  0x6C23, 0x6C23, 0x6C23, 0x6C23, 0x6C23, 0x6C23, 0x6C23, 0x6C23, 0x6C23, 0x6C23, 0x6C23, 0x6C23, 0x6C23, 0x6C23, 0x6C23, 0x6C23, 
  0x6C23, 0x6C23, 0x6C23, 0x6C23, 0x6C23, 0x6C23, 0x6C23, 0x6C23, 0x6C23, 0x6C23, 0x6C23, 0x6C23, 0x6C23, 0x6C23, 0x6C23, 0x8C1B, 
  0x8C1B, 0x6C23, 0x6C23, 0x6C23, 0x6C23, 0x8C1B, 0x6C23, 0x6C23, 0x6C23, 0x6C23, 0x6C1B, 0x6B13, 0x6B1B, 0x4B1B, 0x4C23, 0x4C23, 
  0x6C23, 0x8D33, 0xAE3B, 0xCE33, 0x6F3B, 0xF693, 0xD7A3, 0xCF6A, 0xAD4A, 0x8A42, 0x6A42, 0x6A42, 0x293A, 0xF27A, 0x7DCC, 0x779D, 
  0x5375, 0xF793, 0x1AB4, 0x6F4B, 0xAD2B, 0x4C23, 0x2B23, 0x2B1B, 0x4B1B, 0x6B1B, 0x6B1B, 0x6C23, 0x6B23, 0x6C23, 0x6C23, 0x6C23, 
  0x6C23, 0x6C23, 0x6C23, 0x6C1B, 0x6C23, 0x6C23, 0x6C23, 0x6C23, 0x6B23, 0x6C23, 0x6C23, 0x6C23, 0x6C23, 0x6C23, 0x6C23, 0x6C23, 
  0x6C23, 0x6C23, 0x6C23, 0x6C23, 0x6C23, 0x6C23, 0x6C23, 0x6C23, 0x6C23, 0x6C23, 0x6C23, 0x6C23, 0x6C23, 0x6C23, 0x6C23, 0x6C23, 
  0x6C23, 0x6C23, 0x6C23, 0x6C23, 0x6C23, 0x6C23, 0x6C23, 0x6C23, 0x6C23, 0x6C23, 0x6C23, 0x6C23, 0x6C23, 0x6C23, 0x6C23, 0x6C23, 
  0x6C23, 0x6C23, 0x6C23, 0x6C23, 0x6C23, 0x6C23, 0x6C23, 0x6C23, 0x6C23, 0x6C23, 0x6C23, 0x6C23, 0x6C23, 0x6C23, 0x6C23, 0x6C23, 
  0x6C23, 0x6C23, 0x6C23, 0x6C23, 0x6C23, 0x6C23, 0x6C23, 0x6C23, 0x6C23, 0x6C23, 0x6C23, 0x6C23, 0x6C23, 0x6C23, 0x6C23, 0x6C23, 
  0x6C23, 0x6C23, 0x6C23, 0x6C23, 0x6C23, 0x6C23, 0x6C23, 0x6C23, 0x6C23, 0x6C23, 0x6C23, 0x6C23, 0x6C23, 0x6C23, 0x6C23, 0x6C23, 
  0x6C23, 0x6C23, 0x6C23, 0x6C23, 0x6C23, 0x6C23, 0x6C23, 0x6C23, 0x6C23, 0x6C23, 0x6C23, 0x6C23, 0x6C23, 0x6C23, 0x6C23, 0x6C23, 
  0x6C23, 0x6C23, 0x6C23, 0x6C23, 0x6C23, 0x6C23, 0x6C23, 0x6C23, 0x6C23, 0x6C23, 0x6C23, 0x6C23, 0x6C23, 0x6C23, 0x6C23, 0x6C23, 
  0x6C23, 0x6C23, 0x6C23, 0x6C23, 0x6C23, 0x6C23, 0x6C23, 0x6C23, 0x6C23, 0x6C23, 0x6C23, 0x6C23, 0x6C23, 0x6C23, 0x6C23, 0x6C23, 
  0x6C23, 0x6C23, 0x6C23, 0x6C23, 0x6C23, 0x6C23, 0x6C23, 0x6C23, 0x6C23, 0x6C23, 0x6C23, 0x6C23, 0x6C23, 0x6C23, 0x6C23, 0x6C23, 
  0x6C23, 0x6C23, 0x6C23, 0x6C23, 0x6C23, 0x6C23, 0x6C23, 0x6C23, 0x6C23, 0x6C23, 0x6C23, 0x6C23, 0x6C23, 0x6C23, 0x6C23, 0x6C23, 
  0x6C23, 0x6C23, 0x6C23, 0x6C23, 0x6C23, 0x6C23, 0x6C23, 0x6C23, 0x6C23, 0x6C23, 0x6C23, 0x6C23, 0x6C23, 0x6C23, 0x6B23, 0x6B23, 
  0x4C2B, 0x6C23, 0x6C23, 0x8C23, 0x6C23, 0x4B23, 0x6B1B, 0x6B13, 0x6A13, 0x6B1B, 0x6D2B, 0x8E3B, 0xD043, 0xD15B, 0xF373, 0xD473, 
  0x747B, 0x7593, 0x7793, 0x1273, 0xAE5A, 0x2C52, 0xCB49, 0x0A42, 0x4B4A, 0x4A42, 0x2A42, 0x2842, 0xE939, 0xD69A, 0xFFE4, 0xFFFF, 
  0xFFFF, 0xFEDC, 0xBFDB, 0x5EDC, 0xF9AB, 0xD693, 0x1684, 0x1474, 0xD153, 0x8F3B, 0x4E33, 0x4C2B, 0x6B1B, 0x6B13, 0x4B1B, 0x6B1B, 
  0x6C23, 0x6D23, 0x6C23, 0x6C23, 0x6C23, 0x6C23, 0x6C23, 0x6C23, 0x6C23, 0x8C1B, 0x8C1B, 0x6C23, 0x6C23, 0x6C23, 0x6C23, 0x6C23, 
  0x6C23, 0x6C23, 0x6C23, 0x6C23, 0x6C23, 0x6C23, 0x6C23, 0x6C23, 0x6C23, 0x6C23, 0x6C23, 0x6C23, 0x6C23, 0x6C23, 0x6C23, 0x6C23, 
  0x6C23, 0x6C23, 0x6C23, 0x6C23, 0x6C23, 0x6C23, 0x6C23, 0x6C23, 0x6C23, 0x6C23, 0x6C23, 0x6C23, 0x6C23, 0x6C23, 0x6C23, 0x6C23, 
  0x6C23, 0x6C23, 0x6C23, 0x6C23, 0x6C23, 0x6C23, 0x6C23, 0x6C23, 0x6C23, 0x6C23, 0x6C23, 0x6C23, 0x6C23, 0x6C23, 0x6C23, 0x6C23, 
  0x6C23, 0x6C23, 0x6C23, 0x6C23, 0x6C23, 0x6C23, 0x6C23, 0x6C23, 0x6C23, 0x6C23, 0x6C23, 0x6C23, 0x6C23, 0x6C23, 0x6C23, 0x6C23, 
  0x6C23, 0x6C23, 0x6C23, 0x6C23, 0x6C23, 0x6C23, 0x6C23, 0x6C23, 0x6C23, 0x6C23, 0x6C23, 0x6C23, 0x6C23, 0x6C23, 0x6C23, 0x6C23, 
  0x6C23, 0x6C23, 0x6C23, 0x6C23, 0x6C23, 0x6C23, 0x6C23, 0x6C23, 0x6C23, 0x6C23, 0x6C23, 0x6C23, 0x6C23, 0x6C23, 0x6C23, 0x6C23, 
  0x6C23, 0x6C23, 0x6C23, 0x6C23, 0x6C23, 0x6C23, 0x6C23, 0x6C23, 0x6C23, 0x6C23, 0x6C23, 0x6C23, 0x6C23, 0x6C23, 0x6C23, 0x6C23, 
  0x6C23, 0x6C23, 0x6C23, 0x6C23, 0x6C23, 0x6C23, 0x6C23, 0x6C23, 0x6C23, 0x6C23, 0x6C23, 0x6C23, 0x6C23, 0x6C23, 0x6C23, 0x6C23, 
  0x6C23, 0x6C23, 0x6C23, 0x6C23, 0x6C23, 0x6C23, 0x6C23, 0x6C23, 0x6C23, 0x6C23, 0x6C23, 0x6C23, 0x6C23, 0x6C23, 0x6C23, 0x6C23, 
  0x6C23, 0x6C23, 0x6C23, 0x6C23, 0x6C23, 0x6C23, 0x6C23, 0x6C23, 0x6C23, 0x6C23, 0x6C23, 0x6C23, 0x6C23, 0x6C23, 0x6C23, 0x6C23, 
  0x6C23, 0x6C23, 0x6C23, 0x6C23, 0x6C23, 0x6C23, 0x6C23, 0x6C23, 0x6C23, 0x6C23, 0x6C23, 0x6C23, 0x6C23, 0x6C1B, 0x6C23, 0x6C23, 
  0x6C23, 0x6C23, 0x6B1B, 0x4B13, 0x4B1B, 0x6C3B, 0x6F53, 0xF373, 0xF47B, 0xD47B, 0x737B, 0x1173, 0xB172, 0x6F72, 0x4D62, 0x4C52, 
  0x6C52, 0x2B4A, 0x0B42, 0x0A42, 0xC841, 0x073A, 0x483A, 0x4942, 0x0A4A, 0xCE5A, 0x8C4A, 0x8C4A, 0x4D5A, 0x5BBB, 0x5EE6, 0xFFFF, 
  0x3EF7, 0xDECB, 0x1EDC, 0xD48A, 0xAB49, 0x2C5A, 0x9072, 0xD27A, 0x358B, 0x5693, 0x9483, 0xD37B, 0xB363, 0xF363, 0x914B, 0x8E3B, 
  0x8C2B, 0x8B1B, 0x4B1B, 0x4B1B, 0x4B23, 0x6B23, 0x8C23, 0x6C23, 0x6C23, 0x6B23, 0x6B23, 0x6C23, 0x6C23, 0x6C23, 0x6C23, 0x6C23, 
  0x6C23, 0x6C23, 0x6C23, 0x6C23, 0x6C23, 0x6C23, 0x6C23, 0x6C23, 0x6C23, 0x6C23, 0x6C23, 0x6C23, 0x6C23, 0x6C23, 0x6C23, 0x6C23, 
  0x6C23, 0x6C23, 0x6C23, 0x6C23, 0x6C23, 0x6C23, 0x6C23, 0x6C23, 0x6C23, 0x6C23, 0x6C23, 0x6C23, 0x6C23, 0x6C23, 0x6C23, 0x6C23, 
  0x6C23, 0x6C23, 0x6C23, 0x6C23, 0x6C23, 0x6C23, 0x6C23, 0x6C23, 0x6C23, 0x6C23, 0x6C23, 0x6C23, 0x6C23, 0x6C23, 0x6C23, 0x6C23, 
  0x6C23, 0x6C23, 0x6C23, 0x6C23, 0x6C23, 0x6C23, 0x6C23, 0x6C23, 0x6C23, 0x6C23, 0x6C23, 0x6C23, 0x6C23, 0x6C23, 0x6C23, 0x6C23, 
  0x6C23, 0x6C23, 0x6C23, 0x6C23, 0x6C23, 0x6C23, 0x6C23, 0x6C23, 0x6C23, 0x6C23, 0x6C23, 0x6C23, 0x6C23, 0x6C23, 0x6C23, 0x6C23, 
  0x6C23, 0x6C23, 0x6C23, 0x6C23, 0x6C23, 0x6C23, 0x6C23, 0x6C23, 0x6C23, 0x6C23, 0x6C23, 0x6C23, 0x6C23, 0x6C23, 0x6C23, 0x6C23, 
  0x6C23, 0x6C23, 0x6C23, 0x6C23, 0x6C23, 0x6C23, 0x6C23, 0x6C23, 0x6C23, 0x6C23, 0x6C23, 0x6C23, 0x6C23, 0x6C23, 0x6C23, 0x6C23, 
  0x6C23, 0x6C23, 0x6C23, 0x6C23, 0x6C23, 0x6C23, 0x6C23, 0x6C23, 0x6C23, 0x6C23, 0x6C23, 0x6C23, 0x6C23, 0x6C23, 0x6C23, 0x6C23, 
  0x6C23, 0x6C23, 0x6C23, 0x6C23, 0x6C23, 0x6C23, 0x6C23, 0x6C23, 0x6C23, 0x6C23, 0x6C23, 0x6C23, 0x6C23, 0x6C23, 0x6C23, 0x6C23, 
  0x6C23, 0x6C23, 0x6C23, 0x6C23, 0x6C23, 0x6C23, 0x6C23, 0x6C23, 0x6C23, 0x6C23, 0x6C23, 0x6C23, 0x6C23, 0x6C23, 0x6C23, 0x6C23, 
  0x6C23, 0x6C23, 0x6C23, 0x6C23, 0x6C23, 0x6C23, 0x6C23, 0x6C23, 0x6C23, 0x6C23, 0x8C1B, 0x6C23, 0x4C23, 0x6C23, 0x6D23, 0x6C23, 
  0x6B1B, 0x4B1B, 0x8E33, 0xD36B, 0xD89B, 0x1AAC, 0x979B, 0x3493, 0x9072, 0x0C5A, 0x2B4A, 0x2A42, 0x2942, 0x0942, 0x2942, 0x0A42, 
  0xAD52, 0x8E52, 0x6D52, 0xAE52, 0x2A42, 0x4842, 0x494A, 0x2A42, 0x4B4A, 0x6E5A, 0x4C4A, 0x0A3A, 0x707A, 0x5DD4, 0x9FFF, 0xFFFF, 
  0xDEE5, 0x9FE3, 0x36A3, 0xEA41, 0x4A42, 0x4A4A, 0x2942, 0xE739, 0xE739, 0x0942, 0xC949, 0x0C52, 0x4D62, 0xCF72, 0xCF6A, 0x5073, 
  0x7273, 0x5373, 0xB25B, 0xAF43, 0xAD2B, 0x6C23, 0x2C1B, 0x4C1B, 0x8A13, 0x6C23, 0x4D2B, 0x6C23, 0x6C23, 0x6C23, 0x6C23, 0x6C23, 
  0x6C23, 0x6C23, 0x6C23, 0x6C23, 0x6C23, 0x6C23, 0x6C23, 0x6C23, 0x6C23, 0x6C23, 0x6C23, 0x6C23, 0x6C23, 0x6C23, 0x6C23, 0x6C23, 
  0x6C23, 0x6C23, 0x6C23, 0x6C23, 0x6C23, 0x6C23, 0x6C23, 0x6C23, 0x6C23, 0x6C23, 0x6C23, 0x6C23, 0x6C23, 0x6C23, 0x6C23, 0x6C23, 
  0x6C23, 0x6C23, 0x6C23, 0x6C23, 0x6C23, 0x6C23, 0x6C23, 0x6C23, 0x6C23, 0x6C23, 0x6C23, 0x6C23, 0x6C23, 0x6C23, 0x6C23, 0x6C23, 
  0x6C23, 0x6C23, 0x6C23, 0x6C23, 0x6C23, 0x6C23, 0x6C23, 0x6C23, 0x6C23, 0x6C23, 0x6C23, 0x6C23, 0x6C23, 0x6C23, 0x6C23, 0x6C23, 
  0x6C23, 0x6C23, 0x6C23, 0x6C23, 0x6C23, 0x6C23, 0x6C23, 0x6C23, 0x6C23, 0x6C23, 0x6C23, 0x6C23, 0x6C23, 0x6C23, 0x6C23, 0x6C23, 
  0x6C23, 0x6C23, 0x6C23, 0x6C23, 0x6C23, 0x6C23, 0x6C23, 0x6C23, 0x6C23, 0x6C23, 0x6C23, 0x6C23, 0x6C23, 0x6C23, 0x6C23, 0x6C23, 
  0x6C23, 0x6C23, 0x6C23, 0x6C23, 0x6C23, 0x6C23, 0x6C23, 0x6C23, 0x6C23, 0x6C23, 0x6C23, 0x6C23, 0x6C23, 0x6C23, 0x6C23, 0x6C23, 
  0x6C23, 0x6C23, 0x6C23, 0x6C23, 0x6C23, 0x6C23, 0x6C23, 0x6C23, 0x6C23, 0x6C23, 0x6C23, 0x6C23, 0x6C23, 0x6C23, 0x6C23, 0x6C23, 
  0x6C23, 0x6C23, 0x6C23, 0x6C23, 0x6C23, 0x6C23, 0x6C23, 0x6C23, 0x6C23, 0x6C23, 0x6C23, 0x6C23, 0x6C23, 0x6C23, 0x6C23, 0x6C23, 
  0x6C23, 0x6C23, 0x6C23, 0x6C23, 0x6C23, 0x6C23, 0x6C23, 0x6C23, 0x6C23, 0x6C23, 0x6C23, 0x6C23, 0x6C23, 0x6C23, 0x6C23, 0x6C23, 
  0x6C23, 0x6C23, 0x6C23, 0x6C23, 0x6C23, 0x6C23, 0x6C23, 0x6C23, 0x6C23, 0x6C23, 0x6C23, 0x6C23, 0x6B23, 0x8B1B, 0x6B1B, 0x4C23, 
  0x704B, 0x368C, 0xB9AB, 0x379B, 0xB072, 0x2C52, 0x2B4A, 0x0A42, 0x093A, 0x493A, 0xCB52, 0x6B4A, 0x8C4A, 0x8C4A, 0xAC4A, 0x6B4A, 
  0x6B4A, 0x0942, 0x294A, 0x6B4A, 0xAD4A, 0x4B42, 0x2A42, 0x2A4A, 0x8C52, 0x3273, 0x8D4A, 0xE941, 0xD7AA, 0xDFED, 0xFFFF, 0xBFFF, 
  0x9DD4, 0x9BCB, 0x0A4A, 0x4A42, 0x8B4A, 0x2942, 0x4942, 0x2942, 0x2942, 0x4942, 0x0842, 0x2842, 0x4942, 0x283A, 0xC839, 0xC941, 
  0xEA41, 0x8D5A, 0xAF62, 0xD16A, 0x537B, 0xB37B, 0xD26B, 0xD053, 0xAF3B, 0x6D23, 0x2B1B, 0x2B1B, 0x6B23, 0x6C23, 0x6C23, 0x6C23, 
  0x6C23, 0x6C23, 0x6C23, 0x6C23, 0x6C23, 0x6C23, 0x6C23, 0x6C23, 0x6C23, 0x6C23, 0x6C23, 0x6C23, 0x6C23, 0x6C23, 0x6C23, 0x6C23, 
  0x6C23, 0x6C23, 0x6C23, 0x6C23, 0x6C23, 0x6C23, 0x6C23, 0x6C23, 0x6C23, 0x6C23, 0x6C23, 0x6C23, 0x6C23, 0x6C23, 0x6C23, 0x6C23, 
  0x6C23, 0x6C23, 0x6C23, 0x6C23, 0x6C23, 0x6C23, 0x6C23, 0x6C23, 0x6C23, 0x6C23, 0x6C23, 0x6C23, 0x6C23, 0x6C23, 0x6C23, 0x6C23, 
  0x6C23, 0x6C23, 0x6C23, 0x6C23, 0x6C23, 0x6C23, 0x6C23, 0x6C23, 0x6C23, 0x6C23, 0x6C23, 0x6C23, 0x6C23, 0x6C23, 0x6C23, 0x6C23, 
  0x6C23, 0x6C23, 0x6C23, 0x6C23, 0x6C23, 0x6C23, 0x6C23, 0x6C23, 0x6C23, 0x6C23, 0x6C23, 0x6C23, 0x6C23, 0x6C23, 0x6C23, 0x6C23, 
  0x6C23, 0x6C23, 0x6C23, 0x6C23, 0x6C23, 0x6C23, 0x6C23, 0x6C23, 0x6C23, 0x6C23, 0x6C23, 0x6C23, 0x6C23, 0x6C23, 0x6C23, 0x6C23, 
  0x6C23, 0x6C23, 0x6C23, 0x6C23, 0x6C23, 0x6C23, 0x6C23, 0x6C23, 0x6C23, 0x6C23, 0x6C23, 0x6C23, 0x6C23, 0x6C23, 0x6C23, 0x6C23, 
  0x6C23, 0x6C23, 0x6C23, 0x6C23, 0x6C23, 0x6C23, 0x6C23, 0x6C23, 0x6C23, 0x6C23, 0x6C23, 0x6C23, 0x6C23, 0x6C23, 0x6C23, 0x6C23, 
  0x6C23, 0x6C23, 0x6C23, 0x6C23, 0x6C23, 0x6C23, 0x6C23, 0x6C23, 0x6C23, 0x6C23, 0x6C23, 0x6C23, 0x6C23, 0x6C23, 0x6C23, 0x6C23, 
  0x6C23, 0x6C23, 0x6C23, 0x6C23, 0x6C23, 0x6C23, 0x6C23, 0x6C23, 0x6C23, 0x6C23, 0x6C23, 0x6C23, 0x6C23, 0x6C23, 0x6C23, 0x6C23, 
  0x6C23, 0x6C23, 0x6C23, 0x6C23, 0x6C23, 0x6C23, 0x6C23, 0x6C23, 0x6C23, 0x6C23, 0x6C23, 0x6C23, 0x6B1B, 0x4C23, 0x7153, 0x18A4, 
  0x1CC4, 0xD48A, 0x4D5A, 0x4A42, 0x093A, 0x4A42, 0x8B4A, 0x6A42, 0x6A4A, 0x4A4A, 0x2A4A, 0x2A42, 0x2A4A, 0x4A42, 0x4B42, 0x6C4A, 
  0x6B4A, 0x6B4A, 0x2A42, 0x6B4A, 0x6C4A, 0x8D52, 0x6C4A, 0x6A42, 0x4A42, 0x6C4A, 0x4A42, 0x0D62, 0xFCCB, 0x5FF7, 0xFFFF, 0x9EEE, 
  0xDED3, 0xD382, 0x2A42, 0x6A4A, 0x6B4A, 0x2B42, 0x6B4A, 0x083A, 0x2942, 0x0942, 0x4A4A, 0x6B4A, 0x4A42, 0x0842, 0x494A, 0xAC4A, 
  0xED4A, 0x8A42, 0xE939, 0x4B4A, 0x6C52, 0x2C52, 0x8E62, 0xD072, 0x5383, 0xB583, 0x5584, 0x125C, 0x6D2B, 0x4B1B, 0x4B1B, 0x6C23, 
  0x6C23, 0x6C23, 0x6C23, 0x6C23, 0x6C23, 0x6C23, 0x6C23, 0x6C23, 0x6C23, 0x6C23, 0x6C23, 0x6C23, 0x6C23, 0x6C23, 0x6C23, 0x6C23, 
  0x6C23, 0x6C23, 0x6C23, 0x6C23, 0x6C23, 0x6C23, 0x6C23, 0x6C23, 0x6C23, 0x6C23, 0x6C23, 0x6C23, 0x6C23, 0x6C23, 0x6C23, 0x6C23, 
  0x6C23, 0x6C23, 0x6C23, 0x6C23, 0x6C23, 0x6C23, 0x6C23, 0x6C23, 0x6C23, 0x6C23, 0x6C23, 0x6C23, 0x6C23, 0x6C23, 0x6C23, 0x6C23, 
  0x6C23, 0x6C23, 0x6C23, 0x6C23, 0x6C23, 0x6C23, 0x6C23, 0x6C23, 0x6C23, 0x6C23, 0x6C23, 0x6C23, 0x6C23, 0x6C23, 0x6C23, 0x6C23, 
  0x6C23, 0x6C23, 0x6C23, 0x6C23, 0x6C23, 0x6C23, 0x6C23, 0x6C23, 0x6C23, 0x6C23, 0x6C23, 0x6C23, 0x6C23, 0x6C23, 0x6C23, 0x6C23, 
  0x6C23, 0x6C23, 0x6C23, 0x6C23, 0x6C23, 0x6C23, 0x6C23, 0x6C23, 0x6C23, 0x6C23, 0x6C23, 0x6C23, 0x6C23, 0x6C23, 0x6C23, 0x6C23, 
  0x6C23, 0x6C23, 0x6C23, 0x6C23, 0x6C23, 0x6C23, 0x6C23, 0x6C23, 0x6C23, 0x6C23, 0x6C23, 0x6C23, 0x6C23, 0x6C23, 0x6C23, 0x6C23, 
  0x6C23, 0x6C23, 0x6C23, 0x6C23, 0x6C23, 0x6C23, 0x6C23, 0x6C23, 0x6C23, 0x6C23, 0x6C23, 0x6C23, 0x6C23, 0x6C23, 0x6C23, 0x6C23, 
  0x6C23, 0x6C23, 0x6C23, 0x6C23, 0x6C23, 0x6C23, 0x6C23, 0x6C23, 0x6C23, 0x6C23, 0x6C23, 0x6C23, 0x6C23, 0x6C23, 0x6C23, 0x6C23, 
  0x6C23, 0x6C23, 0x6C23, 0x6C23, 0x6C23, 0x6C23, 0x6C23, 0x6C23, 0x6C23, 0x6C23, 0x6C23, 0x6C23, 0x6C23, 0x6C23, 0x6C23, 0x6C23, 
  0x6C23, 0x6C23, 0x6C23, 0x6C23, 0x6C23, 0x6C23, 0x8B1B, 0x6B23, 0x6C23, 0x8C23, 0x6B1B, 0x6B1B, 0x9053, 0xF9A3, 0x3ED4, 0xDEE3, 
  0x4E6A, 0x4F52, 0xD152, 0xCE5A, 0x6B4A, 0x6C4A, 0x4B4A, 0x4A4A, 0x4A4A, 0x4942, 0x2942, 0x2A42, 0x2942, 0x0C4A, 0x5072, 0x169B, 
  0x7072, 0x6B42, 0xCF52, 0x8E52, 0x6B42, 0x6A4A, 0x4A42, 0x4A42, 0x8C4A, 0x6C4A, 0x4A42, 0x5382, 0x7FED, 0xFFFF, 0xFFFF, 0x3EE5, 
  0x38AB, 0x6D52, 0x8B42, 0xE841, 0xA941, 0x4C5A, 0x2D5A, 0x0D62, 0x0D5A, 0x2D5A, 0x4F62, 0x0E5A, 0xCB51, 0xAA49, 0x0B4A, 0x2C4A, 
  0xEA41, 0xEA41, 0x4D4A, 0x6D4A, 0x0A42, 0xE739, 0xE831, 0x093A, 0x0942, 0x4D62, 0xB282, 0x97A3, 0x19A4, 0x1684, 0xD053, 0x4B23, 
  0x4B1B, 0x6C23, 0x6C2B, 0x6C23, 0x6C23, 0x6C23, 0x6C1B, 0x6C23, 0x6C23, 0x6C23, 0x6C1B, 0x6C23, 0x6C23, 0x6C23, 0x6C23, 0x6C23, 
  0x6C23, 0x6C23, 0x6C23, 0x6C23, 0x6C23, 0x6C23, 0x6C23, 0x6C23, 0x6C23, 0x6C23, 0x6C23, 0x6C23, 0x6C23, 0x6C23, 0x6C23, 0x6C23, 
  0x6C23, 0x6C23, 0x6C23, 0x6C23, 0x6C23, 0x6C23, 0x6C23, 0x6C23, 0x6C23, 0x6C23, 0x6C23, 0x6C23, 0x6C23, 0x6C23, 0x6C23, 0x6C23, 
  0x6C23, 0x6C23, 0x6C23, 0x6C23, 0x6C23, 0x6C23, 0x6C23, 0x6C23, 0x6C23, 0x6C23, 0x6C23, 0x6C23, 0x6C23, 0x6C23, 0x6C23, 0x6C23, 
  0x6C23, 0x6C23, 0x6C23, 0x6C23, 0x6C23, 0x6C23, 0x6C23, 0x6C23, 0x6C23, 0x6C23, 0x6C23, 0x6C23, 0x6C23, 0x6C23, 0x6C23, 0x6C23, 
  0x6C23, 0x6C23, 0x6C23, 0x6C23, 0x6C23, 0x6C23, 0x6C23, 0x6C23, 0x6C23, 0x6C23, 0x6C23, 0x6C23, 0x6C23, 0x6C23, 0x6C23, 0x6C23, 
  0x6C23, 0x6C23, 0x6C23, 0x6C23, 0x6C23, 0x6C23, 0x6C23, 0x6C23, 0x6C23, 0x6C23, 0x6C23, 0x6C23, 0x6C23, 0x6C23, 0x6C23, 0x6C23, 
  0x6C23, 0x6C23, 0x6C23, 0x6C23, 0x6C23, 0x6C23, 0x6C23, 0x6C23, 0x6C23, 0x6C23, 0x6C23, 0x6C23, 0x6C23, 0x6C23, 0x6C23, 0x6C23, 
  0x6C23, 0x6C23, 0x6C23, 0x6C23, 0x6C23, 0x6C23, 0x6C23, 0x6C23, 0x6C23, 0x6C23, 0x6C23, 0x6C23, 0x6C23, 0x6C23, 0x6C23, 0x6C23, 
  0x6C23, 0x6C23, 0x6C23, 0x6C23, 0x6C23, 0x6C23, 0x6C23, 0x6C23, 0x6C23, 0x6C23, 0x6C23, 0x6C23, 0x6C23, 0x6C23, 0x6C23, 0x6C23, 
  0x6C23, 0x6C23, 0x6C23, 0x6C23, 0x6C23, 0x8C1B, 0x6B23, 0x6D2B, 0x6D1B, 0x4B1B, 0x4F43, 0x7883, 0x3EC3, 0x5FDB, 0xDFEB, 0xBCCB, 
  0xCB51, 0xCE4A, 0xEF52, 0x4A4A, 0x4B4A, 0x6B42, 0x6B4A, 0x4A4A, 0x6B42, 0x6B4A, 0x2942, 0x2A42, 0x6E62, 0x99B3, 0xFEE3, 0x3FF4, 
  0xF59A, 0xE739, 0x6B4A, 0xAD52, 0x4B4A, 0x4B4A, 0x6B4A, 0x4A42, 0x4B42, 0x8B4A, 0x2C4A, 0x58AB, 0xDFF6, 0xFFFF, 0x5FF7, 0xFED3, 
  0x906A, 0x2B3A, 0x9072, 0x16AB, 0xBBC3, 0xDDD3, 0x7DCB, 0xBDCB, 0xFDDC, 0x9DE5, 0xFDE5, 0xBCDD, 0x3BCD, 0xBAC4, 0x7BC4, 0xD9BB, 
  0xD8B3, 0xD8AB, 0xB8A3, 0x1593, 0xD282, 0x9282, 0x9172, 0x6E5A, 0x4C4A, 0x6B42, 0x0A32, 0x2B4A, 0x2D5A, 0xD38A, 0xB8AB, 0x189C, 
  0xB15B, 0x4C2B, 0x4B1B, 0x4C23, 0x6C23, 0x6C23, 0x6C23, 0x8B1B, 0x6C23, 0x6C23, 0x6C23, 0x6C23, 0x6C23, 0x6C23, 0x6C1B, 0x6C23, 
  0x6C23, 0x6C23, 0x6C23, 0x6C23, 0x6C23, 0x6C23, 0x6C23, 0x6C23, 0x6C23, 0x6C23, 0x6C23, 0x6C23, 0x6C23, 0x6C23, 0x6C23, 0x6C23, 
  0x6C23, 0x6C23, 0x6C23, 0x6C23, 0x6C23, 0x6C23, 0x6C23, 0x6C23, 0x6C23, 0x6C23, 0x6C23, 0x6C23, 0x6C23, 0x6C23, 0x6C23, 0x6C23, 
  0x6C23, 0x6C23, 0x6C23, 0x6C23, 0x6C23, 0x6C23, 0x6C23, 0x6C23, 0x6C23, 0x6C23, 0x6C23, 0x6C23, 0x6C23, 0x6C23, 0x6C23, 0x6C23, 
  0x6C23, 0x6C23, 0x6C23, 0x6C23, 0x6C23, 0x6C23, 0x6C23, 0x6C23, 0x6C23, 0x6C23, 0x6C23, 0x6C23, 0x6C23, 0x6C23, 0x6C23, 0x6C23, 
  0x6C23, 0x6C23, 0x6C23, 0x6C23, 0x6C23, 0x6C23, 0x6C23, 0x6C23, 0x6C23, 0x6C23, 0x6C23, 0x6C23, 0x6C23, 0x6C23, 0x6C23, 0x6C23, 
  0x6C23, 0x6C23, 0x6C23, 0x6C23, 0x6C23, 0x6C23, 0x6C23, 0x6C23, 0x6C23, 0x6C23, 0x6C23, 0x6C23, 0x6C23, 0x6C23, 0x6C23, 0x6C23, 
  0x6C23, 0x6C23, 0x6C23, 0x6C23, 0x6C23, 0x6C23, 0x6C23, 0x6C23, 0x6C23, 0x6C23, 0x6C23, 0x6C23, 0x6C23, 0x6C23, 0x6C23, 0x6C23, 
  0x6C23, 0x6C23, 0x6C23, 0x6C23, 0x6C23, 0x6C23, 0x6C23, 0x6C23, 0x6C23, 0x6C23, 0x6C23, 0x6C23, 0x6C23, 0x6C23, 0x6C23, 0x6C23, 
  0x6C23, 0x6C23, 0x6C23, 0x6C23, 0x6C23, 0x6C23, 0x6C23, 0x6C23, 0x6C23, 0x6C23, 0x6C23, 0x6C23, 0x6C23, 0x6C23, 0x6C23, 0x6C23, 
  0x6C23, 0x6C23, 0x6C23, 0x6C23, 0x6C23, 0x8C1B, 0x6D23, 0x4C1B, 0x4C23, 0xD363, 0x5BB4, 0x9ECB, 0xBEC2, 0xDEC2, 0x9FDB, 0x1FE4, 
  0x37AB, 0x6E52, 0x6A42, 0x6A4A, 0x6C42, 0x4B42, 0x2A4A, 0x6A42, 0x4A42, 0x2C52, 0x6B4A, 0x4C52, 0xBBC3, 0xDFE3, 0x3ED3, 0xFFEB, 
  0xF69A, 0x073A, 0x6B4A, 0x6D4A, 0x2B42, 0x2A42, 0x6B4A, 0x8B4A, 0x8C4A, 0x6A42, 0x2F62, 0x7CD4, 0xDFFF, 0xFFFF, 0x1FEE, 0x39AB, 
  0xC941, 0xD182, 0xFEDB, 0xDBC3, 0xB9BB, 0x9AC3, 0x5CBB, 0xBCC3, 0x1DDD, 0x1FF6, 0x7FFE, 0xBFFE, 0xDFFE, 0xDFFE, 0x1FFF, 0x1FFF, 
  0x1FFF, 0xBFFE, 0x7FFE, 0x5FFE, 0xBFEC, 0x7FDB, 0xBFEB, 0xDFE3, 0xBCC3, 0x169B, 0x9072, 0x8C5A, 0x093A, 0xE839, 0xEA41, 0xB17A, 
  0x5693, 0xF793, 0xF46B, 0x6D33, 0x2B1B, 0x6C23, 0x6D23, 0x6C23, 0x6C23, 0x6C23, 0x6C23, 0x6C23, 0x8C1B, 0x6C23, 0x4C23, 0x6C23, 
  0x6C23, 0x6C23, 0x6C23, 0x6C23, 0x6C23, 0x6C23, 0x6C23, 0x6C23, 0x6C23, 0x6C23, 0x6C23, 0x6C23, 0x6C23, 0x6C23, 0x6C23, 0x6C23, 
  0x6C23, 0x6C23, 0x6C23, 0x6C23, 0x6C23, 0x6C23, 0x6C23, 0x6C23, 0x6C23, 0x6C23, 0x6C23, 0x6C23, 0x6C23, 0x6C23, 0x6C23, 0x6C23, 
  0x6C23, 0x6C23, 0x6C23, 0x6C23, 0x6C23, 0x6C23, 0x6C23, 0x6C23, 0x6C23, 0x6C23, 0x6C23, 0x6C23, 0x6C23, 0x6C23, 0x6C23, 0x6C23, 
  0x6C23, 0x6C23, 0x6C23, 0x6C23, 0x6C23, 0x6C23, 0x6C23, 0x6C23, 0x6C23, 0x6C23, 0x6C23, 0x6C23, 0x6C23, 0x6C23, 0x6C23, 0x6C23, 
  0x6C23, 0x6C23, 0x6C23, 0x6C23, 0x6C23, 0x6C23, 0x6C23, 0x6C23, 0x6C23, 0x6C23, 0x6C23, 0x6C23, 0x6C23, 0x6C23, 0x6C23, 0x6C23, 
  0x6C23, 0x6C23, 0x6C23, 0x6C23, 0x6C23, 0x6C23, 0x6C23, 0x6C23, 0x6C23, 0x6C23, 0x6C23, 0x6C23, 0x6C23, 0x6C23, 0x6C23, 0x6C23, 
  0x6C23, 0x6C23, 0x6C23, 0x6C23, 0x6C23, 0x6C23, 0x6C23, 0x6C23, 0x6C23, 0x6C23, 0x6C23, 0x6C23, 0x6C23, 0x6C23, 0x6C23, 0x6C23, 
  0x6C23, 0x6C23, 0x6C23, 0x6C23, 0x6C23, 0x6C23, 0x6C23, 0x6C23, 0x6C23, 0x6C23, 0x6C23, 0x6C23, 0x6C23, 0x6C23, 0x6C23, 0x6C23, 
  0x6C23, 0x6C23, 0x6C23, 0x6C23, 0x6C23, 0x6C23, 0x6C23, 0x6C23, 0x6C23, 0x6C23, 0x6C23, 0x6C23, 0x6C23, 0x6C23, 0x6C23, 0x6C23, 
  0x6C23, 0x6C23, 0x6C23, 0x6C23, 0x6C23, 0x8B23, 0x2C23, 0xCF43, 0xF8B5, 0x5FFF, 0xBFFF, 0x7FFF, 0x1EEE, 0x7EC3, 0xBFC2, 0x9FDB, 
  0x1FE4, 0xBBC3, 0x4E62, 0x2D4A, 0xAC4A, 0x4A42, 0x4A4A, 0x8C52, 0x8B4A, 0xAB52, 0xE839, 0x169B, 0xBFE3, 0xBDC2, 0xFECA, 0xFFE3, 
  0xD48A, 0x0832, 0x6C4A, 0x4A4A, 0x6A4A, 0xD05A, 0xB052, 0x8C4A, 0x4A4A, 0x2A42, 0x948A, 0xDEED, 0xFFFF, 0xDFFF, 0xBEE4, 0x727A, 
  0xEA49, 0x3393, 0xED59, 0x0B4A, 0x0A4A, 0x2B4A, 0x0B52, 0xEB59, 0xED61, 0x0F6A, 0x3072, 0x717A, 0x9282, 0xB382, 0xD382, 0xD282, 
  0x148B, 0x569B, 0x559B, 0x359B, 0xF59A, 0x159B, 0x159B, 0x37A3, 0x59B3, 0x9CCB, 0xBBCB, 0x57A3, 0x4E5A, 0xE831, 0x4942, 0x083A, 
  0xE941, 0x4F62, 0x3593, 0x3AAC, 0xF57B, 0x6D2B, 0x6A13, 0x6B1B, 0x6C23, 0x6C23, 0x6C23, 0x6C23, 0x8C1B, 0x8C1B, 0x6C23, 0x6C23, 
  0x6C23, 0x6C23, 0x6C23, 0x6C23, 0x6C23, 0x6C23, 0x6C23, 0x6C23, 0x6C23, 0x6C23, 0x6C23, 0x6C23, 0x6C23, 0x6C23, 0x6C23, 0x6C23, 
  0x6C23, 0x6C23, 0x6C23, 0x6C23, 0x6C23, 0x6C23, 0x6C23, 0x6C23, 0x6C23, 0x6C23, 0x6C23, 0x6C23, 0x6C23, 0x6C23, 0x6C23, 0x6C23, 
  0x6C23, 0x6C23, 0x6C23, 0x6C23, 0x6C23, 0x6C23, 0x6C23, 0x6C23, 0x6C23, 0x6C23, 0x6C23, 0x6C23, 0x6C23, 0x6C23, 0x6C23, 0x6C23, 
  0x6C23, 0x6C23, 0x6C23, 0x6C23, 0x6C23, 0x6C23, 0x6C23, 0x6C23, 0x6C23, 0x6C23, 0x6C23, 0x6C23, 0x6C23, 0x6C23, 0x6C23, 0x6C23, 
  0x6C23, 0x6C23, 0x6C23, 0x6C23, 0x6C23, 0x6C23, 0x6C23, 0x6C23, 0x6C23, 0x6C23, 0x6C23, 0x6C23, 0x6C23, 0x6C23, 0x6C23, 0x6C23, 
  0x6C23, 0x6C23, 0x6C23, 0x6C23, 0x6C23, 0x6C23, 0x6C23, 0x6C23, 0x6C23, 0x6C23, 0x6C23, 0x6C23, 0x6C23, 0x6C23, 0x6C23, 0x6C23, 
  0x6C23, 0x6C23, 0x6C23, 0x6C23, 0x6C23, 0x6C23, 0x6C23, 0x6C23, 0x6C23, 0x6C23, 0x6C23, 0x6C23, 0x6C23, 0x6C23, 0x6C23, 0x6C23, 
  0x6C23, 0x6C23, 0x6C23, 0x6C23, 0x6C23, 0x6C23, 0x6C23, 0x6C23, 0x6C23, 0x6C23, 0x6C23, 0x6C23, 0x6C23, 0x6C23, 0x6C23, 0x6C23, 
  0x6C23, 0x6C23, 0x6C23, 0x6C23, 0x6C23, 0x6C23, 0x6C23, 0x6C23, 0x6C23, 0x6C23, 0x6C23, 0x6C23, 0x6C23, 0x6C23, 0x6C23, 0x6C23, 
  0x6C23, 0x6C23, 0x6C23, 0x6C23, 0x8B1B, 0x2C23, 0x136C, 0xFEE6, 0xFFFF, 0xFFFF, 0xFEFF, 0xFFFF, 0xFFFF, 0x3FF7, 0xBDC3, 0xDEC2, 
  0x7FE3, 0xFFEB, 0xBCCB, 0x7062, 0x4A42, 0x4942, 0x8B4A, 0x4C4A, 0x4942, 0x693A, 0x6F6A, 0xBFDB, 0x7DCB, 0xFDCB, 0x1ED3, 0xFFE3, 
  0x6F72, 0x4B42, 0x8E52, 0x6B4A, 0x2942, 0xF05A, 0xD15A, 0x6C4A, 0x093A, 0x0A4A, 0x59AB, 0xFFFE, 0xFFFF, 0xDFF6, 0x9BC3, 0x0B4A, 
  0x8D5A, 0x4C4A, 0x493A, 0xAC4A, 0x6B4A, 0x6B4A, 0x4B4A, 0x4942, 0x483A, 0x493A, 0x0732, 0x283A, 0x6B42, 0x2A42, 0x2A42, 0x0942, 
  0xE941, 0xE841, 0x2A42, 0x4C42, 0x4C42, 0x4B42, 0x093A, 0x2942, 0x0A3A, 0x6D52, 0x0C52, 0x0C52, 0x2B52, 0x0842, 0x2842, 0x2942, 
  0x2942, 0x2942, 0xE941, 0x7072, 0x1BC4, 0x3CC4, 0xB473, 0x8D33, 0x4B1B, 0x6C1B, 0x6C23, 0x6C2B, 0x4C2B, 0x6C23, 0x6C1B, 0x6C23, 
  0x6C23, 0x6C23, 0x6C23, 0x6C23, 0x6C23, 0x6C23, 0x6C23, 0x6C23, 0x6C23, 0x6C23, 0x6C23, 0x6C23, 0x6C23, 0x6C23, 0x6C23, 0x6C23, 
  0x6C23, 0x6C23, 0x6C23, 0x6C23, 0x6C23, 0x6C23, 0x6C23, 0x6C23, 0x6C23, 0x6C23, 0x6C23, 0x6C23, 0x6C23, 0x6C23, 0x6C23, 0x6C23, 
  0x6C23, 0x6C23, 0x6C23, 0x6C23, 0x6C23, 0x6C23, 0x6C23, 0x6C23, 0x6C23, 0x6C23, 0x6C23, 0x6C23, 0x6C23, 0x6C23, 0x6C23, 0x6C23, 
  0x6C23, 0x6C23, 0x6C23, 0x6C23, 0x6C23, 0x6C23, 0x6C23, 0x6C23, 0x6C23, 0x6C23, 0x6C23, 0x6C23, 0x6C23, 0x6C23, 0x6C23, 0x6C23, 
  0x6C23, 0x6C23, 0x6C23, 0x6C23, 0x6C23, 0x6C23, 0x6C23, 0x6C23, 0x6C23, 0x6C23, 0x6C23, 0x6C23, 0x6C23, 0x6C23, 0x6C23, 0x6C23, 
  0x6C23, 0x6C23, 0x6C23, 0x6C23, 0x6C23, 0x6C23, 0x6C23, 0x6C23, 0x6C23, 0x6C23, 0x6C23, 0x6C23, 0x6C23, 0x6C23, 0x6C23, 0x6C23, 
  0x6C23, 0x6C23, 0x6C23, 0x6C23, 0x6C23, 0x6C23, 0x6C23, 0x6C23, 0x6C23, 0x6C23, 0x6C23, 0x6C23, 0x6C23, 0x6C23, 0x6C23, 0x6C23, 
  0x6C23, 0x6C23, 0x6C23, 0x6C23, 0x6C23, 0x6C23, 0x6C23, 0x6C23, 0x6C23, 0x6C23, 0x6C23, 0x6C23, 0x6C23, 0x6C23, 0x6C23, 0x6C23, 
  0x6C23, 0x6C23, 0x6C23, 0x6C23, 0x6C23, 0x6C23, 0x6C23, 0x6C23, 0x6C23, 0x6C23, 0x6C23, 0x6C23, 0x6C23, 0x6C23, 0x6C23, 0x6C23, 
  0x6C23, 0x6C23, 0x6C23, 0x6C1B, 0x4E3B, 0x1694, 0x5FF7, 0xFFFF, 0xDEFF, 0xFFFF, 0xFFFF, 0xFFFF, 0xDEFF, 0xFFFF, 0x1FF7, 0x5DC3, 
  0xDFCA, 0x7FDB, 0x1FEC, 0x79B3, 0x2C4A, 0x2942, 0x2942, 0x4B4A, 0x6A4A, 0x0A42, 0x59BB, 0x9ED3, 0xBEEE, 0x5EEE, 0x1ED3, 0xBDCB, 
  0x2C52, 0x2942, 0x6C4A, 0x8D52, 0x4A42, 0x0A42, 0x6B4A, 0x4B42, 0x083A, 0x0D5A, 0x7DD4, 0xBFFF, 0xFFFF, 0x9FED, 0xB79A, 0x4A42, 
  0x2942, 0x2B4A, 0x6C4A, 0x8B4A, 0x8B4A, 0x2A42, 0x6B4A, 0x4A4A, 0x2942, 0x4A4A, 0x2942, 0x4A4A, 0x4B4A, 0x6B4A, 0x2A42, 0x6B4A, 
  0x8C4A, 0x6B42, 0x4A42, 0x2B4A, 0x4C4A, 0x8C4A, 0x4A42, 0x4A42, 0x6B4A, 0x293A, 0x6A42, 0x2942, 0x294A, 0x294A, 0x4942, 0x2A42, 
  0x4A42, 0x4A42, 0x694A, 0x083A, 0xCB51, 0xDBCB, 0xFFEB, 0xFDC3, 0xD473, 0x4D33, 0x4C1B, 0x8C1B, 0x6C2B, 0x6C23, 0x6C23, 0x6C23, 
  0x6C23, 0x6C23, 0x6C23, 0x6C23, 0x6C23, 0x6C23, 0x6C23, 0x6C23, 0x6C23, 0x6C23, 0x6C23, 0x6C23, 0x6C23, 0x6C23, 0x6C23, 0x6C23, 
  0x6C23, 0x6C23, 0x6C23, 0x6C23, 0x6C23, 0x6C23, 0x6C23, 0x6C23, 0x6C23, 0x6C23, 0x6C23, 0x6C23, 0x6C23, 0x6C23, 0x6C23, 0x6C23, 
  0x6C23, 0x6C23, 0x6C23, 0x6C23, 0x6C23, 0x6C23, 0x6C23, 0x6C23, 0x6C23, 0x6C23, 0x6C23, 0x6C23, 0x6C23, 0x6C23, 0x6C23, 0x6C23, 
  0x6C23, 0x6C23, 0x6C23, 0x6C23, 0x6C23, 0x6C23, 0x6C23, 0x6C23, 0x6C23, 0x6C23, 0x6C23, 0x6C23, 0x6C23, 0x6C23, 0x6C23, 0x6C23, 
  0x6C23, 0x6C23, 0x6C23, 0x6C23, 0x6C23, 0x6C23, 0x6C23, 0x6C23, 0x6C23, 0x6C23, 0x6C23, 0x6C23, 0x6C23, 0x6C23, 0x6C23, 0x6C23, 
  0x6C23, 0x6C23, 0x6C23, 0x6C23, 0x6C23, 0x6C23, 0x6C23, 0x6C23, 0x6C23, 0x6C23, 0x6C23, 0x6C23, 0x6C23, 0x6C23, 0x6C23, 0x6C23, 
  0x6C23, 0x6C23, 0x6C23, 0x6C23, 0x6C23, 0x6C23, 0x6C23, 0x6C23, 0x6C23, 0x6C23, 0x6C23, 0x6C23, 0x6C23, 0x6C23, 0x6C23, 0x6C23, 
  0x6C23, 0x6C23, 0x6C23, 0x6C23, 0x6C23, 0x6C23, 0x6C23, 0x6C23, 0x6C23, 0x6C23, 0x6C23, 0x6C23, 0x6C23, 0x6C23, 0x6C23, 0x6C23, 
  0x6C23, 0x6C23, 0x6C23, 0x6C23, 0x6C23, 0x6C23, 0x6C23, 0x6C23, 0x6C23, 0x6C23, 0x6C23, 0x6C23, 0x6C23, 0x6C23, 0x6C23, 0x6C23, 
  0x4C23, 0x6B23, 0x4C23, 0x7143, 0x19A4, 0x1FFF, 0xFFFF, 0xFFFF, 0xDFFF, 0xFFFF, 0xFFFF, 0xFFFF, 0xFFFF, 0xDFFF, 0xFFFF, 0x9EEE, 
  0x1DBB, 0xFFCA, 0xBFDB, 0xFEE3, 0x6F62, 0x2A42, 0x4B4A, 0x6A4A, 0x4A4A, 0x9172, 0x7FDB, 0xFDDC, 0xFFFF, 0xBEE5, 0x5FDB, 0x78AB, 
  0x4B4A, 0x2942, 0x4942, 0x4A4A, 0x4A42, 0x6B42, 0x4B4A, 0x8C52, 0x4A42, 0x9282, 0xDFED, 0xFFFF, 0x9FF7, 0x1ED4, 0x517A, 0x8B4A, 
  0x2A42, 0x4A4A, 0x2942, 0x0842, 0x2842, 0x0842, 0x2942, 0xE839, 0x0942, 0x2942, 0x2942, 0x0942, 0x2A42, 0x4A4A, 0x4A42, 0x4A42, 
  0x4B4A, 0x4B4A, 0x4A42, 0x4A42, 0x4B42, 0x8C4A, 0x4A4A, 0x2A42, 0x494A, 0x0842, 0x4942, 0x2A4A, 0x2A42, 0x8B4A, 0x4A42, 0x2A42, 
  0x8B4A, 0x6B4A, 0x2A42, 0x4A42, 0x2A3A, 0x917A, 0x5FE4, 0xDFE3, 0xFFEB, 0xBAB3, 0x735B, 0x6D23, 0x6B1B, 0x6C23, 0x8C23, 0x6C23, 
  0x6C23, 0x6C23, 0x6B23, 0x8C23, 0x6C23, 0x6C23, 0x6C23, 0x6C23, 0x6C23, 0x6C23, 0x6C23, 0x6C23, 0x6C23, 0x6C23, 0x6C23, 0x6C23, 
  0x6C23, 0x6C23, 0x6C23, 0x6C23, 0x6C23, 0x6C23, 0x6C23, 0x6C23, 0x6C23, 0x6C23, 0x6C23, 0x6C23, 0x6C23, 0x6C23, 0x6C23, 0x6C23, 
  0x6C23, 0x6C23, 0x6C23, 0x6C23, 0x6C23, 0x6C23, 0x6C23, 0x6C23, 0x6C23, 0x6C23, 0x6C23, 0x6C23, 0x6C23, 0x6C23, 0x6C23, 0x6C23, 
  0x6C23, 0x6C23, 0x6C23, 0x6C23, 0x6C23, 0x6C23, 0x6C23, 0x6C23, 0x6C23, 0x6C23, 0x6C23, 0x6C23, 0x6C23, 0x6C23, 0x6C23, 0x6C23, 
  0x6C23, 0x6C23, 0x6C23, 0x6C23, 0x6C23, 0x6C23, 0x6C23, 0x6C23, 0x6C23, 0x6C23, 0x6C23, 0x6C23, 0x6C23, 0x6C23, 0x6C23, 0x6C23, 
  0x6C23, 0x6C23, 0x6C23, 0x6C23, 0x6C23, 0x6C23, 0x6C23, 0x6C23, 0x6C23, 0x6C23, 0x6C23, 0x6C23, 0x6C23, 0x6C23, 0x6C23, 0x6C23, 
  0x6C23, 0x6C23, 0x6C23, 0x6C23, 0x6C23, 0x6C23, 0x6C23, 0x6C23, 0x6C23, 0x6C23, 0x6C23, 0x6C23, 0x6C23, 0x6C23, 0x6C23, 0x6C23, 
  0x6C23, 0x6C23, 0x6C23, 0x6C23, 0x6C23, 0x6C23, 0x6C23, 0x6C23, 0x6C23, 0x6C23, 0x6C23, 0x6C23, 0x6C23, 0x6C23, 0x6C23, 0x6C23, 
  0x6C23, 0x6C23, 0x6C23, 0x6C23, 0x6C23, 0x6C23, 0x6C23, 0x6C23, 0x6C23, 0x6C23, 0x6C23, 0x6C23, 0x6C23, 0x6C23, 0x6B23, 0x8B23, 
  0x8C1B, 0x6B13, 0x735B, 0x9AAB, 0x9FF6, 0xFFFF, 0xFFF7, 0xFFFF, 0xFFFF, 0xFFFF, 0xFFFF, 0xFFFF, 0xFFFF, 0xFFFF, 0xDFFF, 0xFFFF, 
  0x1EDD, 0x9FC2, 0x7ECB, 0x1FEC, 0x1593, 0x293A, 0x4A42, 0x6A4A, 0x8D4A, 0x5AB3, 0xBEDB, 0x1EF7, 0xFFFF, 0xDDD4, 0xBFDB, 0x907A, 
  0xE939, 0x4A42, 0x293A, 0x4A4A, 0x6B4A, 0x6B42, 0x2A4A, 0x8C52, 0x6D4A, 0x58B3, 0xFFFE, 0xFFFF, 0x7FEE, 0x5CBB, 0x6E5A, 0x4A42, 
  0x4A42, 0x4A4A, 0x0842, 0xE839, 0x2942, 0x2942, 0x0942, 0x4A4A, 0x4A4A, 0x2942, 0x2942, 0x4A42, 0xAC52, 0x6B4A, 0x4A4A, 0x2942, 
  0x0942, 0x6B4A, 0x4A42, 0x2942, 0x6B4A, 0x4A42, 0x4A42, 0x4A4A, 0x4A42, 0x2A42, 0x4A4A, 0x4A4A, 0x2A42, 0x4A4A, 0x2942, 0x2A42, 
  0x6B4A, 0x6B4A, 0x2942, 0x4A4A, 0xAC4A, 0x4D52, 0x58B3, 0x1FE4, 0xBFE3, 0x9FE3, 0x3DC3, 0x799B, 0x704B, 0x4B23, 0x6B1B, 0x6D23, 
  0x6C23, 0x8B23, 0x6C23, 0x6C23, 0x8B23, 0x6C23, 0x6C23, 0x6C23, 0x6C23, 0x6C23, 0x6C23, 0x6C23, 0x6C23, 0x6C23, 0x6C23, 0x6C23, 
  0x6C23, 0x6C23, 0x6C23, 0x6C23, 0x6C23, 0x6C23, 0x6C23, 0x6C23, 0x6C23, 0x6C23, 0x6C23, 0x6C23, 0x6C23, 0x6C23, 0x6C23, 0x6C23, 
  0x6C23, 0x6C23, 0x6C23, 0x6C23, 0x6C23, 0x6C23, 0x6C23, 0x6C23, 0x6C23, 0x6C23, 0x6C23, 0x6C23, 0x6C23, 0x6C23, 0x6C23, 0x6C23, 
  0x6C23, 0x6C23, 0x6C23, 0x6C23, 0x6C23, 0x6C23, 0x6C23, 0x6C23, 0x6C23, 0x6C23, 0x6C23, 0x6C23, 0x6C23, 0x6C23, 0x6C23, 0x6C23, 
  0x6C23, 0x6C23, 0x6C23, 0x6C23, 0x6C23, 0x6C23, 0x6C23, 0x6C23, 0x6C23, 0x6C23, 0x6C23, 0x6C23, 0x6C23, 0x6C23, 0x6C23, 0x6C23, 
  0x6C23, 0x6C23, 0x6C23, 0x6C23, 0x6C23, 0x6C23, 0x6C23, 0x6C23, 0x6C23, 0x6C23, 0x6C23, 0x6C23, 0x6C23, 0x6C23, 0x6C23, 0x6C23, 
  0x6C23, 0x6C23, 0x6C23, 0x6C23, 0x6C23, 0x6C23, 0x6C23, 0x6C23, 0x6C23, 0x6C23, 0x6C23, 0x6C23, 0x6C23, 0x6C23, 0x6C23, 0x6C23, 
  0x6C23, 0x6C23, 0x6C23, 0x6C23, 0x6C23, 0x6C23, 0x6C23, 0x6C23, 0x6C23, 0x6C23, 0x6C23, 0x6C23, 0x6C23, 0x6C23, 0x6C23, 0x6C23, 
  0x6C23, 0x6C23, 0x6C23, 0x6C23, 0x6C23, 0x6C23, 0x6C23, 0x6C23, 0x6C23, 0x6C23, 0x6C23, 0x6C23, 0x6C23, 0x6C23, 0x8C1B, 0x8B23, 
  0x4B23, 0xD363, 0x3DBB, 0xBEED, 0xFFFF, 0xFFF7, 0xFFFF, 0xFFFF, 0xFFFF, 0xFFFF, 0xFFFF, 0xFFFF, 0xFFFF, 0xFFFF, 0xFFFF, 0xFFFF, 
  0x1FFF, 0x3DC3, 0x1ECB, 0x1FE4, 0x59BB, 0x4A4A, 0x6A42, 0x6B42, 0x9062, 0x7FDB, 0xFEE4, 0xFFFF, 0x5FFF, 0xFED3, 0x9CC3, 0x4D52, 
  0x6A42, 0x8C4A, 0x4A42, 0x4A4A, 0x8C52, 0x6B4A, 0x8B4A, 0x493A, 0x4F62, 0x7DD4, 0xBFFF, 0xFFFF, 0x1FE5, 0xD79A, 0x8D4A, 0x6D4A, 
  0x4A42, 0x2842, 0x2A42, 0x2942, 0x2842, 0x0842, 0x083A, 0x494A, 0x2942, 0x2942, 0x4A4A, 0x2942, 0x0942, 0x4A42, 0x6A4A, 0x0942, 
  0x2A42, 0x6C4A, 0x4942, 0x4A42, 0x6B4A, 0x2A42, 0x2A42, 0x4A4A, 0x6B4A, 0x4B4A, 0x4A4A, 0x0842, 0x2A42, 0x6B4A, 0x4B42, 0x8C4A, 
  0x4C4A, 0x8C4A, 0xAC52, 0x0A42, 0xAE52, 0x4B4A, 0x2D62, 0x1DDC, 0xFFDB, 0xDFE3, 0x5FDB, 0xDFCA, 0x5EC3, 0x967B, 0x4E33, 0x4B23, 
  0x6C23, 0x8C1B, 0x4D23, 0x6C23, 0x6B23, 0x6C23, 0x6C23, 0x6C23, 0x6C23, 0x6C23, 0x6C23, 0x6C23, 0x6C23, 0x6C23, 0x6C23, 0x6C23, 
  0x6C23, 0x6C23, 0x6C23, 0x6C23, 0x6C23, 0x6C23, 0x6C23, 0x6C23, 0x6C23, 0x6C23, 0x6C23, 0x6C23, 0x6C23, 0x6C23, 0x6C23, 0x6C23, 
  0x6C23, 0x6C23, 0x6C23, 0x6C23, 0x6C23, 0x6C23, 0x6C23, 0x6C23, 0x6C23, 0x6C23, 0x6C23, 0x6C23, 0x6C23, 0x6C23, 0x6C23, 0x6C23, 
  0x6C23, 0x6C23, 0x6C23, 0x6C23, 0x6C23, 0x6C23, 0x6C23, 0x6C23, 0x6C23, 0x6C23, 0x6C23, 0x6C23, 0x6C23, 0x6C23, 0x6C23, 0x6C23, 
  0x6C23, 0x6C23, 0x6C23, 0x6C23, 0x6C23, 0x6C23, 0x6C23, 0x6C23, 0x6C23, 0x6C23, 0x6C23, 0x6C23, 0x6C23, 0x6C23, 0x6C23, 0x6C23, 
  0x6C23, 0x6C23, 0x6C23, 0x6C23, 0x6C23, 0x6C23, 0x6C23, 0x6C23, 0x6C23, 0x6C23, 0x6C23, 0x6C23, 0x6C23, 0x6C23, 0x6C23, 0x6C23, 
  0x6C23, 0x6C23, 0x6C23, 0x6C23, 0x6C23, 0x6C23, 0x6C23, 0x6C23, 0x6C23, 0x6C23, 0x6C23, 0x6C23, 0x6C23, 0x6C23, 0x6C23, 0x6C23, 
  0x6C23, 0x6C23, 0x6C23, 0x6C23, 0x6C23, 0x6C23, 0x6C23, 0x6C23, 0x6C23, 0x6C23, 0x6C23, 0x6C23, 0x6C23, 0x6C23, 0x6C23, 0x6C23, 
  0x6C23, 0x6C23, 0x6C23, 0x6C23, 0x6C23, 0x6C23, 0x6C23, 0x6C23, 0x6C23, 0x6C23, 0x6C23, 0x6C23, 0x6C23, 0x6C23, 0x6D23, 0x2B1B, 
  0xB473, 0x7ECB, 0x7ED4, 0xFFFF, 0xFEFF, 0xFFFF, 0xFFFF, 0xFFFF, 0xFFFF, 0xFFFF, 0xFFFF, 0xFFFF, 0xFFFF, 0xFFFF, 0xFFFF, 0xFFFF, 
  0xFFFF, 0x3DCC, 0xBFC2, 0xFFEB, 0x59B3, 0x0B4A, 0x8B4A, 0x2A3A, 0x16A3, 0x9EE3, 0x9EEE, 0xFFFF, 0x3DE6, 0x9FD3, 0xF59A, 0xE939, 
  0xAA4A, 0x4B4A, 0x4A42, 0x0942, 0x2A4A, 0x6A4A, 0x4942, 0xE839, 0x538A, 0xFFED, 0xFFFF, 0x5FF7, 0xFEDB, 0x9282, 0x4A42, 0x6B4A, 
  0x2842, 0x2942, 0x4B4A, 0x2A42, 0x4A42, 0x6A4A, 0x2842, 0xE739, 0xE839, 0x2A4A, 0x4A4A, 0x4A4A, 0x2A42, 0x4A4A, 0x4A42, 0x2842, 
  0x4A4A, 0x6B4A, 0x083A, 0x083A, 0x4A42, 0x6B4A, 0x4B4A, 0x6B4A, 0x4A4A, 0x4A42, 0x8A4A, 0x0942, 0x2A42, 0xAC52, 0x8B4A, 0xAC52, 
  0xAD4A, 0x6B4A, 0x4B42, 0x5173, 0xD162, 0x093A, 0xE939, 0xD282, 0x1FE4, 0xFFDB, 0x1FD4, 0x5FD3, 0xDFCA, 0x1FCB, 0x7BAB, 0x925B, 
  0x4C23, 0x6C1B, 0x6D23, 0x6C23, 0x6C23, 0x6C23, 0x6C23, 0x6C23, 0x6C23, 0x6C23, 0x6C23, 0x6C23, 0x6C23, 0x6C23, 0x6C23, 0x6C23, 
  0x6C23, 0x6C23, 0x6C23, 0x6C23, 0x6C23, 0x6C23, 0x6C23, 0x6C23, 0x6C23, 0x6C23, 0x6C23, 0x6C23, 0x6C23, 0x6C23, 0x6C23, 0x6C23, 
  0x6C23, 0x6C23, 0x6C23, 0x6C23, 0x6C23, 0x6C23, 0x6C23, 0x6C23, 0x6C23, 0x6C23, 0x6C23, 0x6C23, 0x6C23, 0x6C23, 0x6C23, 0x6C23, 
  0x6C23, 0x6C23, 0x6C23, 0x6C23, 0x6C23, 0x6C23, 0x6C23, 0x6C23, 0x6C23, 0x6C23, 0x6C23, 0x6C23, 0x6C23, 0x6C23, 0x6C23, 0x6C23, 
  0x6C23, 0x6C23, 0x6C23, 0x6C23, 0x6C23, 0x6C23, 0x6C23, 0x6C23, 0x6C23, 0x6C23, 0x6C23, 0x6C23, 0x6C23, 0x6C23, 0x6C23, 0x6C23, 
  0x6C23, 0x6C23, 0x6C23, 0x6C23, 0x6C23, 0x6C23, 0x6C23, 0x6C23, 0x6C23, 0x6C23, 0x6C23, 0x6C23, 0x6C23, 0x6C23, 0x6C23, 0x6C23, 
  0x6C23, 0x6C23, 0x6C23, 0x6C23, 0x6C23, 0x6C23, 0x6C23, 0x6C23, 0x6C23, 0x6C23, 0x6C23, 0x6C23, 0x6C23, 0x6C23, 0x6C23, 0x6C23, 
  0x6C23, 0x6C23, 0x6C23, 0x6C23, 0x6C23, 0x6C23, 0x6C23, 0x6C23, 0x6C23, 0x6C23, 0x6C23, 0x6C23, 0x6C23, 0x6C23, 0x6C23, 0x6C23, 
  0x6C23, 0x6C23, 0x6C23, 0x6C23, 0x6C23, 0x6C23, 0x6C23, 0x6C23, 0x6C23, 0x6C23, 0x6C23, 0x6C23, 0x6C23, 0x6C23, 0x4B1B, 0x9363, 
  0xBFD3, 0x3EC3, 0xFEF6, 0xFFFF, 0xFFFF, 0xFFFF, 0xFFFF, 0xFEFF, 0xFFFF, 0xFFFF, 0xFFFF, 0xFFFF, 0xFFFF, 0xFFFF, 0xFFFF, 0xFFFF, 
  0xDFFF, 0x1DCC, 0xDECA, 0xFFEB, 0x159B, 0xE939, 0x2A42, 0x2C52, 0x9DCB, 0x1EDC, 0xBFFF, 0xFFFF, 0xDDDC, 0xBFDB, 0x6F72, 0x293A, 
  0x4942, 0x4A4A, 0x2A42, 0x2942, 0x294A, 0x2942, 0x4942, 0x2B52, 0x58B3, 0xFFF6, 0xFFFF, 0x3FEE, 0x7DCB, 0x0C5A, 0x0942, 0x6B4A, 
  0x2942, 0x0842, 0x2C4A, 0x2A4A, 0x4A42, 0x2A42, 0x0942, 0x0842, 0x2942, 0x4A4A, 0x4A4A, 0x4A4A, 0x6B4A, 0x4A42, 0x4A42, 0x2A42, 
  0x6B4A, 0x4942, 0x4A4A, 0x4A42, 0x4B4A, 0x6C4A, 0x4B4A, 0x2B42, 0x083A, 0x0742, 0x0842, 0x4A42, 0x4A42, 0x4A42, 0x6A4A, 0x4B42, 
  0x6B4A, 0x4A42, 0x4A4A, 0x6D52, 0x2A42, 0x8A42, 0x2B4A, 0x9172, 0xD49A, 0x1EE4, 0xDFE3, 0xDFE3, 0x7FD3, 0xDFCA, 0xFFCA, 0x3EC3, 
  0x5683, 0x6D33, 0x6B1B, 0x8C1B, 0x6C23, 0x6C23, 0x6C23, 0x6C23, 0x6C23, 0x6C23, 0x6C23, 0x6C23, 0x6C23, 0x6C23, 0x6C23, 0x6C23, 
  0x6C23, 0x6C23, 0x6C23, 0x6C23, 0x6C23, 0x6C23, 0x6C23, 0x6C23, 0x6C23, 0x6C23, 0x6C23, 0x6C23, 0x6C23, 0x6C23, 0x6C23, 0x6C23, 
  0x6C23, 0x6C23, 0x6C23, 0x6C23, 0x6C23, 0x6C23, 0x6C23, 0x6C23, 0x6C23, 0x6C23, 0x6C23, 0x6C23, 0x6C23, 0x6C23, 0x6C23, 0x6C23, 
  0x6C23, 0x6C23, 0x6C23, 0x6C23, 0x6C23, 0x6C23, 0x6C23, 0x6C23, 0x6C23, 0x6C23, 0x6C23, 0x6C23, 0x6C23, 0x6C23, 0x6C23, 0x6C23, 
  0x6C23, 0x6C23, 0x6C23, 0x6C23, 0x6C23, 0x6C23, 0x6C23, 0x6C23, 0x6C23, 0x6C23, 0x6C23, 0x6C23, 0x6C23, 0x6C23, 0x6C23, 0x6C23, 
  0x6C23, 0x6C23, 0x6C23, 0x6C23, 0x6C23, 0x6C23, 0x6C23, 0x6C23, 0x6C23, 0x6C23, 0x6C23, 0x6C23, 0x6C23, 0x6C23, 0x6C23, 0x6C23, 
  0x6C23, 0x6C23, 0x6C23, 0x6C23, 0x6C23, 0x6C23, 0x6C23, 0x6C23, 0x6C23, 0x6C23, 0x6C23, 0x6C23, 0x6C23, 0x6C23, 0x6C23, 0x6C23, 
  0x6C23, 0x6C23, 0x6C23, 0x6C23, 0x6C23, 0x6C23, 0x6C23, 0x6C23, 0x6C23, 0x6C23, 0x6C23, 0x6C23, 0x6C23, 0x6C23, 0x6C23, 0x6C23, 
  0x6C23, 0x6C23, 0x6C23, 0x6C23, 0x6C23, 0x6C23, 0x6C23, 0x6C23, 0x6C23, 0x6C23, 0x6C23, 0x6C23, 0x6C23, 0x4B1B, 0xB263, 0x3EDC, 
  0x3ED3, 0x9DD4, 0xFFFF, 0xFFFF, 0xFFFF, 0xFFFF, 0xFFFF, 0xFFFF, 0xFFFF, 0xFFFF, 0xFFFF, 0xFFFF, 0xFFFF, 0xFFFF, 0xFFFF, 0xFFFF, 
  0x1FF7, 0x1EC3, 0x3FD3, 0x1FEC, 0xD382, 0x6B42, 0x2942, 0x7072, 0x9FE3, 0x3DDD, 0xFFFF, 0x5FF7, 0xBFDB, 0x9BC3, 0x6D52, 0x8C52, 
  0x093A, 0x2A4A, 0x4B4A, 0x4A42, 0x2942, 0x6A4A, 0x6C4A, 0x0E62, 0x9BCC, 0xDFFF, 0xFFFF, 0xDEE4, 0x5BC3, 0x0942, 0x073A, 0x2A4A, 
  0x0942, 0x2A4A, 0x547B, 0x6D52, 0x4B4A, 0x4A42, 0x2942, 0x2942, 0x2A42, 0x6C52, 0x6B4A, 0x6B4A, 0x6B4A, 0x6B42, 0x6B4A, 0x6B42, 
  0x2A42, 0x2A42, 0xAD52, 0x4D4A, 0x6D4A, 0x6C4A, 0x2A42, 0x4A42, 0x2942, 0x2942, 0xE839, 0x4A42, 0x4A42, 0x2942, 0x2A42, 0x2A42, 
  0x4B42, 0x6A4A, 0x2942, 0x4A4A, 0x2942, 0x4A4A, 0x0942, 0xAF62, 0x0A42, 0x907A, 0xDDDB, 0xDFEB, 0xDFE3, 0x9FD3, 0xFFCA, 0xFFCA, 
  0xFFD2, 0x9AA3, 0x904B, 0x4B1B, 0x6C23, 0x6C23, 0x6C23, 0x6C23, 0x6C23, 0x6C23, 0x6C23, 0x6C23, 0x6C23, 0x6C23, 0x6C23, 0x6C23, 
  0x6C23, 0x6C23, 0x6C23, 0x6C23, 0x6C23, 0x6C23, 0x6C23, 0x6C23, 0x6C23, 0x6C23, 0x6C23, 0x6C23, 0x6C23, 0x6C23, 0x6C23, 0x6C23, 
  0x6C23, 0x6C23, 0x6C23, 0x6C23, 0x6C23, 0x6C23, 0x6C23, 0x6C23, 0x6C23, 0x6C23, 0x6C23, 0x6C23, 0x6C23, 0x6C23, 0x6C23, 0x6C23, 
  0x6C23, 0x6C23, 0x6C23, 0x6C23, 0x6C23, 0x6C23, 0x6C23, 0x6C23, 0x6C23, 0x6C23, 0x6C23, 0x6C23, 0x6C23, 0x6C23, 0x6C23, 0x6C23, 
  0x6C23, 0x6C23, 0x6C23, 0x6C23, 0x6C23, 0x6C23, 0x6C23, 0x6C23, 0x6C23, 0x6C23, 0x6C23, 0x6C23, 0x6C23, 0x6C23, 0x6C23, 0x6C23, 
  0x6C23, 0x6C23, 0x6C23, 0x6C23, 0x6C23, 0x6C23, 0x6C23, 0x6C23, 0x6C23, 0x6C23, 0x6C23, 0x6C23, 0x6C23, 0x6C23, 0x6C23, 0x6C23, 
  0x6C23, 0x6C23, 0x6C23, 0x6C23, 0x6C23, 0x6C23, 0x6C23, 0x6C23, 0x6C23, 0x6C23, 0x6C23, 0x6C23, 0x6C23, 0x6C23, 0x6C23, 0x6C23, 
  0x6C23, 0x6C23, 0x6C23, 0x6C23, 0x6C23, 0x6C23, 0x6C23, 0x6C23, 0x6C23, 0x6C23, 0x6C23, 0x6C23, 0x6C23, 0x6C23, 0x6C23, 0x6C23, 
  0x6C23, 0x6C23, 0x6C23, 0x6C23, 0x6C23, 0x6C23, 0x6C23, 0x6C23, 0x6C23, 0x6C23, 0x6B23, 0x8C23, 0x6B1B, 0x704B, 0x1DCC, 0xDFEB, 
  0x1EC3, 0x3EE6, 0xFFFF, 0xFFFF, 0xFFFF, 0xFFFF, 0xFFFF, 0xFFFF, 0xFFFF, 0xFFFF, 0xFFFF, 0xFFFF, 0xFFFF, 0xFFFF, 0xDFFF, 0xFFFF, 
  0xDEDC, 0xDEC2, 0xBFE3, 0xDEE3, 0x4F62, 0x4A3A, 0x2B4A, 0x37A3, 0x7FE3, 0x5EE6, 0xFFFF, 0xFEE5, 0x7FE3, 0x56A3, 0x083A, 0x4C42, 
  0x2942, 0x6A4A, 0x8D5A, 0x8B42, 0x8B42, 0x6B4A, 0x0A3A, 0x9382, 0xDEED, 0xFFFF, 0x3EF7, 0xDEDB, 0x18B3, 0x2A3A, 0x8C4A, 0x8D4A, 
  0x2A42, 0x4B4A, 0xAE5A, 0x2B42, 0x6B4A, 0x2A42, 0x6B4A, 0xCD52, 0x2A42, 0x0942, 0x4A4A, 0x4A42, 0x4A42, 0x6C4A, 0x6A4A, 0x8C4A, 
  0x4C4A, 0x4A42, 0x6C4A, 0x8E52, 0xAE52, 0x0942, 0x2942, 0x4A42, 0x2A42, 0x4A4A, 0x6A4A, 0x2942, 0x2942, 0x4B4A, 0xAE52, 0x8C4A, 
  0x6C4A, 0x4A42, 0x2942, 0x0942, 0x2A42, 0x294A, 0x2942, 0x283A, 0x0942, 0xE839, 0x4C62, 0x7ABB, 0x1FEC, 0xDFE3, 0x7FD3, 0xFFC2, 
  0xDFCA, 0xFFCA, 0x5CB3, 0x736B, 0x8C1B, 0x6C1B, 0x8C23, 0x6B23, 0x6C23, 0x6C23, 0x8B1B, 0x6C23, 0x6C23, 0x6C23, 0x6C23, 0x6C23, 
  0x6C23, 0x6C23, 0x6C23, 0x6C23, 0x6C23, 0x6C23, 0x6C23, 0x6C23, 0x6C23, 0x6C23, 0x6C23, 0x6C23, 0x6C23, 0x6C23, 0x6C23, 0x6C23, 
  0x6C23, 0x6C23, 0x6C23, 0x6C23, 0x6C23, 0x6C23, 0x6C23, 0x6C23, 0x6C23, 0x6C23, 0x6C23, 0x6C23, 0x6C23, 0x6C23, 0x6C23, 0x6C23, 
  0x6C23, 0x6C23, 0x6C23, 0x6C23, 0x6C23, 0x6C23, 0x6C23, 0x6C23, 0x6C23, 0x6C23, 0x6C23, 0x6C23, 0x6C23, 0x6C23, 0x6C23, 0x6C23, 
  0x6C23, 0x6C23, 0x6C23, 0x6C23, 0x6C23, 0x6C23, 0x6C23, 0x6C23, 0x6C23, 0x6C23, 0x6C23, 0x6C23, 0x6C23, 0x6C23, 0x6C23, 0x6C23, 
  0x6C23, 0x6C23, 0x6C23, 0x6C23, 0x6C23, 0x6C23, 0x6C23, 0x6C23, 0x6C23, 0x6C23, 0x6C23, 0x6C23, 0x6C23, 0x6C23, 0x6C23, 0x6C23, 
  0x6C23, 0x6C23, 0x6C23, 0x6C23, 0x6C23, 0x6C23, 0x6C23, 0x6C23, 0x6C23, 0x6C23, 0x6C23, 0x6C23, 0x6C23, 0x6C23, 0x6C23, 0x6C23, 
  0x6C23, 0x6C23, 0x6C23, 0x6C23, 0x6C23, 0x6C23, 0x6C23, 0x6C23, 0x6C23, 0x6C23, 0x6C23, 0x6C23, 0x6C23, 0x6C23, 0x6C23, 0x6C23, 
  0x6C23, 0x6C23, 0x6C23, 0x6C23, 0x6C23, 0x6C23, 0x6C23, 0x6C23, 0x8C1B, 0x6C1B, 0x6C23, 0x4B23, 0x6E3B, 0x3BBC, 0xFFE3, 0xBFDB, 
  0x1ECB, 0xFFF6, 0xFFFF, 0xDFFF, 0xFFFF, 0xFFFF, 0xFFFF, 0xFFFF, 0xFFFF, 0xFFFF, 0xFFFF, 0xFFFF, 0xFFFF, 0xDFFF, 0xFFFF, 0xDEE5, 
  0xDDC2, 0x7ED3, 0x1FEC, 0x58B3, 0xE941, 0x6A42, 0x2C52, 0x9CC3, 0xDED3, 0x5FF7, 0xFFFF, 0x7EDC, 0x7EDB, 0x6F72, 0x6A42, 0x8C52, 
  0x4A4A, 0x6B4A, 0x2B4A, 0x6B42, 0x8C4A, 0x6C4A, 0x0B4A, 0x78B3, 0xFFFE, 0xFFFF, 0xFEE5, 0x7FDB, 0x36A3, 0x4A3A, 0xAD52, 0xAC4A, 
  0x2942, 0xE739, 0x083A, 0x4A42, 0x6B4A, 0x2A42, 0x4A42, 0x8C4A, 0x6C4A, 0x4B4A, 0x8C52, 0x4A42, 0x2942, 0x0A42, 0x2842, 0x4A42, 
  0x4A42, 0x2A42, 0xAD52, 0x6B4A, 0x2A42, 0x4A4A, 0x4A42, 0x6B4A, 0x2942, 0x4B4A, 0x6C4A, 0x4A42, 0x2942, 0x2942, 0x8C4A, 0x6C42, 
  0x8D4A, 0x6B4A, 0x0842, 0x2942, 0x2942, 0x4A4A, 0x6A4A, 0x6B4A, 0x8C4A, 0x294A, 0x2942, 0x4D52, 0x169B, 0xFEE3, 0xDFE3, 0x7FD3, 
  0xDFCA, 0xFFCA, 0xDFCA, 0x7ECB, 0xD67B, 0x4D2B, 0x6C23, 0x8C1B, 0x6C23, 0x6C23, 0x6C23, 0x6C23, 0x6C23, 0x6C23, 0x6C23, 0x6C23, 
  0x6C23, 0x6C23, 0x6C23, 0x6C23, 0x6C23, 0x6C23, 0x6C23, 0x6C23, 0x6C23, 0x6C23, 0x6C23, 0x6C23, 0x6C23, 0x6C23, 0x6C23, 0x6C23, 
  0x6C23, 0x6C23, 0x6C23, 0x6C23, 0x6C23, 0x6C23, 0x6C23, 0x6C23, 0x6C23, 0x6C23, 0x6C23, 0x6C23, 0x6C23, 0x6C23, 0x6C23, 0x6C23, 
  0x6C23, 0x6C23, 0x6C23, 0x6C23, 0x6C23, 0x6C23, 0x6C23, 0x6C23, 0x6C23, 0x6C23, 0x6C23, 0x6C23, 0x6C23, 0x6C23, 0x6C23, 0x6C23, 
  0x6C23, 0x6C23, 0x6C23, 0x6C23, 0x6C23, 0x6C23, 0x6C23, 0x6C23, 0x6C23, 0x6C23, 0x6C23, 0x6C23, 0x6C23, 0x6C23, 0x6C23, 0x6C23, 
  0x6C23, 0x6C23, 0x6C23, 0x6C23, 0x6C23, 0x6C23, 0x6C23, 0x6C23, 0x6C23, 0x6C23, 0x6C23, 0x6C23, 0x6C23, 0x6C23, 0x6C23, 0x6C23, 
  0x6C23, 0x6C23, 0x6C23, 0x6C23, 0x6C23, 0x6C23, 0x6C23, 0x6C23, 0x6C23, 0x6C23, 0x6C23, 0x6C23, 0x6C23, 0x6C23, 0x6C23, 0x6C23, 
  0x6C23, 0x6C23, 0x6C23, 0x6C23, 0x6C23, 0x6C23, 0x6C23, 0x6C23, 0x6C23, 0x6C23, 0x6C23, 0x6C23, 0x6C23, 0x6C23, 0x6C23, 0x6C23, 
  0x6C23, 0x6C23, 0x6C23, 0x6C23, 0x6C23, 0x6C23, 0x6C23, 0x6C23, 0x6C23, 0x8C23, 0x6C1B, 0x4E2B, 0xFAA3, 0xFFEB, 0xFFE3, 0xBFDB, 
  0x3DCB, 0x3FFF, 0xFFFF, 0xDFFF, 0xFFFF, 0xFFFF, 0xFFFF, 0xFFFF, 0xFFFF, 0xFFFF, 0xFFFF, 0xFFFF, 0xFFFF, 0xFFFF, 0xFEE5, 0xDDC2, 
  0x1FCB, 0xFFE3, 0xDCD3, 0x2C5A, 0x283A, 0x0842, 0x4D5A, 0x9ED3, 0x7DD4, 0xFFFF, 0xFEF6, 0x9ED3, 0x7ABB, 0xC949, 0x4A42, 0x2942, 
  0x2A42, 0x6B4A, 0x2A42, 0x8C52, 0xCD52, 0xCC52, 0x306A, 0x9DDC, 0xDFFF, 0xFFFF, 0x7DD4, 0xBFE3, 0xD38A, 0x2A42, 0x4A4A, 0xE839, 
  0x0942, 0x0842, 0x2942, 0x6B52, 0x8C52, 0x2942, 0x093A, 0x4B4A, 0xCE5A, 0x8C52, 0x2A42, 0x6A4A, 0x6B4A, 0x0842, 0xE841, 0x4A42, 
  0x8C52, 0x6A4A, 0x093A, 0x093A, 0x4B42, 0x4A42, 0x4B42, 0xAE52, 0x8C52, 0x6C4A, 0x4942, 0x2942, 0x494A, 0x4B4A, 0x6C4A, 0xAC52, 
  0x8C4A, 0x2942, 0x494A, 0x4A4A, 0x0942, 0x4A42, 0x6C4A, 0x8D4A, 0xAE52, 0x6C4A, 0x2A42, 0x8B42, 0x2942, 0xB48A, 0xFFE3, 0xFFE3, 
  0x1FD3, 0xFFC2, 0xFFCA, 0xBFD2, 0x5ECB, 0xD683, 0x4C23, 0x6C1B, 0x8C1B, 0x6B23, 0x4C23, 0x6C23, 0x6C23, 0x6C23, 0x6C23, 0x6C23, 
  0x6C23, 0x6C23, 0x6C23, 0x6C23, 0x6C23, 0x6C23, 0x6C23, 0x6C23, 0x6C23, 0x6C23, 0x6C23, 0x6C23, 0x6C23, 0x6C23, 0x6C23, 0x6C23, 
  0x6C23, 0x6C23, 0x6C23, 0x6C23, 0x6C23, 0x6C23, 0x6C23, 0x6C23, 0x6C23, 0x6C23, 0x6C23, 0x6C23, 0x6C23, 0x6C23, 0x6C23, 0x6C23, 
  0x6C23, 0x6C23, 0x6C23, 0x6C23, 0x6C23, 0x6C23, 0x6C23, 0x6C23, 0x6C23, 0x6C23, 0x6C23, 0x6C23, 0x6C23, 0x6C23, 0x6C23, 0x6C23, 
  0x6C23, 0x6C23, 0x6C23, 0x6C23, 0x6C23, 0x6C23, 0x6C23, 0x6C23, 0x6C23, 0x6C23, 0x6C23, 0x6C23, 0x6C23, 0x6C23, 0x6C23, 0x6C23, 
  0x6C23, 0x6C23, 0x6C23, 0x6C23, 0x6C23, 0x6C23, 0x6C23, 0x6C23, 0x6C23, 0x6C23, 0x6C23, 0x6C23, 0x6C23, 0x6C23, 0x6C23, 0x6C23, 
  0x6C23, 0x6C23, 0x6C23, 0x6C23, 0x6C23, 0x6C23, 0x6C23, 0x6C23, 0x6C23, 0x6C23, 0x6C23, 0x6C23, 0x6C23, 0x6C23, 0x6C23, 0x6C23, 
  0x6C23, 0x6C23, 0x6C23, 0x6C23, 0x6C23, 0x6C23, 0x6C23, 0x6C23, 0x6C23, 0x6C23, 0x6C23, 0x6C23, 0x6C23, 0x6C23, 0x6C23, 0x6C23, 
  0x6C23, 0x6C23, 0x6C23, 0x6C23, 0x6C23, 0x6C23, 0x6C23, 0x6C23, 0x6C23, 0x6C23, 0x4B23, 0x7683, 0xBFDB, 0xBFE3, 0xDFE3, 0xBFDB, 
  0x1DCB, 0x1FF7, 0xFFFF, 0xFFFF, 0xFFFF, 0xFFFF, 0xFFFF, 0xFFFF, 0xFFFF, 0xFFFF, 0xFEFF, 0xFFFF, 0xFFFF, 0xFEE5, 0xDDBA, 0xFFD2, 
  0xBFE3, 0x1FE4, 0x917A, 0xE839, 0x6B42, 0x4C4A, 0x148B, 0x9FDB, 0x7EE5, 0xFFFF, 0x3DDD, 0x9EDB, 0x138B, 0x2942, 0x6A42, 0x2A4A, 
  0x2A42, 0x4A42, 0x4942, 0x2B4A, 0x0A42, 0xC831, 0x9592, 0x1FF6, 0xFEFF, 0x3FF7, 0x5DD3, 0xFFE3, 0x706A, 0x083A, 0x0842, 0x0942, 
  0x4A4A, 0x4A4A, 0x0942, 0x8C52, 0x4B4A, 0x2942, 0x0942, 0x2942, 0x4B4A, 0x4B42, 0x2A42, 0x6C4A, 0x8B4A, 0x2942, 0x6C52, 0x4B4A, 
  0x4A4A, 0x8B4A, 0x4A4A, 0x4942, 0x6A4A, 0x2A42, 0x4A42, 0x6A4A, 0x6A4A, 0x0942, 0x4A4A, 0x4A4A, 0x4A4A, 0xAF5A, 0xB05A, 0x8D4A, 
  0x4942, 0x2942, 0x2942, 0x4942, 0x4942, 0x093A, 0x8C4A, 0xEF5A, 0xAD4A, 0x4A42, 0x2A42, 0x8B4A, 0x6A42, 0xC841, 0x3793, 0xFFEB, 
  0x9EDB, 0x1EC3, 0xFFC2, 0xFFCA, 0xFEC2, 0x7FCB, 0xF583, 0x6B1B, 0x8C1B, 0x6C23, 0x8B1B, 0x6C23, 0x6C23, 0x6C23, 0x6C23, 0x6C23, 
  0x6C23, 0x6C23, 0x6C23, 0x6C23, 0x6C23, 0x6C23, 0x6C23, 0x6C23, 0x6C23, 0x6C23, 0x6C23, 0x6C23, 0x6C23, 0x6C23, 0x6C23, 0x6C23, 
  0x6C23, 0x6C23, 0x6C23, 0x6C23, 0x6C23, 0x6C23, 0x6C23, 0x6C23, 0x6C23, 0x6C23, 0x6C23, 0x6C23, 0x6C23, 0x6C23, 0x6C23, 0x6C23, 
  0x6C23, 0x6C23, 0x6C23, 0x6C23, 0x6C23, 0x6C23, 0x6C23, 0x6C23, 0x6C23, 0x6C23, 0x6C23, 0x6C23, 0x6C23, 0x6C23, 0x6C23, 0x6C23, 
  0x6C23, 0x6C23, 0x6C23, 0x6C23, 0x6C23, 0x6C23, 0x6C23, 0x6C23, 0x6C23, 0x6C23, 0x6C23, 0x6C23, 0x6C23, 0x6C23, 0x6C23, 0x6C23, 
  0x6C23, 0x6C23, 0x6C23, 0x6C23, 0x6C23, 0x6C23, 0x6C23, 0x6C23, 0x6C23, 0x6C23, 0x6C23, 0x6C23, 0x6C23, 0x6C23, 0x6C23, 0x6C23, 
  0x6C23, 0x6C23, 0x6C23, 0x6C23, 0x6C23, 0x6C23, 0x6C23, 0x6C23, 0x6C23, 0x6C23, 0x6C23, 0x6C23, 0x6C23, 0x6C23, 0x6C23, 0x6C23, 
  0x6C23, 0x6C23, 0x6C23, 0x6C23, 0x6C23, 0x6C23, 0x6C23, 0x6C23, 0x6C23, 0x6C23, 0x6C23, 0x6C23, 0x6C23, 0x6C23, 0x6C23, 0x6C23, 
  0x6C23, 0x6C23, 0x6C23, 0x6C23, 0x6C23, 0x6C23, 0x6C23, 0x6C23, 0x6C23, 0x8C13, 0x9373, 0x1ECB, 0x7FDB, 0xDFE3, 0xBFE3, 0xBFE3, 
  0xFDCA, 0x7FEE, 0xFFFF, 0xFFFF, 0xFFFF, 0xFFFF, 0xFFFF, 0xFFFF, 0xFFFF, 0xFFFF, 0xDFFF, 0xFFFF, 0x1EE6, 0xDDBA, 0x1FCB, 0xBFDB, 
  0xFFEB, 0x36AB, 0xEA41, 0x4B52, 0xAC52, 0xF162, 0x5ABB, 0x7FD3, 0xDFF6, 0xBFFF, 0xDECB, 0xBEDB, 0x2E62, 0x4A42, 0x083A, 0x2A4A, 
  0x6B4A, 0x4A42, 0x4A42, 0x2942, 0x0942, 0xEC51, 0xDAC3, 0x5FFF, 0xFFFF, 0xBEE5, 0xFFD2, 0xFEDB, 0x6F62, 0x2942, 0x2942, 0x2942, 
  0x8B4A, 0x4A42, 0x4A42, 0x2A42, 0x4A42, 0x6A4A, 0x694A, 0x2942, 0x4942, 0x8B4A, 0x2942, 0x6C4A, 0x4A42, 0x2942, 0xAE5A, 0x4B4A, 
  0x4A42, 0x6B4A, 0x2A42, 0x2942, 0x4A42, 0x2A42, 0x4B4A, 0x2A42, 0x6C4A, 0x6C4A, 0x8E52, 0x6D4A, 0x8C4A, 0x4B42, 0xAC52, 0x4A42, 
  0x4A42, 0x2A42, 0xE839, 0x2A42, 0x2942, 0x6A4A, 0x4A42, 0x4B42, 0x8C4A, 0x0842, 0x6B4A, 0x6C42, 0x4A42, 0x8A4A, 0x4D5A, 0xDED3, 
  0xDFE3, 0xFFCA, 0x1ECB, 0x3FCB, 0xFFC2, 0xBFCA, 0x7ED3, 0xD36B, 0x6B1B, 0x6C23, 0x6C1B, 0x6C23, 0x6C23, 0x6C23, 0x6C23, 0x6C23, 
  0x6C23, 0x6C23, 0x6C23, 0x6C23, 0x6C23, 0x6C23, 0x6C23, 0x6C23, 0x6C23, 0x6C23, 0x6C23, 0x6C23, 0x6C23, 0x6C23, 0x6C23, 0x6C23, 
  0x6C23, 0x6C23, 0x6C23, 0x6C23, 0x6C23, 0x6C23, 0x6C23, 0x6C23, 0x6C23, 0x6C23, 0x6C23, 0x6C23, 0x6C23, 0x6C23, 0x6C23, 0x6C23, 
  0x6C23, 0x6C23, 0x6C23, 0x6C23, 0x6C23, 0x6C23, 0x6C23, 0x6C23, 0x6C23, 0x6C23, 0x6C23, 0x6C23, 0x6C23, 0x6C23, 0x6C23, 0x6C23, 
  0x6C23, 0x6C23, 0x6C23, 0x6C23, 0x6C23, 0x6C23, 0x6C23, 0x6C23, 0x6C23, 0x6C23, 0x6C23, 0x6C23, 0x6C23, 0x6C23, 0x6C23, 0x6C23, 
  0x6C23, 0x6C23, 0x6C23, 0x6C23, 0x6C23, 0x6C23, 0x6C23, 0x6C23, 0x6C23, 0x6C23, 0x6C23, 0x6C23, 0x6C23, 0x6C23, 0x6C23, 0x6C23, 
  0x6C23, 0x6C23, 0x6C23, 0x6C23, 0x6C23, 0x6C23, 0x6C23, 0x6C23, 0x6C23, 0x6C23, 0x6C23, 0x6C23, 0x6C23, 0x6C23, 0x6C23, 0x6C23, 
  0x6C23, 0x6C23, 0x6C23, 0x6C23, 0x6C23, 0x6C23, 0x6C23, 0x6C23, 0x6C23, 0x6C23, 0x6C23, 0x6C23, 0x6C23, 0x6C23, 0x6C23, 0x6C23, 
  0x6C23, 0x6C23, 0x6C23, 0x6C23, 0x6C23, 0x6C23, 0x6C23, 0x6C23, 0x4B1B, 0xB253, 0x7ECB, 0xFFCA, 0xBFDB, 0xDEDB, 0xFEE4, 0x3EEC, 
  0xDEC2, 0x1FDD, 0xFFFF, 0xDFFF, 0xFFFF, 0xFFFF, 0xFFFF, 0xFFFF, 0xFFFF, 0xFFFF, 0xFFFF, 0x7EF6, 0xFDC2, 0x1FCB, 0xDFDB, 0xFFEB, 
  0xBCCB, 0x2B52, 0x283A, 0x2B4A, 0x6C52, 0x2D52, 0x9BD3, 0x3FD3, 0x1EDD, 0x7CD4, 0x9FDB, 0x58AB, 0xEA49, 0x4A42, 0x4A4A, 0x6C4A, 
  0xAC4A, 0x6B4A, 0x4A42, 0x6B4A, 0x4942, 0x9482, 0x1FE5, 0xFFFF, 0xFFFF, 0x3ECC, 0x5FD3, 0xDEDB, 0x4D52, 0x083A, 0x0842, 0x0842, 
  0x2942, 0x2942, 0x6A4A, 0x4942, 0x2942, 0x0942, 0x0842, 0x2942, 0x4B4A, 0x6C4A, 0x6C4A, 0x6B4A, 0x2A42, 0x4A4A, 0x4B4A, 0x8B4A, 
  0x8C4A, 0x6C4A, 0x8B4A, 0x4B4A, 0x2A4A, 0x2942, 0x4B4A, 0x4A4A, 0x6C4A, 0x093A, 0x2942, 0x6B4A, 0x4A42, 0x6B42, 0x8C4A, 0x4942, 
  0x0A3A, 0x4A42, 0x8C4A, 0x8D52, 0x8C4A, 0x4A4A, 0x0942, 0x4B4A, 0x6C4A, 0x6C4A, 0x6B42, 0x6B4A, 0x4A4A, 0x4B4A, 0xEB49, 0x58AB, 
  0xFFEB, 0xDECA, 0x1ED4, 0x3EE5, 0xBEC2, 0xFFCA, 0xDFCA, 0xDDC3, 0x904B, 0x6B1B, 0x6C23, 0x6C23, 0x6C23, 0x6C23, 0x6C23, 0x6C23, 
  0x6C23, 0x6C23, 0x6C23, 0x6C23, 0x6C23, 0x6C23, 0x6C23, 0x6C23, 0x6C23, 0x6C23, 0x6C23, 0x6C23, 0x6C23, 0x6C23, 0x6C23, 0x6C23, 
  0x6C23, 0x6C23, 0x6C23, 0x6C23, 0x6C23, 0x6C23, 0x6C23, 0x6C23, 0x6C23, 0x6C23, 0x6C23, 0x6C23, 0x6C23, 0x6C23, 0x6C23, 0x6C23, 
  0x6C23, 0x6C23, 0x6C23, 0x6C23, 0x6C23, 0x6C23, 0x6C23, 0x6C23, 0x6C23, 0x6C23, 0x6C23, 0x6C23, 0x6C23, 0x6C23, 0x6C23, 0x6C23, 
  0x6C23, 0x6C23, 0x6C23, 0x6C23, 0x6C23, 0x6C23, 0x6C23, 0x6C23, 0x6C23, 0x6C23, 0x6C23, 0x6C23, 0x6C23, 0x6C23, 0x6C23, 0x6C23, 
  0x6C23, 0x6C23, 0x6C23, 0x6C23, 0x6C23, 0x6C23, 0x6C23, 0x6C23, 0x6C23, 0x6C23, 0x6C23, 0x6C23, 0x6C23, 0x6C23, 0x6C23, 0x6C23, 
  0x6C23, 0x6C23, 0x6C23, 0x6C23, 0x6C23, 0x6C23, 0x6C23, 0x6C23, 0x6C23, 0x6C23, 0x6C23, 0x6C23, 0x6C23, 0x6C23, 0x6C23, 0x6C23, 
  0x6C23, 0x6C23, 0x6C23, 0x6C23, 0x6C23, 0x6C23, 0x6C23, 0x6C23, 0x6C23, 0x6C23, 0x6C23, 0x6C23, 0x6C23, 0x6C23, 0x6C23, 0x6C23, 
  0x6C23, 0x6C23, 0x6C23, 0x6C23, 0x6B23, 0x6C1B, 0x6D23, 0x6A23, 0x8E3B, 0xBCB3, 0xFFCA, 0x1FCB, 0xDFDB, 0x1EED, 0x1EED, 0xFEE3, 
  0x3FCB, 0x9ECB, 0x9FFF, 0xFFFF, 0xFFFF, 0xFFFF, 0xFFFF, 0xFFFF, 0xDFFF, 0xFFFF, 0x3FF7, 0x3DCB, 0xFFCA, 0xDFE3, 0xDFE3, 0xDFDB, 
  0x306A, 0x2A3A, 0x2942, 0x2A4A, 0x093A, 0x4D62, 0xFEE3, 0x3FD3, 0xBEBA, 0x1DD3, 0x1FE4, 0x716A, 0x4A42, 0x6B4A, 0x4B4A, 0x2A42, 
  0x6B4A, 0x2A42, 0x4B4A, 0x4B4A, 0x2A42, 0x19AB, 0x7FF6, 0xFFFF, 0x3FF7, 0x1DCB, 0xBFD3, 0xBCCB, 0x4D52, 0x4A42, 0x4B4A, 0x6B4A, 
  0x093A, 0x4A42, 0x2942, 0x2942, 0x6A4A, 0x2942, 0x2942, 0x4A4A, 0x6C4A, 0xAD52, 0xAE52, 0x8C4A, 0x4A42, 0x4A42, 0x6C4A, 0xAE52, 
  0x8C4A, 0x4B42, 0xAC52, 0x2942, 0x0842, 0x2942, 0x4A4A, 0x2842, 0x2842, 0x2942, 0x8B4A, 0xAC52, 0x8C4A, 0x8D4A, 0x8D4A, 0x6B4A, 
  0x2942, 0x4B4A, 0xAD52, 0x4C4A, 0x6C4A, 0x4A42, 0x0942, 0x4A42, 0xAD52, 0x8D4A, 0x6B4A, 0x6C4A, 0xAD52, 0x1163, 0xAF5A, 0x36A3, 
  0xFFEB, 0xBEC2, 0x1ED5, 0x5FFF, 0x3DC3, 0xDFCA, 0xFFC2, 0x1FCB, 0xBBAB, 0x6D33, 0x6C23, 0x6C23, 0x8C23, 0x6B23, 0x6C23, 0x6D23, 
  0x6C23, 0x6C23, 0x6C23, 0x6C23, 0x6C23, 0x6C23, 0x6C23, 0x6C23, 0x6C23, 0x6C23, 0x6C23, 0x6C23, 0x6C23, 0x6C23, 0x6C23, 0x6C23, 
  0x6C23, 0x6C23, 0x6C23, 0x6C23, 0x6C23, 0x6C23, 0x6C23, 0x6C23, 0x6C23, 0x6C23, 0x6C23, 0x6C23, 0x6C23, 0x6C23, 0x6C23, 0x6C23, 
  0x6C23, 0x6C23, 0x6C23, 0x6C23, 0x6C23, 0x6C23, 0x6C23, 0x6C23, 0x6C23, 0x6C23, 0x6C23, 0x6C23, 0x6C23, 0x6C23, 0x6C23, 0x6C23, 
  0x6C23, 0x6C23, 0x6C23, 0x6C23, 0x6C23, 0x6C23, 0x6C23, 0x6C23, 0x6C23, 0x6C23, 0x6C23, 0x6C23, 0x6C23, 0x6C23, 0x6C23, 0x6C23, 
  0x6C23, 0x6C23, 0x6C23, 0x6C23, 0x6C23, 0x6C23, 0x6C23, 0x6C23, 0x6C23, 0x6C23, 0x6C23, 0x6C23, 0x6C23, 0x6C23, 0x6C23, 0x6C23, 
  0x6C23, 0x6C23, 0x6C23, 0x6C23, 0x6C23, 0x6C23, 0x6C23, 0x6C23, 0x6C23, 0x6C23, 0x6C23, 0x6C23, 0x6C23, 0x6C23, 0x6C23, 0x6C23, 
  0x6C23, 0x6C23, 0x6C23, 0x6C23, 0x6C23, 0x6C23, 0x6C23, 0x6C23, 0x6C23, 0x6C23, 0x6C23, 0x6C23, 0x6C23, 0x6C23, 0x6C23, 0x6C23, 
  0x6C23, 0x6C23, 0x6C23, 0x6C23, 0x6C23, 0x6C23, 0x8C1B, 0x2B23, 0xB68B, 0x3FD3, 0xDFC2, 0x5FD3, 0xDFE3, 0x5EE4, 0xDEDB, 0xDFE3, 
  0x9FDB, 0xBDC2, 0xDEE5, 0xFFFF, 0xFFFF, 0xFFFF, 0xFFFF, 0xDEFF, 0xFFFF, 0x9FFF, 0x1DCC, 0xBECA, 0xBFE3, 0xFFE3, 0xFFEB, 0xD382, 
  0x283A, 0x4A42, 0x2942, 0x6B4A, 0x6942, 0x7172, 0x1FE4, 0x7FD3, 0x3ED3, 0x1FEC, 0xB9BB, 0x0A4A, 0x6B4A, 0x8C4A, 0x8D52, 0xAE5A, 
  0x4B4A, 0x6A42, 0x2A42, 0x6B4A, 0x2D5A, 0x1DCC, 0x5FFF, 0xFFFF, 0x3EEE, 0xBDC2, 0xDFE3, 0x7AB3, 0x2C4A, 0x6B42, 0x6C4A, 0xCE52, 
  0x6B4A, 0x4942, 0x4942, 0x2942, 0x4A4A, 0x4A42, 0x0942, 0x2942, 0x4A42, 0x2A42, 0x8C4A, 0x6B4A, 0x4A4A, 0x6A4A, 0x6B42, 0x8D4A, 
  0x6C4A, 0x4A4A, 0x2942, 0x083A, 0x2942, 0x4A4A, 0x2A42, 0x8D52, 0x6C4A, 0x4A42, 0x4B42, 0x6B4A, 0x4C4A, 0xAD52, 0x8C4A, 0x2A42, 
  0x0942, 0x4A4A, 0x4B4A, 0x2A42, 0x4A4A, 0x4A4A, 0x8B4A, 0x6B4A, 0x8D52, 0xAE52, 0xCF52, 0xAD52, 0x6B42, 0x4B4A, 0x093A, 0xF592, 
  0xFFEB, 0xDFC2, 0xBFE5, 0xFFFF, 0x9EDC, 0xBFCA, 0x1FCB, 0xFEC2, 0x9FD3, 0xD57B, 0x4B1B, 0x6C23, 0x6C23, 0x6B23, 0x6C23, 0x6D23, 
  0x6B23, 0x6C23, 0x6C23, 0x6C23, 0x6C23, 0x6C23, 0x6C23, 0x6C23, 0x6C23, 0x6C23, 0x6C23, 0x6C23, 0x6C23, 0x6C23, 0x6C23, 0x6C23, 
  0x6C23, 0x6C23, 0x6C23, 0x6C23, 0x6C23, 0x6C23, 0x6C23, 0x6C23, 0x6C23, 0x6C23, 0x6C23, 0x6C23, 0x6C23, 0x6C23, 0x6C23, 0x6C23, 
  0x6C23, 0x6C23, 0x6C23, 0x6C23, 0x6C23, 0x6C23, 0x6C23, 0x6C23, 0x6C23, 0x6C23, 0x6C23, 0x6C23, 0x6C23, 0x6C23, 0x6C23, 0x6C23, 
  0x6C23, 0x6C23, 0x6C23, 0x6C23, 0x6C23, 0x6C23, 0x6C23, 0x6C23, 0x6C23, 0x6C23, 0x6C23, 0x6C23, 0x6C23, 0x6C23, 0x6C23, 0x6C23, 
  0x6C23, 0x6C23, 0x6C23, 0x6C23, 0x6C23, 0x6C23, 0x6C23, 0x6C23, 0x6C23, 0x6C23, 0x6C23, 0x6C23, 0x6C23, 0x6C23, 0x6C23, 0x6C23, 
  0x6C23, 0x6C23, 0x6C23, 0x6C23, 0x6C23, 0x6C23, 0x6C23, 0x6C23, 0x6C23, 0x6C23, 0x6C23, 0x6C23, 0x6C23, 0x6C23, 0x6C23, 0x6C23, 
  0x6C23, 0x6C23, 0x6C23, 0x6C23, 0x6C23, 0x6C23, 0x6C23, 0x6C23, 0x6C23, 0x6C23, 0x6C23, 0x6C23, 0x6C23, 0x6C23, 0x6C23, 0x6C23, 
  0x6C23, 0x6C23, 0x6C23, 0x4C23, 0x6C23, 0x6B23, 0x6B1B, 0x714B, 0x7EC3, 0xDFCA, 0xDFCA, 0x7FE3, 0xDFEB, 0xBFE3, 0xDFE3, 0xDFE3, 
  0xBFEB, 0xFED2, 0x7EC3, 0x5FF7, 0xFFFF, 0xFFFF, 0xFFFF, 0xFEFF, 0xFFFF, 0xBED4, 0xBFC2, 0xBFDB, 0xFFDB, 0x1FEC, 0xF5A2, 0x4B42, 
  0x6B4A, 0x8C4A, 0x6A42, 0x6B4A, 0x6B42, 0x7272, 0x1FDC, 0xFFDB, 0xDFEB, 0x1FE4, 0x706A, 0x283A, 0x2942, 0x2A42, 0x4A42, 0x8B52, 
  0x6A4A, 0x6B4A, 0x8C4A, 0x4A4A, 0x7172, 0xDEDC, 0xBFFF, 0xFFFF, 0x3EDD, 0xBDC2, 0xDFE3, 0x37A3, 0xEA39, 0x6A42, 0x6C4A, 0x4A42, 
  0x2942, 0x4A42, 0x2A42, 0x4942, 0x4A42, 0x083A, 0x2842, 0x0842, 0x2942, 0x6A4A, 0x4A42, 0x4A42, 0x2942, 0x2942, 0x2942, 0x4A42, 
  0x4A4A, 0x0942, 0x2A42, 0x2942, 0x6B4A, 0x2A42, 0x8D52, 0x1163, 0x4A42, 0x6B4A, 0xD05A, 0x6B4A, 0x2A42, 0x4A42, 0x4B42, 0x0942, 
  0x2942, 0x4A42, 0x4A42, 0x4A4A, 0x6A4A, 0x6A4A, 0x4942, 0x4A42, 0x8C4A, 0xAD52, 0x8D4A, 0x6B4A, 0x4A42, 0x6A4A, 0xE839, 0x717A, 
  0x3FE4, 0x1DCB, 0xDFED, 0xFFFF, 0x5FEE, 0xDEC2, 0xFFCA, 0x5ECB, 0x9FDB, 0xBDBB, 0x8D3B, 0x4B23, 0x4D2B, 0x6C23, 0x8C1B, 0x6C23, 
  0x6C23, 0x6C23, 0x6C23, 0x6C23, 0x6C23, 0x6C23, 0x6C23, 0x6C23, 0x6C23, 0x6C23, 0x6C23, 0x6C23, 0x6C23, 0x6C23, 0x6C23, 0x6C23, 
  0x6C23, 0x6C23, 0x6C23, 0x6C23, 0x6C23, 0x6C23, 0x6C23, 0x6C23, 0x6C23, 0x6C23, 0x6C23, 0x6C23, 0x6C23, 0x6C23, 0x6C23, 0x6C23, 
  0x6C23, 0x6C23, 0x6C23, 0x6C23, 0x6C23, 0x6C23, 0x6C23, 0x6C23, 0x6C23, 0x6C23, 0x6C23, 0x6C23, 0x6C23, 0x6C23, 0x6C23, 0x6C23, 
  0x6C23, 0x6C23, 0x6C23, 0x6C23, 0x6C23, 0x6C23, 0x6C23, 0x6C23, 0x6C23, 0x6C23, 0x6C23, 0x6C23, 0x6C23, 0x6C23, 0x6C23, 0x6C23, 
  0x6C23, 0x6C23, 0x6C23, 0x6C23, 0x6C23, 0x6C23, 0x6C23, 0x6C23, 0x6C23, 0x6C23, 0x6C23, 0x6C23, 0x6C23, 0x6C23, 0x6C23, 0x6C23, 
  0x6C23, 0x6C23, 0x6C23, 0x6C23, 0x6C23, 0x6C23, 0x6C23, 0x6C23, 0x6C23, 0x6C23, 0x6C23, 0x6C23, 0x6C23, 0x6C23, 0x6C23, 0x6C23, 
  0x6C23, 0x6C23, 0x6C23, 0x6C23, 0x6C23, 0x6C23, 0x6C23, 0x6C23, 0x6C23, 0x6C23, 0x6C23, 0x6C23, 0x6C23, 0x6C23, 0x6C23, 0x6C23, 
  0x6C23, 0x6C23, 0x8B23, 0x4D23, 0x6C23, 0x6C23, 0x6B23, 0xB893, 0x1FCB, 0xFFC2, 0xFFCA, 0x9FE3, 0xFFE3, 0xDFDB, 0x9FE3, 0xBFE3, 
  0xDFE3, 0x7FDB, 0x9EC2, 0xFDD4, 0xFFFF, 0xDFFF, 0xFFFF, 0xFFFF, 0x9EE5, 0xBEC2, 0x5FD3, 0xFFDB, 0x1FE4, 0x37AB, 0xA941, 0x8D52, 
  0xAE52, 0x6C4A, 0x6B42, 0x6B4A, 0x4A42, 0x7072, 0xFEE3, 0xBFEB, 0x1FE4, 0xB28A, 0xC941, 0x6B42, 0x4A42, 0x2A42, 0x4A42, 0x2942, 
  0x4A4A, 0x6B4A, 0xAD52, 0x4A4A, 0xD692, 0x9FE5, 0xFFFF, 0xFFFF, 0x9ED4, 0xDEC2, 0xFFEB, 0xD38A, 0x2A42, 0x4A4A, 0x2942, 0x6B4A, 
  0x2A42, 0x4A4A, 0x4A4A, 0x2942, 0x6B4A, 0x4A42, 0x2942, 0x2942, 0x2942, 0x4A42, 0x4A42, 0x8B4A, 0x2A42, 0x0942, 0x494A, 0x0842, 
  0x2942, 0x2842, 0x4A42, 0x6C4A, 0x2A42, 0x4A42, 0x8B4A, 0x4A42, 0x2942, 0x6B4A, 0x2A42, 0x4A42, 0x8C52, 0x6B4A, 0x8C4A, 0x6B4A, 
  0x2A42, 0x2A42, 0x4A42, 0x2A42, 0x4A4A, 0x2942, 0x093A, 0x6B42, 0x6C4A, 0x6B4A, 0x8B4A, 0x6B4A, 0x8D52, 0xAE5A, 0x2942, 0x2D5A, 
  0xFED3, 0xFECA, 0xBEED, 0xFEFF, 0x3FF7, 0x3DC3, 0xFFCA, 0xFFCA, 0xDEC2, 0x3FCB, 0xB573, 0x6B13, 0x6C23, 0x6C23, 0x8B1B, 0x6B23, 
  0x6C23, 0x6C23, 0x6C23, 0x6C23, 0x6C23, 0x6C23, 0x6C23, 0x6C23, 0x6C23, 0x6C23, 0x6C23, 0x6C23, 0x6C23, 0x6C23, 0x6C23, 0x6C23, 
  0x6C23, 0x6C23, 0x6C23, 0x6C23, 0x6C23, 0x6C23, 0x6C23, 0x6C23, 0x6C23, 0x6C23, 0x6C23, 0x6C23, 0x6C23, 0x6C23, 0x6C23, 0x6C23, 
  0x6C23, 0x6C23, 0x6C23, 0x6C23, 0x6C23, 0x6C23, 0x6C23, 0x6C23, 0x6C23, 0x6C23, 0x6C23, 0x6C23, 0x6C23, 0x6C23, 0x6C23, 0x6C23, 
  0x6C23, 0x6C23, 0x6C23, 0x6C23, 0x6C23, 0x6C23, 0x6C23, 0x6C23, 0x6C23, 0x6C23, 0x6C23, 0x6C23, 0x6C23, 0x6C23, 0x6C23, 0x6C23, 
  0x6C23, 0x6C23, 0x6C23, 0x6C23, 0x6C23, 0x6C23, 0x6C23, 0x6C23, 0x6C23, 0x6C23, 0x6C23, 0x6C23, 0x6C23, 0x6C23, 0x6C23, 0x6C23, 
  0x6C23, 0x6C23, 0x6C23, 0x6C23, 0x6C23, 0x6C23, 0x6C23, 0x6C23, 0x6C23, 0x6C23, 0x6C23, 0x6C23, 0x6C23, 0x6C23, 0x6C23, 0x6C23, 
  0x6C23, 0x6C23, 0x6C23, 0x6C23, 0x6C23, 0x6C23, 0x6C23, 0x6C23, 0x6C23, 0x6C23, 0x6C23, 0x6C23, 0x6C23, 0x6C23, 0x6C23, 0x6C23, 
  0x6C23, 0x6C23, 0x8C1B, 0x8C1B, 0x6C23, 0x6B1B, 0x9153, 0x1DD4, 0x3ED3, 0xDFCA, 0x1FD3, 0xFFDB, 0xFFE3, 0x7CD3, 0x1ABB, 0xFFEB, 
  0xFFDB, 0xDFDB, 0xDFD2, 0x1EC3, 0x1FF7, 0xFFFF, 0xFFFF, 0x7FEE, 0xDEC2, 0x1FCB, 0xBFE3, 0xFFEB, 0x79BB, 0x2B52, 0x6A42, 0x8C4A, 
  0x8C4A, 0x4A42, 0x8B42, 0x8C4A, 0x6C4A, 0x9062, 0xDEDB, 0xFFEB, 0xF592, 0xC941, 0x294A, 0x4A4A, 0x4B4A, 0x4A4A, 0x4A4A, 0x4A4A, 
  0x2A4A, 0x4B42, 0x4B42, 0x0A42, 0xF9AA, 0xDFED, 0xFFFF, 0xFFFF, 0x9FDC, 0xDEC2, 0xFFE3, 0x917A, 0x4A42, 0x4A42, 0x294A, 0x4A4A, 
  0x4A42, 0x4A42, 0x2A42, 0x2A42, 0x4B4A, 0x4A42, 0x2942, 0x0942, 0x2942, 0x6B4A, 0x6B4A, 0x2942, 0x2942, 0x0942, 0xE839, 0x2942, 
  0x2842, 0x2942, 0x6B4A, 0x2A42, 0x8C4A, 0x6B4A, 0x2942, 0x2A42, 0x6C4A, 0x6B4A, 0x4A42, 0x4C4A, 0x0A42, 0x4B4A, 0x8C4A, 0x2A42, 
  0x2A42, 0x6B4A, 0x4B4A, 0x4B4A, 0x6B4A, 0x6B4A, 0xAC52, 0x6C4A, 0x6C4A, 0x4A42, 0x8C52, 0x2942, 0x083A, 0x6A4A, 0x4A4A, 0x0A42, 
  0xBBC3, 0x3FDB, 0xDED4, 0xFFFF, 0x5FFF, 0x7DCB, 0x3FD3, 0x3FDB, 0xFECA, 0x1FCB, 0x3BA3, 0x6D2B, 0x8B1B, 0x6C2B, 0x6C23, 0x6C23, 
  0x6C1B, 0x6C23, 0x6C23, 0x6C23, 0x6C23, 0x6C23, 0x6C23, 0x6C23, 0x6C23, 0x6C23, 0x6C23, 0x6C23, 0x6C23, 0x6C23, 0x6C23, 0x6C23, 
  0x6C23, 0x6C23, 0x6C23, 0x6C23, 0x6C23, 0x6C23, 0x6C23, 0x6C23, 0x6C23, 0x6C23, 0x6C23, 0x6C23, 0x6C23, 0x6C23, 0x6C23, 0x6C23, 
  0x6C23, 0x6C23, 0x6C23, 0x6C23, 0x6C23, 0x6C23, 0x6C23, 0x6C23, 0x6C23, 0x6C23, 0x6C23, 0x6C23, 0x6C23, 0x6C23, 0x6C23, 0x6C23, 
  0x6C23, 0x6C23, 0x6C23, 0x6C23, 0x6C23, 0x6C23, 0x6C23, 0x6C23, 0x6C23, 0x6C23, 0x6C23, 0x6C23, 0x6C23, 0x6C23, 0x6C23, 0x6C23, 
  0x6C23, 0x6C23, 0x6C23, 0x6C23, 0x6C23, 0x6C23, 0x6C23, 0x6C23, 0x6C23, 0x6C23, 0x6C23, 0x6C23, 0x6C23, 0x6C23, 0x6C23, 0x6C23, 
  0x6C23, 0x6C23, 0x6C23, 0x6C23, 0x6C23, 0x6C23, 0x6C23, 0x6C23, 0x6C23, 0x6C23, 0x6C23, 0x6C23, 0x6C23, 0x6C23, 0x6C23, 0x6C23, 
  0x6C23, 0x6C23, 0x6C23, 0x6C23, 0x6C23, 0x6C23, 0x6C23, 0x6C23, 0x6C23, 0x6C23, 0x6C23, 0x6C23, 0x6C23, 0x6C23, 0x6C23, 0x6C23, 
  0x6C23, 0x6C23, 0x6C23, 0x8C1B, 0x4C2B, 0x6B23, 0x189C, 0x1EED, 0xDECA, 0xDFCA, 0x5EDB, 0xFFE3, 0x1FEC, 0x37A3, 0x7172, 0xFFEB, 
  0xDFE3, 0xDFE3, 0x1FD3, 0xDEC2, 0x7EEE, 0xFFFF, 0x7FFF, 0x9DC3, 0xBFCA, 0x9FDB, 0xFFEB, 0xBBC3, 0x6E5A, 0x4B42, 0x6A4A, 0x8C4A, 
  0x6B4A, 0x4942, 0x6B42, 0x2A42, 0x4A42, 0x2B4A, 0x9ABB, 0xF492, 0x2B4A, 0x8C4A, 0x8C4A, 0x4A4A, 0x8C52, 0x6B4A, 0x083A, 0x0842, 
  0x4A4A, 0x4B4A, 0xAC4A, 0x6D52, 0x1BC3, 0x1FF6, 0xFFFF, 0xFFFF, 0xBEDC, 0xDECA, 0xFEDB, 0xF272, 0x2A42, 0x4A42, 0x0A4A, 0x4A4A, 
  0x4942, 0x4A42, 0x2A42, 0x8D52, 0xAD52, 0x6A42, 0x4A42, 0x0942, 0x2942, 0x2A42, 0x2A42, 0x2942, 0x2942, 0xE739, 0x0842, 0x4A4A, 
  0x2942, 0x4A4A, 0x4A42, 0x4A42, 0x8C4A, 0x8C4A, 0x2A42, 0x4A4A, 0x2942, 0x2A42, 0xAE52, 0xAC4A, 0x6B4A, 0x8C4A, 0x4A42, 0x4942, 
  0x494A, 0x4A4A, 0x0A3A, 0x6B4A, 0x6B4A, 0x4A42, 0x4A42, 0x4A4A, 0x4A42, 0x2942, 0x4A42, 0x4942, 0x083A, 0x2A42, 0x6B52, 0x083A, 
  0x36A3, 0xFFEB, 0x1DBB, 0xDEEE, 0x5FFF, 0x3EC3, 0x7FD3, 0xBFDB, 0xDECA, 0xFFCA, 0x1EC3, 0x325B, 0x8B13, 0x6C23, 0x6D23, 0x6C23, 
  0x6C23, 0x6C23, 0x6C23, 0x6C23, 0x6C23, 0x6C23, 0x6C23, 0x6C23, 0x6C23, 0x6C23, 0x6C23, 0x6C23, 0x6C23, 0x6C23, 0x6C23, 0x6C23, 
  0x6C23, 0x6C23, 0x6C23, 0x6C23, 0x6C23, 0x6C23, 0x6C23, 0x6C23, 0x6C23, 0x6C23, 0x6C23, 0x6C23, 0x6C23, 0x6C23, 0x6C23, 0x6C23, 
  0x6C23, 0x6C23, 0x6C23, 0x6C23, 0x6C23, 0x6C23, 0x6C23, 0x6C23, 0x6C23, 0x6C23, 0x6C23, 0x6C23, 0x6C23, 0x6C23, 0x6C23, 0x6C23, 
  0x6C23, 0x6C23, 0x6C23, 0x6C23, 0x6C23, 0x6C23, 0x6C23, 0x6C23, 0x6C23, 0x6C23, 0x6C23, 0x6C23, 0x6C23, 0x6C23, 0x6C23, 0x6C23, 
  0x6C23, 0x6C23, 0x6C23, 0x6C23, 0x6C23, 0x6C23, 0x6C23, 0x6C23, 0x6C23, 0x6C23, 0x6C23, 0x6C23, 0x6C23, 0x6C23, 0x6C23, 0x6C23, 
  0x6C23, 0x6C23, 0x6C23, 0x6C23, 0x6C23, 0x6C23, 0x6C23, 0x6C23, 0x6C23, 0x6C23, 0x6C23, 0x6C23, 0x6C23, 0x6C23, 0x6C23, 0x6C23, 
  0x6C23, 0x6C23, 0x6C23, 0x6C23, 0x6C23, 0x6C23, 0x6C23, 0x6C23, 0x6C23, 0x6C23, 0x6C23, 0x6C23, 0x6C23, 0x6C23, 0x6C23, 0x6C23, 
  0x6C23, 0x6C23, 0x6C23, 0x6C23, 0x8B1B, 0x2F43, 0x9DDD, 0x3ED4, 0xBFC2, 0x1FC3, 0xBFE3, 0xDFEB, 0xDEDB, 0xD16A, 0x0A3A, 0xF6A2, 
  0x1FE4, 0xBFEB, 0x5FDB, 0xFDBA, 0xDEEE, 0xFFFF, 0xBDD4, 0xBECA, 0x7FDB, 0xFFEB, 0xBBCB, 0x6E5A, 0x6C42, 0x6D52, 0x4C52, 0x4B42, 
  0x8D4A, 0xAD52, 0x8C4A, 0x4B42, 0x6B4A, 0x6B4A, 0x2D52, 0x2B4A, 0xAD52, 0x4B42, 0x6B42, 0x4B4A, 0x6C4A, 0x8C4A, 0x2A42, 0x4B4A, 
  0x6B4A, 0x6C4A, 0x4A42, 0x6E5A, 0x5DCB, 0xDDE5, 0xFFFF, 0xFFFF, 0x7ED4, 0x1FDB, 0xBBCB, 0x4E52, 0x4A42, 0x4B4A, 0x2A42, 0x4B4A, 
  0x2942, 0x6A42, 0x8C52, 0xAD52, 0x2A42, 0x4B42, 0x4A4A, 0x4942, 0xAD52, 0xAD52, 0x8B4A, 0x4A4A, 0xE839, 0x0842, 0x2942, 0x2A42, 
  0x2942, 0x2942, 0x2942, 0x0942, 0x6A4A, 0x4A42, 0x2942, 0x0942, 0x0842, 0x4A42, 0x4B4A, 0x2A42, 0xCE52, 0xAE52, 0x6B42, 0x4942, 
  0x2842, 0x2942, 0xCD5A, 0xAD52, 0x8C52, 0x2A42, 0x2942, 0x2942, 0x2A42, 0x2A42, 0x6A4A, 0x6B4A, 0x4A4A, 0x4A4A, 0x0842, 0xE839, 
  0x0E5A, 0xFEDB, 0x3FD3, 0x3CCC, 0x7FF6, 0xFEC2, 0x9FD3, 0xDFDB, 0x1ED3, 0xBFCA, 0xBFDB, 0x189C, 0x4D23, 0x8C1B, 0x6C23, 0x6C23, 
  0x6C23, 0x6C23, 0x6C23, 0x6C23, 0x6C23, 0x6C23, 0x6C23, 0x6C23, 0x6C23, 0x6C23, 0x6C23, 0x6C23, 0x6C23, 0x6C23, 0x6C23, 0x6C23, 
  0x6C23, 0x6C23, 0x6C23, 0x6C23, 0x6C23, 0x6C23, 0x6C23, 0x6C23, 0x6C23, 0x6C23, 0x6C23, 0x6C23, 0x6C23, 0x6C23, 0x6C23, 0x6C23, 
  0x6C23, 0x6C23, 0x6C23, 0x6C23, 0x6C23, 0x6C23, 0x6C23, 0x6C23, 0x6C23, 0x6C23, 0x6C23, 0x6C23, 0x6C23, 0x6C23, 0x6C23, 0x6C23, 
  0x6C23, 0x6C23, 0x6C23, 0x6C23, 0x6C23, 0x6C23, 0x6C23, 0x6C23, 0x6C23, 0x6C23, 0x6C23, 0x6C23, 0x6C23, 0x6C23, 0x6C23, 0x6C23, 
  0x6C23, 0x6C23, 0x6C23, 0x6C23, 0x6C23, 0x6C23, 0x6C23, 0x6C23, 0x6C23, 0x6C23, 0x6C23, 0x6C23, 0x6C23, 0x6C23, 0x6C23, 0x6C23, 
  0x6C23, 0x6C23, 0x6C23, 0x6C23, 0x6C23, 0x6C23, 0x6C23, 0x6C23, 0x6C23, 0x6C23, 0x6C23, 0x6C23, 0x6C23, 0x6C23, 0x6C23, 0x6C23, 
  0x6C23, 0x6C23, 0x6C23, 0x6C23, 0x6C23, 0x6C23, 0x6C23, 0x6C23, 0x6C23, 0x6C23, 0x6C23, 0x6C23, 0x6C23, 0x6C23, 0x6C23, 0x6C23, 
  0x6C23, 0x6C23, 0x6C23, 0x6C23, 0x2C1B, 0x5584, 0xFFF5, 0xFEC2, 0xFFCA, 0x3FCB, 0xDFE3, 0xFFEB, 0x59AB, 0x0B42, 0xAC4A, 0x2D52, 
  0x79B3, 0xFFEB, 0x7FE3, 0xFDBA, 0x3EDD, 0xDDE4, 0xBEBA, 0x1FDB, 0xDFEB, 0xBDD3, 0x106A, 0x2B42, 0x6A42, 0xF16A, 0xAF5A, 0x6A42, 
  0x6B4A, 0x6C4A, 0x8B4A, 0x6B4A, 0x2A42, 0x6B4A, 0x8C4A, 0xAD52, 0xAD52, 0x4B42, 0x2942, 0x0842, 0x4A42, 0xCD52, 0x8D4A, 0xAD52, 
  0x8C4A, 0x2A42, 0x8B4A, 0x4D62, 0x5DCB, 0x3DDD, 0xFFFF, 0x3FF7, 0x7DC3, 0x7FE3, 0x37AB, 0x0B42, 0x6B4A, 0x4B42, 0x6A4A, 0x4B4A, 
  0x8C4A, 0x4A42, 0x8C4A, 0x4A42, 0x6B4A, 0xCE5A, 0xAD52, 0x8B4A, 0x8C4A, 0x2A42, 0x6A4A, 0x4A42, 0x2942, 0x2942, 0xE839, 0x4A4A, 
  0x494A, 0x2842, 0x2842, 0x0842, 0x2942, 0x2842, 0x283A, 0x6A4A, 0x2942, 0x0942, 0x4A42, 0x2942, 0x2A42, 0x6B4A, 0x6B42, 0x6A42, 
  0xAD52, 0x4B4A, 0x4C4A, 0x2B4A, 0x2A42, 0x4A42, 0x2942, 0x6A4A, 0x2842, 0x4A4A, 0x8B4A, 0x0A42, 0x2B4A, 0x2B4A, 0xCD5A, 0x6B4A, 
  0xE839, 0x1593, 0x1FEC, 0x1DCB, 0xDECB, 0xFFCA, 0x7FDB, 0xFFE3, 0x7FD3, 0xBEC2, 0xFED3, 0x5CCD, 0x0F3B, 0x8B1B, 0x6C23, 0x6C23, 
  0x6C23, 0x6C23, 0x6C23, 0x6C23, 0x6C23, 0x6C23, 0x6C23, 0x6C23, 0x6C23, 0x6C23, 0x6C23, 0x6C23, 0x6C23, 0x6C23, 0x6C23, 0x6C23, 
  0x6C23, 0x6C23, 0x6C23, 0x6C23, 0x6C23, 0x6C23, 0x6C23, 0x6C23, 0x6C23, 0x6C23, 0x6C23, 0x6C23, 0x6C23, 0x6C23, 0x6C23, 0x6C23, 
  0x6C23, 0x6C23, 0x6C23, 0x6C23, 0x6C23, 0x6C23, 0x6C23, 0x6C23, 0x6C23, 0x6C23, 0x6C23, 0x6C23, 0x6C23, 0x6C23, 0x6C23, 0x6C23, 
  0x6C23, 0x6C23, 0x6C23, 0x6C23, 0x6C23, 0x6C23, 0x6C23, 0x6C23, 0x6C23, 0x6C23, 0x6C23, 0x6C23, 0x6C23, 0x6C23, 0x6C23, 0x6C23, 
  0x6C23, 0x6C23, 0x6C23, 0x6C23, 0x6C23, 0x6C23, 0x6C23, 0x6C23, 0x6C23, 0x6C23, 0x6C23, 0x6C23, 0x6C23, 0x6C23, 0x6C23, 0x6C23, 
  0x6C23, 0x6C23, 0x6C23, 0x6C23, 0x6C23, 0x6C23, 0x6C23, 0x6C23, 0x6C23, 0x6C23, 0x6C23, 0x6C23, 0x6C23, 0x6C23, 0x6C23, 0x6C23, 
  0x6C23, 0x6C23, 0x6C23, 0x6C23, 0x6C23, 0x6C23, 0x6C23, 0x6C23, 0x6C23, 0x6C23, 0x6C23, 0x6C23, 0x6C23, 0x6C23, 0x6C23, 0x6C23, 
  0x6C23, 0x6C23, 0x6C23, 0x8B1B, 0x4E33, 0xFCD5, 0x9EDC, 0xBEC2, 0x1FCB, 0x9FD3, 0xFFE3, 0xDDD3, 0x3062, 0x6B4A, 0x8C52, 0x6C4A, 
  0x2E62, 0xFDD3, 0xDFEB, 0x9FDB, 0xDEC2, 0xBEC2, 0x5FD3, 0xDFEB, 0xDDDB, 0x906A, 0x2A42, 0x6942, 0x6A42, 0x6C4A, 0x6C4A, 0x6B4A, 
  0x6B4A, 0x4B42, 0x4B4A, 0x6B4A, 0x6B4A, 0x2A42, 0x8C4A, 0xAC52, 0x6B4A, 0x4A42, 0x4942, 0x2942, 0x2A42, 0x6C4A, 0x6B4A, 0x8C4A, 
  0x6B4A, 0x6B42, 0xAC4A, 0x8F62, 0x9ED3, 0xBED3, 0xFFF6, 0xFCCB, 0xDEC2, 0xDFEB, 0xD48A, 0x2B42, 0x8C4A, 0xAC4A, 0x6A4A, 0x4A42, 
  0x6B4A, 0x4A42, 0x2B42, 0x4A4A, 0x4A4A, 0x8C52, 0xAE5A, 0x4B4A, 0x6A42, 0x4A42, 0x093A, 0x083A, 0x4942, 0x2842, 0x2942, 0x0842, 
  0x0942, 0xE839, 0x2842, 0x4942, 0x4942, 0x2842, 0x2842, 0x4A42, 0x2942, 0x0942, 0x4942, 0x0942, 0x2842, 0x2842, 0x4B42, 0x2A42, 
  0x8D52, 0x6C4A, 0x2A42, 0x2942, 0x283A, 0x2942, 0x6B4A, 0x4A42, 0x2942, 0x6B4A, 0x8C52, 0xAF5A, 0xAF5A, 0xAF5A, 0xAF5A, 0x2942, 
  0x284A, 0x2B52, 0xBDD3, 0x9FDB, 0xDFC2, 0xFFCA, 0x9FDB, 0xDFE3, 0xBFDB, 0xFFCA, 0x1EC3, 0xDFED, 0x1374, 0x4B1B, 0x6D23, 0x8B23, 
  0x6C23, 0x6C23, 0x6C23, 0x6C23, 0x6C23, 0x6C23, 0x6C23, 0x6C23, 0x6C23, 0x6C23, 0x6C23, 0x6C23, 0x6C23, 0x6C23, 0x6C23, 0x6C23, 
  0x6C23, 0x6C23, 0x6C23, 0x6C23, 0x6C23, 0x6C23, 0x6C23, 0x6C23, 0x6C23, 0x6C23, 0x6C23, 0x6C23, 0x6C23, 0x6C23, 0x6C23, 0x6C23, 
  0x6C23, 0x6C23, 0x6C23, 0x6C23, 0x6C23, 0x6C23, 0x6C23, 0x6C23, 0x6C23, 0x6C23, 0x6C23, 0x6C23, 0x6C23, 0x6C23, 0x6C23, 0x6C23, 
  0x6C23, 0x6C23, 0x6C23, 0x6C23, 0x6C23, 0x6C23, 0x6C23, 0x6C23, 0x6C23, 0x6C23, 0x6C23, 0x6C23, 0x6C23, 0x6C23, 0x6C23, 0x6C23, 
  0x6C23, 0x6C23, 0x6C23, 0x6C23, 0x6C23, 0x6C23, 0x6C23, 0x6C23, 0x6C23, 0x6C23, 0x6C23, 0x6C23, 0x6C23, 0x6C23, 0x6C23, 0x6C23, 
  0x6C23, 0x6C23, 0x6C23, 0x6C23, 0x6C23, 0x6C23, 0x6C23, 0x6C23, 0x6C23, 0x6C23, 0x6C23, 0x6C23, 0x6C23, 0x6C23, 0x6C23, 0x6C23, 
  0x6C23, 0x6C23, 0x6C23, 0x6C23, 0x6C23, 0x6C23, 0x6C23, 0x6C23, 0x6C23, 0x6C23, 0x6C23, 0x6C23, 0x6C23, 0x6C23, 0x6C23, 0x6C23, 
  0x6C23, 0x6C23, 0x8B23, 0x4B13, 0x1374, 0x3FF6, 0x1DC3, 0xDFCA, 0x1FCB, 0xDFDB, 0x1FE4, 0x17A3, 0x0B42, 0x8B42, 0x6C4A, 0x2A42, 
  0x0842, 0x6F72, 0xFDD3, 0x1FEC, 0xDFE3, 0xFFE3, 0xFFF3, 0x9CCB, 0x9172, 0x2A42, 0x8A42, 0x2A42, 0x2A4A, 0x8B4A, 0x6A42, 0x2A42, 
  0x8C4A, 0x4B4A, 0x8D52, 0x6C4A, 0xAD52, 0x6C4A, 0x2A42, 0x4B4A, 0x6B4A, 0x4A4A, 0x4A4A, 0x4A4A, 0x4A4A, 0x6B4A, 0x4B42, 0x4B42, 
  0x6C4A, 0x8C4A, 0x6B42, 0x906A, 0xDFE3, 0x1FCB, 0x9DCB, 0xDEC2, 0x1FD3, 0xDEDB, 0x906A, 0xED5A, 0xCE5A, 0x6B42, 0x2A42, 0x2A42, 
  0x8B4A, 0x6B4A, 0x4A42, 0x6B4A, 0x2942, 0x2A42, 0x0A42, 0x8C52, 0xAD52, 0x293A, 0x4942, 0x2942, 0x2942, 0x2942, 0x2942, 0x2942, 
  0x4A4A, 0x6B4A, 0x2942, 0x2942, 0x0942, 0x0842, 0x083A, 0x4A4A, 0x6A4A, 0x4A42, 0xCB52, 0x4A42, 0x4A42, 0x4A4A, 0x4A42, 0x2A42, 
  0x6B4A, 0x4942, 0x4A4A, 0x4B4A, 0x4942, 0x4A42, 0xAD52, 0xAD52, 0x093A, 0x083A, 0x6B4A, 0x8D52, 0x4A4A, 0x2942, 0x0742, 0x0842, 
  0xE841, 0xE839, 0xB382, 0x1FE4, 0x1FCB, 0xDFCA, 0x5FD3, 0xDFE3, 0xDFE3, 0x7FDB, 0x9EC2, 0x5FE5, 0xBBC5, 0x2D2B, 0x6C23, 0x6C23, 
  0x8C23, 0x6C23, 0x6C23, 0x6C23, 0x6C23, 0x6C23, 0x6C23, 0x6C23, 0x6C23, 0x6C23, 0x6C23, 0x6C23, 0x6C23, 0x6C23, 0x6C23, 0x6C23, 
  0x6C23, 0x6C23, 0x6C23, 0x6C23, 0x6C23, 0x6C23, 0x6C23, 0x6C23, 0x6C23, 0x6C23, 0x6C23, 0x6C23, 0x6C23, 0x6C23, 0x6C23, 0x6C23, 
  0x6C23, 0x6C23, 0x6C23, 0x6C23, 0x6C23, 0x6C23, 0x6C23, 0x6C23, 0x6C23, 0x6C23, 0x6C23, 0x6C23, 0x6C23, 0x6C23, 0x6C23, 0x6C23, 
  0x6C23, 0x6C23, 0x6C23, 0x6C23, 0x6C23, 0x6C23, 0x6C23, 0x6C23, 0x6C23, 0x6C23, 0x6C23, 0x6C23, 0x6C23, 0x6C23, 0x6C23, 0x6C23, 
  0x6C23, 0x6C23, 0x6C23, 0x6C23, 0x6C23, 0x6C23, 0x6C23, 0x6C23, 0x6C23, 0x6C23, 0x6C23, 0x6C23, 0x6C23, 0x6C23, 0x6C23, 0x6C23, 
  0x6C23, 0x6C23, 0x6C23, 0x6C23, 0x6C23, 0x6C23, 0x6C23, 0x6C23, 0x6C23, 0x6C23, 0x6C23, 0x6C23, 0x6C23, 0x6C23, 0x6C23, 0x6C23, 
  0x6C23, 0x6C23, 0x6C23, 0x6C23, 0x6C23, 0x6C23, 0x6C23, 0x6C23, 0x6C23, 0x6C23, 0x6C23, 0x6C23, 0x6C23, 0x6C23, 0x6C23, 0x6C23, 
  0x6C23, 0x6C23, 0x8C23, 0x2C23, 0x59BD, 0x1FE5, 0xBEC2, 0xFFCA, 0x5FDB, 0xDFE3, 0x1ED4, 0x9172, 0x8B42, 0xAC4A, 0xEE52, 0x6B42, 
  0x2842, 0xC739, 0x3062, 0x59B3, 0xBBCB, 0x7BC3, 0xD492, 0x6E5A, 0x936B, 0x8D52, 0x6B4A, 0x0A4A, 0x6C52, 0x6A42, 0x6B4A, 0x6B42, 
  0x4A42, 0x6A4A, 0x2A42, 0x6B4A, 0x6A4A, 0x4942, 0x4A42, 0x0A42, 0x4B4A, 0x6B4A, 0x4A42, 0x4A42, 0x4A4A, 0x2A42, 0x6B4A, 0xAC52, 
  0xCD52, 0xCE52, 0x8C4A, 0x6F72, 0xDEE3, 0x5FD3, 0xBFCA, 0xFFC2, 0xBFE3, 0x99BB, 0x2B4A, 0x4B4A, 0x4B4A, 0x4B42, 0x2B4A, 0x2B4A, 
  0x4A4A, 0x4A4A, 0x4A42, 0x2A42, 0x4A42, 0x4A42, 0x2942, 0x093A, 0xF15A, 0x8C4A, 0x4942, 0x2A42, 0x6B4A, 0x4B4A, 0x2A42, 0x2A42, 
  0x2A42, 0xAC52, 0x2A42, 0x2A42, 0x8C52, 0x4A4A, 0x2942, 0x4A4A, 0x4A4A, 0x4A42, 0x4A42, 0x2942, 0x0A42, 0x294A, 0x2842, 0x4A42, 
  0x2942, 0x6B4A, 0x8D52, 0x6C4A, 0x2B42, 0x6C4A, 0x4B42, 0x8D4A, 0x8C4A, 0x4A42, 0x093A, 0x2A42, 0x6B4A, 0x2942, 0x2A4A, 0x4942, 
  0x2842, 0xE839, 0xEA49, 0xBBCB, 0x7FDB, 0xDFC2, 0x3FD3, 0xDFE3, 0xDFE3, 0xDFE3, 0xDFCA, 0xFDCB, 0xBEEE, 0x915B, 0x4B1B, 0x6C2B, 
  0x8C1B, 0x6C23, 0x6C23, 0x6C23, 0x6C23, 0x6C23, 0x6C23, 0x6C23, 0x6C23, 0x6C23, 0x6C23, 0x6C23, 0x6C23, 0x6C23, 0x6C23, 0x6C23, 
  0x6C23, 0x6C23, 0x6C23, 0x6C23, 0x6C23, 0x6C23, 0x6C23, 0x6C23, 0x6C23, 0x6C23, 0x6C23, 0x6C23, 0x6C23, 0x6C23, 0x6C23, 0x6C23, 
  0x6C23, 0x6C23, 0x6C23, 0x6C23, 0x6C23, 0x6C23, 0x6C23, 0x6C23, 0x6C23, 0x6C23, 0x6C23, 0x6C23, 0x6C23, 0x6C23, 0x6C23, 0x6C23, 
  0x6C23, 0x6C23, 0x6C23, 0x6C23, 0x6C23, 0x6C23, 0x6C23, 0x6C23, 0x6C23, 0x6C23, 0x6C23, 0x6C23, 0x6C23, 0x6C23, 0x6C23, 0x6C23, 
  0x6C23, 0x6C23, 0x6C23, 0x6C23, 0x6C23, 0x6C23, 0x6C23, 0x6C23, 0x6C23, 0x6C23, 0x6C23, 0x6C23, 0x6C23, 0x6C23, 0x6C23, 0x6C23, 
  0x6C23, 0x6C23, 0x6C23, 0x6C23, 0x6C23, 0x6C23, 0x6C23, 0x6C23, 0x6C23, 0x6C23, 0x6C23, 0x6C23, 0x6C23, 0x6C23, 0x6C23, 0x6C23, 
  0x6C23, 0x6C23, 0x6C23, 0x6C23, 0x6C23, 0x6C23, 0x6C23, 0x6C23, 0x6C23, 0x6C23, 0x6C23, 0x6C23, 0x6C23, 0x6C23, 0x6C23, 0x6C23, 
  0x6C23, 0x6C23, 0x6B1B, 0x904B, 0x7EEE, 0xBECB, 0xBFCA, 0x1FCB, 0xBFE3, 0xDFEB, 0x7AB3, 0x2C4A, 0xAB4A, 0xAE52, 0xAF52, 0x6B42, 
  0x4A42, 0xAC52, 0x4B42, 0x4D52, 0xD05A, 0x4D4A, 0x4C42, 0x4A42, 0x6D52, 0x6C4A, 0x4A42, 0x4A4A, 0x4A42, 0x4A42, 0x2A4A, 0x8B4A, 
  0x2A42, 0x8B4A, 0x4B42, 0x2A42, 0x4A42, 0x093A, 0x2A42, 0xAD52, 0x6C4A, 0x6B4A, 0xAC52, 0x6B4A, 0x4942, 0x083A, 0x4B4A, 0xAE52, 
  0x4D4A, 0xAF52, 0x8C4A, 0x0C5A, 0xBDD3, 0xBFE3, 0xDECA, 0x3FD3, 0x1FE4, 0xB182, 0x293A, 0x4B42, 0x2A4A, 0x6A42, 0x316B, 0xAD5A, 
  0x0942, 0x2942, 0x2942, 0x4B42, 0x8C4A, 0x8C4A, 0x8B52, 0x4A42, 0x4B42, 0x2942, 0x2842, 0x2942, 0x2942, 0x4A4A, 0x8B4A, 0x494A, 
  0xE839, 0x2842, 0x0842, 0x4A4A, 0x8C52, 0x4A4A, 0x2942, 0x0942, 0x0942, 0x0942, 0x2942, 0x2942, 0x494A, 0x0942, 0x4942, 0x4B4A, 
  0x4B4A, 0xEF62, 0x6C4A, 0xAD52, 0xAF5A, 0x6C4A, 0x4A4A, 0x8C52, 0x6B4A, 0x4A42, 0x4942, 0x2942, 0x2942, 0x494A, 0x2942, 0x6B4A, 
  0x6A42, 0x094A, 0xC839, 0xD48A, 0xDFEB, 0xFFCA, 0xFFCA, 0xBFDB, 0xDFE3, 0xDFE3, 0x5FDB, 0xDDC2, 0x9FF6, 0xF9A4, 0x2C23, 0x6B23, 
  0x6C23, 0x6C23, 0x6C23, 0x6C23, 0x6C23, 0x6C23, 0x6C23, 0x6C23, 0x6C23, 0x6C23, 0x6C23, 0x6C23, 0x6C23, 0x6C23, 0x6C23, 0x6C23, 
  0x6C23, 0x6C23, 0x6C23, 0x6C23, 0x6C23, 0x6C23, 0x6C23, 0x6C23, 0x6C23, 0x6C23, 0x6C23, 0x6C23, 0x6C23, 0x6C23, 0x6C23, 0x6C23, 
  0x6C23, 0x6C23, 0x6C23, 0x6C23, 0x6C23, 0x6C23, 0x6C23, 0x6C23, 0x6C23, 0x6C23, 0x6C23, 0x6C23, 0x6C23, 0x6C23, 0x6C23, 0x6C23, 
  0x6C23, 0x6C23, 0x6C23, 0x6C23, 0x6C23, 0x6C23, 0x6C23, 0x6C23, 0x6C23, 0x6C23, 0x6C23, 0x6C23, 0x6C23, 0x6C23, 0x6C23, 0x6C23, 
  0x6C23, 0x6C23, 0x6C23, 0x6C23, 0x6C23, 0x6C23, 0x6C23, 0x6C23, 0x6C23, 0x6C23, 0x6C23, 0x6C23, 0x6C23, 0x6C23, 0x6C23, 0x6C23, 
  0x6C23, 0x6C23, 0x6C23, 0x6C23, 0x6C23, 0x6C23, 0x6C23, 0x6C23, 0x6C23, 0x6C23, 0x6C23, 0x6C23, 0x6C23, 0x6C23, 0x6C23, 0x6C23, 
  0x6C23, 0x6C23, 0x6C23, 0x6C23, 0x6C23, 0x6C23, 0x6C23, 0x6C23, 0x6C23, 0x6C23, 0x6C23, 0x6C23, 0x6C23, 0x6C23, 0x6C23, 0x6C23, 
  0x6C23, 0x8C23, 0x2B1B, 0xB694, 0xDFED, 0xDEBA, 0xFFCA, 0x9FDB, 0xDFE3, 0xFFEB, 0x1693, 0x4B42, 0x4B4A, 0x4A42, 0x8D52, 0x6A4A, 
  0x6A42, 0x2B42, 0x2942, 0x6A42, 0x6B42, 0x8B4A, 0x6D4A, 0x8B4A, 0xAC4A, 0x8B42, 0x4A42, 0x2A42, 0x6A42, 0x8C4A, 0x2C4A, 0x6B4A, 
  0xAE52, 0x8D4A, 0x8C4A, 0xCE52, 0xEF5A, 0x8D4A, 0xAD52, 0x6B4A, 0x6C4A, 0x8D4A, 0xAC52, 0x8B4A, 0x2A42, 0x8B4A, 0x8C4A, 0x4C4A, 
  0x3063, 0x1063, 0x2A3A, 0x2B4A, 0x5BC3, 0xFFEB, 0x7EDB, 0xDFF3, 0x7ABB, 0xEB51, 0x8A42, 0x6B42, 0x6B4A, 0x6B4A, 0x8E52, 0x2B4A, 
  0x2A42, 0x4942, 0x4942, 0x8C52, 0x8C4A, 0x2A42, 0x6B4A, 0x4A42, 0x4942, 0x0842, 0xE839, 0x2942, 0x093A, 0x4A42, 0x2A42, 0x2942, 
  0x0942, 0x2842, 0x0842, 0x2942, 0xE839, 0x2942, 0x0842, 0x0842, 0x0842, 0x2942, 0x2942, 0x0842, 0x4942, 0x2942, 0x4A42, 0x2942, 
  0x6B4A, 0x6C4A, 0x4A42, 0x6B4A, 0x2B42, 0x2A42, 0x4942, 0x2942, 0x6C4A, 0x4B42, 0x6B4A, 0x6B4A, 0x083A, 0x2942, 0x0842, 0x2A4A, 
  0x6A42, 0x294A, 0x6942, 0xB06A, 0xFEDB, 0x3FD3, 0xDEC2, 0x5FD3, 0xFFE3, 0xDFE3, 0xBFE3, 0xBEC2, 0x3EDD, 0x7DDE, 0x2F43, 0x6C1B, 
  0x8C23, 0x6C23, 0x6C23, 0x6C23, 0x6C23, 0x6C23, 0x6C23, 0x6C23, 0x6C23, 0x6C23, 0x6C23, 0x6C23, 0x6C23, 0x6C23, 0x6C23, 0x6C23, 
  0x6C23, 0x6C23, 0x6C23, 0x6C23, 0x6C23, 0x6C23, 0x6C23, 0x6C23, 0x6C23, 0x6C23, 0x6C23, 0x6C23, 0x6C23, 0x6C23, 0x6C23, 0x6C23, 
  0x6C23, 0x6C23, 0x6C23, 0x6C23, 0x6C23, 0x6C23, 0x6C23, 0x6C23, 0x6C23, 0x6C23, 0x6C23, 0x6C23, 0x6C23, 0x6C23, 0x6C23, 0x6C23, 
  0x6C23, 0x6C23, 0x6C23, 0x6C23, 0x6C23, 0x6C23, 0x6C23, 0x6C23, 0x6C23, 0x6C23, 0x6C23, 0x6C23, 0x6C23, 0x6C23, 0x6C23, 0x6C23, 
  0x6C23, 0x6C23, 0x6C23, 0x6C23, 0x6C23, 0x6C23, 0x6C23, 0x6C23, 0x6C23, 0x6C23, 0x6C23, 0x6C23, 0x6C23, 0x6C23, 0x6C23, 0x6C23, 
  0x6C23, 0x6C23, 0x6C23, 0x6C23, 0x6C23, 0x6C23, 0x6C23, 0x6C23, 0x6C23, 0x6C23, 0x6C23, 0x6C23, 0x6C23, 0x6C23, 0x6C23, 0x6C23, 
  0x6C23, 0x6C23, 0x6C23, 0x6C23, 0x6C23, 0x6C23, 0x6C23, 0x6C23, 0x6C23, 0x6C23, 0x6C23, 0x6C23, 0x6B23, 0x6C23, 0x6C23, 0x6C23, 
  0x6C23, 0x8B1B, 0x4D33, 0xFBCD, 0x7EDC, 0xDEC2, 0x7FD3, 0xFFDB, 0xBFE3, 0xFFE3, 0x9072, 0x4A42, 0x8D52, 0xAD4A, 0x6B42, 0x0A42, 
  0x0942, 0x6B4A, 0x6B4A, 0x4A42, 0x6B4A, 0x2A42, 0x4A42, 0x6C4A, 0x6C4A, 0x4B42, 0x8C4A, 0xAD52, 0x6C4A, 0x6B4A, 0xCE5A, 0x8D52, 
  0xAD52, 0x8C4A, 0x6B42, 0xAB4A, 0x8C4A, 0xAD4A, 0xCD52, 0x2942, 0x6B4A, 0x6D4A, 0x8C4A, 0x4A42, 0x4B4A, 0x8C4A, 0xAC4A, 0x6C4A, 
  0x8C52, 0x4C52, 0x6B42, 0x4F5A, 0x9EDB, 0xFFEB, 0x3FEC, 0x9BC3, 0x2D5A, 0x2942, 0x6C4A, 0xCF52, 0xAD52, 0x4B42, 0x4B42, 0x6B4A, 
  0x083A, 0x694A, 0x4942, 0x0942, 0x0942, 0x4A42, 0x4A42, 0x2A42, 0x6A4A, 0x2942, 0x2942, 0x4A42, 0x6B4A, 0x4A42, 0x6A4A, 0x8A4A, 
  0x2A42, 0x2842, 0xE739, 0x0942, 0x2842, 0x0742, 0x0942, 0x0942, 0x494A, 0x0842, 0x0842, 0x4942, 0x2A42, 0x0942, 0x0842, 0x0842, 
  0x0942, 0x4A4A, 0x4A4A, 0x2942, 0x2842, 0xE739, 0x6A4A, 0x8C52, 0x4B4A, 0x6C4A, 0x8C52, 0x2B4A, 0x8C52, 0x6A4A, 0x093A, 0x2942, 
  0x4942, 0x4B4A, 0x4942, 0x0B4A, 0x7ABB, 0xBFDB, 0xDEC2, 0x3FCB, 0xDFE3, 0xDFE3, 0xDFE3, 0x3FD3, 0xBDCB, 0xFFFE, 0xD57B, 0x4B1B, 
  0x6B23, 0x6C23, 0x6C23, 0x6C23, 0x6C23, 0x6C23, 0x6C23, 0x6C23, 0x6C23, 0x6C23, 0x6C23, 0x6C23, 0x6C23, 0x6C23, 0x6C23, 0x6C23, 
  0x6C23, 0x6C23, 0x6C23, 0x6C23, 0x6C23, 0x6C23, 0x6C23, 0x6C23, 0x6C23, 0x6C23, 0x6C23, 0x6C23, 0x6C23, 0x6C23, 0x6C23, 0x6C23, 
  0x6C23, 0x6C23, 0x6C23, 0x6C23, 0x6C23, 0x6C23, 0x6C23, 0x6C23, 0x6C23, 0x6C23, 0x6C23, 0x6C23, 0x6C23, 0x6C23, 0x6C23, 0x6C23, 
  0x6C23, 0x6C23, 0x6C23, 0x6C23, 0x6C23, 0x6C23, 0x6C23, 0x6C23, 0x6C23, 0x6C23, 0x6C23, 0x6C23, 0x6C23, 0x6C23, 0x6C23, 0x6C23, 
  0x6C23, 0x6C23, 0x6C23, 0x6C23, 0x6C23, 0x6C23, 0x6C23, 0x6C23, 0x6C23, 0x6C23, 0x6C23, 0x6C23, 0x6C23, 0x6C23, 0x6C23, 0x6C23, 
  0x6C23, 0x6C23, 0x6C23, 0x6C23, 0x6C23, 0x6C23, 0x6C23, 0x6C23, 0x6C23, 0x6C23, 0x6C23, 0x6C23, 0x6C23, 0x6C23, 0x6C23, 0x6C23, 
  0x6C23, 0x6C23, 0x6C23, 0x6C23, 0x6C23, 0x6C23, 0x6C23, 0x6C23, 0x6C23, 0x6C23, 0x6C23, 0x6C23, 0x6C23, 0x6C23, 0x6C23, 0x6C23, 
  0x8C23, 0x4B1B, 0xF263, 0x5EEE, 0xBECB, 0x7FDB, 0xBFE3, 0xDFE3, 0xBFEB, 0xFEDB, 0x0D5A, 0x0832, 0x6B4A, 0xCD52, 0x4B4A, 0x4A42, 
  0x6A4A, 0x8B52, 0x4A4A, 0x8B4A, 0xAD52, 0x4B42, 0x6C4A, 0xAD52, 0xCD52, 0xCD52, 0x6A4A, 0x8B4A, 0x4A4A, 0x4A4A, 0xF062, 0xAF5A, 
  0x6C4A, 0x4B4A, 0x4B4A, 0x4B4A, 0x6A4A, 0x6A4A, 0x4B4A, 0x2942, 0x6A4A, 0x8C52, 0x2A42, 0x2A42, 0x6B4A, 0x6B4A, 0x8C4A, 0x2B42, 
  0x6B4A, 0x4A4A, 0x0A42, 0x3493, 0xFEDB, 0xDCCB, 0x169B, 0x0D52, 0x2A42, 0x4942, 0x4A42, 0x6C4A, 0x4C4A, 0xCE52, 0x8C4A, 0x4A42, 
  0x6B4A, 0x4A4A, 0x2A42, 0x093A, 0x8B4A, 0x6B4A, 0x2942, 0x2942, 0x2942, 0x4A42, 0x6B4A, 0x4A4A, 0x2942, 0x4A4A, 0x4942, 0x083A, 
  0x093A, 0x4A42, 0x4A42, 0x4A4A, 0x4942, 0x2942, 0x4B4A, 0x6B4A, 0x4A4A, 0xE839, 0x4A4A, 0x2942, 0x2A42, 0x0942, 0x0842, 0x0842, 
  0x494A, 0x4A4A, 0x0942, 0x0842, 0x2942, 0x2942, 0x2A42, 0x2942, 0x6A4A, 0x8B4A, 0x2A4A, 0x0A42, 0x2A4A, 0x4B4A, 0x2A42, 0x4A4A, 
  0xAC52, 0x0A42, 0x4A42, 0x4C4A, 0x16A3, 0xDFE3, 0xFFCA, 0xFFCA, 0xBFDB, 0xDFE3, 0xDFE3, 0x9FE3, 0xFEC2, 0x7FF6, 0xD8A4, 0x2C23, 
  0x6C23, 0x6C23, 0x6C23, 0x6C23, 0x6C23, 0x6C23, 0x6C23, 0x6C23, 0x6C23, 0x6C23, 0x6C23, 0x6C23, 0x6C23, 0x6C23, 0x6C23, 0x6C23, 
  0x6C23, 0x6C23, 0x6C23, 0x6C23, 0x6C23, 0x6C23, 0x6C23, 0x6C23, 0x6C23, 0x6C23, 0x6C23, 0x6C23, 0x6C23, 0x6C23, 0x6C23, 0x6C23, 
  0x6C23, 0x6C23, 0x6C23, 0x6C23, 0x6C23, 0x6C23, 0x6C23, 0x6C23, 0x6C23, 0x6C23, 0x6C23, 0x6C23, 0x6C23, 0x6C23, 0x6C23, 0x6C23, 
  0x6C23, 0x6C23, 0x6C23, 0x6C23, 0x6C23, 0x6C23, 0x6C23, 0x6C23, 0x6C23, 0x6C23, 0x6C23, 0x6C23, 0x6C23, 0x6C23, 0x6C23, 0x6C23, 
  0x6C23, 0x6C23, 0x6C23, 0x6C23, 0x6C23, 0x6C23, 0x6C23, 0x6C23, 0x6C23, 0x6C23, 0x6C23, 0x6C23, 0x6C23, 0x6C23, 0x6C23, 0x6C23, 
  0x6C23, 0x6C23, 0x6C23, 0x6C23, 0x6C23, 0x6C23, 0x6C23, 0x6C23, 0x6C23, 0x6C23, 0x6C23, 0x6C23, 0x6C23, 0x6C23, 0x6C23, 0x6C23, 
  0x6C23, 0x6C23, 0x6C23, 0x6C23, 0x6C23, 0x6C23, 0x6C23, 0x6C23, 0x6C23, 0x6C23, 0x6C23, 0x6C23, 0x6C23, 0x6C23, 0x6C23, 0x6C23, 
  0x8C23, 0x0C23, 0x58A5, 0x7EED, 0x7ED3, 0xDFE3, 0xDFE3, 0xDFE3, 0xDFE3, 0xDFDB, 0x58AB, 0xD382, 0x4F62, 0x2C52, 0x4C4A, 0x4A42, 
  0x4A3A, 0x4A4A, 0x2A42, 0x4A42, 0x6B4A, 0x6B4A, 0x4A42, 0x6C4A, 0x6C4A, 0x6C42, 0x8C4A, 0x6B4A, 0x2942, 0x4A4A, 0x2C42, 0x8E52, 
  0x8C4A, 0xAD52, 0x8E4A, 0x6B4A, 0x2942, 0x0942, 0x4B4A, 0x0942, 0x4A4A, 0x6B4A, 0x2942, 0x4A4A, 0x4A4A, 0x2A42, 0xAC52, 0xAD52, 
  0x8B4A, 0x2942, 0x2A42, 0x4B52, 0x2D5A, 0x2D52, 0x2A42, 0x8A42, 0xCD4A, 0x8B4A, 0x4942, 0x2942, 0x4B4A, 0xCE52, 0x4B42, 0x4B4A, 
  0x8C52, 0x6C4A, 0x8C52, 0x6B4A, 0x2A42, 0x2942, 0x0942, 0x4942, 0x093A, 0x4B4A, 0x4B4A, 0x4A4A, 0x0842, 0x083A, 0x2842, 0x0842, 
  0x4A42, 0x6B4A, 0x8C4A, 0x2A42, 0x4942, 0x4A4A, 0x4B4A, 0x4A42, 0x2A42, 0x0942, 0x4A4A, 0x0942, 0x0942, 0x4A42, 0x4A4A, 0x0842, 
  0x083A, 0x2942, 0x2942, 0x2942, 0x6A4A, 0x4A42, 0x2A42, 0x6B4A, 0x6B4A, 0x4A42, 0x0942, 0xED62, 0x2A4A, 0x6B4A, 0x8B4A, 0x6A4A, 
  0x6B4A, 0x2B4A, 0x6A4A, 0x6A42, 0xB282, 0xFFEB, 0x1FCB, 0xDFCA, 0x5FD3, 0xDFE3, 0xDFE3, 0xDFEB, 0xDECA, 0xFEE4, 0xFCD5, 0x0F3B, 
  0x6B1B, 0x6C23, 0x6C23, 0x6C23, 0x6C23, 0x6C23, 0x6C23, 0x6C23, 0x6C23, 0x6C23, 0x6C23, 0x6C23, 0x6C23, 0x6C23, 0x6C23, 0x6C23, 
  0x6C23, 0x6C23, 0x6C23, 0x6C23, 0x6C23, 0x6C23, 0x6C23, 0x6C23, 0x6C23, 0x6C23, 0x6C23, 0x6C23, 0x6C23, 0x6C23, 0x6C23, 0x6C23, 
  0x6C23, 0x6C23, 0x6C23, 0x6C23, 0x6C23, 0x6C23, 0x6C23, 0x6C23, 0x6C23, 0x6C23, 0x6C23, 0x6C23, 0x6C23, 0x6C23, 0x6C23, 0x6C23, 
  0x6C23, 0x6C23, 0x6C23, 0x6C23, 0x6C23, 0x6C23, 0x6C23, 0x6C23, 0x6C23, 0x6C23, 0x6C23, 0x6C23, 0x6C23, 0x6C23, 0x6C23, 0x6C23, 
  0x6C23, 0x6C23, 0x6C23, 0x6C23, 0x6C23, 0x6C23, 0x6C23, 0x6C23, 0x6C23, 0x6C23, 0x6C23, 0x6C23, 0x6C23, 0x6C23, 0x6C23, 0x6C23, 
  0x6C23, 0x6C23, 0x6C23, 0x6C23, 0x6C23, 0x6C23, 0x6C23, 0x6C23, 0x6C23, 0x6C23, 0x6C23, 0x6C23, 0x6C23, 0x6C23, 0x6C23, 0x6C23, 
  0x6C23, 0x6C23, 0x6C23, 0x6C23, 0x6C23, 0x6C23, 0x6C23, 0x6C23, 0x6C23, 0x6C23, 0x6C23, 0x6C23, 0x6C23, 0x6C23, 0x6C23, 0x6C23, 
  0x6C1B, 0x6F3B, 0x3DDE, 0x3EDC, 0x9FE3, 0xFFE3, 0xBFEB, 0xDFE3, 0xDFE3, 0xBFEB, 0xDFF3, 0xFFEB, 0xDED3, 0x7BBB, 0x39B3, 0x79B3, 
  0xB382, 0x6E52, 0x8C4A, 0x4942, 0x2942, 0x4942, 0x8B4A, 0xAD52, 0x8D4A, 0x8D4A, 0xAE4A, 0xAE52, 0x2A42, 0x2942, 0x8D4A, 0xAD52, 
  0x4B42, 0x8D4A, 0xF05A, 0xAD4A, 0x4A42, 0x6C4A, 0xAD5A, 0x4A4A, 0x0942, 0x4A42, 0x4942, 0x4942, 0x4A42, 0x2A42, 0x8C4A, 0x8C4A, 
  0x2A42, 0x4A42, 0x6B4A, 0x8B4A, 0x0842, 0x2A4A, 0x4B42, 0x8C52, 0x8B4A, 0x4B42, 0x6B52, 0x6B4A, 0x8C4A, 0x6A42, 0x083A, 0x4A42, 
  0x4A4A, 0x0942, 0x2942, 0xE739, 0x2942, 0x2A42, 0x2942, 0x2842, 0x494A, 0x4A4A, 0x0942, 0x0942, 0x2942, 0x6A4A, 0x0942, 0x4942, 
  0x2942, 0x4A42, 0x4A42, 0x2942, 0x2942, 0x083A, 0x2942, 0x8B4A, 0x4A4A, 0x4A4A, 0x6B4A, 0x4A4A, 0x2942, 0x4A42, 0x6C4A, 0xE839, 
  0x083A, 0x4A42, 0x4A42, 0x2942, 0x4A42, 0x2A42, 0x6C52, 0x4A4A, 0x0942, 0x2942, 0x4A4A, 0x4A4A, 0x2A42, 0x2A4A, 0x4A42, 0x083A, 
  0x2942, 0x4B4A, 0x2942, 0x0732, 0x506A, 0xFFE3, 0x3FD3, 0xDFC2, 0x3FCB, 0xDFE3, 0xDFE3, 0xFFE3, 0x3FD3, 0xDECB, 0x5FF6, 0x7253, 
  0x6B1B, 0x6C23, 0x6C23, 0x6C23, 0x6C23, 0x6C23, 0x6C23, 0x6C23, 0x6C23, 0x6C23, 0x6C23, 0x6C23, 0x6C23, 0x6C23, 0x6C23, 0x6C23, 
  0x6C23, 0x6C23, 0x6C23, 0x6C23, 0x6C23, 0x6C23, 0x6C23, 0x6C23, 0x6C23, 0x6C23, 0x6C23, 0x6C23, 0x6C23, 0x6C23, 0x6C23, 0x6C23, 
  0x6C23, 0x6C23, 0x6C23, 0x6C23, 0x6C23, 0x6C23, 0x6C23, 0x6C23, 0x6C23, 0x6C23, 0x6C23, 0x6C23, 0x6C23, 0x6C23, 0x6C23, 0x6C23, 
  0x6C23, 0x6C23, 0x6C23, 0x6C23, 0x6C23, 0x6C23, 0x6C23, 0x6C23, 0x6C23, 0x6C23, 0x6C23, 0x6C23, 0x6C23, 0x6C23, 0x6C23, 0x6C23, 
  0x6C23, 0x6C23, 0x6C23, 0x6C23, 0x6C23, 0x6C23, 0x6C23, 0x6C23, 0x6C23, 0x6C23, 0x6C23, 0x6C23, 0x6C23, 0x6C23, 0x6C23, 0x6C23, 
  0x6C23, 0x6C23, 0x6C23, 0x6C23, 0x6C23, 0x6C23, 0x6C23, 0x6C23, 0x6C23, 0x6C23, 0x6C23, 0x6C23, 0x6C23, 0x6C23, 0x6C23, 0x6C23, 
  0x6C23, 0x6C23, 0x6C23, 0x6C23, 0x6C23, 0x6C23, 0x6C23, 0x6C23, 0x6C23, 0x6C23, 0x6C23, 0x6C23, 0x6C23, 0x6C23, 0x6C23, 0x6C23, 
  0x2C1B, 0x3154, 0x1EEE, 0x9ED3, 0xFFEB, 0xDFE3, 0xDFE3, 0xBFE3, 0xDFEB, 0xDFE3, 0xDFE3, 0xBFE3, 0xDFEB, 0x1FEC, 0x1FEC, 0xFFF3, 
  0xFFEB, 0xBAC3, 0x4F62, 0x6B4A, 0x6B4A, 0x8C4A, 0x8C4A, 0xAE52, 0xAE52, 0xAC4A, 0xAD52, 0xAD52, 0x6B4A, 0x8B4A, 0xCF52, 0xCE52, 
  0x8E52, 0x8D52, 0xAD52, 0xF05A, 0x8E4A, 0x4B4A, 0x6C52, 0x6B4A, 0x4A4A, 0x4A42, 0x6A4A, 0x8C4A, 0x6C4A, 0x6B4A, 0x4A42, 0x6B4A, 
  0x8C4A, 0x6C42, 0xAE4A, 0xAE52, 0x4942, 0x4B4A, 0x6C4A, 0x6B4A, 0xAC52, 0x4B4A, 0xE841, 0x4942, 0xAD4A, 0xAD52, 0x4A42, 0x4942, 
  0x2942, 0x2942, 0x4942, 0x2942, 0x0842, 0x2942, 0x494A, 0x0842, 0x494A, 0x0842, 0x0842, 0x2942, 0x2A42, 0x8C52, 0x2A42, 0x2A42, 
  0x2942, 0x2942, 0x2842, 0x6B4A, 0xD052, 0x0F5B, 0x2942, 0x2A42, 0x4A42, 0x4942, 0x6A4A, 0x4A4A, 0x4942, 0x2A42, 0x8E5A, 0x6C52, 
  0x0A4A, 0x2942, 0x2A42, 0x8C52, 0x2942, 0x083A, 0x2942, 0x2942, 0x2A42, 0xAD52, 0x8B4A, 0x4A4A, 0x4A4A, 0x2942, 0x4942, 0x0842, 
  0x2A4A, 0x2942, 0x2942, 0x283A, 0x6F6A, 0xFFE3, 0x7FD3, 0xFEC2, 0xFECA, 0xBFDB, 0xFFE3, 0xFFDB, 0x9FE3, 0xFEC2, 0xBEED, 0x357C, 
  0x4C1B, 0x6C23, 0x6C23, 0x6C23, 0x6C23, 0x6C23, 0x6C23, 0x6C23, 0x6C23, 0x6C23, 0x6C23, 0x6C23, 0x6C23, 0x6C23, 0x6C23, 0x6C23, 
  0x6C23, 0x6C23, 0x6C23, 0x6C23, 0x6C23, 0x6C23, 0x6C23, 0x6C23, 0x6C23, 0x6C23, 0x6C23, 0x6C23, 0x6C23, 0x6C23, 0x6C23, 0x6C23, 
  0x6C23, 0x6C23, 0x6C23, 0x6C23, 0x6C23, 0x6C23, 0x6C23, 0x6C23, 0x6C23, 0x6C23, 0x6C23, 0x6C23, 0x6C23, 0x6C23, 0x6C23, 0x6C23, 
  0x6C23, 0x6C23, 0x6C23, 0x6C23, 0x6C23, 0x6C23, 0x6C23, 0x6C23, 0x6C23, 0x6C23, 0x6C23, 0x6C23, 0x6C23, 0x6C23, 0x6C23, 0x6C23, 
  0x6C23, 0x6C23, 0x6C23, 0x6C23, 0x6C23, 0x6C23, 0x6C23, 0x6C23, 0x6C23, 0x6C23, 0x6C23, 0x6C23, 0x6C23, 0x6C23, 0x6C23, 0x6C23, 
  0x6C23, 0x6C23, 0x6C23, 0x6C23, 0x6C23, 0x6C23, 0x6C23, 0x6C23, 0x6C23, 0x6C23, 0x6C23, 0x6C23, 0x6C23, 0x6C23, 0x6C23, 0x6C23, 
  0x6C23, 0x6C23, 0x6C23, 0x6C23, 0x6C23, 0x6C23, 0x6C23, 0x6C23, 0x6C23, 0x6C23, 0x6C23, 0x6C23, 0x6C23, 0x6C23, 0x6C23, 0x8C23, 
  0xEB1A, 0x158D, 0x3FE5, 0x7FDB, 0xDEE3, 0xDFE3, 0xDFE3, 0xFFE3, 0xDFDB, 0x9FD3, 0x9FDB, 0xBFE3, 0xBFDB, 0x7ED3, 0x3ED3, 0x3ED3, 
  0x9FDB, 0x3FEC, 0x37AB, 0x6D4A, 0xAD4A, 0x8D4A, 0x8D52, 0x4B4A, 0x6B4A, 0x4A42, 0xCE52, 0xAF52, 0x8C4A, 0x8C4A, 0x6C42, 0x8C4A, 
  0x4A4A, 0x2A42, 0x4A42, 0x6C4A, 0x8D4A, 0xAD4A, 0x2B42, 0x8C4A, 0x6B4A, 0x4B42, 0x8B4A, 0x8C4A, 0x4B42, 0x4A4A, 0x4B42, 0x8C4A, 
  0x8C4A, 0xCF52, 0xCF52, 0x8D52, 0x8C4A, 0x4B42, 0xAC52, 0x4A42, 0x4B42, 0x2B4A, 0x8C52, 0x4A4A, 0x6B4A, 0x6C4A, 0x8C52, 0x4B4A, 
  0x2A42, 0x2942, 0x4A4A, 0x2A42, 0x694A, 0xE839, 0x2A42, 0x0942, 0x494A, 0x083A, 0x2942, 0x4942, 0x2A42, 0x4B42, 0x4C4A, 0x4A42, 
  0x2942, 0x2A42, 0x4A42, 0x6C4A, 0xD052, 0xF05A, 0x8C4A, 0x4A42, 0x4A42, 0x4A42, 0x4A42, 0x4A42, 0x2942, 0x0942, 0x4B4A, 0x306B, 
  0x6B52, 0x0842, 0x2942, 0x4A42, 0x4942, 0x2842, 0x0842, 0x2842, 0x2942, 0x4B4A, 0x4A42, 0x2A42, 0x0942, 0x2942, 0x2842, 0x4942, 
  0x8C4A, 0x083A, 0x4A42, 0x2A42, 0x9072, 0x1FE4, 0x5ED3, 0x9EDC, 0x1ED4, 0x3FD3, 0xFFE3, 0xFFDB, 0xDFE3, 0xDECA, 0x1FE5, 0xF8A4, 
  0x0C23, 0x8C23, 0x6C23, 0x6C23, 0x6C23, 0x6C23, 0x6C23, 0x6C23, 0x6C23, 0x6C23, 0x6C23, 0x6C23, 0x6C23, 0x6C23, 0x6C23, 0x6C23, 
  0x6C23, 0x6C23, 0x6C23, 0x6C23, 0x6C23, 0x6C23, 0x6C23, 0x6C23, 0x6C23, 0x6C23, 0x6C23, 0x6C23, 0x6C23, 0x6C23, 0x6C23, 0x6C23, 
  0x6C23, 0x6C23, 0x6C23, 0x6C23, 0x6C23, 0x6C23, 0x6C23, 0x6C23, 0x6C23, 0x6C23, 0x6C23, 0x6C23, 0x6C23, 0x6C23, 0x6C23, 0x6C23, 
  0x6C23, 0x6C23, 0x6C23, 0x6C23, 0x6C23, 0x6C23, 0x6C23, 0x6C23, 0x6C23, 0x6C23, 0x6C23, 0x6C23, 0x6C23, 0x6C23, 0x6C23, 0x6C23, 
  0x6C23, 0x6C23, 0x6C23, 0x6C23, 0x6C23, 0x6C23, 0x6C23, 0x6C23, 0x6C23, 0x6C23, 0x6C23, 0x6C23, 0x6C23, 0x6C23, 0x6C23, 0x6C23, 
  0x6C23, 0x6C23, 0x6C23, 0x6C23, 0x6C23, 0x6C23, 0x6C23, 0x6C23, 0x6C23, 0x6C23, 0x6C23, 0x6C23, 0x6C23, 0x6C23, 0x6C23, 0x6C23, 
  0x6C23, 0x6C23, 0x6C23, 0x6C23, 0x6C23, 0x6C23, 0x6C23, 0x6C23, 0x6C23, 0x6C23, 0x6C23, 0x6C23, 0x6C23, 0x6C23, 0x6C23, 0x6C1B, 
  0x6D33, 0xDBCD, 0x3EDC, 0x9FEB, 0xBFE3, 0xFFE3, 0xDFE3, 0x5FD3, 0xBEC2, 0xBEC2, 0x1ECB, 0x7ED3, 0x1DD4, 0xFDD4, 0xFEE5, 0x1EEE, 
  0x7CD4, 0x5EDB, 0x1FEC, 0x927A, 0x6B4A, 0xAD52, 0x6B4A, 0x4A4A, 0x2A42, 0x6B42, 0x6B42, 0x6C4A, 0x8D4A, 0x8D4A, 0xAD4A, 0x6B42, 
  0x0942, 0x4A4A, 0x8C4A, 0x8C4A, 0xAE4A, 0xEF52, 0xCF5A, 0x6C42, 0x6B4A, 0x6B42, 0xAC4A, 0x8C4A, 0x8B4A, 0x8C52, 0x8C4A, 0xCD52, 
  0xAE52, 0x8D4A, 0x8C4A, 0xAC52, 0x4B4A, 0x2A42, 0x8C4A, 0x6B4A, 0x4A4A, 0x4B4A, 0x306B, 0x4B4A, 0x2942, 0x0842, 0x2A42, 0x4B4A, 
  0x4B4A, 0x4A42, 0x2942, 0x2942, 0x2942, 0x2942, 0x4B4A, 0x4A4A, 0x2942, 0x2942, 0x294A, 0x2842, 0x2842, 0x2A42, 0x4B42, 0x6A4A, 
  0x6B4A, 0x2942, 0x2942, 0x8D52, 0x4A42, 0x6B4A, 0x8D4A, 0x6B4A, 0x4B42, 0x6C4A, 0x8C4A, 0x8C4A, 0x2942, 0x0842, 0x2842, 0x2942, 
  0x2A42, 0x4A42, 0x4942, 0x4A4A, 0x4A42, 0x2A42, 0x4A42, 0x2942, 0x2842, 0x0842, 0x2942, 0x6A4A, 0x4942, 0x2942, 0x2942, 0x2942, 
  0x4B42, 0x4A4A, 0x8C4A, 0x0932, 0x9282, 0x1FEC, 0x1ED3, 0x1DE6, 0xDFE5, 0xBEC2, 0xFFDB, 0xDFE3, 0xFFE3, 0x1FD3, 0xFED3, 0xBAB4, 
  0x0D2B, 0x8C23, 0x6C23, 0x6C23, 0x6C23, 0x6C23, 0x6C23, 0x6C23, 0x6C23, 0x6C23, 0x6C23, 0x6C23, 0x6C23, 0x6C23, 0x6C23, 0x6C23, 
  0x6C23, 0x6C23, 0x6C23, 0x6C23, 0x6C23, 0x6C23, 0x6C23, 0x6C23, 0x6C23, 0x6C23, 0x6C23, 0x6C23, 0x6C23, 0x6C23, 0x6C23, 0x6C23, 
  0x6C23, 0x6C23, 0x6C23, 0x6C23, 0x6C23, 0x6C23, 0x6C23, 0x6C23, 0x6C23, 0x6C23, 0x6C23, 0x6C23, 0x6C23, 0x6C23, 0x6C23, 0x6C23, 
  0x6C23, 0x6C23, 0x6C23, 0x6C23, 0x6C23, 0x6C23, 0x6C23, 0x6C23, 0x6C23, 0x6C23, 0x6C23, 0x6C23, 0x6C23, 0x6C23, 0x6C23, 0x6C23, 
  0x6C23, 0x6C23, 0x6C23, 0x6C23, 0x6C23, 0x6C23, 0x6C23, 0x6C23, 0x6C23, 0x6C23, 0x6C23, 0x6C23, 0x6C23, 0x6C23, 0x6C23, 0x6C23, 
  0x6C23, 0x6C23, 0x6C23, 0x6C23, 0x6C23, 0x6C23, 0x6C23, 0x6C23, 0x6C23, 0x6C23, 0x6C23, 0x6C23, 0x6C23, 0x6C23, 0x6C23, 0x6C23, 
  0x6C23, 0x6C23, 0x6C23, 0x6C23, 0x6C23, 0x6C23, 0x6C23, 0x6C23, 0x6C23, 0x6C23, 0x6C23, 0x6B23, 0x8B23, 0x6C23, 0x6C23, 0x4C13, 
  0x1364, 0xBEE5, 0x9DDB, 0xDFEB, 0x9FEB, 0xDFE3, 0x3FCB, 0xBDC2, 0x5EDC, 0x5FEE, 0x5FF7, 0x9FF7, 0xDFFF, 0xFFFF, 0xFFFF, 0xFFFF, 
  0xDFFF, 0xDDD4, 0x7FE3, 0x9AC3, 0x4D5A, 0x6D4A, 0xF052, 0xF052, 0xAE52, 0xAD4A, 0x6A42, 0x6B42, 0x6C4A, 0x8D52, 0xCE52, 0xAE52, 
  0x4A42, 0x6B4A, 0x4B42, 0x6C4A, 0x8D4A, 0xAD4A, 0xAE52, 0x6C4A, 0x2A42, 0x4B4A, 0x6B4A, 0x4A42, 0x0942, 0x8C52, 0x8C52, 0x2942, 
  0x6B4A, 0x6C4A, 0x2A42, 0x4B42, 0x6B4A, 0x4A42, 0x6A4A, 0x4A42, 0x4942, 0x4A42, 0x0A42, 0x6B4A, 0x4A4A, 0x2942, 0x6B4A, 0x6C4A, 
  0x2A42, 0x6B4A, 0x4A42, 0x4A4A, 0x6B4A, 0x2A42, 0x8C52, 0x8B52, 0xE839, 0x0942, 0x494A, 0x2942, 0x4A42, 0x8B4A, 0x2942, 0x2942, 
  0x4B4A, 0x0A42, 0x8C4A, 0xAE52, 0xAD52, 0x2A42, 0x4B4A, 0x4A42, 0xAD52, 0x4C4A, 0xAD52, 0x8D52, 0x2942, 0x073A, 0x2842, 0x0942, 
  0x4A4A, 0x8C4A, 0x2942, 0x2942, 0x2A42, 0x6B4A, 0x6A4A, 0x0942, 0x4A4A, 0x6A4A, 0x4A4A, 0x6B4A, 0x2A42, 0x2942, 0x0842, 0xE841, 
  0x294A, 0x6A42, 0x4B4A, 0xEA41, 0xF6A2, 0x1FEC, 0x5DCB, 0xFFF6, 0x7FFF, 0x5DCB, 0x9FDB, 0xDFE3, 0xDFE3, 0x7FE3, 0x1ECB, 0xFDC3, 
  0x6F3B, 0x6B1B, 0x6C23, 0x6C23, 0x6C23, 0x6C23, 0x6C23, 0x6C23, 0x6C23, 0x6C23, 0x6C23, 0x6C23, 0x6C23, 0x6C23, 0x6C23, 0x6C23, 
  0x6C23, 0x6C23, 0x6C23, 0x6C23, 0x6C23, 0x6C23, 0x6C23, 0x6C23, 0x6C23, 0x6C23, 0x6C23, 0x6C23, 0x6C23, 0x6C23, 0x6C23, 0x6C23, 
  0x6C23, 0x6C23, 0x6C23, 0x6C23, 0x6C23, 0x6C23, 0x6C23, 0x6C23, 0x6C23, 0x6C23, 0x6C23, 0x6C23, 0x6C23, 0x6C23, 0x6C23, 0x6C23, 
  0x6C23, 0x6C23, 0x6C23, 0x6C23, 0x6C23, 0x6C23, 0x6C23, 0x6C23, 0x6C23, 0x6C23, 0x6C23, 0x6C23, 0x6C23, 0x6C23, 0x6C23, 0x6C23, 
  0x6C23, 0x6C23, 0x6C23, 0x6C23, 0x6C23, 0x6C23, 0x6C23, 0x6C23, 0x6C23, 0x6C23, 0x6C23, 0x6C23, 0x6C23, 0x6C23, 0x6C23, 0x6C23, 
  0x6C23, 0x6C23, 0x6C23, 0x6C23, 0x6C23, 0x6C23, 0x6C23, 0x6C23, 0x6C23, 0x6C23, 0x6C23, 0x6C23, 0x6C23, 0x6C23, 0x6C23, 0x6C23, 
  0x6C23, 0x6C23, 0x6C23, 0x6C23, 0x6C23, 0x6C23, 0x6C23, 0x6C23, 0x6C23, 0x6C23, 0x6C23, 0x6C23, 0x6C23, 0x6D23, 0x8C23, 0x2B1B, 
  0x378C, 0x9EE4, 0x7FDB, 0xDFE3, 0xDFEB, 0x3FDB, 0xFEBA, 0xBEE5, 0xFFFF, 0xFFFF, 0xFFFF, 0xFFFF, 0xFFFF, 0xFFFF, 0xDFFF, 0xDFFF, 
  0xFFFF, 0x7FFF, 0xDDD3, 0xFFE3, 0xB382, 0x8D52, 0xCF52, 0xAD4A, 0xCE52, 0x6C4A, 0x6C4A, 0x8C4A, 0xAD52, 0x6C4A, 0x6B4A, 0x4942, 
  0x6A4A, 0x2942, 0x2A42, 0x6B4A, 0x8C4A, 0x4B42, 0x6B4A, 0x4B42, 0x6C4A, 0xAE52, 0x6B4A, 0x4942, 0x2942, 0x2942, 0x2942, 0x2A42, 
  0x4A42, 0x6B4A, 0x6B4A, 0x8B4A, 0x6B4A, 0x4B4A, 0x4A42, 0x4A4A, 0x6A4A, 0x6A4A, 0x4A42, 0x4A42, 0x4A42, 0x4A42, 0x4A42, 0x6B4A, 
  0x4A42, 0x6A4A, 0x4942, 0x0942, 0xAD52, 0xAD52, 0x4A42, 0x2A42, 0x0942, 0x2A42, 0x2942, 0x2A42, 0x6B4A, 0x2942, 0x2842, 0x2942, 
  0x6B4A, 0x6A4A, 0x8C4A, 0x6C4A, 0x8C4A, 0x2942, 0x2942, 0x6B4A, 0x6C4A, 0x8C4A, 0x8B4A, 0x4942, 0x0942, 0x2942, 0x073A, 0xE739, 
  0x0942, 0x4942, 0x2942, 0x0942, 0x0942, 0x8B4A, 0x0942, 0x6B4A, 0x4B4A, 0x2B42, 0x6C4A, 0x6C4A, 0x6C4A, 0x2B4A, 0xED5A, 0x6B52, 
  0x6B4A, 0x4A42, 0x6C52, 0xB382, 0xFDD3, 0xBFE3, 0xDDCB, 0x9FF7, 0xFFFF, 0x5DD4, 0x1FD3, 0xDFE3, 0xDFE3, 0xBFE3, 0xFFD2, 0x3ECB, 
  0x7043, 0x6B1B, 0x6C23, 0x6C23, 0x6C23, 0x6C23, 0x6C23, 0x6C23, 0x6C23, 0x6C23, 0x6C23, 0x6C23, 0x6C23, 0x6C23, 0x6C23, 0x6C23, 
  0x6C23, 0x6C23, 0x6C23, 0x6C23, 0x6C23, 0x6C23, 0x6C23, 0x6C23, 0x6C23, 0x6C23, 0x6C23, 0x6C23, 0x6C23, 0x6C23, 0x6C23, 0x6C23, 
  0x6C23, 0x6C23, 0x6C23, 0x6C23, 0x6C23, 0x6C23, 0x6C23, 0x6C23, 0x6C23, 0x6C23, 0x6C23, 0x6C23, 0x6C23, 0x6C23, 0x6C23, 0x6C23, 
  0x6C23, 0x6C23, 0x6C23, 0x6C23, 0x6C23, 0x6C23, 0x6C23, 0x6C23, 0x6C23, 0x6C23, 0x6C23, 0x6C23, 0x6C23, 0x6C23, 0x6C23, 0x6C23, 
  0x6C23, 0x6C23, 0x6C23, 0x6C23, 0x6C23, 0x6C23, 0x6C23, 0x6C23, 0x6C23, 0x6C23, 0x6C23, 0x6C23, 0x6C23, 0x6C23, 0x6C23, 0x6C23, 
  0x6C23, 0x6C23, 0x6C23, 0x6C23, 0x6C23, 0x6C23, 0x6C23, 0x6C23, 0x6C23, 0x6C23, 0x6C23, 0x6C23, 0x6C23, 0x6C23, 0x6C23, 0x6C23, 
  0x6C23, 0x6C23, 0x6C23, 0x6C23, 0x6C23, 0x6C23, 0x6C23, 0x6C23, 0x6C23, 0x6C23, 0x6C23, 0x6C23, 0x6C23, 0x6C23, 0x6B1B, 0x4C33, 
  0xBAAB, 0x9FDB, 0xDFE3, 0xDFE3, 0xBFE3, 0xBEC2, 0x5EE5, 0xFFFF, 0xFFFF, 0xFFFF, 0xFFFF, 0xFFFF, 0xFFFF, 0xFFFF, 0xFFFF, 0xFFFF, 
  0xFFFF, 0xFFFF, 0x7DD4, 0xBFE3, 0x58AB, 0x2B42, 0x4B4A, 0x8B4A, 0x6B4A, 0x2A42, 0x2A42, 0x6B4A, 0xCD52, 0x8C4A, 0x4A42, 0x093A, 
  0x4942, 0x4A42, 0x4A42, 0x6B4A, 0x8B4A, 0x4B42, 0x6D4A, 0x6C4A, 0x8C52, 0x8B4A, 0x4B42, 0x4A4A, 0x4942, 0x6B4A, 0x4B42, 0x6B42, 
  0x6C4A, 0x8D4A, 0x8C4A, 0x8C52, 0x2A42, 0x6B4A, 0x0942, 0x6B4A, 0x4A42, 0x4A42, 0x6A4A, 0x6B4A, 0x8C4A, 0x6B4A, 0x2942, 0x2942, 
  0x4942, 0x083A, 0x2942, 0x4A42, 0x4B42, 0x8C4A, 0x4A42, 0x6B4A, 0x6B4A, 0x4A4A, 0x2942, 0x4A42, 0x2B4A, 0x2A42, 0x4A4A, 0x6A4A, 
  0x4A42, 0x6B4A, 0x6B4A, 0x6B42, 0x2A42, 0x2942, 0x4942, 0x6C4A, 0x8C4A, 0x6A42, 0x2942, 0xE839, 0x2A42, 0x6C4A, 0x494A, 0x2842, 
  0x2942, 0x2942, 0x4A4A, 0x2942, 0x2942, 0x2942, 0x093A, 0x6B4A, 0x8C4A, 0x4B42, 0x6C4A, 0xAD52, 0x8C4A, 0x8C4A, 0x8C4A, 0x6C4A, 
  0x8D52, 0x8B4A, 0x4D4A, 0xBCC3, 0x1FEC, 0x9FDB, 0x1DD4, 0xDFFF, 0xFFFF, 0xBEE5, 0xDECA, 0xDFEB, 0xDFE3, 0xDFE3, 0x1FD3, 0xFFCA, 
  0xB46B, 0x4B1B, 0x6C23, 0x6C23, 0x6C23, 0x6C23, 0x6C23, 0x6C23, 0x6C23, 0x6C23, 0x6C23, 0x6C23, 0x6C23, 0x6C23, 0x6C23, 0x6C23, 
  0x6C23, 0x6C23, 0x6C23, 0x6C23, 0x6C23, 0x6C23, 0x6C23, 0x6C23, 0x6C23, 0x6C23, 0x6C23, 0x6C23, 0x6C23, 0x6C23, 0x6C23, 0x6C23, 
  0x6C23, 0x6C23, 0x6C23, 0x6C23, 0x6C23, 0x6C23, 0x6C23, 0x6C23, 0x6C23, 0x6C23, 0x6C23, 0x6C23, 0x6C23, 0x6C23, 0x6C23, 0x6C23, 
  0x6C23, 0x6C23, 0x6C23, 0x6C23, 0x6C23, 0x6C23, 0x6C23, 0x6C23, 0x6C23, 0x6C23, 0x6C23, 0x6C23, 0x6C23, 0x6C23, 0x6C23, 0x6C23, 
  0x6C23, 0x6C23, 0x6C23, 0x6C23, 0x6C23, 0x6C23, 0x6C23, 0x6C23, 0x6C23, 0x6C23, 0x6C23, 0x6C23, 0x6C23, 0x6C23, 0x6C23, 0x6C23, 
  0x6C23, 0x6C23, 0x6C23, 0x6C23, 0x6C23, 0x6C23, 0x6C23, 0x6C23, 0x6C23, 0x6C23, 0x6C23, 0x6C23, 0x6C23, 0x6C23, 0x6C23, 0x6C23, 
  0x6C23, 0x6C23, 0x6C23, 0x6C23, 0x6C23, 0x6C23, 0x6C23, 0x6C23, 0x6C23, 0x6C23, 0x6C23, 0x6C23, 0x6C23, 0x8C23, 0x6B1B, 0x5153, 
  0x1EC3, 0x9FE3, 0xFFE3, 0xFFE3, 0x1FD3, 0xDDCB, 0xBFFF, 0xFFFF, 0xFFFF, 0xFFFF, 0xFFFF, 0xFFFF, 0xFFFF, 0xFFFF, 0xDFFF, 0xDFFF, 
  0xFFFF, 0xBEDD, 0x3DD3, 0xFFEB, 0x18A3, 0x4B42, 0x6D4A, 0x8C4A, 0x4B4A, 0x2942, 0x4942, 0x6B42, 0x8C4A, 0xAD4A, 0x4B42, 0x8C52, 
  0x6B4A, 0x6B4A, 0x8C4A, 0x6B4A, 0x8C4A, 0x8D4A, 0xCF52, 0x6C42, 0x6A42, 0x6A4A, 0x4A42, 0x4B4A, 0x2A42, 0x4B42, 0x8D52, 0xCE52, 
  0xAD4A, 0xAC4A, 0x2A42, 0x0A42, 0x0942, 0x2942, 0x4A42, 0x4B42, 0x4B4A, 0x2942, 0x2942, 0x4A42, 0x6B4A, 0x4A42, 0x4942, 0x4942, 
  0x2A42, 0x0942, 0x4A4A, 0x8B4A, 0x2A42, 0x4942, 0x093A, 0x4B4A, 0x8C4A, 0x2942, 0x2942, 0x4A4A, 0x2A42, 0x4C4A, 0x6C52, 0x2942, 
  0x2942, 0x6C4A, 0x6B4A, 0x4A42, 0x8C4A, 0x4A42, 0x6A4A, 0x6C4A, 0x8C4A, 0x6B4A, 0x4A42, 0x4C52, 0xAF5A, 0x4C4A, 0x2A42, 0x4A4A, 
  0x6C4A, 0x8E52, 0x8D4A, 0x6B42, 0x4A42, 0x6B4A, 0x6C4A, 0x6C4A, 0x8D4A, 0xAF5A, 0x6D4A, 0x8C4A, 0x6B42, 0xAD52, 0x6C4A, 0x6C4A, 
  0x2B4A, 0x6C4A, 0xEB49, 0x7BC3, 0xFFEB, 0x9FDB, 0x5DDC, 0xFFFF, 0xFFFF, 0xDEF6, 0x1EC3, 0x9FEB, 0xDFE3, 0xDFE3, 0x5FDB, 0x1FCB, 
  0x7683, 0x4B1B, 0x6C23, 0x6C23, 0x6C23, 0x6C23, 0x6C23, 0x6C23, 0x6C23, 0x6C23, 0x6C23, 0x6C23, 0x6C23, 0x6C23, 0x6C23, 0x6C23, 
  0x6C23, 0x6C23, 0x6C23, 0x6C23, 0x6C23, 0x6C23, 0x6C23, 0x6C23, 0x6C23, 0x6C23, 0x6C23, 0x6C23, 0x6C23, 0x6C23, 0x6C23, 0x6C23, 
  0x6C23, 0x6C23, 0x6C23, 0x6C23, 0x6C23, 0x6C23, 0x6C23, 0x6C23, 0x6C23, 0x6C23, 0x6C23, 0x6C23, 0x6C23, 0x6C23, 0x6C23, 0x6C23, 
  0x6C23, 0x6C23, 0x6C23, 0x6C23, 0x6C23, 0x6C23, 0x6C23, 0x6C23, 0x6C23, 0x6C23, 0x6C23, 0x6C23, 0x6C23, 0x6C23, 0x6C23, 0x6C23, 
  0x6C23, 0x6C23, 0x6C23, 0x6C23, 0x6C23, 0x6C23, 0x6C23, 0x6C23, 0x6C23, 0x6C23, 0x6C23, 0x6C23, 0x6C23, 0x6C23, 0x6C23, 0x6C23, 
  0x6C23, 0x6C23, 0x6C23, 0x6C23, 0x6C23, 0x6C23, 0x6C23, 0x6C23, 0x6C23, 0x6C23, 0x6C23, 0x6C23, 0x6C23, 0x6C23, 0x6C23, 0x6C23, 
  0x6C23, 0x6C23, 0x6C23, 0x6C23, 0x6C23, 0x6C23, 0x8C1B, 0x6C23, 0x6C23, 0x6C23, 0x6C23, 0x6C23, 0x6B23, 0x6D23, 0x6C1B, 0x777B, 
  0x1FDB, 0xDEE3, 0xDEE3, 0xBFE3, 0xDEC2, 0x3EE6, 0xFFFF, 0xDFFF, 0xFFFF, 0xFFFF, 0xFFFF, 0xFFFF, 0xFFFF, 0xFFFF, 0xFFFF, 0xFFFF, 
  0x9EE5, 0x1ECB, 0xBFEB, 0xFFE3, 0x9382, 0x8C4A, 0x8B4A, 0x6B4A, 0x4C4A, 0x2942, 0x6B4A, 0x6B4A, 0x8C4A, 0xAE52, 0x6C4A, 0x4A42, 
  0x6C4A, 0x6B4A, 0x6B4A, 0x6B4A, 0x4B42, 0xAD52, 0x8D4A, 0xAF52, 0x1063, 0x6D4A, 0x6B4A, 0x8A4A, 0x2B42, 0x8C52, 0xAD52, 0xAE52, 
  0x6B4A, 0x2942, 0x2A42, 0x4A4A, 0x494A, 0x4942, 0x6B4A, 0x8C4A, 0xAD52, 0x4A42, 0x4A4A, 0x4A4A, 0x2A42, 0x4942, 0x0942, 0x4B4A, 
  0x8B4A, 0xE839, 0x4B4A, 0x4B4A, 0x4A42, 0x4A4A, 0x6A4A, 0x6A4A, 0x6B4A, 0x083A, 0x2942, 0x4A4A, 0x6B4A, 0x8C52, 0x4B4A, 0x0942, 
  0x4A4A, 0x8C4A, 0x4B42, 0x4A4A, 0x4B4A, 0x6C4A, 0x6A4A, 0x6C4A, 0x6D4A, 0x2A42, 0x4B4A, 0x8D52, 0x316B, 0x2B4A, 0x6B4A, 0x6C4A, 
  0x6C4A, 0xCE5A, 0x6D4A, 0x6C4A, 0x8B4A, 0x6A4A, 0x4B4A, 0x8D52, 0xF062, 0x2B4A, 0x4B42, 0x6A42, 0x2A42, 0x8C4A, 0x8D4A, 0xAD4A, 
  0x4B4A, 0x8C4A, 0x4D5A, 0x9BC3, 0xFFE3, 0xBFDB, 0x1DD4, 0xDFFF, 0xFFFF, 0x9FFF, 0x7ECB, 0x7FDB, 0xFFE3, 0xDFE3, 0x9FDB, 0x1FCB, 
  0x1683, 0x4B1B, 0x6C23, 0x6C23, 0x6C23, 0x6C23, 0x6C23, 0x6C23, 0x6C23, 0x6C23, 0x6C23, 0x6C23, 0x6C23, 0x6C23, 0x6C23, 0x6C23, 
  0x6C23, 0x6C23, 0x6C23, 0x6C23, 0x6C23, 0x6C23, 0x6C23, 0x6C23, 0x6C23, 0x6C23, 0x6C23, 0x6C23, 0x6C23, 0x6C23, 0x6C23, 0x6C23, 
  0x6C23, 0x6C23, 0x6C23, 0x6C23, 0x6C23, 0x6C23, 0x6C23, 0x6C23, 0x6C23, 0x6C23, 0x6C23, 0x6C23, 0x6C23, 0x6C23, 0x6C23, 0x6C23, 
  0x6C23, 0x6C23, 0x6C23, 0x6C23, 0x6C23, 0x6C23, 0x6C23, 0x6C23, 0x6C23, 0x6C23, 0x6C23, 0x6C23, 0x6C23, 0x6C23, 0x6C23, 0x6C23, 
  0x6C23, 0x6C23, 0x6C23, 0x6C23, 0x6C23, 0x6C23, 0x6C23, 0x6C23, 0x6C23, 0x6C23, 0x6C23, 0x6C23, 0x6C23, 0x6C23, 0x6C23, 0x6C23, 
  0x6C23, 0x6C23, 0x6C23, 0x6C23, 0x6C23, 0x6C23, 0x6C23, 0x6C23, 0x6C23, 0x6C23, 0x6C23, 0x6C23, 0x6C23, 0x6C23, 0x6C23, 0x6C23, 
  0x6C23, 0x6C23, 0x6C23, 0x6C23, 0x6C23, 0x6C23, 0x6C23, 0x6C23, 0x6C23, 0x6C23, 0x6C23, 0x8C1B, 0x6C23, 0x6C23, 0x6D2B, 0x9BB3, 
  0x9FE3, 0xFFDB, 0xDFE3, 0x3FDB, 0xBDCB, 0xBFFF, 0xFEFF, 0xFFFF, 0xFFFF, 0xFFFF, 0xFFFF, 0xFFFF, 0xFFFF, 0xFFFF, 0xFFFF, 0x3FF7, 
  0x5CC3, 0x9FE3, 0xFFDB, 0x1EE4, 0x917A, 0x4C4A, 0x6A42, 0x4A4A, 0x6D4A, 0x6B4A, 0x4A42, 0x4A42, 0x4942, 0x8C4A, 0x8C4A, 0x4A4A, 
  0x8D52, 0xAC52, 0x2942, 0x4A42, 0x4A42, 0x6B4A, 0xF05A, 0xD05A, 0xEF62, 0x8D52, 0x6C4A, 0x4B42, 0xAC52, 0x2A42, 0x2842, 0x8C4A, 
  0x4B4A, 0x2942, 0x6B4A, 0x4A4A, 0x4942, 0x0942, 0x6B4A, 0x8C4A, 0x4A42, 0x2942, 0x2A42, 0x2A42, 0x0842, 0xC639, 0x2942, 0x2A42, 
  0x0842, 0x4842, 0x6B4A, 0x2A42, 0x2A42, 0x4B4A, 0x2A42, 0x4B4A, 0x494A, 0x2942, 0x6A4A, 0x6A42, 0x2942, 0x0942, 0x2942, 0x4A42, 
  0x4B4A, 0x8C4A, 0xAD4A, 0x8D52, 0x8C4A, 0x6A3A, 0x2842, 0x093A, 0x6B42, 0x8A42, 0xAC4A, 0x4B42, 0x4B4A, 0x2A4A, 0x294A, 0x2A42, 
  0x8D4A, 0x2A4A, 0x4A42, 0xAD52, 0x4A42, 0x083A, 0x4A4A, 0x4C4A, 0x8E5A, 0x6C52, 0x6D4A, 0xAD52, 0x6C4A, 0x2A42, 0x6A42, 0x8D4A, 
  0x8C52, 0x4A42, 0x2C4A, 0x9CC3, 0xFFE3, 0xBFE3, 0xDECB, 0x9FFF, 0xFFFF, 0xFFFF, 0x3DD4, 0x5FD3, 0xFFE3, 0xBFE3, 0xDFE3, 0x1FCB, 
  0x3893, 0x6B23, 0x6D23, 0x6C23, 0x6C23, 0x6D23, 0x6C23, 0x6C23, 0x6C23, 0x6C23, 0x6C23, 0x6C23, 0x6C23, 0x6C23, 0x6C23, 0x6C23, 
  0x6C23, 0x6C23, 0x6C23, 0x6C23, 0x6C23, 0x6C23, 0x6C23, 0x6C23, 0x6C23, 0x6C23, 0x6C23, 0x6C23, 0x6C23, 0x6C23, 0x6C23, 0x6C23, 
  0x6C23, 0x6C23, 0x6C23, 0x6C23, 0x6C23, 0x6C23, 0x6C23, 0x6C23, 0x6C23, 0x6C23, 0x6C23, 0x6C23, 0x6C23, 0x6C23, 0x6C23, 0x6C23, 
  0x6C23, 0x6C23, 0x6C23, 0x6C23, 0x6C23, 0x6C23, 0x6C23, 0x6C23, 0x6C23, 0x6C23, 0x6C23, 0x6C23, 0x6C23, 0x6C23, 0x6C23, 0x6C23, 
  0x6C23, 0x6C23, 0x6C23, 0x6C23, 0x6C23, 0x6C23, 0x6C23, 0x6C23, 0x6C23, 0x6C23, 0x6C23, 0x6C23, 0x6C23, 0x6C23, 0x6C23, 0x6C23, 
  0x6C23, 0x6C23, 0x6C23, 0x6C23, 0x6C23, 0x6C23, 0x6C23, 0x6C23, 0x6C23, 0x6C23, 0x6C23, 0x6C23, 0x6C23, 0x6C23, 0x6C23, 0x6C23, 
  0x6C23, 0x6C23, 0x6C23, 0x6C23, 0x6C23, 0x6C23, 0x4C2B, 0x6C23, 0x8C1B, 0x6C23, 0x6C23, 0x6C23, 0x6D23, 0x6913, 0xB14B, 0xDFDB, 
  0xDFE3, 0xDFE3, 0xDFE3, 0xDDCA, 0x7EDD, 0xFFFF, 0xDFFF, 0xFFFF, 0xFFFF, 0xFFFF, 0xFFFF, 0xFFFF, 0xFFFF, 0xFFFF, 0xFFFF, 0x7EDD, 
  0xFEC2, 0xDFE3, 0xDFE3, 0xFFE3, 0x9072, 0x293A, 0x6B4A, 0x2B4A, 0x6A42, 0xAC4A, 0x6B4A, 0x6A4A, 0x6B42, 0xAE52, 0x3463, 0x8E52, 
  0x6C52, 0x6B4A, 0x2A42, 0x2A42, 0x4A4A, 0x4B42, 0x8D4A, 0x8C4A, 0x4B42, 0xCE52, 0xCF52, 0x8D4A, 0x6B4A, 0x4A42, 0x093A, 0x8C4A, 
  0xAE52, 0x6C4A, 0xAE52, 0x6B4A, 0x4B42, 0x6B4A, 0x8A4A, 0x2942, 0x6B4A, 0x4B4A, 0x2942, 0x4A4A, 0x2942, 0x0942, 0x294A, 0xE941, 
  0xE839, 0x2842, 0x6B4A, 0x6B4A, 0x6B4A, 0x4B4A, 0x6C4A, 0x4A4A, 0x0942, 0x2A4A, 0x4942, 0x2942, 0x0942, 0x4A4A, 0x6C4A, 0xEE5A, 
  0x6C4A, 0x8D5A, 0x4B52, 0x6B3A, 0x8D42, 0x4D5A, 0x2E62, 0xD17A, 0x6F6A, 0x2C52, 0x4C42, 0x4B42, 0x4A4A, 0x4B4A, 0x2A42, 0x6D52, 
  0xF172, 0x8E52, 0x4A42, 0x8B4A, 0x6C42, 0x8C4A, 0x8B4A, 0x4942, 0x2942, 0x6B4A, 0x6B4A, 0x6A42, 0x4A42, 0x4A42, 0x8B4A, 0x4B4A, 
  0x0A42, 0x2942, 0x0B4A, 0x7BC3, 0xFFEB, 0xBFE3, 0xBECB, 0x9FFF, 0xFFFF, 0xFFFF, 0xFDDC, 0x1FD3, 0xFFE3, 0xDFE3, 0xFFE3, 0x1FD3, 
  0x5BAB, 0x8D2B, 0x6C23, 0x6C23, 0x6C23, 0x6C23, 0x6C23, 0x6C23, 0x6C23, 0x6C23, 0x6C23, 0x6C23, 0x6C23, 0x6C23, 0x6C23, 0x6C23, 
  0x6C23, 0x6C23, 0x6C23, 0x6C23, 0x6C23, 0x6C23, 0x6C23, 0x6C23, 0x6C23, 0x6C23, 0x6C23, 0x6C23, 0x6C23, 0x6C23, 0x6C23, 0x6C23, 
  0x6C23, 0x6C23, 0x6C23, 0x6C23, 0x6C23, 0x6C23, 0x6C23, 0x6C23, 0x6C23, 0x6C23, 0x6C23, 0x6C23, 0x6C23, 0x6C23, 0x6C23, 0x6C23, 
  0x6C23, 0x6C23, 0x6C23, 0x6C23, 0x6C23, 0x6C23, 0x6C23, 0x6C23, 0x6C23, 0x6C23, 0x6C23, 0x6C23, 0x6C23, 0x6C23, 0x6C23, 0x6C23, 
  0x6C23, 0x6C23, 0x6C23, 0x6C23, 0x6C23, 0x6C23, 0x6C23, 0x6C23, 0x6C23, 0x6C23, 0x6C23, 0x6C23, 0x6C23, 0x6C23, 0x6C23, 0x6C23, 
  0x6C23, 0x6C23, 0x6C23, 0x6C23, 0x6C23, 0x6C23, 0x6C23, 0x6C23, 0x6C23, 0x6C23, 0x6C23, 0x6C23, 0x6C23, 0x6C23, 0x6C23, 0x6C23, 
  0x6C23, 0x6C23, 0x6C23, 0x6C23, 0x6C23, 0x6C23, 0x8C1B, 0x8C1B, 0x6C23, 0x4C23, 0x6C23, 0x8C23, 0x4B1B, 0x4D33, 0xF9AB, 0xDFEB, 
  0xDEE3, 0xFFDB, 0x9FDB, 0x1DC3, 0x1FF7, 0xFFFF, 0xDFFF, 0xFFFF, 0xFFFF, 0xFFFF, 0xFFFF, 0xFFFF, 0xFFFF, 0xFFFF, 0x7FFF, 0x9DCB, 
  0xFFCA, 0xDFE3, 0xBFEB, 0xDFDB, 0x6F6A, 0x6B42, 0xAE52, 0x8D52, 0x493A, 0x6B4A, 0x2A42, 0x4B42, 0x4B42, 0xD05A, 0xB97B, 0xF262, 
  0xAD52, 0x6C4A, 0x4A4A, 0x8B52, 0x4B4A, 0x6B4A, 0xAD4A, 0xCF52, 0xCF52, 0xAD52, 0x8B4A, 0x283A, 0x4A42, 0x6B4A, 0x6A4A, 0x8C4A, 
  0xCE52, 0xCE52, 0x4C4A, 0x2942, 0xAC52, 0x8D52, 0x6B42, 0x4A42, 0x6A4A, 0x2A42, 0x2A42, 0x4A4A, 0x0942, 0x294A, 0x6B4A, 0x2A4A, 
  0x4A4A, 0x6B4A, 0x4C4A, 0x6C4A, 0x8C4A, 0x8C4A, 0x8B4A, 0x2A42, 0x2942, 0x0842, 0x0942, 0x2942, 0x0942, 0x4B42, 0x8C4A, 0xAD4A, 
  0x6D4A, 0x6B4A, 0x294A, 0x4B42, 0x1483, 0xBCCB, 0xFFE3, 0xBFEB, 0xBFE3, 0xBED3, 0x58AB, 0xB182, 0x2E62, 0x2B42, 0x6B42, 0xAD52, 
  0x6B4A, 0x8B4A, 0x8B4A, 0x2A42, 0x8C4A, 0x6B4A, 0x2942, 0x2942, 0x2942, 0x6A4A, 0x4A42, 0x4A42, 0x8B4A, 0x6B42, 0x293A, 0x2A42, 
  0x4A4A, 0x4942, 0x0C52, 0x9BCB, 0xFFEB, 0x9FE3, 0x5ECB, 0x5FF7, 0xFFFF, 0xFFFF, 0xDEE5, 0xFFCA, 0xFFE3, 0xDFDB, 0xDFE3, 0x3FDB, 
  0x5DBB, 0x8F3B, 0x6C1B, 0x6C23, 0x6C23, 0x6C23, 0x6C23, 0x6C23, 0x6C23, 0x6C23, 0x6C23, 0x6C23, 0x6C23, 0x6C23, 0x6C23, 0x6C23, 
  0x6C23, 0x6C23, 0x6C23, 0x6C23, 0x6C23, 0x6C23, 0x6C23, 0x6C23, 0x6C23, 0x6C23, 0x6C23, 0x6C23, 0x6C23, 0x6C23, 0x6C23, 0x6C23, 
  0x6C23, 0x6C23, 0x6C23, 0x6C23, 0x6C23, 0x6C23, 0x6C23, 0x6C23, 0x6C23, 0x6C23, 0x6C23, 0x6C23, 0x6C23, 0x6C23, 0x6C23, 0x6C23, 
  0x6C23, 0x6C23, 0x6C23, 0x6C23, 0x6C23, 0x6C23, 0x6C23, 0x6C23, 0x6C23, 0x6C23, 0x6C23, 0x6C23, 0x6C23, 0x6C23, 0x6C23, 0x6C23, 
  0x6C23, 0x6C23, 0x6C23, 0x6C23, 0x6C23, 0x6C23, 0x6C23, 0x6C23, 0x6C23, 0x6C23, 0x6C23, 0x6C23, 0x6C23, 0x6C23, 0x6C23, 0x6C23, 
  0x6C23, 0x6C23, 0x6C23, 0x6C23, 0x6C23, 0x6C23, 0x6C23, 0x6C23, 0x6C23, 0x6C23, 0x6C23, 0x6C23, 0x6C23, 0x6C23, 0x6C23, 0x6C23, 
  0x6C23, 0x6C23, 0x6C23, 0x6C23, 0x6C23, 0x6C23, 0x6C23, 0x6C23, 0x6C23, 0x6C23, 0x8C23, 0x6C1B, 0x904B, 0xFABB, 0xDFE3, 0xFFDB, 
  0xDFE3, 0xFFE3, 0x1ECB, 0xDDCB, 0xBFFF, 0xFFFF, 0xFFFF, 0xFFFF, 0xDFFF, 0xFFFF, 0xFFFF, 0xDEF7, 0xFFFF, 0xFFFF, 0xDED4, 0xBEC2, 
  0x5FD3, 0xDFE3, 0xDFEB, 0xBDD3, 0x4E5A, 0xAD4A, 0x4C4A, 0x8D52, 0xAD4A, 0x4A42, 0x4942, 0x6D4A, 0xCE52, 0x6B4A, 0xF05A, 0x8D52, 
  0x6B4A, 0x2A42, 0x6B4A, 0x2A42, 0x4B42, 0x8C4A, 0x8C4A, 0x8C4A, 0x2B42, 0x4A42, 0x093A, 0xAE52, 0xAE52, 0x6B4A, 0x4B42, 0x8C4A, 
  0x4A42, 0x4A42, 0x2942, 0x6A4A, 0x6B4A, 0x8D4A, 0x8E4A, 0x6B4A, 0x2A42, 0x2942, 0x4942, 0x083A, 0x0942, 0x4A42, 0x6B4A, 0x2942, 
  0x0942, 0x6B4A, 0x6A4A, 0x4A42, 0x6B4A, 0x2A42, 0x2942, 0x2942, 0x2942, 0x494A, 0x6B4A, 0x6C4A, 0x8C4A, 0xAD52, 0x6C4A, 0x8C4A, 
  0x6B4A, 0x8A4A, 0x4B42, 0xB37A, 0xFFEB, 0x9FEB, 0xFFD2, 0x5ED3, 0xDCCB, 0x7DCB, 0x7FDB, 0xDFE3, 0xFEDB, 0x38B3, 0x7072, 0x0A4A, 
  0x2B4A, 0x4A42, 0x293A, 0x0942, 0x4A4A, 0x2942, 0xE839, 0x0942, 0x2A42, 0x6A4A, 0x8C52, 0x0A42, 0x8C4A, 0xAC4A, 0x4A4A, 0x2A42, 
  0x8C4A, 0x6A42, 0x2D52, 0xDDD3, 0xFFE3, 0xBFE3, 0x3ECB, 0x1FF7, 0xFFFF, 0xFFFF, 0x9EEE, 0x1ECB, 0xDFE3, 0xDFE3, 0xDFE3, 0x5FDB, 
  0x3EC3, 0xB153, 0x6B1B, 0x6C23, 0x6C23, 0x6C23, 0x6C23, 0x6C23, 0x6C23, 0x6C23, 0x6C23, 0x6C23, 0x6C23, 0x6C23, 0x6C23, 0x6C23, 
  0x6C23, 0x6C23, 0x6C23, 0x6C23, 0x6C23, 0x6C23, 0x6C23, 0x6C23, 0x6C23, 0x6C23, 0x6C23, 0x6C23, 0x6C23, 0x6C23, 0x6C23, 0x6C23, 
  0x6C23, 0x6C23, 0x6C23, 0x6C23, 0x6C23, 0x6C23, 0x6C23, 0x6C23, 0x6C23, 0x6C23, 0x6C23, 0x6C23, 0x6C23, 0x6C23, 0x6C23, 0x6C23, 
  0x6C23, 0x6C23, 0x6C23, 0x6C23, 0x6C23, 0x6C23, 0x6C23, 0x6C23, 0x6C23, 0x6C23, 0x6C23, 0x6C23, 0x6C23, 0x6C23, 0x6C23, 0x6C23, 
  0x6C23, 0x6C23, 0x6C23, 0x6C23, 0x6C23, 0x6C23, 0x6C23, 0x6C23, 0x6C23, 0x6C23, 0x6C23, 0x6C23, 0x6C23, 0x6C23, 0x6C23, 0x6C23, 
  0x6C23, 0x6C23, 0x6C23, 0x6C23, 0x6C23, 0x6C23, 0x6C23, 0x6C23, 0x6C23, 0x6C23, 0x6C23, 0x6C23, 0x6C23, 0x6C23, 0x6C23, 0x6C23, 
  0x6C23, 0x6C23, 0x6C23, 0x6C23, 0x6C23, 0x6C23, 0x6C23, 0x4C2B, 0x6B23, 0x8C1B, 0x2C23, 0xD263, 0x3DCC, 0xDFEB, 0xDFE3, 0xDFE3, 
  0xFFE3, 0x7FE3, 0x9EC2, 0xBDD4, 0xFFFF, 0xFFFF, 0xFFFF, 0xFFFF, 0xFFFF, 0xFFFF, 0xFFFF, 0xFFFF, 0x3FF7, 0xFDD4, 0xDDBA, 0x3FD3, 
  0xDFDB, 0xDFE3, 0xDFEB, 0x9DD3, 0x4D52, 0xAE4A, 0x4C4A, 0x8C52, 0xAD4A, 0x4A42, 0x6A4A, 0x6C4A, 0x6B4A, 0x6B4A, 0x2A42, 0x4A42, 
  0x8C4A, 0xAC4A, 0x6B42, 0x6B4A, 0x8C4A, 0x8C4A, 0x4A42, 0x2942, 0x4A42, 0x6B4A, 0xAD4A, 0xCE52, 0xAD52, 0x6C4A, 0xD05A, 0xAD52, 
  0x4B42, 0x2942, 0x4942, 0x4B42, 0x4B42, 0xCE52, 0x1263, 0x2B42, 0x4A42, 0x6B4A, 0x6B4A, 0x6C4A, 0x8C4A, 0x6B4A, 0x6B4A, 0x2942, 
  0x4A42, 0x4B4A, 0x6A4A, 0x4A42, 0x4A4A, 0x0942, 0x2A42, 0x6A4A, 0x0A42, 0x2942, 0x2A42, 0x8D4A, 0xCE52, 0xAD52, 0x4B42, 0x6C4A, 
  0x6B4A, 0x6A42, 0x0B4A, 0x78B3, 0xFFEB, 0xDECA, 0x9ED4, 0x5FFF, 0x7FFF, 0xDEEE, 0x7DDD, 0x9DCB, 0x1FD3, 0xDFEB, 0xFFEB, 0x159B, 
  0xC941, 0x0942, 0x2842, 0x2A42, 0x6B4A, 0x6B4A, 0x4942, 0x2942, 0x2942, 0x4B42, 0x4A4A, 0x4B4A, 0x6B4A, 0x8B4A, 0x4A4A, 0x2A4A, 
  0x4A42, 0x8B4A, 0x2D5A, 0xBDD3, 0xDFEB, 0xBFE3, 0x1ECB, 0xDFEE, 0xFFFF, 0xFFFF, 0x1FF7, 0x3DCB, 0xBFE3, 0xDFE3, 0xBFEB, 0x7FDB, 
  0x3EC3, 0x7153, 0x6B1B, 0x6C2B, 0x6C1B, 0x6C23, 0x6C23, 0x6C23, 0x6C23, 0x6C23, 0x6C23, 0x6C23, 0x6C23, 0x6C23, 0x6C23, 0x6C23, 
  0x6C23, 0x6C23, 0x6C23, 0x6C23, 0x6C23, 0x6C23, 0x6C23, 0x6C23, 0x6C23, 0x6C23, 0x6C23, 0x6C23, 0x6C23, 0x6C23, 0x6C23, 0x6C23, 
  0x6C23, 0x6C23, 0x6C23, 0x6C23, 0x6C23, 0x6C23, 0x6C23, 0x6C23, 0x6C23, 0x6C23, 0x6C23, 0x6C23, 0x6C23, 0x6C23, 0x6C23, 0x6C23, 
  0x6C23, 0x6C23, 0x6C23, 0x6C23, 0x6C23, 0x6C23, 0x6C23, 0x6C23, 0x6C23, 0x6C23, 0x6C23, 0x6C23, 0x6C23, 0x6C23, 0x6C23, 0x6C23, 
  0x6C23, 0x6C23, 0x6C23, 0x6C23, 0x6C23, 0x6C23, 0x6C23, 0x6C23, 0x6C23, 0x6C23, 0x6C23, 0x6C23, 0x6C23, 0x6C23, 0x6C23, 0x6C23, 
  0x6C23, 0x6C23, 0x6C23, 0x6C23, 0x6C23, 0x6C23, 0x6C23, 0x6C23, 0x6C23, 0x6C23, 0x6C23, 0x6C23, 0x6C23, 0x6C23, 0x6C23, 0x6C23, 
  0x6C23, 0x6C23, 0x6C23, 0x6C23, 0x6C23, 0x6C23, 0x6C1B, 0x6C23, 0x8C23, 0x6B1B, 0xB26B, 0x3CCC, 0xFFE3, 0x3FEC, 0xBEEB, 0xDFEB, 
  0x9FDB, 0x1FCB, 0xDFCA, 0xDDCB, 0xFEE5, 0xBFF6, 0x1FF7, 0xDFF6, 0x9FEE, 0x1FE6, 0x5EE5, 0x5ED4, 0x7ED3, 0x1FD3, 0x9FDB, 0xDFE3, 
  0xFFDB, 0xDFE3, 0xBEDB, 0x1793, 0xCE52, 0xCD4A, 0x4C4A, 0x4B4A, 0x4B42, 0x4B4A, 0x2A42, 0x4942, 0x4942, 0x6D4A, 0x8C4A, 0x4A4A, 
  0x4A42, 0x6B42, 0x6B4A, 0x8C4A, 0x6C4A, 0x2B4A, 0x4A42, 0x6A42, 0xAD52, 0xCE52, 0xAD4A, 0x8D42, 0x8D4A, 0xAE4A, 0x3163, 0x8C52, 
  0x6C4A, 0x2A42, 0x4A4A, 0x6C4A, 0x8C4A, 0xAE52, 0xF15A, 0x4B4A, 0x8B4A, 0x4A42, 0x4A4A, 0x4A4A, 0x4B4A, 0x6B4A, 0x8D4A, 0x8C4A, 
  0xAD52, 0x8C4A, 0x4A42, 0x4A42, 0x6B4A, 0x8C52, 0x4A42, 0xAD52, 0x8D4A, 0xAE52, 0x6C4A, 0xAD52, 0x6B42, 0x2B3A, 0xEF5A, 0xAD52, 
  0x4C4A, 0x4B42, 0x2E52, 0xDCCB, 0xBFDB, 0xFDC2, 0xDEF6, 0xFFFF, 0xFFFF, 0xFFFF, 0xFFFF, 0x7FFF, 0x1ED5, 0xFDC2, 0x7FDB, 0x5FEC, 
  0xF692, 0xE941, 0x2942, 0x2942, 0x4B4A, 0x6B4A, 0x6A42, 0x283A, 0x293A, 0x6B4A, 0x8C52, 0x8C52, 0x0A3A, 0x4A42, 0x2942, 0xC941, 
  0x2A42, 0x6B42, 0x4E5A, 0xDDD3, 0xDFE3, 0xBFE3, 0xFEC2, 0x9EEE, 0xFFFF, 0xFFFF, 0x5FF7, 0x7DCB, 0x9FE3, 0xDFE3, 0xBFE3, 0x9FDB, 
  0x1EC3, 0x3253, 0x6B13, 0x6C23, 0x6C23, 0x6C23, 0x6C23, 0x6C23, 0x6C23, 0x6C23, 0x6C23, 0x6C23, 0x6C23, 0x6C23, 0x6C23, 0x6C23, 
  0x6C23, 0x6C23, 0x6C23, 0x6C23, 0x6C23, 0x6C23, 0x6C23, 0x6C23, 0x6C23, 0x6C23, 0x6C23, 0x6C23, 0x6C23, 0x6C23, 0x6C23, 0x6C23, 
  0x6C23, 0x6C23, 0x6C23, 0x6C23, 0x6C23, 0x6C23, 0x6C23, 0x6C23, 0x6C23, 0x6C23, 0x6C23, 0x6C23, 0x6C23, 0x6C23, 0x6C23, 0x6C23, 
  0x6C23, 0x6C23, 0x6C23, 0x6C23, 0x6C23, 0x6C23, 0x6C23, 0x6C23, 0x6C23, 0x6C23, 0x6C23, 0x6C23, 0x6C23, 0x6C23, 0x6C23, 0x6C23, 
  0x6C23, 0x6C23, 0x6C23, 0x6C23, 0x6C23, 0x6C23, 0x6C23, 0x6C23, 0x6C23, 0x6C23, 0x6C23, 0x6C23, 0x6C23, 0x6C23, 0x6C23, 0x6C23, 
  0x6C23, 0x6C23, 0x6C23, 0x6C23, 0x6C23, 0x6C23, 0x6C23, 0x6C23, 0x6C23, 0x6C23, 0x6C23, 0x6C23, 0x6C23, 0x6C23, 0x6C23, 0x6C23, 
  0x6C23, 0x6C23, 0x6C23, 0x6C23, 0x6C23, 0x6B23, 0x6C23, 0x8C23, 0x4A1B, 0xB153, 0x3ECC, 0xBFE3, 0xFEDB, 0x1FE4, 0xBFE3, 0x5FD3, 
  0xFFCA, 0xDFC2, 0xFFC2, 0xDFC2, 0x9FC2, 0xDEC2, 0x7CC3, 0x5CCC, 0x1CCC, 0xFCCB, 0xBDCB, 0xBED3, 0xDEDB, 0xBEDB, 0x9FE3, 0x7FEB, 
  0xBFE3, 0xDFEB, 0xBDD3, 0x7162, 0x4C42, 0x6C4A, 0x8C4A, 0x8B42, 0x8B4A, 0x6A4A, 0x4A42, 0x6B4A, 0x2A4A, 0x0942, 0x4A4A, 0x4A4A, 
  0x4A4A, 0x4A42, 0x4A42, 0x4A42, 0x8B4A, 0x8C4A, 0x4B42, 0x8C4A, 0xCF52, 0xCF52, 0x6C4A, 0x4C4A, 0xAE52, 0xAD4A, 0x4C4A, 0x6B4A, 
  0x4B42, 0xCD52, 0x8B4A, 0x6942, 0x0942, 0x4B4A, 0x8C4A, 0x2A3A, 0x8C4A, 0x8C52, 0x6B4A, 0x4A42, 0x6B4A, 0x6C4A, 0x4B42, 0x8C4A, 
  0x6C4A, 0x6C4A, 0x8C4A, 0x6C4A, 0x4B42, 0x8C4A, 0x4942, 0x6B42, 0xAD4A, 0xF052, 0x8C4A, 0x4A4A, 0x4B4A, 0x6B4A, 0x6B4A, 0x6C4A, 
  0x6B4A, 0x6A42, 0xB27A, 0x1FDC, 0x5FD3, 0x5DCB, 0x5FF7, 0xFFFF, 0xFFFF, 0xFFFF, 0xFFFF, 0xFFFF, 0xFFFF, 0x1EEE, 0x1DC3, 0x7FDB, 
  0x1FE4, 0xB17A, 0x4A42, 0x8C4A, 0x6A42, 0x2A4A, 0x8D52, 0x8B42, 0x2A4A, 0x2A42, 0x6B4A, 0x8D4A, 0x4C42, 0xAC52, 0x6C4A, 0x4C4A, 
  0x8D52, 0x6B42, 0x4D52, 0x9CCB, 0xDFE3, 0xDFE3, 0xFEC2, 0x5EEE, 0xFFFF, 0xFFFF, 0x9FFF, 0xBDCB, 0x7FDB, 0xDFE3, 0xDFE3, 0xBFE3, 
  0x3FCB, 0x346B, 0x6A1B, 0x6C23, 0x6C23, 0x6C23, 0x6B23, 0x6C23, 0x6C23, 0x6C23, 0x6C23, 0x6C23, 0x6C23, 0x6C23, 0x6C23, 0x6C23, 
  0x6C23, 0x6C23, 0x6C23, 0x6C23, 0x6C23, 0x6C23, 0x6C23, 0x6C23, 0x6C23, 0x6C23, 0x6C23, 0x6C23, 0x6C23, 0x6C23, 0x6C23, 0x6C23, 
  0x6C23, 0x6C23, 0x6C23, 0x6C23, 0x6C23, 0x6C23, 0x6C23, 0x6C23, 0x6C23, 0x6C23, 0x6C23, 0x6C23, 0x6C23, 0x6C23, 0x6C23, 0x6C23, 
  0x6C23, 0x6C23, 0x6C23, 0x6C23, 0x6C23, 0x6C23, 0x6C23, 0x6C23, 0x6C23, 0x6C23, 0x6C23, 0x6C23, 0x6C23, 0x6C23, 0x6C23, 0x6C23, 
  0x6C23, 0x6C23, 0x6C23, 0x6C23, 0x6C23, 0x6C23, 0x6C23, 0x6C23, 0x6C23, 0x6C23, 0x6C23, 0x6C23, 0x6C23, 0x6C23, 0x6C23, 0x6C23, 
  0x6C23, 0x6C23, 0x6C23, 0x6C23, 0x6C23, 0x6C23, 0x6C23, 0x6C23, 0x6C23, 0x6C23, 0x6C23, 0x6C23, 0x6C23, 0x6C23, 0x6C23, 0x6C23, 
  0x6C23, 0x6C23, 0x6C23, 0x6C23, 0x6C23, 0x6C23, 0x8C23, 0x4C1B, 0x8F43, 0x1CC4, 0xDFEB, 0xFFE3, 0xBFDB, 0x5FD3, 0xFFCA, 0xDFCA, 
  0xFECA, 0x3ED3, 0x5FDB, 0x7FDB, 0x7FDB, 0x5FDB, 0x5FDB, 0xBFDB, 0x3EDC, 0x9EE4, 0xFEE4, 0x5EDD, 0xBEE5, 0xDDE5, 0x7EE5, 0xBEE4, 
  0x1EDC, 0xBEDB, 0x7EE3, 0x3CC3, 0xD79A, 0x917A, 0x6D62, 0x6D52, 0x2B42, 0xE839, 0x2A42, 0x083A, 0x4942, 0x6B4A, 0x4B4A, 0x2A4A, 
  0x6B4A, 0x4B4A, 0x2A42, 0x2A4A, 0x6A42, 0x6A42, 0x2942, 0x4942, 0x6A42, 0x6B42, 0x8E5A, 0x7783, 0x387B, 0xB05A, 0x2A42, 0x093A, 
  0x293A, 0x6C4A, 0x4C4A, 0x4B4A, 0x4B42, 0x2A42, 0x8C4A, 0x4B4A, 0x6B4A, 0x6B4A, 0x2A42, 0x2A42, 0x4A42, 0x6A42, 0x293A, 0x083A, 
  0x093A, 0x0942, 0x2A42, 0x4A42, 0x2B42, 0x0A42, 0x2942, 0x4C4A, 0x2C4A, 0xAF52, 0x4B42, 0x2A42, 0x2A42, 0x2942, 0x2942, 0x8C4A, 
  0x493A, 0x0A42, 0x179B, 0xFFEB, 0xDFCA, 0xBECB, 0xBFFF, 0xFFFF, 0xFFFF, 0xFFFF, 0xFFFF, 0xFFFF, 0xFFF7, 0xFFFF, 0x5FF6, 0x1EC3, 
  0xBFEB, 0xFCD3, 0x3062, 0x8D4A, 0x6B4A, 0x4A42, 0x8C52, 0x6C4A, 0x4B4A, 0x8C4A, 0x8C4A, 0xAD52, 0x6C4A, 0xCE52, 0x2A42, 0xAD52, 
  0x115B, 0x8B42, 0x2B4A, 0x5ABB, 0xFFEB, 0xDFE3, 0xFECA, 0x1EE6, 0xFFFF, 0xFFFF, 0xFFFF, 0x1DCC, 0x5FDB, 0xDFE3, 0xDFEB, 0xBFE3, 
  0x1FCB, 0x5783, 0x4B23, 0x6C23, 0x6C23, 0x6C23, 0x6C23, 0x6C23, 0x6C23, 0x6C23, 0x6C23, 0x6C23, 0x6C23, 0x6C23, 0x6C23, 0x6C23, 
  0x6C23, 0x6C23, 0x6C23, 0x6C23, 0x6C23, 0x6C23, 0x6C23, 0x6C23, 0x6C23, 0x6C23, 0x6C23, 0x6C23, 0x6C23, 0x6C23, 0x6C23, 0x6C23, 
  0x6C23, 0x6C23, 0x6C23, 0x6C23, 0x6C23, 0x6C23, 0x6C23, 0x6C23, 0x6C23, 0x6C23, 0x6C23, 0x6C23, 0x6C23, 0x6C23, 0x6C23, 0x6C23, 
  0x6C23, 0x6C23, 0x6C23, 0x6C23, 0x6C23, 0x6C23, 0x6C23, 0x6C23, 0x6C23, 0x6C23, 0x6C23, 0x6C23, 0x6C23, 0x6C23, 0x6C23, 0x6C23, 
  0x6C23, 0x6C23, 0x6C23, 0x6C23, 0x6C23, 0x6C23, 0x6C23, 0x6C23, 0x6C23, 0x6C23, 0x6C23, 0x6C23, 0x6C23, 0x6C23, 0x6C23, 0x6C23, 
  0x6C23, 0x6C23, 0x6C23, 0x6C23, 0x6C23, 0x6C23, 0x6C23, 0x6C23, 0x6C23, 0x6C23, 0x6C23, 0x6C23, 0x6C23, 0x6C23, 0x6C23, 0x6C23, 
  0x6C23, 0x6C23, 0x6C23, 0x6C23, 0x6C23, 0x6C23, 0x4B23, 0x6D33, 0x1BB4, 0xFFF3, 0x9FDB, 0x3ECB, 0xFECA, 0xDEC2, 0xFFC2, 0x5FD3, 
  0xBFE3, 0xDFEB, 0xDFEB, 0xDFE3, 0xDEE3, 0xDFE3, 0xDFE3, 0xBFE3, 0xBFEB, 0xBFEB, 0x9FE3, 0x9EDB, 0xBEDB, 0x1EE4, 0xFDDC, 0x7EE5, 
  0xBEED, 0xDDE5, 0x7EE5, 0x1EE5, 0xDDDC, 0x5DDC, 0xBDD3, 0x3CC3, 0x18AB, 0xB492, 0x7072, 0x2E5A, 0x2B4A, 0x2842, 0x0832, 0x6A42, 
  0x2A42, 0x6A4A, 0x6B4A, 0x4A42, 0x2A42, 0x2942, 0x8B4A, 0x6A42, 0x4A42, 0x4A42, 0x0A4A, 0x9062, 0x5573, 0xAE4A, 0x8E5A, 0x906A, 
  0x6C4A, 0x4A4A, 0xAD4A, 0xAD4A, 0xAB4A, 0x4A42, 0x4A42, 0x4A42, 0x6B42, 0x8C4A, 0x6B4A, 0x2B4A, 0x0B52, 0x0D5A, 0x0E62, 0x5072, 
  0x717A, 0x7382, 0xB492, 0xD69A, 0xF7A2, 0xD69A, 0xD69A, 0x17A3, 0xF7A2, 0xD7A2, 0xF8A2, 0x179B, 0xD38A, 0xB27A, 0x906A, 0x6E5A, 
  0x2D5A, 0xD48A, 0xFED3, 0xBFE3, 0xBFCA, 0x9ECB, 0x9FFF, 0xFFFF, 0xFFFF, 0xFFFF, 0xFFFF, 0xFFFF, 0xFFFF, 0xDEFF, 0xFFFF, 0x1EE6, 
  0x1DCB, 0xDFEB, 0xDCCB, 0x4E5A, 0x4B4A, 0x493A, 0x2942, 0x6B42, 0x2A42, 0x6B4A, 0x6B4A, 0xAC4A, 0x8C4A, 0x6D4A, 0xAD52, 0x8D52, 
  0x4C4A, 0x4B42, 0x4A42, 0x9ABB, 0xFFEB, 0xDFEB, 0xDECA, 0xDDE5, 0xFFFF, 0xFFFF, 0xFFFF, 0x5DCC, 0x7FD3, 0xDFE3, 0xBFEB, 0xBFE3, 
  0xFFCA, 0x5993, 0x4C23, 0x6C23, 0x8B23, 0x6C23, 0x6C23, 0x6C23, 0x6C23, 0x6C23, 0x6C23, 0x6C23, 0x6C23, 0x6C23, 0x6C23, 0x6C23, 
  0x6C23, 0x6C23, 0x6C23, 0x6C23, 0x6C23, 0x6C23, 0x6C23, 0x6C23, 0x6C23, 0x6C23, 0x6C23, 0x6C23, 0x6C23, 0x6C23, 0x6C23, 0x6C23, 
  0x6C23, 0x6C23, 0x6C23, 0x6C23, 0x6C23, 0x6C23, 0x6C23, 0x6C23, 0x6C23, 0x6C23, 0x6C23, 0x6C23, 0x6C23, 0x6C23, 0x6C23, 0x6C23, 
  0x6C23, 0x6C23, 0x6C23, 0x6C23, 0x6C23, 0x6C23, 0x6C23, 0x6C23, 0x6C23, 0x6C23, 0x6C23, 0x6C23, 0x6C23, 0x6C23, 0x6C23, 0x6C23, 
  0x6C23, 0x6C23, 0x6C23, 0x6C23, 0x6C23, 0x6C23, 0x6C23, 0x6C23, 0x6C23, 0x6C23, 0x6C23, 0x6C23, 0x6C23, 0x6C23, 0x6C23, 0x6C23, 
  0x6C23, 0x6C23, 0x6C23, 0x6C23, 0x6C23, 0x6C23, 0x6C23, 0x6C23, 0x6C23, 0x6C23, 0x6C23, 0x6C23, 0x6C23, 0x6C23, 0x6C23, 0x6C23, 
  0x6C23, 0x6C23, 0x6C23, 0x6C23, 0x6C23, 0x6B1B, 0x6D33, 0x19AC, 0x1FEC, 0x3EDB, 0x9DCB, 0xDEDC, 0xFECA, 0x1ECB, 0x9FDB, 0xDFE3, 
  0xDFE3, 0xDFE3, 0xFFE3, 0xFFEB, 0xDFF3, 0xDFF3, 0xFFEB, 0xFFE3, 0x9CCB, 0x3BC3, 0xBEDB, 0xFFE3, 0xDFE3, 0xBFE3, 0x9FE3, 0x9EDB, 
  0xDEDB, 0x5FDC, 0xFFE4, 0x3FED, 0x3FED, 0x9EED, 0x9FE5, 0xBFED, 0x5EE5, 0xDEDC, 0x3ED4, 0x9DCB, 0xFABA, 0xB6A2, 0x7382, 0x506A, 
  0x2D5A, 0x2B4A, 0x283A, 0x283A, 0x4942, 0x2B4A, 0xAE52, 0xCD52, 0x8C52, 0x6C52, 0x4A4A, 0x4A42, 0x4C4A, 0x4B42, 0xB89B, 0xFDBB, 
  0xD25A, 0xEE52, 0x2A42, 0x2A42, 0x2A42, 0x2C4A, 0x4E5A, 0x0E5A, 0x5172, 0x948A, 0xD692, 0x38AB, 0x9ABB, 0x1CCC, 0xBEDC, 0x1EE5, 
  0x7EED, 0x9FED, 0xDFF5, 0x1FF6, 0xFFED, 0xFFED, 0xFFED, 0xDFED, 0x7EE5, 0x3EE5, 0xBEE4, 0x1EE4, 0x7FDB, 0x9FDB, 0xBFDB, 0xBEDB, 
  0xFDDB, 0xFFE3, 0xBFE3, 0x5ECB, 0xDECA, 0x3EC3, 0x1FF7, 0xFFFF, 0xFFFF, 0xFFFF, 0xFFFF, 0xFFFF, 0xFFFF, 0xFFFF, 0xFFFF, 0xFFFF, 
  0xBDD4, 0x1ECB, 0x1FEC, 0x78AB, 0x0B4A, 0x4A42, 0x8C4A, 0xCE52, 0x8C4A, 0x6C4A, 0x6B4A, 0x6C4A, 0x6C4A, 0x6B4A, 0x316B, 0x8D5A, 
  0x2942, 0x4B4A, 0x6B4A, 0x37A3, 0xFFEB, 0xDFEB, 0xFECA, 0xFDE5, 0xFFFF, 0xFFFF, 0xFFFF, 0x5DCC, 0x7FD3, 0xFFE3, 0xDFE3, 0xBFDB, 
  0x1FCB, 0x398B, 0x4C1B, 0x8C1B, 0x6B23, 0x6C23, 0x6C23, 0x6C23, 0x6C23, 0x6C23, 0x6C23, 0x6C23, 0x6C23, 0x6C23, 0x6C23, 0x6C23, 
  0x6C23, 0x6C23, 0x6C23, 0x6C23, 0x6C23, 0x6C23, 0x6C23, 0x6C23, 0x6C23, 0x6C23, 0x6C23, 0x6C23, 0x6C23, 0x6C23, 0x6C23, 0x6C23, 
  0x6C23, 0x6C23, 0x6C23, 0x6C23, 0x6C23, 0x6C23, 0x6C23, 0x6C23, 0x6C23, 0x6C23, 0x6C23, 0x6C23, 0x6C23, 0x6C23, 0x6C23, 0x6C23, 
  0x6C23, 0x6C23, 0x6C23, 0x6C23, 0x6C23, 0x6C23, 0x6C23, 0x6C23, 0x6C23, 0x6C23, 0x6C23, 0x6C23, 0x6C23, 0x6C23, 0x6C23, 0x6C23, 
  0x6C23, 0x6C23, 0x6C23, 0x6C23, 0x6C23, 0x6C23, 0x6C23, 0x6C23, 0x6C23, 0x6C23, 0x6C23, 0x6C23, 0x6C23, 0x6C23, 0x6C23, 0x6C23, 
  0x6C23, 0x6C23, 0x6C23, 0x6C23, 0x6C23, 0x6C23, 0x6C23, 0x6C23, 0x6C23, 0x6C23, 0x6C23, 0x6C23, 0x6C23, 0x6C23, 0x6C23, 0x6C23, 
  0x6C23, 0x6C23, 0x6C23, 0x6C23, 0x6C23, 0x4C23, 0xF793, 0xFFF3, 0x3ED3, 0x5DD4, 0x1FFF, 0x7DD4, 0x1ECB, 0xDFE3, 0xDFEB, 0xBFE3, 
  0xBFE3, 0xFFEB, 0xDFDB, 0x9CCB, 0x5AC3, 0x38AB, 0xD48A, 0x916A, 0x3172, 0x18AB, 0xDEE3, 0xBFEB, 0xDFE3, 0xDFE3, 0xDFE3, 0xDEDB, 
  0xD9A2, 0x979A, 0xB7A2, 0xD9A2, 0x19AB, 0x7ABB, 0xDBCB, 0x5DDC, 0xFFE4, 0x9FED, 0xFFED, 0xFEED, 0x9EED, 0xFFEC, 0x7FE4, 0xDDD3, 
  0x9BBB, 0x19AB, 0x9492, 0x717A, 0x4D5A, 0x4B4A, 0x6D4A, 0xCE5A, 0x4D42, 0xAE4A, 0x6A42, 0x6A42, 0x4B42, 0x2A42, 0x2D52, 0x6F6A, 
  0xEE61, 0x506A, 0x7482, 0xB592, 0xF7A2, 0x7ABB, 0xBCC3, 0x5DD4, 0x1FE5, 0x9FE5, 0x3FEE, 0x9FF6, 0xBFF6, 0x9FF6, 0x3FF6, 0xDEED, 
  0x9EED, 0x1EE5, 0xFEE4, 0xBEDC, 0x9EDC, 0x9EDC, 0x9FDC, 0x9EE4, 0x9EE4, 0x7FE4, 0x9FE4, 0x7EE4, 0x3FCB, 0xBFC2, 0xDEC2, 0x1ECB, 
  0x3FD3, 0x1FD3, 0xFFCA, 0xFFCA, 0xFFCA, 0xBEC2, 0xFEED, 0xFFFF, 0xDFFF, 0xFFFF, 0xFFFF, 0xFFFF, 0xFFFF, 0xFFFF, 0xFFFF, 0xFFFF, 
  0x3EEE, 0xDDC2, 0xBFEB, 0xFEDB, 0xAE5A, 0x2A4A, 0x4B4A, 0xAE52, 0x8C4A, 0x2A42, 0x2A42, 0x4A42, 0x8C4A, 0xAD52, 0x2B42, 0x2A42, 
  0x6C4A, 0x8E52, 0x6C42, 0x169B, 0xFFEB, 0xDFEB, 0xFECA, 0xFDE5, 0xFFFF, 0xFFFF, 0xDFFF, 0x1DCC, 0x7FDB, 0xFFE3, 0xDFE3, 0xBEDB, 
  0x3FD3, 0x599B, 0x4C23, 0x6C23, 0x6C23, 0x6C23, 0x6C23, 0x6C23, 0x6C23, 0x6C23, 0x6C23, 0x6C23, 0x6C23, 0x6C23, 0x6C23, 0x6C23, 
  0x6C23, 0x6C23, 0x6C23, 0x6C23, 0x6C23, 0x6C23, 0x6C23, 0x6C23, 0x6C23, 0x6C23, 0x6C23, 0x6C23, 0x6C23, 0x6C23, 0x6C23, 0x6C23, 
  0x6C23, 0x6C23, 0x6C23, 0x6C23, 0x6C23, 0x6C23, 0x6C23, 0x6C23, 0x6C23, 0x6C23, 0x6C23, 0x6C23, 0x6C23, 0x6C23, 0x6C23, 0x6C23, 
  0x6C23, 0x6C23, 0x6C23, 0x6C23, 0x6C23, 0x6C23, 0x6C23, 0x6C23, 0x6C23, 0x6C23, 0x6C23, 0x6C23, 0x6C23, 0x6C23, 0x6C23, 0x6C23, 
  0x6C23, 0x6C23, 0x6C23, 0x6C23, 0x6C23, 0x6C23, 0x6C23, 0x6C23, 0x6C23, 0x6C23, 0x6C23, 0x6C23, 0x6C23, 0x6C23, 0x6C23, 0x6C23, 
  0x6C23, 0x6C23, 0x6C23, 0x6C23, 0x6C23, 0x6C23, 0x6C23, 0x6C23, 0x6C23, 0x6C23, 0x6C23, 0x6C23, 0x6C23, 0x6C23, 0x6C23, 0x6B23, 
  0x6C23, 0x6C23, 0x6B23, 0x6C23, 0x4B13, 0xD473, 0x3FE4, 0x3ED3, 0xBCD4, 0xFFFF, 0xFECC, 0xDDD2, 0xFFE3, 0xDFE3, 0xBFEB, 0xBFEB, 
  0xFFE3, 0x59AB, 0xD47A, 0xB062, 0x0A3A, 0x083A, 0x0A3A, 0x716A, 0xFED3, 0x1FDC, 0x5FDB, 0x5FDB, 0x9FE3, 0xDFE3, 0xDFE3, 0xDFE3, 
  0xBDD3, 0x7ABB, 0x17AB, 0xF592, 0xB37A, 0x7172, 0x5172, 0x3272, 0x3382, 0xB59A, 0x9BC3, 0x1DCC, 0x1EDD, 0xBEED, 0x1FF6, 0xFEED, 
  0xBEED, 0x3EE5, 0xBFE4, 0x3ED4, 0xBDCB, 0x5BBB, 0x38A3, 0xF58A, 0xF482, 0xF582, 0xD37A, 0xB27A, 0xF58A, 0xD79A, 0x19AB, 0x7BBB, 
  0xFCCB, 0xBED4, 0x7EE5, 0xFFED, 0x7FF6, 0xBEEE, 0xDFF6, 0xFFFE, 0x9FF6, 0x1FF6, 0x7EE5, 0xBEE4, 0x1DD4, 0x9BBB, 0x18AB, 0xD69A, 
  0x738A, 0x517A, 0x527A, 0x727A, 0x3172, 0x7172, 0x7272, 0x5172, 0x527A, 0x958A, 0xB692, 0x39A3, 0x7BBB, 0xBED3, 0x7FDB, 0x1FD3, 
  0xDECA, 0xDEC2, 0xFFCA, 0xDFCA, 0xDFCA, 0xDFC2, 0xDCC3, 0x5FFF, 0xFFFF, 0xFFF7, 0xFFFF, 0xFFFF, 0xFFFF, 0xFFFF, 0xFEF7, 0xFFFF, 
  0xDED4, 0xDFC2, 0xBFEB, 0xBEDB, 0x4C52, 0x293A, 0x0B4A, 0x9172, 0xD382, 0xD382, 0xB282, 0x906A, 0x4C52, 0x2A3A, 0xAD4A, 0xED4A, 
  0xEF52, 0x6D52, 0x6C42, 0x9ABB, 0xDFEB, 0xDFE3, 0xFECA, 0xDEE5, 0xFFFF, 0xFFFF, 0x9FFF, 0x9DCB, 0x9FDB, 0xFFDB, 0xFFE3, 0x9ED3, 
  0x9EE4, 0xFBBB, 0x4E33, 0x6C1B, 0x6C23, 0x6C23, 0x6C23, 0x6C23, 0x6C23, 0x6C23, 0x6C23, 0x6C23, 0x6C23, 0x6C23, 0x6C23, 0x6C23, 
  0x6C23, 0x6C23, 0x6C23, 0x6C23, 0x6C23, 0x6C23, 0x6C23, 0x6C23, 0x6C23, 0x6C23, 0x6C23, 0x6C23, 0x6C23, 0x6C23, 0x6C23, 0x6C23, 
  0x6C23, 0x6C23, 0x6C23, 0x6C23, 0x6C23, 0x6C23, 0x6C23, 0x6C23, 0x6C23, 0x6C23, 0x6C23, 0x6C23, 0x6C23, 0x6C23, 0x6C23, 0x6C23, 
  0x6C23, 0x6C23, 0x6C23, 0x6C23, 0x6C23, 0x6C23, 0x6C23, 0x6C23, 0x6C23, 0x6C23, 0x6C23, 0x6C23, 0x6C23, 0x6C23, 0x6C23, 0x6C23, 
  0x6C23, 0x6C23, 0x6C23, 0x6C23, 0x6C23, 0x6C23, 0x6C23, 0x6C23, 0x6C23, 0x6C23, 0x6C23, 0x6C23, 0x6C23, 0x6C23, 0x6C23, 0x6C23, 
  0x6C23, 0x6C23, 0x6C23, 0x6C23, 0x6C23, 0x6C23, 0x6C23, 0x6C23, 0x6C23, 0x6C23, 0x6C23, 0x6C23, 0x6C23, 0x6C23, 0x6C23, 0x6C23, 
  0x8C23, 0x6C23, 0x8C23, 0x4B1B, 0x9053, 0x3ED4, 0x5FDB, 0x3DCC, 0xFFFF, 0x9EDD, 0xFDC2, 0xDFEB, 0xBFEB, 0xDFE3, 0xBFE3, 0xFFE3, 
  0xD48A, 0x2D4A, 0xAE4A, 0xEE52, 0x2A42, 0x494A, 0x0B4A, 0x9ABB, 0xBFF3, 0x5DC3, 0x1EC3, 0xDFCA, 0xFFC2, 0x3FD3, 0xBFE3, 0xDFE3, 
  0xDFE3, 0xFFEB, 0xFFEB, 0xFFEB, 0xFFEB, 0xFFDB, 0xDDCB, 0x9ABB, 0x37A3, 0xB48A, 0x9592, 0x3382, 0x537A, 0xB792, 0xD8A2, 0x5AC3, 
  0xDCCB, 0x5DDC, 0x7DDC, 0x7EDC, 0x1EDC, 0x7FD3, 0x1FD3, 0x3FD3, 0x5FD3, 0x5FD3, 0xDEDB, 0x3EDC, 0x9EDC, 0x1EE5, 0x9EED, 0xDFED, 
  0x1EEE, 0xFEED, 0xDFED, 0x9FED, 0x1FED, 0x7EDC, 0x1DD4, 0x9BC3, 0x39B3, 0xF8A2, 0xB58A, 0x937A, 0x7062, 0x8F62, 0x0B4A, 0x0942, 
  0x283A, 0x293A, 0x4A42, 0x4B42, 0x4942, 0x4A42, 0x293A, 0x4A42, 0x4B42, 0x6B42, 0x4B42, 0x4B4A, 0x2B4A, 0x6F62, 0x1693, 0xBCCB, 
  0x9FE3, 0x3FD3, 0xDFC2, 0xDFCA, 0xFFCA, 0xFFCA, 0xDFC2, 0xFDCB, 0xFFF6, 0xFFFF, 0xFFFF, 0xFFFF, 0xFFFF, 0xFFFF, 0xFFFF, 0xFEED, 
  0xDEC2, 0x5FDB, 0xFFF3, 0x7AC3, 0x0B4A, 0x0B4A, 0x37A3, 0xFEDB, 0x1FE4, 0x3FEC, 0x1FEC, 0xDFE3, 0x7AC3, 0xD382, 0x6D52, 0x8C42, 
  0x8D4A, 0x6B4A, 0x4E5A, 0xBCD3, 0xDFE3, 0xDFE3, 0x1ECB, 0xDEE5, 0xFFFF, 0xFFFF, 0xDFF6, 0x1DCB, 0xDFE3, 0xFFDB, 0xFFE3, 0x5EDB, 
  0x9DDD, 0x7CCC, 0x2F4B, 0x8B1B, 0x6C23, 0x6C23, 0x6C23, 0x6C23, 0x6C23, 0x6C23, 0x6C23, 0x6C23, 0x6C23, 0x6C23, 0x6C23, 0x6C23, 
  0x6C23, 0x6C23, 0x6C23, 0x6C23, 0x6C23, 0x6C23, 0x6C23, 0x6C23, 0x6C23, 0x6C23, 0x6C23, 0x6C23, 0x6C23, 0x6C23, 0x6C23, 0x6C23, 
  0x6C23, 0x6C23, 0x6C23, 0x6C23, 0x6C23, 0x6C23, 0x6C23, 0x6C23, 0x6C23, 0x6C23, 0x6C23, 0x6C23, 0x6C23, 0x6C23, 0x6C23, 0x6C23, 
  0x6C23, 0x6C23, 0x6C23, 0x6C23, 0x6C23, 0x6C23, 0x6C23, 0x6C23, 0x6C23, 0x6C23, 0x6C23, 0x6C23, 0x6C23, 0x6C23, 0x6C23, 0x6C23, 
  0x6C23, 0x6C23, 0x6C23, 0x6C23, 0x6C23, 0x6C23, 0x6C23, 0x6C23, 0x6C23, 0x6C23, 0x6C23, 0x6C23, 0x6C23, 0x6C23, 0x6C23, 0x6C23, 
  0x6C23, 0x6C23, 0x6C23, 0x6C23, 0x6C23, 0x6C23, 0x6C23, 0x6C23, 0x6C23, 0x6C23, 0x6C23, 0x6C23, 0x6C23, 0x6C23, 0x6C23, 0x6D23, 
  0x6C23, 0x6B23, 0x6C1B, 0x6E3B, 0x1AC4, 0x9FEB, 0x7DCB, 0x7FFF, 0xBFEE, 0x1DC3, 0xBFEB, 0xDFE3, 0xDFE3, 0xBEEB, 0xFFEB, 0xD482, 
  0x2A42, 0x6A4A, 0x6B42, 0x8B4A, 0x6B4A, 0xE839, 0x917A, 0x1FE4, 0x5DD3, 0xFEED, 0xDEDC, 0xBFC2, 0xFFCA, 0xDECA, 0xFECA, 0x9FDB, 
  0xDFE3, 0xDFE3, 0xBFE3, 0xBFE3, 0xDFE3, 0xDFEB, 0xDFEB, 0xFFF3, 0xFFEB, 0xFFEB, 0xFFE3, 0xDED3, 0x9BC3, 0x7AB3, 0xF7A2, 0xD7A2, 
  0xD9AA, 0x3CC3, 0x9EE3, 0x7FE3, 0x9FE3, 0x9FDB, 0x5FD3, 0x3FD3, 0x1ECB, 0x3ECB, 0xBEDB, 0xFEDB, 0x3EDC, 0x3ED4, 0x1ED4, 0xDED3, 
  0x9DD3, 0x5AC3, 0xF8AA, 0x9592, 0x7282, 0x5172, 0x0E62, 0x2C52, 0xAE52, 0x6E52, 0x6C4A, 0xAC4A, 0x4A42, 0x293A, 0x293A, 0x283A, 
  0x283A, 0x2942, 0x4A42, 0x4A42, 0x8B4A, 0x4A4A, 0x2A42, 0x8C4A, 0xEF5A, 0xAD52, 0xAE4A, 0x8C4A, 0x4942, 0x2942, 0x2B4A, 0x2B4A, 
  0xF482, 0xBDCB, 0xBFE3, 0x1FD3, 0xFEC2, 0xFFCA, 0xFFCA, 0xDEC2, 0x1ECB, 0xBEDC, 0x5EEE, 0x1FF7, 0x3FF7, 0xFFF6, 0x3DDD, 0xFEC2, 
  0xFFD2, 0xBFE3, 0xFFEB, 0xF48A, 0x2D52, 0x59BB, 0xFFF3, 0xDFEB, 0x9FDB, 0xDECA, 0x1FD3, 0x9FE3, 0xFFF3, 0x1FEC, 0x7ABB, 0x517A, 
  0x2A42, 0xAA3A, 0x5072, 0xDFE3, 0xBFE3, 0xDFE3, 0x1ECB, 0xDEE5, 0xFFFF, 0xFFFF, 0xDEE5, 0x1ECB, 0xDFE3, 0xDFDB, 0xFFE3, 0x5EDB, 
  0xFEE5, 0xBDD4, 0x5153, 0x6B1B, 0x6C23, 0x6C23, 0x6C23, 0x6C23, 0x6C23, 0x6C23, 0x6C23, 0x6C23, 0x6C23, 0x6C23, 0x6C23, 0x6C23, 
  0x6C23, 0x6C23, 0x6C23, 0x6C23, 0x6C23, 0x6C23, 0x6C23, 0x6C23, 0x6C23, 0x6C23, 0x6C23, 0x6C23, 0x6C23, 0x6C23, 0x6C23, 0x6C23, 
  0x6C23, 0x6C23, 0x6C23, 0x6C23, 0x6C23, 0x6C23, 0x6C23, 0x6C23, 0x6C23, 0x6C23, 0x6C23, 0x6C23, 0x6C23, 0x6C23, 0x6C23, 0x6C23, 
  0x6C23, 0x6C23, 0x6C23, 0x6C23, 0x6C23, 0x6C23, 0x6C23, 0x6C23, 0x6C23, 0x6C23, 0x6C23, 0x6C23, 0x6C23, 0x6C23, 0x6C23, 0x6C23, 
  0x6C23, 0x6C23, 0x6C23, 0x6C23, 0x6C23, 0x6C23, 0x6C23, 0x6C23, 0x6C23, 0x6C23, 0x6C23, 0x6C23, 0x6C23, 0x6C23, 0x6C23, 0x6C23, 
  0x6C23, 0x6C23, 0x6C23, 0x6C23, 0x6C23, 0x6C23, 0x6C23, 0x6C23, 0x6C23, 0x6C23, 0x6C23, 0x6C23, 0x6C23, 0x6C23, 0x6C23, 0x6C23, 
  0x6C23, 0x6C23, 0x2B23, 0xF793, 0x1FEC, 0x3ED3, 0x1EEE, 0xFFFF, 0xBDCB, 0x7FDB, 0xDFE3, 0xBFEB, 0xDFE3, 0xFFEB, 0xD492, 0x2A42, 
  0x6A42, 0x4B42, 0x8C4A, 0x4942, 0x4A42, 0xE939, 0x17A3, 0xDFEB, 0xDDCB, 0xDFFF, 0xBEDC, 0xBFC2, 0xFFCA, 0xFFCA, 0x7EDB, 0xDFE3, 
  0xFFE3, 0xFFE3, 0xDFDB, 0xBFDB, 0x9FDB, 0x9FDB, 0xBFDB, 0xBFDB, 0xDFE3, 0xDFE3, 0xDFE3, 0xDFEB, 0xFFEB, 0xFFEB, 0x1FEC, 0xFFE3, 
  0xFFE3, 0xDFDB, 0xFFDB, 0xFFE3, 0xFFE3, 0xFFE3, 0xDFE3, 0xDFEB, 0xDFE3, 0xBFE3, 0xBFDB, 0xBEDB, 0xBFDB, 0xBFDB, 0xBFE3, 0x7ED3, 
  0xD8AA, 0xB48A, 0x907A, 0x2F6A, 0x2E62, 0x2B52, 0x0B4A, 0x2D52, 0x9062, 0x8E52, 0x0B3A, 0x2C52, 0x2E62, 0xB172, 0xF382, 0xF492, 
  0xD392, 0x9182, 0x706A, 0x4D52, 0xE839, 0x2942, 0x4B4A, 0x4A42, 0x8C4A, 0x8E52, 0x2C4A, 0x2A4A, 0x2A42, 0xAD4A, 0xAD4A, 0x6C4A, 
  0x2B42, 0xEC51, 0xD492, 0xDEDB, 0x9FDB, 0xFFCA, 0xDECA, 0xFECA, 0xFFCA, 0xFEC2, 0xFEBA, 0x1EC3, 0x3EC3, 0xFEC2, 0xBEC2, 0xDFC2, 
  0x9FD3, 0xFFE3, 0xBED3, 0xEF59, 0x379B, 0xDFEB, 0xDFE3, 0x7FDB, 0x1DC3, 0xDEDC, 0xDED4, 0x5DC3, 0x1FCB, 0xDEDB, 0x1FE4, 0x1FDC, 
  0x159B, 0x2E4A, 0x59B3, 0xFFEB, 0xBEE3, 0xDFE3, 0x1EC3, 0x5EE6, 0xFFFF, 0xFFFF, 0x7DCC, 0x5FDB, 0xFFE3, 0xDFDB, 0xFFE3, 0x5ED3, 
  0x3EEE, 0x1EDD, 0x7363, 0x6B1B, 0x6C23, 0x6C23, 0x6C23, 0x6C23, 0x6C23, 0x6C23, 0x6C23, 0x6C23, 0x6C23, 0x6C23, 0x6C23, 0x6C23, 
  0x6C23, 0x6C23, 0x6C23, 0x6C23, 0x6C23, 0x6C23, 0x6C23, 0x6C23, 0x6C23, 0x6C23, 0x6C23, 0x6C23, 0x6C23, 0x6C23, 0x6C23, 0x6C23, 
  0x6C23, 0x6C23, 0x6C23, 0x6C23, 0x6C23, 0x6C23, 0x6C23, 0x6C23, 0x6C23, 0x6C23, 0x6C23, 0x6C23, 0x6C23, 0x6C23, 0x6C23, 0x6C23, 
  0x6C23, 0x6C23, 0x6C23, 0x6C23, 0x6C23, 0x6C23, 0x6C23, 0x6C23, 0x6C23, 0x6C23, 0x6C23, 0x6C23, 0x6C23, 0x6C23, 0x6C23, 0x6C23, 
  0x6C23, 0x6C23, 0x6C23, 0x6C23, 0x6C23, 0x6C23, 0x6C23, 0x6C23, 0x6C23, 0x6C23, 0x6C23, 0x6C23, 0x6C23, 0x6C23, 0x6C23, 0x6C23, 
  0x6C23, 0x6C23, 0x6C23, 0x6C23, 0x6C23, 0x6C23, 0x6C23, 0x6C23, 0x6C23, 0x6C23, 0x6C23, 0x6C23, 0x6C23, 0x6C23, 0x6C23, 0x6C23, 
  0x8B23, 0x6B1B, 0xB14B, 0x1EDC, 0x7FE3, 0x3DD4, 0xFFFF, 0x1EDD, 0x1ED3, 0x1FE4, 0xBFE3, 0xBFE3, 0x1FEC, 0x38AB, 0x2B4A, 0x6B4A, 
  0x8F5A, 0x6C52, 0x4C4A, 0x8C4A, 0x6A4A, 0x6E5A, 0xDDCB, 0x7FDB, 0x1EDD, 0xFFFF, 0xBED3, 0xBEC2, 0x5ED3, 0xBFE3, 0xDFEB, 0x9FE3, 
  0x9FDB, 0x9FDB, 0x5EE4, 0xFEEC, 0x3EED, 0x1EE5, 0x9FE4, 0x1FDC, 0xBEDB, 0x9EDB, 0x9EE3, 0xDFE3, 0xBFE3, 0x1ECB, 0xFECA, 0xFFD2, 
  0x1ED3, 0x1ECB, 0x1FCB, 0x3FCB, 0x3FD3, 0x5FD3, 0x7FDB, 0x9FDB, 0x9FE3, 0xBFE3, 0xDFE3, 0xDFE3, 0xDFE3, 0xFFE3, 0xFFE3, 0xDFE3, 
  0xDFE3, 0xFFE3, 0x1FE4, 0xFFE3, 0xFFE3, 0xBDD3, 0x9CCB, 0x7DCB, 0x9592, 0xF592, 0x39AB, 0x5CBB, 0xBED3, 0xBEDB, 0x79BB, 0x35A3, 
  0xF492, 0x1593, 0x56A3, 0x57B3, 0x36A3, 0xD282, 0x2C52, 0xC939, 0x0A4A, 0x8B52, 0x4B42, 0x6C4A, 0x4B42, 0xAD4A, 0xCE52, 0x8E52, 
  0xAD52, 0x8C4A, 0x4C42, 0x4E62, 0x37B3, 0xDFDB, 0x3FD3, 0xDFCA, 0xFFC2, 0x1FCB, 0x5FDB, 0x5FDB, 0x3FD3, 0x1FD3, 0xDFCA, 0x5FD3, 
  0xFFE3, 0xDFE3, 0x9DD3, 0x39B3, 0xFFE3, 0xDFE3, 0xBFE3, 0xDECA, 0xDEE5, 0xFFFF, 0xFFFF, 0x1FF7, 0x3DD4, 0xBEC2, 0x7FDB, 0xFFE3, 
  0xFFE3, 0x9BBB, 0xDFDB, 0xDFE3, 0xBFE3, 0xBFE3, 0x3EC3, 0xDFF6, 0xFFFF, 0x3FFF, 0x7DC3, 0x9FE3, 0xDFE3, 0xDFDB, 0xFFE3, 0x5ED3, 
  0x5EEE, 0x5EE5, 0x1263, 0x6B1B, 0x6C23, 0x6C23, 0x6C23, 0x6C23, 0x6C23, 0x6C23, 0x6C23, 0x6C23, 0x6C23, 0x6C23, 0x6C23, 0x6C23, 
  0x6C23, 0x6C23, 0x6C23, 0x6C23, 0x6C23, 0x6C23, 0x6C23, 0x6C23, 0x6C23, 0x6C23, 0x6C23, 0x6C23, 0x6C23, 0x6C23, 0x6C23, 0x6C23, 
  0x6C23, 0x6C23, 0x6C23, 0x6C23, 0x6C23, 0x6C23, 0x6C23, 0x6C23, 0x6C23, 0x6C23, 0x6C23, 0x6C23, 0x6C23, 0x6C23, 0x6C23, 0x6C23, 
  0x6C23, 0x6C23, 0x6C23, 0x6C23, 0x6C23, 0x6C23, 0x6C23, 0x6C23, 0x6C23, 0x6C23, 0x6C23, 0x6C23, 0x6C23, 0x6C23, 0x6C23, 0x6C23, 
  0x6C23, 0x6C23, 0x6C23, 0x6C23, 0x6C23, 0x6C23, 0x6C23, 0x6C23, 0x6C23, 0x6C23, 0x6C23, 0x6C23, 0x6C23, 0x6C23, 0x6C23, 0x6C23, 
  0x6C23, 0x6C23, 0x6C23, 0x6C23, 0x6C23, 0x6C23, 0x6C23, 0x6C23, 0x6C23, 0x6C23, 0x6C23, 0x6C23, 0x6C23, 0x6C23, 0x6C23, 0x6C23, 
  0x8B1B, 0x4D2B, 0x1AAC, 0xFFEB, 0x1DCB, 0x7EEE, 0xBFF6, 0xFECA, 0xDFE3, 0xDFE3, 0xBFE3, 0xFFEB, 0x9AC3, 0x2C52, 0x8B42, 0x8D52, 
  0xAE5A, 0x6C4A, 0x6C4A, 0x6C4A, 0x2B42, 0xD592, 0x1FEC, 0x5DCB, 0xBEEE, 0xBFEE, 0xDDBA, 0x5FDB, 0xFFEB, 0xFED3, 0x9BC3, 0x19B3, 
  0xF8AA, 0xF8A2, 0xDABB, 0xBBCC, 0x1ACD, 0xBBDD, 0x3DEE, 0x9FF6, 0x5FFE, 0xBFF5, 0x9FE4, 0xFEDB, 0xDFDB, 0xDFDB, 0x5ECB, 0xFFC2, 
  0xFFC2, 0xFFC2, 0xFFCA, 0xDFCA, 0xDFCA, 0xDFC2, 0xFFCA, 0xDFCA, 0xFFCA, 0xFFCA, 0xFFCA, 0x1FCB, 0x3FCB, 0x7FD3, 0xBFDB, 0xDFE3, 
  0xDFEB, 0xDFE3, 0xDFDB, 0xBFD3, 0x9FD3, 0xFEE3, 0x9EEC, 0x9FED, 0x1FF6, 0xBFED, 0xBBC3, 0xD7A2, 0x927A, 0x6D52, 0x2B4A, 0x0A42, 
  0x293A, 0x4B42, 0x0A42, 0x2B52, 0xF282, 0xBABB, 0xDCCB, 0x38AB, 0x706A, 0x2B4A, 0xAC4A, 0xCC4A, 0x8C4A, 0x8C4A, 0xEE52, 0xAE52, 
  0xAE52, 0x8D4A, 0x6C42, 0x4A42, 0xEB49, 0xB27A, 0xFDD3, 0x7FDB, 0xDECA, 0xFFCA, 0x1FCB, 0x5FD3, 0xDFE3, 0xFFE3, 0xBFDB, 0xDFE3, 
  0xBFEB, 0xBFE3, 0xDFE3, 0xFFEB, 0xBFE3, 0xDFE3, 0xDECA, 0x7DD4, 0xFFFF, 0xFFFF, 0xBFFF, 0xFEFF, 0xBFFF, 0x3ED4, 0xBEC2, 0x9FE3, 
  0xDFE3, 0x1FE4, 0xDFE3, 0xDFE3, 0xBFEB, 0xBFDB, 0xBECB, 0x7FFF, 0xFFFF, 0x1EE6, 0x1ECB, 0xFFE3, 0xDFE3, 0xDFDB, 0xFFE3, 0x5ED3, 
  0x7EEE, 0xBFED, 0x336B, 0x6B1B, 0x6C23, 0x6C23, 0x6C23, 0x6C23, 0x6C23, 0x6C23, 0x6C23, 0x6C23, 0x6C23, 0x6C23, 0x6C23, 0x6C23, 
  0x6C23, 0x6C23, 0x6C23, 0x6C23, 0x6C23, 0x6C23, 0x6C23, 0x6C23, 0x6C23, 0x6C23, 0x6C23, 0x6C23, 0x6C23, 0x6C23, 0x6C23, 0x6C23, 
  0x6C23, 0x6C23, 0x6C23, 0x6C23, 0x6C23, 0x6C23, 0x6C23, 0x6C23, 0x6C23, 0x6C23, 0x6C23, 0x6C23, 0x6C23, 0x6C23, 0x6C23, 0x6C23, 
  0x6C23, 0x6C23, 0x6C23, 0x6C23, 0x6C23, 0x6C23, 0x6C23, 0x6C23, 0x6C23, 0x6C23, 0x6C23, 0x6C23, 0x6C23, 0x6C23, 0x6C23, 0x6C23, 
  0x6C23, 0x6C23, 0x6C23, 0x6C23, 0x6C23, 0x6C23, 0x6C23, 0x6C23, 0x6C23, 0x6C23, 0x6C23, 0x6C23, 0x6C23, 0x6C23, 0x6C23, 0x6C23, 
  0x6C23, 0x6C23, 0x6C23, 0x6C23, 0x6C23, 0x6C23, 0x6C23, 0x6C23, 0x6C23, 0x6C23, 0x6C23, 0x6C23, 0x6C23, 0x6C23, 0x6C23, 0x6C23, 
  0x4C1B, 0x925B, 0x1EEC, 0x7FDB, 0x5ECC, 0x9FFF, 0xDDCB, 0x7FE3, 0xDFE3, 0xBFEB, 0xDFE3, 0xDDDB, 0x2E62, 0x4A42, 0x6C42, 0x8D52, 
  0xAD4A, 0xAD4A, 0xAD52, 0x8C4A, 0x4D52, 0x9BD3, 0xBFEB, 0x3ECB, 0xDEED, 0xBCCB, 0x5ED3, 0xFEDB, 0x379B, 0xB16A, 0x8F5A, 0x0B4A, 
  0xE941, 0x4B4A, 0x2C42, 0x4D4A, 0xEB41, 0x6E52, 0x7062, 0xD172, 0xD59B, 0xB8BC, 0x9DDD, 0x5EED, 0xFEDB, 0x3FD3, 0x9FDB, 0x7FDB, 
  0x3FD3, 0xFFCA, 0xFFCA, 0xFFCA, 0xFFCA, 0xFFCA, 0xFFCA, 0xFFCA, 0xDFCA, 0xFFCA, 0xFFCA, 0xFFC2, 0xFEC2, 0xFECA, 0x1FCB, 0x3FD3, 
  0x1ED3, 0x7ED3, 0x1DD4, 0x1EE5, 0x5FF6, 0x1FFF, 0xDFF6, 0xBBD5, 0xD6A3, 0xB172, 0x8E52, 0x6C4A, 0x2A42, 0x4A42, 0x8D4A, 0xAD52, 
  0x6A4A, 0x2942, 0x4B4A, 0x4A42, 0xE941, 0xEA49, 0xD482, 0x7BBB, 0x9FD3, 0x3CBB, 0x9482, 0xEB41, 0x6D4A, 0xD052, 0xAD4A, 0x6B4A, 
  0x6A4A, 0x6B4A, 0x4C52, 0x727B, 0xAE52, 0x4B42, 0xB062, 0xDBBB, 0x9FE3, 0xDFD2, 0xFFC2, 0xFEC2, 0xFECA, 0x7FE3, 0xDFE3, 0xBFE3, 
  0xDFEB, 0xDFE3, 0xDFDB, 0xDFE3, 0xDFE3, 0x5FDB, 0xFDBA, 0xBFEE, 0xFFFF, 0xFFFF, 0xFFFF, 0xFFFF, 0xFFFF, 0xFFF6, 0x1DBB, 0x3FD3, 
  0xDFE3, 0xDEE3, 0xDFE3, 0xDFE3, 0xFFE3, 0x3ED3, 0x3DCC, 0xDFFF, 0xFFFF, 0xFEDC, 0x3ED3, 0xFFE3, 0xDFE3, 0xDFE3, 0xDFE3, 0x7EDB, 
  0x7EEE, 0x3FF6, 0x767B, 0x6B1B, 0x6C23, 0x6C23, 0x6C23, 0x6C23, 0x6C23, 0x6C23, 0x6C23, 0x6C23, 0x6C23, 0x6C23, 0x6C23, 0x6C23, 
  0x6C23, 0x6C23, 0x6C23, 0x6C23, 0x6C23, 0x6C23, 0x6C23, 0x6C23, 0x6C23, 0x6C23, 0x6C23, 0x6C23, 0x6C23, 0x6C23, 0x6C23, 0x6C23, 
  0x6C23, 0x6C23, 0x6C23, 0x6C23, 0x6C23, 0x6C23, 0x6C23, 0x6C23, 0x6C23, 0x6C23, 0x6C23, 0x6C23, 0x6C23, 0x6C23, 0x6C23, 0x6C23, 
  0x6C23, 0x6C23, 0x6C23, 0x6C23, 0x6C23, 0x6C23, 0x6C23, 0x6C23, 0x6C23, 0x6C23, 0x6C23, 0x6C23, 0x6C23, 0x6C23, 0x6C23, 0x6C23, 
  0x6C23, 0x6C23, 0x6C23, 0x6C23, 0x6C23, 0x6C23, 0x6C23, 0x6C23, 0x6C23, 0x6C23, 0x6C23, 0x6C23, 0x6C23, 0x6C23, 0x6C23, 0x6C23, 
  0x6C23, 0x6C23, 0x6C23, 0x6C23, 0x6C23, 0x6C23, 0x6C23, 0x6C23, 0x6C23, 0x6C23, 0x6C23, 0x6C23, 0x6C23, 0x6C23, 0x6C23, 0x6C23, 
  0x4B1B, 0xD693, 0x1FEC, 0x1ECB, 0x5FF6, 0x5DDD, 0x1ED3, 0xDFEB, 0xBFE3, 0xBFE3, 0xFFE3, 0x717A, 0x2942, 0x6B4A, 0xAD4A, 0x8D4A, 
  0x8D4A, 0x8B4A, 0x8C4A, 0x6C42, 0xB072, 0xDFEB, 0x9FE3, 0x1EC3, 0xFDC2, 0x3FDB, 0xDEDB, 0x9172, 0x6C4A, 0xAE4A, 0xCF52, 0x8C4A, 
  0x6C4A, 0xAD4A, 0x6B42, 0xAC52, 0x6C4A, 0xF052, 0xCF52, 0x4B42, 0x2B3A, 0x2F52, 0xF161, 0xF8AA, 0x9DD3, 0x7FD3, 0x3FD3, 0x3ED3, 
  0x3FDB, 0x1FD3, 0xDFC2, 0xFFC2, 0xFFCA, 0xFFCA, 0xFFCA, 0xFFCA, 0xFFCA, 0xFFC2, 0xFFC2, 0xFFC2, 0x3ED3, 0x1FD3, 0xBFCA, 0xDEC2, 
  0x5ED4, 0x5FF6, 0x7FFF, 0x1FFF, 0xBCDD, 0x15A4, 0xB072, 0xCB51, 0xC941, 0x6B4A, 0x6B42, 0x4A42, 0x6B4A, 0x2A42, 0x4C52, 0x8D52, 
  0x2B42, 0x0A42, 0x8B52, 0x6B4A, 0x4B4A, 0x4C4A, 0x8C4A, 0x0A42, 0x7072, 0x3AB3, 0x5FED, 0xD9C4, 0xD372, 0xB152, 0xAD4A, 0x6A42, 
  0x4A42, 0x4942, 0x4B4A, 0x8E52, 0x4D4A, 0x6C4A, 0x0942, 0xEB49, 0xF59A, 0xDFE3, 0x1FD3, 0xDFC2, 0xFFCA, 0xFFCA, 0x7FDB, 0xDFE3, 
  0xDFE3, 0xBFE3, 0xBFE3, 0xFFDB, 0xFFE3, 0xDFCA, 0x1ECC, 0xDFFF, 0xFFFF, 0xFFFF, 0xFFFF, 0xFFFF, 0xFFFF, 0xDFFF, 0xFDD3, 0xDFCA, 
  0xDFE3, 0xDFE3, 0xDFE3, 0xDFE3, 0xDFE3, 0xDECA, 0x5EDD, 0xFFFF, 0xFFFF, 0x1ED4, 0x7FDB, 0xDFE3, 0xDFE3, 0xDFE3, 0xDFE3, 0x7EDB, 
  0x5EEE, 0x9FF6, 0x778B, 0x4C23, 0x6C23, 0x6C23, 0x6C23, 0x6C23, 0x6C23, 0x6C23, 0x6C23, 0x6C23, 0x6C23, 0x6C23, 0x6C23, 0x6C23, 
  0x6C23, 0x6C23, 0x6C23, 0x6C23, 0x6C23, 0x6C23, 0x6C23, 0x6C23, 0x6C23, 0x6C23, 0x6C23, 0x6C23, 0x6C23, 0x6C23, 0x6C23, 0x6C23, 
  0x6C23, 0x6C23, 0x6C23, 0x6C23, 0x6C23, 0x6C23, 0x6C23, 0x6C23, 0x6C23, 0x6C23, 0x6C23, 0x6C23, 0x6C23, 0x6C23, 0x6C23, 0x6C23, 
  0x6C23, 0x6C23, 0x6C23, 0x6C23, 0x6C23, 0x6C23, 0x6C23, 0x6C23, 0x6C23, 0x6C23, 0x6C23, 0x6C23, 0x6C23, 0x6C23, 0x6C23, 0x6C23, 
  0x6C23, 0x6C23, 0x6C23, 0x6C23, 0x6C23, 0x6C23, 0x6C23, 0x6C23, 0x6C23, 0x6C23, 0x6C23, 0x6C23, 0x6C23, 0x6C23, 0x6C23, 0x6C23, 
  0x6C23, 0x6C23, 0x6C23, 0x6C23, 0x6C23, 0x6C23, 0x6C23, 0x6C23, 0x6C23, 0x6C23, 0x6C23, 0x6C23, 0x6C23, 0x6C23, 0x6C23, 0x6B1B, 
  0x8E33, 0x3CCC, 0x7FE3, 0x3DCC, 0x3EEE, 0x3DCB, 0xDFE3, 0xDEE3, 0xBFE3, 0x1FE4, 0xD59A, 0x0B42, 0x8B4A, 0x8C4A, 0xAD52, 0x6C4A, 
  0x8C4A, 0x4B4A, 0x8C4A, 0x4B4A, 0xF592, 0x3FEC, 0x5FD3, 0xDECA, 0x5FE3, 0xBDDB, 0xB172, 0xAE4A, 0xCE52, 0x8C4A, 0xAC4A, 0x8B4A, 
  0x8D52, 0xCE52, 0xAD52, 0xEE52, 0xCE4A, 0xAE52, 0x0F5B, 0x6D4A, 0xD482, 0xBCBB, 0x7BCB, 0xBDDB, 0xBFEB, 0xFFEB, 0xFFEB, 0xDFEB, 
  0xBFE3, 0x9FE3, 0x7FDB, 0x3FD3, 0x1FCB, 0xDFCA, 0xDFCA, 0xFFCA, 0xFFCA, 0xFFCA, 0xDFCA, 0x5FDB, 0x3FD3, 0xBEC2, 0x1DCC, 0xBFF6, 
  0xBFFF, 0x3CDE, 0xD5AB, 0x4D6A, 0xC941, 0xEA41, 0x2942, 0x0832, 0x116B, 0xD16A, 0xAE5A, 0x4B4A, 0x2A42, 0x8C4A, 0x6B4A, 0xEF5A, 
  0x6C4A, 0x4A42, 0x8B42, 0x6C4A, 0xCF52, 0xCF5A, 0x294A, 0x2A42, 0x2942, 0x094A, 0xF382, 0xDEED, 0xDFF6, 0x37A4, 0x7062, 0x4B42, 
  0xAC4A, 0x8B4A, 0x6942, 0x293A, 0xAF62, 0xF16A, 0x0A42, 0x0842, 0x083A, 0x9072, 0xBDCB, 0x3FDB, 0xDFCA, 0x1FCB, 0xFFC2, 0x9FDB, 
  0xDFE3, 0xDFE3, 0xDFE3, 0xDFE3, 0xBFE3, 0x9EC2, 0x7EE5, 0xFFFF, 0xDFFF, 0xFFFF, 0xFFFF, 0xFFFF, 0xDFFF, 0xFFFF, 0x9EDC, 0xDFC2, 
  0xBFE3, 0xDFE3, 0xDFE3, 0xDFE3, 0xDFE3, 0xDEC2, 0x5FEE, 0xFFFF, 0x9FFF, 0xBECB, 0xBFDB, 0xDFE3, 0xDFE3, 0xDFE3, 0xFFE3, 0x7ED3, 
  0x1DE6, 0xFFFE, 0xB89B, 0x6C2B, 0x6C23, 0x6C23, 0x6C23, 0x6C23, 0x6C23, 0x6C23, 0x6C23, 0x6C23, 0x6C23, 0x6C23, 0x6C23, 0x6C23, 
  0x6C23, 0x6C23, 0x6C23, 0x6C23, 0x6C23, 0x6C23, 0x6C23, 0x6C23, 0x6C23, 0x6C23, 0x6C23, 0x6C23, 0x6C23, 0x6C23, 0x6C23, 0x6C23, 
  0x6C23, 0x6C23, 0x6C23, 0x6C23, 0x6C23, 0x6C23, 0x6C23, 0x6C23, 0x6C23, 0x6C23, 0x6C23, 0x6C23, 0x6C23, 0x6C23, 0x6C23, 0x6C23, 
  0x6C23, 0x6C23, 0x6C23, 0x6C23, 0x6C23, 0x6C23, 0x6C23, 0x6C23, 0x6C23, 0x6C23, 0x6C23, 0x6C23, 0x6C23, 0x6C23, 0x6C23, 0x6C23, 
  0x6C23, 0x6C23, 0x6C23, 0x6C23, 0x6C23, 0x6C23, 0x6C23, 0x6C23, 0x6C23, 0x6C23, 0x6C23, 0x6C23, 0x6C23, 0x6C23, 0x6C23, 0x6C23, 
  0x6C23, 0x6C23, 0x6C23, 0x6C23, 0x6C23, 0x6C23, 0x6C23, 0x6C23, 0x6C23, 0x6C23, 0x6C23, 0x6C23, 0x6C23, 0x6C23, 0x8C23, 0x6B13, 
  0xB373, 0xFFEB, 0x1ED3, 0x5EE5, 0xFECB, 0x7FE3, 0xDFEB, 0xBEE3, 0xFFEB, 0x9ABB, 0x2C4A, 0xAC4A, 0x8C4A, 0x6B42, 0x8C4A, 0x8C4A, 
  0x6C4A, 0x4B4A, 0x4B4A, 0x4B42, 0x37A3, 0xFFEB, 0x9FDB, 0xBFEB, 0xBCD3, 0x906A, 0xAD4A, 0xAD52, 0x6C42, 0x2A42, 0x4B4A, 0x2B4A, 
  0x6D52, 0xAD52, 0x6C4A, 0x8E4A, 0xCE4A, 0x6B42, 0x6C4A, 0xD47A, 0xFEDB, 0xFFEB, 0xDFEB, 0xDFEB, 0xBFE3, 0x7FDB, 0x5FD3, 0x3FDB, 
  0x5FDB, 0x9FDB, 0xBFDB, 0xBFDB, 0xBFDB, 0x9FDB, 0x1FD3, 0xFFCA, 0xFFC2, 0xDFCA, 0x5ED3, 0x7FDB, 0x9EC2, 0xDDDC, 0xFFFF, 0x7FEE, 
  0x569B, 0x0D5A, 0xA941, 0x083A, 0x8B4A, 0x8E5A, 0x0A4A, 0x2942, 0x8D52, 0x6D52, 0x8C4A, 0x6B4A, 0x6B4A, 0x4A42, 0x4C42, 0x8C52, 
  0x6B42, 0xD162, 0x4E5A, 0x8C4A, 0x6B42, 0x2A42, 0x4B4A, 0x2A4A, 0x2A42, 0x6B4A, 0x0A42, 0xEE59, 0x9AC4, 0x9FFF, 0xDBD5, 0x5072, 
  0x4D4A, 0x8B4A, 0x294A, 0x4A4A, 0x6D4A, 0x4C4A, 0x2942, 0x4A42, 0x8B4A, 0x4A42, 0x4E62, 0x9ABB, 0x9FDB, 0xDFCA, 0xDFCA, 0xFFCA, 
  0x9FDB, 0xDFE3, 0xDFE3, 0xDFE3, 0x9FE3, 0x9FC2, 0x3FEE, 0xFFFF, 0xDEFF, 0xFFFF, 0xFFFF, 0xFFFF, 0xFFFF, 0xFFFF, 0x7ED4, 0xDFC2, 
  0xDFE3, 0xDFE3, 0xDFE3, 0xDFE3, 0xBFE3, 0x1ECB, 0xFFF6, 0xFFFF, 0x3FF7, 0x7DCB, 0xBFE3, 0xDFE3, 0xDFE3, 0xDFE3, 0xFFE3, 0x7ED3, 
  0xDDE5, 0x5FFF, 0xB893, 0x2D2B, 0x6C23, 0x6C23, 0x6C23, 0x6C23, 0x6C23, 0x6C23, 0x6C23, 0x6C23, 0x6C23, 0x6C23, 0x6C23, 0x6C23, 
  0x6C23, 0x6C23, 0x6C23, 0x6C23, 0x6C23, 0x6C23, 0x6C23, 0x6C23, 0x6C23, 0x6C23, 0x6C23, 0x6C23, 0x6C23, 0x6C23, 0x6C23, 0x6C23, 
  0x6C23, 0x6C23, 0x6C23, 0x6C23, 0x6C23, 0x6C23, 0x6C23, 0x6C23, 0x6C23, 0x6C23, 0x6C23, 0x6C23, 0x6C23, 0x6C23, 0x6C23, 0x6C23, 
  0x6C23, 0x6C23, 0x6C23, 0x6C23, 0x6C23, 0x6C23, 0x6C23, 0x6C23, 0x6C23, 0x6C23, 0x6C23, 0x6C23, 0x6C23, 0x6C23, 0x6C23, 0x6C23, 
  0x6C23, 0x6C23, 0x6C23, 0x6C23, 0x6C23, 0x6C23, 0x6C23, 0x6C23, 0x6C23, 0x6C23, 0x6C23, 0x6C23, 0x6C23, 0x6C23, 0x6C23, 0x6C23, 
  0x6C23, 0x6C23, 0x6C23, 0x6C23, 0x6C23, 0x6C23, 0x6C23, 0x6C23, 0x6C23, 0x6C23, 0x6C23, 0x6C23, 0x6C23, 0x6C23, 0x6C23, 0x4C2B, 
  0xFAB3, 0xBFEB, 0x5ECB, 0x1DD4, 0x5ED3, 0xDFEB, 0xBFE3, 0xDFE3, 0xDDD3, 0x2E62, 0x6A42, 0x6B4A, 0x8D4A, 0x6C4A, 0x8D4A, 0xCE52, 
  0x8D4A, 0xCE5A, 0x8B4A, 0x4C4A, 0x5AB3, 0x1FF4, 0xFEDB, 0x78AB, 0x2E5A, 0x4C42, 0xAC4A, 0x6C42, 0x6C4A, 0x4A4A, 0x6A4A, 0x8D52, 
  0xB052, 0x105B, 0x8C4A, 0x6B42, 0x0B42, 0x5072, 0x79B3, 0xFFE3, 0xDFE3, 0xFFE3, 0xDFEB, 0xBFE3, 0xDFE3, 0x9FDB, 0x5FD3, 0x3FD3, 
  0xFFCA, 0xDFC2, 0x1ECB, 0xDEDB, 0xBED3, 0x7ED3, 0x1FD3, 0xFFCA, 0xDFC2, 0xFFCA, 0xDEE3, 0xFEC2, 0x7ED4, 0xFFFF, 0xFDDD, 0x516A, 
  0x6D4A, 0xED52, 0xCD4A, 0x8C4A, 0x2C4A, 0xAE5A, 0x6A4A, 0x4A4A, 0x4B4A, 0x8C42, 0x6C42, 0x8D52, 0x6B4A, 0x6B4A, 0x4B42, 0x8C52, 
  0x6C4A, 0x6F5A, 0x59B3, 0x58AB, 0x6F6A, 0x0C4A, 0x6D4A, 0xCB4A, 0x8B4A, 0x4B42, 0x494A, 0x0942, 0x0D52, 0xD8B3, 0x1FFF, 0xDEF6, 
  0x148B, 0xCA41, 0x2A4A, 0x6B52, 0x8B4A, 0x6A42, 0x4A4A, 0x4B4A, 0x8D52, 0x4B42, 0x4B42, 0x0C4A, 0x37A3, 0xBFD3, 0xFFCA, 0xDFCA, 
  0xFECA, 0xBFDB, 0xDFE3, 0xDFE3, 0xBFE3, 0xBFC2, 0x1FEE, 0xFFFF, 0xFFFF, 0xFFFF, 0xFFFF, 0xFFFF, 0xFFFF, 0xDFFF, 0xDDCB, 0xFFCA, 
  0xDFE3, 0xBFE3, 0xBFE3, 0xDFEB, 0x9FDB, 0x3ECB, 0x3FFF, 0xFFFF, 0x3FF7, 0x7DCB, 0xDFE3, 0xDFE3, 0xDFE3, 0xDFE3, 0xFFDB, 0x9FDB, 
  0x7EE5, 0xBFFF, 0xD89B, 0x2D2B, 0x8C1B, 0x6C23, 0x6C23, 0x6C23, 0x6C23, 0x6C23, 0x6C23, 0x6C23, 0x6C23, 0x6C23, 0x6C23, 0x6C23, 
  0x6C23, 0x6C23, 0x6C23, 0x6C23, 0x6C23, 0x6C23, 0x6C23, 0x6C23, 0x6C23, 0x6C23, 0x6C23, 0x6C23, 0x6C23, 0x6C23, 0x6C23, 0x6C23, 
  0x6C23, 0x6C23, 0x6C23, 0x6C23, 0x6C23, 0x6C23, 0x6C23, 0x6C23, 0x6C23, 0x6C23, 0x6C23, 0x6C23, 0x6C23, 0x6C23, 0x6C23, 0x6C23, 
  0x6C23, 0x6C23, 0x6C23, 0x6C23, 0x6C23, 0x6C23, 0x6C23, 0x6C23, 0x6C23, 0x6C23, 0x6C23, 0x6C23, 0x6C23, 0x6C23, 0x6C23, 0x6C23, 
  0x6C23, 0x6C23, 0x6C23, 0x6C23, 0x6C23, 0x6C23, 0x6C23, 0x6C23, 0x6C23, 0x6C23, 0x6C23, 0x6C23, 0x6C23, 0x6C23, 0x6C23, 0x6C23, 
  0x6C23, 0x6C23, 0x6C23, 0x6C23, 0x6C23, 0x6C23, 0x6C23, 0x6C23, 0x6C23, 0x6C23, 0x6C23, 0x6C23, 0x6C23, 0x6C23, 0x4B1B, 0x7053, 
  0x1FDC, 0x7FDB, 0xFEC2, 0x1ECB, 0xDFE3, 0xBFE3, 0xBFE3, 0x1EDC, 0x717A, 0x083A, 0x4A42, 0x4B4A, 0x6B42, 0x8C4A, 0x4B4A, 0x6C4A, 
  0x8D4A, 0xAD4A, 0x8C4A, 0x6C4A, 0xD272, 0x15A3, 0x9272, 0x4D4A, 0xCD52, 0x4B4A, 0x6C4A, 0xCF52, 0x8D4A, 0x6B4A, 0xAC52, 0xCD4A, 
  0xF052, 0xCE4A, 0x6C4A, 0x9062, 0x38A3, 0x1FEC, 0xDFFB, 0xFFEB, 0x1EDC, 0x3BCB, 0x5DDB, 0xDFEB, 0xDFE3, 0xDFE3, 0xBFE3, 0xBFDB, 
  0xBFE3, 0xBFDB, 0x9EDB, 0xBEDB, 0xDEDB, 0x5ED3, 0xFECA, 0x1ECB, 0x3FD3, 0xBFE3, 0x7FDB, 0x5DC3, 0x7FFF, 0x5FFF, 0xD282, 0x2A4A, 
  0xCD52, 0x6A42, 0x6B4A, 0x8D52, 0x8D52, 0x6B42, 0x8C4A, 0x6C4A, 0x8B4A, 0x6A42, 0x4A42, 0x4A42, 0x2A42, 0x2A42, 0x4A4A, 0x2A4A, 
  0x4A4A, 0x083A, 0xEC51, 0x7CCB, 0x1FEC, 0x7AB3, 0xB272, 0x4C52, 0x0942, 0x2A42, 0x294A, 0x4A42, 0x4A42, 0xEC51, 0x59B3, 0x7FF6, 
  0x3EF7, 0x738B, 0xAA39, 0x4B4A, 0x2942, 0x4A4A, 0x4A42, 0x6B4A, 0x6B4A, 0x6B42, 0x8C4A, 0x8B4A, 0xCA41, 0xD48A, 0xBED3, 0xFFCA, 
  0xFFC2, 0x1FCB, 0x9FDB, 0xDFE3, 0xDFE3, 0xFECA, 0x7EE5, 0xFFFF, 0xFFFF, 0xFFFF, 0xFFFF, 0xFFFF, 0xFFFF, 0x7FFF, 0x5DC3, 0x3FDB, 
  0xDFEB, 0xBFEB, 0xBFEB, 0xBFEB, 0xBFE3, 0x3EC3, 0x1FF7, 0xFFFF, 0x7FFF, 0xBDCB, 0xBFDB, 0xDFE3, 0xDFE3, 0xBFE3, 0xFFDB, 0x9EDB, 
  0x1EE5, 0xDFFF, 0x1AA4, 0x0D2B, 0x8B1B, 0x6C23, 0x6C23, 0x6C23, 0x6C23, 0x6C23, 0x6C23, 0x6C23, 0x6C23, 0x6C23, 0x6C23, 0x6C23, 
  0x6C23, 0x6C23, 0x6C23, 0x6C23, 0x6C23, 0x6C23, 0x6C23, 0x6C23, 0x6C23, 0x6C23, 0x6C23, 0x6C23, 0x6C23, 0x6C23, 0x6C23, 0x6C23, 
  0x6C23, 0x6C23, 0x6C23, 0x6C23, 0x6C23, 0x6C23, 0x6C23, 0x6C23, 0x6C23, 0x6C23, 0x6C23, 0x6C23, 0x6C23, 0x6C23, 0x6C23, 0x6C23, 
  0x6C23, 0x6C23, 0x6C23, 0x6C23, 0x6C23, 0x6C23, 0x6C23, 0x6C23, 0x6C23, 0x6C23, 0x6C23, 0x6C23, 0x6C23, 0x6C23, 0x6C23, 0x6C23, 
  0x6C23, 0x6C23, 0x6C23, 0x6C23, 0x6C23, 0x6C23, 0x6C23, 0x6C23, 0x6C23, 0x6C23, 0x6C23, 0x6C23, 0x6C23, 0x6C23, 0x6C23, 0x6C23, 
  0x6C23, 0x6C23, 0x6C23, 0x6C23, 0x6C23, 0x6C23, 0x6C23, 0x6C23, 0x6C23, 0x6C23, 0x6C23, 0x6B23, 0x8C1B, 0x6C23, 0x4B23, 0x1794, 
  0xFFEB, 0x1FCB, 0xDFCA, 0x9FDB, 0xFFE3, 0xBEE3, 0x1FEC, 0xF69A, 0x0A42, 0x6A4A, 0x0942, 0x2A42, 0x4A42, 0x8B4A, 0x8B4A, 0x6B4A, 
  0x8C4A, 0x8C4A, 0x8D52, 0xCE52, 0xAC4A, 0x2C4A, 0x1473, 0xF062, 0x4B42, 0x6C4A, 0x6C4A, 0xCD52, 0xCD52, 0x6C42, 0x8D4A, 0xAE52, 
  0xAD52, 0x4C4A, 0x527A, 0xDDCB, 0xDEDB, 0x3AB3, 0xBCCB, 0x369B, 0x5372, 0xF79A, 0xDEDB, 0xFFEB, 0xFFE3, 0xDFDB, 0xBFE3, 0x7FD3, 
  0x5FD3, 0x5FDB, 0x9FDB, 0xBFE3, 0xBFDB, 0xBFDB, 0xBFE3, 0xDFE3, 0xDFE3, 0xDFEB, 0xDFCA, 0x9ED4, 0xFFFF, 0x5CD5, 0xCD51, 0x6B42, 
  0x0A42, 0x4942, 0x6B4A, 0x6C4A, 0x4B42, 0x6B4A, 0x4B4A, 0x293A, 0x4B4A, 0x8C52, 0x4A42, 0x2942, 0x6B4A, 0x4A42, 0x083A, 0x6A42, 
  0x294A, 0x0842, 0x493A, 0xEC59, 0x5BC3, 0x1FF4, 0xDFEB, 0x7BBB, 0x917A, 0x2B4A, 0x2B42, 0x4942, 0xAC4A, 0x4A4A, 0x0C5A, 0x99BB, 
  0x1FF6, 0x7FFF, 0x5593, 0x2C4A, 0x6A4A, 0x2942, 0x293A, 0x4A42, 0xAD52, 0x8C4A, 0x8C4A, 0x2A42, 0x2942, 0x0A4A, 0x917A, 0xDECB, 
  0x1FCB, 0xFFC2, 0xFECA, 0xBFDB, 0xFFE3, 0x5FD3, 0xFDD3, 0xDFFF, 0xFFFF, 0xFFFF, 0xFFFF, 0xFFFF, 0xFFFF, 0x1FF7, 0x1EC3, 0x7FDB, 
  0xDFE3, 0xBFE3, 0xBFEB, 0xBFE3, 0xBFE3, 0x1DCB, 0xBEF6, 0xFFFF, 0xBFFF, 0xFDD3, 0x9FDB, 0xFFE3, 0xDFE3, 0xDFE3, 0xFFE3, 0x9FDB, 
  0xDEDC, 0xFFFF, 0x7CBC, 0x0E33, 0x6B1B, 0x6C23, 0x6C23, 0x6C23, 0x6C23, 0x6C23, 0x6C23, 0x6C23, 0x6C23, 0x6C23, 0x6C23, 0x6C23, 
  0x6C23, 0x6C23, 0x6C23, 0x6C23, 0x6C23, 0x6C23, 0x6C23, 0x6C23, 0x6C23, 0x6C23, 0x6C23, 0x6C23, 0x6C23, 0x6C23, 0x6C23, 0x6C23, 
  0x6C23, 0x6C23, 0x6C23, 0x6C23, 0x6C23, 0x6C23, 0x6C23, 0x6C23, 0x6C23, 0x6C23, 0x6C23, 0x6C23, 0x6C23, 0x6C23, 0x6C23, 0x6C23, 
  0x6C23, 0x6C23, 0x6C23, 0x6C23, 0x6C23, 0x6C23, 0x6C23, 0x6C23, 0x6C23, 0x6C23, 0x6C23, 0x6C23, 0x6C23, 0x6C23, 0x6C23, 0x6C23, 
  0x6C23, 0x6C23, 0x6C23, 0x6C23, 0x6C23, 0x6C23, 0x6C23, 0x6C23, 0x6C23, 0x6C23, 0x6C23, 0x6C23, 0x6C23, 0x6C23, 0x6C23, 0x6C23, 
  0x6C23, 0x6C23, 0x6C23, 0x6C23, 0x6C23, 0x6C23, 0x6C23, 0x6C23, 0x6C23, 0x6C23, 0x6C23, 0x6C23, 0x6C23, 0x6C1B, 0x6E3B, 0x1DD4, 
  0x5FDB, 0xDEC2, 0x3FD3, 0xDFE3, 0xBEE3, 0x1FEC, 0x58AB, 0x0D52, 0xAC4A, 0xCD52, 0xAD4A, 0x8C4A, 0x8C4A, 0x4B42, 0x8C4A, 0x4A42, 
  0x6C4A, 0x6D52, 0x6C4A, 0xCF4A, 0xEE52, 0x9162, 0xDCC3, 0x906A, 0x8C4A, 0x8C4A, 0x8C4A, 0xAD52, 0x8D4A, 0xEF5A, 0xEF52, 0x8E4A, 
  0x8C52, 0xD582, 0x9FDB, 0x3AB3, 0x9162, 0xD05A, 0x4D52, 0x0E62, 0x7ABB, 0x1EE4, 0x7AB3, 0xB48A, 0x6E6A, 0x4E62, 0xD59A, 0xFFDB, 
  0xDFEB, 0xBFE3, 0xBFE3, 0xBFE3, 0xDFE3, 0xDFE3, 0xFFE3, 0xDFE3, 0xDFE3, 0x9FDB, 0xBEC2, 0x9EDD, 0xFFFF, 0x78BC, 0x4D52, 0x6A42, 
  0x2942, 0x6A4A, 0x6B4A, 0x8C4A, 0x6B42, 0x8C4A, 0x4A42, 0x0842, 0x2942, 0x2A42, 0x4A4A, 0x4B4A, 0x6B4A, 0x2942, 0x6A42, 0xAC4A, 
  0x4B42, 0x8D52, 0x0A4A, 0xD17A, 0xD69A, 0x3ABB, 0x9FDB, 0x7FDB, 0x1FE4, 0x78AB, 0x0E5A, 0x283A, 0x2942, 0x2A42, 0x293A, 0x0C5A, 
  0x5ABB, 0x5EF6, 0x1FFF, 0x1593, 0x0B42, 0x4942, 0xE841, 0x6B4A, 0xAE52, 0x8D4A, 0x6B4A, 0x2942, 0x2A42, 0x4A42, 0x093A, 0x5072, 
  0x9DCB, 0x1FCB, 0xFFC2, 0x1FCB, 0xBFE3, 0xFFE3, 0xFECA, 0x5EEE, 0xFFFF, 0xFFFF, 0xFFFF, 0xFFFF, 0xFFFF, 0x3FF7, 0x1ECB, 0xBFE3, 
  0xFFE3, 0xDFE3, 0xDFE3, 0xDFE3, 0xFFE3, 0xFECA, 0x1EE6, 0xFFFF, 0xFFFF, 0x9ED4, 0x5FDB, 0xFFE3, 0xDFDB, 0xDFE3, 0xDFE3, 0xBFDB, 
  0xBEDC, 0xFFFF, 0x9ECC, 0x0F3B, 0x8B1B, 0x6C23, 0x6C23, 0x6C23, 0x6C23, 0x6C23, 0x6C23, 0x6C23, 0x6C23, 0x6C23, 0x6C23, 0x6C23, 
  0x6C23, 0x6C23, 0x6C23, 0x6C23, 0x6C23, 0x6C23, 0x6C23, 0x6C23, 0x6C23, 0x6C23, 0x6C23, 0x6C23, 0x6C23, 0x6C23, 0x6C23, 0x6C23, 
  0x6C23, 0x6C23, 0x6C23, 0x6C23, 0x6C23, 0x6C23, 0x6C23, 0x6C23, 0x6C23, 0x6C23, 0x6C23, 0x6C23, 0x6C23, 0x6C23, 0x6C23, 0x6C23, 
  0x6C23, 0x6C23, 0x6C23, 0x6C23, 0x6C23, 0x6C23, 0x6C23, 0x6C23, 0x6C23, 0x6C23, 0x6C23, 0x6C23, 0x6C23, 0x6C23, 0x6C23, 0x6C23, 
  0x6C23, 0x6C23, 0x6C23, 0x6C23, 0x6C23, 0x6C23, 0x6C23, 0x6C23, 0x6C23, 0x6C23, 0x6C23, 0x6C23, 0x6C23, 0x6C23, 0x6C23, 0x6C23, 
  0x6C23, 0x6C23, 0x6C23, 0x6C23, 0x6C23, 0x6C23, 0x6C23, 0x6C23, 0x6C23, 0x6C23, 0x8C1B, 0x4D23, 0x6C23, 0x4A1B, 0xB57B, 0xDFE3, 
  0x1ECB, 0xFFCA, 0xDFDB, 0xDEE3, 0xDFF3, 0x99BB, 0x0C52, 0x4B4A, 0xAB4A, 0x8C4A, 0x8C52, 0x6C4A, 0x6B4A, 0x6C4A, 0xAD4A, 0x4C4A, 
  0xF05A, 0xF062, 0x4C4A, 0xAE52, 0x6A42, 0xD382, 0x9CCB, 0x2D52, 0xCE52, 0xCE52, 0x6D4A, 0x8D52, 0x8E4A, 0xAE52, 0x6C4A, 0x4B42, 
  0xB38A, 0x9EDB, 0x7AB3, 0x4D52, 0x6A42, 0x0A42, 0xB16A, 0xFEDB, 0x7AC3, 0x916A, 0x4C52, 0x4A42, 0x493A, 0x4A42, 0xEB49, 0xD282, 
  0xBEDB, 0xBFEB, 0xDFE3, 0xDFE3, 0xDFE3, 0xDFE3, 0xDFE3, 0xDFE3, 0xFFE3, 0x9FDB, 0xBDC2, 0x1EE6, 0xFFFF, 0xB8AB, 0x4C4A, 0xAD52, 
  0x8B4A, 0x4B4A, 0x4B42, 0x4B4A, 0x8C4A, 0xAD52, 0x6B4A, 0x4A42, 0x4A4A, 0x2942, 0x2942, 0x4B4A, 0x6B4A, 0x4A42, 0x4A4A, 0x0942, 
  0x0A42, 0x8C4A, 0x2942, 0x906A, 0x1DD4, 0x5BCB, 0xDFE3, 0x3ED3, 0xFED2, 0xBFE3, 0xBCCB, 0x4F6A, 0x2942, 0x6942, 0x6B4A, 0x6B42, 
  0x4E5A, 0x7ABB, 0x7FF6, 0x9FF6, 0x938A, 0x0A4A, 0xAC52, 0x8D4A, 0x6C4A, 0x6B4A, 0x4A4A, 0x2942, 0x4942, 0x6B4A, 0x2B4A, 0x0942, 
  0xB172, 0xBEDB, 0xFFCA, 0xFFC2, 0x3ECB, 0xDFE3, 0x5EDB, 0x3DCC, 0xFFFF, 0xFFFF, 0xFFFF, 0xFFFF, 0xFFFF, 0x3FF7, 0x1ECB, 0x9FDB, 
  0xDFE3, 0xDFE3, 0xDFE3, 0xDFE3, 0xFFE3, 0x1FD3, 0x1ED5, 0xFFFF, 0xFFFF, 0x7EE5, 0x3ED3, 0xFFE3, 0xDFE3, 0xDFE3, 0xDFE3, 0x9FDB, 
  0x7ED4, 0xFFFF, 0x1ED5, 0x304B, 0x6B1B, 0x6C23, 0x6C23, 0x6C23, 0x6C23, 0x6C23, 0x6C23, 0x6C23, 0x6C23, 0x6C23, 0x6C23, 0x6C23, 
  0x6C23, 0x6C23, 0x6C23, 0x6C23, 0x6C23, 0x6C23, 0x6C23, 0x6C23, 0x6C23, 0x6C23, 0x6C23, 0x6C23, 0x6C23, 0x6C23, 0x6C23, 0x6C23, 
  0x6C23, 0x6C23, 0x6C23, 0x6C23, 0x6C23, 0x6C23, 0x6C23, 0x6C23, 0x6C23, 0x6C23, 0x6C23, 0x6C23, 0x6C23, 0x6C23, 0x6C23, 0x6C23, 
  0x6C23, 0x6C23, 0x6C23, 0x6C23, 0x6C23, 0x6C23, 0x6C23, 0x6C23, 0x6C23, 0x6C23, 0x6C23, 0x6C23, 0x6C23, 0x6C23, 0x6C23, 0x6C23, 
  0x6C23, 0x6C23, 0x6C23, 0x6C23, 0x6C23, 0x6C23, 0x6C23, 0x6C23, 0x6C23, 0x6C23, 0x6C23, 0x6C23, 0x6C23, 0x6C23, 0x6C23, 0x6C23, 
  0x6C23, 0x6C23, 0x6C23, 0x6C23, 0x6C23, 0x6C23, 0x6C23, 0x6C23, 0x6C23, 0x6C23, 0x8C1B, 0x6D23, 0x6C1B, 0x6E3B, 0x1CC4, 0xFED3, 
  0xFED3, 0x1FDB, 0xDFE3, 0xDFEB, 0x9CC3, 0x4E5A, 0x4A42, 0x4A3A, 0x8C42, 0x4C4A, 0x6C4A, 0x4A42, 0x8C52, 0x8D4A, 0xCE52, 0xAD52, 
  0xCE52, 0x8E52, 0x8C52, 0x6B42, 0x2A3A, 0x59AB, 0x7BC3, 0x6C4A, 0x8C4A, 0x6B4A, 0x4A42, 0x4A42, 0x6B4A, 0x6B4A, 0x2A42, 0x916A, 
  0x7ED3, 0xF8A2, 0xAE52, 0xCD4A, 0x2A42, 0x9392, 0xFFDB, 0xF69A, 0x2A42, 0x4A42, 0x8C52, 0x8C4A, 0x6B4A, 0x8C4A, 0x4942, 0x2F6A, 
  0xDEE3, 0xBFEB, 0x9FDB, 0x5FD3, 0x3FD3, 0xFFCA, 0x1FCB, 0x1FCB, 0x3FD3, 0x5FD3, 0xBFC2, 0x1EE6, 0xFFFF, 0x369B, 0x0A3A, 0x4C52, 
  0x8B4A, 0xAC52, 0x6B4A, 0x6B4A, 0x6B4A, 0x6B42, 0x6B4A, 0x4B42, 0x4A4A, 0x4A42, 0x093A, 0x8C4A, 0xEE52, 0xAC4A, 0x6B4A, 0x2B4A, 
  0x4A42, 0x6942, 0x4B42, 0x0D5A, 0xBDDB, 0xFFEB, 0xBFE3, 0xDFE3, 0x5FDB, 0x1DC3, 0xBFDB, 0xFEDB, 0x9172, 0x4B4A, 0xAE52, 0x8C4A, 
  0x4A42, 0x7172, 0xDDCB, 0x3FF7, 0x9EE5, 0x327A, 0x293A, 0x6942, 0x493A, 0x6B4A, 0x2B4A, 0x2A42, 0x8C4A, 0x6B4A, 0x4A42, 0x6A4A, 
  0x083A, 0x717A, 0xBED3, 0xDFCA, 0xFFC2, 0x5FD3, 0xFFEB, 0xFDCA, 0x3EE6, 0xFFFF, 0xDFFF, 0xFFFF, 0xFFFF, 0xBFFF, 0x9ECB, 0x7FDB, 
  0xDFE3, 0xDFE3, 0xDFE3, 0xDFE3, 0x1FE4, 0x7FD3, 0x5DD4, 0xDFFF, 0xFFFF, 0x5EEE, 0x1ECB, 0xFFE3, 0xDFE3, 0xDFE3, 0xDFE3, 0x9FE3, 
  0x5EDC, 0xFFFF, 0x7EDD, 0xF04A, 0x6B1B, 0x6C23, 0x6C23, 0x6C23, 0x6C23, 0x6C23, 0x6C23, 0x6C23, 0x6C23, 0x6C23, 0x6C23, 0x6C23, 
  0x6C23, 0x6C23, 0x6C23, 0x6C23, 0x6C23, 0x6C23, 0x6C23, 0x6C23, 0x6C23, 0x6C23, 0x6C23, 0x6C23, 0x6C23, 0x6C23, 0x6C23, 0x6C23, 
  0x6C23, 0x6C23, 0x6C23, 0x6C23, 0x6C23, 0x6C23, 0x6C23, 0x6C23, 0x6C23, 0x6C23, 0x6C23, 0x6C23, 0x6C23, 0x6C23, 0x6C23, 0x6C23, 
  0x6C23, 0x6C23, 0x6C23, 0x6C23, 0x6C23, 0x6C23, 0x6C23, 0x6C23, 0x6C23, 0x6C23, 0x6C23, 0x6C23, 0x6C23, 0x6C23, 0x6C23, 0x6C23, 
  0x6C23, 0x6C23, 0x6C23, 0x6C23, 0x6C23, 0x6C23, 0x6C23, 0x6C23, 0x6C23, 0x6C23, 0x6C23, 0x6C23, 0x6C23, 0x6C23, 0x6C23, 0x6C23, 
  0x6C23, 0x6C23, 0x6C23, 0x6C23, 0x6C23, 0x6C23, 0x6C23, 0x6C23, 0x6C23, 0x6C23, 0x6C23, 0x8C1B, 0x4A1B, 0xB473, 0xFED3, 0x5DDD, 
  0x9ED3, 0x7ED3, 0x39B3, 0xBCCB, 0x2D5A, 0x6A42, 0x4B42, 0x4B4A, 0x6C4A, 0x8C4A, 0x8B4A, 0x6B42, 0x6B4A, 0x8C4A, 0x8C4A, 0x4B42, 
  0x6B4A, 0x4B4A, 0x8D4A, 0xAD4A, 0xF362, 0xBECB, 0x79AB, 0x6C42, 0x8C4A, 0x6B4A, 0x6B4A, 0x6B42, 0xAC52, 0x6A42, 0xEC51, 0xFED3, 
  0x7AB3, 0x4D52, 0xEE52, 0x2C42, 0x169B, 0x1DDC, 0x907A, 0x4B42, 0xAC42, 0x4942, 0x4B4A, 0xAC4A, 0x8B4A, 0x2A42, 0x4D5A, 0xDCCB, 
  0xBFE3, 0x3FD3, 0xDFCA, 0xFECA, 0x3FD3, 0x5FD3, 0x5FD3, 0x3FD3, 0xFFCA, 0xFFCA, 0xBFC2, 0x7FEE, 0x9FFF, 0xD382, 0x293A, 0x2A4A, 
  0x293A, 0x093A, 0x0A42, 0x6B4A, 0x6B42, 0x6B42, 0x6B4A, 0x6B4A, 0x2A42, 0x8C52, 0x8C52, 0x8D52, 0x6D4A, 0x8D4A, 0x6C42, 0xAE52, 
  0xCC4A, 0x4A42, 0x2A42, 0x717A, 0xFFE3, 0xFFDB, 0xFEDB, 0xBFE3, 0xDFE3, 0x9ED3, 0xFDD3, 0xDFDB, 0xFDDB, 0x4F6A, 0x4B42, 0xAD52, 
  0x4A4A, 0xAC52, 0x727A, 0x9DDC, 0x1FFF, 0x7DDC, 0x5072, 0x2942, 0xAB4A, 0x4B42, 0x2942, 0x6A42, 0x6B42, 0x2A4A, 0x6A4A, 0x283A, 
  0x0942, 0xE939, 0xD38A, 0x9FE3, 0xDFCA, 0xFFC2, 0x9FDB, 0x7FE3, 0x9DC3, 0x7FFF, 0xFFFF, 0xFFFF, 0xFEFF, 0xFFFF, 0x9CD4, 0x3ED3, 
  0xFFE3, 0xDFE3, 0xDFE3, 0xDFE3, 0xFFE3, 0xBFDB, 0xBED3, 0x9FFF, 0xFFFF, 0x3FF7, 0x7ECB, 0xDFE3, 0xDFE3, 0xDFE3, 0xDFE3, 0xBFE3, 
  0x1ED4, 0xFFFF, 0xDEE5, 0xF152, 0x6C1B, 0x6C23, 0x6C23, 0x6C23, 0x6C23, 0x6C23, 0x6C23, 0x6C23, 0x6C23, 0x6C23, 0x6C23, 0x6C23, 
  0x6C23, 0x6C23, 0x6C23, 0x6C23, 0x6C23, 0x6C23, 0x6C23, 0x6C23, 0x6C23, 0x6C23, 0x6C23, 0x6C23, 0x6C23, 0x6C23, 0x6C23, 0x6C23, 
  0x6C23, 0x6C23, 0x6C23, 0x6C23, 0x6C23, 0x6C23, 0x6C23, 0x6C23, 0x6C23, 0x6C23, 0x6C23, 0x6C23, 0x6C23, 0x6C23, 0x6C23, 0x6C23, 
  0x6C23, 0x6C23, 0x6C23, 0x6C23, 0x6C23, 0x6C23, 0x6C23, 0x6C23, 0x6C23, 0x6C23, 0x6C23, 0x6C23, 0x6C23, 0x6C23, 0x6C23, 0x6C23, 
  0x6C23, 0x6C23, 0x6C23, 0x6C23, 0x6C23, 0x6C23, 0x6C23, 0x6C23, 0x6C23, 0x6C23, 0x6C23, 0x6C23, 0x6C23, 0x6C23, 0x6C23, 0x6C23, 
  0x6C23, 0x6C23, 0x6C23, 0x6C23, 0x6C23, 0x6C23, 0x6C23, 0x6C23, 0x6C23, 0x6C23, 0x6B23, 0x6C23, 0x6D2B, 0xBAAB, 0xFFE4, 0xFDDC, 
  0x5FDB, 0xF592, 0x4C52, 0x6F6A, 0x6C4A, 0xAC4A, 0x8D52, 0x8D52, 0xAC52, 0x6B4A, 0x6B4A, 0x4B42, 0x4B4A, 0xAD52, 0xAD4A, 0x8C4A, 
  0xAC4A, 0x8C4A, 0xAE52, 0xAE52, 0xD372, 0xBED3, 0xF58A, 0x4C42, 0x6C4A, 0xCE52, 0x6C4A, 0x6C4A, 0x2A42, 0xEA41, 0x98AB, 0x9EDC, 
  0x6E5A, 0x4B42, 0x4E52, 0x37A3, 0xFDDB, 0x4E6A, 0x283A, 0x8B42, 0x6C4A, 0x4B4A, 0x6B4A, 0x6C4A, 0x2B42, 0xD382, 0xDEDB, 0x3FDB, 
  0xFDD3, 0x9ECB, 0x5FDB, 0xBFEB, 0xDFEB, 0xFFE3, 0xFFEB, 0xDFEB, 0x9FDB, 0x1ECB, 0xBEC2, 0x7FEE, 0x1FFF, 0xB37A, 0x8D4A, 0x8C52, 
  0x6C4A, 0x6C4A, 0x8C52, 0x4C42, 0x6C4A, 0xAC4A, 0x4A4A, 0x2A42, 0x4A42, 0x4A42, 0x6B4A, 0x6C4A, 0x8C52, 0x8C4A, 0x4B42, 0x4B4A, 
  0x4A4A, 0x6B42, 0x0A42, 0x37A3, 0xBFEB, 0x9FD3, 0xFFDB, 0xBFE3, 0xDFDB, 0xFFE3, 0xDEDB, 0x5EC3, 0x9FDB, 0xDBCB, 0x2C52, 0x6B42, 
  0x8B4A, 0x6C52, 0x2A4A, 0xD69A, 0xBEED, 0x3EF6, 0x9CCB, 0x2E62, 0x2842, 0x6B42, 0x6A4A, 0x294A, 0x4A42, 0x6B4A, 0x4B4A, 0x8B4A, 
  0x4B4A, 0x6C4A, 0x2C52, 0x58AB, 0x3FDB, 0xDFCA, 0xFECA, 0xDFE3, 0xFED2, 0xDDD4, 0xFFFF, 0xDFFF, 0xFEFF, 0xFFFF, 0xFEE5, 0xFECA, 
  0xFFE3, 0xDFE3, 0xDFE3, 0xDFE3, 0xDFE3, 0xBFE3, 0x5ECB, 0x3FF7, 0xFFFF, 0xDFFF, 0x1DD4, 0x9FDB, 0xDFE3, 0xDFE3, 0xDFE3, 0xBFE3, 
  0x3ED4, 0xFFFF, 0x3EEE, 0x3363, 0x6B1B, 0x6C23, 0x6C23, 0x6C23, 0x6C23, 0x6C23, 0x6C23, 0x6C23, 0x6C23, 0x6C23, 0x6C23, 0x6C23, 
  0x6C23, 0x6C23, 0x6C23, 0x6C23, 0x6C23, 0x6C23, 0x6C23, 0x6C23, 0x6C23, 0x6C23, 0x6C23, 0x6C23, 0x6C23, 0x6C23, 0x6C23, 0x6C23, 
  0x6C23, 0x6C23, 0x6C23, 0x6C23, 0x6C23, 0x6C23, 0x6C23, 0x6C23, 0x6C23, 0x6C23, 0x6C23, 0x6C23, 0x6C23, 0x6C23, 0x6C23, 0x6C23, 
  0x6C23, 0x6C23, 0x6C23, 0x6C23, 0x6C23, 0x6C23, 0x6C23, 0x6C23, 0x6C23, 0x6C23, 0x6C23, 0x6C23, 0x6C23, 0x6C23, 0x6C23, 0x6C23, 
  0x6C23, 0x6C23, 0x6C23, 0x6C23, 0x6C23, 0x6C23, 0x6C23, 0x6C23, 0x6C23, 0x6C23, 0x6C23, 0x6C23, 0x6C23, 0x6C23, 0x6C23, 0x6C23, 
  0x6C23, 0x6C23, 0x6C23, 0x6C23, 0x6C23, 0x6C23, 0x6C23, 0x6C23, 0x6C23, 0x6C23, 0x6C23, 0x6A1B, 0x9363, 0x3ED4, 0x9EEE, 0x9DD3, 
  0x9CCB, 0x2D5A, 0x6B42, 0x6C4A, 0x6B42, 0x6B42, 0xAD52, 0x4B4A, 0x4A42, 0x6B4A, 0x6B4A, 0x8C4A, 0x8B4A, 0x6C4A, 0x8D4A, 0xAE52, 
  0xCE52, 0xAE52, 0x8C4A, 0x8D4A, 0x6F6A, 0xDDD3, 0xB172, 0x2A42, 0x6C4A, 0xAC52, 0x6B42, 0x8C4A, 0x4B42, 0x906A, 0x1FED, 0xD38A, 
  0x0942, 0x0942, 0xF58A, 0x1FDC, 0xB27A, 0x6C42, 0xAF5A, 0xCF52, 0xAE52, 0x8C4A, 0xCE52, 0x6D4A, 0x7072, 0xFFE3, 0x3ED3, 0xFDD4, 
  0xBEED, 0x9DD3, 0xFFE3, 0xDFEB, 0xBFE3, 0x7FDB, 0x5FDB, 0x5FDB, 0xBFE3, 0x5FDB, 0xBEC2, 0x7FEE, 0x9EEE, 0x5062, 0x6B42, 0x4A4A, 
  0x4B4A, 0x8B4A, 0x8D4A, 0x8D4A, 0xAC4A, 0x6B42, 0x6C4A, 0x6B4A, 0x2942, 0x2942, 0x6A4A, 0x2A42, 0x0A42, 0x0942, 0xAB4A, 0x4A42, 
  0xE841, 0xAD52, 0xD272, 0xDED3, 0x7FE3, 0x3DC3, 0xDFDB, 0xDFE3, 0x5ED3, 0x9FDB, 0xBFEB, 0x7FDB, 0xDFC2, 0xBFEB, 0x78B3, 0xEB49, 
  0x4942, 0x2B42, 0x6C4A, 0x4C4A, 0xBABB, 0x7FF6, 0xDEE4, 0xF7AA, 0xE941, 0x4942, 0x4942, 0x8D52, 0x6D52, 0x4A42, 0x4B4A, 0x8C52, 
  0x2A42, 0xCE62, 0xAD52, 0x4E5A, 0xBEDB, 0x1ED3, 0xDFCA, 0x3FCB, 0xBFEB, 0xFEC2, 0x7EE6, 0xFFFF, 0xDFFF, 0xFFFF, 0x5FFF, 0x7DCB, 
  0x9FDB, 0xDFE3, 0xBFE3, 0xDFE3, 0xBFE3, 0xDFE3, 0x3ECB, 0x9EEE, 0xFFFF, 0xFFFF, 0x3DDD, 0x5ED3, 0xFFE3, 0xDFE3, 0xDFE3, 0xDFDB, 
  0x1ED4, 0xBFFF, 0x9EF6, 0x967B, 0x6C23, 0x6C23, 0x6C23, 0x6C23, 0x6C23, 0x6C23, 0x6C23, 0x6C23, 0x6C23, 0x6C23, 0x6C23, 0x6C23, 
  0x6C23, 0x6C23, 0x6C23, 0x6C23, 0x6C23, 0x6C23, 0x6C23, 0x6C23, 0x6C23, 0x6C23, 0x6C23, 0x6C23, 0x6C23, 0x6C23, 0x6C23, 0x6C23, 
  0x6C23, 0x6C23, 0x6C23, 0x6C23, 0x6C23, 0x6C23, 0x6C23, 0x6C23, 0x6C23, 0x6C23, 0x6C23, 0x6C23, 0x6C23, 0x6C23, 0x6C23, 0x6C23, 
  0x6C23, 0x6C23, 0x6C23, 0x6C23, 0x6C23, 0x6C23, 0x6C23, 0x6C23, 0x6C23, 0x6C23, 0x6C23, 0x6C23, 0x6C23, 0x6C23, 0x6C23, 0x6C23, 
  0x6C23, 0x6C23, 0x6C23, 0x6C23, 0x6C23, 0x6C23, 0x6C23, 0x6C23, 0x6C23, 0x6C23, 0x6C23, 0x6C23, 0x6C23, 0x6C23, 0x6C23, 0x6C23, 
  0x6C23, 0x6C23, 0x6C23, 0x6C23, 0x6C23, 0x6C23, 0x6C23, 0x6C23, 0x6C23, 0x6C23, 0x8C1B, 0x6B23, 0x9893, 0x3FF6, 0x9DDD, 0x5FD3, 
  0xD492, 0x8D4A, 0x8D4A, 0x8D52, 0x6B4A, 0x2942, 0x6A4A, 0x6B4A, 0x6B4A, 0x8C4A, 0x8C4A, 0x2A42, 0x4B42, 0x6B4A, 0x6B4A, 0x6B4A, 
  0x6B4A, 0x6D4A, 0x8C4A, 0x4A42, 0xD17A, 0xDDCB, 0x2D52, 0x6B4A, 0x8D4A, 0x6B4A, 0x6C4A, 0x6C4A, 0x6D52, 0x1BCC, 0x3BC4, 0x4E52, 
  0x6B42, 0x4F62, 0xDDDB, 0xD68A, 0x8E4A, 0xAE52, 0x8E52, 0xCF52, 0x8E4A, 0xAD52, 0xAD4A, 0x6F62, 0xBCD3, 0x7DCB, 0x5DDD, 0xFFFF, 
  0x1DDD, 0x5EDB, 0xFFE3, 0x7FDB, 0x1ED3, 0x3ED3, 0x3FD3, 0xFECA, 0x3ED3, 0x9FE3, 0xBEC2, 0x9FF6, 0xBDDD, 0x2E5A, 0x8B4A, 0x4A42, 
  0x094A, 0x4A42, 0x4B42, 0x6B4A, 0x6B42, 0x8D4A, 0xEF5A, 0xAE52, 0x8C4A, 0x4B4A, 0x4B42, 0x8B4A, 0x4A42, 0x4B42, 0x4A42, 0x2A42, 
  0xAE52, 0xEF62, 0xB282, 0xDFE3, 0x5EDC, 0x5EEE, 0xBDCB, 0xDFE3, 0xBFE3, 0x1ED3, 0xBFDB, 0xFFE3, 0x9FDB, 0x1ECB, 0xFFE3, 0xD48A, 
  0x0942, 0x6B4A, 0x8B4A, 0x6B42, 0xB582, 0x3FE5, 0xFEED, 0xBED3, 0x4F62, 0x2942, 0x4942, 0x6C4A, 0x6C4A, 0x4B4A, 0x2942, 0x4A42, 
  0x6A4A, 0x4B4A, 0x2A42, 0x4A42, 0xB382, 0x9FE3, 0xDFC2, 0xDFC2, 0x7EDB, 0x7FDB, 0x9DC3, 0x7FFF, 0xFFFF, 0xDFFF, 0xFFFF, 0xFDDC, 
  0x1ECB, 0xDFEB, 0xBFEB, 0xDFE3, 0xDFE3, 0xFFE3, 0x3ED3, 0xBDE5, 0xFFFF, 0xFFFF, 0x7EEE, 0x5ECB, 0xFFE3, 0xDFE3, 0xDFE3, 0xFFDB, 
  0xDED3, 0x7FFF, 0xFFF6, 0x7893, 0x6B23, 0x6C23, 0x6C23, 0x6C23, 0x6C23, 0x6C23, 0x6C23, 0x6C23, 0x6C23, 0x6C23, 0x6C23, 0x6C23, 
  0x6C23, 0x6C23, 0x6C23, 0x6C23, 0x6C23, 0x6C23, 0x6C23, 0x6C23, 0x6C23, 0x6C23, 0x6C23, 0x6C23, 0x6C23, 0x6C23, 0x6C23, 0x6C23, 
  0x6C23, 0x6C23, 0x6C23, 0x6C23, 0x6C23, 0x6C23, 0x6C23, 0x6C23, 0x6C23, 0x6C23, 0x6C23, 0x6C23, 0x6C23, 0x6C23, 0x6C23, 0x6C23, 
  0x6C23, 0x6C23, 0x6C23, 0x6C23, 0x6C23, 0x6C23, 0x6C23, 0x6C23, 0x6C23, 0x6C23, 0x6C23, 0x6C23, 0x6C23, 0x6C23, 0x6C23, 0x6C23, 
  0x6C23, 0x6C23, 0x6C23, 0x6C23, 0x6C23, 0x6C23, 0x6C23, 0x6C23, 0x6C23, 0x6C23, 0x6C23, 0x6C23, 0x6C23, 0x6C23, 0x6C23, 0x6C23, 
  0x6C23, 0x6C23, 0x6C23, 0x6C23, 0x6C23, 0x6C23, 0x6C23, 0x6C23, 0x6C23, 0x6C23, 0x6B1B, 0x704B, 0xBDCC, 0x5FFF, 0xDED3, 0x7BC3, 
  0x0B4A, 0xCD4A, 0xCE52, 0x8D52, 0x6B4A, 0x0942, 0x6C4A, 0x6C4A, 0x6C4A, 0x8C52, 0x6C4A, 0x6C4A, 0xAC52, 0x6B4A, 0x6A4A, 0x4A42, 
  0x6B4A, 0x6D4A, 0x8E52, 0x6C42, 0xF48A, 0x99BB, 0x0A4A, 0x6B4A, 0x4A42, 0xF05A, 0x326B, 0x4C42, 0xB37A, 0x1FE4, 0xD37A, 0xCD4A, 
  0x2C4A, 0x7BB3, 0x38B3, 0x0C4A, 0x8C4A, 0x8B4A, 0x6B4A, 0x6B4A, 0x8C4A, 0x6B42, 0x2B3A, 0x37AB, 0x9FDB, 0x9DDD, 0xFFFF, 0xFFFF, 
  0x3DDD, 0x7EDB, 0xDFE3, 0x5FE3, 0xBFE3, 0xFFE3, 0xDFE3, 0xDFE3, 0x5FD3, 0x7FD3, 0xDEC2, 0x7FF6, 0xDACC, 0x0C4A, 0x8C4A, 0x494A, 
  0x2A4A, 0x2A42, 0x4B42, 0x8C4A, 0x0F5B, 0x8D4A, 0x8D4A, 0x8D4A, 0xCE52, 0x4C4A, 0x6C4A, 0x6C4A, 0xAD52, 0xAC52, 0x4C4A, 0x4B42, 
  0x8D52, 0x2B42, 0x169B, 0xDFE3, 0xDDD4, 0xFFFF, 0x5EEE, 0x7ED3, 0x1FE4, 0x9EE3, 0x1ECB, 0xDFE3, 0xDFEB, 0xBFD3, 0x9FE3, 0xDDD3, 
  0x4D5A, 0x6B42, 0x8C4A, 0x4C4A, 0x8F62, 0xFBC3, 0x5EEE, 0x3FDC, 0xF59A, 0x4942, 0x4B4A, 0x0A42, 0xAC4A, 0x6B4A, 0x4B42, 0x4B4A, 
  0x4B42, 0x4A4A, 0x6B4A, 0x4A4A, 0xE939, 0x59B3, 0x3FD3, 0xFFC2, 0xFECA, 0xDFE3, 0xFECA, 0x9DD4, 0xFFFF, 0xDFFF, 0xFFFF, 0xDFF6, 
  0x1EC3, 0xDFE3, 0xDFDB, 0xDFE3, 0xDFDB, 0xFFE3, 0x5EDB, 0xFEDC, 0xFFFF, 0xFFFF, 0x9FFF, 0xBDD3, 0xBFE3, 0xFFE3, 0xDFE3, 0xDFE3, 
  0xDED3, 0x5FF7, 0x3FFF, 0xBAA3, 0x6D2B, 0x6C23, 0x8C23, 0x6C23, 0x6C23, 0x6C23, 0x6C23, 0x6C23, 0x6C23, 0x6C23, 0x6C23, 0x6C23, 
  0x6C23, 0x6C23, 0x6C23, 0x6C23, 0x6C23, 0x6C23, 0x6C23, 0x6C23, 0x6C23, 0x6C23, 0x6C23, 0x6C23, 0x6C23, 0x6C23, 0x6C23, 0x6C23, 
  0x6C23, 0x6C23, 0x6C23, 0x6C23, 0x6C23, 0x6C23, 0x6C23, 0x6C23, 0x6C23, 0x6C23, 0x6C23, 0x6C23, 0x6C23, 0x6C23, 0x6C23, 0x6C23, 
  0x6C23, 0x6C23, 0x6C23, 0x6C23, 0x6C23, 0x6C23, 0x6C23, 0x6C23, 0x6C23, 0x6C23, 0x6C23, 0x6C23, 0x6C23, 0x6C23, 0x6C23, 0x6C23, 
  0x6C23, 0x6C23, 0x6C23, 0x6C23, 0x6C23, 0x6C23, 0x6C23, 0x6C23, 0x6C23, 0x6C23, 0x6C23, 0x6C23, 0x6C23, 0x6C23, 0x6C23, 0x6C23, 
  0x6C23, 0x6C23, 0x6C23, 0x6C23, 0x6C23, 0x6C23, 0x6C23, 0x6C23, 0x6C23, 0x8C23, 0x4C1B, 0x9583, 0x7FF6, 0x3EEE, 0x5ED3, 0xF48A, 
  0x4A42, 0x8B4A, 0x8C4A, 0x2B42, 0x2E6B, 0xCE62, 0xAD52, 0xAC4A, 0x6C4A, 0x8C4A, 0x8C4A, 0xCC52, 0x6A4A, 0x4B42, 0x6C4A, 0x6B4A, 
  0x4A42, 0x6A4A, 0x6B4A, 0x2A42, 0x37A3, 0x57AB, 0x6D52, 0xEF5A, 0xAC4A, 0x8E52, 0x116B, 0x8D4A, 0x1AAB, 0x3CC3, 0x2C4A, 0x4842, 
  0x938A, 0xBED3, 0x6E5A, 0x2942, 0x6B4A, 0x6B4A, 0x6B4A, 0x8D4A, 0x8E4A, 0xCE52, 0x2B52, 0x5CC3, 0x3EDC, 0xBFFF, 0xFFFF, 0xFFFF, 
  0x3EEE, 0x9ECB, 0xDFEB, 0xBFF3, 0xDFE3, 0xDFE3, 0xDFE3, 0xBFEB, 0xBFE3, 0x5FCB, 0xDFC2, 0x3FF6, 0x17B4, 0x0B4A, 0x2A42, 0x2842, 
  0x4A42, 0x4B4A, 0x4A42, 0x6C4A, 0xAF52, 0x4C4A, 0x6B4A, 0x8C4A, 0xAE52, 0xAD52, 0x8C4A, 0x6B42, 0x2A42, 0x2B4A, 0xAD5A, 0x8B4A, 
  0x8C4A, 0x2A42, 0x79BB, 0x9FDB, 0xFEE5, 0xFFFF, 0xFFFF, 0x7EE5, 0x9ED3, 0xFFEB, 0x5FDB, 0x5ED3, 0xBFEB, 0xDEE3, 0xDFE3, 0xFFEB, 
  0xF592, 0x2A3A, 0x6B4A, 0x4D52, 0x4C4A, 0xF69A, 0x3FF6, 0xDFE4, 0x5ABB, 0x0942, 0x2A42, 0x4B4A, 0xAC52, 0x6B4A, 0x8C4A, 0x8D52, 
  0xAD52, 0x6A42, 0x4B4A, 0x2A4A, 0x693A, 0x6F62, 0xBEDB, 0xFFCA, 0xDFC2, 0x3ED3, 0xBFEB, 0xDDC2, 0x1EE6, 0xFFFF, 0xFEFF, 0xFFFF, 
  0x5ED4, 0x5FD3, 0xFFE3, 0xDFE3, 0xDFE3, 0xFFE3, 0x7FDB, 0x3ED4, 0xFFFF, 0xDFFF, 0xFFFF, 0xDEDC, 0x5FDB, 0x1FDC, 0xDFE3, 0xDFE3, 
  0xDDD3, 0x1EF7, 0x7FFF, 0x1BB4, 0x6E33, 0x6C23, 0x8B23, 0x6C23, 0x6C23, 0x6C23, 0x6C23, 0x6C23, 0x6C23, 0x6C23, 0x6C23, 0x6C23, 
  0x6C23, 0x6C23, 0x6C23, 0x6C23, 0x6C23, 0x6C23, 0x6C23, 0x6C23, 0x6C23, 0x6C23, 0x6C23, 0x6C23, 0x6C23, 0x6C23, 0x6C23, 0x6C23, 
  0x6C23, 0x6C23, 0x6C23, 0x6C23, 0x6C23, 0x6C23, 0x6C23, 0x6B23, 0x6C23, 0x8C23, 0x6C23, 0x6C23, 0x6C23, 0x6C23, 0x6C23, 0x6C23, 
  0x6C23, 0x6C23, 0x6C23, 0x6C23, 0x6C23, 0x6C23, 0x6C23, 0x6C23, 0x6C23, 0x6C23, 0x6C23, 0x6C23, 0x6C23, 0x6C23, 0x6C23, 0x6C23, 
  0x6C23, 0x6C23, 0x6C23, 0x6C23, 0x6C23, 0x6C23, 0x6C23, 0x6C23, 0x6C23, 0x6C23, 0x6C23, 0x6C23, 0x6C23, 0x6C23, 0x6C23, 0x6C23, 
  0x6C23, 0x6C23, 0x6C23, 0x6C23, 0x6C23, 0x6C23, 0x6C23, 0x6C23, 0x6C23, 0x6C23, 0x4D2B, 0x5AB4, 0xBFFF, 0x9EDC, 0x3BC3, 0x6E52, 
  0x8E52, 0x4B4A, 0x6B4A, 0x6C4A, 0x4B4A, 0x6C4A, 0x8C4A, 0x8C4A, 0x6B4A, 0x6B4A, 0x093A, 0x4A42, 0x6B4A, 0x6B4A, 0x4B42, 0x4A4A, 
  0xAC52, 0x4B42, 0x4A42, 0x2A42, 0x39B3, 0x169B, 0x8D4A, 0x3363, 0xCF52, 0x6C4A, 0x4B4A, 0x4E5A, 0x5DCB, 0xF79A, 0x8D4A, 0x4C4A, 
  0x5DCB, 0x19A3, 0x6B42, 0x8C52, 0xCE52, 0x4A42, 0x8B4A, 0x6A4A, 0x6B4A, 0x6B42, 0xB06A, 0x5ED3, 0x3DDD, 0xFFFF, 0xDFFF, 0xFFFF, 
  0xBFEE, 0x7EDB, 0xDEEB, 0xDEDB, 0x9FDB, 0xBEDB, 0x9EDB, 0xBFDB, 0xFFE3, 0x5FD3, 0xBFC2, 0x9FED, 0x5493, 0xE941, 0x4A4A, 0x4942, 
  0x6A4A, 0x4A42, 0x494A, 0x2A42, 0x6C4A, 0x8B4A, 0x6B4A, 0x4A42, 0xAC52, 0x6B4A, 0x6B42, 0x8C4A, 0x2A42, 0x4A4A, 0x2A4A, 0x2942, 
  0x6A42, 0x4C52, 0xBCD3, 0x9FDB, 0xBFF6, 0xFFFF, 0xFFFF, 0xBFFF, 0xFED3, 0xBFDB, 0xDFEB, 0x9FDB, 0xBFE3, 0xBEDB, 0xB69A, 0xFDE3, 
  0x9CD3, 0x2B52, 0x4A4A, 0x8C52, 0x8C4A, 0xB482, 0xFFF5, 0x5FE5, 0x7DCB, 0xEC59, 0x493A, 0x8D4A, 0x2A42, 0x8C4A, 0x8D4A, 0x8D4A, 
  0x8C4A, 0x2A42, 0x8A4A, 0x4B4A, 0x8D4A, 0x2B3A, 0x16A3, 0xBFE3, 0xFFC2, 0xDFCA, 0x9FDB, 0x7FDB, 0x7DC3, 0x7FFF, 0xFFFF, 0xFFFF, 
  0x1EEE, 0x1ECB, 0xFFE3, 0xDFE3, 0xDFE3, 0xFFE3, 0x9FE3, 0xBED3, 0x9FFF, 0xFFFF, 0xFFFF, 0xFEED, 0x3ED3, 0xFFE3, 0xBFE3, 0xDFEB, 
  0xBED3, 0xFEEE, 0xDFFF, 0x1BB4, 0x2D2B, 0x6C23, 0x6B23, 0x6C23, 0x6C23, 0x6C23, 0x6C23, 0x6C23, 0x6C23, 0x6C23, 0x6C23, 0x6C23, 
  0x6C23, 0x6C23, 0x6C23, 0x6C23, 0x6C23, 0x6C23, 0x6C23, 0x6C23, 0x6C23, 0x6C23, 0x6C23, 0x6C23, 0x6C23, 0x6C23, 0x6C23, 0x6C23, 
  0x6C23, 0x6C23, 0x6C23, 0x6C23, 0x6C23, 0x6C23, 0x6C23, 0x6C23, 0x6C23, 0x8C2B, 0x8C2B, 0x6C23, 0x6C23, 0x6C23, 0x6C23, 0x6C23, 
  0x6C23, 0x6C23, 0x6C23, 0x6C23, 0x6C23, 0x6C23, 0x6C23, 0x6C23, 0x6C23, 0x6C23, 0x6C23, 0x6C23, 0x6C23, 0x6C23, 0x6C23, 0x6C23, 
  0x6C23, 0x6C23, 0x6C23, 0x6C23, 0x6C23, 0x6C23, 0x6C23, 0x6C23, 0x6C23, 0x6C23, 0x6C23, 0x6C23, 0x6C23, 0x6C23, 0x6C23, 0x6C23, 
  0x6C23, 0x6C23, 0x6C23, 0x6C23, 0x6C23, 0x6C23, 0x6C23, 0x6C23, 0x6C23, 0x6B1B, 0x725B, 0xFDE5, 0x3FF7, 0xDED3, 0xD48A, 0x293A, 
  0x6B4A, 0x6C4A, 0x8B42, 0x6B4A, 0x494A, 0x6C42, 0xAD4A, 0x8C4A, 0x2A42, 0x4A42, 0x2942, 0x4A42, 0x8C4A, 0x6C4A, 0x2A42, 0x6B4A, 
  0x4B42, 0x8D52, 0xCE52, 0x2B42, 0x5ABB, 0x159B, 0x293A, 0x4C4A, 0xAD4A, 0xAD4A, 0xAC4A, 0x927A, 0x7ED3, 0x916A, 0x8D4A, 0xB47A, 
  0xBECB, 0x706A, 0xAC4A, 0x105B, 0xCF52, 0x6C4A, 0x2942, 0x4A42, 0x6C4A, 0xAD4A, 0xD372, 0x5EDB, 0xBEE5, 0xFFFF, 0xDFFF, 0xFFFF, 
  0x1EEE, 0x7EDB, 0xBFDB, 0x5FD3, 0x7ED3, 0x1EE5, 0xBEED, 0x5ED4, 0x7FDB, 0xDEDB, 0xFEC2, 0xDFDB, 0xD38A, 0x0A42, 0x8B4A, 0x4B42, 
  0x8C52, 0x2A42, 0x4A4A, 0x2942, 0x2942, 0x2A42, 0x6B4A, 0x4A4A, 0x0942, 0x2A42, 0x6C4A, 0x8C4A, 0x6C4A, 0x4A42, 0x0942, 0x8B4A, 
  0x8C42, 0x4E5A, 0xBDDB, 0xDDDB, 0x5FF7, 0xFFFF, 0xDFFF, 0xFFFF, 0x3EDD, 0x9FE3, 0x3ABB, 0xDDDB, 0xDFE3, 0x3FE4, 0x9382, 0x9182, 
  0x3FE4, 0x8F72, 0x2942, 0x6B4A, 0x0A42, 0xB48A, 0xDFF5, 0x7EE5, 0xBED3, 0x4E6A, 0x8B4A, 0x6B42, 0x4A42, 0x4B4A, 0x6B4A, 0x8C4A, 
  0x8C4A, 0x6B4A, 0x8B4A, 0xAD52, 0xD05A, 0x6B42, 0x0C52, 0xBCCB, 0x1FCB, 0xDFCA, 0xFFCA, 0xDFE3, 0x1ECB, 0x1DD5, 0xFFFF, 0xFFFF, 
  0x9FFF, 0xDDCB, 0x9FE3, 0xFFE3, 0xDFDB, 0xDFE3, 0xDFE3, 0x7DCB, 0x3EF7, 0xFFFF, 0xFFFF, 0x1EF7, 0x7DCB, 0xBFE3, 0xBFEB, 0xDFE3, 
  0x9ED3, 0x9EEE, 0xFFFF, 0x5BB4, 0x2D2B, 0x6C1B, 0x6C23, 0x6C23, 0x6C23, 0x6C23, 0x6C23, 0x6C23, 0x6C23, 0x6C23, 0x6C23, 0x6C23, 
  0x6C23, 0x6C23, 0x6C23, 0x6C23, 0x6C23, 0x6C23, 0x6C23, 0x6C23, 0x6C23, 0x6C23, 0x6C23, 0x6C23, 0x6C23, 0x6C23, 0x6C23, 0x6C23, 
  0x6C23, 0x6C23, 0x6C23, 0x6C23, 0x6C23, 0x6C23, 0x6C23, 0x6C23, 0x6C23, 0x8C2B, 0x8C2B, 0x8C2B, 0x6C23, 0x6C23, 0x6C23, 0x6C23, 
  0x6C23, 0x6C23, 0x6C23, 0x6C23, 0x6C23, 0x6C23, 0x6C23, 0x6C23, 0x6C23, 0x6C23, 0x6C23, 0x6C23, 0x6C23, 0x6C23, 0x6C23, 0x6C23, 
  0x6C23, 0x6C23, 0x6C23, 0x6C23, 0x6C23, 0x6C23, 0x6C23, 0x6C23, 0x6C23, 0x6C23, 0x6C23, 0x6C23, 0x6C23, 0x6C23, 0x6C23, 0x6C23, 
  0x6C23, 0x6C23, 0x6C23, 0x6C23, 0x6C23, 0x6C23, 0x6C23, 0x6C23, 0x6C23, 0x6B1B, 0xD79B, 0x3FFF, 0xFEE5, 0x7CC3, 0xAF62, 0x2942, 
  0x2942, 0x8B4A, 0xAD4A, 0x8D52, 0x494A, 0x8C42, 0x8D4A, 0x8C4A, 0x8C4A, 0x8C4A, 0x4B4A, 0x0942, 0x4A42, 0xAC52, 0x8C4A, 0x4B42, 
  0x6B4A, 0x6C4A, 0x6B4A, 0x2A42, 0x7AC3, 0xF492, 0x6A42, 0xAE52, 0xCE52, 0xCF52, 0x6D4A, 0xF69A, 0x9BC3, 0x6D52, 0x4C42, 0x79B3, 
  0x58AB, 0x2A42, 0x8C52, 0x8C4A, 0x2A42, 0x6B4A, 0x6B42, 0x8D4A, 0xAE52, 0x8D4A, 0x6F6A, 0x9EDB, 0x1EE6, 0xFFFF, 0xDFFF, 0xFFFF, 
  0xFDDC, 0x9FE3, 0x9EDB, 0x3AAB, 0xD482, 0xF58A, 0x9BC4, 0xDFFE, 0xFDD4, 0x1ECB, 0x1ED3, 0xFFCA, 0xD48A, 0x0A4A, 0x4A42, 0x8C4A, 
  0x8C52, 0x4A42, 0x6C4A, 0x4A4A, 0x2942, 0x4A42, 0x8D4A, 0x8C4A, 0x2942, 0x4A4A, 0xAD52, 0xCE52, 0x8C4A, 0x4A42, 0x4B4A, 0x6D4A, 
  0xEF52, 0x716A, 0xBEE3, 0x3DDC, 0xDFFF, 0xFFFF, 0xDFFF, 0xFFFF, 0xFEE5, 0x9FE3, 0x9382, 0xF59A, 0xDFEB, 0xFFE3, 0xD17A, 0x0A3A, 
  0x38A3, 0xD182, 0x4A42, 0x2A4A, 0xC841, 0xD69A, 0x1FF6, 0x7EED, 0xDFDB, 0x6F72, 0x2A42, 0x8B4A, 0x6B4A, 0x4B4A, 0x6B4A, 0x0942, 
  0x6B4A, 0x6B4A, 0x6B4A, 0x8D4A, 0xAE52, 0xAE5A, 0x2B3A, 0xF48A, 0x7FDB, 0xDFC2, 0xFFCA, 0x3FDB, 0xBFE3, 0x3DC3, 0xDFF6, 0xFFFF, 
  0xFFFF, 0x7EE5, 0x3ED3, 0xFFE3, 0xDFDB, 0xDFE3, 0xDFE3, 0x7DCB, 0x3EF7, 0xFFFF, 0xFFFF, 0xBFFF, 0xDDD3, 0x9FE3, 0xDFE3, 0xDFE3, 
  0x9ED3, 0x3EEE, 0xFFFF, 0xFCC4, 0x4E3B, 0x8C1B, 0x6C23, 0x6C23, 0x6C23, 0x6C23, 0x6C23, 0x6C23, 0x6C23, 0x6C23, 0x6C23, 0x6C23, 
  0x6C23, 0x6C23, 0x6C23, 0x6C23, 0x6C23, 0x6C23, 0x6C23, 0x6C23, 0x6C23, 0x6C23, 0x6C23, 0x6C23, 0x6C23, 0x6C23, 0x6C23, 0x6C23, 
  0x6C23, 0x6C23, 0x6C23, 0x6C23, 0x6C23, 0x6C23, 0x6C23, 0x6C23, 0x6C23, 0x8C2B, 0x8C23, 0x6C23, 0x6C23, 0x6C23, 0x6C23, 0x6C23, 
  0x6C23, 0x6C23, 0x6C23, 0x6C23, 0x6C23, 0x6C23, 0x6C23, 0x6C23, 0x6C23, 0x6C23, 0x6C23, 0x6C23, 0x6C23, 0x6C23, 0x6C23, 0x6C23, 
  0x6C23, 0x6C23, 0x6C23, 0x6C23, 0x6C23, 0x6C23, 0x6C23, 0x6C23, 0x6C23, 0x6C23, 0x6C23, 0x6C23, 0x6C23, 0x6C23, 0x6C23, 0x6C23, 
  0x6C23, 0x6C23, 0x6C23, 0x6B23, 0x6C23, 0x6C1B, 0x6C23, 0x6C23, 0x4C23, 0x4E3B, 0x1CCD, 0x9FFF, 0x9EDC, 0xD592, 0x4C4A, 0x6B4A, 
  0x4A42, 0x4A4A, 0x4B42, 0x6B4A, 0x8B4A, 0x4B42, 0x4B4A, 0x6B4A, 0xAD4A, 0xCD52, 0x6C4A, 0x6C4A, 0x2A42, 0x6B4A, 0x4A42, 0x2A42, 
  0x8C4A, 0x6C4A, 0x2A42, 0x4B42, 0x7ABB, 0x369B, 0x4B42, 0x8D4A, 0x4A4A, 0x8B4A, 0x6E52, 0x9BBB, 0x78AB, 0x0A3A, 0xB06A, 0xFDD3, 
  0x9072, 0x6C4A, 0x8C4A, 0x4A42, 0x2942, 0x4A42, 0x6C4A, 0xAD52, 0x6C4A, 0xE939, 0x9072, 0x7FDB, 0x1EE6, 0xFFFF, 0xFFFF, 0x3EF7, 
  0xDED3, 0xFFEB, 0x1593, 0x2B42, 0x6C4A, 0x6B42, 0xED51, 0xF9B3, 0x7FFF, 0x7DDC, 0x9ECA, 0x3FD3, 0xF58A, 0xC941, 0x4942, 0x2A42, 
  0x6B42, 0x6B4A, 0x2A42, 0x6A42, 0x8C4A, 0xAC4A, 0xD05A, 0x8E52, 0x2A42, 0x2A42, 0x8C4A, 0xAC4A, 0x6B4A, 0x093A, 0x6B4A, 0xCF5A, 
  0x8D4A, 0x7172, 0xBFE3, 0x9EDC, 0xFFFF, 0xFFFF, 0xDFFF, 0xFFFF, 0xDEE5, 0x9FDB, 0xD17A, 0x2D5A, 0xDEDB, 0xFFE3, 0x6D62, 0x493A, 
  0x4E5A, 0xCF5A, 0x4A42, 0x4A4A, 0x6E5A, 0x9BC3, 0x9FF6, 0x5FE5, 0x9FE3, 0xB282, 0x4A42, 0x6B4A, 0x4B4A, 0x6B4A, 0x4A42, 0x4A42, 
  0x6B4A, 0x8D4A, 0x4B4A, 0x8C4A, 0x8C4A, 0xAE62, 0x8D42, 0x2C52, 0x7CD3, 0x1FD3, 0xFFC2, 0xDFCA, 0xBFDB, 0x5ECB, 0x9DD4, 0xFFFF, 
  0xFFFF, 0x1FF7, 0x5DCB, 0xDFE3, 0xDFE3, 0xDFE3, 0xDFE3, 0x7DCB, 0x1FF7, 0xFFFF, 0xFFFF, 0xFFFF, 0x3EDC, 0x9FDB, 0xDFE3, 0xDFE3, 
  0x7EDB, 0x1EEE, 0xFFFF, 0x7CCD, 0x504B, 0x6B1B, 0x6C23, 0x6C23, 0x6C23, 0x6C23, 0x6C23, 0x6C23, 0x6C23, 0x6C23, 0x6C23, 0x6C23, 
  0x6C23, 0x6C23, 0x6C23, 0x6C23, 0x6C23, 0x6C23, 0x6C23, 0x6C23, 0x6C23, 0x6C23, 0x6C23, 0x6C23, 0x6C23, 0x6C23, 0x6C23, 0x6C23, 
  0x6C23, 0x6C23, 0x6C23, 0x6C23, 0x6C23, 0x6C23, 0x6C23, 0x6B23, 0x6C23, 0x6C23, 0x6C23, 0x6C23, 0x6C23, 0x6C23, 0x6C23, 0x6C23, 
  0x6C23, 0x6C23, 0x6C23, 0x6C23, 0x6C23, 0x6C23, 0x6C23, 0x6C23, 0x6C23, 0x6C23, 0x6C23, 0x6C23, 0x6C23, 0x6C23, 0x6C23, 0x6C23, 
  0x6C23, 0x6C23, 0x6C23, 0x6C23, 0x6C23, 0x6C23, 0x6C23, 0x6C23, 0x6C23, 0x6C23, 0x6C23, 0x6C23, 0x6C23, 0x6C23, 0x6C23, 0x6C23, 
  0x6C23, 0x6C23, 0x6C23, 0x6C23, 0x6C23, 0x6C23, 0x6B23, 0x8B23, 0x6B1B, 0x9363, 0x7FEE, 0xDFF6, 0x7CCB, 0x2D5A, 0x6B42, 0x6B4A, 
  0x4A42, 0x6C4A, 0x8C4A, 0x8C4A, 0x8D4A, 0x8D52, 0x4A42, 0x6B4A, 0x0A3A, 0x6B42, 0x6B4A, 0x6C4A, 0xCE52, 0xCE52, 0x8C4A, 0xCD52, 
  0x8D4A, 0x8C4A, 0x6B4A, 0x8D4A, 0x5ABB, 0x7AB3, 0x6D52, 0xAD4A, 0x2942, 0x6B42, 0x4E52, 0xBCCB, 0xB282, 0x4932, 0xF48A, 0x7CC3, 
  0x4D4A, 0xAD4A, 0x8C42, 0xAD4A, 0x6B4A, 0x6B4A, 0x6C4A, 0x6C52, 0x4B4A, 0x093A, 0x59B3, 0xBFDB, 0xFFF6, 0xFFFF, 0xFFFF, 0xDDD4, 
  0xBFEB, 0x79AB, 0x0C4A, 0x8C4A, 0x8C52, 0x6B52, 0x4B4A, 0x0E62, 0xFCD4, 0x1FFF, 0x1EC3, 0x1FD3, 0xF8AA, 0x6B4A, 0x6C4A, 0x4B4A, 
  0x4B42, 0x4A4A, 0x2942, 0x4B42, 0x6A4A, 0x8C4A, 0x6C4A, 0x2942, 0x6A4A, 0x2A42, 0x4A42, 0x6A4A, 0x4A42, 0x0942, 0x6A42, 0x6B4A, 
  0x293A, 0x917A, 0xBFE3, 0xDEDC, 0xFFFF, 0xFFFF, 0xFFFF, 0xFFFF, 0x7EE5, 0x7ED3, 0x6F6A, 0x0A3A, 0xF6A2, 0xDDD3, 0x4C52, 0x2A4A, 
  0x2A42, 0x6C42, 0x2A42, 0x293A, 0xF492, 0xFEE3, 0x1EF7, 0xBEDC, 0xBFE3, 0xD282, 0x2A42, 0x4A42, 0x4B4A, 0x8C4A, 0xCE5A, 0x8D52, 
  0x8C52, 0x8C4A, 0x4B4A, 0x4A42, 0xAC4A, 0x4B4A, 0x6A42, 0x4A42, 0xD48A, 0x9FDB, 0xDFCA, 0xFFC2, 0x3FCB, 0xDFE3, 0x3DCB, 0xDFF6, 
  0xFFFF, 0xFFFF, 0x9EDC, 0x7EDB, 0xFFEB, 0xDFE3, 0xDFE3, 0x7DCB, 0x3FF7, 0xFFFF, 0xFFFF, 0xFFFF, 0x5EDC, 0x9FDB, 0xFFE3, 0xDFE3, 
  0x7ED3, 0xBEE5, 0xFFFF, 0xDCD5, 0x304B, 0x6B1B, 0x6C23, 0x6C23, 0x6C23, 0x6C23, 0x6C23, 0x6C23, 0x6C23, 0x6C23, 0x6C23, 0x6C23, 
  0x6C23, 0x6C23, 0x6C23, 0x6C23, 0x6C23, 0x6C23, 0x6C23, 0x6C23, 0x6C23, 0x6C23, 0x6C23, 0x6C23, 0x6C23, 0x6C23, 0x6C23, 0x6C23, 
  0x6C23, 0x6C23, 0x6C23, 0x6C23, 0x6C23, 0x6C23, 0x6C23, 0x6C23, 0x6C23, 0x6C23, 0x6C23, 0x6C23, 0x6C23, 0x6C23, 0x6C23, 0x6C23, 
  0x6C23, 0x6C23, 0x6C23, 0x6C23, 0x6C23, 0x6C23, 0x6C23, 0x6C23, 0x6C23, 0x6C23, 0x6C23, 0x6C23, 0x6C23, 0x6C23, 0x6C23, 0x6C23, 
  0x6C23, 0x6C23, 0x6C23, 0x6C23, 0x6C23, 0x6C23, 0x6C23, 0x6C23, 0x6C23, 0x6C23, 0x6C23, 0x6C23, 0x6C23, 0x6C23, 0x6C23, 0x6C23, 
  0x6C23, 0x6C23, 0x6C23, 0x6C23, 0x6C23, 0x6C23, 0x6B23, 0x8B1B, 0x4C23, 0x189C, 0x7FFF, 0x5EED, 0x19AB, 0x8D52, 0xAC52, 0x4A4A, 
  0x6B4A, 0x6C4A, 0x6B42, 0x6C42, 0x8D4A, 0xAC52, 0x6B4A, 0x6B4A, 0x6B4A, 0x6B4A, 0x8B4A, 0x8B4A, 0x6C4A, 0x4B42, 0x6C4A, 0xAD52, 
  0x8D4A, 0x8D4A, 0x4B4A, 0x4B4A, 0x59B3, 0xDED3, 0x4F5A, 0xAC4A, 0xCE52, 0xAD4A, 0x8E62, 0xBBCB, 0x6F6A, 0x8D42, 0xBAB3, 0xF592, 
  0x8D42, 0x8D4A, 0x8C4A, 0x8D52, 0x4B4A, 0x6B4A, 0x8C4A, 0x8C4A, 0x2C4A, 0x138B, 0x9DDB, 0x9DE5, 0xFFFF, 0x9FFF, 0xFDDC, 0x7FE3, 
  0xFEDB, 0x6E62, 0xAC4A, 0xAC4A, 0xAC52, 0x4D52, 0x6B4A, 0x083A, 0xF59A, 0x5FFF, 0x7DCC, 0xBEC2, 0x7DCB, 0x8E52, 0x6A42, 0x2A52, 
  0x8B42, 0x2942, 0x4A4A, 0x6C4A, 0x6B4A, 0x6D4A, 0x4C4A, 0x2942, 0x4A42, 0x6B4A, 0x4A42, 0x093A, 0x4A42, 0x4A42, 0x6B42, 0x4A4A, 
  0x283A, 0xD282, 0xDFE3, 0xDEDC, 0xFFFF, 0xFFFF, 0xFFFF, 0xFFFF, 0xFFE4, 0x7CCB, 0x2D5A, 0x493A, 0x7072, 0x9AB3, 0x4C4A, 0xCE5A, 
  0x6B52, 0x094A, 0x6942, 0x8E5A, 0x7CD3, 0x9FE4, 0x5FF7, 0x1EDC, 0xFFE3, 0x6F72, 0xC839, 0x4A42, 0x2A42, 0x6B4A, 0xCD52, 0x6C4A, 
  0x8D4A, 0x8C4A, 0x6B4A, 0x4B4A, 0x8C4A, 0x4B42, 0x2842, 0x4B42, 0x2B4A, 0x7ABB, 0x3FD3, 0xDFCA, 0xFFC2, 0x9FDB, 0x1FDB, 0xDEDC, 
  0xFFFF, 0xFFFF, 0x3EEE, 0x1DCB, 0xDFEB, 0xDFE3, 0xDFE3, 0x5DCB, 0x1FF7, 0xFFFF, 0xFFFF, 0xFFFF, 0x3ED4, 0x7FDB, 0xFFE3, 0xFFE3, 
  0x5ED3, 0x7EDD, 0xFFFF, 0x3EE6, 0x9363, 0x6B1B, 0x6C23, 0x6C23, 0x6C23, 0x6C23, 0x6C23, 0x6C23, 0x6C23, 0x6C23, 0x6C23, 0x6C23, 
  0x6C23, 0x6C23, 0x6C23, 0x6C23, 0x6C23, 0x6C23, 0x6C23, 0x6C23, 0x6C23, 0x6C23, 0x6C23, 0x6C23, 0x6C23, 0x6C23, 0x6C23, 0x6C23, 
  0x6C23, 0x6C23, 0x6C23, 0x6C23, 0x6C23, 0x6C23, 0x6C23, 0x6C23, 0x6C23, 0x6C23, 0x6C23, 0x6C23, 0x6C23, 0x6C23, 0x6C23, 0x6C23, 
  0x6C23, 0x6C23, 0x6C23, 0x6C23, 0x6C23, 0x6C23, 0x6C23, 0x6C23, 0x6C23, 0x6C23, 0x6C23, 0x6C23, 0x6C23, 0x6C23, 0x6C23, 0x6C23, 
  0x6C23, 0x6C23, 0x6C23, 0x6C23, 0x6C23, 0x6C23, 0x6C23, 0x6C23, 0x6C23, 0x6C23, 0x6C23, 0x6C23, 0x6C23, 0x6C23, 0x6C23, 0x6C23, 
  0x6C23, 0x6C23, 0x6C23, 0x6B23, 0x6C23, 0x6C23, 0x6D23, 0x6B1B, 0x704B, 0x7EDD, 0x7FFF, 0xFCD3, 0x906A, 0x4C42, 0x6C52, 0x2A42, 
  0x6D4A, 0x3263, 0xAE4A, 0x8D4A, 0x8D4A, 0x6C4A, 0xAD52, 0x6C4A, 0x6B4A, 0x6C4A, 0x4B42, 0x4A42, 0x4A42, 0x6B4A, 0x6C4A, 0x4B4A, 
  0x8D52, 0x6C4A, 0x6B4A, 0x4A42, 0xD492, 0x1FEC, 0x7072, 0x4A42, 0x8D4A, 0xAD4A, 0xB172, 0x7ABB, 0x6D52, 0x7062, 0x7BC3, 0x4D5A, 
  0xCF52, 0x8E52, 0x6C4A, 0xAC4A, 0x6B4A, 0x6A42, 0x2A3A, 0x9062, 0x38AB, 0xBEDB, 0xBDE5, 0x7FF7, 0xFFE5, 0x3DDC, 0x9EDB, 0x1FEC, 
  0x589B, 0x6F52, 0x6B4A, 0x4C4A, 0x4A3A, 0x2A42, 0x2A42, 0x8B42, 0xD692, 0xDFFE, 0x1DD5, 0x9EC2, 0x7FD3, 0xF59A, 0x093A, 0x8A4A, 
  0x2942, 0x2A42, 0xAB52, 0x8D4A, 0x6C4A, 0xCF52, 0x5263, 0x8D4A, 0x6B4A, 0x6B4A, 0x4A42, 0x4A42, 0x8B4A, 0x8C4A, 0x6C4A, 0x8C52, 
  0x4A42, 0xD382, 0xDFE3, 0xBDDC, 0xFFFF, 0xFFFF, 0xFFFF, 0xBFFF, 0x5FDC, 0x5AB3, 0x2C52, 0x8B4A, 0x8E62, 0xD37A, 0x8C4A, 0xAE52, 
  0x8D4A, 0x6A4A, 0x2A42, 0xF68A, 0xBFE3, 0xDEE5, 0xDFF6, 0x9EDB, 0xFFE3, 0x6F6A, 0x0942, 0x4A42, 0x2A42, 0x4B42, 0x4B4A, 0x4B42, 
  0x4B42, 0x2942, 0x4A4A, 0x2942, 0x2A42, 0x4A42, 0x0842, 0x2A4A, 0x283A, 0x9172, 0xBFDB, 0xDECA, 0xDFD2, 0x1FCB, 0x9FE3, 0x7DCB, 
  0x3FF7, 0xFFFF, 0xBFFF, 0xBDCB, 0x9FDB, 0xFFE3, 0xDFE3, 0x7DCB, 0x1FF7, 0xFFFF, 0xFFFF, 0xBFFF, 0xDDD3, 0x9FDB, 0xDFE3, 0xFFE3, 
  0x5ED3, 0x7EDD, 0xFFFF, 0x9EE6, 0x5363, 0x6B1B, 0x6C23, 0x6C23, 0x6C23, 0x6C23, 0x6C23, 0x6C23, 0x6C23, 0x6C23, 0x6C23, 0x6C23, 
  0x6C23, 0x6C23, 0x6C23, 0x6C23, 0x6C23, 0x6C23, 0x6C23, 0x6C23, 0x6C23, 0x6C23, 0x6C23, 0x6C23, 0x6C23, 0x6C23, 0x6C23, 0x6C23, 
  0x6C23, 0x6C23, 0x6C23, 0x6C23, 0x6C23, 0x6C23, 0x6C23, 0x6C23, 0x6C23, 0x6C23, 0x6C23, 0x6C23, 0x6C23, 0x6C23, 0x6C23, 0x6C23, 
  0x6C23, 0x6C23, 0x6C23, 0x6C23, 0x6C23, 0x6C23, 0x6C23, 0x6C23, 0x6C23, 0x6C23, 0x6C23, 0x6C23, 0x6C23, 0x6C23, 0x6C23, 0x6C23, 
  0x6C23, 0x6C23, 0x6C23, 0x6C23, 0x6C23, 0x6C23, 0x6C23, 0x6C23, 0x6C23, 0x6C23, 0x6C23, 0x6C23, 0x6C23, 0x6C23, 0x6C23, 0x6C23, 
  0x6C23, 0x6C23, 0x6C23, 0x6C23, 0x6C23, 0x6C23, 0x8C23, 0x4C1B, 0x9473, 0xFFFE, 0x5FF6, 0xD6A2, 0x083A, 0x4B42, 0x4C4A, 0x4B4A, 
  0x6D4A, 0xAE52, 0x115B, 0xEF52, 0x8C4A, 0x6C4A, 0x6C4A, 0x6B4A, 0x2A42, 0x4A4A, 0x4A42, 0x6B4A, 0x8C4A, 0x6B4A, 0xAD52, 0x6B4A, 
  0x4A42, 0x6B4A, 0x4B4A, 0x083A, 0x917A, 0xFFF3, 0xF49A, 0x093A, 0x6B4A, 0x6C42, 0xF37A, 0x589B, 0x0A3A, 0xD282, 0x159B, 0x2A42, 
  0xAE52, 0x6D4A, 0x6942, 0x8D52, 0x6E5A, 0xB172, 0x16A3, 0x9DDB, 0x5FDB, 0x7ED3, 0xDEDC, 0x1DD4, 0xFEE3, 0xBFE3, 0x3FE4, 0x589B, 
  0x905A, 0xD15A, 0xCD52, 0x6B4A, 0xAD4A, 0x8B4A, 0x8B4A, 0xD052, 0x39AB, 0xFFFE, 0xBDD4, 0xBFC2, 0xFFCA, 0x9FDB, 0xF48A, 0x4B4A, 
  0x4C4A, 0x4A4A, 0x6B4A, 0x8D4A, 0xAD4A, 0x8C4A, 0x8E52, 0x6B4A, 0x2942, 0x4B4A, 0x4C4A, 0x4C4A, 0x8D52, 0xAC4A, 0x6C4A, 0x6B52, 
  0x8B42, 0xB37A, 0xDFEB, 0x1DD4, 0xBFFF, 0xFFFF, 0xFFFF, 0xFFF6, 0xDFDB, 0x37AB, 0x2A42, 0x2B4A, 0x6C52, 0x4C4A, 0x4A42, 0x4A42, 
  0x6C42, 0x6D4A, 0x9272, 0xFDD3, 0x9EDB, 0xFEF6, 0xDEE5, 0x5FE3, 0xDEE3, 0x4E62, 0x4A4A, 0x6B4A, 0x8C4A, 0x8B4A, 0x2B42, 0x6C4A, 
  0xAC52, 0x2A42, 0x4A4A, 0x283A, 0x6C4A, 0x6A4A, 0x6B4A, 0x4B42, 0x4A42, 0x0B4A, 0x58B3, 0x5FD3, 0xDFCA, 0xDFC2, 0x7FDB, 0x1ED3, 
  0x5DDD, 0xFFFF, 0xFFFF, 0x5EDD, 0x3ECB, 0xFFE3, 0xDFE3, 0x7ECB, 0xFEF6, 0xFFFF, 0xFFFF, 0x5FF7, 0x9DCB, 0xBFE3, 0xDFE3, 0xFFE3, 
  0x1ECB, 0x7EDD, 0xFFFF, 0xFFF6, 0x5463, 0x6B1B, 0x6C23, 0x6C23, 0x6C23, 0x6C23, 0x6C23, 0x6C23, 0x6C23, 0x6C23, 0x6C23, 0x6C23, 
  0x6C23, 0x6C23, 0x6C23, 0x6C23, 0x6C23, 0x6C23, 0x6C23, 0x6C23, 0x6C23, 0x6C23, 0x6C23, 0x6C23, 0x6C23, 0x6C23, 0x6C23, 0x6C23, 
  0x6C23, 0x6C23, 0x6C23, 0x6C23, 0x6C23, 0x6C23, 0x6C23, 0x6C23, 0x6C23, 0x6C23, 0x6C23, 0x6C23, 0x6C23, 0x6C23, 0x6C23, 0x6C23, 
  0x6C23, 0x6C23, 0x6C23, 0x6C23, 0x6C23, 0x6C23, 0x6C23, 0x6C23, 0x6C23, 0x6C23, 0x6C23, 0x6C23, 0x6C23, 0x6C23, 0x6C23, 0x6C23, 
  0x6C23, 0x6C23, 0x6C23, 0x6C23, 0x6C23, 0x6C23, 0x6C23, 0x6C23, 0x6C23, 0x6C23, 0x6C23, 0x6C23, 0x6C23, 0x6C23, 0x6C23, 0x6C23, 
  0x6C23, 0x6C23, 0x6C23, 0x6C23, 0x6C23, 0x6B23, 0x8B1B, 0x2D2B, 0x99AC, 0xBFFF, 0xDDDC, 0x2F62, 0x0942, 0x4A4A, 0xCC52, 0x8D4A, 
  0x8B4A, 0x6C42, 0xAE52, 0x6B42, 0x4942, 0x6C4A, 0x4A42, 0x8B4A, 0x2A42, 0x6C4A, 0x6B4A, 0x6C4A, 0x8D4A, 0xAD52, 0x8D4A, 0x6B4A, 
  0x073A, 0x2842, 0x8C52, 0x6B42, 0x6F6A, 0xFFEB, 0x57AB, 0x0A42, 0x4A42, 0x6B4A, 0xF17A, 0xD272, 0x4C4A, 0xB072, 0x8D52, 0xAC4A, 
  0x6B42, 0x2C4A, 0x7072, 0x169B, 0x9BCB, 0xFFE3, 0xDFEB, 0x5ED3, 0x1DCB, 0x1CCB, 0xFCC2, 0xBFDB, 0x3FEC, 0xBCD3, 0xB38A, 0x0A4A, 
  0x6A4A, 0x6B42, 0xAE4A, 0x8C4A, 0x6B4A, 0x8D52, 0xAE4A, 0x726A, 0x5DDC, 0xBFF6, 0x5EC3, 0xDFCA, 0xFFCA, 0xFFCA, 0x5FDB, 0x16AB, 
  0x9172, 0x4B42, 0x283A, 0x4A42, 0x6A4A, 0x4A42, 0x6B4A, 0x6B4A, 0x6B4A, 0x4B52, 0xCE62, 0x4C4A, 0x8D4A, 0x8C4A, 0x4942, 0x4942, 
  0x2A3A, 0x3693, 0xFFF3, 0x9DD3, 0x3EF7, 0xFFFF, 0xFFFF, 0x1DDD, 0xBFE3, 0xF492, 0x6A3A, 0x6B4A, 0x4B42, 0x483A, 0xC739, 0x0B4A, 
  0xB06A, 0x179B, 0xDEDB, 0xDFE3, 0xFECB, 0x7FFF, 0xDEDC, 0x7FEB, 0xBDD3, 0x0C52, 0x4A42, 0x4B42, 0x6C4A, 0xAE52, 0x8C4A, 0x8B4A, 
  0x6B4A, 0x4B42, 0x2A42, 0x4B42, 0xCE52, 0x8C4A, 0x8C42, 0xAD4A, 0x6C4A, 0x2942, 0xB072, 0xBFDB, 0xFFC2, 0xDFCA, 0x1FCB, 0x7FE3, 
  0x9DC3, 0x7FFF, 0xFFFF, 0xFEF6, 0x5ECB, 0xDFE3, 0xFFE3, 0x3ECB, 0x3EE6, 0xFFFF, 0xFFFF, 0xFFF6, 0x5DCB, 0xDFE3, 0xDFE3, 0xDFE3, 
  0xDECA, 0xBFE5, 0xFFFF, 0x5FFF, 0x5463, 0x6B1B, 0x6C23, 0x6C23, 0x6C23, 0x6C23, 0x6C23, 0x6C23, 0x6C23, 0x6C23, 0x6C23, 0x6C23, 
  0x6C23, 0x6C23, 0x6C23, 0x6C23, 0x6C23, 0x6C23, 0x6C23, 0x6C23, 0x6C23, 0x6C23, 0x6C23, 0x6C23, 0x6C23, 0x6C23, 0x6C23, 0x6C23, 
  0x6C23, 0x6C23, 0x6C23, 0x6C23, 0x6C23, 0x6C23, 0x6C23, 0x6C23, 0x6C23, 0x6C23, 0x6C23, 0x6C23, 0x6C23, 0x6C23, 0x6C23, 0x6C23, 
  0x6C23, 0x6C23, 0x6C23, 0x6C23, 0x6C23, 0x6C23, 0x6C23, 0x6C23, 0x6C23, 0x6C23, 0x6C23, 0x6C23, 0x6C23, 0x6C23, 0x6C23, 0x6C23, 
  0x6C23, 0x6C23, 0x6C23, 0x6C23, 0x6C23, 0x6C23, 0x6C23, 0x6C23, 0x6C23, 0x6C23, 0x6C23, 0x6C23, 0x6C23, 0x6C23, 0x6C23, 0x6C23, 
  0x6C23, 0x6C23, 0x6C23, 0x6C23, 0x6C23, 0x6C23, 0x6C1B, 0x7153, 0x1DE6, 0x3FFF, 0x57A3, 0x0C4A, 0x6A4A, 0x6A4A, 0x4B4A, 0x8C4A, 
  0x8D52, 0x6B4A, 0x6B4A, 0x2A42, 0x2942, 0x4A42, 0x6B4A, 0x8C4A, 0x4B42, 0xEE5A, 0x6B4A, 0x2A42, 0xAC52, 0x4B42, 0x2A42, 0x4942, 
  0x8531, 0x0642, 0x6B4A, 0x4B4A, 0x706A, 0x1FE4, 0x78AB, 0x0B42, 0xAD4A, 0x4C4A, 0x4B4A, 0x4A4A, 0x8D52, 0xAE4A, 0xAE52, 0x4C4A, 
  0x9272, 0x9BC3, 0xDFE3, 0xBFEB, 0xBFE3, 0x3CCB, 0x3DC3, 0x3CBB, 0x1DCB, 0x7ED3, 0xDFDB, 0x9BC3, 0xF382, 0x2C52, 0xE939, 0x2942, 
  0x6B4A, 0x8C4A, 0x4B42, 0x2A4A, 0x6B42, 0x6B42, 0x4D52, 0x5BBB, 0x3EDC, 0x1DD4, 0xDFC2, 0xFFCA, 0xFFCA, 0x1EC3, 0x5DCB, 0x1ED3, 
  0x3ECB, 0x179B, 0x6F6A, 0xEA49, 0xE839, 0x6B42, 0xAD4A, 0x8C4A, 0xAD52, 0xAD4A, 0x4B42, 0x8C4A, 0xAC4A, 0x093A, 0x4C4A, 0x6F62, 
  0x1693, 0xFEDB, 0x7FDB, 0xBDCB, 0xFFF6, 0x1EF7, 0x3DDD, 0xDED3, 0x5ABB, 0x2C52, 0x6A42, 0xEB49, 0x6F62, 0x917A, 0xD59A, 0x7BBB, 
  0x9ED3, 0xFFE3, 0xFFE3, 0xBFDB, 0x3ED4, 0x5FFF, 0x5DCC, 0xDFEB, 0x7AC3, 0x2B42, 0x6C4A, 0x6B4A, 0x8D52, 0x8D4A, 0x4B4A, 0x4A42, 
  0x6B42, 0xAD52, 0xAD52, 0x4B42, 0x4B4A, 0x6B4A, 0x2942, 0x6B4A, 0x4C4A, 0x8B4A, 0x4B4A, 0x59B3, 0x5FD3, 0xDFCA, 0xDFC2, 0x7FDB, 
  0x3ED3, 0x3DDD, 0xFFFF, 0xDFFF, 0x5DD4, 0x5FDB, 0x1FE4, 0x3FDB, 0x1EDD, 0xFFFF, 0xFFFF, 0x9FF6, 0x3DCB, 0xDFE3, 0xDFE3, 0xBFE3, 
  0xDDC2, 0x1EEE, 0xFFFF, 0x7FFF, 0x736B, 0x6A13, 0x6C23, 0x6C23, 0x6C23, 0x6C23, 0x6C23, 0x6C23, 0x6C23, 0x6C23, 0x6C23, 0x6C23, 
  0x6C23, 0x6C23, 0x6C23, 0x6C23, 0x6C23, 0x6C23, 0x6C23, 0x6C23, 0x6C23, 0x6C23, 0x6C23, 0x6C23, 0x6C23, 0x6C23, 0x6C23, 0x6C23, 
  0x6C23, 0x6C23, 0x6C23, 0x6C23, 0x6C23, 0x6C23, 0x6C23, 0x6C23, 0x6C23, 0x6C23, 0x6C23, 0x6C23, 0x6C23, 0x6C23, 0x6C23, 0x6C23, 
  0x6C23, 0x6C23, 0x6C23, 0x6C23, 0x6C23, 0x6C23, 0x6C23, 0x6C23, 0x6C23, 0x6C23, 0x6C23, 0x6C23, 0x6C23, 0x6C23, 0x6C23, 0x6C23, 
  0x6C23, 0x6C23, 0x6C23, 0x6C23, 0x6C23, 0x6C23, 0x6C23, 0x6C23, 0x6C23, 0x6C23, 0x6C23, 0x6C23, 0x6C23, 0x6C23, 0x6C23, 0x6C23, 
  0x6C23, 0x6C23, 0x6C23, 0x6C23, 0x6C23, 0x6C23, 0x6B1B, 0xF79B, 0x3FFF, 0xDEE5, 0x726A, 0x8C4A, 0xAC52, 0x6B4A, 0x8D4A, 0x4B4A, 
  0x8D4A, 0x6B4A, 0x4A42, 0x4B42, 0x2A42, 0x4B4A, 0x8D52, 0x2A42, 0x4A4A, 0x4A42, 0x4A42, 0x4942, 0x4B42, 0x6B4A, 0x8C4A, 0x8C4A, 
  0x2A4A, 0x2A42, 0x6A4A, 0x4A42, 0xB272, 0x1FF4, 0x169B, 0x4B4A, 0x8D52, 0x8C4A, 0x6A3A, 0x293A, 0x2B42, 0x8F5A, 0xB27A, 0x58AB, 
  0xFFE3, 0x9FEB, 0xDFE3, 0xFDDC, 0x7DDD, 0xBEE5, 0x5EE5, 0xDFE3, 0x5ECB, 0x18AB, 0xB172, 0x2B4A, 0xC839, 0xEB49, 0x4D52, 0x905A, 
  0x6F5A, 0x6D52, 0x8B4A, 0x4A4A, 0xAD52, 0x4A4A, 0xF49A, 0x9FE3, 0xDEC2, 0xDFCA, 0xFFCA, 0xDFCA, 0xDECA, 0x1EC3, 0x9EE5, 0xFFF6, 
  0x9EE5, 0x5EE4, 0x9DD3, 0x1AB3, 0x948A, 0x706A, 0x6F62, 0x6D52, 0x6E4A, 0x4B42, 0x4A42, 0x8C4A, 0xB062, 0xB48A, 0x5BBB, 0xDFDB, 
  0xFFF3, 0xBFE3, 0x5FD3, 0x5ED3, 0xFDD3, 0xBDD3, 0x7FE3, 0x3BC3, 0x1282, 0x948A, 0x17AB, 0x7AC3, 0x7DCB, 0x7FD3, 0x5FD3, 0x1FD3, 
  0xDECA, 0x3FD3, 0xDFE3, 0x7FE3, 0x1ED4, 0x1FFF, 0xDDD3, 0xFFEB, 0x38AB, 0x2B42, 0x8C4A, 0x8B4A, 0x4B4A, 0x2A42, 0x4A42, 0x6A4A, 
  0x4A42, 0x6B4A, 0x4B42, 0x8B4A, 0x6B4A, 0x4A42, 0x4A42, 0x6B4A, 0x2A42, 0x6B4A, 0x2A42, 0x7072, 0xBFDB, 0xFECA, 0xFFCA, 0xFFCA, 
  0x9FDB, 0x5CCB, 0x1EEF, 0xFFFF, 0x1EEE, 0x1ECB, 0xFFEB, 0x9FE3, 0xDDCB, 0x9FFF, 0xFFFF, 0x9EF6, 0x3DCB, 0xDFE3, 0xDFE3, 0x9FE3, 
  0xDEC2, 0x3EEE, 0xFFFF, 0x9FFF, 0xB36B, 0x6A13, 0x6C23, 0x6C23, 0x6C23, 0x6C23, 0x6C23, 0x6C23, 0x6C23, 0x6C23, 0x6C23, 0x6C23, 
  0x6C23, 0x6C23, 0x6C23, 0x6C23, 0x6C23, 0x6C23, 0x6C23, 0x6C23, 0x6C23, 0x6C23, 0x6C23, 0x6C23, 0x6C23, 0x6C23, 0x6C23, 0x6C23, 
  0x6C23, 0x6C23, 0x6C23, 0x6C23, 0x6C23, 0x6C23, 0x6C23, 0x6C23, 0x6C23, 0x6C23, 0x6C23, 0x6C23, 0x6C23, 0x6C23, 0x6C23, 0x6C23, 
  0x6C23, 0x6C23, 0x6C23, 0x6C23, 0x6C23, 0x6C23, 0x6C23, 0x6C23, 0x6C23, 0x6C23, 0x6C23, 0x6C23, 0x6C23, 0x6C23, 0x6C23, 0x6C23, 
  0x6C23, 0x6C23, 0x6C23, 0x6C23, 0x6C23, 0x6C23, 0x6C23, 0x6C23, 0x6C23, 0x6C23, 0x6C23, 0x6C23, 0x6C23, 0x6C23, 0x6C23, 0x6C23, 
  0x6C23, 0x6C23, 0x6C23, 0x6C23, 0x8C23, 0x6C1B, 0x2E43, 0x3BC5, 0xBFFF, 0xF8BB, 0x2D4A, 0x8C4A, 0x4B42, 0x4C4A, 0xEF5A, 0x8D52, 
  0x4B42, 0xAD52, 0x8C4A, 0x4A42, 0x8B4A, 0x8C52, 0x4A4A, 0x2942, 0x2942, 0x4A42, 0x6C4A, 0x6C4A, 0x8C4A, 0xAD52, 0x8C4A, 0xAD52, 
  0xAD52, 0x6C4A, 0x6C52, 0x6D4A, 0x7AAB, 0xFEE3, 0xEE59, 0x6A42, 0xAE52, 0xCE5A, 0x4C52, 0xB06A, 0x36A3, 0x9CCB, 0xFFE3, 0x7FDB, 
  0xFED2, 0xDDCA, 0x1DD4, 0x3DDD, 0x9FEC, 0x3FDC, 0xBABB, 0xD59A, 0x8F62, 0x0A3A, 0x0A42, 0x5062, 0x359B, 0x7BCC, 0xDDDC, 0x9EE4, 
  0xFDCB, 0x39AB, 0xF482, 0x2B42, 0x283A, 0x2C52, 0xBDCB, 0x3FCB, 0xDFC2, 0x1FCB, 0x1FC3, 0xFFC2, 0xFFC2, 0xDFCA, 0x3EC3, 0xBEE5, 
  0x9FFF, 0xFFFF, 0x5FF7, 0xFFE5, 0xBFE4, 0xDDD3, 0x5ABB, 0x18A3, 0xD792, 0xF68A, 0xB37A, 0xB582, 0x1AAB, 0xFFDB, 0xDFE3, 0xBEDB, 
  0xBEDB, 0x7EDB, 0x7FE3, 0x9FDB, 0x7FDB, 0x7FE3, 0xDEDB, 0x1DD4, 0x1FE5, 0xDFF5, 0xFEED, 0xBFE4, 0x1FC3, 0xDFC2, 0xDFCA, 0xFFC2, 
  0xDFCA, 0xFECA, 0xDFDB, 0x7FE3, 0xFED3, 0xDFF6, 0x9ED3, 0x1FEC, 0xF592, 0x2A42, 0xAB4A, 0x093A, 0x2A42, 0x4A42, 0x6B4A, 0x4B4A, 
  0x4B42, 0x6B4A, 0x6B4A, 0x6B4A, 0x6B4A, 0x2942, 0x4A42, 0x8B4A, 0x2A42, 0x6B4A, 0x8B4A, 0x0A4A, 0x59BB, 0x5FDB, 0xDFC2, 0xFFC2, 
  0x7FDB, 0x5FDB, 0x5DD4, 0xFFFF, 0x9EF7, 0x9DCB, 0x7FE3, 0xFFE3, 0x1ED3, 0x7EF6, 0xFFFF, 0xDEF6, 0x5DCB, 0xBFE3, 0xFFE3, 0x9FDB, 
  0xDEC2, 0x9EEE, 0xFFFF, 0xFFFF, 0x336C, 0x4A13, 0x8C23, 0x6C23, 0x6C23, 0x6C23, 0x6C23, 0x6C23, 0x6C23, 0x6C23, 0x6C23, 0x6C23, 
  0x6C23, 0x6C23, 0x6C23, 0x6C23, 0x6C23, 0x6C23, 0x6C23, 0x6C23, 0x6C23, 0x6C23, 0x6C23, 0x6C23, 0x6C23, 0x6C23, 0x6C23, 0x6C23, 
  0x6C23, 0x6C23, 0x6C23, 0x6C23, 0x6C23, 0x6C23, 0x6C23, 0x6C23, 0x6C23, 0x6C23, 0x6C23, 0x6C23, 0x6C23, 0x6C23, 0x6C23, 0x6C23, 
  0x6C23, 0x6C23, 0x6C23, 0x6C23, 0x6C23, 0x6C23, 0x6C23, 0x6C23, 0x6C23, 0x6C23, 0x6C23, 0x6C23, 0x6C23, 0x6C23, 0x6C23, 0x6C23, 
  0x6C23, 0x6C23, 0x6C23, 0x6C23, 0x6C23, 0x6C23, 0x6C23, 0x6C23, 0x6C23, 0x6C23, 0x6C23, 0x6C23, 0x6C23, 0x6C23, 0x6C23, 0x6C23, 
  0x6C23, 0x6C23, 0x6C23, 0x6C23, 0x6C23, 0x4B1B, 0x7263, 0xDFF6, 0xBFF6, 0x7282, 0x6C4A, 0xAF4A, 0xAF4A, 0x6D4A, 0xAD4A, 0xCD52, 
  0x6C4A, 0x8C4A, 0x8C4A, 0x6B4A, 0x6B4A, 0x4B42, 0x4B4A, 0x4A42, 0x6B4A, 0x4942, 0x6B4A, 0x6B4A, 0x6B4A, 0x6B4A, 0x6B4A, 0x8B4A, 
  0x4A42, 0xAC4A, 0xCF52, 0x9282, 0xFEDB, 0xB382, 0x4C42, 0xAC4A, 0x8C42, 0x6E52, 0x1493, 0x9AC3, 0xBCDB, 0xDEE3, 0xFFE3, 0xBFE3, 
  0xBFE3, 0xDFE3, 0x9EDB, 0x5BC3, 0x38A3, 0x717A, 0x8849, 0x2D52, 0x8C4A, 0x4D5A, 0x18A3, 0x1EE5, 0xBFED, 0xFFDC, 0x1DD4, 0xDDD3, 
  0xBFD3, 0x1ED3, 0x1FD3, 0x19AB, 0x2B5A, 0x6C4A, 0x9BB3, 0x9FDB, 0xFFCA, 0xDECA, 0xFEC2, 0xFFCA, 0xFECA, 0xFFCA, 0xDFC2, 0x9EC2, 
  0x3EC3, 0x9ED4, 0x3EEE, 0x5EFF, 0xFFFF, 0xBFFF, 0xFFFE, 0x5FF6, 0xFFF5, 0xBEED, 0xBEED, 0x5FF6, 0x5FEE, 0x5FEE, 0x5FF6, 0x7FEE, 
  0x9FF6, 0x3EF6, 0x3FF6, 0x5FEE, 0x5FEE, 0x5EF6, 0xDFF6, 0xFEF6, 0x5EEE, 0xFEDC, 0xBECB, 0xFECA, 0xFFCA, 0xFFCA, 0xFFCA, 0xFFCA, 
  0xDFCA, 0x3FCB, 0xFFE3, 0x3FD3, 0xBDCB, 0x1EE6, 0x7EDB, 0x1FE4, 0xF382, 0x6B4A, 0x2A42, 0x6B4A, 0x8B4A, 0x6B4A, 0x8C4A, 0x4B4A, 
  0x6C4A, 0x8C4A, 0x8C52, 0x4B4A, 0x6B4A, 0x4B4A, 0x4B42, 0x6B4A, 0x6B52, 0x2A42, 0x2A42, 0x093A, 0x4F72, 0xDFDB, 0xDFCA, 0xFFCA, 
  0xFFCA, 0xDFDB, 0xDECA, 0xBEE5, 0xFFFF, 0xDED4, 0x1ECB, 0x1FE4, 0x5FDB, 0xDDDC, 0xFFFF, 0x7FFF, 0x9CC3, 0x9FE3, 0xFFE3, 0x7FDB, 
  0xDEC2, 0x9EEE, 0xFFFF, 0xFFFF, 0x115C, 0x4A13, 0x8C23, 0x6C23, 0x6C23, 0x6C23, 0x6C23, 0x6C23, 0x6C23, 0x6C23, 0x6C23, 0x6C23, 
  0x6C23, 0x6C23, 0x6C23, 0x6C23, 0x6C23, 0x6C23, 0x6C23, 0x6C23, 0x6C23, 0x6C23, 0x6C23, 0x6C23, 0x6C23, 0x6C23, 0x6C23, 0x6C23, 
  0x6C23, 0x6C23, 0x6C23, 0x6C23, 0x6C23, 0x6C23, 0x6C23, 0x6C23, 0x6C23, 0x6C23, 0x6C23, 0x6C23, 0x6C23, 0x6C23, 0x6C23, 0x6C23, 
  0x6C23, 0x6C23, 0x6C23, 0x6C23, 0x6C23, 0x6C23, 0x6C23, 0x6C23, 0x6C23, 0x6C23, 0x6C23, 0x6C23, 0x6C23, 0x6C23, 0x6C23, 0x6C23, 
  0x6C23, 0x6C23, 0x6C23, 0x6C23, 0x6C23, 0x6C23, 0x6C23, 0x6C23, 0x6C23, 0x6C23, 0x6C23, 0x6C23, 0x6C23, 0x6C23, 0x6C23, 0x6C23, 
  0x6C23, 0x6C23, 0x6C23, 0x6C23, 0x8C23, 0x2C23, 0x568C, 0x9FFF, 0xDBCC, 0x0E52, 0x8C4A, 0xAE4A, 0x6D52, 0xAC52, 0xAC4A, 0x8C4A, 
  0x4B4A, 0x4A42, 0x4B42, 0x4C42, 0x8C4A, 0x6B4A, 0x6C4A, 0xAE52, 0x6C4A, 0x4A42, 0x6A4A, 0x6B4A, 0xAD52, 0x6C4A, 0x6C4A, 0x6C4A, 
  0x8C4A, 0x8B42, 0xD16A, 0xBBC3, 0xD37A, 0xD152, 0x6B42, 0x6A42, 0x8B4A, 0x2B4A, 0x2C4A, 0x2C4A, 0x4D52, 0x2E62, 0x9072, 0xD27A, 
  0xD37A, 0xB06A, 0x6D5A, 0xEB49, 0xEB41, 0x0A4A, 0xD28A, 0xD482, 0x727A, 0x9CCB, 0xBFED, 0x3DDD, 0xBDD3, 0x3FDB, 0x3ED3, 0x5ED3, 
  0x3ED3, 0x3ED3, 0xFFC2, 0x1FD3, 0x3ABB, 0x2C4A, 0xB072, 0xFEE3, 0xBFDB, 0x5FDB, 0x7FDB, 0x9FE3, 0xBFE3, 0xBFDB, 0xBEDB, 0x7EDB, 
  0x1FD3, 0xBFCA, 0xBEBA, 0x1DBB, 0x1ECC, 0x3EE5, 0x5EEE, 0x1FF7, 0xBFFF, 0xFFFF, 0x5FFF, 0x7EDD, 0xBEDC, 0xBED4, 0x9ED4, 0x5EDC, 
  0x9EDC, 0xDEDC, 0x3FDD, 0x1FE5, 0x1FE5, 0x1FDD, 0x5ED4, 0x9ECB, 0xDEC2, 0x9FCA, 0xDFCA, 0x3ECB, 0xFECA, 0xFFCA, 0xDFCA, 0xFFCA, 
  0xFFC2, 0x1FCB, 0x5FD3, 0xBEC2, 0xFED3, 0xDDDC, 0x7EE3, 0x1FE4, 0x7062, 0x2A42, 0x6B4A, 0x6B4A, 0x2A42, 0x0A42, 0x2A42, 0x2A42, 
  0x4A4A, 0x4A42, 0x6B4A, 0x8C52, 0x4A42, 0x4A42, 0x6B4A, 0x6B4A, 0x4B4A, 0x4B4A, 0x8C52, 0x4A42, 0x2B4A, 0x79B3, 0x5FDB, 0xDFC2, 
  0xDFCA, 0x7ED3, 0x9FE3, 0x1EC3, 0x1FF7, 0xBFF6, 0xFDC2, 0xDFE3, 0xDFE3, 0xBDC3, 0x5FF7, 0xFFFF, 0x3ED4, 0x3FDB, 0x1FE4, 0x7FDB, 
  0xBEC2, 0x1EEE, 0xFFFF, 0xFFFF, 0x347D, 0x2A1B, 0x6C23, 0x6C23, 0x6C23, 0x6C23, 0x6C23, 0x6C23, 0x6C23, 0x6C23, 0x6C23, 0x6C23, 
  0x6C23, 0x6C23, 0x6C23, 0x6C23, 0x6C23, 0x6C23, 0x6C23, 0x6C23, 0x6C23, 0x6C23, 0x6C23, 0x6C23, 0x6C23, 0x6C23, 0x6C23, 0x6C23, 
  0x6C23, 0x6C23, 0x6C23, 0x6C23, 0x6C23, 0x6C23, 0x6C23, 0x6C23, 0x6C23, 0x6C23, 0x6C23, 0x6C23, 0x6C23, 0x6C23, 0x6C23, 0x6C23, 
  0x6C23, 0x6C23, 0x6C23, 0x6C23, 0x6C23, 0x6C23, 0x6C23, 0x6C23, 0x6C23, 0x6C23, 0x6C23, 0x6C23, 0x6C23, 0x6C23, 0x6C23, 0x6C23, 
  0x6C23, 0x6C23, 0x6C23, 0x6C23, 0x6C23, 0x6C23, 0x6C23, 0x6C23, 0x6C23, 0x6C23, 0x6C23, 0x6C23, 0x6C23, 0x6C23, 0x6C23, 0x6C23, 
  0x6C23, 0x6C23, 0x6C23, 0x6B23, 0x8C1B, 0x2E33, 0xDBD5, 0x5FFF, 0x3693, 0xAE52, 0x8C4A, 0x6B42, 0x2A4A, 0x4B42, 0x8E4A, 0x6C4A, 
  0x6B4A, 0xAD52, 0x4B42, 0x6B4A, 0xAC52, 0x8C4A, 0x8B4A, 0x4C42, 0x6C4A, 0xAD52, 0x8C4A, 0x6C4A, 0x6B4A, 0x2A42, 0x4A42, 0x8C4A, 
  0xCD52, 0x6C4A, 0xB16A, 0x9062, 0x8E4A, 0xEF52, 0x8C4A, 0x4B42, 0x8D4A, 0x8D4A, 0xAC4A, 0x8B4A, 0x6A42, 0x4A42, 0x293A, 0xE939, 
  0xC939, 0xEC49, 0x6F6A, 0xB282, 0x79BB, 0x1ED4, 0x5793, 0x738A, 0x9DD3, 0x7EED, 0xFDDC, 0x7ED3, 0xBEDB, 0x7DDC, 0xBEED, 0x7EEE, 
  0xDEED, 0x5ED4, 0x9ECB, 0xDFCA, 0x3FD3, 0x17A3, 0x0E4A, 0x159B, 0xFFEB, 0xDFE3, 0xBFEB, 0xDFEB, 0xFFEB, 0xFFE3, 0xFFDB, 0x1EDC, 
  0xFEDB, 0x1FDC, 0xFFE3, 0x7FE3, 0xDFD2, 0x9ECA, 0xBDC2, 0xFDC2, 0x9DCB, 0xDDCB, 0xDDD3, 0xFDC2, 0x9FC2, 0x9FC2, 0xBFC2, 0xBFC2, 
  0x9FC2, 0x9FC2, 0x9FC2, 0x7FC2, 0x9FC2, 0x9FC2, 0x9FC2, 0xBFCA, 0xFFCA, 0xFFC2, 0xFFC2, 0xDFCA, 0xDFCA, 0xFFC2, 0xFFCA, 0xFFC2, 
  0xFFC2, 0xFFCA, 0xFECA, 0xDFCA, 0x5FCB, 0x9DCB, 0xDFEB, 0xBDD3, 0x6E5A, 0x4A42, 0xAC4A, 0xAD52, 0x4B4A, 0x6B4A, 0x2942, 0x4A4A, 
  0x4A42, 0x4A42, 0x4A42, 0x4B42, 0x2942, 0x4A4A, 0x8C4A, 0x2A42, 0x6A42, 0x6A4A, 0x4A4A, 0x4A42, 0x4A3A, 0x7072, 0xDEDB, 0xDFCA, 
  0xFFCA, 0xFFCA, 0xDFE3, 0x1FCB, 0xFECB, 0xBFF6, 0x3DC3, 0x7FDB, 0xFFE3, 0x3ECB, 0xDEE5, 0xFFFF, 0x3EDD, 0xFED2, 0xFFE3, 0xBFDB, 
  0xBEC2, 0x9EE5, 0xFFFF, 0xFFFF, 0x38A6, 0x0B1B, 0x6C23, 0x6C23, 0x6C23, 0x6C23, 0x6C23, 0x6C23, 0x6C23, 0x6C23, 0x6C23, 0x6C23, 
  0x6C23, 0x6C23, 0x6C23, 0x6C23, 0x6C23, 0x6C23, 0x6C23, 0x6C23, 0x6C23, 0x6C23, 0x6C23, 0x6C23, 0x6C23, 0x6C23, 0x6C23, 0x6C23, 
  0x6C23, 0x6C23, 0x6C23, 0x6C23, 0x6C23, 0x6C23, 0x6C23, 0x6C23, 0x6C23, 0x6C23, 0x6C23, 0x6C23, 0x6C23, 0x6C23, 0x6C23, 0x6C23, 
  0x6C23, 0x6C23, 0x6C23, 0x6C23, 0x6C23, 0x6C23, 0x6C23, 0x6C23, 0x6C23, 0x6C23, 0x6C23, 0x6C23, 0x6C23, 0x6C23, 0x6C23, 0x6C23, 
  0x6C23, 0x6C23, 0x6C23, 0x6C23, 0x6C23, 0x6C23, 0x6C23, 0x6C23, 0x6C23, 0x6C23, 0x6C23, 0x6C23, 0x6C23, 0x6C23, 0x6C23, 0x6C23, 
  0x6C23, 0x6C23, 0x6C23, 0x6C23, 0x4C1B, 0xB25B, 0x3FF7, 0xDEE5, 0x5062, 0x8B4A, 0x4A4A, 0x4B4A, 0x8C52, 0xAD52, 0x6C4A, 0xAD4A, 
  0x8D4A, 0xCE52, 0x8D4A, 0x4B42, 0x4B42, 0x8C4A, 0x6C4A, 0x6C4A, 0x8D52, 0x8C4A, 0x4B4A, 0x8C4A, 0x4A42, 0x2A42, 0x4A42, 0x6B4A, 
  0x4B42, 0x4B4A, 0x4A4A, 0x6B42, 0x6C4A, 0xAC52, 0x6B4A, 0x4A42, 0x6B4A, 0x8D52, 0x4C4A, 0x4B4A, 0x2A42, 0x4D4A, 0xB272, 0xD492, 
  0x99BB, 0xFDDB, 0xFFF3, 0x1FE4, 0x7ABB, 0xB37A, 0xD48A, 0x9EE3, 0x9ED4, 0xBEE5, 0x7FDB, 0xBFE3, 0x3DDD, 0xBFFF, 0xFFFF, 0xFFFF, 
  0xFFFF, 0xBFFF, 0x3DDD, 0x5ED3, 0xFECA, 0x5FD3, 0x379B, 0x4C42, 0x58AB, 0xFFEB, 0xFFEB, 0xDEDB, 0xF6A2, 0x8F72, 0x2F6A, 0x0D5A, 
  0xEC59, 0x2F6A, 0x927A, 0x77AB, 0xBCD3, 0xDFDB, 0x9FDB, 0x5FDB, 0x3FDB, 0x3FDB, 0x5FDB, 0x7FDB, 0x7FDB, 0x3FD3, 0x3FCB, 0x1FCB, 
  0x1FCB, 0xFFCA, 0x3FD3, 0x7FDB, 0x9FDB, 0x9FDB, 0x9FDB, 0x9FDB, 0x9FDB, 0x7FD3, 0x7FD3, 0x5FD3, 0x3FD3, 0x5FD3, 0x1FCB, 0xFFCA, 
  0x1FCB, 0xFFCA, 0xFFCA, 0xFFCA, 0xDFCA, 0x7FD3, 0x1FEC, 0x5ABB, 0x4C4A, 0x8B42, 0x6B4A, 0x6C4A, 0x6C4A, 0x6B4A, 0x6B4A, 0x8C4A, 
  0x6B42, 0x6C4A, 0x8B4A, 0x2A42, 0x4A42, 0x8B4A, 0x4B4A, 0x6B4A, 0x6B4A, 0x0942, 0x2942, 0x4942, 0x6B4A, 0xEC49, 0x77AB, 0x5FDB, 
  0xFFC2, 0xDFCA, 0x5FD3, 0xDFE3, 0xBEC2, 0x1ED4, 0x5ED4, 0x1FCB, 0xFFEB, 0x7FDB, 0x1DCC, 0xFFFF, 0x7EEE, 0xFECA, 0xDFE3, 0xBFDB, 
  0xBFC2, 0xFEDC, 0xFFFF, 0xFFFF, 0x5ABE, 0x2D2B, 0x6B23, 0x6C23, 0x6C23, 0x6C23, 0x6C23, 0x6C23, 0x6C23, 0x6C23, 0x6C23, 0x6C23, 
  0x6C23, 0x6C23, 0x6C23, 0x6C23, 0x6C23, 0x6C23, 0x6C23, 0x6C23, 0x6C23, 0x6C23, 0x6C23, 0x6C23, 0x6C23, 0x6C23, 0x6C23, 0x6C23, 
  0x6C23, 0x6C23, 0x6C23, 0x6C23, 0x6C23, 0x6C23, 0x6C23, 0x6C23, 0x6C23, 0x6C23, 0x6C23, 0x6C23, 0x6C23, 0x6C23, 0x6C23, 0x6C23, 
  0x6C23, 0x6C23, 0x6C23, 0x6C23, 0x6C23, 0x6C23, 0x6C23, 0x6C23, 0x6C23, 0x6C23, 0x6C23, 0x6C23, 0x6C23, 0x6C23, 0x6C23, 0x6C23, 
  0x6C23, 0x6C23, 0x6C23, 0x6C23, 0x6C23, 0x6C23, 0x6C23, 0x6C23, 0x6C23, 0x6C23, 0x6C23, 0x6C23, 0x6C23, 0x6C23, 0x6C23, 0x6C23, 
  0x6C23, 0x6C23, 0x6C23, 0x6C23, 0x2C23, 0x19A5, 0xBFFF, 0xD7A3, 0x0B42, 0x8B4A, 0x4A4A, 0x6B4A, 0x8C4A, 0x8C4A, 0x8B4A, 0x4B42, 
  0x6C4A, 0x6C4A, 0x8C4A, 0x6B42, 0x6B4A, 0x6B4A, 0x4B42, 0x8C4A, 0x8C4A, 0x4A42, 0x6B4A, 0xAC52, 0x8C4A, 0x6B4A, 0x8B4A, 0x2A42, 
  0x2942, 0x4B42, 0x8C4A, 0x6A42, 0x6C4A, 0x8C4A, 0x4942, 0x4A4A, 0x8C4A, 0xAC4A, 0x8A42, 0x2A4A, 0xB17A, 0x59B3, 0xBDCB, 0x9BCB, 
  0x59B3, 0xD692, 0xB382, 0xB272, 0x7172, 0x38AB, 0xDFEB, 0x7EDB, 0xDEE5, 0x5DDC, 0x9FDB, 0xFEE4, 0xDFFF, 0xFFFF, 0xDFFF, 0xFFFF, 
  0xDFFF, 0xFEFF, 0xDFFF, 0xDDDC, 0x3ED3, 0x1FCB, 0x5BC3, 0x2B52, 0x2B42, 0x169B, 0x78BB, 0x6F6A, 0xE941, 0x0732, 0x0B4A, 0xB48A, 
  0x18AB, 0xF8AA, 0xD492, 0x2F62, 0x2D52, 0x4E62, 0x9172, 0xF592, 0x18AB, 0x5CC3, 0x5FD3, 0x7FDB, 0x9FE3, 0xDFE3, 0xDFE3, 0xDFE3, 
  0xBFE3, 0xBFDB, 0xFFE3, 0xFFE3, 0xFFE3, 0xDFE3, 0xDFE3, 0xFFE3, 0xFFE3, 0xFFE3, 0xFFE3, 0xBFE3, 0x9FDB, 0x3ED3, 0xFFCA, 0xFFCA, 
  0xFFCA, 0xFFCA, 0xFFCA, 0xFFC2, 0x3FD3, 0xDFE3, 0xFFEB, 0xF592, 0x2B4A, 0x6C4A, 0x4C4A, 0x4A42, 0x4A4A, 0x4B42, 0x6B4A, 0x8C4A, 
  0x8D4A, 0x6C4A, 0x8D52, 0x4B4A, 0x6B4A, 0x4A42, 0x2942, 0x6D4A, 0x6C4A, 0x4B4A, 0x2A4A, 0x4B42, 0xED52, 0x6C4A, 0x9172, 0xBFDB, 
  0xDFCA, 0xFFCA, 0x1FCB, 0xDFE3, 0x7FDB, 0x3DCB, 0x7DCB, 0xFFCA, 0xBFEB, 0xDFEB, 0x5DC3, 0xDEF6, 0x9FFF, 0x5ECB, 0x9FDB, 0xBFE3, 
  0xBFCA, 0x3ED4, 0xFFFF, 0xFFFF, 0x9DDE, 0x2F3B, 0x6B1B, 0x6C23, 0x6C23, 0x6C23, 0x6C23, 0x6C23, 0x6C23, 0x6C23, 0x6C23, 0x6C23, 
  0x6C23, 0x6C23, 0x6C23, 0x6C23, 0x6C23, 0x6C23, 0x6C23, 0x6C23, 0x6C23, 0x6C23, 0x6C23, 0x6C23, 0x6C23, 0x6C23, 0x6C23, 0x6C23, 
  0x6C23, 0x6C23, 0x6C23, 0x6C23, 0x6C23, 0x6C23, 0x6C23, 0x6C23, 0x6C23, 0x6C23, 0x6C23, 0x6C23, 0x6C23, 0x6C23, 0x6C23, 0x6C23, 
  0x6C23, 0x6C23, 0x6C23, 0x6C23, 0x6C23, 0x6C23, 0x6C23, 0x6C23, 0x6C23, 0x6C23, 0x6C23, 0x6C23, 0x6C23, 0x6C23, 0x6C23, 0x6C23, 
  0x6C23, 0x6C23, 0x6C23, 0x6C23, 0x6C23, 0x6C23, 0x6C23, 0x6C23, 0x6C23, 0x6C23, 0x6C23, 0x6C23, 0x6C23, 0x6C23, 0x6C23, 0x6C23, 
  0x6C23, 0x6C23, 0x6C23, 0x6B1B, 0x704B, 0xBDE6, 0x9FF6, 0x706A, 0x6B42, 0x8C4A, 0x8C4A, 0x2A42, 0x2A42, 0x4B42, 0x2A42, 0x2A42, 
  0xAC52, 0x6C4A, 0x4B42, 0xAD52, 0x8C52, 0x8B4A, 0xAD52, 0xCD52, 0x4B42, 0x2A3A, 0x6B4A, 0x8C4A, 0x4B4A, 0x6B4A, 0x6B4A, 0x4A42, 
  0x4A42, 0x4A42, 0x8C4A, 0x6A42, 0x8C4A, 0x8E4A, 0x6C42, 0x8C4A, 0x8D52, 0x6C4A, 0x4A42, 0x2942, 0x8C5A, 0x2D52, 0x2D5A, 0x2F62, 
  0x5272, 0x958A, 0xB8AA, 0x3CC3, 0xBFDB, 0x3FDB, 0x3FDB, 0x7DDC, 0xFEED, 0x9EDB, 0xFEDB, 0x3EF7, 0xFFFF, 0xDFFF, 0xFFFF, 0xFFFF, 
  0xFFFF, 0xDEFF, 0xFFFF, 0x1FF7, 0xBED3, 0xFFCA, 0x3FD3, 0xF6A2, 0xE739, 0x4A42, 0x2B4A, 0x0A42, 0x2A4A, 0x2E5A, 0x9BBB, 0xBEDB, 
  0x3FDC, 0x1FDC, 0x9FDB, 0xFFDB, 0xD382, 0xE839, 0x2942, 0x293A, 0x2942, 0x2D5A, 0x9482, 0xD9A2, 0x3DC3, 0x7FD3, 0x9FDB, 0xBFE3, 
  0xDFE3, 0xDFE3, 0xBFE3, 0xBFEB, 0xDFE3, 0xDFE3, 0xDFE3, 0xDFE3, 0xDFE3, 0xBFE3, 0x3FD3, 0xFFCA, 0xDFCA, 0xFFCA, 0xFFCA, 0xFFCA, 
  0xFFCA, 0xFFCA, 0xFFC2, 0x1FCB, 0xBFE3, 0xDFEB, 0xDEDB, 0x4D5A, 0x494A, 0x2C4A, 0x8D52, 0x6A42, 0x6A4A, 0xAD52, 0x2A42, 0x8C4A, 
  0xCE52, 0x8C4A, 0x2B42, 0x4A4A, 0x2942, 0x4A42, 0x2942, 0x4B4A, 0x6A42, 0x6B4A, 0x4B4A, 0x4B42, 0x4B42, 0x6B42, 0x0B4A, 0x58B3, 
  0x3FDB, 0xDFCA, 0xFFCA, 0x7FD3, 0xDFEB, 0x3ED3, 0xDEC2, 0x1FD3, 0xBFE3, 0xFFE3, 0x3FD3, 0xFED4, 0xFFFF, 0x5DCC, 0x1ED3, 0xBFE3, 
  0xDECA, 0xBDCB, 0x9FFF, 0xFFFF, 0xFFF6, 0x915B, 0x6B1B, 0x6C23, 0x6C23, 0x6C23, 0x6C23, 0x6C23, 0x6C23, 0x6C23, 0x6C23, 0x6C23, 
  0x6C23, 0x6C23, 0x6C23, 0x6C23, 0x6C23, 0x6C23, 0x6C23, 0x6C23, 0x6C23, 0x6C23, 0x6C23, 0x6C23, 0x6C23, 0x6C23, 0x6C23, 0x6C23, 
  0x6C23, 0x6C23, 0x6C23, 0x6C23, 0x6C23, 0x6C23, 0x6C23, 0x6C23, 0x6C23, 0x6C23, 0x6C23, 0x6C23, 0x6C23, 0x6C23, 0x6C23, 0x6C23, 
  0x6C23, 0x6C23, 0x6C23, 0x6C23, 0x6C23, 0x6C23, 0x6C23, 0x6C23, 0x6C23, 0x6C23, 0x6C23, 0x6C23, 0x6C23, 0x6C23, 0x6C23, 0x6C23, 
  0x6C23, 0x6C23, 0x6C23, 0x6C23, 0x6C23, 0x6C23, 0x6C23, 0x6C23, 0x6C23, 0x6C23, 0x6C23, 0x6C23, 0x6C23, 0x6C23, 0x6C23, 0x6C23, 
  0x6C23, 0x6C23, 0x6C23, 0x4B1B, 0x3684, 0xDFFF, 0x99BC, 0x2C52, 0x8C4A, 0x6B4A, 0x8C4A, 0x6B4A, 0x8C52, 0x4B42, 0x6C4A, 0x8C52, 
  0x4A4A, 0x4A4A, 0x4B42, 0x8C4A, 0x4A42, 0x6B4A, 0x6C4A, 0x6C4A, 0xAD52, 0x8C4A, 0x8C4A, 0x8D4A, 0x8C4A, 0x8C4A, 0x6B4A, 0x4B4A, 
  0x6B4A, 0x4A42, 0x4B42, 0x6E52, 0x4C52, 0x2A4A, 0x0A42, 0x2A42, 0x4B42, 0x4C4A, 0x6E5A, 0x706A, 0x5172, 0xB592, 0x5AB3, 0xDBC3, 
  0x7DD4, 0x1FE5, 0xBFED, 0x5FDC, 0xBEBA, 0x1FCB, 0x9FDB, 0x5EE5, 0x5EE5, 0x5FDB, 0x1EE5, 0xFEFF, 0xFFFF, 0xFFFF, 0xFFFF, 0xFFFF, 
  0xFFFF, 0xFFFF, 0xFFFF, 0xFFFF, 0xDDDC, 0xFED2, 0xDFC2, 0x7FDB, 0xB17A, 0xEA39, 0x6B42, 0x6B4A, 0xE941, 0x58B3, 0xDEDB, 0x1EE6, 
  0xBFFF, 0xDFFF, 0xDDE5, 0x5ED3, 0xFEDB, 0x4D5A, 0x2942, 0x6C4A, 0xAD52, 0xCD4A, 0xCE4A, 0xAF52, 0xB26A, 0xB58A, 0x1AAB, 0x5FCB, 
  0x7FDB, 0x9FE3, 0xBFE3, 0xDFE3, 0xDFE3, 0xDFE3, 0xDFE3, 0xDFE3, 0xDFE3, 0x7FDB, 0xDFCA, 0xFFCA, 0xFFCA, 0xFFCA, 0xFFCA, 0xFFCA, 
  0xFFCA, 0xFFCA, 0xFFCA, 0x9FDB, 0xDFE3, 0xFFEB, 0x59B3, 0x0A42, 0x6A4A, 0x4C4A, 0xCE52, 0x6B42, 0x2A42, 0xCD52, 0x4A42, 0x2A42, 
  0x8C4A, 0x6B4A, 0x2942, 0x2942, 0x2A42, 0xAC52, 0x6C4A, 0x4942, 0x6A4A, 0x6B42, 0x4A42, 0x4B4A, 0x4B4A, 0x6B4A, 0x083A, 0x8F72, 
  0xBFDB, 0xDFCA, 0xFECA, 0x1FCB, 0xBFE3, 0xDFE3, 0x5FD3, 0x1ECB, 0xDFE3, 0xFFE3, 0x9FDB, 0x5DC3, 0x9FFF, 0xDEDD, 0xBECA, 0xBFE3, 
  0xDFCA, 0x5EC3, 0x5FF7, 0xFFFF, 0x9FFF, 0x3584, 0x4C23, 0x6C23, 0x6C23, 0x6C23, 0x6C23, 0x6C23, 0x6C23, 0x6C23, 0x6C23, 0x6C23, 
  0x6C23, 0x6C23, 0x6C23, 0x6C23, 0x6C23, 0x6C23, 0x6C23, 0x6C23, 0x6C23, 0x6C23, 0x6C23, 0x6C23, 0x6C23, 0x6C23, 0x6C23, 0x6C23, 
  0x6C23, 0x6C23, 0x6C23, 0x6C23, 0x6C23, 0x6C23, 0x6C23, 0x6C23, 0x6C23, 0x6C23, 0x6C23, 0x6C23, 0x6C23, 0x6C23, 0x6C23, 0x6C23, 
  0x6C23, 0x6C23, 0x6C23, 0x6C23, 0x6C23, 0x6C23, 0x6C23, 0x6C23, 0x6C23, 0x6C23, 0x6C23, 0x6C23, 0x6C23, 0x6C23, 0x6C23, 0x6C23, 
  0x6C23, 0x6C23, 0x6C23, 0x6C23, 0x6C23, 0x6C23, 0x6C23, 0x6C23, 0x6C23, 0x6C23, 0x6C23, 0x6C23, 0x6C23, 0x6C23, 0x6C23, 0x6C23, 
  0x6C23, 0x6C23, 0x6B1B, 0x2E33, 0xDCCD, 0x5FFF, 0xD37A, 0x4B42, 0x6B4A, 0xAD4A, 0x6B4A, 0x8C4A, 0x6B4A, 0x4B42, 0xAD52, 0x4B42, 
  0x4A42, 0x8C4A, 0x6B4A, 0x6C4A, 0x4B4A, 0x6B4A, 0x6C4A, 0x8D4A, 0xAE52, 0x6C4A, 0xAD4A, 0xAD4A, 0x8C4A, 0x8C4A, 0x4B42, 0x8C52, 
  0x6C4A, 0x2B4A, 0xB382, 0xBBB3, 0xBBC3, 0x79BB, 0xF7AA, 0xD69A, 0x17A3, 0x59B3, 0xDBCB, 0x9DDC, 0x9EE5, 0x5FF6, 0xDFFE, 0x3FFF, 
  0xBFFF, 0xFFFF, 0xFFFF, 0x5EEE, 0xDEC2, 0x5FDB, 0xBEE3, 0x1EEE, 0x5EDC, 0x7EE3, 0x7EF6, 0xFFFF, 0xFFFF, 0xFFFF, 0xFFFF, 0xFFFF, 
  0xFFFF, 0xFFFF, 0xDFFF, 0xFFFF, 0xDEE5, 0x3ED3, 0x1EC3, 0xFFD2, 0xBED3, 0xD48A, 0x6D5A, 0x4C4A, 0xF48A, 0xBED3, 0x1EEE, 0xFFFF, 
  0xFFFF, 0xFFFF, 0xFFFF, 0x3DD4, 0x7FE3, 0xB17A, 0x0942, 0x4C4A, 0x6C4A, 0x4B42, 0x8D4A, 0xAD4A, 0x6C42, 0x8C4A, 0x4D4A, 0x906A, 
  0xF592, 0x7BBB, 0xDFDB, 0xFFEB, 0xDFEB, 0xDFE3, 0xDFE3, 0xBEDB, 0xDFE3, 0x7FDB, 0xFFCA, 0xFFCA, 0xFFCA, 0xFFCA, 0x1FCB, 0xFFCA, 
  0xFFCA, 0xFFCA, 0x9FE3, 0xDFEB, 0xDFE3, 0x1FE4, 0x938A, 0xEA41, 0x8B4A, 0x4C4A, 0x6B4A, 0x6A42, 0x4B4A, 0x4B42, 0x2A42, 0x4B42, 
  0xAC4A, 0x6C4A, 0x2942, 0x2A42, 0x6B4A, 0xAD52, 0x6D4A, 0x6B42, 0x8C4A, 0x2A42, 0x6B4A, 0x8C4A, 0x6B4A, 0x8C4A, 0xAC4A, 0x4C4A, 
  0x79B3, 0x3FD3, 0xFFCA, 0xFFCA, 0x9FDB, 0xFFE3, 0xDFE3, 0x9FDB, 0xDFDB, 0xFFDB, 0xDFEB, 0xDECA, 0xDFE5, 0xFFF6, 0xDEC2, 0x3FD3, 
  0xFFCA, 0xFEC2, 0xDFF6, 0xFFFF, 0xFFFF, 0xDABC, 0x0E2B, 0x8C1B, 0x6C23, 0x6C23, 0x6C23, 0x6C23, 0x6C23, 0x6C23, 0x6C23, 0x6C23, 
  0x6C23, 0x6C23, 0x6C23, 0x6C23, 0x6C23, 0x6C23, 0x6C23, 0x6C23, 0x6C23, 0x6C23, 0x6C23, 0x6C23, 0x6C23, 0x6C23, 0x6C23, 0x6C23, 
  0x6C23, 0x6C23, 0x6C23, 0x6C23, 0x6C23, 0x6C23, 0x6C23, 0x6C23, 0x6C23, 0x6C23, 0x6C23, 0x6C23, 0x6C23, 0x6C23, 0x6C23, 0x6C23, 
  0x6C23, 0x6C23, 0x6C23, 0x6C23, 0x6C23, 0x6C23, 0x6C23, 0x6C23, 0x6C23, 0x6C23, 0x6C23, 0x6C23, 0x6C23, 0x6C23, 0x6C23, 0x6C23, 
  0x6C23, 0x6C23, 0x6C23, 0x6C23, 0x6C23, 0x6C23, 0x6C23, 0x6C23, 0x6C23, 0x6C23, 0x6C23, 0x6C23, 0x6C23, 0x6C23, 0x6C23, 0x6C23, 
  0x6C23, 0x8C23, 0x4B1B, 0xF36B, 0x7FFF, 0x7BDD, 0xED51, 0x6B42, 0x8C4A, 0xAC4A, 0x093A, 0x4A42, 0x8B4A, 0x4A42, 0x8C4A, 0x6C4A, 
  0x8C4A, 0x6B42, 0x8C4A, 0x8C4A, 0x8C52, 0x4A42, 0x4B42, 0xCE52, 0xAE52, 0xAD4A, 0x8C4A, 0x6B42, 0x4B42, 0x6B4A, 0x6B4A, 0x8C4A, 
  0x4B42, 0x9172, 0xFEE4, 0x5FF6, 0xDFED, 0x1FEE, 0x9FF6, 0x9FF6, 0xBFF6, 0x3FFF, 0x9FFF, 0xFFFF, 0xFFFF, 0xFEFF, 0xFFFF, 0xFFFF, 
  0xFEFF, 0xDFFF, 0xBFFF, 0x5ECC, 0xDFBA, 0x9FDB, 0x7EE4, 0x1EEE, 0x9FDB, 0x1EE4, 0x7FFF, 0xFFFF, 0xFFFF, 0xFFFF, 0xFFFF, 0xFFFF, 
  0xFFFF, 0xFEFF, 0xFFFF, 0xFFFF, 0x5FEE, 0x7FD3, 0x1FD3, 0x1FD3, 0x1FCB, 0x9FDB, 0x7DD3, 0x7DCB, 0x9FE3, 0xDDDC, 0xFFFF, 0xDFFF, 
  0xFFFF, 0xFEFF, 0xBFFF, 0x1DDC, 0xBEDB, 0xAF6A, 0x2A42, 0xAB4A, 0x4A4A, 0x2A42, 0x4B4A, 0x8C4A, 0x4B42, 0xAC52, 0x4A42, 0x0942, 
  0x0A42, 0x2D52, 0x717A, 0x17A3, 0xDDD3, 0xDFE3, 0xDFE3, 0xDFE3, 0xDFE3, 0x5FD3, 0xFFCA, 0xFFCA, 0xFFCA, 0xFFCA, 0xFFCA, 0xFFCA, 
  0xDFCA, 0x5FDB, 0xDFEB, 0xBFEB, 0xDFE3, 0xDED3, 0x7382, 0x138B, 0x6C4A, 0x6B4A, 0x4B4A, 0x4A4A, 0x4B4A, 0x6B4A, 0x8B4A, 0x4B42, 
  0x6B42, 0x6C4A, 0x6B4A, 0x6B4A, 0xAD52, 0x6C4A, 0x6C4A, 0xCE52, 0x4C4A, 0x4A4A, 0x6B4A, 0x6B42, 0xAD4A, 0x8D4A, 0xCF52, 0xAE4A, 
  0xB27A, 0x9FDB, 0xDFCA, 0xFFC2, 0x5ED3, 0xDFE3, 0xBFE3, 0xFFE3, 0xFFDB, 0xDFE3, 0xDFEB, 0x5FD3, 0x1ECC, 0x7FFF, 0x9DCB, 0xBFCA, 
  0xFFCA, 0xBEC2, 0x5FEE, 0xFFFF, 0xFFFF, 0xBEDD, 0x314B, 0x8B1B, 0x6C23, 0x6C23, 0x6C23, 0x6C23, 0x6C23, 0x6C23, 0x6C23, 0x6C23, 
  0x6C23, 0x6C23, 0x6C23, 0x6C23, 0x6C23, 0x6C23, 0x6C23, 0x6C23, 0x6C23, 0x6C23, 0x6C23, 0x6C23, 0x6C23, 0x6C23, 0x6C23, 0x6C23, 
  0x6C23, 0x6C23, 0x6C23, 0x6C23, 0x6C23, 0x6C23, 0x6C23, 0x6C23, 0x6C23, 0x6C23, 0x6C23, 0x6C23, 0x6C23, 0x6C23, 0x6C23, 0x6C23, 
  0x6C23, 0x6C23, 0x6C23, 0x6C23, 0x6C23, 0x6C23, 0x6C23, 0x6C23, 0x6C23, 0x6C23, 0x6C23, 0x6C23, 0x6C23, 0x6C23, 0x6C23, 0x6C23, 
  0x6C23, 0x6C23, 0x6C23, 0x6C23, 0x6C23, 0x6C23, 0x6C23, 0x6C23, 0x6C23, 0x6C23, 0x6C23, 0x6C23, 0x6C23, 0x6C23, 0x6C23, 0x4C23, 
  0x6C1B, 0x8C23, 0x0B23, 0x58AD, 0xBFFF, 0x5693, 0x0A42, 0x8B4A, 0x8C4A, 0x2A4A, 0x2942, 0x6A4A, 0x4942, 0x2A42, 0x8C4A, 0xCD52, 
  0xAD52, 0x6A42, 0x4A42, 0x6C4A, 0x8C4A, 0x6C4A, 0x8D4A, 0xCE52, 0x4B42, 0x4A42, 0x6B42, 0xAD4A, 0x2A42, 0x2842, 0x8C4A, 0xAD4A, 
  0x6E52, 0x78AB, 0xDFF6, 0x1DCC, 0x7EC2, 0xBDCB, 0x5FFF, 0xFFFF, 0xFFFF, 0xFEFF, 0xFFFF, 0xFFFF, 0xFFFF, 0xFFFF, 0xFFFF, 0xFFFF, 
  0xFFFF, 0xFFFF, 0xFFF6, 0x1DBB, 0x1FCB, 0x7EDB, 0x7DE5, 0x5EE5, 0x5EDB, 0xBEE4, 0xFFFF, 0xFFFF, 0xFFFF, 0xFFFF, 0xFFFF, 0xFFFF, 
  0xFFFF, 0xFFFF, 0xFFFF, 0xFFFF, 0x7FF6, 0x9ED3, 0x1FCB, 0x1FCB, 0x9FDB, 0x3FD3, 0x3FD3, 0x3ED3, 0x3FDB, 0xDDCB, 0x9EEE, 0xFFFF, 
  0xFFFF, 0xFFFF, 0x1FF7, 0x9FD3, 0xBCCB, 0x2B52, 0x4A42, 0x8C4A, 0x2A4A, 0x294A, 0x4942, 0x4B4A, 0x8C4A, 0x8C4A, 0x6B4A, 0xAE5A, 
  0x938B, 0x6E5A, 0x093A, 0x6B4A, 0x2D5A, 0x5ABB, 0xFFE3, 0xDEE3, 0xBFDB, 0x1ECB, 0xDFCA, 0xFFCA, 0xFFCA, 0xFFCA, 0xFFCA, 0xDFCA, 
  0x1FCB, 0xDFE3, 0xBFE3, 0xBFE3, 0xFFE3, 0xDEDB, 0x1FE4, 0x39B3, 0x0B42, 0x8B42, 0x4B4A, 0x8D52, 0x8D52, 0x4A42, 0x4B42, 0xAC4A, 
  0x2A42, 0x6C4A, 0x8B52, 0x4B4A, 0x4C4A, 0x4942, 0x6A4A, 0x8C52, 0x8C4A, 0x8C4A, 0x6B4A, 0x8C4A, 0x8C4A, 0x4B42, 0x6B4A, 0x6B4A, 
  0x8E52, 0x7CC3, 0x1FD3, 0xDFC2, 0xFFCA, 0x9FE3, 0xBFEB, 0xDFDB, 0xDFE3, 0xDEE3, 0xDFE3, 0xBFE3, 0xDEC2, 0xBFEE, 0xBDDC, 0xBFC2, 
  0xFFCA, 0x9EC2, 0xDEE5, 0xFFFF, 0xFFFF, 0xDEF6, 0x957B, 0x6C1B, 0x6C23, 0x6C23, 0x6C23, 0x6C23, 0x8C1B, 0x6C23, 0x6C23, 0x6C23, 
  0x6C23, 0x6C23, 0x6C23, 0x6C23, 0x6C23, 0x6C23, 0x6C23, 0x6C23, 0x6C23, 0x6C23, 0x6C23, 0x6C23, 0x6C23, 0x6C23, 0x6C23, 0x6C23, 
  0x6C23, 0x6C23, 0x6C23, 0x6C23, 0x6C23, 0x6C23, 0x6C23, 0x6C23, 0x6C23, 0x6C23, 0x6C23, 0x6C23, 0x6C23, 0x6C23, 0x6C23, 0x6C23, 
  0x6C23, 0x6C23, 0x6C23, 0x6C23, 0x6C23, 0x6C23, 0x6C23, 0x6C23, 0x6C23, 0x6C23, 0x6C23, 0x6C23, 0x6C23, 0x6C23, 0x6C23, 0x6C23, 
  0x6C23, 0x6C23, 0x6C23, 0x6C23, 0x6C23, 0x6C23, 0x6C23, 0x6C23, 0x6C23, 0x6C23, 0x6C23, 0x6C23, 0x6C23, 0x6C23, 0x6C1B, 0x6C23, 
  0x6B23, 0x4B23, 0x504B, 0x3EEF, 0x3EEE, 0x2F5A, 0x8C42, 0x8B4A, 0x2A42, 0x2942, 0x2A42, 0x2942, 0x4A4A, 0x4B4A, 0x8D4A, 0x8D4A, 
  0x4A42, 0x4A42, 0x8C4A, 0xAD4A, 0xAD52, 0x6B4A, 0x6B4A, 0x6C4A, 0xAC52, 0x4A42, 0x2A42, 0x4B42, 0x6A4A, 0x2942, 0x4A42, 0x8B42, 
  0x0C4A, 0x39B4, 0xBFF6, 0xFDC2, 0xFFCA, 0x1ECB, 0x9EC3, 0x9ED4, 0xDFF6, 0xFFFF, 0xDFFF, 0xFFFF, 0xFFFF, 0xFFFF, 0xFFFF, 0xFFFF, 
  0xDFFF, 0xFEFF, 0x9EE5, 0xDEBA, 0x5FE3, 0x1EDC, 0x5EEE, 0xDEDB, 0x7FE3, 0x5DDD, 0xFFFF, 0xDFFF, 0xDFFF, 0xFFFF, 0xFFFF, 0xFFFF, 
  0xFFFF, 0xFFFF, 0xFFFF, 0xFFFF, 0xBFEE, 0xBED3, 0x1FD3, 0x1EBB, 0x1ECB, 0x9FDB, 0xBFDB, 0x9EDB, 0x5ED3, 0xFECA, 0xFDC2, 0x5EDD, 
  0xDFFF, 0xFFFF, 0x3EE6, 0xBFE3, 0x38B3, 0x4D42, 0x8C4A, 0x2A42, 0x6C42, 0x6C4A, 0xAC4A, 0x6C4A, 0x8D4A, 0x6C42, 0x6A42, 0x6C52, 
  0x6E5A, 0x6C4A, 0x8C4A, 0x8C52, 0x293A, 0x4F6A, 0xBEDB, 0xFFE3, 0x9FD3, 0xDFCA, 0xDFCA, 0xFFCA, 0xFFCA, 0xFFCA, 0xFFCA, 0xDFCA, 
  0x7FDB, 0xDFEB, 0xDFE3, 0xDFE3, 0xDFE3, 0xDFDB, 0x1FE4, 0x379B, 0x0B42, 0x4B42, 0x6B4A, 0x8C4A, 0x8D52, 0x6C4A, 0x4B4A, 0xAC52, 
  0xAC52, 0x6C4A, 0x2A42, 0x2A42, 0x6C4A, 0x6B4A, 0x4A42, 0x6B4A, 0x8C52, 0x4B4A, 0x4B42, 0x6B4A, 0x8B4A, 0x8B4A, 0x6B4A, 0x6B4A, 
  0x4B4A, 0xF382, 0x7FE3, 0xFFC2, 0xFFCA, 0x5FDB, 0xDFEB, 0xDFDB, 0xBFEB, 0xDFE3, 0xDFE3, 0xFFE3, 0xFECA, 0xDED4, 0x9EE5, 0xBEC2, 
  0x1FCB, 0xBFC2, 0xBDDC, 0xFFFF, 0xFFFF, 0xBFFF, 0x1AA4, 0x2D2B, 0x6B23, 0x8C23, 0x6B23, 0x6C23, 0x6B23, 0x6C23, 0x6C23, 0x6C23, 
  0x6C23, 0x6C23, 0x6C23, 0x6C23, 0x6C23, 0x6C23, 0x6C23, 0x6C23, 0x6C23, 0x6C23, 0x6C23, 0x6C23, 0x6C23, 0x6C23, 0x6C23, 0x6C23, 
  0x6C23, 0x6C23, 0x6C23, 0x6C23, 0x6C23, 0x6C23, 0x6C23, 0x6C23, 0x6C23, 0x6C23, 0x6C23, 0x6C23, 0x6C23, 0x6C23, 0x6C23, 0x6C23, 
  0x6C23, 0x6C23, 0x6C23, 0x6C23, 0x6C23, 0x6C23, 0x6C23, 0x6C23, 0x6C23, 0x6C23, 0x6C23, 0x6C23, 0x6C23, 0x6C23, 0x6C23, 0x6C23, 
  0x6C23, 0x6C23, 0x6C23, 0x6C23, 0x6C23, 0x6C23, 0x6C23, 0x6C23, 0x6C23, 0x6C23, 0x6C23, 0x6C23, 0x6C23, 0x6C23, 0x6C23, 0x8C1B, 
  0x8C23, 0x2B1B, 0xF794, 0xFFFF, 0xF7AB, 0x0B42, 0xAC4A, 0x8D52, 0x2A42, 0x6A42, 0x4B42, 0x2A42, 0x8C52, 0x6C4A, 0xAD52, 0xAE52, 
  0x6C4A, 0x8D52, 0x8D4A, 0x8C4A, 0x8C4A, 0x4942, 0x8B4A, 0x6B4A, 0x4A42, 0x8C4A, 0x4B4A, 0x6B4A, 0x4A4A, 0x4B4A, 0x4A42, 0x6942, 
  0xEB49, 0x19B4, 0x1FFF, 0x3DCB, 0xDFCA, 0xFFCA, 0xDFCA, 0x9EC2, 0x9DC3, 0x3FF7, 0xFFFF, 0xFFFF, 0xFFFF, 0xFFFF, 0xFFFF, 0xDFFF, 
  0xFFFF, 0x1FF7, 0x3DC3, 0x3FD3, 0xBED3, 0x5EEE, 0xFDDC, 0x7EDB, 0xDFF3, 0x5EDC, 0x1FF7, 0xFFFF, 0xFFFF, 0xFFFF, 0xFFFF, 0xDFFF, 
  0xFFFF, 0xDFFF, 0xDFFF, 0xFFFF, 0x5EF7, 0xFDD3, 0x3FDB, 0x7ECB, 0xFFD2, 0xDFCA, 0x1FCB, 0x7FDB, 0xDFE3, 0xBFEB, 0x5FE3, 0xDEC2, 
  0x1DCC, 0x5FFF, 0x1EEF, 0xBEDB, 0x59BB, 0x6E52, 0xAC4A, 0x8B4A, 0x305B, 0xEE52, 0x6C4A, 0x6C4A, 0x8C4A, 0x8C4A, 0x6B42, 0x6C4A, 
  0x6D4A, 0xCD52, 0x8C42, 0x2A42, 0x8A4A, 0x2C52, 0xBDD3, 0xDFE3, 0xFECA, 0xFFC2, 0xFFCA, 0xFFCA, 0xFFCA, 0xFFCA, 0xFFCA, 0x1FCB, 
  0xBFE3, 0xDFE3, 0xDFE3, 0xDFE3, 0xDFE3, 0xBFE3, 0xFFE3, 0xF272, 0x6C4A, 0xCD5A, 0x6A42, 0x2A42, 0x0A42, 0x8C4A, 0x6B4A, 0x2A42, 
  0x2A42, 0x2A42, 0x6B4A, 0x4A42, 0x2A42, 0xCF5A, 0x6B4A, 0x4942, 0x4B4A, 0x6B4A, 0x8C4A, 0x6B4A, 0x4B42, 0x4B42, 0x8C4A, 0x6B4A, 
  0x4A42, 0x2B4A, 0x5BCB, 0x1FD3, 0xDFCA, 0x1FCB, 0xDFE3, 0xFFE3, 0xBFEB, 0xBFEB, 0xFFDB, 0xFFE3, 0x5FDB, 0x5EC3, 0xBEE5, 0x1ECB, 
  0xFFCA, 0xDFC2, 0xBDD3, 0xBFFF, 0xFEFF, 0xFFFF, 0x3DCD, 0x3043, 0x6B1B, 0x6C1B, 0x6C23, 0x6C23, 0x6C23, 0x6C23, 0x6C23, 0x6C23, 
  0x6C23, 0x6C23, 0x6C23, 0x6C23, 0x6C23, 0x6C23, 0x6C23, 0x6C23, 0x6C23, 0x6C23, 0x6C23, 0x6C23, 0x6C23, 0x6C23, 0x6C23, 0x6C23, 
  0x6C23, 0x6C23, 0x6C23, 0x6C23, 0x6C23, 0x6C23, 0x6C23, 0x6C23, 0x6C23, 0x6C23, 0x6C23, 0x6C23, 0x6C23, 0x6C23, 0x6C23, 0x6C23, 
  0x6C23, 0x6C23, 0x6C23, 0x6C23, 0x6C23, 0x6C23, 0x6C23, 0x6C23, 0x6C23, 0x6C23, 0x6C23, 0x6C23, 0x6C23, 0x6C23, 0x6C23, 0x6C23, 
  0x6C23, 0x6C23, 0x6C23, 0x6C23, 0x6C23, 0x6C23, 0x6C23, 0x6C23, 0x6C23, 0x6C23, 0x6C23, 0x6C23, 0x6C23, 0x6C23, 0x6C23, 0x6B23, 
  0x8C1B, 0x4E33, 0xFDE6, 0xDFF6, 0x706A, 0x0942, 0x4B4A, 0x6D42, 0x8C4A, 0x8C4A, 0x6B4A, 0xAC52, 0xAD52, 0x6C4A, 0x6C4A, 0xEE5A, 
  0xAD52, 0xCF5A, 0x1063, 0x4B42, 0x8C4A, 0x4A42, 0x6A42, 0x6A42, 0x2A42, 0x8C4A, 0x6B4A, 0x6B4A, 0x4B4A, 0x4C4A, 0x6B42, 0x6A4A, 
  0x6D52, 0x979B, 0x5FFF, 0xBDC3, 0xBFC2, 0x3FC3, 0x3FCB, 0xFFCA, 0xBFC2, 0x7ED4, 0xFFFF, 0xFFFF, 0xFFFF, 0xFFFF, 0xDFFF, 0xFEFF, 
  0x5FF7, 0xBDC3, 0x1FD3, 0x9EDB, 0xFEED, 0x9DE5, 0x7ECB, 0x3FE4, 0x9BC3, 0x5AB3, 0xFDD3, 0x9EED, 0xFFFE, 0xBFFF, 0xFFFF, 0xFFFF, 
  0xFFFF, 0xFFFF, 0xFFFF, 0xFFFF, 0xFFFF, 0x7DE5, 0x5EDB, 0x1FCB, 0xDFCA, 0xFFCA, 0xFFCA, 0xFFC2, 0x1FCB, 0x9EDB, 0xDFE3, 0xFFEB, 
  0x5FDB, 0xBDCB, 0x3FF7, 0x5DE5, 0x9EDB, 0x9272, 0x2A42, 0x4B4A, 0x6D4A, 0x4B42, 0x2A42, 0x4A42, 0x2A42, 0x6A4A, 0xAC52, 0x6B42, 
  0xAD4A, 0xEF52, 0x8C4A, 0x8C4A, 0x4B42, 0x9172, 0xDFE3, 0xFDDB, 0xFEDB, 0xFEC2, 0xFFCA, 0xFFCA, 0xFFCA, 0xFFCA, 0xFFCA, 0x3FD3, 
  0xDFE3, 0xDFE3, 0xDFE3, 0xDFE3, 0x9FE3, 0x1FEC, 0x59B3, 0x2C4A, 0x6B4A, 0x4B4A, 0x4942, 0x2A42, 0x4B4A, 0x6C4A, 0x6B4A, 0x4A42, 
  0x2A42, 0x2A42, 0x8C52, 0x6B4A, 0x4B4A, 0xAD52, 0x6B4A, 0x4A42, 0x4A4A, 0x4A42, 0x4A42, 0x093A, 0x6B4A, 0x6C4A, 0xAD52, 0x8D4A, 
  0x8B4A, 0xE839, 0xB38A, 0x7FDB, 0xDFC2, 0xFFCA, 0x5ED3, 0x7BC3, 0xFFE3, 0xDFDB, 0xDFDB, 0xDFE3, 0x9FE3, 0xDEC2, 0xBEDC, 0xBED3, 
  0xDFC2, 0xFFCA, 0x1ECB, 0x1FF7, 0xFFFF, 0xFFFF, 0x9EEE, 0x7363, 0x4B1B, 0x6C23, 0x8C1B, 0x6C23, 0x6C23, 0x6C23, 0x6C23, 0x6C23, 
  0x6C23, 0x6C23, 0x6C23, 0x6C23, 0x6C23, 0x6C23, 0x6C23, 0x6C23, 0x6C23, 0x6C23, 0x6C23, 0x6C23, 0x6C23, 0x6C23, 0x6C23, 0x6C23, 
  0x6C23, 0x6C23, 0x6C23, 0x6C23, 0x6C23, 0x6C23, 0x6C23, 0x6C23, 0x6C23, 0x6C23, 0x6C23, 0x6C23, 0x6C23, 0x6C23, 0x6C23, 0x6C23, 
  0x6C23, 0x6C23, 0x6C23, 0x6C23, 0x6C23, 0x6C23, 0x6C23, 0x6C23, 0x6C23, 0x6C23, 0x6C23, 0x6C23, 0x6C23, 0x6C23, 0x6C23, 0x6C23, 
  0x6C23, 0x6C23, 0x6C23, 0x6C23, 0x6C23, 0x6C23, 0x6C23, 0x6C23, 0x6C23, 0x6C23, 0x6C23, 0x6C23, 0x6C23, 0x6C23, 0x6C23, 0x6C2B, 
  0x2B13, 0x9374, 0xFFFF, 0x99BC, 0xCB41, 0x4A4A, 0x6B4A, 0xAD4A, 0x8C4A, 0x8C4A, 0x6B4A, 0x6B4A, 0x6C4A, 0x4B4A, 0x4B42, 0x2A42, 
  0x2A42, 0x6B4A, 0x8C52, 0x4B42, 0x2A42, 0x6C4A, 0x6B4A, 0x4A42, 0x8C52, 0x6C4A, 0x2A42, 0x4A42, 0x8C4A, 0x6C4A, 0x6B4A, 0x8C4A, 
  0x6D4A, 0x1383, 0x7FFF, 0x9ED4, 0xDFCA, 0x1EC3, 0xFFCA, 0xFFCA, 0xFFCA, 0xDEC2, 0x7EEE, 0xFFFF, 0xFFFF, 0xFFFF, 0xFFFF, 0xFEF6, 
  0x7ED3, 0xFFCA, 0xFEDB, 0x3EEE, 0xBEE5, 0xDCCA, 0xFFEB, 0x59AB, 0x2E5A, 0x4D4A, 0x2F62, 0xB58A, 0x38AB, 0x1AC4, 0xDDD4, 0x7EE5, 
  0x7EDD, 0xFEDC, 0x9DD4, 0xDDDC, 0x5EF6, 0x7FFF, 0x7DDC, 0x1FD3, 0x7ECB, 0xFEC2, 0xDFCA, 0xFFCA, 0xDFCA, 0x3ECB, 0x5EE4, 0xBED3, 
  0x5ABB, 0xBFDB, 0x1EDC, 0xBDEE, 0xDDE4, 0x3BC3, 0x4F5A, 0x4A4A, 0x6C4A, 0x8C4A, 0x2942, 0x2A4A, 0x4A4A, 0x6B4A, 0x8C4A, 0x8C4A, 
  0x8C4A, 0xAD52, 0x4B4A, 0xAC4A, 0x6B42, 0xF59A, 0xBFE3, 0x5DE5, 0x1ECC, 0xBFC2, 0xFFCA, 0xFFCA, 0xFFCA, 0xFFCA, 0xFFCA, 0xBFDB, 
  0xDFE3, 0xDFDB, 0xDFE3, 0xBFE3, 0x1FE4, 0xBABB, 0x0E5A, 0x4A42, 0x6A42, 0x2B42, 0x4A42, 0x6A42, 0x6B4A, 0x2942, 0x2942, 0x2942, 
  0x6A4A, 0x6B4A, 0x6B4A, 0x4A42, 0x2A42, 0x4A42, 0x0942, 0x2A42, 0x6C4A, 0x4B42, 0x6B4A, 0x6B4A, 0x4B4A, 0x4B42, 0x4B4A, 0x4B42, 
  0x4B4A, 0x2942, 0x2B52, 0x7BC3, 0x1FCB, 0xDFCA, 0x3FD3, 0x769A, 0x9AB3, 0x1FE4, 0xBFE3, 0xBFE3, 0xDFE3, 0x1FCB, 0x1ECB, 0x3FCB, 
  0xDFC2, 0xFFCA, 0xBEC2, 0xBDE5, 0xFFFF, 0xFFFF, 0x7FFF, 0x1794, 0x4B23, 0x6C23, 0x6C1B, 0x6C23, 0x6C23, 0x6C23, 0x6C23, 0x6C23, 
  0x6C23, 0x6C23, 0x6C23, 0x6C23, 0x6C23, 0x6C23, 0x6C23, 0x6C23, 0x6C23, 0x6C23, 0x6C23, 0x6C23, 0x6C23, 0x6C23, 0x6C23, 0x6C23, 
  0x6C23, 0x6C23, 0x6C23, 0x6C23, 0x6C23, 0x6C23, 0x6C23, 0x6C23, 0x6C23, 0x6C23, 0x6C23, 0x6C23, 0x6C23, 0x6C23, 0x6C23, 0x6C23, 
  0x6C23, 0x6C23, 0x6C23, 0x6C23, 0x6C23, 0x6C23, 0x6C23, 0x6C23, 0x6C23, 0x6C23, 0x6C23, 0x6C23, 0x6C23, 0x6C23, 0x6C23, 0x6C23, 
  0x6C23, 0x6C23, 0x6C23, 0x6C23, 0x6C23, 0x6C23, 0x6C23, 0x6C23, 0x6C23, 0x6C23, 0x6C23, 0x6C23, 0x6C23, 0x8C1B, 0x6C23, 0x4C1B, 
  0x6B2B, 0x1BDF, 0x3FFF, 0x9172, 0x8B4A, 0x8C4A, 0x6B42, 0x8C4A, 0x6B4A, 0x4B4A, 0xCD52, 0x2B42, 0x4B42, 0x6C4A, 0x8C4A, 0x8B4A, 
  0x8C4A, 0x6C4A, 0x6B4A, 0x6A4A, 0x2942, 0x6B4A, 0x6C4A, 0x2A42, 0x6B4A, 0x6C4A, 0x6B4A, 0x6A4A, 0x6C4A, 0x6B4A, 0x4A4A, 0x4B42, 
  0xAC42, 0x4E5A, 0xBEF6, 0x7FED, 0xDECA, 0x3FD3, 0xDFD2, 0xFFCA, 0xFFCA, 0xBFC2, 0x5ED4, 0xFFFF, 0xFEFF, 0xFFFF, 0x7EEE, 0x5DC3, 
  0xFED2, 0x5EE4, 0x7EEE, 0x5EE5, 0xFDC2, 0x9FE3, 0x7ABB, 0x4D4A, 0xCB4A, 0x6B42, 0x8D4A, 0x8C4A, 0x4C4A, 0x4E5A, 0xEC51, 0x4D5A, 
  0x4F62, 0xB26A, 0x2E5A, 0x0E5A, 0x7282, 0x9DDD, 0x9FF6, 0x3ED3, 0xFEDC, 0xFED3, 0x9FCA, 0xFFCA, 0xFFCA, 0xDFCA, 0x9ECB, 0x5EE5, 
  0xB8B3, 0x338A, 0x5ABB, 0x3EDC, 0x7FF6, 0x1EED, 0xD69A, 0x4B42, 0x8C4A, 0x8B4A, 0x2A42, 0x4A42, 0x6B4A, 0x8C4A, 0x4B42, 0x6C4A, 
  0x4B42, 0x6B4A, 0x6C52, 0x8C4A, 0x293A, 0xF7A2, 0xBEE4, 0xDEE5, 0xFEC2, 0xFFCA, 0xDFCA, 0xFFCA, 0xFFCA, 0xDFCA, 0x5FD3, 0xDFE3, 
  0xDFE3, 0xDFE3, 0xDFE3, 0xFFEB, 0xBBC3, 0x7062, 0x4B42, 0x494A, 0x4942, 0x4B4A, 0x6C4A, 0x6B4A, 0x8C4A, 0x6B4A, 0x4A4A, 0x6B4A, 
  0x4B4A, 0xAD52, 0xAD52, 0xAD4A, 0x8C4A, 0x6942, 0x2942, 0x6B4A, 0x4B4A, 0x6C4A, 0x6C4A, 0xAC52, 0x6B4A, 0x4B42, 0x4A42, 0x4942, 
  0x4B4A, 0x4A4A, 0x083A, 0xB492, 0x7FDB, 0xDEC2, 0x1FD3, 0x3AB3, 0x5062, 0xDDD3, 0xFFEB, 0xDFE3, 0xFFE3, 0x5FD3, 0xDFCA, 0xDFCA, 
  0xFFC2, 0xFFCA, 0xBFC2, 0x3ED4, 0xFFFF, 0xFFFF, 0xDFFF, 0x5BC5, 0x8E3B, 0x6C1B, 0x6C23, 0x8B23, 0x6C23, 0x6C23, 0x6C23, 0x6C23, 
  0x6C23, 0x6C23, 0x6C23, 0x6C23, 0x6C23, 0x6C23, 0x6C23, 0x6C23, 0x6C23, 0x6C23, 0x6C23, 0x6C23, 0x6C23, 0x6C23, 0x6C23, 0x6C23, 
  0x6C23, 0x6C23, 0x6C23, 0x6C23, 0x6C23, 0x6C23, 0x6C23, 0x6C23, 0x6C23, 0x6C23, 0x6C23, 0x6C23, 0x6C23, 0x6C23, 0x6C23, 0x6C23, 
  0x6C23, 0x6C23, 0x6C23, 0x6C23, 0x6C23, 0x6C23, 0x6C23, 0x6C23, 0x6C23, 0x6C23, 0x6C23, 0x6C23, 0x6C23, 0x6C23, 0x6C23, 0x6C23, 
  0x6C23, 0x6C23, 0x6C23, 0x6C23, 0x6C23, 0x6C23, 0x6C23, 0x6C23, 0x6C23, 0x6C23, 0x6C23, 0x6C23, 0x6C23, 0x6C23, 0x6C1B, 0x8C23, 
  0xB9B6, 0xFFFF, 0x1BCD, 0x0D52, 0xAC4A, 0xAD52, 0xAD52, 0x6C4A, 0x6B42, 0x6B4A, 0x8D52, 0x4B42, 0x2942, 0x8B4A, 0x6B4A, 0x6B4A, 
  0xAD4A, 0xAD52, 0xCE52, 0x6D4A, 0x8C4A, 0xAC52, 0xAE52, 0xF05A, 0xCE5A, 0xCE5A, 0x8D52, 0x4A42, 0xAD4A, 0x8C4A, 0x4A4A, 0x494A, 
  0x6A42, 0xCB49, 0xDCDD, 0xBFF6, 0x1ECB, 0x7FDB, 0x5ED3, 0xDFCA, 0xFFCA, 0xDFC2, 0xDECB, 0xDFFF, 0xFFFF, 0xBEE5, 0x1DC3, 0x1FD3, 
  0xDEE4, 0x9EF6, 0xDEE4, 0xFECA, 0x5FDB, 0xBDD3, 0x0D5A, 0x493A, 0x4A42, 0x8C4A, 0x8D52, 0x8C4A, 0x8B4A, 0xAC4A, 0x6A4A, 0x293A, 
  0x2A42, 0x6B4A, 0xAC4A, 0x4B42, 0x0B4A, 0x927A, 0x3EEE, 0xFEE4, 0xDDCB, 0xDEED, 0xDECA, 0xFFCA, 0xFFCA, 0xFFCA, 0xBFC2, 0x5EC3, 
  0xDFF5, 0x5ABC, 0xCF61, 0x9282, 0xDBBB, 0x9FF6, 0xDDDC, 0x3172, 0x6A42, 0x4B4A, 0x4A4A, 0x4A42, 0x2942, 0x6B4A, 0x6B42, 0x2A4A, 
  0x6D4A, 0x6B42, 0x294A, 0x4A42, 0x2B4A, 0xF8AA, 0x3FF6, 0x7DD4, 0xBFC2, 0xFFCA, 0xFFCA, 0xFFCA, 0xDFCA, 0x1FCB, 0xDFDB, 0xDFE3, 
  0xDFE3, 0xBFE3, 0xFFE3, 0xBBBB, 0x4E62, 0x4A42, 0x6B4A, 0x4A42, 0x2942, 0x6B4A, 0xAC52, 0x6C4A, 0x2B42, 0xAE52, 0x8B4A, 0x4A42, 
  0x4A42, 0x6B4A, 0x8C4A, 0x8D4A, 0xAD4A, 0x4B42, 0x2942, 0x494A, 0x4A4A, 0x8C4A, 0x093A, 0x6B4A, 0x6B4A, 0x2B42, 0x6B42, 0x4942, 
  0x4B4A, 0x6C4A, 0x8C4A, 0x6D62, 0x9DCB, 0xFFCA, 0xDFCA, 0x7ECB, 0x2E62, 0x2E6A, 0xFDD3, 0xFFE3, 0xDFE3, 0x9FDB, 0xDFCA, 0xDFCA, 
  0xFFCA, 0xFFCA, 0xDFCA, 0x1ECB, 0x3FF7, 0xFFFF, 0xFFFF, 0x3EE6, 0x3053, 0x6B1B, 0x6D23, 0x8A23, 0x6D23, 0x6C23, 0x6C23, 0x6C23, 
  0x6C23, 0x6C23, 0x6C23, 0x6C23, 0x6C23, 0x6C23, 0x6C23, 0x6C23, 0x6C23, 0x6C23, 0x6C23, 0x6C23, 0x6C23, 0x6C23, 0x6C23, 0x6C23, 
  0x6C23, 0x6C23, 0x6C23, 0x6C23, 0x6C23, 0x6C23, 0x6C23, 0x6C23, 0x6C23, 0x6C23, 0x6C23, 0x6C23, 0x6C23, 0x6C23, 0x6C23, 0x6C23, 
  0x6C23, 0x6C23, 0x6C23, 0x6C23, 0x6C23, 0x6C23, 0x6C23, 0x6C23, 0x6C23, 0x6C23, 0x6C23, 0x6C23, 0x6C23, 0x6C23, 0x6C23, 0x6C23, 
  0x6C23, 0x6C23, 0x6C23, 0x6C23, 0x6C23, 0x6C23, 0x6C23, 0x6C23, 0x6C23, 0x6C23, 0x6C23, 0x6C23, 0x6C23, 0x6C2B, 0x0A1B, 0xF26C, 
  0xFFFF, 0x5FFF, 0x148B, 0x4C42, 0x8D4A, 0xAE52, 0xAE52, 0xCE52, 0x6B42, 0x4A42, 0x8C4A, 0x6C4A, 0x6A4A, 0x8B4A, 0x2A42, 0x6B4A, 
  0x8C4A, 0x6B42, 0x6C4A, 0x6C4A, 0x6C4A, 0x6C4A, 0x6C4A, 0x6C4A, 0x8C4A, 0x4C4A, 0x6D4A, 0xCE52, 0xCE52, 0x4B4A, 0x0942, 0x0942, 
  0x4942, 0xAA41, 0x98B4, 0x5FFF, 0x9ED3, 0x7FDB, 0x9FDB, 0xFFC2, 0x1FCB, 0x9EC2, 0x9DE5, 0xDFFF, 0xDDD4, 0xDECA, 0x5FD3, 0x7EE5, 
  0x7EF6, 0x3EDC, 0x1FD3, 0xFECA, 0xDFE3, 0xB27A, 0x6B4A, 0x6C4A, 0x0A3A, 0x2942, 0x8B4A, 0x4B4A, 0x8B4A, 0x2A42, 0x4B4A, 0x6B4A, 
  0x4A42, 0x4C4A, 0xAE52, 0xD172, 0x8F62, 0x0C42, 0x969B, 0x9FFE, 0xBDCB, 0x9EED, 0xDEDC, 0x9EC2, 0xFFCA, 0xFFCA, 0xFFCA, 0xDFCA, 
  0x1DC3, 0x1FF6, 0xDBCC, 0x0D52, 0x0E5A, 0x79A3, 0x9FF6, 0x1CD5, 0xEE59, 0x4A42, 0x4A42, 0x2942, 0x6B4A, 0x4B4A, 0x4B4A, 0x4A4A, 
  0x4B4A, 0x6C42, 0x6A42, 0x4A42, 0x505A, 0x5CD4, 0x5FEE, 0xFEC2, 0xFFCA, 0xFECA, 0xFFC2, 0xFFCA, 0xFFCA, 0xBFDB, 0xFFDB, 0xDFDB, 
  0xDFE3, 0x1FE4, 0x7AB3, 0x2E5A, 0x2942, 0x0842, 0x8D52, 0xCE52, 0x4C4A, 0x4B4A, 0x4B4A, 0x6C4A, 0x6B4A, 0x6B42, 0x4B42, 0x2A42, 
  0xAD52, 0xED52, 0x8C4A, 0x6B4A, 0x4A42, 0x6B4A, 0x2A42, 0x4A4A, 0x2A42, 0x2942, 0x093A, 0x6A4A, 0x6A4A, 0x6B4A, 0x8C4A, 0x6B4A, 
  0x2A42, 0xAC52, 0xEE52, 0x4C42, 0x37A3, 0x5FDB, 0xDFC2, 0x3FD3, 0xF492, 0x8731, 0xB382, 0xFFE3, 0xDFE3, 0xDFDB, 0x1FCB, 0xFFCA, 
  0xFFCA, 0xFFCA, 0xFFD2, 0xDEC2, 0xDEE5, 0xFFFF, 0xFFFF, 0x1FFF, 0x726B, 0x4B1B, 0x8C23, 0x6B23, 0x6C23, 0x6C23, 0x6C23, 0x6C23, 
  0x6C23, 0x6C23, 0x6C23, 0x6C23, 0x6C23, 0x6C23, 0x6C23, 0x6C23, 0x6C23, 0x6C23, 0x6C23, 0x6C23, 0x6C23, 0x6C23, 0x6C23, 0x6C23, 
  0x6C23, 0x6C23, 0x6C23, 0x6C23, 0x6C23, 0x6C23, 0x6C23, 0x6C23, 0x6C23, 0x6C23, 0x6C23, 0x6C23, 0x6C23, 0x6C23, 0x6C23, 0x6C23, 
  0x6C23, 0x6C23, 0x6C23, 0x6C23, 0x6C23, 0x6C23, 0x6C23, 0x6C23, 0x6C23, 0x6C23, 0x6C23, 0x6C23, 0x6C23, 0x6C23, 0x6C23, 0x6C23, 
  0x6C23, 0x6C23, 0x6C23, 0x6C23, 0x6C23, 0x6C23, 0x6C23, 0x6C23, 0x6C23, 0x6C23, 0x6C23, 0x6C23, 0x6C23, 0x6B1B, 0xCD3B, 0x5CDF, 
  0xFFFF, 0x7CD5, 0x2E5A, 0x1053, 0xF05A, 0x4B42, 0x6B4A, 0x6B4A, 0x6C4A, 0x4B4A, 0x2A42, 0x2A42, 0x4B42, 0x6B4A, 0x4B4A, 0x6B4A, 
  0x8C4A, 0x4B42, 0x4A42, 0x4A4A, 0x6B4A, 0x4B4A, 0x4A42, 0x4A42, 0x2942, 0x2A42, 0xAD52, 0x6D4A, 0x6C4A, 0x6B4A, 0x4942, 0x6B4A, 
  0x6B4A, 0x2B4A, 0x9493, 0x7FFF, 0x5EDC, 0xBFDB, 0xBFDB, 0x1FCB, 0xDFCA, 0xDED3, 0x5EEE, 0xDDD3, 0xDDC2, 0x9FDB, 0x9EED, 0x1FEE, 
  0xDEDB, 0x3FDB, 0xDEC2, 0x9FDB, 0xF6A2, 0x4A42, 0x8A42, 0x4B4A, 0xAC52, 0x6A42, 0x6B4A, 0x4B42, 0x4C4A, 0xCF5A, 0x8E4A, 0xAC4A, 
  0x2942, 0x6B4A, 0x4B42, 0xF48A, 0xB382, 0x693A, 0xEC51, 0x5CD5, 0x7FED, 0xBCD3, 0xBEF6, 0x5EC3, 0xDFCA, 0x1FCB, 0xFFCA, 0xDFD2, 
  0xDECA, 0x1EBB, 0x3FF6, 0x9BCC, 0x0D52, 0x2C52, 0x548B, 0xDFFE, 0x1BCD, 0x2D52, 0x6B4A, 0x4A4A, 0x8B4A, 0x8C4A, 0x4C42, 0x4A42, 
  0x4B4A, 0x8D4A, 0x8C4A, 0x8C4A, 0xB58A, 0x1EEE, 0xDED4, 0x9FCA, 0x1FCB, 0xFFCA, 0xDFCA, 0xFECA, 0xBFDB, 0xDFE3, 0xDFDB, 0xFFE3, 
  0xFEDB, 0xF48A, 0x4B4A, 0x2A42, 0x2B4A, 0x2A42, 0x4A42, 0x8C4A, 0x4A42, 0x0942, 0x0942, 0x2942, 0x8A4A, 0x4B42, 0x2B42, 0xCD52, 
  0x6C4A, 0x6B4A, 0x4B42, 0x2A42, 0x4B42, 0x6B4A, 0x4B4A, 0x4B4A, 0x0942, 0x2942, 0x2942, 0x2942, 0x2A42, 0x6B4A, 0xAC52, 0x4C4A, 
  0x2A42, 0x2842, 0x6B42, 0x6C42, 0x6F6A, 0x9DD3, 0xFFCA, 0xDFD2, 0x5BBB, 0x2A4A, 0x2B4A, 0x5ABB, 0xFFEB, 0xDFE3, 0x3ED3, 0xFECA, 
  0xFFDB, 0xFFCA, 0xFECA, 0xBFC2, 0x3ECC, 0xDFFF, 0xFFFF, 0xDFFF, 0x989C, 0x4C23, 0x8C1B, 0x6C2B, 0x6C23, 0x6C23, 0x6C23, 0x6C23, 
  0x6C23, 0x6C23, 0x6C23, 0x6C23, 0x6C23, 0x6C23, 0x6C23, 0x6C23, 0x6C23, 0x6C23, 0x6C23, 0x6C23, 0x6C23, 0x6C23, 0x6C23, 0x6C23, 
  0x6C23, 0x6C23, 0x6C23, 0x6C23, 0x6C23, 0x6C23, 0x6C23, 0x6C23, 0x6C23, 0x6C23, 0x6C23, 0x6C23, 0x6C23, 0x6C23, 0x6C23, 0x6C23, 
  0x6C23, 0x6C23, 0x6C23, 0x6C23, 0x6C23, 0x6C23, 0x6C23, 0x6C23, 0x6C23, 0x6C23, 0x6C23, 0x6C23, 0x6C23, 0x6C23, 0x6C23, 0x6C23, 
  0x6C23, 0x6C23, 0x6C23, 0x6C23, 0x6C23, 0x6C23, 0x6C23, 0x6C23, 0x6C23, 0x6C23, 0x6C23, 0x6C23, 0x6C23, 0x4A13, 0x4F4C, 0xFFFF, 
  0xBFFF, 0x759B, 0x2C42, 0x8D4A, 0xCE52, 0x8C4A, 0x6A42, 0x6A4A, 0x4A42, 0x6B4A, 0x4A42, 0x4A42, 0x4B4A, 0x6B4A, 0x4A42, 0x8C4A, 
  0x8D52, 0x6C4A, 0x6A4A, 0x2942, 0x083A, 0x6B4A, 0x8D4A, 0x8C4A, 0xAC52, 0x8C4A, 0x8C4A, 0x8D4A, 0x8C4A, 0xAC4A, 0x6B42, 0x6B4A, 
  0xCF52, 0x6C4A, 0x7072, 0x3FFF, 0x1EE5, 0xBFDB, 0xDFE3, 0x1FCB, 0xDFCA, 0x9ECB, 0x1EC3, 0xFED2, 0xFDDB, 0xFEED, 0xDEED, 0xBED3, 
  0xDFDB, 0x7ED3, 0x1FD3, 0xBCCB, 0x0B4A, 0x4A42, 0x2A42, 0x4B4A, 0x8B4A, 0x6C42, 0x4B42, 0x6B4A, 0x6B4A, 0xAC4A, 0x8C4A, 0x8C4A, 
  0x2A42, 0x2942, 0x093A, 0x36A3, 0xF592, 0x2942, 0x093A, 0xB27A, 0x7FFE, 0xDDDB, 0x9EE5, 0xDEE5, 0x9EC2, 0xFFCA, 0x1EC3, 0xFFCA, 
  0xFFCA, 0xDFCA, 0x3DC3, 0x9FF6, 0x38BC, 0x2E52, 0x6E4A, 0xF48A, 0xBFFE, 0xFBCC, 0x0C52, 0x4A42, 0x2A4A, 0xAD4A, 0xAD4A, 0x4B4A, 
  0x6B42, 0x8D4A, 0xCE52, 0x2E52, 0xD9BB, 0x3FF6, 0x1DBB, 0xDFD2, 0xFFCA, 0xFFC2, 0xDFCA, 0x9FDB, 0xDFE3, 0xDFE3, 0xFFEB, 0x79B3, 
  0x906A, 0x4B4A, 0x4A42, 0x6B4A, 0x8C4A, 0x6B4A, 0x4A42, 0x6A42, 0x694A, 0x2942, 0x2942, 0x0942, 0x4942, 0x8C4A, 0xAD4A, 0xAD52, 
  0x6C4A, 0x293A, 0x6C4A, 0xCF5A, 0x8D52, 0x6C4A, 0xAD52, 0xAC52, 0x2A42, 0x6B4A, 0x4A4A, 0x4A42, 0x6B4A, 0x4B42, 0x4B4A, 0x4A42, 
  0x8C4A, 0x2A4A, 0x4B42, 0x8C4A, 0x0842, 0x37A3, 0x5FD3, 0xBFC2, 0x5FD3, 0x9382, 0x0832, 0x906A, 0xDFE3, 0xDFE3, 0x7FE3, 0xDEC2, 
  0xDEDC, 0x9ECB, 0xDFC2, 0xDFCA, 0xFDC2, 0xDEF6, 0xFFFF, 0xFFFF, 0x5CC5, 0x0D33, 0x6C23, 0x6C23, 0x6C23, 0x6C23, 0x6C23, 0x6C23, 
  0x6C23, 0x6C23, 0x6C23, 0x6C23, 0x6C23, 0x6C23, 0x6C23, 0x6C23, 0x6C23, 0x6C23, 0x6C23, 0x6C23, 0x6C23, 0x6C23, 0x6C23, 0x6C23, 
  0x6C23, 0x6C23, 0x6C23, 0x6C23, 0x6C23, 0x6C23, 0x6C23, 0x6C23, 0x6C23, 0x6C23, 0x6C23, 0x6C23, 0x6C23, 0x6C23, 0x6C23, 0x6C23, 
  0x6C23, 0x6C23, 0x6C23, 0x6C23, 0x6C23, 0x6C23, 0x6C23, 0x6C23, 0x6C23, 0x6C23, 0x6C23, 0x6C23, 0x6C23, 0x6C23, 0x6C23, 0x6C23, 
  0x6C23, 0x6C23, 0x6C23, 0x6C23, 0x6C23, 0x6C23, 0x6C23, 0x6C23, 0x6C23, 0x6C23, 0x6C23, 0x6C23, 0x6C23, 0x2B1B, 0x137D, 0xFFFF, 
  0xDDE5, 0x4E62, 0xCD4A, 0x6C4A, 0x8C4A, 0x8D4A, 0xAD52, 0x6C4A, 0x4B42, 0x6B4A, 0x6C4A, 0xCE5A, 0xEF5A, 0x6C4A, 0x6B4A, 0x8D4A, 
  0x6C4A, 0x8C4A, 0x6B4A, 0x4B42, 0x2A42, 0x6C4A, 0x8D4A, 0x8D52, 0xAE52, 0x6C4A, 0x6C4A, 0x8D4A, 0x6B4A, 0x4B42, 0xAD4A, 0x8C4A, 
  0x8D4A, 0x6B42, 0xED59, 0x5DE6, 0x1EEE, 0x7EDB, 0xFFE3, 0x3FD3, 0xDFC2, 0xFECA, 0x3FDB, 0xFEDB, 0x1FF6, 0x3CDD, 0x9ED3, 0x1ED4, 
  0x5DE5, 0x5DCB, 0xDFDB, 0x5072, 0x093A, 0x8D52, 0xAD52, 0x8C4A, 0x8C52, 0xAD4A, 0x8D4A, 0xCE52, 0x8E4A, 0xD05A, 0xCF52, 0x6B4A, 
  0x6A4A, 0x2942, 0x0B4A, 0xBAC3, 0xF692, 0x4B42, 0x6B4A, 0xEA49, 0xB9BC, 0xFFF5, 0x9DCB, 0xDFF6, 0x1ECC, 0xDFC2, 0xFFCA, 0xFFCA, 
  0xFFC2, 0xFFD2, 0x9FCA, 0xBDCB, 0xDFF6, 0x78AB, 0x2C52, 0x0A42, 0x1283, 0x1FFF, 0x9AC4, 0xCC49, 0x6C4A, 0x8C4A, 0x8B4A, 0x6C4A, 
  0xCD52, 0xAC4A, 0x2B42, 0x5272, 0xBEE5, 0x9ED4, 0xBEBA, 0xFFD2, 0xFFC2, 0xFEC2, 0x7FDB, 0xDFE3, 0xFFE3, 0xFDDB, 0x9382, 0xEA49, 
  0x6A42, 0x8C4A, 0x4C4A, 0x6B42, 0x6A4A, 0x4A42, 0x6B42, 0x6B4A, 0x4942, 0x0942, 0x2A42, 0x6A4A, 0x0942, 0x4B42, 0x6B4A, 0x8C4A, 
  0x4B42, 0x2942, 0xAD52, 0xCF5A, 0xAD52, 0x8D4A, 0x8D4A, 0x6B4A, 0x4A42, 0x8C4A, 0x6C4A, 0x8C4A, 0xCD52, 0x6C42, 0x4B42, 0x2A42, 
  0x8C42, 0x4B4A, 0x6B52, 0xCF52, 0x6A4A, 0x8F6A, 0xBFD3, 0xDFCA, 0x1FD3, 0x1BB3, 0x2B4A, 0x4B4A, 0x7ABB, 0xFFEB, 0xBFE3, 0xBECA, 
  0x5ED4, 0x1EDD, 0xBFC2, 0x1FCB, 0x9EC2, 0xFDDC, 0xFFFF, 0xFFFF, 0x7EEE, 0x7153, 0x4B23, 0x8C23, 0x6C23, 0x6C23, 0x6C23, 0x6C23, 
  0x6C23, 0x6C23, 0x6C23, 0x6C23, 0x6C23, 0x6C23, 0x6C23, 0x6C23, 0x6C23, 0x6C23, 0x6C23, 0x6C23, 0x6C23, 0x6C23, 0x6C23, 0x6C23, 
  0x6C23, 0x6C23, 0x6C23, 0x6C23, 0x6C23, 0x6C23, 0x6C23, 0x6C23, 0x6C23, 0x6C23, 0x6C23, 0x6C23, 0x6C23, 0x6C23, 0x6C23, 0x6C23, 
  0x6C23, 0x6C23, 0x6C23, 0x6C23, 0x6C23, 0x6C23, 0x6C23, 0x6C23, 0x6C23, 0x6C23, 0x6C23, 0x6C23, 0x6C23, 0x6C23, 0x6C23, 0x6C23, 
  0x6C23, 0x6C23, 0x6C23, 0x6C23, 0x6C23, 0x6C23, 0x6C23, 0x6C23, 0x6C23, 0x6C23, 0x6C23, 0x8C23, 0x4B1B, 0xCE3B, 0xBEE7, 0xDFFF, 
  0xD6A3, 0x2B42, 0xAC4A, 0x6C4A, 0x8D4A, 0xAD52, 0x8C4A, 0x8C4A, 0xAD52, 0x8D4A, 0x4B42, 0x6B4A, 0x6D4A, 0x8D52, 0x6B4A, 0x8C4A, 
  0x8C4A, 0x6C4A, 0x8C4A, 0x8C4A, 0x6C4A, 0x8C4A, 0x8B4A, 0x4A42, 0x2B42, 0x8C4A, 0xAC52, 0x6B4A, 0x6C4A, 0x8D52, 0x6C4A, 0x6C4A, 
  0x4942, 0x4942, 0xCB49, 0x19C5, 0xDFFE, 0x9EDB, 0xDFE3, 0x3FD3, 0x3FD3, 0xBFDB, 0x5DDC, 0x1FF6, 0x5AC4, 0x78AA, 0xDEDB, 0x1EEE, 
  0xFDCB, 0x5FDB, 0x179B, 0x0942, 0xAC52, 0xAF52, 0x8D42, 0xAD4A, 0x6C4A, 0x6A42, 0x8D4A, 0xAF5A, 0x6C4A, 0x8D4A, 0x8C4A, 0x6B42, 
  0x2942, 0x0842, 0x706A, 0xDED3, 0xF47A, 0xCD4A, 0x6D52, 0x6A42, 0x906A, 0x3EF6, 0x3DDC, 0xFDDC, 0x9EEE, 0xFEC2, 0xDFD2, 0xFFCA, 
  0xFFCA, 0xFFC2, 0xFFCA, 0xBEC2, 0x7ED4, 0xBFFE, 0x1593, 0x4C4A, 0x0C4A, 0x7593, 0xFFFE, 0x58B4, 0x2E52, 0xAB4A, 0x2A4A, 0x8C4A, 
  0x6B4A, 0x8B42, 0x2A4A, 0x98B3, 0x7FED, 0x3DC3, 0xDFCA, 0xFFC2, 0x3FCB, 0x9FDB, 0xDFE3, 0x1FE4, 0x9BBB, 0x6F62, 0x6B42, 0xCD52, 
  0x6C4A, 0xAC4A, 0x4B4A, 0xAC52, 0x8C4A, 0x6C4A, 0x4B4A, 0x4A42, 0x2942, 0x2942, 0x2942, 0x2842, 0x0842, 0x4A4A, 0x4A42, 0x6B4A, 
  0x6B4A, 0x0942, 0x4B4A, 0x4B42, 0x4A42, 0xCE52, 0xEE52, 0x4B4A, 0x4A4A, 0x6B4A, 0x6C4A, 0x6B4A, 0x4B42, 0xAC4A, 0x4A42, 0x0942, 
  0xAC4A, 0xCF5A, 0x8C4A, 0x6C42, 0x6B42, 0x0B42, 0x39B3, 0x3FD3, 0xDFCA, 0x7ECB, 0x7072, 0x2A42, 0xB382, 0xFFE3, 0xDFE3, 0x3FD3, 
  0x3ECB, 0x5EEE, 0x3FC3, 0xFFC2, 0xDFCA, 0x5EC3, 0x5FF7, 0xFFFF, 0x3FFF, 0xD57B, 0x4B1B, 0x8C1B, 0x6C23, 0x6C23, 0x6C23, 0x6C23, 
  0x6C23, 0x6C23, 0x6C23, 0x6C23, 0x6C23, 0x6C23, 0x6C23, 0x6C23, 0x6C23, 0x6C23, 0x6C23, 0x6C23, 0x6C23, 0x6C23, 0x6C23, 0x6C23, 
  0x6C23, 0x6C23, 0x6C23, 0x6C23, 0x6C23, 0x6C23, 0x6C23, 0x6C23, 0x6C23, 0x6C23, 0x6C23, 0x6C23, 0x6C23, 0x6C23, 0x6C23, 0x6C23, 
  0x6C23, 0x6C23, 0x6C23, 0x6C23, 0x6C23, 0x6C23, 0x6C23, 0x6C23, 0x6C23, 0x6C23, 0x6C23, 0x6C23, 0x6C23, 0x6C23, 0x6C23, 0x6C23, 
  0x6C23, 0x6C23, 0x6C23, 0x6C23, 0x6C23, 0x6C23, 0x6C23, 0x6C23, 0x6C23, 0x6C23, 0x6C23, 0x8C23, 0x4B1B, 0x3054, 0xFFFF, 0x9FF6, 
  0x716A, 0x6B3A, 0x6A4A, 0x4B4A, 0x4B42, 0x6B4A, 0x8C4A, 0x6B4A, 0x6C4A, 0x4B4A, 0x4A4A, 0x2942, 0x2942, 0x4B42, 0x4A42, 0x2A42, 
  0x4A42, 0x4A42, 0x4B42, 0x8D4A, 0x6B4A, 0x8B4A, 0x8C4A, 0x6C4A, 0x8C4A, 0x6D4A, 0x6D4A, 0x8B4A, 0x6B4A, 0x6B4A, 0x8C4A, 0x2A42, 
  0x4942, 0x4942, 0x2A42, 0x949B, 0x3FFF, 0xFED3, 0xBFE3, 0xBFE3, 0xDFE3, 0x9EDB, 0x1EED, 0x5693, 0xD069, 0x9CC3, 0x3FF6, 0x1DDD, 
  0x1FD3, 0xBBC3, 0x0B4A, 0x4A42, 0x8B4A, 0x8C4A, 0xCF52, 0xCE52, 0xD05A, 0x8C4A, 0x4D52, 0x1493, 0x4C52, 0x6B42, 0x4B4A, 0x8B4A, 
  0x6B4A, 0x2A42, 0x9482, 0x9ED3, 0x6E5A, 0x6B4A, 0x4B4A, 0x8B4A, 0x0B42, 0xF7AB, 0x5FFE, 0x7CCB, 0x9FF6, 0xDEDC, 0x9EC2, 0xFFCA, 
  0xFFCA, 0xFFC2, 0xFFCA, 0xFFCA, 0x9FC2, 0x7EE5, 0x3FEE, 0x9482, 0x4B4A, 0x4F52, 0xB59B, 0x3FFF, 0xB6A3, 0x0B4A, 0x8C4A, 0x8C4A, 
  0x6B4A, 0x093A, 0x6F6A, 0x1EDC, 0xDEDB, 0xFFCA, 0xFFCA, 0x7FD3, 0xDEDB, 0xDFE3, 0x1FE4, 0x58AB, 0x0D52, 0x4B42, 0xAC52, 0x6C4A, 
  0x8D4A, 0xAD4A, 0x4B4A, 0xCE5A, 0xB05A, 0x8E4A, 0xAE52, 0x8E52, 0xAD52, 0x8C4A, 0x6B4A, 0x6B4A, 0x4A42, 0xAD52, 0x8C4A, 0x6B4A, 
  0x4A42, 0x6B4A, 0x6B4A, 0x4A4A, 0x4B42, 0x8D4A, 0xCD52, 0x0A42, 0x294A, 0x083A, 0x2A42, 0x8C4A, 0x8C4A, 0x2A42, 0x2942, 0x2A42, 
  0x8D52, 0x4C4A, 0x2A42, 0x8C4A, 0xAD52, 0x4A42, 0xB17A, 0x9FDB, 0xBFC2, 0x5FD3, 0xF7A2, 0x0942, 0x4C4A, 0x9CCB, 0xFFEB, 0x9FDB, 
  0xBEC2, 0x3FEE, 0xDEDC, 0xBEC2, 0x1FCB, 0x9EC2, 0x9EDD, 0xFFFF, 0xBFFF, 0x9AAC, 0x4D2B, 0x6C23, 0x6C23, 0x6C23, 0x6C23, 0x6C23, 
  0x6C23, 0x6C23, 0x6C23, 0x6C23, 0x6C23, 0x6C23, 0x6C23, 0x6C23, 0x6C23, 0x6C23, 0x6C23, 0x6C23, 0x6C23, 0x6C23, 0x6C23, 0x6C23, 
  0x6C23, 0x6C23, 0x6C23, 0x6C23, 0x6C23, 0x6C23, 0x6C23, 0x6C23, 0x6C23, 0x6C23, 0x6C23, 0x6C23, 0x6C23, 0x6C23, 0x6C23, 0x6C23, 
  0x6C23, 0x6C23, 0x6C23, 0x6C23, 0x6C23, 0x6C23, 0x6C23, 0x6C23, 0x6C23, 0x6C23, 0x6C23, 0x6C23, 0x6C23, 0x6C23, 0x6C23, 0x6C23, 
  0x6C23, 0x6C23, 0x6C23, 0x6C23, 0x6C23, 0x6C23, 0x6C23, 0x6C23, 0x6C23, 0x6C23, 0x6C23, 0x8C23, 0x2B1B, 0x969D, 0xFFFF, 0xBABC, 
  0x0D4A, 0x4A4A, 0x6C4A, 0x6C4A, 0x8C4A, 0x8C4A, 0x6B4A, 0x6B4A, 0x4A42, 0x8B4A, 0x6B4A, 0x4A42, 0xCD5A, 0xAD52, 0x6C4A, 0x6B4A, 
  0x6B4A, 0x8B4A, 0xAC52, 0xAD52, 0x4B4A, 0x6B4A, 0x6C4A, 0x516B, 0xD05A, 0x8E52, 0x8C4A, 0x4B42, 0x4A42, 0x4B4A, 0x8D4A, 0x8D52, 
  0x4C4A, 0x6B4A, 0x2A3A, 0x8F72, 0x1FFF, 0x9EDC, 0x9FE3, 0xDFE3, 0x7FD3, 0x7ECB, 0xB282, 0xCA49, 0xF6A2, 0xDFED, 0x7EEE, 0xFECA, 
  0xDFDB, 0x6E62, 0x4A42, 0x6D52, 0x8C4A, 0x6C4A, 0x6B4A, 0x6B42, 0x135B, 0xAF52, 0xD382, 0x569B, 0x0B42, 0xAF52, 0x8C4A, 0x2A42, 
  0xAD4A, 0x6D4A, 0xF8AA, 0x5AB3, 0x4C42, 0x4B42, 0x6B4A, 0x4D62, 0x8F62, 0x2F5A, 0xFDE5, 0xFEE4, 0x3DDC, 0xDFF6, 0x3DC3, 0xDFCA, 
  0xFFCA, 0xFFCA, 0xFFCA, 0xFECA, 0xFFCA, 0xDDC2, 0x5FEE, 0x3DDD, 0x107A, 0x8C52, 0x0D4A, 0x38B4, 0xFFFE, 0xF38A, 0x0A4A, 0xAD52, 
  0x6C4A, 0x0B42, 0xF7A2, 0x5FD3, 0xBFDB, 0x5ED3, 0xBFDB, 0xBFE3, 0xDFEB, 0x3FDC, 0xF592, 0x2D5A, 0x6A4A, 0x6A42, 0x2A42, 0xAD52, 
  0xCD52, 0x6A42, 0x093A, 0x8D52, 0xAF5A, 0xD052, 0xCE52, 0x8D52, 0x6D4A, 0xAD4A, 0x8C4A, 0x6C4A, 0x4C4A, 0x4B42, 0x2A42, 0x6A4A, 
  0x4A42, 0x8C4A, 0x8D4A, 0xAD52, 0xCD52, 0xCD52, 0x8D4A, 0x6C4A, 0x6C4A, 0x2A42, 0x6B4A, 0x8C4A, 0xAC52, 0x4A4A, 0x4A4A, 0x8C4A, 
  0x4B4A, 0x2B42, 0x4B4A, 0x6B4A, 0x6C4A, 0x6B4A, 0x4D52, 0x7BC3, 0x1FD3, 0xFFC2, 0x7DCB, 0xAF6A, 0x293A, 0xF6A2, 0xFFEB, 0xDFE3, 
  0xBEC2, 0xFEDC, 0xDEF6, 0xFEC2, 0xFFCA, 0xDFCA, 0x9DC3, 0x5FFF, 0xFFFF, 0x9CD5, 0x2F43, 0x6C23, 0x6C23, 0x6C23, 0x6C23, 0x6C23, 
  0x6C23, 0x6C23, 0x6C23, 0x6C23, 0x6C23, 0x6C23, 0x6C23, 0x6C23, 0x6C23, 0x6C23, 0x6C23, 0x6C23, 0x6C23, 0x6C23, 0x6C23, 0x6C23, 
  0x6C23, 0x6C23, 0x6C23, 0x6C23, 0x6C23, 0x6C23, 0x6C23, 0x6C23, 0x6C23, 0x6C23, 0x6C23, 0x6C23, 0x6C23, 0x6C23, 0x6C23, 0x6C23, 
  0x6C23, 0x6C23, 0x6C23, 0x6C23, 0x6C23, 0x6C23, 0x6C23, 0x6C23, 0x6C23, 0x6C23, 0x6C23, 0x6C23, 0x6C23, 0x6C23, 0x6C23, 0x6C23, 
  0x6C23, 0x6C23, 0x6C23, 0x6C23, 0x6C23, 0x6C23, 0x6C23, 0x6C23, 0x6C23, 0x6B23, 0x6C23, 0x4B1B, 0x1054, 0x9EEF, 0x3FFF, 0x1583, 
  0x8E4A, 0x4C4A, 0xAC4A, 0x6B42, 0x6C4A, 0x6C4A, 0x8B4A, 0x4A42, 0x6B4A, 0x8C4A, 0x4B42, 0x4A42, 0x8C4A, 0x6C4A, 0xAD52, 0xAC4A, 
  0x6C4A, 0x8C4A, 0x8C4A, 0x2B42, 0x4B42, 0x4A42, 0x6C4A, 0xAE52, 0xF262, 0xB052, 0x8C4A, 0x8D4A, 0xCD52, 0x6C4A, 0xCE5A, 0xF05A, 
  0xAF52, 0xCE52, 0xAC4A, 0x4D5A, 0x7DE6, 0x5EED, 0x9EDB, 0xBFE3, 0x7ECB, 0x3072, 0x0832, 0x2E62, 0x7DE4, 0x3FFF, 0xDDC3, 0x9FEB, 
  0xF592, 0x6C42, 0xB062, 0xB06A, 0x6C4A, 0x2A42, 0x0842, 0x8B4A, 0x8D42, 0x4C4A, 0x9BC3, 0xD482, 0x6B42, 0xCE52, 0xAD52, 0xAD52, 
  0xCF52, 0xB162, 0x5DCB, 0xD592, 0x6C42, 0x4A42, 0x4B42, 0x2C52, 0x559B, 0xED59, 0x7493, 0x9FFE, 0x9DCB, 0x1EEE, 0xBEE5, 0xBEC2, 
  0x1FC3, 0xFFCA, 0xFFCA, 0xFFCA, 0xFFCA, 0xDFCA, 0x9DCB, 0x1FF7, 0x3CCC, 0x2F62, 0x6A42, 0x2E5A, 0x1DD5, 0x3EEE, 0x4F62, 0xAE52, 
  0x8D4A, 0xB16A, 0x5ED3, 0x9FDB, 0xDFE3, 0xDFE3, 0xDFE3, 0xFFEB, 0xBBCB, 0xB17A, 0xEA41, 0x8C4A, 0x6A42, 0x4B42, 0x4C4A, 0x6D4A, 
  0x8D52, 0x8C4A, 0x2942, 0x6A4A, 0x6B42, 0x8C4A, 0x8C4A, 0x6C4A, 0x6B4A, 0x6B4A, 0x8C4A, 0x4B4A, 0x8B52, 0x2942, 0x2942, 0x6A4A, 
  0x4A42, 0x6B42, 0x4C42, 0x6C4A, 0x2A42, 0x2A42, 0x2A42, 0xAD4A, 0xAD4A, 0x8C52, 0x8C4A, 0x8C4A, 0x4B4A, 0x2A42, 0x6B4A, 0x4B42, 
  0x6B4A, 0x2942, 0x4942, 0x4942, 0x2A42, 0x6B42, 0x2A42, 0xD38A, 0x7FDB, 0xDEC2, 0x5FDB, 0xF48A, 0x283A, 0x7072, 0xFFE3, 0xFFE3, 
  0x3FD3, 0x7DC3, 0xBFFF, 0xBED4, 0xBFC2, 0xFFD2, 0xBEC2, 0xBEE5, 0xFFFF, 0x7EE6, 0x125B, 0x6B1B, 0x6C23, 0x6C23, 0x6C23, 0x6C23, 
  0x6C23, 0x6C23, 0x6C23, 0x6C23, 0x6C23, 0x6C23, 0x6C23, 0x6C23, 0x6C23, 0x6C23, 0x6C23, 0x6C23, 0x6C23, 0x6C23, 0x6C23, 0x6C23, 
  0x6C23, 0x6C23, 0x6C23, 0x6C23, 0x6C23, 0x6C23, 0x6C23, 0x6C23, 0x6C23, 0x6C23, 0x6C23, 0x6C23, 0x6C23, 0x6C23, 0x6C23, 0x6C23, 
  0x6C23, 0x6C23, 0x6C23, 0x6C23, 0x6C23, 0x6C23, 0x6C23, 0x6C23, 0x6C23, 0x6C23, 0x6C23, 0x6C23, 0x6C23, 0x6C23, 0x6C23, 0x6C23, 
  0x6C23, 0x6C23, 0x6C23, 0x6C23, 0x6C23, 0x6C23, 0x6C23, 0x6C23, 0x6C23, 0x6B23, 0x6C23, 0x0C23, 0x97A5, 0xFFFF, 0x3EDD, 0x7272, 
  0xAB4A, 0x8D4A, 0x6D4A, 0xCE52, 0xAD4A, 0xEF5A, 0x8D4A, 0xAD52, 0x6B4A, 0x4B42, 0x6B4A, 0x6A42, 0x8C4A, 0x6C4A, 0x8D4A, 0x4B42, 
  0xAD4A, 0x8C4A, 0x8C4A, 0x8C4A, 0xAC4A, 0x6B4A, 0x4A42, 0x4942, 0x8E52, 0xF15A, 0x6C42, 0x8C4A, 0x8C4A, 0x6C4A, 0x8C4A, 0x4C4A, 
  0x6B4A, 0x8B4A, 0x8D4A, 0x2D4A, 0x7BD5, 0xDFF5, 0x7FDB, 0x1FE4, 0x928A, 0x0942, 0x2B42, 0xD382, 0x3FFF, 0xDDDC, 0x9FEB, 0x79B3, 
  0x4C4A, 0x6D52, 0x179B, 0x4D5A, 0x4B42, 0x6B42, 0x8D52, 0x6C4A, 0x4A3A, 0x4F6A, 0xFDD3, 0x706A, 0x8B42, 0x8C4A, 0x8D4A, 0xAD52, 
  0x7273, 0xD582, 0x5ED3, 0x7072, 0x6C42, 0x6A4A, 0x6B4A, 0x2B42, 0xF59A, 0xB282, 0x2D52, 0x7BD5, 0x5FED, 0xBDD3, 0xFFF6, 0xDDD3, 
  0xDFC2, 0xFFCA, 0xFFCA, 0xFFCA, 0xFFC2, 0xFFD2, 0x9EC2, 0xBED4, 0x1FFF, 0x3ABB, 0x8E52, 0x8B4A, 0x3062, 0xBDED, 0xDBC4, 0x2D52, 
  0x6A42, 0xF482, 0xDFDB, 0xBFE3, 0xDFE3, 0xFFEB, 0xBDD3, 0xF592, 0x2C52, 0x2A42, 0x6B4A, 0x8B4A, 0xAC52, 0x6B4A, 0x6B4A, 0x2A42, 
  0x6C4A, 0x6C4A, 0x6B4A, 0x4B42, 0x8C4A, 0xAD4A, 0x8C4A, 0x8C4A, 0x6C4A, 0x8D4A, 0x4B4A, 0x8D52, 0x6B4A, 0x2942, 0x6C4A, 0xCE52, 
  0x8C4A, 0x8C4A, 0x8C4A, 0x4B4A, 0x6A4A, 0x2942, 0x2942, 0xAC52, 0x8C4A, 0x8C4A, 0xAC4A, 0x4A42, 0x2942, 0x4A42, 0x4A42, 0x8C4A, 
  0x6B4A, 0x6B42, 0x4B4A, 0x6C4A, 0x6C4A, 0x8C4A, 0x694A, 0x2C4A, 0x9DC3, 0xFFD2, 0x1FD3, 0x9BC3, 0x2A4A, 0x0B4A, 0x9BC3, 0xFFE3, 
  0x9FDB, 0xBEC2, 0x9FF6, 0x1FF7, 0xFEC2, 0xDFCA, 0xBECA, 0xFDCB, 0xDFFF, 0x7FFF, 0x757B, 0x4B1B, 0x8C1B, 0x6C23, 0x6C23, 0x6C23, 
  0x6C23, 0x6C23, 0x6C23, 0x6C23, 0x6C23, 0x6C23, 0x6C23, 0x6C23, 0x6C23, 0x6C23, 0x6C23, 0x6C23, 0x6C23, 0x6C23, 0x6C23, 0x6C23, 
  0x6C23, 0x6C23, 0x6C23, 0x6C23, 0x6C23, 0x6C23, 0x6C23, 0x6C23, 0x6C23, 0x6C23, 0x6C23, 0x6C23, 0x6C23, 0x6C23, 0x6C23, 0x6C23, 
  0x6C23, 0x6C23, 0x6C23, 0x6C23, 0x6C23, 0x6C23, 0x6C23, 0x6C23, 0x6C23, 0x6C23, 0x6C23, 0x6C23, 0x6C23, 0x6C23, 0x6C23, 0x6C23, 
  0x6C23, 0x6C23, 0x6C23, 0x6C23, 0x6C23, 0x6C23, 0x6C23, 0x6C23, 0x6C23, 0x8C23, 0x2C1B, 0xD15B, 0x7EF7, 0x7FFF, 0xBBB3, 0x7893, 
  0xAF52, 0xF15A, 0x905A, 0xCF5A, 0xAE4A, 0x6D4A, 0x6C4A, 0x8C52, 0x6C4A, 0x6C4A, 0xAC52, 0x4A42, 0x6B4A, 0xCD52, 0x8C4A, 0x8B4A, 
  0xEE52, 0xCE52, 0x8D4A, 0xAD4A, 0xAD4A, 0x8D4A, 0x6C4A, 0x8B4A, 0x4B42, 0x8D4A, 0xAE52, 0xAD52, 0x8D4A, 0x6C4A, 0xCE52, 0xCE5A, 
  0x6D4A, 0x6B4A, 0x4B42, 0x0C42, 0x7ABC, 0x3FF6, 0xBFDB, 0x9BC3, 0xEA49, 0x6C4A, 0x2E5A, 0x1DE6, 0x5EEE, 0x9EE3, 0x9BCB, 0x6D52, 
  0x493A, 0x8F72, 0x58B3, 0xEA41, 0xAD52, 0xCE4A, 0xAE52, 0x8E52, 0xCE5A, 0x38A3, 0x9BBB, 0xEB41, 0x4B4A, 0xAE52, 0x8D4A, 0x8B4A, 
  0x8D5A, 0x189B, 0x5DC3, 0x4D5A, 0x6A42, 0x6B4A, 0x6B4A, 0x0A3A, 0xD492, 0x58A3, 0x4B3A, 0xF182, 0x7FFE, 0x9EDB, 0x5EE5, 0x5EEE, 
  0xBEC2, 0x1FCB, 0xFECA, 0xFFCA, 0xFFCA, 0xFFCA, 0xFFD2, 0x9ECA, 0xDEED, 0x5FF6, 0xF79A, 0x8F52, 0x0A42, 0xD282, 0x7FF5, 0xF492, 
  0xEA41, 0xD382, 0x1FE4, 0xBFE3, 0x1FE4, 0xD59A, 0x4E62, 0x0A42, 0x2A42, 0x6B4A, 0x4A42, 0x4A4A, 0x2A42, 0x4942, 0x4842, 0xE839, 
  0x4942, 0x6A4A, 0x4A42, 0x2A3A, 0x8C4A, 0x8C4A, 0x4B4A, 0x4A4A, 0x6A4A, 0x8B4A, 0x6B4A, 0x2A42, 0x2942, 0x4A42, 0x0942, 0x6A4A, 
  0x6A42, 0x6B4A, 0x6B42, 0x8C4A, 0x4A4A, 0x0942, 0x2A42, 0x2A42, 0x6B4A, 0x2A42, 0x2A42, 0x2A42, 0xAB4A, 0x4A42, 0x2A42, 0x8D52, 
  0x8C4A, 0x6C4A, 0x8D52, 0x4A42, 0x4A42, 0x4A42, 0x4A4A, 0x0942, 0x1593, 0x5FD3, 0x1FD3, 0xFFE3, 0x7072, 0xC839, 0x349B, 0xFFEB, 
  0xDFE3, 0xBFCA, 0xDEDC, 0xFFFF, 0x7DD4, 0xDEC2, 0x1FCB, 0xDEC2, 0x5EEE, 0xFFFF, 0x98A4, 0x0D2B, 0x8C1B, 0x6C23, 0x6C23, 0x6C23, 
  0x6C23, 0x6C23, 0x6C23, 0x6C23, 0x6C23, 0x6C23, 0x6C23, 0x6C23, 0x6C23, 0x6C23, 0x6C23, 0x6C23, 0x6C23, 0x6C23, 0x6C23, 0x6C23, 
  0x6C23, 0x6C23, 0x6C23, 0x6C23, 0x6C23, 0x6C23, 0x6C23, 0x6C23, 0x6C23, 0x6C23, 0x6C23, 0x6C23, 0x6C23, 0x6C23, 0x6C23, 0x6C23, 
  0x6C23, 0x6C23, 0x6C23, 0x6C23, 0x6C23, 0x6C23, 0x6C23, 0x6C23, 0x6C23, 0x6C23, 0x6C23, 0x6C23, 0x6C23, 0x6C23, 0x6C23, 0x6C23, 
  0x6C23, 0x6C23, 0x6C23, 0x6C23, 0x6C23, 0x6C23, 0x6C23, 0x6C23, 0x6B23, 0x8C23, 0x2D23, 0x99B5, 0xFFFF, 0xBDDD, 0x1062, 0x8E52, 
  0xAE4A, 0xCE4A, 0x6C42, 0x8E52, 0xAE52, 0x8D4A, 0xAD4A, 0x8C4A, 0x6C4A, 0x6C4A, 0x8D4A, 0x4B42, 0x6C4A, 0xAE52, 0x8D4A, 0x6C4A, 
  0x6D4A, 0xAE52, 0xCE52, 0x8C4A, 0xCE52, 0xEF52, 0xAE52, 0xAE52, 0x8B4A, 0x6A4A, 0x6C4A, 0x8C4A, 0xAD52, 0x6C4A, 0xAD52, 0xCE52, 
  0x6C4A, 0x8C4A, 0x8B4A, 0x0B42, 0x96A3, 0xFEED, 0xDFDB, 0x17A3, 0x4A42, 0xCB49, 0x98BC, 0x1FFF, 0xDEDB, 0xBEDB, 0x916A, 0xAC42, 
  0x4D4A, 0x59A3, 0x1593, 0x4A42, 0x8C4A, 0xCE4A, 0x6B4A, 0x6A42, 0x0C4A, 0x7DC3, 0xF79A, 0x293A, 0x4842, 0x8C52, 0x8C42, 0x8C4A, 
  0xEB49, 0x3AB3, 0x1AAB, 0x4B4A, 0x8B4A, 0x4B42, 0x4B4A, 0x4A42, 0x369B, 0x5ABB, 0x6C4A, 0x4F52, 0xDAC4, 0xBFED, 0x5DD3, 0x9EF6, 
  0x9ED4, 0x9FCA, 0xFFCA, 0xFFC2, 0xFFCA, 0xFFC2, 0x1FC3, 0xFFCA, 0xFEC2, 0x9EE5, 0xFFE4, 0xB582, 0xAC4A, 0x0B4A, 0x39B3, 0x9ED3, 
  0x4F5A, 0x4E62, 0xFDDB, 0xDFEB, 0xF592, 0x0B42, 0x6A4A, 0x6A4A, 0x6C52, 0xAD4A, 0x8C4A, 0x6C4A, 0x6C4A, 0x6B4A, 0x4942, 0x4A4A, 
  0x4B4A, 0x8D4A, 0xAE52, 0x8D4A, 0x4A42, 0x4A42, 0x4A42, 0x6B4A, 0x6B4A, 0x6B4A, 0x6B4A, 0x6B4A, 0x8C52, 0xAD52, 0x6B4A, 0x4942, 
  0x4A42, 0x8D4A, 0xCF52, 0x6C4A, 0xAD4A, 0xAD4A, 0x6C4A, 0x8C52, 0x8C4A, 0x6B4A, 0x2A42, 0xAC52, 0x8C4A, 0x4B42, 0x4A42, 0x6A4A, 
  0x8A4A, 0x6B42, 0x6C4A, 0x2A42, 0x4A4A, 0x4A4A, 0x4A42, 0x2A42, 0x2E5A, 0x9ECB, 0xFECA, 0xFFEB, 0x58A3, 0xE939, 0x707A, 0xFFE3, 
  0xDFE3, 0x3ED3, 0x9DC3, 0xBFFF, 0xBFF6, 0x1DBB, 0xFFCA, 0xBFCA, 0x7DD4, 0xFFFF, 0x9CCD, 0xF042, 0x8B1B, 0x6C23, 0x6C23, 0x6C23, 
  0x6C23, 0x6C23, 0x6C23, 0x6C23, 0x6C23, 0x6C23, 0x6C23, 0x6C23, 0x6C23, 0x6C23, 0x6C23, 0x6C23, 0x6C23, 0x6C23, 0x6C23, 0x6C23, 
  0x6C23, 0x6C23, 0x6C23, 0x6C23, 0x6C23, 0x6C23, 0x6C23, 0x6C23, 0x6C23, 0x6C23, 0x6C23, 0x6C23, 0x6C23, 0x6C23, 0x6C23, 0x6C23, 
  0x6C23, 0x6C23, 0x6C23, 0x6C23, 0x6C23, 0x6C23, 0x6C23, 0x6C23, 0x6C23, 0x6C23, 0x6C23, 0x6C23, 0x6C23, 0x6C23, 0x6C23, 0x6C23, 
  0x6C23, 0x6C23, 0x6C23, 0x6C23, 0x6C23, 0x6C23, 0x6C23, 0x6C23, 0x6C2B, 0x4B1B, 0xD263, 0x5FF7, 0xBFFF, 0x96A3, 0x4C4A, 0xCC4A, 
  0x6B4A, 0x0C4A, 0xF482, 0x169B, 0x4D52, 0xED52, 0xCE52, 0xAD4A, 0xCE52, 0xAC4A, 0x8C4A, 0x6C4A, 0xAD52, 0xEF5A, 0xCF52, 0xCF52, 
  0x8C52, 0x8C4A, 0x6C4A, 0xAD4A, 0x8C4A, 0x6C4A, 0xAD52, 0xAD52, 0x6C4A, 0x4B4A, 0x6B4A, 0x4B42, 0x6C4A, 0x6B4A, 0x6C4A, 0x6B4A, 
  0x2A42, 0x6B4A, 0x6B4A, 0x0A42, 0xF38A, 0xFFEC, 0xDFDB, 0xD172, 0xC939, 0x5393, 0x7FFF, 0x9DDC, 0xDFE3, 0x727A, 0x4B42, 0xCD4A, 
  0x6F5A, 0xDDCB, 0x906A, 0x6A42, 0x6B4A, 0x6B4A, 0x2A4A, 0x6942, 0x6F6A, 0x7FD3, 0x947A, 0xCC42, 0x8B42, 0x6C52, 0x6B42, 0x4A42, 
  0x9062, 0x5ED3, 0xD48A, 0x2942, 0x6C4A, 0x6B4A, 0x4B4A, 0x4C4A, 0x7ABB, 0x59B3, 0x6C4A, 0x6D4A, 0xD272, 0x1EEE, 0x1EDC, 0x7EDC, 
  0x9EEE, 0xFEC2, 0xDFCA, 0xFFCA, 0xFFCA, 0xFFCA, 0xFFCA, 0xFFCA, 0xDFCA, 0xDDC2, 0x5ED4, 0x9DC3, 0x6E62, 0x6B42, 0x506A, 0x9ED3, 
  0xD592, 0xEA41, 0x9AC3, 0xFFDB, 0x2D52, 0xAB4A, 0x4A42, 0x083A, 0x6B4A, 0x8D4A, 0xAE52, 0x8D4A, 0x8C4A, 0x6B4A, 0x2942, 0x4A4A, 
  0x4B42, 0xAD52, 0xCE52, 0x6C4A, 0x4A42, 0xCC52, 0x6B4A, 0x8D4A, 0xAD52, 0x2B42, 0x6A42, 0x6B42, 0x4B42, 0x4A42, 0x4A4A, 0x4A42, 
  0x6B4A, 0xAD52, 0xAD4A, 0x6B4A, 0x6A42, 0x4B42, 0xAD52, 0xAD4A, 0x8C4A, 0xEE52, 0x8B4A, 0x4A42, 0x4A42, 0x2A42, 0x4A42, 0x4A42, 
  0x6A42, 0x8C4A, 0x8C4A, 0xAD52, 0xAD52, 0x4B42, 0x2942, 0x8C4A, 0x2B42, 0x59AB, 0x3FD3, 0x7FDB, 0xFDD3, 0xF272, 0x9272, 0x7AC3, 
  0xFFEB, 0xBFDB, 0xDEC2, 0x5EEE, 0xFFFF, 0x3DCC, 0xBFCA, 0xFFCA, 0x1DC3, 0x5FFF, 0x7FF6, 0x7573, 0x6B1B, 0x6C23, 0x6C23, 0x6C23, 
  0x6C23, 0x6C23, 0x6C23, 0x6C23, 0x6C23, 0x6C23, 0x6C23, 0x6C23, 0x6C23, 0x6C23, 0x6C23, 0x6C23, 0x6C23, 0x6C23, 0x6C23, 0x6C23, 
  0x6C23, 0x6C23, 0x6C23, 0x6C23, 0x6C23, 0x6C23, 0x6C23, 0x6C23, 0x6C23, 0x6C23, 0x6C23, 0x6C23, 0x6C23, 0x6C23, 0x6C23, 0x6C23, 
  0x6C23, 0x6C23, 0x6C23, 0x6C23, 0x6C23, 0x6C23, 0x6C23, 0x6C23, 0x6C23, 0x6C23, 0x6C23, 0x6C23, 0x6C23, 0x6C23, 0x6C23, 0x6C23, 
  0x6C23, 0x6C23, 0x6C23, 0x6C23, 0x6C23, 0x6C23, 0x6C23, 0x6C23, 0x8C23, 0x2E3B, 0x9BC5, 0xFFFF, 0xDDE5, 0x2E62, 0x4A3A, 0x4A4A, 
  0x0C5A, 0x79B3, 0x1FF4, 0xBCD3, 0x2D52, 0x4A42, 0xCD52, 0xAE52, 0x6C4A, 0x4A42, 0x6B4A, 0x6B4A, 0x6C4A, 0x6B4A, 0x6B4A, 0x8C52, 
  0x2A42, 0x4B42, 0xAD52, 0x8D4A, 0xAD52, 0x6C4A, 0x6C4A, 0x2A42, 0x4A42, 0x4A4A, 0x6B4A, 0x4A42, 0x8B4A, 0x6B4A, 0x6B4A, 0x2A42, 
  0x2942, 0x2A42, 0xCE52, 0x4A4A, 0x927A, 0x9FD3, 0x9CD3, 0x0C52, 0x2E6A, 0xDFF6, 0x9EE5, 0xBFDB, 0xD592, 0x0942, 0x6B4A, 0x8C42, 
  0x9272, 0xDCCB, 0x2C52, 0x4A42, 0x4C4A, 0x2942, 0x6C4A, 0x0A4A, 0x959B, 0x1DD4, 0x6F5A, 0xEF52, 0x6B4A, 0x4C52, 0x8D4A, 0xAD4A, 
  0xD272, 0x9ED3, 0x7172, 0x293A, 0x8C4A, 0x6B4A, 0x6A42, 0x4D5A, 0xDED3, 0xF59A, 0x4B42, 0x8C4A, 0xEA41, 0x18B4, 0x9FED, 0xDCCA, 
  0x3EEE, 0xFDDC, 0x9FC2, 0xFFCA, 0xDFCA, 0xFFCA, 0xFFCA, 0xFFCA, 0xFFCA, 0xFECA, 0xDFC2, 0x1FD3, 0x19B3, 0x4C4A, 0x2B3A, 0xF59A, 
  0xDEDB, 0x0D52, 0x1383, 0x57A3, 0x8E4A, 0x8D4A, 0x6C4A, 0x4A42, 0x6B4A, 0x4B42, 0x8C4A, 0x8B4A, 0x4A42, 0x4A42, 0x4A42, 0x8C4A, 
  0x2A42, 0x4A42, 0x6B4A, 0x6C4A, 0x8C4A, 0x6C4A, 0x6B4A, 0x4B42, 0xAC52, 0x6B4A, 0x4942, 0x4A42, 0x4A4A, 0x2942, 0x0942, 0x2942, 
  0x2942, 0x2A42, 0x8D4A, 0xAE52, 0x6D4A, 0x8C4A, 0x6B4A, 0x4B42, 0xAD4A, 0xAD4A, 0x8C4A, 0x6B4A, 0x6B4A, 0x8B4A, 0x8C4A, 0xF05A, 
  0x8E4A, 0xAD52, 0x4B42, 0x6B42, 0x4A42, 0x6B4A, 0x6B4A, 0x6B4A, 0x2A42, 0x717A, 0x7FD3, 0x7FD3, 0x7FF4, 0xB9B3, 0x6E42, 0x159B, 
  0x1FEC, 0xDFE3, 0xFECA, 0xBDD4, 0xFFFF, 0x1EEE, 0xBEC2, 0x1FCB, 0xBEC2, 0xFEE5, 0x5FFF, 0xB68B, 0x4C23, 0x6C23, 0x6C23, 0x6C23, 
  0x6C23, 0x6C23, 0x6C23, 0x6C23, 0x6C23, 0x6C23, 0x6C23, 0x6C23, 0x6C23, 0x6C23, 0x6C23, 0x6C23, 0x6C23, 0x6C23, 0x6C23, 0x6C23, 
  0x6C23, 0x6C23, 0x6C23, 0x6C23, 0x6C23, 0x6C23, 0x6C23, 0x6C23, 0x6C23, 0x6C23, 0x6C23, 0x6C23, 0x6C23, 0x6C23, 0x6C23, 0x6C23, 
  0x6C23, 0x6C23, 0x6C23, 0x6C23, 0x6C23, 0x6C23, 0x6C23, 0x6C23, 0x6C23, 0x6C23, 0x6C23, 0x6C23, 0x6C23, 0x6C23, 0x6C23, 0x6C23, 
  0x6C23, 0x6C23, 0x6C23, 0x6C23, 0x6C23, 0x6C23, 0x6C23, 0x8C23, 0x4B1B, 0xF683, 0x5FFF, 0xBFFF, 0xB8AB, 0x0A4A, 0x2842, 0xED59, 
  0x9CCB, 0xFFEB, 0xDFE3, 0xBCD3, 0x0D5A, 0x6C4A, 0x4B4A, 0x6A4A, 0x8C4A, 0x8C4A, 0x6C4A, 0x8D4A, 0x8C4A, 0x6C4A, 0x8C52, 0x4B4A, 
  0x4A42, 0x8C4A, 0xEF52, 0xAE52, 0x6C4A, 0x8C4A, 0xAC4A, 0x4B42, 0x8B4A, 0x4A42, 0x8C4A, 0x6B4A, 0x6B4A, 0x4A42, 0x4A42, 0x6B4A, 
  0x4942, 0x4A42, 0x6C4A, 0x2A42, 0xD582, 0xBFE3, 0x15A3, 0x8D49, 0x9BD5, 0x7FF6, 0xDFDB, 0x59B3, 0x2C4A, 0x6942, 0x6C4A, 0x8D4A, 
  0x59AB, 0x7AB3, 0x2B4A, 0x8C4A, 0x4B4A, 0x6A4A, 0xAB42, 0xCD51, 0xFCD4, 0xF7AB, 0x0A42, 0x8D4A, 0xCF5A, 0xAD4A, 0xAE52, 0xCE52, 
  0xF592, 0x9CCB, 0x6E5A, 0x8B42, 0x8C4A, 0x8D52, 0x6A42, 0x9172, 0xBFDB, 0xB17A, 0x8C4A, 0x8C4A, 0x8B42, 0x2E62, 0xBDE5, 0xBDD3, 
  0xDDCB, 0x7EEE, 0x3DBB, 0xDFCA, 0xFFCA, 0xFFCA, 0xFFCA, 0xFFCA, 0xDFCA, 0xFFCA, 0xFFCA, 0xBFCA, 0x3FD3, 0x1793, 0xCE4A, 0x4D62, 
  0xFDD3, 0xF482, 0x6D4A, 0x4E5A, 0x4C42, 0x6D4A, 0x8C52, 0x8C52, 0x8B4A, 0x6B4A, 0x6B4A, 0x6B4A, 0x4B4A, 0x2A42, 0x6A4A, 0x6B4A, 
  0x2B42, 0x4A42, 0x2842, 0x6B4A, 0xAD52, 0x4A42, 0x4A42, 0x4A42, 0x6B4A, 0x8B4A, 0x6A42, 0x6A4A, 0x6B4A, 0x6B4A, 0x6C4A, 0x2A42, 
  0x2A42, 0x4A42, 0x8C4A, 0x6C4A, 0x8D4A, 0x6C4A, 0x6B4A, 0xCE52, 0xCF52, 0x8C4A, 0x8C4A, 0x4C4A, 0x6D4A, 0xAD4A, 0xAC4A, 0x8D4A, 
  0x8D4A, 0xCE52, 0xAD52, 0x6D4A, 0x8C4A, 0x0942, 0x4B42, 0x6A4A, 0x2942, 0x0B4A, 0x9BC3, 0x5FD3, 0xDFE3, 0x7BCB, 0xAF52, 0xD26A, 
  0xBEDB, 0xDFE3, 0x3FD3, 0x5DC3, 0x9FFF, 0xBFFF, 0xBECB, 0xDFCA, 0xDFCA, 0x3ECC, 0x9FFF, 0x5AB4, 0x4F33, 0x6B1B, 0x6C23, 0x6C23, 
  0x6C23, 0x6C23, 0x6C23, 0x6C23, 0x6C23, 0x6C23, 0x6C23, 0x6C23, 0x6C23, 0x6C23, 0x6C23, 0x6C23, 0x6C23, 0x6C23, 0x6C23, 0x6C23, 
  0x6C23, 0x6C23, 0x6C23, 0x6C23, 0x6C23, 0x6C23, 0x6C23, 0x6C23, 0x6C23, 0x6C23, 0x6C23, 0x6C23, 0x6C23, 0x6C23, 0x6C23, 0x6C23, 
  0x6C23, 0x6C23, 0x6C23, 0x6C23, 0x6C23, 0x6C23, 0x6C23, 0x6C23, 0x6C23, 0x6C23, 0x6C23, 0x6C23, 0x6C23, 0x6C23, 0x6C23, 0x6C23, 
  0x6C23, 0x6C23, 0x6C23, 0x6C23, 0x6C23, 0x6C23, 0x6C23, 0x6B1B, 0x4E43, 0x3CD5, 0xFFFF, 0x3EEE, 0xB272, 0xCD4A, 0x6E52, 0x7ABB, 
  0xDFEB, 0xBEE3, 0xDFEB, 0xBCCB, 0x4E5A, 0x4B4A, 0x4B42, 0x4B4A, 0x6B4A, 0x8C4A, 0x4C42, 0x8C4A, 0x8C4A, 0x6B4A, 0x6B4A, 0x4B4A, 
  0x8C4A, 0xAD52, 0xCE52, 0xAE52, 0x8D4A, 0xAD52, 0x8C4A, 0x8C4A, 0x4A42, 0x4B42, 0x8D4A, 0xCD52, 0x4B42, 0x4B4A, 0xAC52, 0x6B4A, 
  0x093A, 0x4942, 0x8B4A, 0x4A42, 0xD59A, 0xFFE3, 0xEE61, 0x159C, 0xFFFE, 0x1EDC, 0x59C3, 0x2C52, 0xCE52, 0x8C52, 0xAC4A, 0x2C4A, 
  0x9BC3, 0xF492, 0x293A, 0x6A42, 0x8B4A, 0x6C4A, 0x6A3A, 0x6F62, 0x7FF5, 0x327B, 0x4B42, 0x8D4A, 0xAE4A, 0xEE52, 0xCE4A, 0x6D4A, 
  0x5AB3, 0x7ABB, 0x0B42, 0x6B4A, 0x4A42, 0x4B4A, 0x4A42, 0xD692, 0x7ED3, 0x6F5A, 0xEE52, 0xAD4A, 0x8D4A, 0x4C4A, 0x959B, 0x3FED, 
  0x9AB2, 0x5EE5, 0xDEDC, 0xBDC2, 0xFFCA, 0xFFCA, 0xFFCA, 0xFFCA, 0xFFCA, 0xFFCA, 0xFECA, 0x1FC3, 0xFFCA, 0x5ECB, 0x9062, 0x2B3A, 
  0xD38A, 0x9BC3, 0x4D52, 0xAD52, 0x8B52, 0xAC52, 0x4B42, 0x0A42, 0x6B4A, 0x6C4A, 0x8D4A, 0xAE52, 0x4C4A, 0x6B4A, 0x6A4A, 0x4A42, 
  0xAC52, 0x6B4A, 0x4A42, 0x6B4A, 0x4B42, 0x4942, 0x2942, 0x4A42, 0x6C4A, 0x6C4A, 0x6C4A, 0x6B4A, 0x4B42, 0xAD52, 0xCE52, 0x8C4A, 
  0x4B42, 0x6C4A, 0x6C4A, 0x6C4A, 0x8E4A, 0x8C4A, 0x8B4A, 0xAD52, 0x6C4A, 0x2942, 0x4A42, 0x6B4A, 0xAD52, 0x6B42, 0x4A42, 0x8B4A, 
  0x6C4A, 0x8C4A, 0xCD52, 0x8C4A, 0x6B4A, 0x2A42, 0x4B3A, 0x6B4A, 0x2942, 0x083A, 0xD492, 0x5FDB, 0x7FD3, 0xFFEB, 0xB382, 0x0A3A, 
  0x58B3, 0x1FEC, 0x9FDB, 0xBEC2, 0x3EEE, 0xFFFF, 0x3EDD, 0xBEC2, 0xFFD2, 0xFEC2, 0x1FF7, 0xFDD4, 0x1043, 0x8B1B, 0x6C23, 0x6C23, 
  0x6C23, 0x6C23, 0x6C23, 0x6C23, 0x6C23, 0x6C23, 0x6C23, 0x6C23, 0x6C23, 0x6C23, 0x6C23, 0x6C23, 0x6C23, 0x6C23, 0x6C23, 0x6C23, 
  0x6C23, 0x6C23, 0x6C23, 0x6C23, 0x6C23, 0x6C23, 0x6C23, 0x6C23, 0x6C23, 0x6C23, 0x6C23, 0x6C23, 0x6C23, 0x6C23, 0x6C23, 0x6C23, 
  0x6C23, 0x6C23, 0x6C23, 0x6C23, 0x6C23, 0x6C23, 0x6C23, 0x6C23, 0x6C23, 0x6C23, 0x6C23, 0x6C23, 0x6C23, 0x6C23, 0x6C23, 0x6C23, 
  0x6C23, 0x6C23, 0x6C23, 0x6C23, 0x6C23, 0x6C23, 0x6C23, 0x4B1B, 0xD793, 0xFFF6, 0xFFFF, 0x39BC, 0x0C4A, 0x6F5A, 0x7BB3, 0xBFF3, 
  0xDEE3, 0xDEE3, 0xDFE3, 0x9CC3, 0xAE5A, 0x6A42, 0x8D4A, 0xAE52, 0x6C42, 0x4A42, 0x8B4A, 0xAC4A, 0x8C4A, 0x6C4A, 0x6C4A, 0x8C4A, 
  0x8C4A, 0x6C4A, 0xCE52, 0xAE4A, 0xAD4A, 0xAC4A, 0x8C4A, 0x8C4A, 0xAC52, 0x4B42, 0xAD4A, 0xCE52, 0x2A42, 0x8C4A, 0xCD52, 0x8C4A, 
  0x2A42, 0x294A, 0x6B4A, 0x4B4A, 0x9BCB, 0x18AB, 0x7172, 0xFFFE, 0xFDDC, 0xBED3, 0x8F6A, 0x4A3A, 0x6D4A, 0x8D52, 0x6C42, 0x4F62, 
  0xFDD3, 0x4F6A, 0x4B42, 0x6B42, 0x6C4A, 0x4A4A, 0x2B4A, 0x748B, 0x5FED, 0x0E62, 0x6E62, 0xAF52, 0x2A42, 0x8C52, 0xCD4A, 0x8C4A, 
  0x9BC3, 0x169B, 0x8C4A, 0x8D5A, 0x4B42, 0xAD52, 0x6D4A, 0x3ABB, 0x7ABB, 0x2D4A, 0x6C4A, 0x6C4A, 0xAE52, 0xAC4A, 0x0D52, 0x7CD4, 
  0x5ABB, 0x5BBB, 0xFFEC, 0x3DC3, 0xDFCA, 0xFFCA, 0xFFCA, 0xFFCA, 0xFFCA, 0x1FC3, 0xDFCA, 0x1FC3, 0xFFC2, 0x1FD3, 0x17A3, 0x8C42, 
  0x4D52, 0x58B3, 0xB06A, 0x8C42, 0x4B4A, 0x4A42, 0x6B4A, 0x2A42, 0x4A42, 0x4A42, 0x8D4A, 0x105B, 0xEF5A, 0x6B4A, 0x6B4A, 0x8B4A, 
  0x6C4A, 0x4B4A, 0x4B4A, 0x6B4A, 0x4A42, 0x6A4A, 0x2942, 0x4A42, 0x8C4A, 0x8C4A, 0x8C4A, 0x4B4A, 0x2A42, 0x4B42, 0x2B42, 0x8C4A, 
  0x6B4A, 0x4A4A, 0x8C52, 0xAD52, 0x6D4A, 0xEE52, 0xCE52, 0x4B42, 0x6B4A, 0x8C4A, 0x6B4A, 0x2B42, 0x8D52, 0x4B4A, 0x8C4A, 0x8C4A, 
  0x2B42, 0x6C4A, 0x6B4A, 0x093A, 0x4A4A, 0xAD52, 0x8C4A, 0x6C4A, 0xAC4A, 0x4A42, 0x9072, 0x9FD3, 0x1FCB, 0xDFEB, 0x59B3, 0xC841, 
  0xD17A, 0x1FE4, 0xBFDB, 0xBEC2, 0xBEDC, 0xFFFF, 0xFFF6, 0x1DC3, 0xFFCA, 0x9EBA, 0x9EE5, 0xBFE5, 0x3463, 0x6B1B, 0x6C23, 0x6C23, 
  0x6C23, 0x6C23, 0x6C23, 0x6C23, 0x6C23, 0x6C23, 0x6C23, 0x6C23, 0x6C23, 0x6C23, 0x6C23, 0x6C23, 0x6C23, 0x6C23, 0x6C23, 0x6C23, 
  0x6C23, 0x6C23, 0x6C23, 0x6C23, 0x6C23, 0x6C23, 0x6C23, 0x6C23, 0x6C23, 0x6C23, 0x6C23, 0x6C23, 0x6C23, 0x6C23, 0x6C23, 0x6C23, 
  0x6C23, 0x6C23, 0x6C23, 0x6C23, 0x6C23, 0x6C23, 0x6C23, 0x6C23, 0x6C23, 0x6C23, 0x6C23, 0x6C23, 0x6C23, 0x6C23, 0x6C23, 0x6C23, 
  0x6C23, 0x6C23, 0x6C23, 0x6C23, 0x6C23, 0x6C23, 0x6B1B, 0x704B, 0xFCCC, 0xFFFF, 0x7FF6, 0x9382, 0x2F6A, 0x59B3, 0xFFEB, 0xBFE3, 
  0xBFE3, 0xBFE3, 0xDFEB, 0x59AB, 0x2B42, 0x8B42, 0xCE52, 0x8C4A, 0x6B4A, 0x8C4A, 0x6C4A, 0xAD52, 0x4C42, 0xCF52, 0xEF52, 0x8D4A, 
  0xAE52, 0x8C4A, 0x6C42, 0xCE52, 0xAE52, 0xAD52, 0x6B4A, 0x6B42, 0x6B4A, 0x8B4A, 0x8D4A, 0x8D4A, 0x8B4A, 0x4B42, 0x4B42, 0xAC4A, 
  0x6A42, 0x2942, 0x2A42, 0x9272, 0x1EDC, 0x3182, 0xFCDD, 0x9EED, 0xBFE3, 0xD38A, 0x8C42, 0xAD4A, 0x4B4A, 0xAB4A, 0x6A3A, 0x927A, 
  0xBBCB, 0x0B52, 0x6B4A, 0x8B4A, 0x6C4A, 0x4A4A, 0x0C4A, 0x5AC4, 0x9AC4, 0x127A, 0x78B3, 0x2C4A, 0xAC4A, 0x6B4A, 0x293A, 0x2C52, 
  0xDCCB, 0x727A, 0x8B42, 0x4B4A, 0x4A42, 0x6B42, 0x6E5A, 0x9DD3, 0x1593, 0x4C42, 0x8D52, 0x4B42, 0x8C4A, 0x6B4A, 0x2B42, 0xD592, 
  0x7DCB, 0xB8B2, 0x9ED3, 0x1EC3, 0xFFCA, 0xFFCA, 0xFFCA, 0xFFC2, 0xFFCA, 0x1FC3, 0xDFCA, 0xDFCA, 0xFFC2, 0xFFD2, 0x7CCB, 0x6C52, 
  0xAD4A, 0xB172, 0xD06A, 0x4C42, 0x2B4A, 0x8C52, 0x8C4A, 0x8C4A, 0x2942, 0x4A42, 0x4B42, 0xCE52, 0x8C4A, 0x6B42, 0x6B4A, 0x8C4A, 
  0x6B42, 0x8C4A, 0x8D4A, 0x6C4A, 0x6A4A, 0x6B4A, 0x2942, 0x2942, 0x4A42, 0x8C4A, 0x4A42, 0x2A42, 0x0942, 0x2942, 0x6B4A, 0x4A42, 
  0x2942, 0xE841, 0x0942, 0x6B42, 0x6B42, 0xAE4A, 0x105B, 0x8D4A, 0x8C4A, 0x8C4A, 0x2A42, 0x4A4A, 0x4B42, 0x4B4A, 0x4A42, 0x6B4A, 
  0xED5A, 0x8C52, 0x4B42, 0x2942, 0x4B42, 0x8D4A, 0x6B42, 0x8D52, 0xCD4A, 0x8C4A, 0x4B4A, 0x59B3, 0x3FDB, 0xBFDB, 0xFED3, 0x4E62, 
  0x2D52, 0xBDD3, 0xDFE3, 0x1ECB, 0x9DCB, 0x7FFF, 0xFFFF, 0x3DD4, 0xBFC2, 0xDFC2, 0xFED3, 0x1EEE, 0x3683, 0x4C23, 0x6C23, 0x6C23, 
  0x6C23, 0x6C23, 0x6C23, 0x6C23, 0x6C23, 0x6C23, 0x6C23, 0x6C23, 0x6C23, 0x6C23, 0x6C23, 0x6C23, 0x6C23, 0x6C23, 0x6C23, 0x6C23, 
  0x6C23, 0x6C23, 0x6C23, 0x6C23, 0x6C23, 0x6C23, 0x6C23, 0x6C23, 0x6C23, 0x6C23, 0x6C23, 0x6C23, 0x6C23, 0x6C23, 0x6C23, 0x6C23, 
  0x6C23, 0x6C23, 0x6C23, 0x6C23, 0x6C23, 0x6C23, 0x6C23, 0x6C23, 0x6C23, 0x6C23, 0x6C23, 0x6C23, 0x6C23, 0x6C23, 0x6C23, 0x6C23, 
  0x6C23, 0x8C1B, 0x6C23, 0x6C23, 0x6C23, 0x6B23, 0x6B23, 0x9893, 0x3FF6, 0xFFFF, 0x7CC4, 0xB692, 0xDEDB, 0xDFEB, 0xBFE3, 0xDFE3, 
  0xDFE3, 0xDFE3, 0xFFEB, 0xF69A, 0x083A, 0x6A4A, 0xAE4A, 0x4B4A, 0x6B4A, 0x8C4A, 0x4B42, 0x4A42, 0x6C4A, 0xAE52, 0x0F5B, 0x8D4A, 
  0xCF52, 0x6C4A, 0x8C4A, 0x8C4A, 0x6C4A, 0xCE52, 0xAD52, 0x4B42, 0x4A42, 0x6C4A, 0xAC4A, 0x6C42, 0x8C4A, 0x6B4A, 0x6C42, 0x8C4A, 
  0x4A4A, 0x2942, 0xEA41, 0x79AB, 0x1AC3, 0x38B4, 0x7FF6, 0xFEDB, 0x17AB, 0xCA41, 0x6B42, 0x6C4A, 0x4B4A, 0x8B42, 0x6B42, 0x58AB, 
  0x38AB, 0x083A, 0x6A42, 0x6B4A, 0x6B4A, 0x6B4A, 0x2E52, 0xBEE4, 0x9ABB, 0x7DD3, 0x1DE4, 0x8E62, 0x6B42, 0x4A4A, 0x4A42, 0x916A, 
  0xDBC3, 0x2D52, 0x8C4A, 0x4C4A, 0x4A42, 0x8C4A, 0x706A, 0xDFE3, 0x917A, 0xCD4A, 0x8E52, 0x4B42, 0xAD52, 0x8E52, 0x6C42, 0x8F5A, 
  0x5DCB, 0xD9B2, 0x3ABB, 0x1FCB, 0xFFCA, 0x1FCB, 0xDFCA, 0xFFCA, 0xFFC2, 0xFFCA, 0xFFCA, 0xFFCA, 0xFFCA, 0x9FDB, 0xFFE3, 0x6E62, 
  0x6B42, 0x6C4A, 0xAD52, 0xCE52, 0x8B4A, 0x6C4A, 0x8D4A, 0xAC52, 0x083A, 0x4A42, 0x6B4A, 0x6B4A, 0x6B42, 0x4A42, 0x4A4A, 0x4A42, 
  0x6B42, 0xAD52, 0x8C4A, 0x6B42, 0x8B4A, 0x4A4A, 0x4A42, 0x6B4A, 0x4A4A, 0x4A42, 0x4A42, 0x4B42, 0x4B4A, 0x2A42, 0x4A42, 0x2942, 
  0x2942, 0x2942, 0x2A42, 0xAC4A, 0xAD4A, 0xAD4A, 0xCD52, 0x8C4A, 0x6B42, 0x8C4A, 0xAD52, 0x4C4A, 0xAD52, 0x6B42, 0x2A42, 0x2A4A, 
  0x2A42, 0x4A4A, 0x4B4A, 0xAD52, 0xAD4A, 0x8C4A, 0x8C4A, 0xAD4A, 0xAE52, 0x6C4A, 0x293A, 0xF482, 0x5FE3, 0x3ED3, 0x1FEC, 0xF58A, 
  0xEB41, 0x39B3, 0xFFEB, 0x3ECB, 0xBEC2, 0x5FF6, 0xFFFF, 0xDEED, 0x9FC2, 0xFFCA, 0x1DC3, 0x7EED, 0xBAAB, 0x4D2B, 0x6C23, 0x8C1B, 
  0x6C23, 0x6C23, 0x6C23, 0x6C23, 0x6C23, 0x6C23, 0x6C23, 0x6C23, 0x6C23, 0x6C23, 0x6C23, 0x6C23, 0x6C23, 0x6C23, 0x6C23, 0x6C23, 
  0x6C23, 0x6C23, 0x6C23, 0x6C23, 0x6C23, 0x6C23, 0x6C23, 0x6C23, 0x6C23, 0x6C23, 0x6C23, 0x6C23, 0x6C23, 0x6C23, 0x6C23, 0x6C23, 
  0x6C23, 0x6C23, 0x6C23, 0x6C23, 0x6C23, 0x6C23, 0x6C23, 0x6C23, 0x6C23, 0x6C23, 0x6C23, 0x6C23, 0x6C23, 0x6C23, 0x6C23, 0x6C23, 
  0x6C23, 0x6C23, 0x6C23, 0x8B23, 0x6C23, 0x6B23, 0x6F4B, 0x1BBC, 0xBFFF, 0xDFF6, 0xB692, 0x5BBB, 0xFFEB, 0xBFE3, 0xDFE3, 0xDFE3, 
  0xDFE3, 0xDFE3, 0xFFEB, 0xF692, 0x8C4A, 0x8C52, 0xCE52, 0x8D52, 0x6C4A, 0x6C42, 0x8D4A, 0xCD52, 0x6C4A, 0x6C4A, 0xEE52, 0xAD4A, 
  0x6C4A, 0x6B42, 0xAC4A, 0x8C4A, 0x8C4A, 0xAD52, 0xAE52, 0x8C4A, 0xCD52, 0xAD52, 0x8D4A, 0x6C4A, 0x4A42, 0x4A4A, 0x8C4A, 0x8D52, 
  0x4B4A, 0x283A, 0x4F6A, 0xDFE3, 0xBCCB, 0x3EEE, 0x5EE4, 0x9CCB, 0x4D5A, 0x8A4A, 0xAC52, 0x4B4A, 0x6B4A, 0x8B42, 0x0D5A, 0xDDDB, 
  0xF37A, 0x4A3A, 0x6B4A, 0xAD52, 0xCF4A, 0x083A, 0x727A, 0xBFDB, 0xBEDB, 0xDFEB, 0x7BBB, 0x4D52, 0x4B4A, 0xD062, 0x915A, 0x37A3, 
  0x1493, 0x4A42, 0x8F52, 0x8E52, 0x4B4A, 0x6B42, 0x158B, 0xFDD3, 0x4F5A, 0xCE4A, 0xAD52, 0x4A42, 0x8D52, 0xD062, 0x8B42, 0x2A3A, 
  0xB68A, 0x7ED3, 0xB59A, 0x7FDB, 0xDFC2, 0x1EC3, 0xDFCA, 0xDFCA, 0xFFC2, 0xFFCA, 0xFFC2, 0xDFC2, 0x1ECB, 0xBFE3, 0xDFEB, 0xB072, 
  0x4A42, 0x8C4A, 0xCC4A, 0x8B4A, 0x8B4A, 0x6B4A, 0x4A42, 0x4B42, 0x8C4A, 0x4B42, 0x4B4A, 0x6C4A, 0x8C4A, 0x4B42, 0x4B42, 0x6C4A, 
  0xEE52, 0xAD4A, 0x8C4A, 0xAC4A, 0x4A42, 0x6B4A, 0x4B42, 0x2A42, 0x4A42, 0x2A42, 0x6B4A, 0x6B4A, 0x8C4A, 0x8C4A, 0x8C4A, 0x8C4A, 
  0x6C4A, 0x4B42, 0x6B4A, 0x8C4A, 0x4B4A, 0x8B4A, 0x4A42, 0xE839, 0x2942, 0x4A42, 0x8B4A, 0x6B4A, 0x6C4A, 0x4C4A, 0x8C4A, 0x4A4A, 
  0x2A42, 0x2A42, 0x4B4A, 0x8C4A, 0xAD4A, 0x6B4A, 0x8C4A, 0xAD52, 0xAE52, 0x4C4A, 0xAC4A, 0x9062, 0x9DCB, 0x1FD3, 0xFFE3, 0xBCC3, 
  0x4C4A, 0xD38A, 0x1FEC, 0x5FD3, 0x9FC2, 0x1EDD, 0xFFFF, 0x3FF7, 0x5EC3, 0xDFCA, 0xDEC2, 0xBED3, 0x9DC3, 0x4F43, 0x6C1B, 0x8C23, 
  0x6C23, 0x6C1B, 0x6C23, 0x6C23, 0x6C23, 0x6C23, 0x6C23, 0x6C23, 0x6C23, 0x6C23, 0x6C23, 0x6C23, 0x6C23, 0x6C23, 0x6C23, 0x6C23, 
  0x6C23, 0x6C23, 0x6C23, 0x6C23, 0x6C23, 0x6C23, 0x6C23, 0x6C23, 0x6C23, 0x6C23, 0x6C23, 0x6C23, 0x6C23, 0x6C23, 0x6C23, 0x6C23, 
  0x6C23, 0x6C23, 0x6C23, 0x6C23, 0x6C23, 0x6C23, 0x6C23, 0x6C23, 0x6C23, 0x6C23, 0x6C23, 0x6C23, 0x6C23, 0x6C23, 0x6C23, 0x6C23, 
  0x6C23, 0x6C23, 0x6C23, 0x8C1B, 0x8B1B, 0x6D2B, 0x378B, 0xDDE5, 0xFFFF, 0xBBC4, 0x7692, 0xFFEB, 0xDFE3, 0xDFE3, 0xDFE3, 0xDFE3, 
  0xDFE3, 0xDFE3, 0xDFEB, 0xF692, 0xCF4A, 0x6D4A, 0x6C4A, 0x8D4A, 0x6B42, 0x8C4A, 0xAE52, 0x8D4A, 0x8D4A, 0xAD52, 0x4C42, 0x6C42, 
  0x8C4A, 0x8C4A, 0x6C4A, 0x8C4A, 0x6B4A, 0x2B42, 0x8D52, 0xAC52, 0x8C4A, 0xAE52, 0xAE52, 0xAE52, 0x4B4A, 0x4942, 0x4A4A, 0x493A, 
  0x083A, 0x0C52, 0x9BBB, 0x9FE3, 0x5EE5, 0x1EE5, 0xDFEB, 0xD59A, 0xCA39, 0x2C4A, 0x2C42, 0x8C4A, 0x2B4A, 0x4C52, 0x35A3, 0x169B, 
  0x0A42, 0x0A42, 0x2B42, 0x8A42, 0x8A3A, 0x0B52, 0x3BBB, 0x5FDB, 0xDFEB, 0xDFE3, 0x9DDB, 0x516A, 0x283A, 0x4B42, 0xD26A, 0xB07A, 
  0x0C4A, 0x6B4A, 0x6942, 0x8B42, 0x4A42, 0x2C4A, 0xDDCB, 0x38B3, 0xEA49, 0x6C4A, 0xAD4A, 0xCD52, 0x8D4A, 0x6C52, 0x6B52, 0x8A42, 
  0x4E52, 0x9CCB, 0x17AB, 0xF8B2, 0xDFE3, 0x5FD3, 0x3FDB, 0x5FD3, 0x1FD3, 0x3ECB, 0x3FCB, 0x3FD3, 0xDED3, 0xDFDB, 0xFFDB, 0x6F6A, 
  0x6C4A, 0x8D4A, 0x6B42, 0x2B42, 0x4C42, 0x4C4A, 0xAC52, 0x8D4A, 0xAF52, 0xCE52, 0x8D52, 0xEE5A, 0xAD4A, 0x6C4A, 0x4B42, 0x6C4A, 
  0xAD52, 0x6B42, 0x4A42, 0x8B4A, 0x6B4A, 0x8C4A, 0x4B4A, 0x2942, 0x4A42, 0x2A42, 0x4B42, 0x4B42, 0x8C4A, 0x8B4A, 0x6C4A, 0xAD52, 
  0xAD52, 0x8C4A, 0x8C4A, 0x4B42, 0x4B42, 0x4A42, 0x2A42, 0x2942, 0x4B4A, 0x6B4A, 0xAC52, 0x4A42, 0x4A42, 0x6B4A, 0x8C4A, 0xAC4A, 
  0xAC52, 0xAD52, 0x6C4A, 0x6C42, 0x8C4A, 0x4A42, 0x4B4A, 0x6C4A, 0xCD52, 0x6C42, 0xAD52, 0x2B42, 0x38A3, 0x5FDB, 0x9FDB, 0xFFE3, 
  0xD272, 0x9062, 0xFFDB, 0x5FDB, 0xDFC2, 0xFDC3, 0xBFFF, 0xFFFF, 0x9ED4, 0xBFC2, 0xFFD2, 0xBFCA, 0x1FC3, 0x5363, 0x6C1B, 0x6C23, 
  0x6C23, 0x8C1B, 0x6C23, 0x6C23, 0x6C23, 0x6C23, 0x6C23, 0x6C23, 0x6C23, 0x6C23, 0x6C23, 0x6C23, 0x6C23, 0x6C23, 0x6C23, 0x6C23, 
  0x6C23, 0x6C23, 0x6C23, 0x6C23, 0x6C23, 0x6C23, 0x6C23, 0x6C23, 0x6C23, 0x6C23, 0x6C23, 0x6C23, 0x6C23, 0x6C23, 0x6C23, 0x6C23, 
  0x6C23, 0x6C23, 0x6C23, 0x6C23, 0x6C23, 0x6C23, 0x6C23, 0x6C23, 0x6C23, 0x6C23, 0x6C23, 0x6C23, 0x6C23, 0x6C23, 0x6C23, 0x6C23, 
  0x6C23, 0x8C1B, 0x6C23, 0x6C23, 0x8A13, 0x925B, 0xFDD3, 0x9FFF, 0x3FF7, 0xD79A, 0x7CC3, 0xFFEB, 0xDFE3, 0xDFE3, 0xDFE3, 0xDFE3, 
  0xDFE3, 0xBFE3, 0xFFF3, 0xF69A, 0x4B42, 0x6B4A, 0x6A4A, 0x6C42, 0x8C4A, 0xAE52, 0xAE52, 0x6C4A, 0x6B4A, 0x8C4A, 0xCE52, 0xAD52, 
  0x6C4A, 0xCE52, 0x8D4A, 0xCE52, 0xAD4A, 0x4B42, 0x2A42, 0x2A42, 0x8C4A, 0x6C4A, 0xAD4A, 0xAD52, 0x8C4A, 0x2A42, 0xCA49, 0x906A, 
  0xF48A, 0x5CCB, 0xDFE3, 0xFEDB, 0x5EE5, 0xBEDB, 0xDFEB, 0xB69A, 0xF49A, 0x38B3, 0xF8AA, 0x17A3, 0xB69A, 0xF8AA, 0xF8AA, 0x517A, 
  0xD28A, 0xD38A, 0x9072, 0x4E62, 0x7072, 0x59AB, 0x5FD3, 0xBFDB, 0xBFEB, 0xBFE3, 0xFFF3, 0x9BC3, 0x4F72, 0x4C5A, 0x6F52, 0x2D4A, 
  0xF06A, 0x4A3A, 0x2B4A, 0x6F5A, 0xB16A, 0x38AB, 0x78B3, 0xEB51, 0x073A, 0x4942, 0x6A42, 0x6B42, 0x6A42, 0x283A, 0x2C52, 0xAF5A, 
  0x4A3A, 0xF48A, 0x1ED4, 0x317A, 0x159B, 0x58BB, 0x5BC3, 0xDCCB, 0x1FE4, 0x1FEC, 0xDFE3, 0xDEEB, 0xBFEB, 0x1FEC, 0x169B, 0xEA49, 
  0x4B4A, 0x6B4A, 0x8C52, 0x4B4A, 0x4B4A, 0x8B4A, 0x6A4A, 0x8C4A, 0xAE52, 0xAD52, 0x8C4A, 0x4B42, 0x8C4A, 0x4B42, 0x6B4A, 0x6B4A, 
  0x6B42, 0x6B4A, 0x4A42, 0x4A42, 0x6B4A, 0x6C4A, 0x6B4A, 0x4A42, 0x6B4A, 0x6B4A, 0x6B4A, 0x6B4A, 0x4A42, 0x4A42, 0x2A42, 0xAD52, 
  0xAD52, 0x4B42, 0x6C4A, 0x8C4A, 0xAD4A, 0xCD52, 0x6C4A, 0x8E4A, 0x6C4A, 0x8D4A, 0x6C4A, 0x6B4A, 0x4A42, 0x2942, 0x2942, 0x4B42, 
  0x6C4A, 0xCF5A, 0xCF5A, 0x8D4A, 0x8C4A, 0x6C4A, 0x6C4A, 0x6C4A, 0xAD52, 0x8D4A, 0x8D4A, 0x6B42, 0x9282, 0x9FDB, 0x3FD3, 0xFFEB, 
  0x58AB, 0x705A, 0xDDCB, 0x9FE3, 0xDFC2, 0x3EBB, 0xDFF6, 0xFFFF, 0xFEE5, 0xBEC2, 0x1FD3, 0xFFD2, 0xFFCA, 0x788B, 0x6C23, 0x6C23, 
  0x6C23, 0x6C23, 0x6C23, 0x6C23, 0x6C23, 0x6C23, 0x6C23, 0x6C23, 0x6C23, 0x6C23, 0x6C23, 0x6C23, 0x6C23, 0x6C23, 0x6C23, 0x6C23, 
  0x6C23, 0x6C23, 0x6C23, 0x6C23, 0x6C23, 0x6C23, 0x6C23, 0x6C23, 0x6C23, 0x6C23, 0x6C23, 0x6C23, 0x6C23, 0x6C23, 0x6C23, 0x6C23, 
  0x6C23, 0x6C23, 0x6C23, 0x6C23, 0x6C23, 0x6C23, 0x6C23, 0x6C23, 0x6C23, 0x6C23, 0x6C23, 0x6C23, 0x6C23, 0x6C23, 0x6C23, 0x6C23, 
  0x6C23, 0x8C1B, 0x6C23, 0x4C23, 0x4C2B, 0xD9AB, 0x9FED, 0xFFFF, 0x9CD4, 0x97AA, 0x1FE4, 0xDFE3, 0xDFE3, 0xBFE3, 0xBFEB, 0xBFEB, 
  0xBFE3, 0xBFE3, 0xDFEB, 0x5AB3, 0x4D52, 0x8C42, 0xAC52, 0x6B4A, 0x4A42, 0x4B42, 0x8C4A, 0x6C4A, 0x8D52, 0x8D52, 0x4B4A, 0x6B4A, 
  0x4B42, 0x6B42, 0x8C4A, 0x6C4A, 0xAD4A, 0xAD52, 0x4B4A, 0x4A42, 0x6B4A, 0x8D4A, 0x8C4A, 0x8C4A, 0x6A42, 0x2E5A, 0x58AB, 0xFEDB, 
  0x5ED3, 0x1FD3, 0x9FE3, 0x3EDC, 0x5EDC, 0xBFE3, 0xBFE3, 0x1FDC, 0x5FEC, 0x3FEC, 0x3FF4, 0xFFF3, 0xDFF3, 0xDFEB, 0xFFEB, 0x1FF4, 
  0xFFF3, 0x1FEC, 0xDFEB, 0xBFE3, 0xBFE3, 0x5FE3, 0x9FE3, 0xFFE3, 0xBFEB, 0x9FEB, 0x9FDB, 0xBFE3, 0xBEE3, 0x9CD3, 0x7ABB, 0x5BBB, 
  0xDDD3, 0xF692, 0x38A3, 0x39A3, 0x3BB3, 0xF9B2, 0xB5A2, 0xD492, 0xF48A, 0xF48A, 0xB27A, 0x4F6A, 0x506A, 0x9282, 0x59BB, 0x9BC3, 
  0x8F6A, 0x0D52, 0xFEDB, 0xF7A2, 0x917A, 0x949A, 0x748A, 0x1382, 0x527A, 0x39AB, 0xFFDB, 0xFFEB, 0xDFEB, 0x16A3, 0xEA49, 0x283A, 
  0x0942, 0x293A, 0x4A42, 0x6B4A, 0x6B4A, 0x4A42, 0x8B4A, 0x6A42, 0x6A4A, 0x2942, 0x0942, 0x6B4A, 0x6B4A, 0x6B4A, 0x8B52, 0x6B4A, 
  0x6B4A, 0x6B4A, 0x8B4A, 0x2A42, 0x4B4A, 0x6C4A, 0x4A42, 0x4B42, 0x8C4A, 0x2A42, 0x6B4A, 0x6B4A, 0x4A42, 0x2A42, 0x8C4A, 0x6C4A, 
  0x6B4A, 0x6B4A, 0x8C4A, 0x8C4A, 0xED52, 0x4B42, 0x6C4A, 0xCE5A, 0xCE52, 0xEF5A, 0xCE52, 0xAD52, 0x8C4A, 0x6A4A, 0x6A4A, 0x6B4A, 
  0x6B4A, 0x4C4A, 0x8D4A, 0xEF52, 0xCE52, 0x6B4A, 0xAC52, 0x4B4A, 0x4A42, 0x4A42, 0x4B42, 0x8C4A, 0x4D62, 0x9CCB, 0x3FCB, 0xDFE3, 
  0xBDD3, 0x2F5A, 0x59AB, 0xBFE3, 0xFFCA, 0xDEBA, 0xBDE5, 0xFFFF, 0x3FF7, 0x5EC3, 0x1FCB, 0x7FD3, 0xDFCA, 0x9BAB, 0x6D2B, 0x6C1B, 
  0x6C23, 0x6C23, 0x6C23, 0x6C23, 0x6C23, 0x6C23, 0x6C23, 0x6C23, 0x6C23, 0x6C23, 0x6C23, 0x6C23, 0x6C23, 0x6C23, 0x6C23, 0x6C23, 
  0x6C23, 0x6C23, 0x6C23, 0x6C23, 0x6C23, 0x6C23, 0x6C23, 0x6C23, 0x6C23, 0x6C23, 0x6C23, 0x6C23, 0x6C23, 0x6C23, 0x6C23, 0x6C23, 
  0x6C23, 0x6C23, 0x6C23, 0x6C23, 0x6C23, 0x6C23, 0x6C23, 0x6C23, 0x6C23, 0x6C23, 0x6C23, 0x6C23, 0x6C23, 0x6C23, 0x6C23, 0x6C23, 
  0x6C23, 0x6B23, 0x8C23, 0x4B1B, 0xD37B, 0x3EDC, 0x3FFF, 0xDFF6, 0xB8B2, 0x7DDB, 0xDFEB, 0xDFE3, 0xDFE3, 0xBFEB, 0xBFEB, 0xBFEB, 
  0xDFEB, 0xDFE3, 0xDFE3, 0xFEDB, 0x706A, 0xAD4A, 0x8E52, 0x2A4A, 0x6B42, 0xAC4A, 0x6B4A, 0xAC52, 0x8D52, 0x8D52, 0x2B42, 0x4B42, 
  0x8C4A, 0x6B4A, 0x8C4A, 0x8C4A, 0x6C4A, 0x6C4A, 0xAD52, 0xAD52, 0x8C4A, 0x6C4A, 0x8C4A, 0x8B4A, 0x4D5A, 0xB9AB, 0xBFF6, 0x7ED4, 
  0xBFC2, 0x1FC3, 0x5FD3, 0x1ECB, 0xBFDB, 0xBFE3, 0xFFE3, 0x7BC3, 0xD592, 0xF58A, 0xD38A, 0xF69A, 0x19AB, 0x59BB, 0x59BB, 0x7ABB, 
  0x9BC3, 0x9DCB, 0xBEDB, 0xFEDB, 0xDED3, 0xBEE3, 0xDEDB, 0xDEDB, 0xDDDB, 0xDFDB, 0x9EDB, 0x5FDB, 0x7FD3, 0x7FDB, 0x5FEB, 0x5FE3, 
  0x5FE3, 0x9FE3, 0x9FE3, 0x7FDB, 0x7FDB, 0x9ED3, 0x9FDB, 0xBFE3, 0xBFE3, 0x9FE3, 0xDFE3, 0xFEE3, 0xFEE3, 0x1FEC, 0xDFF3, 0x3FFC, 
  0x56A3, 0x0C52, 0x9CCB, 0x5DD3, 0x7FDB, 0x1FD3, 0x1ED4, 0x7DE5, 0x19BC, 0xF069, 0xB172, 0xF482, 0xB06A, 0x2B42, 0x8B4A, 0x6C4A, 
  0x4B4A, 0x8C4A, 0xCD52, 0x6C42, 0x8C4A, 0xAE52, 0xAD52, 0x2A42, 0x4A42, 0x6B4A, 0x6B4A, 0x6B4A, 0x4B42, 0x2A42, 0x4A4A, 0x4A4A, 
  0x4B42, 0x6B4A, 0x6C4A, 0x8D52, 0x6C4A, 0xAC52, 0x6B4A, 0x4B4A, 0x6B4A, 0x8C4A, 0x4B42, 0x2942, 0x6B4A, 0x4B4A, 0x8C4A, 0x8C4A, 
  0x4B42, 0xAC4A, 0x6C42, 0x4C42, 0x8C4A, 0x4B42, 0x8C4A, 0x6A4A, 0x6C4A, 0x6C4A, 0x8D4A, 0xAE52, 0x4C4A, 0x6B4A, 0x4A4A, 0x4A42, 
  0x6B4A, 0x4A42, 0x6C4A, 0xAE4A, 0x8D4A, 0x6B42, 0x8C4A, 0x2B42, 0x2A42, 0x4A4A, 0x4C4A, 0x6C4A, 0x2A42, 0x39AB, 0x5FD3, 0x7EDB, 
  0x1FEC, 0xF48A, 0x9382, 0xFFE3, 0x1ECB, 0xBFC2, 0xBED4, 0xFFFF, 0xFFFF, 0x3FD4, 0xDEC2, 0xBFDB, 0xFFD2, 0x5DBB, 0x6E3B, 0x6C1B, 
  0x6C23, 0x6C23, 0x6C23, 0x6C23, 0x6C23, 0x6C23, 0x6C23, 0x6C23, 0x6C23, 0x6C23, 0x6C23, 0x6C23, 0x6C23, 0x6C23, 0x6C23, 0x6C23, 
  0x6C23, 0x6C23, 0x6C23, 0x6C23, 0x6C23, 0x6C23, 0x6C23, 0x6C23, 0x6C23, 0x6C23, 0x6C23, 0x6C23, 0x6C23, 0x6C23, 0x6C23, 0x6C23, 
  0x6C23, 0x6C23, 0x6C23, 0x6C23, 0x6C23, 0x6C23, 0x6C23, 0x6C23, 0x6C23, 0x6C23, 0x6C23, 0x6C23, 0x6C23, 0x6C23, 0x6C23, 0x6C23, 
  0x6C23, 0x6C23, 0x8B1B, 0x8E33, 0xFCCB, 0x3EED, 0xFFFF, 0x5CC4, 0xFBBA, 0xFFEB, 0xBFEB, 0xBFEB, 0xDFE3, 0xBFE3, 0xBFE3, 0xDFE3, 
  0xDFE3, 0xDFE3, 0xBFE3, 0xFFEB, 0x7AB3, 0x0C52, 0x8B42, 0xAD52, 0xAE52, 0x8D4A, 0x6B4A, 0x6A4A, 0x2A42, 0x8D4A, 0xCE52, 0xAC4A, 
  0xAD52, 0xAD52, 0xAD4A, 0xCD4A, 0xCD4A, 0xCF52, 0xEF5A, 0xEF5A, 0xAF52, 0x2B42, 0x8C4A, 0xAD4A, 0x316A, 0xBEE5, 0xDFFF, 0xBDC3, 
  0xDFC2, 0xFFCA, 0xDFC2, 0x1ECB, 0xBFE3, 0x3FEC, 0x57A3, 0xEA49, 0x4A42, 0x4A42, 0x6C4A, 0x6D4A, 0x8D52, 0x8D52, 0x8D4A, 0x4B4A, 
  0x6D52, 0x4C52, 0x4C5A, 0x6F62, 0x4F62, 0x4D62, 0x4E62, 0x6F62, 0x6E62, 0x906A, 0xD382, 0xF48A, 0xD58A, 0xD592, 0xD69A, 0x18AB, 
  0x39B3, 0x39B3, 0x19B3, 0x3ABB, 0x5BC3, 0x7DC3, 0x7DC3, 0x5CC3, 0x7DCB, 0xBED3, 0xBFDB, 0xDFE3, 0xDEDB, 0xDEDB, 0x9DD3, 0x78AB, 
  0x4F62, 0xD592, 0x9EE3, 0x5FDB, 0x1FD3, 0xFFC2, 0xFEC2, 0xBDCB, 0x1FF6, 0x7AC4, 0x2C52, 0x4B42, 0x4A42, 0xAC52, 0x8C4A, 0x8E52, 
  0x6B4A, 0x8C4A, 0xCE52, 0x4B42, 0xAF5A, 0x6C4A, 0x2942, 0x2942, 0x4A4A, 0x4B4A, 0x6B4A, 0x6B4A, 0x6B4A, 0x4A42, 0x6B4A, 0x4A42, 
  0x2942, 0x4B4A, 0x4B4A, 0x8D52, 0xCD52, 0x6C4A, 0x6B4A, 0x6C4A, 0x6C4A, 0xAE52, 0x8E4A, 0x4A42, 0x6942, 0x6B4A, 0x2942, 0x4A42, 
  0x0A3A, 0xAD4A, 0xCE52, 0x6C42, 0xAD52, 0xAC4A, 0x4A42, 0x6B4A, 0x6B4A, 0x2A42, 0x4A42, 0x8C52, 0xAE52, 0x4A42, 0x293A, 0x6A42, 
  0x6C4A, 0x8C52, 0x4A42, 0x4A42, 0x4A42, 0x6A4A, 0x2A42, 0x1063, 0x326B, 0x0A42, 0x6B4A, 0x6C52, 0x4A3A, 0xF382, 0x7FDB, 0x5ED3, 
  0xFFEB, 0x5ABB, 0x937A, 0xFFE3, 0x3FD3, 0xBFCA, 0xBECB, 0xBFFF, 0xFFFF, 0x7EDD, 0xBEBA, 0x9FDB, 0x5FD3, 0x3FC3, 0xB25B, 0x4A1B, 
  0x6D23, 0x6C23, 0x6C23, 0x6C23, 0x6C23, 0x6C23, 0x6C23, 0x6C23, 0x6C23, 0x6C23, 0x6C23, 0x6C23, 0x6C23, 0x6C23, 0x6C23, 0x6C23, 
  0x6C23, 0x6C23, 0x6C23, 0x6C23, 0x6C23, 0x6C23, 0x6C23, 0x6C23, 0x6C23, 0x6C23, 0x6C23, 0x6C23, 0x6C23, 0x6C23, 0x6C23, 0x6C23, 
  0x6C23, 0x6C23, 0x6C23, 0x6C23, 0x6C23, 0x6C23, 0x6C23, 0x6C23, 0x6C23, 0x6C23, 0x6C23, 0x6C23, 0x6C23, 0x6C23, 0x6C23, 0x6C23, 
  0x6C23, 0x6D23, 0x4B1B, 0xF57B, 0xBFDB, 0xDFF6, 0xBEF6, 0xBAB2, 0xBEDB, 0xDFE3, 0xBFEB, 0xDFE3, 0xDFE3, 0xBFEB, 0xBFE3, 0xDFE3, 
  0xDFE3, 0xDFE3, 0xBFE3, 0xBFE3, 0xFFE3, 0x59BB, 0xB172, 0x4C42, 0x6B4A, 0x6C4A, 0xAD52, 0x4A42, 0x8C4A, 0xAC4A, 0x6B42, 0xAC4A, 
  0xAD4A, 0x4B42, 0x4A4A, 0x6C4A, 0x4B4A, 0x8D52, 0x8D4A, 0x6C4A, 0xAE4A, 0xAD4A, 0x8C4A, 0x6C42, 0x506A, 0xDEE5, 0xFFFF, 0xBFE5, 
  0xBEC2, 0xFFCA, 0xDFD2, 0xFFE3, 0xDEE3, 0x58B3, 0x4D5A, 0x093A, 0x6C4A, 0x2C42, 0x4C4A, 0x6D4A, 0x6D4A, 0x2B42, 0x2B42, 0x2A42, 
  0x4B42, 0x4A42, 0x083A, 0x0A3A, 0x4A42, 0x0732, 0x6A42, 0xAD4A, 0x6B42, 0x6C42, 0xEF4A, 0x6B3A, 0x283A, 0x273A, 0x283A, 0x4B42, 
  0x6C4A, 0x4A42, 0x2A42, 0x6E52, 0x8F5A, 0x8E5A, 0xD062, 0xAF62, 0x6E5A, 0x906A, 0x9172, 0x9172, 0x0E6A, 0x4E5A, 0x9272, 0x507A, 
  0xB59A, 0x5ED3, 0xBFE3, 0xDFE3, 0x1ECB, 0xDFCA, 0x1FCB, 0x9EBA, 0xDDCB, 0x5EEE, 0x9172, 0x8B42, 0xAD52, 0x8D4A, 0x8C4A, 0x6C4A, 
  0x6B4A, 0x4942, 0x293A, 0x4A42, 0x8C4A, 0x6C4A, 0x083A, 0x4942, 0x4A42, 0x2942, 0x4A4A, 0x6A4A, 0x8B4A, 0x8C52, 0x4B4A, 0x4B42, 
  0x6D52, 0xF062, 0x8D52, 0x4B42, 0x6C4A, 0x8D4A, 0x9052, 0xF162, 0x8C4A, 0x6C4A, 0x8D4A, 0x4B42, 0x4A42, 0x6A4A, 0x4A4A, 0x2942, 
  0x4A42, 0x8C4A, 0x6B42, 0x6B4A, 0x6C4A, 0x6C4A, 0x6C4A, 0x4C4A, 0x8C4A, 0x6B4A, 0x6C4A, 0x8D4A, 0x8D4A, 0x8C4A, 0x8C4A, 0xAD4A, 
  0x8D4A, 0x8D52, 0x4B42, 0x6C4A, 0x8C52, 0x8C4A, 0x8C4A, 0x3163, 0x1163, 0x6B4A, 0x6A4A, 0x8B52, 0x6B42, 0x2D5A, 0x9DCB, 0x1ED3, 
  0xBFE3, 0xFEDB, 0x537A, 0x7CCB, 0x9FDB, 0xDFCA, 0x1DC3, 0xFEF6, 0xFFFF, 0x7EEE, 0xDEC2, 0x5FD3, 0x7FE3, 0x1FCB, 0x946B, 0x6B1B, 
  0x6C23, 0x6C23, 0x6C23, 0x6C23, 0x6C23, 0x6C23, 0x6C23, 0x6C23, 0x6C23, 0x6C23, 0x6C23, 0x6C23, 0x6C23, 0x6C23, 0x6C23, 0x6C23, 
  0x6C23, 0x6C23, 0x6C23, 0x6C23, 0x6C23, 0x6C23, 0x6C23, 0x6C23, 0x6C23, 0x6C23, 0x6C23, 0x6C23, 0x6C23, 0x6C23, 0x6C23, 0x6C23, 
  0x6C23, 0x6C23, 0x6C23, 0x6C23, 0x6C23, 0x6C23, 0x6C23, 0x6C23, 0x6C23, 0x6C23, 0x6C23, 0x6C23, 0x6C23, 0x6C23, 0x6C23, 0x6C23, 
  0x6C23, 0x6B1B, 0x4E43, 0xBDC3, 0x9EDC, 0xBFFF, 0x3CCC, 0x1BC3, 0xFFEB, 0xBFE3, 0xBFE3, 0xDFE3, 0xDFE3, 0xDFEB, 0xDFE3, 0xDFE3, 
  0xDFE3, 0xDFE3, 0xBFE3, 0xBFE3, 0xBEE3, 0xDFEB, 0xDFE3, 0xD69A, 0x4D52, 0x2A42, 0x6D4A, 0xAD4A, 0xCF52, 0xCF52, 0x8D4A, 0xAC4A, 
  0xAD52, 0x8C52, 0x6B4A, 0x4B4A, 0x6B42, 0xCE4A, 0x6C4A, 0xAD4A, 0xAE52, 0xAD4A, 0xCD4A, 0xEE52, 0x9062, 0x99B3, 0xFFFE, 0x7FFF, 
  0x7FED, 0x7FD3, 0x7DCB, 0x17AB, 0x728A, 0x3282, 0x5382, 0x168B, 0xB593, 0x538B, 0x1283, 0x5383, 0xD072, 0xD072, 0xF17A, 0x1283, 
  0x127B, 0xAF6A, 0xAE62, 0xCF6A, 0x6D5A, 0x2C52, 0x6F5A, 0xB062, 0x4E52, 0x4E52, 0x8F5A, 0x2C4A, 0x0B4A, 0xEB49, 0xEA49, 0x0B4A, 
  0xEB49, 0xA939, 0xEA41, 0xEC49, 0xCB41, 0xA939, 0xEC41, 0x2D4A, 0xEA41, 0x0A42, 0x2B42, 0xC931, 0xE939, 0xE831, 0x717A, 0x9DD3, 
  0xDEDB, 0xDFE3, 0xDFE3, 0xFFE3, 0x5FDB, 0xDFCA, 0x5FDB, 0xDDCA, 0xBDDC, 0xFFED, 0x936A, 0x8C4A, 0x8C52, 0x2A42, 0x0842, 0x2A42, 
  0x8C4A, 0x4A42, 0x4B4A, 0x2A42, 0x0A3A, 0x6C4A, 0x8B4A, 0x4A42, 0x6B4A, 0x2942, 0x2942, 0x4A42, 0x6B4A, 0x8C52, 0x6C4A, 0x4B4A, 
  0x8D52, 0x6C4A, 0x6A4A, 0x2942, 0x2A42, 0xCE52, 0x6E4A, 0x1163, 0x6C4A, 0x4B42, 0xCD52, 0xCE52, 0x8C4A, 0x4A42, 0x4A4A, 0x6B4A, 
  0x6B4A, 0x6B4A, 0x6B4A, 0x6B4A, 0x8C4A, 0xCE52, 0xCD52, 0x6D4A, 0x8C4A, 0x0E5B, 0xF05A, 0x6D4A, 0x6C4A, 0x8C4A, 0x8D4A, 0xEE52, 
  0xAE52, 0xAE52, 0x6C4A, 0x2A42, 0x6C4A, 0x6D4A, 0x6B42, 0x8C4A, 0x4B4A, 0x6B4A, 0x6B4A, 0x4A42, 0x4A42, 0x2B42, 0x36A3, 0x3FDB, 
  0x7FDB, 0x1FEC, 0xD7A2, 0x18AB, 0xDFE3, 0xFFCA, 0xBEC2, 0xFEED, 0xFFFF, 0x5FFF, 0x5EC3, 0x1ECB, 0xBFEB, 0xFFD2, 0x567B, 0x6B1B, 
  0x6B23, 0x6C23, 0x6C23, 0x6C23, 0x6C23, 0x6C23, 0x6C23, 0x6C23, 0x6C23, 0x6C23, 0x6C23, 0x6C23, 0x6C23, 0x6C23, 0x6C23, 0x6C23, 
  0x6C23, 0x6C23, 0x6C23, 0x6C23, 0x6C23, 0x6C23, 0x6C23, 0x6C23, 0x6C23, 0x6C23, 0x6C23, 0x6C23, 0x6C23, 0x6C23, 0x6C23, 0x6C23, 
  0x6C23, 0x6C23, 0x6C23, 0x6C23, 0x6C23, 0x6C23, 0x6C23, 0x6C23, 0x6C23, 0x6C23, 0x6C23, 0x6C23, 0x6C23, 0x6C23, 0x6C23, 0x6C23, 
  0x6C23, 0x6B1B, 0xB583, 0x3FDB, 0xBFED, 0xFEF6, 0xFAB2, 0xBEDB, 0xDFEB, 0xBFE3, 0xDFE3, 0xDFE3, 0xDFE3, 0xDFE3, 0xDFE3, 0xDFE3, 
  0xDFE3, 0xDFE3, 0xBFE3, 0xBFE3, 0xDFE3, 0xFEDB, 0xFFDB, 0xDFEB, 0x9CDB, 0x37AB, 0xF382, 0x9062, 0x4D52, 0x6E52, 0x6D4A, 0x8C42, 
  0xAD4A, 0xEF52, 0x6B42, 0x4A4A, 0xAE52, 0x115B, 0xAD52, 0xCD52, 0x6C4A, 0x8D4A, 0xAE4A, 0xAE52, 0xAF4A, 0x6F5A, 0x38A3, 0xFBC3, 
  0x9ABB, 0xF8AA, 0xB6A2, 0x5ABB, 0xBCCB, 0xBECB, 0x9DC3, 0xBDD4, 0xDEE5, 0x1EEE, 0x5EEE, 0x7FF6, 0xBFFE, 0xFFFE, 0xFFFE, 0xFFFE, 
  0xFFFE, 0xDFF6, 0xFFFE, 0xDFF6, 0x9EEE, 0x9EEE, 0x7EEE, 0x3DE6, 0x3DE6, 0x1DE6, 0xFCE5, 0xDCE5, 0x7DE5, 0xBDE5, 0xBDDD, 0xBCD5, 
  0xBACD, 0x9ACD, 0x7ACD, 0x5ACD, 0x5ACD, 0xF9C4, 0x99BC, 0x99BC, 0xB8BC, 0x56AC, 0x15A4, 0x359C, 0xB48B, 0x928B, 0x7283, 0x1593, 
  0x38AB, 0x9BCB, 0xFEE3, 0xBFE3, 0xDFE3, 0xDEDB, 0x1ED4, 0x1EE5, 0x9FFE, 0xB7A3, 0x6F52, 0x8C52, 0x4B42, 0x4A42, 0xE841, 0x6C4A, 
  0x4942, 0x6A4A, 0x2B4A, 0x8C4A, 0x8C4A, 0xAD52, 0x8D4A, 0x6C4A, 0x6B4A, 0x2A42, 0x6B4A, 0x8D4A, 0xAD52, 0x8C4A, 0x4B42, 0x6B4A, 
  0x6B4A, 0x4B4A, 0x4A42, 0x4A42, 0x6B4A, 0x8B4A, 0x4B42, 0x6B4A, 0xAC52, 0x4B42, 0x8C4A, 0xAC4A, 0x6B42, 0x4A42, 0x4A42, 0x6B4A, 
  0x2A42, 0x6B4A, 0x4A42, 0x4B4A, 0x6B4A, 0xAC4A, 0x8C4A, 0x6A4A, 0x6B4A, 0x8C4A, 0x8E4A, 0xAD4A, 0xAC4A, 0x4B42, 0x4C42, 0x8D4A, 
  0x8D4A, 0x6C4A, 0xAC52, 0x6B4A, 0x6B4A, 0x6B4A, 0x8B4A, 0x6C4A, 0x2A42, 0x0942, 0x4A42, 0x2942, 0x6C4A, 0x4A42, 0xB072, 0x7FD3, 
  0x3FDB, 0xBFE3, 0x5BC3, 0xF7A2, 0xFFEB, 0x1ECB, 0xBFC2, 0xDFDC, 0xFFFF, 0xBFFF, 0x7DD4, 0x3ECB, 0x9FE3, 0x3FDB, 0x5BA3, 0x4D2B, 
  0x6B23, 0x6C23, 0x6C23, 0x6C23, 0x6C23, 0x6C23, 0x6C23, 0x6C23, 0x6C23, 0x6C23, 0x6C23, 0x6C23, 0x6C23, 0x6C23, 0x6C23, 0x6C23, 
  0x6C23, 0x6C23, 0x6C23, 0x6C23, 0x6C23, 0x6C23, 0x6C23, 0x6C23, 0x6C23, 0x6C23, 0x6C23, 0x6C23, 0x6C23, 0x6C23, 0x6C23, 0x6C23, 
  0x6C23, 0x6C23, 0x6C23, 0x6C23, 0x6C23, 0x6C23, 0x6C23, 0x6C23, 0x6C23, 0x6C23, 0x6C23, 0x6C23, 0x6C23, 0x6C23, 0x6C23, 0x6C23, 
  0x6C23, 0x8C2B, 0xBCBB, 0x3ED3, 0x7FF6, 0x5DDD, 0xFABA, 0xFFE3, 0xDFE3, 0xBFEB, 0xDFE3, 0xDFE3, 0xDFE3, 0xDFE3, 0xDFE3, 0xDFE3, 
  0xDFE3, 0xDFE3, 0xDFE3, 0xBFE3, 0xBFE3, 0xDFE3, 0xDFE3, 0xBFE3, 0xBFEB, 0xDFF3, 0xFFEB, 0xFEDB, 0xBCCB, 0x59BB, 0xF492, 0x706A, 
  0x905A, 0x8D4A, 0x8B42, 0xAD52, 0x8D52, 0x6D4A, 0x6D4A, 0x4B4A, 0x4A42, 0xAD52, 0xAE52, 0x6C42, 0xCE52, 0xCD52, 0xAD4A, 0x5172, 
  0x5592, 0xF79A, 0x57A3, 0xF48A, 0x4F6A, 0x6F62, 0xB162, 0xB272, 0x726A, 0x716A, 0x706A, 0x916A, 0xF27A, 0xB072, 0x8F6A, 0xF272, 
  0xF172, 0x517B, 0x327B, 0x117B, 0x938B, 0xF493, 0xF593, 0x359C, 0x75A4, 0x98AC, 0x98AC, 0x19BD, 0x5AC5, 0xF9BC, 0x39C5, 0x9ACD, 
  0xDCDD, 0xDCDD, 0xBBD5, 0xFBD5, 0x1BD6, 0x1BD6, 0x1BDE, 0xFCDD, 0xFDE5, 0xFEE5, 0xDDE5, 0x3EEE, 0x5EEE, 0x3DEE, 0x1EF6, 0xFEED, 
  0xBEF6, 0xFDED, 0xDEED, 0xDFF5, 0xFFF5, 0xFEF5, 0xFEED, 0x7DDD, 0x749B, 0x6D4A, 0x6B4A, 0x6A52, 0x6B42, 0xAC4A, 0x2A4A, 0x6B4A, 
  0xAD4A, 0x6B4A, 0x6C52, 0x8C4A, 0x6B4A, 0x4B4A, 0x4B4A, 0x4B42, 0x6B4A, 0x6C4A, 0xAD52, 0xAE52, 0xCE52, 0x6C4A, 0x6B4A, 0x6A4A, 
  0x4A4A, 0x6B4A, 0x8C4A, 0x4C4A, 0x4B42, 0x6C4A, 0x8C4A, 0x6B42, 0x6B4A, 0x4A42, 0x4A42, 0x4A42, 0x6B4A, 0x8C4A, 0x8C4A, 0x6B42, 
  0x4B42, 0x2A42, 0x4A42, 0x8B4A, 0x6B4A, 0x6C4A, 0x6B4A, 0x6B42, 0x2A42, 0x6B42, 0x8C4A, 0x6B4A, 0x8C4A, 0x8C4A, 0x6B4A, 0x4B42, 
  0x6C4A, 0x4B4A, 0x2A42, 0x4A42, 0x4B42, 0x6B4A, 0x6B42, 0x8D4A, 0x4942, 0x8C52, 0x6C4A, 0x6C4A, 0xEE52, 0x2942, 0x2D4A, 0x9ABB, 
  0x3FD3, 0x9FDB, 0x7EDB, 0x39AB, 0xDFE3, 0x5FDB, 0xDEC2, 0xBDCB, 0xBFFF, 0xFFFF, 0x3DDD, 0xFECA, 0xBFDB, 0x7FDB, 0x1EC3, 0x504B, 
  0x6B1B, 0x6C23, 0x6C23, 0x6C23, 0x6C23, 0x6C23, 0x6C23, 0x6C23, 0x6C23, 0x6C23, 0x6C23, 0x6C23, 0x6C23, 0x6C23, 0x6C23, 0x6C23, 
  0x6C23, 0x6C23, 0x6C23, 0x6C23, 0x6C23, 0x6C23, 0x6C23, 0x6C23, 0x6C23, 0x6C23, 0x6C23, 0x6C23, 0x6C23, 0x6C23, 0x6C23, 0x6C23, 
  0x6C23, 0x6C23, 0x6C23, 0x6C23, 0x6C23, 0x6C23, 0x6C23, 0x6C23, 0x6C23, 0x6C23, 0x6C23, 0x6C23, 0x6C23, 0x6C23, 0x6C23, 0x6C23, 
  0x4B1B, 0xAF4B, 0xBFD3, 0x3ED3, 0x3EEE, 0x3DD4, 0x3DCB, 0xFFE3, 0xDFE3, 0xBFEB, 0xDFE3, 0xDFE3, 0xDFE3, 0xDFE3, 0xDFE3, 0xDFE3, 
  0xDFE3, 0xDFE3, 0xDFE3, 0xDFE3, 0xBFE3, 0xBFE3, 0xDFE3, 0xDFE3, 0xDFE3, 0xBFE3, 0xBFE3, 0xDFE3, 0xDFEB, 0xDFF3, 0xFFEB, 0xDED3, 
  0x79AB, 0x4D5A, 0x6A42, 0x8D4A, 0x6B4A, 0x6B4A, 0x6C4A, 0x4A42, 0x4942, 0x2A42, 0x8D52, 0x8B4A, 0x8C4A, 0x4C4A, 0xAC42, 0xCF5A, 
  0x6F62, 0x6E52, 0x0B3A, 0x6B4A, 0x6B42, 0x6B42, 0x8C4A, 0xAE52, 0xEE4A, 0xAD42, 0xCC4A, 0x4A3A, 0x6B42, 0x2A3A, 0xAD4A, 0xCF52, 
  0x6B42, 0x2A3A, 0x2B42, 0x2A42, 0xC939, 0x0A42, 0x0B42, 0xEA41, 0xEA41, 0x0E4A, 0x2C4A, 0xCB41, 0x2C52, 0xEC49, 0xCB41, 0xCB41, 
  0x2E52, 0xAB49, 0xCB49, 0xCC49, 0xAB41, 0xAA41, 0xEB41, 0xEC49, 0x0D52, 0x4F5A, 0x0D52, 0x0B4A, 0x4D52, 0x2C52, 0x6E62, 0x6F5A, 
  0xCF6A, 0xF172, 0x137B, 0x3283, 0x3383, 0x548B, 0xD072, 0xCB51, 0xC841, 0xAD4A, 0x6B42, 0x2942, 0x6B4A, 0xAD4A, 0x8D52, 0xCE52, 
  0xF052, 0xAF52, 0x336B, 0xF25A, 0x4B42, 0x2A42, 0x6B4A, 0x6A4A, 0x4A42, 0x6B4A, 0x6C4A, 0x6C4A, 0x4B42, 0x4B42, 0x4B4A, 0x6B4A, 
  0x4B42, 0x6B4A, 0x6A4A, 0x4A42, 0x6C4A, 0x4B4A, 0xAD52, 0xCF52, 0x6C4A, 0x2A42, 0x8C52, 0x8C4A, 0x8C4A, 0x6C4A, 0x6C4A, 0xAD52, 
  0x6C4A, 0x4A4A, 0x4A4A, 0x6B4A, 0x6B4A, 0xAD4A, 0xAD52, 0x6C4A, 0x8C4A, 0x6B4A, 0x6B4A, 0x2A42, 0x6C4A, 0x6B42, 0x4A42, 0x4B4A, 
  0x6C4A, 0x8C4A, 0x8C4A, 0xAD52, 0x8D4A, 0xAD52, 0x8C4A, 0xCF52, 0x6B4A, 0xAC52, 0x6C4A, 0x4B42, 0x8C42, 0x4A4A, 0x2A42, 0xD48A, 
  0x7FDB, 0x7FDB, 0x7FE3, 0x3BBB, 0x9DD3, 0x5FE3, 0x1EDC, 0x9CC3, 0x7FEE, 0xFFFF, 0x3DDD, 0x9EC2, 0xBFDB, 0x9FDB, 0xFFCA, 0x7373, 
  0x6B1B, 0x6C23, 0x6B23, 0x6C23, 0x6C23, 0x6C23, 0x6C23, 0x6C23, 0x6C23, 0x6C23, 0x6C23, 0x6C23, 0x6C23, 0x6C23, 0x6C23, 0x6C23, 
  0x6C23, 0x6C23, 0x6C23, 0x6C23, 0x6C23, 0x6C23, 0x6C23, 0x6C23, 0x6C23, 0x6C23, 0x6C23, 0x6C23, 0x6C23, 0x6C23, 0x6C23, 0x6C23, 
  0x6C23, 0x6C23, 0x6C23, 0x6C23, 0x6C23, 0x6C23, 0x6C23, 0x6C23, 0x6C23, 0x6C23, 0x6C23, 0x6C23, 0x6C23, 0x6C23, 0x6C23, 0x6C23, 
  0x4B1B, 0xB163, 0xDFDB, 0x5FDB, 0x9FED, 0xDCCB, 0x7ED3, 0xBFEB, 0xDFE3, 0xDFE3, 0xBFDB, 0x5FD3, 0x9FE3, 0xDFE3, 0xDFE3, 0xDFE3, 
  0xBFE3, 0xDFE3, 0xDFE3, 0xDFE3, 0xDFE3, 0xDFE3, 0xDFE3, 0xDFE3, 0xDFE3, 0xBFE3, 0xDFE3, 0xDFDB, 0xBFE3, 0xBFEB, 0xBEE3, 0xFFE3, 
  0xBABB, 0x6F62, 0x6B42, 0x6B42, 0x4B42, 0x6C4A, 0x8D4A, 0x6B42, 0x6A4A, 0x6B4A, 0x6C4A, 0xAD52, 0x4A42, 0x4A42, 0xAC4A, 0x8C4A, 
  0xCE4A, 0x0F5B, 0x4B42, 0x8C4A, 0x6C42, 0xCE52, 0x8C4A, 0x4A42, 0x6B42, 0x8E52, 0xAD52, 0xCF5A, 0x6E52, 0x6E52, 0x6D52, 0x4B42, 
  0x493A, 0x6A42, 0x8C4A, 0x8C4A, 0x6B42, 0x6B4A, 0x8C4A, 0x8C4A, 0x8C4A, 0x8B4A, 0x8B4A, 0x4942, 0x8A4A, 0x8B4A, 0x6B42, 0x8B42, 
  0xAB42, 0x6A42, 0x8B42, 0x8C42, 0x8D4A, 0xCD52, 0x6B42, 0xED52, 0x8C4A, 0x6B4A, 0x6A42, 0x8A42, 0x4B42, 0x4A3A, 0xCC4A, 0x6B4A, 
  0xE941, 0x6C42, 0x8E4A, 0x0A42, 0x2C42, 0x4D4A, 0x8B42, 0xAC4A, 0x8B4A, 0xAD4A, 0xAE52, 0x6C4A, 0x6B4A, 0xAD52, 0x8D52, 0xEF5A, 
  0xAF52, 0xB15A, 0xD052, 0xCF52, 0x6C52, 0x6C4A, 0x8C4A, 0xAC4A, 0x8D4A, 0x6C42, 0x4A42, 0x4A42, 0x4A42, 0x6B4A, 0x6C4A, 0x8C4A, 
  0x6C4A, 0x6B4A, 0x6B4A, 0x2B4A, 0x316B, 0x6C52, 0xCE52, 0xF052, 0x6C42, 0x6B4A, 0xAD52, 0xCF5A, 0x8C4A, 0x8C4A, 0x6B4A, 0x6B4A, 
  0x6B4A, 0x6B4A, 0x6A4A, 0x4A42, 0x4B42, 0x6B4A, 0xAC52, 0x6C4A, 0xAE52, 0x6D4A, 0x6B4A, 0x6B4A, 0x4C4A, 0x6B4A, 0x8B4A, 0x6B4A, 
  0x6B4A, 0x6A42, 0xAE52, 0xEF5A, 0x6C4A, 0x8C4A, 0xAD52, 0x6C42, 0x6C4A, 0x4B42, 0x8D4A, 0x8B4A, 0x8C4A, 0x6B4A, 0x6B42, 0x8F5A, 
  0x7CCB, 0x7FDB, 0x7FDB, 0x7ECB, 0x7BC3, 0x7FEB, 0x1ED4, 0xBDD4, 0xBDD4, 0xFFFF, 0xDEE5, 0x9FC2, 0x5FDB, 0x7FE3, 0xFFC2, 0xFAAB, 
  0x6D33, 0x6C23, 0x6C23, 0x6C23, 0x6C23, 0x6C23, 0x6C23, 0x6C23, 0x6C23, 0x6C23, 0x6C23, 0x6C23, 0x6C23, 0x6C23, 0x6C23, 0x6C23, 
  0x6C23, 0x6C23, 0x6C23, 0x6C23, 0x6C23, 0x6C23, 0x6C23, 0x6C23, 0x6C23, 0x6C23, 0x6C23, 0x6C23, 0x6C23, 0x6C23, 0x6C23, 0x6C23, 
  0x6C23, 0x6C23, 0x6C23, 0x6C23, 0x6C23, 0x6C23, 0x6C23, 0x6C23, 0x6C23, 0x6C23, 0x6C23, 0x6C23, 0x6C23, 0x6C23, 0x6C23, 0x6C23, 
  0x4B1B, 0x9263, 0x1FE4, 0x9FE3, 0xFED3, 0x7ED3, 0x9EE3, 0xDFE3, 0xDFE3, 0xDFE3, 0x3ED3, 0xDEC2, 0x5FDB, 0xDFE3, 0xDFE3, 0xDFE3, 
  0xBFE3, 0xBFE3, 0xDFE3, 0xDFE3, 0xDFE3, 0xDFE3, 0xDFE3, 0xDFE3, 0xDFE3, 0xDFE3, 0xDFE3, 0xDFE3, 0xDFE3, 0xBFEB, 0xDFF3, 0xBAC3, 
  0x2E5A, 0x6D4A, 0x8C4A, 0xAD52, 0xAD52, 0xEE52, 0xEF5A, 0xAD4A, 0x8D4A, 0xAD52, 0x6C4A, 0x4B4A, 0x6C4A, 0x6A4A, 0x6B4A, 0xAD52, 
  0x6D4A, 0x6C4A, 0xAB52, 0x8C4A, 0x8C4A, 0xCE52, 0x8D4A, 0x6C4A, 0x6C4A, 0x4C4A, 0x0A42, 0xD372, 0x77A3, 0x57AB, 0x78B3, 0x359B, 
  0xB172, 0x4E5A, 0x0A42, 0x6942, 0x4942, 0x8B4A, 0x8C42, 0xAD4A, 0x4B42, 0x2942, 0x4B42, 0x8C4A, 0x4B42, 0x2B4A, 0x2D5A, 0x4E62, 
  0x5072, 0xB282, 0x1593, 0xB06A, 0x6B42, 0x4A42, 0x2A42, 0x4C52, 0x906A, 0xF27A, 0xD17A, 0x4C52, 0x8B52, 0x494A, 0x493A, 0x4B42, 
  0x8D52, 0x4D52, 0xB172, 0xD48A, 0xF482, 0xAE52, 0x6C4A, 0x6C4A, 0x8E52, 0x8D4A, 0x6B4A, 0x6A4A, 0x8C4A, 0xAE52, 0x8C4A, 0x6A42, 
  0x6B42, 0xAC4A, 0xAE52, 0xD05A, 0x8D4A, 0x6B4A, 0x6C4A, 0x6D4A, 0x8D4A, 0xAC4A, 0xAD52, 0x2A42, 0x6B4A, 0x6C4A, 0x8C4A, 0xAC4A, 
  0x6B4A, 0x6B4A, 0x4C42, 0x8C52, 0x4C4A, 0x4B42, 0x6D4A, 0xCF52, 0xCD52, 0x8B4A, 0x8D4A, 0x6C4A, 0x4A42, 0x4B42, 0x6A4A, 0x2842, 
  0x4A42, 0x8C4A, 0x6B4A, 0x6B42, 0x6C4A, 0x8C4A, 0x6B4A, 0x6C4A, 0xEE5A, 0x8C4A, 0x8C4A, 0x6A42, 0x8D52, 0x6E4A, 0x8C4A, 0x8C4A, 
  0xAE52, 0x6C4A, 0x8C4A, 0x8D4A, 0x6D4A, 0xCE52, 0x8D4A, 0x8D4A, 0x4A4A, 0x6B4A, 0x4B4A, 0x4A42, 0x8C4A, 0x8C4A, 0xAD52, 0x2B42, 
  0xF59A, 0x7FDB, 0x7FDB, 0x7FD3, 0xDAB2, 0xBEDB, 0x7ED3, 0x7EE5, 0xFCCB, 0xBFFF, 0xFEED, 0x9FC2, 0x5FDB, 0x9FE3, 0xBFC2, 0x9DD4, 
  0xF04B, 0x4B1B, 0x6C23, 0x6C23, 0x6C23, 0x6C23, 0x6C23, 0x6C23, 0x6C23, 0x6C23, 0x6C23, 0x6C23, 0x6C23, 0x6C23, 0x6C23, 0x6C23, 
  0x6C23, 0x6C23, 0x6C23, 0x6C23, 0x6C23, 0x6C23, 0x6C23, 0x6C23, 0x6C23, 0x6C23, 0x6C23, 0x6C23, 0x6C23, 0x6C23, 0x6C23, 0x6C23, 
  0x6C23, 0x6C23, 0x6C23, 0x6C23, 0x6C23, 0x6C23, 0x6C23, 0x6C23, 0x6C23, 0x6C23, 0x6C23, 0x6C23, 0x6C23, 0x6C23, 0x6C23, 0x6C23, 
  0x6B1B, 0x904B, 0x9CCB, 0xDFEB, 0x3FD3, 0x5FDB, 0xDEE3, 0xDFE3, 0xDFE3, 0xDFE3, 0x3FD3, 0xDFCA, 0x1FCB, 0xDFE3, 0xDFE3, 0xDFE3, 
  0xBFE3, 0xBFE3, 0xBFE3, 0xDFE3, 0xBFE3, 0xDFE3, 0xDFE3, 0xDFE3, 0xDFE3, 0xDFE3, 0xDFE3, 0xBFEB, 0xDFE3, 0xDFEB, 0xBEE3, 0x706A, 
  0x4A3A, 0x8B42, 0xAC4A, 0x8D52, 0x8D4A, 0xAD4A, 0x8D4A, 0xAE4A, 0xAE4A, 0xCD52, 0x8C4A, 0x4B42, 0x4B42, 0x2B42, 0x6B4A, 0x8B4A, 
  0x6B4A, 0x4B42, 0x4A42, 0x8C4A, 0xAD52, 0xCE52, 0xCE52, 0xAD4A, 0x8D52, 0x4C4A, 0x8E52, 0xD37A, 0x5282, 0x927A, 0x9382, 0x17A3, 
  0x9CCB, 0xDED3, 0x7AB3, 0xD482, 0x8F62, 0x6C52, 0x8B52, 0x8C4A, 0xAE52, 0x6F52, 0x6E52, 0xB172, 0x169B, 0x9ABB, 0xBCCB, 0xDCC3, 
  0x99BB, 0x3693, 0xB172, 0x6E5A, 0x2E52, 0xB17A, 0x38AB, 0x9BBB, 0x79AB, 0x148B, 0x8E62, 0x8C4A, 0x6B42, 0x0C4A, 0x4F6A, 0xF69A, 
  0xDDCB, 0xBCD3, 0x58BB, 0xD27A, 0x8F5A, 0x1263, 0x6C4A, 0x6C4A, 0x8D4A, 0x8C4A, 0x4942, 0x4A42, 0x8C4A, 0x4A42, 0x6D52, 0x8E5A, 
  0x0A4A, 0x2A42, 0x2B4A, 0x8C4A, 0x6B42, 0x4A42, 0x6A4A, 0xCD52, 0x6B4A, 0x6B4A, 0xCD52, 0x2B42, 0x2A42, 0x6B4A, 0x6C4A, 0x6C4A, 
  0xAD52, 0x8C4A, 0x8D4A, 0x6B4A, 0x4C4A, 0xAC4A, 0xAD4A, 0xCF52, 0x8D4A, 0x6C4A, 0x6D4A, 0x8D4A, 0x8C4A, 0x6B4A, 0x2942, 0x8B4A, 
  0x6B4A, 0x4B42, 0x8D4A, 0x8C4A, 0x8C4A, 0x6B4A, 0x4B42, 0x6B4A, 0x4A42, 0xAE52, 0x8D4A, 0x4942, 0xCE52, 0x736B, 0xAD52, 0x6D4A, 
  0x6D4A, 0x8C4A, 0x4B42, 0x4A42, 0x4942, 0x8C4A, 0xAD4A, 0xAD52, 0x8C52, 0x8D52, 0x8D52, 0x6C52, 0x8B42, 0x6C4A, 0x6B4A, 0xAB4A, 
  0x6F62, 0xBED3, 0x7FE3, 0x5FDB, 0x3BBB, 0x3ABB, 0x9FE3, 0xDDDC, 0xDED4, 0xDEDD, 0x1FEE, 0x9FC2, 0x5FD3, 0x9FDB, 0x9EC2, 0x9EDC, 
  0xB374, 0x2A13, 0x8C23, 0x6C23, 0x6C23, 0x6C23, 0x6C23, 0x6C23, 0x6C23, 0x6C23, 0x6C23, 0x6C23, 0x6C23, 0x6C23, 0x6C23, 0x6C23, 
  0x6C23, 0x6C23, 0x6C23, 0x6C23, 0x6C23, 0x6C23, 0x6C23, 0x6C23, 0x6C23, 0x6C23, 0x6C23, 0x6C23, 0x6C23, 0x6C23, 0x6C23, 0x6C23, 
  0x6C23, 0x6C23, 0x6C23, 0x6C23, 0x6C23, 0x6C23, 0x6C23, 0x6C23, 0x6C23, 0x6C23, 0x6C23, 0x6C23, 0x6C23, 0x6C23, 0x6C23, 0x6C23, 
  0x6C23, 0x4C2B, 0x99A3, 0xFFEB, 0xBFDB, 0x3FDB, 0x9FEB, 0xBFE3, 0xDFE3, 0xDFE3, 0x9FDB, 0xFECA, 0xFEC2, 0xBFDB, 0xDFE3, 0xDFE3, 
  0xDFE3, 0xDFE3, 0xDFE3, 0xDFE3, 0xBFE3, 0xBFE3, 0xDFE3, 0xDFE3, 0xBFE3, 0xDFE3, 0xBFE3, 0xBFEB, 0xDFE3, 0x1FEC, 0x18AB, 0x0B42, 
  0x6B4A, 0x8C4A, 0xCE52, 0x6D42, 0x4B4A, 0x6B4A, 0x6B42, 0x6B42, 0x6C42, 0xAD52, 0x6C4A, 0x6A42, 0x6B4A, 0x6C4A, 0x4B4A, 0x4B4A, 
  0x4B4A, 0x8C52, 0x6C4A, 0x6D4A, 0x8D4A, 0x4C42, 0x8C4A, 0xAD4A, 0x8D4A, 0xD27A, 0xB58A, 0xF7A2, 0x7ABB, 0x9BBB, 0x38B3, 0xD592, 
  0x5272, 0x527A, 0xF69A, 0x37AB, 0x179B, 0x916A, 0xEB41, 0x6E52, 0x368B, 0x5AAB, 0xBDDB, 0x1FE4, 0xBDCB, 0x58A3, 0xD37A, 0x2C52, 
  0xEA39, 0xEB49, 0x4F6A, 0x57A3, 0xDDD3, 0xBBC3, 0x16A3, 0xB06A, 0x4C4A, 0x4B42, 0x4D4A, 0x906A, 0x158B, 0x9CCB, 0xFFF3, 0xFCD3, 
  0x3693, 0x6F62, 0xE941, 0xEB49, 0x8F62, 0x4F52, 0xB06A, 0xD58A, 0x3683, 0x8D52, 0x6B4A, 0xAC4A, 0xAE4A, 0x8C4A, 0x2B42, 0x56A3, 
  0x79AB, 0x706A, 0x2A4A, 0x6A42, 0x6B4A, 0xAD52, 0x6C4A, 0x6B4A, 0x4D4A, 0x4B42, 0x8C4A, 0xAC52, 0x8B4A, 0x6C4A, 0x6C4A, 0x8C4A, 
  0x4B42, 0xAD4A, 0xB052, 0xAD52, 0x6B4A, 0xAD4A, 0xAE4A, 0x6C4A, 0x8C4A, 0x6C4A, 0xAD52, 0xAD52, 0xAC4A, 0x8C4A, 0x6D4A, 0xAE52, 
  0xCF5A, 0x6C4A, 0xAC4A, 0x8C4A, 0xAE52, 0xAD52, 0x6A4A, 0x6B4A, 0x6B4A, 0x6D4A, 0x8E52, 0x6A4A, 0x4B42, 0xCE5A, 0x6C4A, 0xAD52, 
  0x2B42, 0x8D52, 0xD15A, 0xD05A, 0x6B4A, 0xAC4A, 0x6C42, 0x2A3A, 0x6B4A, 0x2A42, 0x8D52, 0x8D5A, 0x6B4A, 0x6B4A, 0x2A4A, 0xAC4A, 
  0x4E4A, 0x18A3, 0xBFE3, 0x7EDB, 0x5ECB, 0xB7A2, 0xBEDB, 0x9DD3, 0xDEE5, 0x5DCC, 0x9FED, 0xBEBA, 0x5FD3, 0x9FDB, 0xBECA, 0xDFD3, 
  0xD9B5, 0x2C23, 0x6C23, 0x6C23, 0x6C23, 0x6C23, 0x6C23, 0x6C23, 0x6C23, 0x6C23, 0x6C23, 0x6C23, 0x6C23, 0x6C23, 0x6C23, 0x6C23, 
  0x6C23, 0x6C23, 0x6C23, 0x6C23, 0x6C23, 0x6C23, 0x6C23, 0x6C23, 0x6C23, 0x6C23, 0x6C23, 0x6C23, 0x6C23, 0x6C23, 0x6C23, 0x6C23, 
  0x6C23, 0x6C23, 0x6C23, 0x6C23, 0x6C23, 0x6C23, 0x6C23, 0x6C23, 0x6C23, 0x6C23, 0x6C23, 0x6C23, 0x6C23, 0x6C23, 0x6C23, 0x6C23, 
  0x6C23, 0x6B1B, 0x704B, 0x3ABC, 0xFEEB, 0xBFEB, 0xDFE3, 0xBFE3, 0xDFE3, 0xDFE3, 0xDFE3, 0x9FDB, 0xFECA, 0x3ED3, 0xDFEB, 0xBFE3, 
  0xBFE3, 0xDFE3, 0xDFE3, 0xDFE3, 0xDFE3, 0xDFE3, 0xDFE3, 0xDFE3, 0xDFE3, 0xDFE3, 0xDFEB, 0xDFE3, 0xDFE3, 0xFFE3, 0xB27A, 0x6C42, 
  0x6C52, 0x6C4A, 0xCE52, 0xCE52, 0x6C4A, 0x6A4A, 0x8B4A, 0xCD52, 0x6B42, 0x293A, 0x4A42, 0x8C4A, 0xAD52, 0x6B4A, 0x6B4A, 0x8D4A, 
  0x6C4A, 0xAC4A, 0xAD4A, 0x6C4A, 0xCE52, 0x6C4A, 0x8D4A, 0x8C4A, 0x6C4A, 0xF492, 0xFEE3, 0xF8BA, 0xB592, 0x969A, 0xF8AA, 0x9ABB, 
  0xDBC3, 0x79BB, 0x17A3, 0xB48A, 0xD48A, 0x169B, 0x58B3, 0xFDD3, 0x1FEC, 0xDEE3, 0x57B3, 0x506A, 0x2D4A, 0x6E4A, 0x7062, 0xB282, 
  0x58AB, 0xBDDB, 0xBEE3, 0x78B3, 0xB07A, 0xEA49, 0xE839, 0x2A3A, 0x6F5A, 0xD58A, 0x5AB3, 0xFEE3, 0x3FEC, 0x9BC3, 0xD48A, 0x2C4A, 
  0x2C42, 0x4F6A, 0xF6A2, 0x38AB, 0x358B, 0xB37A, 0x37AB, 0xB49A, 0xFFE3, 0xD48A, 0x6D4A, 0x6C42, 0x6C4A, 0x6B4A, 0x8B4A, 0x6E62, 
  0xDDC3, 0x1FE4, 0x38AB, 0x4E5A, 0x2A42, 0x6D52, 0x2C4A, 0xAD52, 0x6D4A, 0xCF52, 0xCF52, 0xCF52, 0x4B42, 0x4C4A, 0x8D52, 0xAF5A, 
  0x6D4A, 0x6C4A, 0x4B42, 0x8D52, 0xAD52, 0x8E4A, 0x8E4A, 0x8D52, 0x6A42, 0x4B42, 0x4A42, 0x6B4A, 0x8D4A, 0x8C4A, 0x8D4A, 0xD05A, 
  0xAE52, 0x2B42, 0x6C4A, 0x6C4A, 0xAD52, 0xAD52, 0x8C4A, 0xAC52, 0x6B4A, 0x4B42, 0xAE52, 0x8C4A, 0x6B4A, 0x2A42, 0x2A42, 0x6B4A, 
  0x6A42, 0x8C4A, 0xD35A, 0x766B, 0x8F4A, 0x8D4A, 0x0F5B, 0x6C4A, 0x4B4A, 0x4942, 0x6B4A, 0x6C4A, 0x4A42, 0x4B42, 0x4B4A, 0xAC4A, 
  0xAD4A, 0x9172, 0xDFDB, 0xDFDB, 0x3FDB, 0xD7A2, 0x59BB, 0x7FE3, 0x1EDD, 0xBDDC, 0x9ECB, 0xFFC2, 0x3FD3, 0x5FDB, 0xDECA, 0x3FC3, 
  0xBEEE, 0xD053, 0x4B1B, 0x6C23, 0x6C23, 0x6C23, 0x6C23, 0x6C23, 0x6C23, 0x6C23, 0x6C23, 0x6C23, 0x6C23, 0x6C23, 0x6C23, 0x6C23, 
  0x6C23, 0x6C23, 0x6C23, 0x6C23, 0x6C23, 0x6C23, 0x6C23, 0x6C23, 0x6C23, 0x6C23, 0x6C23, 0x6C23, 0x6C23, 0x6C23, 0x6C23, 0x6C23, 
  0x6C23, 0x6C23, 0x6C23, 0x6C23, 0x6C23, 0x6C23, 0x6C23, 0x6C23, 0x6C23, 0x6C23, 0x6C23, 0x6C23, 0x6C23, 0x6C23, 0x6C23, 0x6C23, 
  0x6C23, 0x8C1B, 0x6B23, 0x4E3B, 0xF993, 0xDDD3, 0xBDDB, 0xDFF3, 0xBFE3, 0xDFE3, 0xDFDB, 0xFFE3, 0xBFE3, 0x7FDB, 0xBFE3, 0xBFE3, 
  0xBFE3, 0xDFE3, 0xDFE3, 0xDFE3, 0xDFE3, 0xDFE3, 0xDFE3, 0xDFE3, 0xDFE3, 0xDFE3, 0xDFE3, 0xFFDB, 0xDFEB, 0xBEE3, 0x8E62, 0xAC4A, 
  0x8C4A, 0x6C4A, 0xCF52, 0xCF52, 0xAD4A, 0x4B42, 0x8D4A, 0x6C4A, 0x6A4A, 0x6A4A, 0x2842, 0x2842, 0x6B42, 0x8D4A, 0xAD52, 0x6C4A, 
  0x8C4A, 0x6C4A, 0x6B42, 0x6B4A, 0xAD52, 0xCE52, 0x6C4A, 0xAE52, 0xAE52, 0x8F52, 0xBDD3, 0xFFFB, 0xFFE3, 0xBCD3, 0x5AC3, 0xD8B2, 
  0xFBC2, 0xDFEB, 0xFFEB, 0x1FEC, 0x1FF4, 0x1FF4, 0xFFEB, 0x9BBB, 0xD48A, 0x4E5A, 0xEB41, 0x0C52, 0xF38A, 0x9BC3, 0xFFE3, 0x1FEC, 
  0x7BCB, 0xF492, 0x4C5A, 0xE939, 0xEA39, 0x6E62, 0xF592, 0x7ABB, 0xDEE3, 0x1FF4, 0xFEE3, 0x59B3, 0x5172, 0x0D52, 0x905A, 0x1793, 
  0xBBCB, 0xBCD3, 0x59A3, 0x9062, 0x6C3A, 0x38A3, 0xBCD3, 0x5282, 0x1FE4, 0xFFE3, 0x59BB, 0xD382, 0x6E52, 0x6B42, 0x6B4A, 0x6B42, 
  0x2D5A, 0xBBCB, 0x1FF4, 0xBDD3, 0xD282, 0xC841, 0x0942, 0xAE5A, 0x8C4A, 0x6B4A, 0x8C4A, 0x8B4A, 0x4A42, 0x6B4A, 0x4B42, 0x4B4A, 
  0x6B4A, 0x8C4A, 0xAD52, 0x6C4A, 0x8D52, 0x8D4A, 0x1263, 0xF262, 0x6D4A, 0x8D4A, 0x6B4A, 0x8C4A, 0x6D4A, 0x8C4A, 0x8D4A, 0x6C4A, 
  0x6B4A, 0x4A42, 0x6B4A, 0x6C4A, 0xEF5A, 0x8E52, 0x4B42, 0x8C4A, 0x8C4A, 0xAD52, 0xAE52, 0xAD4A, 0x8C4A, 0x6B4A, 0x6B4A, 0x6C4A, 
  0x6B4A, 0x6A42, 0x4C42, 0xCF52, 0xCE52, 0x6C4A, 0x8D4A, 0x6C4A, 0x8C4A, 0xAD52, 0xAD4A, 0x8C42, 0x8C52, 0xAD4A, 0x8D4A, 0x8B4A, 
  0x8B4A, 0x6C52, 0x39B3, 0xFFEB, 0x9EDB, 0x9CCB, 0xB69A, 0xDFE3, 0xBDD3, 0x9DE5, 0xBEC2, 0xDFCA, 0x3FD3, 0x5FDB, 0xDFCA, 0xDEC2, 
  0x5FF6, 0x9374, 0x2B13, 0x8C23, 0x6C23, 0x6C23, 0x6C23, 0x6C23, 0x6C23, 0x6C23, 0x6C23, 0x6C23, 0x6C23, 0x6C23, 0x6C23, 0x6C23, 
  0x6C23, 0x6C23, 0x6C23, 0x6C23, 0x6C23, 0x6C23, 0x6C23, 0x6C23, 0x6C23, 0x6C23, 0x6C23, 0x6C23, 0x6C23, 0x6C23, 0x6C23, 0x6C23, 
  0x6C23, 0x6C23, 0x6C23, 0x6C23, 0x6C23, 0x6C23, 0x6C23, 0x6C23, 0x6C23, 0x6C23, 0x6C23, 0x6C23, 0x6C23, 0x6C23, 0x6C23, 0x6C23, 
  0x6C23, 0x6C23, 0x8C23, 0x6B1B, 0x4D2B, 0x9363, 0x1693, 0x7BC3, 0xFFEB, 0xDFF3, 0xDFDB, 0xDFE3, 0xBFE3, 0xBFE3, 0xDFE3, 0xDFE3, 
  0xDFE3, 0xDFE3, 0xDFE3, 0xDFE3, 0xDFEB, 0xDFE3, 0xDFE3, 0xDFE3, 0xDFE3, 0xDFE3, 0xDFE3, 0xDFE3, 0xDFE3, 0x9DD3, 0x4C52, 0x8C4A, 
  0x8C4A, 0x8C4A, 0xAF52, 0x4C4A, 0x8B4A, 0x8C4A, 0x8C4A, 0x6A4A, 0x2A42, 0x6C4A, 0x4B4A, 0x4942, 0x083A, 0x4A42, 0x6B4A, 0x4B42, 
  0x8C4A, 0x8B4A, 0x4A4A, 0x4B4A, 0x4B4A, 0x8C4A, 0x6C4A, 0xAD52, 0xCF52, 0x8C42, 0x9172, 0xDEE3, 0xBFEB, 0xDFE3, 0x1FF4, 0x1FFC, 
  0x1FF4, 0xFFEB, 0xDFE3, 0xDED3, 0x9BBB, 0xD59A, 0x6E62, 0x0A3A, 0xEB49, 0xB17A, 0x79B3, 0x1FE4, 0x3FEC, 0xFEDB, 0x37A3, 0xB172, 
  0x0B42, 0x2932, 0x2C52, 0xB38A, 0x7BBB, 0xFFE3, 0x3FFC, 0x3FE4, 0x9ABB, 0xD48A, 0x2F62, 0x2F62, 0xD48A, 0x9BBB, 0xFFE3, 0xFEDB, 
  0x389B, 0x4D52, 0x8D4A, 0xAD4A, 0x4D4A, 0x9CC3, 0xFFEB, 0x527A, 0x9BBB, 0xDFEB, 0xDFEB, 0x1FEC, 0x5AB3, 0x6F5A, 0x4A42, 0x8C4A, 
  0x4B42, 0x6F62, 0xDCD3, 0xDFEB, 0xFFE3, 0x36A3, 0x0A4A, 0x6B4A, 0x6B4A, 0x4A42, 0x8C4A, 0x8C4A, 0x6B4A, 0x8C4A, 0x6C4A, 0x8C4A, 
  0xAE52, 0xCF52, 0xCE52, 0x6C4A, 0x8C4A, 0x8C4A, 0x8D4A, 0xAD52, 0xCD52, 0xAD4A, 0x6C42, 0x8C4A, 0x4B42, 0x6B4A, 0xAE52, 0xCD52, 
  0x8C4A, 0x4A42, 0x4A4A, 0x4A4A, 0xAD52, 0xAF52, 0xCF52, 0x8D4A, 0x6B4A, 0x8C4A, 0x6C4A, 0x6B4A, 0x6B4A, 0x2942, 0x6B4A, 0xAD52, 
  0x8C4A, 0x4B4A, 0x4B42, 0xEE5A, 0x8D4A, 0x8C4A, 0x8C4A, 0x8C4A, 0x8C4A, 0x8C4A, 0x8C4A, 0xAC4A, 0xAD52, 0x8B4A, 0x4B4A, 0x4B4A, 
  0x6B4A, 0xAC4A, 0x927A, 0xFFE3, 0xBEDB, 0xFFEC, 0x9492, 0x38AB, 0xBFDB, 0x9DDC, 0x9FD3, 0xBFC2, 0x1FCB, 0x5FD3, 0x1FC3, 0x9EC2, 
  0xBFF5, 0xB7A5, 0x2C23, 0x6C23, 0x6C23, 0x8C1B, 0x6B23, 0x6C23, 0x6C23, 0x6C23, 0x6C23, 0x6C23, 0x6C23, 0x6C23, 0x6C23, 0x6C23, 
  0x6C23, 0x6C23, 0x6C23, 0x6C23, 0x6C23, 0x6C23, 0x6C23, 0x6C23, 0x6C23, 0x6C23, 0x6C23, 0x6C23, 0x6C23, 0x6C23, 0x6C23, 0x6C23, 
  0x6C23, 0x6C23, 0x6C23, 0x6C23, 0x6C23, 0x6C23, 0x6C23, 0x6C23, 0x6C23, 0x6C23, 0x6C23, 0x6C23, 0x6C23, 0x6C23, 0x6C23, 0x6C23, 
  0x6C23, 0x6C23, 0x6C23, 0x6C23, 0x8C1B, 0x4C23, 0x704B, 0x3373, 0xD592, 0x7BCB, 0x1FE4, 0xDFEB, 0x9FE3, 0xBFE3, 0xDFE3, 0xBFE3, 
  0xBFE3, 0xBFEB, 0xBFEB, 0xBFEB, 0xBFE3, 0xDFE3, 0xDFE3, 0xDFE3, 0xDFE3, 0xDFE3, 0xDFE3, 0xDFE3, 0xDFE3, 0xBEDB, 0xB06A, 0x8D4A, 
  0x8C4A, 0x8D4A, 0x8B4A, 0x4942, 0x4A42, 0x6C4A, 0x8C4A, 0x6B4A, 0x4B42, 0x8D4A, 0x6C4A, 0xCE52, 0x8D4A, 0x6B4A, 0xAC4A, 0x8C4A, 
  0xAD4A, 0x6C4A, 0x6C4A, 0x8D52, 0x8D4A, 0xAE52, 0x8D4A, 0xAE52, 0xAC4A, 0x6A4A, 0x0A42, 0x927A, 0xDEDB, 0x1FE4, 0x1ABB, 0x389B, 
  0x379B, 0xF592, 0x927A, 0xAF5A, 0x8D4A, 0x0C42, 0x4F5A, 0x3593, 0xDDD3, 0xFFE3, 0x9CCB, 0x37AB, 0xB382, 0x2E52, 0x0A42, 0x6B42, 
  0x8E52, 0xD382, 0xBBCB, 0x3FF4, 0x1FEC, 0x7AC3, 0xB28A, 0xEE61, 0xED59, 0xB27A, 0x79B3, 0xFFE3, 0x3FF4, 0xDDD3, 0x158B, 0x705A, 
  0x8F52, 0x6C4A, 0xAE52, 0xCE52, 0xB162, 0xBDD3, 0x1FF4, 0xF69A, 0x9392, 0xFFF3, 0x7FE3, 0x7FDB, 0x1FEC, 0xDCD3, 0x4F6A, 0x2A42, 
  0x6B4A, 0x4B4A, 0x9282, 0xFFEB, 0xDFE3, 0x1FE4, 0x79B3, 0x4C4A, 0x4A42, 0x4A42, 0xAD4A, 0xAE52, 0x8E4A, 0xAD52, 0xAD52, 0x8C4A, 
  0xCE4A, 0x1053, 0x105B, 0x6C42, 0x8C4A, 0x6C4A, 0x4B42, 0x4B42, 0x8C4A, 0xAE52, 0x8C4A, 0x6D4A, 0xAE52, 0xAE52, 0xAE52, 0xEF52, 
  0x6C4A, 0x4B42, 0x2A42, 0x4B4A, 0x4B42, 0xCE52, 0xAE52, 0xCE52, 0xAC4A, 0x2A42, 0x6C4A, 0x6C4A, 0x6C4A, 0x4A42, 0x4B42, 0xAE52, 
  0x4A42, 0x4B42, 0xAE52, 0x8D4A, 0xAD4A, 0x8D4A, 0x8C4A, 0x8C4A, 0x8D4A, 0x8C4A, 0x6C42, 0xAD52, 0xAE52, 0x6B4A, 0x6B4A, 0x6C4A, 
  0x8C4A, 0xAC4A, 0x2B4A, 0x7ABB, 0xBFE3, 0xDFE4, 0x7AC4, 0x337A, 0xDFEB, 0x1EDB, 0x5ECB, 0x1FC3, 0xFFCA, 0xFFCA, 0x1FCB, 0x9EC2, 
  0xFFDC, 0x1EEF, 0x6F43, 0x6B1B, 0x6C2B, 0x6C23, 0x8C1B, 0x6C23, 0x6C23, 0x6C23, 0x6C23, 0x6C23, 0x6C23, 0x6C23, 0x6C23, 0x6C23, 
  0x6C23, 0x6C23, 0x6C23, 0x6C23, 0x6C23, 0x6C23, 0x6C23, 0x6C23, 0x6C23, 0x6C23, 0x6C23, 0x6C23, 0x6C23, 0x6C23, 0x6C23, 0x6C23, 
  0x6C23, 0x6C23, 0x6C23, 0x6C23, 0x6C23, 0x6C23, 0x6C23, 0x6C23, 0x6C23, 0x6C23, 0x6C23, 0x6C23, 0x6C23, 0x6C23, 0x6C23, 0x6C23, 
  0x6C23, 0x6C23, 0x6C23, 0x6C23, 0x6C23, 0x8B23, 0x4B1B, 0x6D3B, 0x7163, 0x916A, 0x958A, 0x9BCB, 0xFFEB, 0xDFEB, 0xBFE3, 0xBFE3, 
  0xDFE3, 0xDFE3, 0xBFE3, 0xBFE3, 0xBFE3, 0xDFE3, 0xDFE3, 0xDFE3, 0xDFE3, 0xDFE3, 0xDFE3, 0xBFE3, 0xBFE3, 0xDEE3, 0xB072, 0xAC42, 
  0x6D4A, 0xCF52, 0x4B42, 0x4942, 0x8C4A, 0x2A42, 0x8D4A, 0xAD52, 0xAD4A, 0xAD4A, 0xCE52, 0xAE4A, 0xAE4A, 0xAD4A, 0xAD4A, 0xAE4A, 
  0xCE52, 0xAE4A, 0xCF52, 0xAF52, 0xCF52, 0xAE52, 0x8D4A, 0x8C4A, 0x6B42, 0x6C42, 0xCE52, 0x8E4A, 0xB16A, 0x99C3, 0x5AC3, 0x5162, 
  0x4D42, 0xCA39, 0x6C4A, 0x4E62, 0xD492, 0x9BC3, 0xFEE3, 0x9DD3, 0x17A3, 0x906A, 0x4D4A, 0x4C3A, 0x2B3A, 0x8F6A, 0x1383, 0x4D4A, 
  0x169B, 0xFFEB, 0x1FEC, 0x78B3, 0x5072, 0x2F5A, 0x927A, 0x17B3, 0xFEE3, 0x3FF4, 0xFFEB, 0x7BBB, 0xB47A, 0x2E52, 0x2C4A, 0x368B, 
  0x99A3, 0x6F62, 0x4A4A, 0x6B42, 0xD16A, 0xBFE3, 0x5FDB, 0xFDD3, 0x3072, 0xBCCB, 0xBFDB, 0xFEC2, 0x1FCB, 0xBFE3, 0xFDDB, 0x4E62, 
  0x493A, 0x8B52, 0xE941, 0x37A3, 0xFFEB, 0xBEE3, 0x1FEC, 0x37A3, 0x2A42, 0x8C4A, 0x6B42, 0x4B42, 0x4B42, 0x6B42, 0x6C4A, 0x4B42, 
  0x8D4A, 0xCD4A, 0x8C4A, 0xAE52, 0xCE52, 0x4A42, 0x8C4A, 0xAE52, 0x6C4A, 0x6C4A, 0x4C4A, 0x8C4A, 0x6C4A, 0x8D4A, 0x4C42, 0x8D4A, 
  0x6B42, 0x6B4A, 0xAD52, 0x8C4A, 0x6B42, 0x8C4A, 0x6C4A, 0x8C4A, 0x2B42, 0x8C4A, 0x4A42, 0x8B4A, 0x8C4A, 0x6C4A, 0x8D4A, 0x8D4A, 
  0x8D4A, 0xAD52, 0x8C4A, 0x8C4A, 0xAD4A, 0x8B4A, 0x8C4A, 0x6C4A, 0x8D4A, 0xEF5A, 0xAE52, 0x8C52, 0x6C4A, 0x4B42, 0x6C4A, 0xCE52, 
  0x6D4A, 0x4B42, 0x6A42, 0x168B, 0xDFE3, 0xFEDB, 0x9EED, 0x948A, 0x57A3, 0xBFE3, 0xDFC2, 0x1FC3, 0xDFCA, 0xDFCA, 0xFFCA, 0xDFC2, 
  0x1ECC, 0x7FFF, 0x3574, 0x4B1B, 0x6C2B, 0x6C23, 0x8C1B, 0x6C23, 0x6C23, 0x6C23, 0x6C23, 0x6C23, 0x6C23, 0x6C23, 0x6C23, 0x6C23, 
  0x6C23, 0x6C23, 0x6C23, 0x6C23, 0x6C23, 0x6C23, 0x6C23, 0x6C23, 0x6C23, 0x6C23, 0x6C23, 0x6C23, 0x6C23, 0x6C23, 0x6C23, 0x6C23, 
  0x6C23, 0x6C23, 0x6C23, 0x6C23, 0x6C23, 0x6C23, 0x6C23, 0x6C23, 0x6C23, 0x6C23, 0x6C23, 0x6C23, 0x6C23, 0x6C23, 0x6C23, 0x6C23, 
  0x6C23, 0x8B1B, 0x8C1B, 0x6C23, 0x6C23, 0x6C23, 0x6C23, 0x6C1B, 0x8D23, 0xAE3B, 0xCD3A, 0x6E52, 0xD482, 0x7BC3, 0x1FEC, 0xFFE3, 
  0xDEE3, 0xBFE3, 0x9FE3, 0xBFEB, 0xDFE3, 0xBFE3, 0xBFE3, 0xDFE3, 0xDFE3, 0xBFE3, 0xDFE3, 0xBFE3, 0xBFE3, 0xFFEB, 0x727A, 0x4C3A, 
  0xD05A, 0xAE52, 0x8C4A, 0xAF52, 0xAE4A, 0x8C4A, 0x8C4A, 0xAD52, 0xAE52, 0xEF52, 0xF05A, 0xD052, 0xCD4A, 0xCE52, 0xCF52, 0x105B, 
  0xEF52, 0x8D4A, 0xF052, 0x105B, 0xF05A, 0x8C4A, 0x4B42, 0x4A42, 0x4B4A, 0x8D4A, 0xAD4A, 0x8C52, 0x2A42, 0x2C4A, 0x138B, 0xBBD3, 
  0x9CCB, 0x7BC3, 0x9CD3, 0xDFE3, 0xDEDB, 0x59BB, 0xB382, 0x2C4A, 0xCD4A, 0x4B3A, 0x0B4A, 0x906A, 0x579B, 0x78B3, 0x4F5A, 0xD482, 
  0xFFEB, 0x1EE4, 0xB382, 0x4F5A, 0xD592, 0xBEDB, 0x1FF4, 0x1FE4, 0x7ABB, 0xB492, 0x306A, 0x516A, 0x1793, 0x9BC3, 0x9CD3, 0x3AB3, 
  0x167B, 0x0A42, 0x4A4A, 0x4A3A, 0x9062, 0x9FE3, 0xFFCA, 0xFFE3, 0x37AB, 0x7172, 0xFFEB, 0x1FD3, 0xFFC2, 0xDECA, 0x9FDB, 0xFCD3, 
  0x6E62, 0x2942, 0x283A, 0x6E5A, 0xBCD3, 0xDFEB, 0xBEE3, 0xFFEB, 0xD282, 0x4A42, 0x6C4A, 0xAD52, 0xAD4A, 0xEF5A, 0xAD52, 0x4B42, 
  0x4B4A, 0x8E52, 0x326B, 0xCF5A, 0xCD52, 0xAD4A, 0x8C4A, 0x6C4A, 0x8C4A, 0x4A4A, 0x6D4A, 0xF05A, 0x2B42, 0xAD4A, 0xCE52, 0x4B42, 
  0x4B42, 0x4A42, 0x8C4A, 0x8C4A, 0x6B42, 0x4A42, 0x4B42, 0x6C4A, 0xAE52, 0xEF5A, 0x6B4A, 0x4A42, 0x8B4A, 0x8D4A, 0xAD52, 0x8D4A, 
  0xAE52, 0xAD52, 0x6C4A, 0xAC4A, 0xCE52, 0x8E4A, 0xAD4A, 0x8D4A, 0x8C4A, 0x8B4A, 0x8B4A, 0x6B4A, 0x4B42, 0x4A42, 0xCD52, 0xEF5A, 
  0x8D4A, 0x6B4A, 0x6B4A, 0x0C4A, 0x5ABB, 0xBFE3, 0x7EED, 0x39BC, 0xCB49, 0x79B3, 0x3FDB, 0xDFC2, 0xFFCA, 0xFFCA, 0xFFC2, 0xFFCA, 
  0x3DC3, 0x7FFF, 0x3AAD, 0x0D1B, 0x8C23, 0x6C1B, 0x8C1B, 0x6C23, 0x6C23, 0x6C23, 0x6C23, 0x6C23, 0x6C23, 0x6C23, 0x6C23, 0x6C23, 
  0x6C23, 0x6C23, 0x6C23, 0x6C23, 0x6C23, 0x6C23, 0x6C23, 0x6C23, 0x6C23, 0x6C23, 0x6C23, 0x6C23, 0x6C23, 0x6C23, 0x6C23, 0x6C23, 
  0x6C23, 0x6C23, 0x6C23, 0x6C23, 0x6C23, 0x6C23, 0x6C23, 0x6C23, 0x6C23, 0x6C23, 0x6C23, 0x6C23, 0x6C23, 0x6C23, 0x6C23, 0x6C23, 
  0x6C23, 0x6C23, 0x6C23, 0x6C23, 0x6C23, 0x6C23, 0x8C1B, 0x6C1B, 0x8C1B, 0x6B1B, 0x6B2B, 0x4D33, 0xEF52, 0x2F5A, 0x927A, 0x9AC3, 
  0xDFEB, 0xBFF3, 0xBFEB, 0xBFE3, 0xDFE3, 0xBFE3, 0xDFE3, 0xDFE3, 0xBFE3, 0xDFE3, 0xDFE3, 0xDFE3, 0xBFE3, 0xBFEB, 0x19AB, 0xF25A, 
  0x5263, 0x8D4A, 0x8C4A, 0x8D4A, 0xAF52, 0xCE52, 0xCF52, 0xAF52, 0xAE52, 0x8C4A, 0x8C4A, 0xEE52, 0x8C4A, 0x4C42, 0xAE52, 0xF05A, 
  0xAE52, 0x8D4A, 0xCE52, 0xCE52, 0x8D4A, 0x6B42, 0x8B4A, 0x4A42, 0x4A4A, 0x4B4A, 0x4C42, 0x8D4A, 0x6C42, 0x8C42, 0x2B3A, 0x6E62, 
  0x159B, 0x79B3, 0x38A3, 0x7272, 0x4E5A, 0xAD4A, 0x293A, 0x4C4A, 0xD172, 0xD592, 0x7AC3, 0xDDDB, 0x77A3, 0x4D52, 0x7062, 0xDEE3, 
  0xDFEB, 0x727A, 0x5072, 0xBDDB, 0x1FFC, 0xBCD3, 0xF492, 0x5072, 0x3072, 0xD492, 0xBABB, 0x1FE4, 0x1FEC, 0x59BB, 0x6F6A, 0x8D52, 
  0xF162, 0x6B4A, 0x8C4A, 0x6B42, 0x5062, 0xBED3, 0xFEC2, 0x3FD3, 0x1FEC, 0x517A, 0x17AB, 0xDFEB, 0xFECA, 0xFFCA, 0xFFC2, 0x9FE3, 
  0x9CCB, 0x6C52, 0x4B42, 0x0A42, 0x927A, 0x1FE4, 0xBFE3, 0xFFE3, 0xBDDB, 0x0C5A, 0x4B42, 0xAD4A, 0xAE4A, 0xAF52, 0xCF52, 0x8E52, 
  0x0A42, 0x8E5A, 0x5473, 0xAF52, 0x8B4A, 0xCF52, 0xF05A, 0xAE4A, 0x8D4A, 0x4A4A, 0x8C4A, 0x6B4A, 0x8C52, 0x8D52, 0xAE52, 0x8C4A, 
  0x6B4A, 0x4A42, 0x6B4A, 0xAD4A, 0x6B42, 0x8C4A, 0xCD52, 0x8D4A, 0x8D4A, 0x4B42, 0x6B4A, 0x8D4A, 0x8E4A, 0xAE4A, 0x8C4A, 0x4B42, 
  0x4A4A, 0x6B4A, 0x6C4A, 0x6C4A, 0x4A42, 0x4B4A, 0x8D4A, 0x8D4A, 0x6C4A, 0x6C4A, 0x0A3A, 0x2A42, 0x8C4A, 0x6A4A, 0x6C4A, 0x4C42, 
  0x8C4A, 0x6B4A, 0x4A4A, 0x4942, 0x7072, 0xDFE3, 0x7EDC, 0x9EE5, 0x3272, 0x6F62, 0x9FDB, 0xFFCA, 0xFEC2, 0xFFCA, 0xFFC2, 0xFFCA, 
  0xBDC2, 0x7FF6, 0xBDE6, 0x714B, 0x6C1B, 0x8B1B, 0x6C23, 0x6C23, 0x6C23, 0x6C23, 0x6C23, 0x6C23, 0x6C23, 0x6C23, 0x6C23, 0x6C23, 
  0x6C23, 0x6C23, 0x6C23, 0x6C23, 0x6C23, 0x6C23, 0x6C23, 0x6C23, 0x6C23, 0x6C23, 0x6C23, 0x6C23, 0x6C23, 0x6C23, 0x6C23, 0x6C23, 
  0x6C23, 0x6C23, 0x6C23, 0x6C23, 0x6C23, 0x6C23, 0x6C23, 0x6C23, 0x6C23, 0x6C23, 0x6C23, 0x6C23, 0x6C23, 0x6C23, 0x6C23, 0x6C23, 
  0x6C23, 0x6C23, 0x6C23, 0x6C23, 0x6C23, 0x6C23, 0x6C23, 0x6C23, 0x6C23, 0x6C23, 0x6C23, 0x6C23, 0xAF43, 0x7053, 0x8D4A, 0x505A, 
  0x1683, 0x9BBB, 0xDFEB, 0xBFEB, 0xBFE3, 0xBFE3, 0xDFE3, 0xDFEB, 0xDFE3, 0xBFEB, 0xBFEB, 0xDFE3, 0xBFE3, 0xBFEB, 0x3ABB, 0x2D4A, 
  0xAD4A, 0x6B42, 0x8E4A, 0xAD4A, 0x8C4A, 0xAD4A, 0xAD4A, 0xCE52, 0x6C4A, 0x6B4A, 0x4A42, 0x8D4A, 0xCF52, 0x8D4A, 0xAC4A, 0x4B42, 
  0x6C4A, 0xAD4A, 0x8C4A, 0x8C4A, 0x8C4A, 0x8D4A, 0x8C4A, 0x8C4A, 0x4C4A, 0x927A, 0xF69A, 0xB692, 0x9272, 0xAD52, 0xAC52, 0x6B42, 
  0x4B3A, 0x2B42, 0x2D5A, 0xD17A, 0x2B52, 0x6E52, 0x927A, 0x79B3, 0xFDD3, 0xFEDB, 0x38A3, 0x9162, 0x4D4A, 0x9162, 0xDDDB, 0x1FEC, 
  0x7172, 0x527A, 0xFEE3, 0xFFEB, 0x179B, 0x2F62, 0x938A, 0x7AC3, 0xDFE3, 0x1FF4, 0x1FE4, 0x79B3, 0x6F72, 0x0B4A, 0x2A3A, 0xAC4A, 
  0x6C4A, 0x8D4A, 0x8B4A, 0x8C4A, 0x6E5A, 0x9DCB, 0x3FCB, 0xDEC2, 0x9FEB, 0xBCCB, 0x2F5A, 0xBBC3, 0x9FE3, 0xDEC2, 0xFFCA, 0xDECA, 
  0xDFEB, 0x59AB, 0x2D52, 0x8B4A, 0x4C4A, 0x7AB3, 0xFFEB, 0xDFDB, 0xFFEB, 0x38AB, 0x4C4A, 0xCE52, 0xAE52, 0x8D4A, 0x8C4A, 0x4942, 
  0x4A42, 0x6B42, 0x4B42, 0x8C4A, 0x4B42, 0x8C4A, 0x8D4A, 0xAD4A, 0xAC4A, 0x6C4A, 0x4A42, 0x093A, 0x6D4A, 0x5273, 0xEF62, 0x6C4A, 
  0x6B4A, 0x4A42, 0x4A42, 0x6B4A, 0x6B4A, 0x6C4A, 0x2B42, 0x8D4A, 0xAE52, 0x4B42, 0x6A42, 0x6C4A, 0xAE52, 0x115B, 0x6C42, 0x4A42, 
  0x4A42, 0x4B42, 0x8C52, 0x6B4A, 0x6B4A, 0x6B4A, 0x4A42, 0x6C4A, 0xCD52, 0x8D52, 0x4C4A, 0xCF5A, 0xCF5A, 0x6C4A, 0x6C4A, 0x8C4A, 
  0xAC4A, 0x6B4A, 0x8C42, 0x8C4A, 0x0A4A, 0x79B3, 0xBFEB, 0x3EED, 0x979B, 0x0C4A, 0x57AB, 0x5FDB, 0xBFC2, 0xFFC2, 0xFECA, 0xFFCA, 
  0xBEC2, 0x7EE5, 0xBFFF, 0x936B, 0x2C1B, 0x8B23, 0x4B2B, 0x6C1B, 0x6C23, 0x6C23, 0x6C23, 0x6C23, 0x6C23, 0x6C23, 0x6C23, 0x6C23, 
  0x6C23, 0x6C23, 0x6C23, 0x6C23, 0x6C23, 0x6C23, 0x6C23, 0x6C23, 0x6C23, 0x6C23, 0x6C23, 0x6C23, 0x6C23, 0x6C23, 0x6C23, 0x6C23, 
  0x6C23, 0x6C23, 0x6C23, 0x6C23, 0x6C23, 0x6C23, 0x6C23, 0x6C23, 0x6C23, 0x6C23, 0x6C23, 0x6C23, 0x6C23, 0x6C23, 0x6C23, 0x6C23, 
  0x6C23, 0x6C23, 0x6C23, 0x6C23, 0x6C23, 0x6C23, 0x6C23, 0x6C23, 0x6C23, 0x6C23, 0x6C23, 0x6C23, 0x6C1B, 0x6B23, 0xB04B, 0x746B, 
  0xD15A, 0x2D4A, 0xD482, 0xBEDB, 0xFFEB, 0xBFE3, 0xBFEB, 0xBFEB, 0xDFE3, 0xBFE3, 0xBFEB, 0xDFE3, 0xDFE3, 0xBFF3, 0xBCD3, 0x2D52, 
  0x4B42, 0xEF5A, 0xCF52, 0x6C42, 0x8B4A, 0x6B42, 0x8D4A, 0xAD4A, 0x4B42, 0x4942, 0x6B4A, 0x4C4A, 0xAE52, 0x6B4A, 0x2A42, 0x8C4A, 
  0x8D4A, 0xEE52, 0x305B, 0x6D4A, 0x8C4A, 0x8D4A, 0x6C4A, 0x6C4A, 0x9282, 0xBEDC, 0xBEF6, 0x9FF6, 0x7DDC, 0xB482, 0x6C4A, 0x8C4A, 
  0xCE4A, 0x4D5A, 0xDCDB, 0x38A3, 0x0F62, 0x9BCB, 0xFFEB, 0xBCCB, 0xF482, 0x705A, 0x8E52, 0x6D4A, 0xB272, 0xDEDB, 0xDEE3, 0xB27A, 
  0xD37A, 0xBFE3, 0x1FEC, 0x16A3, 0xCD51, 0x9ABB, 0xFFF3, 0xDFEB, 0xFFEB, 0x7ABB, 0x916A, 0x0A42, 0x0732, 0x2A42, 0x4D52, 0x4D52, 
  0xAD52, 0xCE52, 0x8D4A, 0x8D4A, 0x8E52, 0x1ABB, 0x3FE4, 0x1DDD, 0xFDC2, 0x1FEC, 0xF58A, 0xED59, 0xBCD3, 0x9FDB, 0xFEC2, 0xFFCA, 
  0x1ECB, 0xFFEB, 0x379B, 0x6C4A, 0x8B4A, 0xB17A, 0xFFDB, 0xBFE3, 0xDEE3, 0xDEDB, 0x4E6A, 0x6B4A, 0x8D4A, 0x8C4A, 0x8C4A, 0x2A42, 
  0x6B4A, 0x6D4A, 0xCF52, 0x8C4A, 0x4A42, 0x4A42, 0x4A42, 0xAD52, 0x8C4A, 0x6C4A, 0x6B4A, 0x6B4A, 0x6C4A, 0x8C52, 0x8C52, 0x4B4A, 
  0x6B4A, 0x8B4A, 0x4B42, 0x6B42, 0x6B42, 0x8C4A, 0xAD4A, 0x8C4A, 0x6C4A, 0x4A42, 0x6B42, 0xAE4A, 0xEF5A, 0xAE52, 0x8D52, 0xAC4A, 
  0x4A42, 0x4B42, 0x8C4A, 0x8B42, 0x8B4A, 0x8C4A, 0x4A4A, 0x2A42, 0x6B4A, 0x8D4A, 0x8D52, 0xAD4A, 0x8C42, 0x4B4A, 0x8C4A, 0xAC4A, 
  0x6B42, 0x4A4A, 0x8B42, 0x8D52, 0xAC4A, 0x5062, 0x9EDB, 0x9FE4, 0x7CCC, 0x2E52, 0x4D62, 0xDEDB, 0x1FCB, 0xFFC2, 0xDFCA, 0xFFCA, 
  0xBFC2, 0x5DCC, 0xDFFF, 0xD8A4, 0x4C23, 0x6C23, 0x6B23, 0x6C23, 0x6C23, 0x6C23, 0x6C23, 0x6C23, 0x6C23, 0x6C23, 0x6C23, 0x6C23, 
  0x6C23, 0x6C23, 0x6C23, 0x6C23, 0x6C23, 0x6C23, 0x6C23, 0x6C23, 0x6C23, 0x6C23, 0x6C23, 0x6C23, 0x6C23, 0x6C23, 0x6C23, 0x6C23, 
  0x6C23, 0x6C23, 0x6C23, 0x6C23, 0x6C23, 0x6C23, 0x6C23, 0x6C23, 0x6C23, 0x6C23, 0x6C23, 0x6C23, 0x6C23, 0x6C23, 0x6C23, 0x6C23, 
  0x6C23, 0x6C23, 0x6C23, 0x6C23, 0x6C23, 0x6C23, 0x6C23, 0x6C23, 0x6C23, 0x6C23, 0x6C23, 0x6C23, 0x6C23, 0x6C23, 0x4C23, 0x6E33, 
  0xD26B, 0xF162, 0x8F52, 0x9162, 0x59AB, 0xFFE3, 0xDFEB, 0x9FEB, 0xBFEB, 0xDFE3, 0xDFE3, 0xDFE3, 0xDFE3, 0xDFEB, 0xDEE3, 0x906A, 
  0x6C42, 0xCE52, 0x6D42, 0xCE52, 0xEE52, 0xAD52, 0xCF52, 0xCF52, 0x8C4A, 0x2A42, 0x2A42, 0x4A42, 0x8C4A, 0x6B42, 0x4B42, 0x8C4A, 
  0x8D4A, 0x6C4A, 0xCE52, 0x6D4A, 0xAC4A, 0x6C4A, 0x6B4A, 0xEC51, 0xFBC3, 0x7FFF, 0xFFFF, 0xFEFF, 0xBFFF, 0x7CD4, 0x2D5A, 0x6A42, 
  0x4B42, 0xD282, 0xFFE3, 0x9592, 0xFEE3, 0xBCD3, 0xB47A, 0x8F5A, 0x8B42, 0x4E52, 0xD47A, 0x7ABB, 0x1FEC, 0xDBC3, 0x7062, 0x927A, 
  0xFEDB, 0xDFEB, 0xDED3, 0x5272, 0x9AC3, 0xFFF3, 0xBEE3, 0x1FE4, 0x57AB, 0x0B4A, 0x0A42, 0x706A, 0xF492, 0x359B, 0xD37A, 0x126B, 
  0x105B, 0xAE4A, 0xAD52, 0xCE52, 0x8D52, 0xF6A2, 0x1FDC, 0x1EF7, 0x9DCB, 0x7FDB, 0xFCCB, 0x2B52, 0x6E62, 0xDEDB, 0x3FDB, 0xFFC2, 
  0xFFC2, 0x5ED3, 0xFFE3, 0x306A, 0x8C4A, 0xAE5A, 0x7AC3, 0xBFF3, 0xFEDB, 0xFFEB, 0x38B3, 0x4C42, 0x6B4A, 0xAE52, 0xAD4A, 0xCF5A, 
  0xEF5A, 0xF05A, 0xF05A, 0x8C4A, 0x8C4A, 0x4B4A, 0x4A4A, 0x4B4A, 0x4B42, 0x8C4A, 0x6B4A, 0x6B4A, 0x6B4A, 0x2A42, 0x6B4A, 0x4B42, 
  0x6B4A, 0x8C4A, 0x2A42, 0x8B4A, 0x4A42, 0x6B4A, 0x8C4A, 0x8C4A, 0x8C4A, 0x8D4A, 0xAD4A, 0xCE52, 0x8D4A, 0x6B42, 0x4B42, 0x8D4A, 
  0x8C4A, 0x6B4A, 0x6C4A, 0x6B4A, 0x6C4A, 0x2B42, 0x6C4A, 0x8C4A, 0x6B4A, 0x8C4A, 0x6C4A, 0x8C4A, 0x6B42, 0x6A4A, 0x8C52, 0x6C4A, 
  0x6F62, 0x2B4A, 0xD06A, 0x8D52, 0xCE52, 0x0A42, 0xF492, 0xDEDB, 0x7FE4, 0xF582, 0x0A42, 0x57AB, 0xDFE3, 0xFEC2, 0xFFC2, 0x1FC3, 
  0xDFCA, 0x5DC3, 0x7FFF, 0x1DD6, 0x2F43, 0x6C1B, 0x6C23, 0x6C23, 0x6C23, 0x6C23, 0x6C23, 0x6C23, 0x6C23, 0x6C23, 0x6C23, 0x6C23, 
  0x6C23, 0x6C23, 0x6C23, 0x6C23, 0x6C23, 0x6C23, 0x6C23, 0x6C23, 0x6C23, 0x6C23, 0x6C23, 0x6C23, 0x6C23, 0x6C23, 0x6C23, 0x6C23, 
  0x6C23, 0x6C23, 0x6C23, 0x6C23, 0x6C23, 0x6C23, 0x6C23, 0x6C23, 0x6C23, 0x6C23, 0x6C23, 0x6C23, 0x6C23, 0x6C23, 0x6C23, 0x6C23, 
  0x6C23, 0x6C23, 0x6C23, 0x6C23, 0x6C23, 0x6C23, 0x6C23, 0x6C23, 0x6C23, 0x6C23, 0x6C23, 0x6C23, 0x6C23, 0x6C23, 0x6C23, 0x6B1B, 
  0x6C23, 0x8F4B, 0x4F5B, 0xCE5A, 0x4F52, 0xB482, 0xFEDB, 0xFFEB, 0xBFE3, 0xDFE3, 0xDFE3, 0xBFE3, 0xDFE3, 0xDFE3, 0xDFE3, 0xD382, 
  0x8C4A, 0x8C4A, 0x8C4A, 0xCE52, 0xAE4A, 0xCF52, 0xCE52, 0xAD4A, 0xCE52, 0x6B4A, 0x2942, 0x4A42, 0x6B42, 0xAC4A, 0xAD4A, 0x8D4A, 
  0xCD52, 0x6B4A, 0x6D4A, 0x8C4A, 0x6A42, 0xAC52, 0x2A42, 0x106A, 0x7FE5, 0xBEEE, 0x7CDD, 0x3EE6, 0xFFFF, 0x7EF6, 0xB48A, 0x6C42, 
  0x6E52, 0x17A3, 0xBEDB, 0x5BC3, 0xBBCB, 0x4E52, 0xAF42, 0xD15A, 0x7172, 0x79BB, 0xFFE3, 0xBCC3, 0xF68A, 0x7262, 0xF692, 0xFFE3, 
  0xDFEB, 0xFEE3, 0x959A, 0x3AB3, 0xFFF3, 0x9FEB, 0xFFEB, 0x79B3, 0xEF59, 0x1593, 0x9ABB, 0x99BB, 0x1693, 0x916A, 0xAE52, 0xCF52, 
  0x8E52, 0x4B4A, 0x4A4A, 0x4B42, 0x0A42, 0xB27A, 0xDED3, 0x3EF7, 0xDEE5, 0xFDCA, 0xFFF3, 0xF592, 0x4B3A, 0x927A, 0xDEE3, 0x1FCB, 
  0xFFC2, 0xDFCA, 0xBFE3, 0x7AC3, 0x6F52, 0xAD4A, 0xD492, 0xFFEB, 0xBFE3, 0xBFE3, 0xDFDB, 0x6F62, 0x4A42, 0xAE52, 0xAD4A, 0xAF52, 
  0xAF52, 0x8E52, 0x8C4A, 0x6B42, 0x4C42, 0x8C4A, 0x4A42, 0x2A42, 0x4A42, 0x093A, 0x6B4A, 0x4B42, 0x8C52, 0x4B4A, 0x4A42, 0x6B4A, 
  0xAD52, 0x4B4A, 0x2A42, 0x4A42, 0x6B4A, 0x6B4A, 0x6C4A, 0xAD4A, 0xCE52, 0x8D4A, 0xCE52, 0x8D4A, 0xCD52, 0x4A42, 0x4A42, 0x8C4A, 
  0x8C52, 0x6A4A, 0x6B4A, 0x4B4A, 0x4B42, 0x6C52, 0x105B, 0xCE52, 0x6B42, 0xCC52, 0x8D52, 0xCF52, 0xAC52, 0x8C42, 0x8D4A, 0x8D52, 
  0x58A3, 0x4E62, 0x4D5A, 0x8E52, 0x8C42, 0x6B4A, 0x2C4A, 0x9282, 0x7DCB, 0x3CBB, 0x4D4A, 0xD16A, 0xDEE3, 0x7FE3, 0xFEC2, 0xFFC2, 
  0xFFCA, 0xBFC2, 0x7FEE, 0x3FFF, 0x7373, 0x6B13, 0x8C23, 0x6C23, 0x6C23, 0x6C23, 0x6C23, 0x6C23, 0x6C23, 0x6C23, 0x6C23, 0x6C23, 
  0x6C23, 0x6C23, 0x6C23, 0x6C23, 0x6C23, 0x6C23, 0x6C23, 0x6C23, 0x6C23, 0x6C23, 0x6C23, 0x6C23, 0x6C23, 0x6C23, 0x6C23, 0x6C23, 
  0x6C23, 0x6C23, 0x6C23, 0x6C23, 0x6C23, 0x6C23, 0x6C23, 0x6C23, 0x6C23, 0x6C23, 0x6C23, 0x6C23, 0x6C23, 0x6C23, 0x6C23, 0x6C23, 
  0x6C23, 0x6C23, 0x6C23, 0x6C23, 0x6C23, 0x6C23, 0x6C23, 0x6C23, 0x6C23, 0x6C23, 0x6C23, 0x6C23, 0x6C23, 0x6C23, 0x6C23, 0x8C1B, 
  0x6C23, 0x6C23, 0x6C23, 0xD15B, 0x727B, 0x2C4A, 0x6F62, 0x79B3, 0xFFEB, 0xDFEB, 0xBFE3, 0xDFE3, 0xBFE3, 0xBFE3, 0xFFEB, 0xB37A, 
  0x4B42, 0x8C4A, 0x8C4A, 0x8C4A, 0xEF52, 0xAD4A, 0x4B42, 0x6B42, 0xAC52, 0x4B42, 0x6B4A, 0x4A4A, 0x6B52, 0x6C4A, 0x4C4A, 0x4C42, 
  0x6B42, 0x6B4A, 0x6B4A, 0x8C4A, 0x6B42, 0xCE52, 0x2B4A, 0x727A, 0x9FE5, 0x3EE6, 0x1CCC, 0x5DCC, 0xFFFF, 0xDFFE, 0x19AB, 0x1153, 
  0x6D4A, 0x58AB, 0xDFE3, 0xBFE3, 0x948A, 0x0B42, 0xF58A, 0xBCCB, 0xDEDB, 0x99AB, 0x9172, 0x0F5A, 0xD47A, 0x7BC3, 0xFFEB, 0xFEE3, 
  0x5DCB, 0xD6A2, 0x959A, 0xFFF3, 0xBFE3, 0xDFE3, 0x7CCB, 0x9692, 0xBBC3, 0x58AB, 0x6F6A, 0x2C4A, 0x6C42, 0x6B42, 0x4A4A, 0x4C4A, 
  0x6C4A, 0x2942, 0x4A42, 0x4A42, 0x2A42, 0x6F62, 0x7DD3, 0x3FEE, 0x7FF7, 0x1DCB, 0xBFEB, 0x7BCB, 0x6D52, 0x4A3A, 0xF592, 0xDFDB, 
  0xDFCA, 0xFFCA, 0xFFCA, 0xFFEB, 0xF59A, 0x0B42, 0x6F62, 0xFDDB, 0xBFEB, 0xBFE3, 0x1FE4, 0x16AB, 0x0A42, 0x4A42, 0xAD4A, 0xD052, 
  0x4C42, 0x8C4A, 0x4A42, 0x4A42, 0x8B4A, 0x4A42, 0x4A42, 0x6B4A, 0x4A4A, 0x6A4A, 0x8B4A, 0x6B4A, 0x8C4A, 0x6B4A, 0x2A42, 0x6B4A, 
  0x8C4A, 0x6C4A, 0x6C4A, 0x8C52, 0xCD52, 0xAD52, 0x8D4A, 0xEE52, 0x8C4A, 0xAD4A, 0xAD4A, 0x8D4A, 0x8D4A, 0x6C4A, 0x6B4A, 0x6B42, 
  0x4A42, 0x0A4A, 0x4B4A, 0x8B4A, 0x8B4A, 0x8C4A, 0x8E52, 0x6C42, 0x6A42, 0x4A42, 0x2B42, 0x4B4A, 0x6B4A, 0xEE52, 0xEF52, 0x6B42, 
  0x38A3, 0x9ABB, 0x2C52, 0xCD52, 0xCD52, 0x6B4A, 0x4B42, 0x6C42, 0xD692, 0x5FDB, 0xB58A, 0x0B3A, 0x16A3, 0xFFF3, 0x9EDB, 0xFFCA, 
  0xFFCA, 0x9FC2, 0x1DD5, 0xDFFF, 0x3794, 0x4B1B, 0x8C1B, 0x6C23, 0x6C23, 0x6C23, 0x6C23, 0x6C23, 0x6C23, 0x6C23, 0x6C23, 0x6C23, 
  0x6C23, 0x6C23, 0x6C23, 0x6C23, 0x6C23, 0x6C23, 0x6C23, 0x6C23, 0x6C23, 0x6C23, 0x6C23, 0x6C23, 0x6C23, 0x6C23, 0x6C23, 0x6C23, 
  0x6C23, 0x6C23, 0x6C23, 0x6C23, 0x6C23, 0x6C23, 0x6C23, 0x6C23, 0x6C23, 0x6C23, 0x6C23, 0x6C23, 0x6C23, 0x6C23, 0x6C23, 0x6C23, 
  0x6C23, 0x6C23, 0x6C23, 0x6C23, 0x6C23, 0x6C23, 0x6C23, 0x6C23, 0x6C23, 0x6C23, 0x6C23, 0x6C23, 0x6C23, 0x6C23, 0x6C23, 0x6C23, 
  0x6C23, 0x6C23, 0x4C23, 0x4C23, 0x6D2B, 0x4E3B, 0xAD42, 0x0C4A, 0x9282, 0x9BCB, 0x1FEC, 0xFFEB, 0x9FEB, 0xBEDB, 0x1FDC, 0x9272, 
  0x4B42, 0x6C4A, 0x6B4A, 0x6C4A, 0xAD52, 0xAD4A, 0xAC4A, 0x4A42, 0x8B4A, 0x8C4A, 0x6C4A, 0x6C4A, 0x6C52, 0xCE5A, 0x8D4A, 0x8D4A, 
  0x8C4A, 0x8B4A, 0x6C4A, 0x4B42, 0x6A42, 0x6C4A, 0x6C4A, 0x7272, 0xBEE5, 0x5FF7, 0x3CD5, 0x9DDD, 0xFFFF, 0x9FF6, 0x958A, 0xAC42, 
  0x6C52, 0x9BC3, 0xFFEB, 0xFFEB, 0x5492, 0xF6AA, 0xFDD3, 0xF69A, 0x527A, 0x7272, 0x169B, 0x9CCB, 0xFFE3, 0xFFEB, 0xDFEB, 0x3ABB, 
  0xF7A2, 0x5382, 0xDDD3, 0xDFE3, 0xBFE3, 0xFFEB, 0xBDD3, 0x7BBB, 0xB272, 0x0E5A, 0x917A, 0xAE5A, 0xAC4A, 0x8C4A, 0x4A42, 0x6B4A, 
  0x2B4A, 0x8D52, 0x8C4A, 0x4B4A, 0x6B4A, 0x2C4A, 0x1BC3, 0x1EE5, 0xFFFF, 0xFECB, 0x5FDB, 0xFEE3, 0x4F6A, 0x6A42, 0x2D4A, 0x9CCB, 
  0x3FDB, 0x1FC3, 0xDFCA, 0x3FDB, 0xFFE3, 0x9172, 0x0A3A, 0x9ABB, 0xFFEB, 0xDEE3, 0xDFE3, 0xDDDB, 0x2E5A, 0x4942, 0x8D52, 0xAD4A, 
  0xAD4A, 0x6B4A, 0x6B4A, 0x4A4A, 0x6A4A, 0x4B42, 0x8D4A, 0x6C4A, 0x4B4A, 0x4A42, 0x4A42, 0x4B42, 0x8C4A, 0x6B4A, 0x2A42, 0x2A42, 
  0x6B4A, 0x4B4A, 0x8C4A, 0x4B42, 0x2B42, 0x8D4A, 0x8D4A, 0xCD52, 0x8C4A, 0xAD52, 0x8C4A, 0xAE52, 0xEF5A, 0x6C4A, 0x6C4A, 0x8B4A, 
  0x2A42, 0xB17A, 0x8F62, 0x8B4A, 0x6B4A, 0xAC52, 0x6B4A, 0x2A42, 0x4A42, 0x8C4A, 0x8C4A, 0x6C4A, 0xAE4A, 0x105B, 0xAE4A, 0xAD4A, 
  0xF58A, 0x1FF4, 0x158B, 0x6C4A, 0x8C4A, 0x4A42, 0xCE52, 0xCF52, 0x4D52, 0x5BBB, 0x7DD3, 0x4E62, 0x4E52, 0xFDD3, 0xDFEB, 0x7FDB, 
  0x1ECB, 0xDFCA, 0x9DC3, 0xBFFF, 0x5BC5, 0x0E33, 0x8B1B, 0x6C23, 0x6C23, 0x6C23, 0x6C23, 0x6C23, 0x6C23, 0x6C23, 0x6C23, 0x6C23, 
  0x6C23, 0x6C23, 0x6C23, 0x6C23, 0x6C23, 0x6C23, 0x6C23, 0x6C23, 0x6C23, 0x6C23, 0x6C23, 0x6C23, 0x6C23, 0x6C23, 0x6C23, 0x6C23, 
  0x6C23, 0x6C23, 0x6C23, 0x6C23, 0x6C23, 0x6C23, 0x6C23, 0x6C23, 0x6C23, 0x6C23, 0x6C23, 0x6C23, 0x6C23, 0x6C23, 0x6C23, 0x6C23, 
  0x6C23, 0x6C23, 0x6C23, 0x6C23, 0x6C23, 0x6C23, 0x6C23, 0x6C23, 0x6C23, 0x6C23, 0x6C23, 0x6C23, 0x6C23, 0x6C23, 0x6C23, 0x6C23, 
  0x6C23, 0x6C23, 0x6C23, 0x6C23, 0x6C23, 0x8B1B, 0x8D2B, 0x0D3B, 0x8C42, 0x2E52, 0xB48A, 0x9BC3, 0xDEEB, 0x1FE4, 0xFFEB, 0x169B, 
  0x8D4A, 0xAE5A, 0x6D52, 0x4C4A, 0xEE52, 0xAD4A, 0xAE52, 0x8B4A, 0x8C4A, 0x8D4A, 0x6C4A, 0xAD52, 0xCE52, 0xAD4A, 0xEE52, 0xAD4A, 
  0x4B42, 0x8C4A, 0xAD4A, 0x8D4A, 0x8C4A, 0x8C4A, 0x8B4A, 0x4F62, 0x9DD4, 0xFFFF, 0xDFFF, 0xBFFF, 0xFFFF, 0xFDDC, 0x4E62, 0x8B42, 
  0xB16A, 0xBEDB, 0xDFE3, 0xDFE3, 0x9FE3, 0xDFEB, 0x18AB, 0xF9AA, 0xBCCB, 0xDFE3, 0xDFF3, 0xFFE3, 0xDFE3, 0xBEE3, 0xF9B2, 0x38AB, 
  0x9282, 0x7ABB, 0xDFEB, 0xDFEB, 0xFFF3, 0xBCD3, 0xB382, 0x3062, 0x579B, 0xBBC3, 0xF592, 0x8E52, 0x8D4A, 0xCE52, 0xAE52, 0x6B42, 
  0x8B4A, 0x8D52, 0x8D4A, 0x8D52, 0xAC52, 0xE939, 0xD6A2, 0x5EDC, 0xDFFF, 0x3DD5, 0x1ECB, 0x1FF4, 0xD592, 0x6B42, 0x6B4A, 0x9282, 
  0xBFE3, 0xFFC2, 0xFFCA, 0xDFC2, 0x7FE3, 0xBCCB, 0x4D52, 0xB27A, 0xFFE3, 0xDFE3, 0xDFE3, 0xFFEB, 0x36A3, 0x4A42, 0x8C4A, 0x6C4A, 
  0x8D4A, 0xAD52, 0x6C4A, 0x6C4A, 0x2942, 0x6D4A, 0x115B, 0xAE4A, 0xAD52, 0x6B4A, 0x4A42, 0x4B4A, 0xCE52, 0x6B4A, 0x2A42, 0x8B4A, 
  0x6B4A, 0x4B4A, 0x6C4A, 0x8C4A, 0x8C4A, 0xAD52, 0xAD52, 0x4B42, 0x4B4A, 0xAD52, 0x6C4A, 0xEF52, 0xAE52, 0x6D4A, 0xAD52, 0x8C4A, 
  0x4B4A, 0x79B3, 0xD27A, 0x4A42, 0x6C4A, 0x8C4A, 0x4A42, 0x6A4A, 0x4B4A, 0xAE52, 0xCE52, 0xAE4A, 0x1053, 0x8D52, 0x4B4A, 0x6C4A, 
  0xD37A, 0xFEEB, 0xBEDB, 0x4E62, 0x8B42, 0xAF52, 0xEF52, 0xCF52, 0x4A42, 0x6F62, 0x5ED3, 0x5CCB, 0x5062, 0xD48A, 0xFFEB, 0xDFE3, 
  0x9EDB, 0xFFCA, 0xBEC2, 0x7EEE, 0x3FEE, 0x325B, 0x6B1B, 0x6C23, 0x8C1B, 0x6C23, 0x6C23, 0x6C23, 0x6C23, 0x6C23, 0x6C23, 0x6C23, 
  0x6C23, 0x6C23, 0x6C23, 0x6C23, 0x6C23, 0x6C23, 0x6C23, 0x6C23, 0x6C23, 0x6C23, 0x6C23, 0x6C23, 0x6C23, 0x6C23, 0x6C23, 0x6C23, 
  0x6C23, 0x6C23, 0x6C23, 0x6C23, 0x6C23, 0x6C23, 0x6C23, 0x6C23, 0x6C23, 0x6C23, 0x6C23, 0x6C23, 0x6C23, 0x6C23, 0x6C23, 0x6C23, 
  0x6C23, 0x6C23, 0x6C23, 0x6C23, 0x6C23, 0x6C23, 0x6C23, 0x6C23, 0x6C23, 0x6C23, 0x6C23, 0x6C23, 0x6C23, 0x6C23, 0x6C23, 0x6C23, 
  0x6C23, 0x6C23, 0x6C23, 0x6C23, 0x6C23, 0x6C23, 0x8B1B, 0x6C23, 0x6D33, 0x9053, 0xAF5A, 0x2D52, 0x4F62, 0xF592, 0x39AB, 0x3693, 
  0x8D4A, 0x8D4A, 0xCD52, 0x6C4A, 0x6C4A, 0x6B4A, 0x6C4A, 0x8C52, 0x6B4A, 0x4B42, 0x4B42, 0x6C4A, 0xAE4A, 0xCD52, 0x8C4A, 0xAD52, 
  0x6C4A, 0x6B4A, 0x6B4A, 0xAD4A, 0x8D4A, 0x8D4A, 0xAE52, 0x2C4A, 0xF69A, 0xDFF5, 0xDFFF, 0xBFFF, 0x9FED, 0xD48A, 0x6C4A, 0xAD4A, 
  0xD382, 0xDFE3, 0xBFDB, 0xDFE3, 0xDFE3, 0xDFE3, 0xFFE3, 0xFFEB, 0xDFEB, 0xBFE3, 0xDFE3, 0xDFE3, 0xDFEB, 0x5CC3, 0x7ABB, 0x9492, 
  0xF7AA, 0x1FEC, 0xFFEB, 0xDCCB, 0x738A, 0x306A, 0x17A3, 0xFDD3, 0x38AB, 0x4E62, 0xAE4A, 0xCF52, 0x6C4A, 0xAC4A, 0xAF4A, 0xCE4A, 
  0xAD4A, 0x6B4A, 0x4B4A, 0x6B4A, 0x6B42, 0x4B42, 0xF282, 0x9EDB, 0xFFF6, 0x1EE6, 0xDDCA, 0x1FEC, 0x39B3, 0x0A42, 0x8B4A, 0x4D52, 
  0x9CD3, 0x1FD3, 0xFFCA, 0xFFCA, 0xFECA, 0xBFEB, 0x58B3, 0xCB41, 0x9BC3, 0xDFEB, 0xDFDB, 0xDFEB, 0xDEE3, 0xB16A, 0xAD4A, 0xF05A, 
  0x1063, 0xAD52, 0x4B4A, 0x6B4A, 0x8C4A, 0x8C52, 0xAD52, 0x8D4A, 0x8E52, 0x6C4A, 0x6B42, 0x4942, 0x8C52, 0x8C52, 0x6B4A, 0x6B4A, 
  0x4B42, 0xAD52, 0x8C4A, 0xAD52, 0xAE52, 0x8D4A, 0xAD52, 0x8C4A, 0x4B42, 0x6C4A, 0x2B42, 0x4B4A, 0x6D4A, 0xCF52, 0xCF52, 0x8D4A, 
  0x2C42, 0x59B3, 0x37A3, 0x2B3A, 0x8C52, 0x6B4A, 0x6C4A, 0x8B42, 0x6B4A, 0xF05A, 0xAE52, 0x4B4A, 0xAD52, 0x6B4A, 0x4B4A, 0x8C42, 
  0xD37A, 0xDFE3, 0x1FEC, 0x37AB, 0x4D4A, 0xD052, 0x8C4A, 0x8B4A, 0x6A4A, 0x2A42, 0xB37A, 0x7ECB, 0x7ED3, 0x537A, 0xB492, 0x1FE4, 
  0xBFEB, 0x5FDB, 0x9EC2, 0xBEDC, 0xDFFE, 0xD793, 0x4C2B, 0x6C23, 0x6C1B, 0x6C23, 0x6C23, 0x6C23, 0x6C23, 0x6C23, 0x6C23, 0x6C23, 
  0x6C23, 0x6C23, 0x6C23, 0x6C23, 0x6C23, 0x6C23, 0x6C23, 0x6C23, 0x6C23, 0x6C23, 0x6C23, 0x6C23, 0x6C23, 0x6C23, 0x6C23, 0x6C23, 
  0x6C23, 0x6C23, 0x6C23, 0x6C23, 0x6C23, 0x6C23, 0x6C23, 0x6C23, 0x6C23, 0x6C23, 0x6C23, 0x6C23, 0x6C23, 0x6C23, 0x6C23, 0x6C23, 
  0x6C23, 0x6C23, 0x6C23, 0x6C23, 0x6C23, 0x6C23, 0x6C23, 0x6C23, 0x6C23, 0x6C23, 0x6C23, 0x6C23, 0x6C23, 0x6C23, 0x6C23, 0x6C23, 
  0x6C23, 0x6C23, 0x6C23, 0x6C23, 0x6C23, 0x6C23, 0x6C23, 0x6C23, 0x4C23, 0x6D2B, 0x8F43, 0x515B, 0xCF5A, 0x4B42, 0x2C42, 0x8E52, 
  0xAD52, 0x8C4A, 0x8B42, 0x8B4A, 0x6C4A, 0x8C4A, 0x8C4A, 0x8D4A, 0x8C4A, 0x8B4A, 0x6C4A, 0xCF52, 0xAE52, 0x6A42, 0x4B42, 0xAF52, 
  0xCE52, 0x6B4A, 0xAD52, 0xAC4A, 0x6C4A, 0x4B42, 0x6A4A, 0x4942, 0x6E5A, 0xF8A2, 0x39C4, 0x19BC, 0x958A, 0x2C4A, 0x8C4A, 0x4B4A, 
  0x16A3, 0x5FDB, 0x7FD3, 0xFFE3, 0xBFE3, 0xBFE3, 0xBFE3, 0xBFE3, 0xBFE3, 0xBFE3, 0xBFEB, 0xBFEB, 0xBFE3, 0x1FEC, 0x19B3, 0xB69A, 
  0x1FFC, 0xFEE3, 0xF892, 0x106A, 0xD592, 0xFED3, 0xBAC3, 0x706A, 0x4B42, 0xCC4A, 0x8D52, 0x6D52, 0x8C4A, 0x8C4A, 0x6C42, 0xEF52, 
  0x8D4A, 0x6C4A, 0x6C4A, 0x6B4A, 0x4A42, 0x8C4A, 0x8F6A, 0x7ED3, 0xDEE5, 0xDFF6, 0xFEC2, 0xDFEB, 0xBDD3, 0x2D52, 0x4B42, 0x6B4A, 
  0x37AB, 0x7FE3, 0xDFC2, 0x1FD3, 0xFFCA, 0x1EC3, 0x1FEC, 0x9382, 0x727A, 0x1FEC, 0xBFEB, 0xDFE3, 0xFFEB, 0x39B3, 0x2D4A, 0xAD4A, 
  0xD05A, 0x4C4A, 0x6C4A, 0x6B4A, 0x6C4A, 0x8C4A, 0x8D4A, 0xAF4A, 0xAD52, 0xAD52, 0x8D4A, 0x4A42, 0x6B4A, 0x4A42, 0x0942, 0x0942, 
  0x8C52, 0xCE52, 0x6C4A, 0x6B4A, 0x4A42, 0x6B42, 0xAD52, 0x8C4A, 0x4A42, 0xAC52, 0xAC52, 0xAD52, 0xAD52, 0xCE4A, 0xCE52, 0xAD52, 
  0x2B42, 0x38AB, 0xBCCB, 0x4D4A, 0x4A42, 0x4A42, 0x4A42, 0x4C4A, 0x6E5A, 0xCD52, 0x4C42, 0xAD52, 0x8D4A, 0x4A42, 0xCE5A, 0xCE4A, 
  0xF482, 0xFFE3, 0xDFE3, 0x1EE4, 0x727A, 0x6B4A, 0x4B42, 0x2A42, 0x4B4A, 0x2A4A, 0x2942, 0x4F62, 0x3CBB, 0x9FCB, 0x5282, 0xF6AA, 
  0xFFEB, 0xBFEB, 0x1FCB, 0x3EC3, 0x1EEE, 0x9DCC, 0xD04B, 0x4B1B, 0x6C23, 0x6C23, 0x6C23, 0x6C23, 0x6C23, 0x6C23, 0x6C23, 0x6C23, 
  0x6C23, 0x6C23, 0x6C23, 0x6C23, 0x6C23, 0x6C23, 0x6C23, 0x6C23, 0x6C23, 0x6C23, 0x6C23, 0x6C23, 0x6C23, 0x6C23, 0x6C23, 0x6C23, 
  0x6C23, 0x6C23, 0x6C23, 0x6C23, 0x6C23, 0x6C23, 0x6C23, 0x6C23, 0x6C23, 0x6C23, 0x6C23, 0x6C23, 0x6C23, 0x6C23, 0x6C23, 0x6C23, 
  0x6C23, 0x6C23, 0x6C23, 0x6C23, 0x6C23, 0x6C23, 0x6C23, 0x6C23, 0x6C23, 0x6C23, 0x6C23, 0x6C23, 0x6C23, 0x6C23, 0x6C23, 0x6C23, 
  0x6C23, 0x6C23, 0x6C23, 0x6C23, 0x6C23, 0x6C23, 0x6C23, 0x6C23, 0x6C23, 0x6C23, 0x6B1B, 0x6C2B, 0xB153, 0x5163, 0xAE52, 0xAC4A, 
  0x8C4A, 0x6C4A, 0x4B42, 0x6C4A, 0x6B42, 0x8C4A, 0x8D4A, 0x6B42, 0x8C4A, 0xAC4A, 0x8D4A, 0xAE52, 0x8C4A, 0x6C42, 0x8D4A, 0x4C4A, 
  0x8C4A, 0x8D52, 0x6C4A, 0x6C42, 0x8D4A, 0x0F5B, 0x6B4A, 0x4B42, 0xAD42, 0x6C4A, 0x4E62, 0x2D5A, 0x4B42, 0x8C4A, 0x6C4A, 0x4C4A, 
  0x7AC3, 0xFFDA, 0x5FD3, 0xDFE3, 0xBFE3, 0xBFEB, 0xBFEB, 0xBFEB, 0xBFE3, 0xDFE3, 0xDFE3, 0xBFEB, 0xFFDB, 0xBFEB, 0x1BC3, 0xDFE3, 
  0xBDD3, 0x737A, 0xB68A, 0xDEDB, 0x3EDC, 0xD382, 0x0C4A, 0x8C42, 0x8C42, 0x8D52, 0x8C52, 0x8C4A, 0x4B42, 0x8C4A, 0x6C4A, 0xCF52, 
  0xCE52, 0x8D4A, 0xAD52, 0x8C4A, 0x6B42, 0x6C4A, 0x4E5A, 0x7DCB, 0xBEDC, 0xFFF6, 0x1EC3, 0x9FE3, 0xFFE3, 0xD382, 0x4A42, 0x8C4A, 
  0xF37A, 0xBFE3, 0xDFCA, 0x3FD3, 0x9FDB, 0xDFC2, 0x3ED3, 0xDEE3, 0x5172, 0x9AC3, 0xBFEB, 0xBFE3, 0xFFE3, 0xBFEB, 0xB27A, 0xAC42, 
  0x8E4A, 0x8D52, 0xCD52, 0x8C4A, 0x4B4A, 0x4B42, 0xAD52, 0xF052, 0xAD52, 0x6C4A, 0x8C4A, 0x8C4A, 0x4A4A, 0x0842, 0x2842, 0x0942, 
  0x2A42, 0x4B42, 0x8C52, 0x8B4A, 0x2942, 0x8B4A, 0x8C4A, 0x6B4A, 0x8B4A, 0x6C4A, 0x6C4A, 0x6C4A, 0x8C4A, 0xCE52, 0x6D4A, 0x8C52, 
  0x2A3A, 0x16A3, 0xFFEB, 0x6F62, 0x6A42, 0x8C52, 0x493A, 0x8F72, 0xF48A, 0x293A, 0x6B4A, 0xCD52, 0x8D4A, 0x4B42, 0x8C4A, 0x6C4A, 
  0xF58A, 0xFFEB, 0x9EDB, 0xFFEB, 0x7ABB, 0x0A42, 0x4A42, 0x8C52, 0x8B4A, 0x0942, 0x6A4A, 0x4B42, 0x9062, 0x3BAB, 0x9FD3, 0xB7A2, 
  0x3ABB, 0xFFEB, 0xBFDB, 0xFFC2, 0xDDD3, 0xFFD3, 0xD36B, 0x4B1B, 0x6C23, 0x6C23, 0x6C23, 0x6C23, 0x6C23, 0x6C23, 0x6C23, 0x6C23, 
  0x6C23, 0x6C23, 0x6C23, 0x6C23, 0x6C23, 0x6C23, 0x6C23, 0x6C23, 0x6C23, 0x6C23, 0x6C23, 0x6C23, 0x6C23, 0x6C23, 0x6C23, 0x6C23, 
  0x6C23, 0x6C23, 0x6C23, 0x6C23, 0x6C23, 0x6C23, 0x6C23, 0x6C23, 0x6C23, 0x6C23, 0x6C23, 0x6C23, 0x6C23, 0x6C23, 0x6C23, 0x6C23, 
  0x6C23, 0x6C23, 0x6C23, 0x6C23, 0x6C23, 0x6C23, 0x6C23, 0x6C23, 0x6C23, 0x6C23, 0x6C23, 0x6C23, 0x6C23, 0x6C23, 0x6C23, 0x6C23, 
  0x6C23, 0x6C23, 0x6C23, 0x6C23, 0x6C23, 0x6C23, 0x6C23, 0x6C23, 0x8C1B, 0x8C23, 0x6C23, 0x6C1B, 0x4B1B, 0x4D2B, 0x8F3B, 0xEE42, 
  0xCF5A, 0x8D4A, 0x6B4A, 0x4B4A, 0x6C4A, 0xAD4A, 0xCE52, 0x8C4A, 0x8C4A, 0xAD4A, 0xCF52, 0xAE52, 0xAD52, 0xCE52, 0xAD52, 0xAD52, 
  0x8D4A, 0x8C4A, 0x6B42, 0xAD4A, 0x6C42, 0xCE52, 0xAF52, 0x6C42, 0xAE52, 0x8B4A, 0x4A4A, 0x2942, 0x4B4A, 0x8C4A, 0xAC4A, 0x6F5A, 
  0x9DD3, 0xFEC2, 0x3ED3, 0xBFEB, 0xDFE3, 0xDFE3, 0xDFE3, 0xBFE3, 0xDFE3, 0xDFE3, 0xDFE3, 0xDFE3, 0xDFE3, 0xBFEB, 0xBFEB, 0xBEDB, 
  0x7372, 0x59AB, 0xFEE3, 0x179B, 0x4E62, 0x4C4A, 0xAE4A, 0x8B4A, 0x6C4A, 0x4C4A, 0x6B42, 0xAD4A, 0xAD52, 0x6B4A, 0x8D4A, 0xAD4A, 
  0xCE52, 0xAE52, 0xAD52, 0x4B4A, 0x4B42, 0x6B4A, 0x8E5A, 0x7BC3, 0xFEDB, 0x9FF6, 0x9FCB, 0x9FDB, 0x1FF4, 0x17A3, 0x0A42, 0x8C42, 
  0x6F52, 0x9CCB, 0x3FD3, 0xFECA, 0xDFE3, 0x1FD3, 0xBFC2, 0x9FE3, 0x7AC3, 0xB592, 0xFFEB, 0xBFE3, 0xBFE3, 0xDFEB, 0x7AC3, 0x8E52, 
  0xCE52, 0xAD52, 0x6C4A, 0x4B42, 0x6B4A, 0x6B4A, 0x6C4A, 0x4C42, 0x6A42, 0x8C4A, 0x8C4A, 0x2A42, 0x2842, 0x4A4A, 0x2942, 0x2942, 
  0x494A, 0x2942, 0x6B4A, 0x8C4A, 0x8D52, 0x4B4A, 0x2A42, 0x8B4A, 0x8C4A, 0x4B42, 0xAD52, 0x8D4A, 0xAE52, 0x0F5B, 0x8D4A, 0x8D4A, 
  0x4A3A, 0xF58A, 0x1FF4, 0xD282, 0x4A42, 0x6C4A, 0x6A42, 0x707A, 0x9AB3, 0xE941, 0x6B4A, 0x4B42, 0x8C52, 0x8B4A, 0x8C4A, 0x4B42, 
  0xF592, 0xDFE3, 0xFECA, 0x9FE3, 0xFEE3, 0x4F6A, 0x493A, 0x8B4A, 0x6E52, 0xCF52, 0x8B4A, 0x6C4A, 0xAE52, 0x4E5A, 0x18A3, 0x5FDB, 
  0x5CCB, 0x1EDC, 0xDFE3, 0x7FD3, 0xBECA, 0x3FCB, 0xB683, 0x4A23, 0x6D1B, 0x6C23, 0x6C23, 0x6C23, 0x6C23, 0x6C23, 0x6C23, 0x6C23, 
  0x6C23, 0x6C23, 0x6C23, 0x6C23, 0x6C23, 0x6C23, 0x6C23, 0x6C23, 0x6C23, 0x6C23, 0x6C23, 0x6C23, 0x6C23, 0x6C23, 0x6C23, 0x6C23, 
  0x6C23, 0x6C23, 0x6C23, 0x6C23, 0x6C23, 0x6C23, 0x6C23, 0x6C23, 0x6C23, 0x6C23, 0x6C23, 0x6C23, 0x6C23, 0x6C23, 0x6C23, 0x6C23, 
  0x6C23, 0x6C23, 0x6C23, 0x6C23, 0x6C23, 0x6C23, 0x6C23, 0x6C23, 0x6C23, 0x6C23, 0x6C23, 0x6C23, 0x6C23, 0x6C23, 0x6C23, 0x6C23, 
  0x6C23, 0x6C23, 0x6C23, 0x6C23, 0x6C23, 0x6C23, 0x6C23, 0x6C1B, 0x6C23, 0x6C23, 0x6C23, 0x6C23, 0x8B23, 0x8A1B, 0x6B1B, 0x4C23, 
  0xAF43, 0x2F4B, 0xAE52, 0xAE5A, 0x8D4A, 0x4B42, 0x6B42, 0xCE52, 0xAD52, 0x8C4A, 0xCD52, 0xCF52, 0xCE52, 0xAD4A, 0x8D4A, 0x105B, 
  0x8D4A, 0x6B4A, 0x6C4A, 0xCE52, 0x4A42, 0x6B42, 0x6B4A, 0x4A4A, 0x8D52, 0x8D4A, 0x4A42, 0x6B4A, 0x6D4A, 0xAE5A, 0x6B42, 0x937A, 
  0xDED3, 0xBEE5, 0xBED3, 0xBFE3, 0xDFE3, 0xDFE3, 0xBFE3, 0xBFEB, 0xDFE3, 0xDFE3, 0xBFEB, 0xDFE3, 0xBFE3, 0xBFE3, 0x1FEC, 0xD8AA, 
  0x18AB, 0xDCCB, 0x6E62, 0x493A, 0x8C4A, 0xAD52, 0x8C52, 0x8D52, 0x8D52, 0x8D4A, 0x6C4A, 0x4A42, 0x4B42, 0x6B4A, 0x6C4A, 0x2A42, 
  0x6C4A, 0x8D52, 0x6C4A, 0x6B4A, 0xAC52, 0x6B4A, 0x2C42, 0x7ABB, 0xBFE3, 0x9DE5, 0x7ECB, 0x9FDB, 0xFFEB, 0x7BC3, 0x6E52, 0xEF52, 
  0x4D4A, 0x37A3, 0x9FE3, 0xDECA, 0xBFE3, 0xBFE3, 0xFFC2, 0xFECA, 0xDFEB, 0xDAB2, 0x9DD3, 0xDFE3, 0xBFE3, 0xDFE3, 0xFFEB, 0x9382, 
  0x6C4A, 0x8D52, 0x4B4A, 0x8C4A, 0x8C52, 0x4B4A, 0x4B4A, 0x4A4A, 0x0F63, 0xAD52, 0x2A42, 0x4A42, 0x2A42, 0x6B4A, 0x4A4A, 0x4942, 
  0x6A4A, 0x4A4A, 0x2A42, 0x8C4A, 0xAD52, 0x2A42, 0x2942, 0x4A42, 0x6C4A, 0xAD52, 0xAD52, 0x8D4A, 0x8C4A, 0x8D4A, 0xAD4A, 0x8C52, 
  0x6B42, 0xD37A, 0x1FF4, 0x17AB, 0x2D4A, 0x6C4A, 0x0842, 0x5072, 0xDED3, 0x4C52, 0x4A42, 0x6B4A, 0x6B4A, 0x4B42, 0x4A42, 0x2A42, 
  0x37A3, 0xBFE3, 0xDFC2, 0x3ED3, 0x1FEC, 0x17A3, 0x093A, 0x8B42, 0xB05A, 0xAF52, 0xAD4A, 0x8D52, 0x6B4A, 0x4942, 0x0A4A, 0xD59A, 
  0x7FD3, 0xBFD3, 0xDFE3, 0xDFE3, 0x3FCB, 0xDFCA, 0x9BB3, 0x6C2B, 0x6C23, 0x6C23, 0x6C23, 0x6C23, 0x6C23, 0x6C23, 0x6C23, 0x6C23, 
  0x6C23, 0x6C23, 0x6C23, 0x6C23, 0x6C23, 0x6C23, 0x6C23, 0x6C23, 0x6C23, 0x6C23, 0x6C23, 0x6C23, 0x6C23, 0x6C23, 0x6C23, 0x6C23, 
  0x6C23, 0x6C23, 0x6C23, 0x6C23, 0x6C23, 0x6C23, 0x6C23, 0x6C23, 0x6C23, 0x6C23, 0x6C23, 0x6C23, 0x6C23, 0x6C23, 0x6C23, 0x6C23, 
  0x6C23, 0x6C23, 0x6C23, 0x6C23, 0x6C23, 0x6C23, 0x6C23, 0x6C23, 0x6C23, 0x6C23, 0x6C23, 0x6C23, 0x6C23, 0x6C23, 0x6C23, 0x6C23, 
  0x6C23, 0x6C23, 0x6C23, 0x6C23, 0x6B23, 0x6C23, 0x6C23, 0x6C1B, 0x6C23, 0x6C23, 0x6C23, 0x6C23, 0x6C23, 0x6C23, 0x6C23, 0x6C23, 
  0x6B1B, 0x6C1B, 0x6E3B, 0xB05B, 0x1063, 0x8E5A, 0x4B4A, 0x2B42, 0xAD52, 0x8C4A, 0x6C4A, 0x8C4A, 0x8D4A, 0x105B, 0xAF52, 0x6C42, 
  0xAD4A, 0x8D4A, 0x8C4A, 0x8C4A, 0xAE52, 0x8C4A, 0x4B4A, 0x6C4A, 0xCE52, 0xCF52, 0xAE52, 0xD062, 0x6E52, 0xCD4A, 0x6B4A, 0xB592, 
  0x7EE4, 0xBFFF, 0x5ED4, 0xBFE3, 0xDFE3, 0xBFE3, 0xBFEB, 0xBFEB, 0xBFEB, 0xBFEB, 0xDFE3, 0xDFE3, 0xDFE3, 0xBFE3, 0x1EE4, 0xF8AA, 
  0x18AB, 0x0D52, 0x4B42, 0x6B4A, 0x6C4A, 0xAD52, 0x6D52, 0xF262, 0xD152, 0xEE4A, 0xED52, 0x4B4A, 0x6C4A, 0xAD52, 0x6B4A, 0x6B4A, 
  0x4B4A, 0x6C4A, 0x8C4A, 0x6B4A, 0x6C4A, 0x6B4A, 0x4C4A, 0x79BB, 0x9FE3, 0x5DDC, 0x5ECB, 0x9FDB, 0xDFEB, 0xDEDB, 0x8F5A, 0xD052, 
  0xCF52, 0xD37A, 0xFFE3, 0xFFCA, 0x7FE3, 0xFFEB, 0x5FCB, 0xBFCA, 0x5FDB, 0xDFE3, 0xBFE3, 0xBFEB, 0xBFE3, 0xDFE3, 0xDFEB, 0xBCCB, 
  0x4D5A, 0x6B4A, 0x4B4A, 0x4B42, 0x6C4A, 0x6C4A, 0x6B4A, 0x2A4A, 0xB483, 0x1063, 0x6C4A, 0x8C4A, 0x4B4A, 0xAC52, 0x4A42, 0x0942, 
  0x4A4A, 0x6C4A, 0x6B4A, 0x4A42, 0x2942, 0x4A42, 0x6C4A, 0x8C4A, 0x4A42, 0x6B4A, 0x4B42, 0x8C4A, 0x8C4A, 0x6C4A, 0x6B42, 0x2A4A, 
  0x8B4A, 0xF37A, 0xFFEB, 0x5BC3, 0xF372, 0x8C52, 0xE739, 0x9072, 0xFFE3, 0x6F6A, 0x4A42, 0x2A42, 0x8C52, 0x8D4A, 0x8B4A, 0x0A42, 
  0x18AB, 0x7FE3, 0xDFCA, 0xFEC2, 0x9FE3, 0xBDD3, 0x2C52, 0x8D4A, 0xAB42, 0x4A42, 0x0A42, 0x6B4A, 0x6B42, 0x2A42, 0x6C4A, 0x2B4A, 
  0xD492, 0x9FDB, 0xDEDB, 0xFEE3, 0xBFDB, 0xDECA, 0x7FC3, 0x904B, 0x6B1B, 0x6C23, 0x6C23, 0x6C23, 0x6C23, 0x6C23, 0x6C23, 0x6C23, 
  0x6C23, 0x6C23, 0x6C23, 0x6C23, 0x6C23, 0x6C23, 0x6C23, 0x6C23, 0x6C23, 0x6C23, 0x6C23, 0x6C23, 0x6C23, 0x6C23, 0x6C23, 0x6C23, 
  0x6C23, 0x6C23, 0x6C23, 0x6C23, 0x6C23, 0x6C23, 0x6C23, 0x6C23, 0x6C23, 0x6C23, 0x6C23, 0x6C23, 0x6C23, 0x6C23, 0x6C23, 0x6C23, 
  0x6C23, 0x6C23, 0x6C23, 0x6C23, 0x6C23, 0x6C23, 0x6C23, 0x6C23, 0x6C23, 0x6C23, 0x6C23, 0x6C23, 0x6C23, 0x6C23, 0x6C23, 0x6C23, 
  0x6C23, 0x6C23, 0x6C23, 0x6C23, 0x6C23, 0x6C23, 0x6C23, 0x6C23, 0x6C23, 0x6C23, 0x6C23, 0x6C23, 0x6C23, 0x6C23, 0x6C23, 0x6C23, 
  0x6C23, 0x6C23, 0x6B1B, 0x4C23, 0x8D3B, 0xD053, 0x5263, 0x1063, 0xAE5A, 0x4D52, 0x6D4A, 0x8C4A, 0xAD52, 0x105B, 0x1053, 0xAC42, 
  0x6B42, 0x8D4A, 0xAD4A, 0x8C4A, 0x6C4A, 0x8C42, 0x8D4A, 0x8D52, 0x4B4A, 0x8C42, 0x8D52, 0xAF62, 0x6B4A, 0x8B4A, 0x4B4A, 0x18AB, 
  0x9FED, 0x9FFF, 0xDDD3, 0x9FE3, 0xBFE3, 0xBFE3, 0xBFE3, 0xBFEB, 0xBFEB, 0xBFE3, 0xDFE3, 0xDFE3, 0xDFE3, 0xDFE3, 0xFFE3, 0x9DD3, 
  0x358A, 0x516A, 0x8E5A, 0xAD52, 0x6B4A, 0x2A42, 0xCD4A, 0xEF52, 0xAD4A, 0x6C42, 0x6A42, 0x6B4A, 0x6C42, 0x8C4A, 0x6B4A, 0x6B4A, 
  0x6A4A, 0x8B4A, 0x8C4A, 0x4A4A, 0x4A42, 0x4A42, 0x0942, 0x78B3, 0xDFEB, 0x1ECB, 0x1FCB, 0xBFE3, 0xBFE3, 0xFFEB, 0xD482, 0x4C4A, 
  0xCD52, 0xB15A, 0xDEDB, 0x3FD3, 0x5FDB, 0xDFEB, 0xBFE3, 0xFFCA, 0xFFCA, 0xBFE3, 0xDFE3, 0xBFE3, 0xDFE3, 0xDFE3, 0xDFE3, 0xFFEB, 
  0xF592, 0x6C4A, 0xAC4A, 0x8B4A, 0x4C4A, 0x8D4A, 0x8C4A, 0x6B4A, 0x6C4A, 0x6B4A, 0xCE52, 0x6D4A, 0x8D4A, 0x8C4A, 0x2942, 0x0942, 
  0x4B4A, 0x8C4A, 0xAC4A, 0x2A42, 0x2A42, 0x6B4A, 0x8C4A, 0x6B4A, 0x8C4A, 0x6B4A, 0x4A42, 0x4A4A, 0x4A4A, 0x6A42, 0x6A42, 0x2942, 
  0x4A42, 0xB06A, 0xDFE3, 0xBDD3, 0x4D52, 0x2A42, 0x073A, 0x707A, 0x1FE4, 0x917A, 0x2A42, 0x4A4A, 0x4A42, 0x6C52, 0xCC52, 0x0A42, 
  0x38AB, 0x9FDB, 0xFFC2, 0xDFCA, 0x3FD3, 0xFFE3, 0xB172, 0x2A42, 0x8C4A, 0x8C4A, 0x4C4A, 0x6B42, 0xED52, 0xEE52, 0x6B4A, 0x6B4A, 
  0xE941, 0x9282, 0x1DD4, 0xFFDB, 0xBFEB, 0x7ED3, 0x1FC3, 0x535B, 0x6A1B, 0x6C23, 0x6C23, 0x6C23, 0x6C23, 0x6C23, 0x6C23, 0x6C23, 
  0x6C23, 0x6C23, 0x6C23, 0x6C23, 0x6C23, 0x6C23, 0x6C23, 0x6C23, 0x6C23, 0x6C23, 0x6C23, 0x6C23, 0x6C23, 0x6C23, 0x6C23, 0x6C23, 
  0x6C23, 0x6C23, 0x6C23, 0x6C23, 0x6C23, 0x6C23, 0x6C23, 0x6C23, 0x6C23, 0x6C23, 0x6C23, 0x6C23, 0x6C23, 0x6C23, 0x6C23, 0x6C23, 
  0x6C23, 0x6C23, 0x6C23, 0x6C23, 0x6C23, 0x6C23, 0x6C23, 0x6C23, 0x6C23, 0x6C23, 0x6C23, 0x6C23, 0x6C23, 0x6C23, 0x6C23, 0x6C23, 
  0x6C23, 0x6C23, 0x6C23, 0x6C23, 0x6C23, 0x6C23, 0x6C23, 0x6C23, 0x6C23, 0x6C23, 0x6C23, 0x6C23, 0x6C23, 0x6C23, 0x6C23, 0x6C23, 
  0x6C23, 0x6C23, 0x6C23, 0x6C23, 0x4B23, 0x4B1B, 0x8C23, 0xAF3B, 0x4F4B, 0xB26B, 0x1163, 0xCF5A, 0x8E4A, 0xAF4A, 0xEF52, 0xAD52, 
  0x4A4A, 0x4B42, 0x6B4A, 0x4C4A, 0x4B42, 0x6B42, 0xCE52, 0xAD52, 0x6C4A, 0x8C42, 0x4B4A, 0x4B42, 0x4A42, 0x6B42, 0x4E5A, 0x5DD3, 
  0xFFF6, 0xDEEE, 0x1DD3, 0xDFE3, 0xBFE3, 0xBFEB, 0xBFE3, 0xBFE3, 0xDFE3, 0xBFE3, 0xBFE3, 0xBFE3, 0xBFE3, 0xBFE3, 0xBFE3, 0xDFEB, 
  0xBDDB, 0xF59A, 0x8F62, 0x2B42, 0x093A, 0x8C4A, 0x6C4A, 0xAD52, 0x8B4A, 0xAD4A, 0x8C4A, 0x2A4A, 0xAC52, 0x8D4A, 0x6B4A, 0x4B42, 
  0x2A42, 0x6B4A, 0x8C4A, 0x6B52, 0x4A42, 0x4B42, 0x4B4A, 0x79BB, 0xDFEB, 0x1FCB, 0x1FCB, 0xDFE3, 0xBFE3, 0xDFEB, 0x59B3, 0x4D4A, 
  0xCE4A, 0x8F5A, 0x3BC3, 0xBFE3, 0x7FDB, 0xDFEB, 0xBFE3, 0x3FD3, 0xDFCA, 0x5FD3, 0xDFE3, 0xDFE3, 0xDFE3, 0xDFE3, 0xDFE3, 0xFFE3, 
  0xDDD3, 0x4D5A, 0x8C42, 0x8C52, 0x6C4A, 0xAC4A, 0x4A42, 0x6C4A, 0x6C4A, 0x4A42, 0x6C4A, 0x8D4A, 0x8D52, 0x8D4A, 0xAC4A, 0x8B4A, 
  0x2A4A, 0x6B4A, 0x6B4A, 0x4A4A, 0xAC52, 0x4B42, 0x4A42, 0x4A42, 0xAB4A, 0x2A42, 0x2A42, 0x4A4A, 0x6A4A, 0x2B42, 0x4A42, 0x8B4A, 
  0x4A42, 0x4E5A, 0xBEDB, 0xDEDB, 0x6E5A, 0x8C52, 0x2942, 0x4D62, 0xFFE3, 0x927A, 0x4942, 0x8B4A, 0x8B42, 0x4C4A, 0x8C4A, 0x0A3A, 
  0x17A3, 0x9FDB, 0xFFC2, 0xFFCA, 0xFFCA, 0xDFEB, 0xD27A, 0x2942, 0x4A42, 0x6B4A, 0xCD52, 0x8D4A, 0x8D4A, 0x6C42, 0x4B42, 0x4942, 
  0x4942, 0x0A4A, 0x7272, 0xFFDB, 0xDFEB, 0xDFDB, 0x5FDB, 0x3783, 0x6B1B, 0x6C23, 0x6C23, 0x6C23, 0x6C23, 0x6C23, 0x6C23, 0x6C23, 
  0x6C23, 0x6C23, 0x6C23, 0x6C23, 0x6C23, 0x6C23, 0x6C23, 0x6C23, 0x6C23, 0x6C23, 0x6C23, 0x6C23, 0x6C23, 0x6C23, 0x6C23, 0x6C23, 
  0x6C23, 0x6C23, 0x6C23, 0x6C23, 0x6C23, 0x6C23, 0x6C23, 0x6C23, 0x6C23, 0x6C23, 0x6C23, 0x6C23, 0x6C23, 0x6C23, 0x6C23, 0x6C23, 
  0x6C23, 0x6C23, 0x6C23, 0x6C23, 0x6C23, 0x6C23, 0x6C23, 0x6C23, 0x6C23, 0x6C23, 0x6C23, 0x6C23, 0x6C23, 0x6C23, 0x6C23, 0x6C23, 
  0x6C23, 0x6C23, 0x6C23, 0x6C23, 0x6C23, 0x6C23, 0x6C23, 0x6C23, 0x6C23, 0x6C23, 0x6C23, 0x6C23, 0x6C23, 0x6C23, 0x6C23, 0x6C23, 
  0x6C23, 0x6C23, 0x6C23, 0x6C23, 0x6C23, 0x6C23, 0x4C23, 0x4B1B, 0x6B1B, 0x6D2B, 0x6E33, 0x6F43, 0x6F4B, 0x105B, 0xAE5A, 0x6C4A, 
  0x8C4A, 0x8C4A, 0x8C4A, 0xAC52, 0x8C4A, 0x8C4A, 0x6C4A, 0x4C4A, 0xAC4A, 0xCE4A, 0x8D52, 0xAC4A, 0x8B4A, 0x2B4A, 0xD69A, 0x3EE4, 
  0xBFFF, 0x3EEE, 0x9EDB, 0xDFE3, 0xDFE3, 0xBFE3, 0xBFE3, 0xDFEB, 0xBFE3, 0xBFE3, 0xBFEB, 0xBFE3, 0xDFE3, 0xBFE3, 0xDFE3, 0xBFE3, 
  0xDFEB, 0xFFEB, 0xBDDB, 0x58B3, 0xB172, 0x4B4A, 0x4A42, 0x6C4A, 0x4C4A, 0x4A42, 0xAD52, 0x8C4A, 0x8C4A, 0x6C4A, 0x8C4A, 0x8C4A, 
  0x6C4A, 0xEE5A, 0xCD52, 0x4B4A, 0x6C4A, 0xCE52, 0x2D52, 0x7AC3, 0xFFEB, 0x3FCB, 0x1FCB, 0xDFE3, 0xBFEB, 0xBFEB, 0xBDD3, 0xB062, 
  0xAD42, 0x4B42, 0x369B, 0xFFEB, 0xDFE3, 0xDFE3, 0xDFE3, 0x7FDB, 0xFFCA, 0xFECA, 0xBFE3, 0xDFE3, 0xDFE3, 0xDFE3, 0xBFE3, 0xBFE3, 
  0xFFEB, 0xD38A, 0x293A, 0x6C52, 0x6B42, 0xF05A, 0x6C4A, 0x6B4A, 0x4B4A, 0x6B4A, 0x6C4A, 0x6B4A, 0x6B4A, 0x4C4A, 0x6C42, 0x8B4A, 
  0x4A4A, 0x4B42, 0x2B42, 0x4A4A, 0x6B4A, 0x6B4A, 0x2A42, 0x4A42, 0x2942, 0x4A4A, 0xAC4A, 0x6B4A, 0x6A42, 0xB26A, 0x6C52, 0x8C4A, 
  0x4B4A, 0x4D5A, 0xDDD3, 0xDFE3, 0x4D62, 0x2942, 0x0A42, 0x0A4A, 0xDDD3, 0xF492, 0x4A3A, 0x6B4A, 0x6B42, 0x6D4A, 0x8C4A, 0x4A3A, 
  0xD38A, 0xBFDB, 0xFFC2, 0x1FC3, 0xFECA, 0xDFEB, 0xD272, 0x4A42, 0x4A42, 0x4B4A, 0x8C4A, 0x6C4A, 0x4B4A, 0x6B4A, 0x4B4A, 0x4A4A, 
  0x293A, 0x8A42, 0xAE52, 0xD48A, 0x9CD3, 0xDFE3, 0xDFE3, 0xFBBB, 0x6D2B, 0x6B1B, 0x6C23, 0x6C23, 0x6C23, 0x6C23, 0x6C23, 0x6C23, 
  0x6C23, 0x6C23, 0x6C23, 0x6C23, 0x6C23, 0x6C23, 0x6C23, 0x6C23, 0x6C23, 0x6C23, 0x6C23, 0x6C23, 0x6C23, 0x6C23, 0x6C23, 0x6C23, 
  0x6C23, 0x6C23, 0x6C23, 0x6C23, 0x6C23, 0x6C23, 0x6C23, 0x6C23, 0x6C23, 0x6C23, 0x6C23, 0x6C23, 0x6C23, 0x6C23, 0x6C23, 0x6C23, 
  0x6C23, 0x6C23, 0x6C23, 0x6C23, 0x6C23, 0x6C23, 0x6C23, 0x6C23, 0x6C23, 0x6C23, 0x6C23, 0x6C23, 0x6C23, 0x6C23, 0x6C23, 0x6C23, 
  0x6C23, 0x6C23, 0x6C23, 0x6C23, 0x6C23, 0x6C23, 0x6C23, 0x6C23, 0x6C23, 0x6C23, 0x6C23, 0x6C23, 0x6C23, 0x6C23, 0x6C23, 0x6C23, 
  0x6C23, 0x6C23, 0x6C23, 0x6C23, 0x6C23, 0x6C23, 0x6C23, 0x6C23, 0x6C23, 0x6C1B, 0x6B1B, 0x6B1B, 0x6C23, 0x6D2B, 0x4E43, 0x2F5B, 
  0x8E5A, 0x6D52, 0x8C4A, 0x8D4A, 0x8C52, 0x8C4A, 0x8D4A, 0xCF52, 0xD052, 0x6C4A, 0xAC52, 0xCD52, 0x8E4A, 0x158B, 0x9FE3, 0x5DE5, 
  0x9FFF, 0xDDCB, 0xBFDB, 0xDFE3, 0xBFE3, 0xBFE3, 0xBFE3, 0xDFE3, 0xDFE3, 0xBFE3, 0xBFE3, 0xDFE3, 0xDFE3, 0xFFE3, 0xBFE3, 0xBFE3, 
  0xBFEB, 0xBFE3, 0xDFE3, 0xFFEB, 0xFFEB, 0x18AB, 0x4D5A, 0x6A42, 0xAE52, 0x8C4A, 0x6C4A, 0xF05A, 0x8C4A, 0x6C4A, 0x8C4A, 0x4B4A, 
  0xEE5A, 0x6C4A, 0x4B42, 0x4A4A, 0xAC52, 0xAD4A, 0x4F62, 0xDCD3, 0xFFEB, 0x3FD3, 0x1FCB, 0xDFEB, 0xBFEB, 0xBFE3, 0xDFF3, 0x17A3, 
  0x706A, 0x6F5A, 0x368B, 0xDFEB, 0xBFEB, 0xDFE3, 0xDFE3, 0xBFE3, 0x1FCB, 0xDFC2, 0x7FD3, 0xDFE3, 0xDFE3, 0xDFE3, 0xBFE3, 0xBFE3, 
  0xDFEB, 0x9CCB, 0xEB51, 0x6D4A, 0x6B4A, 0x2942, 0x8B4A, 0x4B4A, 0x4B4A, 0x8C52, 0x8C52, 0x4B42, 0x6B42, 0xAF62, 0xAE5A, 0xAD5A, 
  0x6B42, 0x6A42, 0x4A42, 0x4A4A, 0x2A42, 0x6B4A, 0x6B4A, 0x6B4A, 0x4A42, 0x4B4A, 0x6C4A, 0x4B4A, 0x6B42, 0x347B, 0x4C52, 0x6B42, 
  0x6C4A, 0x0B4A, 0x9ABB, 0xFFEB, 0x6E6A, 0xE739, 0x6B4A, 0x093A, 0x78AB, 0xF38A, 0x6B42, 0x6B4A, 0x8C4A, 0x8D4A, 0x8C4A, 0x6A42, 
  0x0D5A, 0xBDD3, 0x5FD3, 0xDEC2, 0x5FD3, 0xDDD3, 0x4F5A, 0x4B42, 0x6B4A, 0x6B4A, 0x4A42, 0x0942, 0x4A4A, 0x8B4A, 0x2A42, 0x4B4A, 
  0x2A42, 0x8C4A, 0xAD4A, 0x093A, 0x7062, 0xBED3, 0xBFF3, 0x3DCC, 0x6F43, 0x6B1B, 0x6C23, 0x6C23, 0x6C23, 0x6C23, 0x6C23, 0x6C23, 
  0x6C23, 0x6C23, 0x6C23, 0x6C23, 0x6C23, 0x6C23, 0x6C23, 0x6C23, 0x6C23, 0x6C23, 0x6C23, 0x6C23, 0x6C23, 0x6C23, 0x6C23, 0x6C23, 
  0x6C23, 0x6C23, 0x6C23, 0x6C23, 0x6C23, 0x6C23, 0x6C23, 0x6C23, 0x6C23, 0x6C23, 0x6C23, 0x6C23, 0x6C23, 0x6C23, 0x6C23, 0x6C23, 
  0x6C23, 0x6C23, 0x6C23, 0x6C23, 0x6C23, 0x6C23, 0x6C23, 0x6C23, 0x6C23, 0x6C23, 0x6C23, 0x6C23, 0x6C23, 0x6C23, 0x6C23, 0x6C23, 
  0x6C23, 0x6C23, 0x6C23, 0x6C23, 0x6C23, 0x6C23, 0x6C23, 0x6C23, 0x6C23, 0x6C23, 0x6C23, 0x6C23, 0x6C23, 0x6C23, 0x6C23, 0x6C23, 
  0x6C23, 0x6C23, 0x6C23, 0x6C23, 0x6C23, 0x6C23, 0x6C23, 0x8B23, 0x8B1B, 0x6C23, 0x6C23, 0x4C23, 0x6C23, 0x6B1B, 0x6C1B, 0x8D2B, 
  0xB053, 0xEE4A, 0xAD4A, 0xAD4A, 0xAD52, 0x8C4A, 0x8D4A, 0x105B, 0x8C4A, 0xAE52, 0xAE4A, 0xAB4A, 0x4F62, 0xFDD3, 0x7FE3, 0x7FF6, 
  0xDEEE, 0x9EC2, 0x9FE3, 0xDFE3, 0xDFEB, 0xDFE3, 0xDFE3, 0xDFE3, 0xDFE3, 0xDFE3, 0xBFE3, 0xDFE3, 0x1EE4, 0x3FEC, 0xDFE3, 0xBFE3, 
  0xDFE3, 0xDFE3, 0xDFE3, 0xDFE3, 0xDEE3, 0x1FEC, 0x39BB, 0x0D52, 0xCD42, 0xAE52, 0x6D52, 0xAE4A, 0xCD52, 0x4B42, 0x6C4A, 0x6C4A, 
  0x8D4A, 0x6D4A, 0x6C4A, 0x6B4A, 0x8C4A, 0x4B3A, 0xD382, 0x1FE4, 0xDFEB, 0x5FDB, 0x3FD3, 0xDFE3, 0xBFE3, 0xBFE3, 0xDFEB, 0xBEE3, 
  0xBDE3, 0x7CD3, 0xBDC3, 0xDFE3, 0xBFE3, 0xDFE3, 0xDFE3, 0xDFE3, 0x3FD3, 0xDFC2, 0x1FCB, 0xBFE3, 0xBFE3, 0xBFE3, 0xBFE3, 0xDFE3, 
  0xBFE3, 0x1FEC, 0x149B, 0x2A42, 0x8D52, 0x8C4A, 0x6C4A, 0x6B4A, 0x6B4A, 0x4C42, 0x6B4A, 0x6B42, 0xAD4A, 0xF16A, 0x8D52, 0x4D5A, 
  0x6E62, 0x4942, 0x4A4A, 0x4A42, 0x2A42, 0x6B4A, 0x8C52, 0x6B4A, 0x6B4A, 0x4B4A, 0x4B42, 0xAC52, 0x8C4A, 0x126B, 0x8D52, 0x8C4A, 
  0xEE52, 0x2A42, 0x37A3, 0x1FEC, 0x4E62, 0x083A, 0x6A42, 0x6A4A, 0x906A, 0x6F62, 0x6C42, 0xCE52, 0xAD52, 0x8C4A, 0x6B4A, 0x8B4A, 
  0x0A42, 0xB282, 0xFED3, 0xBFE3, 0xFFE3, 0xF58A, 0x6C4A, 0xEE5A, 0x8C4A, 0x4B42, 0x6B4A, 0x4A42, 0xAC52, 0x8C4A, 0x6B4A, 0x4B4A, 
  0x4B4A, 0x6C4A, 0x6C4A, 0xAC4A, 0x6B42, 0xB27A, 0xDFE3, 0xFFE3, 0xB15B, 0x6B13, 0x6C23, 0x6C23, 0x6C23, 0x6C23, 0x6C23, 0x6C23, 
  0x6C23, 0x6C23, 0x6C23, 0x6C23, 0x6C23, 0x6C23, 0x6C23, 0x6C23, 0x6C23, 0x6C23, 0x6C23, 0x6C23, 0x6C23, 0x6C23, 0x6C23, 0x6C23, 
  0x6C23, 0x6C23, 0x6C23, 0x6C23, 0x6C23, 0x6C23, 0x6C23, 0x6C23, 0x6C23, 0x6C23, 0x6C23, 0x6C23, 0x6C23, 0x6C23, 0x6C23, 0x6C23, 
  0x6C23, 0x6C23, 0x6C23, 0x6C23, 0x6C23, 0x6C23, 0x6C23, 0x6C23, 0x6C23, 0x6C23, 0x6C23, 0x6C23, 0x6C23, 0x6C23, 0x6C23, 0x6C23, 
  0x6C23, 0x6C23, 0x6C23, 0x6C23, 0x6C23, 0x6C23, 0x6C23, 0x6C23, 0x6C23, 0x6C23, 0x6C23, 0x6C23, 0x6C23, 0x6C23, 0x6C23, 0x6C23, 
  0x6C23, 0x6C23, 0x6C23, 0x6C23, 0x6C23, 0x6C23, 0x6C23, 0x6C23, 0x6C23, 0x6C23, 0x6C23, 0x6C23, 0x6C23, 0x6C23, 0x6B23, 0x4C23, 
  0x6C1B, 0x6D2B, 0x2F53, 0xAE4A, 0xAE52, 0xCE52, 0x6D4A, 0xCF5A, 0xAD4A, 0xCD52, 0xAD52, 0x2A3A, 0xD58A, 0xFFF3, 0xBDD3, 0x3FFF, 
  0xDEE5, 0xBEC2, 0xBFDB, 0xBFEB, 0xBFEB, 0xDFE3, 0xDFE3, 0xDFE3, 0xDFE3, 0xDFE3, 0xBFE3, 0xBFE3, 0x1FEC, 0xDFE3, 0xBFE3, 0xBFEB, 
  0xDFEB, 0xDFE3, 0xDFE3, 0xDFE3, 0xDFE3, 0xBFE3, 0xFFEB, 0x9CC3, 0x9172, 0x4C4A, 0x4B4A, 0x4C4A, 0x4C4A, 0x8D4A, 0x8D4A, 0x8D4A, 
  0xAE52, 0x8E52, 0x6C42, 0x4B42, 0x2A42, 0x2A3A, 0xF592, 0xFFEB, 0xDFEB, 0x7FDB, 0x3FD3, 0xDFE3, 0xBFE3, 0xDFE3, 0xDFE3, 0xDFE3, 
  0xBFEB, 0xBFEB, 0xDFEB, 0xDFE3, 0xDFE3, 0xDFE3, 0xDFE3, 0xDFE3, 0x9FDB, 0xFFC2, 0xFFCA, 0x9FE3, 0xDFEB, 0xBFEB, 0xDFE3, 0xDFE3, 
  0xDFDB, 0xDFEB, 0x9BC3, 0x4C52, 0x8C4A, 0x8D4A, 0x8D4A, 0x8C4A, 0x8C4A, 0xAE52, 0x8C4A, 0x6C42, 0xAD52, 0x4C4A, 0x6A3A, 0x0D52, 
  0x77AB, 0x6D5A, 0x0A42, 0x2942, 0x4A4A, 0x6C4A, 0x4B42, 0x6C4A, 0x8C4A, 0x6B4A, 0x8B4A, 0x4A42, 0x4B4A, 0x6B42, 0x8D52, 0x6C4A, 
  0x6C42, 0x6A42, 0xD48A, 0xFFE3, 0x8F6A, 0x4B42, 0x8C4A, 0x4B4A, 0x4C4A, 0x4B4A, 0x6C42, 0xF05A, 0xCF5A, 0xAD52, 0x8C52, 0x8C4A, 
  0x8B4A, 0x8E4A, 0xD272, 0x3593, 0xD272, 0x8E4A, 0x6B4A, 0x6B4A, 0x4A42, 0x6B42, 0x8B4A, 0x4B42, 0x6B4A, 0x8C4A, 0x8C4A, 0x4A42, 
  0x8C4A, 0x6B4A, 0x4A42, 0x6D5A, 0xAE5A, 0x2B42, 0x37A3, 0x1FF4, 0xB373, 0x4B1B, 0x6C23, 0x6C23, 0x6C23, 0x6C23, 0x6C23, 0x6C23, 
  0x6C23, 0x6C23, 0x6C23, 0x6C23, 0x6C23, 0x6C23, 0x6C23, 0x6C23, 0x6C23, 0x6C23, 0x6C23, 0x6C23, 0x6C23, 0x6C23, 0x6C23, 0x6C23, 
  0x6C23, 0x6C23, 0x6C23, 0x6C23, 0x6C23, 0x6C23, 0x6C23, 0x6C23, 0x6C23, 0x6C23, 0x6C23, 0x6C23, 0x6C23, 0x6C23, 0x6C23, 0x6C23, 
  0x6C23, 0x6C23, 0x6C23, 0x6C23, 0x6C23, 0x6C23, 0x6C23, 0x6C23, 0x6C23, 0x6C23, 0x6C23, 0x6C23, 0x6C23, 0x6C23, 0x6C23, 0x6C23, 
  0x6C23, 0x6C23, 0x6C23, 0x6C23, 0x6C23, 0x6C23, 0x6C23, 0x6C23, 0x6C23, 0x6C23, 0x6C23, 0x6C23, 0x6C23, 0x6C23, 0x6C23, 0x6C23, 
  0x6C23, 0x6C23, 0x6C23, 0x6C23, 0x6C23, 0x6C23, 0x6C23, 0x6C23, 0x6C23, 0x6C23, 0x6C23, 0x6C23, 0x6C23, 0x6C23, 0x6C23, 0x6C23, 
  0x6C23, 0x6B23, 0x8C2B, 0xB153, 0x8E52, 0x8C42, 0xAD52, 0x8D52, 0x4B42, 0x8C4A, 0x8B4A, 0xAE5A, 0xDDCB, 0xDFEB, 0xDDD3, 0x7FFF, 
  0xDEE5, 0xBEBA, 0x5FD3, 0xBFEB, 0xBFEB, 0xDFE3, 0xDFE3, 0xBFE3, 0xDFE3, 0xDFE3, 0xDFE3, 0xDFE3, 0xBFE3, 0xBFE3, 0xBFE3, 0xBFE3, 
  0xDFEB, 0xBFE3, 0xDFE3, 0xBFE3, 0xBFEB, 0xBFE3, 0xBFE3, 0xFFEB, 0xDEDB, 0x7BC3, 0x59B3, 0xF7A2, 0x579B, 0x3693, 0xD48A, 0xD48A, 
  0xF48A, 0xB382, 0xB382, 0xD382, 0xF492, 0xD592, 0x9BCB, 0xDFE3, 0xDFE3, 0x9FDB, 0x3ED3, 0xDFE3, 0xBFE3, 0xBFE3, 0xBFE3, 0xBFE3, 
  0xBFE3, 0xBFE3, 0xBFE3, 0xBFEB, 0xDFE3, 0xDFE3, 0xBFE3, 0xBFEB, 0xDFE3, 0x3ECB, 0xDEC2, 0x5FDB, 0xDFEB, 0xBFEB, 0xBFEB, 0xBFE3, 
  0xDEE3, 0xDFE3, 0xDDD3, 0x4E62, 0x4B42, 0x6C4A, 0x8C4A, 0x6C4A, 0x8C4A, 0x8C4A, 0x6C4A, 0x8C4A, 0x6B42, 0xCE52, 0x8C4A, 0x0942, 
  0x99B3, 0x17A3, 0x4C4A, 0x8C4A, 0x6C4A, 0xAE4A, 0xEF52, 0x8D4A, 0x6B4A, 0x2A42, 0xAD52, 0xAC4A, 0x4A42, 0xAD4A, 0xEF52, 0xCD52, 
  0x4C4A, 0x4B42, 0x8F5A, 0xDCD3, 0x2D62, 0x6B4A, 0xCE52, 0x8D4A, 0x6B4A, 0x4A42, 0x2A42, 0x2B42, 0xAD52, 0x8D4A, 0x8D4A, 0x8C4A, 
  0x8B4A, 0xAC4A, 0x6D4A, 0xAF52, 0x8D4A, 0x2B42, 0x4A4A, 0x4942, 0x4B42, 0x8C4A, 0x6C4A, 0x4A42, 0x083A, 0x6B4A, 0xAD4A, 0x4B42, 
  0x4B4A, 0x4A42, 0x6B42, 0x4C4A, 0x2A4A, 0x0A42, 0x906A, 0xFFEB, 0x18A4, 0x4B23, 0x6C23, 0x6C23, 0x6C23, 0x6C23, 0x6C23, 0x6C23, 
  0x6C23, 0x6C23, 0x6C23, 0x6C23, 0x6C23, 0x6C23, 0x6C23, 0x6C23, 0x6C23, 0x6C23, 0x6C23, 0x6C23, 0x6C23, 0x6C23, 0x6C23, 0x6C23, 
  0x6C23, 0x6C23, 0x6C23, 0x6C23, 0x6C23, 0x6C23, 0x6C23, 0x6C23, 0x6C23, 0x6C23, 0x6C23, 0x6C23, 0x6C23, 0x6C23, 0x6C23, 0x6C23, 
  0x6C23, 0x6C23, 0x6C23, 0x6C23, 0x6C23, 0x6C23, 0x6C23, 0x6C23, 0x6C23, 0x6C23, 0x6C23, 0x6C23, 0x6C23, 0x6C23, 0x6C23, 0x6C23, 
  0x6C23, 0x6C23, 0x6C23, 0x6C23, 0x6C23, 0x6C23, 0x6C23, 0x6C23, 0x6C23, 0x6C23, 0x6C23, 0x6C23, 0x6C23, 0x6C23, 0x6C23, 0x6C23, 
  0x6C23, 0x6C23, 0x6C23, 0x6C23, 0x6C23, 0x6C23, 0x6C23, 0x6C23, 0x6C23, 0x6C23, 0x6C23, 0x6C23, 0x6C23, 0x6C23, 0x6C23, 0x6C23, 
  0x6C23, 0x6C23, 0x6C23, 0x4C23, 0x6F4B, 0x6D52, 0x8C42, 0x6C4A, 0x8D52, 0xCE52, 0x4B42, 0xD172, 0xFFEB, 0xDFE3, 0x9ED3, 0xDFF6, 
  0xFEF6, 0xFDC2, 0xFFD2, 0x9FE3, 0xBFEB, 0xBFE3, 0xDFE3, 0xDFE3, 0xDFE3, 0xDFE3, 0xDFE3, 0xDFE3, 0xDFE3, 0xDFEB, 0xBFE3, 0xDFE3, 
  0xDFE3, 0xBFE3, 0xBFE3, 0xBFE3, 0xBFE3, 0xBFE3, 0xBFEB, 0xBFE3, 0xBFE3, 0xFFEB, 0xFFE3, 0x1FE4, 0xFFEB, 0xDFEB, 0xDFEB, 0xDFEB, 
  0xDFEB, 0xDFEB, 0xDFEB, 0xDFEB, 0xFFEB, 0xFFEB, 0xDFE3, 0xBFE3, 0xBFE3, 0xBFE3, 0x9FDB, 0xDFE3, 0xBFE3, 0xBFE3, 0xDFE3, 0xBFE3, 
  0xBFE3, 0xBFE3, 0xBFEB, 0xBFE3, 0xDFE3, 0xBFE3, 0xBFEB, 0xBFEB, 0xDFEB, 0x9FE3, 0xFECA, 0x5FD3, 0xDFE3, 0xBFE3, 0xBFE3, 0xBFE3, 
  0xDFE3, 0xBFE3, 0xDEDB, 0xB172, 0xAC4A, 0x8D52, 0xEE52, 0x8C42, 0x6B52, 0x2B42, 0x6C42, 0x8C4A, 0xAC52, 0x6C52, 0x4B4A, 0x0A42, 
  0x99B3, 0x98BB, 0x4B42, 0xCD52, 0xAD4A, 0xCE5A, 0x8D52, 0x4B42, 0x4942, 0x4A42, 0x4C42, 0x8D4A, 0x6B42, 0xAC52, 0xAE4A, 0x6B42, 
  0x6A4A, 0x6C4A, 0x6C4A, 0x149B, 0x6E62, 0x8B4A, 0x6B4A, 0x8C4A, 0x8C4A, 0x4A4A, 0x6A4A, 0xAC4A, 0x8D4A, 0xAE52, 0x6D4A, 0xAE52, 
  0x4C4A, 0x6B4A, 0x4B4A, 0x8C52, 0x8C4A, 0x6B42, 0xAD4A, 0x6C4A, 0x6C4A, 0x8C52, 0x8C4A, 0xED5A, 0x2A42, 0x4A4A, 0x4A42, 0xE939, 
  0x0A52, 0x4B52, 0x4B42, 0xEF5A, 0x6C4A, 0x2942, 0x6B42, 0x59BB, 0x1BB4, 0x2C23, 0x6C23, 0x6C23, 0x6C23, 0x6C23, 0x6C23, 0x6C23, 
  0x6C23, 0x6C23, 0x6C23, 0x6C23, 0x6C23, 0x6C23, 0x6C23, 0x6C23, 0x6C23, 0x6C23, 0x6C23, 0x6C23, 0x6C23, 0x6C23, 0x6C23, 0x6C23, 
  0x6C23, 0x6C23, 0x6C23, 0x6C23, 0x6C23, 0x6C23, 0x6C23, 0x6C23, 0x6C23, 0x6C23, 0x6C23, 0x6C23, 0x6C23, 0x6C23, 0x6C23, 0x6C23, 
  0x6C23, 0x6C23, 0x6C23, 0x6C23, 0x6C23, 0x6C23, 0x6C23, 0x6C23, 0x6C23, 0x6C23, 0x6C23, 0x6C23, 0x6C23, 0x6C23, 0x6C23, 0x6C23, 
  0x6C23, 0x6C23, 0x6C23, 0x6C23, 0x6C23, 0x6C23, 0x6C23, 0x6C23, 0x6C23, 0x6C23, 0x6C23, 0x6C23, 0x6C23, 0x6C23, 0x6C23, 0x6C23, 
  0x6C23, 0x6C23, 0x6C23, 0x6C23, 0x6C23, 0x6C23, 0x6C23, 0x6C23, 0x6C23, 0x6C23, 0x6C23, 0x6C23, 0x6C23, 0x6C23, 0x6C23, 0x6C23, 
  0x6C23, 0x6C23, 0x6C23, 0x6B23, 0x6C23, 0xB263, 0x8E5A, 0x4B42, 0xCF52, 0xD05A, 0x8E52, 0x169B, 0xDFF3, 0xDFEB, 0x7FE3, 0x5EE5, 
  0xFFFF, 0x7EDC, 0xDED2, 0x5ED3, 0xDFE3, 0xBFE3, 0xDFE3, 0xDFE3, 0xDFE3, 0xBFE3, 0xDFE3, 0xDFE3, 0xDFE3, 0xDFE3, 0xDFE3, 0xDFE3, 
  0xDFE3, 0xDFE3, 0xDFE3, 0xBFE3, 0xBFE3, 0xBFE3, 0xBFE3, 0xBFE3, 0xBFE3, 0xBFE3, 0x9FDB, 0xBFE3, 0xDFE3, 0xDFE3, 0xBFE3, 0xBFE3, 
  0xDFE3, 0xDFE3, 0xBFE3, 0xBFE3, 0xDFE3, 0xDFE3, 0xBFE3, 0xBFE3, 0xBFEB, 0xBFE3, 0xDFE3, 0xDFE3, 0xDFE3, 0xDFE3, 0xDFE3, 0xDFE3, 
  0xDFE3, 0xBFEB, 0xBFEB, 0xBFEB, 0xBFEB, 0xBFEB, 0xBFE3, 0xDFE3, 0xDFE3, 0xDFEB, 0x9FE3, 0xBFDB, 0xDFE3, 0xDFE3, 0xDFE3, 0xDFE3, 
  0xDFE3, 0xBFE3, 0xDFE3, 0x9272, 0xAD42, 0x4C42, 0x4B4A, 0x4B4A, 0x6C4A, 0xAD52, 0x6B4A, 0x4B42, 0x6B4A, 0x4B4A, 0x4A3A, 0x4F6A, 
  0x1FE4, 0x16A3, 0x2A4A, 0xAD42, 0x2A42, 0xAD52, 0x8C4A, 0x4A42, 0x8B42, 0x8C4A, 0xAD52, 0xAD52, 0x2A42, 0x4B4A, 0x6C4A, 0x4B4A, 
  0x6A42, 0x2A42, 0x6C52, 0x2D52, 0x4B52, 0x4A42, 0x4B4A, 0x4B42, 0x6A42, 0x4A42, 0xAD52, 0xAD4A, 0xCE52, 0xCE52, 0xCF52, 0xEF5A, 
  0x4C4A, 0x0A42, 0x8B52, 0x4A42, 0x4A42, 0x2942, 0x4A4A, 0x4A42, 0x6A42, 0x4A3A, 0x4A42, 0x6D4A, 0x2D52, 0x7062, 0xB382, 0x36AB, 
  0x55A3, 0x4D5A, 0x4A42, 0x0B42, 0xB27A, 0x4B52, 0x4A4A, 0x4E62, 0x9483, 0x4D2B, 0x6C23, 0x6C23, 0x6C23, 0x6C23, 0x6C23, 0x6C23, 
  0x6C23, 0x6C23, 0x6C23, 0x6C23, 0x6C23, 0x6C23, 0x6C23, 0x6C23, 0x6C23, 0x6C23, 0x6C23, 0x6C23, 0x6C23, 0x6C23, 0x6C23, 0x6C23, 
  0x6C23, 0x6C23, 0x6C23, 0x6C23, 0x6C23, 0x6C23, 0x6C23, 0x6C23, 0x6C23, 0x6C23, 0x6C23, 0x6C23, 0x6C23, 0x6C23, 0x6C23, 0x6C23, 
  0x6C23, 0x6C23, 0x6C23, 0x6C23, 0x6C23, 0x6C23, 0x6C23, 0x6C23, 0x6C23, 0x6C23, 0x6C23, 0x6C23, 0x6C23, 0x6C23, 0x6C23, 0x6C23, 
  0x6C23, 0x6C23, 0x6C23, 0x6C23, 0x6C23, 0x6C23, 0x6C23, 0x6C23, 0x6C23, 0x6C23, 0x6C23, 0x6C23, 0x6C23, 0x6C23, 0x6C23, 0x6C23, 
  0x6C23, 0x6C23, 0x6C23, 0x6C23, 0x6C23, 0x6C23, 0x6C23, 0x6C23, 0x6C23, 0x6C23, 0x6C23, 0x6C23, 0x6C23, 0x6C23, 0x6C23, 0x6C23, 
  0x6C23, 0x6C23, 0x6C23, 0x6C23, 0x6C1B, 0x6E33, 0x1063, 0xAE52, 0xCF4A, 0xAF52, 0xB05A, 0x7BBB, 0xBFF3, 0xDFE3, 0xBFEB, 0x9DDB, 
  0xFEF6, 0x7FFF, 0xDDD3, 0x1ECB, 0x5FD3, 0xDFE3, 0xBFE3, 0xDFE3, 0xDFE3, 0xBFE3, 0xDFE3, 0xDFE3, 0xDFE3, 0xDFE3, 0xDFE3, 0xDFE3, 
  0xDFE3, 0xDFE3, 0xDFE3, 0xDFE3, 0xBFE3, 0xBFE3, 0xDFE3, 0xDFE3, 0xDFE3, 0xDFE3, 0xDFE3, 0xBFE3, 0xDFE3, 0xDFE3, 0xBFE3, 0xBFE3, 
  0xDFEB, 0xDFE3, 0xBFE3, 0xBFE3, 0xBFE3, 0xDFE3, 0xDFE3, 0xDFE3, 0xDFEB, 0xBFE3, 0xBFE3, 0xDFE3, 0xDFE3, 0xDFE3, 0xDFE3, 0xDFE3, 
  0xBFE3, 0xBFEB, 0xBFEB, 0xBFE3, 0xBFEB, 0xBFEB, 0xDFE3, 0xDFE3, 0xDFE3, 0xBFE3, 0xDFEB, 0xDFE3, 0xBFE3, 0xBFE3, 0xBFE3, 0xBFE3, 
  0xDFE3, 0xDFE3, 0xFFEB, 0xF69A, 0x6D4A, 0xCD52, 0x8C4A, 0xAD52, 0xAD4A, 0x105B, 0x8E52, 0x4A42, 0x493A, 0x4C4A, 0xB172, 0xFED3, 
  0xBDDB, 0x2F5A, 0x6B42, 0xAC4A, 0x8C4A, 0x8C4A, 0xAD4A, 0xCE52, 0x6C4A, 0x8D4A, 0x6C4A, 0x6A4A, 0x4A42, 0x6B4A, 0x6C4A, 0x4B4A, 
  0x6D4A, 0x4A4A, 0x4B4A, 0xAE4A, 0x4A42, 0x4A42, 0x4A42, 0x8B4A, 0x8C4A, 0xAC4A, 0x4B4A, 0x6C4A, 0x6C4A, 0x8C4A, 0x8C4A, 0x8C4A, 
  0xAC4A, 0x6B42, 0x6B4A, 0x4B4A, 0x4A42, 0x4942, 0x293A, 0xEA41, 0x0B4A, 0x4D5A, 0xB282, 0x18AB, 0x9CCB, 0xDCD3, 0xBBC3, 0x3693, 
  0x4E52, 0x2C4A, 0x6D52, 0x7182, 0xFCD3, 0x7062, 0x8D4A, 0x2C4A, 0x0E4B, 0x6C2B, 0x6C23, 0x6C23, 0x6C23, 0x6C23, 0x6C23, 0x6C23, 
  0x6C23, 0x6C23, 0x6C23, 0x6C23, 0x6C23, 0x6C23, 0x6C23, 0x6C23, 0x6C23, 0x6C23, 0x6C23, 0x6C23, 0x6C23, 0x6C23, 0x6C23, 0x6C23, 
  0x6C23, 0x6C23, 0x6C23, 0x6C23, 0x6C23, 0x6C23, 0x6C23, 0x6C23, 0x6C23, 0x6C23, 0x6C23, 0x6C23, 0x6C23, 0x6C23, 0x6C23, 0x6C23, 
  0x6C23, 0x6C23, 0x6C23, 0x6C23, 0x6C23, 0x6C23, 0x6C23, 0x6C23, 0x6C23, 0x6C23, 0x6C23, 0x6C23, 0x6C23, 0x6C23, 0x6C23, 0x6C23, 
  0x6C23, 0x6C23, 0x6C23, 0x6C23, 0x6C23, 0x6C23, 0x6C23, 0x6C23, 0x6C23, 0x6C23, 0x6C23, 0x6C23, 0x6C23, 0x6C23, 0x6C23, 0x6C23, 
  0x6C23, 0x6C23, 0x6C23, 0x6C23, 0x6C23, 0x6C23, 0x6C23, 0x6C23, 0x6C23, 0x6C23, 0x6C23, 0x6C23, 0x6C23, 0x6C23, 0x6C23, 0x6C23, 
  0x6C23, 0x6C23, 0x6C23, 0x6C23, 0x6C23, 0x6B23, 0x6E3B, 0xF05A, 0xEF52, 0xAE52, 0x7062, 0xBEDB, 0xDFEB, 0xDFE3, 0xDFE3, 0x9EE3, 
  0xDDDB, 0x1FF7, 0x3FF7, 0xBDD3, 0xFECA, 0x7FDB, 0xDFE3, 0xDFE3, 0xDFE3, 0xDFE3, 0xDFE3, 0xDFE3, 0xDFE3, 0xDFE3, 0xDFE3, 0xDFE3, 
  0xDFE3, 0xDFE3, 0xDFE3, 0xDFE3, 0xBFE3, 0xBFE3, 0xDFE3, 0xDFE3, 0xDFE3, 0xDFE3, 0xBFE3, 0xBFE3, 0x1FEC, 0xDFE3, 0xBFEB, 0xBFEB, 
  0xBFEB, 0xBFE3, 0xDFE3, 0xBFE3, 0xDFE3, 0xDFE3, 0xDFE3, 0xDFE3, 0xBFE3, 0xDFEB, 0xBFE3, 0xDFE3, 0xDFE3, 0xDFE3, 0xDFE3, 0xDFE3, 
  0xBFEB, 0xBFEB, 0xBFEB, 0xDFE3, 0xBFE3, 0xBFE3, 0xDFE3, 0xDFE3, 0xDFE3, 0xDFE3, 0xBFE3, 0xBFEB, 0xBFEB, 0xBFE3, 0xBFE3, 0xBFE3, 
  0xDFE3, 0xDFE3, 0xDFEB, 0xBCCB, 0x2E5A, 0x6C4A, 0xEF52, 0xAE4A, 0x8D4A, 0x6C42, 0x6D4A, 0x9062, 0x158B, 0x9BC3, 0xFFE3, 0x9AC3, 
  0x6E6A, 0x093A, 0x6A42, 0x6B52, 0x4C4A, 0xB162, 0xB172, 0x6D4A, 0x8D4A, 0x8D52, 0xCF5A, 0xD15A, 0xD05A, 0x8D4A, 0xAB4A, 0xCE52, 
  0xCF52, 0x8C4A, 0x6C42, 0xAE52, 0x6B4A, 0x8B4A, 0xCE52, 0x6C4A, 0x4B42, 0x6B4A, 0x6C4A, 0x8C4A, 0x6B4A, 0x6B4A, 0x6A4A, 0x6B4A, 
  0x2A42, 0x2942, 0xC839, 0x0A4A, 0x0C52, 0x706A, 0xF482, 0x57A3, 0xBBCB, 0xDEE3, 0xDEDB, 0x9ABB, 0xF48A, 0x2E5A, 0xCA41, 0x0B42, 
  0x916A, 0x179B, 0x9AC3, 0xFFEB, 0xBCCB, 0x4E52, 0xCE4A, 0x8F5A, 0x704B, 0x6C1B, 0x6C23, 0x6C23, 0x6C23, 0x6C23, 0x6C23, 0x6C23, 
  0x6C23, 0x6C23, 0x6C23, 0x6C23, 0x6C23, 0x6C23, 0x6C23, 0x6C23, 0x6C23, 0x6C23, 0x6C23, 0x6C23, 0x6C23, 0x6C23, 0x6C23, 0x6C23, 
  0x6C23, 0x6C23, 0x6C23, 0x6C23, 0x6C23, 0x6C23, 0x6C23, 0x6C23, 0x6C23, 0x6C23, 0x6C23, 0x6C23, 0x6C23, 0x6C23, 0x6C23, 0x6C23, 
  0x6C23, 0x6C23, 0x6C23, 0x6C23, 0x6C23, 0x6C23, 0x6C23, 0x6C23, 0x6C23, 0x6C23, 0x6C23, 0x6C23, 0x6C23, 0x6C23, 0x6C23, 0x6C23, 
  0x6C23, 0x6C23, 0x6C23, 0x6C23, 0x6C23, 0x6C23, 0x6C23, 0x6C23, 0x6C23, 0x6C23, 0x6C23, 0x6C23, 0x6C23, 0x6C23, 0x6C23, 0x6C23, 
  0x6C23, 0x6C23, 0x6C23, 0x6C23, 0x6C23, 0x6C23, 0x6C23, 0x6C23, 0x6C23, 0x6C23, 0x6C23, 0x6C23, 0x6C23, 0x6C23, 0x6C23, 0x6C23, 
  0x6C23, 0x6C23, 0x6C23, 0x6C23, 0x6C23, 0x8C1B, 0x4D23, 0x4F53, 0x8E52, 0x6B42, 0xD282, 0xDFEB, 0xBFE3, 0xDFE3, 0xDFE3, 0xDEE3, 
  0xBFE3, 0xFDD3, 0xFEF6, 0x3FF7, 0xBECB, 0xDECA, 0x7FDB, 0xDFE3, 0xDFE3, 0xDFE3, 0xDFE3, 0xDFE3, 0xDFE3, 0xDFE3, 0xDFE3, 0xDFE3, 
  0xDFE3, 0xDFE3, 0xBFE3, 0xBFE3, 0xBFE3, 0xBFEB, 0xBFE3, 0xDFE3, 0xBFEB, 0xBFEB, 0xBFEB, 0xBFE3, 0xDFE3, 0xDFE3, 0xDFE3, 0xBFE3, 
  0xDFE3, 0xBFE3, 0xBFE3, 0xDFE3, 0xDFE3, 0xBFEB, 0xBFEB, 0xBFEB, 0xBFE3, 0xBFE3, 0xBFE3, 0xDFE3, 0xDFE3, 0xBFE3, 0xDFE3, 0xBFE3, 
  0xBFEB, 0xBFEB, 0xBFE3, 0xDFE3, 0xDFE3, 0xBFEB, 0xBFEB, 0xBFEB, 0xDFEB, 0xBFE3, 0xBFE3, 0xDFE3, 0xDFE3, 0xDFE3, 0xDFE3, 0xDFE3, 
  0xDFE3, 0xBFE3, 0xBFE3, 0xFFEB, 0xF492, 0x6C42, 0xCF52, 0xAE52, 0x4D52, 0xB06A, 0x569B, 0x59B3, 0x7AC3, 0x36A3, 0xB06A, 0x2D52, 
  0x0A3A, 0xD06A, 0x6F62, 0xEA41, 0xD382, 0x99AB, 0x737A, 0x8E62, 0x4A42, 0x6B4A, 0xAD52, 0xAF5A, 0x6E4A, 0x4B42, 0x6A42, 0xAC4A, 
  0xAE52, 0xCE4A, 0x6C42, 0x6B4A, 0x4A42, 0x4A42, 0x8C4A, 0xAD4A, 0x4B42, 0x4A42, 0x2A42, 0x2A3A, 0x2A42, 0x0A42, 0x2C52, 0x2C52, 
  0x4E62, 0xB282, 0x169B, 0x7ABB, 0xDDD3, 0xFFE3, 0xDEDB, 0x9BC3, 0x369B, 0xB172, 0x6E5A, 0xA939, 0x2B4A, 0xB172, 0x37A3, 0x9CCB, 
  0xDFE3, 0xDFEB, 0xDFEB, 0x1FEC, 0xF48A, 0x0942, 0x4B4A, 0x1263, 0x8E3B, 0x6B1B, 0x6C23, 0x6C23, 0x6C23, 0x6C23, 0x6C23, 0x6C23, 
  0x6C23, 0x6C23, 0x6C23, 0x6C23, 0x6C23, 0x6C23, 0x6C23, 0x6C23, 0x6C23, 0x6C23, 0x6C23, 0x6C23, 0x6C23, 0x6C23, 0x6C23, 0x6C23, 
  0x6C23, 0x6C23, 0x6C23, 0x6C23, 0x6C23, 0x6C23, 0x6C23, 0x6C23, 0x6C23, 0x6C23, 0x6C23, 0x6C23, 0x6C23, 0x6C23, 0x6C23, 0x6C23, 
  0x6C23, 0x6C23, 0x6C23, 0x6C23, 0x6C23, 0x6C23, 0x6C23, 0x6C23, 0x6C23, 0x6C23, 0x6C23, 0x6C23, 0x6C23, 0x6C23, 0x6C23, 0x6C23, 
  0x6C23, 0x6C23, 0x6C23, 0x6C23, 0x6C23, 0x6C23, 0x6C23, 0x6C23, 0x6C23, 0x6C23, 0x6C23, 0x6C23, 0x6C23, 0x6C23, 0x6C23, 0x6C23, 
  0x6C23, 0x6C23, 0x6C23, 0x8C1B, 0x8C23, 0x6C23, 0x6C23, 0x6C23, 0x6C23, 0x6C23, 0x6C23, 0x6C23, 0x6C23, 0x6C23, 0x6C23, 0x6C23, 
  0x6C23, 0x6B1B, 0x6B1B, 0x6B1B, 0x4B1B, 0x6C1B, 0x6B1B, 0x8E3B, 0xF06A, 0x293A, 0xD38A, 0xFFF3, 0xFFEB, 0xFFEB, 0xFFEB, 0xDFEB, 
  0xFFEB, 0xBEE3, 0xBDD3, 0x9EEE, 0x3FFF, 0x7DC3, 0x9ECA, 0x5FDB, 0xDFDB, 0xDFE3, 0xDFE3, 0xDFEB, 0xDFE3, 0xDFE3, 0xDFE3, 0xDFE3, 
  0xDFE3, 0xBFE3, 0xBFE3, 0xDFE3, 0xDFE3, 0xBFE3, 0xBFE3, 0xDFE3, 0xBFE3, 0xDFE3, 0xDFE3, 0xBFE3, 0xDFE3, 0xBFE3, 0xBFE3, 0xBFEB, 
  0xDFEB, 0xBFE3, 0xBFE3, 0xBFEB, 0xBFE3, 0xDFE3, 0xDFE3, 0xDFE3, 0xDFE3, 0xBFE3, 0xBFE3, 0xBFEB, 0xBFE3, 0xDFE3, 0xDFE3, 0xDFE3, 
  0xDFE3, 0xDFE3, 0xDFE3, 0xBFEB, 0xDFE3, 0xDFE3, 0xBFE3, 0xDFE3, 0xBFE3, 0xDFE3, 0xBFE3, 0xDFE3, 0xDFE3, 0xDFE3, 0xDFE3, 0xBFE3, 
  0xBFEB, 0xBFEB, 0xDFDB, 0xDFEB, 0x9BC3, 0x8E4A, 0xAC4A, 0xAD52, 0x4C52, 0x6C52, 0x6D5A, 0x6D52, 0x0B42, 0x0A3A, 0x2A42, 0x916A, 
  0x779B, 0x148B, 0xEE61, 0x57AB, 0x99B3, 0x3282, 0x7ABB, 0x147B, 0x2A3A, 0x4A42, 0x2942, 0x4B42, 0x8D52, 0x1063, 0x4B4A, 0x6C4A, 
  0xAE52, 0x2C42, 0x0B4A, 0xEA49, 0x2B4A, 0x0C52, 0x4D52, 0x8F62, 0xD172, 0xB17A, 0xD382, 0x369B, 0x39AB, 0x5BC3, 0x9CD3, 0xFDDB, 
  0x3EDC, 0x1EDC, 0xDCCB, 0x59B3, 0xD592, 0xB06A, 0x6E52, 0x0B4A, 0x0B42, 0x6D5A, 0xB17A, 0x37A3, 0x9CCB, 0xFFE3, 0xFFEB, 0xBFEB, 
  0xBFEB, 0xFFEB, 0xFFE3, 0x369B, 0x2D52, 0x4B4A, 0x5063, 0xD04B, 0x6B1B, 0x6C23, 0x6C23, 0x6C23, 0x6C23, 0x6C23, 0x6C23, 0x6C23, 
  0x6C23, 0x6C23, 0x6C23, 0x6C23, 0x6C23, 0x6C23, 0x6C23, 0x6C23, 0x6C23, 0x6C23, 0x6C23, 0x6C23, 0x6C23, 0x6C23, 0x6C23, 0x6C23, 
  0x6C23, 0x6C23, 0x6C23, 0x6C23, 0x6C23, 0x6C23, 0x6C23, 0x6C23, 0x6C23, 0x6C23, 0x6C23, 0x6C23, 0x6C23, 0x6C23, 0x6C23, 0x6C23, 
  0x6C23, 0x6C23, 0x6C23, 0x6C23, 0x6C23, 0x6C23, 0x6C23, 0x6C23, 0x6C23, 0x6C23, 0x6C23, 0x6C23, 0x6C23, 0x6C23, 0x6C23, 0x6C23, 
  0x6C23, 0x6C23, 0x6C23, 0x6C23, 0x6C23, 0x6C23, 0x6C23, 0x6C23, 0x6C23, 0x6C23, 0x6C23, 0x6C23, 0x6C23, 0x6C23, 0x6C23, 0x6C23, 
  0x6C1B, 0x6C23, 0x6B23, 0x6B23, 0x6C23, 0x6C23, 0x8C23, 0x8B23, 0x8B23, 0x6B1B, 0x6B1B, 0x6C1B, 0x4B1B, 0x6B1B, 0x6C2B, 0x4C2B, 
  0x4D33, 0xAF43, 0xB043, 0xB043, 0xAF4B, 0x8E43, 0x8D2B, 0x6D23, 0xB253, 0x8E52, 0xEC49, 0x159B, 0x58B3, 0xD592, 0x59BB, 0x7CD3, 
  0x7CD3, 0xDFF3, 0xBFEB, 0x7DD3, 0x7EEE, 0x5FF7, 0xBECB, 0xBEC2, 0x1FCB, 0x3ED3, 0x7FDB, 0x7FDB, 0xBFE3, 0xDFE3, 0xDFE3, 0xBFE3, 
  0xDFE3, 0xBFE3, 0xBFE3, 0xDFE3, 0xDFE3, 0x9EDB, 0xBFE3, 0xDFE3, 0xDFE3, 0xDFE3, 0xDFE3, 0xDFE3, 0xDFE3, 0xBFE3, 0xBFE3, 0xBFE3, 
  0xBFE3, 0xDFE3, 0xBFEB, 0xBFE3, 0xDFE3, 0xDFE3, 0xDFE3, 0xDFE3, 0xDFE3, 0xDFE3, 0xDFE3, 0xDFE3, 0xDFE3, 0xDFE3, 0xDFE3, 0xBFEB, 
  0xBFE3, 0xDFE3, 0xDFE3, 0xDFE3, 0xBFE3, 0xBFE3, 0xBFE3, 0xBFE3, 0xBFE3, 0xBFE3, 0xBFE3, 0xDFE3, 0xDFE3, 0xBFEB, 0xBFEB, 0xBFEB, 
  0xDFE3, 0xDFE3, 0xDFDB, 0xFFEB, 0x9CC3, 0xB262, 0x1063, 0x8C4A, 0xEE4A, 0x8C42, 0x0A3A, 0x8E52, 0xB372, 0x1493, 0x78AB, 0x37AB, 
  0x9282, 0xD492, 0xBBC3, 0x39B3, 0x958A, 0xDEE3, 0x59B3, 0x8E4A, 0x8C4A, 0x8C4A, 0xAB4A, 0x8D52, 0xCE52, 0xAE52, 0x4A4A, 0x8B4A, 
  0x8E5A, 0x559B, 0x78B3, 0x7BC3, 0xDCCB, 0xFDD3, 0xDEDB, 0xBEDB, 0xDEE3, 0xFEDB, 0xFDD3, 0xDCCB, 0xBAC3, 0x78B3, 0x369B, 0xD382, 
  0x5072, 0x2E5A, 0x0B42, 0xE831, 0xE941, 0x0D5A, 0xB27A, 0x379B, 0x9BBB, 0x9ED3, 0x7FE3, 0x5FDB, 0x3FD3, 0x9FDB, 0xBFE3, 0xBFE3, 
  0xDFE3, 0x7CCB, 0x969A, 0x906A, 0x915B, 0x4E3B, 0x6D33, 0x4C23, 0x6C23, 0x6C23, 0x6C23, 0x6C23, 0x6C23, 0x6C23, 0x6C23, 0x6C23, 
  0x6C23, 0x6C23, 0x6C23, 0x6C23, 0x6C23, 0x6C23, 0x6C23, 0x6C23, 0x6C23, 0x6C23, 0x6C23, 0x6C23, 0x6C23, 0x6C23, 0x6C23, 0x6C23, 
  0x6C23, 0x6C23, 0x6C23, 0x6C23, 0x6C23, 0x6C23, 0x6C23, 0x6C23, 0x6C23, 0x6C23, 0x6C23, 0x6C23, 0x6C23, 0x6C23, 0x6C23, 0x6C23, 
  0x6C23, 0x6C23, 0x6C23, 0x6C23, 0x6C23, 0x6C23, 0x6C23, 0x6C23, 0x6C23, 0x6C23, 0x6C23, 0x6C23, 0x6C23, 0x6C23, 0x6C23, 0x6C23, 
  0x6C23, 0x6C23, 0x6C23, 0x6C23, 0x6C23, 0x6C23, 0x6C23, 0x6C23, 0x6C23, 0x6C23, 0x6C23, 0x6C23, 0x6C23, 0x6C23, 0x6C23, 0x6C23, 
  0x6C23, 0x6C23, 0x6C23, 0x6C23, 0x6D23, 0x6D23, 0x6C1B, 0x4B1B, 0x4B1B, 0x6E33, 0xB36B, 0xF793, 0xB793, 0xB89B, 0x1BB4, 0xFBB3, 
  0x1CC4, 0xFCC3, 0x5693, 0x3373, 0xD57B, 0x947B, 0x726B, 0x2E4B, 0x505B, 0xD162, 0xAC4A, 0x6A42, 0x6C42, 0x4B42, 0x8F52, 0xD162, 
  0x2E5A, 0x7AB3, 0xFFEB, 0xBFEB, 0x5DD3, 0x7FEE, 0xBFFF, 0x3DD4, 0x9EC2, 0xBFCA, 0xDFCA, 0xDFCA, 0xFFCA, 0x3FD3, 0xBFE3, 0xDFE3, 
  0xDFE3, 0xBFE3, 0xBFE3, 0xDFE3, 0xDFE3, 0xBFE3, 0xDFE3, 0xDFE3, 0xDFE3, 0xDFE3, 0xBFE3, 0xBFE3, 0xDFE3, 0xDFE3, 0xBFE3, 0xBFE3, 
  0xBFE3, 0xDFE3, 0xDFE3, 0xBFE3, 0xBFE3, 0xDFE3, 0xDFE3, 0xDFE3, 0xBFE3, 0xDFE3, 0xDFE3, 0xFFE3, 0xDFE3, 0xBFE3, 0xDFE3, 0xDFE3, 
  0xBFEB, 0xDFF3, 0xDFEB, 0xDFEB, 0xBFEB, 0xBFEB, 0xBFEB, 0xDFEB, 0xDFEB, 0xBFE3, 0xBFE3, 0xDFE3, 0xDFE3, 0xDFE3, 0xBFEB, 0xDFE3, 
  0xDFE3, 0xBFE3, 0x9FE3, 0x3FEC, 0x37A3, 0xB262, 0x116B, 0x6C42, 0xAF52, 0x157B, 0x57A3, 0x59BB, 0x5ABB, 0x16A3, 0x9492, 0xB492, 
  0x79BB, 0x7CCB, 0xB8AA, 0x1AB3, 0x1FF4, 0x59B3, 0x4D52, 0xAC4A, 0xAD4A, 0x4B42, 0xAD52, 0xAD52, 0x8B4A, 0x2A42, 0x8B4A, 0x4B42, 
  0x6C4A, 0x8F62, 0x906A, 0xD282, 0xD27A, 0xB17A, 0x917A, 0x9172, 0x8F6A, 0x0C52, 0x0C4A, 0x2C4A, 0x0A3A, 0x093A, 0x093A, 0xC831, 
  0x0B4A, 0x4F6A, 0xB382, 0x16A3, 0x9BCB, 0xDEDB, 0xDFEB, 0xDFEB, 0x7FE3, 0x3ED3, 0x1ED3, 0x5FDB, 0xBFE3, 0xFFEB, 0xDFEB, 0x1FE4, 
  0x7AAB, 0x336B, 0x6F53, 0x904B, 0x6D33, 0x6B1B, 0x6C1B, 0x6D23, 0x8B23, 0x6C23, 0x6C23, 0x6C23, 0x6C23, 0x6C23, 0x6C23, 0x6C23, 
  0x6C23, 0x6C23, 0x6C23, 0x6C23, 0x6C23, 0x6C23, 0x6C23, 0x6C23, 0x6C23, 0x6C23, 0x6C23, 0x6C23, 0x6C23, 0x6C23, 0x6C23, 0x6C23, 
  0x6C23, 0x6C23, 0x6C23, 0x6C23, 0x6C23, 0x6C23, 0x6C23, 0x6C23, 0x6C23, 0x6C23, 0x6C23, 0x6C23, 0x6C23, 0x6C23, 0x6C23, 0x6C23, 
  0x6C23, 0x6C23, 0x6C23, 0x6C23, 0x6C23, 0x6C23, 0x6C23, 0x6C23, 0x6C23, 0x6C23, 0x6C23, 0x6C23, 0x6C23, 0x6C23, 0x6C23, 0x6C23, 
  0x6C23, 0x6C23, 0x6C23, 0x6C23, 0x6C23, 0x6C23, 0x6C23, 0x6C23, 0x6C23, 0x6C23, 0x6C23, 0x6C23, 0x6C23, 0x6C23, 0x6C23, 0x6C23, 
  0x8B23, 0x6C23, 0x6C23, 0x6C1B, 0x6A1B, 0x4A23, 0x4E3B, 0x925B, 0xD78B, 0x1CBC, 0x1FDC, 0x1EE4, 0x5EE4, 0x1EE4, 0xDFDB, 0x3ED3, 
  0x3FD3, 0x3FDB, 0x7DD3, 0x18AB, 0x716A, 0x6D4A, 0x6C4A, 0x8D52, 0x6C4A, 0xAD52, 0x8D4A, 0xAE52, 0xCD52, 0x4B4A, 0x8B4A, 0x8B42, 
  0x6B4A, 0x4D4A, 0x159B, 0xFFEB, 0xBFEB, 0x7DD3, 0x9EF6, 0xFFFF, 0xBEE5, 0xDECB, 0x1ECB, 0xDEC2, 0xBEC2, 0xDFCA, 0x1FCB, 0xDFE3, 
  0xDFEB, 0xBFEB, 0xBFEB, 0xDFE3, 0xDFE3, 0xBFEB, 0xDFE3, 0xDFE3, 0xDFE3, 0xDFE3, 0xDFEB, 0xBFE3, 0xDFE3, 0xDFE3, 0xBFE3, 0xBFE3, 
  0xBFE3, 0xDFE3, 0xDFE3, 0xDFE3, 0xDFE3, 0xDFE3, 0xBFE3, 0xDFE3, 0xBFEB, 0xBFEB, 0xDFE3, 0xDFE3, 0xDFE3, 0xBFEB, 0xBFEB, 0xBFEB, 
  0x7FDB, 0x3ED3, 0x3DCB, 0x5ECB, 0x5ECB, 0x1DC3, 0xFECA, 0x3FD3, 0x7FDB, 0xBFE3, 0xBFEB, 0xBFEB, 0xDFE3, 0xDFE3, 0xDFE3, 0xBFE3, 
  0xDFE3, 0xDFEB, 0xFFEB, 0xDDDB, 0x9172, 0xCE4A, 0x8C4A, 0x6D5A, 0x16A3, 0x3BC3, 0xF7AA, 0xB49A, 0xF592, 0x169B, 0x39B3, 0x3ABB, 
  0xD7A2, 0xD9AA, 0x3DCB, 0xDFDB, 0x17A3, 0x4D4A, 0x6C42, 0x4B4A, 0x6B42, 0x8C4A, 0x6B42, 0x2A42, 0x6C4A, 0x4B4A, 0xAC4A, 0x4A42, 
  0x2A4A, 0x2A4A, 0x283A, 0x283A, 0x4A3A, 0x4C3A, 0x2B3A, 0x0A3A, 0x0A42, 0x2C52, 0xAF62, 0x906A, 0xB27A, 0xF69A, 0x18AB, 0x5AC3, 
  0xDDD3, 0xFFE3, 0xFFEB, 0xFFF3, 0xDFF3, 0xDFE3, 0xDFDB, 0xBFEB, 0xBFEB, 0xFFEB, 0x1FEC, 0x1EDC, 0xDCC3, 0xD99B, 0xB57B, 0xB15B, 
  0x6E3B, 0x6C2B, 0x6B1B, 0x4B1B, 0x6C23, 0x6C23, 0x6B23, 0x6B23, 0x8C1B, 0x6C23, 0x6C23, 0x6C23, 0x6C23, 0x6C23, 0x6C23, 0x6C23, 
  0x6C23, 0x6C23, 0x6C23, 0x6C23, 0x6C23, 0x6C23, 0x6C23, 0x6C23, 0x6C23, 0x6C23, 0x6C23, 0x6C23, 0x6C23, 0x6C23, 0x6C23, 0x6C23, 
  0x6C23, 0x6C23, 0x6C23, 0x6C23, 0x6C23, 0x6C23, 0x6C23, 0x6C23, 0x6C23, 0x6C23, 0x6C23, 0x6C23, 0x6C23, 0x6C23, 0x6C23, 0x6C23, 
  0x6C23, 0x6C23, 0x6C23, 0x6C23, 0x6C23, 0x6C23, 0x6C23, 0x6C23, 0x6C23, 0x6C23, 0x6C23, 0x6C23, 0x6C23, 0x6C23, 0x6C23, 0x6C23, 
  0x6C23, 0x6C23, 0x6C23, 0x6C23, 0x6C23, 0x6C23, 0x6C23, 0x6C23, 0x6C23, 0x6C23, 0x6C23, 0x6C23, 0x6C23, 0x6C23, 0x6C23, 0x6B1B, 
  0x6B13, 0x6B1B, 0x8C23, 0x6F3B, 0x925B, 0xD78B, 0x1CBC, 0x1EDC, 0xFFE3, 0xDEDB, 0xDDD3, 0xBED3, 0x9FDB, 0x7FDB, 0x7FDB, 0x5FD3, 
  0x1FCB, 0xFEC2, 0x1FCB, 0xBFE3, 0xDEDB, 0x17A3, 0x6F5A, 0x6C42, 0x2A42, 0x4942, 0x8C42, 0x8D52, 0x8B4A, 0x6A42, 0x4A42, 0x2942, 
  0x6B4A, 0x8C4A, 0x2D4A, 0xD58A, 0x1EDC, 0xDFEB, 0x5DCB, 0x7EE6, 0xFFFF, 0xFFFF, 0x3FF7, 0x7EEE, 0x7ECC, 0xFEC2, 0xFFCA, 0x1FD3, 
  0x9FDB, 0x9FE3, 0xBFEB, 0xDFEB, 0xBFE3, 0xBFEB, 0xDFE3, 0xDFE3, 0xDFE3, 0xBFE3, 0xBFE3, 0xBFE3, 0xDFE3, 0xDFE3, 0xDFE3, 0xBFE3, 
  0xDFE3, 0xDFE3, 0xDFE3, 0xBFE3, 0xDFE3, 0xDFE3, 0xBFE3, 0xBFE3, 0xBFEB, 0xBFEB, 0xBFE3, 0xBFE3, 0xBFE3, 0xDFEB, 0x7FE3, 0xFDCA, 
  0xFECB, 0x5EDD, 0x5EEE, 0xDFEE, 0xDFF6, 0x3EE6, 0x3CCC, 0xDEC2, 0xDFCA, 0x3FD3, 0xBFE3, 0xDFE3, 0xDFE3, 0xBFE3, 0xBFEB, 0xDFF3, 
  0xFFEB, 0xBDD3, 0xBAAB, 0xB172, 0x6D4A, 0xAE4A, 0x6D42, 0x5693, 0xBED3, 0x5BBB, 0x38BB, 0xD69A, 0xB79A, 0xF8AA, 0x59B3, 0x1BC4, 
  0x3DD4, 0x3ECB, 0x7FDB, 0xB592, 0x0B42, 0xAC4A, 0x8B4A, 0x6B52, 0xAD52, 0xCE52, 0x6A42, 0xAC4A, 0xAF52, 0x8C4A, 0x8A42, 0x4942, 
  0x8B4A, 0x8C4A, 0x6C4A, 0x4D52, 0x1383, 0x59AB, 0x9AB3, 0x9AB3, 0xBBC3, 0xDEDB, 0xDFE3, 0x1FEC, 0x3FEC, 0x3FF4, 0x1FF4, 0xFFF3, 
  0xDFEB, 0xDEE3, 0x9EE3, 0x7FE3, 0xBFE3, 0xFFE3, 0x1FDC, 0x1CC4, 0x1BB4, 0xB893, 0xD473, 0x8F4B, 0x8D2B, 0x4C23, 0x4B1B, 0x6A1B, 
  0x6B1B, 0x6C23, 0x6C23, 0x8C23, 0x6C23, 0x8B1B, 0x6C1B, 0x6C23, 0x6C23, 0x6C23, 0x6C23, 0x6C23, 0x6C23, 0x6C23, 0x6C23, 0x6C23, 
  0x6C23, 0x6C23, 0x6C23, 0x6C23, 0x6C23, 0x6C23, 0x6C23, 0x6C23, 0x6C23, 0x6C23, 0x6C23, 0x6C23, 0x6C23, 0x6C23, 0x6C23, 0x6C23, 
  0x6C23, 0x6C23, 0x6C23, 0x6C23, 0x6C23, 0x6C23, 0x6C23, 0x6C23, 0x6C23, 0x6C23, 0x6C23, 0x6C23, 0x6C23, 0x6C23, 0x6C23, 0x6C23, 
  0x6C23, 0x6C23, 0x6C23, 0x6C23, 0x6C23, 0x6C23, 0x6C23, 0x6C23, 0x6C23, 0x6C23, 0x6C23, 0x6C23, 0x6C23, 0x6C23, 0x6C23, 0x6C23, 
  0x6C23, 0x6C23, 0x6C23, 0x6C23, 0x6C23, 0x6C23, 0x6C23, 0x6C23, 0x6C23, 0x6C23, 0x6C23, 0x6B1B, 0x4B1B, 0x4B1B, 0x6C23, 0x8F3B, 
  0x925B, 0xB583, 0xFAAB, 0x9CBB, 0x5ECB, 0x5FD3, 0x9FD3, 0x9EDB, 0x9FDB, 0x7FE3, 0xBFE3, 0xBFE3, 0xBFEB, 0xBFEB, 0xDFEB, 0xBFE3, 
  0xDFE3, 0xBFE3, 0x5FD3, 0xDEC2, 0x5FDB, 0xFFF3, 0xBCCB, 0xF69A, 0x7172, 0x8E62, 0x4C4A, 0x6D4A, 0xAF52, 0x9162, 0xB382, 0x169B, 
  0x179B, 0x4F62, 0x8B42, 0x4A42, 0x9172, 0xDDD3, 0xDFEB, 0x5DCB, 0xFDDC, 0xFEEE, 0xFFF7, 0xBFFF, 0x9EE5, 0xFEC2, 0xFFCA, 0xDFC2, 
  0x1ED3, 0x9FE3, 0xBFEB, 0xBFE3, 0xDFE3, 0xBFEB, 0xDFE3, 0xDFE3, 0xBFE3, 0xBFE3, 0xBFEB, 0xBFE3, 0xDFE3, 0xDFE3, 0xDFE3, 0xDFE3, 
  0xDFE3, 0xDFE3, 0xDFE3, 0xDFE3, 0xDFE3, 0xDFE3, 0xBFE3, 0xBFE3, 0xDFE3, 0xDFE3, 0xBFE3, 0xBFE3, 0xDFE3, 0x7FDB, 0xFEC2, 0x1DDD, 
  0xBEFF, 0xFFFF, 0xFFFF, 0xFFFF, 0xFEFF, 0xFFFF, 0xDFFE, 0x1EBB, 0xDFCA, 0x3FD3, 0xDFE3, 0xDFE3, 0xBFEB, 0xFFEB, 0xBDD3, 0x17A3, 
  0xB27A, 0x4E5A, 0x8C4A, 0x4C4A, 0xAD4A, 0x8D4A, 0x6F5A, 0x9CCB, 0xFFF3, 0x58AB, 0x5382, 0x78B3, 0x1CD5, 0xDEED, 0xDEE5, 0x1FE5, 
  0xDEDB, 0xFFEB, 0x79B3, 0x2C4A, 0x6B4A, 0x6C4A, 0x4A4A, 0x4942, 0xAD4A, 0xEF5A, 0x8E4A, 0x8D4A, 0x6B42, 0x6A42, 0x6C4A, 0x2A42, 
  0x6B4A, 0x8B42, 0x8C4A, 0x6E52, 0xF38A, 0x78B3, 0x9ABB, 0xBCCB, 0xBDD3, 0x7BC3, 0x5ABB, 0x18AB, 0xF69A, 0xF48A, 0xD48A, 0xD48A, 
  0xB592, 0xF592, 0x3693, 0x558B, 0x9583, 0xD473, 0x9153, 0x4E33, 0x6C2B, 0x4B23, 0x4B1B, 0x4B1B, 0x4C1B, 0x6C23, 0x8C23, 0x8C23, 
  0x6C23, 0x6C23, 0x8C1B, 0x8B1B, 0x4C2B, 0x6C23, 0x8C1B, 0x6C23, 0x6C23, 0x6C23, 0x6C23, 0x6C23, 0x6C23, 0x6C23, 0x6C23, 0x6C23, 
  0x6C23, 0x6C23, 0x6C23, 0x6C23, 0x6C23, 0x6C23, 0x6C23, 0x6C23, 0x6C23, 0x6C23, 0x6C23, 0x6C23, 0x6C23, 0x6C23, 0x6C23, 0x6C23, 
  0x6C23, 0x6C23, 0x6C23, 0x6C23, 0x6C23, 0x6C23, 0x6C1B, 0x6C23, 0x6C23, 0x6C23, 0x6C23, 0x6C1B, 0x6C23, 0x6C23, 0x6C23, 0x6C23, 
  0x6C23, 0x6C23, 0x6C23, 0x6C23, 0x6C23, 0x6C23, 0x6C23, 0x6C23, 0x6C23, 0x6C23, 0x6C23, 0x6C23, 0x6C23, 0x6C23, 0x6C23, 0x6C23, 
  0x6B23, 0x6C23, 0x6C23, 0x6C23, 0x6C23, 0x6B1B, 0x6B13, 0x6B13, 0x6B1B, 0x4B23, 0x6C2B, 0x8F43, 0xB25B, 0xB683, 0xBAA3, 0x9CBB, 
  0x7FCB, 0x3FD3, 0xFFD2, 0xFFD2, 0x3FDB, 0x9FE3, 0xBFE3, 0xBFEB, 0xBFEB, 0xDFEB, 0xDFE3, 0xBFE3, 0xBFEB, 0xBFEB, 0xBFEB, 0xBFEB, 
  0xDFE3, 0xDFE3, 0xDFEB, 0x9FE3, 0xFDCA, 0x9FE3, 0xDFEB, 0xFFEB, 0xFFEB, 0xDEDB, 0x9CCB, 0x7CCB, 0x9DCB, 0xBEDB, 0xFFE3, 0xFFE3, 
  0xF9A2, 0xB27A, 0xB06A, 0x6D52, 0x2C4A, 0x2E5A, 0x57A3, 0xFFE3, 0x5FE3, 0x3ED3, 0xDDCB, 0x9ECB, 0xDEC2, 0x1FCB, 0x3FD3, 0x7FDB, 
  0xBFE3, 0xDFEB, 0xBFE3, 0xBFE3, 0xBFE3, 0xBFE3, 0xBFE3, 0xDFE3, 0xDFE3, 0xDFE3, 0xDFE3, 0xDFE3, 0xDFE3, 0xBFE3, 0xBFE3, 0xDFE3, 
  0xBFE3, 0xBFE3, 0xDFE3, 0xDFE3, 0xBFE3, 0xDFE3, 0xDFEB, 0xBFEB, 0xDFE3, 0xDFE3, 0xDFE3, 0xDFEB, 0x9FE3, 0xFFCA, 0xDEC2, 0xFEED, 
  0xFFFF, 0xFEFF, 0xFFFF, 0xFFFF, 0xFEFF, 0xDEF6, 0x7DD4, 0xFEC2, 0x5FD3, 0xDFE3, 0xBFE3, 0xDFEB, 0xFFE3, 0x37A3, 0x9162, 0x8F4A, 
  0x6D42, 0xAC4A, 0x6A42, 0x6B4A, 0x8D52, 0x6C4A, 0x4F62, 0xDFE3, 0xBCCB, 0x317A, 0x3CD4, 0xFFF5, 0xDEDC, 0xDEDB, 0xBDD3, 0x7FDB, 
  0xDFEB, 0xBABB, 0x8F62, 0x6B42, 0x6C4A, 0x6C4A, 0x2942, 0x4942, 0x6B4A, 0x4B42, 0x6C4A, 0xAD4A, 0x8B4A, 0x6C4A, 0x6C4A, 0x4B42, 
  0x6C4A, 0xCF5A, 0xAE52, 0x4C4A, 0x2C4A, 0x0C52, 0x2D52, 0x4D5A, 0x6D52, 0x4C4A, 0x6D52, 0xB062, 0x3273, 0x526B, 0x515B, 0x9053, 
  0x904B, 0x6E33, 0x8E3B, 0x6C2B, 0x4B1B, 0x4B1B, 0x6B1B, 0x6C23, 0x6C23, 0x8C23, 0x8C23, 0x6C23, 0x6C23, 0x6C23, 0x6C23, 0x6C23, 
  0x6C23, 0x6C23, 0x6C23, 0x6C23, 0x6C23, 0x6C23, 0x6C23, 0x6C23, 0x6C23, 0x6C23, 0x6C23, 0x6C23, 0x6C23, 0x6C23, 0x6C23, 0x6C23, 
  0x6C23, 0x6C23, 0x6C23, 0x6C23, 0x6C23, 0x6C23, 0x6C23, 0x6C23, 0x6C23, 0x6C23, 0x6C23, 0x6C23, 0x6C23, 0x6C23, 0x6C23, 0x6C23, 
  0x6C23, 0x6C23, 0x6C23, 0x6C23, 0x6C23, 0x4C23, 0x6C23, 0x6C23, 0x6C23, 0x6C23, 0x6C23, 0x6C23, 0x6C23, 0x6C23, 0x6C23, 0x6C1B, 
  0x6C23, 0x6C23, 0x6C23, 0x6C23, 0x6C23, 0x6C23, 0x6C23, 0x6C23, 0x6C23, 0x6C23, 0x6C23, 0x6C23, 0x6C23, 0x6C23, 0x8C23, 0x6C23, 
  0x6C1B, 0x6B1B, 0x4B1B, 0x4B1B, 0x6B23, 0x6E33, 0x9153, 0x9363, 0xF78B, 0x9893, 0x9AA3, 0x7DC3, 0x3FD3, 0x3FD3, 0x3FD3, 0x3FD3, 
  0x3FDB, 0x7FDB, 0xBFE3, 0xBFE3, 0xDFEB, 0xDFEB, 0xDFEB, 0xDFE3, 0xBFE3, 0xBFEB, 0xBFEB, 0xBFE3, 0xBFEB, 0xBFEB, 0xBFEB, 0xBFEB, 
  0xBFE3, 0xBFE3, 0x9FE3, 0xBFE3, 0xBFE3, 0x9FE3, 0xDFE3, 0xBFE3, 0xBFEB, 0xDFEB, 0xDFEB, 0xDFEB, 0xDFEB, 0xBFEB, 0xBFEB, 0xBFEB, 
  0xBEE3, 0xDFDB, 0x7ED3, 0x5CD3, 0x59B3, 0xB172, 0xEA49, 0x2F6A, 0x79B3, 0xFDD3, 0xDFEB, 0xBFEB, 0xDFF3, 0xFFF3, 0xFFEB, 0xFFE3, 
  0xDFE3, 0xBFE3, 0xDFEB, 0x9FE3, 0x5EDB, 0xBFE3, 0xDFE3, 0xBFE3, 0xBFEB, 0xBFEB, 0xBFE3, 0xDFE3, 0xDFE3, 0xBFE3, 0xBFE3, 0xBFE3, 
  0xBFE3, 0xBFE3, 0xDFE3, 0xDFE3, 0xBFE3, 0xDFEB, 0xBFE3, 0xBFEB, 0xDFE3, 0xDFE3, 0xDFE3, 0xDFE3, 0x5FD3, 0xFEC2, 0xBFCA, 0x1DC3, 
  0x3DDD, 0xDEE5, 0x9EE5, 0xFEDC, 0x1ECC, 0x5ECB, 0x3ED3, 0x9FDB, 0xBFDB, 0xBFEB, 0xFFEB, 0x7ABB, 0x7172, 0x8F52, 0xEF52, 0xAC4A, 
  0x4A42, 0x4C4A, 0x6D4A, 0xAD52, 0x6B42, 0x8B4A, 0x4B4A, 0x37AB, 0x9ABB, 0x758A, 0x5FED, 0xBDCB, 0xDEBA, 0x1DD4, 0x1DDC, 0xDFE3, 
  0xBEDB, 0x9272, 0x8D52, 0xAD52, 0x2C42, 0xAE52, 0x8C4A, 0x6C4A, 0x6D4A, 0x4A4A, 0x8B4A, 0x6B4A, 0x8C4A, 0xCF5A, 0x8C4A, 0x8B4A, 
  0x4B42, 0x8E52, 0xCF52, 0x116B, 0x7373, 0x736B, 0xB373, 0x6F3B, 0x6D23, 0x6C2B, 0x6C2B, 0xAD2B, 0xAE33, 0x6D2B, 0x6C2B, 0x6B23, 
  0x6B1B, 0x6B1B, 0x6B1B, 0x6C23, 0x6C23, 0x6C23, 0x6C23, 0x6C23, 0x6C23, 0x6C23, 0x6C23, 0x6C23, 0x6C23, 0x6C23, 0x6C23, 0x6C23, 
  0x6C23, 0x6C23, 0x6C23, 0x6C23, 0x6C23, 0x6C23, 0x6C23, 0x6C23, 0x6C23, 0x6C23, 0x6C23, 0x6C23, 0x6C23, 0x6C23, 0x6C23, 0x6C23, 
  0x6C23, 0x6C23, 0x6C23, 0x6C23, 0x6C23, 0x6C23, 0x6C23, 0x6C23, 0x6C23, 0x6C23, 0x6C23, 0x6C23, 0x6C23, 0x6C23, 0x6C23, 0x6C23, 
  0x6C23, 0x6C23, 0x6C23, 0x6C23, 0x6C23, 0x6C23, 0x6C23, 0x6C23, 0x8C1B, 0x6C23, 0x6C23, 0x6C23, 0x6C23, 0x6C23, 0x6C23, 0x6C23, 
  0x6D23, 0x6C23, 0x6C23, 0x6C23, 0x6C23, 0x6C23, 0x6C23, 0x8C23, 0x8C23, 0x8C23, 0x6C23, 0x6C23, 0x6C23, 0x4B1B, 0x4B1B, 0x4B1B, 
  0x6D33, 0x704B, 0x936B, 0x968B, 0x99A3, 0xBBBB, 0xBDCB, 0x7ED3, 0x3FDB, 0x3FDB, 0x5FDB, 0x5FDB, 0x9FDB, 0xBFE3, 0xBFE3, 0xBFEB, 
  0xBFEB, 0xBFEB, 0xBFEB, 0xBFEB, 0xBFEB, 0xBFEB, 0xBFEB, 0xBFE3, 0xBFE3, 0xBFEB, 0xBFEB, 0xDFE3, 0xDFE3, 0xBFE3, 0xBFEB, 0xBFEB, 
  0xBFE3, 0xBFEB, 0xBFEB, 0xBFE3, 0xDFEB, 0xDFE3, 0xBFE3, 0xBFE3, 0xBFE3, 0xDFE3, 0xDFE3, 0xBFE3, 0xBFE3, 0xBFE3, 0xBFEB, 0x3FDB, 
  0xFED2, 0xDFC2, 0x3FD3, 0x9FE3, 0xFFF3, 0x1FEC, 0xBCCB, 0x917A, 0xEC51, 0x0D52, 0x927A, 0xD48A, 0x169B, 0x18AB, 0x9CCB, 0xDFE3, 
  0xDFE3, 0xDFE3, 0xBFE3, 0x1ED3, 0x7FDB, 0xDFEB, 0xDFEB, 0xDFEB, 0xBFEB, 0xBFE3, 0xBFE3, 0xBFE3, 0xBFEB, 0xBFEB, 0xBFE3, 0xBFE3, 
  0xBFE3, 0xBFE3, 0xDFE3, 0xDFE3, 0xBFE3, 0xBFE3, 0xBFEB, 0xBFEB, 0xBFE3, 0xDFE3, 0xDFE3, 0xDFE3, 0xDFE3, 0x9FDB, 0x5FD3, 0x3ED3, 
  0xFED2, 0x1ED3, 0x3FD3, 0x5FD3, 0x5FDB, 0x5FDB, 0x3FDB, 0x3FDB, 0x7FD3, 0x7BC3, 0xD38A, 0x4D52, 0x2B42, 0xAE52, 0x8E52, 0x6B4A, 
  0x8A4A, 0x8B42, 0x0B42, 0xEB49, 0x2B4A, 0x4C4A, 0xE939, 0x6E62, 0x77A3, 0x968A, 0xBDCB, 0xDECA, 0x3FD3, 0xDED4, 0x9DE5, 0x1FE4, 
  0x5AC3, 0x6D4A, 0xEE52, 0xAE52, 0xAF52, 0x7473, 0x8E52, 0x6B4A, 0x6A42, 0x2842, 0x6B4A, 0xAE52, 0x4C42, 0xAD4A, 0xAC52, 0x6B4A, 
  0x6C4A, 0x4C4A, 0xCE52, 0xEF5A, 0x6F53, 0x6C23, 0x8B13, 0x6C1B, 0x6C23, 0x6C23, 0x8C1B, 0x6C1B, 0x6C1B, 0x6C1B, 0x6C23, 0x6C23, 
  0x6C23, 0x6C23, 0x6C23, 0x6C23, 0x6C23, 0x6C23, 0x6C23, 0x6C23, 0x6C23, 0x6C23, 0x6C23, 0x6C23, 0x6C23, 0x6C23, 0x6C23, 0x6C23, 
  0x6C23, 0x6C23, 0x6C23, 0x6C23, 0x6C23, 0x6C23, 0x6C23, 0x6C23, 0x6C23, 0x6C23, 0x6C23, 0x6C23, 0x6C23, 0x6C23, 0x6C23, 0x6C23, 
  0x6C23, 0x6C23, 0x6C23, 0x6C23, 0x6C23, 0x6C23, 0x6C23, 0x6C23, 0x6C23, 0x6C23, 0x6C23, 0x6C23, 0x6C23, 0x6C23, 0x6C23, 0x6C23, 
  0x6C23, 0x6C23, 0x6C23, 0x6C23, 0x6C23, 0x8C1B, 0x6C1B, 0x6C23, 0x6C23, 0x6C23, 0x8C23, 0x6C23, 0x6C23, 0x6C23, 0x6B1B, 0x6B13, 
  0x4A1B, 0x4B1B, 0x4B1B, 0x4B1B, 0x4B1B, 0x4B1B, 0x4B1B, 0x4B1B, 0x4B1B, 0x4B1B, 0x4C23, 0x6C2B, 0x6C33, 0x8F4B, 0xB473, 0xD89B, 
  0xFCC3, 0xFEDB, 0xBEDB, 0x9FDB, 0x7FDB, 0x7FE3, 0x7FE3, 0x9FDB, 0xDFDB, 0xDFE3, 0xDFEB, 0xDFEB, 0xDFE3, 0xDFE3, 0xBFEB, 0xBFEB, 
  0xBFEB, 0xBFE3, 0xBFE3, 0xBFEB, 0xBFE3, 0xBFEB, 0xBFEB, 0xBFE3, 0xBFE3, 0xBFEB, 0xBFE3, 0xDFE3, 0xDFE3, 0xBFE3, 0xBFEB, 0xBFEB, 
  0xBFEB, 0xBFEB, 0xBFEB, 0xBFEB, 0xBFEB, 0xBFE3, 0x9FE3, 0xBFE3, 0xBFEB, 0xDFE3, 0xDFE3, 0xBFE3, 0xBFE3, 0xDFEB, 0x5FD3, 0x7DD4, 
  0xBECB, 0x7FDB, 0x5ABB, 0xF592, 0xD482, 0xD7A2, 0xBEDB, 0x1FF4, 0x9CD3, 0x169B, 0x9172, 0x5062, 0x516A, 0x958A, 0x9CCB, 0xBFEB, 
  0xBFE3, 0xDFE3, 0x5FDB, 0x1ED3, 0xDFEB, 0xBFE3, 0x7FDB, 0x7FDB, 0x9FDB, 0xBFE3, 0xDFE3, 0xDFE3, 0xBFEB, 0xBFEB, 0xBFE3, 0xDFE3, 
  0xDFE3, 0xBFE3, 0x5EDB, 0xBFE3, 0xBFE3, 0xBFE3, 0xDFEB, 0xBFEB, 0xDFE3, 0xDFE3, 0xBFE3, 0xBFEB, 0xBFEB, 0xBFEB, 0xDFE3, 0xDFE3, 
  0x9FEB, 0x9FDB, 0x7FD3, 0x3FD3, 0x1FD3, 0xBFDB, 0x7ECB, 0x39AB, 0xF37A, 0x8F5A, 0x8E4A, 0xAE4A, 0xCD4A, 0xCD4A, 0x6D4A, 0x4F52, 
  0x7162, 0x9172, 0x148B, 0x77AB, 0x39B3, 0x3BBB, 0x3ABB, 0x179B, 0xB27A, 0xB58A, 0x1AB3, 0x5FD3, 0x9FD2, 0xBEC2, 0x5DC3, 0xBFE3, 
  0x37AB, 0x2B42, 0x8C4A, 0x6C42, 0xAD52, 0xAF5A, 0x8D52, 0xCD52, 0xAD4A, 0x4B4A, 0x4B42, 0xAD4A, 0xAD4A, 0x8D4A, 0xAD52, 0x4A42, 
  0x4A42, 0x8A42, 0xAC52, 0x2A42, 0x2A42, 0x0D43, 0x6D2B, 0x4C23, 0x6C2B, 0x8B23, 0x6B1B, 0x4C2B, 0x6C23, 0x6B23, 0x6C23, 0x6C23, 
  0x6C23, 0x6C23, 0x6C23, 0x6C23, 0x6C23, 0x6C23, 0x6C23, 0x6C23, 0x6C23, 0x6C23, 0x6C23, 0x6C23, 0x6C23, 0x6C23, 0x6C23, 0x6C23, 
  0x6C23, 0x6C23, 0x6C23, 0x6C23, 0x6C23, 0x6C23, 0x6C23, 0x6C23, 0x6C23, 0x6C23, 0x6C23, 0x6C23, 0x6C23, 0x6C23, 0x6C23, 0x6C23, 
  0x6C23, 0x6C23, 0x6C23, 0x6C23, 0x6C23, 0x6C23, 0x6C23, 0x6C23, 0x6C23, 0x6C23, 0x6C23, 0x6C23, 0x6C23, 0x6C23, 0x6C23, 0x6C23, 
  0x6C23, 0x6C23, 0x6C23, 0x6C23, 0x6C23, 0x6C23, 0x6C23, 0x6C2B, 0x6C23, 0x8C1B, 0x4C1B, 0x4B1B, 0x6B1B, 0x4D33, 0x6F43, 0x915B, 
  0xF46B, 0x157C, 0x1584, 0x1584, 0x1584, 0x157C, 0x1584, 0x1584, 0xD583, 0xD793, 0xF9AB, 0x1BBC, 0x1DCC, 0xFEDB, 0xFFEB, 0xDFEB, 
  0xBFEB, 0xBFEB, 0xBFE3, 0xDFE3, 0xDFE3, 0xDFEB, 0xDFEB, 0xDFE3, 0xDFEB, 0xBFEB, 0xBFEB, 0xBFEB, 0xBFE3, 0xDFE3, 0xDFE3, 0xBFEB, 
  0xBFE3, 0xBFE3, 0xBFE3, 0xBFEB, 0xBFE3, 0xBFEB, 0x9FEB, 0xBFE3, 0xBFEB, 0xBFEB, 0xBFEB, 0xDFE3, 0xDFE3, 0xBFE3, 0xBFE3, 0xBFE3, 
  0xBFE3, 0xBFE3, 0xBFE3, 0xBFE3, 0xBFE3, 0xBFEB, 0xBFEB, 0xBFEB, 0xBFEB, 0xDFE3, 0xDFE3, 0xBFE3, 0xDFEB, 0x5FDB, 0x7ED4, 0x3EE5, 
  0x7ED3, 0xF48A, 0x6C42, 0x4B42, 0x6D4A, 0x6C42, 0x4D5A, 0x57AB, 0x1FEC, 0xFFF3, 0xDFEB, 0xDFEB, 0xDFEB, 0xFFEB, 0xFFEB, 0xDFE3, 
  0xDFE3, 0xBFE3, 0xFECA, 0x9FDB, 0xDFE3, 0x9FE3, 0xFECA, 0xFFC2, 0x1FCB, 0x5FD3, 0xDFE3, 0xDFE3, 0xDFE3, 0xDFEB, 0xDFE3, 0xDFE3, 
  0xDFE3, 0x3ED3, 0x7EDB, 0xDFE3, 0xBFE3, 0xBFE3, 0xBFE3, 0xBFE3, 0xDFE3, 0xBFE3, 0xBFEB, 0xBFEB, 0xBFEB, 0xDFEB, 0x9FE3, 0x3FDB, 
  0x3FD3, 0x3FD3, 0x3ECB, 0x3DC3, 0x3AAB, 0x969B, 0x527B, 0x2B42, 0x4B42, 0x105B, 0xCF52, 0x8C4A, 0x6D4A, 0x9062, 0x1483, 0x39AC, 
  0x5EDD, 0x1FF6, 0x1FF6, 0xDFEC, 0x7ECB, 0x5CC3, 0x7AC3, 0xDCCB, 0x9DCB, 0xD7A2, 0x5062, 0x38A3, 0x7FDB, 0x1FD3, 0xDEC2, 0xBFE3, 
  0xD48A, 0x4B42, 0xAE52, 0xCE52, 0x4A42, 0x4A42, 0x6B4A, 0xAD4A, 0x8C4A, 0x6C4A, 0x6C4A, 0x8C4A, 0x8D4A, 0x8C4A, 0x4C4A, 0xAF62, 
  0x6D52, 0x6C4A, 0x4A42, 0x4A42, 0x6B42, 0xAD4A, 0x2E4B, 0x6D23, 0x6C13, 0x6C23, 0x6B23, 0x6C23, 0x6C23, 0x6C23, 0x6C23, 0x6C23, 
  0x6C23, 0x6C23, 0x6C23, 0x6C23, 0x6C23, 0x6C23, 0x6C23, 0x6C23, 0x6C23, 0x6C23, 0x6C23, 0x6C23, 0x6C23, 0x6C23, 0x6C23, 0x6C23, 
  0x6C23, 0x6C23, 0x6C23, 0x6C23, 0x6C23, 0x6C23, 0x6C23, 0x6C23, 0x6C23, 0x6C23, 0x6C23, 0x6C23, 0x6C23, 0x6C23, 0x6C23, 0x6C23, 
  0x6C23, 0x6C23, 0x6C23, 0x6C23, 0x6C23, 0x6C23, 0x6C23, 0x6C23, 0x6C23, 0x6C23, 0x6C23, 0x6C23, 0x6C23, 0x6C23, 0x6C23, 0x6C23, 
  0x6C23, 0x6C23, 0x6C23, 0x6C23, 0x6C23, 0x8C23, 0x6B1B, 0x4B1B, 0x6B1B, 0x4D2B, 0x9053, 0xB473, 0xF89B, 0x1ABC, 0x1DD4, 0xFFE3, 
  0xDFF3, 0xDFF3, 0xFFEB, 0xFFEB, 0xFFF3, 0xFFEB, 0xFFEB, 0xDFF3, 0xDFF3, 0xDFF3, 0xDFEB, 0xBFEB, 0xDFEB, 0xBFEB, 0x9EE3, 0xBFEB, 
  0xBFEB, 0xBFEB, 0xDFE3, 0xDFE3, 0xBFEB, 0xBFEB, 0xBFEB, 0xDFE3, 0xBFEB, 0xBFE3, 0xDFE3, 0xBFEB, 0xBFEB, 0xDFE3, 0xDFE3, 0xBFE3, 
  0xDFEB, 0xBFE3, 0xBFEB, 0xBFEB, 0xBFEB, 0x9FEB, 0x9FEB, 0xBFEB, 0xBFEB, 0xBFEB, 0xBFEB, 0xBFE3, 0xBFE3, 0xBFEB, 0xBFEB, 0xBFE3, 
  0xBFE3, 0xBFE3, 0xDFEB, 0xBFE3, 0xBFEB, 0xBFEB, 0xBFE3, 0xBFEB, 0xBFEB, 0xDFE3, 0xDFE3, 0xBFE3, 0xBFEB, 0x9ED3, 0x3EDD, 0x9ED3, 
  0x158B, 0x6D4A, 0x6C42, 0x8C4A, 0x8C4A, 0xCE52, 0xAD4A, 0x2B4A, 0xD492, 0xDEE3, 0xDFF3, 0xBFEB, 0xBFE3, 0xBFE3, 0xBFE3, 0xBFE3, 
  0xDFE3, 0x7FDB, 0xFECA, 0xBFE3, 0xDFEB, 0x7FE3, 0xFFCA, 0xFFCA, 0xFFCA, 0x1FCB, 0x3ED3, 0xBFE3, 0xBFE3, 0xDFE3, 0xDFE3, 0xDFE3, 
  0x5ED3, 0x3ED3, 0xDFE3, 0xBFE3, 0xBFE3, 0xBFE3, 0xBFE3, 0xBFE3, 0xBFE3, 0xDFE3, 0xBFE3, 0xBFE3, 0xDEDB, 0xBDD3, 0x5CC3, 0x3AAB, 
  0x579B, 0xF48A, 0x9272, 0x9062, 0xD062, 0x8E4A, 0xAD42, 0xAD4A, 0x6D4A, 0x2B42, 0x4C4A, 0xB37A, 0xFAAA, 0x5DCB, 0xFFEC, 0x9FF5, 
  0x1DDD, 0xF8B3, 0xD492, 0x506A, 0x6F62, 0x6F5A, 0xB05A, 0x4E4A, 0x9162, 0x1493, 0x906A, 0x0C4A, 0xD592, 0xBDD3, 0xBFE3, 0xBEE3, 
  0x706A, 0xCE52, 0xAE4A, 0x6B4A, 0x8C4A, 0xAE52, 0xCE52, 0x8B4A, 0x6B4A, 0x8C4A, 0xAC4A, 0x8B4A, 0x6D4A, 0x6D4A, 0x8F5A, 0xF072, 
  0x6C52, 0x4A42, 0x2A42, 0x293A, 0x2A42, 0x4B4A, 0x4B4A, 0xCC42, 0x8E3B, 0x4C23, 0x6C23, 0x6C23, 0x6C23, 0x6C23, 0x6C23, 0x6C23, 
  0x6C23, 0x6C23, 0x6C23, 0x6C23, 0x6C23, 0x6C23, 0x6C23, 0x6C23, 0x6C23, 0x6C23, 0x6C23, 0x6C23, 0x6C23, 0x6C23, 0x6C23, 0x6C23, 
  0x6C23, 0x6C23, 0x6C23, 0x6C23, 0x6C23, 0x6C23, 0x6C23, 0x6C23, 0x6C23, 0x6C23, 0x6C23, 0x6C23, 0x6C23, 0x6C23, 0x6C23, 0x6C23, 
  0x6C23, 0x6C23, 0x6C23, 0x6C23, 0x6C23, 0x6C23, 0x6C23, 0x6C23, 0x6C23, 0x6C23, 0x6C23, 0x6C23, 0x6C23, 0x6C23, 0x6C23, 0x6C23, 
  0x6C23, 0x6C23, 0x6C1B, 0x6B13, 0x4B13, 0x4C23, 0x8E43, 0xB263, 0xF793, 0xFBBB, 0x1ED4, 0x1FE4, 0xDFEB, 0x1FEC, 0xDFEB, 0xBFE3, 
  0xBFE3, 0xBFE3, 0xBFE3, 0xBFE3, 0xBFE3, 0xBFE3, 0xBFE3, 0xBFE3, 0xBFEB, 0xBFE3, 0xBFE3, 0xBFE3, 0xBFE3, 0xBFEB, 0xBFEB, 0xBFE3, 
  0xBFE3, 0xDFE3, 0xDFE3, 0xBFEB, 0xBFEB, 0xBFE3, 0xDFE3, 0xDFE3, 0xBFE3, 0xDFE3, 0xDFE3, 0xBFE3, 0xBFE3, 0xBFE3, 0xDFE3, 0xDFE3, 
  0xDFE3, 0xDFE3, 0xBFEB, 0x9FE3, 0x9FEB, 0xBFEB, 0xBFEB, 0xBFEB, 0xBFEB, 0xBFEB, 0xBFEB, 0xBFE3, 0xDFE3, 0xBFE3, 0xDFE3, 0xDFE3, 
  0xDFE3, 0xBFE3, 0xBFEB, 0xBFEB, 0xBFEB, 0xDFEB, 0xDFEB, 0xDFEB, 0xDFEB, 0xDFE3, 0xDFE3, 0xBFEB, 0x9FE3, 0x5EC3, 0xBFD3, 0x18A3, 
  0xAD4A, 0x6C4A, 0x8E4A, 0xCD52, 0x8C4A, 0x8D52, 0xCE5A, 0x8C4A, 0x6B4A, 0x7062, 0x59AB, 0xFDD3, 0xFFEB, 0xDFF3, 0xFFEB, 0xFFEB, 
  0xDFE3, 0x7FDB, 0xFFCA, 0xDFE3, 0xDFE3, 0xBFE3, 0x5FDB, 0xFFCA, 0xDFCA, 0x1FD3, 0x5ED3, 0x5ED3, 0xBFEB, 0xDFE3, 0xFFDB, 0x9FE3, 
  0x1ED3, 0xBFE3, 0xBFEB, 0xBFEB, 0xBFEB, 0xBFEB, 0xDFEB, 0xDFE3, 0x19B3, 0x5172, 0x4E5A, 0x6F5A, 0x6E62, 0xD062, 0x8E52, 0x2C42, 
  0x0B42, 0x4C42, 0x8E4A, 0x6D4A, 0x6E52, 0x6E52, 0x6E52, 0xD16A, 0xB37A, 0x16A3, 0x9CCB, 0xBFDB, 0x7FDB, 0x5CBB, 0x579B, 0xD47A, 
  0x2E62, 0xEB49, 0x4C4A, 0xAC4A, 0x6A42, 0x6D4A, 0xCE52, 0xAC4A, 0x6C42, 0x8D4A, 0x6C52, 0xEE5A, 0x6D4A, 0x906A, 0xDBC3, 0xDEE3, 
  0x0D5A, 0xAC4A, 0xCE4A, 0x8C4A, 0xAE52, 0xAE52, 0xCD4A, 0x8D4A, 0x8C52, 0xAD4A, 0x6C42, 0x8B42, 0x4B42, 0xCE52, 0xCE52, 0x6A42, 
  0x6B4A, 0x8C42, 0x294A, 0x2942, 0x4B4A, 0xAD5A, 0x4B42, 0x4D52, 0x116B, 0xB04B, 0x4C23, 0x6B1B, 0x6C23, 0x6C2B, 0x6C23, 0x6C23, 
  0x6C23, 0x6C23, 0x6C23, 0x6C23, 0x6C23, 0x6C23, 0x6C23, 0x6C23, 0x6C23, 0x6C23, 0x6C23, 0x6C23, 0x6C23, 0x6C23, 0x6C23, 0x6C23, 
  0x6C23, 0x6C23, 0x6C23, 0x6C23, 0x6C23, 0x6C23, 0x6C23, 0x6C23, 0x6C23, 0x6C23, 0x6C23, 0x6C23, 0x6C23, 0x6C23, 0x6C23, 0x6C23, 
  0x6C23, 0x6C23, 0x6C23, 0x6C23, 0x6C23, 0x6C23, 0x6C23, 0x6C23, 0x6C23, 0x6C23, 0x6C23, 0x6C23, 0x6C23, 0x6C23, 0x6C23, 0x6C23, 
  0x4B1B, 0x4B1B, 0x4D33, 0x705B, 0xF583, 0x1BB4, 0xFED3, 0xFFE3, 0xDFEB, 0xDFEB, 0xBFEB, 0xBFE3, 0xDFE3, 0xBFE3, 0xBFE3, 0xDFE3, 
  0xDFE3, 0xDFE3, 0xDFE3, 0xBFE3, 0xBFEB, 0xBFEB, 0xBFE3, 0xBFEB, 0xBFEB, 0xDFE3, 0xDFE3, 0xDFE3, 0xBFE3, 0x9FEB, 0xBFEB, 0xBFE3, 
  0xDFE3, 0xDFE3, 0xBFE3, 0xBFE3, 0xDFE3, 0xBFE3, 0xBFE3, 0xBFE3, 0xBFEB, 0xBFEB, 0xDFE3, 0xBFE3, 0xBFE3, 0xBFE3, 0xDFE3, 0xDFE3, 
  0xDFE3, 0xBFE3, 0xBFEB, 0xBFEB, 0xBFEB, 0xBFEB, 0xBFEB, 0xBFEB, 0xBFEB, 0xBFE3, 0xBFE3, 0xBFE3, 0xBFEB, 0xBFEB, 0xBFE3, 0xDFEB, 
  0xBFEB, 0xDFEB, 0xDFEB, 0xDFEB, 0xBFE3, 0x9FE3, 0x5FD3, 0x5FD3, 0xBFE3, 0xDFE3, 0xBFE3, 0xDFEB, 0x3FD3, 0xFFCA, 0x7CC3, 0x8F5A, 
  0x6C4A, 0x6B4A, 0x8C4A, 0x8C4A, 0x8C4A, 0x6C4A, 0x4C4A, 0x4B4A, 0x8C4A, 0xAE4A, 0x6D52, 0x6F62, 0xD482, 0x17A3, 0x39BB, 0xBCD3, 
  0xFFEB, 0xBFE3, 0xFEC2, 0x7FD3, 0xDFE3, 0xFFE3, 0xFFE3, 0xBFDB, 0x3FCB, 0xFEC2, 0x9FDB, 0x1FD3, 0xBFEB, 0xDFE3, 0xDFE3, 0x5EDB, 
  0x5FDB, 0xDFE3, 0xDFE3, 0xDFEB, 0xBFEB, 0xBFEB, 0x9FE3, 0x7FDB, 0xDFDB, 0x9BBB, 0xB382, 0x2D52, 0x6C42, 0x8D4A, 0x8F62, 0xF482, 
  0x369B, 0x59AB, 0x3BB3, 0x5BC3, 0x7BC3, 0x5BC3, 0x9CD3, 0xDEDB, 0xFFE3, 0xFFDB, 0x7BC3, 0xD592, 0x706A, 0x4D4A, 0xAE52, 0xD05A, 
  0xAD4A, 0x6B42, 0x6C4A, 0xAD52, 0xAC4A, 0x8D4A, 0x6C4A, 0x6B4A, 0x4B4A, 0xAE52, 0x8E4A, 0x8C4A, 0x8D4A, 0x8E52, 0x6E62, 0xDDCB, 
  0x6F72, 0x4A42, 0xCE52, 0x8D4A, 0x8D4A, 0xAD4A, 0xAE52, 0x6B4A, 0x8D52, 0xAF52, 0x6C4A, 0x6B4A, 0x2942, 0x0942, 0x8C4A, 0xCF52, 
  0x8C52, 0x4B4A, 0x2A42, 0x2942, 0x6B4A, 0xCE52, 0xCC4A, 0x8C4A, 0x6E52, 0xF05A, 0xB15B, 0x8E33, 0x6C23, 0x6B1B, 0x6C1B, 0x4C2B, 
  0x6D23, 0x6C23, 0x6C1B, 0x6C23, 0x6C23, 0x6C23, 0x6C23, 0x6C23, 0x6C23, 0x6C23, 0x6C23, 0x6C23, 0x6C23, 0x6C23, 0x6C23, 0x6C23, 
  0x6C23, 0x6C23, 0x6C23, 0x6C23, 0x6C23, 0x6C23, 0x6C23, 0x6C23, 0x6C23, 0x6C23, 0x6C23, 0x6C23, 0x6C23, 0x6C23, 0x6C23, 0x6C23, 
  0x6C23, 0x6C23, 0x6C23, 0x6C23, 0x6C23, 0x6C23, 0x6C23, 0x6C23, 0x6C23, 0x6C23, 0x6C23, 0x6C23, 0x6C23, 0x6C23, 0x6C23, 0x6C23, 
  0xB263, 0x3894, 0x3CBC, 0xFDCB, 0x7DCB, 0x7ED3, 0xDFE3, 0xDFE3, 0xBFEB, 0xBFEB, 0xDEE3, 0xDFE3, 0xBFE3, 0xBFE3, 0xBFE3, 0xBFEB, 
  0xBFEB, 0xBFE3, 0xBFE3, 0xBFE3, 0xBFEB, 0xBFEB, 0xBFE3, 0xBFEB, 0xBFEB, 0xDFE3, 0xDFE3, 0xDFE3, 0xBFEB, 0xBFEB, 0xBFEB, 0xBFE3, 
  0xBFE3, 0xDFE3, 0xBFE3, 0xBFE3, 0xDFE3, 0xBFE3, 0xBFE3, 0xBFE3, 0xBFEB, 0xBFEB, 0xBFEB, 0xBFEB, 0xBFE3, 0xDFE3, 0xDFE3, 0xDFE3, 
  0xDFEB, 0xBFE3, 0xBFEB, 0xBFEB, 0xBFEB, 0xBFEB, 0xBFEB, 0xBFEB, 0xBFE3, 0xBFE3, 0xBFE3, 0xDFEB, 0xBFEB, 0xBFEB, 0xBFEB, 0xBFE3, 
  0x9FE3, 0x9FDB, 0x7FDB, 0x5FD3, 0x1FCB, 0xFFCA, 0xDFC2, 0xDFC2, 0x9FDB, 0xDFEB, 0xBFEB, 0xBFE3, 0xDECA, 0x9FDB, 0xF382, 0x4B4A, 
  0x6B4A, 0x6B42, 0x4B4A, 0x6B42, 0x8C4A, 0x8C4A, 0x8C4A, 0x6B4A, 0x8C4A, 0xCF52, 0xAF52, 0x8D4A, 0x8B42, 0x6B42, 0x2C4A, 0x4E5A, 
  0x37AB, 0xDDDB, 0xBFE3, 0x1FD3, 0x3FD3, 0x7FDB, 0x9FE3, 0xBFE3, 0xDFE3, 0xBFE3, 0x5EDB, 0x5FDB, 0x9CCB, 0x9DDB, 0xBFEB, 0x3FD3, 
  0xBFE3, 0xDFE3, 0xDFE3, 0xDFE3, 0xBFE3, 0xBFE3, 0x9FE3, 0x1ED3, 0xFFCA, 0x5FDB, 0xDFEB, 0x9AC3, 0x0E5A, 0x1593, 0xDDD3, 0x5FDB, 
  0x5FDB, 0x9FDB, 0x9FE3, 0xBFF3, 0xDFEB, 0xFFEB, 0x5CD3, 0xB7AA, 0x748A, 0x9372, 0x0E5A, 0x0C4A, 0x8D4A, 0x8C42, 0x8C42, 0xCE4A, 
  0x8D4A, 0x8C4A, 0x6A42, 0x6B4A, 0x8D52, 0x6C4A, 0x8D52, 0xCE52, 0x8D4A, 0xD05A, 0x325B, 0x104B, 0xCD4A, 0x8C42, 0x6B42, 0xB27A, 
  0x348B, 0x0A42, 0x6C42, 0xCE52, 0xCD4A, 0x8D4A, 0xAE52, 0xAD4A, 0xCE4A, 0x8D4A, 0x293A, 0x2942, 0xE941, 0xC831, 0x6A42, 0x6B42, 
  0x4942, 0x2A42, 0x6C42, 0x8C4A, 0x8C52, 0x6D52, 0x4A42, 0x6A42, 0xAD4A, 0x2C4A, 0x6E5A, 0x1063, 0x936B, 0x9053, 0x8D2B, 0x6D23, 
  0x6B1B, 0x8B1B, 0x6B23, 0x6C23, 0x6C23, 0x6C1B, 0x6C23, 0x6C23, 0x6C23, 0x6C23, 0x6C23, 0x6C23, 0x6C23, 0x6C23, 0x6C23, 0x6C23, 
  0x6C23, 0x6C23, 0x6C23, 0x6C23, 0x6C23, 0x6C23, 0x6C23, 0x6C23, 0x6C23, 0x6C23, 0x6C23, 0x6C23, 0x6C23, 0x6C23, 0x6C23, 0x6C23, 
  0x6C23, 0x6C23, 0x6C23, 0x6C23, 0x6C23, 0x6C23, 0x6C23, 0x6C23, 0x6C23, 0x6C23, 0x6C23, 0x6C23, 0x6C23, 0x6C23, 0x6C23, 0x6C23, 
  0xBBC3, 0xF8AA, 0x958A, 0xB692, 0x1AB3, 0xBDD3, 0xFFEB, 0xBFE3, 0xBFE3, 0xDFE3, 0xDFE3, 0xBFE3, 0xBFE3, 0xDFEB, 0xBFE3, 0x9FE3, 
  0xBFE3, 0xBFEB, 0xBFE3, 0xBFE3, 0xBFE3, 0xBFE3, 0xBFE3, 0xBFE3, 0xDFEB, 0xDFE3, 0xDFE3, 0xDFE3, 0xBFE3, 0xBFE3, 0xBFE3, 0xBFE3, 
  0xBFE3, 0xBFE3, 0xDFE3, 0xDFE3, 0xDFE3, 0xBFE3, 0xBFE3, 0xDFEB, 0xBFEB, 0xBFEB, 0xBFEB, 0xBFEB, 0xBFE3, 0xDFE3, 0xBFE3, 0xBFE3, 
  0xBFEB, 0xBFE3, 0xBFE3, 0xBFEB, 0xBFEB, 0xBFEB, 0xBFE3, 0xDFE3, 0xDFE3, 0xDFE3, 0xBFE3, 0xDFEB, 0xBFE3, 0xDFE3, 0xDFE3, 0x9FDB, 
  0x1ECB, 0xFFC2, 0xFFC2, 0xDFC2, 0xFFC2, 0xFFCA, 0xFFC2, 0xFFC2, 0xBFE3, 0xBFE3, 0xBFEB, 0x3FD3, 0x5FCB, 0x7BB3, 0x6E52, 0x4B4A, 
  0x493A, 0xAC4A, 0xAE52, 0x6C4A, 0x6C42, 0xAD52, 0x6B4A, 0x6B4A, 0x8C4A, 0x6C4A, 0xAD4A, 0xAD4A, 0x8B42, 0x6B42, 0x8C4A, 0xCE52, 
  0x6E4A, 0x4D5A, 0xD492, 0x7BCB, 0x7ED3, 0x7ED3, 0x7FD3, 0x5FDB, 0x3FE3, 0x5FE3, 0x9FDB, 0xFDD3, 0x306A, 0x36A3, 0xBEDB, 0x5FDB, 
  0xDFE3, 0xDFE3, 0xDFE3, 0xDFE3, 0xDFE3, 0xBFE3, 0xDFE3, 0xDFE3, 0x9FE3, 0x1FCB, 0x1FCB, 0xDEE3, 0xD7AA, 0xDFE3, 0xDEE3, 0x3ED3, 
  0x7FE3, 0xDFE3, 0xBFE3, 0xBFEB, 0xBFE3, 0xDFE3, 0xBED3, 0xBCCB, 0xBCCB, 0xBCCB, 0xBCD3, 0xBCD3, 0x7CCB, 0x5AB3, 0xF692, 0xD27A, 
  0x8F62, 0x6D52, 0x4C4A, 0x8C4A, 0x2B42, 0x8D4A, 0x0F53, 0x8D4A, 0x6D52, 0xAD52, 0xAE52, 0xD47A, 0x37A3, 0xF58A, 0x4F62, 0x083A, 
  0x8C52, 0x6B4A, 0x8B4A, 0x8C4A, 0x6D5A, 0x4D52, 0x2C42, 0x6D4A, 0xB062, 0xB06A, 0x6F6A, 0x5593, 0x3793, 0x158B, 0x4E5A, 0x2D52, 
  0x6E6A, 0xB27A, 0xF47A, 0xB16A, 0x2B4A, 0x4B4A, 0x6C52, 0x6B4A, 0x8B42, 0x8B42, 0x2942, 0x0842, 0x2E5A, 0x9CC3, 0xD9AB, 0x7163, 
  0x8E4B, 0x4D33, 0x6C23, 0x6C1B, 0x6C1B, 0x6C23, 0x6C23, 0x6C23, 0x6C23, 0x6C23, 0x6C23, 0x6C23, 0x6C23, 0x6C23, 0x6C23, 0x6C23, 
  0x6C23, 0x6C23, 0x6C23, 0x6C23, 0x6C23, 0x6C23, 0x6C23, 0x6C23, 0x6C23, 0x6C23, 0x6C23, 0x6C23, 0x6C23, 0x6C23, 0x6C23, 0x6C23, 
  0x6C23, 0x6C23, 0x6C23, 0x6C23, 0x6C23, 0x6C23, 0x6C23, 0x6C23, 0x6C23, 0x6C23, 0x6C23, 0x6C23, 0x6C23, 0x6C23, 0x6C23, 0x6C23, 
  0x7482, 0xF7A2, 0x7CCB, 0xDEE3, 0xFFEB, 0xFFEB, 0xDFE3, 0xBFE3, 0xBFE3, 0xBFEB, 0xBFEB, 0xBFEB, 0xBFEB, 0xDFEB, 0xBFE3, 0xBFE3, 
  0xBFE3, 0xBFEB, 0xBFEB, 0xBFE3, 0xDFE3, 0xDFE3, 0xBFE3, 0xBFE3, 0xBFE3, 0xBFE3, 0xBFE3, 0xBFE3, 0xBFE3, 0xBFE3, 0xDFEB, 0xBFE3, 
  0xBFE3, 0xBFEB, 0xDFE3, 0xDFE3, 0xDFE3, 0xBFE3, 0xBFE3, 0xBFE3, 0xBFEB, 0xBFEB, 0xBFEB, 0xBFE3, 0xBFE3, 0xBFE3, 0xBFE3, 0xBFE3, 
  0xBFE3, 0x9FE3, 0xBFE3, 0xBFE3, 0xBFE3, 0xDFE3, 0xDFE3, 0xDFE3, 0xDFE3, 0xDFE3, 0xDFE3, 0xBFE3, 0xDFE3, 0xDFE3, 0xDFE3, 0x9FDB, 
  0xFFC2, 0xFFCA, 0xFFCA, 0xFFCA, 0xFFCA, 0xFFCA, 0xFFC2, 0x1FCB, 0xDFE3, 0xDFE3, 0x9FE3, 0xFED2, 0xFED3, 0x5072, 0x4B4A, 0xEE52, 
  0x8B42, 0x8D52, 0xAE5A, 0xAD4A, 0xAD4A, 0x6C4A, 0x4B4A, 0x8C52, 0x8C4A, 0x4B42, 0xAD4A, 0xAD52, 0x4B4A, 0x6C52, 0x8D4A, 0x8E4A, 
  0xEE52, 0xAD4A, 0x2942, 0x0A42, 0x8F6A, 0x937A, 0x1893, 0x59A3, 0x39AB, 0x39AB, 0x3693, 0x5062, 0x4C4A, 0x4C5A, 0x38B3, 0xDFEB, 
  0xDFE3, 0xDFE3, 0xBFE3, 0xDFE3, 0xDFE3, 0xDFE3, 0xDFE3, 0xDFE3, 0xDFEB, 0x9FDB, 0xFEC2, 0x7EDB, 0x3CC3, 0xBFE3, 0xFDE4, 0xFEDB, 
  0xDFEB, 0xFFDB, 0xBFEB, 0xDFE3, 0xDFE3, 0xDFE3, 0xDFE3, 0xFFE3, 0xFFEB, 0xDFEB, 0xFFEB, 0xFFEB, 0xFFEB, 0xDFEB, 0xDFEB, 0xDFEB, 
  0x9EE3, 0x7DCB, 0x5AB3, 0x179B, 0xF492, 0xF482, 0x916A, 0x4C5A, 0x6A3A, 0x6B42, 0xD592, 0xFFE3, 0xFFEB, 0xDFEB, 0x9CCB, 0xD27A, 
  0x0A42, 0x094A, 0x0D4A, 0xF58A, 0x79B3, 0x5492, 0x17A3, 0x9BC3, 0xBEDB, 0xDEE3, 0xFFE3, 0xDFEB, 0xFFEB, 0x1FEC, 0x7BC3, 0x9CCB, 
  0xFEDB, 0xDFEB, 0xFFF3, 0xDBD3, 0x2E5A, 0x6B42, 0x6C4A, 0x4C4A, 0x6B4A, 0x6B4A, 0x6B4A, 0x8C4A, 0x4D52, 0xBECB, 0xF9B3, 0xEB49, 
  0x4D52, 0xCF5A, 0x5053, 0x8F43, 0x6D2B, 0x6C23, 0x6B1B, 0x6C23, 0x6C23, 0x6C23, 0x6C23, 0x6C23, 0x6C23, 0x6C23, 0x6C23, 0x6C23, 
  0x6C23, 0x6C23, 0x6C23, 0x6C23, 0x6C23, 0x6C23, 0x6C23, 0x6C23, 0x6C23, 0x6C23, 0x6C23, 0x6C23, 0x6C23, 0x6C23, 0x6C23, 0x6C23, 
  0x6C23, 0x6C23, 0x6C23, 0x6C23, 0x6C23, 0x6C23, 0x6C23, 0x6C23, 0x6C23, 0x6C23, 0x6C23, 0x6C23, 0x6C23, 0x6C23, 0x6C23, 0x6C23, 
  0xFFE3, 0xFFEB, 0xDFEB, 0xDFE3, 0xDFE3, 0xBFE3, 0xBFEB, 0xBFE3, 0xBFE3, 0xBFE3, 0xBFE3, 0xBFEB, 0xBFEB, 0xBFEB, 0xDFE3, 0xDFE3, 
  0xDFE3, 0xBFE3, 0xBFEB, 0xBFE3, 0xDFE3, 0xDFE3, 0xBFE3, 0xBFEB, 0xBFEB, 0xBFEB, 0xBFE3, 0xBFE3, 0xBFEB, 0xBFE3, 0xBFE3, 0xBFEB, 
  0xBFEB, 0xBFEB, 0xDFE3, 0xDFE3, 0xDFE3, 0xBFE3, 0xBFE3, 0xBFE3, 0xBFEB, 0xBFEB, 0xBFEB, 0xBFE3, 0xBFE3, 0xBFE3, 0xBFEB, 0xBFEB, 
  0xDFE3, 0xBFE3, 0xDFE3, 0xDFE3, 0xDFE3, 0xDFE3, 0xDFE3, 0xDFE3, 0xDFE3, 0xDFE3, 0xBFE3, 0xDFE3, 0xBFEB, 0xBFE3, 0xDFE3, 0x3FD3, 
  0xDFCA, 0xFFCA, 0xFFCA, 0xFFCA, 0xFFCA, 0xFFCA, 0xDFCA, 0x5FDB, 0xDFEB, 0xFFE3, 0x5FDB, 0x9FE3, 0x58A3, 0x0A42, 0x6C4A, 0x8C4A, 
  0x8D4A, 0x8D4A, 0xAC4A, 0x6C4A, 0xAD52, 0x6B42, 0x6B4A, 0x8C4A, 0x8D4A, 0xAD4A, 0x105B, 0xCE52, 0xAC4A, 0xAC52, 0x6C4A, 0xAD52, 
  0x8C4A, 0xCE52, 0xAD4A, 0x8B4A, 0x8B42, 0x8D4A, 0x8E4A, 0x6C4A, 0x6C42, 0x6C4A, 0x8D4A, 0x6C4A, 0x8C4A, 0x293A, 0xF59A, 0xDFF3, 
  0xDFE3, 0xDFE3, 0xBFEB, 0xBFEB, 0xDFE3, 0xDFE3, 0xDFE3, 0xDFE3, 0xDFE3, 0x1FD3, 0x1FCB, 0x9EDB, 0x5DCB, 0x1FE4, 0x7DE5, 0xDED3, 
  0xBFEB, 0xDFE3, 0xBFEB, 0xDFE3, 0xDFE3, 0xBFE3, 0xBFE3, 0xDFE3, 0xBFE3, 0xBFE3, 0x9FE3, 0x5FDB, 0x5FD3, 0x1FCB, 0xFFCA, 0xFFD2, 
  0xDFD2, 0x5FD3, 0x3FE4, 0xBFDB, 0x5FE3, 0x9FE3, 0xDFDB, 0xDCD3, 0xB38A, 0x947A, 0xFFE3, 0xDFEB, 0xDFDB, 0xDFE3, 0xDFEB, 0xFFEB, 
  0x59BB, 0x507A, 0x7AC3, 0xFFEB, 0x1AC3, 0xBDDB, 0x1FEC, 0xFFEB, 0xDFEB, 0xBFEB, 0xDFE3, 0xDFE3, 0xBEE3, 0xBFE3, 0xDFE3, 0xDFEB, 
  0xDFE3, 0xDFE3, 0x7BC3, 0xDCCB, 0x37A3, 0x2B4A, 0x4B42, 0xAC4A, 0xAC4A, 0xAE52, 0xF05A, 0xCD4A, 0x4F5A, 0x3ED4, 0x58BC, 0xCB41, 
  0x8B42, 0x6B42, 0x2B4A, 0xAE5A, 0x3063, 0x5053, 0x6F43, 0x8D2B, 0x6C1B, 0x6C23, 0x6C23, 0x6C23, 0x6C23, 0x6C23, 0x6C23, 0x6C23, 
  0x6C23, 0x6C23, 0x6C23, 0x6C23, 0x6C23, 0x6C23, 0x6C23, 0x6C23, 0x6C23, 0x6C23, 0x6C23, 0x6C23, 0x6C23, 0x6C23, 0x6C23, 0x6C23, 
  0x6C23, 0x6C23, 0x6C23, 0x6C23, 0x6C23, 0x6C23, 0x6C23, 0x6C23, 0x6C23, 0x6C23, 0x6C23, 0x6C23, 0x6C23, 0x6C23, 0x6C23, 0x6C23, 
  0xBFEB, 0xBFE3, 0xBFE3, 0xDFE3, 0xDFE3, 0xDFE3, 0xDFE3, 0xBFE3, 0xDFE3, 0xDFE3, 0xBFE3, 0xBFEB, 0xBFEB, 0xBFE3, 0xBFE3, 0xBFE3, 
  0xBFE3, 0xBFE3, 0xDFE3, 0xDFE3, 0xDFE3, 0xDFE3, 0xBFE3, 0xBFEB, 0xBFEB, 0xBFEB, 0xBFEB, 0xBFEB, 0xBFEB, 0xBFEB, 0xBFEB, 0xBFE3, 
  0xBFE3, 0xDFE3, 0xDFE3, 0xDFE3, 0xDFE3, 0xDFE3, 0xDFE3, 0xBFEB, 0xBFEB, 0xBFEB, 0xDFE3, 0xDFEB, 0xBFEB, 0xBFE3, 0xBFE3, 0xBFE3, 
  0xDFE3, 0xDFE3, 0xDFE3, 0xDFE3, 0xBFE3, 0xDFE3, 0xBFE3, 0xBFE3, 0xDFE3, 0xBFE3, 0xBFE3, 0xBFE3, 0xBFEB, 0xDFEB, 0xBFE3, 0xFFCA, 
  0xFFC2, 0xFFCA, 0xFFCA, 0xFFCA, 0xFFCA, 0xFFCA, 0xFFCA, 0xBFE3, 0xDFE3, 0xDFE3, 0xBFEB, 0xDEDB, 0x9062, 0x8D4A, 0xCE52, 0x8C4A, 
  0xAE52, 0x8D4A, 0x6B42, 0x6B4A, 0xAE52, 0xCD52, 0x8C4A, 0x8C4A, 0xAE52, 0xF162, 0x6C4A, 0xAC4A, 0x8C42, 0xAD4A, 0x6B4A, 0x4B4A, 
  0x4B4A, 0xAE52, 0x8D4A, 0xAD4A, 0x6A42, 0x6C4A, 0x4B4A, 0x4A4A, 0x6B42, 0x8C4A, 0xAC4A, 0x8C52, 0x8D4A, 0x8D42, 0xB37A, 0xFFE3, 
  0xBFE3, 0xFEDB, 0xDEE3, 0x9FEB, 0xBFE3, 0xBFE3, 0xDFE3, 0xDFEB, 0x3FD3, 0xBFCA, 0x9FDB, 0x9CCB, 0x3AB3, 0xFFE3, 0xFEED, 0x1ED4, 
  0xBFE3, 0xBFEB, 0xBFEB, 0xDFE3, 0xBFE3, 0xBFE3, 0xBFE3, 0xDFE3, 0xDFE3, 0xDFE3, 0x9FDB, 0x5FD3, 0x7FD3, 0x7FDB, 0x7FDB, 0x7FDB, 
  0x7FDB, 0x9EDB, 0xDEDB, 0x7ED3, 0xFECA, 0xFEC2, 0xFECA, 0x7FEB, 0xBFEB, 0xBEDB, 0xDFEB, 0xBFE3, 0xDFE3, 0xDFEB, 0xDFE3, 0xDFE3, 
  0xFFEB, 0xFFE3, 0xFFE3, 0xBFDB, 0xDFE3, 0xFFE3, 0xBFE3, 0xBFE3, 0xBFE3, 0xBFE3, 0xDFE3, 0xBFE3, 0xDFEB, 0x9EDB, 0x7ED3, 0xBFE3, 
  0xFFE3, 0x17A3, 0x0C4A, 0x2F62, 0xFDD3, 0xD49A, 0x2B42, 0xEF5A, 0xCF52, 0x8C42, 0x8D4A, 0x8C4A, 0x5062, 0xBEE4, 0x99C4, 0xAB51, 
  0xAB4A, 0x6B4A, 0x6B42, 0x4B42, 0x4B4A, 0x4C4A, 0xAE52, 0x5163, 0x8F4B, 0x6C2B, 0x8C1B, 0x6C1B, 0x6C23, 0x8B23, 0x6C23, 0x6C23, 
  0x6B23, 0x6C23, 0x6C23, 0x6C23, 0x6C23, 0x6C23, 0x6C23, 0x6C23, 0x6C23, 0x6C23, 0x6C23, 0x6C23, 0x6C23, 0x6C23, 0x6C23, 0x6C23, 
  0x6C23, 0x6C23, 0x6C23, 0x6C23, 0x6C23, 0x6C23, 0x6C23, 0x6C23, 0x6C23, 0x6C23, 0x6C23, 0x6C23, 0x6C23, 0x6C23, 0x6C23, 0x6C23, 
  0xDFE3, 0xDFE3, 0xBFE3, 0xDFE3, 0xBFE3, 0xDFE3, 0xDFE3, 0xDFE3, 0xDFE3, 0xBFE3, 0xBFE3, 0xBFE3, 0xDFEB, 0xBFE3, 0xDFE3, 0xDFE3, 
  0xBFE3, 0xBFE3, 0xDFEB, 0xDFE3, 0xDFE3, 0xDFE3, 0xBFEB, 0xBFEB, 0xBFEB, 0xBFEB, 0xBFEB, 0xBFEB, 0xBFEB, 0xBFEB, 0xBFEB, 0xBFE3, 
  0xBFE3, 0xDFE3, 0xDFE3, 0xDFE3, 0xDFE3, 0xDFE3, 0xDFE3, 0xBFE3, 0xBFE3, 0xBFE3, 0xDFE3, 0xDFEB, 0xBFEB, 0xBFE3, 0xDFE3, 0xDFE3, 
  0xDFE3, 0xDFE3, 0xDFEB, 0xBFE3, 0xBFE3, 0xBFE3, 0xDFE3, 0xDFE3, 0xDFE3, 0xDFE3, 0xDFE3, 0xBFE3, 0x9FE3, 0xDFEB, 0x5FD3, 0xDFC2, 
  0xFFC2, 0xFFCA, 0xFFCA, 0xFFCA, 0xFFCA, 0xDFCA, 0x5FDB, 0xDFEB, 0xDFE3, 0xBFE3, 0xFFEB, 0xF69A, 0x6B4A, 0xAD52, 0x8D52, 0xF052, 
  0xCE4A, 0x8C52, 0x6C52, 0x6B4A, 0x2942, 0x8D4A, 0x8E4A, 0xEF52, 0xAE52, 0x6C4A, 0xAC42, 0x6D52, 0x6F72, 0xEA41, 0x6B42, 0x6C4A, 
  0x8C4A, 0x8B4A, 0x6D4A, 0x4B42, 0x8A4A, 0x4A4A, 0x2B42, 0x8C4A, 0x6C4A, 0xAC52, 0x6B4A, 0x6C4A, 0x8C4A, 0x8C42, 0x2D4A, 0x9AC3, 
  0xFFEB, 0xBFEB, 0xFFEB, 0xFFE3, 0xDFEB, 0xFFE3, 0xBFE3, 0x5ED3, 0xFECB, 0xFECA, 0xFFEB, 0xB38A, 0xB482, 0xBFEB, 0xDEED, 0x1EDD, 
  0x7FDB, 0xFFE3, 0xBFEB, 0xBFE3, 0xDFE3, 0xBFEB, 0xBFE3, 0xBFE3, 0xDFE3, 0xDFE3, 0xDFE3, 0xFFE3, 0xFFDB, 0xFFE3, 0xDFEB, 0x7FDB, 
  0x5FDB, 0x5FDB, 0x5FDB, 0xBFE3, 0xDFE3, 0xBFE3, 0x5FD3, 0xFECA, 0xDEDB, 0xBFEB, 0x9FEB, 0xDFE3, 0xBFEB, 0x9FE3, 0xBFE3, 0xDFE3, 
  0xBFE3, 0xDFE3, 0xDFDB, 0xDFE3, 0xDFE3, 0xBFE3, 0xDFE3, 0xBFE3, 0xDFE3, 0xDFE3, 0xBFE3, 0xDFE3, 0x9FDB, 0x3ECB, 0xBFE3, 0xDFEB, 
  0xBDCB, 0x6F5A, 0xCC42, 0xAD4A, 0xD482, 0x1FE4, 0xB27A, 0x6E42, 0x115B, 0x8E52, 0x6B52, 0x6A3A, 0x9382, 0x3FF5, 0x78B4, 0xCA49, 
  0x4C4A, 0x6C4A, 0x4B4A, 0x4B4A, 0x4B4A, 0x4B4A, 0x2B42, 0x0A4A, 0x8D5A, 0xEE4A, 0x2D3B, 0xAD33, 0x6B23, 0x4B23, 0x6C23, 0x8C1B, 
  0x6C1B, 0x8B23, 0x6C23, 0x6C23, 0x6C1B, 0x8C1B, 0x6C23, 0x6C23, 0x8C1B, 0x6C23, 0x6C23, 0x6C23, 0x6C23, 0x6C23, 0x6C23, 0x6C23, 
  0x6C23, 0x6C23, 0x6C23, 0x6C23, 0x6C23, 0x6C23, 0x6C23, 0x6C23, 0x6C23, 0x6C23, 0x6C23, 0x6C23, 0x6C23, 0x6C23, 0x6C23, 0x6C23, 
  0xDFEB, 0xBFE3, 0xDFE3, 0xDFE3, 0xDFE3, 0xDFE3, 0xDFE3, 0xDFE3, 0xBFE3, 0xBFE3, 0xBFEB, 0xBFEB, 0xDFE3, 0xBFE3, 0xDFE3, 0xDFE3, 
  0xDFE3, 0xDFEB, 0xBFE3, 0xBFE3, 0xDFE3, 0xDFE3, 0xBFEB, 0xBFEB, 0xBFEB, 0xBFEB, 0xBFE3, 0xBFE3, 0xBFEB, 0xBFEB, 0xDFE3, 0xBFE3, 
  0xBFE3, 0xBFE3, 0xBFEB, 0xBFE3, 0xDFE3, 0xDFE3, 0xDFE3, 0xDFE3, 0xDFE3, 0xDFE3, 0xDFEB, 0xBFEB, 0xBFE3, 0xBFE3, 0xBFE3, 0xDFE3, 
  0xDFE3, 0xBFE3, 0xBFE3, 0xBFE3, 0xBFE3, 0xBFE3, 0xDFE3, 0xDFE3, 0xDFE3, 0xDFE3, 0xBFE3, 0xBFE3, 0xBFEB, 0x9FE3, 0xFFCA, 0xFFCA, 
  0xFFCA, 0xFFCA, 0xFFCA, 0xFFCA, 0xFFCA, 0x1FCB, 0xBFE3, 0xDFEB, 0xBFEB, 0xFFE3, 0x9CCB, 0x4E52, 0x8C4A, 0xAD4A, 0xCE4A, 0x8C4A, 
  0x8C4A, 0x4A4A, 0x6C4A, 0x4C42, 0x8C4A, 0x6C4A, 0x8C52, 0x6B4A, 0x4A42, 0x6C4A, 0x8C4A, 0x4B42, 0x369B, 0x36A3, 0x4C4A, 0xAD52, 
  0xCE52, 0x6A42, 0xAF52, 0x8D52, 0x6A4A, 0x4A42, 0x6C4A, 0x2B42, 0xAD52, 0xAD4A, 0x4B42, 0x8C4A, 0xCE52, 0xAD4A, 0x8D4A, 0x9062, 
  0xBBCB, 0xDDD3, 0xF79A, 0xB37A, 0x7ABB, 0xBFE3, 0xDED3, 0x9FF6, 0x1DE5, 0x5FE3, 0x38AB, 0x2C4A, 0x6E52, 0x59B3, 0xBEE4, 0xDFF6, 
  0xBDCB, 0xDFE3, 0xBFE3, 0xBFE3, 0xDFE3, 0xBFE3, 0xDFE3, 0xBFE3, 0xDFE3, 0xDFE3, 0xDFE3, 0xFFDB, 0xFFDB, 0xFFE3, 0xDFE3, 0x9FE3, 
  0x3FD3, 0x1FD3, 0x3FD3, 0x3ED3, 0xBEDB, 0xDFEB, 0xDFEB, 0x7FE3, 0xDFDB, 0xDFEB, 0xBFEB, 0xFFDB, 0xBFEB, 0xBFE3, 0xDFE3, 0xDFDB, 
  0xDFE3, 0xDFE3, 0xDFE3, 0xDFE3, 0xDFE3, 0xDFE3, 0xDFE3, 0xDFE3, 0xBFEB, 0xBFEB, 0xBFE3, 0xDFE3, 0x3ED3, 0x7FDB, 0xDFE3, 0xFFEB, 
  0x79B3, 0x6D52, 0xAC4A, 0xAD4A, 0xAF5A, 0x7AB3, 0xFFE3, 0x9272, 0x8D4A, 0x8C42, 0x293A, 0x9062, 0x9DC3, 0xBEED, 0xD6A3, 0x0A4A, 
  0x8C4A, 0x8D52, 0x4B4A, 0x8C4A, 0x6C4A, 0x8C52, 0x8C4A, 0x8B4A, 0x493A, 0x0A42, 0x6E52, 0x526B, 0x915B, 0x8F33, 0x4C1B, 0x6A1B, 
  0x6D23, 0x6C23, 0x6C23, 0x6C23, 0x6C23, 0x6C23, 0x6C23, 0x6C23, 0x6B23, 0x6C23, 0x6C23, 0x6C23, 0x6C23, 0x6C23, 0x6C23, 0x6C23, 
  0x6C23, 0x6C23, 0x6C23, 0x6C23, 0x6C23, 0x6C23, 0x6C23, 0x6C23, 0x6C23, 0x6C23, 0x6C23, 0x6C23, 0x6C23, 0x6C23, 0x6C23, 0x6C23, 
  0xDFEB, 0xDFE3, 0xDFE3, 0xDFE3, 0xBFE3, 0xDFE3, 0xDFE3, 0xDFE3, 0xBFE3, 0xBFE3, 0xBFE3, 0xBFE3, 0xDFE3, 0xDFE3, 0xDFE3, 0xDFE3, 
  0xDFE3, 0xDFE3, 0xBFEB, 0xBFEB, 0xDFE3, 0xDFE3, 0xBFEB, 0xBFEB, 0xBFE3, 0x9FE3, 0x9FE3, 0xBFE3, 0xBFEB, 0xBFE3, 0xDFE3, 0xBFE3, 
  0xBFEB, 0xBFEB, 0xBFEB, 0xBFEB, 0xDFE3, 0xBFE3, 0xBFE3, 0xDFE3, 0xDFE3, 0xDFE3, 0xBFEB, 0xBFE3, 0xBFEB, 0xBFEB, 0xBFE3, 0xBFE3, 
  0xDFE3, 0xDFE3, 0xBFE3, 0xBFE3, 0xBFE3, 0xDFE3, 0xDFE3, 0xDFE3, 0xDFE3, 0xDFEB, 0xBFE3, 0xBFE3, 0xBFEB, 0x3FD3, 0xDFC2, 0xFFCA, 
  0xFFCA, 0xFFCA, 0xFFCA, 0xFFCA, 0xDECA, 0x7FDB, 0xDFEB, 0xBFE3, 0xBFEB, 0xDFEB, 0xB382, 0x6C4A, 0x8E52, 0xEE52, 0x6C4A, 0x2B4A, 
  0x6B42, 0x6B4A, 0x6B4A, 0xCD4A, 0xAD4A, 0x6B4A, 0x6B4A, 0x2942, 0x6A4A, 0x8D4A, 0x8C52, 0xAC4A, 0x4F4A, 0xBABB, 0x58B3, 0x0C4A, 
  0x6B42, 0x6B42, 0x8C42, 0xAD52, 0x6C4A, 0xAD4A, 0x8C4A, 0x6C4A, 0xAD4A, 0xAD4A, 0x8C4A, 0x8C4A, 0xAE52, 0x8E4A, 0x0F53, 0x6D4A, 
  0x4D5A, 0x2D5A, 0x2A42, 0x2C5A, 0x1BBB, 0xDEDC, 0x9FFF, 0x1EF7, 0x9ED3, 0x59BB, 0x4C4A, 0xAE52, 0x8D42, 0x4C4A, 0xD69A, 0x9FF6, 
  0x1EE6, 0x3ED3, 0xDFEB, 0xDFE3, 0xDFE3, 0xBFE3, 0xDFE3, 0xDFE3, 0xDFE3, 0xDFE3, 0xDFEB, 0xBFEB, 0x5FD3, 0x3FD3, 0x3FD3, 0x7FD3, 
  0xDFE3, 0x7FDB, 0xFECA, 0xDEDB, 0x7DDC, 0x9EE3, 0xBFEB, 0x9FEB, 0xBFEB, 0x9ED3, 0xDFE3, 0xBFE3, 0xBFEB, 0xDFE3, 0xFFDB, 0xBFEB, 
  0xDFE3, 0xDFE3, 0xBFE3, 0xDFE3, 0xDFE3, 0xDFE3, 0xDFE3, 0xDFE3, 0xDFE3, 0xDFE3, 0xBFE3, 0x5ED3, 0x5ED3, 0xDFE3, 0xFFEB, 0x1DDC, 
  0x6F72, 0x0B4A, 0x4B4A, 0x6B4A, 0x8C42, 0x905A, 0x9EDB, 0xDEEB, 0xF38A, 0x4E5A, 0x6F62, 0x39B3, 0xFFDB, 0x7EE5, 0xB37A, 0x8C4A, 
  0xCD52, 0x4B4A, 0x6C4A, 0x6C4A, 0x6C4A, 0xAD52, 0x4B4A, 0x8F5A, 0xB583, 0xAE5A, 0x6A42, 0x4C42, 0x3673, 0x978B, 0xD47B, 0x8E43, 
  0x4B1B, 0x6C1B, 0x6B23, 0x6B23, 0x6B2B, 0x6C23, 0x8C1B, 0x8C1B, 0x6C23, 0x6C23, 0x6C23, 0x6C23, 0x6C23, 0x6C23, 0x6C23, 0x6C23, 
  0x6C23, 0x6C23, 0x6C23, 0x6C23, 0x6C23, 0x6C23, 0x6C23, 0x6C23, 0x6C23, 0x6C23, 0x6C23, 0x6C23, 0x6C23, 0x6C23, 0x6C23, 0x6C23, 
  0xDFE3, 0xDFE3, 0xDFE3, 0xDFE3, 0xBFEB, 0xDFEB, 0xBFE3, 0xBFE3, 0xDFE3, 0xBFE3, 0xBFE3, 0xBFE3, 0xBFE3, 0xDFE3, 0xDFE3, 0xDFE3, 
  0xBFE3, 0xDFE3, 0xBFE3, 0xBFEB, 0xDFE3, 0xDFE3, 0xDFE3, 0xBFE3, 0xBFEB, 0xBFEB, 0xBFE3, 0x9FE3, 0xBFEB, 0xBFEB, 0xBFE3, 0xBFE3, 
  0xBFE3, 0xBFEB, 0xBFEB, 0xBFEB, 0xDFEB, 0xBFEB, 0xBFEB, 0xBFEB, 0xBFE3, 0xBFE3, 0xBFE3, 0xBFE3, 0xBFEB, 0xBFEB, 0xBFE3, 0xDFEB, 
  0xDFE3, 0xBFE3, 0xBFEB, 0xBFEB, 0xBFEB, 0xBFE3, 0xDFEB, 0xBFEB, 0xBFEB, 0xBFEB, 0xBFEB, 0xBFEB, 0x9FE3, 0xDEC2, 0xFFC2, 0xFFC2, 
  0xFFCA, 0xFFCA, 0xFFCA, 0xFFCA, 0x1FD3, 0xBFEB, 0xBFEB, 0xBFE3, 0xDFEB, 0x5CC3, 0x6D52, 0xCC52, 0x4C4A, 0x4A3A, 0x6E62, 0x36A3, 
  0x9062, 0x4B4A, 0xAC52, 0x8C52, 0x8C4A, 0xAE52, 0x2B42, 0x8B4A, 0xAE52, 0x6D4A, 0xAE4A, 0xAE52, 0xAD42, 0x4D52, 0xFEDB, 0x169B, 
  0xEB49, 0x6C4A, 0x8B42, 0x8D4A, 0xCE52, 0xEE52, 0x8C4A, 0x8C52, 0x6C4A, 0x6D4A, 0x8C4A, 0x8C4A, 0x4B42, 0x8C4A, 0x8D4A, 0xEE4A, 
  0x8C42, 0x8B42, 0x4C4A, 0x38AB, 0x7EED, 0xFFFF, 0xBFFF, 0x5ED4, 0x5CC3, 0x4E52, 0xCE42, 0xAE4A, 0x6B4A, 0x8C4A, 0x2E52, 0x1BC4, 
  0xDFFF, 0x1DDD, 0x3EDB, 0xFFE3, 0xBFE3, 0xBFE3, 0xBFE3, 0xDFE3, 0xDFE3, 0xDFE3, 0xBFEB, 0x5FDB, 0xDFCA, 0xDFCA, 0xDFCA, 0xDEC2, 
  0x7ED3, 0x9FE3, 0xBEDB, 0xDDD3, 0x3EE5, 0xBEE3, 0xBFE3, 0xBFE3, 0xDFF3, 0xD8AA, 0x18AB, 0x1FF4, 0xDFE3, 0xDFDB, 0xDEDB, 0xDFEB, 
  0xDFE3, 0xFFDB, 0xDFE3, 0xDFE3, 0xDFE3, 0xBFE3, 0xDFE3, 0xDFE3, 0xBFE3, 0xDFE3, 0xBFE3, 0x9FE3, 0xFFEB, 0xFFEB, 0x9BCB, 0x706A, 
  0x0A42, 0x4B42, 0x6B4A, 0xAB4A, 0x6C4A, 0x6B42, 0x7072, 0xFEE3, 0x1FEC, 0x9DDB, 0xBED3, 0x9FD3, 0xDFDB, 0x9AAB, 0x0C4A, 0xCD4A, 
  0x8C52, 0x4B42, 0x6B4A, 0x8C4A, 0xAD52, 0x6C4A, 0x4C4A, 0xD162, 0x126B, 0x6D52, 0x4A4A, 0xEF52, 0x335B, 0x6D4A, 0x9272, 0x1CBC, 
  0x1794, 0x704B, 0x4C23, 0x6B13, 0x6C1B, 0x6C23, 0x6C23, 0x6C23, 0x8C1B, 0x6C23, 0x6C23, 0x6C23, 0x6C23, 0x6C23, 0x6C23, 0x6C23, 
  0x6C23, 0x6C23, 0x6C23, 0x6C23, 0x6C23, 0x6C23, 0x6C23, 0x6C23, 0x6C23, 0x6C23, 0x6C23, 0x6C23, 0x6C23, 0x6C23, 0x6C23, 0x6C23, 
  0xDFE3, 0xDFE3, 0xBFE3, 0xBFEB, 0xBFEB, 0xBFEB, 0xBFE3, 0xBFE3, 0xDFE3, 0xDFE3, 0xDFE3, 0xBFE3, 0xBFEB, 0xBFE3, 0xBFE3, 0xDFE3, 
  0xBFEB, 0xDFE3, 0xDFE3, 0xBFE3, 0xDFE3, 0xFFE3, 0xFFE3, 0xBFE3, 0xBFEB, 0xBFEB, 0xBFEB, 0xDFEB, 0xBFE3, 0xBFEB, 0xBFE3, 0xBFE3, 
  0xBFEB, 0xBFEB, 0xBFEB, 0xBFE3, 0xDFEB, 0xBFEB, 0xBFEB, 0xBFEB, 0xBFEB, 0xBFEB, 0xDFEB, 0xBFEB, 0xBFEB, 0xBFEB, 0xBFEB, 0xBFE3, 
  0xDFE3, 0xBFEB, 0xBFEB, 0xBFEB, 0xBFE3, 0xBFE3, 0xBFEB, 0xBFEB, 0xBFEB, 0xBFEB, 0xBFEB, 0xBFEB, 0x1FCB, 0x3FCB, 0x3FCB, 0xFFC2, 
  0xFFCA, 0xFFCA, 0xFFCA, 0xFFCA, 0x9FE3, 0xDFEB, 0xBFEB, 0xBFE3, 0xFFE3, 0x927A, 0x4B42, 0x8B42, 0x6C4A, 0xCF52, 0xB472, 0xFEEB, 
  0xDDD3, 0xB382, 0x2D4A, 0xAD4A, 0x8D52, 0xCE52, 0xCE4A, 0xEF52, 0x8E52, 0xD05A, 0x105B, 0xCF52, 0x0F5B, 0x293A, 0xB37A, 0x5FEC, 
  0xB28A, 0x0A4A, 0x8B4A, 0x4B42, 0x4B4A, 0x8D4A, 0x4A42, 0x6B4A, 0x8D4A, 0xEE52, 0xCD52, 0x4B42, 0x6B4A, 0x6C4A, 0x8D52, 0xAD52, 
  0xAD4A, 0x4C4A, 0xB592, 0x9EE5, 0xFFFF, 0xFFFF, 0xFDD4, 0x5CC3, 0x906A, 0x8D4A, 0xAD52, 0xAE52, 0xAE5A, 0xCE52, 0xEE4A, 0x7172, 
  0xDDE5, 0xDFFF, 0x1DCC, 0x7FE3, 0xDFE3, 0xBFEB, 0xBFEB, 0xBFE3, 0xBFE3, 0xDFE3, 0x7FDB, 0xFFC2, 0xFFC2, 0xFFCA, 0xFFCA, 0xFFCA, 
  0x1EC3, 0x5FE3, 0x7FE4, 0x3DD4, 0x1DDD, 0x1FE4, 0x9FE3, 0xBFEB, 0xDFEB, 0x79B3, 0x0E5A, 0x57A3, 0xDEDB, 0x3FEC, 0x1AB3, 0xD792, 
  0x3EDC, 0xDFE3, 0x9EDB, 0x5DD3, 0xFFE3, 0xFFEB, 0xBFE3, 0xDFEB, 0xDFEB, 0xDFE3, 0xBEDB, 0xBCCB, 0x38AB, 0xB172, 0x2C52, 0x2A4A, 
  0x4B4A, 0x6A42, 0x8C4A, 0x6C4A, 0x6C4A, 0x6C52, 0x4A3A, 0x706A, 0x7BCB, 0xBFE3, 0x5FDB, 0x3FD3, 0xF8A2, 0x9272, 0xCF62, 0x6B4A, 
  0x4B4A, 0x6B4A, 0x4A42, 0x6C4A, 0xAD4A, 0x6C4A, 0xAD52, 0xAE52, 0x4B42, 0x0842, 0x4A4A, 0x6C4A, 0xAE52, 0xCE52, 0x8D42, 0x706A, 
  0xDDD3, 0x1EDC, 0x19A4, 0xB373, 0x4E33, 0x6B1B, 0x4B23, 0x4B2B, 0x8C23, 0x6C23, 0x6C23, 0x6C23, 0x6C23, 0x6C23, 0x6C23, 0x6C23, 
  0x6C23, 0x6C23, 0x6C23, 0x6C23, 0x6C23, 0x6C23, 0x6C23, 0x6C23, 0x6C23, 0x6C23, 0x6C23, 0x6C23, 0x6C23, 0x6C23, 0x6C23, 0x6C23, 
  0xDFE3, 0xDFE3, 0xDFE3, 0xBFE3, 0xBFEB, 0xBFEB, 0xDFE3, 0xBFE3, 0xBFEB, 0xBFE3, 0xDFE3, 0xDFE3, 0xBFE3, 0xBFE3, 0xBFEB, 0xBFE3, 
  0xDFE3, 0xDFE3, 0xBFE3, 0xBFE3, 0xBFE3, 0xDFE3, 0xFFEB, 0xDFE3, 0xBFE3, 0xBFE3, 0xDFE3, 0xDFE3, 0xDFE3, 0xBFE3, 0xDFEB, 0xBFE3, 
  0xBFE3, 0xBFEB, 0x9FEB, 0xBFE3, 0xBFE3, 0xBFE3, 0x9FE3, 0xBFEB, 0xBFEB, 0xBFEB, 0xBFEB, 0xBFE3, 0xBFEB, 0xBFE3, 0xDFE3, 0xDFE3, 
  0xDFE3, 0xDFEB, 0xBFE3, 0xBFE3, 0xBFE3, 0xBFE3, 0xBFE3, 0xBFE3, 0xDFEB, 0xBFE3, 0xBFEB, 0x5FDB, 0xFFC2, 0x1FCB, 0x3FCB, 0xFFC2, 
  0xFFC2, 0xFFCA, 0xDFCA, 0x5FCB, 0xDFE3, 0xDFE3, 0xBFE3, 0xDFF3, 0x79B3, 0x4B4A, 0x4C4A, 0xAD4A, 0xED52, 0x2D4A, 0x5AAB, 0xDFEB, 
  0xDFE3, 0x1FE4, 0x57AB, 0x4E52, 0x8C4A, 0x8D4A, 0x8D4A, 0xCE52, 0x6D4A, 0xEF52, 0xAE4A, 0xCF52, 0xAD52, 0x6B4A, 0x4B42, 0x5ABB, 
  0xDEDB, 0x4E6A, 0x4B42, 0x8C52, 0x6B4A, 0x8C4A, 0x4B42, 0xCD52, 0x8D4A, 0x8D4A, 0xCE52, 0x6C4A, 0xAD4A, 0xAC4A, 0x6A42, 0x8F5A, 
  0xD052, 0x727A, 0x1EE5, 0xFFFF, 0xFFFF, 0x5EE5, 0x7DC3, 0xB372, 0x8D4A, 0xAD52, 0x6B4A, 0x8D4A, 0x8D4A, 0x4A42, 0x8B42, 0x2C4A, 
  0x56A3, 0x9FFF, 0x1EF7, 0x5DCB, 0xDFE3, 0xDFE3, 0xDFE3, 0xBFEB, 0xBFE3, 0xDFEB, 0x7FDB, 0xFFC2, 0xFFCA, 0xDFCA, 0xFFCA, 0x9ECB, 
  0xDED3, 0x5FDB, 0xDFE4, 0x9DDC, 0xBDD4, 0x3EDC, 0x9FEB, 0xBFEB, 0xDFEB, 0xDCCB, 0xB062, 0x2B42, 0x2D5A, 0xF492, 0x7ABB, 0x3162, 
  0xBBBB, 0xFFF3, 0x5CCB, 0x5BCB, 0xBDDB, 0xD27A, 0xB06A, 0xB37A, 0xB072, 0xB072, 0x6E62, 0x2C52, 0x4D4A, 0x8E4A, 0xEE52, 0xAD52, 
  0x4B4A, 0x6B4A, 0x6B4A, 0x6C4A, 0x8D4A, 0xCF5A, 0xCD52, 0x093A, 0x2C52, 0x137B, 0xF482, 0x9172, 0x0B4A, 0x8D52, 0x1063, 0x8C4A, 
  0x6D52, 0x8D52, 0x6C4A, 0x4B42, 0x8C4A, 0xCE52, 0xAF52, 0x6D52, 0x8C52, 0x083A, 0x2A4A, 0x6C52, 0x4A42, 0xAD52, 0xCC52, 0x2A42, 
  0x906A, 0xDFE3, 0xBFF3, 0xFFEB, 0x1CCC, 0xF68B, 0x704B, 0x6C2B, 0x4B1B, 0x6B1B, 0x6C23, 0x6C23, 0x6C23, 0x6C23, 0x6B23, 0x6C23, 
  0x8C1B, 0x6C23, 0x6C23, 0x6C23, 0x6C23, 0x6C23, 0x6C23, 0x6C23, 0x6C23, 0x6C23, 0x6C23, 0x6C23, 0x6C23, 0x6C23, 0x6C23, 0x6C23, 
  0xDFE3, 0xDFE3, 0xDFE3, 0xBFE3, 0xDFE3, 0xDFE3, 0xDFE3, 0xDFE3, 0xBFEB, 0xDFEB, 0xDFE3, 0xDFE3, 0xDFE3, 0xBFE3, 0xBFE3, 0xDFE3, 
  0xDFE3, 0xDFE3, 0xBFE3, 0xBFE3, 0xDFE3, 0xBFE3, 0xDFE3, 0xDFE3, 0xDFE3, 0xBFE3, 0xBFE3, 0xBFE3, 0xDFE3, 0xBFE3, 0xBFE3, 0xBFE3, 
  0xBFE3, 0xBFEB, 0x9FE3, 0xBFEB, 0xBFEB, 0xBFEB, 0xBFEB, 0xBFEB, 0xBFEB, 0xBFEB, 0xBFEB, 0xBFEB, 0xDFEB, 0xDFEB, 0xBFE3, 0xBFE3, 
  0xBFE3, 0xBFE3, 0xBFEB, 0xDFEB, 0xBFE3, 0xBFE3, 0xDFE3, 0xDFE3, 0xDFE3, 0xDFE3, 0x9FDB, 0xFECA, 0xFFC2, 0xFFC2, 0x1FC3, 0x1FCB, 
  0xFFCA, 0xFFCA, 0xFFCA, 0xBFE3, 0xDFE3, 0xBFEB, 0xDFE3, 0xDFE3, 0x937A, 0x8B4A, 0x8C4A, 0x6C4A, 0x4B42, 0x917A, 0xFFEB, 0xDFEB, 
  0xDFDB, 0xBFE3, 0xFFF3, 0x9AC3, 0x0E5A, 0x4B42, 0xCD4A, 0x8D52, 0xCE5A, 0xAE4A, 0x6C42, 0x6A42, 0x4C4A, 0x2B4A, 0x8D4A, 0xF57A, 
  0x7FDB, 0x5BBB, 0x6D52, 0x6C4A, 0xCE52, 0x8C4A, 0x4A42, 0x8B4A, 0x6C4A, 0xAC4A, 0x6B4A, 0x6B4A, 0x8D52, 0xAD4A, 0xCE52, 0xF05A, 
  0xB262, 0x3AC4, 0x9FFF, 0xDFFF, 0x1EE5, 0x5BBB, 0xB172, 0x8C4A, 0x0E5B, 0xAD52, 0x8D4A, 0x8D4A, 0x6C4A, 0x4B4A, 0x8D4A, 0x6B42, 
  0x5062, 0x7CDD, 0xFFFF, 0x5DDD, 0x3ED3, 0xDFEB, 0xBFE3, 0xBFEB, 0xDFE3, 0xBFEB, 0xBFE3, 0x1FCB, 0xFFCA, 0xFFCA, 0xDFCA, 0xBDCB, 
  0x3EE5, 0x5FD3, 0xFFE4, 0x9DDC, 0x9EDC, 0x3FE4, 0x9FEB, 0xDFE3, 0xDFE3, 0xDFDB, 0xF272, 0xAC4A, 0xAC4A, 0x4C4A, 0x706A, 0x2D52, 
  0x16A3, 0xDFE3, 0x19B3, 0x9AC3, 0x5182, 0x2B3A, 0xF15A, 0x8D4A, 0x4942, 0x6B4A, 0x6C4A, 0x8C4A, 0xCE52, 0x8D4A, 0x6C4A, 0xAD52, 
  0x6C4A, 0x6B4A, 0x8C52, 0x8C4A, 0x4A42, 0x6C4A, 0x8C4A, 0x4A42, 0x8B4A, 0x6D4A, 0x4B4A, 0x6B42, 0x6C4A, 0x6D4A, 0xEF5A, 0x6C4A, 
  0x4B42, 0x8D4A, 0x6C4A, 0x4A42, 0x4A42, 0x8C4A, 0x6B4A, 0x6C42, 0xCE4A, 0xAD4A, 0x4B4A, 0x4B4A, 0x2A42, 0x4A42, 0x4B4A, 0x8B4A, 
  0x6E52, 0x7CC3, 0xDFEB, 0xBFE3, 0xFFE3, 0xFFE3, 0xFEDB, 0x1AB4, 0xB36B, 0x6F4B, 0x4C2B, 0x6B1B, 0x6B1B, 0x4B23, 0x6C23, 0x6C23, 
  0x6C23, 0x8C1B, 0x8C1B, 0x6B23, 0x6B23, 0x6C23, 0x6C23, 0x6C23, 0x6C23, 0x6C23, 0x6C23, 0x6C23, 0x6C23, 0x6C23, 0x6C23, 0x6C23, 
  0xDFE3, 0xBFE3, 0xBFE3, 0xDFE3, 0xDFE3, 0xDFE3, 0xDFE3, 0xDFE3, 0xDFE3, 0xDFE3, 0xDFE3, 0xDFE3, 0xDFE3, 0xDFE3, 0xDFE3, 0xDFE3, 
  0xBFE3, 0xDFE3, 0xBFEB, 0xBFE3, 0xDFE3, 0xBFE3, 0xDFE3, 0xDFE3, 0xDFEB, 0xBFE3, 0xBFEB, 0xBFEB, 0xBFE3, 0xBFE3, 0xBFE3, 0xDFE3, 
  0xDFE3, 0xDFE3, 0xBFEB, 0xBFEB, 0xBFEB, 0xBFEB, 0xBFEB, 0xBFEB, 0xBFE3, 0xBFEB, 0xDFEB, 0xBFEB, 0xBFEB, 0xDFEB, 0xBFE3, 0xBFE3, 
  0xBFE3, 0xBFE3, 0xBFEB, 0xDFEB, 0xBFE3, 0xBFE3, 0xBFE3, 0xDFE3, 0xDFE3, 0xBFE3, 0x1FCB, 0xFFC2, 0xFFCA, 0xFFC2, 0x1FCB, 0x1FCB, 
  0xFFCA, 0xDFC2, 0x9FDB, 0xDFEB, 0xBFE3, 0x9FEB, 0xFFEB, 0x58AB, 0x6E4A, 0xAC4A, 0xCC4A, 0xAD52, 0x6E52, 0x7ABB, 0xFFF3, 0xBFE3, 
  0xDFE3, 0xDFEB, 0x9FEB, 0xDFEB, 0xBCCB, 0x9272, 0x6C4A, 0x8C4A, 0xAD4A, 0x6C4A, 0x6C52, 0xCD52, 0x6C52, 0x6B4A, 0x8D52, 0x5463, 
  0x7DBB, 0x5FD3, 0xF592, 0x0B42, 0xAF4A, 0x8D4A, 0x8C52, 0x4B42, 0x4B42, 0xAC4A, 0x8B4A, 0x6C4A, 0x6C4A, 0xEF52, 0xAE52, 0x8E52, 
  0xF79A, 0xBFF6, 0xDFFF, 0xFEE4, 0x1ABB, 0x4F62, 0x8B42, 0x8C42, 0x4C42, 0xAE52, 0xEE5A, 0x8D4A, 0x6C4A, 0x6B4A, 0xEF5A, 0xEF52, 
  0x6E4A, 0x779B, 0x7FFF, 0x9FFF, 0xBDCB, 0x9FE3, 0xBFEB, 0xDFE3, 0xBFE3, 0xBFE3, 0xDFE3, 0x7FDB, 0xFFC2, 0x1FC3, 0x9FCA, 0xBECB, 
  0xBEE5, 0x5ED3, 0x3FED, 0xBDDC, 0x9ED3, 0xBFDB, 0xBFE3, 0xDFE3, 0xBFE3, 0xDFE3, 0x916A, 0x8C4A, 0x6C4A, 0x6B42, 0x6B42, 0x2A4A, 
  0x738A, 0x5AB3, 0xB592, 0xD27A, 0x8D52, 0xF052, 0xB05A, 0x6B42, 0xAC4A, 0x4C42, 0xAE52, 0x6C42, 0x8D4A, 0xCE52, 0xAD4A, 0x8D4A, 
  0x6C4A, 0x6B4A, 0x4C42, 0xEE52, 0x6B42, 0x6B4A, 0x8C4A, 0x8E4A, 0xAE52, 0x6C4A, 0x6C4A, 0x6C4A, 0xAD52, 0xCF52, 0xAE4A, 0xAD52, 
  0x8C4A, 0x6B42, 0x4A42, 0x4A4A, 0x4C42, 0xAD52, 0x6B4A, 0x8C4A, 0xCF52, 0x8D4A, 0x8B4A, 0x6C4A, 0x8D4A, 0xAD52, 0x6C52, 0x8C4A, 
  0xAE52, 0x7BBB, 0xFFEB, 0xDFE3, 0xDFE3, 0xBFE3, 0xBFEB, 0xDFEB, 0xFFE3, 0x1ED4, 0xB9A3, 0x7373, 0x9053, 0x8D3B, 0x8C2B, 0x6C1B, 
  0x4B1B, 0x6C23, 0x6C23, 0x6C1B, 0x6C23, 0x6C23, 0x6C23, 0x6C23, 0x6C23, 0x6C23, 0x8C1B, 0x6C23, 0x6C23, 0x6C23, 0x6C23, 0x6C23, 
  0xDFE3, 0xDFE3, 0xDFE3, 0xDFE3, 0xDFE3, 0xDFE3, 0xDFE3, 0xDFE3, 0xDFE3, 0xBFE3, 0xDFE3, 0xDFE3, 0xDFE3, 0xDFE3, 0xDFE3, 0xDFE3, 
  0xBFE3, 0xBFE3, 0xBFE3, 0xBFE3, 0xDFE3, 0xDFE3, 0xBFE3, 0xBFE3, 0xBFEB, 0xBFEB, 0xBFEB, 0xBFEB, 0xBFEB, 0xBFE3, 0xBFE3, 0xBFE3, 
  0xDFE3, 0xDFE3, 0xBFE3, 0xBFEB, 0xBFEB, 0xBFEB, 0xBFE3, 0xBFE3, 0xBFE3, 0xBFE3, 0xBFEB, 0xBFEB, 0xBFEB, 0xBFEB, 0x9FE3, 0xDFEB, 
  0xBFE3, 0xBFE3, 0xDFEB, 0xBFE3, 0xBFE3, 0xBFEB, 0xBFEB, 0xBFEB, 0xBFE3, 0x1FD3, 0xDFCA, 0xFFCA, 0xFFCA, 0xFFCA, 0xFFC2, 0xFFCA, 
  0xFFCA, 0x3FD3, 0xDFE3, 0xDFE3, 0xDFE3, 0xDFEB, 0xBED3, 0x6E62, 0x8C42, 0x8D4A, 0xAC4A, 0x6C42, 0x906A, 0xDEDB, 0xDFE3, 0xDFE3, 
  0xDFEB, 0xBFEB, 0xDFE3, 0xDFDB, 0xFFEB, 0xFDDB, 0xB272, 0x4C4A, 0x8D52, 0xCE52, 0xAD4A, 0x1383, 0xF482, 0x2B42, 0xAD4A, 0xEF52, 
  0xF68A, 0xBFEC, 0x7DD4, 0x3072, 0xCD4A, 0xAD52, 0x8D52, 0x8E4A, 0xCF52, 0xAD52, 0x8D4A, 0x8D4A, 0xAD4A, 0xAE52, 0xAC4A, 0x7272, 
  0xDDDC, 0xFFFF, 0x1EE5, 0xF9B2, 0x4D52, 0xAC4A, 0xAD4A, 0xAF5A, 0xAD4A, 0x4B42, 0x4B42, 0x4B42, 0x6C4A, 0x8C4A, 0xCF52, 0xD05A, 
  0xAE4A, 0x5062, 0xBDE5, 0xFFFF, 0x9EE5, 0x3ED3, 0xDFEB, 0xDEE3, 0xBFEB, 0xBFE3, 0xDFE3, 0xBFE3, 0xFFCA, 0x3EC3, 0x5ECB, 0xBDC3, 
  0x1EEE, 0x9ED3, 0xDEE4, 0xBDDC, 0x1ECB, 0x7FDB, 0xDFE3, 0xDFE3, 0xBFEB, 0xDEE3, 0x706A, 0x8C42, 0x6A4A, 0x6B4A, 0x6B4A, 0x8D5A, 
  0x716A, 0xF27A, 0x4E62, 0x4B42, 0xCE52, 0xF05A, 0xAC4A, 0x6B4A, 0x4C42, 0xCE52, 0xCF52, 0xCC52, 0x6B42, 0x8C4A, 0x8B4A, 0x6C4A, 
  0xAC4A, 0xAD4A, 0xAD4A, 0x8C4A, 0x6C4A, 0x4B42, 0x4A42, 0xEF5A, 0x8D4A, 0xAC4A, 0xCF52, 0x6C4A, 0x6C4A, 0xAC4A, 0x8D4A, 0xAE52, 
  0x0F5B, 0xCF52, 0x6C52, 0x8C4A, 0x8D42, 0xAD4A, 0x6C4A, 0x8C52, 0xAD52, 0xCD4A, 0x3053, 0xF152, 0xCE4A, 0x8D52, 0xAC4A, 0xAC4A, 
  0xEC49, 0x7CCB, 0xFFEB, 0xDEE3, 0xBFE3, 0xDFE3, 0xDFE3, 0xDFE3, 0xBFE3, 0xBFEB, 0xBFEB, 0x9DDB, 0x39AB, 0x3583, 0x326B, 0xB053, 
  0xCF3B, 0x6D2B, 0x4C23, 0x6C23, 0x6C23, 0x6C23, 0x8C1B, 0x8B1B, 0x6B23, 0x6C23, 0x6C23, 0x6C23, 0x6C23, 0x6C23, 0x6C23, 0x6C23, 
  0xDFE3, 0xDFE3, 0xDFE3, 0xDFE3, 0xBFE3, 0xBFE3, 0xDFE3, 0xDFE3, 0xDFE3, 0xBFE3, 0xDFE3, 0xDFE3, 0xDFE3, 0xBFE3, 0xDFE3, 0xDFE3, 
  0xBFE3, 0xBFE3, 0xBFE3, 0xBFE3, 0xDFE3, 0xDFE3, 0xDFE3, 0xDFE3, 0xBFE3, 0xBFEB, 0xBFEB, 0xBFEB, 0xBFE3, 0xDFEB, 0xBFE3, 0xBFE3, 
  0xDFE3, 0xDFE3, 0xBFE3, 0xBFEB, 0xBFEB, 0xBFE3, 0xDFE3, 0xDFEB, 0xBFE3, 0xBFE3, 0xBFEB, 0xBFEB, 0xBFEB, 0xBFEB, 0xBFEB, 0xBFEB, 
  0xBFEB, 0xBFE3, 0xDFE3, 0xBFE3, 0xBFE3, 0xBFEB, 0xBFEB, 0xBFEB, 0x1FD3, 0xDFCA, 0xFFCA, 0xFFCA, 0xFFCA, 0xFFCA, 0xFFCA, 0xFFCA, 
  0x1ECB, 0xBFE3, 0xDFE3, 0xDFE3, 0xDFDB, 0x1FEC, 0xF592, 0x4B42, 0xAD4A, 0x8D52, 0x6C4A, 0x6C42, 0xD48A, 0xFFEB, 0x9FEB, 0xDFE3, 
  0xBFEB, 0xDFE3, 0xDFE3, 0xBFEB, 0x9FEB, 0xDFEB, 0xFEDB, 0x927A, 0x2B42, 0x8D52, 0x8C42, 0x4E52, 0xBCC3, 0xD692, 0x4C4A, 0xAC4A, 
  0x2E52, 0x5BD4, 0x7FFE, 0x58B3, 0x6C4A, 0x6B4A, 0x8D52, 0x8D4A, 0x8C4A, 0x4A42, 0x6B4A, 0x6C4A, 0xAD52, 0xCC4A, 0x8E42, 0xF8A2, 
  0x1FFF, 0x1EEE, 0x3BC3, 0x8F62, 0xAC4A, 0xAF52, 0xD26A, 0x6C42, 0x8B4A, 0x6B4A, 0x8B4A, 0x8C4A, 0x6B4A, 0xAD52, 0x8D4A, 0x8E52, 
  0xEF5A, 0x8F52, 0xD8B3, 0xBFFF, 0x7FFF, 0xBECB, 0xBEEB, 0xBFE3, 0xBFEB, 0xBFE3, 0xDFE3, 0xDFEB, 0xFFCA, 0xBECB, 0x9EED, 0xBCC3, 
  0x7EEE, 0x9ED3, 0x7FE4, 0x5EDC, 0x1FD3, 0x9FDB, 0xDFE3, 0xDFE3, 0xDFE3, 0xDEE3, 0x906A, 0x6B42, 0x4A42, 0x4B42, 0xAD52, 0x4C42, 
  0xCE4A, 0xCD4A, 0x8C4A, 0x6B4A, 0x4B4A, 0x6D4A, 0xAC4A, 0x8B4A, 0x2A42, 0x8C4A, 0xCE52, 0x8D4A, 0x6D4A, 0x4B42, 0x4A42, 0x8C4A, 
  0x8C4A, 0x8C4A, 0xAD4A, 0x8C4A, 0x4A42, 0x4C4A, 0x6C4A, 0x8B4A, 0xAD4A, 0x8E4A, 0xCE52, 0xCE52, 0x6B4A, 0x8B4A, 0xAD52, 0xAD4A, 
  0x6D4A, 0xCE52, 0x4B4A, 0x4942, 0x693A, 0x2B4A, 0x6E6A, 0x6F5A, 0x2D4A, 0xAE52, 0x1053, 0x1153, 0xCF52, 0xAD52, 0xAC42, 0x6B42, 
  0x6F6A, 0xBEE3, 0xDFEB, 0xDFE3, 0xBFE3, 0xDFE3, 0xDFE3, 0xDFE3, 0xBFEB, 0xBEEB, 0xBFE3, 0xDFE3, 0xDFEB, 0x9DDB, 0x39B3, 0xB592, 
  0xF382, 0x1053, 0x0C23, 0x6C2B, 0x6B23, 0x4C23, 0x6C23, 0x8C1B, 0x6C23, 0x6C23, 0x6C23, 0x6C23, 0x6C23, 0x6C23, 0x6C23, 0x6C23, 
  0xDFE3, 0xDFE3, 0xDFE3, 0xBFE3, 0xBFE3, 0xBFE3, 0xDFE3, 0xDFE3, 0xDFE3, 0xBFEB, 0xBFE3, 0xBFE3, 0xBFE3, 0xBFE3, 0xBFE3, 0xBFE3, 
  0xBFE3, 0xBFE3, 0xBFE3, 0xBFE3, 0xDFE3, 0xDFE3, 0xDFE3, 0xDFE3, 0xBFE3, 0xBFEB, 0xBFEB, 0xBFEB, 0xBFE3, 0xBFEB, 0xBFEB, 0xBFE3, 
  0xBFE3, 0xDFEB, 0xBFEB, 0xBFEB, 0xDFEB, 0xDFE3, 0xDFE3, 0xDFE3, 0xBFEB, 0xBFEB, 0xDFEB, 0xBFE3, 0xBFE3, 0xDFEB, 0xBFEB, 0xBFE3, 
  0xBFE3, 0xBFE3, 0xDFE3, 0xDFE3, 0xBFE3, 0xDFEB, 0xBFE3, 0x3FD3, 0xDFCA, 0xFFCA, 0xFFC2, 0xFFC2, 0xFFCA, 0xFFCA, 0xFFCA, 0xFFCA, 
  0x7FDB, 0xDFE3, 0xDFE3, 0xBFE3, 0xFFEB, 0x7AB3, 0x0B4A, 0x8C4A, 0xCE52, 0x6D4A, 0x8C4A, 0x4C4A, 0x79B3, 0xDFF3, 0xBFEB, 0xDFE3, 
  0xBFEB, 0xDFE3, 0xDFE3, 0xBFEB, 0xDFE3, 0xBFE3, 0xBFEB, 0xFDDB, 0x7072, 0x0942, 0x6B4A, 0x4B42, 0x9072, 0x3EEC, 0x369B, 0x6E4A, 
  0x6D52, 0x38AB, 0xBFF6, 0xDEED, 0x317A, 0x6B42, 0x6C42, 0x6C4A, 0xAD52, 0x6C4A, 0x8C4A, 0xAD4A, 0xCF5A, 0x8B4A, 0x2F62, 0x7EDC, 
  0xFFF6, 0xDDCB, 0xB37A, 0x6B42, 0x8B42, 0x6E52, 0xAE52, 0xCD4A, 0x6C4A, 0x6B4A, 0x8C4A, 0x6B4A, 0x6C4A, 0xAD4A, 0xAD4A, 0xAD52, 
  0x8D4A, 0x8D4A, 0x9272, 0x5FEE, 0xFFFF, 0xFDDC, 0x5EDB, 0xDFEB, 0xBFEB, 0xBFE3, 0xDFE3, 0xDFEB, 0x3FDB, 0x9EC3, 0xDFF6, 0x1CC4, 
  0x5DEE, 0xDDDB, 0xBFDB, 0xDED3, 0x3FDB, 0xBFE3, 0x9EDB, 0x7FDB, 0xDFE3, 0xFFE3, 0xD172, 0x2A42, 0x4942, 0x4B4A, 0x6B4A, 0x6B42, 
  0x8B4A, 0x6B4A, 0x8D4A, 0x8C4A, 0x6A4A, 0x4B42, 0x8C4A, 0x6B4A, 0x8B4A, 0x6B4A, 0x2A42, 0x4A42, 0x4B42, 0xCE52, 0x8C4A, 0x6B4A, 
  0x4A42, 0xAC4A, 0x8D4A, 0x4B42, 0x6A4A, 0x6B4A, 0x6C4A, 0x4B42, 0x8C4A, 0x4C42, 0x4B42, 0x8C4A, 0x8C4A, 0x6C4A, 0xAE52, 0xAD52, 
  0x4B42, 0xAC4A, 0x6C4A, 0x4942, 0xE839, 0x0F6A, 0xFDD3, 0xDDD3, 0x59B3, 0x917A, 0x4D4A, 0xCF52, 0xAE52, 0x6B4A, 0x4A42, 0x6B42, 
  0xAF6A, 0xFFE3, 0xBFEB, 0xDFE3, 0xDFE3, 0xDFE3, 0xBFEB, 0x9FEB, 0xBFE3, 0xBFE3, 0xDFE3, 0xDFE3, 0xBFEB, 0xDFEB, 0x1FEC, 0xDFEB, 
  0x9DD3, 0x79B3, 0x1593, 0xF37A, 0xB57B, 0x7053, 0x4D2B, 0x4B1B, 0x6B1B, 0x6C23, 0x8C23, 0x6C23, 0x6C23, 0x6C23, 0x6C23, 0x6C23, 
  0xDFE3, 0xDFEB, 0xBFE3, 0xDFE3, 0xDFE3, 0xDFE3, 0xDFE3, 0xDFE3, 0xDFE3, 0xDFE3, 0xBFE3, 0xFFE3, 0xFFE3, 0xBFE3, 0xBFE3, 0xBFEB, 
  0xBFEB, 0xBFEB, 0xBFEB, 0xDFE3, 0xDFE3, 0xDFE3, 0xDFE3, 0xDFE3, 0xBFEB, 0xBFE3, 0xDFE3, 0xBFE3, 0xBFE3, 0xBFE3, 0xBFEB, 0xBFE3, 
  0xDFE3, 0xDFE3, 0xBFE3, 0xBFEB, 0xBFEB, 0xBFEB, 0xBFE3, 0xBFE3, 0xBFE3, 0xDFE3, 0xDFE3, 0xDFE3, 0xBFE3, 0xDFE3, 0xDFE3, 0xDFE3, 
  0xBFE3, 0xBFE3, 0xBFE3, 0xDFE3, 0xDFE3, 0x5FDB, 0xFFCA, 0xDFC2, 0xFFCA, 0xFFCA, 0xFFCA, 0xFFC2, 0xFFCA, 0xFFCA, 0xFFCA, 0x3FD3, 
  0xDFEB, 0xBFEB, 0xBFE3, 0xBFEB, 0xBEDB, 0xB372, 0x6B4A, 0x6D4A, 0xCF52, 0xCE52, 0x6B42, 0x4D5A, 0x9CCB, 0xDFEB, 0xDFE3, 0xDFE3, 
  0xDFE3, 0xBFE3, 0xBFE3, 0xBFE3, 0xDFE3, 0xBFE3, 0xBFEB, 0xDFEB, 0x1DDC, 0x7072, 0x4B42, 0x6B42, 0x093A, 0xF592, 0x1FF4, 0x379B, 
  0x0C4A, 0xD79A, 0x5EE5, 0x9FFF, 0x1BC4, 0x2D52, 0x6D4A, 0xAD4A, 0xAC52, 0xAE52, 0xAC4A, 0x8C4A, 0xF05A, 0x8C4A, 0xD592, 0xBEED, 
  0x1EE5, 0x189B, 0x8D4A, 0x8C4A, 0x8C4A, 0x8C4A, 0x6B42, 0x6B4A, 0x6D4A, 0x8D4A, 0xAD4A, 0x8C4A, 0xAD52, 0x6C4A, 0x4A42, 0x6B4A, 
  0xAE52, 0xAB42, 0xED51, 0x7AC4, 0xFFFF, 0xDEEE, 0x3DD3, 0xDFE3, 0xBFEB, 0xBFEB, 0xDFDB, 0xDFEB, 0x9FDB, 0x3DC3, 0x1FFF, 0xFCCC, 
  0x3DE6, 0x3EE4, 0x3FCB, 0x7FD3, 0x5EDB, 0xBFE3, 0x5FD3, 0x5FD3, 0xDFE3, 0xFFE3, 0xD272, 0x2A42, 0x8C52, 0x8D52, 0x2A42, 0x4A42, 
  0x6B4A, 0x6C52, 0x6D4A, 0x8D4A, 0x8C4A, 0xCD52, 0xCF52, 0x4C4A, 0x8C4A, 0xAD52, 0xAD52, 0x6C4A, 0x6C4A, 0x8C4A, 0x8C4A, 0x6D4A, 
  0xAD4A, 0xAD4A, 0x4B42, 0x8C4A, 0x8B4A, 0x2942, 0x4C4A, 0xAF62, 0x905A, 0xCF62, 0xAE5A, 0xAF52, 0xAE52, 0xAE52, 0xAE52, 0x6C4A, 
  0x4B4A, 0x6B42, 0x2A42, 0x494A, 0x283A, 0x6F6A, 0xFEE3, 0xDFEB, 0xFFEB, 0xFFE3, 0x17A3, 0x0D52, 0xAB42, 0x6B42, 0x6D4A, 0x2F5B, 
  0x4D52, 0xBBCB, 0xFFEB, 0xDFE3, 0xFFDB, 0xBFEB, 0xBFEB, 0xDFE3, 0xDFE3, 0xDFE3, 0xDFE3, 0xDFE3, 0xDFE3, 0xDFE3, 0xBFE3, 0xBFE3, 
  0xBFEB, 0xDFF3, 0xDFF3, 0xBFDB, 0x7DD3, 0x7CC3, 0xDAAB, 0xF57B, 0x6F43, 0x4B23, 0x4B1B, 0x6C23, 0x6C23, 0x6C23, 0x6C23, 0x6C23, 
  0xDFE3, 0xBFE3, 0xBFE3, 0xDFE3, 0xDFE3, 0xDFE3, 0xDFE3, 0xDFE3, 0xDFE3, 0xDFE3, 0xDFE3, 0xDFE3, 0xFFE3, 0xDFE3, 0xDFE3, 0xBFE3, 
  0xBFEB, 0xBFEB, 0x9FE3, 0xBFE3, 0xDFE3, 0x3FEC, 0xDFE3, 0xBFE3, 0xBFE3, 0xDFE3, 0xDFE3, 0xDFE3, 0xBFE3, 0xBFE3, 0xDFEB, 0xBFE3, 
  0xBFE3, 0xBFEB, 0xBFEB, 0xBFEB, 0xBFEB, 0xBFE3, 0xBFE3, 0xBFE3, 0xDFE3, 0xDFE3, 0xDFE3, 0xBFE3, 0xBFE3, 0xBFEB, 0xDFE3, 0xDFE3, 
  0xDFEB, 0xBFE3, 0x1ECB, 0x3FD3, 0x1FD3, 0xDFCA, 0xFFCA, 0xFFCA, 0xFFCA, 0xFFCA, 0xFFCA, 0xFFCA, 0xFFCA, 0xFFCA, 0xFFCA, 0xBFE3, 
  0xDFE3, 0xDFE3, 0xBEEB, 0xFFEB, 0xF792, 0x4C4A, 0xAD4A, 0xAD4A, 0xEF52, 0x8D4A, 0x8B42, 0x6E62, 0xBEDB, 0xDFE3, 0xDFE3, 0xDFE3, 
  0xDFE3, 0xDFE3, 0xBFE3, 0xBFE3, 0xBFE3, 0xDFE3, 0xBFEB, 0x9FEB, 0xDFEB, 0xDCCB, 0x2E62, 0x6C4A, 0x8C4A, 0x2C4A, 0x7AC3, 0x1FEC, 
  0xF592, 0x17A3, 0xFFE3, 0x7EFF, 0x7FF6, 0xB592, 0x6C4A, 0xCD52, 0x8D52, 0xCF52, 0xAD4A, 0x8C4A, 0xF052, 0x905A, 0x9BBB, 0x9EED, 
  0xDDCB, 0x706A, 0x4B42, 0x8C4A, 0x6C4A, 0x8C4A, 0x6C4A, 0x6C4A, 0x6C4A, 0x6B4A, 0x8C4A, 0xCE52, 0x8D4A, 0x6B4A, 0x4A42, 0x2A42, 
  0x8D52, 0xAC4A, 0x4C4A, 0xF58A, 0xDFF6, 0xFFFF, 0x3DD4, 0x9FDB, 0xDFEB, 0xDFE3, 0xDFDB, 0xDFE3, 0xDFE3, 0xFDCA, 0x9FF6, 0xFDDD, 
  0x1EE6, 0x7EE4, 0x3FD3, 0x5FDB, 0x9FE3, 0xDFE3, 0x3FD3, 0x3FD3, 0xDFE3, 0xDFE3, 0xD27A, 0x4B4A, 0x6C4A, 0xAF52, 0xCE5A, 0x6B42, 
  0xCD52, 0x6C4A, 0x8C4A, 0x105B, 0xCD52, 0xAE4A, 0xEF52, 0xCE52, 0x4B42, 0xAC4A, 0xAD52, 0x6C4A, 0xAD5A, 0x4B4A, 0x6C4A, 0xAD52, 
  0xCD52, 0x8C4A, 0xAC4A, 0xCD52, 0x6B42, 0x6B4A, 0x8D52, 0x8D5A, 0x6D52, 0xAD5A, 0x6D52, 0xEF52, 0xCE52, 0x8C4A, 0x6C4A, 0x2B42, 
  0x6B4A, 0x4A42, 0x4C4A, 0x4B52, 0x6C4A, 0x4F62, 0xFDDB, 0xDFE3, 0xBFE3, 0xDFE3, 0x1FEC, 0x79B3, 0x2C52, 0xAC52, 0xCF52, 0xCD4A, 
  0x4C4A, 0x717A, 0xFFE3, 0xDFEB, 0xDFDB, 0xDFE3, 0xDFE3, 0xDFE3, 0xDFE3, 0xDFE3, 0xDFE3, 0xDFE3, 0xBFE3, 0xDFE3, 0xDFE3, 0xDFE3, 
  0xBFEB, 0xBFE3, 0xBFE3, 0xDFE3, 0xFFE3, 0xDFEB, 0xBFEB, 0xFFEB, 0x1ECC, 0x189C, 0xB263, 0x6D33, 0x4B1B, 0x4B1B, 0x6C23, 0x6C23, 
  0xDFE3, 0xBFE3, 0xDFE3, 0xDFE3, 0xDFE3, 0xDFE3, 0xDFE3, 0xDFE3, 0xDFE3, 0xDFE3, 0xDFE3, 0xDFE3, 0xBFE3, 0xDFE3, 0xDFE3, 0xDFE3, 
  0xDFE3, 0xBFE3, 0xBFEB, 0xBFE3, 0xDFE3, 0xDFEB, 0xBFE3, 0xDFE3, 0xDFE3, 0xDFE3, 0xDFE3, 0xDFE3, 0xDFE3, 0xBFE3, 0xBFE3, 0xBFE3, 
  0xBFEB, 0xBFEB, 0xBFEB, 0xBFEB, 0xBFEB, 0xBFEB, 0xBFEB, 0xBFE3, 0xBFE3, 0xBFE3, 0xDFE3, 0xBFE3, 0xBFEB, 0xBFEB, 0xBFEB, 0xBFE3, 
  0xDFE3, 0x1FD3, 0xDFC2, 0xDFC2, 0xFFC2, 0xFFCA, 0xFFCA, 0xFFCA, 0xFFCA, 0xFFCA, 0xFFCA, 0xFFCA, 0xFFCA, 0xDFCA, 0x7FDB, 0xDFE3, 
  0xDFE3, 0xDFE3, 0xFFEB, 0x39B3, 0x4E52, 0xCF52, 0x8D4A, 0x8B42, 0x8D4A, 0x8D4A, 0x4A42, 0x4D5A, 0xDEDB, 0xDFE3, 0xDFE3, 0xDFE3, 
  0xDFE3, 0xDFE3, 0xDFE3, 0xDFE3, 0xDFE3, 0xDFE3, 0xDFE3, 0x9FEB, 0x9FEB, 0xDFEB, 0x9BC3, 0x7062, 0xCD4A, 0x4A42, 0x716A, 0x7ED3, 
  0x7FDB, 0xFEE3, 0x9EDB, 0xBEED, 0xFFFF, 0x9DD4, 0x2F62, 0x8C42, 0x8F52, 0xEF52, 0x8D4A, 0x8D52, 0x8D42, 0xD27A, 0x9FDB, 0xFFDB, 
  0x38AB, 0x2A42, 0x8C4A, 0x8C4A, 0x8C4A, 0x8D4A, 0xAE4A, 0x105B, 0x6D4A, 0x6B4A, 0x8B4A, 0xAC4A, 0x4C42, 0x8D52, 0x8C4A, 0x8C52, 
  0x6B4A, 0x8D4A, 0xAC42, 0x5062, 0x1DDD, 0xFFFF, 0x1EE6, 0x5DD3, 0xDFEB, 0xDFE3, 0xDFE3, 0xBFE3, 0xDFEB, 0xFED2, 0x9EE5, 0x3EF7, 
  0x9EE6, 0xBFE4, 0x3ED3, 0x5FD3, 0xBFEB, 0xDFE3, 0x1FD3, 0xFFD2, 0xDFE3, 0xDFEB, 0xB27A, 0x2B42, 0x8C4A, 0x8E52, 0xAF52, 0x8C4A, 
  0xCE52, 0xAD4A, 0x8C4A, 0xAD4A, 0x8C4A, 0x8D4A, 0xAF52, 0xAF52, 0xAE52, 0x6C42, 0x2A42, 0x4A4A, 0x4A42, 0x6B4A, 0x6B4A, 0xAC52, 
  0x2A42, 0x6B4A, 0x8C4A, 0x6C4A, 0x6C42, 0x8D4A, 0xAD52, 0x4B42, 0x4B42, 0x8B4A, 0x6B42, 0x8C4A, 0x4A42, 0x8B4A, 0x6C4A, 0x6C4A, 
  0xCC52, 0x8C4A, 0xCF52, 0x2C52, 0x1483, 0x2F62, 0xFDD3, 0xDFE3, 0xBFEB, 0xBFE3, 0xBFE3, 0x1FF4, 0x38AB, 0x0B4A, 0x6B4A, 0xAE4A, 
  0x8D52, 0x2C4A, 0xD37A, 0xFEE3, 0xBFEB, 0xDFDB, 0xFEE3, 0xDFE3, 0xBFE3, 0xBFE3, 0xBFE3, 0xBFE3, 0xBFE3, 0xDFE3, 0xDFE3, 0xDFE3, 
  0xDFE3, 0xDFE3, 0xDFE3, 0xDFE3, 0xDFE3, 0xDFDB, 0xBFE3, 0x9FEB, 0xBFEB, 0xDFEB, 0xFFE3, 0xFBC3, 0xD793, 0x915B, 0x6D2B, 0x6B1B, 
  0xDFE3, 0xDFE3, 0xDFE3, 0xDFE3, 0xDFE3, 0xDFE3, 0xBFE3, 0xBFE3, 0xBFE3, 0xBFE3, 0xBFE3, 0xBFEB, 0xBFEB, 0xBFE3, 0xDFE3, 0xDFE3, 
  0xBFE3, 0xDFEB, 0xBFE3, 0xBFE3, 0xDFE3, 0xDFEB, 0xBFEB, 0xDFEB, 0xDFE3, 0xDFE3, 0xDFE3, 0xDFE3, 0xBFE3, 0xBFEB, 0xBFE3, 0x9FE3, 
  0xBFEB, 0xBFEB, 0xBFEB, 0xBFEB, 0xBFEB, 0xBFEB, 0xBFEB, 0xBFE3, 0xBFE3, 0xBFE3, 0xBFE3, 0xBFEB, 0xBFEB, 0xBFEB, 0xBFEB, 0xBFEB, 
  0x3FD3, 0xFFCA, 0xFFCA, 0xFFC2, 0xFFC2, 0xFFCA, 0xFFCA, 0xFFCA, 0xFFCA, 0xFFCA, 0xFFCA, 0xFFCA, 0xFFC2, 0x3FD3, 0xDFE3, 0xDFE3, 
  0xDFE3, 0xDFEB, 0xBDD3, 0x4F6A, 0xAE52, 0x105B, 0x8C4A, 0x8B4A, 0x6C42, 0x8D52, 0x6B42, 0x6E62, 0xDEDB, 0xDFE3, 0xDFE3, 0xDFE3, 
  0xDFE3, 0xDFE3, 0xDFE3, 0xDFE3, 0xDFE3, 0xDFE3, 0xDFE3, 0xDFEB, 0xBFEB, 0xBFEB, 0xFFEB, 0x9AB3, 0x8E52, 0x8C4A, 0x4C42, 0x1693, 
  0x1FDB, 0x3FD3, 0xDFE3, 0x1EDC, 0xBFFF, 0xFFF6, 0x17AB, 0x4C4A, 0xCE52, 0xAD4A, 0x8D4A, 0xAD52, 0x2B42, 0x16A3, 0x1FD3, 0x5FDB, 
  0xD382, 0xAC4A, 0xEF5A, 0xEE52, 0xAD52, 0xCF52, 0x105B, 0xCE52, 0xAD4A, 0x8C4A, 0x4B42, 0xAD52, 0xAD4A, 0xAC4A, 0xAD52, 0x4C4A, 
  0x6C4A, 0xAC4A, 0xAC52, 0x6E5A, 0x77A3, 0x7FFF, 0xBFFF, 0xBDD3, 0x9FEB, 0xDFE3, 0xDFE3, 0xDFE3, 0xDFEB, 0x5EDB, 0x7DD4, 0xDFFF, 
  0xDFFF, 0x1FDD, 0x3ED3, 0x7FDB, 0xBFEB, 0xDFEB, 0x3FD3, 0xDFCA, 0xBFE3, 0xDFF3, 0xD382, 0x4A42, 0x8C4A, 0x4B4A, 0x6C4A, 0x8D4A, 
  0xAE4A, 0xAD4A, 0xEF5A, 0xAF52, 0x8E4A, 0xCD52, 0x8D4A, 0x6B4A, 0x8C4A, 0xAD52, 0x6A42, 0x4A42, 0x4A42, 0x6B4A, 0x8C4A, 0x6C4A, 
  0x6B4A, 0x8C4A, 0x6C4A, 0x8D4A, 0xAD52, 0xAE52, 0x8D52, 0x6D4A, 0x6C4A, 0x6C4A, 0x8C4A, 0x8C4A, 0x6B42, 0x8B4A, 0x4B42, 0x8C4A, 
  0x8C4A, 0x6C4A, 0x6C4A, 0x6C52, 0x9BBB, 0x4F72, 0xBABB, 0xFFEB, 0x9FEB, 0x9FE3, 0xBFE3, 0xBFE3, 0xFFEB, 0x169B, 0x8D4A, 0xAE52, 
  0xCD52, 0xAC4A, 0x6B42, 0xB27A, 0xDEE3, 0xDFE3, 0xBFEB, 0xDFE3, 0xBFE3, 0xDFE3, 0xDFE3, 0xDFE3, 0xDFE3, 0xDFE3, 0xDFE3, 0xDFE3, 
  0xDFE3, 0xDFE3, 0xDFE3, 0xDFE3, 0xDFE3, 0xDFE3, 0xDFE3, 0xDFE3, 0xBFE3, 0xDFE3, 0xDFE3, 0xBFEB, 0xFFE3, 0x3FD4, 0xDBCB, 0xF79B, 
  0xDFE3, 0xDFE3, 0xDFE3, 0xDFE3, 0xDFE3, 0xBFE3, 0xBFEB, 0xBFE3, 0xBFE3, 0xBFE3, 0xBFE3, 0xBFEB, 0xBFEB, 0xBFE3, 0xDFE3, 0xDFEB, 
  0x9FE3, 0xBFE3, 0xBFE3, 0xBFE3, 0xDFEB, 0xBFEB, 0xBFEB, 0xBFE3, 0xBFE3, 0xDFE3, 0xDFE3, 0xBFE3, 0xBFEB, 0xBFEB, 0xBFEB, 0xBFE3, 
  0xBFEB, 0xBFEB, 0xBFEB, 0xBFEB, 0xBFEB, 0xBFE3, 0xBFE3, 0xBFEB, 0xBFE3, 0xBFEB, 0xBFEB, 0xBFEB, 0xBFEB, 0xBFEB, 0xDFEB, 0x5FD3, 
  0xFFCA, 0xFFCA, 0xFFC2, 0xFFCA, 0xFFCA, 0xFFCA, 0xFFCA, 0xFFCA, 0xFFCA, 0xFFCA, 0xFFCA, 0xFFCA, 0x1FCB, 0xBFE3, 0xDFE3, 0xDFE3, 
  0xDFE3, 0x1FE4, 0x727A, 0xAF5A, 0xCF5A, 0x8D4A, 0x6C4A, 0x8D4A, 0x8C4A, 0x6C4A, 0x8B4A, 0x6F62, 0xDEDB, 0xDFE3, 0xDFE3, 0xDFE3, 
  0xBFE3, 0xDFE3, 0xDFE3, 0xDFE3, 0xDFE3, 0xDFE3, 0xDFE3, 0xDFE3, 0xDFE3, 0xDFE3, 0xDEE3, 0xFFEB, 0x5AB3, 0x0B52, 0x8B42, 0x4D52, 
  0x1AB3, 0x3FDC, 0xFDDB, 0x7ED3, 0xFEED, 0xFFFF, 0x1DE5, 0x7172, 0x8D42, 0x6C4A, 0x8C4A, 0x8C4A, 0x4D5A, 0x5BC3, 0x1FD3, 0x7DD3, 
  0x905A, 0x6C4A, 0x8D4A, 0x6C4A, 0x4C42, 0xAE4A, 0xAE4A, 0xAD4A, 0x0F5B, 0x8D4A, 0x6C4A, 0xAD52, 0x8D4A, 0x4B42, 0x8D52, 0x8D4A, 
  0x8D4A, 0x8A42, 0x6C52, 0x4B4A, 0x506A, 0xDEE5, 0xFFFF, 0x1EDD, 0x5ED3, 0xDFEB, 0xDFE3, 0xBFE3, 0xDFE3, 0xBFE3, 0x9ECB, 0x9FFF, 
  0xFFFF, 0xBEE5, 0x5EDB, 0x9EDB, 0xBFEB, 0xBFE3, 0x5ED3, 0xFEC2, 0x9EDB, 0xFFF3, 0xF592, 0x4A42, 0xCD52, 0x6B4A, 0xAC4A, 0xCD52, 
  0xAD52, 0xAE52, 0x8E4A, 0x105B, 0x8D4A, 0x8D52, 0x8B4A, 0x6B42, 0x8C4A, 0x8C4A, 0x6B4A, 0x4A42, 0x6B4A, 0x4B4A, 0x6C4A, 0xCE52, 
  0x8D52, 0xAE52, 0xAE52, 0x6C4A, 0xAD52, 0xAD52, 0x6B4A, 0x6A42, 0x8A4A, 0xAD52, 0x8D4A, 0x6B4A, 0x6B4A, 0x2A42, 0x8C4A, 0xAD52, 
  0x4A42, 0x4B42, 0x4A4A, 0x0A3A, 0xBBC3, 0xB392, 0x948A, 0x1FEC, 0xBFDB, 0xBFE3, 0xDFE3, 0xDFE3, 0xBFE3, 0xFFEB, 0x1593, 0x2A42, 
  0x6C4A, 0x6B42, 0x4B42, 0x4B42, 0xB48A, 0xFFE3, 0xBFE3, 0xBFE3, 0xDFE3, 0xDFE3, 0xDFE3, 0xDFE3, 0xDFE3, 0xDFE3, 0xDFE3, 0xDFE3, 
  0xDFE3, 0xDFE3, 0xDFE3, 0xDFE3, 0xDFE3, 0xDFE3, 0xBFE3, 0xDFE3, 0xDFE3, 0xDFE3, 0xDFE3, 0xDFE3, 0xDFDB, 0xBFE3, 0xBFF3, 0xBFE3, 
  0xDFE3, 0xDFE3, 0xDFE3, 0xDFE3, 0xDFE3, 0xBFE3, 0xDFE3, 0xDFE3, 0xBFE3, 0xBFE3, 0xBFE3, 0xBFE3, 0xBFE3, 0xDFE3, 0xDFE3, 0xBFEB, 
  0x9FEB, 0x9FEB, 0xBFEB, 0xBFEB, 0xBFEB, 0xBFE3, 0xBFE3, 0xBFEB, 0xFFEB, 0xDFEB, 0xBFEB, 0xBFEB, 0xBFEB, 0xBFEB, 0xBFEB, 0xBFEB, 
  0xBFEB, 0xBFEB, 0xBFEB, 0xBFE3, 0xBFEB, 0xBFEB, 0xBFEB, 0xBFEB, 0xBFEB, 0xBFEB, 0xBFEB, 0xBFEB, 0x9FE3, 0xBFEB, 0x7FDB, 0xFECA, 
  0xFFCA, 0xFFCA, 0xFFCA, 0xFFCA, 0xFFCA, 0xFFCA, 0xFFCA, 0xFFCA, 0xFFCA, 0xFFCA, 0xFFCA, 0xDFCA, 0x7FDB, 0xDFE3, 0xDFE3, 0xDFDB, 
  0x1FE4, 0xF6A2, 0x2B4A, 0x4B42, 0x6C42, 0x8D52, 0x6C4A, 0xAC4A, 0xAD4A, 0x6D4A, 0x8C4A, 0x4E5A, 0xBED3, 0xFFE3, 0xDFE3, 0xDFE3, 
  0xBFE3, 0xDFE3, 0xDFE3, 0xDFE3, 0xDFE3, 0xBFE3, 0xBFE3, 0xDFE3, 0xDFE3, 0xDFE3, 0xBFEB, 0xBFE3, 0x1FE4, 0x169B, 0x2B4A, 0xAD4A, 
  0x716A, 0x9DD4, 0xDEED, 0x7ED3, 0x5DDC, 0xBFFF, 0x3FFF, 0x79B3, 0x8F52, 0xAC4A, 0x6C4A, 0x4C42, 0xB17A, 0x5FD3, 0x5FD3, 0x59B3, 
  0xCE4A, 0x8C4A, 0x2A42, 0x8C4A, 0x8C4A, 0x6C4A, 0xCE52, 0xAD4A, 0xAE52, 0xAD52, 0xAD4A, 0xAD4A, 0xAE52, 0xAE4A, 0xAE4A, 0x8D4A, 
  0xAE52, 0xAE52, 0xAE4A, 0xAD4A, 0x4D52, 0xF9BB, 0xDFFF, 0xDEF6, 0x7CCB, 0xDFE3, 0xBFE3, 0xDFE3, 0xDFE3, 0xDFEB, 0x3ECB, 0xBEEE, 
  0xFFFF, 0x5EEE, 0x5EDB, 0xBEDB, 0xBFEB, 0xBFE3, 0x9ED3, 0x9EDC, 0x7ED3, 0xFFEB, 0x179B, 0xAE52, 0xAE4A, 0x8C4A, 0xAD4A, 0x4942, 
  0x0A42, 0x6C4A, 0x4A42, 0x6B4A, 0x4B4A, 0x4A42, 0x4A42, 0x8C4A, 0xAD4A, 0x6B4A, 0x8C4A, 0x4B42, 0x6B4A, 0x6B4A, 0x8C4A, 0xCE52, 
  0xEF5A, 0x8D4A, 0x8D4A, 0x6C4A, 0x8C4A, 0x6C4A, 0x4B42, 0x6B42, 0x8B4A, 0x8C4A, 0x4B42, 0x6B4A, 0x6A42, 0x4A42, 0x8C52, 0x4B42, 
  0x4A42, 0x2942, 0x4A4A, 0x0A42, 0x36A3, 0xDDDB, 0x1062, 0xBCCB, 0xDFEB, 0xDFDB, 0xFFDB, 0xDFE3, 0xDFE3, 0xDFE3, 0xFFEB, 0x1593, 
  0x2C4A, 0x8C4A, 0x8C4A, 0xAD52, 0x4D52, 0x7AB3, 0xFFEB, 0xBFE3, 0xDFE3, 0xDFE3, 0xDFE3, 0xDFE3, 0xDFE3, 0xDFE3, 0xDFE3, 0xDFE3, 
  0xDFE3, 0xDFE3, 0xDFE3, 0xDFE3, 0xDFE3, 0xDFEB, 0xDFE3, 0xBFE3, 0xBFE3, 0xDFE3, 0xDFE3, 0xBFE3, 0xBFEB, 0xDFEB, 0xDFE3, 0xBFDB, 
  0xDFE3, 0xDFE3, 0xDFE3, 0xDFE3, 0xBFE3, 0xBFEB, 0xBFEB, 0xBFE3, 0xDFE3, 0xDFE3, 0xDFE3, 0xDFE3, 0xDFE3, 0xDFE3, 0xBFEB, 0xBFEB, 
  0xBFEB, 0xBFEB, 0xDFE3, 0xDFE3, 0xBFEB, 0xBFE3, 0xDFDB, 0xDFE3, 0xF59A, 0x906A, 0xD592, 0xDFE3, 0x9FEB, 0xBFE3, 0xBFEB, 0xBFE3, 
  0xBFE3, 0xDFEB, 0xBFEB, 0xBFE3, 0xDFE3, 0xBFE3, 0xDFE3, 0xDFE3, 0xDFE3, 0xDFE3, 0xBFE3, 0xBFEB, 0x9FE3, 0x9FE3, 0xFFCA, 0xFFCA, 
  0xFFCA, 0xFFCA, 0xFFCA, 0xFFCA, 0xDFCA, 0xDFCA, 0xFFCA, 0xFFCA, 0xFFCA, 0xFFCA, 0xDFCA, 0x3FD3, 0xDFE3, 0xBFEB, 0xBFE3, 0xDFEB, 
  0xBDCB, 0x905A, 0xEF52, 0xCF52, 0xCE52, 0xCF5A, 0x8D4A, 0xCE52, 0xCF52, 0xAD4A, 0x4B4A, 0x2C52, 0x7ABB, 0xFFEB, 0xBFE3, 0xDFE3, 
  0xDFE3, 0xBFEB, 0xDFE3, 0xDFE3, 0xDFE3, 0xDFE3, 0xBFE3, 0xBFE3, 0xBFEB, 0xBFEB, 0xBFEB, 0xDFE3, 0xBFE3, 0xBFDB, 0xD592, 0x6C4A, 
  0x8C4A, 0x7482, 0x3FEE, 0x1EEE, 0xBDBA, 0x3EEE, 0xFFFF, 0x7EE5, 0x9482, 0x8C4A, 0x8D52, 0x6D4A, 0x38A3, 0x5FDB, 0x9FDB, 0xB17A, 
  0x6A42, 0xAC4A, 0x6B4A, 0x8B4A, 0xAC4A, 0x8C4A, 0xCE52, 0xAD4A, 0xAD4A, 0xAD4A, 0xCE52, 0xCF52, 0xD05A, 0xF15A, 0x8D4A, 0x8C4A, 
  0x2A42, 0x6C4A, 0xAD4A, 0xCD52, 0x6B4A, 0xB482, 0x9FF6, 0xFFFF, 0x3DD4, 0x7FDB, 0xDFEB, 0xDFE3, 0xDFE3, 0xFFE3, 0x3ED3, 0x7DDD, 
  0xFFFF, 0x1FF7, 0x9DD3, 0xDFE3, 0xBFE3, 0xDFEB, 0x5ED3, 0xDEED, 0xFED3, 0xFFE3, 0x38A3, 0x2C4A, 0xCC4A, 0x6C4A, 0x4C4A, 0x4A42, 
  0x6B4A, 0x8D52, 0x8D4A, 0xAD52, 0x4A42, 0x4A42, 0x8D4A, 0x8B4A, 0x6B4A, 0x6C4A, 0x8D52, 0x4B42, 0x6B4A, 0xAC52, 0xAD4A, 0x8E4A, 
  0xEF52, 0xAE52, 0x8D4A, 0xAD4A, 0x6B42, 0x6B42, 0xAD4A, 0x8D4A, 0x8C4A, 0x6B4A, 0x4A42, 0x2A42, 0x4A4A, 0x4A42, 0x4A42, 0x4A42, 
  0x6B4A, 0x4942, 0x4A4A, 0x4B4A, 0xB172, 0x3FEC, 0xB48A, 0x727A, 0xFFEB, 0xDFE3, 0xFFE3, 0xDFE3, 0xDFE3, 0xDFE3, 0xBFE3, 0xFFE3, 
  0x579B, 0x2E52, 0xCC4A, 0x4942, 0xC939, 0x9282, 0x1FEC, 0xDFDB, 0xDFE3, 0xDFE3, 0xDFE3, 0xDFE3, 0xDFE3, 0xDFE3, 0xDFE3, 0xDFE3, 
  0xDFE3, 0xDFE3, 0xDFDB, 0xDFDB, 0xDFE3, 0xDFE3, 0xDFE3, 0xDFE3, 0xBFE3, 0xDFE3, 0xBFE3, 0xDFE3, 0xDFE3, 0xDFE3, 0xBFE3, 0xDFE3, 
  0xDFE3, 0xDFE3, 0xDFE3, 0xDFE3, 0xBFE3, 0xBFE3, 0xBFEB, 0xDFE3, 0xDFE3, 0xDFE3, 0xDFE3, 0xDFE3, 0xDFE3, 0xBFEB, 0xBFEB, 0xBFEB, 
  0xBFEB, 0xBFEB, 0xBFEB, 0xDFE3, 0xDFE3, 0xBFEB, 0xDEE3, 0x9382, 0x2C42, 0x8B42, 0x716A, 0xDEDB, 0x9FEB, 0xBFE3, 0xBFEB, 0xBFE3, 
  0xBFE3, 0xBFEB, 0x9FEB, 0xBFEB, 0xDFEB, 0xBFE3, 0xBFE3, 0xBFE3, 0xDFE3, 0xDFE3, 0xDFE3, 0xBFE3, 0xDFEB, 0x3FD3, 0xDFC2, 0xFFC2, 
  0xFFCA, 0xFFCA, 0xFFCA, 0xFFCA, 0xFFCA, 0xFFCA, 0xFFCA, 0xFFCA, 0xFFCA, 0xFFCA, 0xFFCA, 0xBFE3, 0xDFE3, 0xBFE3, 0xBFEB, 0xFFE3, 
  0x168B, 0xCF52, 0xCF52, 0x305B, 0x6D4A, 0x8C4A, 0x8C4A, 0x8D4A, 0xAE52, 0x6C42, 0xB062, 0x6C4A, 0x16A3, 0xFFEB, 0xBFE3, 0xDFE3, 
  0xDFE3, 0xBFE3, 0xDFEB, 0xDFE3, 0xDFE3, 0xDFE3, 0xDFE3, 0xBFE3, 0xBFEB, 0xBFEB, 0xDFE3, 0xDFE3, 0xDFE3, 0x7FE3, 0x7DCB, 0x7172, 
  0x8D4A, 0xAF52, 0x59AB, 0x7FFF, 0x3DDD, 0xDCCB, 0xDFFF, 0x5FFF, 0xDBC3, 0xB062, 0xAD4A, 0x8E52, 0x7BBB, 0x7FE3, 0x9CC3, 0x4D5A, 
  0x2A42, 0x6C4A, 0x6C4A, 0x4B42, 0x6C42, 0x8D4A, 0xAE52, 0x6C4A, 0xCE52, 0xCE52, 0xAD4A, 0xAE52, 0xAE52, 0xCE5A, 0x6D4A, 0xAC4A, 
  0x4A42, 0x8C4A, 0x8E52, 0x8D4A, 0x8B4A, 0x2F52, 0xDCD4, 0xFFFF, 0xBEE5, 0x1ED3, 0xDFE3, 0xBFEB, 0xDFE3, 0xFFE3, 0x7FE3, 0x5DCC, 
  0xFFFF, 0xBFFF, 0xFDD3, 0x9FE3, 0xDFE3, 0xDFEB, 0x5ED3, 0xFEED, 0xDDE4, 0xBFE3, 0x9ABB, 0x0B4A, 0xAC4A, 0x8C4A, 0x6C4A, 0x4A42, 
  0x8B4A, 0x4A42, 0x8C4A, 0xAD4A, 0x4B42, 0x4A42, 0x6B4A, 0x0942, 0x2A42, 0x4B42, 0x6C4A, 0x4B42, 0xAC52, 0x8C4A, 0x8D4A, 0xCE52, 
  0xAE4A, 0x8D4A, 0x8D4A, 0x8C4A, 0x4B42, 0x8B4A, 0x8C4A, 0x8C4A, 0x8C4A, 0xCD52, 0x6B4A, 0x6B4A, 0x8B4A, 0x2942, 0x4A4A, 0x6C4A, 
  0x8B4A, 0x2842, 0x0942, 0x4B42, 0x2D52, 0xBCCB, 0xDDD3, 0x0C52, 0x169B, 0xFFEB, 0xBFE3, 0xDFE3, 0xDFE3, 0xBFEB, 0xDFE3, 0xDFE3, 
  0x1FE4, 0x58AB, 0x0D52, 0x0842, 0x4942, 0x4E62, 0xDFE3, 0xDFE3, 0xFFDB, 0xDFE3, 0xDFE3, 0xDFE3, 0xDFE3, 0xDFE3, 0xDFE3, 0xDFE3, 
  0xDFE3, 0xDFE3, 0xDFE3, 0xDFE3, 0xDFE3, 0xDFE3, 0xDFE3, 0xDFE3, 0xDFE3, 0xDFE3, 0xDFE3, 0xDFE3, 0xDFE3, 0xDFE3, 0xBFEB, 0xBFEB, 
  0xDFE3, 0xDFE3, 0xBFE3, 0xDFEB, 0xBFE3, 0xBFE3, 0xBFE3, 0xBFE3, 0xDFE3, 0xDFE3, 0xDFE3, 0xBFE3, 0xBFEB, 0xBFEB, 0xBFEB, 0xBFEB, 
  0xBFEB, 0xBFEB, 0xBFE3, 0xBFE3, 0xBFE3, 0x1FEC, 0x16A3, 0x4C42, 0x0F53, 0x4F5A, 0x59B3, 0xFFEB, 0xBFE3, 0xBFE3, 0xBFEB, 0xDFEB, 
  0xBFE3, 0xBFEB, 0xBFEB, 0xBFEB, 0xBFEB, 0xBFEB, 0x9FEB, 0xBFEB, 0xBFEB, 0xBFEB, 0xBFEB, 0xBFE3, 0x7FDB, 0xFECA, 0xFFCA, 0xFFC2, 
  0xFFCA, 0xFFCA, 0xFFCA, 0xFFCA, 0xFFCA, 0xFFCA, 0xFFCA, 0xFFCA, 0xDFCA, 0xFFCA, 0x9FE3, 0xDFEB, 0xDFE3, 0xBFE3, 0xFFEB, 0x59AB, 
  0xAE4A, 0xAE52, 0x6C4A, 0xCE52, 0x8C4A, 0x6B4A, 0x6B4A, 0x8C4A, 0x8C4A, 0xEE52, 0xF162, 0x6D4A, 0xB06A, 0xDEE3, 0xBFEB, 0xDFE3, 
  0xDFE3, 0xDFE3, 0xDFE3, 0xBFE3, 0xDFE3, 0xDFE3, 0xDFE3, 0xBFE3, 0xBFE3, 0xBFE3, 0xDFE3, 0xBFE3, 0xBFE3, 0xBFEB, 0x5EDB, 0x3CBB, 
  0xB16A, 0xAB42, 0x2F62, 0xBBD4, 0xFFFF, 0x7DDD, 0x3FF7, 0xFFFF, 0xBFED, 0x958A, 0x8C42, 0x6C52, 0x7AC3, 0xFFF3, 0x58A3, 0x4C4A, 
  0x8C4A, 0x8C4A, 0x8C4A, 0xCD52, 0x8D4A, 0xEF5A, 0xAE52, 0x6B42, 0x8C4A, 0xAE52, 0x8B4A, 0x8C4A, 0x4B42, 0x8C4A, 0xCE52, 0xAE52, 
  0xCD52, 0x8C4A, 0x6B4A, 0x6C42, 0xAD52, 0x6D4A, 0x779B, 0x7FFF, 0x7FFF, 0x5DC3, 0x9FE3, 0xDFEB, 0xDFE3, 0xDFE3, 0xBFEB, 0x7DCB, 
  0x3EF7, 0xFFFF, 0xDDD4, 0x5FDB, 0xDFEB, 0xDFEB, 0x7EDB, 0xBEE5, 0xFEED, 0x5FE3, 0xBBC3, 0x4B4A, 0x4B42, 0x8D4A, 0x105B, 0x8C4A, 
  0x6C4A, 0x2A42, 0x6C4A, 0xAD52, 0x6A42, 0x2A42, 0x2A42, 0xF062, 0x8C52, 0x6A42, 0xCD52, 0x8D52, 0x8D4A, 0x8D4A, 0xCE52, 0xAD4A, 
  0xCE52, 0x6C42, 0x6C4A, 0xAC52, 0x6C4A, 0x6B4A, 0x4A42, 0x4A42, 0x4C4A, 0x6C4A, 0x2A42, 0x4B42, 0x4942, 0x6B4A, 0x6B4A, 0x8C4A, 
  0x6B4A, 0x4A4A, 0x2A42, 0x8A4A, 0x4C4A, 0xD58A, 0x3FF4, 0x1593, 0xEA49, 0x9AC3, 0xFFE3, 0xDFDB, 0xBFEB, 0xBFE3, 0xDFE3, 0xBFEB, 
  0xBFE3, 0x1FE4, 0xBCCB, 0x9382, 0x0B4A, 0x2B4A, 0xBCD3, 0xDFE3, 0xFFDB, 0xDFE3, 0xDFE3, 0xDFE3, 0xDFE3, 0xDFE3, 0xDFE3, 0xDFE3, 
  0xDFE3, 0xDFE3, 0xDFE3, 0xDFE3, 0xBFE3, 0xDFE3, 0xDFE3, 0xDFE3, 0xDFE3, 0xDFE3, 0xDFE3, 0xDFE3, 0xDFE3, 0xDFE3, 0xDFE3, 0xBFEB, 
  0xDFEB, 0xBFE3, 0xBFE3, 0xBFE3, 0xBFE3, 0xBFEB, 0xBFEB, 0x9FE3, 0x9FEB, 0xBFEB, 0xBFEB, 0xBFEB, 0xBFEB, 0xBFEB, 0xBFEB, 0xBFEB, 
  0xBFEB, 0xBFE3, 0xDFE3, 0xDFE3, 0xBFF3, 0xDFDB, 0x926A, 0x8F52, 0x9272, 0x7BBB, 0xFFE3, 0xDFE3, 0xBFE3, 0xBFEB, 0xBFEB, 0xBFE3, 
  0xBFE3, 0xBFEB, 0xBFEB, 0xBFEB, 0xBFEB, 0xBFE3, 0xBFE3, 0xDFE3, 0xBFE3, 0xBFE3, 0xBFEB, 0xBFE3, 0xFECA, 0xFFCA, 0xFFC2, 0xFFC2, 
  0xFFCA, 0xFFCA, 0xFFCA, 0xFFCA, 0xFFCA, 0xFFC2, 0xFFC2, 0xFFCA, 0xDFCA, 0x5FDB, 0xDFEB, 0xBFE3, 0xBFEB, 0xDFEB, 0xDED3, 0x706A, 
  0xAC4A, 0xAD4A, 0x8C4A, 0xAD52, 0x8D52, 0x4B42, 0x4B4A, 0x6C4A, 0x8C4A, 0xCE52, 0xAF52, 0x6C4A, 0x4B42, 0x7ABB, 0xFFEB, 0xBFE3, 
  0xDFE3, 0xDFE3, 0xDFE3, 0xBFEB, 0xDFE3, 0xDFE3, 0xDFE3, 0xDFE3, 0xBFE3, 0xBFE3, 0xBFEB, 0xBFEB, 0xDFE3, 0xDFEB, 0x9FE3, 0xBFDB, 
  0x7AAB, 0x6E52, 0x8D4A, 0x9482, 0x3EEE, 0xFFFF, 0xDFFF, 0xFFFF, 0x9FFF, 0xDBC3, 0x4E5A, 0x0942, 0x38AB, 0x1FF4, 0xF382, 0x4A42, 
  0x8C4A, 0xAD4A, 0xCE52, 0x8D4A, 0xCF52, 0x1063, 0x6D4A, 0x8C4A, 0xAC52, 0x6B42, 0x8C4A, 0xAD52, 0x4C42, 0x8D4A, 0x8D4A, 0x8D4A, 
  0x8C4A, 0x4B42, 0x8D4A, 0xCF52, 0x8D4A, 0x6C4A, 0x516A, 0xBEE5, 0xFFFF, 0x9DD4, 0xFFD2, 0xDFEB, 0xDFE3, 0xDFE3, 0xDFEB, 0x1ED3, 
  0xFEE5, 0xFFFF, 0xFEE5, 0x1ECB, 0xDFEB, 0xDFEB, 0x9FDB, 0x1DDD, 0xDFF6, 0x7FDB, 0xDDDB, 0x4C52, 0x4B42, 0x6B42, 0x6C4A, 0x6C4A, 
  0x8C4A, 0x4B42, 0xCE52, 0xAD52, 0x4A42, 0x2A42, 0x8D52, 0x6D52, 0x2A42, 0x6B42, 0x4C42, 0x8D4A, 0xCD52, 0x6B4A, 0x6B4A, 0x4B42, 
  0x8C4A, 0x6C4A, 0x8C4A, 0x6B4A, 0x6B4A, 0x4A4A, 0x694A, 0x4A42, 0x8C4A, 0x8C4A, 0x6A4A, 0x8B4A, 0x4A42, 0x6A4A, 0x8C4A, 0x8D4A, 
  0x8C4A, 0x4B42, 0x6C4A, 0x293A, 0x8B4A, 0x6E5A, 0x9CCB, 0xDEE3, 0x4D5A, 0x906A, 0xFEDB, 0xFFE3, 0xDFE3, 0xDFE3, 0xBFE3, 0xBFEB, 
  0xDFE3, 0xDFE3, 0xDFEB, 0xFFE3, 0x99BB, 0x4F6A, 0x18A3, 0xFFEB, 0xBFE3, 0xDFE3, 0xDFE3, 0xDFE3, 0xDFE3, 0xDFE3, 0xDFE3, 0xDFE3, 
  0xDFE3, 0xBFE3, 0xBFEB, 0xBFE3, 0xBFE3, 0xDFE3, 0xDFE3, 0xDFE3, 0xDFE3, 0xDFE3, 0xDFE3, 0xBFE3, 0xDFE3, 0xDFE3, 0xDFE3, 0xBFEB, 
  0xBFE3, 0xBFE3, 0xDFEB, 0xBFE3, 0xBFE3, 0xDFEB, 0xBFEB, 0xBFEB, 0xBFEB, 0xBFEB, 0xBFEB, 0xBFEB, 0xBFEB, 0xBFEB, 0xBFEB, 0xBFEB, 
  0x9FE3, 0xBFEB, 0xDFE3, 0xBFE3, 0xBFF3, 0x3ED3, 0xD9AA, 0x9BCB, 0xDEDB, 0xBFF3, 0x9FF3, 0xBFEB, 0xBFE3, 0xBFEB, 0xBFEB, 0xBFEB, 
  0xBFE3, 0xBFEB, 0xBFEB, 0xBFEB, 0xBFE3, 0xBFE3, 0xDFE3, 0xDFE3, 0xDFE3, 0xBFE3, 0xBFEB, 0x3FDB, 0xDFC2, 0xFFCA, 0xFFC2, 0xFFCA, 
  0xFFCA, 0xFFCA, 0xFFCA, 0xFFCA, 0xFFCA, 0xFFCA, 0xFFCA, 0xDFCA, 0x5FDB, 0xDFEB, 0xBFE3, 0xBFEB, 0xBFE3, 0x1FEC, 0x169B, 0x6D4A, 
  0xCE52, 0x6C42, 0x6C4A, 0xAE52, 0x516B, 0x8D4A, 0x6C4A, 0xAD52, 0x8C4A, 0x8D4A, 0xAF52, 0x8D4A, 0x493A, 0x917A, 0x1FE4, 0xBFE3, 
  0xBFEB, 0xDFE3, 0xDFE3, 0xBFE3, 0xDFE3, 0xDFE3, 0xDFE3, 0xDFE3, 0xBFE3, 0xBFE3, 0xBFEB, 0xBFEB, 0xDFE3, 0xDFE3, 0xBFEB, 0xFEDB, 
  0x7EED, 0xF282, 0x8D4A, 0x6F52, 0x78AB, 0x3FFF, 0xFFFF, 0xDFFF, 0xFFFF, 0xFEED, 0x738A, 0xE939, 0xD38A, 0x3FEC, 0xB27A, 0x4B42, 
  0x4B42, 0x6B42, 0x6C4A, 0x8C4A, 0x8C4A, 0x4C42, 0x4C4A, 0x6B4A, 0xAC52, 0x6B42, 0x8D4A, 0x8D4A, 0x0F5B, 0xCF52, 0xAE52, 0xCE52, 
  0xCE52, 0xAD4A, 0xAD4A, 0xAD52, 0xAD4A, 0x6B4A, 0x6E5A, 0x5CC4, 0xDFFF, 0x5EEE, 0xDEBA, 0x9FDB, 0xDFEB, 0xDFE3, 0xFFEB, 0x5FDB, 
  0xBDD4, 0xFFFF, 0x1FF7, 0x5DC3, 0xBFE3, 0xDFE3, 0xBFE3, 0x7ED4, 0x7FFF, 0x1EDC, 0xBEE3, 0x6F62, 0x2A42, 0xCD52, 0x8C4A, 0xCE52, 
  0xCE52, 0x6D4A, 0x6C4A, 0x6B4A, 0xAD52, 0x4B42, 0x4B4A, 0x2B4A, 0x2B42, 0xAD52, 0xAD52, 0x8D4A, 0xAD52, 0x6B4A, 0x4B42, 0x6B4A, 
  0x8C4A, 0xAC52, 0x8C52, 0x4A42, 0x2A42, 0x2942, 0x6A4A, 0x6B4A, 0x8C4A, 0x8C4A, 0x6B4A, 0x6B4A, 0x6B4A, 0x4B4A, 0x6D4A, 0x6C4A, 
  0x6C4A, 0x8C4A, 0xAC4A, 0x6A42, 0x6B4A, 0x4942, 0x7282, 0x1FF4, 0x79AB, 0xCB41, 0xB382, 0x3EE4, 0xDFE3, 0xDFE3, 0xDFE3, 0xDFE3, 
  0xDFE3, 0xDFE3, 0xDFE3, 0xDFE3, 0xDFEB, 0xBEDB, 0x5BC3, 0xDEE3, 0xDFE3, 0xDFE3, 0xDFE3, 0xDFE3, 0xDFE3, 0xDFE3, 0xDFE3, 0xDFE3, 
  0xDFE3, 0xBFE3, 0x9FE3, 0x9FE3, 0xBFEB, 0xDFE3, 0xDFE3, 0xBFE3, 0xBFE3, 0xBFE3, 0xDFE3, 0xBFE3, 0xDFE3, 0xDFE3, 0xDFE3, 0xBFEB, 
  0xBFE3, 0xDFE3, 0xDFE3, 0xBFE3, 0xBFE3, 0xDFE3, 0xDFE3, 0xBFE3, 0xBFEB, 0xBFEB, 0x9FEB, 0x9FE3, 0xBFEB, 0xBFEB, 0xBFEB, 0x9FE3, 
  0xBFE3, 0xDFE3, 0xBFEB, 0xBFEB, 0xDFE3, 0xDFE3, 0x9FEB, 0xDFEB, 0xBFEB, 0xBFE3, 0xBFEB, 0xDFE3, 0xBFEB, 0x9FEB, 0xBFEB, 0xBFE3, 
  0xBFE3, 0xBFE3, 0xBFE3, 0xBFEB, 0xBFEB, 0xBFE3, 0xDFE3, 0xDFE3, 0xBFE3, 0xBFEB, 0x7FE3, 0xDECA, 0xFFCA, 0xFFC2, 0xFFCA, 0xFFCA, 
  0xFFCA, 0xFFCA, 0xFFCA, 0xFFCA, 0xFFCA, 0xFFCA, 0xDFCA, 0x3FD3, 0xDFEB, 0xBFEB, 0xBFE3, 0xBFE3, 0xDFEB, 0xBBCB, 0x6F62, 0xCF52, 
  0xCE4A, 0xAD52, 0x8C4A, 0xAE52, 0x8E52, 0xCE52, 0x8D4A, 0xAE52, 0xAF52, 0xAE4A, 0xAC4A, 0x8D52, 0x8B4A, 0x4D52, 0x9BC3, 0xFFEB, 
  0x9FEB, 0xBFE3, 0xDFE3, 0xBFE3, 0xDFE3, 0xDFE3, 0xDFE3, 0xDFE3, 0xDFE3, 0xBFE3, 0xBFEB, 0xBFEB, 0xBFE3, 0xBFE3, 0xBFEB, 0xBEDB, 
  0xFEE4, 0x7CDD, 0x2F62, 0xCE4A, 0x6F5A, 0x7BCC, 0xDFFF, 0xDFFF, 0xFFFF, 0x9FFF, 0xFABB, 0xEB49, 0x4C5A, 0xFEDB, 0x158B, 0x6B4A, 
  0x8B4A, 0x4A42, 0x4B4A, 0x8C4A, 0x4A42, 0xAC52, 0xAD52, 0x8D4A, 0x8D4A, 0xAD4A, 0xAE52, 0xAE52, 0xAE52, 0x8D4A, 0x6B4A, 0x8D4A, 
  0xF05A, 0xCE52, 0x8C4A, 0x6C4A, 0xAD4A, 0x6B4A, 0x4C4A, 0xF692, 0xFFF6, 0x9FFF, 0x7DC3, 0xFFCA, 0x9FE3, 0xBFEB, 0xFFE3, 0xBFDB, 
  0xBDCB, 0x9FFF, 0xDFFF, 0xFECB, 0x7FDB, 0xDFE3, 0xBFE3, 0xFDD3, 0x9FFF, 0xDDDC, 0x9FEB, 0xD27A, 0x6C4A, 0x8C52, 0x8D4A, 0xAE4A, 
  0xF052, 0xAD4A, 0x2A42, 0x6B4A, 0x6A42, 0x8C4A, 0x8D4A, 0x6B4A, 0x2942, 0x8C4A, 0x8C4A, 0xAD4A, 0x6B42, 0x6C4A, 0x8D52, 0x6B4A, 
  0x8C4A, 0x6B4A, 0x6B4A, 0x6B4A, 0x4942, 0x4A42, 0x8D4A, 0xEF5A, 0x6D4A, 0x8D4A, 0xAD52, 0x2942, 0x0A42, 0xCF5A, 0xCF5A, 0x8C4A, 
  0xAD4A, 0x8C4A, 0x2942, 0x6C4A, 0x4B4A, 0x2942, 0x0A4A, 0x79BB, 0x1FEC, 0x7072, 0xE941, 0x58AB, 0x1FE4, 0xDFDB, 0xDFE3, 0xDFE3, 
  0xDFE3, 0xDFE3, 0xDFE3, 0xDFE3, 0xBFE3, 0xBFEB, 0xFFEB, 0xFEE3, 0xDFE3, 0xBFE3, 0xDFE3, 0xDFE3, 0xDFDB, 0xDFE3, 0xDFE3, 0xDFE3, 
  0xDFE3, 0xBFE3, 0xBFE3, 0xBFEB, 0xBFE3, 0xDFE3, 0xBFE3, 0xBFEB, 0xBFEB, 0xBFEB, 0xBFE3, 0xBFEB, 0xDFE3, 0xDFE3, 0xDFE3, 0xBFEB, 
  0xDFE3, 0xDFE3, 0xDFE3, 0xDFE3, 0xBFE3, 0xBFE3, 0xBFE3, 0xBFE3, 0xBFE3, 0xBFEB, 0xBFE3, 0x9FE3, 0x9FE3, 0xBFEB, 0xBFEB, 0xBFEB, 
  0xBFE3, 0xBFE3, 0xBFEB, 0xBFEB, 0xBFE3, 0xDFE3, 0xBFE3, 0xBFE3, 0x9FEB, 0x9FEB, 0xBFEB, 0xBFEB, 0x9FEB, 0x9FEB, 0xBFEB, 0xBFEB, 
  0xBFEB, 0xBFE3, 0xBFE3, 0xBFE3, 0xBFEB, 0xBFEB, 0xBFEB, 0xBFEB, 0xBFEB, 0xBFEB, 0x1FD3, 0xFFCA, 0xFFCA, 0xFFCA, 0xFFCA, 0xFFCA, 
  0xFFCA, 0xFFCA, 0xFFCA, 0xFFCA, 0xFFC2, 0xFFC2, 0x1FD3, 0xDFE3, 0xBFE3, 0xBFEB, 0xDFE3, 0xBFEB, 0xFFEB, 0xD47A, 0x6D52, 0x8D4A, 
  0xAD4A, 0x8C52, 0x6C4A, 0x6D4A, 0xAE52, 0xCF52, 0xEF52, 0xCF52, 0xAF52, 0x8C4A, 0x8B42, 0xAD52, 0xCF52, 0xAE42, 0xF48A, 0xFFEB, 
  0xBFEB, 0xDFE3, 0xDFE3, 0xDFE3, 0xDFE3, 0xDFE3, 0xDFE3, 0xDFE3, 0xDFE3, 0xBFE3, 0xBFE3, 0xBFEB, 0xBFE3, 0xBFE3, 0xBFEB, 0xDFE3, 
  0x9EDB, 0x3FF6, 0x58BC, 0x925A, 0xAE4A, 0x7272, 0x9EE5, 0xFFFF, 0xDFFF, 0xFFFF, 0xDEED, 0x9282, 0x2A42, 0x7AB3, 0xF6A2, 0x4B42, 
  0xAD52, 0x8C52, 0x6C4A, 0x6B4A, 0x6B4A, 0x8B4A, 0x6B4A, 0x4B42, 0x6A42, 0xAC4A, 0x6C4A, 0xAD52, 0x8D4A, 0x6C4A, 0x8D4A, 0x6C42, 
  0x8C4A, 0xAD4A, 0xAE4A, 0xCE52, 0xCE52, 0x8E4A, 0xCF52, 0x936A, 0x3DDD, 0xFFFF, 0xDED4, 0x9EC2, 0x7FD3, 0xBFEB, 0xDFE3, 0xFFE3, 
  0x3ECB, 0x5EEE, 0xFFFF, 0x1EDD, 0x3ECB, 0xFFE3, 0xBFE3, 0x7DD3, 0x3FF7, 0xBEE5, 0x9FE3, 0xD592, 0x293A, 0x4A42, 0x4B42, 0x8C4A, 
  0x8C4A, 0x2A42, 0x8C4A, 0xAF52, 0x8D4A, 0xCF52, 0x8D4A, 0x4B42, 0x4A42, 0x2A42, 0x6A42, 0x4B42, 0x8E52, 0x8D52, 0x4B4A, 0xAD4A, 
  0x8C4A, 0x4B42, 0x4B4A, 0x4A42, 0x4A42, 0x8B4A, 0x6C4A, 0xAD4A, 0x4B42, 0x8C4A, 0x8C4A, 0x2A42, 0x4A4A, 0x4B4A, 0x4B4A, 0x8C4A, 
  0x4A42, 0x4942, 0x2942, 0x6B4A, 0x6B4A, 0x2942, 0x293A, 0x6F6A, 0xFEE3, 0xBDDB, 0x6D5A, 0x2E52, 0xDCCB, 0xFFE3, 0xDEE3, 0xBFEB, 
  0xDFE3, 0xDFE3, 0xDFE3, 0xDFE3, 0xDFE3, 0xDFE3, 0xDFE3, 0xDFE3, 0xDFE3, 0xDFE3, 0xDFE3, 0xDFE3, 0xDFE3, 0xDFE3, 0xDFE3, 0xDFE3, 
  0xDFE3, 0xDFE3, 0xDFE3, 0xDFEB, 0xBFE3, 0xBFEB, 0xBFE3, 0xBFE3, 0xBFE3, 0xDFE3, 0xDFE3, 0xDFE3, 0xDFE3, 0xDFE3, 0xBFE3, 0xDFEB, 
  0xDFE3, 0xDFE3, 0xDFE3, 0xBFE3, 0xBFE3, 0xBFEB, 0xBFEB, 0xDFE3, 0xDFE3, 0xDFE3, 0xBFE3, 0xBFE3, 0xBFE3, 0xBFEB, 0x9FE3, 0xBFEB, 
  0xBFE3, 0xBFEB, 0xBFEB, 0xBFEB, 0xBFEB, 0xBFEB, 0x9FE3, 0xBFEB, 0xBFEB, 0xBFEB, 0xBFEB, 0xBFEB, 0xBFEB, 0xBFEB, 0xBFE3, 0xBFE3, 
  0xBFE3, 0xBFE3, 0xBFE3, 0xDFE3, 0xBFE3, 0xBFEB, 0xBFEB, 0xBFEB, 0xBFEB, 0x5FDB, 0xFFC2, 0xFFCA, 0xFFCA, 0xFFCA, 0xFFCA, 0xFFCA, 
  0xFFCA, 0xFFCA, 0xFFCA, 0xFFCA, 0xFFC2, 0xFFCA, 0x9FE3, 0xBFEB, 0xBFEB, 0xDFE3, 0xDFE3, 0xFFF3, 0x38A3, 0xAF52, 0x8C4A, 0x6B4A, 
  0x8C4A, 0x8D52, 0x8D52, 0x8D4A, 0xAE4A, 0x0F5B, 0xCF52, 0x8D4A, 0x6B42, 0xAC52, 0x4B42, 0x6C4A, 0x8C4A, 0x8B42, 0x4E5A, 0xBDD3, 
  0xDFEB, 0xBFE3, 0xBFE3, 0xDFE3, 0xDFE3, 0xDFE3, 0xBFE3, 0xBFE3, 0xDFE3, 0xBFE3, 0xBFE3, 0xBFE3, 0xDFE3, 0xDFE3, 0xDFE3, 0xDFE3, 
  0x7FE3, 0x9EDC, 0x9FF6, 0x168B, 0xAE5A, 0x8E52, 0x1693, 0xBEF6, 0xFFFF, 0xFFFF, 0x7FFF, 0xDABB, 0x6F52, 0xB16A, 0x77AB, 0x6C4A, 
  0x6C42, 0xAD52, 0x4B42, 0x6B4A, 0x6B4A, 0xAC4A, 0x6B42, 0x6B4A, 0x6C4A, 0x6C4A, 0x8D4A, 0xAD4A, 0x6C4A, 0x6C4A, 0xCE52, 0xAD4A, 
  0xAC4A, 0x6B4A, 0x2B42, 0x6C4A, 0xAD52, 0x8D4A, 0xF05A, 0x2D4A, 0xB9AB, 0xDFFF, 0x1EEE, 0xBEC2, 0x1FC3, 0xBFE3, 0xDFEB, 0xFFE3, 
  0x3ED3, 0x1DDD, 0xFFFF, 0x3EEE, 0x3DCB, 0xDFE3, 0xDFE3, 0x7EDB, 0x9EEE, 0x9EF6, 0x9FE3, 0x58B3, 0x6B42, 0xAD52, 0xAD52, 0xAC52, 
  0x6B4A, 0xAD52, 0xEF52, 0x0F5B, 0x125B, 0x1263, 0xAF52, 0xAD52, 0xCE52, 0x8D4A, 0x6C4A, 0x8C4A, 0xCD5A, 0x4B4A, 0x6B4A, 0x8C4A, 
  0x8D4A, 0x8C4A, 0x4B42, 0x4A42, 0x2B42, 0x8C4A, 0xAC4A, 0x6B4A, 0x4B42, 0x6B4A, 0x6C4A, 0x4B4A, 0x4A42, 0x4A42, 0x6B4A, 0x6C4A, 
  0x0A42, 0x2942, 0x4A4A, 0x0942, 0x2942, 0x4A4A, 0x8B4A, 0x2B42, 0xF59A, 0x1FF4, 0x37AB, 0x0B42, 0x9072, 0xDEDB, 0xDFE3, 0xDFE3, 
  0xDFE3, 0xDFE3, 0xDFE3, 0xDFE3, 0xDFE3, 0xDFE3, 0xDFE3, 0xDFE3, 0xDFE3, 0xDFE3, 0xDFE3, 0xBFE3, 0xDFE3, 0xDFE3, 0xBFE3, 0xDFE3, 
  0xDFE3, 0xDFE3, 0xDFE3, 0xDFE3, 0xBFEB, 0xBFE3, 0xBFE3, 0xBFE3, 0xBFE3, 0xDFE3, 0xDFE3, 0xDFE3, 0xDFE3, 0xBFE3, 0xBFE3, 0xDFE3, 
  0xDFE3, 0xDFE3, 0xDFE3, 0xBFE3, 0xBFE3, 0xBFEB, 0xBFE3, 0xBFE3, 0xDFE3, 0xDFEB, 0xBFE3, 0xBFE3, 0xBFE3, 0xBFEB, 0x9FE3, 0xBFEB, 
  0xBFEB, 0xBFEB, 0xBFE3, 0xBFEB, 0xBFEB, 0xBFEB, 0xBFEB, 0xBFEB, 0x9FEB, 0x9FEB, 0xBFE3, 0xBFE3, 0xBFE3, 0xDFEB, 0xBFEB, 0xBFE3, 
  0xBFE3, 0xBFE3, 0xBFE3, 0xBFE3, 0xBFEB, 0xBFEB, 0xBFEB, 0xBFEB, 0xBFEB, 0x1FCB, 0xFFC2, 0xFFCA, 0xFFCA, 0xFFCA, 0xFFCA, 0xFFCA, 
  0xFFCA, 0xFFCA, 0xFFC2, 0xFFCA, 0xDFCA, 0x5FE3, 0xBFEB, 0xBFEB, 0xBFEB, 0xDFE3, 0xFFEB, 0xBCC3, 0x705A, 0xCD42, 0x8C4A, 0xAE5A, 
  0xAD4A, 0x6B4A, 0x6C4A, 0x8C4A, 0x8C4A, 0x6C4A, 0x6B42, 0xAD4A, 0xAE52, 0x8C4A, 0x8C4A, 0xAD52, 0x6C4A, 0x8C52, 0x2C4A, 0x37A3, 
  0xFFEB, 0xBFEB, 0xBFE3, 0xBFEB, 0xBFE3, 0xBFE3, 0xBFE3, 0xBFE3, 0xBFE3, 0xBFE3, 0xBFEB, 0xDFEB, 0xDFE3, 0xDFE3, 0xDFE3, 0xBFEB, 
  0xBFEB, 0x7EDB, 0x5FF6, 0x7CD5, 0xCD59, 0x6B42, 0x0C52, 0x78B3, 0x3FFF, 0xFFF7, 0xFFFF, 0xBFED, 0xF78A, 0x8D4A, 0xB06A, 0x8E5A, 
  0xAC4A, 0xAD4A, 0xCD52, 0xAC4A, 0x6C4A, 0x6C42, 0x8C42, 0x8C4A, 0x8C4A, 0x2A42, 0x8C4A, 0xAD52, 0x8C4A, 0x8C4A, 0x8D4A, 0x8D4A, 
  0xAD52, 0xCE52, 0x4B4A, 0x4A4A, 0xAC4A, 0x8D4A, 0xAF52, 0x8D4A, 0xB482, 0xDFF6, 0x7FFF, 0x3ECB, 0xDFC2, 0x7FDB, 0xDFEB, 0xDFE3, 
  0x5FE3, 0xFDCB, 0xDFFF, 0x5FF7, 0x5ECB, 0x9FE3, 0xFFE3, 0x7EDB, 0x9EE5, 0x7FF7, 0xBEDB, 0x9BC3, 0x4C4A, 0xCF52, 0xCE52, 0x4B42, 
  0x4B42, 0xAE52, 0xCF52, 0x8E4A, 0xAE4A, 0x8C4A, 0x8D4A, 0xEE52, 0xF05A, 0xEF52, 0x6C4A, 0x8C4A, 0xAD52, 0x4A42, 0x6A42, 0x4B42, 
  0x4A42, 0x4A42, 0x8C4A, 0x6B4A, 0x2A42, 0x8C4A, 0x4B42, 0x6C4A, 0xAD52, 0x8C4A, 0x6C4A, 0xAD52, 0x6B4A, 0x2A42, 0x8C4A, 0xAD52, 
  0x6C4A, 0x4A42, 0x6B4A, 0x4A42, 0x4942, 0x2942, 0x2A42, 0x6A42, 0x2B4A, 0x5ABB, 0x9FEB, 0xB48A, 0x2A3A, 0xD38A, 0xFFE3, 0xDFE3, 
  0xDFE3, 0xDFE3, 0xBFE3, 0xBFE3, 0xBFE3, 0xDFE3, 0xDFE3, 0xDFE3, 0xDFE3, 0xDFE3, 0xDFE3, 0xBFE3, 0xBFE3, 0xDFE3, 0xDFE3, 0xDFE3, 
  0xDFE3, 0xDFE3, 0xDFE3, 0xDFE3, 0xBFE3, 0xBFE3, 0xBFE3, 0xDFEB, 0xBFE3, 0xDFE3, 0xDFE3, 0xBFE3, 0xBFE3, 0xBFE3, 0xDFE3, 0xDFE3, 
  0xDFE3, 0xBFE3, 0xBFE3, 0xBFE3, 0xBFE3, 0xBFE3, 0xBFE3, 0xBFE3, 0xBFE3, 0xBFE3, 0xBFE3, 0xDFE3, 0xBFE3, 0xBFEB, 0xBFEB, 0xBFEB, 
  0xBFEB, 0xBFEB, 0xBFE3, 0xBFE3, 0xBFEB, 0xBFEB, 0xBFEB, 0x7FE3, 0xBFEB, 0xBFEB, 0xBFE3, 0xBFE3, 0xBFE3, 0xDFEB, 0xBFEB, 0xBFE3, 
  0xBFE3, 0xBFE3, 0xBFEB, 0xBFEB, 0xBFEB, 0xBFEB, 0xBFE3, 0xDFEB, 0x9FDB, 0xFFCA, 0xFFCA, 0xFFCA, 0xFFCA, 0xFFCA, 0xFFCA, 0xFFCA, 
  0xFFCA, 0xFFCA, 0x1FC3, 0xDFC2, 0x5FDB, 0x9FEB, 0x9FEB, 0xBFE3, 0xDFE3, 0xBFEB, 0xDEE3, 0xD272, 0xAD4A, 0xCD4A, 0x4C4A, 0x4D4A, 
  0xCF52, 0xCE4A, 0x8D4A, 0xAD52, 0x6C4A, 0xCD52, 0x8D4A, 0xCF52, 0x3263, 0x6C4A, 0xAC4A, 0xAD4A, 0x8D4A, 0x6D4A, 0xAD4A, 0xB16A, 
  0xDEE3, 0xBFEB, 0xBFEB, 0xBFE3, 0xBFEB, 0xBFEB, 0xBFEB, 0xBFEB, 0xBFEB, 0xBFEB, 0xBFEB, 0xBFE3, 0xBFE3, 0xDFE3, 0xDFE3, 0xBFE3, 
  0xDFE3, 0x9FEB, 0x5EDC, 0x5FFF, 0x5493, 0x0942, 0x8C4A, 0x0F62, 0x9BCC, 0xDFFF, 0xFFFF, 0x7FFF, 0xDABB, 0x2B4A, 0x2A42, 0x4C4A, 
  0x8C42, 0x6C4A, 0x8D52, 0xAD52, 0x6C4A, 0xAE52, 0x8C52, 0x8C4A, 0x8C4A, 0x4A42, 0x8C4A, 0x6C4A, 0x8C4A, 0xAD4A, 0xEE52, 0xCE4A, 
  0xCF52, 0xAE52, 0x6C4A, 0x6B4A, 0x8B42, 0x6B4A, 0x6B4A, 0xAC4A, 0x2E5A, 0x1CD5, 0xFFFF, 0x3EDC, 0x9FC2, 0x1FCB, 0xDFE3, 0xBFE3, 
  0xBFEB, 0x5ECB, 0x1FF7, 0xFFFF, 0x1ED4, 0x5EDB, 0xFFE3, 0x9FDB, 0x9EDC, 0xDFFF, 0x5EDC, 0xBDCB, 0x4E5A, 0xAD4A, 0x8D4A, 0x8D4A, 
  0xAC4A, 0x6C4A, 0x4B42, 0x8D4A, 0xCE52, 0x8E4A, 0xEE52, 0xAE4A, 0x8E4A, 0x6D4A, 0x4B42, 0x4B42, 0xCF5A, 0x6C4A, 0x2942, 0x8C52, 
  0x8C4A, 0x8B4A, 0x6B4A, 0x2A42, 0x6B4A, 0x6A4A, 0x6B4A, 0x6B4A, 0x6B4A, 0x6B4A, 0x4B4A, 0x4B42, 0x6B42, 0x6B4A, 0xAC4A, 0x8C4A, 
  0x6B42, 0x4B42, 0x6B4A, 0x4A42, 0x2942, 0x4A4A, 0x6B4A, 0x4A4A, 0x0942, 0x916A, 0x5ECB, 0x7EDB, 0x9172, 0xEA39, 0xF492, 0x1FE4, 
  0xDFE3, 0xBFEB, 0xBFEB, 0xDFEB, 0xBFE3, 0xBFEB, 0xBFE3, 0xBFE3, 0xDFE3, 0xDFE3, 0xDFE3, 0xDFE3, 0xDFE3, 0xDFE3, 0xDFE3, 0xDFE3, 
  0xDFE3, 0xDFE3, 0xDFE3, 0xDFE3, 0xDFE3, 0xBFEB, 0xBFEB, 0xBFE3, 0xBFE3, 0xDFE3, 0xDFE3, 0xDFEB, 0xBFE3, 0xDFE3, 0xDFE3, 0xDFE3, 
  0xBFEB, 0xBFE3, 0xBFE3, 0xBFE3, 0xBFE3, 0xDFE3, 0xDFE3, 0xBFE3, 0xBFE3, 0xDFE3, 0xBFE3, 0xBFE3, 0xDFE3, 0xBFE3, 0x9FE3, 0xBFEB, 
  0xBFEB, 0xBFEB, 0xBFEB, 0xBFE3, 0xBFEB, 0xBFEB, 0xBFEB, 0xBFEB, 0xBFEB, 0xBFEB, 0xDFEB, 0xDFEB, 0xBFE3, 0xBFEB, 0xBFEB, 0xDFE3, 
  0xDFE3, 0xDFEB, 0xBFEB, 0xBFEB, 0xBFEB, 0x9FEB, 0xBFE3, 0xBFE3, 0x1FCB, 0xFFC2, 0xFFC2, 0xFFC2, 0xFFC2, 0xFFCA, 0xFFC2, 0xFFCA, 
  0xFFCA, 0xFFCA, 0xDEC2, 0x5FD3, 0xBFEB, 0xBFEB, 0xBFEB, 0xBFE3, 0xDFE3, 0xFFEB, 0xD59A, 0x2B42, 0x8C4A, 0x8C4A, 0x4C4A, 0xAF52, 
  0xF052, 0xCF52, 0xAE52, 0xCE52, 0xCE52, 0x8D4A, 0x6D4A, 0xAE52, 0x6C4A, 0x8E4A, 0xCE52, 0x8B42, 0xAC4A, 0xAE4A, 0xCD52, 0x6E52, 
  0x7ABB, 0xDFEB, 0x9FE3, 0xBFE3, 0xBFE3, 0xBFEB, 0xBFE3, 0xBFEB, 0xBFE3, 0xBFE3, 0xDFE3, 0xDFE3, 0xDFE3, 0xDFE3, 0xDFEB, 0xBFE3, 
  0xDFE3, 0xDFE3, 0x9EDB, 0x1EEE, 0x5EE6, 0x2E62, 0x8C4A, 0x8C4A, 0x9272, 0x9EE5, 0xFFFF, 0xFFFF, 0xDEED, 0x717A, 0x4A42, 0x6D4A, 
  0x8C4A, 0x8D52, 0xF062, 0x4C4A, 0xCE5A, 0x1063, 0x4A42, 0x6C4A, 0x6C4A, 0x8C52, 0x8D52, 0xAE52, 0x8E52, 0xCF52, 0xCF52, 0xEF52, 
  0xEF52, 0xAE4A, 0xAD4A, 0x8C4A, 0x6B42, 0x6B4A, 0x8B4A, 0x6B4A, 0x2C42, 0xB8AB, 0xDFFF, 0xDDE5, 0xBEC2, 0xFFCA, 0x9FDB, 0xDFE3, 
  0xDFEB, 0x1ED3, 0xBEE5, 0xFFFF, 0x7DDD, 0x1ECB, 0xFFEB, 0xBFE3, 0x1EDC, 0xDFFF, 0x1EE5, 0x9EDB, 0x7072, 0x6A42, 0x6C4A, 0xAD52, 
  0x6C4A, 0x6B4A, 0x8C4A, 0xEF5A, 0xCE52, 0x8C4A, 0x8C4A, 0xAE52, 0xAD52, 0x8C52, 0x6B4A, 0x8C4A, 0x4B4A, 0x6C4A, 0x6C52, 0x4B4A, 
  0x6B4A, 0x6C4A, 0x8C4A, 0x1063, 0x4C4A, 0x2A42, 0x6B4A, 0x8C4A, 0x6B42, 0x4A42, 0x4A42, 0x8C4A, 0xAC52, 0x4A42, 0x4B42, 0x8B4A, 
  0x4A42, 0x8C4A, 0x8C4A, 0x4A42, 0x2942, 0x4A42, 0x6B4A, 0x2A4A, 0x4B4A, 0x8B4A, 0xD582, 0x5FD3, 0x7CCB, 0x906A, 0x4C42, 0x58A3, 
  0xFFEB, 0xBFEB, 0xDFE3, 0xDFE3, 0xBFE3, 0xBFEB, 0xBFEB, 0xBFE3, 0xBFE3, 0xDFE3, 0xDFE3, 0xBFE3, 0xDFE3, 0xDFE3, 0xDFE3, 0xDFE3, 
  0xDFE3, 0xBFE3, 0xBFE3, 0xBFE3, 0xBFE3, 0xBFEB, 0xBFE3, 0xBFE3, 0xBFE3, 0xDFE3, 0xDFE3, 0xDFE3, 0xBFE3, 0xDFE3, 0xBFE3, 0xDFE3, 
  0xBFEB, 0xDFEB, 0xDFEB, 0xDFEB, 0xDFEB, 0xDFE3, 0xDFE3, 0xDFEB, 0xDFEB, 0xDFEB, 0xDFE3, 0xDFE3, 0xDFEB, 0xDFEB, 0xBFEB, 0xBFEB, 
  0xBFEB, 0xBFEB, 0xBFEB, 0xBFEB, 0xBFEB, 0xBFEB, 0xBFEB, 0xDFEB, 0xBFEB, 0xBFEB, 0xBFEB, 0xBFEB, 0xBFEB, 0xBFEB, 0xDFEB, 0xDFEB, 
  0xDFE3, 0xDFEB, 0xBFEB, 0xBFEB, 0xBFEB, 0xBFEB, 0xDFEB, 0x5FD3, 0xDFC2, 0xFFCA, 0xFFCA, 0xFFCA, 0xFFCA, 0xFFCA, 0xFFCA, 0xFFCA, 
  0xFFCA, 0xFFCA, 0x3FD3, 0xDFEB, 0xDFEB, 0xDFE3, 0xDFE3, 0xDFEB, 0xBFF3, 0xBCCB, 0x4E52, 0xEE52, 0xF05A, 0x6C4A, 0x8C4A, 0xEF52, 
  0xCF52, 0xAE4A, 0xF052, 0xCE52, 0x8D4A, 0x8C4A, 0xAD52, 0xAD4A, 0x8C4A, 0xAD4A, 0xAD52, 0x8C4A, 0x6E52, 0xB05A, 0xAE52, 0x8D52, 
  0xF58A, 0xFFEB, 0xBFEB, 0xDFEB, 0xDFEB, 0xDFEB, 0xBFEB, 0xBFEB, 0xDFEB, 0xDFE3, 0xDFEB, 0xDFEB, 0xDFEB, 0xDFEB, 0xBFEB, 0xBFEB, 
  0xDFEB, 0xDFE3, 0xDFE3, 0x3EDC, 0x5FFF, 0x37AC, 0x0C42, 0xAC52, 0x6C4A, 0xD592, 0x7FF6, 0xFFFF, 0x5FFF, 0xB9B3, 0x4D52, 0xAD52, 
  0x8C4A, 0xAD52, 0xB05A, 0x8D52, 0xEF5A, 0xAF52, 0x2942, 0x8B4A, 0xAD4A, 0x6B42, 0x6C4A, 0xAD52, 0x8D4A, 0xAD4A, 0xAE4A, 0xCE52, 
  0x8D4A, 0xAD4A, 0xCD52, 0x6C42, 0x6D4A, 0x8C52, 0x6B4A, 0x8C4A, 0x8D4A, 0xB482, 0xDFFE, 0x5FF7, 0x1EC3, 0xFFCA, 0x3FDB, 0xDFE3, 
  0xFFE3, 0x5FDB, 0x7ED4, 0xFFFF, 0x9EEE, 0x3ECB, 0xBFEB, 0xDFEB, 0x9DD3, 0x5FF7, 0x1EEE, 0x9FE3, 0xD48A, 0x4A42, 0x6C4A, 0x8C4A, 
  0x6B4A, 0x8C4A, 0xAD52, 0x8C4A, 0x8C4A, 0xAD52, 0x6B4A, 0x4A42, 0x8C52, 0x8C4A, 0x6B4A, 0x8C4A, 0x8C4A, 0x6B4A, 0x6B4A, 0x4B4A, 
  0x8C4A, 0x8E4A, 0xD052, 0xB67B, 0xD05A, 0xAC52, 0xAD52, 0x8C4A, 0xCD52, 0x8B4A, 0x4B42, 0x6C4A, 0x6C4A, 0x6C4A, 0x8C4A, 0x4A42, 
  0x4A42, 0x8B4A, 0x6C4A, 0xAC52, 0x6B4A, 0x4A4A, 0x4A42, 0x4A42, 0x2A4A, 0x6A4A, 0x4C52, 0x189B, 0x5FDB, 0xBCBB, 0x4F62, 0x4D52, 
  0x79AB, 0xFFEB, 0xBFE3, 0xDFE3, 0xDFE3, 0xBFEB, 0xDFEB, 0xBFEB, 0xDFEB, 0xDFEB, 0xDFE3, 0xDFE3, 0xDFE3, 0xDFEB, 0xDFEB, 0xDFE3, 
  0xDFEB, 0xBFEB, 0xBFEB, 0xBFEB, 0xBFEB, 0xDFEB, 0xDFE3, 0xDFE3, 0xDFE3, 0xDFE3, 0xDFE3, 0xDFE3, 0xDFE3, 0xDFE3, 0xDFE3, 0xDFEB
};
