// Gerado automaticamente - red.png
// Tamanho: 240x240 pixels
// Uso: tft.pushImage(x, y, 240, 240, red);

#pragma once
#include <pgmspace.h>

#define RED_W 240
#define RED_H 240

static const uint16_t red[] PROGMEM = {
  0x1029, 0x1029, 0x1029, 0x1029, 0x1029, 0x1029, 0x1029, 0x1029, 0x1029, 0x1029, 0x1029, 0x1029, 0x1029, 0x1029, 0x1029, 0x1029, 
  0x1029, 0x1029, 0x1029, 0x1029, 0x1029, 0x1029, 0x1029, 0x1029, 0x1029, 0x1029, 0x1029, 0x1029, 0x1029, 0x1029, 0x1029, 0x1029, 
  0x1029, 0x1029, 0x1029, 0x1029, 0x1029, 0x1029, 0x1029, 0x1029, 0x1029, 0x1029, 0x1029, 0x1029, 0x1029, 0x1029, 0x1029, 0x1029, 
  0x1029, 0x1029, 0x1029, 0x1029, 0x1029, 0x1029, 0x1029, 0x1029, 0x1029, 0x1029, 0x1029, 0x1029, 0x1029, 0x1029, 0x1029, 0x1029, 
  0x1029, 0x1029, 0x1029, 0x1029, 0x1029, 0x1029, 0x1029, 0x1029, 0x1029, 0x1029, 0x1029, 0x1029, 0x1029, 0x1029, 0x1029, 0x1029, 
  0x1029, 0x1029, 0x1029, 0x1029, 0x1029, 0x1029, 0x1029, 0x1029, 0x1029, 0x1029, 0x1029, 0x1029, 0x1029, 0x1029, 0x1029, 0x1029, 
  0x1029, 0x1029, 0x1029, 0x1029, 0x1029, 0x1029, 0x1029, 0x1029, 0x1029, 0x1029, 0x1029, 0x1029, 0x1029, 0x1029, 0x1029, 0x1029, 
  0x1029, 0x1029, 0x1029, 0x1029, 0x1029, 0x1029, 0x1029, 0x1029, 0x1029, 0x1029, 0x1029, 0x1029, 0x1029, 0x1029, 0x1029, 0x1029, 
  0x1029, 0x1029, 0x1029, 0x1029, 0x1029, 0x1029, 0x1029, 0x1029, 0x1029, 0x1029, 0x1029, 0x1029, 0x1029, 0x1029, 0x1029, 0x1029, 
  0x1029, 0x1029, 0x1029, 0x1029, 0x1029, 0x1029, 0x1029, 0x1029, 0x1029, 0x1029, 0x1029, 0x1029, 0x1029, 0x1029, 0x1029, 0x1029, 
  0x1029, 0x1029, 0x1029, 0x1029, 0x1029, 0x1029, 0x1029, 0x1029, 0x1029, 0x1029, 0x1029, 0x1029, 0x1029, 0x1029, 0x1029, 0x1029, 
  0x1029, 0x1029, 0x1029, 0x1029, 0x1029, 0x1029, 0x1029, 0x1029, 0x1029, 0x1029, 0x1029, 0x1029, 0x1029, 0x1029, 0x1029, 0x1029, 
  0x1029, 0x1029, 0x1029, 0x1029, 0x1029, 0x1029, 0x1029, 0x1029, 0x1029, 0x1029, 0x1029, 0x1029, 0x1029, 0x1029, 0x1029, 0x1029, 
  0x1029, 0x1029, 0x1029, 0x1029, 0x1029, 0x1029, 0x1029, 0x1029, 0x1029, 0x1029, 0x1029, 0x1029, 0x1029, 0x1029, 0x1029, 0x1029, 
  0x1029, 0x1029, 0x1029, 0x1029, 0x1029, 0x1029, 0x1029, 0x1029, 0x1029, 0x1029, 0x1029, 0x1029, 0x1029, 0x1029, 0x1029, 0x1029, 
  0x1029, 0x1029, 0x1029, 0x1029, 0x1029, 0x1029, 0x1029, 0x1029, 0x1029, 0x1029, 0x1029, 0x1029, 0x1029, 0x1029, 0x1029, 0x1029, 
  0x1029, 0x1029, 0x1029, 0x1029, 0x1029, 0x1029, 0x1029, 0x1029, 0x1029, 0x1029, 0x1029, 0x1029, 0x1029, 0x1029, 0x1029, 0x1029, 
  0x1029, 0x1029, 0x1029, 0x1029, 0x1029, 0x1029, 0x1029, 0x1029, 0x1029, 0x1029, 0x1029, 0x1029, 0x1029, 0x1029, 0x1029, 0x1029, 
  0x1029, 0x1029, 0x1029, 0x1029, 0x1029, 0x1029, 0x1029, 0x1029, 0x1029, 0x1029, 0x1029, 0x1029, 0x1029, 0x1029, 0x1029, 0x1029, 
  0x1029, 0x1029, 0x1029, 0x1029, 0x1029, 0x1029, 0x1029, 0x1029, 0x1029, 0x1029, 0x1029, 0x1029, 0x1029, 0x1029, 0x1029, 0x1029, 
  0x1029, 0x1029, 0x1029, 0x1029, 0x1029, 0x1029, 0x1029, 0x1029, 0x1029, 0x1029, 0x1029, 0x1029, 0x1029, 0x1029, 0x1029, 0x1029, 
  0x1029, 0x1029, 0x1029, 0x1029, 0x1029, 0x1029, 0x1029, 0x1029, 0x1029, 0x1029, 0x1029, 0x1029, 0x1029, 0x1029, 0x1029, 0x1029, 
  0x1029, 0x1029, 0x1029, 0x1029, 0x1029, 0x1029, 0x1029, 0x1029, 0x1029, 0x1029, 0x1029, 0x1029, 0x1029, 0x1029, 0x1029, 0x1029, 
  0x1029, 0x1029, 0x1029, 0x1029, 0x1029, 0x1029, 0x1029, 0x1029, 0x1029, 0x1029, 0x1029, 0x1029, 0x1029, 0x1029, 0x1029, 0x1029, 
  0x1029, 0x1029, 0x1029, 0x1029, 0x1029, 0x1029, 0x1029, 0x1029, 0x1029, 0x1029, 0x1029, 0x1029, 0x1029, 0x1029, 0x1029, 0x1029, 
  0x1029, 0x1029, 0x1029, 0x1029, 0x1029, 0x1029, 0x1029, 0x1029, 0x1029, 0x1029, 0x1029, 0x1029, 0x1029, 0x1029, 0x1029, 0x1029, 
  0x1029, 0x1029, 0x1029, 0x1029, 0x1029, 0x1029, 0x1029, 0x1029, 0x1029, 0x1029, 0x1029, 0x1029, 0x1029, 0x1029, 0x1029, 0x1029, 
  0x1029, 0x1029, 0x1029, 0x1029, 0x1029, 0x1029, 0x1029, 0x1029, 0x1029, 0x1029, 0x1029, 0x1029, 0x1029, 0x1029, 0x1029, 0x1029, 
  0x1029, 0x1029, 0x1029, 0x1029, 0x1029, 0x1029, 0x1029, 0x1029, 0x1029, 0x1029, 0x1029, 0x1029, 0x1029, 0x1029, 0x1029, 0x1029, 
  0x1029, 0x1029, 0x1029, 0x1029, 0x1029, 0x1029, 0x1029, 0x1029, 0x1029, 0x1029, 0x1029, 0x1029, 0x1029, 0x1029, 0x1029, 0x1029, 
  0x1029, 0x1029, 0x1029, 0x1029, 0x1029, 0x1029, 0x1029, 0x1029, 0x1029, 0x1029, 0x1029, 0x1029, 0x1029, 0x1029, 0x1029, 0x1029, 
  0x1029, 0x1029, 0x1029, 0x1029, 0x1029, 0x1029, 0x1029, 0x1029, 0x1029, 0x1029, 0x1029, 0x1029, 0x1029, 0x1029, 0x1029, 0x1029, 
  0x1029, 0x1029, 0x1029, 0x1029, 0x1029, 0x1029, 0x1029, 0x1029, 0x1029, 0x1029, 0x1029, 0x1029, 0x1029, 0x1029, 0x1029, 0x1029, 
  0x1029, 0x1029, 0x1029, 0x1029, 0x1029, 0x1029, 0x1029, 0x1029, 0x1029, 0x1029, 0x1029, 0x1029, 0x1029, 0x1029, 0x1029, 0x1029, 
  0x1029, 0x1029, 0x1029, 0x1029, 0x1029, 0x1029, 0x1029, 0x1029, 0x1029, 0x1029, 0x1029, 0x1029, 0x1029, 0x1029, 0x1029, 0x1029, 
  0x1029, 0x1029, 0x1029, 0x1029, 0x1029, 0x1029, 0x1029, 0x1029, 0x1029, 0x1029, 0x1029, 0x1029, 0x1029, 0x1029, 0x1029, 0x1029, 
  0x1029, 0x1029, 0x1029, 0x1029, 0x1029, 0x1029, 0x1029, 0x1029, 0x1029, 0x1029, 0x1029, 0x1029, 0x1029, 0x1029, 0x1029, 0x1029, 
  0x1029, 0x1029, 0x1029, 0x1029, 0x1029, 0x1029, 0x1029, 0x1029, 0x1029, 0x1029, 0x1029, 0x1029, 0x1029, 0x1029, 0x1029, 0x1029, 
  0x1029, 0x1029, 0x1029, 0x1029, 0x1029, 0x1029, 0x1029, 0x1029, 0x1029, 0x1029, 0x1029, 0x1029, 0x1029, 0x1029, 0x1029, 0x1029, 
  0x1029, 0x1029, 0x1029, 0x1029, 0x1029, 0x1029, 0x1029, 0x1029, 0x1029, 0x1029, 0x1029, 0x1029, 0x1029, 0x1029, 0x1029, 0x1029, 
  0x1029, 0x1029, 0x1029, 0x1029, 0x1029, 0x1029, 0x1029, 0x1029, 0x1029, 0x1029, 0x1029, 0x1029, 0x1029, 0x1029, 0x1029, 0x1029, 
  0x1029, 0x1029, 0x1029, 0x1029, 0x1029, 0x1029, 0x1029, 0x1029, 0x1029, 0x1029, 0x1029, 0x1029, 0x1029, 0x1029, 0x1029, 0x1029, 
  0x1029, 0x1029, 0x1029, 0x1029, 0x1029, 0x1029, 0x1029, 0x1029, 0x1029, 0x1029, 0x1029, 0x1029, 0x1029, 0x1029, 0x1029, 0x1029, 
  0x1029, 0x1029, 0x1029, 0x1029, 0x1029, 0x1029, 0x1029, 0x1029, 0x1029, 0x1029, 0x1029, 0x1029, 0x1029, 0x1029, 0x1029, 0x1029, 
  0x1029, 0x1029, 0x1029, 0x1029, 0x1029, 0x1029, 0x1029, 0x1029, 0x1029, 0x1029, 0x1029, 0x1029, 0x1029, 0x1029, 0x1029, 0x1029, 
  0x1029, 0x1029, 0x1029, 0x1029, 0x1029, 0x1029, 0x1029, 0x1029, 0x1029, 0x1029, 0x1029, 0x1029, 0x1029, 0x1029, 0x1029, 0x1029, 
  0x1029, 0x1029, 0x1029, 0x1029, 0x1029, 0x1029, 0x1029, 0x1029, 0x1029, 0x1029, 0x1029, 0x1029, 0x1029, 0x1029, 0x1029, 0x1029, 
  0x1029, 0x1029, 0x1029, 0x1029, 0x1029, 0x1029, 0x1029, 0x1029, 0x1029, 0x1029, 0x1029, 0x1029, 0x1029, 0x1029, 0x1029, 0x1029, 
  0x1029, 0x1029, 0x1029, 0x1029, 0x1029, 0x1029, 0x1029, 0x1029, 0x1029, 0x1029, 0x1029, 0x1029, 0x1029, 0x1029, 0x1029, 0x1029, 
  0x1029, 0x1029, 0x1029, 0x1029, 0x1029, 0x1029, 0x1029, 0x1029, 0x1029, 0x1029, 0x1029, 0x1029, 0x1029, 0x1029, 0x1029, 0x1029, 
  0x1029, 0x1029, 0x1029, 0x1029, 0x1029, 0x1029, 0x1029, 0x1029, 0x1029, 0x1029, 0x1029, 0x1029, 0x1029, 0x1029, 0x1029, 0x1029, 
  0x1029, 0x1029, 0x1029, 0x1029, 0x1029, 0x1029, 0x1029, 0x1029, 0x1029, 0x1029, 0x1029, 0x1029, 0x1029, 0x1029, 0x1029, 0x1029, 
  0x1029, 0x1029, 0x1029, 0x1029, 0x1029, 0x1029, 0x1029, 0x1029, 0x1029, 0x1029, 0x1029, 0x1029, 0x1029, 0x1029, 0x1029, 0x1029, 
  0x1029, 0x1029, 0x1029, 0x1029, 0x1029, 0x1029, 0x1029, 0x1029, 0x1029, 0x1029, 0x1029, 0x1029, 0x1029, 0x1029, 0x1029, 0x1029, 
  0x1029, 0x1029, 0x1029, 0x1029, 0x1029, 0x1029, 0x1029, 0x1029, 0x1029, 0x1029, 0x1029, 0x1029, 0x1029, 0x1029, 0x1029, 0x1029, 
  0x1029, 0x1029, 0x1029, 0x1029, 0x1029, 0x1029, 0x1029, 0x1029, 0x1029, 0x1029, 0x1029, 0x1029, 0x1029, 0x1029, 0x1029, 0x1029, 
  0x1029, 0x1029, 0x1029, 0x1029, 0x1029, 0x1029, 0x1029, 0x1029, 0x1029, 0x1029, 0x1029, 0x1029, 0x1029, 0x1029, 0x1029, 0x1029, 
  0x1029, 0x1029, 0x1029, 0x1029, 0x1029, 0x1029, 0x1029, 0x1029, 0x1029, 0x1029, 0x1029, 0x1029, 0x1029, 0x1029, 0x1029, 0x1029, 
  0x1029, 0x1029, 0x1029, 0x1029, 0x1029, 0x1029, 0x1029, 0x1029, 0x1029, 0x1029, 0x1029, 0x1029, 0x1029, 0x1029, 0x1029, 0x1029, 
  0x1029, 0x1029, 0x1029, 0x1029, 0x1029, 0x1029, 0x1029, 0x1029, 0x1029, 0x1029, 0x1029, 0x1029, 0x1029, 0x1029, 0x1029, 0x1029, 
  0x1029, 0x1029, 0x1029, 0x1029, 0x1029, 0x1029, 0x1029, 0x1029, 0x1029, 0x1029, 0x1029, 0x1029, 0x1029, 0x1029, 0x1029, 0x1029, 
  0x1029, 0x1029, 0x1029, 0x1029, 0x1029, 0x1029, 0x1029, 0x1029, 0x1029, 0x1029, 0x1029, 0x1029, 0x1029, 0x1029, 0x1029, 0x1029, 
  0x1029, 0x1029, 0x1029, 0x1029, 0x1029, 0x1029, 0x1029, 0x1029, 0x1029, 0x1029, 0x1029, 0x1029, 0x1029, 0x1029, 0x1029, 0x1029, 
  0x1029, 0x1029, 0x1029, 0x1029, 0x1029, 0x1029, 0x1029, 0x1029, 0x1029, 0x1029, 0x1029, 0x1029, 0x1029, 0x1029, 0x1029, 0x1029, 
  0x1029, 0x1029, 0x1029, 0x1029, 0x1029, 0x1029, 0x1029, 0x1029, 0x1029, 0x1029, 0x1029, 0x1029, 0x1029, 0x1029, 0x1029, 0x1029, 
  0x1029, 0x1029, 0x1029, 0x1029, 0x1029, 0x1029, 0x1029, 0x1029, 0x1029, 0x1029, 0x1029, 0x1029, 0x1029, 0x1029, 0x1029, 0x1029, 
  0x1029, 0x1029, 0x1029, 0x1029, 0x1029, 0x1029, 0x1029, 0x1029, 0x1029, 0x1029, 0x1029, 0x1029, 0x1029, 0x1029, 0x1029, 0x1029, 
  0x1029, 0x1029, 0x1029, 0x1029, 0x1029, 0x1029, 0x1029, 0x1029, 0x1029, 0x1029, 0x1029, 0x1029, 0x1029, 0x1029, 0x1029, 0x1029, 
  0x1029, 0x1029, 0x1029, 0x1029, 0x1029, 0x1029, 0x1029, 0x1029, 0x1029, 0x1029, 0x1029, 0x1029, 0x1029, 0x1029, 0x1029, 0x1029, 
  0x1029, 0x1029, 0x1029, 0x1029, 0x1029, 0x1029, 0x1029, 0x1029, 0x1029, 0x1029, 0x1029, 0x1029, 0x1029, 0x1029, 0x1029, 0x1029, 
  0x1029, 0x1029, 0x1029, 0x1029, 0x1029, 0x1029, 0x1029, 0x1029, 0x1029, 0x1029, 0x1029, 0x1029, 0x1029, 0x1029, 0x1029, 0x1029, 
  0x1029, 0x1029, 0x1029, 0x1029, 0x1029, 0x1029, 0x1029, 0x1029, 0x1029, 0x1029, 0x1029, 0x1029, 0x1029, 0x1029, 0x1029, 0x1029, 
  0x1029, 0x1029, 0x1029, 0x1029, 0x1029, 0x1029, 0x1029, 0x1029, 0x1029, 0x1029, 0x1029, 0x1029, 0x1029, 0x1029, 0x1029, 0x1029, 
  0x1029, 0x1029, 0x1029, 0x1029, 0x1029, 0x1029, 0x1029, 0x1029, 0x1029, 0x1029, 0x1029, 0x1029, 0x1029, 0x1029, 0x1029, 0x1029, 
  0x1029, 0x1029, 0x1029, 0x1029, 0x1029, 0x1029, 0x1029, 0x1029, 0x1029, 0x1029, 0x1029, 0x1029, 0x1029, 0x1029, 0x1029, 0x1029, 
  0x1029, 0x1029, 0x1029, 0x1029, 0x1029, 0x1029, 0x1029, 0x1029, 0x1029, 0x1029, 0x1029, 0x1029, 0x1029, 0x1029, 0x1029, 0x1029, 
  0x1029, 0x1029, 0x1029, 0x1029, 0x1029, 0x1029, 0x1029, 0x1029, 0x1029, 0x1029, 0x1029, 0x1029, 0x1029, 0x1029, 0x1029, 0x1029, 
  0x1029, 0x1029, 0x1029, 0x1029, 0x1029, 0x1029, 0x1029, 0x1029, 0x1029, 0x1029, 0x1029, 0x1029, 0x1029, 0x1029, 0x1029, 0x1029, 
  0x1029, 0x1029, 0x1029, 0x1029, 0x1029, 0x1029, 0x1029, 0x1029, 0x1029, 0x1029, 0x1029, 0x1029, 0x1029, 0x1029, 0x1029, 0x1029, 
  0x1029, 0x1029, 0x1029, 0x1029, 0x1029, 0x1029, 0x1029, 0x1029, 0x1029, 0x1029, 0x1029, 0x1029, 0x1029, 0x1029, 0x1029, 0x1029, 
  0x1029, 0x1029, 0x1029, 0x1029, 0x1029, 0x1029, 0x1029, 0x1029, 0x1029, 0x1029, 0x1029, 0x1029, 0x1029, 0x1029, 0x1029, 0x1029, 
  0x1029, 0x1029, 0x1029, 0x1029, 0x1029, 0x1029, 0x1029, 0x1029, 0x1029, 0x1029, 0x1029, 0x1029, 0x1029, 0x1029, 0x1029, 0x1029, 
  0x1029, 0x1029, 0x1029, 0x1029, 0x1029, 0x1029, 0x1029, 0x1029, 0x1029, 0x1029, 0x1029, 0x1029, 0x1029, 0x1029, 0x1029, 0x1029, 
  0x1029, 0x1029, 0x1029, 0x1029, 0x1029, 0x1029, 0x1029, 0x1029, 0x1029, 0x1029, 0x1029, 0x1029, 0x1029, 0x1029, 0x1029, 0x1029, 
  0x1029, 0x1029, 0x1029, 0x1029, 0x1029, 0x1029, 0x1029, 0x1029, 0x1029, 0x1029, 0x1029, 0x1029, 0x1029, 0x1029, 0x1029, 0x1029, 
  0x1029, 0x1029, 0x1029, 0x1029, 0x1029, 0x1029, 0x1029, 0x1029, 0x1029, 0x1029, 0x1029, 0x1029, 0x1029, 0x1029, 0x1029, 0x1029, 
  0x1029, 0x1029, 0x1029, 0x1029, 0x1029, 0x1029, 0x1029, 0x1029, 0x1029, 0x1029, 0x1029, 0x1029, 0x1029, 0x1029, 0x1029, 0x1029, 
  0x1029, 0x1029, 0x1029, 0x1029, 0x1029, 0x1029, 0x1029, 0x1029, 0x1029, 0x1029, 0x1029, 0x1029, 0x1029, 0x1029, 0x1029, 0x1029, 
  0x1029, 0x1029, 0x1029, 0x1029, 0x1029, 0x1029, 0x1029, 0x1029, 0x1029, 0x1029, 0x1029, 0x1029, 0x1029, 0x1029, 0x1029, 0x1029, 
  0x1029, 0x1029, 0x1029, 0x1029, 0x1029, 0x1029, 0x1029, 0x1029, 0x1029, 0x1029, 0x1029, 0x1029, 0x1029, 0x1029, 0x1029, 0x1029, 
  0x1029, 0x1029, 0x1029, 0x1029, 0x1029, 0x1029, 0x1029, 0x1029, 0x1029, 0x1029, 0x1029, 0x1029, 0x1029, 0x1029, 0x1029, 0x1029, 
  0x1029, 0x1029, 0x1029, 0x1029, 0x1029, 0x1029, 0x1029, 0x1029, 0x1029, 0x1029, 0x1029, 0x1029, 0x1029, 0x1029, 0x1029, 0x1029, 
  0x1029, 0x1029, 0x1029, 0x1029, 0x1029, 0x1029, 0x1029, 0x1029, 0x1029, 0x1029, 0x1029, 0x1029, 0x1029, 0x1029, 0x1029, 0x1029, 
  0x1029, 0x1029, 0x1029, 0x1029, 0x1029, 0x1029, 0x1029, 0x1029, 0x1029, 0x1029, 0x1029, 0x1029, 0x1029, 0x1029, 0x1029, 0x1029, 
  0x1029, 0x1029, 0x1029, 0x1029, 0x1029, 0x1029, 0x1029, 0x1029, 0x1029, 0x1029, 0x1029, 0x1029, 0x1029, 0x1029, 0x1029, 0x1029, 
  0x1029, 0x1029, 0x1029, 0x1029, 0x1029, 0x1029, 0x1029, 0x1029, 0x1029, 0x1029, 0x1029, 0x1029, 0x1029, 0x1029, 0x1029, 0x1029, 
  0x1029, 0x1029, 0x1029, 0x1029, 0x1029, 0x1029, 0x1029, 0x1029, 0x1029, 0x1029, 0x1029, 0x1029, 0x1029, 0x1029, 0x1029, 0x1029, 
  0x1029, 0x1029, 0x1029, 0x1029, 0x1029, 0x1029, 0x1029, 0x1029, 0x1029, 0x1029, 0x1029, 0x1029, 0x1029, 0x1029, 0x1029, 0x1029, 
  0x1029, 0x1029, 0x1029, 0x1029, 0x1029, 0x1029, 0x1029, 0x1029, 0x1029, 0x1029, 0x1029, 0x1029, 0x1029, 0x1029, 0x1029, 0x1029, 
  0x1029, 0x1029, 0x1029, 0x1029, 0x1029, 0x1029, 0x1029, 0x1029, 0x1029, 0x1029, 0x1029, 0x1029, 0x1029, 0x1029, 0x1029, 0x1029, 
  0x1029, 0x1029, 0x1029, 0x1029, 0x1029, 0x1029, 0x1029, 0x1029, 0x1029, 0x1029, 0x1029, 0x1029, 0x1029, 0x1029, 0x1029, 0x1029, 
  0x1029, 0x1029, 0x1029, 0x1029, 0x1029, 0x1029, 0x1029, 0x1029, 0x1029, 0x1029, 0x1029, 0x1029, 0x1029, 0x1029, 0x1029, 0x1029, 
  0x1029, 0x1029, 0x1029, 0x1029, 0x1029, 0x1029, 0x1029, 0x1029, 0x1029, 0x1029, 0x1029, 0x1029, 0x1029, 0x1029, 0x1029, 0x1029, 
  0x1029, 0x1029, 0x1029, 0x1029, 0x1029, 0x1029, 0x1029, 0x1029, 0x1029, 0x1029, 0x1029, 0x1029, 0x1029, 0x1029, 0x1029, 0x1029, 
  0x1029, 0x1029, 0x1029, 0x1029, 0x1029, 0x1029, 0x1029, 0x1029, 0x1029, 0x1029, 0x1029, 0x1029, 0x1029, 0x1029, 0x1029, 0x1029, 
  0x1029, 0x1029, 0x1029, 0x1029, 0x1029, 0x1029, 0x1029, 0x1029, 0x1029, 0x1029, 0x1029, 0x1029, 0x1029, 0x1029, 0x1029, 0x1029, 
  0x1029, 0x1029, 0x1029, 0x1029, 0x1029, 0x1029, 0x1029, 0x1029, 0x1029, 0x1029, 0x1029, 0x1029, 0x1029, 0x1029, 0x1029, 0x1029, 
  0x1029, 0x1029, 0x1029, 0x1029, 0x1029, 0x1029, 0x1029, 0x1029, 0x1029, 0x1029, 0x1029, 0x1029, 0x1029, 0x1029, 0x1029, 0x1029, 
  0x1029, 0x1029, 0x1029, 0x1029, 0x1029, 0x1029, 0x1029, 0x1029, 0x1029, 0x1029, 0x1029, 0x1029, 0x1029, 0x1029, 0x1029, 0x1029, 
  0x1029, 0x1029, 0x1029, 0x1029, 0x1029, 0x1029, 0x1029, 0x1029, 0x1029, 0x1029, 0x1029, 0x1029, 0x1029, 0x1029, 0x1029, 0x1029, 
  0x1029, 0x1029, 0x1029, 0x1029, 0x1029, 0x1029, 0x1029, 0x1029, 0x1029, 0x1029, 0x1029, 0x1029, 0x1029, 0x1029, 0x1029, 0x1029, 
  0x1029, 0x1029, 0x1029, 0x1029, 0x1029, 0x1029, 0x1029, 0x1029, 0x1029, 0x1029, 0x1029, 0x1029, 0x1029, 0x1029, 0x1029, 0x1029, 
  0x1029, 0x1029, 0x1029, 0x1029, 0x1029, 0x1029, 0x1029, 0x1029, 0x1029, 0x1029, 0x1029, 0x1029, 0x1029, 0x1029, 0x1029, 0x1029, 
  0x1029, 0x1029, 0x1029, 0x1029, 0x1029, 0x1029, 0x1029, 0x1029, 0x1029, 0x1029, 0x1029, 0x1029, 0x1029, 0x1029, 0x1029, 0x1029, 
  0x1029, 0x1029, 0x1029, 0x1029, 0x1029, 0x1029, 0x1029, 0x1029, 0x1029, 0x1029, 0x1029, 0x1029, 0x1029, 0x1029, 0x1029, 0x1029, 
  0x1029, 0x1029, 0x1029, 0x1029, 0x1029, 0x1029, 0x1029, 0x1029, 0x1029, 0x1029, 0x1029, 0x1029, 0x1029, 0x1029, 0x1029, 0x1029, 
  0x1029, 0x1029, 0x1029, 0x1029, 0x1029, 0x1029, 0x1029, 0x1029, 0x1029, 0x1029, 0x1029, 0x1029, 0x1029, 0x1029, 0x1029, 0x1029, 
  0x1029, 0x1029, 0x1029, 0x1029, 0x1029, 0x1029, 0x1029, 0x1029, 0x1029, 0x1029, 0x1029, 0x1029, 0x1029, 0x1029, 0x1029, 0x1029, 
  0x1029, 0x1029, 0x1029, 0x1029, 0x1029, 0x1029, 0x1029, 0x1029, 0x1029, 0x1029, 0x1029, 0x1029, 0x1029, 0x1029, 0x1029, 0x1029, 
  0x1029, 0x1029, 0x1029, 0x1029, 0x1029, 0x1029, 0x1029, 0x1029, 0x1029, 0x1029, 0x1029, 0x1029, 0x1029, 0x1029, 0x1029, 0x1029, 
  0x1029, 0x1029, 0x1029, 0x1029, 0x1029, 0x1029, 0x1029, 0x1029, 0x1029, 0x1029, 0x1029, 0x1029, 0x1029, 0x1029, 0x1029, 0x1029, 
  0x1029, 0x1029, 0x1029, 0x1029, 0x1029, 0x1029, 0x1029, 0x1029, 0x1029, 0x1029, 0x1029, 0x1029, 0x1029, 0x1029, 0x1029, 0x1029, 
  0x1029, 0x1029, 0x1029, 0x1029, 0x1029, 0x1029, 0x1029, 0x1029, 0x1029, 0x1029, 0x1029, 0x1029, 0x1029, 0x1029, 0x1029, 0x1029, 
  0x1029, 0x1029, 0x1029, 0x1029, 0x1029, 0x1029, 0x1029, 0x1029, 0x1029, 0x1029, 0x1029, 0x1029, 0x1029, 0x1029, 0x1029, 0x1029, 
  0x1029, 0x1029, 0x1029, 0x1029, 0x1029, 0x1029, 0x1029, 0x1029, 0x1029, 0x1029, 0x1029, 0x1029, 0x1029, 0x1029, 0x1029, 0x1029, 
  0x1029, 0x1029, 0x1029, 0x1029, 0x1029, 0x1029, 0x1029, 0x1029, 0x1029, 0x1029, 0x1029, 0x1029, 0x1029, 0x1029, 0x1029, 0x1029, 
  0x1029, 0x1029, 0x1029, 0x1029, 0x1029, 0x1029, 0x1029, 0x1029, 0x1029, 0x1029, 0x1029, 0x1029, 0x1029, 0x1029, 0x1029, 0x1029, 
  0x1029, 0x1029, 0x1029, 0x1029, 0x1029, 0x1029, 0x1029, 0x1029, 0x1029, 0x1029, 0x1029, 0x1029, 0x1029, 0x1029, 0x1029, 0x1029, 
  0x1029, 0x1029, 0x1029, 0x1029, 0x1029, 0x1029, 0x1029, 0x1029, 0x1029, 0x1029, 0x1029, 0x1029, 0x1029, 0x1029, 0x1029, 0x1029, 
  0x1029, 0x1029, 0x1029, 0x1029, 0x1029, 0x1029, 0x1029, 0x1029, 0x1029, 0x1029, 0x1029, 0x1029, 0x1029, 0x1029, 0x1029, 0x1029, 
  0x1029, 0x1029, 0x1029, 0x1029, 0x1029, 0x1029, 0x1029, 0x1029, 0x1029, 0x1029, 0x1029, 0x1029, 0x1029, 0x1029, 0x1029, 0x1029, 
  0x1029, 0x1029, 0x1029, 0x1029, 0x1029, 0x1029, 0x1029, 0x1029, 0x1029, 0x1029, 0x1029, 0x1029, 0x1029, 0x1029, 0x1029, 0x1029, 
  0x1029, 0x1029, 0x1029, 0x1029, 0x1029, 0x1029, 0x1029, 0x1029, 0x1029, 0x1029, 0x1029, 0x1029, 0x1029, 0x1029, 0x1029, 0x1029, 
  0x1029, 0x1029, 0x1029, 0x1029, 0x1029, 0x1029, 0x1029, 0x1029, 0x1029, 0x1029, 0x1029, 0x1029, 0x1029, 0x1029, 0x1029, 0x1029, 
  0x1029, 0x1029, 0x1029, 0x1029, 0x1029, 0x1029, 0x1029, 0x1029, 0x1029, 0x1029, 0x1029, 0x1029, 0x1029, 0x1029, 0x1029, 0x1029, 
  0x1029, 0x1029, 0x1029, 0x1029, 0x1029, 0x1029, 0x1029, 0x1029, 0x1029, 0x1029, 0x1029, 0x1029, 0x1029, 0x1029, 0x1029, 0x1029, 
  0x1029, 0x1029, 0x1029, 0x1029, 0x1029, 0x1029, 0x1029, 0x1029, 0x1029, 0x1029, 0x1029, 0x1029, 0x1029, 0x1029, 0x1029, 0x1029, 
  0x1029, 0x1029, 0x1029, 0x1029, 0x1029, 0x1029, 0x1029, 0x1029, 0x1029, 0x1029, 0x1029, 0x1029, 0x1029, 0x1029, 0x1029, 0x1029, 
  0x1029, 0x1029, 0x1029, 0x1029, 0x1029, 0x1029, 0x1029, 0x1029, 0x1029, 0x1029, 0x1029, 0x1029, 0x1029, 0x1029, 0x1029, 0x1029, 
  0x1029, 0x1029, 0x1029, 0x1029, 0x1029, 0x1029, 0x1029, 0x1029, 0x1029, 0x1029, 0x1029, 0x1029, 0x1029, 0x1029, 0x1029, 0x1029, 
  0x1029, 0x1029, 0x1029, 0x1029, 0x1029, 0x1029, 0x1029, 0x1029, 0x1029, 0x1029, 0x1029, 0x1029, 0x1029, 0x1029, 0x1029, 0x1029, 
  0x1029, 0x1029, 0x1029, 0x1029, 0x1029, 0x1029, 0x1029, 0x1029, 0x1029, 0x1029, 0x1029, 0x1029, 0x1029, 0x1029, 0x1029, 0x1029, 
  0x1029, 0x1029, 0x1029, 0x1029, 0x1029, 0x1029, 0x1029, 0x1029, 0x1029, 0x1029, 0x1029, 0x1029, 0x1029, 0x1029, 0x1029, 0x1029, 
  0x1029, 0x1029, 0x1029, 0x1029, 0x1029, 0x1029, 0x1029, 0x1029, 0x1029, 0x1029, 0x1029, 0x1029, 0x1029, 0x1029, 0x1029, 0x1029, 
  0x1029, 0x1029, 0x1029, 0x1029, 0x1029, 0x1029, 0x1029, 0x1029, 0x1029, 0x1029, 0x1029, 0x1029, 0x1029, 0x1029, 0x1029, 0x1029, 
  0x1029, 0x1029, 0x1029, 0x1029, 0x1029, 0x1029, 0x1029, 0x1029, 0x1029, 0x1029, 0x1029, 0x1029, 0x1029, 0x1029, 0x1029, 0x1029, 
  0x1029, 0x1029, 0x1029, 0x1029, 0x1029, 0x1029, 0x1029, 0x1029, 0x1029, 0x1029, 0x1029, 0x1029, 0x1029, 0x1029, 0x1029, 0x1029, 
  0x1029, 0x1029, 0x1029, 0x1029, 0x1029, 0x1029, 0x1029, 0x1029, 0x1029, 0x1029, 0x1029, 0x1029, 0x1029, 0x1029, 0x1029, 0x1029, 
  0x1029, 0x1029, 0x1029, 0x1029, 0x1029, 0x1029, 0x1029, 0x1029, 0x1029, 0x1029, 0x1029, 0x1029, 0x1029, 0x1029, 0x1029, 0x1029, 
  0x1029, 0x1029, 0x1029, 0x1029, 0x1029, 0x1029, 0x1029, 0x1029, 0x1029, 0x1029, 0x1029, 0x1029, 0x1029, 0x1029, 0x1029, 0x1029, 
  0x1029, 0x1029, 0x1029, 0x1029, 0x1029, 0x1029, 0x1029, 0x1029, 0x1029, 0x1029, 0x1029, 0x1029, 0x1029, 0x1029, 0x1029, 0x1029, 
  0x1029, 0x1029, 0x1029, 0x1029, 0x1029, 0x1029, 0x1029, 0x1029, 0x1029, 0x1029, 0x1029, 0x1029, 0x1029, 0x1029, 0x1029, 0x1029, 
  0x1029, 0x1029, 0x1029, 0x1029, 0x1029, 0x1029, 0x1029, 0x1029, 0x1029, 0x1029, 0x1029, 0x1029, 0x1029, 0x1029, 0x1029, 0x1029, 
  0x1029, 0x1029, 0x1029, 0x1029, 0x1029, 0x1029, 0x1029, 0x1029, 0x1029, 0x1029, 0x1029, 0x1029, 0x1029, 0x1029, 0x1029, 0x1029, 
  0x1029, 0x1029, 0x1029, 0x1029, 0x1029, 0x1029, 0x1029, 0x1029, 0x1029, 0x1029, 0x1029, 0x1029, 0x1029, 0x1029, 0x1029, 0x1029, 
  0x1029, 0x1029, 0x1029, 0x1029, 0x1029, 0x1029, 0x1029, 0x1029, 0x1029, 0x1029, 0x1029, 0x1029, 0x1029, 0x1029, 0x1029, 0x1029, 
  0x1029, 0x1029, 0x1029, 0x1029, 0x1029, 0x1029, 0x1029, 0x1029, 0x1029, 0x1029, 0x1029, 0x1029, 0x1029, 0x1029, 0x1029, 0x1029, 
  0x1029, 0x1029, 0x1029, 0x1029, 0x1029, 0x1029, 0x1029, 0x1029, 0xF028, 0xF030, 0x1029, 0x1029, 0x1029, 0x1029, 0xF028, 0xF028, 
  0x1029, 0xF028, 0xF028, 0x1029, 0x1029, 0x1029, 0x1029, 0x1029, 0x1029, 0x1029, 0x1029, 0x1029, 0x1029, 0x1029, 0x1029, 0x1029, 
  0x1029, 0x1029, 0x1029, 0x1029, 0x1029, 0x1029, 0x1029, 0x1029, 0x1029, 0x1029, 0x1029, 0x1029, 0x1029, 0x1029, 0x1029, 0x1029, 
  0x1029, 0x1029, 0x1029, 0x1029, 0x1029, 0x1029, 0x1029, 0x1029, 0x1029, 0x1029, 0x1029, 0x1029, 0x1029, 0x1029, 0x1029, 0x1029, 
  0x1029, 0x1029, 0x1029, 0x1029, 0x1029, 0x1029, 0x1029, 0x1029, 0x1029, 0x1029, 0x1029, 0x1029, 0x1029, 0x1029, 0x1029, 0x1029, 
  0x1029, 0x1029, 0x1029, 0x1029, 0x1029, 0x1029, 0x1029, 0x1029, 0x1029, 0x1029, 0x1029, 0x1029, 0x1029, 0x1029, 0x1029, 0x1029, 
  0x1029, 0x1029, 0x1029, 0x1029, 0x1029, 0x1029, 0x1029, 0x1029, 0x1029, 0x1029, 0x1029, 0x1029, 0x1029, 0x1029, 0x1029, 0x1029, 
  0x1029, 0x1029, 0x1029, 0x1029, 0x1029, 0x1029, 0x1029, 0x1029, 0x1029, 0x1029, 0x1029, 0x1029, 0x1029, 0x1029, 0x1029, 0x1029, 
  0x1029, 0x1029, 0x1029, 0x1029, 0x1029, 0x1029, 0x1029, 0x1029, 0x1029, 0x1029, 0x1029, 0x1029, 0x1029, 0x1029, 0x1029, 0x1029, 
  0x1029, 0x1029, 0x1029, 0x1029, 0x1029, 0x1029, 0x1029, 0x1029, 0x1029, 0x1029, 0x1029, 0x1029, 0x1029, 0x1029, 0x1029, 0x1029, 
  0x1029, 0x1029, 0x1029, 0x1029, 0x1029, 0x1029, 0x1029, 0x1029, 0x1029, 0x1029, 0x1029, 0x1029, 0x1029, 0x1029, 0x1029, 0x1029, 
  0x1029, 0x1029, 0x1029, 0x1029, 0x1029, 0x1029, 0x1029, 0x1029, 0x1029, 0x1029, 0x1029, 0x1029, 0x1029, 0x1029, 0x1029, 0x1029, 
  0x1029, 0x1029, 0x1029, 0x1029, 0x1029, 0x1029, 0x1029, 0x1029, 0x1029, 0x1029, 0x1029, 0x1029, 0x1029, 0x1029, 0x1029, 0x1029, 
  0x1029, 0x1029, 0x1029, 0x1029, 0x1029, 0x1029, 0x1029, 0x1029, 0x1029, 0x1029, 0x1029, 0x1029, 0x1029, 0x1029, 0x1029, 0x1029, 
  0x1029, 0x1029, 0x1029, 0x1029, 0x1029, 0x1029, 0x1029, 0x1029, 0x1029, 0x1029, 0x1029, 0x1029, 0x1029, 0x1029, 0x1029, 0x1029, 
  0x1029, 0x1029, 0x1029, 0x1029, 0x1029, 0x1029, 0x1029, 0x1029, 0x1029, 0x1029, 0x1021, 0x1021, 0x1029, 0x1029, 0x1029, 0x1029, 
  0x1029, 0x1029, 0x1021, 0x1029, 0x1029, 0x1029, 0x1029, 0x1029, 0x1029, 0x1029, 0x1029, 0x1029, 0x1029, 0x1029, 0x1029, 0x1029, 
  0x1029, 0x1029, 0x1029, 0x1029, 0x1029, 0x1029, 0x1029, 0x1029, 0x1029, 0x1029, 0x1029, 0x1029, 0x1029, 0x1029, 0x1029, 0x1029, 
  0x1029, 0x1029, 0x1029, 0x1029, 0x1029, 0x1029, 0x1029, 0x1029, 0x1029, 0x1029, 0x1029, 0x1029, 0x1029, 0x1029, 0x1029, 0x1029, 
  0x1029, 0x1029, 0x1029, 0x1029, 0x1029, 0x1029, 0x1029, 0x1029, 0x1029, 0x1029, 0x1029, 0x1029, 0x1029, 0x1029, 0x1029, 0x1029, 
  0x1029, 0x1029, 0x1029, 0x1029, 0x1029, 0x1029, 0x1029, 0x1029, 0x1029, 0x1029, 0x1029, 0x1029, 0x1029, 0x1029, 0x1029, 0x1029, 
  0x1029, 0x1029, 0x1029, 0x1029, 0x1029, 0x1029, 0x1029, 0x1029, 0x1029, 0x1029, 0x1029, 0x1029, 0x1029, 0x1029, 0x1029, 0x1029, 
  0x1029, 0x1029, 0x1029, 0x1029, 0x1029, 0x1029, 0x1029, 0x1029, 0x1029, 0x1029, 0x1029, 0x1029, 0x1029, 0x1029, 0x1029, 0x1029, 
  0x1029, 0x1029, 0x1029, 0x1029, 0x1029, 0x1029, 0x1029, 0x1029, 0x1029, 0x1029, 0x1029, 0x1029, 0x1029, 0x1029, 0x1029, 0x1029, 
  0x1029, 0x1029, 0x1029, 0x1029, 0x1029, 0x1029, 0x1029, 0x1029, 0x1029, 0x1029, 0x1029, 0x1029, 0x1029, 0x1029, 0x1029, 0x1029, 
  0x1029, 0x1029, 0x1029, 0x1029, 0x1029, 0x1029, 0x1029, 0x1029, 0x1029, 0x1029, 0x1029, 0x1029, 0x1029, 0x1029, 0x1029, 0x1029, 
  0x1029, 0x1029, 0x1029, 0x1029, 0x1029, 0x1029, 0x1029, 0x1029, 0x1029, 0x1029, 0x1029, 0x1029, 0x1029, 0x1029, 0x1029, 0x1029, 
  0x1029, 0x1029, 0x1029, 0x1029, 0x1029, 0x1029, 0x1029, 0x1029, 0x1029, 0x1029, 0x1029, 0x1029, 0x1029, 0x1029, 0x1029, 0x1029, 
  0x1029, 0x1029, 0x1029, 0x1029, 0x1029, 0x1029, 0x1029, 0x1029, 0x1029, 0x1029, 0x1029, 0x1029, 0x1029, 0x1029, 0x1029, 0x1029, 
  0x1029, 0x1029, 0x1029, 0x1029, 0x1029, 0x1029, 0x1029, 0x1029, 0x1029, 0x1029, 0x1029, 0x1029, 0x1029, 0x1029, 0x1029, 0x1029, 
  0x1029, 0x1029, 0x1029, 0x1029, 0x1029, 0x1029, 0x1029, 0x1021, 0x3021, 0x1029, 0x1029, 0x1029, 0x1029, 0x1029, 0x1029, 0x1029, 
  0x1029, 0x1029, 0x1029, 0x1029, 0x1029, 0x1029, 0x1029, 0x1029, 0x1029, 0x1029, 0x1029, 0x1029, 0x1029, 0x1029, 0x1029, 0x1029, 
  0x1029, 0x1029, 0x1029, 0x1029, 0x1029, 0x1029, 0x1029, 0x1029, 0x1029, 0x1029, 0x1029, 0x1029, 0x1029, 0x1029, 0x1029, 0x1029, 
  0x1029, 0x1029, 0x1029, 0x1029, 0x1029, 0x1029, 0x1029, 0x1029, 0x1029, 0x1029, 0x1029, 0x1029, 0x1029, 0x1029, 0x1029, 0x1029, 
  0x1029, 0x1029, 0x1029, 0x1029, 0x1029, 0x1029, 0x1029, 0x1029, 0x1029, 0x1029, 0x1029, 0x1029, 0x1029, 0x1029, 0x1029, 0x1029, 
  0x1029, 0x1029, 0x1029, 0x1029, 0x1029, 0x1029, 0x1029, 0x1029, 0x1029, 0x1029, 0x1029, 0x1029, 0x1029, 0x1029, 0x1029, 0x1029, 
  0x1029, 0x1029, 0x1029, 0x1029, 0x1029, 0x1029, 0x1029, 0x1029, 0x1029, 0x1029, 0x1029, 0x1029, 0x1029, 0x1029, 0x1029, 0x1029, 
  0x1029, 0x1029, 0x1029, 0x1029, 0x1029, 0x1029, 0x1029, 0x1029, 0x1029, 0x1029, 0x1029, 0x1029, 0x1029, 0x1029, 0x1029, 0x1029, 
  0x1029, 0x1029, 0x1029, 0x1029, 0x1029, 0x1029, 0x1029, 0x1029, 0x1029, 0x1029, 0x1029, 0x1029, 0x1029, 0x1029, 0x1029, 0x1029, 
  0x1029, 0x1029, 0x1029, 0x1029, 0x1029, 0x1029, 0x1029, 0x1029, 0x1029, 0x1029, 0x1029, 0x1029, 0x1029, 0x1029, 0x1029, 0x1029, 
  0x1029, 0x1029, 0x1029, 0x1029, 0x1029, 0x1029, 0x1029, 0x1029, 0x1029, 0x1029, 0x1029, 0x1029, 0x1029, 0x1029, 0x1029, 0x1029, 
  0x1029, 0x1029, 0x1029, 0x1029, 0x1029, 0x1029, 0x1029, 0x1029, 0x1029, 0x1029, 0x1029, 0x1029, 0x1029, 0x1029, 0x1029, 0x1029, 
  0x1029, 0x1029, 0x1029, 0x1029, 0x1029, 0x1029, 0x1029, 0x1029, 0x1029, 0x1029, 0x1029, 0x1029, 0x1029, 0x1029, 0x1029, 0x1029, 
  0x1029, 0x1029, 0x1029, 0x1029, 0x1029, 0x1029, 0x1029, 0x1029, 0x1029, 0x1029, 0x1029, 0x1029, 0x1029, 0x1029, 0x1029, 0x1029, 
  0x1029, 0x1029, 0x1029, 0x1029, 0x1029, 0x1029, 0x1029, 0x1029, 0x1029, 0x1029, 0x1029, 0x1029, 0x1029, 0x1029, 0x1029, 0x1029, 
  0x1029, 0x1029, 0x1029, 0x1029, 0x1029, 0x1029, 0x0F31, 0x0F31, 0x0F29, 0x1029, 0x1029, 0x1029, 0x1029, 0x3029, 0x1029, 0x1029, 
  0xF028, 0x1029, 0x1029, 0xF028, 0x1029, 0x1029, 0x1029, 0x1029, 0x1029, 0x1029, 0x1029, 0x1029, 0x1029, 0x1029, 0x1029, 0x1029, 
  0x1029, 0x1029, 0x1029, 0x1029, 0x1029, 0x1029, 0x1029, 0x1029, 0x1029, 0x1029, 0x1029, 0x1029, 0x1029, 0x1029, 0x1029, 0x1029, 
  0x1029, 0x1029, 0x1029, 0x1029, 0x1029, 0x1029, 0x1029, 0x1029, 0x1029, 0x1029, 0x1029, 0x1029, 0x1029, 0x1029, 0x1029, 0x1029, 
  0x1029, 0x1029, 0x1029, 0x1029, 0x1029, 0x1029, 0x1029, 0x1029, 0x1029, 0x1029, 0x1029, 0x1029, 0x1029, 0x1029, 0x1029, 0x1029, 
  0x1029, 0x1029, 0x1029, 0x1029, 0x1029, 0x1029, 0x1029, 0x1029, 0x1029, 0x1029, 0x1029, 0x1029, 0x1029, 0x1029, 0x1029, 0x1029, 
  0x1029, 0x1029, 0x1029, 0x1029, 0x1029, 0x1029, 0x1029, 0x1029, 0x1029, 0x1029, 0x1029, 0x1029, 0x1029, 0x1029, 0x1029, 0x1029, 
  0x1029, 0x1029, 0x1029, 0x1029, 0x1029, 0x1029, 0x1029, 0x1029, 0x1029, 0x1029, 0x1029, 0x1029, 0x1029, 0x1029, 0x1029, 0x1029, 
  0x1029, 0x1029, 0x1029, 0x1029, 0x1029, 0x1029, 0x1029, 0x1029, 0x1029, 0x1029, 0x1029, 0x1029, 0x1029, 0x1029, 0x1029, 0x1029, 
  0x1029, 0x1029, 0x1029, 0x1029, 0x1029, 0x1029, 0x1029, 0x1029, 0x1029, 0x1029, 0x1029, 0x1029, 0x1029, 0x1029, 0x1029, 0x1029, 
  0x1029, 0x1029, 0x1029, 0x1029, 0x1029, 0x1029, 0x1029, 0x1029, 0x1029, 0x1029, 0x1029, 0x1029, 0x1029, 0x1029, 0x1029, 0x1029, 
  0x1029, 0x1029, 0x1029, 0x1029, 0x1029, 0x1029, 0x1029, 0x1029, 0x1029, 0x1029, 0x1029, 0x1029, 0x1029, 0x1029, 0x1029, 0x1029, 
  0x1029, 0x1029, 0x1029, 0x1029, 0x1029, 0x1029, 0x1029, 0x1029, 0x1029, 0x1029, 0x1029, 0x1029, 0x1029, 0x1029, 0x1029, 0x1029, 
  0x1029, 0x1029, 0x1029, 0x1029, 0x1029, 0x1029, 0x1029, 0x1029, 0x1029, 0x1029, 0x1029, 0x1029, 0x1029, 0x1029, 0x1029, 0x1029, 
  0x1029, 0x1029, 0x1029, 0x1029, 0x1029, 0x1029, 0x1029, 0x1029, 0x1029, 0x1029, 0x1029, 0x1029, 0x1029, 0x1029, 0x1029, 0x1029, 
  0x1029, 0x1029, 0x1029, 0x1029, 0x3021, 0x1121, 0xD020, 0xF018, 0xF020, 0xF028, 0xF020, 0xF020, 0x1021, 0xF020, 0xEF18, 0x1029, 
  0x1131, 0x1029, 0x0F19, 0x1029, 0x1029, 0x1029, 0x1029, 0x1029, 0x1029, 0x1029, 0x1029, 0x1029, 0x1029, 0x1029, 0x1029, 0x1029, 
  0x1029, 0x1029, 0x1029, 0x1029, 0x1029, 0x1029, 0x1029, 0x1029, 0x1029, 0x1029, 0x1029, 0x1029, 0x1029, 0x1029, 0x1029, 0x1029, 
  0x1029, 0x1029, 0x1029, 0x1029, 0x1029, 0x1029, 0x1029, 0x1029, 0x1029, 0x1029, 0x1029, 0x1029, 0x1029, 0x1029, 0x1029, 0x1029, 
  0x1029, 0x1029, 0x1029, 0x1029, 0x1029, 0x1029, 0x1029, 0x1029, 0x1029, 0x1029, 0x1029, 0x1029, 0x1029, 0x1029, 0x1029, 0x1029, 
  0x1029, 0x1029, 0x1029, 0x1029, 0x1029, 0x1029, 0x1029, 0x1029, 0x1029, 0x1029, 0x1029, 0x1029, 0x1029, 0x1029, 0x1029, 0x1029, 
  0x1029, 0x1029, 0x1029, 0x1029, 0x1029, 0x1029, 0x1029, 0x1029, 0x1029, 0x1029, 0x1029, 0x1029, 0x1029, 0x1029, 0x1029, 0x1029, 
  0x1029, 0x1029, 0x1029, 0x1029, 0x1029, 0x1029, 0x1029, 0x1029, 0x1029, 0x1029, 0x1029, 0x1029, 0x1029, 0x1029, 0x1029, 0x1029, 
  0x1029, 0x1029, 0x1029, 0x1029, 0x1029, 0x1029, 0x1029, 0x1029, 0x1029, 0x1029, 0x1029, 0x1029, 0x1029, 0x1029, 0x1029, 0x1029, 
  0x1029, 0x1029, 0x1029, 0x1029, 0x1029, 0x1029, 0x1029, 0x1029, 0x1029, 0x1029, 0x1029, 0x1029, 0x1029, 0x1029, 0x1029, 0x1029, 
  0x1029, 0x1029, 0x1029, 0x1029, 0x1029, 0x1029, 0x1029, 0x1029, 0x1029, 0x1029, 0x1029, 0x1029, 0x1029, 0x1029, 0x1029, 0x1029, 
  0x1029, 0x1029, 0x1029, 0x1029, 0x1029, 0x1029, 0x1029, 0x1029, 0x1029, 0x1029, 0x1029, 0x1029, 0x1029, 0x1029, 0x1029, 0x1029, 
  0x1029, 0x1029, 0x1029, 0x1029, 0x1029, 0x1029, 0x1029, 0x1029, 0x1029, 0x1029, 0x1029, 0x1029, 0x1029, 0x1029, 0x1029, 0x1029, 
  0x1029, 0x1029, 0x1029, 0x1029, 0x1029, 0x1029, 0x1029, 0x1029, 0x1029, 0x1029, 0x1029, 0x1029, 0x1029, 0x1029, 0x1029, 0x1029, 
  0x1029, 0x1029, 0x1029, 0x1029, 0x1029, 0x1029, 0x1029, 0x1029, 0x1029, 0x1029, 0x1029, 0x1029, 0x1029, 0x1029, 0x1029, 0x1029, 
  0x1029, 0xF020, 0xCF20, 0xEF20, 0xEF20, 0x3039, 0xF261, 0xB161, 0x6E41, 0x6E39, 0x8E39, 0x8E39, 0x6E39, 0x8F49, 0xB159, 0xCF28, 
  0x8E10, 0xEF30, 0x7149, 0xCF20, 0x1021, 0x1029, 0x1029, 0x1029, 0x1029, 0x1029, 0x1029, 0x1029, 0x1029, 0x1029, 0x1029, 0x1029, 
  0x1029, 0x1029, 0x1029, 0x1029, 0x1029, 0x1029, 0x1029, 0x1029, 0x1029, 0x1029, 0x1029, 0x1029, 0x1029, 0x1029, 0x1029, 0x1029, 
  0x1029, 0x1029, 0x1029, 0x1029, 0x1029, 0x1029, 0x1029, 0x1029, 0x1029, 0x1029, 0x1029, 0x1029, 0x1029, 0x1029, 0x1029, 0x1029, 
  0x1029, 0x1029, 0x1029, 0x1029, 0x1029, 0x1029, 0x1029, 0x1029, 0x1029, 0x1029, 0x1029, 0x1029, 0x1029, 0x1029, 0x1029, 0x1029, 
  0x1029, 0x1029, 0x1029, 0x1029, 0x1029, 0x1029, 0x1029, 0x1029, 0x1029, 0x1029, 0x1029, 0x1029, 0x1029, 0x1029, 0x1029, 0x1029, 
  0x1029, 0x1029, 0x1029, 0x1029, 0x1029, 0x1029, 0x1029, 0x1029, 0x1029, 0x1029, 0x1029, 0x1029, 0x1029, 0x1029, 0x1029, 0x1029, 
  0x1029, 0x1029, 0x1029, 0x1029, 0x1029, 0x1029, 0x1029, 0x1029, 0x1029, 0x1029, 0x1029, 0x1029, 0x1029, 0x1029, 0x1029, 0x1029, 
  0x1029, 0x1029, 0x1029, 0x1029, 0x1029, 0x1029, 0x1029, 0x1029, 0x1029, 0x1029, 0x1029, 0x1029, 0x1029, 0x1029, 0x1029, 0x1029, 
  0x1029, 0x1029, 0x1029, 0x1029, 0x1029, 0x1029, 0x1029, 0x1029, 0x1029, 0x1029, 0x1029, 0x1029, 0x1029, 0x1029, 0x1029, 0x1029, 
  0x1029, 0x1029, 0x1029, 0x1029, 0x1029, 0x1029, 0x1029, 0x1029, 0x1029, 0x1029, 0x1029, 0x1029, 0x1029, 0x1029, 0x1029, 0x1029, 
  0x1029, 0x1029, 0x1029, 0x1029, 0x1029, 0x1029, 0x1029, 0x1029, 0x1029, 0x1029, 0x1029, 0x1029, 0x1029, 0x1029, 0x1029, 0x1029, 
  0x1029, 0x1029, 0x1029, 0x1029, 0x1029, 0x1029, 0x1029, 0x1029, 0x1029, 0x1029, 0x1029, 0x1029, 0x1029, 0x1029, 0x1029, 0x1029, 
  0x1029, 0x1029, 0x1029, 0x1029, 0x1029, 0x1029, 0x1029, 0x1029, 0x1029, 0x1029, 0x1029, 0x1029, 0x1029, 0x1029, 0x0F29, 0x0F29, 
  0x1029, 0x1029, 0x1029, 0xF028, 0xF128, 0x1029, 0x1029, 0x1029, 0x1031, 0x1029, 0x1029, 0xEF20, 0xEF18, 0xCF20, 0xCF20, 0xEF28, 
  0xEF28, 0x5139, 0xB249, 0xB249, 0x4F41, 0xB292, 0xD4C3, 0xAC82, 0x8B6A, 0x6A52, 0x2952, 0x4A52, 0x084A, 0xAD8A, 0x5AEC, 0xF9AC, 
  0x758C, 0x56AB, 0xB8DB, 0xF059, 0x7141, 0x1031, 0xCF28, 0xAF20, 0xCF20, 0xEF20, 0xEF20, 0x1029, 0x1029, 0x1029, 0x1029, 0x0F29, 
  0x0F29, 0x1029, 0x1029, 0x1029, 0x1029, 0x0F29, 0x0F29, 0x0F29, 0xF028, 0x1029, 0x1029, 0x1029, 0x1029, 0x1029, 0x1029, 0x1029, 
  0x1029, 0x1029, 0x1029, 0x1029, 0x1029, 0x1029, 0x1029, 0x1029, 0x1029, 0x1029, 0x1029, 0x1029, 0x1029, 0x1029, 0x1029, 0x1029, 
  0x1029, 0x1029, 0x1029, 0x1029, 0x1029, 0x1029, 0x1029, 0x1029, 0x1029, 0x1029, 0x1029, 0x1029, 0x1029, 0x1029, 0x1029, 0x1029, 
  0x1029, 0x1029, 0x1029, 0x1029, 0x1029, 0x1029, 0x1029, 0x1029, 0x1029, 0x1029, 0x1029, 0x1029, 0x1029, 0x1029, 0x1029, 0x1029, 
  0x1029, 0x1029, 0x1029, 0x1029, 0x1029, 0x1029, 0x1029, 0x1029, 0x1029, 0x1029, 0x1029, 0x1029, 0x1029, 0x1029, 0x1029, 0x1029, 
  0x1029, 0x1029, 0x1029, 0x1029, 0x1029, 0x1029, 0x1029, 0x1029, 0x1029, 0x1029, 0x1029, 0x1029, 0x1029, 0x1029, 0x1029, 0x1029, 
  0x1029, 0x1029, 0x1029, 0x1029, 0x1029, 0x1029, 0x1029, 0x1029, 0x1029, 0x1029, 0x1029, 0x1029, 0x1029, 0x1029, 0x1029, 0x1029, 
  0x1029, 0x1029, 0x1029, 0x1029, 0x1029, 0x1029, 0x1029, 0x1029, 0x1029, 0x1029, 0x1029, 0x1029, 0x1029, 0x1029, 0x1029, 0x1029, 
  0x1029, 0x1029, 0x1029, 0x1029, 0x1029, 0x1029, 0x1029, 0x1029, 0x1029, 0x1029, 0x1029, 0x1029, 0x1029, 0x1029, 0x1029, 0x1029, 
  0x1029, 0x1029, 0x1029, 0x1029, 0x1029, 0x1029, 0x1029, 0x1029, 0x1029, 0x1029, 0x1029, 0x1029, 0x1029, 0x1029, 0x1029, 0x1029, 
  0x1029, 0x1029, 0x1029, 0x1029, 0x1029, 0x1029, 0x1029, 0x1029, 0x1029, 0x1029, 0x1029, 0x1029, 0x1029, 0x1029, 0x1029, 0x1029, 
  0x1029, 0x1029, 0x1029, 0x1029, 0x1029, 0x1029, 0x1029, 0x1029, 0x1029, 0x1029, 0x1029, 0x1029, 0x1029, 0x1029, 0xF028, 0xF028, 
  0x1029, 0x1029, 0x0F29, 0x1029, 0x1029, 0xEF28, 0xEF20, 0xCF18, 0xCE18, 0xCF28, 0xF038, 0x5141, 0xD251, 0x326A, 0xB382, 0xD28A, 
  0xB18A, 0x119B, 0x31B3, 0xCF9A, 0x6C72, 0x4A5A, 0xE849, 0x0852, 0x4952, 0x4852, 0x2852, 0x284A, 0xE749, 0xAFAA, 0xDAFC, 0xFFFF, 
  0xFFFF, 0x1AFD, 0xB5FB, 0x38F4, 0x95C3, 0x13A3, 0x349B, 0xF48A, 0x126A, 0x7149, 0x3039, 0x1029, 0xEF20, 0xCF20, 0xD020, 0xF020, 
  0x1029, 0x1029, 0x1029, 0x3029, 0x1029, 0x1029, 0x1029, 0xF028, 0x1029, 0x1029, 0x1021, 0x1029, 0x1029, 0x1029, 0x1029, 0x1029, 
  0x1029, 0x1029, 0x1029, 0x1029, 0x1029, 0x1029, 0x1029, 0x1029, 0x1029, 0x1029, 0x1029, 0x1029, 0x1029, 0x1029, 0x1029, 0x1029, 
  0x1029, 0x1029, 0x1029, 0x1029, 0x1029, 0x1029, 0x1029, 0x1029, 0x1029, 0x1029, 0x1029, 0x1029, 0x1029, 0x1029, 0x1029, 0x1029, 
  0x1029, 0x1029, 0x1029, 0x1029, 0x1029, 0x1029, 0x1029, 0x1029, 0x1029, 0x1029, 0x1029, 0x1029, 0x1029, 0x1029, 0x1029, 0x1029, 
  0x1029, 0x1029, 0x1029, 0x1029, 0x1029, 0x1029, 0x1029, 0x1029, 0x1029, 0x1029, 0x1029, 0x1029, 0x1029, 0x1029, 0x1029, 0x1029, 
  0x1029, 0x1029, 0x1029, 0x1029, 0x1029, 0x1029, 0x1029, 0x1029, 0x1029, 0x1029, 0x1029, 0x1029, 0x1029, 0x1029, 0x1029, 0x1029, 
  0x1029, 0x1029, 0x1029, 0x1029, 0x1029, 0x1029, 0x1029, 0x1029, 0x1029, 0x1029, 0x1029, 0x1029, 0x1029, 0x1029, 0x1029, 0x1029, 
  0x1029, 0x1029, 0x1029, 0x1029, 0x1029, 0x1029, 0x1029, 0x1029, 0x1029, 0x1029, 0x1029, 0x1029, 0x1029, 0x1029, 0x1029, 0x1029, 
  0x1029, 0x1029, 0x1029, 0x1029, 0x1029, 0x1029, 0x1029, 0x1029, 0x1029, 0x1029, 0x1029, 0x1029, 0x1029, 0x1029, 0x1029, 0x1029, 
  0x1029, 0x1029, 0x1029, 0x1029, 0x1029, 0x1029, 0x1029, 0x1029, 0x1029, 0x1029, 0x1029, 0x1029, 0x1029, 0x1029, 0x1029, 0x1029, 
  0x1029, 0x1029, 0x1029, 0x1029, 0x1029, 0x1029, 0x1029, 0x1029, 0x1029, 0x1029, 0x1029, 0x1029, 0x1029, 0x1029, 0x1029, 0x1029, 
  0x1029, 0x1029, 0x1029, 0x1029, 0x1029, 0x1029, 0x1029, 0x1029, 0x1029, 0x1029, 0x1029, 0x1029, 0x1029, 0x2F21, 0x1029, 0x1029, 
  0x1029, 0x1029, 0x0F21, 0xEF18, 0xCF20, 0x3039, 0x9051, 0x5382, 0xB492, 0xD38A, 0xF192, 0xAF8A, 0x8D82, 0x8B7A, 0x6A6A, 0x4962, 
  0x6A62, 0x4962, 0x075A, 0x2852, 0xE741, 0x0742, 0x284A, 0x2952, 0x0952, 0xAB7A, 0x8A62, 0x8A62, 0x4A6A, 0x33D3, 0x1CFE, 0xFFFF, 
  0x3EFF, 0xF7EB, 0x35FC, 0xCD9A, 0xA759, 0x2962, 0xAC7A, 0xAD8A, 0x10A3, 0x11AB, 0x129B, 0x138B, 0x717A, 0x737A, 0xB159, 0x7141, 
  0x3131, 0xF020, 0xD020, 0xD028, 0xF028, 0x1029, 0x1029, 0x3029, 0x1029, 0xF028, 0xF030, 0x0F29, 0x1021, 0x1029, 0x1029, 0x1029, 
  0x1029, 0x1029, 0x1029, 0x1029, 0x1029, 0x1029, 0x1029, 0x1029, 0x1029, 0x1029, 0x1029, 0x1029, 0x1029, 0x1029, 0x1029, 0x1029, 
  0x1029, 0x1029, 0x1029, 0x1029, 0x1029, 0x1029, 0x1029, 0x1029, 0x1029, 0x1029, 0x1029, 0x1029, 0x1029, 0x1029, 0x1029, 0x1029, 
  0x1029, 0x1029, 0x1029, 0x1029, 0x1029, 0x1029, 0x1029, 0x1029, 0x1029, 0x1029, 0x1029, 0x1029, 0x1029, 0x1029, 0x1029, 0x1029, 
  0x1029, 0x1029, 0x1029, 0x1029, 0x1029, 0x1029, 0x1029, 0x1029, 0x1029, 0x1029, 0x1029, 0x1029, 0x1029, 0x1029, 0x1029, 0x1029, 
  0x1029, 0x1029, 0x1029, 0x1029, 0x1029, 0x1029, 0x1029, 0x1029, 0x1029, 0x1029, 0x1029, 0x1029, 0x1029, 0x1029, 0x1029, 0x1029, 
  0x1029, 0x1029, 0x1029, 0x1029, 0x1029, 0x1029, 0x1029, 0x1029, 0x1029, 0x1029, 0x1029, 0x1029, 0x1029, 0x1029, 0x1029, 0x1029, 
  0x1029, 0x1029, 0x1029, 0x1029, 0x1029, 0x1029, 0x1029, 0x1029, 0x1029, 0x1029, 0x1029, 0x1029, 0x1029, 0x1029, 0x1029, 0x1029, 
  0x1029, 0x1029, 0x1029, 0x1029, 0x1029, 0x1029, 0x1029, 0x1029, 0x1029, 0x1029, 0x1029, 0x1029, 0x1029, 0x1029, 0x1029, 0x1029, 
  0x1029, 0x1029, 0x1029, 0x1029, 0x1029, 0x1029, 0x1029, 0x1029, 0x1029, 0x1029, 0x1029, 0x1029, 0x1029, 0x1029, 0x1029, 0x1029, 
  0x1029, 0x1029, 0x1029, 0x1029, 0x1029, 0x1029, 0x1029, 0x1029, 0x1029, 0x1029, 0x1029, 0x1029, 0x1029, 0x1029, 0x1029, 0x1029, 
  0x1029, 0x1029, 0x1029, 0x1029, 0x1029, 0x1029, 0x1029, 0x1029, 0x1029, 0x1029, 0x1021, 0x1029, 0xF030, 0xF030, 0x1029, 0x0F29, 
  0xEF20, 0xCF20, 0x1039, 0x1472, 0xF5A2, 0x95C3, 0x72BB, 0x30A3, 0xAD82, 0x2962, 0x295A, 0x4852, 0x284A, 0x084A, 0x2852, 0x0752, 
  0x8A6A, 0xAB7A, 0x496A, 0xCB72, 0x2852, 0x2852, 0x4852, 0x4952, 0x495A, 0x6B72, 0x4962, 0x074A, 0x4C82, 0x37F4, 0x7FFF, 0xFFFF, 
  0xFCF5, 0xB7FB, 0x31BB, 0x0852, 0x2952, 0x4852, 0x4852, 0xE641, 0xE639, 0x284A, 0xC751, 0x0862, 0x6A6A, 0xCC7A, 0x8C72, 0xCF82, 
  0xD18A, 0x517A, 0x316A, 0xB051, 0x3039, 0xF030, 0xCF20, 0xEF18, 0x0F21, 0x1029, 0x1031, 0x1029, 0x1021, 0x1029, 0x1029, 0x1029, 
  0x1029, 0x1029, 0x1029, 0x1029, 0x1029, 0x1029, 0x1029, 0x1029, 0x1029, 0x1029, 0x1029, 0x1029, 0x1029, 0x1029, 0x1029, 0x1029, 
  0x1029, 0x1029, 0x1029, 0x1029, 0x1029, 0x1029, 0x1029, 0x1029, 0x1029, 0x1029, 0x1029, 0x1029, 0x1029, 0x1029, 0x1029, 0x1029, 
  0x1029, 0x1029, 0x1029, 0x1029, 0x1029, 0x1029, 0x1029, 0x1029, 0x1029, 0x1029, 0x1029, 0x1029, 0x1029, 0x1029, 0x1029, 0x1029, 
  0x1029, 0x1029, 0x1029, 0x1029, 0x1029, 0x1029, 0x1029, 0x1029, 0x1029, 0x1029, 0x1029, 0x1029, 0x1029, 0x1029, 0x1029, 0x1029, 
  0x1029, 0x1029, 0x1029, 0x1029, 0x1029, 0x1029, 0x1029, 0x1029, 0x1029, 0x1029, 0x1029, 0x1029, 0x1029, 0x1029, 0x1029, 0x1029, 
  0x1029, 0x1029, 0x1029, 0x1029, 0x1029, 0x1029, 0x1029, 0x1029, 0x1029, 0x1029, 0x1029, 0x1029, 0x1029, 0x1029, 0x1029, 0x1029, 
  0x1029, 0x1029, 0x1029, 0x1029, 0x1029, 0x1029, 0x1029, 0x1029, 0x1029, 0x1029, 0x1029, 0x1029, 0x1029, 0x1029, 0x1029, 0x1029, 
  0x1029, 0x1029, 0x1029, 0x1029, 0x1029, 0x1029, 0x1029, 0x1029, 0x1029, 0x1029, 0x1029, 0x1029, 0x1029, 0x1029, 0x1029, 0x1029, 
  0x1029, 0x1029, 0x1029, 0x1029, 0x1029, 0x1029, 0x1029, 0x1029, 0x1029, 0x1029, 0x1029, 0x1029, 0x1029, 0x1029, 0x1029, 0x1029, 
  0x1029, 0x1029, 0x1029, 0x1029, 0x1029, 0x1029, 0x1029, 0x1029, 0x1029, 0x1029, 0x1029, 0x1029, 0x1029, 0x1029, 0x1029, 0x1029, 
  0x1029, 0x1029, 0x1029, 0x1029, 0x1029, 0x1029, 0x1029, 0x1029, 0x1029, 0x1029, 0x1029, 0x1029, 0xF130, 0x1129, 0xF020, 0xEF20, 
  0x7049, 0xF492, 0x74BB, 0x31BB, 0xCD8A, 0x295A, 0x2852, 0x0852, 0x074A, 0x074A, 0xAA62, 0x6962, 0x6862, 0x6862, 0xA962, 0x6962, 
  0x6962, 0x2952, 0x084A, 0x695A, 0x896A, 0x495A, 0x284A, 0x2852, 0x695A, 0x2E9B, 0x8A72, 0x074A, 0xD0B2, 0xBBFD, 0xFFFF, 0xDFFF, 
  0x98F4, 0x94EB, 0x0962, 0x2852, 0x8A5A, 0x284A, 0x4952, 0x284A, 0x294A, 0x494A, 0x0842, 0x2842, 0x494A, 0x2842, 0xE841, 0xC841, 
  0xE851, 0x8A6A, 0x8C7A, 0x8E82, 0xD18A, 0xD28A, 0x927A, 0xF169, 0x7149, 0xF028, 0xCF18, 0xCE18, 0xEF28, 0x1029, 0x1029, 0x1029, 
  0x1029, 0x1029, 0x1029, 0x1029, 0x1029, 0x1029, 0x1029, 0x1029, 0x1029, 0x1029, 0x1029, 0x1029, 0x1029, 0x1029, 0x1029, 0x1029, 
  0x1029, 0x1029, 0x1029, 0x1029, 0x1029, 0x1029, 0x1029, 0x1029, 0x1029, 0x1029, 0x1029, 0x1029, 0x1029, 0x1029, 0x1029, 0x1029, 
  0x1029, 0x1029, 0x1029, 0x1029, 0x1029, 0x1029, 0x1029, 0x1029, 0x1029, 0x1029, 0x1029, 0x1029, 0x1029, 0x1029, 0x1029, 0x1029, 
  0x1029, 0x1029, 0x1029, 0x1029, 0x1029, 0x1029, 0x1029, 0x1029, 0x1029, 0x1029, 0x1029, 0x1029, 0x1029, 0x1029, 0x1029, 0x1029, 
  0x1029, 0x1029, 0x1029, 0x1029, 0x1029, 0x1029, 0x1029, 0x1029, 0x1029, 0x1029, 0x1029, 0x1029, 0x1029, 0x1029, 0x1029, 0x1029, 
  0x1029, 0x1029, 0x1029, 0x1029, 0x1029, 0x1029, 0x1029, 0x1029, 0x1029, 0x1029, 0x1029, 0x1029, 0x1029, 0x1029, 0x1029, 0x1029, 
  0x1029, 0x1029, 0x1029, 0x1029, 0x1029, 0x1029, 0x1029, 0x1029, 0x1029, 0x1029, 0x1029, 0x1029, 0x1029, 0x1029, 0x1029, 0x1029, 
  0x1029, 0x1029, 0x1029, 0x1029, 0x1029, 0x1029, 0x1029, 0x1029, 0x1029, 0x1029, 0x1029, 0x1029, 0x1029, 0x1029, 0x1029, 0x1029, 
  0x1029, 0x1029, 0x1029, 0x1029, 0x1029, 0x1029, 0x1029, 0x1029, 0x1029, 0x1029, 0x1029, 0x1029, 0x1029, 0x1029, 0x1029, 0x1029, 
  0x1029, 0x1029, 0x1029, 0x1029, 0x1029, 0x1029, 0x1029, 0x1029, 0x1029, 0x1029, 0x1029, 0x1029, 0x1029, 0x1029, 0x1029, 0x1029, 
  0x1029, 0x1029, 0x1029, 0x1029, 0x1029, 0x1029, 0x1029, 0x1029, 0x1029, 0x1029, 0x1029, 0x1029, 0xF020, 0xEF20, 0x9051, 0xF5AA, 
  0x17E4, 0x10B3, 0x4A72, 0x685A, 0xE749, 0x2852, 0x695A, 0x495A, 0x495A, 0x4852, 0x284A, 0x2952, 0x2952, 0x4952, 0x4852, 0x6962, 
  0x6962, 0x695A, 0x2952, 0x695A, 0x6962, 0xAA6A, 0x4A62, 0x4852, 0x4852, 0x4962, 0x6952, 0x4962, 0xD5E3, 0x1EFF, 0xFFFF, 0xDDFE, 
  0xD6F3, 0xCEA2, 0x485A, 0x8852, 0x495A, 0x2852, 0x6952, 0x074A, 0x284A, 0x084A, 0x4852, 0x495A, 0x2852, 0x084A, 0x6852, 0x8962, 
  0xCA6A, 0x6952, 0xC649, 0x485A, 0x8962, 0x495A, 0x8B72, 0xAD8A, 0xF092, 0xF29A, 0x159B, 0x336A, 0x3031, 0xCF20, 0xCF20, 0x1029, 
  0x1029, 0x1029, 0x1029, 0x1029, 0x1029, 0x1029, 0x1029, 0x1029, 0x1029, 0x1029, 0x1029, 0x1029, 0x1029, 0x1029, 0x1029, 0x1029, 
  0x1029, 0x1029, 0x1029, 0x1029, 0x1029, 0x1029, 0x1029, 0x1029, 0x1029, 0x1029, 0x1029, 0x1029, 0x1029, 0x1029, 0x1029, 0x1029, 
  0x1029, 0x1029, 0x1029, 0x1029, 0x1029, 0x1029, 0x1029, 0x1029, 0x1029, 0x1029, 0x1029, 0x1029, 0x1029, 0x1029, 0x1029, 0x1029, 
  0x1029, 0x1029, 0x1029, 0x1029, 0x1029, 0x1029, 0x1029, 0x1029, 0x1029, 0x1029, 0x1029, 0x1029, 0x1029, 0x1029, 0x1029, 0x1029, 
  0x1029, 0x1029, 0x1029, 0x1029, 0x1029, 0x1029, 0x1029, 0x1029, 0x1029, 0x1029, 0x1029, 0x1029, 0x1029, 0x1029, 0x1029, 0x1029, 
  0x1029, 0x1029, 0x1029, 0x1029, 0x1029, 0x1029, 0x1029, 0x1029, 0x1029, 0x1029, 0x1029, 0x1029, 0x1029, 0x1029, 0x1029, 0x1029, 
  0x1029, 0x1029, 0x1029, 0x1029, 0x1029, 0x1029, 0x1029, 0x1029, 0x1029, 0x1029, 0x1029, 0x1029, 0x1029, 0x1029, 0x1029, 0x1029, 
  0x1029, 0x1029, 0x1029, 0x1029, 0x1029, 0x1029, 0x1029, 0x1029, 0x1029, 0x1029, 0x1029, 0x1029, 0x1029, 0x1029, 0x1029, 0x1029, 
  0x1029, 0x1029, 0x1029, 0x1029, 0x1029, 0x1029, 0x1029, 0x1029, 0x1029, 0x1029, 0x1029, 0x1029, 0x1029, 0x1029, 0x1029, 0x1029, 
  0x1029, 0x1029, 0x1029, 0x1029, 0x1029, 0x1029, 0x1029, 0x1029, 0x1029, 0x1029, 0x1029, 0x1029, 0x1029, 0x1029, 0x1029, 0x1029, 
  0x1029, 0x1029, 0x1029, 0x1029, 0x0F29, 0x3021, 0x1029, 0x1029, 0x2F29, 0x1029, 0x1021, 0xCF20, 0x7049, 0xF4AA, 0xF7EB, 0x17FC, 
  0x8D92, 0x096A, 0xAB8A, 0xCB7A, 0x8A62, 0x4962, 0x4962, 0x495A, 0x4952, 0x2952, 0x294A, 0x284A, 0x284A, 0x4852, 0x6B7A, 0x0FB3, 
  0xCC92, 0x285A, 0xAA7A, 0xAA72, 0x685A, 0x495A, 0x2852, 0x694A, 0x895A, 0x496A, 0x495A, 0x6C82, 0x1AFD, 0xFFFF, 0xFFFF, 0x9AFD, 
  0x32CB, 0x6A6A, 0x6962, 0x0742, 0xC749, 0x6972, 0x4A72, 0x2A72, 0x0A72, 0x2972, 0x4B82, 0x2A7A, 0xE961, 0xC859, 0x0962, 0x0862, 
  0xE859, 0xE859, 0x296A, 0x496A, 0x0852, 0xE641, 0xE739, 0x2742, 0x474A, 0x6972, 0xAD92, 0x92BB, 0x75C3, 0xD49A, 0xD259, 0xEF28, 
  0xCF20, 0x1029, 0x2F29, 0x0F29, 0x1029, 0x1029, 0xF028, 0x1029, 0x1029, 0x1029, 0x1029, 0x1029, 0x1029, 0x1029, 0x1029, 0x1029, 
  0x1029, 0x1029, 0x1029, 0x1029, 0x1029, 0x1029, 0x1029, 0x1029, 0x1029, 0x1029, 0x1029, 0x1029, 0x1029, 0x1029, 0x1029, 0x1029, 
  0x1029, 0x1029, 0x1029, 0x1029, 0x1029, 0x1029, 0x1029, 0x1029, 0x1029, 0x1029, 0x1029, 0x1029, 0x1029, 0x1029, 0x1029, 0x1029, 
  0x1029, 0x1029, 0x1029, 0x1029, 0x1029, 0x1029, 0x1029, 0x1029, 0x1029, 0x1029, 0x1029, 0x1029, 0x1029, 0x1029, 0x1029, 0x1029, 
  0x1029, 0x1029, 0x1029, 0x1029, 0x1029, 0x1029, 0x1029, 0x1029, 0x1029, 0x1029, 0x1029, 0x1029, 0x1029, 0x1029, 0x1029, 0x1029, 
  0x1029, 0x1029, 0x1029, 0x1029, 0x1029, 0x1029, 0x1029, 0x1029, 0x1029, 0x1029, 0x1029, 0x1029, 0x1029, 0x1029, 0x1029, 0x1029, 
  0x1029, 0x1029, 0x1029, 0x1029, 0x1029, 0x1029, 0x1029, 0x1029, 0x1029, 0x1029, 0x1029, 0x1029, 0x1029, 0x1029, 0x1029, 0x1029, 
  0x1029, 0x1029, 0x1029, 0x1029, 0x1029, 0x1029, 0x1029, 0x1029, 0x1029, 0x1029, 0x1029, 0x1029, 0x1029, 0x1029, 0x1029, 0x1029, 
  0x1029, 0x1029, 0x1029, 0x1029, 0x1029, 0x1029, 0x1029, 0x1029, 0x1029, 0x1029, 0x1029, 0x1029, 0x1029, 0x1029, 0x1029, 0x1029, 
  0x1029, 0x1029, 0x1029, 0x1029, 0x1029, 0x1029, 0x1029, 0x1029, 0x1029, 0x1029, 0x1029, 0x1029, 0x1029, 0x1029, 0x1029, 0x1029, 
  0x1029, 0x1029, 0x1029, 0x1029, 0xF028, 0x1029, 0x0F29, 0x1029, 0x1031, 0xCF18, 0x1039, 0x3592, 0xF9EA, 0x78FB, 0xD6FB, 0xF6FB, 
  0x4B7A, 0x6962, 0xCB82, 0x485A, 0x495A, 0x495A, 0x695A, 0x495A, 0x4852, 0x695A, 0x284A, 0x2852, 0x6A72, 0x51CB, 0xF6FB, 0x37FC, 
  0x31CB, 0xE741, 0x485A, 0x8A6A, 0x495A, 0x4852, 0x695A, 0x295A, 0x085A, 0x6962, 0x2862, 0x11B3, 0x9DFE, 0xFFFF, 0x7FFF, 0x37FC, 
  0x8C82, 0x284A, 0x6C8A, 0x10BB, 0xB4E3, 0xD6F3, 0x76F3, 0xB7EB, 0xFAF4, 0xBBED, 0xFBED, 0xDBED, 0x79E5, 0xF8DC, 0xB7E4, 0x35D4, 
  0x14C4, 0x13C4, 0xD2C3, 0x30AB, 0xEF9A, 0x8E9A, 0x8D8A, 0x6B7A, 0x2A6A, 0x495A, 0xE749, 0x485A, 0x6962, 0x2E93, 0x93C3, 0x14AB, 
  0xF261, 0xF028, 0xCF18, 0x1029, 0x1029, 0x1029, 0x1021, 0x1029, 0x1029, 0x1029, 0x1029, 0x1029, 0x1029, 0x1029, 0x1029, 0x1029, 
  0x1029, 0x1029, 0x1029, 0x1029, 0x1029, 0x1029, 0x1029, 0x1029, 0x1029, 0x1029, 0x1029, 0x1029, 0x1029, 0x1029, 0x1029, 0x1029, 
  0x1029, 0x1029, 0x1029, 0x1029, 0x1029, 0x1029, 0x1029, 0x1029, 0x1029, 0x1029, 0x1029, 0x1029, 0x1029, 0x1029, 0x1029, 0x1029, 
  0x1029, 0x1029, 0x1029, 0x1029, 0x1029, 0x1029, 0x1029, 0x1029, 0x1029, 0x1029, 0x1029, 0x1029, 0x1029, 0x1029, 0x1029, 0x1029, 
  0x1029, 0x1029, 0x1029, 0x1029, 0x1029, 0x1029, 0x1029, 0x1029, 0x1029, 0x1029, 0x1029, 0x1029, 0x1029, 0x1029, 0x1029, 0x1029, 
  0x1029, 0x1029, 0x1029, 0x1029, 0x1029, 0x1029, 0x1029, 0x1029, 0x1029, 0x1029, 0x1029, 0x1029, 0x1029, 0x1029, 0x1029, 0x1029, 
  0x1029, 0x1029, 0x1029, 0x1029, 0x1029, 0x1029, 0x1029, 0x1029, 0x1029, 0x1029, 0x1029, 0x1029, 0x1029, 0x1029, 0x1029, 0x1029, 
  0x1029, 0x1029, 0x1029, 0x1029, 0x1029, 0x1029, 0x1029, 0x1029, 0x1029, 0x1029, 0x1029, 0x1029, 0x1029, 0x1029, 0x1029, 0x1029, 
  0x1029, 0x1029, 0x1029, 0x1029, 0x1029, 0x1029, 0x1029, 0x1029, 0x1029, 0x1029, 0x1029, 0x1029, 0x1029, 0x1029, 0x1029, 0x1029, 
  0x1029, 0x1029, 0x1029, 0x1029, 0x1029, 0x1029, 0x1029, 0x1029, 0x1029, 0x1029, 0x1029, 0x1029, 0x1029, 0x1029, 0x1029, 0x1029, 
  0x1029, 0x1029, 0x1029, 0x1029, 0x1029, 0x1029, 0x1029, 0xD028, 0xAF28, 0x1262, 0xD8C3, 0x39F4, 0x38EB, 0xB8F2, 0x77FB, 0xF6FB, 
  0xB3DB, 0x6B82, 0x485A, 0x485A, 0x4962, 0x485A, 0x4852, 0x495A, 0x2852, 0x485A, 0x6962, 0x295A, 0x92CB, 0xF8FB, 0x36FB, 0xD7FB, 
  0x32CB, 0x084A, 0x6952, 0x6962, 0x4852, 0x0752, 0x695A, 0x895A, 0x8962, 0x685A, 0x2A72, 0x17E4, 0x9FFF, 0xFFFF, 0x5DFE, 0x33D3, 
  0xE849, 0xCD8A, 0x36EC, 0xD3DB, 0x92D3, 0x73D3, 0x54E3, 0xB5E3, 0x19ED, 0x1CFE, 0x7DFE, 0x9EFE, 0xDEFE, 0xDEFE, 0xFFFE, 0xFFFE, 
  0xFFFE, 0xBFFE, 0x7EFE, 0x5EFE, 0xBBFC, 0x78FB, 0xD8FB, 0x16FC, 0xB4E3, 0x30AB, 0x8C8A, 0x8A6A, 0x2842, 0xE741, 0x075A, 0xED92, 
  0x32B3, 0x54AB, 0x737A, 0x3031, 0xAF20, 0x1029, 0x3029, 0x1029, 0x1029, 0x1029, 0x1029, 0x1029, 0x1029, 0x1029, 0x1029, 0x1029, 
  0x1029, 0x1029, 0x1029, 0x1029, 0x1029, 0x1029, 0x1029, 0x1029, 0x1029, 0x1029, 0x1029, 0x1029, 0x1029, 0x1029, 0x1029, 0x1029, 
  0x1029, 0x1029, 0x1029, 0x1029, 0x1029, 0x1029, 0x1029, 0x1029, 0x1029, 0x1029, 0x1029, 0x1029, 0x1029, 0x1029, 0x1029, 0x1029, 
  0x1029, 0x1029, 0x1029, 0x1029, 0x1029, 0x1029, 0x1029, 0x1029, 0x1029, 0x1029, 0x1029, 0x1029, 0x1029, 0x1029, 0x1029, 0x1029, 
  0x1029, 0x1029, 0x1029, 0x1029, 0x1029, 0x1029, 0x1029, 0x1029, 0x1029, 0x1029, 0x1029, 0x1029, 0x1029, 0x1029, 0x1029, 0x1029, 
  0x1029, 0x1029, 0x1029, 0x1029, 0x1029, 0x1029, 0x1029, 0x1029, 0x1029, 0x1029, 0x1029, 0x1029, 0x1029, 0x1029, 0x1029, 0x1029, 
  0x1029, 0x1029, 0x1029, 0x1029, 0x1029, 0x1029, 0x1029, 0x1029, 0x1029, 0x1029, 0x1029, 0x1029, 0x1029, 0x1029, 0x1029, 0x1029, 
  0x1029, 0x1029, 0x1029, 0x1029, 0x1029, 0x1029, 0x1029, 0x1029, 0x1029, 0x1029, 0x1029, 0x1029, 0x1029, 0x1029, 0x1029, 0x1029, 
  0x1029, 0x1029, 0x1029, 0x1029, 0x1029, 0x1029, 0x1029, 0x1029, 0x1029, 0x1029, 0x1029, 0x1029, 0x1029, 0x1029, 0x1029, 0x1029, 
  0x1029, 0x1029, 0x1029, 0x1029, 0x1029, 0x1029, 0x1029, 0x1029, 0x1029, 0x1029, 0x1029, 0x1029, 0x1029, 0x1029, 0x1029, 0x1029, 
  0x1029, 0x1029, 0x1029, 0x1029, 0x1029, 0x1029, 0xD020, 0x3041, 0x789C, 0x5FFF, 0xBFFF, 0x9FFF, 0xBEFE, 0x3AEC, 0xD7F2, 0x57FB, 
  0xD6FB, 0xD5EB, 0xAC92, 0x285A, 0x8A6A, 0x495A, 0x4852, 0x6A62, 0x895A, 0xAA6A, 0xE749, 0xCD92, 0xF8FB, 0xD7F2, 0xD7FA, 0xF7FB, 
  0x30BB, 0x0742, 0x695A, 0x485A, 0x4852, 0xCB7A, 0xAB82, 0x896A, 0x4852, 0x2852, 0x6D92, 0x7CFD, 0xFFFF, 0xFFFF, 0x1AFD, 0x8E9A, 
  0xE759, 0x0FA3, 0x0A5A, 0x095A, 0x085A, 0x2852, 0x095A, 0xE959, 0x0A6A, 0x0A7A, 0x2B82, 0x6C8A, 0x8D92, 0xAD92, 0xAE92, 0xAE8A, 
  0xEF9A, 0x30AB, 0x50AB, 0x30AB, 0xEFA2, 0x10AB, 0x10AB, 0x30B3, 0x71C3, 0xB3E3, 0xB3E3, 0x30BB, 0x2A6A, 0xE741, 0x4952, 0xE841, 
  0xE851, 0x8A7A, 0x50B3, 0xB6C3, 0x9382, 0x0F39, 0xCF20, 0x1021, 0x1029, 0x1029, 0x1021, 0x1029, 0x1029, 0x1029, 0x1029, 0x1029, 
  0x1029, 0x1029, 0x1029, 0x1029, 0x1029, 0x1029, 0x1029, 0x1029, 0x1029, 0x1029, 0x1029, 0x1029, 0x1029, 0x1029, 0x1029, 0x1029, 
  0x1029, 0x1029, 0x1029, 0x1029, 0x1029, 0x1029, 0x1029, 0x1029, 0x1029, 0x1029, 0x1029, 0x1029, 0x1029, 0x1029, 0x1029, 0x1029, 
  0x1029, 0x1029, 0x1029, 0x1029, 0x1029, 0x1029, 0x1029, 0x1029, 0x1029, 0x1029, 0x1029, 0x1029, 0x1029, 0x1029, 0x1029, 0x1029, 
  0x1029, 0x1029, 0x1029, 0x1029, 0x1029, 0x1029, 0x1029, 0x1029, 0x1029, 0x1029, 0x1029, 0x1029, 0x1029, 0x1029, 0x1029, 0x1029, 
  0x1029, 0x1029, 0x1029, 0x1029, 0x1029, 0x1029, 0x1029, 0x1029, 0x1029, 0x1029, 0x1029, 0x1029, 0x1029, 0x1029, 0x1029, 0x1029, 
  0x1029, 0x1029, 0x1029, 0x1029, 0x1029, 0x1029, 0x1029, 0x1029, 0x1029, 0x1029, 0x1029, 0x1029, 0x1029, 0x1029, 0x1029, 0x1029, 
  0x1029, 0x1029, 0x1029, 0x1029, 0x1029, 0x1029, 0x1029, 0x1029, 0x1029, 0x1029, 0x1029, 0x1029, 0x1029, 0x1029, 0x1029, 0x1029, 
  0x1029, 0x1029, 0x1029, 0x1029, 0x1029, 0x1029, 0x1029, 0x1029, 0x1029, 0x1029, 0x1029, 0x1029, 0x1029, 0x1029, 0x1029, 0x1029, 
  0x1029, 0x1029, 0x1029, 0x1029, 0x1029, 0x1029, 0x1029, 0x1029, 0x1029, 0x1029, 0x1029, 0x1029, 0x1029, 0x1029, 0x1029, 0x1029, 
  0x1029, 0x1029, 0x1029, 0x1029, 0xF028, 0xEF18, 0xD161, 0x1CDE, 0xFFFF, 0xFFFF, 0xFFFF, 0xFFFF, 0xFFFF, 0xBFFF, 0x9AF4, 0xD7F2, 
  0x77FB, 0xD7FB, 0x15EC, 0xCD8A, 0x295A, 0x2852, 0x495A, 0x695A, 0x2852, 0x484A, 0x4962, 0xB5F3, 0x97F3, 0x3AF4, 0x17F3, 0xF7FB, 
  0xCD9A, 0x285A, 0x6A72, 0x6962, 0x284A, 0xAB7A, 0xCC8A, 0x6962, 0x084A, 0x084A, 0x32BB, 0xBEFE, 0xFFFF, 0x3EFF, 0xD5E3, 0x2962, 
  0x8962, 0x4962, 0x284A, 0x6A6A, 0x4962, 0x495A, 0x495A, 0x6952, 0x484A, 0x284A, 0x0742, 0x074A, 0x695A, 0x2852, 0x284A, 0x074A, 
  0x074A, 0x074A, 0x2852, 0x485A, 0x4862, 0x285A, 0x074A, 0x2852, 0x074A, 0x4A6A, 0x095A, 0x4952, 0x295A, 0x084A, 0x2842, 0x2842, 
  0x494A, 0x284A, 0xE851, 0x8C8A, 0x36EC, 0xB6D3, 0x527A, 0x3039, 0xAF28, 0x0F29, 0x3021, 0x1021, 0x1029, 0x1029, 0x1029, 0x1029, 
  0x1029, 0x1029, 0x1029, 0x1029, 0x1029, 0x1029, 0x1029, 0x1029, 0x1029, 0x1029, 0x1029, 0x1029, 0x1029, 0x1029, 0x1029, 0x1029, 
  0x1029, 0x1029, 0x1029, 0x1029, 0x1029, 0x1029, 0x1029, 0x1029, 0x1029, 0x1029, 0x1029, 0x1029, 0x1029, 0x1029, 0x1029, 0x1029, 
  0x1029, 0x1029, 0x1029, 0x1029, 0x1029, 0x1029, 0x1029, 0x1029, 0x1029, 0x1029, 0x1029, 0x1029, 0x1029, 0x1029, 0x1029, 0x1029, 
  0x1029, 0x1029, 0x1029, 0x1029, 0x1029, 0x1029, 0x1029, 0x1029, 0x1029, 0x1029, 0x1029, 0x1029, 0x1029, 0x1029, 0x1029, 0x1029, 
  0x1029, 0x1029, 0x1029, 0x1029, 0x1029, 0x1029, 0x1029, 0x1029, 0x1029, 0x1029, 0x1029, 0x1029, 0x1029, 0x1029, 0x1029, 0x1029, 
  0x1029, 0x1029, 0x1029, 0x1029, 0x1029, 0x1029, 0x1029, 0x1029, 0x1029, 0x1029, 0x1029, 0x1029, 0x1029, 0x1029, 0x1029, 0x1029, 
  0x1029, 0x1029, 0x1029, 0x1029, 0x1029, 0x1029, 0x1029, 0x1029, 0x1029, 0x1029, 0x1029, 0x1029, 0x1029, 0x1029, 0x1029, 0x1029, 
  0x1029, 0x1029, 0x1029, 0x1029, 0x1029, 0x1029, 0x1029, 0x1029, 0x1029, 0x1029, 0x1029, 0x1029, 0x1029, 0x1029, 0x1029, 0x1029, 
  0x1029, 0x1029, 0x1029, 0x1029, 0x1029, 0x1029, 0x1029, 0x1029, 0x1029, 0x1029, 0x1029, 0x1029, 0x1029, 0x1029, 0x1029, 0x1029, 
  0x1029, 0x1029, 0x1029, 0xF020, 0x1031, 0x5382, 0x5DF6, 0xFFFF, 0xDEFF, 0xDFFF, 0xFFF7, 0xFFFF, 0xFFFF, 0xFFFF, 0xBFFF, 0x39EC, 
  0xD7FA, 0x77FB, 0xD6FB, 0xD4E3, 0x6B72, 0x2852, 0x2852, 0x4952, 0x6A5A, 0x074A, 0x0FB3, 0x77FB, 0xFCF5, 0xFFFE, 0x56F3, 0xB6FB, 
  0x6A72, 0x284A, 0x4962, 0x8A6A, 0x4952, 0xE751, 0x4962, 0x695A, 0xE849, 0x095A, 0x17E4, 0xBFFF, 0xFFFF, 0xDCFD, 0xF1BA, 0x295A, 
  0x084A, 0x2852, 0x8962, 0x895A, 0x8A62, 0x2852, 0x495A, 0x2852, 0x284A, 0x4952, 0x284A, 0x6952, 0x495A, 0x695A, 0x2852, 0x495A, 
  0x8A62, 0x495A, 0x2952, 0x295A, 0x4962, 0x6962, 0x4852, 0x4952, 0x6962, 0x284A, 0x694A, 0x284A, 0x284A, 0x2952, 0x4852, 0x284A, 
  0x2852, 0x2952, 0x6952, 0xE739, 0xE969, 0x15EC, 0x17FC, 0x96DB, 0x337A, 0xEF38, 0xEF20, 0x1029, 0x1029, 0x1029, 0x1029, 0x1029, 
  0x1029, 0x1029, 0x1029, 0x1029, 0x1029, 0x1029, 0x1029, 0x1029, 0x1029, 0x1029, 0x1029, 0x1029, 0x1029, 0x1029, 0x1029, 0x1029, 
  0x1029, 0x1029, 0x1029, 0x1029, 0x1029, 0x1029, 0x1029, 0x1029, 0x1029, 0x1029, 0x1029, 0x1029, 0x1029, 0x1029, 0x1029, 0x1029, 
  0x1029, 0x1029, 0x1029, 0x1029, 0x1029, 0x1029, 0x1029, 0x1029, 0x1029, 0x1029, 0x1029, 0x1029, 0x1029, 0x1029, 0x1029, 0x1029, 
  0x1029, 0x1029, 0x1029, 0x1029, 0x1029, 0x1029, 0x1029, 0x1029, 0x1029, 0x1029, 0x1029, 0x1029, 0x1029, 0x1029, 0x1029, 0x1029, 
  0x1029, 0x1029, 0x1029, 0x1029, 0x1029, 0x1029, 0x1029, 0x1029, 0x1029, 0x1029, 0x1029, 0x1029, 0x1029, 0x1029, 0x1029, 0x1029, 
  0x1029, 0x1029, 0x1029, 0x1029, 0x1029, 0x1029, 0x1029, 0x1029, 0x1029, 0x1029, 0x1029, 0x1029, 0x1029, 0x1029, 0x1029, 0x1029, 
  0x1029, 0x1029, 0x1029, 0x1029, 0x1029, 0x1029, 0x1029, 0x1029, 0x1029, 0x1029, 0x1029, 0x1029, 0x1029, 0x1029, 0x1029, 0x1029, 
  0x1029, 0x1029, 0x1029, 0x1029, 0x1029, 0x1029, 0x1029, 0x1029, 0x1029, 0x1029, 0x1029, 0x1029, 0x1029, 0x1029, 0x1029, 0x1029, 
  0x1029, 0x1029, 0x1029, 0x1029, 0x1029, 0x1029, 0x1029, 0x1029, 0x1029, 0x1029, 0x1029, 0x1029, 0x1029, 0x1029, 0x1029, 0xF128, 
  0x1029, 0x1029, 0xF020, 0x1041, 0xD5AA, 0x3EFE, 0xFFFF, 0xFFF7, 0xFFFF, 0xFFFF, 0xFFFF, 0xFFFF, 0xFFFF, 0xDFFF, 0xFFFF, 0x5FFF, 
  0xB8EB, 0xF8F2, 0x56FB, 0xF6FB, 0xCE9A, 0x0852, 0x695A, 0x2952, 0x695A, 0x6A72, 0x74F3, 0x99F4, 0xFFFF, 0x7DFE, 0x76F3, 0x92D3, 
  0x4A6A, 0x284A, 0x494A, 0x4952, 0x285A, 0x695A, 0x6952, 0x6A6A, 0x285A, 0x6C8A, 0x5CFD, 0xFFFF, 0xBFFF, 0x79FC, 0x6C92, 0x8A62, 
  0x2952, 0x4952, 0x284A, 0x0742, 0x2842, 0x0842, 0x284A, 0xE741, 0xE849, 0x284A, 0x284A, 0x084A, 0x0852, 0x495A, 0x2852, 0x4852, 
  0x485A, 0x495A, 0x4952, 0x284A, 0x495A, 0x6A62, 0x495A, 0x2852, 0x4852, 0x2842, 0x484A, 0x2852, 0x2852, 0x895A, 0x2852, 0x2852, 
  0x8A62, 0x695A, 0x0852, 0x4952, 0x0852, 0xCE9A, 0x57FC, 0xF6FB, 0x17FC, 0x16BB, 0xB261, 0x1029, 0xEF28, 0x1029, 0x1029, 0x0F29, 
  0x1021, 0x1029, 0xF028, 0x1029, 0x1029, 0x1029, 0x1029, 0x1029, 0x1029, 0x1029, 0x1029, 0x1029, 0x1029, 0x1029, 0x1029, 0x1029, 
  0x1029, 0x1029, 0x1029, 0x1029, 0x1029, 0x1029, 0x1029, 0x1029, 0x1029, 0x1029, 0x1029, 0x1029, 0x1029, 0x1029, 0x1029, 0x1029, 
  0x1029, 0x1029, 0x1029, 0x1029, 0x1029, 0x1029, 0x1029, 0x1029, 0x1029, 0x1029, 0x1029, 0x1029, 0x1029, 0x1029, 0x1029, 0x1029, 
  0x1029, 0x1029, 0x1029, 0x1029, 0x1029, 0x1029, 0x1029, 0x1029, 0x1029, 0x1029, 0x1029, 0x1029, 0x1029, 0x1029, 0x1029, 0x1029, 
  0x1029, 0x1029, 0x1029, 0x1029, 0x1029, 0x1029, 0x1029, 0x1029, 0x1029, 0x1029, 0x1029, 0x1029, 0x1029, 0x1029, 0x1029, 0x1029, 
  0x1029, 0x1029, 0x1029, 0x1029, 0x1029, 0x1029, 0x1029, 0x1029, 0x1029, 0x1029, 0x1029, 0x1029, 0x1029, 0x1029, 0x1029, 0x1029, 
  0x1029, 0x1029, 0x1029, 0x1029, 0x1029, 0x1029, 0x1029, 0x1029, 0x1029, 0x1029, 0x1029, 0x1029, 0x1029, 0x1029, 0x1029, 0x1029, 
  0x1029, 0x1029, 0x1029, 0x1029, 0x1029, 0x1029, 0x1029, 0x1029, 0x1029, 0x1029, 0x1029, 0x1029, 0x1029, 0x1029, 0x1029, 0x1029, 
  0x1029, 0x1029, 0x1029, 0x1029, 0x1029, 0x1029, 0x1029, 0x1029, 0x1029, 0x1029, 0x1029, 0x1029, 0x1029, 0x1029, 0x1029, 0xF028, 
  0x1029, 0xEF18, 0x5049, 0xD7C2, 0x9CFD, 0xDFFF, 0xFFFF, 0xFFFF, 0xFFFF, 0xFFFF, 0xFFFF, 0xFFFF, 0xFFFF, 0xFFFF, 0xDFFF, 0xFFFF, 
  0x3DF6, 0xD8F2, 0x37FB, 0xF7FB, 0x71CB, 0x0852, 0x4852, 0x495A, 0x696A, 0x30BB, 0x97FB, 0x7DF6, 0xFFFF, 0x9BED, 0x96FB, 0xCEA2, 
  0xE749, 0x4952, 0x084A, 0x4952, 0x6962, 0x485A, 0x4852, 0x8A62, 0x6962, 0x11BB, 0x9EFE, 0xFFFF, 0xBDFE, 0x96E3, 0x8B82, 0x2852, 
  0x2852, 0x4952, 0x0842, 0xE741, 0x284A, 0x284A, 0x084A, 0x4952, 0x4952, 0x284A, 0x084A, 0x2952, 0xAA62, 0x6962, 0x495A, 0x284A, 
  0x084A, 0x6A5A, 0x4852, 0x2852, 0x695A, 0x4952, 0x2852, 0x4852, 0x2852, 0x2852, 0x4952, 0x4952, 0x2852, 0x4952, 0x074A, 0x4852, 
  0x495A, 0x495A, 0x0852, 0x4952, 0x6962, 0x4A6A, 0x93D3, 0xF6FB, 0xB5FB, 0x97FB, 0x59F3, 0x96B2, 0x7049, 0xEF20, 0xF028, 0x1029, 
  0x1029, 0x1029, 0x1029, 0x1029, 0x1029, 0x1029, 0x1029, 0x1029, 0x1029, 0x1029, 0x1029, 0x1029, 0x1029, 0x1029, 0x1029, 0x1029, 
  0x1029, 0x1029, 0x1029, 0x1029, 0x1029, 0x1029, 0x1029, 0x1029, 0x1029, 0x1029, 0x1029, 0x1029, 0x1029, 0x1029, 0x1029, 0x1029, 
  0x1029, 0x1029, 0x1029, 0x1029, 0x1029, 0x1029, 0x1029, 0x1029, 0x1029, 0x1029, 0x1029, 0x1029, 0x1029, 0x1029, 0x1029, 0x1029, 
  0x1029, 0x1029, 0x1029, 0x1029, 0x1029, 0x1029, 0x1029, 0x1029, 0x1029, 0x1029, 0x1029, 0x1029, 0x1029, 0x1029, 0x1029, 0x1029, 
  0x1029, 0x1029, 0x1029, 0x1029, 0x1029, 0x1029, 0x1029, 0x1029, 0x1029, 0x1029, 0x1029, 0x1029, 0x1029, 0x1029, 0x1029, 0x1029, 
  0x1029, 0x1029, 0x1029, 0x1029, 0x1029, 0x1029, 0x1029, 0x1029, 0x1029, 0x1029, 0x1029, 0x1029, 0x1029, 0x1029, 0x1029, 0x1029, 
  0x1029, 0x1029, 0x1029, 0x1029, 0x1029, 0x1029, 0x1029, 0x1029, 0x1029, 0x1029, 0x1029, 0x1029, 0x1029, 0x1029, 0x1029, 0x1029, 
  0x1029, 0x1029, 0x1029, 0x1029, 0x1029, 0x1029, 0x1029, 0x1029, 0x1029, 0x1029, 0x1029, 0x1029, 0x1029, 0x1029, 0x1029, 0x1029, 
  0x1029, 0x1029, 0x1029, 0x1029, 0x1029, 0x1029, 0x1029, 0x1029, 0x1029, 0x1029, 0x1029, 0x1029, 0x1029, 0x1029, 0x3021, 0x1029, 
  0xEF28, 0x9151, 0xD7D2, 0xBAFC, 0xDFFF, 0xFFFF, 0xFFFF, 0xDFFF, 0xFFFF, 0xFFFF, 0xFFFF, 0xFFFF, 0xFFFF, 0xFFFF, 0xFFFF, 0xFFFF, 
  0xDFFF, 0xF9F3, 0xF8F2, 0xD7FB, 0xB3E3, 0x6A62, 0x4952, 0x6962, 0x2972, 0x94EB, 0x79F4, 0xDFFF, 0xBFFF, 0x58F4, 0xB5EB, 0x6B7A, 
  0x485A, 0x8A62, 0x4952, 0x2852, 0x8A62, 0x495A, 0x6962, 0x4852, 0x4A6A, 0x17EC, 0x7FFF, 0xFFFF, 0x7CFD, 0xF1C2, 0x696A, 0x6A6A, 
  0x4852, 0x284A, 0x284A, 0x4952, 0x284A, 0x084A, 0xE841, 0x4952, 0x084A, 0x2852, 0x4952, 0x284A, 0x084A, 0x2852, 0x695A, 0x084A, 
  0x2852, 0x695A, 0x2852, 0x2852, 0x495A, 0x2852, 0x4852, 0x4952, 0x495A, 0x495A, 0x495A, 0x0742, 0x2852, 0x4962, 0x285A, 0x8A62, 
  0x2962, 0x8A6A, 0xAA62, 0x0752, 0x8A7A, 0x2952, 0xAC72, 0x16FC, 0xD5FB, 0xD6FB, 0x56FB, 0x18FB, 0x3AE3, 0x3482, 0x0F31, 0xF020, 
  0x1031, 0x1029, 0x1029, 0x1029, 0x1029, 0x1029, 0x1029, 0x1029, 0x1029, 0x1029, 0x1029, 0x1029, 0x1029, 0x1029, 0x1029, 0x1029, 
  0x1029, 0x1029, 0x1029, 0x1029, 0x1029, 0x1029, 0x1029, 0x1029, 0x1029, 0x1029, 0x1029, 0x1029, 0x1029, 0x1029, 0x1029, 0x1029, 
  0x1029, 0x1029, 0x1029, 0x1029, 0x1029, 0x1029, 0x1029, 0x1029, 0x1029, 0x1029, 0x1029, 0x1029, 0x1029, 0x1029, 0x1029, 0x1029, 
  0x1029, 0x1029, 0x1029, 0x1029, 0x1029, 0x1029, 0x1029, 0x1029, 0x1029, 0x1029, 0x1029, 0x1029, 0x1029, 0x1029, 0x1029, 0x1029, 
  0x1029, 0x1029, 0x1029, 0x1029, 0x1029, 0x1029, 0x1029, 0x1029, 0x1029, 0x1029, 0x1029, 0x1029, 0x1029, 0x1029, 0x1029, 0x1029, 
  0x1029, 0x1029, 0x1029, 0x1029, 0x1029, 0x1029, 0x1029, 0x1029, 0x1029, 0x1029, 0x1029, 0x1029, 0x1029, 0x1029, 0x1029, 0x1029, 
  0x1029, 0x1029, 0x1029, 0x1029, 0x1029, 0x1029, 0x1029, 0x1029, 0x1029, 0x1029, 0x1029, 0x1029, 0x1029, 0x1029, 0x1029, 0x1029, 
  0x1029, 0x1029, 0x1029, 0x1029, 0x1029, 0x1029, 0x1029, 0x1029, 0x1029, 0x1029, 0x1029, 0x1029, 0x1029, 0x1029, 0x1029, 0x1029, 
  0x1029, 0x1029, 0x1029, 0x1029, 0x1029, 0x1029, 0x1029, 0x1029, 0x1029, 0x1029, 0x1029, 0x1029, 0x1029, 0x1029, 0x1129, 0xCF20, 
  0x9051, 0x78E3, 0x98FB, 0x5EF7, 0xFFF7, 0xFFFF, 0xFFFF, 0xFFFF, 0xFFFF, 0xFFFF, 0xFFFF, 0xFFFF, 0xFFFF, 0xFFFF, 0xFFFF, 0xFFFF, 
  0xFFFF, 0x5BF5, 0x98FA, 0xB7FB, 0xB3EB, 0x2A6A, 0x8A5A, 0x285A, 0xCD92, 0xB6FB, 0xDCF5, 0xFFFF, 0xFDF6, 0xB7FB, 0x52CB, 0x084A, 
  0x6962, 0x495A, 0x4952, 0x284A, 0x2852, 0x495A, 0x485A, 0x0742, 0x4C8A, 0x5BF5, 0xFFFF, 0xBFFF, 0x39FC, 0xAEA2, 0x4852, 0x695A, 
  0x484A, 0x284A, 0x495A, 0x2852, 0x2952, 0x695A, 0x2842, 0xE739, 0xE741, 0x2852, 0x495A, 0x2952, 0x2852, 0x495A, 0x4952, 0x284A, 
  0x4952, 0x695A, 0xE741, 0x0742, 0x4952, 0x695A, 0x495A, 0x6A62, 0x695A, 0x2852, 0x8A5A, 0x084A, 0x2852, 0x8A6A, 0x6962, 0x8A6A, 
  0x8A6A, 0x695A, 0x495A, 0x4E93, 0xAB82, 0xE749, 0x0842, 0x0FAB, 0x35FC, 0xF5F3, 0xD6F3, 0x38FB, 0xF9FA, 0x39FB, 0xD7CA, 0x9159, 
  0xEE20, 0xF028, 0xF028, 0x1029, 0x1029, 0x1029, 0x1029, 0x1029, 0x1029, 0x1029, 0x1029, 0x1029, 0x1029, 0x1029, 0x1029, 0x1029, 
  0x1029, 0x1029, 0x1029, 0x1029, 0x1029, 0x1029, 0x1029, 0x1029, 0x1029, 0x1029, 0x1029, 0x1029, 0x1029, 0x1029, 0x1029, 0x1029, 
  0x1029, 0x1029, 0x1029, 0x1029, 0x1029, 0x1029, 0x1029, 0x1029, 0x1029, 0x1029, 0x1029, 0x1029, 0x1029, 0x1029, 0x1029, 0x1029, 
  0x1029, 0x1029, 0x1029, 0x1029, 0x1029, 0x1029, 0x1029, 0x1029, 0x1029, 0x1029, 0x1029, 0x1029, 0x1029, 0x1029, 0x1029, 0x1029, 
  0x1029, 0x1029, 0x1029, 0x1029, 0x1029, 0x1029, 0x1029, 0x1029, 0x1029, 0x1029, 0x1029, 0x1029, 0x1029, 0x1029, 0x1029, 0x1029, 
  0x1029, 0x1029, 0x1029, 0x1029, 0x1029, 0x1029, 0x1029, 0x1029, 0x1029, 0x1029, 0x1029, 0x1029, 0x1029, 0x1029, 0x1029, 0x1029, 
  0x1029, 0x1029, 0x1029, 0x1029, 0x1029, 0x1029, 0x1029, 0x1029, 0x1029, 0x1029, 0x1029, 0x1029, 0x1029, 0x1029, 0x1029, 0x1029, 
  0x1029, 0x1029, 0x1029, 0x1029, 0x1029, 0x1029, 0x1029, 0x1029, 0x1029, 0x1029, 0x1029, 0x1029, 0x1029, 0x1029, 0x1029, 0x1029, 
  0x1029, 0x1029, 0x1029, 0x1029, 0x1029, 0x1029, 0x1029, 0x1029, 0x1029, 0x1029, 0x1029, 0x1029, 0x1029, 0x1029, 0xEF20, 0x5141, 
  0x96D3, 0x56F3, 0xBCF5, 0xFFFF, 0xDFFF, 0xFFFF, 0xFFFF, 0xFFFF, 0xFFFF, 0xFFFF, 0xFFFF, 0xFFFF, 0xFFFF, 0xFFFF, 0xFFFF, 0xFFFF, 
  0xFFFF, 0x1BED, 0xB7F2, 0xD7FB, 0x72D3, 0xE851, 0x4852, 0x0852, 0x72D3, 0xD7FB, 0x3EFF, 0xFFFF, 0x9BED, 0xB6FB, 0xCE9A, 0x084A, 
  0x4952, 0x485A, 0x2952, 0x2842, 0x484A, 0x284A, 0x284A, 0x495A, 0x11BB, 0xBDFE, 0xFFFF, 0x9DF6, 0xB7F3, 0x2A72, 0x0742, 0x695A, 
  0x284A, 0x284A, 0x085A, 0x2852, 0x4852, 0x4852, 0x0842, 0x2842, 0x284A, 0x4952, 0x4952, 0x4952, 0x695A, 0x4852, 0x2852, 0x0852, 
  0x6962, 0x2852, 0x6952, 0x484A, 0x495A, 0x6962, 0x495A, 0x285A, 0x0742, 0x2742, 0x0742, 0x4952, 0x295A, 0x4852, 0x695A, 0x485A, 
  0x695A, 0x2852, 0x495A, 0x4A72, 0x484A, 0x6952, 0x2A5A, 0x8C92, 0x10B3, 0x16FC, 0xD5FB, 0xD6FB, 0x57FB, 0xD8FA, 0x19FB, 0x18EB, 
  0x1482, 0xEF30, 0xF020, 0x3029, 0x1029, 0x1029, 0x1029, 0x1029, 0x1029, 0x1029, 0x1029, 0x1029, 0x1029, 0x1029, 0x1029, 0x1029, 
  0x1029, 0x1029, 0x1029, 0x1029, 0x1029, 0x1029, 0x1029, 0x1029, 0x1029, 0x1029, 0x1029, 0x1029, 0x1029, 0x1029, 0x1029, 0x1029, 
  0x1029, 0x1029, 0x1029, 0x1029, 0x1029, 0x1029, 0x1029, 0x1029, 0x1029, 0x1029, 0x1029, 0x1029, 0x1029, 0x1029, 0x1029, 0x1029, 
  0x1029, 0x1029, 0x1029, 0x1029, 0x1029, 0x1029, 0x1029, 0x1029, 0x1029, 0x1029, 0x1029, 0x1029, 0x1029, 0x1029, 0x1029, 0x1029, 
  0x1029, 0x1029, 0x1029, 0x1029, 0x1029, 0x1029, 0x1029, 0x1029, 0x1029, 0x1029, 0x1029, 0x1029, 0x1029, 0x1029, 0x1029, 0x1029, 
  0x1029, 0x1029, 0x1029, 0x1029, 0x1029, 0x1029, 0x1029, 0x1029, 0x1029, 0x1029, 0x1029, 0x1029, 0x1029, 0x1029, 0x1029, 0x1029, 
  0x1029, 0x1029, 0x1029, 0x1029, 0x1029, 0x1029, 0x1029, 0x1029, 0x1029, 0x1029, 0x1029, 0x1029, 0x1029, 0x1029, 0x1029, 0x1029, 
  0x1029, 0x1029, 0x1029, 0x1029, 0x1029, 0x1029, 0x1029, 0x1029, 0x1029, 0x1029, 0x1029, 0x1029, 0x1029, 0x1029, 0x1029, 0x1029, 
  0x1029, 0x1029, 0x1029, 0x1029, 0x1029, 0x1029, 0x1029, 0x1029, 0x1029, 0x1029, 0x1029, 0x1029, 0x1029, 0xEF20, 0x7039, 0x96D3, 
  0xB7FB, 0x98EB, 0x7FFF, 0xFFFF, 0xFFFF, 0xFFFF, 0xFFFF, 0xFFFF, 0xFFFF, 0xFFFF, 0xFFFF, 0xFFFF, 0xFFFF, 0xFFFF, 0xFFFF, 0xFFFF, 
  0xBFFF, 0xF9F3, 0x16F3, 0xF7FB, 0x10BB, 0x485A, 0x695A, 0x2962, 0x95F3, 0x79F4, 0xDFFF, 0xDFFF, 0x59F4, 0x95F3, 0x8A7A, 0x8B62, 
  0x084A, 0x285A, 0x4962, 0x484A, 0x284A, 0x495A, 0xAA52, 0x096A, 0xF5DB, 0x9FFF, 0xFFFF, 0x3BF5, 0x54EB, 0x295A, 0x073A, 0x2852, 
  0x2852, 0x284A, 0x4FAB, 0x6A72, 0x6952, 0x2852, 0x284A, 0x494A, 0x2852, 0x6A62, 0x6962, 0x495A, 0x485A, 0x485A, 0x695A, 0x495A, 
  0x2852, 0x4852, 0xAA6A, 0x296A, 0x6A6A, 0x6962, 0x2852, 0x4852, 0x284A, 0x284A, 0xE741, 0x4952, 0x4952, 0x284A, 0x4852, 0x2852, 
  0x485A, 0x4952, 0x284A, 0x495A, 0x284A, 0x4952, 0x0852, 0xAC82, 0x0852, 0xCE9A, 0xF6F3, 0xD5FB, 0xD6FB, 0x57FB, 0xF8FA, 0xF9FA, 
  0x19FB, 0xD7B2, 0x5041, 0xCF20, 0x1029, 0x1029, 0x1029, 0x1029, 0x1029, 0x1029, 0x1029, 0x1029, 0x1029, 0x1029, 0x1029, 0x1029, 
  0x1029, 0x1029, 0x1029, 0x1029, 0x1029, 0x1029, 0x1029, 0x1029, 0x1029, 0x1029, 0x1029, 0x1029, 0x1029, 0x1029, 0x1029, 0x1029, 
  0x1029, 0x1029, 0x1029, 0x1029, 0x1029, 0x1029, 0x1029, 0x1029, 0x1029, 0x1029, 0x1029, 0x1029, 0x1029, 0x1029, 0x1029, 0x1029, 
  0x1029, 0x1029, 0x1029, 0x1029, 0x1029, 0x1029, 0x1029, 0x1029, 0x1029, 0x1029, 0x1029, 0x1029, 0x1029, 0x1029, 0x1029, 0x1029, 
  0x1029, 0x1029, 0x1029, 0x1029, 0x1029, 0x1029, 0x1029, 0x1029, 0x1029, 0x1029, 0x1029, 0x1029, 0x1029, 0x1029, 0x1029, 0x1029, 
  0x1029, 0x1029, 0x1029, 0x1029, 0x1029, 0x1029, 0x1029, 0x1029, 0x1029, 0x1029, 0x1029, 0x1029, 0x1029, 0x1029, 0x1029, 0x1029, 
  0x1029, 0x1029, 0x1029, 0x1029, 0x1029, 0x1029, 0x1029, 0x1029, 0x1029, 0x1029, 0x1029, 0x1029, 0x1029, 0x1029, 0x1029, 0x1029, 
  0x1029, 0x1029, 0x1029, 0x1029, 0x1029, 0x1029, 0x1029, 0x1029, 0x1029, 0x1029, 0x1029, 0x1029, 0x1029, 0x1029, 0x1029, 0x1029, 
  0x1029, 0x1029, 0x1029, 0x1029, 0x1029, 0x1029, 0x1029, 0x1029, 0x1029, 0xEF28, 0x1029, 0x1029, 0x1029, 0x0F31, 0x36B3, 0x16FC, 
  0x16F3, 0xBAF4, 0xFFFF, 0xFFFF, 0xFFFF, 0xFFFF, 0xFFFF, 0xFFFF, 0xFFFF, 0xFFFF, 0xFFFF, 0xFFFF, 0xFFFF, 0xFFFF, 0xDFFF, 0xFFFF, 
  0xFDFD, 0xF7F2, 0x76FB, 0x16FC, 0xAD9A, 0x2852, 0x485A, 0x0E9B, 0x76FB, 0x7BF5, 0xFFFF, 0xDEF6, 0xB8F3, 0x72D3, 0xE751, 0x4952, 
  0x0852, 0x495A, 0xAA6A, 0x6962, 0x4962, 0x495A, 0x2842, 0x4C92, 0x3AF5, 0xFFFF, 0x9FFF, 0x18F4, 0x52D3, 0x2852, 0x6A6A, 0x8A6A, 
  0x0852, 0x4952, 0xAB72, 0x285A, 0x695A, 0x2852, 0x695A, 0xCB6A, 0x285A, 0xE749, 0x4852, 0x4852, 0x495A, 0x4962, 0x6952, 0x6962, 
  0x4962, 0x4852, 0x6962, 0x8A72, 0xAB72, 0x084A, 0x484A, 0x4952, 0x2852, 0x495A, 0x6952, 0x2842, 0x084A, 0x4962, 0xAA72, 0x6962, 
  0x695A, 0x4952, 0x2852, 0x284A, 0x4952, 0x294A, 0x294A, 0x084A, 0x284A, 0xE739, 0x8C7A, 0xB4E3, 0xF6FB, 0xD6FB, 0x57FB, 0xF8FA, 
  0xD8FA, 0x39FB, 0xF8CA, 0xB161, 0xEF20, 0x1029, 0x0F29, 0x1021, 0x1029, 0x1029, 0x1029, 0x1029, 0x1029, 0x1029, 0x1029, 0x1029, 
  0x1029, 0x1029, 0x1029, 0x1029, 0x1029, 0x1029, 0x1029, 0x1029, 0x1029, 0x1029, 0x1029, 0x1029, 0x1029, 0x1029, 0x1029, 0x1029, 
  0x1029, 0x1029, 0x1029, 0x1029, 0x1029, 0x1029, 0x1029, 0x1029, 0x1029, 0x1029, 0x1029, 0x1029, 0x1029, 0x1029, 0x1029, 0x1029, 
  0x1029, 0x1029, 0x1029, 0x1029, 0x1029, 0x1029, 0x1029, 0x1029, 0x1029, 0x1029, 0x1029, 0x1029, 0x1029, 0x1029, 0x1029, 0x1029, 
  0x1029, 0x1029, 0x1029, 0x1029, 0x1029, 0x1029, 0x1029, 0x1029, 0x1029, 0x1029, 0x1029, 0x1029, 0x1029, 0x1029, 0x1029, 0x1029, 
  0x1029, 0x1029, 0x1029, 0x1029, 0x1029, 0x1029, 0x1029, 0x1029, 0x1029, 0x1029, 0x1029, 0x1029, 0x1029, 0x1029, 0x1029, 0x1029, 
  0x1029, 0x1029, 0x1029, 0x1029, 0x1029, 0x1029, 0x1029, 0x1029, 0x1029, 0x1029, 0x1029, 0x1029, 0x1029, 0x1029, 0x1029, 0x1029, 
  0x1029, 0x1029, 0x1029, 0x1029, 0x1029, 0x1029, 0x1029, 0x1029, 0x1029, 0x1029, 0x1029, 0x1029, 0x1029, 0x1029, 0x1029, 0x1029, 
  0x1029, 0x1029, 0x1029, 0x1029, 0x1029, 0x1029, 0x1029, 0x1029, 0x1029, 0x0F29, 0x1021, 0x0F29, 0xCE28, 0xF5A2, 0x17FC, 0xF6FB, 
  0xF6FA, 0xBCF5, 0xFFFF, 0xDFFF, 0xFFFF, 0xFFFF, 0xFFFF, 0xFFFF, 0xFFFF, 0xFFFF, 0xFFFF, 0xFFFF, 0xFFFF, 0xDFFF, 0xFFFF, 0xDEF6, 
  0x58EB, 0x17FB, 0xD7FB, 0xB4E3, 0x095A, 0x484A, 0x285A, 0x32CB, 0xB7F3, 0x9DF6, 0xFFFF, 0x1BF5, 0x76FB, 0xCD9A, 0x2852, 0x8A62, 
  0x495A, 0x495A, 0x285A, 0x285A, 0x696A, 0x4962, 0x0852, 0xF0B2, 0xBEFE, 0xFFFF, 0x5DF6, 0x77FB, 0x51C3, 0x2852, 0x8A72, 0xAA6A, 
  0x2852, 0xE741, 0xE741, 0x2852, 0x695A, 0x4852, 0x4852, 0x8A62, 0x4962, 0x4952, 0x8A62, 0x2852, 0x284A, 0x0852, 0x484A, 0x4952, 
  0x4852, 0x0852, 0xCB72, 0x695A, 0x2852, 0x4952, 0x4952, 0x495A, 0x274A, 0x4962, 0x6A62, 0x4952, 0x284A, 0x084A, 0xA96A, 0x4962, 
  0x8A62, 0x4952, 0x084A, 0x284A, 0x284A, 0x6952, 0x4952, 0x495A, 0x695A, 0x284A, 0x2852, 0x4A72, 0x31CB, 0xF6FB, 0xD6FB, 0x38FB, 
  0xF8FA, 0xD8FA, 0xF9FA, 0x99EB, 0x337A, 0xCE20, 0x1029, 0x1021, 0x1029, 0x1029, 0xF028, 0x1029, 0x1029, 0x1029, 0x1029, 0x1029, 
  0x1029, 0x1029, 0x1029, 0x1029, 0x1029, 0x1029, 0x1029, 0x1029, 0x1029, 0x1029, 0x1029, 0x1029, 0x1029, 0x1029, 0x1029, 0x1029, 
  0x1029, 0x1029, 0x1029, 0x1029, 0x1029, 0x1029, 0x1029, 0x1029, 0x1029, 0x1029, 0x1029, 0x1029, 0x1029, 0x1029, 0x1029, 0x1029, 
  0x1029, 0x1029, 0x1029, 0x1029, 0x1029, 0x1029, 0x1029, 0x1029, 0x1029, 0x1029, 0x1029, 0x1029, 0x1029, 0x1029, 0x1029, 0x1029, 
  0x1029, 0x1029, 0x1029, 0x1029, 0x1029, 0x1029, 0x1029, 0x1029, 0x1029, 0x1029, 0x1029, 0x1029, 0x1029, 0x1029, 0x1029, 0x1029, 
  0x1029, 0x1029, 0x1029, 0x1029, 0x1029, 0x1029, 0x1029, 0x1029, 0x1029, 0x1029, 0x1029, 0x1029, 0x1029, 0x1029, 0x1029, 0x1029, 
  0x1029, 0x1029, 0x1029, 0x1029, 0x1029, 0x1029, 0x1029, 0x1029, 0x1029, 0x1029, 0x1029, 0x1029, 0x1029, 0x1029, 0x1029, 0x1029, 
  0x1029, 0x1029, 0x1029, 0x1029, 0x1029, 0x1029, 0x1029, 0x1029, 0x1029, 0x1029, 0x1029, 0x1029, 0x1029, 0x1029, 0x1029, 0x1029, 
  0x1029, 0x1029, 0x1029, 0x1029, 0x1029, 0x1029, 0x1029, 0x1029, 0x1029, 0x1029, 0x1129, 0xEE20, 0x7382, 0xF7FB, 0xD5FB, 0xF6FB, 
  0xF7FA, 0xFDFD, 0xFFFF, 0xDFFF, 0xFFFF, 0xFFFF, 0xFFFF, 0xFFFF, 0xFFFF, 0xFFFF, 0xFFFF, 0xFFFF, 0xFFFF, 0xFFFF, 0xFEFE, 0x58EB, 
  0xF7F2, 0xD7FB, 0x16FC, 0x6C82, 0x084A, 0x2742, 0x2852, 0x54E3, 0xF7F3, 0x9FFF, 0xBFFF, 0xF8F3, 0x94EB, 0x095A, 0x2852, 0x285A, 
  0x484A, 0x695A, 0x2852, 0x8962, 0xEB72, 0xCB72, 0x4A7A, 0x36DC, 0xBFFF, 0xFFFF, 0x1AED, 0x97FB, 0x0FAB, 0x2852, 0x695A, 0xE741, 
  0x2842, 0x2842, 0x084A, 0x6A62, 0xAA6A, 0x284A, 0xE749, 0x485A, 0xCB7A, 0x8A6A, 0x485A, 0x4952, 0x4952, 0x0842, 0x0742, 0x4852, 
  0x8A6A, 0x495A, 0x074A, 0xE749, 0x495A, 0x4952, 0x495A, 0x8B7A, 0x6A6A, 0x696A, 0x4852, 0x2852, 0x6952, 0x4852, 0x6962, 0x8A6A, 
  0x6A62, 0x2852, 0x4852, 0x4852, 0x084A, 0x485A, 0x6962, 0x696A, 0x8A72, 0x495A, 0x284A, 0x495A, 0x095A, 0x10BB, 0x16FC, 0xB6FB, 
  0x37FB, 0xF8FA, 0xD8FA, 0xF9FA, 0x99EB, 0x3372, 0xCF28, 0x1029, 0x1029, 0x1029, 0x1029, 0x1029, 0x1029, 0x1029, 0x1029, 0x1029, 
  0x1029, 0x1029, 0x1029, 0x1029, 0x1029, 0x1029, 0x1029, 0x1029, 0x1029, 0x1029, 0x1029, 0x1029, 0x1029, 0x1029, 0x1029, 0x1029, 
  0x1029, 0x1029, 0x1029, 0x1029, 0x1029, 0x1029, 0x1029, 0x1029, 0x1029, 0x1029, 0x1029, 0x1029, 0x1029, 0x1029, 0x1029, 0x1029, 
  0x1029, 0x1029, 0x1029, 0x1029, 0x1029, 0x1029, 0x1029, 0x1029, 0x1029, 0x1029, 0x1029, 0x1029, 0x1029, 0x1029, 0x1029, 0x1029, 
  0x1029, 0x1029, 0x1029, 0x1029, 0x1029, 0x1029, 0x1029, 0x1029, 0x1029, 0x1029, 0x1029, 0x1029, 0x1029, 0x1029, 0x1029, 0x1029, 
  0x1029, 0x1029, 0x1029, 0x1029, 0x1029, 0x1029, 0x1029, 0x1029, 0x1029, 0x1029, 0x1029, 0x1029, 0x1029, 0x1029, 0x1029, 0x1029, 
  0x1029, 0x1029, 0x1029, 0x1029, 0x1029, 0x1029, 0x1029, 0x1029, 0x1029, 0x1029, 0x1029, 0x1029, 0x1029, 0x1029, 0x1029, 0x1029, 
  0x1029, 0x1029, 0x1029, 0x1029, 0x1029, 0x1029, 0x1029, 0x1029, 0x1029, 0x1029, 0x1029, 0x1029, 0x1029, 0x1029, 0x1029, 0x1029, 
  0x1029, 0x1029, 0x1029, 0x1029, 0x1029, 0x1029, 0x1029, 0x1029, 0x1029, 0x0F31, 0xCF20, 0x9259, 0x98EB, 0xD5FB, 0xD5FB, 0xD6FB, 
  0xF7F2, 0xDCF5, 0xFFFF, 0xDFFF, 0xFFFF, 0xFFFF, 0xFFFF, 0xFFFF, 0xFFFF, 0xFFFF, 0xFFFF, 0xDFFF, 0xFFFF, 0x1EFF, 0x79EB, 0xD7FA, 
  0x97FB, 0x17FC, 0x0FB3, 0xE741, 0x484A, 0x4962, 0x8C92, 0x95EB, 0xBAF4, 0xFFFF, 0x5CF6, 0x97FB, 0x30C3, 0x494A, 0x6952, 0x4952, 
  0x284A, 0x2952, 0x0852, 0x4852, 0x4852, 0xC741, 0x4D92, 0xBCFD, 0xFFFF, 0x7FFF, 0xD7F3, 0xD7FB, 0xAD92, 0xE741, 0x084A, 0x0842, 
  0x494A, 0x6952, 0xE749, 0x8962, 0x495A, 0x084A, 0x284A, 0x284A, 0x4952, 0x495A, 0x2852, 0x695A, 0x8A5A, 0x484A, 0x6A62, 0x495A, 
  0x495A, 0x8A62, 0x4952, 0x4852, 0x695A, 0x2852, 0x4852, 0x695A, 0x695A, 0x074A, 0x4852, 0x495A, 0x495A, 0xCB7A, 0x8A82, 0x4A72, 
  0x284A, 0x284A, 0x284A, 0x4952, 0x4852, 0xE749, 0x8A62, 0xEB7A, 0x696A, 0x484A, 0x484A, 0x6A62, 0x484A, 0x0852, 0x52D3, 0x16FC, 
  0x77F3, 0xF9F2, 0xF8FA, 0xF8FA, 0x18FB, 0x99EB, 0x3372, 0xCF20, 0x1029, 0x1029, 0x0F29, 0x1029, 0x1029, 0x1029, 0x1029, 0x1029, 
  0x1029, 0x1029, 0x1029, 0x1029, 0x1029, 0x1029, 0x1029, 0x1029, 0x1029, 0x1029, 0x1029, 0x1029, 0x1029, 0x1029, 0x1029, 0x1029, 
  0x1029, 0x1029, 0x1029, 0x1029, 0x1029, 0x1029, 0x1029, 0x1029, 0x1029, 0x1029, 0x1029, 0x1029, 0x1029, 0x1029, 0x1029, 0x1029, 
  0x1029, 0x1029, 0x1029, 0x1029, 0x1029, 0x1029, 0x1029, 0x1029, 0x1029, 0x1029, 0x1029, 0x1029, 0x1029, 0x1029, 0x1029, 0x1029, 
  0x1029, 0x1029, 0x1029, 0x1029, 0x1029, 0x1029, 0x1029, 0x1029, 0x1029, 0x1029, 0x1029, 0x1029, 0x1029, 0x1029, 0x1029, 0x1029, 
  0x1029, 0x1029, 0x1029, 0x1029, 0x1029, 0x1029, 0x1029, 0x1029, 0x1029, 0x1029, 0x1029, 0x1029, 0x1029, 0x1029, 0x1029, 0x1029, 
  0x1029, 0x1029, 0x1029, 0x1029, 0x1029, 0x1029, 0x1029, 0x1029, 0x1029, 0x1029, 0x1029, 0x1029, 0x1029, 0x1029, 0x1029, 0x1029, 
  0x1029, 0x1029, 0x1029, 0x1029, 0x1029, 0x1029, 0x1029, 0x1029, 0x1029, 0x1029, 0x1029, 0x1029, 0x1029, 0x1029, 0x1029, 0x1029, 
  0x1029, 0x1029, 0x1029, 0x1029, 0x1029, 0x1029, 0x1029, 0x1029, 0x3021, 0xEF20, 0x7049, 0xF9DA, 0x39FB, 0xD6FB, 0xD5F3, 0xD6FB, 
  0xF7FA, 0x1BF5, 0xFFFF, 0xFFF7, 0xFFFF, 0xFFFF, 0xFFFF, 0xFFFF, 0xFFFF, 0xFFFF, 0xDFFF, 0xFFFF, 0x1EFF, 0x98EB, 0xF8FA, 0x97FB, 
  0xD6FB, 0xD3DB, 0x2852, 0x4852, 0x695A, 0xEC8A, 0x30BB, 0x96F3, 0xDDFD, 0xFFFF, 0x38F4, 0xB5FB, 0x8C8A, 0x4952, 0x084A, 0x284A, 
  0x495A, 0x2952, 0x4952, 0x2852, 0x2842, 0xE951, 0x73C3, 0xFEFE, 0xFFFF, 0x5DFE, 0x16F3, 0xF6FB, 0x8C82, 0x284A, 0x284A, 0x084A, 
  0x895A, 0x4952, 0x4852, 0x2852, 0x4852, 0x495A, 0x6952, 0x284A, 0x284A, 0x8A62, 0x0752, 0x6962, 0x495A, 0x284A, 0xCB72, 0x295A, 
  0x2852, 0x4962, 0x0852, 0x2852, 0x4852, 0x2852, 0x495A, 0x2852, 0x6962, 0x6962, 0x8B7A, 0x496A, 0x496A, 0x285A, 0xAA62, 0x285A, 
  0x4952, 0x484A, 0xE741, 0x2852, 0x294A, 0x6952, 0x4952, 0x285A, 0x8962, 0x2842, 0x695A, 0x295A, 0x485A, 0x6952, 0x6B82, 0x15FC, 
  0xB7FB, 0xD9FA, 0x58F3, 0x18FB, 0xD9FA, 0xF8FA, 0x98EB, 0x9159, 0xF018, 0x0F29, 0xEF28, 0x1029, 0x1029, 0x1029, 0x1029, 0x1029, 
  0x1029, 0x1029, 0x1029, 0x1029, 0x1029, 0x1029, 0x1029, 0x1029, 0x1029, 0x1029, 0x1029, 0x1029, 0x1029, 0x1029, 0x1029, 0x1029, 
  0x1029, 0x1029, 0x1029, 0x1029, 0x1029, 0x1029, 0x1029, 0x1029, 0x1029, 0x1029, 0x1029, 0x1029, 0x1029, 0x1029, 0x1029, 0x1029, 
  0x1029, 0x1029, 0x1029, 0x1029, 0x1029, 0x1029, 0x1029, 0x1029, 0x1029, 0x1029, 0x1029, 0x1029, 0x1029, 0x1029, 0x1029, 0x1029, 
  0x1029, 0x1029, 0x1029, 0x1029, 0x1029, 0x1029, 0x1029, 0x1029, 0x1029, 0x1029, 0x1029, 0x1029, 0x1029, 0x1029, 0x1029, 0x1029, 
  0x1029, 0x1029, 0x1029, 0x1029, 0x1029, 0x1029, 0x1029, 0x1029, 0x1029, 0x1029, 0x1029, 0x1029, 0x1029, 0x1029, 0x1029, 0x1029, 
  0x1029, 0x1029, 0x1029, 0x1029, 0x1029, 0x1029, 0x1029, 0x1029, 0x1029, 0x1029, 0x1029, 0x1029, 0x1029, 0x1029, 0x1029, 0x1029, 
  0x1029, 0x1029, 0x1029, 0x1029, 0x1029, 0x1029, 0x1029, 0x1029, 0x1029, 0x1029, 0x1029, 0x1029, 0x1029, 0x1029, 0x1029, 0x1029, 
  0x1029, 0x1029, 0x1029, 0x1029, 0x1029, 0x1029, 0x1029, 0x1029, 0x1021, 0x1031, 0x17CB, 0x38FB, 0x57FB, 0xB6FB, 0x99F4, 0xB9F4, 
  0x16FB, 0xF9F3, 0xDFFF, 0xFFFF, 0xFFFF, 0xFFFF, 0xFFFF, 0xFFFF, 0xFFFF, 0xFFFF, 0xFFFF, 0x7FFF, 0xD8EB, 0xD7FA, 0x97FB, 0xF6FB, 
  0xF6F3, 0x6C7A, 0x0742, 0x2852, 0x6A62, 0x2962, 0x51CB, 0x57FB, 0xDBF4, 0x5BED, 0x57FB, 0x93E3, 0x2862, 0x284A, 0x2952, 0x695A, 
  0x696A, 0x8962, 0x4852, 0x6A62, 0x4852, 0x6C8A, 0xB9EC, 0xDFFF, 0xFFFF, 0xDAF4, 0x16FB, 0xF6FB, 0x6A72, 0x074A, 0x2842, 0xE841, 
  0x284A, 0x0852, 0x695A, 0x4952, 0x084A, 0x084A, 0x0842, 0x284A, 0x4952, 0x4962, 0x6962, 0x495A, 0x2852, 0x495A, 0x495A, 0x8962, 
  0x6962, 0x4962, 0x695A, 0x495A, 0x2952, 0x284A, 0x495A, 0x6952, 0x6A62, 0x074A, 0x284A, 0x695A, 0x285A, 0x695A, 0x895A, 0x284A, 
  0xE849, 0x2852, 0x896A, 0x896A, 0x8A62, 0x4952, 0x084A, 0x695A, 0x4962, 0x4962, 0x695A, 0x695A, 0x285A, 0x285A, 0x0962, 0x93DB, 
  0xD7FB, 0xB7FA, 0xBBF4, 0xBAF4, 0xD8FA, 0xF8FA, 0x18FB, 0x58CB, 0x2F39, 0x0F29, 0x1029, 0x1029, 0x1029, 0x1029, 0x1029, 0x1029, 
  0x1029, 0x1029, 0x1029, 0x1029, 0x1029, 0x1029, 0x1029, 0x1029, 0x1029, 0x1029, 0x1029, 0x1029, 0x1029, 0x1029, 0x1029, 0x1029, 
  0x1029, 0x1029, 0x1029, 0x1029, 0x1029, 0x1029, 0x1029, 0x1029, 0x1029, 0x1029, 0x1029, 0x1029, 0x1029, 0x1029, 0x1029, 0x1029, 
  0x1029, 0x1029, 0x1029, 0x1029, 0x1029, 0x1029, 0x1029, 0x1029, 0x1029, 0x1029, 0x1029, 0x1029, 0x1029, 0x1029, 0x1029, 0x1029, 
  0x1029, 0x1029, 0x1029, 0x1029, 0x1029, 0x1029, 0x1029, 0x1029, 0x1029, 0x1029, 0x1029, 0x1029, 0x1029, 0x1029, 0x1029, 0x1029, 
  0x1029, 0x1029, 0x1029, 0x1029, 0x1029, 0x1029, 0x1029, 0x1029, 0x1029, 0x1029, 0x1029, 0x1029, 0x1029, 0x1029, 0x1029, 0x1029, 
  0x1029, 0x1029, 0x1029, 0x1029, 0x1029, 0x1029, 0x1029, 0x1029, 0x1029, 0x1029, 0x1029, 0x1029, 0x1029, 0x1029, 0x1029, 0x1029, 
  0x1029, 0x1029, 0x1029, 0x1029, 0x1029, 0x1029, 0x1029, 0x1029, 0x1029, 0x1029, 0x1029, 0x1029, 0x1029, 0x1029, 0x1029, 0x1029, 
  0x1029, 0x1029, 0x1029, 0xF028, 0x1029, 0x1021, 0xF028, 0x1029, 0xEF20, 0x959A, 0x59FB, 0xF8FA, 0x77FB, 0xB8FC, 0x5CFD, 0x97F4, 
  0x76FB, 0xF8F2, 0xBEFE, 0xFFFF, 0xFEFF, 0xFFFF, 0xFFFF, 0xFFFF, 0xDFFF, 0xFFFF, 0xDFFF, 0x5AEC, 0xB7FA, 0xB6FB, 0xD5FB, 0x16FC, 
  0xCE9A, 0xE851, 0x0852, 0x2852, 0x2742, 0x095A, 0xD4E3, 0x78FB, 0xD7F2, 0xF6F2, 0x18FC, 0xCEA2, 0x0852, 0x695A, 0x495A, 0x2852, 
  0x695A, 0x2852, 0x4852, 0x495A, 0x0752, 0xF0BA, 0xFCFD, 0xFFFF, 0x9FFF, 0x98F3, 0x77FB, 0xD4F3, 0x8A72, 0x2852, 0x495A, 0x695A, 
  0x084A, 0x2952, 0x284A, 0x284A, 0x4952, 0x084A, 0x2852, 0x4952, 0x8A62, 0x8A72, 0xAA72, 0x6962, 0x4852, 0x2852, 0x6962, 0xAA72, 
  0x8962, 0x485A, 0xAA6A, 0x284A, 0xE849, 0x084A, 0x6952, 0x484A, 0x2842, 0x084A, 0x895A, 0x6A6A, 0x496A, 0x8A6A, 0x696A, 0x695A, 
  0x284A, 0x495A, 0xAA72, 0x6962, 0x6962, 0x2852, 0xE749, 0x495A, 0xAA6A, 0x696A, 0x4962, 0x6962, 0x8A72, 0x0D93, 0x8B7A, 0x72D3, 
  0xB7FB, 0xB6F2, 0xDCF5, 0xBEFE, 0xF8F2, 0x19FB, 0xF8FA, 0x78FB, 0x94AA, 0xEF20, 0x1029, 0x1029, 0x1021, 0x1029, 0x1029, 0x1029, 
  0x1029, 0x1029, 0x1029, 0x1029, 0x1029, 0x1029, 0x1029, 0x1029, 0x1029, 0x1029, 0x1029, 0x1029, 0x1029, 0x1029, 0x1029, 0x1029, 
  0x1029, 0x1029, 0x1029, 0x1029, 0x1029, 0x1029, 0x1029, 0x1029, 0x1029, 0x1029, 0x1029, 0x1029, 0x1029, 0x1029, 0x1029, 0x1029, 
  0x1029, 0x1029, 0x1029, 0x1029, 0x1029, 0x1029, 0x1029, 0x1029, 0x1029, 0x1029, 0x1029, 0x1029, 0x1029, 0x1029, 0x1029, 0x1029, 
  0x1029, 0x1029, 0x1029, 0x1029, 0x1029, 0x1029, 0x1029, 0x1029, 0x1029, 0x1029, 0x1029, 0x1029, 0x1029, 0x1029, 0x1029, 0x1029, 
  0x1029, 0x1029, 0x1029, 0x1029, 0x1029, 0x1029, 0x1029, 0x1029, 0x1029, 0x1029, 0x1029, 0x1029, 0x1029, 0x1029, 0x1029, 0x1029, 
  0x1029, 0x1029, 0x1029, 0x1029, 0x1029, 0x1029, 0x1029, 0x1029, 0x1029, 0x1029, 0x1029, 0x1029, 0x1029, 0x1029, 0x1029, 0x1029, 
  0x1029, 0x1029, 0x1029, 0x1029, 0x1029, 0x1029, 0x1029, 0x1029, 0x1029, 0x1029, 0x1029, 0x1029, 0x1029, 0x1029, 0x1029, 0x1029, 
  0x1029, 0x1029, 0x1029, 0x1029, 0x1029, 0xF028, 0x1029, 0xEF20, 0xB159, 0x79F3, 0xF8FA, 0x18FB, 0xB7FB, 0x56F4, 0x17F4, 0xD5F3, 
  0xB6FB, 0xD7F2, 0x9AEC, 0xFFFF, 0xFFFF, 0xFFFF, 0xFFFF, 0xFFFF, 0xDFFF, 0xFFFF, 0x5BF5, 0xD7F2, 0x77FB, 0xD6FB, 0x16FC, 0x51C3, 
  0x0852, 0x4952, 0x284A, 0x495A, 0x6952, 0x4A72, 0xD5F3, 0xB7FB, 0x57F3, 0xB8FB, 0xF4EB, 0x2962, 0x6952, 0x8A62, 0x496A, 0x8B72, 
  0x295A, 0x4952, 0x284A, 0x895A, 0x085A, 0x94D3, 0xFEFE, 0xFFFF, 0xBEFE, 0x17F3, 0xB7FB, 0xB3E3, 0x496A, 0x695A, 0x4962, 0xCB7A, 
  0x6962, 0x284A, 0x4952, 0x084A, 0x4952, 0x4952, 0x084A, 0x4852, 0x4852, 0x0852, 0x6962, 0x4962, 0x4852, 0x695A, 0x485A, 0x696A, 
  0x6962, 0x495A, 0x2852, 0x0742, 0x2952, 0x2952, 0x2852, 0x696A, 0x695A, 0x2852, 0x285A, 0x895A, 0x495A, 0xAA6A, 0x6962, 0x2852, 
  0x2842, 0x4952, 0x495A, 0x2852, 0x4852, 0x4952, 0x695A, 0x695A, 0x8A6A, 0x8A72, 0xAA7A, 0x8A6A, 0x695A, 0x495A, 0xE851, 0x51CB, 
  0xD7FB, 0xF7F2, 0x9DFE, 0xDFFF, 0xF9EB, 0xD8FA, 0xF9FA, 0x18F3, 0x99F3, 0xD261, 0xEF20, 0x1029, 0x1021, 0x1029, 0xF028, 0x1029, 
  0x1029, 0x1029, 0x1029, 0x1029, 0x1029, 0x1029, 0x1029, 0x1029, 0x1029, 0x1029, 0x1029, 0x1029, 0x1029, 0x1029, 0x1029, 0x1029, 
  0x1029, 0x1029, 0x1029, 0x1029, 0x1029, 0x1029, 0x1029, 0x1029, 0x1029, 0x1029, 0x1029, 0x1029, 0x1029, 0x1029, 0x1029, 0x1029, 
  0x1029, 0x1029, 0x1029, 0x1029, 0x1029, 0x1029, 0x1029, 0x1029, 0x1029, 0x1029, 0x1029, 0x1029, 0x1029, 0x1029, 0x1029, 0x1029, 
  0x1029, 0x1029, 0x1029, 0x1029, 0x1029, 0x1029, 0x1029, 0x1029, 0x1029, 0x1029, 0x1029, 0x1029, 0x1029, 0x1029, 0x1029, 0x1029, 
  0x1029, 0x1029, 0x1029, 0x1029, 0x1029, 0x1029, 0x1029, 0x1029, 0x1029, 0x1029, 0x1029, 0x1029, 0x1029, 0x1029, 0x1029, 0x1029, 
  0x1029, 0x1029, 0x1029, 0x1029, 0x1029, 0x1029, 0x1029, 0x1029, 0x1029, 0x1029, 0x1029, 0x1029, 0x1029, 0x1029, 0x1029, 0x1029, 
  0x1029, 0x1029, 0x1029, 0x1029, 0x1029, 0x1029, 0x1029, 0x1029, 0x1029, 0x1029, 0x1029, 0x1029, 0x1029, 0x1029, 0x1029, 0x1029, 
  0x1029, 0x1029, 0x1029, 0x1029, 0x1029, 0x1029, 0x1029, 0x0F29, 0xF6B2, 0x19FB, 0xF8FA, 0x57FB, 0xF6FB, 0xD5FB, 0xB6FB, 0xD6FB, 
  0xD6FB, 0x77FB, 0xF7F2, 0x5DF6, 0xFFFF, 0xFFFF, 0xFFFF, 0xDFFF, 0xFFFF, 0x3DF6, 0xD8F2, 0x57FB, 0xD5FB, 0xF7FB, 0x94D3, 0x496A, 
  0x695A, 0x695A, 0x4952, 0x495A, 0x6962, 0x2A7A, 0xD4F3, 0xD6FB, 0xB6FB, 0x17FC, 0xEEA2, 0x084A, 0x4842, 0x484A, 0x4952, 0x8A62, 
  0x6962, 0x495A, 0x6962, 0x895A, 0x4A7A, 0x77EC, 0x7FFF, 0xFFFF, 0xBCF5, 0xD7F2, 0xB8FB, 0x71CB, 0xE751, 0x495A, 0x8962, 0x4852, 
  0x284A, 0x4952, 0x2852, 0x4952, 0x4952, 0x074A, 0x284A, 0x0842, 0x284A, 0x495A, 0x485A, 0x2852, 0x284A, 0x284A, 0x284A, 0x495A, 
  0x6952, 0x084A, 0x2852, 0x484A, 0x695A, 0x2852, 0x8A6A, 0xEC8A, 0x4852, 0x6962, 0xAB82, 0x6952, 0x284A, 0x295A, 0x285A, 0x074A, 
  0x284A, 0x2852, 0x4952, 0x4952, 0x695A, 0x6952, 0x284A, 0x485A, 0x8962, 0xAA72, 0x696A, 0x485A, 0x484A, 0x4952, 0xE741, 0xCEAA, 
  0x17FC, 0x37F3, 0xBEFE, 0xFFFF, 0x7BF5, 0xB8FA, 0xD9FA, 0x79F3, 0xBAFB, 0xD7BA, 0x2F21, 0xF028, 0xF028, 0x1029, 0x1029, 0x1021, 
  0x1029, 0x1029, 0x1029, 0x1029, 0x1029, 0x1029, 0x1029, 0x1029, 0x1029, 0x1029, 0x1029, 0x1029, 0x1029, 0x1029, 0x1029, 0x1029, 
  0x1029, 0x1029, 0x1029, 0x1029, 0x1029, 0x1029, 0x1029, 0x1029, 0x1029, 0x1029, 0x1029, 0x1029, 0x1029, 0x1029, 0x1029, 0x1029, 
  0x1029, 0x1029, 0x1029, 0x1029, 0x1029, 0x1029, 0x1029, 0x1029, 0x1029, 0x1029, 0x1029, 0x1029, 0x1029, 0x1029, 0x1029, 0x1029, 
  0x1029, 0x1029, 0x1029, 0x1029, 0x1029, 0x1029, 0x1029, 0x1029, 0x1029, 0x1029, 0x1029, 0x1029, 0x1029, 0x1029, 0x1029, 0x1029, 
  0x1029, 0x1029, 0x1029, 0x1029, 0x1029, 0x1029, 0x1029, 0x1029, 0x1029, 0x1029, 0x1029, 0x1029, 0x1029, 0x1029, 0x1029, 0x1029, 
  0x1029, 0x1029, 0x1029, 0x1029, 0x1029, 0x1029, 0x1029, 0x1029, 0x1029, 0x1029, 0x1029, 0x1029, 0x1029, 0x1029, 0x1029, 0x1029, 
  0x1029, 0x1029, 0x1029, 0x1029, 0x1029, 0x1029, 0x1029, 0x1029, 0x1029, 0x1029, 0x1029, 0x1029, 0x1029, 0x1029, 0x1029, 0x1029, 
  0x1029, 0x1029, 0x1029, 0xF028, 0x1029, 0x1029, 0xEE20, 0xF269, 0x39FB, 0xF9FA, 0xF8FA, 0x76FB, 0xD5FB, 0xB6FB, 0xB5FB, 0xD6FB, 
  0xB5FB, 0xD6FB, 0xD8FA, 0xD9EB, 0x9FFF, 0xFFFF, 0xFFFF, 0xFFFF, 0xDEFE, 0x37F3, 0x18FB, 0xD6FB, 0xF5FB, 0xD5DB, 0xE961, 0x285A, 
  0xAA7A, 0x4962, 0x695A, 0x6952, 0x485A, 0x296A, 0xF4E3, 0xD6FB, 0xF6FB, 0x50B3, 0xE749, 0x495A, 0x295A, 0x2852, 0x4952, 0x284A, 
  0x2852, 0x4962, 0xAA72, 0x6952, 0xAE9A, 0x1AF5, 0xDFFF, 0xFFFF, 0x3BF5, 0xB7F2, 0xD8FB, 0x2FB3, 0x0852, 0x695A, 0x2852, 0x6962, 
  0x285A, 0x495A, 0x4952, 0x284A, 0x695A, 0x2952, 0x284A, 0x284A, 0x284A, 0x4952, 0x4852, 0x8A5A, 0x2952, 0xE849, 0x4952, 0x0842, 
  0x084A, 0x084A, 0x4952, 0x695A, 0x0852, 0x285A, 0x6962, 0x4962, 0x2852, 0x695A, 0x2852, 0x285A, 0x8A72, 0x6A5A, 0x8A62, 0x695A, 
  0x2952, 0x2852, 0x2952, 0x2952, 0x4852, 0x074A, 0x084A, 0x495A, 0x6962, 0x485A, 0x8962, 0x495A, 0xAB72, 0x8A72, 0x074A, 0x8C82, 
  0x16FC, 0x17F3, 0x9DFE, 0xFFF7, 0x7DF6, 0xD8F2, 0x18FB, 0x18FB, 0xF8FA, 0x59F3, 0xD159, 0xEF20, 0x1029, 0x1021, 0x1029, 0x1029, 
  0x1029, 0x1029, 0x1029, 0x1029, 0x1029, 0x1029, 0x1029, 0x1029, 0x1029, 0x1029, 0x1029, 0x1029, 0x1029, 0x1029, 0x1029, 0x1029, 
  0x1029, 0x1029, 0x1029, 0x1029, 0x1029, 0x1029, 0x1029, 0x1029, 0x1029, 0x1029, 0x1029, 0x1029, 0x1029, 0x1029, 0x1029, 0x1029, 
  0x1029, 0x1029, 0x1029, 0x1029, 0x1029, 0x1029, 0x1029, 0x1029, 0x1029, 0x1029, 0x1029, 0x1029, 0x1029, 0x1029, 0x1029, 0x1029, 
  0x1029, 0x1029, 0x1029, 0x1029, 0x1029, 0x1029, 0x1029, 0x1029, 0x1029, 0x1029, 0x1029, 0x1029, 0x1029, 0x1029, 0x1029, 0x1029, 
  0x1029, 0x1029, 0x1029, 0x1029, 0x1029, 0x1029, 0x1029, 0x1029, 0x1029, 0x1029, 0x1029, 0x1029, 0x1029, 0x1029, 0x1029, 0x1029, 
  0x1029, 0x1029, 0x1029, 0x1029, 0x1029, 0x1029, 0x1029, 0x1029, 0x1029, 0x1029, 0x1029, 0x1029, 0x1029, 0x1029, 0x1029, 0x1029, 
  0x1029, 0x1029, 0x1029, 0x1029, 0x1029, 0x1029, 0x1029, 0x1029, 0x1029, 0x1029, 0x1029, 0x1029, 0x1029, 0x1029, 0x1029, 0x1029, 
  0x1029, 0x1029, 0x1029, 0x1029, 0x1029, 0x1021, 0x0F31, 0x57C3, 0x9AFB, 0xD9FA, 0xF8FA, 0x96FB, 0xF6FB, 0xD5FB, 0x31D3, 0xB6FB, 
  0xD5FB, 0xD5FB, 0x39FB, 0xB7F2, 0xFBF5, 0xFFFF, 0xFFF7, 0x9FFF, 0xB9F3, 0xD8FA, 0x97FB, 0xD6FB, 0xD4EB, 0x8B7A, 0x2852, 0x695A, 
  0x8A6A, 0x285A, 0x495A, 0x895A, 0x696A, 0x6A72, 0xB4DB, 0xF7FB, 0x52CB, 0xE851, 0x274A, 0x4852, 0x495A, 0x295A, 0x495A, 0x495A, 
  0x2852, 0x4852, 0x485A, 0xE751, 0xB0B2, 0x7BFD, 0xFFFF, 0xFFFF, 0x3BFD, 0xB8FA, 0xF7FB, 0xCD9A, 0x2852, 0x4852, 0x2852, 0x495A, 
  0x4952, 0x4852, 0x4852, 0x284A, 0x4952, 0x295A, 0x2852, 0x084A, 0x084A, 0x695A, 0x695A, 0x0852, 0x2952, 0x084A, 0xE841, 0x284A, 
  0x2842, 0x084A, 0x695A, 0x284A, 0x6A62, 0x6962, 0x284A, 0x2852, 0x6962, 0x695A, 0x2852, 0x4852, 0x0852, 0x495A, 0x8962, 0x0852, 
  0x2952, 0x695A, 0x495A, 0x495A, 0x6962, 0x495A, 0x8A62, 0x6962, 0x695A, 0x495A, 0x8A62, 0x084A, 0x074A, 0x895A, 0x2852, 0x4A62, 
  0xF5F3, 0x16FB, 0xBCF5, 0xFFFF, 0xBEFE, 0x18EB, 0x57FB, 0x37FB, 0xF8FA, 0x38FB, 0x35A2, 0xEE20, 0x3021, 0x1029, 0x1029, 0x1029, 
  0xF028, 0x1029, 0x1029, 0x1029, 0x1029, 0x1029, 0x1029, 0x1029, 0x1029, 0x1029, 0x1029, 0x1029, 0x1029, 0x1029, 0x1029, 0x1029, 
  0x1029, 0x1029, 0x1029, 0x1029, 0x1029, 0x1029, 0x1029, 0x1029, 0x1029, 0x1029, 0x1029, 0x1029, 0x1029, 0x1029, 0x1029, 0x1029, 
  0x1029, 0x1029, 0x1029, 0x1029, 0x1029, 0x1029, 0x1029, 0x1029, 0x1029, 0x1029, 0x1029, 0x1029, 0x1029, 0x1029, 0x1029, 0x1029, 
  0x1029, 0x1029, 0x1029, 0x1029, 0x1029, 0x1029, 0x1029, 0x1029, 0x1029, 0x1029, 0x1029, 0x1029, 0x1029, 0x1029, 0x1029, 0x1029, 
  0x1029, 0x1029, 0x1029, 0x1029, 0x1029, 0x1029, 0x1029, 0x1029, 0x1029, 0x1029, 0x1029, 0x1029, 0x1029, 0x1029, 0x1029, 0x1029, 
  0x1029, 0x1029, 0x1029, 0x1029, 0x1029, 0x1029, 0x1029, 0x1029, 0x1029, 0x1029, 0x1029, 0x1029, 0x1029, 0x1029, 0x1029, 0x1029, 
  0x1029, 0x1029, 0x1029, 0x1029, 0x1029, 0x1029, 0x1029, 0x1029, 0x1029, 0x1029, 0x1029, 0x1029, 0x1029, 0x1029, 0x1029, 0x1029, 
  0x1029, 0x1029, 0x1029, 0x1029, 0x1029, 0xEF18, 0xF369, 0x1CFD, 0xD9F3, 0xD9FA, 0x38FB, 0xD6FB, 0xF6FB, 0xD4EB, 0x4B8A, 0xB4E3, 
  0xF6FB, 0xB5FB, 0x78FB, 0x98FA, 0x3BF5, 0xFFFF, 0xFFFF, 0xDBF4, 0x98FA, 0x77FB, 0xD6FB, 0xF6F3, 0xAC92, 0x485A, 0x695A, 0x695A, 
  0x695A, 0x2852, 0x4952, 0x284A, 0x2852, 0x2852, 0x71BB, 0x72C3, 0x2A6A, 0x6962, 0x8A5A, 0x4852, 0x8A62, 0x8A62, 0x084A, 0x0842, 
  0x4852, 0x4852, 0xAA62, 0x4962, 0xD2CA, 0xDCFD, 0xFFFF, 0xFFFF, 0x3BFD, 0xD8F2, 0xF6FB, 0x0DA3, 0x2952, 0x4852, 0x0852, 0x4952, 
  0x4952, 0x2852, 0x0852, 0x6A6A, 0x8A6A, 0x495A, 0x4852, 0x084A, 0x284A, 0x0852, 0x2852, 0x084A, 0x494A, 0x0842, 0x0842, 0x4952, 
  0x484A, 0x4952, 0x2852, 0x4852, 0x6A62, 0x696A, 0x284A, 0x4952, 0x284A, 0x2852, 0xAB7A, 0x896A, 0x485A, 0x8962, 0x2852, 0x2852, 
  0x4952, 0x4952, 0x074A, 0x6962, 0x6962, 0x495A, 0x4952, 0x495A, 0x4852, 0x284A, 0x2852, 0x284A, 0xE741, 0x4852, 0x695A, 0x284A, 
  0x93D3, 0xB6FB, 0x98EB, 0x9FFF, 0x9EFE, 0xF7F2, 0xB6FB, 0x77FB, 0xD9FA, 0x18FB, 0xD9DA, 0x3041, 0x2F21, 0xF030, 0x1029, 0x1029, 
  0x1029, 0x1029, 0x1029, 0x1029, 0x1029, 0x1029, 0x1029, 0x1029, 0x1029, 0x1029, 0x1029, 0x1029, 0x1029, 0x1029, 0x1029, 0x1029, 
  0x1029, 0x1029, 0x1029, 0x1029, 0x1029, 0x1029, 0x1029, 0x1029, 0x1029, 0x1029, 0x1029, 0x1029, 0x1029, 0x1029, 0x1029, 0x1029, 
  0x1029, 0x1029, 0x1029, 0x1029, 0x1029, 0x1029, 0x1029, 0x1029, 0x1029, 0x1029, 0x1029, 0x1029, 0x1029, 0x1029, 0x1029, 0x1029, 
  0x1029, 0x1029, 0x1029, 0x1029, 0x1029, 0x1029, 0x1029, 0x1029, 0x1029, 0x1029, 0x1029, 0x1029, 0x1029, 0x1029, 0x1029, 0x1029, 
  0x1029, 0x1029, 0x1029, 0x1029, 0x1029, 0x1029, 0x1029, 0x1029, 0x1029, 0x1029, 0x1029, 0x1029, 0x1029, 0x1029, 0x1029, 0x1029, 
  0x1029, 0x1029, 0x1029, 0x1029, 0x1029, 0x1029, 0x1029, 0x1029, 0x1029, 0x1029, 0x1029, 0x1029, 0x1029, 0x1029, 0x1029, 0x1029, 
  0x1029, 0x1029, 0x1029, 0x1029, 0x1029, 0x1029, 0x1029, 0x1029, 0x1029, 0x1029, 0x1029, 0x1029, 0x1029, 0x1029, 0x1029, 0x1029, 
  0x1029, 0x1029, 0x1029, 0x2F21, 0x1029, 0xAF28, 0xB8B3, 0x9CFD, 0xD8F2, 0xF9FA, 0x77FB, 0xD6FB, 0xD7FB, 0x50C3, 0x2752, 0x8D8A, 
  0xF5FB, 0xD5FB, 0x77FB, 0xB7FA, 0x7BED, 0xFFFF, 0x1DF6, 0xF8F2, 0x38FB, 0xB7FB, 0x15F4, 0xAE9A, 0x4962, 0x4862, 0x4962, 0x285A, 
  0x8962, 0xAA72, 0x6A62, 0x495A, 0x495A, 0x695A, 0x4A6A, 0x0862, 0x8A62, 0x495A, 0x495A, 0x495A, 0x4962, 0x6962, 0x0852, 0x4852, 
  0x695A, 0x4962, 0x6852, 0x496A, 0x34E3, 0x7AF5, 0xFFFF, 0xFFFF, 0x1BFD, 0xF7FA, 0xD4EB, 0x4A82, 0x2852, 0x6952, 0x484A, 0x4952, 
  0x284A, 0x6952, 0x6962, 0x8A72, 0x2852, 0x4852, 0x4852, 0x4852, 0x8A6A, 0x8A6A, 0x6962, 0x4952, 0xE741, 0x0842, 0x284A, 0x2852, 
  0x084A, 0x294A, 0x284A, 0x084A, 0x695A, 0x495A, 0x284A, 0x084A, 0x0842, 0x2852, 0x495A, 0x2852, 0xCB7A, 0xAA6A, 0x485A, 0x2852, 
  0x084A, 0x484A, 0xCB6A, 0xAA6A, 0x8962, 0x2852, 0x084A, 0x2852, 0x2852, 0x284A, 0x6952, 0x695A, 0x4852, 0x495A, 0x0842, 0xC741, 
  0x8C8A, 0x16FC, 0xD6F2, 0x5BED, 0x1DFE, 0xB7F2, 0xD6FB, 0xB6FB, 0xF8FA, 0xD8FA, 0xFBFB, 0x7582, 0xCE20, 0xF030, 0x1029, 0x1029, 
  0x1029, 0x1029, 0x1029, 0x1029, 0x1029, 0x1029, 0x1029, 0x1029, 0x1029, 0x1029, 0x1029, 0x1029, 0x1029, 0x1029, 0x1029, 0x1029, 
  0x1029, 0x1029, 0x1029, 0x1029, 0x1029, 0x1029, 0x1029, 0x1029, 0x1029, 0x1029, 0x1029, 0x1029, 0x1029, 0x1029, 0x1029, 0x1029, 
  0x1029, 0x1029, 0x1029, 0x1029, 0x1029, 0x1029, 0x1029, 0x1029, 0x1029, 0x1029, 0x1029, 0x1029, 0x1029, 0x1029, 0x1029, 0x1029, 
  0x1029, 0x1029, 0x1029, 0x1029, 0x1029, 0x1029, 0x1029, 0x1029, 0x1029, 0x1029, 0x1029, 0x1029, 0x1029, 0x1029, 0x1029, 0x1029, 
  0x1029, 0x1029, 0x1029, 0x1029, 0x1029, 0x1029, 0x1029, 0x1029, 0x1029, 0x1029, 0x1029, 0x1029, 0x1029, 0x1029, 0x1029, 0x1029, 
  0x1029, 0x1029, 0x1029, 0x1029, 0x1029, 0x1029, 0x1029, 0x1029, 0x1029, 0x1029, 0x1029, 0x1029, 0x1029, 0x1029, 0x1029, 0x1029, 
  0x1029, 0x1029, 0x1029, 0x1029, 0x1029, 0x1029, 0x1029, 0x1029, 0x1029, 0x1029, 0x1029, 0x1029, 0x1029, 0x1029, 0x1029, 0x1029, 
  0x1029, 0x1029, 0x1029, 0x2F29, 0xF020, 0x7151, 0xFDED, 0x19F4, 0xB9FA, 0x17FB, 0xB6FB, 0xD6FB, 0xB6F3, 0x4A72, 0x885A, 0x296A, 
  0xEFB2, 0x16FC, 0xD7FB, 0xF7FA, 0x79F4, 0xFDF5, 0x37F3, 0x17FB, 0x97FB, 0xF6FB, 0xCEA2, 0xE859, 0x695A, 0xAB7A, 0xEC8A, 0x4852, 
  0x695A, 0x8962, 0x8962, 0x695A, 0x2852, 0x695A, 0x8962, 0x8A6A, 0xAA72, 0x495A, 0x284A, 0x084A, 0x2852, 0xAA6A, 0x696A, 0x8A6A, 
  0xAA6A, 0x0852, 0x695A, 0x296A, 0x14E3, 0xF9F4, 0xFFFF, 0x9FFF, 0xD9F3, 0x58FB, 0x72D3, 0x0862, 0x6952, 0x285A, 0x495A, 0x295A, 
  0x6962, 0x4852, 0x6A62, 0x495A, 0x495A, 0x8B7A, 0x8A6A, 0x8962, 0x8962, 0x2852, 0x895A, 0x4952, 0x0842, 0x284A, 0xE741, 0x4952, 
  0x4952, 0x284A, 0x0842, 0x084A, 0x284A, 0x0842, 0x0842, 0x6952, 0x084A, 0x084A, 0x2952, 0x284A, 0x485A, 0x685A, 0x695A, 0x495A, 
  0xAA6A, 0x295A, 0x4962, 0x495A, 0x2852, 0x4852, 0x284A, 0x695A, 0x084A, 0x495A, 0x695A, 0x0752, 0x2852, 0x285A, 0xAA6A, 0x4852, 
  0xE849, 0x91CB, 0xD7FB, 0x57EB, 0xD9FB, 0xF8FA, 0xD6FB, 0xD5FB, 0x38FB, 0xB8F2, 0xDBFC, 0x19C4, 0xCE28, 0x1021, 0x1029, 0x1029, 
  0x1029, 0x1029, 0x1029, 0x1029, 0x1029, 0x1029, 0x1029, 0x1029, 0x1029, 0x1029, 0x1029, 0x1029, 0x1029, 0x1029, 0x1029, 0x1029, 
  0x1029, 0x1029, 0x1029, 0x1029, 0x1029, 0x1029, 0x1029, 0x1029, 0x1029, 0x1029, 0x1029, 0x1029, 0x1029, 0x1029, 0x1029, 0x1029, 
  0x1029, 0x1029, 0x1029, 0x1029, 0x1029, 0x1029, 0x1029, 0x1029, 0x1029, 0x1029, 0x1029, 0x1029, 0x1029, 0x1029, 0x1029, 0x1029, 
  0x1029, 0x1029, 0x1029, 0x1029, 0x1029, 0x1029, 0x1029, 0x1029, 0x1029, 0x1029, 0x1029, 0x1029, 0x1029, 0x1029, 0x1029, 0x1029, 
  0x1029, 0x1029, 0x1029, 0x1029, 0x1029, 0x1029, 0x1029, 0x1029, 0x1029, 0x1029, 0x1029, 0x1029, 0x1029, 0x1029, 0x1029, 0x1029, 
  0x1029, 0x1029, 0x1029, 0x1029, 0x1029, 0x1029, 0x1029, 0x1029, 0x1029, 0x1029, 0x1029, 0x1029, 0x1029, 0x1029, 0x1029, 0x1029, 
  0x1029, 0x1029, 0x1029, 0x1029, 0x1029, 0x1029, 0x1029, 0x1029, 0x1029, 0x1029, 0x1029, 0x1029, 0x1029, 0x1029, 0x1029, 0x1029, 
  0x1029, 0x1029, 0x1029, 0x1031, 0xCE20, 0x97A3, 0x1DFE, 0xD7F2, 0xF9FA, 0x57FB, 0xD6FB, 0x16FC, 0xCEA2, 0x495A, 0x695A, 0x8A72, 
  0x0962, 0x92D3, 0xF7FB, 0xB7F3, 0x17FB, 0xD7F2, 0x17FB, 0x97FB, 0xF6FB, 0x0FB3, 0x085A, 0x4952, 0x4952, 0x8962, 0x696A, 0x695A, 
  0x695A, 0x485A, 0x485A, 0x695A, 0x695A, 0x4852, 0x695A, 0xAB6A, 0x4962, 0x285A, 0x2852, 0x2852, 0x0852, 0x6962, 0x6962, 0x696A, 
  0x6962, 0x495A, 0x896A, 0x6A72, 0x54EB, 0xD8F3, 0x1FFF, 0x9AF4, 0xD7F2, 0xB8FB, 0x0FB3, 0x285A, 0x495A, 0x696A, 0x6962, 0x495A, 
  0x495A, 0x2852, 0x2852, 0x4952, 0x695A, 0x8A62, 0xCB72, 0x4962, 0x495A, 0x4952, 0xE749, 0xE741, 0x494A, 0x284A, 0x084A, 0x284A, 
  0x084A, 0xE741, 0x2842, 0x484A, 0x4952, 0x284A, 0x284A, 0x4952, 0x084A, 0x084A, 0x2852, 0x074A, 0x2842, 0x2842, 0x2852, 0x2852, 
  0xAB72, 0x6A6A, 0x2852, 0x284A, 0x0842, 0x4852, 0x695A, 0x2852, 0x0852, 0x4A62, 0x6A62, 0xAB72, 0x8B72, 0xCB7A, 0xCA72, 0x284A, 
  0x294A, 0x8B7A, 0xF6F3, 0x57FB, 0xB7FA, 0xF8FA, 0xB6FB, 0xF5FB, 0x78FB, 0xD8FA, 0xB9F3, 0xDDF5, 0xB151, 0xD028, 0x1029, 0x1029, 
  0x1029, 0x1029, 0x1029, 0x1029, 0x1029, 0x1029, 0x1029, 0x1029, 0x1029, 0x1029, 0x1029, 0x1029, 0x1029, 0x1029, 0x1029, 0x1029, 
  0x1029, 0x1029, 0x1029, 0x1029, 0x1029, 0x1029, 0x1029, 0x1029, 0x1029, 0x1029, 0x1029, 0x1029, 0x1029, 0x1029, 0x1029, 0x1029, 
  0x1029, 0x1029, 0x1029, 0x1029, 0x1029, 0x1029, 0x1029, 0x1029, 0x1029, 0x1029, 0x1029, 0x1029, 0x1029, 0x1029, 0x1029, 0x1029, 
  0x1029, 0x1029, 0x1029, 0x1029, 0x1029, 0x1029, 0x1029, 0x1029, 0x1029, 0x1029, 0x1029, 0x1029, 0x1029, 0x1029, 0x1029, 0x1029, 
  0x1029, 0x1029, 0x1029, 0x1029, 0x1029, 0x1029, 0x1029, 0x1029, 0x1029, 0x1029, 0x1029, 0x1029, 0x1029, 0x1029, 0x1029, 0x1029, 
  0x1029, 0x1029, 0x1029, 0x1029, 0x1029, 0x1029, 0x1029, 0x1029, 0x1029, 0x1029, 0x1029, 0x1029, 0x1029, 0x1029, 0x1029, 0x1029, 
  0x1029, 0x1029, 0x1029, 0x1029, 0x1029, 0x1029, 0x1029, 0x1029, 0x1029, 0x1029, 0x1029, 0x1029, 0x1029, 0x1029, 0x1029, 0x1029, 
  0x1029, 0x1029, 0x1029, 0x1021, 0x3039, 0xBDE5, 0x79F4, 0xB8FA, 0xF9FA, 0x96FB, 0xF6FB, 0xD4EB, 0x296A, 0x485A, 0x6962, 0x2852, 
  0x284A, 0x4A62, 0xB3E3, 0x17FC, 0xD7FB, 0x97FB, 0xF7FB, 0xF6FB, 0x0FAB, 0x295A, 0x4952, 0x4852, 0x2852, 0x695A, 0x695A, 0x0852, 
  0x6962, 0x495A, 0x8A62, 0x6962, 0x8A6A, 0x8A62, 0x2852, 0x4952, 0x695A, 0x495A, 0x4952, 0x4952, 0x495A, 0x6962, 0x485A, 0x285A, 
  0x4962, 0x6962, 0x4862, 0x6A72, 0xB5F3, 0x57F3, 0xD9F3, 0xF8FA, 0x17FB, 0xD6FB, 0xAC92, 0xAA6A, 0xCB72, 0x695A, 0x4852, 0x484A, 
  0x695A, 0x695A, 0x285A, 0x6962, 0x2852, 0x284A, 0x284A, 0x8A6A, 0x6A72, 0x0852, 0x284A, 0x284A, 0x084A, 0x284A, 0x2852, 0x484A, 
  0x4852, 0x6952, 0x284A, 0x284A, 0x084A, 0xE741, 0xE749, 0x495A, 0x6952, 0x2852, 0xAA62, 0x4852, 0x4952, 0x4952, 0x2952, 0x284A, 
  0x695A, 0x4852, 0x285A, 0x4952, 0x4842, 0x285A, 0x8B72, 0x8962, 0xE739, 0x2842, 0x6A62, 0x8A6A, 0x4952, 0x2952, 0x273A, 0x0842, 
  0xE849, 0xE741, 0x30C3, 0xD8FB, 0xF8FA, 0xF8FA, 0x97FB, 0xF5FB, 0xB7FB, 0x37FB, 0xD7F2, 0x5EFE, 0xD7A3, 0xAF28, 0x1029, 0x1029, 
  0x1029, 0x1029, 0x1029, 0x1029, 0x1029, 0x1029, 0x1029, 0x1029, 0x1029, 0x1029, 0x1029, 0x1029, 0x1029, 0x1029, 0x1029, 0x1029, 
  0x1029, 0x1029, 0x1029, 0x1029, 0x1029, 0x1029, 0x1029, 0x1029, 0x1029, 0x1029, 0x1029, 0x1029, 0x1029, 0x1029, 0x1029, 0x1029, 
  0x1029, 0x1029, 0x1029, 0x1029, 0x1029, 0x1029, 0x1029, 0x1029, 0x1029, 0x1029, 0x1029, 0x1029, 0x1029, 0x1029, 0x1029, 0x1029, 
  0x1029, 0x1029, 0x1029, 0x1029, 0x1029, 0x1029, 0x1029, 0x1029, 0x1029, 0x1029, 0x1029, 0x1029, 0x1029, 0x1029, 0x1029, 0x1029, 
  0x1029, 0x1029, 0x1029, 0x1029, 0x1029, 0x1029, 0x1029, 0x1029, 0x1029, 0x1029, 0x1029, 0x1029, 0x1029, 0x1029, 0x1029, 0x1029, 
  0x1029, 0x1029, 0x1029, 0x1029, 0x1029, 0x1029, 0x1029, 0x1029, 0x1029, 0x1029, 0x1029, 0x1029, 0x1029, 0x1029, 0x1029, 0x1029, 
  0x1029, 0x1029, 0x1029, 0x1029, 0x1029, 0x1029, 0x1029, 0x1029, 0x1029, 0x1029, 0x1029, 0x1029, 0x1029, 0x1029, 0x1029, 0x1029, 
  0x1029, 0x1029, 0x1129, 0xCF18, 0x947A, 0x3EFE, 0x38F3, 0xD9FA, 0x37FB, 0xD6FB, 0x16FC, 0x10BB, 0x4962, 0x6962, 0xAB7A, 0x6962, 
  0x484A, 0x073A, 0xE969, 0x30C3, 0xF4E3, 0xB4EB, 0x51C3, 0x6B8A, 0x0D9B, 0xCB7A, 0x695A, 0x0852, 0x6962, 0x695A, 0x6952, 0x495A, 
  0x4852, 0x895A, 0x2852, 0x695A, 0x695A, 0x4852, 0x4952, 0x084A, 0x485A, 0x695A, 0x4852, 0x2852, 0x495A, 0x4852, 0x495A, 0x6962, 
  0xAA72, 0xCB7A, 0x8962, 0xAB72, 0xB4EB, 0x57FB, 0xB8FA, 0xF8FA, 0x77FB, 0xB4E3, 0x496A, 0x695A, 0x6962, 0x4852, 0x285A, 0x285A, 
  0x495A, 0x495A, 0x4852, 0x4952, 0x2852, 0x4852, 0x274A, 0x074A, 0xCC82, 0x8962, 0x484A, 0x2952, 0x695A, 0x495A, 0x0852, 0x2952, 
  0x4952, 0xCB62, 0x2852, 0x2852, 0x8A62, 0x4952, 0x2852, 0x4952, 0x4952, 0x2952, 0x495A, 0x284A, 0x084A, 0x2952, 0x484A, 0x2952, 
  0x284A, 0x495A, 0x6A6A, 0x6962, 0x085A, 0x4962, 0x2862, 0x8A72, 0x6962, 0x2852, 0x074A, 0x285A, 0x495A, 0x084A, 0x284A, 0x284A, 
  0x2842, 0xE739, 0x4A6A, 0xF6F3, 0x38FB, 0xF9FA, 0x57FB, 0xD5FB, 0xD6FB, 0x97FB, 0xB7F2, 0x1BFD, 0xDDE5, 0x2F41, 0xF028, 0x1029, 
  0x1029, 0x1029, 0x1029, 0x1029, 0x1029, 0x1029, 0x1029, 0x1029, 0x1029, 0x1029, 0x1029, 0x1029, 0x1029, 0x1029, 0x1029, 0x1029, 
  0x1029, 0x1029, 0x1029, 0x1029, 0x1029, 0x1029, 0x1029, 0x1029, 0x1029, 0x1029, 0x1029, 0x1029, 0x1029, 0x1029, 0x1029, 0x1029, 
  0x1029, 0x1029, 0x1029, 0x1029, 0x1029, 0x1029, 0x1029, 0x1029, 0x1029, 0x1029, 0x1029, 0x1029, 0x1029, 0x1029, 0x1029, 0x1029, 
  0x1029, 0x1029, 0x1029, 0x1029, 0x1029, 0x1029, 0x1029, 0x1029, 0x1029, 0x1029, 0x1029, 0x1029, 0x1029, 0x1029, 0x1029, 0x1029, 
  0x1029, 0x1029, 0x1029, 0x1029, 0x1029, 0x1029, 0x1029, 0x1029, 0x1029, 0x1029, 0x1029, 0x1029, 0x1029, 0x1029, 0x1029, 0x1029, 
  0x1029, 0x1029, 0x1029, 0x1029, 0x1029, 0x1029, 0x1029, 0x1029, 0x1029, 0x1029, 0x1029, 0x1029, 0x1029, 0x1029, 0x1029, 0x1029, 
  0x1029, 0x1029, 0x1029, 0x1029, 0x1029, 0x1029, 0x1029, 0x1029, 0x1029, 0x1029, 0x1029, 0x1029, 0x1029, 0x1029, 0x1029, 0x1029, 
  0x1029, 0x1029, 0x1029, 0xAF28, 0xD9C4, 0x5CFD, 0x98F2, 0xF8FA, 0x96FB, 0xD6FB, 0xF5FB, 0x8B7A, 0x6A5A, 0x896A, 0xAA7A, 0x6962, 
  0x295A, 0x695A, 0x895A, 0x285A, 0xAC8A, 0x6B7A, 0x2962, 0x2852, 0x696A, 0x696A, 0x495A, 0x495A, 0x4952, 0x2852, 0x284A, 0x8962, 
  0x274A, 0x695A, 0x285A, 0x0852, 0x084A, 0x084A, 0x084A, 0x8A62, 0x8A6A, 0x695A, 0xAA62, 0x6962, 0x4852, 0x0742, 0x085A, 0xAB72, 
  0x286A, 0x8972, 0x8A6A, 0x295A, 0x92DB, 0xB7FB, 0xF8FA, 0x17FB, 0xF7FB, 0x0FAB, 0x074A, 0x485A, 0x2952, 0x4952, 0xEC82, 0xCB7A, 
  0x0852, 0x2852, 0x284A, 0x4852, 0x6962, 0x6A62, 0x6962, 0x4852, 0x695A, 0x2952, 0x284A, 0x494A, 0x4852, 0x695A, 0x6A5A, 0x4952, 
  0xE741, 0x084A, 0x084A, 0x4952, 0xAA62, 0x4852, 0x084A, 0x284A, 0x284A, 0x084A, 0x2852, 0x484A, 0x694A, 0x0842, 0x494A, 0x295A, 
  0x485A, 0xEC7A, 0x4962, 0xAA6A, 0xAA72, 0x695A, 0x6852, 0x8A6A, 0x4962, 0x4952, 0x2852, 0x284A, 0x484A, 0x4952, 0x2952, 0x695A, 
  0x4852, 0x094A, 0xC749, 0x31C3, 0xB7FB, 0xD8FA, 0x18FB, 0xB6FB, 0xF6FB, 0xD6FB, 0x17FB, 0x98F3, 0x1FFF, 0xB48A, 0xEF20, 0x1029, 
  0xF028, 0x1029, 0x1029, 0x1029, 0x1029, 0x1029, 0x1029, 0x1029, 0x1029, 0x1029, 0x1029, 0x1029, 0x1029, 0x1029, 0x1029, 0x1029, 
  0x1029, 0x1029, 0x1029, 0x1029, 0x1029, 0x1029, 0x1029, 0x1029, 0x1029, 0x1029, 0x1029, 0x1029, 0x1029, 0x1029, 0x1029, 0x1029, 
  0x1029, 0x1029, 0x1029, 0x1029, 0x1029, 0x1029, 0x1029, 0x1029, 0x1029, 0x1029, 0x1029, 0x1029, 0x1029, 0x1029, 0x1029, 0x1029, 
  0x1029, 0x1029, 0x1029, 0x1029, 0x1029, 0x1029, 0x1029, 0x1029, 0x1029, 0x1029, 0x1029, 0x1029, 0x1029, 0x1029, 0x1029, 0x1029, 
  0x1029, 0x1029, 0x1029, 0x1029, 0x1029, 0x1029, 0x1029, 0x1029, 0x1029, 0x1029, 0x1029, 0x1029, 0x1029, 0x1029, 0x1029, 0x1029, 
  0x1029, 0x1029, 0x1029, 0x1029, 0x1029, 0x1029, 0x1029, 0x1029, 0x1029, 0x1029, 0x1029, 0x1029, 0x1029, 0x1029, 0x1029, 0x1029, 
  0x1029, 0x1029, 0x1029, 0x1029, 0x1029, 0x1029, 0x1029, 0x1029, 0x1029, 0x1029, 0x1029, 0x1029, 0x1029, 0x1029, 0x1029, 0x1029, 
  0x1029, 0x1029, 0xEF20, 0xB251, 0x3EF6, 0xD9F3, 0xB9FA, 0x57FB, 0xD6FB, 0xF6FB, 0x93E3, 0x2962, 0x495A, 0x2852, 0x8962, 0x6962, 
  0x4952, 0x4852, 0x284A, 0x4852, 0x485A, 0x8962, 0x8962, 0x8A62, 0x8A62, 0x8A62, 0x2852, 0x2852, 0x2852, 0x895A, 0x495A, 0x285A, 
  0xAA6A, 0x696A, 0x6962, 0x6A72, 0xCB7A, 0x696A, 0x6A6A, 0x6962, 0x4962, 0x696A, 0xAA6A, 0xAA62, 0x2852, 0x495A, 0x895A, 0x495A, 
  0xEB7A, 0x2D93, 0x285A, 0xE859, 0x51C3, 0x17FC, 0x77F3, 0xB7FB, 0xB4E3, 0x4A62, 0x6952, 0x4962, 0x4962, 0x495A, 0xAB72, 0x295A, 
  0x2852, 0x2852, 0x4852, 0x6A62, 0x8A6A, 0x0852, 0x6A62, 0x4952, 0x484A, 0x084A, 0xE849, 0x084A, 0xE741, 0x2852, 0x2852, 0x084A, 
  0x084A, 0x284A, 0x0842, 0x4952, 0xE741, 0x494A, 0x0842, 0x0842, 0x0842, 0x284A, 0x284A, 0x0842, 0x694A, 0x084A, 0x4952, 0x2852, 
  0x6A6A, 0x8A6A, 0x4852, 0x6962, 0x495A, 0x4852, 0x484A, 0x2852, 0x6962, 0x2952, 0x695A, 0x4952, 0xE741, 0x284A, 0x0842, 0x495A, 
  0x6852, 0x294A, 0x4952, 0x0EA3, 0xD6FB, 0x18FB, 0xF8FA, 0x97FB, 0xF5FB, 0xF5FB, 0x98FB, 0xD8F2, 0x7DFE, 0xFAC4, 0xCF30, 0x1029, 
  0x1029, 0x1029, 0x1029, 0x1029, 0x1029, 0x1029, 0x1029, 0x1029, 0x1029, 0x1029, 0x1029, 0x1029, 0x1029, 0x1029, 0x1029, 0x1029, 
  0x1029, 0x1029, 0x1029, 0x1029, 0x1029, 0x1029, 0x1029, 0x1029, 0x1029, 0x1029, 0x1029, 0x1029, 0x1029, 0x1029, 0x1029, 0x1029, 
  0x1029, 0x1029, 0x1029, 0x1029, 0x1029, 0x1029, 0x1029, 0x1029, 0x1029, 0x1029, 0x1029, 0x1029, 0x1029, 0x1029, 0x1029, 0x1029, 
  0x1029, 0x1029, 0x1029, 0x1029, 0x1029, 0x1029, 0x1029, 0x1029, 0x1029, 0x1029, 0x1029, 0x1029, 0x1029, 0x1029, 0x1029, 0x1029, 
  0x1029, 0x1029, 0x1029, 0x1029, 0x1029, 0x1029, 0x1029, 0x1029, 0x1029, 0x1029, 0x1029, 0x1029, 0x1029, 0x1029, 0x1029, 0x1029, 
  0x1029, 0x1029, 0x1029, 0x1029, 0x1029, 0x1029, 0x1029, 0x1029, 0x1029, 0x1029, 0x1029, 0x1029, 0x1029, 0x1029, 0x1029, 0x1029, 
  0x1029, 0x1029, 0x1029, 0x1029, 0x1029, 0x1029, 0x1029, 0x1029, 0x1029, 0x1029, 0x1029, 0x1029, 0x1029, 0x1029, 0x1029, 0x1029, 
  0x1029, 0x1029, 0xAE20, 0x9793, 0xFDFD, 0xF7F2, 0x38FB, 0xB6FB, 0xD5FB, 0xF6FB, 0x50BB, 0x295A, 0x6962, 0x6962, 0x6962, 0x2852, 
  0x0742, 0x4952, 0x495A, 0x2852, 0x495A, 0x2852, 0x2852, 0x6962, 0x6962, 0x285A, 0x4962, 0x896A, 0x6962, 0x495A, 0x8A6A, 0x8A6A, 
  0x8A6A, 0x8962, 0x485A, 0x8962, 0x896A, 0x696A, 0xAB72, 0x4852, 0x4852, 0x696A, 0x6962, 0x485A, 0x2852, 0x6A6A, 0x8A6A, 0x6962, 
  0x8A6A, 0x6A6A, 0x695A, 0x096A, 0x52DB, 0xF6FB, 0x16FC, 0xF5EB, 0x6C82, 0x284A, 0x695A, 0x8A72, 0xAA72, 0x485A, 0x485A, 0x695A, 
  0xE749, 0x6952, 0x4852, 0x284A, 0x074A, 0x2852, 0x4952, 0x2852, 0x6952, 0x284A, 0x284A, 0x4952, 0x695A, 0x285A, 0x495A, 0x695A, 
  0x284A, 0x2842, 0xE739, 0x0842, 0x0842, 0x0842, 0x0842, 0x084A, 0x4952, 0x084A, 0x084A, 0x4852, 0x284A, 0x2842, 0x2842, 0x0842, 
  0xE849, 0x495A, 0x4952, 0x2852, 0x0842, 0xE741, 0x6952, 0x8A62, 0x485A, 0x4962, 0x6962, 0x495A, 0x8A5A, 0x4952, 0x084A, 0x084A, 
  0x284A, 0x695A, 0x284A, 0x2A6A, 0xB4F3, 0x77FB, 0xD8FA, 0x58FB, 0xF6FB, 0xD5FB, 0xB7FB, 0xD8F2, 0xFBF4, 0x7EF6, 0x7159, 0xF018, 
  0x1029, 0x1029, 0x1029, 0x1029, 0x1029, 0x1029, 0x1029, 0x1029, 0x1029, 0x1029, 0x1029, 0x1029, 0x1029, 0x1029, 0x1029, 0x1029, 
  0x1029, 0x1029, 0x1029, 0x1029, 0x1029, 0x1029, 0x1029, 0x1029, 0x1029, 0x1029, 0x1029, 0x1029, 0x1029, 0x1029, 0x1029, 0x1029, 
  0x1029, 0x1029, 0x1029, 0x1029, 0x1029, 0x1029, 0x1029, 0x1029, 0x1029, 0x1029, 0x1029, 0x1029, 0x1029, 0x1029, 0x1029, 0x1029, 
  0x1029, 0x1029, 0x1029, 0x1029, 0x1029, 0x1029, 0x1029, 0x1029, 0x1029, 0x1029, 0x1029, 0x1029, 0x1029, 0x1029, 0x1029, 0x1029, 
  0x1029, 0x1029, 0x1029, 0x1029, 0x1029, 0x1029, 0x1029, 0x1029, 0x1029, 0x1029, 0x1029, 0x1029, 0x1029, 0x1029, 0x1029, 0x1029, 
  0x1029, 0x1029, 0x1029, 0x1029, 0x1029, 0x1029, 0x1029, 0x1029, 0x1029, 0x1029, 0x1029, 0x1029, 0x1029, 0x1029, 0x1029, 0x1029, 
  0x1029, 0x1029, 0x1029, 0x1029, 0x1029, 0x1029, 0x1029, 0x1029, 0x1029, 0x1029, 0x1029, 0x1029, 0x1029, 0x1029, 0x1029, 0x1029, 
  0x1029, 0x1029, 0xEF30, 0x7BD5, 0xFAF4, 0x37FB, 0xB6FB, 0xD6FB, 0xD6FB, 0x16FC, 0xCE9A, 0xC639, 0x495A, 0xCA6A, 0x895A, 0x4852, 
  0x4852, 0x6962, 0x4962, 0x495A, 0xAA6A, 0x495A, 0x4962, 0x8A6A, 0xAA6A, 0xCA6A, 0x695A, 0x6962, 0x695A, 0x2852, 0xCC82, 0xCB82, 
  0x6962, 0x695A, 0x495A, 0x495A, 0x495A, 0x695A, 0x695A, 0x284A, 0x6952, 0x8A6A, 0x495A, 0x2852, 0x695A, 0x695A, 0x6962, 0x075A, 
  0x695A, 0x6952, 0x0852, 0xED92, 0x35F4, 0xD5FB, 0x92CB, 0x6B72, 0x084A, 0x284A, 0x2852, 0x6A6A, 0x4962, 0xAA72, 0xAA6A, 0x4852, 
  0x495A, 0x4952, 0x2852, 0xE741, 0x8A5A, 0x695A, 0x284A, 0x284A, 0x284A, 0x2852, 0x695A, 0x4952, 0x2852, 0x495A, 0x4952, 0x084A, 
  0x0842, 0x4852, 0x2852, 0x4852, 0x484A, 0x084A, 0x495A, 0x695A, 0x6952, 0xE741, 0x6952, 0x494A, 0x2952, 0x084A, 0x0842, 0x0842, 
  0x494A, 0x4952, 0x084A, 0x0842, 0x284A, 0x284A, 0x2852, 0x284A, 0x4952, 0x8A62, 0x4852, 0x0852, 0x495A, 0x495A, 0x084A, 0x495A, 
  0x8A62, 0x0752, 0x2852, 0x296A, 0x72D3, 0x97FB, 0xF8FA, 0x18FB, 0xB6FB, 0xD5FB, 0xF6FB, 0x57FB, 0xB8F3, 0xFFFE, 0xD582, 0xCF20, 
  0x1029, 0x1029, 0x1029, 0x1029, 0x1029, 0x1029, 0x1029, 0x1029, 0x1029, 0x1029, 0x1029, 0x1029, 0x1029, 0x1029, 0x1029, 0x1029, 
  0x1029, 0x1029, 0x1029, 0x1029, 0x1029, 0x1029, 0x1029, 0x1029, 0x1029, 0x1029, 0x1029, 0x1029, 0x1029, 0x1029, 0x1029, 0x1029, 
  0x1029, 0x1029, 0x1029, 0x1029, 0x1029, 0x1029, 0x1029, 0x1029, 0x1029, 0x1029, 0x1029, 0x1029, 0x1029, 0x1029, 0x1029, 0x1029, 
  0x1029, 0x1029, 0x1029, 0x1029, 0x1029, 0x1029, 0x1029, 0x1029, 0x1029, 0x1029, 0x1029, 0x1029, 0x1029, 0x1029, 0x1029, 0x1029, 
  0x1029, 0x1029, 0x1029, 0x1029, 0x1029, 0x1029, 0x1029, 0x1029, 0x1029, 0x1029, 0x1029, 0x1029, 0x1029, 0x1029, 0x1029, 0x1029, 
  0x1029, 0x1029, 0x1029, 0x1029, 0x1029, 0x1029, 0x1029, 0x1029, 0x1029, 0x1029, 0x1029, 0x1029, 0x1029, 0x1029, 0x1029, 0x1029, 
  0x1029, 0x1029, 0x1029, 0x1029, 0x1029, 0x1029, 0x1029, 0x1029, 0x1029, 0x1029, 0x1029, 0x1029, 0x1029, 0x1029, 0x1029, 0x1029, 
  0x3029, 0xCF20, 0x136A, 0x7DFE, 0xD6F3, 0xB6FB, 0xD5FB, 0xD6FB, 0xD6FB, 0xF6FB, 0x52D3, 0xAD92, 0x4A72, 0x2962, 0x495A, 0x2852, 
  0x2852, 0x4952, 0x2852, 0x285A, 0x6962, 0x695A, 0x485A, 0x485A, 0x896A, 0x4862, 0x6962, 0x495A, 0x2852, 0x4852, 0x085A, 0x6A7A, 
  0xAA6A, 0x8A6A, 0x696A, 0x6962, 0x4852, 0x084A, 0x285A, 0x284A, 0x284A, 0x8A62, 0x284A, 0x4952, 0x4952, 0x484A, 0x8962, 0x8A6A, 
  0xAA62, 0x4952, 0xE851, 0x6A62, 0x6B72, 0x6B7A, 0x0962, 0x2962, 0xAA6A, 0x6962, 0x2852, 0x284A, 0x4852, 0xCB7A, 0x4962, 0x295A, 
  0x8A6A, 0x4962, 0x8A62, 0x695A, 0x2852, 0x0852, 0x284A, 0x284A, 0xE749, 0x495A, 0x295A, 0x695A, 0x0742, 0x073A, 0x2842, 0xE849, 
  0x2852, 0x495A, 0x6A6A, 0x2852, 0x2852, 0x295A, 0x495A, 0x2852, 0x0852, 0xE749, 0x4952, 0x084A, 0x084A, 0x4952, 0x494A, 0x0742, 
  0x2842, 0x284A, 0x084A, 0x284A, 0x4952, 0x2952, 0x084A, 0x695A, 0x6952, 0x4952, 0x284A, 0xEB72, 0x0852, 0x6A62, 0x695A, 0x695A, 
  0x695A, 0x285A, 0x895A, 0x495A, 0x30BB, 0xD7FB, 0xF8FA, 0xF8FA, 0x97FB, 0xD6FB, 0xF4FB, 0xB6FB, 0xD7F2, 0x3DFE, 0x59B4, 0xAF28, 
  0x1029, 0x1029, 0x1029, 0x1029, 0x1029, 0x1029, 0x1029, 0x1029, 0x1029, 0x1029, 0x1029, 0x1029, 0x1029, 0x1029, 0x1029, 0x1029, 
  0x1029, 0x1029, 0x1029, 0x1029, 0x1029, 0x1029, 0x1029, 0x1029, 0x1029, 0x1029, 0x1029, 0x1029, 0x1029, 0x1029, 0x1029, 0x1029, 
  0x1029, 0x1029, 0x1029, 0x1029, 0x1029, 0x1029, 0x1029, 0x1029, 0x1029, 0x1029, 0x1029, 0x1029, 0x1029, 0x1029, 0x1029, 0x1029, 
  0x1029, 0x1029, 0x1029, 0x1029, 0x1029, 0x1029, 0x1029, 0x1029, 0x1029, 0x1029, 0x1029, 0x1029, 0x1029, 0x1029, 0x1029, 0x1029, 
  0x1029, 0x1029, 0x1029, 0x1029, 0x1029, 0x1029, 0x1029, 0x1029, 0x1029, 0x1029, 0x1029, 0x1029, 0x1029, 0x1029, 0x1029, 0x1029, 
  0x1029, 0x1029, 0x1029, 0x1029, 0x1029, 0x1029, 0x1029, 0x1029, 0x1029, 0x1029, 0x1029, 0x1029, 0x1029, 0x1029, 0x1029, 0x1029, 
  0x1029, 0x1029, 0x1029, 0x1029, 0x1029, 0x1029, 0x1029, 0x1029, 0x1029, 0x1029, 0x1029, 0x1029, 0x1029, 0x1029, 0x1029, 0x1029, 
  0x1029, 0xAE20, 0x18AC, 0xDCFD, 0x55F3, 0xF6FB, 0xD6FB, 0xB6FB, 0xB6FB, 0xD6FB, 0xD6FB, 0x16FC, 0xF5EB, 0x52CB, 0xF0C2, 0x30C3, 
  0xCEA2, 0x2A6A, 0x8A5A, 0x485A, 0x2852, 0x284A, 0x485A, 0x8A6A, 0x696A, 0x6962, 0x8A6A, 0xAA72, 0x2852, 0x284A, 0x285A, 0xAA72, 
  0x4852, 0x4862, 0xCB82, 0x8A6A, 0x4852, 0x495A, 0xAA6A, 0x495A, 0x084A, 0x2852, 0x484A, 0x2852, 0x285A, 0x074A, 0x6962, 0x8A6A, 
  0x2852, 0x2852, 0x4962, 0x4962, 0x284A, 0x284A, 0x2852, 0x8962, 0x8962, 0x285A, 0x6A62, 0x695A, 0x8962, 0x695A, 0xE749, 0x4852, 
  0x695A, 0x084A, 0x284A, 0xE741, 0x2852, 0x2952, 0x284A, 0x284A, 0x484A, 0x495A, 0x084A, 0x284A, 0x084A, 0x4952, 0x084A, 0x494A, 
  0x284A, 0x295A, 0x495A, 0x2842, 0x284A, 0x084A, 0x2852, 0x6962, 0x4852, 0x4952, 0x695A, 0x4952, 0x084A, 0x4952, 0x6A5A, 0xE741, 
  0x0842, 0x4952, 0x284A, 0x084A, 0x495A, 0x0852, 0x8A62, 0x4952, 0x084A, 0x084A, 0x4952, 0x495A, 0x2852, 0x495A, 0x4952, 0x0742, 
  0x4952, 0x495A, 0x284A, 0x0742, 0xCEA2, 0xF7FB, 0x37FB, 0xF8FA, 0x58FB, 0xD6FB, 0xD5FB, 0x16FC, 0xD7FA, 0xFBF4, 0x7CE5, 0xEF40, 
  0xF020, 0x1029, 0x1029, 0x1029, 0x1029, 0x1029, 0x1029, 0x1029, 0x1029, 0x1029, 0x1029, 0x1029, 0x1029, 0x1029, 0x1029, 0x1029, 
  0x1029, 0x1029, 0x1029, 0x1029, 0x1029, 0x1029, 0x1029, 0x1029, 0x1029, 0x1029, 0x1029, 0x1029, 0x1029, 0x1029, 0x1029, 0x1029, 
  0x1029, 0x1029, 0x1029, 0x1029, 0x1029, 0x1029, 0x1029, 0x1029, 0x1029, 0x1029, 0x1029, 0x1029, 0x1029, 0x1029, 0x1029, 0x1029, 
  0x1029, 0x1029, 0x1029, 0x1029, 0x1029, 0x1029, 0x1029, 0x1029, 0x1029, 0x1029, 0x1029, 0x1029, 0x1029, 0x1029, 0x1029, 0x1029, 
  0x1029, 0x1029, 0x1029, 0x1029, 0x1029, 0x1029, 0x1029, 0x1029, 0x1029, 0x1029, 0x1029, 0x1029, 0x1029, 0x1029, 0x1029, 0x1029, 
  0x1029, 0x1029, 0x1029, 0x1029, 0x1029, 0x1029, 0x1029, 0x1029, 0x1029, 0x1029, 0x1029, 0x1029, 0x1029, 0x1029, 0x1029, 0x1029, 
  0x1029, 0x1029, 0x1029, 0x1029, 0x1029, 0x1029, 0x1029, 0x1029, 0x1029, 0x1029, 0x1029, 0x1029, 0x1029, 0x1029, 0x1029, 0x1029, 
  0x1029, 0xCF28, 0x7BCD, 0x99FC, 0x96FB, 0xD6FB, 0xD5FB, 0xB6FB, 0xD6FB, 0xF6FB, 0xD6FB, 0xB5FB, 0xD6FB, 0x16FC, 0x16FC, 0x16FC, 
  0x16FC, 0xD3E3, 0x8C92, 0x485A, 0x495A, 0x6962, 0x6962, 0x8A6A, 0xAA72, 0x8A6A, 0xAA72, 0x8A6A, 0x6962, 0x685A, 0xCB72, 0xAA72, 
  0x8A72, 0x6A72, 0xAA72, 0xCB82, 0x8A7A, 0x495A, 0x8A62, 0x695A, 0x4952, 0x495A, 0x6952, 0x4962, 0x6A62, 0x4962, 0x4952, 0x6952, 
  0x695A, 0x4962, 0x696A, 0xAB7A, 0x4852, 0x495A, 0x495A, 0x695A, 0xAA6A, 0x4962, 0x074A, 0x484A, 0x6A6A, 0x8962, 0x4852, 0x284A, 
  0x484A, 0x2842, 0x284A, 0x484A, 0x0742, 0x284A, 0x494A, 0x084A, 0x4952, 0x084A, 0x2842, 0x084A, 0x285A, 0x8A62, 0x0852, 0x484A, 
  0x2842, 0x0852, 0x284A, 0x6952, 0x8A7A, 0xCA7A, 0x074A, 0x2852, 0x4952, 0x4852, 0x695A, 0x4952, 0x284A, 0x485A, 0x8A72, 0x295A, 
  0x084A, 0x284A, 0x4852, 0x8A62, 0x284A, 0x0842, 0x494A, 0x2852, 0x0852, 0xAA6A, 0x895A, 0x4952, 0x4952, 0x2852, 0x2852, 0x0742, 
  0x494A, 0x2952, 0x284A, 0xE741, 0xCD9A, 0xF7FB, 0x57F3, 0xF8F2, 0x18FB, 0xB6FB, 0xF5FB, 0xF6FB, 0x56FB, 0xB9EB, 0xBDF5, 0xF261, 
  0xCF20, 0x1029, 0x1029, 0x1029, 0x1029, 0x1029, 0x1029, 0x1029, 0x1029, 0x1029, 0x1029, 0x1029, 0x1029, 0x1029, 0x1029, 0x1029, 
  0x1029, 0x1029, 0x1029, 0x1029, 0x1029, 0x1029, 0x1029, 0x1029, 0x1029, 0x1029, 0x1029, 0x1029, 0x1029, 0x1029, 0x1029, 0x1029, 
  0x1029, 0x1029, 0x1029, 0x1029, 0x1029, 0x1029, 0x1029, 0x1029, 0x1029, 0x1029, 0x1029, 0x1029, 0x1029, 0x1029, 0x1029, 0x1029, 
  0x1029, 0x1029, 0x1029, 0x1029, 0x1029, 0x1029, 0x1029, 0x1029, 0x1029, 0x1029, 0x1029, 0x1029, 0x1029, 0x1029, 0x1029, 0x1029, 
  0x1029, 0x1029, 0x1029, 0x1029, 0x1029, 0x1029, 0x1029, 0x1029, 0x1029, 0x1029, 0x1029, 0x1029, 0x1029, 0x1029, 0x1029, 0x1029, 
  0x1029, 0x1029, 0x1029, 0x1029, 0x1029, 0x1029, 0x1029, 0x1029, 0x1029, 0x1029, 0x1029, 0x1029, 0x1029, 0x1029, 0x1029, 0x1029, 
  0x1029, 0x1029, 0x1029, 0x1029, 0x1029, 0x1029, 0x1029, 0x1029, 0x1029, 0x1029, 0x1029, 0x1029, 0x1029, 0x1029, 0x1029, 0x1029, 
  0xD028, 0x9041, 0xFCE5, 0xD6FB, 0xD6FB, 0xB6FB, 0xD5FB, 0xD6FB, 0xD6FB, 0xB6FB, 0xB6FB, 0xD6FB, 0xD6FB, 0xB5FB, 0x55FB, 0x55F3, 
  0x75FB, 0x16FC, 0x93DB, 0x496A, 0x8962, 0x696A, 0xAA6A, 0x6962, 0x6962, 0x495A, 0x696A, 0xAB7A, 0x696A, 0x6962, 0x6962, 0x6962, 
  0x8A62, 0x2852, 0x285A, 0x4862, 0x896A, 0x8A6A, 0x0852, 0x695A, 0x695A, 0x285A, 0x485A, 0x8A6A, 0x495A, 0x495A, 0x0852, 0x6962, 
  0x696A, 0xAA7A, 0xAA72, 0x896A, 0x8962, 0x285A, 0x8A6A, 0x285A, 0x285A, 0x485A, 0x4952, 0x4952, 0x6A62, 0x8A62, 0xAA62, 0x495A, 
  0x0852, 0x084A, 0x4952, 0x4952, 0x4952, 0xE841, 0x284A, 0x084A, 0x484A, 0x0742, 0x284A, 0x4952, 0x284A, 0x495A, 0x495A, 0x4852, 
  0x284A, 0x2852, 0x4852, 0x6962, 0xCB8A, 0xEB8A, 0x4962, 0x2852, 0x2852, 0x2852, 0x4852, 0x295A, 0x284A, 0x284A, 0x6A62, 0x6E8B, 
  0x695A, 0x0742, 0x0852, 0x4952, 0x284A, 0x0842, 0x0842, 0x284A, 0x2852, 0x8A62, 0x2852, 0x484A, 0x284A, 0x494A, 0x284A, 0x4952, 
  0x8A62, 0xE741, 0x495A, 0x0852, 0xEEA2, 0x17FC, 0x56F3, 0x9BF4, 0x78F3, 0x97FB, 0xF6FB, 0xD5FB, 0xD6F3, 0xF8F2, 0xDEFD, 0xB482, 
  0xAF18, 0x1029, 0x1029, 0x1029, 0x1029, 0x1029, 0x1029, 0x1029, 0x1029, 0x1029, 0x1029, 0x1029, 0x1029, 0x1029, 0x1029, 0x1029, 
  0x1029, 0x1029, 0x1029, 0x1029, 0x1029, 0x1029, 0x1029, 0x1029, 0x1029, 0x1029, 0x1029, 0x1029, 0x1029, 0x1029, 0x1029, 0x1029, 
  0x1029, 0x1029, 0x1029, 0x1029, 0x1029, 0x1029, 0x1029, 0x1029, 0x1029, 0x1029, 0x1029, 0x1029, 0x1029, 0x1029, 0x1029, 0x1029, 
  0x1029, 0x1029, 0x1029, 0x1029, 0x1029, 0x1029, 0x1029, 0x1029, 0x1029, 0x1029, 0x1029, 0x1029, 0x1029, 0x1029, 0x1029, 0x1029, 
  0x1029, 0x1029, 0x1029, 0x1029, 0x1029, 0x1029, 0x1029, 0x1029, 0x1029, 0x1029, 0x1029, 0x1029, 0x1029, 0x1029, 0x1029, 0x1029, 
  0x1029, 0x1029, 0x1029, 0x1029, 0x1029, 0x1029, 0x1029, 0x1029, 0x1029, 0x1029, 0x1029, 0x1029, 0x1029, 0x1029, 0x1029, 0x1029, 
  0x1029, 0x1029, 0x1029, 0x1029, 0x1029, 0x1029, 0x1029, 0x1029, 0x1029, 0x1029, 0x1029, 0x1029, 0x1029, 0xF130, 0x0F29, 0x3029, 
  0x8F20, 0xB68B, 0x9BFD, 0x95F3, 0xB6FB, 0xD6FB, 0xF6FB, 0x97FB, 0x18FB, 0xD7F2, 0xF7F2, 0x37FB, 0x97F3, 0x38EC, 0x1BF5, 0x9BF5, 
  0xB8EC, 0x75EB, 0xF7FB, 0x0FB3, 0x2962, 0xAA72, 0x6962, 0x485A, 0x2852, 0x4852, 0x495A, 0x6962, 0x896A, 0x6962, 0x696A, 0x6962, 
  0x084A, 0x284A, 0x8A62, 0x6962, 0x896A, 0xA972, 0xEB82, 0x4962, 0x695A, 0x4852, 0x8962, 0x8962, 0x695A, 0x8A62, 0x696A, 0xAA72, 
  0xAA72, 0x896A, 0x896A, 0xAA6A, 0x6962, 0x2852, 0x6962, 0x6962, 0x485A, 0x285A, 0x4D83, 0x6962, 0x2852, 0xE849, 0x2852, 0x495A, 
  0x495A, 0x2852, 0x284A, 0x284A, 0x284A, 0x084A, 0x295A, 0x4952, 0x2952, 0x284A, 0x284A, 0x284A, 0x2842, 0x0852, 0x495A, 0x8952, 
  0x695A, 0x284A, 0x084A, 0x8A6A, 0x2852, 0x495A, 0x8A6A, 0x6962, 0x285A, 0x895A, 0x8A62, 0x4962, 0x0842, 0x0842, 0x284A, 0x2952, 
  0x0852, 0x2852, 0x284A, 0x4952, 0x2852, 0x2852, 0x4852, 0x284A, 0x084A, 0x084A, 0x284A, 0x6952, 0x2852, 0x2852, 0x284A, 0x284A, 
  0x495A, 0x4852, 0x8962, 0xC741, 0x0FAB, 0x16FC, 0x57EB, 0xBEF6, 0xBAF4, 0x17FB, 0xF6FB, 0xF5FB, 0xF6FB, 0xF7FA, 0xDBFC, 0x17A3, 
  0xCE20, 0x1029, 0x1029, 0x1029, 0x1029, 0x1029, 0x1029, 0x1029, 0x1029, 0x1029, 0x1029, 0x1029, 0x1029, 0x1029, 0x1029, 0x1029, 
  0x1029, 0x1029, 0x1029, 0x1029, 0x1029, 0x1029, 0x1029, 0x1029, 0x1029, 0x1029, 0x1029, 0x1029, 0x1029, 0x1029, 0x1029, 0x1029, 
  0x1029, 0x1029, 0x1029, 0x1029, 0x1029, 0x1029, 0x1029, 0x1029, 0x1029, 0x1029, 0x1029, 0x1029, 0x1029, 0x1029, 0x1029, 0x1029, 
  0x1029, 0x1029, 0x1029, 0x1029, 0x1029, 0x1029, 0x1029, 0x1029, 0x1029, 0x1029, 0x1029, 0x1029, 0x1029, 0x1029, 0x1029, 0x1029, 
  0x1029, 0x1029, 0x1029, 0x1029, 0x1029, 0x1029, 0x1029, 0x1029, 0x1029, 0x1029, 0x1029, 0x1029, 0x1029, 0x1029, 0x1029, 0x1029, 
  0x1029, 0x1029, 0x1029, 0x1029, 0x1029, 0x1029, 0x1029, 0x1029, 0x1029, 0x1029, 0x1029, 0x1029, 0x1029, 0x1029, 0x1029, 0x1029, 
  0x1029, 0x1029, 0x1029, 0x1029, 0x1029, 0x1029, 0x1029, 0x1029, 0x1029, 0x1029, 0x1029, 0x1029, 0x1021, 0xF028, 0x0F29, 0x0F29, 
  0xCF38, 0x5BD5, 0x59FC, 0x96F3, 0xB6FB, 0xF5FB, 0xB7FB, 0xD7FA, 0x58EB, 0x3BF5, 0x7EFE, 0xDEFE, 0x1EFF, 0xBFFF, 0xFFFF, 0xFFFF, 
  0xDFFF, 0x7BED, 0x57FB, 0xB4F3, 0x8B7A, 0x4862, 0x897A, 0xEB82, 0x8A6A, 0xA96A, 0x695A, 0x485A, 0x4862, 0x896A, 0xAA72, 0xCB7A, 
  0x285A, 0x695A, 0x495A, 0x4962, 0x8A6A, 0x8A72, 0xAA72, 0x6962, 0x2852, 0x4852, 0x695A, 0x495A, 0x0852, 0x6A62, 0xAB6A, 0x0852, 
  0x8A5A, 0x6962, 0x2852, 0x485A, 0x695A, 0x4852, 0x695A, 0x4852, 0x284A, 0x4852, 0x0852, 0x695A, 0x4952, 0x284A, 0x495A, 0x6962, 
  0x285A, 0x695A, 0x4852, 0x4852, 0x495A, 0x0852, 0x8A62, 0xAA62, 0x0742, 0x284A, 0x4952, 0x0852, 0x0852, 0x8A62, 0x484A, 0x2852, 
  0x495A, 0x074A, 0x6962, 0xCB72, 0x8A62, 0x285A, 0x695A, 0x484A, 0x8A6A, 0x485A, 0xAA72, 0x8A6A, 0x284A, 0x083A, 0x494A, 0x084A, 
  0x2952, 0x8A62, 0x2852, 0x2852, 0x2852, 0x695A, 0x695A, 0xE849, 0x6952, 0x6952, 0x2852, 0x285A, 0x2852, 0x2852, 0xE741, 0xE741, 
  0x6952, 0x4852, 0x495A, 0xE859, 0x51C3, 0xF6FB, 0xB7F3, 0x9FFF, 0x5DFE, 0xF7F2, 0xD7FB, 0xD5FB, 0xD6FB, 0x37FB, 0x99FB, 0x58C3, 
  0xEF28, 0x1029, 0x1029, 0x1029, 0x1029, 0x1029, 0x1029, 0x1029, 0x1029, 0x1029, 0x1029, 0x1029, 0x1029, 0x1029, 0x1029, 0x1029, 
  0x1029, 0x1029, 0x1029, 0x1029, 0x1029, 0x1029, 0x1029, 0x1029, 0x1029, 0x1029, 0x1029, 0x1029, 0x1029, 0x1029, 0x1029, 0x1029, 
  0x1029, 0x1029, 0x1029, 0x1029, 0x1029, 0x1029, 0x1029, 0x1029, 0x1029, 0x1029, 0x1029, 0x1029, 0x1029, 0x1029, 0x1029, 0x1029, 
  0x1029, 0x1029, 0x1029, 0x1029, 0x1029, 0x1029, 0x1029, 0x1029, 0x1029, 0x1029, 0x1029, 0x1029, 0x1029, 0x1029, 0x1029, 0x1029, 
  0x1029, 0x1029, 0x1029, 0x1029, 0x1029, 0x1029, 0x1029, 0x1029, 0x1029, 0x1029, 0x1029, 0x1029, 0x1029, 0x1029, 0x1029, 0x1029, 
  0x1029, 0x1029, 0x1029, 0x1029, 0x1029, 0x1029, 0x1029, 0x1029, 0x1029, 0x1029, 0x1029, 0x1029, 0x1029, 0x1029, 0x1029, 0x1029, 
  0x1029, 0x1029, 0x1029, 0x1029, 0x1029, 0x1029, 0x1029, 0x1029, 0x1029, 0x1029, 0x1029, 0x1029, 0x1029, 0x1029, 0x1029, 0xEF20, 
  0x7151, 0x1BED, 0xB6F3, 0x96FB, 0xD5FB, 0xB6FB, 0xD8FA, 0xF9EB, 0x3EFF, 0xFFFF, 0xFFFF, 0xFFFF, 0xFFFF, 0xFEFF, 0xFEFF, 0xBFFF, 
  0xFFFF, 0xFFFF, 0x5AF4, 0xB7FB, 0x50B3, 0x496A, 0xCA82, 0x8A72, 0xCB7A, 0x8972, 0x4962, 0x6962, 0x8A6A, 0x8962, 0x6962, 0x6852, 
  0x695A, 0x2852, 0x2852, 0x495A, 0x6962, 0x285A, 0x6962, 0x485A, 0x2962, 0x8A72, 0x6962, 0x484A, 0x284A, 0x2852, 0x284A, 0x294A, 
  0x084A, 0x4962, 0x485A, 0x485A, 0x695A, 0x495A, 0x4952, 0x4952, 0x4952, 0x4952, 0x2852, 0x285A, 0x2852, 0x4852, 0x2852, 0x695A, 
  0x495A, 0x695A, 0x4952, 0x074A, 0xAA6A, 0x8A6A, 0x485A, 0x4852, 0x074A, 0x0852, 0x284A, 0x284A, 0x6A62, 0x284A, 0x0742, 0x0852, 
  0x695A, 0x485A, 0x8A62, 0x4962, 0x8A6A, 0x084A, 0x2852, 0x6962, 0x696A, 0x6A6A, 0x6A62, 0x2852, 0x084A, 0x084A, 0xE739, 0xE841, 
  0x284A, 0x484A, 0x2852, 0x284A, 0x284A, 0x8A5A, 0x084A, 0x695A, 0x495A, 0x485A, 0x8A62, 0x6962, 0x695A, 0x4852, 0xCB62, 0x495A, 
  0x4852, 0x4852, 0x4A6A, 0xAD9A, 0x15F4, 0x96FB, 0x39F4, 0xFFFF, 0x9FFF, 0x78F3, 0x97FB, 0xD6FB, 0xF5FB, 0x97FB, 0x18FB, 0xF8D2, 
  0xEF30, 0x1029, 0x1029, 0x1029, 0x1029, 0x1029, 0x1029, 0x1029, 0x1029, 0x1029, 0x1029, 0x1029, 0x1029, 0x1029, 0x1029, 0x1029, 
  0x1029, 0x1029, 0x1029, 0x1029, 0x1029, 0x1029, 0x1029, 0x1029, 0x1029, 0x1029, 0x1029, 0x1029, 0x1029, 0x1029, 0x1029, 0x1029, 
  0x1029, 0x1029, 0x1029, 0x1029, 0x1029, 0x1029, 0x1029, 0x1029, 0x1029, 0x1029, 0x1029, 0x1029, 0x1029, 0x1029, 0x1029, 0x1029, 
  0x1029, 0x1029, 0x1029, 0x1029, 0x1029, 0x1029, 0x1029, 0x1029, 0x1029, 0x1029, 0x1029, 0x1029, 0x1029, 0x1029, 0x1029, 0x1029, 
  0x1029, 0x1029, 0x1029, 0x1029, 0x1029, 0x1029, 0x1029, 0x1029, 0x1029, 0x1029, 0x1029, 0x1029, 0x1029, 0x1029, 0x1029, 0x1029, 
  0x1029, 0x1029, 0x1029, 0x1029, 0x1029, 0x1029, 0x1029, 0x1029, 0x1029, 0x1029, 0x1029, 0x1029, 0x1029, 0x1029, 0x1029, 0x1029, 
  0x1029, 0x1029, 0x1029, 0x1029, 0x1029, 0x1029, 0x1029, 0x1029, 0x1029, 0x1029, 0x1029, 0x1029, 0x0F29, 0x1029, 0x1029, 0xEF20, 
  0x7582, 0xFAFB, 0xB6FB, 0xF5FB, 0xD5FB, 0x18FB, 0x79F3, 0x5FFF, 0xFFFF, 0xFFFF, 0xFFFF, 0xFFFF, 0xFFFF, 0xFFFF, 0xFFFF, 0xFFF7, 
  0xFFF7, 0xFFFF, 0xDDFD, 0x56FB, 0xB4E3, 0x4A72, 0x485A, 0x695A, 0x6A62, 0x284A, 0x2852, 0x495A, 0xCA6A, 0x6962, 0x485A, 0xE741, 
  0x284A, 0x284A, 0x2852, 0x495A, 0x8A62, 0x285A, 0x6962, 0x4962, 0x8A6A, 0x8A6A, 0x495A, 0x695A, 0x484A, 0x6952, 0x495A, 0x4852, 
  0x495A, 0x6962, 0x6962, 0xAA6A, 0x2852, 0x6A5A, 0x084A, 0x695A, 0x4952, 0x4952, 0x495A, 0x4962, 0x6962, 0x695A, 0x4852, 0x2852, 
  0x4952, 0x084A, 0x284A, 0x2852, 0x285A, 0xAA6A, 0x4852, 0x495A, 0x695A, 0x6952, 0x084A, 0x484A, 0x295A, 0x284A, 0x684A, 0x695A, 
  0x6952, 0x695A, 0x495A, 0x495A, 0x0852, 0x084A, 0x284A, 0x4962, 0x6962, 0x295A, 0x4842, 0x273A, 0x284A, 0x4962, 0x494A, 0x2842, 
  0x084A, 0x484A, 0x2852, 0x284A, 0x284A, 0x2852, 0xE749, 0x695A, 0x695A, 0x2852, 0x6962, 0x6962, 0x8A6A, 0x6962, 0x8A6A, 0x4962, 
  0xAA6A, 0x895A, 0x6B7A, 0xF5EB, 0x16FC, 0x75FB, 0xBAFC, 0xFFFF, 0xFFFF, 0x7AF4, 0x17FB, 0xD6FB, 0xF5FB, 0xD6FB, 0xF8FA, 0x19EB, 
  0x9251, 0xEF20, 0x1029, 0x1029, 0x1029, 0x1029, 0x1029, 0x1029, 0x1029, 0x1029, 0x1029, 0x1029, 0x1029, 0x1029, 0x1029, 0x1029, 
  0x1029, 0x1029, 0x1029, 0x1029, 0x1029, 0x1029, 0x1029, 0x1029, 0x1029, 0x1029, 0x1029, 0x1029, 0x1029, 0x1029, 0x1029, 0x1029, 
  0x1029, 0x1029, 0x1029, 0x1029, 0x1029, 0x1029, 0x1029, 0x1029, 0x1029, 0x1029, 0x1029, 0x1029, 0x1029, 0x1029, 0x1029, 0x1029, 
  0x1029, 0x1029, 0x1029, 0x1029, 0x1029, 0x1029, 0x1029, 0x1029, 0x1029, 0x1029, 0x1029, 0x1029, 0x1029, 0x1029, 0x1029, 0x1029, 
  0x1029, 0x1029, 0x1029, 0x1029, 0x1029, 0x1029, 0x1029, 0x1029, 0x1029, 0x1029, 0x1029, 0x1029, 0x1029, 0x1029, 0x1029, 0x1029, 
  0x1029, 0x1029, 0x1029, 0x1029, 0x1029, 0x1029, 0x1029, 0x1029, 0x1029, 0x1029, 0x1029, 0x1029, 0x1029, 0x1029, 0x1029, 0x1029, 
  0x1029, 0x1029, 0x1029, 0x1029, 0x1029, 0x1029, 0x1029, 0x1029, 0x1029, 0x1029, 0x1029, 0x1029, 0x1029, 0x1029, 0x1029, 0xEF28, 
  0xB7BA, 0x57FB, 0xF6FB, 0xD6FB, 0x96FB, 0xF7F2, 0x3DF6, 0xFFFF, 0xDFFF, 0xFFFF, 0xFFFF, 0xFFFF, 0xFFFF, 0xFFFF, 0xFFFF, 0xFFFF, 
  0xFFFF, 0x5FFF, 0xD8F3, 0x96FB, 0xB3E3, 0x4962, 0x4862, 0x6962, 0x4A62, 0x2952, 0x2852, 0x4852, 0x4962, 0xAA6A, 0x285A, 0x8962, 
  0x695A, 0x695A, 0x695A, 0x6962, 0x6962, 0x6962, 0xAA7A, 0x696A, 0x4852, 0x695A, 0x2852, 0x495A, 0x2852, 0x285A, 0x496A, 0xAA7A, 
  0x896A, 0xAA6A, 0x495A, 0x0852, 0xE749, 0x284A, 0x2852, 0x485A, 0x495A, 0x084A, 0x284A, 0x495A, 0x6A62, 0x4852, 0x2852, 0x2852, 
  0x284A, 0x084A, 0x494A, 0x895A, 0x2852, 0x2852, 0x084A, 0x495A, 0x8A62, 0x284A, 0x284A, 0x4952, 0x2852, 0x4962, 0x6A62, 0x2852, 
  0x284A, 0x4962, 0x4962, 0x4852, 0x695A, 0x2852, 0x695A, 0x6962, 0xAA62, 0x695A, 0x484A, 0x285A, 0x8B7A, 0x4962, 0x0852, 0x4952, 
  0x695A, 0x696A, 0x8962, 0x495A, 0x2852, 0x285A, 0x495A, 0x6962, 0x8A72, 0x8B7A, 0x6A6A, 0x8A6A, 0x696A, 0x8A72, 0x4962, 0x495A, 
  0x495A, 0x495A, 0xE969, 0xD4EB, 0xF6FB, 0x75FB, 0x3BF5, 0xFFFF, 0xFFFF, 0xBCF5, 0xF7FA, 0xD6FB, 0xD5FB, 0xF6FB, 0x38FB, 0x3AFB, 
  0xD269, 0xCF20, 0x1029, 0x1029, 0x1029, 0x1029, 0x1029, 0x1029, 0x1029, 0x1029, 0x1029, 0x1029, 0x1029, 0x1029, 0x1029, 0x1029, 
  0x1029, 0x1029, 0x1029, 0x1029, 0x1029, 0x1029, 0x1029, 0x1029, 0x1029, 0x1029, 0x1029, 0x1029, 0x1029, 0x1029, 0x1029, 0x1029, 
  0x1029, 0x1029, 0x1029, 0x1029, 0x1029, 0x1029, 0x1029, 0x1029, 0x1029, 0x1029, 0x1029, 0x1029, 0x1029, 0x1029, 0x1029, 0x1029, 
  0x1029, 0x1029, 0x1029, 0x1029, 0x1029, 0x1029, 0x1029, 0x1029, 0x1029, 0x1029, 0x1029, 0x1029, 0x1029, 0x1029, 0x1029, 0x1029, 
  0x1029, 0x1029, 0x1029, 0x1029, 0x1029, 0x1029, 0x1029, 0x1029, 0x1029, 0x1029, 0x1029, 0x1029, 0x1029, 0x1029, 0x1029, 0x1029, 
  0x1029, 0x1029, 0x1029, 0x1029, 0x1029, 0x1029, 0x1029, 0x1029, 0x1029, 0x1029, 0x1029, 0x1029, 0x1029, 0x1029, 0x1029, 0x1029, 
  0x1029, 0x1029, 0x1029, 0x1029, 0x1029, 0x1029, 0x1029, 0x1029, 0x1029, 0x1029, 0x1029, 0x1029, 0x1029, 0x1029, 0xEF20, 0x7151, 
  0xF8F2, 0xB7FB, 0xD5FB, 0xD7FB, 0x17FB, 0x59EC, 0xDFFF, 0xFFFF, 0xFFFF, 0xFFFF, 0xFFFF, 0xFFFF, 0xFFFF, 0xFFFF, 0xFFFF, 0xFFFF, 
  0x3FFF, 0xF8EB, 0x75FB, 0x16FC, 0x31CB, 0x6A6A, 0x696A, 0x695A, 0x295A, 0x2852, 0x4952, 0x6962, 0x6962, 0xAA72, 0x696A, 0x485A, 
  0x695A, 0x495A, 0x6962, 0x6962, 0x485A, 0xAA72, 0x696A, 0x6972, 0xAB7A, 0x896A, 0x485A, 0x895A, 0x2952, 0x4962, 0xCB7A, 0xAA7A, 
  0x6962, 0x4852, 0x2852, 0x4952, 0x4952, 0x484A, 0x695A, 0x695A, 0xAA6A, 0x4852, 0x4952, 0x4852, 0x2852, 0x4952, 0x084A, 0x495A, 
  0x8A5A, 0xC741, 0x4852, 0x695A, 0x2852, 0x4952, 0x4952, 0x695A, 0x6A62, 0xE741, 0x284A, 0x4952, 0x495A, 0x6A6A, 0x4962, 0x074A, 
  0x495A, 0x6962, 0x285A, 0x4852, 0x495A, 0x4962, 0x485A, 0x6962, 0x6962, 0x2752, 0x695A, 0x8A7A, 0x0D9B, 0x2852, 0x695A, 0x495A, 
  0x6A6A, 0xCB82, 0x496A, 0x4962, 0x8962, 0x695A, 0x4962, 0xAA72, 0xAB7A, 0x2852, 0x4852, 0x2852, 0x4852, 0x8A6A, 0x6A6A, 0x8962, 
  0x485A, 0x8A62, 0x6B72, 0xD4EB, 0xD6FB, 0x75FB, 0xFBF4, 0xFFFF, 0xFFFF, 0xBEFE, 0x18F3, 0xB6FB, 0xD5FB, 0xF6FB, 0x77FB, 0x19FB, 
  0x7169, 0xEF20, 0x1029, 0x1029, 0x1029, 0x1029, 0x1029, 0x1029, 0x1029, 0x1029, 0x1029, 0x1029, 0x1029, 0x1029, 0x1029, 0x1029, 
  0x1029, 0x1029, 0x1029, 0x1029, 0x1029, 0x1029, 0x1029, 0x1029, 0x1029, 0x1029, 0x1029, 0x1029, 0x1029, 0x1029, 0x1029, 0x1029, 
  0x1029, 0x1029, 0x1029, 0x1029, 0x1029, 0x1029, 0x1029, 0x1029, 0x1029, 0x1029, 0x1029, 0x1029, 0x1029, 0x1029, 0x1029, 0x1029, 
  0x1029, 0x1029, 0x1029, 0x1029, 0x1029, 0x1029, 0x1029, 0x1029, 0x1029, 0x1029, 0x1029, 0x1029, 0x1029, 0x1029, 0x1029, 0x1029, 
  0x1029, 0x1029, 0x1029, 0x1029, 0x1029, 0x1029, 0x1029, 0x1029, 0x1029, 0x1029, 0x1029, 0x1029, 0x1029, 0x1029, 0x1029, 0x1029, 
  0x1029, 0x1029, 0x1029, 0x1029, 0x1029, 0x1029, 0x1029, 0x1029, 0x1029, 0x1029, 0x1029, 0x1029, 0x1029, 0x1029, 0x1029, 0x1029, 
  0x1029, 0x1029, 0x1029, 0x1029, 0x1029, 0x1029, 0xF028, 0x1029, 0x1029, 0x1029, 0x1029, 0x1029, 0x1029, 0x1031, 0xCF20, 0x548A, 
  0x98FB, 0xD6FB, 0xD6FB, 0xB6FB, 0xD7F2, 0x3DF6, 0xFFFF, 0xDFFF, 0xFFFF, 0xFFFF, 0xFFFF, 0xFFFF, 0xFFFF, 0xFFFF, 0xFFFF, 0xFFFF, 
  0xBBEC, 0x16FB, 0xD5FB, 0x17FC, 0x10B3, 0x4962, 0x6962, 0x4852, 0x4962, 0x8962, 0x2852, 0x495A, 0x284A, 0x6962, 0x6962, 0x4852, 
  0x6962, 0xCA6A, 0x2852, 0x4952, 0x4952, 0x495A, 0xCB82, 0xAB8A, 0x2C93, 0x8972, 0x6962, 0x285A, 0x8962, 0x495A, 0x284A, 0x6962, 
  0x4962, 0x074A, 0x4952, 0x2852, 0x4952, 0x084A, 0x495A, 0x8962, 0x495A, 0x284A, 0x2852, 0x2852, 0x284A, 0xE739, 0x284A, 0x4952, 
  0x284A, 0x284A, 0x695A, 0x2852, 0x2852, 0x495A, 0x2952, 0x495A, 0x4952, 0x284A, 0x495A, 0x495A, 0x4952, 0x284A, 0x284A, 0x084A, 
  0x485A, 0x696A, 0x6A72, 0x896A, 0x685A, 0x4852, 0x284A, 0x084A, 0x6A62, 0x695A, 0x6962, 0x0852, 0x6962, 0x4852, 0x484A, 0x2852, 
  0x895A, 0x2852, 0x495A, 0x8A6A, 0x4852, 0x0742, 0x4852, 0x6962, 0xCB82, 0x6962, 0x896A, 0x6A7A, 0x695A, 0x4852, 0x4862, 0x8A72, 
  0x8962, 0x4852, 0x6B7A, 0xD4F3, 0xF6FB, 0x75FB, 0x79F4, 0xFFFF, 0xFFFF, 0x5FFF, 0x78F3, 0x96FB, 0xF5FB, 0xD6FB, 0x96FB, 0x39FB, 
  0xD381, 0xCF20, 0x1029, 0x1029, 0xF028, 0x1029, 0x1029, 0x1029, 0x1029, 0x1029, 0x1029, 0x1029, 0x1029, 0x1029, 0x1029, 0x1029, 
  0x1029, 0x1029, 0x1029, 0x1029, 0x1029, 0x1029, 0x1029, 0x1029, 0x1029, 0x1029, 0x1029, 0x1029, 0x1029, 0x1029, 0x1029, 0x1029, 
  0x1029, 0x1029, 0x1029, 0x1029, 0x1029, 0x1029, 0x1029, 0x1029, 0x1029, 0x1029, 0x1029, 0x1029, 0x1029, 0x1029, 0x1029, 0x1029, 
  0x1029, 0x1029, 0x1029, 0x1029, 0x1029, 0x1029, 0x1029, 0x1029, 0x1029, 0x1029, 0x1029, 0x1029, 0x1029, 0x1029, 0x1029, 0x1029, 
  0x1029, 0x1029, 0x1029, 0x1029, 0x1029, 0x1029, 0x1029, 0x1029, 0x1029, 0x1029, 0x1029, 0x1029, 0x1029, 0x1029, 0x1029, 0x1029, 
  0x1029, 0x1029, 0x1029, 0x1029, 0x1029, 0x1029, 0x1029, 0x1029, 0x1029, 0x1029, 0x1029, 0x1029, 0x1029, 0x1029, 0x1029, 0x1029, 
  0x1029, 0x1029, 0x1029, 0x1029, 0x1029, 0x1029, 0x1029, 0x1029, 0x1029, 0x0F29, 0x0F29, 0x1029, 0x0F29, 0x1129, 0xF020, 0xF6BA, 
  0xF7FB, 0xD5FB, 0xF6FB, 0x56FB, 0xB8EB, 0x9FFF, 0xFFFF, 0xFFFF, 0xFFFF, 0xFFFF, 0xFFFF, 0xFFFF, 0xFFFF, 0xFFFF, 0xFFFF, 0x3EFF, 
  0x58EB, 0x97FB, 0xD5FB, 0xF7FB, 0x2FB3, 0x284A, 0x695A, 0x285A, 0x485A, 0x8A62, 0x6962, 0x695A, 0x4852, 0x696A, 0xEC92, 0xAA7A, 
  0x6962, 0x6962, 0x2852, 0x084A, 0x4952, 0x285A, 0x696A, 0x896A, 0x2752, 0x696A, 0xAA72, 0x6A6A, 0x6962, 0x2852, 0x074A, 0x4962, 
  0x8A72, 0x2962, 0x8A72, 0x8A62, 0x495A, 0x285A, 0x695A, 0x2852, 0x285A, 0x495A, 0x084A, 0x494A, 0x284A, 0x0842, 0x2952, 0x0842, 
  0xE739, 0x284A, 0x495A, 0x6952, 0x495A, 0x2962, 0x495A, 0x495A, 0x084A, 0x4952, 0x4952, 0x284A, 0x084A, 0x4852, 0x4962, 0xCB7A, 
  0x4962, 0x8A72, 0x6962, 0x485A, 0x6962, 0x4962, 0x095A, 0x8B72, 0x0962, 0x0852, 0x4962, 0x695A, 0x6952, 0x4852, 0x074A, 0x4972, 
  0x0D93, 0x695A, 0x284A, 0x8A6A, 0x2962, 0x4962, 0x8A5A, 0x284A, 0x2852, 0x496A, 0x695A, 0x695A, 0x4852, 0x684A, 0x895A, 0x485A, 
  0x2852, 0x284A, 0x2A6A, 0xD5F3, 0xF6FB, 0x76FB, 0x59F4, 0xFFFF, 0xFFFF, 0xDFFF, 0x19F4, 0x76FB, 0xF5FB, 0xD5FB, 0xB6FB, 0x58FB, 
  0x76A2, 0xEF20, 0x1029, 0x1029, 0x1029, 0x1029, 0x1029, 0x1029, 0x1029, 0x1029, 0x1029, 0x1029, 0x1029, 0x1029, 0x1029, 0x1029, 
  0x1029, 0x1029, 0x1029, 0x1029, 0x1029, 0x1029, 0x1029, 0x1029, 0x1029, 0x1029, 0x1029, 0x1029, 0x1029, 0x1029, 0x1029, 0x1029, 
  0x1029, 0x1029, 0x1029, 0x1029, 0x1029, 0x1029, 0x1029, 0x1029, 0x1029, 0x1029, 0x1029, 0x1029, 0x1029, 0x1029, 0x1029, 0x1029, 
  0x1029, 0x1029, 0x1029, 0x1029, 0x1029, 0x1029, 0x1029, 0x1029, 0x1029, 0x1029, 0x1029, 0x1029, 0x1029, 0x1029, 0x1029, 0x1029, 
  0x1029, 0x1029, 0x1029, 0x1029, 0x1029, 0x1029, 0x1029, 0x1029, 0x1029, 0x1029, 0x1029, 0x1029, 0x1029, 0x1029, 0x1029, 0x1029, 
  0x1029, 0x1029, 0x1029, 0x1029, 0x1029, 0x1029, 0x1029, 0x1029, 0x1029, 0x1029, 0x1029, 0x1029, 0x1029, 0x1029, 0x1029, 0x1029, 
  0x1029, 0x1029, 0x1029, 0x1029, 0x1029, 0x1029, 0x1029, 0x1029, 0x0F29, 0x1029, 0x1029, 0x1029, 0xF130, 0xCF18, 0xD161, 0xD7F3, 
  0xD5FB, 0xF5FB, 0xD6FB, 0xF7F2, 0x1BF5, 0xFFFF, 0xDFFF, 0xFFFF, 0xFFFF, 0xFFFF, 0xFFFF, 0xFFFF, 0xFFFF, 0xFEFF, 0xFFFF, 0x3BF5, 
  0xB8F2, 0x96FB, 0xD5FB, 0xF7FB, 0xCEA2, 0x2852, 0x8962, 0x8A72, 0x274A, 0x895A, 0x2852, 0x2852, 0x285A, 0x6972, 0x2EBB, 0x0DAB, 
  0x8A6A, 0xAA6A, 0x0852, 0x8A5A, 0x695A, 0x495A, 0x6962, 0xAA7A, 0xAA7A, 0xCB72, 0x8A6A, 0x4852, 0x284A, 0x495A, 0x4952, 0x8962, 
  0xEB7A, 0xCB72, 0x6A6A, 0x284A, 0x8962, 0x8A72, 0x695A, 0x2852, 0x695A, 0x495A, 0x484A, 0x6952, 0x2852, 0x2952, 0x4952, 0x2952, 
  0x495A, 0x495A, 0x495A, 0x6962, 0x6962, 0x8A62, 0x8A6A, 0x4852, 0x0852, 0x084A, 0x0842, 0x084A, 0xE749, 0x4852, 0x6962, 0x8A6A, 
  0x496A, 0x695A, 0x484A, 0x285A, 0xCC92, 0x72D3, 0x94EB, 0xD5F3, 0xD4EB, 0x92CB, 0xEEA2, 0x4A7A, 0x096A, 0x485A, 0x695A, 0x8A7A, 
  0x696A, 0x6A6A, 0x6962, 0x4852, 0x6A6A, 0x4962, 0x284A, 0x284A, 0x284A, 0x295A, 0x2852, 0x4852, 0x695A, 0x485A, 0x284A, 0x2952, 
  0x2852, 0x284A, 0x2A72, 0xD5F3, 0xF6FB, 0x76FB, 0xF9F3, 0xDFFF, 0xFFFF, 0xFFFF, 0xBAF4, 0x37FB, 0x16FC, 0xD5FB, 0xD6FB, 0x57FB, 
  0xB7C2, 0x0F29, 0x1029, 0x1029, 0x1029, 0x1029, 0x1029, 0x1029, 0x1029, 0x1029, 0x1029, 0x1029, 0x1029, 0x1029, 0x1029, 0x1029, 
  0x1029, 0x1029, 0x1029, 0x1029, 0x1029, 0x1029, 0x1029, 0x1029, 0x1029, 0x1029, 0x1029, 0x1029, 0x1029, 0x1029, 0x1029, 0x1029, 
  0x1029, 0x1029, 0x1029, 0x1029, 0x1029, 0x1029, 0x1029, 0x1029, 0x1029, 0x1029, 0x1029, 0x1029, 0x1029, 0x1029, 0x1029, 0x1029, 
  0x1029, 0x1029, 0x1029, 0x1029, 0x1029, 0x1029, 0x1029, 0x1029, 0x1029, 0x1029, 0x1029, 0x1029, 0x1029, 0x1029, 0x1029, 0x1029, 
  0x1029, 0x1029, 0x1029, 0x1029, 0x1029, 0x1029, 0x1029, 0x1029, 0x1029, 0x1029, 0x1029, 0x1029, 0x1029, 0x1029, 0x1029, 0x1029, 
  0x1029, 0x1029, 0x1029, 0x1029, 0x1029, 0x1029, 0x1029, 0x1029, 0x1029, 0x1029, 0x1029, 0x1029, 0x1029, 0x1029, 0x1029, 0x1029, 
  0x1029, 0x1029, 0x1029, 0x1029, 0x1029, 0x1029, 0x1029, 0x1029, 0x0F29, 0x1021, 0x3121, 0x1029, 0xCF28, 0x327A, 0xD6E3, 0xD5FB, 
  0xD5FB, 0xF6FB, 0xB7FB, 0xF7F2, 0x5DFE, 0xFFFF, 0xDFFF, 0xFFFF, 0xFFFF, 0xDFFF, 0xFFFF, 0xFFFF, 0xDFFF, 0xFFFF, 0xBEFE, 0x38F3, 
  0x18FB, 0xB6FB, 0xD6FB, 0xF6FB, 0xCD92, 0x696A, 0x896A, 0x8A6A, 0x8A6A, 0x495A, 0x284A, 0x2962, 0xAB72, 0x6962, 0x2C93, 0xAB8A, 
  0x6962, 0x0852, 0x495A, 0x485A, 0x2852, 0x6962, 0x8962, 0xAA72, 0x4862, 0x4852, 0x074A, 0x4862, 0xAA72, 0x495A, 0x4962, 0x6962, 
  0x285A, 0x695A, 0x0852, 0x6952, 0x895A, 0x696A, 0x4962, 0x6962, 0x2852, 0x084A, 0x484A, 0xE741, 0xE741, 0x2952, 0x6A5A, 0x2852, 
  0x284A, 0x695A, 0x495A, 0x2852, 0x695A, 0x4852, 0x2852, 0x0852, 0x284A, 0x494A, 0x695A, 0x695A, 0x6962, 0x696A, 0x6962, 0x896A, 
  0x6962, 0x895A, 0x295A, 0xAC92, 0xF5F3, 0xD7FB, 0x37FB, 0x37FB, 0x77F3, 0x56FB, 0xB6FB, 0xD5FB, 0x93E3, 0xCEA2, 0x4A62, 0x0852, 
  0x485A, 0x4852, 0x084A, 0x274A, 0x695A, 0x084A, 0x0742, 0x084A, 0x484A, 0x695A, 0x6962, 0x0852, 0x8A6A, 0x6962, 0x2952, 0x295A, 
  0x8A62, 0x2852, 0x8B7A, 0x15F4, 0xF6FB, 0x76FB, 0xD9F3, 0xBFFF, 0xFFFF, 0xFFFF, 0x7BF5, 0x17FB, 0x16FC, 0xD5FB, 0xD6FB, 0x57FB, 
  0x19DB, 0x5039, 0x0F21, 0xF028, 0x1029, 0x1029, 0x1029, 0x1029, 0x1029, 0x1029, 0x1029, 0x1029, 0x1029, 0x1029, 0x1029, 0x1029, 
  0x1029, 0x1029, 0x1029, 0x1029, 0x1029, 0x1029, 0x1029, 0x1029, 0x1029, 0x1029, 0x1029, 0x1029, 0x1029, 0x1029, 0x1029, 0x1029, 
  0x1029, 0x1029, 0x1029, 0x1029, 0x1029, 0x1029, 0x1029, 0x1029, 0x1029, 0x1029, 0x1029, 0x1029, 0x1029, 0x1029, 0x1029, 0x1029, 
  0x1029, 0x1029, 0x1029, 0x1029, 0x1029, 0x1029, 0x1029, 0x1029, 0x1029, 0x1029, 0x1029, 0x1029, 0x1029, 0x1029, 0x1029, 0x1029, 
  0x1029, 0x1029, 0x1029, 0x1029, 0x1029, 0x1029, 0x1029, 0x1029, 0x1029, 0x1029, 0x1029, 0x1029, 0x1029, 0x1029, 0x1029, 0x1029, 
  0x1029, 0x1029, 0x1029, 0x1029, 0x1029, 0x1029, 0x1029, 0x1029, 0x1029, 0x1029, 0x1029, 0x1029, 0x1029, 0x1029, 0x1029, 0x1029, 
  0x1029, 0x1029, 0x1029, 0x1029, 0x1029, 0x1029, 0x1029, 0x1029, 0x1029, 0x1121, 0xF028, 0xEE30, 0xD4A2, 0x18F4, 0xF5FB, 0xF5FB, 
  0xF6FB, 0xB6FB, 0x37FB, 0x39F3, 0x5FFF, 0xFFFF, 0xFFFF, 0xFFFF, 0xFFFF, 0xFFFF, 0xFFFF, 0xFFFF, 0xDFFF, 0x9EF6, 0xD8E3, 0xF7F2, 
  0x97FB, 0xD6FB, 0xD6FB, 0xF6FB, 0x8B82, 0x696A, 0x6962, 0x695A, 0xAB7A, 0x495A, 0x4952, 0x6A62, 0x8A6A, 0x6852, 0x274A, 0x2852, 
  0x6962, 0x8A62, 0x6962, 0x2852, 0x6962, 0x8A62, 0x695A, 0x284A, 0x2852, 0x495A, 0x695A, 0xAA72, 0xCB7A, 0x4962, 0x6A72, 0xAA72, 
  0x285A, 0x2852, 0x494A, 0x285A, 0x285A, 0x696A, 0xEC92, 0x485A, 0x2852, 0x695A, 0x695A, 0x695A, 0x6A62, 0x495A, 0x495A, 0x2852, 
  0x284A, 0x4952, 0x495A, 0x4852, 0x4852, 0xE749, 0x2852, 0x6852, 0x084A, 0x484A, 0x2852, 0x6962, 0xCA72, 0xAA72, 0x285A, 0x6962, 
  0x695A, 0x4952, 0x095A, 0x51CB, 0xF7FB, 0x16F3, 0x39F4, 0xBEFE, 0xDEFE, 0xFCF5, 0x79EC, 0x57F3, 0x57FB, 0x18FC, 0xB4EB, 0x8C8A, 
  0xE741, 0x284A, 0x284A, 0x4852, 0x895A, 0x4852, 0x284A, 0x284A, 0x284A, 0x285A, 0x495A, 0x4952, 0x6A62, 0x8962, 0x4952, 0x4952, 
  0x695A, 0x695A, 0x6B7A, 0x15FC, 0xD6FB, 0x76FB, 0x98F3, 0x9FFF, 0xFFFF, 0xFFFF, 0xFDF5, 0xF7F2, 0xF6FB, 0xD5FB, 0xB7FB, 0x77FB, 
  0x19DB, 0x3041, 0x0F21, 0xF030, 0x1029, 0x1029, 0x1029, 0x1029, 0x1029, 0x1029, 0x1029, 0x1029, 0x1029, 0x1029, 0x1029, 0x1029, 
  0x1029, 0x1029, 0x1029, 0x1029, 0x1029, 0x1029, 0x1029, 0x1029, 0x1029, 0x1029, 0x1029, 0x1029, 0x1029, 0x1029, 0x1029, 0x1029, 
  0x1029, 0x1029, 0x1029, 0x1029, 0x1029, 0x1029, 0x1029, 0x1029, 0x1029, 0x1029, 0x1029, 0x1029, 0x1029, 0x1029, 0x1029, 0x1029, 
  0x1029, 0x1029, 0x1029, 0x1029, 0x1029, 0x1029, 0x1029, 0x1029, 0x1029, 0x1029, 0x1029, 0x1029, 0x1029, 0x1029, 0x1029, 0x1029, 
  0x1029, 0x1029, 0x1029, 0x1029, 0x1029, 0x1029, 0x1029, 0x1029, 0x1029, 0x1029, 0x1029, 0x1029, 0x1029, 0x1029, 0x1029, 0x1029, 
  0x1029, 0x1029, 0x1029, 0x1029, 0x1029, 0x1029, 0x1029, 0x1029, 0x1029, 0x1029, 0x1029, 0x1029, 0x1029, 0x1029, 0x1029, 0x1029, 
  0x1029, 0x1029, 0x1029, 0x1029, 0x1029, 0x1029, 0x1029, 0xF028, 0x1029, 0x3021, 0xEF30, 0x14A3, 0x36FC, 0x36FC, 0xF6F3, 0xB5FB, 
  0xD6FB, 0x77FB, 0xF7FA, 0x38F3, 0x1CF6, 0x5FFF, 0x9FFF, 0x7FFF, 0x5FFF, 0x3EFF, 0xBDFE, 0xDCFD, 0x99EC, 0x57F3, 0x38FB, 0x97FB, 
  0xD5FB, 0xF5FB, 0xD5FB, 0x73E3, 0x8C8A, 0x8A7A, 0x6862, 0x485A, 0x485A, 0x495A, 0x4852, 0x4852, 0x074A, 0x6962, 0x6A6A, 0x495A, 
  0x285A, 0x495A, 0x695A, 0x8A62, 0x6962, 0x485A, 0x2852, 0x2852, 0x895A, 0x8A6A, 0x8A72, 0x896A, 0x696A, 0x696A, 0x2D93, 0xAA72, 
  0x6962, 0x2852, 0x484A, 0x6962, 0x896A, 0x896A, 0x0D9B, 0x6962, 0x695A, 0x485A, 0x2852, 0x695A, 0x485A, 0x695A, 0x8962, 0x4962, 
  0x8A6A, 0x8A62, 0x285A, 0x485A, 0x695A, 0x695A, 0x4952, 0x8A6A, 0x6962, 0x696A, 0x485A, 0xAA6A, 0x696A, 0x075A, 0xCB7A, 0x8A6A, 
  0x695A, 0x4852, 0x096A, 0xD4E3, 0xB7FB, 0xF7F2, 0xBEFE, 0xFFFF, 0xFFFF, 0xFFFF, 0xFFFF, 0xBEFE, 0x58EC, 0xF6F2, 0xB7FB, 0x36F4, 
  0x8C82, 0x084A, 0x084A, 0x2852, 0x495A, 0x6962, 0x2852, 0x2842, 0x084A, 0x695A, 0x6A62, 0x6A62, 0x084A, 0x2852, 0x4842, 0xE741, 
  0x4852, 0x485A, 0x8C82, 0xF6FB, 0xD6FB, 0x96FB, 0x78F3, 0x5FFF, 0xFFFF, 0xFFFF, 0x7DFE, 0x17F3, 0xD6FB, 0xD5FB, 0x96FB, 0x77FB, 
  0xF8DA, 0x0F41, 0x0F21, 0xF030, 0x1029, 0x1029, 0x1029, 0x1029, 0x1029, 0x1029, 0x1029, 0x1029, 0x1029, 0x1029, 0x1029, 0x1029, 
  0x1029, 0x1029, 0x1029, 0x1029, 0x1029, 0x1029, 0x1029, 0x1029, 0x1029, 0x1029, 0x1029, 0x1029, 0x1029, 0x1029, 0x1029, 0x1029, 
  0x1029, 0x1029, 0x1029, 0x1029, 0x1029, 0x1029, 0x1029, 0x1029, 0x1029, 0x1029, 0x1029, 0x1029, 0x1029, 0x1029, 0x1029, 0x1029, 
  0x1029, 0x1029, 0x1029, 0x1029, 0x1029, 0x1029, 0x1029, 0x1029, 0x1029, 0x1029, 0x1029, 0x1029, 0x1029, 0x1029, 0x1029, 0x1029, 
  0x1029, 0x1029, 0x1029, 0x1029, 0x1029, 0x1029, 0x1029, 0x1029, 0x1029, 0x1029, 0x1029, 0x1029, 0x1029, 0x1029, 0x1029, 0x1029, 
  0x1029, 0x1029, 0x1029, 0x1029, 0x1029, 0x1029, 0x1029, 0x1029, 0x1029, 0x1029, 0x1029, 0x1029, 0x1029, 0x1029, 0x1029, 0x1029, 
  0x1029, 0x1029, 0x1029, 0x1029, 0x1029, 0x1029, 0xF028, 0x1029, 0x2F29, 0xEF20, 0xD5A2, 0x16FC, 0xD5F3, 0x36FC, 0xF6FB, 0x97FB, 
  0x37FB, 0xF8FA, 0xF9FA, 0xF9FA, 0xD8FA, 0x39F3, 0xD9EB, 0x9AE4, 0x79E4, 0xF9E3, 0x99EB, 0x37F3, 0x37FB, 0x76FB, 0xB5FB, 0x95FB, 
  0xD5FB, 0xD6FB, 0xF6FB, 0xACA2, 0x6862, 0x6962, 0xAA6A, 0x695A, 0x695A, 0x8962, 0x2852, 0x4952, 0x695A, 0x084A, 0x4952, 0x695A, 
  0x4852, 0x4852, 0x4852, 0x695A, 0x695A, 0x8962, 0x495A, 0x4962, 0xAA72, 0xCB8A, 0x6962, 0x4852, 0x896A, 0xA972, 0x6862, 0x6962, 
  0x485A, 0x8A6A, 0x8962, 0x6952, 0x2852, 0x485A, 0x8A62, 0x2852, 0x8962, 0x6962, 0x8962, 0x4852, 0x495A, 0x495A, 0x495A, 0xAA6A, 
  0x6962, 0x6962, 0x6962, 0x695A, 0x495A, 0x8A62, 0x494A, 0x4962, 0x8A72, 0xCB82, 0x696A, 0x695A, 0x4852, 0x285A, 0x8A6A, 0x6962, 
  0x495A, 0x4952, 0xAC8A, 0xF5FB, 0x37FB, 0x78F3, 0x7FFF, 0xFFFF, 0xFFFF, 0xFFFF, 0xFFFF, 0xFFFF, 0xDFFF, 0xFBF4, 0xD7F2, 0xD7FB, 
  0xF4EB, 0x4A72, 0x4952, 0x4962, 0x4952, 0x2852, 0x6A6A, 0x4952, 0x284A, 0x4852, 0x8A62, 0x496A, 0x495A, 0x6A6A, 0x495A, 0x295A, 
  0x6962, 0x495A, 0x8B7A, 0xD5F3, 0xD6FB, 0xB6FB, 0x38F3, 0x1EFF, 0xFFFF, 0xFFFF, 0xDEFE, 0x38F3, 0xB6FB, 0xD6FB, 0xD6FB, 0x96FB, 
  0x18EB, 0x5151, 0x1021, 0x0F29, 0x1029, 0x1029, 0x1029, 0x1029, 0x1029, 0x1029, 0x1029, 0x1029, 0x1029, 0x1029, 0x1029, 0x1029, 
  0x1029, 0x1029, 0x1029, 0x1029, 0x1029, 0x1029, 0x1029, 0x1029, 0x1029, 0x1029, 0x1029, 0x1029, 0x1029, 0x1029, 0x1029, 0x1029, 
  0x1029, 0x1029, 0x1029, 0x1029, 0x1029, 0x1029, 0x1029, 0x1029, 0x1029, 0x1029, 0x1029, 0x1029, 0x1029, 0x1029, 0x1029, 0x1029, 
  0x1029, 0x1029, 0x1029, 0x1029, 0x1029, 0x1029, 0x1029, 0x1029, 0x1029, 0x1029, 0x1029, 0x1029, 0x1029, 0x1029, 0x1029, 0x1029, 
  0x1029, 0x1029, 0x1029, 0x1029, 0x1029, 0x1029, 0x1029, 0x1029, 0x1029, 0x1029, 0x1029, 0x1029, 0x1029, 0x1029, 0x1029, 0x1029, 
  0x1029, 0x1029, 0x1029, 0x1029, 0x1029, 0x1029, 0x1029, 0x1029, 0x1029, 0x1029, 0x1029, 0x1029, 0x1029, 0x1029, 0x1029, 0x1029, 
  0x1029, 0x1029, 0x1029, 0x1029, 0x1029, 0x1029, 0x1029, 0x0F31, 0xD020, 0x5382, 0x16FC, 0xD5FB, 0xD6FB, 0x96FB, 0x57FB, 0xF8FA, 
  0xD9FA, 0x18FB, 0x37FB, 0x57FB, 0x57FB, 0x38FB, 0x38F3, 0xD9F3, 0x3AFC, 0x9BF4, 0x1CF5, 0x7CF5, 0xBCF5, 0x9BF5, 0x1AED, 0x78F4, 
  0xF6F3, 0x96F3, 0x96FB, 0x53DB, 0xCEAA, 0x6B7A, 0x6962, 0x485A, 0x285A, 0xE741, 0x4952, 0x2952, 0x494A, 0x4952, 0x495A, 0x2852, 
  0x695A, 0x695A, 0x2852, 0x2852, 0x485A, 0x6962, 0x284A, 0x285A, 0x495A, 0x6962, 0x6A6A, 0x2EA3, 0x0DB3, 0xCB8A, 0x4852, 0x4852, 
  0x2842, 0x6A62, 0x4A62, 0x2952, 0x2952, 0x2852, 0x8A62, 0x4852, 0x4852, 0x895A, 0x4852, 0x2852, 0x4952, 0x4A5A, 0x2852, 0x474A, 
  0x274A, 0x284A, 0x4852, 0x2852, 0x2852, 0x274A, 0x484A, 0x485A, 0x075A, 0xA97A, 0x485A, 0x284A, 0x4852, 0x4952, 0x2852, 0x8A62, 
  0x4952, 0x0852, 0x0EAB, 0xF7FB, 0xF8FA, 0xD9F3, 0xBFFF, 0xFFFF, 0xFFFF, 0xFFFF, 0xFFFF, 0xFFFF, 0xFFFF, 0xFFFF, 0x7BF5, 0xF7F2, 
  0xF7FB, 0x92CB, 0x0962, 0xAB72, 0x4952, 0x4852, 0x8A72, 0x6962, 0x695A, 0x895A, 0x8A62, 0xAA6A, 0x6962, 0xCB7A, 0x285A, 0xCB7A, 
  0xEB8A, 0x685A, 0x4A72, 0x94EB, 0xD6FB, 0xB6FB, 0x38F3, 0xFEFE, 0xFFFF, 0xFFFF, 0x3FFF, 0x78F3, 0xB6FB, 0xD5FB, 0xD6FB, 0x97FB, 
  0x39FB, 0xB269, 0xEF20, 0x1029, 0x1029, 0x1029, 0x1029, 0x1029, 0x1029, 0x1029, 0x1029, 0x1029, 0x1029, 0x1029, 0x1029, 0x1029, 
  0x1029, 0x1029, 0x1029, 0x1029, 0x1029, 0x1029, 0x1029, 0x1029, 0x1029, 0x1029, 0x1029, 0x1029, 0x1029, 0x1029, 0x1029, 0x1029, 
  0x1029, 0x1029, 0x1029, 0x1029, 0x1029, 0x1029, 0x1029, 0x1029, 0x1029, 0x1029, 0x1029, 0x1029, 0x1029, 0x1029, 0x1029, 0x1029, 
  0x1029, 0x1029, 0x1029, 0x1029, 0x1029, 0x1029, 0x1029, 0x1029, 0x1029, 0x1029, 0x1029, 0x1029, 0x1029, 0x1029, 0x1029, 0x1029, 
  0x1029, 0x1029, 0x1029, 0x1029, 0x1029, 0x1029, 0x1029, 0x1029, 0x1029, 0x1029, 0x1029, 0x1029, 0x1029, 0x1029, 0x1029, 0x1029, 
  0x1029, 0x1029, 0x1029, 0x1029, 0x1029, 0x1029, 0x1029, 0x1029, 0x1029, 0x1029, 0x1029, 0x1029, 0x1029, 0x1029, 0x1029, 0x1029, 
  0x1029, 0x1029, 0x1029, 0x1029, 0x1029, 0x1029, 0x3029, 0xAF20, 0xF369, 0x17F4, 0xF5FB, 0x96FB, 0x37F3, 0x19FB, 0xD9FA, 0x18FB, 
  0x77FB, 0x96FB, 0xB6FB, 0xD5FB, 0xD5FB, 0xD6FB, 0xB6FB, 0x95FB, 0x95FB, 0x96FB, 0xB6FB, 0xB6F3, 0xF7F3, 0x79FC, 0x3BF5, 0xDCF5, 
  0x1CF6, 0xBBED, 0x1BF5, 0x7AFC, 0x58FC, 0xF6EB, 0x74DB, 0x12CB, 0xD0B2, 0x8D92, 0x6A72, 0x2862, 0x0852, 0x284A, 0x0742, 0x285A, 
  0x4952, 0x4952, 0x4A5A, 0x295A, 0x2952, 0x2952, 0x4952, 0x6952, 0x2852, 0x495A, 0x2852, 0xCC8A, 0x4FD3, 0xCB92, 0x2962, 0x2962, 
  0x495A, 0x2752, 0x896A, 0x896A, 0xAA62, 0x495A, 0x295A, 0x495A, 0x495A, 0x6962, 0x695A, 0x2852, 0x085A, 0x285A, 0x095A, 0x2A6A, 
  0x2B72, 0x0B7A, 0x2C8A, 0x6D9A, 0xAEA2, 0x6D9A, 0x4D92, 0xAEA2, 0x8EA2, 0x8EAA, 0x8EAA, 0xCE9A, 0x8B7A, 0x6A72, 0x496A, 0x4862, 
  0xE859, 0x6B8A, 0xD3EB, 0xB7FB, 0xD8FA, 0xD9F3, 0xBFFF, 0xFFFF, 0xFFFF, 0xFFFF, 0xFFFF, 0xFFFF, 0xFFFF, 0xFFFF, 0xFFFF, 0x1BED, 
  0x17F3, 0x16FC, 0x51C3, 0x2962, 0x695A, 0x284A, 0x274A, 0x485A, 0x2852, 0x6962, 0x4962, 0x8962, 0x696A, 0x896A, 0x495A, 0x6A72, 
  0x696A, 0x485A, 0x4A6A, 0xB4EB, 0xF6FB, 0xB6FB, 0x37EB, 0xDEF6, 0xFFFF, 0xFFFF, 0x7FFF, 0x98EB, 0xB6FB, 0xD5FB, 0xD6FB, 0x97FB, 
  0x1AFB, 0x1482, 0xCF20, 0x1029, 0x1021, 0x1029, 0x1029, 0x1029, 0x1029, 0x1029, 0x1029, 0x1029, 0x1029, 0x1029, 0x1029, 0x1029, 
  0x1029, 0x1029, 0x1029, 0x1029, 0x1029, 0x1029, 0x1029, 0x1029, 0x1029, 0x1029, 0x1029, 0x1029, 0x1029, 0x1029, 0x1029, 0x1029, 
  0x1029, 0x1029, 0x1029, 0x1029, 0x1029, 0x1029, 0x1029, 0x1029, 0x1029, 0x1029, 0x1029, 0x1029, 0x1029, 0x1029, 0x1029, 0x1029, 
  0x1029, 0x1029, 0x1029, 0x1029, 0x1029, 0x1029, 0x1029, 0x1029, 0x1029, 0x1029, 0x1029, 0x1029, 0x1029, 0x1029, 0x1029, 0x1029, 
  0x1029, 0x1029, 0x1029, 0x1029, 0x1029, 0x1029, 0x1029, 0x1029, 0x1029, 0x1029, 0x1029, 0x1029, 0x1029, 0x1029, 0x1029, 0x1029, 
  0x1029, 0x1029, 0x1029, 0x1029, 0x1029, 0x1029, 0x1029, 0x1029, 0x1029, 0x1029, 0x1029, 0x1029, 0x1029, 0x1029, 0x1029, 0x1029, 
  0x1029, 0x1029, 0x1029, 0x1029, 0x1029, 0x1029, 0xCF20, 0xD159, 0xD6EB, 0xD6FB, 0x16F3, 0xF8F3, 0xBAF3, 0xF8F2, 0x37FB, 0x97FB, 
  0xD6FB, 0xD6FB, 0xD6FB, 0xD6FB, 0xD6FB, 0xD6FB, 0xF7FB, 0x16FC, 0x16F4, 0xB5EB, 0xB5F3, 0xD6FB, 0xB5FB, 0x95FB, 0x95FB, 0x95F3, 
  0xF7FB, 0xB9FC, 0x3AF5, 0xBBFD, 0xBCFD, 0x9DF5, 0x7CFD, 0x3BFD, 0xDAF4, 0x58EC, 0xB6EB, 0x54DB, 0xF1BA, 0x8E9A, 0x6B7A, 0x6A72, 
  0x085A, 0x2852, 0x284A, 0x2842, 0x484A, 0x284A, 0x8A6A, 0x6A72, 0x6A6A, 0x4962, 0x6952, 0x0752, 0x696A, 0x285A, 0x70BB, 0x14FC, 
  0xCDAA, 0xEA7A, 0x485A, 0x285A, 0x4852, 0x0852, 0x4962, 0x285A, 0x2972, 0x8C92, 0x8D9A, 0xCFAA, 0xF0B2, 0x53CB, 0xD5DB, 0x57E4, 
  0xB8EC, 0xF9F4, 0x3AF5, 0x7BF5, 0x7BFD, 0x7BFD, 0x5BFD, 0x5BFD, 0x1AF5, 0xB9F4, 0x79F4, 0xF8F3, 0x97F3, 0xB6F3, 0x95EB, 0x94DB, 
  0xB4DB, 0xF5F3, 0xD6FB, 0x77F3, 0xF8FA, 0x78F3, 0x5FFF, 0xFFFF, 0xFFFF, 0xFFFF, 0xFFFF, 0xFFFF, 0xFFFF, 0xFFFF, 0xFFFF, 0xBFFF, 
  0xD9F3, 0x56FB, 0x16FC, 0xEEA2, 0x0852, 0x285A, 0x8962, 0xAA6A, 0x485A, 0x695A, 0x695A, 0x6962, 0x4962, 0x6962, 0x4E9B, 0x6A6A, 
  0x284A, 0x4852, 0x6A62, 0x93DB, 0xD6FB, 0xB6FB, 0x37F3, 0xDEF6, 0xFFFF, 0xFFFF, 0x7FFF, 0x98EB, 0xB6FB, 0xF5FB, 0xD6FB, 0x96F3, 
  0x19FB, 0xD389, 0xCF20, 0x1029, 0x1029, 0x1029, 0x1029, 0x1029, 0x1029, 0x1029, 0x1029, 0x1029, 0x1029, 0x1029, 0x1029, 0x1029, 
  0x1029, 0x1029, 0x1029, 0x1029, 0x1029, 0x1029, 0x1029, 0x1029, 0x1029, 0x1029, 0x1029, 0x1029, 0x1029, 0x1029, 0x1029, 0x1029, 
  0x1029, 0x1029, 0x1029, 0x1029, 0x1029, 0x1029, 0x1029, 0x1029, 0x1029, 0x1029, 0x1029, 0x1029, 0x1029, 0x1029, 0x1029, 0x1029, 
  0x1029, 0x1029, 0x1029, 0x1029, 0x1029, 0x1029, 0x1029, 0x1029, 0x1029, 0x1029, 0x1029, 0x1029, 0x1029, 0x1029, 0x1029, 0x1029, 
  0x1029, 0x1029, 0x1029, 0x1029, 0x1029, 0x1029, 0x1029, 0x1029, 0x1029, 0x1029, 0x1029, 0x1029, 0x1029, 0x1029, 0x1029, 0x1029, 
  0x1029, 0x1029, 0x1029, 0x1029, 0x1029, 0x1029, 0x1029, 0x1029, 0x1029, 0x1029, 0x1029, 0x1029, 0x1029, 0x1029, 0x1029, 0x1029, 
  0x1029, 0x1029, 0x1029, 0x1029, 0x1029, 0xF020, 0x5041, 0xD6D3, 0xF6FB, 0x37EB, 0x7BF5, 0x5EFE, 0x78EB, 0x76FB, 0xD6FB, 0xB6FB, 
  0xB6FB, 0xD6FB, 0xF7FB, 0xD5FB, 0xB4F3, 0xB4E3, 0x72D3, 0x0FB3, 0x8C9A, 0x6DAA, 0x73E3, 0xD6FB, 0xB6FB, 0xD6FB, 0xF6FB, 0xD6FB, 
  0x52DB, 0x10C3, 0x11D3, 0x32DB, 0x94E3, 0xF5EB, 0x57EC, 0xFAF4, 0x7BFD, 0xDCFD, 0xFDFD, 0xDCFD, 0x3BF5, 0x99FC, 0xF7F3, 0x75E3, 
  0x12CB, 0xF0BA, 0x4C92, 0x4A72, 0x2962, 0x2752, 0x4862, 0xCB7A, 0x6962, 0x8A72, 0x485A, 0x695A, 0x4852, 0x0752, 0x296A, 0xCC92, 
  0x0A72, 0x4A72, 0x4B82, 0x6C8A, 0x8D9A, 0xF0B2, 0x11C3, 0x73D3, 0x16E4, 0x98EC, 0x5AF5, 0xDCFD, 0x5EFE, 0x7EFE, 0x7EFE, 0x5EFE, 
  0x1DFE, 0xDDFD, 0x9CFD, 0x7BFD, 0x7BFD, 0x7BFD, 0x5BFD, 0x7BFD, 0x5BFD, 0x1BFD, 0xFBFC, 0x9BF4, 0x18FB, 0xD7FA, 0x18FB, 0x59FB, 
  0x58FB, 0x57FB, 0x18FB, 0x17F3, 0xF9FA, 0xD8F2, 0x7DFE, 0xFFFF, 0xDFFF, 0xFFFF, 0xFFFF, 0xFFFF, 0xFFFF, 0xFFFF, 0xDFFF, 0xFFFF, 
  0xDDF5, 0xD7F2, 0xF5FB, 0xB4EB, 0x6A6A, 0x285A, 0x695A, 0xCB7A, 0x8A6A, 0x4962, 0x485A, 0x4852, 0x8A6A, 0x8A62, 0x0862, 0x2852, 
  0x8962, 0x8A72, 0x4A6A, 0x31C3, 0xF6FB, 0xB6FB, 0x37F3, 0xBEF6, 0xFFFF, 0xFFFF, 0x5FFF, 0x78F3, 0xB6FB, 0xD5FB, 0xF6FB, 0x96F3, 
  0x39FB, 0xF389, 0xEF20, 0x1029, 0x1029, 0x1029, 0x1029, 0x1029, 0x1029, 0x1029, 0x1029, 0x1029, 0x1029, 0x1029, 0x1029, 0x1029, 
  0x1029, 0x1029, 0x1029, 0x1029, 0x1029, 0x1029, 0x1029, 0x1029, 0x1029, 0x1029, 0x1029, 0x1029, 0x1029, 0x1029, 0x1029, 0x1029, 
  0x1029, 0x1029, 0x1029, 0x1029, 0x1029, 0x1029, 0x1029, 0x1029, 0x1029, 0x1029, 0x1029, 0x1029, 0x1029, 0x1029, 0x1029, 0x1029, 
  0x1029, 0x1029, 0x1029, 0x1029, 0x1029, 0x1029, 0x1029, 0x1029, 0x1029, 0x1029, 0x1029, 0x1029, 0x1029, 0x1029, 0x1029, 0x1029, 
  0x1029, 0x1029, 0x1029, 0x1029, 0x1029, 0x1029, 0x1029, 0x1029, 0x1029, 0x1029, 0x1029, 0x1029, 0x1029, 0x1029, 0x1029, 0x1029, 
  0x1029, 0x1029, 0x1029, 0x1029, 0x1029, 0x1029, 0x1029, 0x1029, 0x1029, 0x1029, 0x1029, 0x1029, 0x1029, 0x1029, 0x1029, 0x1029, 
  0x1029, 0x1029, 0x1029, 0x1029, 0x1021, 0x1029, 0x56C3, 0xF7FB, 0x37F3, 0x1DF6, 0x7FFF, 0x97EB, 0x56FB, 0xF7FB, 0xB6FB, 0xB5FB, 
  0xF5FB, 0xD5FB, 0x30C3, 0xEDA2, 0x6A72, 0x085A, 0x0852, 0x0862, 0x2FBB, 0x16FC, 0xD7FB, 0x97FB, 0xB6FB, 0xD5FB, 0xF5FB, 0xD5FB, 
  0x74EB, 0x31C3, 0xCFBA, 0xAD9A, 0xAC92, 0x6B8A, 0x6C92, 0x4DA2, 0x8FB2, 0x31CB, 0x16EC, 0xB8FC, 0x9BFD, 0x1DFE, 0x3EFE, 0xFCFD, 
  0x9CF5, 0xDBFC, 0x79FC, 0xD6EB, 0x73DB, 0x31C3, 0xEFAA, 0xAC92, 0xAB82, 0xAC92, 0x8B8A, 0x6B7A, 0xAD92, 0x8D9A, 0xAEAA, 0xD0B2, 
  0x32CB, 0xB5DB, 0x78EC, 0x1AF5, 0xBCFD, 0x1CFE, 0x7DFE, 0xDFFE, 0xFFFE, 0xBFFE, 0x5DFE, 0xBCFD, 0x1AF5, 0x58EC, 0xD5E3, 0x93D3, 
  0xF1BA, 0xAFB2, 0xAFAA, 0xAFAA, 0x8EAA, 0x8EAA, 0x8FB2, 0x8FAA, 0xB0B2, 0xD1C2, 0x12D3, 0x74DB, 0x96F3, 0x98FB, 0x58FB, 0xF8FA, 
  0xD8FA, 0xF9FA, 0xDAFA, 0xF8FA, 0xF8FA, 0xB9FA, 0x99EC, 0xFFFF, 0xFFFF, 0xFFFF, 0xFFFF, 0xFFFF, 0xFFFF, 0xFFFF, 0xDFFF, 0xFFFF, 
  0xDBF4, 0xD7F2, 0xF6FB, 0xD4EB, 0x4A5A, 0x4842, 0x085A, 0x6B82, 0x8B7A, 0x6B7A, 0x6B72, 0x496A, 0x2862, 0x485A, 0x696A, 0xAA72, 
  0xAA7A, 0x696A, 0x496A, 0xB3E3, 0xD5FB, 0xB6FB, 0x17F3, 0xBEF6, 0xFFFF, 0xFFFF, 0xFEFE, 0x58F3, 0xD6FB, 0xD5FB, 0xD6FB, 0x96F3, 
  0x9CFC, 0xB6A2, 0xEF20, 0x1029, 0xF028, 0x1029, 0x1029, 0x1029, 0x1029, 0x1029, 0x1029, 0x1029, 0x1029, 0x1029, 0x1029, 0x1029, 
  0x1029, 0x1029, 0x1029, 0x1029, 0x1029, 0x1029, 0x1029, 0x1029, 0x1029, 0x1029, 0x1029, 0x1029, 0x1029, 0x1029, 0x1029, 0x1029, 
  0x1029, 0x1029, 0x1029, 0x1029, 0x1029, 0x1029, 0x1029, 0x1029, 0x1029, 0x1029, 0x1029, 0x1029, 0x1029, 0x1029, 0x1029, 0x1029, 
  0x1029, 0x1029, 0x1029, 0x1029, 0x1029, 0x1029, 0x1029, 0x1029, 0x1029, 0x1029, 0x1029, 0x1029, 0x1029, 0x1029, 0x1029, 0x1029, 
  0x1029, 0x1029, 0x1029, 0x1029, 0x1029, 0x1029, 0x1029, 0x1029, 0x1029, 0x1029, 0x1029, 0x1029, 0x1029, 0x1029, 0x1029, 0x1029, 
  0x1029, 0x1029, 0x1029, 0x1029, 0x1029, 0x1029, 0x1029, 0x1029, 0x1029, 0x1029, 0x1029, 0x1029, 0x1029, 0x1029, 0x1029, 0x1029, 
  0x1029, 0xF028, 0x1029, 0x1029, 0xEF18, 0xB492, 0x17FC, 0x17F3, 0xDCF5, 0xFFFF, 0x19EC, 0x36FB, 0xD6FB, 0xD6FB, 0xB6FB, 0xD6FB, 
  0xD3E3, 0x8B8A, 0x6972, 0xCB82, 0x285A, 0x284A, 0x0852, 0xAD92, 0x16FC, 0x77FB, 0xF7F2, 0xF9FA, 0xF9FA, 0x56FB, 0xB6FB, 0xD6FB, 
  0xF6FB, 0x17FC, 0x16FC, 0x16FC, 0xD5F3, 0xB4EB, 0x92D3, 0x30BB, 0xCEA2, 0x6C8A, 0x6DA2, 0x6DAA, 0x6DAA, 0x11C3, 0x94DB, 0x16E4, 
  0xB8EC, 0xF9F4, 0xFAF4, 0xDBF4, 0x5BFC, 0x9AFB, 0x58FB, 0x77FB, 0x77FB, 0x56F3, 0x76EB, 0xD6EB, 0x17EC, 0x99F4, 0x1BFD, 0x7CFD, 
  0xFDFD, 0x3DFE, 0x5EFE, 0x5EFE, 0xFDFD, 0x7BFD, 0xFAF4, 0x78EC, 0xF6EB, 0x74DB, 0x11CB, 0xCFB2, 0x6CA2, 0xAC92, 0x296A, 0x285A, 
  0x074A, 0x284A, 0x2852, 0x495A, 0x0852, 0x485A, 0x0852, 0x2852, 0x0852, 0x4862, 0x4862, 0x6A72, 0x4A72, 0xCD9A, 0x72CB, 0x96FB, 
  0x58FB, 0xF8FA, 0xD8FA, 0x19F3, 0xF9FA, 0xF8FA, 0xF7F2, 0xFBF4, 0xBFFF, 0xFFFF, 0xFFFF, 0xFFFF, 0xFFFF, 0xFFFF, 0xFFFF, 0x7DF6, 
  0x17EB, 0x57FB, 0x17FC, 0x72D3, 0x0752, 0xE851, 0xEEA2, 0xD3EB, 0xF5F3, 0x16FC, 0xD5FB, 0x94E3, 0xEFAA, 0x6A7A, 0x696A, 0xAA6A, 
  0x696A, 0x4962, 0x8B7A, 0xD5F3, 0xD6FB, 0xD6FB, 0x37EB, 0xBEF6, 0xFFFF, 0xFFFF, 0x3DFE, 0x17F3, 0xF7FB, 0xF5FB, 0xD5FB, 0x96F3, 
  0xDCF5, 0x38CB, 0xF030, 0x1021, 0xF028, 0xF028, 0x1029, 0x1029, 0x1029, 0x1029, 0x1029, 0x1029, 0x1029, 0x1029, 0x1029, 0x1029, 
  0x1029, 0x1029, 0x1029, 0x1029, 0x1029, 0x1029, 0x1029, 0x1029, 0x1029, 0x1029, 0x1029, 0x1029, 0x1029, 0x1029, 0x1029, 0x1029, 
  0x1029, 0x1029, 0x1029, 0x1029, 0x1029, 0x1029, 0x1029, 0x1029, 0x1029, 0x1029, 0x1029, 0x1029, 0x1029, 0x1029, 0x1029, 0x1029, 
  0x1029, 0x1029, 0x1029, 0x1029, 0x1029, 0x1029, 0x1029, 0x1029, 0x1029, 0x1029, 0x1029, 0x1029, 0x1029, 0x1029, 0x1029, 0x1029, 
  0x1029, 0x1029, 0x1029, 0x1029, 0x1029, 0x1029, 0x1029, 0x1029, 0x1029, 0x1029, 0x1029, 0x1029, 0x1029, 0x1029, 0x1029, 0x1029, 
  0x1029, 0x1029, 0x1029, 0x1029, 0x1029, 0x1029, 0x1029, 0x1029, 0x1029, 0x1029, 0x1029, 0x1029, 0x1029, 0x1029, 0x1029, 0x1029, 
  0x1029, 0x2F21, 0x3029, 0xCF18, 0x1272, 0x37FC, 0x55F3, 0xDBF4, 0xFFFF, 0xFAF4, 0xF7FA, 0xD6FB, 0xD6FB, 0xB6FB, 0xF6FB, 0xB4E3, 
  0x6B7A, 0x285A, 0x2862, 0x695A, 0x8A6A, 0x2852, 0x295A, 0xB3D3, 0xB6FB, 0x39F4, 0x7CF5, 0xF7FA, 0xF9FA, 0x18FB, 0x18FB, 0x76FB, 
  0xD5FB, 0xD4FB, 0xD5FB, 0xD6FB, 0xF6FB, 0xF6FB, 0xF6FB, 0xF7FB, 0x17FC, 0x17FC, 0xD4EB, 0x93DB, 0x32C3, 0x51C3, 0x8DB2, 0x8EB2, 
  0xB0BA, 0xF2DA, 0x95FB, 0x96FB, 0xD7F3, 0xB7EB, 0x57FB, 0x18FB, 0x18FB, 0x38F3, 0xDAFB, 0x5CF4, 0x9BF4, 0xBAF4, 0xBAF4, 0x99F4, 
  0x58F4, 0xF7EB, 0x76E3, 0x14D3, 0xD2BA, 0xAFAA, 0x6D9A, 0x6B82, 0x8A82, 0x6972, 0x8A72, 0x8A72, 0x285A, 0x4852, 0x084A, 0x484A, 
  0x484A, 0x2852, 0x695A, 0x4852, 0x6A5A, 0x4952, 0x4842, 0x8962, 0xAB82, 0xC96A, 0xA96A, 0x895A, 0x284A, 0x2752, 0x4962, 0x6C7A, 
  0x51BB, 0xF6FB, 0x77FB, 0x18F3, 0xF9FA, 0xF9FA, 0xF9FA, 0xD7F2, 0xF8F3, 0xFCF5, 0x5FFF, 0xDFFF, 0xDFFF, 0xBEFF, 0x3CF6, 0x58EB, 
  0x17FB, 0xB6FB, 0xF7FB, 0xEEA2, 0x296A, 0x50BB, 0xF7FB, 0xB6FB, 0x97FB, 0x56FB, 0x76FB, 0xF7FB, 0x17FC, 0xD5F3, 0xEFAA, 0x2962, 
  0x485A, 0x495A, 0x8C92, 0x16FC, 0xF5FB, 0xD6FB, 0x38EB, 0xDEF6, 0xFFFF, 0xFFFF, 0x3BF5, 0x36FB, 0xF6FB, 0xF5FB, 0xD5FB, 0xB7F3, 
  0x3DF6, 0x98D3, 0x1041, 0x1021, 0x1029, 0x1029, 0x1029, 0x1029, 0x1029, 0x1029, 0x1029, 0x1029, 0x1029, 0x1029, 0x1029, 0x1029, 
  0x1029, 0x1029, 0x1029, 0x1029, 0x1029, 0x1029, 0x1029, 0x1029, 0x1029, 0x1029, 0x1029, 0x1029, 0x1029, 0x1029, 0x1029, 0x1029, 
  0x1029, 0x1029, 0x1029, 0x1029, 0x1029, 0x1029, 0x1029, 0x1029, 0x1029, 0x1029, 0x1029, 0x1029, 0x1029, 0x1029, 0x1029, 0x1029, 
  0x1029, 0x1029, 0x1029, 0x1029, 0x1029, 0x1029, 0x1029, 0x1029, 0x1029, 0x1029, 0x1029, 0x1029, 0x1029, 0x1029, 0x1029, 0x1029, 
  0x1029, 0x1029, 0x1029, 0x1029, 0x1029, 0x1029, 0x1029, 0x1029, 0x1029, 0x1029, 0x1029, 0x1029, 0x1029, 0x1029, 0x1029, 0x1029, 
  0x1029, 0x1029, 0x1029, 0x1029, 0x1029, 0x1029, 0x1029, 0x1029, 0x1029, 0x1029, 0x1029, 0x1029, 0x1029, 0x1029, 0x1029, 0x1029, 
  0x0F29, 0x1029, 0xF028, 0x5149, 0xD7DB, 0xB5FB, 0xB7EB, 0x9FFF, 0x7DF6, 0x17EB, 0xB7FB, 0xF5F3, 0xD6F3, 0xD6FB, 0xB4F3, 0x6B7A, 
  0x4852, 0x2852, 0x8A62, 0x2852, 0x2952, 0xC749, 0x6B72, 0x16FC, 0x36F3, 0x5DF6, 0x9EFE, 0xD8F2, 0xF8FA, 0xF9FA, 0x18FB, 0x97FB, 
  0xD5FB, 0xF5FB, 0xD6FB, 0x96FB, 0x95FB, 0x95FB, 0x95FB, 0xB5FB, 0xD5FB, 0xF6FB, 0xF6FB, 0xF6FB, 0xF6FB, 0x16FC, 0x16FC, 0xF6FB, 
  0xF5EB, 0xD5F3, 0xF6FB, 0xF6FB, 0xF6FB, 0xF6FB, 0xD6FB, 0xD6FB, 0xB6FB, 0x96FB, 0x96FB, 0x95FB, 0x96FB, 0x76FB, 0x76FB, 0x75F3, 
  0xF1CA, 0xAEA2, 0x6B82, 0x096A, 0xE859, 0x0852, 0xC749, 0xE751, 0xAB7A, 0xAB7A, 0xE759, 0x285A, 0x295A, 0x2A6A, 0x6B7A, 0x8C82, 
  0x8C82, 0x4B7A, 0x2962, 0x284A, 0x074A, 0x2852, 0x695A, 0x2862, 0x8A72, 0x6A72, 0x4962, 0x495A, 0x285A, 0x8962, 0x6862, 0x2852, 
  0x4852, 0x6A7A, 0x51CB, 0xD7FB, 0x38FB, 0xD8FA, 0xF8FA, 0xF8FA, 0xD8FA, 0xF8F2, 0x59F3, 0xD9F3, 0xF9FB, 0xB9EB, 0xF8EA, 0xB9FA, 
  0x77FB, 0xF6FB, 0xB3EB, 0x0A72, 0xEFAA, 0xF6FB, 0xD5FB, 0x77FB, 0x17EB, 0xF9F3, 0xD8F3, 0xF6F2, 0x56FB, 0xF6FB, 0x16FC, 0x73E3, 
  0x6B82, 0x4962, 0x51CB, 0xF6FB, 0xB5FB, 0xB6FB, 0x58F3, 0x1EFF, 0xFFFF, 0xBFFF, 0xF8F3, 0x76FB, 0xF6FB, 0xF5FB, 0xB5FB, 0xD7F3, 
  0x9EFE, 0x1AE4, 0x7251, 0xEF20, 0x1029, 0x1029, 0x1029, 0x1029, 0x1029, 0x1029, 0x1029, 0x1029, 0x1029, 0x1029, 0x1029, 0x1029, 
  0x1029, 0x1029, 0x1029, 0x1029, 0x1029, 0x1029, 0x1029, 0x1029, 0x1029, 0x1029, 0x1029, 0x1029, 0x1029, 0x1029, 0x1029, 0x1029, 
  0x1029, 0x1029, 0x1029, 0x1029, 0x1029, 0x1029, 0x1029, 0x1029, 0x1029, 0x1029, 0x1029, 0x1029, 0x1029, 0x1029, 0x1029, 0x1029, 
  0x1029, 0x1029, 0x1029, 0x1029, 0x1029, 0x1029, 0x1029, 0x1029, 0x1029, 0x1029, 0x1029, 0x1029, 0x1029, 0x1029, 0x1029, 0x1029, 
  0x1029, 0x1029, 0x1029, 0x1029, 0x1029, 0x1029, 0x1029, 0x1029, 0x1029, 0x1029, 0x1029, 0x1029, 0x1029, 0x1029, 0x1029, 0x1029, 
  0x1029, 0x1029, 0x1029, 0x1029, 0x1029, 0x1029, 0x1029, 0x1029, 0x1029, 0x1029, 0x1029, 0x1029, 0x1029, 0x1029, 0x1029, 0x1029, 
  0x0F29, 0x1131, 0xCE20, 0xD4A2, 0x37FC, 0x36F3, 0xFDF5, 0xBFFF, 0xB7EB, 0x96FB, 0xF6FB, 0xD5FB, 0xD6FB, 0xF5FB, 0x8D92, 0x0852, 
  0x696A, 0x6A6A, 0x695A, 0x4962, 0x495A, 0x2852, 0x0FAB, 0xF6FB, 0x98F3, 0xBFFF, 0xDCF5, 0x99F2, 0x17FB, 0x57FB, 0xB7FB, 0xD6FB, 
  0xB6FB, 0xB7FB, 0xF7F3, 0x57F4, 0x77F4, 0x58F4, 0x36EC, 0xD5F3, 0x94FB, 0x95FB, 0xB6FB, 0xD6FB, 0xB5FB, 0x76FB, 0x38FB, 0x38FB, 
  0x37FB, 0x57FB, 0x77F3, 0x76FB, 0x76FB, 0x76FB, 0x96FB, 0xB6FB, 0xB6FB, 0xB5FB, 0xD5FB, 0xF5FB, 0x15FC, 0x15FC, 0xF6FB, 0xD6FB, 
  0x95F3, 0xB4EB, 0xF5EB, 0xD4EB, 0xB4EB, 0x92D3, 0x51CB, 0x11D3, 0x2CAA, 0x4C8A, 0xAF9A, 0x12BB, 0x73DB, 0xD4EB, 0xD3E3, 0x92D3, 
  0x51C3, 0x50BB, 0x71C3, 0x50BB, 0xAD92, 0x6B72, 0x2852, 0xE741, 0x2952, 0xAB72, 0x085A, 0x495A, 0x2852, 0xAA6A, 0xAA7A, 0x8A72, 
  0x8A6A, 0x495A, 0x4862, 0xCD9A, 0xB4DB, 0xB8FB, 0xF8FA, 0xD8FA, 0x19FB, 0x19FB, 0x38FB, 0x17FB, 0xF7FA, 0xD8FA, 0xF8FA, 0x56FB, 
  0xD6FB, 0xF7FB, 0x93E3, 0xCFBA, 0xF6FB, 0xB6FB, 0xB7FB, 0x16F3, 0x7CF5, 0xFFFF, 0xBFFF, 0x9CF5, 0x39F3, 0x37F3, 0xB6FB, 0xF7FB, 
  0xD4EB, 0x10BB, 0xD5FB, 0xD6FB, 0xD5FB, 0x96FB, 0x98F3, 0x7EFF, 0xFFFF, 0xDEFE, 0x37F3, 0xD6FB, 0xF6FB, 0xF5FB, 0xD6FB, 0xD7F3, 
  0xFEFE, 0x39E4, 0x3151, 0xEF20, 0x1029, 0x1029, 0x1029, 0x1029, 0x1029, 0x1029, 0x1029, 0x1029, 0x1029, 0x1029, 0x1029, 0x1029, 
  0x1029, 0x1029, 0x1029, 0x1029, 0x1029, 0x1029, 0x1029, 0x1029, 0x1029, 0x1029, 0x1029, 0x1029, 0x1029, 0x1029, 0x1029, 0x1029, 
  0x1029, 0x1029, 0x1029, 0x1029, 0x1029, 0x1029, 0x1029, 0x1029, 0x1029, 0x1029, 0x1029, 0x1029, 0x1029, 0x1029, 0x1029, 0x1029, 
  0x1029, 0x1029, 0x1029, 0x1029, 0x1029, 0x1029, 0x1029, 0x1029, 0x1029, 0x1029, 0x1029, 0x1029, 0x1029, 0x1029, 0x1029, 0x1029, 
  0x1029, 0x1029, 0x1029, 0x1029, 0x1029, 0x1029, 0x1029, 0x1029, 0x1029, 0x1029, 0x1029, 0x1029, 0x1029, 0x1029, 0x1029, 0x1029, 
  0x1029, 0x1029, 0x1029, 0x1029, 0x1029, 0x1029, 0x1029, 0x1029, 0x1029, 0x1029, 0x1029, 0x1029, 0x1029, 0x1029, 0x1029, 0x1029, 
  0x1029, 0xEF20, 0xB051, 0x17EC, 0x75FB, 0xF8EB, 0xDFFF, 0xFBF4, 0x36F3, 0x15FC, 0xB6FB, 0xB5FB, 0x16FC, 0xEFAA, 0x485A, 0x8962, 
  0x8A7A, 0x8A6A, 0x4962, 0x6962, 0x695A, 0x4A72, 0xD4EB, 0x96FB, 0x9AEC, 0xFFFF, 0x3AF4, 0xD8F2, 0xB7FB, 0x16FC, 0xD6FB, 0x95EB, 
  0x55EB, 0x36E3, 0xD7E3, 0x5AF5, 0xBBED, 0x3DF6, 0x7DFE, 0x9EFE, 0x1CFE, 0x1AFD, 0x37F4, 0xB5F3, 0xB5FB, 0x97FB, 0x37FB, 0x18FB, 
  0xF9FA, 0xF9FA, 0xF9FA, 0xD9FA, 0xD8FA, 0xF8FA, 0xF8FA, 0xF8FA, 0x18FB, 0x38FB, 0x37FB, 0x57FB, 0x58FB, 0x98FB, 0xD7FB, 0xD5FB, 
  0xF5FB, 0xF6FB, 0xF6FB, 0xD6FB, 0xB6FB, 0xB6FB, 0x17FC, 0xB9FC, 0x5AF5, 0x9CFD, 0x19F4, 0x55E3, 0x11C3, 0xCC92, 0x4972, 0x0852, 
  0x084A, 0x2962, 0x2A6A, 0x6B82, 0x31C3, 0xB4E3, 0x92CB, 0x8E92, 0x0A62, 0x2852, 0x896A, 0xAA6A, 0x8A62, 0x6962, 0xAA7A, 0xAA72, 
  0x8A72, 0x8A72, 0x6962, 0x074A, 0x285A, 0x30BB, 0xD6FB, 0x56FB, 0xF8FA, 0x19FB, 0x37FB, 0x96FB, 0xD7FB, 0xB7FB, 0x96FB, 0xF5FB, 
  0xD6FB, 0xD6FB, 0xF6FB, 0xF6FB, 0xD5FB, 0xD7FB, 0xF8FA, 0x59F4, 0xDFFF, 0xFFFF, 0xFFFF, 0xFFFF, 0xBDFE, 0x38F3, 0x18F3, 0xD6FB, 
  0xF5FB, 0x16FC, 0xD6FB, 0xB6FB, 0xD5FB, 0x97FB, 0x19F4, 0xDFFF, 0xFFFF, 0x9BF5, 0x17FB, 0xF6FB, 0xD5FB, 0xD5FB, 0xD6FB, 0xD6EB, 
  0x1EFF, 0x9AEC, 0x3051, 0x0F21, 0x1029, 0x1029, 0x1029, 0x1029, 0x1029, 0x1029, 0x1029, 0x1029, 0x1029, 0x1029, 0x1029, 0x1029, 
  0x1029, 0x1029, 0x1029, 0x1029, 0x1029, 0x1029, 0x1029, 0x1029, 0x1029, 0x1029, 0x1029, 0x1029, 0x1029, 0x1029, 0x1029, 0x1029, 
  0x1029, 0x1029, 0x1029, 0x1029, 0x1029, 0x1029, 0x1029, 0x1029, 0x1029, 0x1029, 0x1029, 0x1029, 0x1029, 0x1029, 0x1029, 0x1029, 
  0x1029, 0x1029, 0x1029, 0x1029, 0x1029, 0x1029, 0x1029, 0x1029, 0x1029, 0x1029, 0x1029, 0x1029, 0x1029, 0x1029, 0x1029, 0x1029, 
  0x1029, 0x1029, 0x1029, 0x1029, 0x1029, 0x1029, 0x1029, 0x1029, 0x1029, 0x1029, 0x1029, 0x1029, 0x1029, 0x1029, 0x1029, 0x1029, 
  0x1029, 0x1029, 0x1029, 0x1029, 0x1029, 0x1029, 0x1029, 0x1029, 0x1029, 0x1029, 0x1029, 0x1029, 0x1029, 0x1029, 0x1029, 0x1029, 
  0x1129, 0xEE28, 0x35B3, 0xF7FB, 0x15F3, 0x3CFE, 0xBDFE, 0x17F3, 0xD7FB, 0xD5FB, 0xD6FB, 0xF7FB, 0x51C3, 0xE959, 0x695A, 0x696A, 
  0xAA6A, 0x8A6A, 0x8A72, 0xAA62, 0x2852, 0xEEAA, 0xF7FB, 0x36F3, 0x5BF5, 0xFDF5, 0xD7F2, 0xB7FB, 0xD4EB, 0x0FBB, 0xCD9A, 0x4A72, 
  0x085A, 0x6A62, 0x4A72, 0x6B82, 0x4A72, 0xAB7A, 0x4E9B, 0x90AB, 0xB5D4, 0x99E5, 0x1CF6, 0xBCFD, 0x59F4, 0x96FB, 0xB7FB, 0x58FB, 
  0x38FB, 0x18FB, 0xF8FA, 0xF9FA, 0xF9FA, 0xF9FA, 0xF9FA, 0xF8FA, 0xD9FA, 0xF9FA, 0xF9FA, 0xD9FA, 0xD9FA, 0xF8FA, 0x18FB, 0x78FB, 
  0x76FB, 0x95FB, 0xB5F3, 0x16F4, 0x19F5, 0x5CFE, 0xFEFE, 0x9DF6, 0x38DD, 0x92B3, 0xCD8A, 0x6A72, 0x085A, 0x2852, 0x4962, 0x896A, 
  0x695A, 0x4852, 0x4852, 0x2842, 0x074A, 0x2A6A, 0x50BB, 0xD5F3, 0x95F3, 0x11BB, 0x6B82, 0x075A, 0x6962, 0xAA7A, 0x8972, 0x6962, 
  0x6962, 0x685A, 0x6962, 0x0D8B, 0x6A6A, 0x285A, 0x0EAB, 0xF6FB, 0x58FB, 0xD8FA, 0xF8FA, 0xF8FA, 0x38FB, 0xB6FB, 0xF6FB, 0xB6FB, 
  0xB6FB, 0xD5FB, 0xD5FB, 0xD6FB, 0xD6FB, 0x77FB, 0xF7EA, 0xBEFE, 0xFFFF, 0xDFFF, 0xDFFF, 0xFFF7, 0xFFFF, 0x9CF5, 0xD7F2, 0x77FB, 
  0xF5FB, 0xD5FB, 0xB6FB, 0xD6FB, 0xF6FB, 0x17F3, 0xDBF4, 0xFFFF, 0xFFFF, 0x59F4, 0x57FB, 0xF5FB, 0xF5FB, 0xF6FB, 0xD6FB, 0xD6F3, 
  0x5EFF, 0x1CF5, 0xB261, 0xEF20, 0x1029, 0x1029, 0x1029, 0x1029, 0x1029, 0x1029, 0x1029, 0x1029, 0x1029, 0x1029, 0x1029, 0x1029, 
  0x1029, 0x1029, 0x1029, 0x1029, 0x1029, 0x1029, 0x1029, 0x1029, 0x1029, 0x1029, 0x1029, 0x1029, 0x1029, 0x1029, 0x1029, 0x1029, 
  0x1029, 0x1029, 0x1029, 0x1029, 0x1029, 0x1029, 0x1029, 0x1029, 0x1029, 0x1029, 0x1029, 0x1029, 0x1029, 0x1029, 0x1029, 0x1029, 
  0x1029, 0x1029, 0x1029, 0x1029, 0x1029, 0x1029, 0x1029, 0x1029, 0x1029, 0x1029, 0x1029, 0x1029, 0x1029, 0x1029, 0x1029, 0x1029, 
  0x1029, 0x1029, 0x1029, 0x1029, 0x1029, 0x1029, 0x1029, 0x1029, 0x1029, 0x1029, 0x1029, 0x1029, 0x1029, 0x1029, 0x1029, 0x1029, 
  0x1029, 0x1029, 0x1029, 0x1029, 0x1029, 0x1029, 0x1029, 0x1029, 0x1029, 0x1029, 0x1029, 0x1029, 0x1029, 0x1029, 0x1029, 0x1029, 
  0xF020, 0x3049, 0xF6DB, 0x96FB, 0xD8F3, 0x3FFF, 0xD8EB, 0x76FB, 0xF6FB, 0xB6FB, 0xF7FB, 0x93DB, 0x2962, 0x4852, 0x6962, 0x896A, 
  0x896A, 0x696A, 0x8962, 0x896A, 0x4962, 0x72D3, 0xF8FB, 0x37F3, 0x59F3, 0x37F3, 0xB8FB, 0x72CB, 0x6A7A, 0x896A, 0xCA7A, 0x896A, 
  0x485A, 0x8962, 0x4852, 0x6962, 0x485A, 0x8A72, 0x8A7A, 0x275A, 0x075A, 0x497A, 0x4C92, 0x52C3, 0xD7EB, 0x57FB, 0x37FB, 0x57FB, 
  0x58FB, 0x38FB, 0xF8FA, 0xF8FA, 0xF9FA, 0xF9FA, 0xF9FA, 0xF8FA, 0xD9FA, 0xF8FA, 0xF9FA, 0xF9FA, 0x18FB, 0x38FB, 0xD8FA, 0xB8F2, 
  0x57EB, 0xF9F4, 0x9DFE, 0x7FFF, 0xFEFE, 0xB8DD, 0xF1B3, 0x8C82, 0xC859, 0x285A, 0x485A, 0x485A, 0x8962, 0x2852, 0x296A, 0xAA6A, 
  0x4852, 0x0852, 0x6962, 0x895A, 0x285A, 0x0852, 0x896A, 0x2972, 0xCFB2, 0x97EB, 0xDAF4, 0x91A3, 0x4A82, 0xCB8A, 0x696A, 0x495A, 
  0x4852, 0x484A, 0x4962, 0xEC8A, 0x496A, 0x485A, 0x2752, 0x6A7A, 0x73D3, 0x98FB, 0xF7FA, 0xF9FA, 0xF9FA, 0x17FB, 0xB6FB, 0xD6FB, 
  0xD6FB, 0xD5FB, 0xD5FB, 0xF5FB, 0xD6FB, 0xF8FA, 0x39EC, 0xFFFF, 0xFFFF, 0xFFFF, 0xFFFF, 0xFFFF, 0xFFFF, 0x5EFF, 0x58F3, 0x37FB, 
  0xD6FB, 0xB5FB, 0xD6FB, 0xD6FB, 0xD6FB, 0xF7F2, 0xFCF5, 0xFFFF, 0x7FFF, 0x98F3, 0xB6FB, 0xF5FB, 0xD6FB, 0xD6FB, 0xD5FB, 0xB6F3, 
  0x5FFF, 0x9CFD, 0xB279, 0xEF20, 0x3029, 0x0F29, 0x1029, 0x1029, 0x1029, 0x1029, 0x1029, 0x1029, 0x1029, 0x1029, 0x1029, 0x1029, 
  0x1029, 0x1029, 0x1029, 0x1029, 0x1029, 0x1029, 0x1029, 0x1029, 0x1029, 0x1029, 0x1029, 0x1029, 0x1029, 0x1029, 0x1029, 0x1029, 
  0x1029, 0x1029, 0x1029, 0x1029, 0x1029, 0x1029, 0x1029, 0x1029, 0x1029, 0x1029, 0x1029, 0x1029, 0x1029, 0x1029, 0x1029, 0x1029, 
  0x1029, 0x1029, 0x1029, 0x1029, 0x1029, 0x1029, 0x1029, 0x1029, 0x1029, 0x1029, 0x1029, 0x1029, 0x1029, 0x1029, 0x1029, 0x1029, 
  0x1029, 0x1029, 0x1029, 0x1029, 0x1029, 0x1029, 0x1029, 0x1029, 0x1029, 0x1029, 0x1029, 0x1029, 0x1029, 0x1029, 0x1029, 0x1029, 
  0x1029, 0x1029, 0x1029, 0x1029, 0x1029, 0x1029, 0x1029, 0x1029, 0x1029, 0x1029, 0x1029, 0x1029, 0x1029, 0x1029, 0x1029, 0x1029, 
  0xCF20, 0x547A, 0x37FC, 0x16F3, 0xBCF5, 0x3BF5, 0x16FB, 0xD6FB, 0xD5FB, 0xF6FB, 0xD5F3, 0x6B7A, 0x2852, 0x4962, 0x8A6A, 0x896A, 
  0x6962, 0x695A, 0x695A, 0x6962, 0x4A7A, 0xD5F3, 0xB7FB, 0x17FB, 0xF7FA, 0xB8FB, 0x92D3, 0x6A7A, 0x8972, 0x8A6A, 0x6962, 0xAA62, 
  0x6962, 0xAA7A, 0x8A6A, 0xAB7A, 0x8A72, 0x8972, 0xEB82, 0xAA72, 0x6A72, 0x2FBB, 0xEFC2, 0x52D3, 0x94EB, 0xD6FB, 0xB6FB, 0xB6FB, 
  0x96FB, 0x77FB, 0x37FB, 0x38FB, 0x18FB, 0xF8FA, 0xF8FA, 0xF9FA, 0x18FB, 0xF9FA, 0xD9FA, 0x38FB, 0x77FB, 0xD8FA, 0x18F3, 0x3BF5, 
  0x3FFF, 0x5FFF, 0xD9E5, 0xD1A3, 0x6B72, 0xE859, 0x0852, 0xE741, 0xAB72, 0xCB82, 0xAA72, 0x285A, 0x2852, 0x8A62, 0x4962, 0xAB82, 
  0x6962, 0x2852, 0x8A62, 0x695A, 0x8A72, 0xEC7A, 0x4952, 0xE851, 0x0952, 0x2A6A, 0xD4C3, 0x7EFE, 0xFAE5, 0x2FA3, 0x4A7A, 0x485A, 
  0x695A, 0x695A, 0x4952, 0x0752, 0xAB7A, 0xEC82, 0x084A, 0xE741, 0x0852, 0x0FAB, 0xD7FB, 0x18FB, 0xF9FA, 0xF9FA, 0x37FB, 0xD5FB, 
  0xD6FB, 0xD6FB, 0xD5FB, 0xF6FB, 0xB6FB, 0xD8FA, 0x9CF5, 0xFFFF, 0xFFFF, 0xFFFF, 0xFFFF, 0xDFFF, 0xFFFF, 0xBFFF, 0xDAF3, 0xF7FA, 
  0xD6FB, 0xD6FB, 0xD6FB, 0xD5FB, 0xB6FB, 0x17F3, 0xDEFE, 0xFFFF, 0xFEFE, 0x57F3, 0xD6FB, 0xF6FB, 0xD6FB, 0xD6FB, 0xD6FB, 0xB6F3, 
  0x1EFF, 0xFDFD, 0x5492, 0xEF20, 0x1029, 0x0F29, 0x1029, 0x1029, 0x1029, 0x1029, 0x1029, 0x1029, 0x1029, 0x1029, 0x1029, 0x1029, 
  0x1029, 0x1029, 0x1029, 0x1029, 0x1029, 0x1029, 0x1029, 0x1029, 0x1029, 0x1029, 0x1029, 0x1029, 0x1029, 0x1029, 0x1029, 0x1029, 
  0x1029, 0x1029, 0x1029, 0x1029, 0x1029, 0x1029, 0x1029, 0x1029, 0x1029, 0x1029, 0x1029, 0x1029, 0x1029, 0x1029, 0x1029, 0x1029, 
  0x1029, 0x1029, 0x1029, 0x1029, 0x1029, 0x1029, 0x1029, 0x1029, 0x1029, 0x1029, 0x1029, 0x1029, 0x1029, 0x1029, 0x1029, 0x1029, 
  0x1029, 0x1029, 0x1029, 0x1029, 0x1029, 0x1029, 0x1029, 0x1029, 0x1029, 0x1029, 0x1029, 0x1029, 0x1029, 0x1029, 0x1029, 0x1029, 
  0x1029, 0x1029, 0x1029, 0x1029, 0x1029, 0x1029, 0x1029, 0x1029, 0x1029, 0x1029, 0x1029, 0x1029, 0x1029, 0x1029, 0x1029, 0x1029, 
  0xEF30, 0x75C3, 0xB7FB, 0xD8F3, 0xBCF5, 0x36F3, 0xD6FB, 0xD5FB, 0xB5FB, 0x16FC, 0xCEA2, 0x485A, 0x8A6A, 0x6962, 0x6962, 0x8962, 
  0x485A, 0x695A, 0x495A, 0x4962, 0x8C8A, 0xF6FB, 0xB6FB, 0x37FB, 0xD8FB, 0x52CB, 0x6972, 0xC96A, 0x896A, 0x495A, 0x6A62, 0x495A, 
  0x2962, 0xAA7A, 0x6962, 0x896A, 0xCA7A, 0x896A, 0x696A, 0x4A7A, 0x71CB, 0xF5FB, 0x16FC, 0xF6FB, 0xD6FB, 0x96FB, 0x96FB, 0x96FB, 
  0xB6FB, 0xB6FB, 0xD6FB, 0xD6FB, 0x97FB, 0x57FB, 0x18FB, 0xF9FA, 0x18FB, 0xF9FA, 0xF8FA, 0x97FB, 0x17F3, 0x78EB, 0xBEF6, 0xBFFF, 
  0x38DD, 0xED8A, 0xA759, 0x8741, 0x284A, 0x6A62, 0x2852, 0x0842, 0xCB72, 0x8B7A, 0xAA6A, 0x495A, 0x495A, 0x495A, 0x495A, 0xAA72, 
  0x695A, 0xAB72, 0x2962, 0x4962, 0x8962, 0x2862, 0x484A, 0x4952, 0x2852, 0x485A, 0xC751, 0xCE92, 0xDBED, 0x3FFF, 0x74BC, 0x086A, 
  0x6A6A, 0x8A62, 0x4842, 0x484A, 0x6A6A, 0x6A6A, 0x0852, 0x2952, 0x685A, 0x085A, 0xAE9A, 0xD7F3, 0x38FB, 0xF8FA, 0xF8FA, 0x37FB, 
  0xD6FB, 0xF6FB, 0xD6FB, 0xD6FB, 0x96FB, 0xD8FA, 0x9DFE, 0xFFFF, 0xDFFF, 0xFFFF, 0xFFFF, 0xFFFF, 0xFFFF, 0xDFFF, 0xFAF3, 0xF7FA, 
  0xD6FB, 0xD5FB, 0xD6FB, 0xD5FB, 0x96FB, 0x79F3, 0x7FFF, 0xFFFF, 0x9DF6, 0x37F3, 0xF5FB, 0xD5FB, 0xD6FB, 0xD6FB, 0xF6FB, 0x96F3, 
  0xFEF6, 0x7EFE, 0x3492, 0xCF20, 0x1029, 0x1029, 0x1029, 0x1029, 0x1029, 0x1029, 0x1029, 0x1029, 0x1029, 0x1029, 0x1029, 0x1029, 
  0x1029, 0x1029, 0x1029, 0x1029, 0x1029, 0x1029, 0x1029, 0x1029, 0x1029, 0x1029, 0x1029, 0x1029, 0x1029, 0x1029, 0x1029, 0x1029, 
  0x1029, 0x1029, 0x1029, 0x1029, 0x1029, 0x1029, 0x1029, 0x1029, 0x1029, 0x1029, 0x1029, 0x1029, 0x1029, 0x1029, 0x1029, 0x1029, 
  0x1029, 0x1029, 0x1029, 0x1029, 0x1029, 0x1029, 0x1029, 0x1029, 0x1029, 0x1029, 0x1029, 0x1029, 0x1029, 0x1029, 0x1029, 0x1029, 
  0x1029, 0x1029, 0x1029, 0x1029, 0x1029, 0x1029, 0x1029, 0x1029, 0x1029, 0x1029, 0x1029, 0x1029, 0x1029, 0x1029, 0x1029, 0x1029, 
  0x1029, 0x1029, 0x1029, 0x1029, 0x1029, 0x1029, 0x1029, 0x1029, 0x1029, 0x1029, 0x1029, 0x1029, 0x1029, 0x1029, 0x1029, 0xCF20, 
  0xD259, 0x16FC, 0x36FB, 0x3BF4, 0xD9F3, 0x97FB, 0xD5FB, 0xD6F3, 0x16FC, 0x12CB, 0x095A, 0x695A, 0x8962, 0x6962, 0x6962, 0xAA72, 
  0x8A6A, 0x8A72, 0x6962, 0x495A, 0xCD92, 0xF6FB, 0x16FC, 0x16F4, 0x0FB3, 0x0962, 0xAB72, 0x6962, 0x695A, 0x4852, 0x284A, 0x695A, 
  0x4972, 0xAB82, 0xA96A, 0x485A, 0x695A, 0x285A, 0xAD92, 0xB3DB, 0xF6FB, 0xD6FB, 0xD6FB, 0xB6FB, 0xD6FB, 0x96FB, 0x57FB, 0x17FB, 
  0xF8FA, 0xF8FA, 0x37F3, 0xB8F3, 0xB7F3, 0xB7F3, 0x58FB, 0xF8FA, 0xD9FA, 0xD9FA, 0xB7FB, 0x57FB, 0x38F3, 0xFEFE, 0x7FFF, 0x92BB, 
  0x2972, 0x8972, 0x8A6A, 0x695A, 0x285A, 0xAB7A, 0x495A, 0x4952, 0x295A, 0x6962, 0x4962, 0x8A6A, 0x6962, 0x695A, 0x285A, 0x8962, 
  0x695A, 0xAB82, 0x70BB, 0x0EA3, 0x4962, 0x0752, 0x696A, 0x8962, 0x895A, 0x495A, 0x684A, 0xE749, 0x4C82, 0x18E5, 0x9FFF, 0x78DD, 
  0x6C8A, 0x0852, 0x4852, 0x4962, 0x4962, 0x4952, 0x4852, 0x495A, 0x8A6A, 0x495A, 0x085A, 0x4B7A, 0xB4E3, 0x57FB, 0xD9FA, 0xD9FA, 
  0x57FB, 0xB6FB, 0xB5FB, 0xB6FB, 0x96FB, 0xD8F2, 0xBDFE, 0xFFFF, 0xFFFF, 0xFFFF, 0xFFFF, 0xFFFF, 0xFFFF, 0x7FFF, 0x99F3, 0x37FB, 
  0xD6FB, 0xD5FB, 0xD6FB, 0xF6FB, 0x56FB, 0xDAF3, 0xBFFF, 0xFFFF, 0x7DF6, 0x37F3, 0xF5FB, 0xD5FB, 0xD6FB, 0xD5FB, 0xF6FB, 0x96F3, 
  0x9DF6, 0xFFFE, 0x1492, 0xCF20, 0x1029, 0x1029, 0x1029, 0x1029, 0x1029, 0x1029, 0x1029, 0x1029, 0x1029, 0x1029, 0x1029, 0x1029, 
  0x1029, 0x1029, 0x1029, 0x1029, 0x1029, 0x1029, 0x1029, 0x1029, 0x1029, 0x1029, 0x1029, 0x1029, 0x1029, 0x1029, 0x1029, 0x1029, 
  0x1029, 0x1029, 0x1029, 0x1029, 0x1029, 0x1029, 0x1029, 0x1029, 0x1029, 0x1029, 0x1029, 0x1029, 0x1029, 0x1029, 0x1029, 0x1029, 
  0x1029, 0x1029, 0x1029, 0x1029, 0x1029, 0x1029, 0x1029, 0x1029, 0x1029, 0x1029, 0x1029, 0x1029, 0x1029, 0x1029, 0x1029, 0x1029, 
  0x1029, 0x1029, 0x1029, 0x1029, 0x1029, 0x1029, 0x1029, 0x1029, 0x1029, 0x1029, 0x1029, 0x1029, 0x1029, 0x1029, 0x1029, 0x1029, 
  0x1029, 0x1029, 0x1029, 0x1029, 0x1029, 0x1029, 0x1029, 0x1029, 0x1029, 0x1029, 0x1029, 0x1029, 0x1029, 0x1029, 0x1029, 0xCF20, 
  0xF4A2, 0xF7FB, 0x37F3, 0x18F3, 0x77F3, 0xF6FB, 0xB5FB, 0xD6FB, 0xB4E3, 0x0A6A, 0x284A, 0x6952, 0x695A, 0x8A62, 0x485A, 0x6962, 
  0x696A, 0x8A72, 0x896A, 0x695A, 0x8B82, 0xB2DB, 0x50C3, 0x6C8A, 0x696A, 0x8962, 0x2852, 0x6A72, 0x6A6A, 0x895A, 0xAA6A, 0x8A6A, 
  0xCB82, 0xCB8A, 0x8A6A, 0x6962, 0x6C8A, 0x72D3, 0xF6FB, 0xF6FB, 0x16FC, 0xF5FB, 0x75F3, 0xD7FB, 0xD5FB, 0xD6FB, 0xD6FB, 0xD6FB, 
  0xB7FB, 0x76FB, 0x76F3, 0xD9F3, 0x1BF4, 0x7AF3, 0x17F3, 0x17FB, 0xF8FA, 0x57FB, 0xD6FB, 0xF7EA, 0xDDF5, 0xFFFF, 0x34C4, 0xE861, 
  0xCA72, 0x6A62, 0x695A, 0x8962, 0x896A, 0x4962, 0x8962, 0x6962, 0x695A, 0x695A, 0x2852, 0x495A, 0x2852, 0x2852, 0x6952, 0x695A, 
  0x4962, 0x084A, 0x6B7A, 0xD4F3, 0xD4EB, 0xEFB2, 0x2A7A, 0x895A, 0x285A, 0x2952, 0x284A, 0x285A, 0x2852, 0x0A72, 0x56E4, 0x5FFF, 
  0x3BE6, 0x6B7A, 0xC749, 0x4852, 0x484A, 0x495A, 0x4852, 0x6852, 0x495A, 0x2852, 0x8A62, 0x495A, 0x096A, 0x73CB, 0x78FB, 0xF8FA, 
  0xF8FA, 0x37FB, 0xD6FB, 0xD6FB, 0xD6FB, 0xF7F2, 0x3DFE, 0xFFFF, 0xFFFF, 0xFFFF, 0xFFFF, 0xFFFF, 0xFFFF, 0xFEFE, 0x18F3, 0x57FB, 
  0xD5FB, 0xD5FB, 0xB6FB, 0xD6FB, 0x56FB, 0xD9F3, 0xBFFF, 0xFFFF, 0x9EF6, 0x37F3, 0xF5FB, 0xD5FB, 0xD6FB, 0xD5FB, 0xF6FB, 0x96F3, 
  0x5DF6, 0x5FFF, 0x149A, 0xCF20, 0x1029, 0x1029, 0x1029, 0x1029, 0x1029, 0x1029, 0x1029, 0x1029, 0x1029, 0x1029, 0x1029, 0x1029, 
  0x1029, 0x1029, 0x1029, 0x1029, 0x1029, 0x1029, 0x1029, 0x1029, 0x1029, 0x1029, 0x1029, 0x1029, 0x1029, 0x1029, 0x1029, 0x1029, 
  0x1029, 0x1029, 0x1029, 0x1029, 0x1029, 0x1029, 0x1029, 0x1029, 0x1029, 0x1029, 0x1029, 0x1029, 0x1029, 0x1029, 0x1029, 0x1029, 
  0x1029, 0x1029, 0x1029, 0x1029, 0x1029, 0x1029, 0x1029, 0x1029, 0x1029, 0x1029, 0x1029, 0x1029, 0x1029, 0x1029, 0x1029, 0x1029, 
  0x1029, 0x1029, 0x1029, 0x1029, 0x1029, 0x1029, 0x1029, 0x1029, 0x1029, 0x1029, 0x1029, 0x1029, 0x1029, 0x1029, 0x1029, 0x1029, 
  0x1029, 0x1029, 0x1029, 0x1029, 0x1029, 0x1029, 0x1029, 0x1029, 0x1029, 0x1029, 0x1029, 0x1029, 0x1029, 0x1029, 0xEF28, 0x7041, 
  0xD7E3, 0x97FB, 0xF8F2, 0x18FB, 0xB6FB, 0xD5FB, 0xD5FB, 0x15F4, 0x6C82, 0x2852, 0x2852, 0x2852, 0x0852, 0x695A, 0xAA62, 0x485A, 
  0xAA6A, 0xA96A, 0x8962, 0xCA72, 0x696A, 0x296A, 0x6A7A, 0xCB8A, 0x896A, 0x6962, 0x4862, 0xCA72, 0xCA7A, 0x4862, 0x2862, 0x8972, 
  0x896A, 0x6962, 0x086A, 0x10BB, 0xF5F3, 0x94F3, 0xB5F3, 0xD5EB, 0x10BB, 0xAEAA, 0x32DB, 0xF6FB, 0xF6FB, 0xF6FB, 0xB7FB, 0x57FB, 
  0x77FB, 0x77FB, 0x97FB, 0x96FB, 0x96FB, 0x96FB, 0x97FB, 0x77FB, 0xB7FB, 0xF5FB, 0x37FB, 0x98EB, 0x9FFF, 0xDDFE, 0x2B82, 0x2852, 
  0x295A, 0x284A, 0x695A, 0x6962, 0x6962, 0x6962, 0x6962, 0x2852, 0x695A, 0x6962, 0x2852, 0x284A, 0x6952, 0x495A, 0x074A, 0x284A, 
  0x2852, 0x0842, 0x084A, 0x2B7A, 0xB5F3, 0x17FC, 0xD4E3, 0xEFB2, 0x096A, 0x4852, 0x4952, 0x2952, 0x8A5A, 0x4852, 0x4B82, 0x36EC, 
  0xFFFE, 0xBCEE, 0x6C82, 0x4962, 0x6952, 0x284A, 0x284A, 0x295A, 0xAA6A, 0x8962, 0x6962, 0x695A, 0x084A, 0x2962, 0x31BB, 0x98FB, 
  0xF8FA, 0xF8FA, 0x57FB, 0xD6FB, 0xF6FB, 0x17F3, 0x1BED, 0xFFFF, 0xFFFF, 0xFFFF, 0xFFFF, 0xFFFF, 0xFFFF, 0x9DFE, 0xD7FA, 0x97FB, 
  0xD5FB, 0xD5FB, 0xB6FB, 0xD6FB, 0x76FB, 0x98F3, 0x9FFF, 0xFFFF, 0x1EFF, 0x78F3, 0xD5FB, 0xF5FB, 0xF6FB, 0xD6FB, 0xF6FB, 0x96F3, 
  0xFCF5, 0x9FFF, 0xB6B2, 0xCF28, 0x1029, 0x1029, 0x1029, 0x1029, 0x1029, 0x1029, 0x1029, 0x1029, 0x1029, 0x1029, 0x1029, 0x1029, 
  0x1029, 0x1029, 0x1029, 0x1029, 0x1029, 0x1029, 0x1029, 0x1029, 0x1029, 0x1029, 0x1029, 0x1029, 0x1029, 0x1029, 0x1029, 0x1029, 
  0x1029, 0x1029, 0x1029, 0x1029, 0x1029, 0x1029, 0x1029, 0x1029, 0x1029, 0x1029, 0x1029, 0x1029, 0x1029, 0x1029, 0x1029, 0x1029, 
  0x1029, 0x1029, 0x1029, 0x1029, 0x1029, 0x1029, 0x1029, 0x1029, 0x1029, 0x1029, 0x1029, 0x1029, 0x1029, 0x1029, 0x1029, 0x1029, 
  0x1029, 0x1029, 0x1029, 0x1029, 0x1029, 0x1029, 0x1029, 0x1029, 0x1029, 0x1029, 0x1029, 0x1029, 0x1029, 0x1029, 0x1029, 0x1029, 
  0x1029, 0x1029, 0x1029, 0x1029, 0x1029, 0x1029, 0x1029, 0x1029, 0x1029, 0x1029, 0x1029, 0x0F29, 0x1029, 0x1029, 0xCF20, 0x7282, 
  0x18FC, 0x18FB, 0xF8FA, 0x96FB, 0xD6FB, 0xD6FB, 0x16FC, 0xCEA2, 0x495A, 0x896A, 0x896A, 0x695A, 0x495A, 0x495A, 0x695A, 0x8962, 
  0x285A, 0x6962, 0x695A, 0x8972, 0xAB82, 0x8972, 0x30B3, 0x4FB3, 0x485A, 0x485A, 0x8962, 0x896A, 0x8A72, 0x897A, 0xCA82, 0xAA72, 
  0x8A6A, 0x8A7A, 0x11CB, 0xB6FB, 0x30BB, 0x8B92, 0xED9A, 0x2972, 0x6C92, 0xD5EB, 0x15F4, 0x52DB, 0x0FAB, 0xCE9A, 0x31C3, 0xD5FB, 
  0xB6FB, 0x96FB, 0x96FB, 0xB6FB, 0xD6FB, 0xD6FB, 0xD6FB, 0xD6FB, 0xD6FB, 0xD6FB, 0xD7FA, 0x7AF4, 0xFFFF, 0x99DD, 0x4A72, 0x2A62, 
  0x084A, 0x6852, 0x4962, 0x8A62, 0x485A, 0x695A, 0x4852, 0x0842, 0x0852, 0x495A, 0x695A, 0x4852, 0x8A5A, 0x2852, 0x2852, 0x8A72, 
  0x495A, 0x695A, 0x495A, 0x6B72, 0x8EB2, 0x94E3, 0xB7FB, 0xB7FB, 0xF5EB, 0x0EA3, 0x085A, 0x484A, 0x494A, 0x295A, 0x274A, 0x6B82, 
  0xF5E3, 0x3FFF, 0x1BF6, 0x6C8A, 0x2852, 0x284A, 0xE741, 0x495A, 0xAA72, 0x896A, 0x6962, 0x0852, 0x4852, 0x4852, 0xE851, 0x10B3, 
  0x97FB, 0xF8FA, 0xD9FA, 0x37FB, 0xF6FB, 0x96FB, 0x98EB, 0x5FFF, 0xFFFF, 0xFFFF, 0xFFFF, 0xFFFF, 0xFFFF, 0x7DFE, 0xD7FA, 0xD7FB, 
  0xD5FB, 0xD6FB, 0xD6FB, 0xD5FB, 0xB6FB, 0x57F3, 0x1EFF, 0xFFFF, 0x9FFF, 0xB8F3, 0xB6FB, 0xF5FB, 0xD5FB, 0xD6FB, 0xF6FB, 0x75F3, 
  0xDCFD, 0xDFFF, 0x17C3, 0xD028, 0x1029, 0x1029, 0x1029, 0x1029, 0x1029, 0x1029, 0x1029, 0x1029, 0x1029, 0x1029, 0x1029, 0x1029, 
  0x1029, 0x1029, 0x1029, 0x1029, 0x1029, 0x1029, 0x1029, 0x1029, 0x1029, 0x1029, 0x1029, 0x1029, 0x1029, 0x1029, 0x1029, 0x1029, 
  0x1029, 0x1029, 0x1029, 0x1029, 0x1029, 0x1029, 0x1029, 0x1029, 0x1029, 0x1029, 0x1029, 0x1029, 0x1029, 0x1029, 0x1029, 0x1029, 
  0x1029, 0x1029, 0x1029, 0x1029, 0x1029, 0x1029, 0x1029, 0x1029, 0x1029, 0x1029, 0x1029, 0x1029, 0x1029, 0x1029, 0x1029, 0x1029, 
  0x1029, 0x1029, 0x1029, 0x1029, 0x1029, 0x1029, 0x1029, 0x1029, 0x1029, 0x1029, 0x1029, 0x1029, 0x1029, 0x1029, 0x1029, 0x1029, 
  0x1029, 0x1029, 0x1029, 0x1029, 0x1029, 0x1029, 0x1029, 0x1029, 0x1029, 0x1029, 0x1029, 0x1021, 0xF030, 0xF028, 0x0F31, 0x76CB, 
  0x97FB, 0xF8FA, 0x38FB, 0xD6FB, 0xD6FB, 0x16FC, 0x0FB3, 0xE859, 0x6962, 0x896A, 0xAA6A, 0xAA62, 0xAA62, 0x2862, 0x696A, 0x4862, 
  0x6962, 0x0C8B, 0x496A, 0x696A, 0xAA6A, 0x496A, 0xB4E3, 0x8D9A, 0x8972, 0xAB7A, 0x8A62, 0x8A6A, 0x896A, 0xAA6A, 0xAA7A, 0x495A, 
  0x4972, 0x32CB, 0xF8FB, 0xAEA2, 0x4862, 0x6962, 0xE951, 0xF0B2, 0x15FC, 0x30C3, 0x8B82, 0x2962, 0x284A, 0x084A, 0xC851, 0x0FA3, 
  0xD5F3, 0xD5FB, 0xD5FB, 0xD5FB, 0xF5FB, 0xF5FB, 0xF5FB, 0xD5FB, 0xD6FB, 0xB6FB, 0xB7FA, 0x1BF5, 0xFFFF, 0xD6DC, 0x496A, 0x8A6A, 
  0x695A, 0x2852, 0x495A, 0x695A, 0x6962, 0xCA6A, 0x695A, 0x2852, 0x2952, 0x084A, 0x284A, 0x4952, 0x2952, 0x2852, 0x4952, 0x2852, 
  0x0852, 0x8A6A, 0x284A, 0xCD8A, 0xD4EB, 0xF1CA, 0xD6FB, 0x37F3, 0x58FB, 0xF7FB, 0x30BB, 0x095A, 0x2852, 0x4852, 0x4852, 0x2852, 
  0x8C8A, 0x15E4, 0x5FFF, 0x79ED, 0x2A7A, 0x4952, 0x6A62, 0x8A72, 0x6A7A, 0x695A, 0x4852, 0x2852, 0x4852, 0x695A, 0x0852, 0xE851, 
  0x32BB, 0x98FB, 0xF8FA, 0x18FB, 0x76FB, 0xF6FB, 0x17F3, 0x7CF5, 0xFFFF, 0xFFFF, 0xFFFF, 0xFFFF, 0xFFFF, 0x9DFE, 0x17F3, 0xB7FB, 
  0xD5FB, 0xD6FB, 0xD6FB, 0xD5FB, 0xF6FB, 0x17F3, 0x3CF6, 0xFFFF, 0xFFFF, 0x59F4, 0x76FB, 0xF5FB, 0xD5FB, 0xD6FB, 0xF5FB, 0x95FB, 
  0x9BF5, 0xFFFF, 0xB8D3, 0x1039, 0xF028, 0x1029, 0x1029, 0x1029, 0x1029, 0x1029, 0x1029, 0x1029, 0x1029, 0x1029, 0x1029, 0x1029, 
  0x1029, 0x1029, 0x1029, 0x1029, 0x1029, 0x1029, 0x1029, 0x1029, 0x1029, 0x1029, 0x1029, 0x1029, 0x1029, 0x1029, 0x1029, 0x1029, 
  0x1029, 0x1029, 0x1029, 0x1029, 0x1029, 0x1029, 0x1029, 0x1029, 0x1029, 0x1029, 0x1029, 0x1029, 0x1029, 0x1029, 0x1029, 0x1029, 
  0x1029, 0x1029, 0x1029, 0x1029, 0x1029, 0x1029, 0x1029, 0x1029, 0x1029, 0x1029, 0x1029, 0x1029, 0x1029, 0x1029, 0x1029, 0x1029, 
  0x1029, 0x1029, 0x1029, 0x1029, 0x1029, 0x1029, 0x1029, 0x1029, 0x1029, 0x1029, 0x1029, 0x1029, 0x1029, 0x1029, 0x1029, 0x1029, 
  0x1029, 0x1029, 0x1029, 0x1029, 0x1029, 0x1029, 0x1029, 0x1029, 0x1029, 0x1029, 0x1029, 0x1029, 0xF030, 0xEF20, 0x3272, 0xF7FB, 
  0xF8F3, 0x59F3, 0x98FB, 0xD5FB, 0xF7FB, 0x30C3, 0x0962, 0x484A, 0x6952, 0x2962, 0x6962, 0x485A, 0x4962, 0x6962, 0xAA72, 0xAA72, 
  0xCA7A, 0xCB82, 0x6A6A, 0x6962, 0x2752, 0x8B82, 0xD5F3, 0x8C82, 0x6862, 0x8A72, 0x485A, 0x285A, 0x695A, 0x695A, 0x495A, 0x285A, 
  0xF2C2, 0x77FB, 0x0E9B, 0x8A72, 0x495A, 0xE859, 0x72C3, 0x15F4, 0x8C8A, 0x285A, 0x8962, 0x6962, 0x485A, 0x8962, 0x6962, 0xE859, 
  0x73DB, 0xD7FB, 0xB6FB, 0xB6FB, 0x97FB, 0x57FB, 0x58FB, 0x58FB, 0x78FB, 0x78FB, 0xB8F2, 0x3BED, 0xFFFF, 0x14D4, 0x075A, 0x6A62, 
  0x8A6A, 0xAA6A, 0x6962, 0x495A, 0x6962, 0x6962, 0x4962, 0x285A, 0x495A, 0x4952, 0xE849, 0x695A, 0xCB72, 0x6962, 0x695A, 0x484A, 
  0x2852, 0x285A, 0x4952, 0x0962, 0x95EB, 0xF6FB, 0xD5FB, 0xD6FB, 0x37F3, 0x17F3, 0x98FB, 0x93DB, 0x6A6A, 0x695A, 0x8A72, 0x8962, 
  0x085A, 0xADA2, 0xB8EC, 0x5FFF, 0x96DC, 0xE969, 0x6952, 0x485A, 0x0852, 0x8A5A, 0x6952, 0x084A, 0x695A, 0x895A, 0x2852, 0x6952, 
  0x095A, 0x31BB, 0x98FB, 0xF9FA, 0x18FB, 0x77FB, 0x96FB, 0x97EB, 0x3FFF, 0xFFFF, 0xFEFF, 0xFFFF, 0xFFFF, 0xFEF6, 0x17F3, 0x97FB, 
  0xD5FB, 0xD6FB, 0xD5FB, 0xD5FB, 0xF6FB, 0x17FB, 0x7BF5, 0xFFFF, 0xFFFF, 0x3BED, 0x36FB, 0x15FC, 0xF5FB, 0xD6FB, 0xF5FB, 0x75FB, 
  0x7BF5, 0xFFFF, 0x19D4, 0xF038, 0x1021, 0x1029, 0x1029, 0x1029, 0x1029, 0x1029, 0x1029, 0x1029, 0x1029, 0x1029, 0x1029, 0x1029, 
  0x1029, 0x1029, 0x1029, 0x1029, 0x1029, 0x1029, 0x1029, 0x1029, 0x1029, 0x1029, 0x1029, 0x1029, 0x1029, 0x1029, 0x1029, 0x1029, 
  0x1029, 0x1029, 0x1029, 0x1029, 0x1029, 0x1029, 0x1029, 0x1029, 0x1029, 0x1029, 0x1029, 0x1029, 0x1029, 0x1029, 0x1029, 0x1029, 
  0x1029, 0x1029, 0x1029, 0x1029, 0x1029, 0x1029, 0x1029, 0x1029, 0x1029, 0x1029, 0x1029, 0x1029, 0x1029, 0x1029, 0x1029, 0x1029, 
  0x1029, 0x1029, 0x1029, 0x1029, 0x1029, 0x1029, 0x1029, 0x1029, 0x1029, 0x1029, 0x1029, 0x1029, 0x1029, 0x1029, 0x1029, 0x1029, 
  0x1029, 0x1029, 0x1029, 0x1029, 0x1029, 0x1029, 0x1029, 0x1029, 0x1029, 0x1029, 0x1021, 0xF128, 0x1029, 0x0F29, 0x56BB, 0x37FC, 
  0xDBF4, 0x58FB, 0x95E3, 0xD4F3, 0x32CB, 0x2962, 0x695A, 0x284A, 0x495A, 0x496A, 0x695A, 0x695A, 0x4962, 0x8A6A, 0x8962, 0x6962, 
  0x6962, 0x6962, 0x6962, 0x6962, 0xAA7A, 0x0FC3, 0xF4EB, 0x8B82, 0x8962, 0x685A, 0x485A, 0x695A, 0x695A, 0x8A62, 0xE741, 0xEEA2, 
  0xF9FB, 0x4EA2, 0xA972, 0x8962, 0x2A72, 0xD4DB, 0xB2D3, 0x2A7A, 0x495A, 0x4852, 0x295A, 0x8A62, 0x8962, 0x2852, 0xE751, 0xEEA2, 
  0x15FC, 0x76FB, 0x38FB, 0xF9F2, 0x18FB, 0x18FB, 0x18FB, 0x18FB, 0xF7FA, 0x17FB, 0xB8FA, 0x7CF5, 0xFFFF, 0x92BB, 0xC649, 0x4852, 
  0x0852, 0x284A, 0x2852, 0x4852, 0x695A, 0x0752, 0x695A, 0x495A, 0x2852, 0x6962, 0x495A, 0x496A, 0x696A, 0x696A, 0x4972, 0xAA6A, 
  0x8A62, 0x4852, 0x685A, 0x4B7A, 0xD5F3, 0xF6FB, 0xF5FB, 0xD5FB, 0xB6FB, 0x77FB, 0xD9F3, 0xD7FB, 0xB3D3, 0x2A6A, 0x4962, 0x8A62, 
  0x685A, 0xAB6A, 0xCFB2, 0x7AFD, 0xFEFE, 0xB3D3, 0x085A, 0x484A, 0x6A62, 0x295A, 0x084A, 0x695A, 0x6A62, 0x2852, 0x6952, 0x284A, 
  0xE741, 0xE859, 0x73CB, 0x39FB, 0xD8FA, 0x18FB, 0xF6FB, 0x36F3, 0xBBF4, 0xFFFF, 0xDEF7, 0xFFFF, 0xFFF7, 0x9FFF, 0xB8EB, 0x77FB, 
  0xF6FB, 0xD6FB, 0xD6FB, 0xF5FB, 0x16FC, 0x56FB, 0xBAF4, 0xFFFF, 0xFFFF, 0x1CF6, 0x37FB, 0xF6FB, 0xD5FB, 0xD6FB, 0xF5FB, 0x75FB, 
  0x3AF5, 0xFFFF, 0x59DC, 0xCF38, 0x1021, 0x1029, 0x1029, 0x1029, 0x1029, 0x1029, 0x1029, 0x1029, 0x1029, 0x1029, 0x1029, 0x1029, 
  0x1029, 0x1029, 0x1029, 0x1029, 0x1029, 0x1029, 0x1029, 0x1029, 0x1029, 0x1029, 0x1029, 0x1029, 0x1029, 0x1029, 0x1029, 0x1029, 
  0x1029, 0x1029, 0x1029, 0x1029, 0x1029, 0x1029, 0x1029, 0x1029, 0x1029, 0x1029, 0x1029, 0x1029, 0x1029, 0x1029, 0x1029, 0x1029, 
  0x1029, 0x1029, 0x1029, 0x1029, 0x1029, 0x1029, 0x1029, 0x1029, 0x1029, 0x1029, 0x1029, 0x1029, 0x1029, 0x1029, 0x1029, 0x1029, 
  0x1029, 0x1029, 0x1029, 0x1029, 0x1029, 0x1029, 0x1029, 0x1029, 0x1029, 0x1029, 0x1029, 0x1029, 0x1029, 0x1029, 0x1029, 0x1029, 
  0x1029, 0x1029, 0x1029, 0x1029, 0x1029, 0x1029, 0x1029, 0x1029, 0x1029, 0x1029, 0x1029, 0x1029, 0xEF18, 0xD159, 0x77F3, 0x9CF5, 
  0xF8F3, 0x96F3, 0x8C82, 0x0E9B, 0x4A72, 0x695A, 0x6962, 0x8962, 0x8A72, 0x8A62, 0x895A, 0x6962, 0x2852, 0x6A6A, 0x8A72, 0x4962, 
  0x685A, 0x4862, 0x696A, 0x8A72, 0xEB92, 0x51E3, 0x93DB, 0x6A72, 0x485A, 0xAA62, 0x6962, 0x695A, 0x695A, 0x285A, 0x4B72, 0x9AF4, 
  0x72C3, 0x0962, 0x8A6A, 0x6A82, 0xB3DB, 0x92D3, 0xE759, 0x6852, 0x6962, 0x495A, 0x4952, 0x6962, 0x495A, 0x4A6A, 0x31B3, 0xD6FB, 
  0x77F3, 0x98F3, 0x17FB, 0x97FB, 0xB6FB, 0xD5FB, 0xD6FB, 0xB6FB, 0x77FB, 0x36FB, 0xB8FA, 0x9CFD, 0xDFFF, 0x31B3, 0x6962, 0x8A62, 
  0x495A, 0x495A, 0x295A, 0x4962, 0x485A, 0xAA62, 0x695A, 0x4852, 0x495A, 0x495A, 0x8A62, 0x8A6A, 0x8A6A, 0xAA6A, 0x085A, 0x895A, 
  0x8962, 0x485A, 0x0742, 0xEF9A, 0xF6FB, 0xD5FB, 0xF6FB, 0xD6FB, 0xD6FB, 0xD6FB, 0x38F4, 0x97F3, 0x98FB, 0x52C3, 0x0852, 0x6962, 
  0x4962, 0x6A6A, 0x2962, 0x52CB, 0x7DFE, 0x9BFD, 0x51CB, 0x0962, 0x484A, 0x4852, 0x495A, 0x284A, 0x284A, 0x495A, 0x495A, 0x4852, 
  0x495A, 0x285A, 0x2A72, 0x95EB, 0x18FB, 0xF9FA, 0x56FB, 0xB7FB, 0x17F3, 0x5DF6, 0xFFFF, 0xDFFF, 0xFFFF, 0xFFFF, 0xDAEC, 0x36FB, 
  0xF6FB, 0xF6FB, 0xD6FB, 0xD5FB, 0xF6FB, 0x76FB, 0x19F4, 0xFFFF, 0xFFFF, 0x1EFF, 0x77F3, 0xD6FB, 0xD5FB, 0xD6FB, 0xF5FB, 0x75FB, 
  0x1AF5, 0xFFFF, 0xDAE4, 0x1051, 0x1021, 0x1029, 0x1029, 0x1029, 0x1029, 0x1029, 0x1029, 0x1029, 0x1029, 0x1029, 0x1029, 0x1029, 
  0x1029, 0x1029, 0x1029, 0x1029, 0x1029, 0x1029, 0x1029, 0x1029, 0x1029, 0x1029, 0x1029, 0x1029, 0x1029, 0x1029, 0x1029, 0x1029, 
  0x1029, 0x1029, 0x1029, 0x1029, 0x1029, 0x1029, 0x1029, 0x1029, 0x1029, 0x1029, 0x1029, 0x1029, 0x1029, 0x1029, 0x1029, 0x1029, 
  0x1029, 0x1029, 0x1029, 0x1029, 0x1029, 0x1029, 0x1029, 0x1029, 0x1029, 0x1029, 0x1029, 0x1029, 0x1029, 0x1029, 0x1029, 0x1029, 
  0x1029, 0x1029, 0x1029, 0x1029, 0x1029, 0x1029, 0x1029, 0x1029, 0x1029, 0x1029, 0x1029, 0x1029, 0x1029, 0x1029, 0x1029, 0x1029, 
  0x1029, 0x1029, 0x1029, 0x1029, 0x1029, 0x1029, 0x1029, 0x1029, 0x1029, 0x1029, 0x1029, 0x2F29, 0xCF28, 0x94AA, 0x3BFD, 0xBCF5, 
  0x57FB, 0x30BB, 0x0852, 0x4962, 0x6962, 0x695A, 0xAA6A, 0x896A, 0x4962, 0x495A, 0x4852, 0x4962, 0x6962, 0x6962, 0x896A, 0xAA72, 
  0xCA72, 0xCA7A, 0x8A6A, 0x8B6A, 0x896A, 0x51D3, 0x52CB, 0x495A, 0x285A, 0xCB7A, 0x4962, 0x6962, 0x495A, 0xE851, 0xF5D3, 0x58EC, 
  0x0A62, 0x474A, 0x4A6A, 0xB4EB, 0x92DB, 0x0962, 0x8A62, 0x696A, 0x696A, 0x495A, 0x8962, 0x8A72, 0x0862, 0x72CB, 0xD8FB, 0x57F3, 
  0x7DF5, 0x38EC, 0x96FB, 0xF5FB, 0xD5FB, 0xB6FB, 0xB6FB, 0x96FB, 0xB7FB, 0x77FB, 0xB7F2, 0x7CF5, 0x7FFF, 0xCE9A, 0x4862, 0x6962, 
  0x695A, 0x8962, 0xAA72, 0x496A, 0xAA6A, 0x485A, 0x485A, 0x2852, 0x084A, 0x284A, 0x4852, 0x2852, 0x4952, 0x284A, 0x8A5A, 0x4952, 
  0xE741, 0x695A, 0x6B7A, 0x74DB, 0x77FB, 0x16F3, 0xD6FB, 0xD6FB, 0x76F3, 0xD7FB, 0xB6FB, 0x57FB, 0xF7F2, 0x18FC, 0xEEAA, 0x0852, 
  0x6952, 0x485A, 0x485A, 0x2B7A, 0x77E4, 0x9EFE, 0x57F4, 0xAE9A, 0xE741, 0x6952, 0x285A, 0x8A6A, 0x6962, 0x495A, 0x6962, 0x8A6A, 
  0x0852, 0xEC82, 0x6A6A, 0xCC8A, 0xB7FB, 0xD9FA, 0xD9FA, 0x96FB, 0x76FB, 0xB8EB, 0x7FFF, 0xFFFF, 0xDFFF, 0xFFFF, 0x5EFE, 0x17F3, 
  0xD6FB, 0xD6FB, 0xD6FB, 0xD5FB, 0xD6FB, 0xB6FB, 0xB8F3, 0x7FFF, 0xFEFF, 0xBFFF, 0x19EC, 0x96FB, 0xF6FB, 0xF6FB, 0xF5FB, 0x95FB, 
  0xFAF4, 0xFFFF, 0x5CED, 0x9269, 0xEF20, 0x1029, 0x1029, 0x1029, 0x1029, 0x1029, 0x1029, 0x1029, 0x1029, 0x1029, 0x1029, 0x1029, 
  0x1029, 0x1029, 0x1029, 0x1029, 0x1029, 0x1029, 0x1029, 0x1029, 0x1029, 0x1029, 0x1029, 0x1029, 0x1029, 0x1029, 0x1029, 0x1029, 
  0x1029, 0x1029, 0x1029, 0x1029, 0x1029, 0x1029, 0x1029, 0x1029, 0x1029, 0x1029, 0x1029, 0x1029, 0x1029, 0x1029, 0x1029, 0x1029, 
  0x1029, 0x1029, 0x1029, 0x1029, 0x1029, 0x1029, 0x1029, 0x1029, 0x1029, 0x1029, 0x1029, 0x1029, 0x1029, 0x1029, 0x1029, 0x1029, 
  0x1029, 0x1029, 0x1029, 0x1029, 0x1029, 0x1029, 0x1029, 0x1029, 0x1029, 0x1029, 0x1029, 0x1029, 0x1029, 0x1029, 0x1029, 0x1029, 
  0x1029, 0x1029, 0x1029, 0x1029, 0x1029, 0x1029, 0x1029, 0x1029, 0x1029, 0x1029, 0x1029, 0xF028, 0x5041, 0xF7DB, 0xDEFE, 0x39F4, 
  0x95EB, 0x6C82, 0x6972, 0x8862, 0x8962, 0x0852, 0x4952, 0x695A, 0x2852, 0x4962, 0x8962, 0x6962, 0x285A, 0x695A, 0x485A, 0x695A, 
  0x6962, 0x696A, 0x696A, 0x885A, 0x4962, 0xB4E3, 0xEEA2, 0x285A, 0x696A, 0x695A, 0x495A, 0x896A, 0x8962, 0xCE9A, 0xFBFC, 0xCEA2, 
  0x4852, 0x074A, 0x12C3, 0xB5F3, 0x8A82, 0xCA7A, 0x8A7A, 0xEC92, 0x8A82, 0x8A72, 0x8A72, 0x696A, 0xEFAA, 0x98FB, 0x97EB, 0xDEF6, 
  0x5DF6, 0x56F3, 0xF6FB, 0xB6FB, 0x57FB, 0x37FB, 0x17FB, 0xF8FA, 0x58FB, 0xB7FB, 0xB6FA, 0xBCFD, 0xDDF6, 0x6C8A, 0x485A, 0x4852, 
  0x484A, 0x4852, 0x495A, 0x8962, 0x685A, 0x6862, 0xAA82, 0xAA72, 0x695A, 0x4952, 0x695A, 0x8962, 0x084A, 0xE849, 0x695A, 0x2852, 
  0x495A, 0xEC8A, 0xAD9A, 0xD6FB, 0x18F4, 0x1BF5, 0x76F3, 0xF5FB, 0xB7FB, 0x37FB, 0xB6FB, 0xD6FB, 0x77F3, 0x56F3, 0xF6FB, 0x6C82, 
  0x274A, 0x4852, 0x6962, 0x285A, 0xEFB2, 0xDCFD, 0x9BFD, 0x74E3, 0x095A, 0x284A, 0x2952, 0x8962, 0x6962, 0x2852, 0x2852, 0x4952, 
  0x495A, 0x695A, 0x285A, 0x485A, 0x52CB, 0x58FB, 0xF8FA, 0x18FB, 0xB7FB, 0x16F3, 0xFBF4, 0xFFFF, 0xDEFF, 0xFFFF, 0xBFFF, 0xD9F3, 
  0x76FB, 0xD6FB, 0xD6FB, 0xF5FB, 0xB5FB, 0xD6FB, 0x77EB, 0xDEFE, 0xFFFF, 0xFFFF, 0x1AF5, 0x56F3, 0xF6FB, 0xD5FB, 0xF6FB, 0xB5FB, 
  0x99F4, 0xFFFF, 0xFCF5, 0xF389, 0xEF18, 0x1029, 0xF028, 0x1029, 0x1029, 0x1029, 0x1029, 0x1029, 0x1029, 0x1029, 0x1029, 0x1029, 
  0x1029, 0x1029, 0x1029, 0x1029, 0x1029, 0x1029, 0x1029, 0x1029, 0x1029, 0x1029, 0x1029, 0x1029, 0x1029, 0x1029, 0x1029, 0x1029, 
  0x1029, 0x1029, 0x1029, 0x1029, 0x1029, 0x1029, 0x1029, 0x1029, 0x1029, 0x1029, 0x1029, 0x1029, 0x1029, 0x1029, 0x1029, 0x1029, 
  0x1029, 0x1029, 0x1029, 0x1029, 0x1029, 0x1029, 0x1029, 0x1029, 0x1029, 0x1029, 0x1029, 0x1029, 0x1029, 0x1029, 0x1029, 0x1029, 
  0x1029, 0x1029, 0x1029, 0x1029, 0x1029, 0x1029, 0x1029, 0x1029, 0x1029, 0x1029, 0x1029, 0x1029, 0x1029, 0x1029, 0x1029, 0x1029, 
  0x1029, 0x1029, 0x1029, 0x1029, 0x1029, 0x1029, 0x1029, 0x1029, 0x1029, 0x1029, 0x1029, 0xEF18, 0x538A, 0xFBF5, 0x5EF6, 0x77F3, 
  0x0FB3, 0x2962, 0xCB7A, 0xAA72, 0x8A6A, 0x0852, 0x2852, 0x6962, 0x695A, 0x696A, 0x8962, 0x285A, 0x485A, 0x8A62, 0x495A, 0x695A, 
  0x2852, 0x6962, 0x496A, 0x896A, 0x2A72, 0xD4E3, 0x6B7A, 0x285A, 0x4862, 0x8A6A, 0xEC8A, 0x4862, 0x2962, 0xD5DB, 0xD5DB, 0x6B72, 
  0x696A, 0x6D8A, 0xD6FB, 0x6C8A, 0x6962, 0x8962, 0x685A, 0x685A, 0x6962, 0x685A, 0x295A, 0xAB82, 0xB6FB, 0xD8EB, 0x1EF7, 0xFFFF, 
  0xFCF5, 0x76F3, 0x15FC, 0x77FB, 0x77FB, 0xB7FB, 0xB7FB, 0xB7FB, 0x37FB, 0x98FB, 0xD8F2, 0xDDFD, 0x1BEE, 0x0A7A, 0xA96A, 0x4952, 
  0x4952, 0x0852, 0x2852, 0x495A, 0xAA72, 0x896A, 0x8A7A, 0x8972, 0xAA72, 0x4862, 0x485A, 0x6962, 0xAA6A, 0xCA6A, 0x285A, 0x2852, 
  0xAA6A, 0x4972, 0xAD9A, 0xF6FB, 0x99EC, 0xFFFF, 0x7AF5, 0x56FB, 0x16FC, 0x96FB, 0x57FB, 0xD6FB, 0xD6FB, 0x76F3, 0xB7FB, 0x93DB, 
  0x485A, 0x895A, 0x6962, 0x6962, 0x8C8A, 0x77EC, 0x3DF6, 0xF6FB, 0xCD92, 0x4952, 0x4952, 0x4852, 0x696A, 0x6962, 0x2852, 0x485A, 
  0x485A, 0x4952, 0x695A, 0x2852, 0x0962, 0xB6F3, 0x18FB, 0xF8FA, 0x57FB, 0xB7FB, 0xF7EA, 0x5DF6, 0xFFFF, 0xDFFF, 0xFFFF, 0x7CF5, 
  0x16F3, 0xF7FB, 0xD6FB, 0xF5FB, 0xD5FB, 0xF6FB, 0x57F3, 0x1DF6, 0xFFFF, 0xFFFF, 0x5DFE, 0x57F3, 0xD5FB, 0xD5FB, 0xF6FB, 0xB5FB, 
  0x78F4, 0xFFFF, 0x3DFE, 0xF391, 0xEF20, 0x3029, 0x1029, 0x1029, 0x1029, 0x1029, 0x1029, 0x1029, 0x1029, 0x1029, 0x1029, 0x1029, 
  0x1029, 0x1029, 0x1029, 0x1029, 0x1029, 0x1029, 0x1029, 0x1029, 0x1029, 0x1029, 0x1029, 0x1029, 0x1029, 0x1029, 0x1029, 0x1029, 
  0x1029, 0x1029, 0x1029, 0x1029, 0x1029, 0x1029, 0x1029, 0x1029, 0x1029, 0x1029, 0x1029, 0x1029, 0x1029, 0x1029, 0x1029, 0x1029, 
  0x1029, 0x1029, 0x1029, 0x1029, 0x1029, 0x1029, 0x1029, 0x1029, 0x1029, 0x1029, 0x1029, 0x1029, 0x1029, 0x1029, 0x1029, 0x1029, 
  0x1029, 0x1029, 0x1029, 0x1029, 0x1029, 0x1029, 0x1029, 0x1029, 0x1029, 0x1029, 0x1029, 0x1029, 0x1029, 0x1029, 0x1029, 0x1029, 
  0x1029, 0x1029, 0x1029, 0x1029, 0x1029, 0x1029, 0x1029, 0x1029, 0x1029, 0x1029, 0x1029, 0x3039, 0xD6CB, 0x5FFF, 0xBAEC, 0x74EB, 
  0x6A72, 0x2852, 0xAA6A, 0x285A, 0x895A, 0x0C73, 0x4962, 0xAA72, 0x495A, 0x696A, 0x6962, 0xCB6A, 0xAA6A, 0x495A, 0x495A, 0x495A, 
  0x695A, 0x4962, 0x6A6A, 0x685A, 0x8B82, 0xB4E3, 0x6A72, 0x896A, 0x695A, 0x6A62, 0x6DA3, 0xAA7A, 0x8D92, 0xB7FB, 0xCD92, 0x485A, 
  0x296A, 0x55E3, 0x10BB, 0x074A, 0x495A, 0x8962, 0x695A, 0x6962, 0x8A6A, 0x8A6A, 0x2852, 0x30AB, 0x97FB, 0x5DFE, 0xFFFF, 0xFFFF, 
  0xFEF6, 0x96F3, 0xB6FB, 0xD6FB, 0xF4FB, 0xF5FB, 0xF6FB, 0xF5FB, 0x97FB, 0x98FB, 0xB8F2, 0xBDFD, 0x38DD, 0xE969, 0x495A, 0x284A, 
  0x285A, 0x495A, 0x4952, 0x6962, 0x0C83, 0x6962, 0x4862, 0x896A, 0xAA6A, 0x696A, 0x8A6A, 0x695A, 0x695A, 0x485A, 0xAA6A, 0x6962, 
  0x8962, 0x0752, 0x51BB, 0xB6FB, 0x5AED, 0xFFFF, 0xDFFF, 0xB9F4, 0x95FB, 0xF6FB, 0x57F3, 0x96FB, 0xD6FB, 0xB6FB, 0xF7FB, 0xF6FB, 
  0xAD92, 0x2852, 0x6962, 0x485A, 0x496A, 0x52C3, 0x5DFE, 0x78FC, 0x30C3, 0xE851, 0x284A, 0x2752, 0x8A72, 0x485A, 0x6962, 0x896A, 
  0x6962, 0x4852, 0x495A, 0x295A, 0x274A, 0xEFA2, 0x97FB, 0xD8FA, 0xF9F2, 0x77FB, 0x57FB, 0x98EB, 0x7FFF, 0xFFFF, 0xFFFF, 0x5EFF, 
  0x58F3, 0xB7FB, 0xF5FB, 0xD5FB, 0xD6FB, 0xF6FB, 0x36FB, 0x5BF5, 0xFFFF, 0xFFFF, 0x7FFF, 0xD8F3, 0xB5FB, 0xF6FB, 0xD5FB, 0xB5FB, 
  0x57EC, 0xDFFF, 0x9EFE, 0xB6AA, 0xF020, 0x1029, 0x1029, 0x1029, 0x1029, 0x1029, 0x1029, 0x1029, 0x1029, 0x1029, 0x1029, 0x1029, 
  0x1029, 0x1029, 0x1029, 0x1029, 0x1029, 0x1029, 0x1029, 0x1029, 0x1029, 0x1029, 0x1029, 0x1029, 0x1029, 0x1029, 0x1029, 0x1029, 
  0x1029, 0x1029, 0x1029, 0x1029, 0x1029, 0x1029, 0x1029, 0x1029, 0x1029, 0x1029, 0x1029, 0x1029, 0x1029, 0x1029, 0x1029, 0x1029, 
  0x1029, 0x1029, 0x1029, 0x1029, 0x1029, 0x1029, 0x1029, 0x1029, 0x1029, 0x1029, 0x1029, 0x1029, 0x1029, 0x1029, 0x1029, 0x1029, 
  0x1029, 0x1029, 0x1029, 0x1029, 0x1029, 0x1029, 0x1029, 0x1029, 0x1029, 0x1029, 0x1029, 0x1029, 0x1029, 0x1029, 0x1029, 0x1029, 
  0x1029, 0x1029, 0x1029, 0x1029, 0x1029, 0x1029, 0x1029, 0x1029, 0x1029, 0x1029, 0xF020, 0x9161, 0xBBED, 0x3FFF, 0xB8FB, 0xEFB2, 
  0x6972, 0x6962, 0x695A, 0x6A62, 0x4962, 0xCB72, 0x696A, 0x8A6A, 0x8962, 0x6962, 0x695A, 0x2852, 0x485A, 0x485A, 0x695A, 0x4852, 
  0x695A, 0x495A, 0x284A, 0x274A, 0x8C92, 0x93E3, 0x6A72, 0x0D9B, 0xEC92, 0x6A6A, 0x6862, 0x685A, 0xD1B2, 0x56F3, 0x497A, 0x274A, 
  0xCF9A, 0xB7FB, 0x6B7A, 0x485A, 0x6962, 0x485A, 0x695A, 0x8A62, 0x4962, 0x8962, 0x896A, 0x32D3, 0x59EC, 0xBFFF, 0xFFFF, 0xFFFF, 
  0x9FFF, 0xF7F3, 0xB5FB, 0xD6FB, 0xB6FB, 0x95FB, 0x76FB, 0xB6FB, 0xD5FB, 0x57FB, 0xB8F2, 0x7DFD, 0x55CC, 0xC859, 0x484A, 0x484A, 
  0x485A, 0x4952, 0x694A, 0x085A, 0x4962, 0x6962, 0x6962, 0x485A, 0xAA6A, 0xAA6A, 0x285A, 0x695A, 0x2852, 0x2852, 0x695A, 0x495A, 
  0x495A, 0x295A, 0x93DB, 0x77FB, 0x5CFE, 0xFFFF, 0xFFFF, 0x5EFF, 0xB7F3, 0xB5FB, 0xD6FB, 0x56FB, 0xB7FB, 0xD4F3, 0x31D3, 0xF6FB, 
  0x73D3, 0x285A, 0x8852, 0x6A6A, 0x4962, 0xAFA2, 0x3DFE, 0x1AFD, 0x93DB, 0xE959, 0x0852, 0x8962, 0x495A, 0x8962, 0x8962, 0x8A6A, 
  0x6962, 0x2852, 0x895A, 0x285A, 0x685A, 0x2862, 0x94E3, 0x59FB, 0xD9FA, 0x18FB, 0xB7FB, 0x17F3, 0xFBF4, 0xFFFF, 0xFFFF, 0xFFFF, 
  0xBBF4, 0x36FB, 0x16FC, 0xD5FB, 0xD6FB, 0xF6FB, 0x56FB, 0x9AF4, 0xFFFF, 0xFFFF, 0xFFFF, 0xBAF4, 0x75FB, 0xF6FB, 0xD5FB, 0xB5FB, 
  0x57EC, 0xDFFF, 0xFEFE, 0x95AA, 0xCF28, 0x3029, 0x1029, 0x1029, 0x1029, 0x1029, 0x1029, 0x1029, 0x1029, 0x1029, 0x1029, 0x1029, 
  0x1029, 0x1029, 0x1029, 0x1029, 0x1029, 0x1029, 0x1029, 0x1029, 0x1029, 0x1029, 0x1029, 0x1029, 0x1029, 0x1029, 0x1029, 0x1029, 
  0x1029, 0x1029, 0x1029, 0x1029, 0x1029, 0x1029, 0x1029, 0x1029, 0x1029, 0x1029, 0x1029, 0x1029, 0x1029, 0x1029, 0x1029, 0x1029, 
  0x1029, 0x1029, 0x1029, 0x1029, 0x1029, 0x1029, 0x1029, 0x1029, 0x1029, 0x1029, 0x1029, 0x1029, 0x1029, 0x1029, 0x1029, 0x1029, 
  0x1029, 0x1029, 0x1029, 0x1029, 0x1029, 0x1029, 0x1029, 0x1029, 0x1029, 0x1029, 0x1029, 0x1029, 0x1029, 0x1029, 0x1029, 0x1029, 
  0x1029, 0x1029, 0x1029, 0x1029, 0x1029, 0x1029, 0x1029, 0x1029, 0x1029, 0x1029, 0xCF28, 0xF59A, 0x3FFF, 0xDCF5, 0x75EB, 0x6B72, 
  0x495A, 0x4962, 0x695A, 0x485A, 0x6852, 0x285A, 0x496A, 0xAA6A, 0x4852, 0x485A, 0x074A, 0x4852, 0x895A, 0x8962, 0x0852, 0x485A, 
  0x8962, 0x6962, 0x8A72, 0x485A, 0xAD9A, 0x93DB, 0x2962, 0x4862, 0x6972, 0x6962, 0x896A, 0x696A, 0x35E3, 0xF2C2, 0xAA7A, 0x8A72, 
  0x74DB, 0xF1C2, 0x496A, 0x8A7A, 0xEC8A, 0x6A6A, 0x2852, 0x4852, 0x485A, 0x685A, 0xAA7A, 0x34EB, 0xB9F4, 0xFFFF, 0xFFFF, 0xFFFF, 
  0x5EFF, 0xD7F3, 0xD5FB, 0x97FB, 0x38FB, 0x9BFC, 0x1BF5, 0xD6F3, 0x95FB, 0xB8FB, 0xF7F2, 0x5BFC, 0x72BB, 0xC751, 0x895A, 0x2952, 
  0x6962, 0x4852, 0x4952, 0x0852, 0x495A, 0x4952, 0x695A, 0x485A, 0x0852, 0x0852, 0x495A, 0x6962, 0x4962, 0x4952, 0x084A, 0x295A, 
  0x285A, 0x2962, 0xB4EB, 0xB7F3, 0xFEFE, 0xFFFF, 0xFFFF, 0xFFFF, 0xFAF4, 0xB5FB, 0x94EB, 0xB6FB, 0xD6FB, 0x36F4, 0x8D9A, 0x30BB, 
  0x17FC, 0x6A72, 0x484A, 0x6A62, 0x485A, 0xAEA2, 0xFDFD, 0x7AF5, 0xB4EB, 0x2A6A, 0x695A, 0x6962, 0x2852, 0x695A, 0x695A, 0x8A6A, 
  0x6962, 0x485A, 0x895A, 0x8A6A, 0xAB82, 0x4852, 0x8D92, 0xF8FB, 0xF8FA, 0xD8FA, 0x57FB, 0xD7FB, 0xF8F2, 0xBEFE, 0xFFFF, 0xFFFF, 
  0x9DF6, 0x36F3, 0xD6FB, 0xD5FB, 0xD6FB, 0xD6FB, 0x76FB, 0x39F4, 0xFFFF, 0xFFFF, 0xFFFF, 0xDCF5, 0x56F3, 0xD6FB, 0xD6FB, 0xD5FB, 
  0x17EC, 0x9FFF, 0x5FFF, 0xB5AA, 0xCF28, 0x3029, 0x1029, 0x1029, 0x1029, 0x1029, 0x1029, 0x1029, 0x1029, 0x1029, 0x1029, 0x1029, 
  0x1029, 0x1029, 0x1029, 0x1029, 0x1029, 0x1029, 0x1029, 0x1029, 0x1029, 0x1029, 0x1029, 0x1029, 0x1029, 0x1029, 0x1029, 0x1029, 
  0x1029, 0x1029, 0x1029, 0x1029, 0x1029, 0x1029, 0x1029, 0x1029, 0x1029, 0x1029, 0x1029, 0x1029, 0x1029, 0x1029, 0x1029, 0x1029, 
  0x1029, 0x1029, 0x1029, 0x1029, 0x1029, 0x1029, 0x1029, 0x1029, 0x1029, 0x1029, 0x1029, 0x1029, 0x1029, 0x1029, 0x1029, 0x1029, 
  0x1029, 0x1029, 0x1029, 0x1029, 0x1029, 0x1029, 0x1029, 0x1029, 0x1029, 0x1029, 0x1029, 0x1029, 0x1029, 0x1029, 0x1029, 0x1029, 
  0x1029, 0x1029, 0x1029, 0x1029, 0x1029, 0x1029, 0x1029, 0x1029, 0x1029, 0x1021, 0x2F41, 0xB9DC, 0x9FFF, 0x79F4, 0x30BB, 0x085A, 
  0x284A, 0x695A, 0x8962, 0x896A, 0x695A, 0x695A, 0x696A, 0x896A, 0x6962, 0x285A, 0x695A, 0x284A, 0x0852, 0xAA6A, 0x6962, 0x6962, 
  0x285A, 0x4962, 0xAB72, 0x4852, 0xCD9A, 0x93DB, 0x285A, 0x6962, 0xAA6A, 0xCB7A, 0x8A72, 0x6A7A, 0x76F3, 0xAD9A, 0x275A, 0x8D8A, 
  0xB5F3, 0x6B82, 0x8A62, 0x8A72, 0x685A, 0x695A, 0x495A, 0x495A, 0x696A, 0xCA72, 0x6A6A, 0x34EB, 0xFAFC, 0xFFFF, 0xFFFF, 0xFFFF, 
  0x7DF6, 0x97F3, 0xD6FB, 0x56FB, 0x32D3, 0xB3CB, 0x5AED, 0x9DFE, 0x79EC, 0x37FB, 0x38F3, 0xF9FA, 0x11BB, 0x285A, 0x895A, 0x4962, 
  0x8962, 0x0852, 0x495A, 0x2852, 0x0842, 0x284A, 0x4962, 0x6962, 0x284A, 0x495A, 0x896A, 0xC972, 0x8962, 0x4952, 0x4852, 0x496A, 
  0xAA7A, 0x6A72, 0xB4EB, 0x17F4, 0x7FFF, 0xFFFF, 0xFFFF, 0xFFFF, 0xDCED, 0xB6FB, 0xCEAA, 0x52CB, 0xF6FB, 0x16FC, 0xEE9A, 0x0862, 
  0xB4DB, 0xCD92, 0x4852, 0x2952, 0xE649, 0xD0B2, 0x3DFE, 0x5AFD, 0xB5F3, 0x4B7A, 0x6952, 0x485A, 0x4962, 0x4852, 0x695A, 0x2852, 
  0x6962, 0x495A, 0x695A, 0x896A, 0xAB82, 0x4962, 0xE851, 0x73D3, 0x58FB, 0xF8FA, 0x17FB, 0x98FB, 0x56FB, 0x38F4, 0xDFFF, 0xFFFF, 
  0xDFFF, 0x39EC, 0x76FB, 0xF6FB, 0xD6FB, 0xD6FB, 0x96FB, 0xF9F3, 0xBFFF, 0xFFFF, 0xFFFF, 0xBEF6, 0x57F3, 0xB6FB, 0xD6FB, 0xD5FB, 
  0xF7F3, 0x5FFF, 0x9FFF, 0x36B3, 0xD028, 0x3029, 0x0F29, 0x1029, 0x1029, 0x1029, 0x1029, 0x1029, 0x1029, 0x1029, 0x1029, 0x1029, 
  0x1029, 0x1029, 0x1029, 0x1029, 0x1029, 0x1029, 0x1029, 0x1029, 0x1029, 0x1029, 0x1029, 0x1029, 0x1029, 0x1029, 0x1029, 0x1029, 
  0x1029, 0x1029, 0x1029, 0x1029, 0x1029, 0x1029, 0x1029, 0x1029, 0x1029, 0x1029, 0x1029, 0x1029, 0x1029, 0x1029, 0x1029, 0x1029, 
  0x1029, 0x1029, 0x1029, 0x1029, 0x1029, 0x1029, 0x1029, 0x1029, 0x1029, 0x1029, 0x1029, 0x1029, 0x1029, 0x1029, 0x1029, 0x1029, 
  0x1029, 0x1029, 0x1029, 0x1029, 0x1029, 0x1029, 0x1029, 0x1029, 0x1029, 0x1029, 0x1029, 0x1029, 0x1029, 0x1029, 0x1029, 0x1029, 
  0x1029, 0x1029, 0x1029, 0x1029, 0xF028, 0x1029, 0x0F29, 0x1029, 0x1129, 0xCF20, 0x1272, 0x7DFE, 0xBEFE, 0xB6EB, 0xAC8A, 0x6962, 
  0x084A, 0x495A, 0x495A, 0x4962, 0x695A, 0x485A, 0x495A, 0x4962, 0x8A6A, 0xCB7A, 0x6962, 0x695A, 0x0752, 0x495A, 0x8A5A, 0x0852, 
  0x285A, 0x8A6A, 0x2952, 0x274A, 0xEDAA, 0x94DB, 0x4962, 0xA96A, 0x6A62, 0x4A62, 0x896A, 0xCD9A, 0xD6EB, 0x4A7A, 0x485A, 0x72D3, 
  0x71C3, 0x285A, 0x496A, 0x695A, 0x2842, 0x2952, 0x6962, 0x8A6A, 0x8A62, 0x6952, 0xE959, 0x74EB, 0x19F5, 0xFFFF, 0xDFFF, 0xFFFF, 
  0xF9EC, 0x96FB, 0xD3E3, 0x8B8A, 0x696A, 0x4972, 0x0A7A, 0xB6DC, 0x5FFF, 0x59F4, 0xD7F2, 0x19FB, 0x11C3, 0x074A, 0x284A, 0x4852, 
  0x8962, 0x6962, 0x495A, 0x495A, 0x8962, 0x6962, 0x8A7A, 0xAA7A, 0x4852, 0x284A, 0x6962, 0x8A6A, 0x695A, 0x2952, 0x4952, 0x8A72, 
  0xAA7A, 0x8B82, 0xB5F3, 0x58F4, 0xDFFF, 0xFFFF, 0xFFFF, 0xFFFF, 0x1CF6, 0x96FB, 0xCD9A, 0x6B7A, 0xF5FB, 0xD6FB, 0x6C7A, 0x0852, 
  0xAC8A, 0xEC8A, 0x4952, 0x485A, 0x2962, 0x53D3, 0x7EFE, 0x59F5, 0x95FB, 0x6C8A, 0x284A, 0x8962, 0x495A, 0x695A, 0x485A, 0x2752, 
  0x685A, 0x6962, 0x495A, 0x6A6A, 0x696A, 0xEC8A, 0x495A, 0x8C82, 0x97FB, 0xF8FA, 0xF9FA, 0x18FB, 0xB7FB, 0x17F3, 0x3DF6, 0xFFFF, 
  0xFFFF, 0xDCF5, 0x37F3, 0xD6FB, 0xD5FB, 0xF6FB, 0x96FB, 0xF8EB, 0xBFFF, 0xFFFF, 0xFFFF, 0x5FFF, 0x98F3, 0xD6FB, 0xF5FB, 0xD6FB, 
  0xD7F3, 0x3FFF, 0xDFFF, 0x18CC, 0x1031, 0x1021, 0x1029, 0x1029, 0x1029, 0x1029, 0x1029, 0x1029, 0x1029, 0x1029, 0x1029, 0x1029, 
  0x1029, 0x1029, 0x1029, 0x1029, 0x1029, 0x1029, 0x1029, 0x1029, 0x1029, 0x1029, 0x1029, 0x1029, 0x1029, 0x1029, 0x1029, 0x1029, 
  0x1029, 0x1029, 0x1029, 0x1029, 0x1029, 0x1029, 0x1029, 0x1029, 0x1029, 0x1029, 0x1029, 0x1029, 0x1029, 0x1029, 0x1029, 0x1029, 
  0x1029, 0x1029, 0x1029, 0x1029, 0x1029, 0x1029, 0x1029, 0x1029, 0x1029, 0x1029, 0x1029, 0x1029, 0x1029, 0x1029, 0x1029, 0x1029, 
  0x1029, 0x1029, 0x1029, 0x1029, 0x1029, 0x1029, 0x1029, 0x1029, 0x1029, 0x1029, 0x1029, 0x1029, 0x1029, 0x1029, 0x1029, 0x1029, 
  0x1029, 0x1029, 0x1029, 0x1029, 0x1029, 0x1029, 0x0F29, 0xF028, 0x1129, 0x0F29, 0x76B3, 0xBFFF, 0x9AF5, 0x11C3, 0xE851, 0x895A, 
  0x4952, 0x695A, 0x4962, 0x6962, 0x6962, 0x8972, 0x4852, 0x695A, 0x285A, 0x4862, 0x6962, 0x485A, 0x696A, 0xAA72, 0x8962, 0x6962, 
  0x8962, 0x896A, 0x495A, 0x6962, 0xACA2, 0xB5EB, 0x4A72, 0x6862, 0x485A, 0x695A, 0x4862, 0x30C3, 0x73D3, 0x285A, 0x496A, 0xD3EB, 
  0x8D92, 0x8A6A, 0x896A, 0x6962, 0x495A, 0x485A, 0x6962, 0x8A72, 0x4962, 0xE741, 0xAC82, 0x95F3, 0x7BF5, 0xFFFF, 0xFFFF, 0x9DFE, 
  0xB6F3, 0xF6FB, 0x8C8A, 0x4852, 0x496A, 0x6962, 0x2852, 0x0A82, 0x37E5, 0x1FFF, 0x17F3, 0x19FB, 0x13D3, 0x285A, 0x495A, 0x285A, 
  0x0852, 0x295A, 0x284A, 0x2852, 0x495A, 0x8962, 0x8A72, 0x495A, 0x495A, 0x2852, 0x495A, 0x8A62, 0x6952, 0xE741, 0x6952, 0xAA6A, 
  0x085A, 0x6B7A, 0xB5FB, 0x98F4, 0xFFFF, 0xFFFF, 0xFFFF, 0xFFFF, 0xDBED, 0x95F3, 0x8C8A, 0x0852, 0x51CB, 0xF5F3, 0x6B6A, 0x2852, 
  0x085A, 0x6A6A, 0x0852, 0x074A, 0xCD9A, 0x16F4, 0xDEFE, 0xD8F4, 0xB6FB, 0xCD92, 0x6852, 0x2852, 0x495A, 0x4962, 0x696A, 0x696A, 
  0x6962, 0x8A6A, 0x485A, 0x485A, 0x8962, 0x2862, 0x6852, 0x495A, 0x52D3, 0x58FB, 0xF9F2, 0xD8FA, 0x97FB, 0x77FB, 0x19F4, 0xBFFF, 
  0xFFFF, 0x5FFF, 0x98EB, 0xB6FB, 0xF5FB, 0xD6FB, 0x96FB, 0xF8EB, 0xBFFF, 0xFFFF, 0xFFFF, 0x9FFF, 0x98F3, 0xB6FB, 0xF5FB, 0xD6FB, 
  0xB7F3, 0xFEFE, 0xFFFF, 0x38C4, 0xCF30, 0x1021, 0x1029, 0x1029, 0x1029, 0x1029, 0x1029, 0x1029, 0x1029, 0x1029, 0x1029, 0x1029, 
  0x1029, 0x1029, 0x1029, 0x1029, 0x1029, 0x1029, 0x1029, 0x1029, 0x1029, 0x1029, 0x1029, 0x1029, 0x1029, 0x1029, 0x1029, 0x1029, 
  0x1029, 0x1029, 0x1029, 0x1029, 0x1029, 0x1029, 0x1029, 0x1029, 0x1029, 0x1029, 0x1029, 0x1029, 0x1029, 0x1029, 0x1029, 0x1029, 
  0x1029, 0x1029, 0x1029, 0x1029, 0x1029, 0x1029, 0x1029, 0x1029, 0x1029, 0x1029, 0x1029, 0x1029, 0x1029, 0x1029, 0x1029, 0x1029, 
  0x1029, 0x1029, 0x1029, 0x1029, 0x1029, 0x1029, 0x1029, 0x1029, 0x1029, 0x1029, 0x1029, 0x1029, 0x1029, 0x1029, 0x1029, 0x1029, 
  0x1029, 0x1029, 0x1029, 0x1029, 0x1029, 0x1029, 0x1029, 0x1029, 0xF020, 0x2F41, 0x1AE5, 0x7FFF, 0x57F4, 0x8C9A, 0x4962, 0x6A62, 
  0x4852, 0x485A, 0x6862, 0x8A6A, 0x6962, 0xAA6A, 0x8962, 0x485A, 0x695A, 0x4852, 0x6962, 0x6962, 0x8A6A, 0x896A, 0x4862, 0xCA72, 
  0x896A, 0xA96A, 0x6962, 0x6962, 0xEDA2, 0xF6FB, 0xAD92, 0xAA72, 0x6962, 0x6962, 0x685A, 0x52CB, 0x10B3, 0x4752, 0x0E9B, 0x92DB, 
  0x2A7A, 0x6962, 0x6962, 0x8A6A, 0x8A6A, 0x285A, 0x8962, 0x4962, 0x4962, 0x2962, 0x53D3, 0xD6F3, 0x5EFF, 0xFFFF, 0x1EF7, 0x16EC, 
  0xF7FB, 0x30B3, 0x485A, 0xAA62, 0x8A6A, 0x6A6A, 0x4A62, 0x0852, 0xCE9A, 0x1FFF, 0xBAF4, 0xD8FA, 0x56F3, 0xAB7A, 0x6862, 0x495A, 
  0x6B5A, 0x2852, 0x6952, 0x2962, 0x4962, 0x495A, 0x2852, 0x0742, 0x2852, 0x295A, 0x2852, 0x074A, 0x284A, 0x484A, 0x495A, 0x4852, 
  0x284A, 0xAD82, 0xD6FB, 0xB8F4, 0xFFFF, 0xFFFF, 0xFFFF, 0xFFFF, 0x5AF5, 0xB5EB, 0x2A7A, 0x084A, 0x8D8A, 0xD3DB, 0x0962, 0xAA6A, 
  0x8852, 0x0852, 0x4852, 0x6A62, 0x51D3, 0x98FC, 0x3FFF, 0x17F4, 0xF6FB, 0x6C82, 0xE741, 0x6952, 0x2852, 0x6962, 0x0C83, 0x696A, 
  0x8A6A, 0x8A6A, 0x495A, 0x695A, 0xAA62, 0x495A, 0x4852, 0x485A, 0x4B82, 0xB6F3, 0x18FB, 0xF8FA, 0x18F3, 0xB7FB, 0x17F3, 0x7DFE, 
  0xFFFF, 0xFFFF, 0xDBF4, 0x56F3, 0xF5FB, 0xF6FB, 0x96FB, 0xF8EB, 0xBFFF, 0xFFFF, 0xFFFF, 0x7FFF, 0xB8F3, 0xB6FB, 0xF5FB, 0xF5FB, 
  0x76F3, 0x9DFE, 0xFFFF, 0xDADC, 0x3149, 0x0F21, 0x1029, 0x1029, 0x1029, 0x1029, 0x1029, 0x1029, 0x1029, 0x1029, 0x1029, 0x1029, 
  0x1029, 0x1029, 0x1029, 0x1029, 0x1029, 0x1029, 0x1029, 0x1029, 0x1029, 0x1029, 0x1029, 0x1029, 0x1029, 0x1029, 0x1029, 0x1029, 
  0x1029, 0x1029, 0x1029, 0x1029, 0x1029, 0x1029, 0x1029, 0x1029, 0x1029, 0x1029, 0x1029, 0x1029, 0x1029, 0x1029, 0x1029, 0x1029, 
  0x1029, 0x1029, 0x1029, 0x1029, 0x1029, 0x1029, 0x1029, 0x1029, 0x1029, 0x1029, 0x1029, 0x1029, 0x1029, 0x1029, 0x1029, 0x1029, 
  0x1029, 0x1029, 0x1029, 0x1029, 0x1029, 0x1029, 0x1029, 0x1029, 0x1029, 0x1029, 0x1029, 0x1029, 0x1029, 0x1029, 0x1029, 0x1029, 
  0x1029, 0x1029, 0x1029, 0x1029, 0x1029, 0x1029, 0x1029, 0x1029, 0x0F21, 0x7392, 0xDDFE, 0x7DFE, 0x32D3, 0x8A82, 0x6962, 0x6A62, 
  0x0852, 0x0B7B, 0xA972, 0x2862, 0x6962, 0x8962, 0x8A6A, 0x6962, 0x8962, 0x895A, 0x695A, 0x295A, 0x2852, 0x2852, 0x6962, 0x4962, 
  0x6A6A, 0x6A6A, 0x495A, 0x485A, 0x6B82, 0x37FC, 0xCEB2, 0x485A, 0xAA6A, 0xCB82, 0x8962, 0x72D3, 0xCD9A, 0x6862, 0x30C3, 0x0FB3, 
  0x696A, 0xCB7A, 0x8962, 0x8962, 0x285A, 0x495A, 0x484A, 0x6A62, 0x8C82, 0x52D3, 0x17F4, 0xBEF6, 0x9FFF, 0x1BF6, 0xF6EB, 0xB6FB, 
  0xD5F3, 0x4A82, 0x696A, 0x696A, 0x6952, 0x4852, 0x2852, 0x4852, 0x6C8A, 0x7CFE, 0xDCF5, 0x97F2, 0x78FB, 0xCFAA, 0x0752, 0x485A, 
  0x494A, 0x074A, 0x695A, 0x8962, 0x685A, 0x8A7A, 0xEC92, 0x696A, 0x6952, 0x695A, 0x4852, 0x2852, 0x695A, 0x495A, 0x4962, 0x4962, 
  0x084A, 0xAD8A, 0xD6FB, 0xB8F4, 0xFFFF, 0xFFFF, 0xFFFF, 0xFFFF, 0xB9FC, 0x53D3, 0x4A72, 0x695A, 0x6B7A, 0x0FB3, 0x4A72, 0xAB7A, 
  0xA96A, 0x284A, 0x2852, 0xCE92, 0x94FB, 0x7AFD, 0xFEFE, 0x96F3, 0x16FC, 0x4B72, 0xE741, 0x484A, 0x284A, 0x4852, 0x485A, 0x285A, 
  0x495A, 0x2852, 0x495A, 0x2952, 0x295A, 0x2952, 0xE849, 0x285A, 0x084A, 0x30BB, 0x78FB, 0xF8FA, 0xD8FA, 0x77FB, 0x57FB, 0x99EC, 
  0xFFFF, 0xFFFF, 0x9DFE, 0x37F3, 0xD6FB, 0xF6FB, 0x96FB, 0xF8F3, 0xBFFF, 0xFFFF, 0xFFFF, 0x3EFF, 0x77F3, 0xD6FB, 0xD6FB, 0xF5FB, 
  0x56F3, 0x9EFE, 0xFFFF, 0x5CE5, 0x5151, 0x0F21, 0x1029, 0x1029, 0x1029, 0x1029, 0x1029, 0x1029, 0x1029, 0x1029, 0x1029, 0x1029, 
  0x1029, 0x1029, 0x1029, 0x1029, 0x1029, 0x1029, 0x1029, 0x1029, 0x1029, 0x1029, 0x1029, 0x1029, 0x1029, 0x1029, 0x1029, 0x1029, 
  0x1029, 0x1029, 0x1029, 0x1029, 0x1029, 0x1029, 0x1029, 0x1029, 0x1029, 0x1029, 0x1029, 0x1029, 0x1029, 0x1029, 0x1029, 0x1029, 
  0x1029, 0x1029, 0x1029, 0x1029, 0x1029, 0x1029, 0x1029, 0x1029, 0x1029, 0x1029, 0x1029, 0x1029, 0x1029, 0x1029, 0x1029, 0x1029, 
  0x1029, 0x1029, 0x1029, 0x1029, 0x1029, 0x1029, 0x1029, 0x1029, 0x1029, 0x1029, 0x1029, 0x1029, 0x1029, 0x1029, 0x1029, 0x1029, 
  0x1029, 0x1029, 0x1029, 0x1029, 0x1029, 0x1029, 0x1029, 0x1029, 0x0F31, 0x17C4, 0xBFFF, 0x19F5, 0x6C8A, 0x0752, 0x495A, 0x485A, 
  0x085A, 0x8A7A, 0x0C93, 0xAA7A, 0xAA72, 0x4862, 0x696A, 0x6962, 0x2852, 0x695A, 0x4952, 0x2852, 0x695A, 0x695A, 0x8962, 0x6962, 
  0x495A, 0x695A, 0x695A, 0x485A, 0x2962, 0xD5EB, 0x72D3, 0x285A, 0x2852, 0x496A, 0x496A, 0x72D3, 0x6A7A, 0x4962, 0x91CB, 0x4A6A, 
  0x8A72, 0x8A7A, 0x4852, 0x8A6A, 0x686A, 0x686A, 0x4A72, 0xD0B2, 0x97F3, 0x98FB, 0x7BFD, 0xDBF5, 0x99F4, 0x75F3, 0xD6FB, 0xF6FB, 
  0xEEAA, 0xCB8A, 0xA96A, 0x2862, 0x4962, 0x495A, 0x2852, 0xCA72, 0x8FAA, 0x5CFE, 0xDCF5, 0x98F2, 0x18FB, 0x96EB, 0x6C8A, 0x4962, 
  0x895A, 0x4852, 0x8A62, 0x8A6A, 0x8962, 0x696A, 0xCB8A, 0x696A, 0x4852, 0x695A, 0x2852, 0x495A, 0x6A62, 0x8A6A, 0x4962, 0x6A6A, 
  0x895A, 0x8D92, 0xD6FB, 0x37F4, 0xBFFF, 0xFFFF, 0xFFFF, 0x7FFF, 0x17FC, 0x51CB, 0x2852, 0x4852, 0xAA6A, 0x6A72, 0x285A, 0x695A, 
  0x6962, 0x496A, 0x2A72, 0x93DB, 0x96FB, 0xBDF6, 0x1CFE, 0x76FB, 0xF5EB, 0x6B72, 0x4952, 0x695A, 0x695A, 0x6962, 0x285A, 0x695A, 
  0x895A, 0x284A, 0x4952, 0x0742, 0x495A, 0x4952, 0x6952, 0x4952, 0x284A, 0x6A72, 0xB6EB, 0xF8FA, 0xD9FA, 0x18FB, 0x97FB, 0x57F3, 
  0xFEFE, 0xFFFF, 0xBFFF, 0xF9F3, 0x96FB, 0xF6FB, 0x96FB, 0xF8F3, 0x9FFF, 0xFFFF, 0xFFFF, 0xBEF6, 0x77F3, 0xF6FB, 0xF6FB, 0xD6FB, 
  0x37F3, 0x9EFE, 0xFFFF, 0x9CED, 0x1151, 0x0F21, 0x1029, 0x1029, 0x1029, 0x1029, 0x1029, 0x1029, 0x1029, 0x1029, 0x1029, 0x1029, 
  0x1029, 0x1029, 0x1029, 0x1029, 0x1029, 0x1029, 0x1029, 0x1029, 0x1029, 0x1029, 0x1029, 0x1029, 0x1029, 0x1029, 0x1029, 0x1029, 
  0x1029, 0x1029, 0x1029, 0x1029, 0x1029, 0x1029, 0x1029, 0x1029, 0x1029, 0x1029, 0x1029, 0x1029, 0x1029, 0x1029, 0x1029, 0x1029, 
  0x1029, 0x1029, 0x1029, 0x1029, 0x1029, 0x1029, 0x1029, 0x1029, 0x1029, 0x1029, 0x1029, 0x1029, 0x1029, 0x1029, 0x1029, 0x1029, 
  0x1029, 0x1029, 0x1029, 0x1029, 0x1029, 0x1029, 0x1029, 0x1029, 0x1029, 0x1029, 0x1029, 0x1029, 0x1029, 0x1029, 0x1029, 0x1029, 
  0x1029, 0x1029, 0x1029, 0x1029, 0x1029, 0x1029, 0x1029, 0xF020, 0x5051, 0xDBE5, 0x5FFF, 0x93CB, 0x085A, 0x294A, 0x895A, 0x8A6A, 
  0x6962, 0x6962, 0x8972, 0xAA72, 0x4962, 0x6962, 0x485A, 0x695A, 0x695A, 0x0852, 0x695A, 0x495A, 0x8A62, 0x4962, 0xAA72, 0x8962, 
  0x4852, 0x284A, 0x6A5A, 0x485A, 0x285A, 0x74E3, 0xF5F3, 0x2A6A, 0x294A, 0x6962, 0xCB82, 0x51C3, 0x6962, 0x6A72, 0xEE92, 0x2862, 
  0xA96A, 0x485A, 0x085A, 0x6B7A, 0xCEA2, 0x72CB, 0x16F4, 0xD6FB, 0x56F3, 0x36EB, 0x14EB, 0x13E3, 0x16FC, 0xF7FB, 0xD4E3, 0xAC82, 
  0x496A, 0x8962, 0xCA6A, 0x896A, 0x8A72, 0x8A6A, 0xAA72, 0x8A7A, 0x33CB, 0xDEFE, 0xBAF4, 0xB8F2, 0x19FB, 0x18FB, 0x97F3, 0xED9A, 
  0x696A, 0x285A, 0x084A, 0x495A, 0x6A62, 0x4852, 0x495A, 0x485A, 0x4852, 0x285A, 0xAB72, 0x6962, 0x8A6A, 0x696A, 0x4952, 0x2852, 
  0x4852, 0xAC92, 0xF6FB, 0xB7EB, 0x3EF7, 0xFFFF, 0xFFFF, 0x3BF6, 0xB6FB, 0x10BB, 0x285A, 0x495A, 0x495A, 0x484A, 0x0742, 0x074A, 
  0x4A62, 0x8C92, 0x92D3, 0xF6FB, 0xB7F3, 0x7FFF, 0x1AF5, 0x96FB, 0xD4E3, 0x096A, 0x4952, 0x695A, 0x696A, 0x6A6A, 0x495A, 0x8962, 
  0x8962, 0x2852, 0x2852, 0x4852, 0xAA72, 0x496A, 0x895A, 0x6962, 0x496A, 0xE849, 0x10BB, 0x78FB, 0xF9FA, 0xF9FA, 0x77FB, 0x37FB, 
  0xDBF4, 0xFFFF, 0xFFFF, 0x9CF5, 0x36F3, 0x16FC, 0xB6FB, 0x97EB, 0x5EFF, 0xFFFF, 0xFFFF, 0x5DF6, 0x56F3, 0xD5FB, 0xD6FB, 0xD7FB, 
  0x17F3, 0x9DFE, 0xFFFF, 0xFDF5, 0x1051, 0x0F21, 0x1029, 0x1029, 0x1029, 0x1029, 0x1029, 0x1029, 0x1029, 0x1029, 0x1029, 0x1029, 
  0x1029, 0x1029, 0x1029, 0x1029, 0x1029, 0x1029, 0x1029, 0x1029, 0x1029, 0x1029, 0x1029, 0x1029, 0x1029, 0x1029, 0x1029, 0x1029, 
  0x1029, 0x1029, 0x1029, 0x1029, 0x1029, 0x1029, 0x1029, 0x1029, 0x1029, 0x1029, 0x1029, 0x1029, 0x1029, 0x1029, 0x1029, 0x1029, 
  0x1029, 0x1029, 0x1029, 0x1029, 0x1029, 0x1029, 0x1029, 0x1029, 0x1029, 0x1029, 0x1029, 0x1029, 0x1029, 0x1029, 0x1029, 0x1029, 
  0x1029, 0x1029, 0x1029, 0x1029, 0x1029, 0x1029, 0x1029, 0x1029, 0x1029, 0x1029, 0x1029, 0x1029, 0x1029, 0x1029, 0x1029, 0x1029, 
  0x1029, 0x1029, 0x1029, 0x1029, 0xF030, 0x1029, 0x2F29, 0xCF20, 0xB492, 0x5FFF, 0x1BF6, 0x6D9A, 0x284A, 0x4852, 0x6962, 0x4962, 
  0x8A6A, 0x4962, 0x6962, 0x4852, 0x074A, 0x2852, 0x485A, 0x895A, 0x495A, 0x6962, 0xEB72, 0x2852, 0x6962, 0x8A6A, 0x485A, 0x4952, 
  0xC739, 0xC729, 0x495A, 0x8A72, 0x695A, 0x73D3, 0xF6F3, 0x2A6A, 0x4952, 0x4962, 0x696A, 0x8B72, 0x6962, 0x8A72, 0x897A, 0x896A, 
  0x4862, 0xAD92, 0x52D3, 0xD4EB, 0xD7FB, 0x55FB, 0x12E3, 0xF3E2, 0x14DB, 0x15EB, 0x56FB, 0xF6FB, 0xB3E3, 0xEEAA, 0x096A, 0x0742, 
  0x495A, 0x495A, 0x485A, 0x485A, 0x0752, 0x295A, 0x496A, 0xAD9A, 0x38F4, 0x9CF5, 0x37F3, 0xF8FA, 0x19FB, 0xF8FA, 0xF8FA, 0x56EB, 
  0x33DB, 0xAD9A, 0x2952, 0xE741, 0x0842, 0x4952, 0x6962, 0x6962, 0x896A, 0xAA6A, 0x8962, 0x485A, 0x6962, 0x4952, 0x284A, 0x285A, 
  0x6B7A, 0x93DB, 0xD7FB, 0xB7EB, 0x3FFF, 0xFFFF, 0xDEF6, 0x37F4, 0xD6FB, 0x8C82, 0x484A, 0x0852, 0x4962, 0x4962, 0x2A6A, 0xCEA2, 
  0x73D3, 0xD5F3, 0x16FC, 0xD4F3, 0x19FC, 0x7FFF, 0x77EC, 0xD6FB, 0x92D3, 0x0852, 0x495A, 0x285A, 0x6962, 0xAA72, 0x6962, 0x695A, 
  0x4852, 0x6962, 0x6962, 0x285A, 0x696A, 0x4962, 0x4852, 0x8A6A, 0x4962, 0x695A, 0x6B82, 0xB6F3, 0x18FB, 0xF9FA, 0xF8FA, 0x77FB, 
  0x77EB, 0xFEFE, 0xFFFF, 0x3EFF, 0x77F3, 0xD6FB, 0xF6FB, 0x37F3, 0x7DFE, 0xFFFF, 0xFFFF, 0xBCF5, 0x56F3, 0xF5FB, 0xD5FB, 0x97FB, 
  0x38F3, 0xFEFE, 0xFFFF, 0x5DEE, 0x1049, 0x1021, 0x1029, 0x1029, 0x1029, 0x1029, 0x1029, 0x1029, 0x1029, 0x1029, 0x1029, 0x1029, 
  0x1029, 0x1029, 0x1029, 0x1029, 0x1029, 0x1029, 0x1029, 0x1029, 0x1029, 0x1029, 0x1029, 0x1029, 0x1029, 0x1029, 0x1029, 0x1029, 
  0x1029, 0x1029, 0x1029, 0x1029, 0x1029, 0x1029, 0x1029, 0x1029, 0x1029, 0x1029, 0x1029, 0x1029, 0x1029, 0x1029, 0x1029, 0x1029, 
  0x1029, 0x1029, 0x1029, 0x1029, 0x1029, 0x1029, 0x1029, 0x1029, 0x1029, 0x1029, 0x1029, 0x1029, 0x1029, 0x1029, 0x1029, 0x1029, 
  0x1029, 0x1029, 0x1029, 0x1029, 0x1029, 0x1029, 0x1029, 0x1029, 0x1029, 0x1029, 0x1029, 0x1029, 0x1029, 0x1029, 0x1029, 0x1029, 
  0x1029, 0x1029, 0x1029, 0x1029, 0x1029, 0x1029, 0x0F21, 0x3041, 0x79DC, 0xBFFF, 0x55DC, 0x0A72, 0x8962, 0x895A, 0x695A, 0x4852, 
  0x8A72, 0x6A6A, 0x695A, 0x2852, 0x4852, 0x284A, 0x695A, 0x8962, 0x2852, 0x8A62, 0x4962, 0x0852, 0x485A, 0x495A, 0x485A, 0x8962, 
  0x084A, 0xE839, 0x4952, 0x2862, 0x0862, 0x73DB, 0xF5EB, 0x6A72, 0x896A, 0x696A, 0x2852, 0x4852, 0x2852, 0x8A72, 0x6972, 0x8B8A, 
  0x51CB, 0xF6FB, 0xD6FB, 0xF6FB, 0x76EC, 0xB7EC, 0xD9F4, 0x19FC, 0x58FB, 0x97F3, 0x72D3, 0xCD9A, 0x095A, 0xE741, 0xE749, 0x295A, 
  0x4962, 0x896A, 0x6962, 0x4852, 0x8A62, 0x8962, 0x4A72, 0xB6EB, 0x38FB, 0x19F3, 0xD8FA, 0xF8FA, 0xF9FA, 0xD8FA, 0xBBF4, 0x3CFD, 
  0x1AFC, 0x97F3, 0x33D3, 0xAEA2, 0x4A72, 0x4862, 0xA96A, 0x8962, 0x896A, 0x495A, 0x284A, 0x8A6A, 0xAA7A, 0x296A, 0xCEA2, 0x72CB, 
  0xF5F3, 0xD7FB, 0x36FB, 0x77EB, 0x3BF5, 0xD9EC, 0x97F3, 0x75EB, 0x2D9A, 0x096A, 0x8C8A, 0x8FA2, 0x32C3, 0x55E3, 0x97FB, 0x78FB, 
  0x58FB, 0x97FB, 0xD6FB, 0x95FB, 0x39F4, 0x5FFF, 0xF7EB, 0xF6FB, 0x51C3, 0x495A, 0x6962, 0xAA62, 0x695A, 0x285A, 0x2852, 0x4852, 
  0x695A, 0x8962, 0x6962, 0x495A, 0x495A, 0x695A, 0x284A, 0x285A, 0x4852, 0x695A, 0xE751, 0xF0B2, 0x98FB, 0xF8FA, 0xF9FA, 0x77FB, 
  0x56FB, 0x9AEC, 0xDFFF, 0xDFFF, 0x9AF4, 0x56FB, 0x16FC, 0x36FB, 0x3BF5, 0xFFFF, 0xFFFF, 0x9CF5, 0x37F3, 0xF5FB, 0xD5FB, 0x57FB, 
  0x58EB, 0x1EFF, 0xFFFF, 0x9EF6, 0x1049, 0x1021, 0x1029, 0x1029, 0x1029, 0x1029, 0x1029, 0x1029, 0x1029, 0x1029, 0x1029, 0x1029, 
  0x1029, 0x1029, 0x1029, 0x1029, 0x1029, 0x1029, 0x1029, 0x1029, 0x1029, 0x1029, 0x1029, 0x1029, 0x1029, 0x1029, 0x1029, 0x1029, 
  0x1029, 0x1029, 0x1029, 0x1029, 0x1029, 0x1029, 0x1029, 0x1029, 0x1029, 0x1029, 0x1029, 0x1029, 0x1029, 0x1029, 0x1029, 0x1029, 
  0x1029, 0x1029, 0x1029, 0x1029, 0x1029, 0x1029, 0x1029, 0x1029, 0x1029, 0x1029, 0x1029, 0x1029, 0x1029, 0x1029, 0x1029, 0x1029, 
  0x1029, 0x1029, 0x1029, 0x1029, 0x1029, 0x1029, 0x1029, 0x1029, 0x1029, 0x1029, 0x1029, 0x1029, 0x1029, 0x1029, 0x1029, 0x1029, 
  0x1029, 0x1029, 0x1029, 0x1029, 0x1029, 0x1029, 0xCF20, 0x1262, 0x5DFE, 0xDEFE, 0xCFAA, 0x2962, 0xA962, 0x485A, 0x896A, 0xAA72, 
  0x0752, 0x8962, 0x495A, 0x485A, 0x2852, 0x6962, 0x8A62, 0x2852, 0x284A, 0x2852, 0x4952, 0x6962, 0x285A, 0x8A6A, 0x8A6A, 0x8A6A, 
  0x8A72, 0x4962, 0x4852, 0x8962, 0x8C8A, 0x16FC, 0x31C3, 0x2852, 0x696A, 0xCA72, 0x495A, 0x085A, 0x2A72, 0xCEA2, 0x72CB, 0xB6EB, 
  0x77FB, 0x17FB, 0xB8F3, 0x5BED, 0x7DF5, 0x5CFD, 0xDAF4, 0xB6EB, 0x10BB, 0x8C82, 0x085A, 0x085A, 0x096A, 0xCE9A, 0x92B3, 0xB3CB, 
  0x52C3, 0xCEA2, 0xAC82, 0x285A, 0x285A, 0x2852, 0x30BB, 0x97FB, 0xD8FA, 0xD9FA, 0xF8FA, 0xF8FA, 0x19FB, 0xD8FA, 0xF9EB, 0x1EF7, 
  0xFFFF, 0x1FFF, 0xDCFD, 0x99F4, 0xB5EB, 0x12D3, 0xCFB2, 0x8EA2, 0x4B92, 0x8B8A, 0x6A72, 0x4A7A, 0xAEAA, 0x73EB, 0xB5FB, 0xB5FB, 
  0x95FB, 0x75FB, 0x76FB, 0x56FB, 0x55FB, 0x74FB, 0xB4F3, 0x33E3, 0x54CB, 0x57EC, 0x19ED, 0xDAFC, 0x58FB, 0x19FB, 0xF8FA, 0xF9FA, 
  0xD9FA, 0x18FB, 0xB6FB, 0x76FB, 0x39F4, 0xFEFE, 0x96F3, 0x16FC, 0xCEAA, 0x2852, 0x8A62, 0x0852, 0x284A, 0x2852, 0x695A, 0x695A, 
  0x485A, 0x485A, 0x2852, 0x695A, 0x495A, 0x074A, 0x695A, 0x8A62, 0x074A, 0x895A, 0x6852, 0x6A72, 0xD6F3, 0x17FB, 0xF9FA, 0xF8FA, 
  0x97FB, 0x36EB, 0x3DF6, 0xFFFF, 0x3DFE, 0x17F3, 0xD6FB, 0xB5FB, 0xF8EB, 0x9FFF, 0xFFFF, 0xDCF5, 0x37F3, 0xD6FB, 0xD6FB, 0x37FB, 
  0x78EB, 0x5FFF, 0xFFFF, 0xDEF6, 0x5149, 0x1021, 0x1029, 0x1029, 0x1029, 0x1029, 0x1029, 0x1029, 0x1029, 0x1029, 0x1029, 0x1029, 
  0x1029, 0x1029, 0x1029, 0x1029, 0x1029, 0x1029, 0x1029, 0x1029, 0x1029, 0x1029, 0x1029, 0x1029, 0x1029, 0x1029, 0x1029, 0x1029, 
  0x1029, 0x1029, 0x1029, 0x1029, 0x1029, 0x1029, 0x1029, 0x1029, 0x1029, 0x1029, 0x1029, 0x1029, 0x1029, 0x1029, 0x1029, 0x1029, 
  0x1029, 0x1029, 0x1029, 0x1029, 0x1029, 0x1029, 0x1029, 0x1029, 0x1029, 0x1029, 0x1029, 0x1029, 0x1029, 0x1029, 0x1029, 0x1029, 
  0x1029, 0x1029, 0x1029, 0x1029, 0x1029, 0x1029, 0x1029, 0x1029, 0x1029, 0x1029, 0x1029, 0x1029, 0x1029, 0x1029, 0x1029, 0x1029, 
  0x1029, 0x1029, 0x1029, 0x1029, 0x1029, 0x1029, 0xCF20, 0x55AB, 0xBFFF, 0x59E5, 0x4B7A, 0x8962, 0x8962, 0x496A, 0x696A, 0xCB82, 
  0x696A, 0x8A62, 0x8A6A, 0x895A, 0x4852, 0x8A62, 0x285A, 0x2852, 0x2852, 0x4952, 0x695A, 0x695A, 0x6962, 0x8962, 0x4962, 0x6962, 
  0x8962, 0x485A, 0xCB82, 0x496A, 0x51C3, 0x15EC, 0x2A6A, 0x285A, 0x896A, 0xAA6A, 0xCC82, 0x91BB, 0x15EC, 0x36FC, 0x17FC, 0xB7FB, 
  0x58FB, 0x58FB, 0xB8FB, 0xF7F3, 0xD5EB, 0x33DB, 0x8D92, 0x096A, 0x4A6A, 0x074A, 0x4A72, 0x51BB, 0xD9EC, 0xBCFD, 0x3CFD, 0xDBF4, 
  0x7BFC, 0xB9FB, 0x36EB, 0xAFA2, 0x274A, 0x2852, 0x52D3, 0x77FB, 0xF8F2, 0xF9FA, 0xF9F2, 0xF8FA, 0x19FB, 0xF9FA, 0xB9FA, 0xF9F2, 
  0x9BF4, 0x9CF6, 0xBFFF, 0xBFFF, 0x5FFF, 0x5DFE, 0x7BF5, 0xB8F4, 0x57F4, 0x17EC, 0x15DC, 0x97EC, 0xB9FC, 0x19F5, 0x39F5, 0x19F5, 
  0x19FD, 0xF8F4, 0xD8F4, 0xD8FC, 0xD8FC, 0xF9F4, 0x7AF5, 0x5CFE, 0xDEFE, 0x5DFE, 0x1BF5, 0xB9F3, 0xF9FA, 0xD9FA, 0xF9FA, 0xF8FA, 
  0xF8FA, 0x18FB, 0xD6FB, 0x57F3, 0xF9F3, 0x5DFE, 0x76F3, 0x16FC, 0xEE9A, 0x695A, 0x285A, 0x2852, 0x695A, 0x695A, 0x6962, 0x495A, 
  0x4962, 0x8A62, 0x8A6A, 0x495A, 0x895A, 0x4952, 0x2852, 0x695A, 0x495A, 0x4952, 0x4852, 0xE749, 0xF1BA, 0x78FB, 0xD8FA, 0xF9FA, 
  0x58FB, 0x97FB, 0xB8F3, 0x9FFF, 0x9FFF, 0x99EB, 0x76FB, 0xF5FB, 0x37F3, 0x7EFE, 0xFFFF, 0x5DF6, 0x37F3, 0xB6FB, 0xF6FB, 0x17FB, 
  0x98EB, 0x7FFF, 0xFFFF, 0xFEEE, 0x5041, 0xF020, 0x1029, 0x1029, 0x1029, 0x1029, 0x1029, 0x1029, 0x1029, 0x1029, 0x1029, 0x1029, 
  0x1029, 0x1029, 0x1029, 0x1029, 0x1029, 0x1029, 0x1029, 0x1029, 0x1029, 0x1029, 0x1029, 0x1029, 0x1029, 0x1029, 0x1029, 0x1029, 
  0x1029, 0x1029, 0x1029, 0x1029, 0x1029, 0x1029, 0x1029, 0x1029, 0x1029, 0x1029, 0x1029, 0x1029, 0x1029, 0x1029, 0x1029, 0x1029, 
  0x1029, 0x1029, 0x1029, 0x1029, 0x1029, 0x1029, 0x1029, 0x1029, 0x1029, 0x1029, 0x1029, 0x1029, 0x1029, 0x1029, 0x1029, 0x1029, 
  0x1029, 0x1029, 0x1029, 0x1029, 0x1029, 0x1029, 0x1029, 0x1029, 0x1029, 0x1029, 0x1029, 0x1029, 0x1029, 0x1029, 0x1029, 0x1029, 
  0x1029, 0x1029, 0x1029, 0x1029, 0x1029, 0x1129, 0x0F39, 0xFADC, 0x9FFF, 0x71AB, 0x285A, 0xA962, 0xAB82, 0x6A7A, 0x8A6A, 0x8962, 
  0x896A, 0x4852, 0x4852, 0x4962, 0x2862, 0x495A, 0x695A, 0x6962, 0x8A62, 0x2852, 0x2852, 0x495A, 0x6962, 0x6962, 0x6962, 0x6962, 
  0x285A, 0x6862, 0x8A72, 0x2EAB, 0xB2E3, 0xCC92, 0x8A72, 0x695A, 0x8962, 0x285A, 0x6A72, 0x8C8A, 0x8D92, 0xEE9A, 0x30BB, 0x51CB, 
  0x92CB, 0x51CB, 0x10BB, 0xAD92, 0x6A7A, 0x4852, 0xC741, 0xCD82, 0x6B82, 0xADAA, 0x36EC, 0x1DFE, 0x1AED, 0x98F3, 0x37F3, 0x16F3, 
  0x17F3, 0x38F3, 0xF9FA, 0x59FB, 0x12BB, 0x4962, 0xCC9A, 0xF6FB, 0x77FB, 0x17FB, 0x57FB, 0x57FB, 0x77FB, 0x57FB, 0x37FB, 0xF7FA, 
  0xB7FA, 0xB8F2, 0x58F3, 0x9AEC, 0x1CF6, 0x1EFF, 0x9FFF, 0xFFFF, 0xFFFF, 0xFFFF, 0xBFFF, 0xBEFE, 0x7DFE, 0x5DFE, 0x3DFE, 0x1DFE, 
  0x5EFE, 0x7EFE, 0xBEFE, 0xBEFE, 0xBEFE, 0x9EFE, 0x3DFE, 0x5BF5, 0x19EC, 0x17F3, 0xD7FA, 0x18FB, 0x18F3, 0xF8FA, 0xF8FA, 0xF8FA, 
  0xF8FA, 0x38FB, 0x97FB, 0xF6FA, 0xF9F3, 0x5BF5, 0x76FB, 0x16FC, 0x8C82, 0x495A, 0x285A, 0x6962, 0x4952, 0x2852, 0x495A, 0x485A, 
  0x495A, 0x495A, 0x6962, 0x6962, 0x495A, 0x2852, 0x495A, 0x695A, 0x495A, 0x2852, 0x495A, 0x0852, 0x4B72, 0xB6F3, 0x38FB, 0xF9FA, 
  0xF8FA, 0xB7FB, 0x16FB, 0xDAF4, 0xFFFF, 0xFBF4, 0x17FB, 0x16FC, 0x56FB, 0xBAF4, 0xFFFF, 0x1EFF, 0x57F3, 0xB6FB, 0xF6FB, 0x17FB, 
  0x58EB, 0x3FFF, 0xFFFF, 0x3EEF, 0xB041, 0xEF20, 0x1029, 0x1029, 0x1029, 0x1029, 0x1029, 0x1029, 0x1029, 0x1029, 0x1029, 0x1029, 
  0x1029, 0x1029, 0x1029, 0x1029, 0x1029, 0x1029, 0x1029, 0x1029, 0x1029, 0x1029, 0x1029, 0x1029, 0x1029, 0x1029, 0x1029, 0x1029, 
  0x1029, 0x1029, 0x1029, 0x1029, 0x1029, 0x1029, 0x1029, 0x1029, 0x1029, 0x1029, 0x1029, 0x1029, 0x1029, 0x1029, 0x1029, 0x1029, 
  0x1029, 0x1029, 0x1029, 0x1029, 0x1029, 0x1029, 0x1029, 0x1029, 0x1029, 0x1029, 0x1029, 0x1029, 0x1029, 0x1029, 0x1029, 0x1029, 
  0x1029, 0x1029, 0x1029, 0x1029, 0x1029, 0x1029, 0x1029, 0x1029, 0x1029, 0x1029, 0x1029, 0x1029, 0x1029, 0x1029, 0x1029, 0x1029, 
  0x1029, 0x1029, 0x1029, 0x1029, 0x1029, 0xD020, 0xF269, 0x1EFF, 0x5CF6, 0x6C92, 0x696A, 0x6962, 0x695A, 0x2852, 0x8A72, 0x696A, 
  0x4852, 0x695A, 0x695A, 0x285A, 0x8A6A, 0x8A6A, 0x695A, 0x6962, 0x696A, 0x4962, 0x8962, 0x495A, 0x8A62, 0x6962, 0x485A, 0x6962, 
  0xAA6A, 0x696A, 0x8A7A, 0x50BB, 0xAB82, 0xCB82, 0x8972, 0x2852, 0x6962, 0x6962, 0x695A, 0x295A, 0x295A, 0x2852, 0x074A, 0x2852, 
  0x085A, 0xE749, 0x2852, 0xE751, 0x4B82, 0x0FAB, 0xD3DB, 0xAEA2, 0xF0B2, 0x18FC, 0xFDFD, 0x58EC, 0x76F3, 0x96FB, 0x37F4, 0xF9EC, 
  0x79F4, 0x96F3, 0x56F3, 0xF8FA, 0x59FB, 0xEFAA, 0xE759, 0x30BB, 0x17FC, 0xB5FB, 0xD5FB, 0xB6FB, 0xD6FB, 0x16FC, 0x16FC, 0x17FC, 
  0xF7FB, 0xB8FB, 0x58FB, 0xD8FA, 0xB7F2, 0xF7F2, 0x98EB, 0x5AF4, 0xFBF4, 0x7BF5, 0x5CFD, 0xB9EB, 0xD8F2, 0xD8FA, 0xD7F2, 0xD8F2, 
  0xD8FA, 0xB8FA, 0xD8FA, 0xF8F2, 0xF8F2, 0xF8F2, 0xB7F2, 0x98FA, 0xB8FA, 0xF8FA, 0x18FB, 0x18FB, 0xF8FA, 0xF8FA, 0xF8FA, 0xF9FA, 
  0xF9FA, 0xF9FA, 0xF8FA, 0xD7FA, 0xBAF3, 0xF9F3, 0xB6FB, 0xF5EB, 0x4A72, 0x2852, 0x8962, 0x8962, 0x0852, 0x2952, 0x084A, 0x2852, 
  0x4852, 0x2852, 0x495A, 0x6962, 0x484A, 0x4852, 0x695A, 0x2852, 0x685A, 0x8962, 0x6A62, 0x4852, 0x4852, 0x10BB, 0x98FB, 0xF8FA, 
  0xF8FA, 0x57FB, 0xD7FB, 0xD7F2, 0x5DFE, 0x5EFE, 0xD7F2, 0xF6FB, 0xB6FB, 0x97F3, 0x7FFF, 0xFFFF, 0xD8F3, 0x76FB, 0x16FC, 0x38FB, 
  0x38EB, 0xDEFE, 0xFEFF, 0xFFFF, 0x556B, 0xAE18, 0x1029, 0x1029, 0x1029, 0x1029, 0x1029, 0x1029, 0x1029, 0x1029, 0x1029, 0x1029, 
  0x1029, 0x1029, 0x1029, 0x1029, 0x1029, 0x1029, 0x1029, 0x1029, 0x1029, 0x1029, 0x1029, 0x1029, 0x1029, 0x1029, 0x1029, 0x1029, 
  0x1029, 0x1029, 0x1029, 0x1029, 0x1029, 0x1029, 0x1029, 0x1029, 0x1029, 0x1029, 0x1029, 0x1029, 0x1029, 0x1029, 0x1029, 0x1029, 
  0x1029, 0x1029, 0x1029, 0x1029, 0x1029, 0x1029, 0x1029, 0x1029, 0x1029, 0x1029, 0x1029, 0x1029, 0x1029, 0x1029, 0x1029, 0x1029, 
  0x1029, 0x1029, 0x1029, 0x1029, 0x1029, 0x1029, 0x1029, 0x1029, 0x1029, 0x1029, 0x1029, 0x1029, 0x1029, 0x1029, 0x1029, 0x1029, 
  0x1029, 0x1029, 0x1029, 0x1029, 0x1029, 0xAF28, 0x96A3, 0xFFFF, 0x55CC, 0x6A7A, 0x8A62, 0x285A, 0x695A, 0x495A, 0x4962, 0x896A, 
  0x696A, 0xAA72, 0x896A, 0x285A, 0x6962, 0x6962, 0x8A62, 0x4962, 0x4862, 0xAA6A, 0x6962, 0x6962, 0x4852, 0x084A, 0x0852, 0x495A, 
  0x8A62, 0x495A, 0x6962, 0x2862, 0x696A, 0x696A, 0xAA6A, 0x4962, 0x485A, 0x8962, 0x6962, 0x695A, 0x4852, 0x285A, 0x4A62, 0x2962, 
  0x6B7A, 0x0FAB, 0x93D3, 0xD5EB, 0x35F4, 0xD3E3, 0xAC9A, 0xF0B2, 0xD6F3, 0xDDF5, 0x78F4, 0x95F3, 0xB6F3, 0xDBF5, 0x7FFF, 0xFFFF, 
  0xDFFF, 0xDDFE, 0x98EC, 0x57F3, 0xF8FA, 0x77F3, 0xEEAA, 0x6A7A, 0x73DB, 0xF6FB, 0xD5FB, 0xD6FB, 0xD5EB, 0x32CB, 0xF0BA, 0x2FAB, 
  0xEE9A, 0xF0B2, 0x72D3, 0xF5EB, 0xD8FB, 0x98FB, 0x18FB, 0xD8FA, 0xF8FA, 0xF7FA, 0x17FB, 0x37FB, 0x18FB, 0x18FB, 0xF8FA, 0xF9FA, 
  0xF8FA, 0xF8FA, 0xF8FA, 0x18FB, 0x38FB, 0x38FB, 0x37FB, 0x38FB, 0x58FB, 0x38FB, 0x18FB, 0x18FB, 0xF8FA, 0x18FB, 0x18FB, 0xF9FA, 
  0xF9FA, 0xF8FA, 0xF8FA, 0xD9FA, 0xD8FA, 0x56FB, 0x16FC, 0x92D3, 0x2962, 0x695A, 0x8962, 0x8A62, 0x895A, 0x695A, 0x4952, 0x8A62, 
  0x495A, 0x495A, 0x495A, 0x2852, 0x2852, 0x6962, 0x695A, 0x4852, 0x4852, 0x0852, 0x0852, 0x484A, 0x484A, 0x2A72, 0xB5EB, 0x18FB, 
  0xD9FA, 0xF7FA, 0xD7FB, 0x77FB, 0x37F3, 0x5BF5, 0x78F3, 0x76FB, 0x16FC, 0x37F3, 0xDCF5, 0xFFFF, 0xFAF4, 0x16FB, 0x16FC, 0x77FB, 
  0xB8F2, 0x5DFE, 0xFFFF, 0xFFFF, 0xB583, 0x8F20, 0x1029, 0x1029, 0x1029, 0x1029, 0x1029, 0x1029, 0x1029, 0x1029, 0x1029, 0x1029, 
  0x1029, 0x1029, 0x1029, 0x1029, 0x1029, 0x1029, 0x1029, 0x1029, 0x1029, 0x1029, 0x1029, 0x1029, 0x1029, 0x1029, 0x1029, 0x1029, 
  0x1029, 0x1029, 0x1029, 0x1029, 0x1029, 0x1029, 0x1029, 0x1029, 0x1029, 0x1029, 0x1029, 0x1029, 0x1029, 0x1029, 0x1029, 0x1029, 
  0x1029, 0x1029, 0x1029, 0x1029, 0x1029, 0x1029, 0x1029, 0x1029, 0x1029, 0x1029, 0x1029, 0x1029, 0x1029, 0x1029, 0x1029, 0x1029, 
  0x1029, 0x1029, 0x1029, 0x1029, 0x1029, 0x1029, 0x1029, 0x1029, 0x1029, 0x1029, 0x1029, 0x1029, 0x1029, 0x1029, 0x1029, 0x1029, 
  0x1029, 0x1029, 0x1029, 0x1029, 0xF020, 0x3149, 0xFDE5, 0x3EFF, 0xADA2, 0x485A, 0x495A, 0x495A, 0x6962, 0xCB72, 0x8A62, 0x4962, 
  0x6962, 0x485A, 0xA962, 0x685A, 0x2852, 0x495A, 0x295A, 0x485A, 0x8962, 0x8A62, 0x495A, 0x6962, 0xAA62, 0x495A, 0x6962, 0x695A, 
  0x0852, 0x4952, 0x495A, 0x6962, 0x085A, 0x8A6A, 0x495A, 0x4852, 0x495A, 0x8A6A, 0x6962, 0x2852, 0x6A6A, 0xAC8A, 0x72CB, 0xD4EB, 
  0x15F4, 0xF5F3, 0x73DB, 0x72CB, 0x6D9A, 0x4B8A, 0x52CB, 0xB6FB, 0x99F4, 0xBBF5, 0x56FB, 0xD6FB, 0x5CF6, 0xFFFF, 0xFFFF, 0xFFFF, 
  0xFFF7, 0xFFFF, 0x9FFF, 0x99F4, 0x17FB, 0x18FB, 0x75EB, 0x096A, 0x6A6A, 0x73D3, 0xF6FB, 0x51C3, 0x4A6A, 0x074A, 0xE649, 0xE859, 
  0x4B7A, 0x8B82, 0x4A72, 0x4A7A, 0xCD92, 0x10B3, 0x31C3, 0x94D3, 0x96EB, 0x98FB, 0x97FB, 0x97FB, 0xB7FB, 0xB7FB, 0x97FB, 0x77FB, 
  0x57FB, 0x77FB, 0x97FB, 0xB6FB, 0xD6FB, 0xD5FB, 0xD5FB, 0xD6FB, 0xD6FB, 0xD6FB, 0xD6FB, 0xB6FB, 0x97FB, 0x58FB, 0x18FB, 0xF8FA, 
  0x19FB, 0xF8FA, 0xF8FA, 0xF8FA, 0x18FB, 0xB6FB, 0x16FC, 0x10BB, 0x2962, 0x695A, 0x4852, 0x285A, 0x285A, 0x285A, 0x695A, 0x6962, 
  0x4962, 0x6962, 0xAA6A, 0x285A, 0x695A, 0x6952, 0x2852, 0x6A6A, 0x8A5A, 0x2852, 0x2852, 0x4852, 0xCB72, 0x2862, 0x2FBB, 0x78FB, 
  0xF8FA, 0xF8FA, 0x57FB, 0xF7FB, 0xF7FA, 0xDAF3, 0xBAF3, 0x36FB, 0x16FC, 0x76FB, 0x38EC, 0xFFFF, 0x3DF6, 0xD7FA, 0xD6FB, 0x96FB, 
  0x98FA, 0xBCF5, 0xFFFF, 0xFFFF, 0xB9B4, 0xAF20, 0x1029, 0x1029, 0x1029, 0x1029, 0x1029, 0x1029, 0x1029, 0x1029, 0x1029, 0x1029, 
  0x1029, 0x1029, 0x1029, 0x1029, 0x1029, 0x1029, 0x1029, 0x1029, 0x1029, 0x1029, 0x1029, 0x1029, 0x1029, 0x1029, 0x1029, 0x1029, 
  0x1029, 0x1029, 0x1029, 0x1029, 0x1029, 0x1029, 0x1029, 0x1029, 0x1029, 0x1029, 0x1029, 0x1029, 0x1029, 0x1029, 0x1029, 0x1029, 
  0x1029, 0x1029, 0x1029, 0x1029, 0x1029, 0x1029, 0x1029, 0x1029, 0x1029, 0x1029, 0x1029, 0x1029, 0x1029, 0x1029, 0x1029, 0x1029, 
  0x1029, 0x1029, 0x1029, 0x1029, 0x1029, 0x1029, 0x1029, 0x1029, 0x1029, 0x1029, 0x1029, 0x1029, 0x1029, 0x1029, 0x1029, 0x1029, 
  0x1029, 0x1029, 0x1029, 0x1029, 0xCF20, 0xD47A, 0x9FFF, 0x38E5, 0xE869, 0x695A, 0x8962, 0x6852, 0x4852, 0x2852, 0x695A, 0x2852, 
  0x695A, 0xCB72, 0x485A, 0x8962, 0x8A6A, 0x8A62, 0x6962, 0x8A6A, 0x6962, 0x074A, 0x2852, 0x6962, 0x6962, 0x495A, 0x695A, 0x485A, 
  0x284A, 0x4952, 0x4962, 0x4962, 0x4862, 0x8A6A, 0x4962, 0x695A, 0x6962, 0x896A, 0x4952, 0x084A, 0x8B6A, 0x2FA3, 0xCD9A, 0xCD9A, 
  0x6B8A, 0x4B8A, 0x2B8A, 0xAEAA, 0x33CB, 0xB6F3, 0x97FB, 0x76F3, 0xDDF5, 0x98EC, 0x75F3, 0x7AF5, 0xFFFF, 0xFFF7, 0xFFF7, 0xFFFF, 
  0xFFFF, 0xDFFF, 0xFFF7, 0x1EFF, 0x98F3, 0x17FB, 0x58FB, 0xF0AA, 0x0742, 0x6962, 0x8C8A, 0x085A, 0x4852, 0x084A, 0xCD8A, 0x95E3, 
  0x77FB, 0x77FB, 0x95F3, 0x73D3, 0x6A7A, 0xE641, 0x084A, 0x2962, 0x496A, 0x8D8A, 0x12C3, 0x36EB, 0x57FB, 0x97FB, 0xD6FB, 0xF5FB, 
  0xF6FB, 0xD6FB, 0xD6FB, 0xD6FB, 0xD6FB, 0xF5FB, 0xD5FB, 0xD6FB, 0xF5FB, 0xD6FB, 0x97FB, 0x57FB, 0x37FB, 0x18FB, 0xF9FA, 0xF9FA, 
  0xF9FA, 0xF9FA, 0xF9FA, 0x17FB, 0x97FB, 0xD6FB, 0xF6FB, 0x6C82, 0x2852, 0x695A, 0x6A62, 0x2852, 0x485A, 0x8962, 0x495A, 0x8A6A, 
  0xCB72, 0x6962, 0x495A, 0x495A, 0x2852, 0x484A, 0x2852, 0x4962, 0x495A, 0x695A, 0x6952, 0x485A, 0x496A, 0x685A, 0x6A72, 0x96F3, 
  0xF8FA, 0xF9FA, 0x17FB, 0xD6FB, 0x97FB, 0xF8FA, 0xF9F2, 0x57FB, 0xD6FB, 0xF5FB, 0x36F3, 0xDEFE, 0x5FFF, 0x38F3, 0x97FB, 0x96FB, 
  0xB8FA, 0x1AF5, 0xFFFF, 0xFFFF, 0x5BDD, 0xEF30, 0x1029, 0x1029, 0x1029, 0x1029, 0x1029, 0x1029, 0x1029, 0x1029, 0x1029, 0x1029, 
  0x1029, 0x1029, 0x1029, 0x1029, 0x1029, 0x1029, 0x1029, 0x1029, 0x1029, 0x1029, 0x1029, 0x1029, 0x1029, 0x1029, 0x1029, 0x1029, 
  0x1029, 0x1029, 0x1029, 0x1029, 0x1029, 0x1029, 0x1029, 0x1029, 0x1029, 0x1029, 0x1029, 0x1029, 0x1029, 0x1029, 0x1029, 0x1029, 
  0x1029, 0x1029, 0x1029, 0x1029, 0x1029, 0x1029, 0x1029, 0x1029, 0x1029, 0x1029, 0x1029, 0x1029, 0x1029, 0x1029, 0x1029, 0x1029, 
  0x1029, 0x1029, 0x1029, 0x1029, 0x1029, 0x1029, 0x1029, 0x1029, 0x1029, 0x1029, 0x1029, 0x1029, 0x1029, 0x1029, 0x1029, 0x1029, 
  0x1029, 0x1029, 0x1029, 0x1029, 0xEF30, 0xF9C4, 0x9FFF, 0x30AB, 0x696A, 0x6962, 0x8962, 0x485A, 0x285A, 0x8962, 0x285A, 0x495A, 
  0x4962, 0x495A, 0x085A, 0x696A, 0x8A62, 0x495A, 0x4962, 0x8A6A, 0x8962, 0x6962, 0x495A, 0x8A6A, 0x6962, 0x6962, 0x695A, 0x4852, 
  0x6952, 0x4852, 0x695A, 0x695A, 0x695A, 0x495A, 0x285A, 0x4952, 0x695A, 0x685A, 0x6962, 0x485A, 0x2962, 0xC861, 0x4C8A, 0x8FAA, 
  0x11C3, 0x74E3, 0x17F4, 0xF9FB, 0x38FB, 0x17FB, 0x77FB, 0x19FC, 0x3DF6, 0xB6F3, 0xF6F3, 0x5FFF, 0xFFFF, 0xDFFF, 0xFFFF, 0xFFFF, 
  0xFFFF, 0xFFFF, 0xFEFF, 0xFFFF, 0xFAF4, 0x17F3, 0xF9FA, 0x76F3, 0x6A72, 0x274A, 0x2852, 0x6962, 0x0752, 0x6C92, 0xB6F3, 0x78EC, 
  0xFCF5, 0x5DF6, 0x9AF4, 0x78FB, 0xB5EB, 0x296A, 0x294A, 0x2852, 0x6962, 0x4962, 0x8A7A, 0x8B8A, 0x0FB3, 0x33DB, 0x56FB, 0x77FB, 
  0xB6FB, 0xB5FB, 0xD5FB, 0xD5F3, 0xF6FB, 0xF5FB, 0xD5FB, 0xD6FB, 0xF6FB, 0x96FB, 0xF8FA, 0xF9FA, 0xF9FA, 0xF8FA, 0xF8FA, 0xF8FA, 
  0x18FB, 0xF9FA, 0xF8FA, 0x77FB, 0xD6FB, 0xF6FB, 0x93DB, 0x2852, 0x6852, 0x2862, 0xAB7A, 0x695A, 0x6852, 0xCA6A, 0x0752, 0x485A, 
  0xAA6A, 0x6962, 0x284A, 0x4952, 0x284A, 0x695A, 0x4852, 0x4852, 0x495A, 0x695A, 0x4952, 0x4852, 0x285A, 0x4952, 0x084A, 0x51B3, 
  0x59FB, 0xB9FA, 0xF8FA, 0x77FB, 0xB6FB, 0x97FB, 0x18F3, 0x37FB, 0xF5FB, 0x16FC, 0x16FB, 0xFAF4, 0xFFFF, 0x19EC, 0x17FB, 0xB7FB, 
  0xB7FA, 0x7AF4, 0xFFFF, 0xFFFF, 0x7EF6, 0x9151, 0xCF20, 0x1029, 0x1029, 0x1029, 0x1029, 0x1029, 0x1029, 0x1029, 0x1029, 0x1029, 
  0x1029, 0x1029, 0x1029, 0x1029, 0x1029, 0x1029, 0x1029, 0x1029, 0x1029, 0x1029, 0x1029, 0x1029, 0x1029, 0x1029, 0x1029, 0x1029, 
  0x1029, 0x1029, 0x1029, 0x1029, 0x1029, 0x1029, 0x1029, 0x1029, 0x1029, 0x1029, 0x1029, 0x1029, 0x1029, 0x1029, 0x1029, 0x1029, 
  0x1029, 0x1029, 0x1029, 0x1029, 0x1029, 0x1029, 0x1029, 0x1029, 0x1029, 0x1029, 0x1029, 0x1029, 0x1029, 0x1029, 0x1029, 0x1029, 
  0x1029, 0x1029, 0x1029, 0x1029, 0x1029, 0x1029, 0x1029, 0x1029, 0x1029, 0x1029, 0x1029, 0x1029, 0x1029, 0x1029, 0x1029, 0x1029, 
  0x1029, 0x1029, 0x1029, 0xCF20, 0xD161, 0xFEFE, 0x1BEE, 0x2A7A, 0x6962, 0x6962, 0x896A, 0x6962, 0x8A62, 0x485A, 0x495A, 0xAB6A, 
  0x2852, 0x695A, 0x695A, 0x485A, 0x485A, 0x4852, 0x8A62, 0x4862, 0x8A72, 0x696A, 0x4962, 0x8A72, 0x6962, 0xAA6A, 0x495A, 0x695A, 
  0x695A, 0x495A, 0x0962, 0xAD9A, 0x8DAA, 0x6C92, 0x8C82, 0xEA79, 0x2C82, 0x4D8A, 0xCFA2, 0x11BB, 0x94D3, 0x57EC, 0x3AFD, 0x9CFD, 
  0x7DFE, 0xFDFE, 0x7FFF, 0xDEFE, 0x39F3, 0x18FB, 0x57FB, 0x1AF5, 0xBBF5, 0x54F3, 0xF9F4, 0xFFFF, 0xFFFF, 0xFFFF, 0xFFFF, 0xFFFF, 
  0xFFFF, 0xFFFF, 0xFFFF, 0xFFFF, 0x5CF6, 0x36F3, 0x18F3, 0x18FB, 0x95E3, 0x4B7A, 0x085A, 0x4852, 0x2962, 0x74E3, 0x79F4, 0x9FFF, 
  0xFFFF, 0xFFFF, 0xDFFF, 0x39EC, 0x97FB, 0xCC92, 0x0742, 0x695A, 0x6A6A, 0x6A6A, 0xA972, 0xA972, 0x8972, 0x6A6A, 0x6D8A, 0xF2BA, 
  0x75E3, 0x97FB, 0xB7FB, 0xD6FB, 0xB5FB, 0xD5FB, 0xD5FB, 0xB5FB, 0xD5FB, 0x77FB, 0xF8FA, 0xF8FA, 0xF8FA, 0xF8FA, 0x19FB, 0x18FB, 
  0xF9FA, 0xF8FA, 0x57FB, 0xB7FB, 0xD6FB, 0x36FC, 0x0FAB, 0x074A, 0x6962, 0x2962, 0xAA6A, 0x4952, 0x2852, 0x8962, 0x2852, 0x485A, 
  0x8962, 0x495A, 0x084A, 0x4852, 0x285A, 0x8B7A, 0x696A, 0x4852, 0x6962, 0x2952, 0x495A, 0x695A, 0x4952, 0x6962, 0x2852, 0x8A7A, 
  0xB7F3, 0xD9FA, 0xF9FA, 0x18FB, 0xD6FB, 0xF5FB, 0x77FB, 0x56FB, 0xF5FB, 0xF6FB, 0xB6FB, 0x77F3, 0x9FFF, 0x3BF5, 0xD7FA, 0x98FB, 
  0xD8FA, 0xD9F3, 0xBFFF, 0xFFFF, 0x5FFF, 0xB48A, 0xCF20, 0x1029, 0x1029, 0x1029, 0x1029, 0x1029, 0x1029, 0x1029, 0x1029, 0x1029, 
  0x1029, 0x1029, 0x1029, 0x1029, 0x1029, 0x1029, 0x1029, 0x1029, 0x1029, 0x1029, 0x1029, 0x1029, 0x1029, 0x1029, 0x1029, 0x1029, 
  0x1029, 0x1029, 0x1029, 0x1029, 0x1029, 0x1029, 0x1029, 0x1029, 0x1029, 0x1029, 0x1029, 0x1029, 0x1029, 0x1029, 0x1029, 0x1029, 
  0x1029, 0x1029, 0x1029, 0x1029, 0x1029, 0x1029, 0x1029, 0x1029, 0x1029, 0x1029, 0x1029, 0x1029, 0x1029, 0x1029, 0x1029, 0x1029, 
  0x1029, 0x1029, 0x1029, 0x1029, 0x1029, 0x1029, 0x1029, 0x1029, 0x1029, 0x1029, 0x1029, 0x1029, 0x1029, 0x1029, 0x1029, 0x1029, 
  0x1029, 0x1029, 0x1029, 0xCF28, 0xD7B3, 0xDFFF, 0xF2BB, 0x0862, 0x695A, 0xAA6A, 0x4962, 0x2852, 0xAA62, 0x2852, 0x6962, 0x4962, 
  0x2852, 0x695A, 0x6962, 0x8962, 0x8962, 0x485A, 0x485A, 0x8962, 0xAA72, 0x8A6A, 0x8A6A, 0x6962, 0x485A, 0x8962, 0x285A, 0x6962, 
  0x6962, 0x285A, 0xF0AA, 0xFAF4, 0xDCFD, 0xBCFD, 0x1AF5, 0xB9EC, 0xD9F4, 0x5AFD, 0xFCFD, 0x9EFE, 0x3FFF, 0xBFFF, 0xFFFF, 0xFFFF, 
  0xFFFF, 0xFFFF, 0xFFFF, 0x9DF6, 0x38F3, 0x38FB, 0x96FB, 0x1CF6, 0xB9F4, 0x55FB, 0x3CF6, 0xFFFF, 0xDFFF, 0xFFFF, 0xFFFF, 0xFFFF, 
  0xFFFF, 0xFFFF, 0xFFFF, 0xFFFF, 0x1EFF, 0x97FB, 0x38F3, 0xF9FA, 0x38FB, 0x96EB, 0x30BB, 0xCEAA, 0x52D3, 0x17F4, 0x1EFF, 0xFFFF, 
  0xFFFF, 0xDFFF, 0xFFFF, 0xFAF4, 0x77FB, 0x0D9B, 0x2852, 0x695A, 0x695A, 0x0852, 0x4962, 0x8A6A, 0x285A, 0x8A6A, 0x485A, 0x284A, 
  0x095A, 0x8D92, 0x32C3, 0xB5EB, 0xF7FB, 0xD6FB, 0xD6FB, 0xB6FB, 0xD6FB, 0x57FB, 0xF9FA, 0xF9FA, 0xF9FA, 0xF9FA, 0xF9FA, 0xF9FA, 
  0xF9FA, 0x38FB, 0xD6FB, 0xD5FB, 0xD6FB, 0xF5F3, 0x2B82, 0x8A7A, 0x8962, 0x485A, 0x2852, 0x495A, 0x495A, 0x495A, 0x495A, 0x495A, 
  0x8A62, 0x6962, 0x2852, 0x495A, 0x8A6A, 0x6962, 0x696A, 0xAA72, 0x6962, 0x4852, 0x6962, 0x6962, 0x8A6A, 0x696A, 0xCB7A, 0x696A, 
  0x31BB, 0x58FB, 0xF9FA, 0xF8FA, 0xB6FB, 0xF6FB, 0xD6FB, 0xD6FB, 0xF7FB, 0xD5FB, 0xD6FB, 0xF7F2, 0x1CF6, 0x7EFE, 0xD7F2, 0x38FB, 
  0xD9FA, 0x79FB, 0x7FFF, 0xFFFF, 0xFFFF, 0x97BB, 0xCF28, 0x1029, 0x1029, 0x1029, 0x1029, 0x1029, 0x1029, 0x1029, 0x1029, 0x1029, 
  0x1029, 0x1029, 0x1029, 0x1029, 0x1029, 0x1029, 0x1029, 0x1029, 0x1029, 0x1029, 0x1029, 0x1029, 0x1029, 0x1029, 0x1029, 0x1029, 
  0x1029, 0x1029, 0x1029, 0x1029, 0x1029, 0x1029, 0x1029, 0x1029, 0x1029, 0x1029, 0x1029, 0x1029, 0x1029, 0x1029, 0x1029, 0x1029, 
  0x1029, 0x1029, 0x1029, 0x1029, 0x1029, 0x1029, 0x1029, 0x1029, 0x1029, 0x1029, 0x1029, 0x1029, 0x1029, 0x1029, 0x1029, 0x1029, 
  0x1029, 0x1029, 0x1029, 0x1029, 0x1029, 0x1029, 0x1029, 0x1029, 0x1029, 0x1029, 0x1029, 0x1029, 0x1029, 0x1029, 0x1029, 0x1029, 
  0x1029, 0x0F29, 0xF028, 0x5041, 0x5DEE, 0xFDFE, 0x6C8A, 0x274A, 0x6962, 0x6962, 0x2952, 0x084A, 0x6952, 0x4852, 0x485A, 0x8A6A, 
  0x8A72, 0x4962, 0x485A, 0x6962, 0x8962, 0x695A, 0x285A, 0xCB7A, 0x8A6A, 0x4962, 0x695A, 0x8A62, 0x495A, 0x284A, 0x695A, 0x896A, 
  0x696A, 0x4B8A, 0x19ED, 0x7EFE, 0x1AF4, 0x3AF4, 0xBDFE, 0xFFFF, 0xFFFF, 0xFFFF, 0xFFFF, 0xFFFF, 0xFFFF, 0xFFFF, 0xFFFF, 0xFFFF, 
  0xFFFF, 0xDFFF, 0xFFFF, 0x99EC, 0xB7FA, 0x77FB, 0x37EC, 0x3DF6, 0xB6FB, 0x96FB, 0x1EFF, 0xFFFF, 0xFFFF, 0xFFFF, 0xFFFF, 0xFFFF, 
  0xFFFF, 0xFFFF, 0xFFFF, 0xFFFF, 0x3FFF, 0xD7F3, 0x18FB, 0x19FB, 0x57FB, 0x37FB, 0x57FB, 0x97FB, 0x96FB, 0x17F4, 0x5FFF, 0xFFFF, 
  0xFFFF, 0xFFFF, 0xBFFF, 0x38F4, 0xB6FB, 0x8B7A, 0x2852, 0xAA62, 0x6952, 0x4952, 0x2852, 0x485A, 0x4962, 0x8962, 0x495A, 0x6A62, 
  0x0C83, 0x696A, 0x0852, 0x6A72, 0xEEAA, 0xB4EB, 0xF6FB, 0xD5FB, 0xD6FB, 0x37FB, 0xF9FA, 0xF9FA, 0x18FB, 0xF8FA, 0xF9FA, 0xF8FA, 
  0x18FB, 0x97FB, 0xD6FB, 0xD6FB, 0xD6FB, 0xB4EB, 0x52DB, 0x51C3, 0x4852, 0xA95A, 0x4962, 0x6962, 0x695A, 0x695A, 0x6962, 0x495A, 
  0x0852, 0x695A, 0x8A62, 0x6962, 0x6962, 0x485A, 0x6962, 0x8A6A, 0x285A, 0x695A, 0x4962, 0x4962, 0x4962, 0x4962, 0x4962, 0x6962, 
  0xAC8A, 0x77FB, 0xF8FA, 0xF8FA, 0x38FB, 0xB6FB, 0xF5FB, 0xF6FB, 0xD5FB, 0xB5FB, 0xD6FB, 0x37FB, 0x59EC, 0x1FFF, 0x58F3, 0xF8FA, 
  0xD9FA, 0x38F3, 0x3EFF, 0xFFFF, 0xFFFF, 0x3BED, 0x7151, 0xF020, 0xF030, 0x0F29, 0x1029, 0x1029, 0x1029, 0x1029, 0x1029, 0x1029, 
  0x1029, 0x1029, 0x1029, 0x1029, 0x1029, 0x1029, 0x1029, 0x1029, 0x1029, 0x1029, 0x1029, 0x1029, 0x1029, 0x1029, 0x1029, 0x1029, 
  0x1029, 0x1029, 0x1029, 0x1029, 0x1029, 0x1029, 0x1029, 0x1029, 0x1029, 0x1029, 0x1029, 0x1029, 0x1029, 0x1029, 0x1029, 0x1029, 
  0x1029, 0x1029, 0x1029, 0x1029, 0x1029, 0x1029, 0x1029, 0x1029, 0x1029, 0x1029, 0x1029, 0x1029, 0x1029, 0x1029, 0x1029, 0x1029, 
  0x1029, 0x1029, 0x1029, 0x1029, 0x1029, 0x1029, 0x1029, 0x1029, 0x1029, 0x1029, 0x1029, 0x1029, 0x1029, 0x1029, 0x1029, 0x1029, 
  0x1029, 0x3029, 0xAF20, 0x947A, 0xDFFF, 0xD6D4, 0xE869, 0x695A, 0x6962, 0x4952, 0x084A, 0x495A, 0x4952, 0x285A, 0x2862, 0xAA72, 
  0x8A62, 0x6952, 0x4852, 0x896A, 0x696A, 0x896A, 0x4962, 0x6A6A, 0x6962, 0x485A, 0x2852, 0x6962, 0x495A, 0x294A, 0x2752, 0x6962, 
  0x6962, 0xAEA2, 0x5DFE, 0xBAEC, 0x77F2, 0xD8F2, 0x9AF4, 0x5DF6, 0x7FFF, 0xFFFF, 0xBFFF, 0xFFFF, 0xFFFF, 0xFFFF, 0xFFFF, 0xFFFF, 
  0xFFFF, 0xFFFF, 0x7FFF, 0x79F3, 0xF8FA, 0x76F3, 0x9BF5, 0x7BF5, 0x75F3, 0x78EC, 0xBFFF, 0xDFFF, 0xDFFF, 0xFFFF, 0xFFFF, 0xFFFF, 
  0xFFFF, 0xFEFF, 0xFFFF, 0xFFFF, 0x7FFF, 0xF7F3, 0x18FB, 0xD9FA, 0x58FB, 0xB7FB, 0x76FB, 0x77F3, 0x37F3, 0xF7FA, 0xD8EB, 0xFDF6, 
  0xFFFF, 0xFFFF, 0xFEF6, 0xD6F3, 0x94E3, 0x0A6A, 0x885A, 0x285A, 0x085A, 0x285A, 0x695A, 0x695A, 0x896A, 0x4962, 0x695A, 0x6A6A, 
  0x2D93, 0x6A6A, 0x495A, 0xA962, 0xC749, 0xAE9A, 0xF6FB, 0xF6FB, 0x97FB, 0xF8FA, 0xF9FA, 0xF8FA, 0xF8FA, 0xF9FA, 0xF9FA, 0xF8FA, 
  0x57FB, 0xD7FB, 0xD6FB, 0xD6FB, 0xD6FB, 0xD5FB, 0x37FC, 0xF0BA, 0x085A, 0x2852, 0x495A, 0x8A6A, 0x8A72, 0x285A, 0x495A, 0xAB6A, 
  0x6A6A, 0x8A6A, 0x4852, 0x2852, 0x6962, 0x2852, 0x485A, 0x6962, 0xCA6A, 0x4962, 0x285A, 0x6962, 0x8A62, 0x695A, 0x6A5A, 0x695A, 
  0x696A, 0x53DB, 0x58FB, 0xF9FA, 0xF8FA, 0x96FB, 0xD5FB, 0xD6FB, 0xD5FB, 0xD5FB, 0xD6FB, 0x97FB, 0x17EB, 0x7DFE, 0x3AFC, 0xD8FA, 
  0xF9FA, 0xF8F2, 0x7DF6, 0xFFFF, 0xFFFF, 0x7DFE, 0x1382, 0xEF20, 0x1129, 0x0F29, 0x1029, 0x1029, 0x0F29, 0x1029, 0x1029, 0x1029, 
  0x1029, 0x1029, 0x1029, 0x1029, 0x1029, 0x1029, 0x1029, 0x1029, 0x1029, 0x1029, 0x1029, 0x1029, 0x1029, 0x1029, 0x1029, 0x1029, 
  0x1029, 0x1029, 0x1029, 0x1029, 0x1029, 0x1029, 0x1029, 0x1029, 0x1029, 0x1029, 0x1029, 0x1029, 0x1029, 0x1029, 0x1029, 0x1029, 
  0x1029, 0x1029, 0x1029, 0x1029, 0x1029, 0x1029, 0x1029, 0x1029, 0x1029, 0x1029, 0x1029, 0x1029, 0x1029, 0x1029, 0x1029, 0x1029, 
  0x1029, 0x1029, 0x1029, 0x1029, 0x1029, 0x1029, 0x1029, 0x1029, 0x1029, 0x1029, 0x1029, 0x1029, 0x1029, 0x1029, 0x1029, 0x1029, 
  0x1029, 0x1021, 0xEF30, 0x7BD5, 0x9FFF, 0xCE9A, 0x285A, 0xAA6A, 0x495A, 0x0842, 0x6952, 0x074A, 0x295A, 0x695A, 0x4962, 0xA96A, 
  0x285A, 0x485A, 0x4962, 0x696A, 0x896A, 0x485A, 0x485A, 0x6962, 0x6962, 0x8A62, 0x4852, 0x285A, 0x485A, 0x495A, 0x4852, 0x495A, 
  0x084A, 0x8D92, 0xFEFE, 0x7AF4, 0xD8F2, 0x19FB, 0x99FA, 0xB7F2, 0xF8EB, 0x1EFF, 0xFFFF, 0xFFFF, 0xFFFF, 0xFFFF, 0xFFFF, 0xFFFF, 
  0xFFFF, 0xFFFF, 0x9CF5, 0xD8F2, 0x77FB, 0x57F4, 0x7EFE, 0xB7F3, 0x96FB, 0x37EC, 0x7FFF, 0xFFFF, 0xFFFF, 0xFFFF, 0xFFFF, 0xFFFF, 
  0xFFFF, 0xDFFF, 0xFFFF, 0xFFFF, 0x9FFF, 0x37F4, 0x37FB, 0x59FB, 0x38FB, 0x18F3, 0x58FB, 0xB6FB, 0xD6FB, 0x97FB, 0xF7FA, 0x17EB, 
  0x7CF5, 0xFFFF, 0xFDF6, 0xD6FB, 0x72D3, 0x6A72, 0x8A72, 0x695A, 0xAA72, 0xAA72, 0x896A, 0x6962, 0x696A, 0x896A, 0x4852, 0x4862, 
  0x4962, 0x8962, 0x496A, 0x4962, 0x895A, 0x295A, 0x94EB, 0x17FC, 0x36FB, 0xF8FA, 0xF9FA, 0x18FB, 0xF8FA, 0xF9FA, 0xF9FA, 0x18FB, 
  0x97FB, 0xD5FB, 0xD5FB, 0xD5FB, 0xF6FB, 0xD5FB, 0x16FC, 0x0EA3, 0x4962, 0x6962, 0x695A, 0x495A, 0x285A, 0x8962, 0x495A, 0x495A, 
  0x695A, 0x2852, 0x0852, 0x284A, 0x495A, 0x8A72, 0x2852, 0x2852, 0x4962, 0x285A, 0x695A, 0x4852, 0x695A, 0x495A, 0x495A, 0x2852, 
  0x485A, 0xAC92, 0x97FB, 0xF8FA, 0xF8FA, 0x57FB, 0xF5FB, 0xD5FB, 0xD6FB, 0xD6FB, 0xD5FB, 0xF6FB, 0xD7FA, 0xDBF4, 0x3BF5, 0xB7F2, 
  0x19FB, 0xB7FA, 0x7BF5, 0xFFFF, 0xFFFF, 0x7FFF, 0x16B3, 0xEF20, 0x1121, 0x1029, 0x1029, 0x1029, 0x1029, 0x1029, 0x1029, 0x1029, 
  0x1029, 0x1029, 0x1029, 0x1029, 0x1029, 0x1029, 0x1029, 0x1029, 0x1029, 0x1029, 0x1029, 0x1029, 0x1029, 0x1029, 0x1029, 0x1029, 
  0x1029, 0x1029, 0x1029, 0x1029, 0x1029, 0x1029, 0x1029, 0x1029, 0x1029, 0x1029, 0x1029, 0x1029, 0x1029, 0x1029, 0x1029, 0x1029, 
  0x1029, 0x1029, 0x1029, 0x1029, 0x1029, 0x1029, 0x1029, 0x1029, 0x1029, 0x1029, 0x1029, 0x1029, 0x1029, 0x1029, 0x1029, 0x1029, 
  0x1029, 0x1029, 0x1029, 0x1029, 0x1029, 0x1029, 0x1029, 0x1029, 0x1029, 0x1029, 0x1029, 0x1029, 0x1029, 0x1029, 0x1029, 0x1029, 
  0x1029, 0xCF20, 0x3262, 0xBFFF, 0x99E5, 0x0A6A, 0x4852, 0x8962, 0x4862, 0x685A, 0x695A, 0x495A, 0x6A6A, 0x8A72, 0x4962, 0xCA7A, 
  0xCB7A, 0x6A72, 0x0C8B, 0x4962, 0x8962, 0x6852, 0x4852, 0x6962, 0x074A, 0x495A, 0x8A62, 0x895A, 0x695A, 0x2962, 0x4852, 0x2852, 
  0x6962, 0x6D9A, 0xDDFE, 0x1BF5, 0xB7FA, 0xF9FA, 0x1AFB, 0x39FB, 0xB7FA, 0x59EC, 0xDFFF, 0xFFFF, 0xFFFF, 0xFFFF, 0xFFFF, 0xFFFF, 
  0xFFFF, 0x9EFE, 0x37EB, 0x57FB, 0xF6EB, 0x7DFE, 0x98F4, 0x96FB, 0x17FC, 0xB5FB, 0xD8FC, 0xFEFE, 0xDFFF, 0xFFFF, 0xFFFF, 0xFFFF, 
  0xFFF7, 0xFFFF, 0xFFFF, 0xFFFF, 0xFFFF, 0x39ED, 0x37FB, 0x58FB, 0x18FB, 0xF8FA, 0xF8FA, 0xF8FA, 0x57FB, 0xD6FB, 0xB6FB, 0x98FB, 
  0xD7F2, 0xFAEC, 0xBFFF, 0x99F4, 0x94F3, 0x8B82, 0x695A, 0x6962, 0xCB72, 0xAA72, 0x2852, 0x4952, 0x695A, 0x895A, 0x896A, 0x6862, 
  0x8962, 0xCB7A, 0x696A, 0x485A, 0x685A, 0x6A72, 0xD5EB, 0xB7F3, 0x58FB, 0xF8FA, 0xF8FA, 0xF8FA, 0xF9FA, 0xF9FA, 0xF8FA, 0x37FB, 
  0xD7FB, 0xF5FB, 0xD5FB, 0xB6FB, 0xB6FB, 0xD6FB, 0xB4EB, 0x6A72, 0x695A, 0xAA6A, 0x4952, 0x284A, 0x2852, 0x6962, 0x6962, 0x2852, 
  0x284A, 0x495A, 0xAA62, 0x695A, 0x6962, 0xCB72, 0x695A, 0x4952, 0x495A, 0x8A62, 0x695A, 0x2852, 0x695A, 0x495A, 0xCA72, 0x8A62, 
  0x4852, 0x0752, 0x53D3, 0x38FB, 0xD8FA, 0x18FB, 0xB5F3, 0xF5F3, 0xB6FB, 0xD6FB, 0xF5FB, 0xF6FB, 0x38FB, 0x59F3, 0x9CF5, 0xF7F2, 
  0xF9FA, 0xD8FA, 0x5AF4, 0xFFFF, 0xFFFF, 0xFFFF, 0x99D4, 0x0F41, 0xF020, 0x1029, 0x1029, 0x1029, 0x1029, 0x1029, 0x1029, 0x1029, 
  0x1029, 0x1029, 0x1029, 0x1029, 0x1029, 0x1029, 0x1029, 0x1029, 0x1029, 0x1029, 0x1029, 0x1029, 0x1029, 0x1029, 0x1029, 0x1029, 
  0x1029, 0x1029, 0x1029, 0x1029, 0x1029, 0x1029, 0x1029, 0x1029, 0x1029, 0x1029, 0x1029, 0x1029, 0x1029, 0x1029, 0x1029, 0x1029, 
  0x1029, 0x1029, 0x1029, 0x1029, 0x1029, 0x1029, 0x1029, 0x1029, 0x1029, 0x1029, 0x1029, 0x1029, 0x1029, 0x1029, 0x1029, 0x1029, 
  0x1029, 0x1029, 0x1029, 0x1029, 0x1029, 0x1029, 0x1029, 0x1029, 0x1029, 0x1029, 0x1029, 0x1029, 0x1029, 0x1029, 0x1021, 0xF028, 
  0x3029, 0x8E20, 0x98AC, 0xFFFF, 0x71AB, 0xE851, 0x4852, 0x8962, 0x696A, 0xAA6A, 0x695A, 0x8962, 0x8A6A, 0x8A6A, 0x085A, 0x4862, 
  0x4962, 0x4962, 0xCB7A, 0x8A6A, 0x285A, 0x6962, 0x495A, 0x495A, 0x6952, 0x4962, 0x495A, 0x4852, 0x485A, 0x6A62, 0x695A, 0x695A, 
  0x896A, 0x6B8A, 0x5BEE, 0xDDFD, 0xB7FA, 0x19FB, 0xF9FA, 0x18FB, 0xF9FA, 0xB7FA, 0xFCFD, 0xFFFF, 0xFFFF, 0xFFFF, 0xFFF7, 0xFFFF, 
  0x7EFE, 0x58EB, 0x36FB, 0xF6F3, 0x7DFE, 0xDAF4, 0x35FB, 0x36F4, 0x0FAB, 0x8D8A, 0xAFAA, 0x34D3, 0x98EC, 0xFBF5, 0xDEFE, 0x3FFF, 
  0x5FFF, 0xFEFE, 0xDDFE, 0xBDFE, 0x7FFF, 0x7FFF, 0x17EC, 0x16FB, 0xF9FA, 0xF9FA, 0x19FB, 0x19FB, 0xD8FA, 0x38FB, 0xF8F3, 0xB5FB, 
  0xD5FB, 0x56FB, 0x1AF5, 0xDEF6, 0x37F4, 0x11C3, 0x4852, 0x485A, 0x2862, 0x485A, 0x284A, 0x494A, 0x284A, 0x4952, 0x8962, 0x6962, 
  0xAA62, 0xCB7A, 0x2862, 0x8A6A, 0x6962, 0xAD9A, 0xB5FB, 0x9AF4, 0x5BF4, 0xB8FA, 0x19FB, 0xF8FA, 0xF9FA, 0xF9FA, 0xF7FA, 0x97FB, 
  0xD6FB, 0xF6FB, 0xD6FB, 0xB6FB, 0xD6FB, 0x16F4, 0xAD92, 0x0852, 0x285A, 0x084A, 0x484A, 0x4852, 0x4962, 0x4852, 0x6952, 0x2852, 
  0x285A, 0x2852, 0x695A, 0x285A, 0x285A, 0x495A, 0x2852, 0x2852, 0x495A, 0x284A, 0x4852, 0x0752, 0x495A, 0x4962, 0x6962, 0x695A, 
  0x495A, 0x074A, 0xAD92, 0x98FB, 0xF8FA, 0xF9FA, 0x35E3, 0x10C3, 0x16FC, 0xD6FB, 0xD5FB, 0xD6FB, 0xB7FB, 0xD8FA, 0x3AF4, 0x38FB, 
  0xD9FA, 0xF9FA, 0x58F3, 0x5FFF, 0xFFFF, 0xFFFF, 0x1DF6, 0x9169, 0xCF20, 0x1031, 0x1029, 0x1029, 0x1029, 0x1029, 0x1029, 0x1029, 
  0x1029, 0x1029, 0x1029, 0x1029, 0x1029, 0x1029, 0x1029, 0x1029, 0x1029, 0x1029, 0x1029, 0x1029, 0x1029, 0x1029, 0x1029, 0x1029, 
  0x1029, 0x1029, 0x1029, 0x1029, 0x1029, 0x1029, 0x1029, 0x1029, 0x1029, 0x1029, 0x1029, 0x1029, 0x1029, 0x1029, 0x1029, 0x1029, 
  0x1029, 0x1029, 0x1029, 0x1029, 0x1029, 0x1029, 0x1029, 0x1029, 0x1029, 0x1029, 0x1029, 0x1029, 0x1029, 0x1029, 0x1029, 0x1029, 
  0x1029, 0x1029, 0x1029, 0x1029, 0x1029, 0x1029, 0x1029, 0x1029, 0x1029, 0x1029, 0x1029, 0x1029, 0x1029, 0x1029, 0x1029, 0x3029, 
  0xAF20, 0xB041, 0x7FF7, 0x1BF6, 0x0A6A, 0x695A, 0x695A, 0x6962, 0x6A62, 0x295A, 0x8962, 0x485A, 0x2852, 0x495A, 0x695A, 0x495A, 
  0x2852, 0x285A, 0x485A, 0x4952, 0x284A, 0x2852, 0x6A62, 0x0852, 0x4952, 0x8A6A, 0x285A, 0x4952, 0x6962, 0x6A62, 0x695A, 0x485A, 
  0xA96A, 0x0862, 0x78D5, 0xDEFE, 0x17F3, 0xF9FA, 0xF8FA, 0xF9FA, 0xF9FA, 0xD8FA, 0xD9EB, 0xBFFF, 0xFFFF, 0xFFFF, 0xFFFF, 0x1DFE, 
  0x37F3, 0x35F3, 0x78F4, 0x9EFE, 0xDAEC, 0xD7F2, 0xF7FB, 0x0EB3, 0x496A, 0x485A, 0x085A, 0x6A7A, 0x4A82, 0xAD9A, 0x8EA2, 0x31B3, 
  0x51BB, 0x32CB, 0xEFB2, 0xEFA2, 0xB3CB, 0x9CFE, 0x7DF6, 0x35F3, 0x3AFC, 0x99F3, 0xD8FA, 0xF9FA, 0xF9FA, 0xF8FA, 0x3BF4, 0xDAFC, 
  0xD0C2, 0xF1C2, 0xB5F3, 0x1AFD, 0x7DF6, 0x16FC, 0xCEA2, 0x4852, 0x696A, 0xAA6A, 0x284A, 0x2952, 0x695A, 0x8A62, 0x4962, 0x6A6A, 
  0x2862, 0x695A, 0x8962, 0x8962, 0x2952, 0xEFB2, 0x16FC, 0xBCF5, 0x78F3, 0xD8FA, 0xF9FA, 0xF9FA, 0xF9FA, 0xF9FA, 0x17FB, 0xD6FB, 
  0xD5FB, 0xD5FB, 0xF5FB, 0xD6FB, 0x16FC, 0xEEA2, 0x0852, 0x4952, 0x4852, 0x495A, 0x495A, 0x695A, 0x6962, 0x2852, 0x284A, 0x4852, 
  0x6962, 0xAA6A, 0x8A6A, 0x4962, 0x495A, 0x4852, 0x084A, 0x495A, 0x6962, 0x6962, 0x8962, 0x8A62, 0x495A, 0x4852, 0x484A, 0x285A, 
  0x495A, 0x484A, 0x085A, 0x74DB, 0x39FB, 0xD9FA, 0x58FB, 0x8EAA, 0x50BB, 0x17FC, 0xD5FB, 0xB6FB, 0xF6FB, 0x37FB, 0xF8F2, 0xF8FA, 
  0xF8FA, 0xF9FA, 0xD7F2, 0x1CF6, 0xFFFF, 0xFFFF, 0x1FFF, 0x169B, 0xEF20, 0x1029, 0x0F29, 0xF028, 0x1029, 0x1029, 0x1029, 0x1029, 
  0x1029, 0x1029, 0x1029, 0x1029, 0x1029, 0x1029, 0x1029, 0x1029, 0x1029, 0x1029, 0x1029, 0x1029, 0x1029, 0x1029, 0x1029, 0x1029, 
  0x1029, 0x1029, 0x1029, 0x1029, 0x1029, 0x1029, 0x1029, 0x1029, 0x1029, 0x1029, 0x1029, 0x1029, 0x1029, 0x1029, 0x1029, 0x1029, 
  0x1029, 0x1029, 0x1029, 0x1029, 0x1029, 0x1029, 0x1029, 0x1029, 0x1029, 0x1029, 0x1029, 0x1029, 0x1029, 0x1029, 0x1029, 0x1029, 
  0x1029, 0x1029, 0x1029, 0x1029, 0x1029, 0x1029, 0x1029, 0x1029, 0x1029, 0x1029, 0x1029, 0x1029, 0x1029, 0x1029, 0x1029, 0x1029, 
  0x0E31, 0xBAB5, 0xFFFF, 0xD2B3, 0x2862, 0xCA72, 0x6862, 0x6962, 0x6962, 0x495A, 0x8A6A, 0x6A72, 0x0852, 0x495A, 0x8A62, 0x695A, 
  0xAA6A, 0x8A6A, 0xAA72, 0x8A6A, 0x695A, 0x895A, 0x896A, 0x6972, 0x696A, 0x696A, 0x8A6A, 0x4852, 0x285A, 0x6962, 0x6962, 0x2852, 
  0x895A, 0x0752, 0x33BC, 0x7FFF, 0xB7EB, 0x38FB, 0x77FB, 0xD8FA, 0xF8FA, 0x19FB, 0xF8F2, 0xBDFE, 0xFFFF, 0xDFFF, 0x7CF5, 0xF7F2, 
  0x56F3, 0x39ED, 0xBDFE, 0x79F4, 0xF7F2, 0xB8FB, 0x11C3, 0x285A, 0x6A62, 0x6962, 0x8A6A, 0xAA62, 0x685A, 0x8962, 0x2852, 0x0742, 
  0x2852, 0x8A6A, 0x4862, 0x2852, 0xC859, 0x0FAB, 0xDEFE, 0xB8F4, 0xF8EB, 0x9CF5, 0xD7FA, 0xF9FA, 0xF9FA, 0xF9FA, 0xD8FA, 0x5AF4, 
  0xBCF5, 0x0FAB, 0x4B8A, 0x32CB, 0x19F5, 0x9DFE, 0xF5DB, 0x2A72, 0x6962, 0x695A, 0x685A, 0x2952, 0x2952, 0x495A, 0x485A, 0x4852, 
  0x486A, 0x695A, 0x6952, 0x695A, 0x0752, 0xCFBA, 0x7BFD, 0x7BF5, 0xB8FA, 0xF9FA, 0xF8FA, 0xF8FA, 0xF8FA, 0xF8FA, 0x77FB, 0xD6FB, 
  0xD5FB, 0xD6FB, 0xF5FB, 0x15F4, 0xCEA2, 0x296A, 0x695A, 0x484A, 0x284A, 0x695A, 0x8A6A, 0x485A, 0x6962, 0x8A6A, 0x495A, 0x4952, 
  0x2852, 0x6962, 0x696A, 0x8A72, 0xAA6A, 0x4852, 0x4852, 0x2952, 0x495A, 0x6962, 0x2852, 0x695A, 0x495A, 0x285A, 0x295A, 0x2852, 
  0x495A, 0x495A, 0x2752, 0xCE9A, 0x78FB, 0xF8F2, 0x19FB, 0x53D3, 0xE969, 0x72D3, 0x16FC, 0xD6FB, 0xF5FB, 0x57FB, 0xD9FA, 0xF8FA, 
  0x18FB, 0xF8FA, 0x98FA, 0xBAFC, 0xFFFF, 0xFFF7, 0xDFFF, 0x79CC, 0x1029, 0x1029, 0x1029, 0x1029, 0x1029, 0x1029, 0x1029, 0x1029, 
  0x1029, 0x1029, 0x1029, 0x1029, 0x1029, 0x1029, 0x1029, 0x1029, 0x1029, 0x1029, 0x1029, 0x1029, 0x1029, 0x1029, 0x1029, 0x1029, 
  0x1029, 0x1029, 0x1029, 0x1029, 0x1029, 0x1029, 0x1029, 0x1029, 0x1029, 0x1029, 0x1029, 0x1029, 0x1029, 0x1029, 0x1029, 0x1029, 
  0x1029, 0x1029, 0x1029, 0x1029, 0x1029, 0x1029, 0x1029, 0x1029, 0x1029, 0x1029, 0x1029, 0x1029, 0x1029, 0x1029, 0x1029, 0x1029, 
  0x1029, 0x1029, 0x1029, 0x1029, 0x1029, 0x1029, 0x1029, 0x1029, 0x1029, 0x1029, 0x1029, 0x1029, 0x1029, 0x1029, 0x3029, 0xAE18, 
  0xB8A4, 0xFFFF, 0x7DF6, 0x6C82, 0x485A, 0x896A, 0xAA7A, 0xAA72, 0x6962, 0x4852, 0x695A, 0x6A6A, 0x2852, 0x695A, 0x495A, 0x4852, 
  0x8962, 0x4962, 0x8A72, 0x896A, 0x4862, 0x896A, 0x696A, 0xCB82, 0xCB7A, 0xCB72, 0x6A72, 0x696A, 0xCA72, 0xAA72, 0x4952, 0x2952, 
  0x494A, 0xE741, 0x0F9B, 0x9FFF, 0x78F4, 0x37FB, 0xB7FB, 0xF8FA, 0xF9FA, 0xF9FA, 0x38F3, 0x7EFF, 0xDFFF, 0xDBEC, 0xF7F2, 0x76F3, 
  0xBBF5, 0x7DFE, 0xF7F3, 0x17F3, 0x78FB, 0x94E3, 0x296A, 0x695A, 0x084A, 0x485A, 0x6962, 0x6962, 0x6962, 0x4852, 0x695A, 0x2852, 
  0x4852, 0x285A, 0xA972, 0x8A72, 0x8B72, 0x296A, 0xD4CB, 0x9EFE, 0x75EB, 0x9CFD, 0x7AF4, 0xD8F2, 0xF9FA, 0xF8FA, 0x18FB, 0xB7F2, 
  0x1AEC, 0x3DFE, 0x72B3, 0xE861, 0x8C92, 0xB8EC, 0x9EFE, 0xB2BB, 0xE961, 0x6952, 0x4852, 0x284A, 0x295A, 0x695A, 0x495A, 0x4952, 
  0x685A, 0x495A, 0x2952, 0x2852, 0x4962, 0x72D3, 0x7EFE, 0xB8F3, 0xD8FA, 0xF9FA, 0xF8FA, 0xF9FA, 0xF8FA, 0x77FB, 0xF6FB, 0xF5FB, 
  0xD6FB, 0xF6FB, 0xF5FB, 0xCE9A, 0x085A, 0x284A, 0x695A, 0x8A6A, 0x285A, 0x4962, 0x8A6A, 0x8A62, 0x0752, 0x8A6A, 0x895A, 0x2852, 
  0x8A62, 0xAA62, 0x8962, 0x8962, 0x6962, 0x295A, 0x2852, 0x494A, 0x4952, 0x4952, 0xE749, 0x8A5A, 0x4952, 0x285A, 0x695A, 0x6952, 
  0x295A, 0x8A72, 0xCA6A, 0x6A72, 0x95EB, 0xF8FA, 0xD9FA, 0x77EB, 0x0A6A, 0xE859, 0xD3E3, 0xF6FB, 0xF6FB, 0x97FB, 0xD9FA, 0x18F3, 
  0xF8FA, 0x18FB, 0xD8FA, 0x98EB, 0x5FFF, 0xFFF7, 0xFFFF, 0x1ADD, 0xCF30, 0x1029, 0x1029, 0x1029, 0x1029, 0x1029, 0x1029, 0x1029, 
  0x1029, 0x1029, 0x1029, 0x1029, 0x1029, 0x1029, 0x1029, 0x1029, 0x1029, 0x1029, 0x1029, 0x1029, 0x1029, 0x1029, 0x1029, 0x1029, 
  0x1029, 0x1029, 0x1029, 0x1029, 0x1029, 0x1029, 0x1029, 0x1029, 0x1029, 0x1029, 0x1029, 0x1029, 0x1029, 0x1029, 0x1029, 0x1029, 
  0x1029, 0x1029, 0x1029, 0x1029, 0x1029, 0x1029, 0x1029, 0x1029, 0x1029, 0x1029, 0x1029, 0x1029, 0x1029, 0x1029, 0x1029, 0x1029, 
  0x1029, 0x1029, 0x1029, 0x1029, 0x1029, 0x1029, 0x1029, 0x1029, 0x1029, 0x1029, 0x1029, 0x1029, 0x1029, 0x1029, 0xEF20, 0x514A, 
  0x5EEF, 0xFFFF, 0x75C4, 0x096A, 0xCA7A, 0x696A, 0x6962, 0x8962, 0x8A62, 0x495A, 0x495A, 0x4962, 0x495A, 0x8A5A, 0x495A, 0x2852, 
  0x8962, 0x6962, 0x285A, 0x695A, 0x695A, 0x4962, 0x295A, 0x295A, 0x2852, 0xE749, 0x4962, 0xAA72, 0x8A72, 0x4962, 0x284A, 0x084A, 
  0x284A, 0x2852, 0x8C82, 0xFEFE, 0x5AF5, 0x56FB, 0xD6FB, 0x37FB, 0x19FB, 0xB9F2, 0x3CFD, 0xFEFE, 0xF9EB, 0xF7F2, 0x96FB, 0x1CF6, 
  0x1CF6, 0xB6F3, 0x17FB, 0x18FB, 0xD6F3, 0xAC8A, 0x8962, 0x695A, 0x495A, 0x2852, 0x695A, 0x495A, 0x485A, 0x696A, 0x2962, 0x8962, 
  0x484A, 0x495A, 0x696A, 0xCC8A, 0xCD9A, 0x285A, 0x0A72, 0xBBED, 0x5AF5, 0xD8F3, 0x7EFE, 0x37F3, 0xF8FA, 0x18FB, 0xF8FA, 0x19FB, 
  0xD7EA, 0xD9F3, 0x7FFE, 0x91B3, 0xE761, 0x2C82, 0x76CC, 0xDFFE, 0x71B3, 0xE859, 0x695A, 0x484A, 0x6962, 0x4852, 0x495A, 0x4952, 
  0x495A, 0x6A6A, 0x6952, 0x685A, 0x4C92, 0x19ED, 0xDDFD, 0x98FA, 0x18FB, 0xF8FA, 0xF8FA, 0xF8FA, 0x58FB, 0xD6FB, 0xF4FB, 0xF5FB, 
  0x16FC, 0xB3E3, 0xAD92, 0x0852, 0x284A, 0x284A, 0x6962, 0xAA72, 0x485A, 0x2852, 0x084A, 0x495A, 0xAA5A, 0x0752, 0x0752, 0x6962, 
  0x8A6A, 0xAA6A, 0x485A, 0x484A, 0x2852, 0x495A, 0x2852, 0x4952, 0x284A, 0x284A, 0x084A, 0x284A, 0x4852, 0x8962, 0x8A62, 0x485A, 
  0x2852, 0x695A, 0x8962, 0x485A, 0x2FB3, 0x58FB, 0xD8FA, 0x59FB, 0xEFA2, 0xC639, 0xAC8A, 0xF6FB, 0xD6FB, 0xB6FB, 0xF8FA, 0x39FB, 
  0x59FB, 0xF8FA, 0x19FB, 0xD8F2, 0x1DFE, 0xFFFF, 0xFFFF, 0x9EFE, 0xD269, 0xF020, 0x1029, 0x1029, 0x1029, 0x1029, 0x1029, 0x1029, 
  0x1029, 0x1029, 0x1029, 0x1029, 0x1029, 0x1029, 0x1029, 0x1029, 0x1029, 0x1029, 0x1029, 0x1029, 0x1029, 0x1029, 0x1029, 0x1029, 
  0x1029, 0x1029, 0x1029, 0x1029, 0x1029, 0x1029, 0x1029, 0x1029, 0x1029, 0x1029, 0x1029, 0x1029, 0x1029, 0x1029, 0x1029, 0x1029, 
  0x1029, 0x1029, 0x1029, 0x1029, 0x1029, 0x1029, 0x1029, 0x1029, 0x1029, 0x1029, 0x1029, 0x1029, 0x1029, 0x1029, 0x1029, 0x1029, 
  0x1029, 0x1029, 0x1029, 0x1029, 0x1029, 0x1029, 0x1029, 0x1029, 0x1029, 0x1029, 0x1029, 0x1029, 0x1029, 0x3029, 0xAF18, 0x19A5, 
  0xFFFF, 0xFDFE, 0xAD92, 0x696A, 0x0C8B, 0xAA72, 0x2852, 0x6952, 0x4952, 0x4962, 0x495A, 0x074A, 0x0852, 0x285A, 0x495A, 0x495A, 
  0x8A62, 0x4962, 0x495A, 0x4852, 0x4852, 0x4952, 0x6962, 0x695A, 0x695A, 0x6852, 0xA962, 0x8962, 0x4862, 0x8962, 0x695A, 0x695A, 
  0x8A62, 0xAA6A, 0x296A, 0x1BEE, 0x5DFE, 0x95F3, 0xF6FB, 0x57FB, 0xD9FA, 0x78F3, 0xFCF4, 0x59EB, 0xB7FA, 0xF6F3, 0x3CF6, 0x7BFD, 
  0x94FB, 0x77FB, 0xF8F2, 0xB8FB, 0xEFB2, 0x084A, 0x485A, 0x2852, 0x8A62, 0x6A62, 0x2852, 0x4962, 0x285A, 0xCB72, 0x896A, 0x896A, 
  0x2852, 0x2952, 0x2852, 0xAD92, 0x50BB, 0x485A, 0x0742, 0x2F9B, 0x9DFE, 0xB6EB, 0xFCF5, 0x5BF5, 0xB7FA, 0x19FB, 0xF9FA, 0xD8FA, 
  0x19FB, 0xB8FA, 0x39EC, 0x7EFE, 0x2FA3, 0x285A, 0x2A72, 0x75D4, 0x3FFF, 0x91AB, 0x095A, 0x695A, 0x685A, 0x8A62, 0x696A, 0x495A, 
  0x4852, 0x4962, 0xAA72, 0x696A, 0xF0B2, 0x7DFE, 0xF9EB, 0xB9FA, 0xF9FA, 0xF9FA, 0xF9FA, 0x57FB, 0xD6FB, 0xF5FB, 0x16FC, 0x16FC, 
  0x31C3, 0x4A6A, 0x484A, 0x495A, 0x6962, 0x4952, 0x0852, 0x485A, 0x484A, 0x2842, 0x284A, 0x0842, 0x4952, 0x8962, 0x6962, 0xCB72, 
  0x2862, 0x2852, 0x485A, 0x4962, 0x6962, 0x6962, 0x6962, 0x695A, 0x074A, 0x4952, 0x2852, 0x2852, 0x295A, 0x4962, 0x6962, 0x495A, 
  0x4952, 0x084A, 0x295A, 0x495A, 0x496A, 0x95EB, 0xF9FA, 0xF9FA, 0x35E3, 0x495A, 0x285A, 0x52CB, 0xF7FB, 0xD5FB, 0x37FB, 0x39FB, 
  0x7BF4, 0xF8F2, 0x19FB, 0xB8FA, 0x9AF4, 0xFFFF, 0xFFF7, 0x9FFF, 0xD59A, 0xCF20, 0x1129, 0x1029, 0x1029, 0x1029, 0x1029, 0x1029, 
  0x1029, 0x1029, 0x1029, 0x1029, 0x1029, 0x1029, 0x1029, 0x1029, 0x1029, 0x1029, 0x1029, 0x1029, 0x1029, 0x1029, 0x1029, 0x1029, 
  0x1029, 0x1029, 0x1029, 0x1029, 0x1029, 0x1029, 0x1029, 0x1029, 0x1029, 0x1029, 0x1029, 0x1029, 0x1029, 0x1029, 0x1029, 0x1029, 
  0x1029, 0x1029, 0x1029, 0x1029, 0x1029, 0x1029, 0x1029, 0x1029, 0x1029, 0x1029, 0x1029, 0x1029, 0x1029, 0x1029, 0x1029, 0x1029, 
  0x1029, 0x1029, 0x1029, 0x1029, 0x1029, 0x1029, 0x1029, 0x1029, 0x1029, 0x1029, 0x1029, 0x1029, 0x1029, 0x3029, 0x8E18, 0x38AD, 
  0xFFFF, 0xF7D4, 0x4972, 0x4862, 0x285A, 0xAA6A, 0x4962, 0x8A62, 0x285A, 0x495A, 0x695A, 0x695A, 0xAA72, 0x8A6A, 0x485A, 0x695A, 
  0x8A6A, 0x696A, 0x6962, 0x4952, 0x074A, 0x2852, 0x8A72, 0x696A, 0xCB72, 0x8A6A, 0x4862, 0x696A, 0xAA6A, 0x685A, 0x896A, 0x695A, 
  0xAA72, 0xAA72, 0xC751, 0xF6CC, 0x1FFF, 0xB5EB, 0xF6FB, 0x77FB, 0xF9FA, 0x17FB, 0xD7FA, 0x37FB, 0x17F4, 0x7DFE, 0x3AF5, 0x75F3, 
  0x57F4, 0x5AEC, 0x18FB, 0xB3E3, 0xE859, 0x495A, 0x695A, 0x4962, 0x6962, 0x6962, 0x4962, 0x6962, 0x896A, 0x896A, 0xAA6A, 0x8A6A, 
  0x495A, 0x2952, 0xE741, 0xEFA2, 0x51C3, 0x085A, 0x4852, 0xC861, 0x38DD, 0xBBF5, 0xD6EB, 0xFFFE, 0x99F3, 0xB8FA, 0xF9FA, 0xF9FA, 
  0xF8FA, 0x18FB, 0xB7F2, 0xDBF4, 0x5DFE, 0xAD9A, 0x886A, 0x0972, 0x95C4, 0x1FFF, 0x30A3, 0xE859, 0x485A, 0x6962, 0x8A6A, 0x6962, 
  0x8A6A, 0xA96A, 0x696A, 0x4A7A, 0x97DC, 0xBCFD, 0xD7F2, 0x19FB, 0xF9FA, 0xF8FA, 0x38FB, 0xB7FB, 0xF5FB, 0x16FC, 0x94DB, 0x6D82, 
  0x295A, 0x6962, 0x485A, 0x895A, 0x695A, 0x495A, 0x495A, 0x695A, 0x6952, 0x284A, 0x2852, 0x495A, 0x2852, 0x4962, 0x8A62, 0x8A6A, 
  0x485A, 0x284A, 0x8A72, 0xEC8A, 0x896A, 0x485A, 0x896A, 0x696A, 0x485A, 0x8962, 0x495A, 0x6962, 0x8A62, 0x285A, 0x285A, 0x495A, 
  0x8A62, 0x2852, 0x495A, 0x8A6A, 0x0752, 0x10BB, 0x59FB, 0xD8FA, 0x58FB, 0xAD92, 0xE741, 0x8C82, 0xF6FB, 0xF5FB, 0x77FB, 0xF8F2, 
  0x3CF5, 0x98F3, 0xD8FA, 0xD9FA, 0x38F3, 0x1EFF, 0xFFFF, 0xFFFF, 0x58CC, 0xEF30, 0x1029, 0x1029, 0x1029, 0x1029, 0x1029, 0x1029, 
  0x1029, 0x1029, 0x1029, 0x1029, 0x1029, 0x1029, 0x1029, 0x1029, 0x1029, 0x1029, 0x1029, 0x1029, 0x1029, 0x1029, 0x1029, 0x1029, 
  0x1029, 0x1029, 0x1029, 0x1029, 0x1029, 0x1029, 0x1029, 0x1029, 0x1029, 0x1029, 0x1029, 0x1029, 0x1029, 0x1029, 0x1029, 0x1029, 
  0x1029, 0x1029, 0x1029, 0x1029, 0x1029, 0x1029, 0x1029, 0x1029, 0x1029, 0x1029, 0x1029, 0x1029, 0x1029, 0x1029, 0x1029, 0x1029, 
  0x1029, 0x1029, 0x1029, 0x1029, 0x1029, 0x1029, 0x1029, 0x1029, 0x1029, 0x1029, 0x1029, 0x1029, 0x1029, 0xCF20, 0xB35A, 0x7EEF, 
  0x7FFF, 0xCF9A, 0x4962, 0x896A, 0x896A, 0x896A, 0xAA72, 0x6A6A, 0x6962, 0x696A, 0x4962, 0x895A, 0xCB7A, 0x8A72, 0x8962, 0x6962, 
  0xA962, 0x6962, 0x696A, 0x6962, 0x695A, 0x6962, 0x8A6A, 0x695A, 0x4962, 0x4962, 0x8962, 0x4962, 0x495A, 0x4962, 0x4962, 0x896A, 
  0x485A, 0x4852, 0xE751, 0xB1A3, 0x7FFF, 0x17F4, 0xD5FB, 0x77FB, 0xF8FA, 0x38FB, 0x76FB, 0x97EC, 0x5DFE, 0x16D4, 0x33E3, 0x77F4, 
  0xBCF5, 0x38F3, 0x96FB, 0x8C82, 0x284A, 0x8A72, 0xAA6A, 0x4962, 0x896A, 0x8962, 0x6A6A, 0xAA72, 0x6972, 0x8A7A, 0xAB7A, 0x495A, 
  0x4852, 0x2952, 0x2852, 0x92D3, 0x30CB, 0x896A, 0x6962, 0x485A, 0x8D8A, 0x9DFE, 0xF5EB, 0x7BFD, 0x3DF6, 0xB7F2, 0xF9FA, 0xF9FA, 
  0x18FB, 0xF8FA, 0xF9FA, 0xB7F2, 0xBCF5, 0xFBF5, 0x4B8A, 0x4852, 0xE969, 0xF6D4, 0xDEFE, 0xCE9A, 0x6962, 0xA962, 0x2852, 0x4962, 
  0x6962, 0x6862, 0x074A, 0xAFA2, 0xDCFD, 0xD9EB, 0xD8FA, 0xF9FA, 0xF8FA, 0x57FB, 0xD6FB, 0xF6FB, 0x15FC, 0x30C3, 0x0962, 0x485A, 
  0x4962, 0x6962, 0x485A, 0x6962, 0x695A, 0x2852, 0x495A, 0x2952, 0x084A, 0x084A, 0x284A, 0x284A, 0x0742, 0x2952, 0x4852, 0x695A, 
  0x495A, 0x084A, 0x8A6A, 0x696A, 0x896A, 0xCA7A, 0x8A72, 0x485A, 0x4852, 0x6962, 0x8962, 0x8962, 0x8A62, 0x8A62, 0x2852, 0x284A, 
  0x4862, 0x8A7A, 0xAA6A, 0x8A72, 0x4852, 0x6B7A, 0x96FB, 0xD8FA, 0x39FB, 0x34D3, 0x0862, 0x4962, 0x72D3, 0xD6FB, 0xB6FB, 0xB7F2, 
  0xDBF4, 0x1BF5, 0xB8F2, 0x19FB, 0xB8FA, 0x3CF5, 0xFFFF, 0xFFFF, 0xDCE5, 0x5049, 0xF020, 0x1029, 0x1029, 0x1029, 0x1029, 0x1029, 
  0x1029, 0x1029, 0x1029, 0x1029, 0x1029, 0x1029, 0x1029, 0x1029, 0x1029, 0x1029, 0x1029, 0x1029, 0x1029, 0x1029, 0x1029, 0x1029, 
  0x1029, 0x1029, 0x1029, 0x1029, 0x1029, 0x1029, 0x1029, 0x1029, 0x1029, 0x1029, 0x1029, 0x1029, 0x1029, 0x1029, 0x1029, 0x1029, 
  0x1029, 0x1029, 0x1029, 0x1029, 0x1029, 0x1029, 0x1029, 0x1029, 0x1029, 0x1029, 0x1029, 0x1029, 0x1029, 0x1029, 0x1029, 0x1029, 
  0x1029, 0x1029, 0x1029, 0x1029, 0x1029, 0x1029, 0x1029, 0x1029, 0xF028, 0x3021, 0x1029, 0xF028, 0x3029, 0x8F18, 0x989C, 0xFFFF, 
  0x7AE5, 0x0A72, 0x6962, 0x4852, 0x4862, 0x4962, 0x8962, 0x6962, 0x8962, 0x8A72, 0x495A, 0x4852, 0x0852, 0x285A, 0x6962, 0x495A, 
  0x695A, 0x495A, 0x4962, 0x4962, 0x6962, 0x495A, 0xAA6A, 0x4852, 0x4852, 0x2962, 0x8A6A, 0x8A62, 0x6962, 0x8A62, 0x8A62, 0x4962, 
  0x4952, 0x2842, 0x284A, 0xCD8A, 0x1FFF, 0xD9F4, 0x95FB, 0x96FB, 0x97F3, 0x96FB, 0x58F4, 0xDCFD, 0x51C3, 0x6EB2, 0x35EC, 0x5DFE, 
  0xB8F3, 0x77FB, 0x0FAB, 0xE751, 0x8A62, 0xAA72, 0x4972, 0xCA72, 0x8972, 0x485A, 0x495A, 0xCB82, 0x8A72, 0x685A, 0x495A, 0x8962, 
  0x485A, 0x0742, 0x4A6A, 0xB5F3, 0xCEAA, 0x8962, 0xA95A, 0x695A, 0xE961, 0x95CC, 0x1DFE, 0x75EB, 0xFEFE, 0x5AF4, 0xB8FA, 0xF9FA, 
  0xF8FA, 0xF8FA, 0xF8FA, 0xF8FA, 0xF7F2, 0x5EFE, 0x19ED, 0x6C82, 0x485A, 0x4B82, 0x58DD, 0x9DFE, 0x8D92, 0x4862, 0x695A, 0x6A6A, 
  0x695A, 0x4852, 0x496A, 0x16D4, 0xBBFC, 0xF8F2, 0xF8FA, 0x18FB, 0x97FB, 0xB6FB, 0xF6FB, 0xF5F3, 0xCE9A, 0x095A, 0x8A72, 0x896A, 
  0x696A, 0xAA6A, 0x4962, 0xAA7A, 0x6A72, 0x896A, 0x4862, 0x4962, 0x6962, 0x485A, 0x4852, 0x484A, 0x4852, 0x6962, 0x6962, 0x695A, 
  0x4852, 0x284A, 0x4952, 0x2852, 0xE751, 0x8A6A, 0xAB6A, 0x2952, 0x494A, 0x284A, 0x495A, 0x4962, 0x285A, 0x695A, 0x284A, 0x084A, 
  0xAB72, 0x6A72, 0x4852, 0x695A, 0x895A, 0x0852, 0x31C3, 0x58FB, 0xD9FA, 0x77F3, 0x6B8A, 0x074A, 0xAD9A, 0xF6FB, 0xD6FB, 0x17FB, 
  0xB9F3, 0x7EFE, 0x38F3, 0xF9FA, 0xD8FA, 0x79F3, 0x7FFF, 0xFFFF, 0xDEFE, 0xF279, 0xEF20, 0x1029, 0x1029, 0x1029, 0x1029, 0x1029, 
  0x1029, 0x1029, 0x1029, 0x1029, 0x1029, 0x1029, 0x1029, 0x1029, 0x1029, 0x1029, 0x1029, 0x1029, 0x1029, 0x1029, 0x1029, 0x1029, 
  0x1029, 0x1029, 0x1029, 0x1029, 0x1029, 0x1029, 0x1029, 0x1029, 0x1029, 0x1029, 0x1029, 0x1029, 0x1029, 0x1029, 0x1029, 0x1029, 
  0x1029, 0x1029, 0x1029, 0x1029, 0x1029, 0x1029, 0x1029, 0x1029, 0x1029, 0x1029, 0x1029, 0x1029, 0x1029, 0x1029, 0x1029, 0x1029, 
  0x1029, 0x1029, 0x1029, 0x1029, 0x1029, 0x1029, 0x1029, 0x1029, 0xF028, 0x3021, 0x1029, 0x1029, 0x3029, 0xEE20, 0xFBC5, 0xDFFF, 
  0xB1B3, 0x085A, 0x8952, 0x696A, 0x695A, 0x695A, 0x6962, 0x6962, 0x485A, 0x4852, 0x495A, 0x4952, 0x4852, 0x6962, 0x285A, 0x2852, 
  0x2852, 0x4852, 0x4852, 0xAA6A, 0x8A6A, 0x495A, 0x8962, 0x896A, 0xCB7A, 0x696A, 0x696A, 0x6962, 0x485A, 0x2852, 0x8962, 0x2852, 
  0x2852, 0x2852, 0x695A, 0xE961, 0x5BEE, 0xDBFD, 0x75FB, 0xD6FB, 0xD6FB, 0x76FB, 0x58F4, 0x8E92, 0xC961, 0xB3DB, 0x9DFE, 0x1AF5, 
  0x16FB, 0x93D3, 0x285A, 0x495A, 0x695A, 0x4962, 0xAB72, 0x896A, 0xCB8A, 0xCB8A, 0x495A, 0x70BB, 0x6A7A, 0x495A, 0x295A, 0x485A, 
  0x4962, 0xA962, 0x8D8A, 0x96FB, 0x6B7A, 0x2852, 0x6862, 0x4962, 0x4A6A, 0x4B82, 0x5CF6, 0x78F4, 0xB8F4, 0x9EFE, 0xF7F2, 0xF9FA, 
  0xF8FA, 0xF8FA, 0xF8FA, 0x19FB, 0xD8FA, 0x98EB, 0xDFFE, 0x15DC, 0x096A, 0xAA72, 0x097A, 0xFBED, 0xFBED, 0x2B72, 0x6962, 0x6962, 
  0x4962, 0xE741, 0x6D92, 0xB8FB, 0x78FB, 0x37FB, 0x57FB, 0xB7FB, 0xD5FB, 0xF6FB, 0xD5EB, 0x8D92, 0x485A, 0x695A, 0x4962, 0x8962, 
  0x6972, 0x6962, 0x4852, 0xAB7A, 0xCB8A, 0x697A, 0xCB82, 0xAA72, 0x8A72, 0x8A72, 0x6962, 0x6962, 0x285A, 0x896A, 0x6962, 0x695A, 
  0x285A, 0x8A6A, 0x8A62, 0x6A62, 0x896A, 0xAA72, 0x8A6A, 0x2852, 0x2952, 0xE741, 0x495A, 0x8A6A, 0x8A6A, 0x2852, 0x484A, 0x695A, 
  0x6962, 0x0852, 0x495A, 0xAA6A, 0x8A6A, 0x485A, 0xED92, 0x98FB, 0xD8FA, 0x58FB, 0x11B3, 0x2852, 0x296A, 0xB4EB, 0xF6FB, 0x97FB, 
  0xD7F2, 0xBEFE, 0xBAF4, 0x98FA, 0x19FB, 0xD7F2, 0xBCF5, 0xFFFF, 0x9FFF, 0x57B3, 0xEF20, 0x1029, 0x1029, 0x1029, 0x1029, 0x1029, 
  0x1029, 0x1029, 0x1029, 0x1029, 0x1029, 0x1029, 0x1029, 0x1029, 0x1029, 0x1029, 0x1029, 0x1029, 0x1029, 0x1029, 0x1029, 0x1029, 
  0x1029, 0x1029, 0x1029, 0x1029, 0x1029, 0x1029, 0x1029, 0x1029, 0x1029, 0x1029, 0x1029, 0x1029, 0x1029, 0x1029, 0x1029, 0x1029, 
  0x1029, 0x1029, 0x1029, 0x1029, 0x1029, 0x1029, 0x1029, 0x1029, 0x1029, 0x1029, 0x1029, 0x1029, 0x1029, 0x1029, 0x1029, 0x1029, 
  0x1029, 0x1029, 0x1029, 0x1029, 0x1029, 0x1029, 0x1029, 0x1029, 0x1029, 0x1029, 0x1029, 0x1129, 0xCF20, 0xB26A, 0xDFFF, 0x7CFE, 
  0xAB9A, 0x2862, 0x6A62, 0x6962, 0x6962, 0x8962, 0x485A, 0x485A, 0x2852, 0x6962, 0x8A6A, 0x2852, 0x8962, 0xCB72, 0x696A, 0x8A6A, 
  0x6962, 0x6962, 0xAA6A, 0x8962, 0x485A, 0x4852, 0x2852, 0xEB82, 0x2D93, 0xAB82, 0x896A, 0x6962, 0x6962, 0x695A, 0x696A, 0xEC8A, 
  0xAB7A, 0x696A, 0x6962, 0xC859, 0x77D5, 0x7DFE, 0x95F3, 0xF6FB, 0x96FB, 0x56E3, 0x4C7A, 0xE749, 0x10AB, 0xDBFD, 0x7DF6, 0x35F3, 
  0xD6F3, 0x8B82, 0x485A, 0xCC7A, 0x6A62, 0x4962, 0x284A, 0x2852, 0xAA7A, 0x8A82, 0xCE9A, 0x91C3, 0x285A, 0xAB72, 0xAB72, 0x685A, 
  0x8A6A, 0x697A, 0x12BB, 0x55E3, 0x4962, 0x285A, 0x4962, 0x4962, 0x2E9B, 0x296A, 0xF2BB, 0x7EFE, 0x75EB, 0x7DFE, 0x1BF5, 0xB8F2, 
  0x19FB, 0xF8FA, 0xF8FA, 0x18FB, 0xF9FA, 0xB8F2, 0xBAEC, 0xDEFE, 0x33C3, 0x4962, 0x885A, 0x6B8A, 0x5DFE, 0xF8DC, 0xE861, 0x8A7A, 
  0x4972, 0x696A, 0x34DB, 0x57FB, 0xD6FB, 0xB6FB, 0xD6FB, 0xD6FB, 0x16FC, 0xB3D3, 0x0A72, 0x4962, 0x4852, 0x2852, 0x285A, 0x8A72, 
  0x8A7A, 0x6952, 0x0742, 0x4962, 0x6962, 0xCA72, 0x896A, 0x495A, 0x6962, 0x6962, 0x8962, 0x285A, 0x8A62, 0x2852, 0x074A, 0x6852, 
  0x4852, 0x285A, 0x4962, 0xAA72, 0x6962, 0x6962, 0x285A, 0x696A, 0x696A, 0x6962, 0x8962, 0x6962, 0x6962, 0x4852, 0x695A, 0x6962, 
  0x495A, 0x2852, 0x4852, 0x2852, 0x285A, 0x485A, 0x2962, 0x54E3, 0x18FB, 0x18FB, 0x76EB, 0x8B7A, 0x084A, 0x31C3, 0x16FC, 0xB7FB, 
  0xD7F2, 0x7CF5, 0xDEFE, 0xD7F2, 0xF9FA, 0xD8FA, 0xD8F3, 0x9FFF, 0xFFFF, 0x79C4, 0xD038, 0x1029, 0x0F29, 0x1029, 0x1029, 0x1029, 
  0x1029, 0x1029, 0x1029, 0x1029, 0x1029, 0x1029, 0x1029, 0x1029, 0x1029, 0x1029, 0x1029, 0x1029, 0x1029, 0x1029, 0x1029, 0x1029, 
  0x1029, 0x1029, 0x1029, 0x1029, 0x1029, 0x1029, 0x1029, 0x1029, 0x1029, 0x1029, 0x1029, 0x1029, 0x1029, 0x1029, 0x1029, 0x1029, 
  0x1029, 0x1029, 0x1029, 0x1029, 0x1029, 0x1029, 0x1029, 0x1029, 0x1029, 0x1029, 0x1029, 0x1029, 0x1029, 0x1029, 0x1029, 0x1029, 
  0x1029, 0x1029, 0x1029, 0x1029, 0x1029, 0x1029, 0x1029, 0x1029, 0x1029, 0xF028, 0x1029, 0x1029, 0xEF28, 0xFCD5, 0xFFFF, 0x35C4, 
  0x4872, 0x8962, 0x2962, 0x8962, 0x6962, 0x696A, 0xAA72, 0x8962, 0x485A, 0x695A, 0x485A, 0x4852, 0x685A, 0x285A, 0x696A, 0x8962, 
  0x6962, 0x485A, 0x4962, 0x4962, 0x285A, 0x695A, 0x495A, 0x295A, 0x496A, 0x0C93, 0x6972, 0x4962, 0xCA6A, 0x8A6A, 0x896A, 0x896A, 
  0x896A, 0x8A6A, 0xCB72, 0x0862, 0x33B4, 0xDEFE, 0xB6F3, 0xD6FB, 0xB5F3, 0x2B72, 0x2742, 0x0862, 0x34D4, 0x3FFF, 0xD7EB, 0xD7FB, 
  0xCEA2, 0x496A, 0xAC8A, 0xCD92, 0x4962, 0x2852, 0x2852, 0x6852, 0x485A, 0xE751, 0x92D3, 0x10BB, 0x695A, 0x8962, 0x6A72, 0x8972, 
  0xEB82, 0xAB9A, 0x36EB, 0x12B3, 0x6962, 0x6962, 0x4952, 0x0852, 0x0EA3, 0xCC92, 0x0A72, 0xFBED, 0x19F5, 0x38EC, 0xFEFE, 0x78EB, 
  0xF9FA, 0xF8FA, 0xF8FA, 0x19FB, 0xD9FA, 0x19FB, 0xD7F2, 0xDCF5, 0x3DFE, 0x70B2, 0x495A, 0x6962, 0x2FAB, 0x9EFE, 0x92B3, 0x6872, 
  0x896A, 0xCD8A, 0x96FB, 0xB6FB, 0xF5FB, 0xF6FB, 0xF7FB, 0xB5F3, 0xEFAA, 0x295A, 0x484A, 0x696A, 0x696A, 0x695A, 0x6A62, 0x4962, 
  0x6A6A, 0x6A62, 0x295A, 0x695A, 0x695A, 0x6962, 0x896A, 0x8962, 0x4962, 0x6962, 0x4962, 0x8A6A, 0x6A5A, 0x0952, 0x4962, 0x8962, 
  0x685A, 0x895A, 0x4962, 0x285A, 0x2852, 0x284A, 0x284A, 0xAA72, 0x696A, 0xAA6A, 0xAA62, 0x695A, 0x0852, 0x0852, 0x495A, 0x495A, 
  0x695A, 0x484A, 0x4852, 0x495A, 0x495A, 0x8962, 0x2852, 0xAE9A, 0x98FB, 0xD8FA, 0x78FB, 0xEEA2, 0x074A, 0x8C8A, 0x15FC, 0xF6FB, 
  0x17FB, 0xF9F3, 0xDFFF, 0x99EC, 0xB8FA, 0xF9FA, 0xD7F2, 0x3DF6, 0xFFFF, 0x9CED, 0xF048, 0x1021, 0x0F29, 0x1029, 0x1029, 0x1029, 
  0x1029, 0x1029, 0x1029, 0x1029, 0x1029, 0x1029, 0x1029, 0x1029, 0x1029, 0x1029, 0x1029, 0x1029, 0x1029, 0x1029, 0x1029, 0x1029, 
  0x1029, 0x1029, 0x1029, 0x1029, 0x1029, 0x1029, 0x1029, 0x1029, 0x1029, 0x1029, 0x1029, 0x1029, 0x1029, 0x1029, 0x1029, 0x1029, 
  0x1029, 0x1029, 0x1029, 0x1029, 0x1029, 0x1029, 0x1029, 0x1029, 0x1029, 0x1029, 0x1029, 0x1029, 0x1029, 0x1029, 0x1029, 0x1029, 
  0x1029, 0x1029, 0x1029, 0x1029, 0x1029, 0x1029, 0x1029, 0x1029, 0x1029, 0xF028, 0x1029, 0xAE20, 0xB372, 0x9FFF, 0xDEFE, 0x73DB, 
  0x0C8B, 0x896A, 0x8A82, 0xAA7A, 0xAA72, 0xCB7A, 0x8A72, 0x696A, 0xAA6A, 0x4962, 0x8962, 0x695A, 0x485A, 0xAA6A, 0x8A6A, 0x685A, 
  0xA96A, 0xCA72, 0x696A, 0x896A, 0x8A6A, 0x896A, 0x485A, 0x695A, 0x485A, 0x8A7A, 0x8A7A, 0x6962, 0x8A6A, 0x4962, 0x896A, 0x6962, 
  0x6962, 0x485A, 0x2862, 0x2862, 0x70AB, 0xBEFE, 0xF7F3, 0xF6FB, 0xEEA2, 0x2752, 0x6962, 0xAD8A, 0x3EFF, 0x3AED, 0x96FB, 0x72CB, 
  0x4862, 0x4852, 0x50BB, 0x4B7A, 0x485A, 0x8962, 0xCB7A, 0x486A, 0x8A6A, 0x6B82, 0xF5EB, 0x8C8A, 0x485A, 0x896A, 0x696A, 0x4962, 
  0x6D8B, 0xEEAA, 0x57FB, 0xAE92, 0x4852, 0x495A, 0x8A62, 0x484A, 0x8C92, 0x70B3, 0x296A, 0x70A3, 0x9DFE, 0x56F3, 0xFCF5, 0xDCF5, 
  0xB7F2, 0x18FB, 0xF8FA, 0xF9FA, 0xF9FA, 0xF8FA, 0xD8FA, 0x18F3, 0xDEFE, 0x3AF5, 0x8D9A, 0x6A6A, 0xE751, 0xF4BB, 0xDDFD, 0x8B82, 
  0x0652, 0xCE9A, 0xF6FB, 0xD5FB, 0xF6FB, 0xB5F3, 0x30BB, 0x496A, 0xE749, 0x495A, 0x495A, 0x6962, 0x8962, 0x285A, 0x494A, 0x2842, 
  0x4952, 0x485A, 0x4952, 0x284A, 0x8A6A, 0xAA72, 0x495A, 0x495A, 0x6962, 0x896A, 0x485A, 0x4962, 0x4852, 0x284A, 0x285A, 0xAA6A, 
  0x6962, 0x6962, 0x6962, 0x6A62, 0x6952, 0x284A, 0x284A, 0x495A, 0x6962, 0x695A, 0x695A, 0x074A, 0x695A, 0x2852, 0x495A, 0x8A6A, 
  0x495A, 0x6962, 0x6A6A, 0x4962, 0x8A62, 0x495A, 0x2852, 0x2962, 0x95E3, 0x18FB, 0x58FB, 0x93DB, 0xE751, 0x0962, 0xF4E3, 0xF6FB, 
  0x77FB, 0xF7F2, 0x1EFF, 0xDEFE, 0x17EB, 0xF9FA, 0xB8FA, 0x39EC, 0xFFFF, 0xDEFE, 0xD271, 0xEF20, 0x1029, 0x1029, 0x1029, 0x1029, 
  0x1029, 0x1029, 0x1029, 0x1029, 0x1029, 0x1029, 0x1029, 0x1029, 0x1029, 0x1029, 0x1029, 0x1029, 0x1029, 0x1029, 0x1029, 0x1029, 
  0x1029, 0x1029, 0x1029, 0x1029, 0x1029, 0x1029, 0x1029, 0x1029, 0x1029, 0x1029, 0x1029, 0x1029, 0x1029, 0x1029, 0x1029, 0x1029, 
  0x1029, 0x1029, 0x1029, 0x1029, 0x1029, 0x1029, 0x1029, 0x1029, 0x1029, 0x1029, 0x1029, 0x1029, 0x1029, 0x1029, 0x1029, 0x1029, 
  0x1029, 0x1029, 0x1029, 0x1029, 0x1029, 0x1029, 0x1029, 0x1029, 0x1029, 0x1029, 0xF020, 0x0F39, 0xDCDD, 0xFFFF, 0xB7DC, 0x8DAA, 
  0xAB8A, 0xAA7A, 0xAA82, 0xAA6A, 0xCA72, 0x4862, 0x4862, 0x8962, 0x8962, 0x285A, 0x696A, 0x8A62, 0x0852, 0x8A6A, 0x8A6A, 0x485A, 
  0x896A, 0x6972, 0xAA7A, 0x696A, 0x896A, 0xCA7A, 0x8972, 0x6962, 0x6962, 0x495A, 0x6962, 0x8A6A, 0x8A72, 0x696A, 0x696A, 0xEC82, 
  0x6A72, 0x6962, 0x8962, 0x4852, 0x8C92, 0x7DFE, 0x58FC, 0xB5F3, 0x4A6A, 0x4852, 0x0972, 0x3AEE, 0x3DF6, 0x95FB, 0xB3DB, 0x286A, 
  0x485A, 0x4A6A, 0xB3CB, 0x0962, 0x8962, 0xAA7A, 0x6972, 0x886A, 0x6A6A, 0xF0B2, 0xB5EB, 0x0962, 0x074A, 0x8A72, 0x8A6A, 0x6962, 
  0x0752, 0xB0AA, 0x77F3, 0x4A7A, 0x685A, 0x485A, 0x495A, 0x274A, 0x6D92, 0x93D3, 0x4972, 0x0972, 0x79DD, 0x3AFD, 0xB6EB, 0xDFFE, 
  0xF8EB, 0xD8FA, 0xF9FA, 0xF8FA, 0x18FB, 0xF8FA, 0xF8FA, 0xD8FA, 0xD9EB, 0xDFFE, 0x56E4, 0x6C92, 0x6A62, 0x0962, 0x78EC, 0x96DB, 
  0x2862, 0x8B82, 0xF5F3, 0xD5FB, 0xD4E3, 0x2A7A, 0x4852, 0x695A, 0x4962, 0x495A, 0x2852, 0x495A, 0x4852, 0x495A, 0x2952, 0x0842, 
  0x4852, 0x695A, 0x4962, 0x4852, 0x4962, 0x2852, 0x4952, 0x495A, 0x495A, 0x695A, 0x495A, 0x084A, 0x6952, 0x695A, 0x284A, 0x284A, 
  0x2852, 0x696A, 0x6962, 0x6962, 0x485A, 0x485A, 0x2952, 0x495A, 0x695A, 0x0852, 0xE749, 0x6962, 0x8A62, 0x2852, 0x285A, 0x6A6A, 
  0x6962, 0x6962, 0x4962, 0x084A, 0x284A, 0x2852, 0x6952, 0x0852, 0xEFAA, 0x78FB, 0x38FB, 0xF6FB, 0x8B7A, 0xE849, 0x30B3, 0x16FC, 
  0xB6FB, 0xD7F2, 0x5BF5, 0xFFFF, 0x5AF4, 0xB8FA, 0x19FB, 0xF8F2, 0xFEFE, 0xDFFF, 0x159B, 0xAF28, 0x3029, 0x1029, 0x1029, 0x1029, 
  0x1029, 0x1029, 0x1029, 0x1029, 0x1029, 0x1029, 0x1029, 0x1029, 0x1029, 0x1029, 0x1029, 0x1029, 0x1029, 0x1029, 0x1029, 0x1029, 
  0x1029, 0x1029, 0x1029, 0x1029, 0x1029, 0x1029, 0x1029, 0x1029, 0x1029, 0x1029, 0x1029, 0x1029, 0x1029, 0x1029, 0x1029, 0x1029, 
  0x1029, 0x1029, 0x1029, 0x1029, 0x1029, 0x1029, 0x1029, 0x1029, 0x1029, 0x1029, 0x1029, 0x1029, 0x1029, 0x1029, 0x1029, 0x1029, 
  0x1029, 0x1029, 0x1029, 0x1029, 0x1029, 0x1029, 0x1029, 0x1029, 0x1029, 0x2F29, 0xCE20, 0xF58A, 0xBFFF, 0x1EFF, 0x0FA3, 0x2862, 
  0xAA72, 0x696A, 0x6962, 0x8B7A, 0xAB7A, 0x8A72, 0xAA7A, 0x6972, 0x8962, 0xAA6A, 0x8A6A, 0x4962, 0x6962, 0xAA72, 0xAA72, 0x896A, 
  0x8A6A, 0x696A, 0xAA72, 0x696A, 0x896A, 0x8A72, 0xAA72, 0xCA72, 0x8A6A, 0x6962, 0x695A, 0x4962, 0x8A6A, 0x8962, 0x4962, 0xAA6A, 
  0x695A, 0x6962, 0x695A, 0x4852, 0x2B82, 0x9BED, 0x58FC, 0x72DB, 0x696A, 0xC851, 0x95C4, 0x3FFF, 0xF6F3, 0xD4EB, 0x6B82, 0xA96A, 
  0x8972, 0x10C3, 0x52C3, 0x695A, 0x695A, 0x8A6A, 0x4962, 0x6952, 0xE851, 0x13D3, 0x32D3, 0x2962, 0x495A, 0x6962, 0x895A, 0x8962, 
  0x4862, 0xF3CA, 0x55DB, 0x485A, 0x6962, 0x495A, 0x495A, 0x485A, 0xEEAA, 0xB4EB, 0x6972, 0x896A, 0x10A3, 0x7DFE, 0xB6EB, 0x3AF5, 
  0x3DFE, 0xB8F2, 0xF9FA, 0xF9FA, 0x18FB, 0xF9FA, 0x18FB, 0x18FB, 0xB8FA, 0xB9F3, 0x7CFD, 0x53D3, 0x4A72, 0x485A, 0x8DA2, 0xB8FB, 
  0x6E9A, 0x085A, 0xD3E3, 0xF6FB, 0x8C82, 0x685A, 0x6852, 0x084A, 0x6A62, 0xAA72, 0xAA6A, 0x6A6A, 0x8962, 0x495A, 0x2952, 0x4952, 
  0x695A, 0x8972, 0xAB7A, 0x8A6A, 0x2852, 0x8962, 0x285A, 0x6962, 0x6A6A, 0x085A, 0x695A, 0x8A62, 0x8A6A, 0x8A6A, 0x695A, 0x4852, 
  0x495A, 0xAA7A, 0xCA7A, 0x8962, 0xA962, 0x6962, 0x8A6A, 0xAA6A, 0x896A, 0xAA72, 0x485A, 0x895A, 0x495A, 0x495A, 0x2952, 0x4952, 
  0x6852, 0x485A, 0x6962, 0x6962, 0x895A, 0x2852, 0x4852, 0x485A, 0x4A72, 0x96F3, 0x17FB, 0x17FC, 0x10BB, 0x2A62, 0xEEAA, 0x15F4, 
  0xD6FB, 0x37FB, 0xF9F3, 0xFFFF, 0x5DFE, 0xD7F2, 0xF9FA, 0xB7FA, 0x3BF5, 0xFFFF, 0x59D4, 0x1041, 0x1021, 0x1029, 0x1029, 0x1029, 
  0x1029, 0x1029, 0x1029, 0x1029, 0x1029, 0x1029, 0x1029, 0x1029, 0x1029, 0x1029, 0x1029, 0x1029, 0x1029, 0x1029, 0x1029, 0x1029, 
  0x1029, 0x1029, 0x1029, 0x1029, 0x1029, 0x1029, 0x1029, 0x1029, 0x1029, 0x1029, 0x1029, 0x1029, 0x1029, 0x1029, 0x1029, 0x1029, 
  0x1029, 0x1029, 0x1029, 0x1029, 0x1029, 0x1029, 0x1029, 0x1029, 0x1029, 0x1029, 0x1029, 0x1029, 0x1029, 0x1029, 0x1029, 0x1029, 
  0x1029, 0x1029, 0x1029, 0x1029, 0x1029, 0x1029, 0x1029, 0x1029, 0x1029, 0x0F29, 0x5049, 0xBCE5, 0xFFFF, 0x38E5, 0x2A6A, 0x6962, 
  0x485A, 0x085A, 0xEFAA, 0xF5EB, 0xCE9A, 0x4962, 0xA96A, 0xCB7A, 0x8A6A, 0x6962, 0x495A, 0x6962, 0x6962, 0xAA72, 0x8A72, 0xAA7A, 
  0xAA6A, 0x4962, 0x4962, 0x696A, 0x8A6A, 0x695A, 0x4962, 0x6962, 0x2852, 0x485A, 0x495A, 0x485A, 0x4852, 0x6962, 0x6962, 0x695A, 
  0x074A, 0x084A, 0x8A62, 0x895A, 0x0A6A, 0x17DC, 0x18FC, 0x0FAB, 0xC641, 0x4F9B, 0x3FFF, 0xB8F4, 0xD5F3, 0xAC8A, 0x0852, 0x896A, 
  0x0862, 0x92D3, 0xEEA2, 0xE749, 0x6962, 0x4952, 0x0852, 0x495A, 0x8B6A, 0xD7F3, 0xCFAA, 0xCA72, 0x8A6A, 0x496A, 0x8962, 0x485A, 
  0x8A72, 0x76F3, 0xD1BA, 0x074A, 0x6962, 0x6962, 0x485A, 0x485A, 0x71C3, 0x93E3, 0x4962, 0x6962, 0x0862, 0xB7D4, 0x7BFD, 0x14EB, 
  0x9DFE, 0x5AF4, 0xB8FA, 0x19FB, 0xF9FA, 0xF8FA, 0xD8FA, 0xF8FA, 0x18FB, 0xF8F2, 0x39F3, 0x98FB, 0xAFAA, 0x485A, 0x0862, 0x53D3, 
  0x74DB, 0xE851, 0x2FBB, 0xD4F3, 0x4A72, 0x8962, 0x285A, 0xE749, 0x4852, 0x4962, 0x896A, 0x696A, 0x6962, 0x495A, 0x2852, 0x495A, 
  0x2852, 0x8A62, 0xAA6A, 0x285A, 0x495A, 0x8A6A, 0x495A, 0x6962, 0x8A6A, 0x485A, 0x4852, 0x2852, 0x0852, 0x084A, 0x4852, 0x284A, 
  0x495A, 0x6962, 0x496A, 0x6962, 0x2852, 0x285A, 0x696A, 0x485A, 0x696A, 0xAA72, 0x695A, 0x4852, 0x4852, 0x4852, 0x695A, 0x696A, 
  0x4962, 0x896A, 0x495A, 0x8A6A, 0x8962, 0x495A, 0x2852, 0x895A, 0x0862, 0x53CB, 0x38FB, 0x97FB, 0x36F4, 0x2FAB, 0x6A82, 0x93DB, 
  0xF6FB, 0x97FB, 0x37EB, 0xBEFE, 0xDFFF, 0xF9F3, 0xB9FA, 0xF8FA, 0xB8EB, 0xDFFF, 0x9DFD, 0x9161, 0xEF18, 0x1029, 0x1029, 0x1029, 
  0x1029, 0x1029, 0x1029, 0x1029, 0x1029, 0x1029, 0x1029, 0x1029, 0x1029, 0x1029, 0x1029, 0x1029, 0x1029, 0x1029, 0x1029, 0x1029, 
  0x1029, 0x1029, 0x1029, 0x1029, 0x1029, 0x1029, 0x1029, 0x1029, 0x1029, 0x1029, 0x1029, 0x1029, 0x1029, 0x1029, 0x1029, 0x1029, 
  0x1029, 0x1029, 0x1029, 0x1029, 0x1029, 0x1029, 0x1029, 0x1029, 0x1029, 0x1029, 0x1029, 0x1029, 0x1029, 0x1029, 0x1029, 0x1029, 
  0x1029, 0x1029, 0x1029, 0x1029, 0x1029, 0x1029, 0x1029, 0x1029, 0x1029, 0xD028, 0x56A3, 0xBFFF, 0x5FFF, 0x30A3, 0xE749, 0x684A, 
  0x4A5A, 0x93CB, 0xD6FB, 0xF7FB, 0xEFB2, 0xE751, 0x895A, 0x8962, 0x6A6A, 0x495A, 0x495A, 0x4962, 0x6962, 0x495A, 0x485A, 0x8962, 
  0x2852, 0xE751, 0x8A6A, 0xAA72, 0x696A, 0x6962, 0x896A, 0x485A, 0x6852, 0x6952, 0x695A, 0x8962, 0x4952, 0x6962, 0x695A, 0x6852, 
  0x495A, 0x284A, 0x696A, 0x8962, 0x6A6A, 0x35E3, 0xB6FB, 0x6B7A, 0x4B6A, 0xBDF6, 0x9AF5, 0xB5FB, 0xEEA2, 0x084A, 0x2962, 0x896A, 
  0xAB8A, 0xD4EB, 0x6C82, 0x485A, 0x4862, 0x095A, 0x895A, 0x2862, 0x309B, 0xFAF4, 0x2A7A, 0xAA6A, 0x896A, 0x4862, 0x896A, 0xEA7A, 
  0x8B82, 0xB6F3, 0xAFA2, 0x2852, 0x6962, 0x8A72, 0x695A, 0x296A, 0xB5E3, 0x11C3, 0x085A, 0x6962, 0x2752, 0x8C82, 0xFCFD, 0x74E3, 
  0x78EC, 0x5DF6, 0xF8F2, 0xF9FA, 0xF8FA, 0xF8FA, 0xF8FA, 0xF8FA, 0xF8FA, 0x18F3, 0xD9FA, 0xD9FA, 0x57F3, 0x8C8A, 0x8862, 0x6C82, 
  0xF6FB, 0x8C82, 0xAC82, 0xCD9A, 0x6A72, 0x696A, 0x8A6A, 0x8A62, 0x695A, 0x485A, 0x8962, 0x8962, 0x2852, 0x2852, 0x4952, 0x8A62, 
  0x2852, 0x284A, 0x084A, 0x8A62, 0x8A6A, 0x295A, 0x4852, 0x2852, 0x8A6A, 0x695A, 0x4852, 0x495A, 0x8A5A, 0x2852, 0x084A, 0x484A, 
  0x284A, 0x2852, 0x8A6A, 0x8A72, 0xAA72, 0x8A62, 0x6962, 0x6962, 0xAA72, 0x8A6A, 0x8A6A, 0x4962, 0x696A, 0x8A6A, 0xAA6A, 0xCA82, 
  0x697A, 0x8A72, 0x4852, 0x495A, 0x2852, 0x4952, 0x6A5A, 0x685A, 0x074A, 0x8D8A, 0x78FB, 0xB9FB, 0x37FC, 0x10BB, 0x4972, 0x51C3, 
  0xF6FB, 0xB7FB, 0xD7F2, 0x1BF5, 0xFFFF, 0xDCF5, 0xB8F2, 0xF9FA, 0xF7EA, 0x9DF6, 0xBEFE, 0x1382, 0xF020, 0x1029, 0x1029, 0x1029, 
  0x1029, 0x1029, 0x1029, 0x1029, 0x1029, 0x1029, 0x1029, 0x1029, 0x1029, 0x1029, 0x1029, 0x1029, 0x1029, 0x1029, 0x1029, 0x1029, 
  0x1029, 0x1029, 0x1029, 0x1029, 0x1029, 0x1029, 0x1029, 0x1029, 0x1029, 0x1029, 0x1029, 0x1029, 0x1029, 0x1029, 0x1029, 0x1029, 
  0x1029, 0x1029, 0x1029, 0x1029, 0x1029, 0x1029, 0x1029, 0x1029, 0x1029, 0x1029, 0x1029, 0x1029, 0x1029, 0x1029, 0x1029, 0x1029, 
  0x1029, 0x1029, 0x1029, 0x1029, 0x1029, 0x1029, 0x1029, 0x1029, 0xEF20, 0x5159, 0xBBED, 0xFFFF, 0x7AED, 0x2B7A, 0x6852, 0xE961, 
  0x52CB, 0xF7FB, 0xB5FB, 0x16FC, 0xCFB2, 0x085A, 0x6962, 0x4852, 0x495A, 0x8A62, 0xAA62, 0x6962, 0xAA6A, 0x695A, 0x8962, 0x695A, 
  0x4852, 0xAA6A, 0x8A72, 0xCA7A, 0x696A, 0x6962, 0x8A6A, 0x4962, 0x695A, 0x6952, 0x695A, 0x696A, 0x495A, 0x2852, 0x285A, 0x6962, 
  0x2852, 0x284A, 0x485A, 0x285A, 0x6A7A, 0x97FB, 0x73D3, 0xC861, 0x58DD, 0x9DFE, 0xD5FB, 0x51CB, 0x6A72, 0x6962, 0x6962, 0x4962, 
  0xEEA2, 0xD3E3, 0x2962, 0x695A, 0x6862, 0x4A62, 0x895A, 0xE751, 0x56D4, 0xB7D4, 0xE761, 0x4852, 0xCA7A, 0xCB82, 0x696A, 0x8972, 
  0xCDA2, 0xB5EB, 0x4B7A, 0x8962, 0x695A, 0x4862, 0x685A, 0x6B7A, 0xB6FB, 0xAE9A, 0xCA72, 0x896A, 0x886A, 0x095A, 0x54C4, 0x1AF5, 
  0xB2DA, 0xFCFD, 0x7AF4, 0xB8FA, 0xF8FA, 0x19FB, 0x19FB, 0xF8FA, 0xD9FA, 0xF9FA, 0x18FB, 0xF9FA, 0x18FB, 0x54E3, 0xAA7A, 0x2862, 
  0x51CB, 0x51CB, 0x2962, 0x896A, 0x485A, 0x8A6A, 0x495A, 0x495A, 0x695A, 0x6962, 0x4962, 0x6962, 0x285A, 0x2952, 0x695A, 0x495A, 
  0x495A, 0x695A, 0x284A, 0x695A, 0x6A62, 0x2852, 0x484A, 0x4852, 0x285A, 0x4962, 0x495A, 0x495A, 0x495A, 0xAA6A, 0xEB72, 0x2852, 
  0x2852, 0x695A, 0x695A, 0x485A, 0x6962, 0x485A, 0x495A, 0xCB82, 0x6A6A, 0x2852, 0x495A, 0x4962, 0x8A6A, 0x6962, 0x685A, 0x695A, 
  0x896A, 0xAA72, 0xAA72, 0x8A72, 0x8A62, 0xE749, 0x2852, 0x695A, 0x274A, 0x495A, 0x75E3, 0x59FB, 0xF8FB, 0x93DB, 0x497A, 0x8C8A, 
  0xD5FB, 0xF6FB, 0x17FB, 0xD9F3, 0xDFFF, 0x7EFF, 0x58F3, 0xD9FA, 0x98FA, 0xFAF4, 0x7FFF, 0xF6BA, 0xD028, 0x1029, 0x1029, 0x1029, 
  0x1029, 0x1029, 0x1029, 0x1029, 0x1029, 0x1029, 0x1029, 0x1029, 0x1029, 0x1029, 0x1029, 0x1029, 0x1029, 0x1029, 0x1029, 0x1029, 
  0x1029, 0x1029, 0x1029, 0x1029, 0x1029, 0x1029, 0x1029, 0x1029, 0x1029, 0x1029, 0x1029, 0x1029, 0x1029, 0x1029, 0x1029, 0x1029, 
  0x1029, 0x1029, 0x1029, 0x1029, 0x1029, 0x1029, 0x1029, 0x1029, 0x1029, 0x1029, 0x1029, 0x1029, 0x1029, 0x1029, 0x1029, 0x1029, 
  0x1029, 0x1029, 0x1029, 0x1029, 0x1029, 0x1029, 0x1029, 0x1029, 0xEF28, 0x55B3, 0x7FFF, 0xBFFF, 0x93C3, 0x696A, 0x8B82, 0x51C3, 
  0xD6FB, 0xB5FB, 0xD5FB, 0xF6FB, 0x0FB3, 0x695A, 0x685A, 0x6962, 0x4962, 0x495A, 0x285A, 0x495A, 0x8962, 0x6962, 0x495A, 0x6962, 
  0x6962, 0x6962, 0xAA6A, 0xCA72, 0x696A, 0xAA72, 0x696A, 0x6962, 0x8A62, 0x2852, 0x4962, 0xCB7A, 0x696A, 0x2852, 0xCB72, 0x8A6A, 
  0x284A, 0x084A, 0x495A, 0x8A5A, 0x4B82, 0xF7FB, 0x2B82, 0xB0A3, 0x1FFF, 0x36F4, 0x92DB, 0x085A, 0x6962, 0xAA72, 0x8962, 0x2862, 
  0x30C3, 0x71BB, 0xE851, 0x485A, 0x685A, 0x4A5A, 0x895A, 0x296A, 0x3BED, 0x91AB, 0x2862, 0xAB7A, 0x485A, 0x6962, 0xEB82, 0x696A, 
  0x10BB, 0xD4E3, 0x496A, 0x6962, 0x4852, 0x685A, 0x6962, 0x8EA2, 0xD6F3, 0x6B82, 0x896A, 0x896A, 0x896A, 0x8A6A, 0x4A7A, 0x3AF5, 
  0x13DB, 0xD5E3, 0x7DFD, 0x38EB, 0xF8FA, 0xF9FA, 0xF9FA, 0xF8FA, 0xF9FA, 0xF9FA, 0xF8FA, 0x18FB, 0xF8FA, 0x57FB, 0xEFA2, 0x685A, 
  0x4A72, 0xB3DB, 0x6B7A, 0xAA72, 0x8962, 0x895A, 0x495A, 0x074A, 0x695A, 0x695A, 0x6A6A, 0xEB82, 0x6A6A, 0x4962, 0x4952, 0x495A, 
  0x8A6A, 0x495A, 0x2852, 0x6962, 0x0852, 0x4852, 0x284A, 0x4952, 0x8A62, 0x696A, 0x8A6A, 0x695A, 0x285A, 0x6962, 0x6862, 0x696A, 
  0x495A, 0x695A, 0x8A6A, 0x8A72, 0x8A72, 0xAA6A, 0x8962, 0x6962, 0x485A, 0x695A, 0x695A, 0x8962, 0xAA6A, 0x485A, 0x495A, 0x6A62, 
  0x285A, 0x6962, 0x6962, 0x4852, 0x6852, 0x495A, 0x695A, 0x6962, 0x2852, 0x074A, 0xF0BA, 0x58FB, 0x77FB, 0xD6FB, 0xCC8A, 0x084A, 
  0x92D3, 0x16FC, 0x77FB, 0xF8F2, 0xBDFE, 0xFFFF, 0xDAF4, 0xB8FA, 0xD9FA, 0x78F3, 0x3FFF, 0xB8D3, 0x1039, 0x1029, 0x1029, 0x1029, 
  0x1029, 0x1029, 0x1029, 0x1029, 0x1029, 0x1029, 0x1029, 0x1029, 0x1029, 0x1029, 0x1029, 0x1029, 0x1029, 0x1029, 0x1029, 0x1029, 
  0x1029, 0x1029, 0x1029, 0x1029, 0x1029, 0x1029, 0x1029, 0x1029, 0x1029, 0x1029, 0x1029, 0x1029, 0x1029, 0x1029, 0x1029, 0x1029, 
  0x1029, 0x1029, 0x1029, 0x1029, 0x1029, 0x1029, 0x1029, 0x1029, 0x1029, 0x1029, 0x1029, 0x1029, 0x1029, 0x1029, 0x1029, 0x1029, 
  0x1029, 0x1029, 0x1029, 0x1029, 0x1029, 0x1029, 0x1029, 0xEF20, 0xB159, 0x7AF5, 0xFFFF, 0xFBED, 0x2B82, 0x0862, 0x30C3, 0xF6FB, 
  0xB6FB, 0xD5FB, 0xD5FB, 0xD6FB, 0xEEA2, 0x8962, 0x6862, 0xCB7A, 0x696A, 0x495A, 0x6962, 0xCB72, 0x8A6A, 0x4962, 0x696A, 0x696A, 
  0x4962, 0x4962, 0x686A, 0xAA72, 0x896A, 0x6A6A, 0x896A, 0x695A, 0x8A6A, 0x6962, 0x4962, 0xAA72, 0x4962, 0x285A, 0x8A6A, 0x6962, 
  0x8962, 0x2852, 0x4952, 0x285A, 0x71C3, 0x93DB, 0x4C82, 0xBDFE, 0xF9F4, 0xB5F3, 0xAC8A, 0x895A, 0x685A, 0x696A, 0x696A, 0x2962, 
  0xB3E3, 0xCD92, 0x085A, 0x6962, 0x6962, 0x2852, 0x485A, 0xCE9A, 0xBCFD, 0x6C8A, 0x8B8A, 0x8B7A, 0x495A, 0x496A, 0x285A, 0x4852, 
  0x51C3, 0x11C3, 0x6862, 0x8B72, 0x495A, 0x6962, 0x696A, 0x12CB, 0x94DB, 0x286A, 0x6862, 0x4962, 0x8A6A, 0x6A6A, 0x0852, 0x72B3, 
  0xB7EB, 0xB1CA, 0x5AFC, 0x99F3, 0xD8FA, 0xD9FA, 0xF9FA, 0xF9FA, 0xF8FA, 0xF8FA, 0xD9FA, 0x19FB, 0xF8FA, 0x19FB, 0x54DB, 0x8972, 
  0x6962, 0xEFA2, 0xAC92, 0x485A, 0x485A, 0x2852, 0x6962, 0x4852, 0x2852, 0x084A, 0x4962, 0xCB82, 0xCB7A, 0x485A, 0x695A, 0x8962, 
  0x485A, 0x4962, 0x696A, 0x6962, 0x4852, 0x8962, 0x2852, 0x284A, 0x495A, 0x896A, 0x4962, 0x284A, 0x284A, 0x2852, 0x485A, 0x495A, 
  0x4952, 0x284A, 0x695A, 0x8A6A, 0x4962, 0xCB7A, 0xAB7A, 0x285A, 0x8A6A, 0x6962, 0x485A, 0x285A, 0x4962, 0x4962, 0x6962, 0x6962, 
  0x6962, 0x6A62, 0x2852, 0x084A, 0x495A, 0xAA72, 0x6962, 0x8A6A, 0x8A6A, 0x6962, 0xCC8A, 0x96F3, 0x17FB, 0x17FC, 0x30BB, 0xE751, 
  0xEEA2, 0x16FC, 0xB7FB, 0xD7F2, 0x7BF5, 0xFFFF, 0x7DFE, 0xF8F2, 0x19FB, 0xB8FA, 0xFDFD, 0xDBEC, 0x5159, 0xEF20, 0x1029, 0x1029, 
  0x1029, 0x1029, 0x1029, 0x1029, 0x1029, 0x1029, 0x1029, 0x1029, 0x1029, 0x1029, 0x1029, 0x1029, 0x1029, 0x1029, 0x1029, 0x1029, 
  0x1029, 0x1029, 0x1029, 0x1029, 0x1029, 0x1029, 0x1029, 0x1029, 0x1029, 0x1029, 0x1029, 0x1029, 0x1029, 0x1029, 0x1029, 0x1029, 
  0x1029, 0x1029, 0x1029, 0x1029, 0x1029, 0x1029, 0x1029, 0x1029, 0x1029, 0x1029, 0x1029, 0x1029, 0x1029, 0x1029, 0x1029, 0x1029, 
  0x1029, 0x1029, 0x1029, 0x1029, 0x1021, 0x1029, 0xF028, 0x2F31, 0x35BB, 0x1EFF, 0xDFFF, 0xD5DB, 0x8D9A, 0x52CB, 0x16FC, 0xD6FB, 
  0xB6FB, 0xD5FB, 0xD5FB, 0xD6FB, 0x4A7A, 0x074A, 0x896A, 0x8A6A, 0x4852, 0x8962, 0x495A, 0x695A, 0x485A, 0x6972, 0x0C8B, 0x8972, 
  0xCB7A, 0xAA72, 0x485A, 0x896A, 0x8A6A, 0x8A72, 0x8A6A, 0x495A, 0x495A, 0x285A, 0xAB6A, 0x495A, 0xAB6A, 0x495A, 0x285A, 0x4962, 
  0x8A62, 0x084A, 0x294A, 0x2A72, 0xF5F3, 0x8EA2, 0x98D5, 0xDBFD, 0xD5FB, 0xAE9A, 0x085A, 0x696A, 0x6852, 0x695A, 0x695A, 0x4A72, 
  0xF4E3, 0x4B72, 0x495A, 0x695A, 0x8952, 0x695A, 0x285A, 0x93BB, 0xD9EC, 0x6DAA, 0x15EC, 0x8C82, 0x4962, 0x696A, 0x274A, 0x0852, 
  0x93DB, 0xAFAA, 0x695A, 0x495A, 0x0852, 0x695A, 0x2962, 0x74E3, 0x31C3, 0x4962, 0xCA72, 0x295A, 0x6A62, 0x8962, 0x485A, 0x6C8A, 
  0x97F3, 0xD2CA, 0x35E3, 0x18FB, 0xD8FA, 0xF9FA, 0x18FB, 0xF9FA, 0xF8FA, 0xF8FA, 0xF9FA, 0xF9FA, 0x18FB, 0x37FB, 0xB6FB, 0x4A7A, 
  0x6962, 0x6A72, 0xAB82, 0x896A, 0x485A, 0x8A72, 0x8A6A, 0xAA6A, 0x284A, 0x495A, 0x485A, 0x8962, 0x495A, 0x495A, 0x695A, 0x495A, 
  0x485A, 0x8A6A, 0x8A6A, 0x495A, 0x695A, 0x285A, 0x0852, 0x6952, 0x4852, 0x695A, 0x2852, 0x4952, 0x084A, 0x284A, 0x4952, 0x284A, 
  0x284A, 0xE741, 0xE749, 0x8962, 0x6962, 0x696A, 0xCB82, 0x8A72, 0x695A, 0x6962, 0x685A, 0x485A, 0x6962, 0x4952, 0x284A, 0x695A, 
  0xAA6A, 0x6962, 0x2852, 0x495A, 0x4962, 0x4962, 0x485A, 0x8A6A, 0x6A6A, 0x6962, 0x2752, 0x72D3, 0x38FB, 0xD6FB, 0xD5F3, 0x4A72, 
  0x2B7A, 0xD5F3, 0xD6FB, 0xF8FA, 0x19EC, 0xDFFF, 0xBFFF, 0xD9F3, 0xF8FA, 0xB8FA, 0x7AF4, 0x9DF5, 0x9281, 0xEF20, 0x1029, 0x1029, 
  0x1029, 0x1029, 0x1029, 0x1029, 0x1029, 0x1029, 0x1029, 0x1029, 0x1029, 0x1029, 0x1029, 0x1029, 0x1029, 0x1029, 0x1029, 0x1029, 
  0x1029, 0x1029, 0x1029, 0x1029, 0x1029, 0x1029, 0x1029, 0x1029, 0x1029, 0x1029, 0x1029, 0x1029, 0x1029, 0x1029, 0x1029, 0x1029, 
  0x1029, 0x1029, 0x1029, 0x1029, 0x1029, 0x1029, 0x1029, 0x1029, 0x1029, 0x1029, 0x1029, 0x1029, 0x1029, 0x1029, 0x1029, 0x1029, 
  0x1029, 0x1029, 0x1029, 0x1029, 0x1021, 0x1029, 0xF020, 0xB061, 0x98EC, 0xFFFF, 0x5CF6, 0xCFBA, 0x94EB, 0xF6FB, 0xD5FB, 0xD5FB, 
  0xD6FB, 0xD6FB, 0xD6FB, 0xB5F3, 0x4A72, 0x4852, 0x6A62, 0x8A6A, 0x6962, 0x8962, 0x6962, 0x695A, 0x6962, 0x495A, 0xAA72, 0xAA7A, 
  0x696A, 0x6962, 0x695A, 0xAA6A, 0x4862, 0x896A, 0xEB7A, 0x6962, 0x6962, 0x6962, 0x6962, 0x6962, 0x4862, 0x695A, 0x895A, 0x6A6A, 
  0x6A62, 0x484A, 0x0842, 0x0FAB, 0x94F3, 0xF4CB, 0x9DF6, 0xD6FB, 0x51CB, 0x0852, 0x695A, 0x496A, 0x695A, 0x6962, 0x295A, 0x0FB3, 
  0xB2DB, 0x095A, 0x484A, 0x695A, 0x6962, 0x495A, 0x095A, 0xF7DB, 0xF7F3, 0x94EB, 0x16FC, 0xED92, 0x485A, 0x6862, 0x8962, 0x8C8A, 
  0xD3DB, 0x496A, 0x696A, 0xAA72, 0x485A, 0x896A, 0x8B7A, 0xF5F3, 0xAEA2, 0x696A, 0x8972, 0x4852, 0x6A6A, 0xCB8A, 0x896A, 0x2862, 
  0xF2C2, 0x55EB, 0xF0BA, 0x57FB, 0xD8FA, 0xF9FA, 0xF8FA, 0xF8FA, 0xF9FA, 0xF9FA, 0xF9FA, 0xF9FA, 0xF7FA, 0x97FB, 0xF7FB, 0xAD82, 
  0x2852, 0x6862, 0xAA6A, 0xAA72, 0x8962, 0x485A, 0x285A, 0x695A, 0x284A, 0x2852, 0x495A, 0x285A, 0x695A, 0x4952, 0x4852, 0x495A, 
  0x6962, 0x8A72, 0x6962, 0x6962, 0x695A, 0x695A, 0x495A, 0x495A, 0x4952, 0x2852, 0x495A, 0x695A, 0x6962, 0x495A, 0x4852, 0x4852, 
  0x2852, 0x4952, 0x495A, 0xAA6A, 0x8962, 0xAA6A, 0x4962, 0x0852, 0x495A, 0x6962, 0xAA6A, 0x4962, 0xAA72, 0x285A, 0x495A, 0x2852, 
  0x074A, 0x4852, 0x695A, 0xAA72, 0x8A6A, 0x8A6A, 0x8A6A, 0xAA72, 0x8A72, 0x6962, 0x485A, 0x0FB3, 0x78FB, 0x57FB, 0x36FC, 0xCEA2, 
  0x2962, 0x92DB, 0xF6FB, 0xF8FA, 0x18F3, 0x1EFF, 0xFFFF, 0x1BF5, 0xB8F2, 0xF8FA, 0x58F3, 0x1CFD, 0x55AA, 0xEF20, 0x1029, 0x1029, 
  0x1029, 0x1021, 0x0F29, 0x1029, 0x1029, 0x1029, 0x1029, 0x1029, 0x1029, 0x1029, 0x1029, 0x1029, 0x1029, 0x1029, 0x1029, 0x1029, 
  0x1029, 0x1029, 0x1029, 0x1029, 0x1029, 0x1029, 0x1029, 0x1029, 0x1029, 0x1029, 0x1029, 0x1029, 0x1029, 0x1029, 0x1029, 0x1029, 
  0x1029, 0x1029, 0x1029, 0x1029, 0x1029, 0x1029, 0x1029, 0x1029, 0x1029, 0x1029, 0x1029, 0x1029, 0x1029, 0x1029, 0x1029, 0x1029, 
  0x1029, 0x1029, 0x1029, 0xF028, 0x1029, 0x1029, 0x3029, 0x92AA, 0x5CFE, 0xFFFF, 0x35D4, 0xAEBA, 0xF6FB, 0xD5FB, 0xD6FB, 0xD6FB, 
  0xD6FB, 0xD6FB, 0xD6FB, 0x94EB, 0xCC8A, 0x8A72, 0x8A6A, 0xAA72, 0x696A, 0x485A, 0x4962, 0x8A72, 0x8A6A, 0x4862, 0xAA6A, 0x6962, 
  0x896A, 0x485A, 0x6962, 0x896A, 0x6962, 0x6962, 0x696A, 0xCA72, 0x896A, 0xCA72, 0x8972, 0x8972, 0x495A, 0x2852, 0x695A, 0x8962, 
  0x6852, 0x0742, 0x296A, 0xD4EB, 0xD6F3, 0xFCF5, 0x77F4, 0xB4F3, 0x4A7A, 0x695A, 0x8962, 0x6962, 0x4852, 0x485A, 0x2962, 0x92DB, 
  0x0FA3, 0x4952, 0x4852, 0x8A6A, 0xAA7A, 0x284A, 0x6C7A, 0x77FB, 0x97FB, 0xF7FB, 0xB5F3, 0x2B7A, 0x484A, 0x8A6A, 0xAC92, 0x0FB3, 
  0xEEA2, 0x295A, 0x896A, 0x696A, 0x495A, 0x2852, 0xCEA2, 0x15EC, 0x2A72, 0x8A6A, 0x8A72, 0x695A, 0x695A, 0xAB7A, 0x6962, 0x4752, 
  0x2B82, 0x96F3, 0xF0B2, 0x54E3, 0x38FB, 0xF8F2, 0xD8FA, 0xD8FA, 0xF8FA, 0xF9FA, 0xD8FA, 0xF8FA, 0x77F3, 0xB6FB, 0xF6FB, 0xAD92, 
  0x2962, 0x8962, 0x6962, 0x485A, 0x695A, 0x495A, 0x695A, 0x485A, 0xAA72, 0x6962, 0x696A, 0xAA72, 0x8A62, 0x695A, 0x4852, 0x696A, 
  0xCB82, 0x696A, 0x6962, 0x8A6A, 0x2852, 0x695A, 0x2852, 0x2852, 0x4852, 0x2852, 0x695A, 0x695A, 0xAA6A, 0x8962, 0x6962, 0x8962, 
  0x896A, 0x6962, 0x695A, 0x495A, 0x2852, 0x4952, 0x0852, 0x0842, 0x494A, 0x0852, 0x6962, 0x485A, 0x4852, 0x6962, 0x8A6A, 0x4962, 
  0x685A, 0x895A, 0x485A, 0x696A, 0x4962, 0x2852, 0x495A, 0x896A, 0x896A, 0x285A, 0xAA6A, 0x8B82, 0x96F3, 0x38FB, 0xF6FB, 0x92E3, 
  0x4962, 0x0FB3, 0xF7FB, 0x38FB, 0xB8F2, 0xDCF5, 0xFFFF, 0xDEFE, 0x18F3, 0xD9FA, 0x18FB, 0x39FB, 0xF8CA, 0x0F31, 0x1029, 0x1029, 
  0x1029, 0x1029, 0x1029, 0x1029, 0x1029, 0x1029, 0x1029, 0x1029, 0x1029, 0x1029, 0x1029, 0x1029, 0x1029, 0x1029, 0x1029, 0x1029, 
  0x1029, 0x1029, 0x1029, 0x1029, 0x1029, 0x1029, 0x1029, 0x1029, 0x1029, 0x1029, 0x1029, 0x1029, 0x1029, 0x1029, 0x1029, 0x1029, 
  0x1029, 0x1029, 0x1029, 0x1029, 0x1029, 0x1029, 0x1029, 0x1029, 0x1029, 0x1029, 0x1029, 0x1029, 0x1029, 0x1029, 0x1029, 0x1029, 
  0x1029, 0x1029, 0x1029, 0xEF28, 0x1029, 0xF020, 0xD171, 0x36E4, 0xDFFF, 0xBDFE, 0xAFB2, 0x94EB, 0xF6FB, 0xD6FB, 0xD6FB, 0xD6FB, 
  0xD6FB, 0xD6FB, 0xF6FB, 0x94EB, 0x8A7A, 0x896A, 0x4852, 0x4862, 0x6962, 0x6962, 0xCB7A, 0xAA6A, 0x8962, 0x896A, 0x6972, 0x6962, 
  0x6962, 0x8962, 0x8A6A, 0x696A, 0x8A6A, 0x2852, 0x285A, 0x6962, 0x485A, 0x696A, 0x696A, 0xAA72, 0x6962, 0x4852, 0x0852, 0x084A, 
  0xE951, 0x2B7A, 0x72DB, 0xD6FB, 0xD9F4, 0x3AF5, 0xB5FB, 0x72D3, 0xC861, 0x6A7A, 0x097A, 0x8B82, 0x6A7A, 0x6A7A, 0x30BB, 0xAEA2, 
  0xE959, 0x295A, 0x2952, 0x085A, 0x285A, 0x4A62, 0x54D3, 0x77FB, 0xB7FB, 0xD6FB, 0xD6FB, 0x12CB, 0x095A, 0xE749, 0x8B7A, 0x6B7A, 
  0x0852, 0x495A, 0x274A, 0x6852, 0x4962, 0x6A7A, 0xD3E3, 0x31BB, 0xE849, 0x2852, 0x4962, 0xCB72, 0xAA62, 0x695A, 0x2962, 0x8962, 
  0x4862, 0x10B3, 0xD5EB, 0x8E9A, 0xD6F3, 0xB7FB, 0xD8FB, 0xB8FB, 0xB7FB, 0x96FB, 0x96FB, 0x96FB, 0xD6FB, 0xD5FB, 0xD4F3, 0x4B7A, 
  0x4962, 0x8962, 0x6962, 0x285A, 0x2862, 0x6962, 0x8962, 0x696A, 0x8A7A, 0xCB82, 0xAA72, 0xAA72, 0x8A6A, 0x495A, 0x485A, 0x4962, 
  0x8962, 0x4852, 0x284A, 0x695A, 0x6962, 0x8A72, 0x4962, 0x2852, 0x495A, 0x495A, 0x2852, 0x285A, 0x695A, 0x485A, 0x485A, 0xAA72, 
  0xAA72, 0x6962, 0x6962, 0x285A, 0x695A, 0x8A62, 0x495A, 0x4852, 0x495A, 0x8A6A, 0xAA62, 0x4852, 0x4852, 0x4952, 0x695A, 0x8962, 
  0x8A72, 0xAA7A, 0x696A, 0x6862, 0x695A, 0x695A, 0x495A, 0x6962, 0xAA72, 0x896A, 0x896A, 0x0852, 0x52CB, 0x59FB, 0x96FB, 0xD5FB, 
  0xCC8A, 0xEDA2, 0xF7FB, 0x57F3, 0xB8FA, 0x7AF4, 0xFFFF, 0xDFFF, 0xF9F3, 0xB9FA, 0x18FB, 0xD8FA, 0x19EB, 0x5159, 0xF020, 0x1029, 
  0x1029, 0x1029, 0x1029, 0x1029, 0x1029, 0x1029, 0x1029, 0x1029, 0x1029, 0x1029, 0x1029, 0x1029, 0x1029, 0x1029, 0x1029, 0x1029, 
  0x1029, 0x1029, 0x1029, 0x1029, 0x1029, 0x1029, 0x1029, 0x1029, 0x1029, 0x1029, 0x1029, 0x1029, 0x1029, 0x1029, 0x1029, 0x1029, 
  0x1029, 0x1029, 0x1029, 0x1029, 0x1029, 0x1029, 0x1029, 0x1029, 0x1029, 0x1029, 0x1029, 0x1029, 0x1029, 0x1029, 0x1029, 0x1029, 
  0x1029, 0x1029, 0x1129, 0x0F29, 0x1029, 0x1031, 0x15CB, 0xFBFD, 0xFFFF, 0x55D4, 0xD0C2, 0x17FC, 0xD5FB, 0xD6FB, 0xD6FB, 0xD6FB, 
  0xD6FB, 0xD5FB, 0xD6FB, 0xD5FB, 0x8B82, 0x485A, 0x695A, 0x8962, 0x695A, 0x8A6A, 0x696A, 0x6962, 0x285A, 0x6962, 0x696A, 0xAB72, 
  0x4962, 0x6962, 0x8A6A, 0x6A6A, 0x8A72, 0xAA6A, 0x495A, 0x0852, 0x6962, 0x6962, 0x8A6A, 0x8A6A, 0x6A62, 0x4952, 0xE959, 0xAFAA, 
  0x54D3, 0x76EB, 0xB7FB, 0xB6F3, 0x1BF5, 0xF7F3, 0xB6FB, 0x73DB, 0x93DB, 0xF5F3, 0xD5F3, 0xB5EB, 0x53E3, 0x33E3, 0x52DB, 0x31C3, 
  0x73D3, 0x73DB, 0x51C3, 0xEFB2, 0xF0B2, 0x94DB, 0x56FB, 0x96FB, 0xB6FB, 0xB5FB, 0xD5FB, 0x16F4, 0x71CB, 0xCDA2, 0xCC92, 0x8A82, 
  0x91BB, 0x6B72, 0x6A72, 0xAC9A, 0xCEB2, 0x50C3, 0x0FAB, 0x0962, 0x284A, 0x6962, 0x4862, 0xE751, 0x0852, 0xE849, 0x2A72, 0xED9A, 
  0x4862, 0x6A7A, 0x15F4, 0xCEAA, 0x297A, 0xCD9A, 0xCEAA, 0xCFBA, 0x72D3, 0xF6FB, 0xF6FB, 0xF6FB, 0xF6FB, 0x16F4, 0x8D92, 0xE841, 
  0x4852, 0x4852, 0x8A62, 0x695A, 0x485A, 0x485A, 0x695A, 0x6962, 0x8A6A, 0x4862, 0x2852, 0x285A, 0x6962, 0x4962, 0x695A, 0x6852, 
  0x495A, 0x4962, 0x495A, 0x284A, 0x485A, 0x485A, 0x4852, 0x2852, 0x8A62, 0x495A, 0x8A62, 0x6962, 0x0852, 0x2852, 0x2852, 0x6A6A, 
  0x6A6A, 0x2852, 0x8962, 0x8962, 0xAA72, 0x6962, 0x6962, 0xCB7A, 0x6972, 0x8972, 0x8962, 0x6962, 0x6962, 0x294A, 0x484A, 0x2852, 
  0x2862, 0xAB82, 0xAB7A, 0x896A, 0x8962, 0x495A, 0x6962, 0x495A, 0x6962, 0x4962, 0x6962, 0x695A, 0xEE9A, 0x78FB, 0x57FB, 0x16FC, 
  0x0FBB, 0x6A8A, 0xD5F3, 0x57FB, 0xD9FA, 0x98F3, 0x7FFF, 0xFFFF, 0x5BF5, 0xB8FA, 0x58FB, 0xF8FA, 0x39FB, 0x548A, 0xCF20, 0x1029, 
  0x1029, 0x1029, 0x1029, 0x1029, 0x1029, 0x1029, 0x1029, 0x1029, 0x1029, 0x1029, 0x1029, 0x1029, 0x1029, 0x1029, 0x1029, 0x1029, 
  0x1029, 0x1029, 0x1029, 0x1029, 0x1029, 0x1029, 0x1029, 0x1029, 0x1029, 0x1029, 0x1029, 0x1029, 0x1029, 0x1029, 0x1029, 0x1029, 
  0x1029, 0x1029, 0x1029, 0x1029, 0x1029, 0x1029, 0x1029, 0x1029, 0x1029, 0x1029, 0x1029, 0x1029, 0x1029, 0x1029, 0x1029, 0x1029, 
  0x1029, 0x1029, 0x1029, 0x3029, 0xCE20, 0x5382, 0x78F4, 0x9FFF, 0x9DF6, 0xB0C2, 0x95EB, 0xF6FB, 0xF6FB, 0xD5FB, 0xB6FB, 0xD6FB, 
  0xD6FB, 0xD6FB, 0xD6FB, 0xF6FB, 0xEEAA, 0x4962, 0x6A72, 0x8A6A, 0x484A, 0x485A, 0x695A, 0x8A6A, 0x6A6A, 0xCB7A, 0x495A, 0x2852, 
  0x4962, 0x285A, 0x6962, 0x4962, 0x6962, 0x8962, 0x6962, 0x695A, 0x285A, 0x6962, 0x6962, 0x685A, 0x485A, 0x296A, 0xD4CB, 0x3BFD, 
  0x58FB, 0xF8FA, 0x58FB, 0x97FB, 0x18F4, 0xB6FB, 0xF6FB, 0x16FC, 0x16FC, 0xD5EB, 0xD5EB, 0xD6F3, 0xF6FB, 0xF6FB, 0x16FC, 0x17FC, 
  0xF7FB, 0x17FC, 0x17FC, 0x37FC, 0x17FC, 0xB6FB, 0xB8FB, 0x16FC, 0xF6FB, 0xD6FB, 0xB6FB, 0x97FB, 0x97FB, 0xB7FB, 0xB7FB, 0x76FB, 
  0xB7FB, 0x75E3, 0x74EB, 0x74EB, 0x74EB, 0x33DB, 0x33DB, 0x94E3, 0x73DB, 0x73E3, 0x51CB, 0x10BB, 0xEFBA, 0x51C3, 0xD4EB, 0xF7FB, 
  0x4FBB, 0xC759, 0xB3D3, 0x53E3, 0x32CB, 0x14DB, 0x33CB, 0x51BB, 0x4C92, 0x4C9A, 0xB2D3, 0xF4EB, 0xB4E3, 0x8C8A, 0x2952, 0x4852, 
  0x274A, 0x2852, 0x285A, 0x6962, 0x695A, 0x4962, 0x8A6A, 0x2852, 0x4852, 0x4852, 0x2852, 0x695A, 0x495A, 0x4952, 0x895A, 0x695A, 
  0x4962, 0x495A, 0x8A62, 0x2962, 0x495A, 0x8962, 0x485A, 0x495A, 0x8A62, 0x285A, 0x495A, 0x495A, 0x695A, 0x285A, 0xAA62, 0x6962, 
  0x4862, 0x8A6A, 0x6962, 0x4962, 0x8A6A, 0x085A, 0x8962, 0xA96A, 0xAA72, 0xCA7A, 0xAA7A, 0xAA72, 0x4962, 0x695A, 0x6962, 0x495A, 
  0x895A, 0x2752, 0x6962, 0xEB82, 0x8972, 0x685A, 0xAA6A, 0x284A, 0x284A, 0x4852, 0x695A, 0x495A, 0x6B7A, 0x95F3, 0x37FB, 0xD7FB, 
  0x93E3, 0x4A7A, 0x92DB, 0x78FB, 0xF8FA, 0xF7F2, 0x7EF6, 0xFFFF, 0x9DFE, 0xD8FA, 0x77FB, 0x57FB, 0x19FB, 0x96AA, 0xEF20, 0x1029, 
  0x0F29, 0x1029, 0x1029, 0x1029, 0x1029, 0x1029, 0x1029, 0x1029, 0x1029, 0x1029, 0x1029, 0x1029, 0x1029, 0x1029, 0x1029, 0x1029, 
  0x1029, 0x1029, 0x1029, 0x1029, 0x1029, 0x1029, 0x1029, 0x1029, 0x1029, 0x1029, 0x1029, 0x1029, 0x1029, 0x1029, 0x1029, 0x1029, 
  0x1029, 0x1029, 0x1029, 0x1029, 0x1029, 0x1029, 0x1029, 0x1029, 0x1029, 0x1029, 0x1029, 0x1029, 0x1029, 0x1029, 0x1029, 0x1029, 
  0x1029, 0x1029, 0x2F29, 0xD020, 0x7041, 0xD6DB, 0xBAF5, 0xFFFF, 0x16DC, 0x12DB, 0xD7FB, 0xD5FB, 0xD6FB, 0xD5FB, 0xB6FB, 0xB6FB, 
  0xD6FB, 0xD5FB, 0xD5FB, 0xF6FB, 0xB3DB, 0x296A, 0x8A6A, 0x696A, 0x485A, 0xAA72, 0x4962, 0x695A, 0x6962, 0x4962, 0x696A, 0x695A, 
  0x8962, 0x896A, 0x8962, 0x696A, 0x896A, 0x696A, 0x8972, 0xEB7A, 0xCA72, 0x496A, 0x6962, 0xAA6A, 0x696A, 0x10BB, 0xFEFE, 0xBCED, 
  0xD8EA, 0xF9FA, 0x18FB, 0xF7FA, 0x76FB, 0xD6FB, 0xF5FB, 0x30C3, 0x4A82, 0x8A72, 0x2972, 0x6B8A, 0x8B8A, 0xAC9A, 0xCEA2, 0xAD9A, 
  0xCEAA, 0x0FB3, 0x10BB, 0x51CB, 0x31C3, 0x51C3, 0x31C3, 0x51CB, 0x71CB, 0x72CB, 0x73DB, 0x75EB, 0x76F3, 0x56FB, 0x57FB, 0x78FB, 
  0x78FB, 0x78FB, 0x78FB, 0x98FB, 0x98FB, 0x99FB, 0x99FB, 0x98FB, 0x98FB, 0xB7FB, 0xF7FB, 0x37FC, 0x37FC, 0x18FC, 0x16FC, 0x18FC, 
  0x51CB, 0x2972, 0x93DB, 0x56F3, 0x58FB, 0xF9FA, 0x9AFB, 0x5CFD, 0xDBF5, 0x0FAB, 0x4A6A, 0x4A7A, 0x285A, 0x4852, 0x8962, 0x8962, 
  0x696A, 0x8A72, 0xEC82, 0x285A, 0x8A72, 0xAA72, 0x6A62, 0x084A, 0x4952, 0x695A, 0x6962, 0x495A, 0x495A, 0x284A, 0x6952, 0x2852, 
  0x2852, 0x495A, 0x8962, 0x6A6A, 0x6962, 0x8962, 0x8962, 0x6852, 0x285A, 0xAA72, 0x4962, 0x2852, 0x695A, 0x495A, 0x495A, 0x495A, 
  0x285A, 0x896A, 0x8962, 0x2862, 0xAA72, 0x6962, 0x695A, 0x495A, 0x495A, 0x2852, 0x6962, 0xAA6A, 0x6962, 0x4852, 0x484A, 0x4952, 
  0x6962, 0x6962, 0x4962, 0x4962, 0x485A, 0x695A, 0x485A, 0x6A6A, 0x6A62, 0x4952, 0x4962, 0x495A, 0x0962, 0x92D3, 0x38FB, 0x96FB, 
  0xF6FB, 0xAD9A, 0x0FBB, 0xD8FB, 0x18FB, 0xB7F2, 0x7CFD, 0xFFFF, 0x7FFF, 0x98F3, 0x17FB, 0x97FB, 0xF8FA, 0x18CB, 0x3031, 0x1029, 
  0x1029, 0x1029, 0x1029, 0x1029, 0x1029, 0x1029, 0x1029, 0x1029, 0x1029, 0x1029, 0x1029, 0x1029, 0x1029, 0x1029, 0x1029, 0x1029, 
  0x1029, 0x1029, 0x1029, 0x1029, 0x1029, 0x1029, 0x1029, 0x1029, 0x1029, 0x1029, 0x1029, 0x1029, 0x1029, 0x1029, 0x1029, 0x1029, 
  0x1029, 0x1029, 0x1029, 0x1029, 0x1029, 0x1029, 0x1029, 0x1029, 0x1029, 0x1029, 0x1029, 0x1029, 0x1029, 0x1029, 0x1029, 0x1029, 
  0x1029, 0x1029, 0x0F29, 0xD018, 0xB49A, 0x17FC, 0x7EFF, 0x3CF6, 0xB1D2, 0xD6FB, 0xD6FB, 0xD6FB, 0xD6FB, 0xD6FB, 0xB6FB, 0xB6FB, 
  0xB5FB, 0xD5FB, 0xD6FB, 0xB6FB, 0x16FC, 0x30BB, 0x2962, 0x8962, 0xAA72, 0x696A, 0x696A, 0x695A, 0x2752, 0x6962, 0xAA72, 0xAA72, 
  0x896A, 0x896A, 0x685A, 0x8962, 0xAA6A, 0xA96A, 0xAA7A, 0xAA72, 0x8A7A, 0x4962, 0x285A, 0x696A, 0xE969, 0x15D4, 0xFFFF, 0x1CF6, 
  0xB8F2, 0xD8FA, 0xF9FA, 0x18FB, 0xD7FB, 0x37FC, 0xB2CB, 0x0852, 0x4952, 0x495A, 0x8962, 0x896A, 0xCB72, 0xAA6A, 0xAA62, 0x6852, 
  0x685A, 0x285A, 0x484A, 0x285A, 0x2962, 0x284A, 0x2852, 0x2962, 0x4962, 0x2862, 0x8A82, 0x8A82, 0x6A72, 0x6B72, 0x8B7A, 0x8C82, 
  0xCE9A, 0xCE9A, 0xAE92, 0xCFA2, 0xF0B2, 0x10BB, 0x52C3, 0xF1BA, 0x11BB, 0x52CB, 0x52D3, 0x72D3, 0x51C3, 0x11CB, 0x31C3, 0xAD92, 
  0x0A72, 0xEFBA, 0xD5FB, 0xB6FB, 0x38FB, 0xF9FA, 0xD8FA, 0xD7F2, 0xFBF4, 0xDBF5, 0x6C82, 0x6962, 0x6962, 0xAA72, 0x6A6A, 0x896A, 
  0x685A, 0x485A, 0x6962, 0x6852, 0xAB72, 0x495A, 0xE741, 0x484A, 0x4852, 0x2852, 0x695A, 0x695A, 0x695A, 0x695A, 0x695A, 0x695A, 
  0x485A, 0x896A, 0x6962, 0x696A, 0xAA72, 0x6962, 0x696A, 0x8972, 0x696A, 0x896A, 0x896A, 0x4852, 0x4852, 0x495A, 0x284A, 0x4852, 
  0x0852, 0xAA6A, 0x8A6A, 0x485A, 0x8962, 0x6962, 0x285A, 0x4952, 0x6A62, 0x0852, 0x4852, 0x896A, 0xAA72, 0x2852, 0x2852, 0x485A, 
  0x6962, 0x6962, 0x2852, 0x695A, 0x6A62, 0x495A, 0x685A, 0x6FAB, 0xEC82, 0x074A, 0x6962, 0x6A62, 0x485A, 0xEEA2, 0x78FB, 0x56FB, 
  0xF6FB, 0x31CB, 0xCEAA, 0xD6FB, 0x38FB, 0xB8FA, 0x9AF4, 0xFFFF, 0xFFFF, 0x9AEC, 0xB8FA, 0x97FB, 0x38FB, 0x38E3, 0x5041, 0xEF20, 
  0x1129, 0x1029, 0x1029, 0x1029, 0x1029, 0x1029, 0x1029, 0x1029, 0x1029, 0x1029, 0x1029, 0x1029, 0x1029, 0x1029, 0x1029, 0x1029, 
  0x1029, 0x1029, 0x1029, 0x1029, 0x1029, 0x1029, 0x1029, 0x1029, 0x1029, 0x1029, 0x1029, 0x1029, 0x1029, 0x1029, 0x1029, 0x1029, 
  0x1029, 0x1029, 0x1029, 0x1029, 0x1029, 0x1029, 0x1029, 0x1029, 0x1029, 0x1029, 0x1029, 0x1029, 0x1029, 0x1029, 0x1029, 0x1029, 
  0x1029, 0x1029, 0xEF28, 0x7041, 0x97E3, 0xF9FC, 0xDFFF, 0xF5DB, 0x13E3, 0xF6FB, 0xB6FB, 0xD6FB, 0xD6FB, 0xD6FB, 0xD6FB, 0xD6FB, 
  0xD5FB, 0xD6FB, 0xD6FB, 0xB6FB, 0xD6FB, 0xF6FB, 0x93E3, 0xAD92, 0x085A, 0x685A, 0x8962, 0x896A, 0x696A, 0xCA72, 0x4962, 0x6962, 
  0x8A6A, 0x696A, 0x2852, 0x495A, 0x2952, 0x685A, 0x896A, 0x4862, 0x8A72, 0xAA72, 0xCA72, 0x896A, 0x696A, 0x93BB, 0x5FFF, 0xFFFF, 
  0x9AF4, 0x7AFB, 0xF8FA, 0xB8FB, 0x94DB, 0xCFB2, 0x4B72, 0x085A, 0x2A6A, 0x0972, 0xC861, 0x086A, 0xE869, 0x8651, 0xA759, 0xC759, 
  0x2962, 0x085A, 0xE749, 0xA749, 0x085A, 0xA641, 0xE859, 0x8A72, 0x6862, 0x275A, 0xAA72, 0x6962, 0x274A, 0x273A, 0x073A, 0x084A, 
  0x495A, 0x074A, 0x0742, 0x285A, 0x496A, 0x0852, 0x6862, 0xA972, 0x275A, 0x2862, 0x6A6A, 0x2962, 0xE851, 0x0852, 0x8C82, 0x51C3, 
  0x73DB, 0x95FB, 0xB5FB, 0xF7FB, 0x57F3, 0xF8FA, 0x5AFB, 0xF9FA, 0x57F3, 0x5DFE, 0xEEA2, 0x4862, 0x8A6A, 0x4962, 0x4952, 0x495A, 
  0x8962, 0x2852, 0x084A, 0x4852, 0x4852, 0x6962, 0x284A, 0x4852, 0x4952, 0x284A, 0x484A, 0x4852, 0x6962, 0x8A6A, 0x495A, 0x285A, 
  0x8A7A, 0xCC8A, 0x6A62, 0x2852, 0x2852, 0x8A72, 0xAB82, 0x2D9B, 0x4862, 0x685A, 0x8A62, 0x6962, 0x485A, 0x495A, 0x695A, 0x2852, 
  0x695A, 0x6962, 0x495A, 0x695A, 0x8962, 0x896A, 0x896A, 0x6962, 0x6962, 0x8A72, 0x8A72, 0x496A, 0x4962, 0x8A6A, 0x8A6A, 0xCA72, 
  0xAA72, 0x896A, 0x285A, 0x485A, 0x696A, 0x496A, 0xA96A, 0xAA82, 0x8A6A, 0xA962, 0x6952, 0x695A, 0x2752, 0x4A72, 0x96EB, 0x37FB, 
  0xD7FB, 0xB5F3, 0x6C9A, 0xD5F3, 0x77FB, 0xB8FA, 0xB9EB, 0x7FFF, 0xFFFF, 0xBCF5, 0xB8F2, 0x97FB, 0x77FB, 0x18EB, 0x7049, 0x0F21, 
  0x1029, 0x1029, 0x1029, 0x1029, 0x1029, 0x1029, 0x1029, 0x1029, 0x1029, 0x1029, 0x1029, 0x1029, 0x1029, 0x1029, 0x1029, 0x1029, 
  0x1029, 0x1029, 0x1029, 0x1029, 0x1029, 0x1029, 0x1029, 0x1029, 0x1029, 0x1029, 0x1029, 0x1029, 0x1029, 0x1029, 0x1029, 0x1029, 
  0x1029, 0x1029, 0x1029, 0x1029, 0x1029, 0x1029, 0x1029, 0x1029, 0x1029, 0x1029, 0x1029, 0x1029, 0x1029, 0x1029, 0x1029, 0x1029, 
  0x1029, 0x1029, 0xEF20, 0x949A, 0x96FB, 0x9DF6, 0x7CFE, 0xD1D2, 0xD5FB, 0xD6FB, 0xD6FB, 0xB6FB, 0xB6FB, 0xD5FB, 0xD6FB, 0xD5FB, 
  0xD5FB, 0xD6FB, 0xD6FB, 0xB6FB, 0xD6FB, 0xD6FB, 0xF6FB, 0xD6FB, 0x10BB, 0x6B7A, 0x496A, 0x8A6A, 0x6962, 0x8A72, 0xAA72, 0xA96A, 
  0xA96A, 0xAA7A, 0x8A6A, 0x295A, 0x295A, 0xCA82, 0x8A72, 0x8A6A, 0xAA72, 0x496A, 0x8A72, 0xAA72, 0xCA7A, 0x4C8A, 0x76E4, 0x9DFE, 
  0x3EFE, 0x18F4, 0x32DB, 0xF0BA, 0xAEAA, 0xF1BA, 0x13D3, 0xB6D3, 0x18E5, 0x58D5, 0xF6CC, 0xF6D4, 0x16C5, 0xF5C4, 0xF6CC, 0xF6CC, 
  0x16D5, 0x94BC, 0x73B4, 0x94B4, 0x12AC, 0xB09B, 0xB0A3, 0xD1AB, 0x6F9B, 0x6F9B, 0x4E93, 0x0E8B, 0xCD8A, 0xCD92, 0xAC8A, 0xCD8A, 
  0x8C7A, 0x6B6A, 0x6B72, 0x8C7A, 0x4B72, 0x0A6A, 0xE971, 0x0A7A, 0x2A72, 0x296A, 0x296A, 0xE759, 0xE759, 0xE759, 0x096A, 0xEFC2, 
  0x32DB, 0x73EB, 0xB5FB, 0xB5FB, 0x96FB, 0x36FB, 0x57F3, 0x36EB, 0x9CF5, 0xDBF5, 0x8C9A, 0x896A, 0x695A, 0x2852, 0xE741, 0x4852, 
  0x695A, 0x495A, 0x495A, 0x495A, 0x0752, 0x8962, 0x8A6A, 0x495A, 0x695A, 0x4852, 0x4852, 0x2852, 0x4962, 0x896A, 0x6962, 0x695A, 
  0x6962, 0x4952, 0x2852, 0x284A, 0x4852, 0xAA6A, 0x485A, 0xAB7A, 0x6962, 0x6852, 0xCB7A, 0x8B7A, 0x695A, 0x2852, 0x4852, 0x895A, 
  0x4852, 0x6962, 0x495A, 0x4962, 0x696A, 0xAA72, 0xAA72, 0x4962, 0x8A6A, 0xCB7A, 0xAA7A, 0x696A, 0x8A6A, 0x495A, 0x6962, 0xAA72, 
  0x896A, 0x896A, 0x8962, 0x2852, 0x8A62, 0x695A, 0x6852, 0x6962, 0x284A, 0x4852, 0x6952, 0x0852, 0x475A, 0x295A, 0x51C3, 0x58FB, 
  0x77FB, 0xF7FB, 0xCFB2, 0x73DB, 0xB7FB, 0xD8FA, 0xF9FA, 0xBEFE, 0xFFFF, 0x9DFE, 0xF8EA, 0x57FB, 0x96FB, 0x39FB, 0xF371, 0xEF20, 
  0x1029, 0x1029, 0x1029, 0x1029, 0x1029, 0x1029, 0x1029, 0x1029, 0x1029, 0x1029, 0x1029, 0x1029, 0x1029, 0x1029, 0x1029, 0x1029, 
  0x1029, 0x1029, 0x1029, 0x1029, 0x1029, 0x1029, 0x1029, 0x1029, 0x1029, 0x1029, 0x1029, 0x1029, 0x1029, 0x1029, 0x1029, 0x1029, 
  0x1029, 0x1029, 0x1029, 0x1029, 0x1029, 0x1029, 0x1029, 0x1029, 0x1029, 0x1029, 0x1029, 0x1029, 0x1029, 0x1029, 0x1029, 0x1029, 
  0x1029, 0xF020, 0x7041, 0x57E3, 0xB6F3, 0x3FFF, 0x97E4, 0x12E3, 0xF6FB, 0xD5FB, 0xD6FB, 0xD6FB, 0xD6FB, 0xD6FB, 0xD6FB, 0xD6FB, 
  0xD5FB, 0xD6FB, 0xD6FB, 0xD5FB, 0xD5FB, 0xD6FB, 0xF6FB, 0xD6FB, 0xD7FB, 0xB6FB, 0x94E3, 0x30C3, 0xCEA2, 0x8C8A, 0x8A7A, 0x286A, 
  0x686A, 0xAA72, 0x8962, 0x695A, 0x8962, 0xCB82, 0xAB7A, 0xAA72, 0x4962, 0x6962, 0xAB7A, 0x4962, 0x6A72, 0x6972, 0x8A8A, 0xCFAA, 
  0xD1B2, 0xD0C2, 0xF0BA, 0x72D3, 0x93DB, 0x73D3, 0x32D3, 0x94D3, 0x35D4, 0xD7DC, 0x17DD, 0x38DD, 0x99ED, 0xFBED, 0xDAE5, 0xDAE5, 
  0xFBED, 0x5BE6, 0x7CEE, 0x7CEE, 0x7CF6, 0x9DF6, 0x7DFE, 0x5DF6, 0xDEFE, 0xDEFE, 0xBEFE, 0xFEFE, 0xBEFE, 0xBDFE, 0xDEFE, 0x1EFF, 
  0x3EFF, 0x3EFF, 0xFDFE, 0xFDFE, 0x1DFF, 0x1DFF, 0x9CF6, 0x7CF6, 0x9CF6, 0x1BEE, 0xDAE5, 0x3BE6, 0x99DD, 0x78D5, 0x37CD, 0xB6C4, 
  0xB6D4, 0xB7E4, 0xF9F4, 0x78FC, 0x98FC, 0xB9F4, 0xFAF4, 0xFCFD, 0x3CFE, 0x0FA3, 0x496A, 0x896A, 0x4852, 0x495A, 0x074A, 0x695A, 
  0x4852, 0x6952, 0x2852, 0x895A, 0xCA6A, 0xAA6A, 0x4962, 0x4962, 0x695A, 0x2852, 0x6962, 0xAA72, 0xCB72, 0x6962, 0x485A, 0x4952, 
  0x495A, 0x6952, 0x495A, 0x295A, 0x495A, 0x4962, 0x695A, 0x4862, 0x8A6A, 0x2852, 0x2962, 0x6962, 0x6952, 0x495A, 0x695A, 0x485A, 
  0x285A, 0x495A, 0x0852, 0x6962, 0x485A, 0x6962, 0x695A, 0x6952, 0x2852, 0x2862, 0x8A6A, 0x896A, 0x8962, 0x495A, 0x495A, 0x6962, 
  0x696A, 0x4962, 0x6962, 0x695A, 0x295A, 0x495A, 0x695A, 0x485A, 0x084A, 0x2962, 0x2952, 0x495A, 0x896A, 0x2852, 0xCD9A, 0x97FB, 
  0x57FB, 0xD7FB, 0x32D3, 0x52CB, 0xD7FB, 0x18FB, 0xB8F2, 0xBCF5, 0xFFFF, 0x1EFF, 0x3BEC, 0x38FB, 0xB6FB, 0x39FB, 0x76AA, 0xCF28, 
  0x1029, 0x1029, 0x1029, 0x1029, 0x1029, 0x1029, 0x1029, 0x1029, 0x1029, 0x1029, 0x1029, 0x1029, 0x1029, 0x1029, 0x1029, 0x1029, 
  0x1029, 0x1029, 0x1029, 0x1029, 0x1029, 0x1029, 0x1029, 0x1029, 0x1029, 0x1029, 0x1029, 0x1029, 0x1029, 0x1029, 0x1029, 0x1029, 
  0x1029, 0x1029, 0x1029, 0x1029, 0x1029, 0x1029, 0x1029, 0x1029, 0x1029, 0x1029, 0x1029, 0x1029, 0x1029, 0x1029, 0x1029, 0x1029, 
  0x1029, 0xCF18, 0x537A, 0x57FB, 0x18F4, 0xDEFE, 0x53E3, 0x94EB, 0xF6FB, 0xD6FB, 0xD6FB, 0xD6FB, 0xD6FB, 0xD6FB, 0xD6FB, 0xD6FB, 
  0xD6FB, 0xD6FB, 0xD5FB, 0xD5FB, 0xB6FB, 0xB6FB, 0xB6FB, 0xD6FB, 0xD6FB, 0xB6FB, 0xD6FB, 0x16FC, 0x16FC, 0xD5FB, 0xB4EB, 0x31C3, 
  0xEEA2, 0x8A82, 0x485A, 0xAA72, 0x8A6A, 0x695A, 0x4862, 0x4962, 0x2852, 0x495A, 0xAB72, 0x6962, 0x896A, 0xAA72, 0x8962, 0xAA7A, 
  0x8B92, 0xAE9A, 0xCD9A, 0xAB82, 0x2862, 0x2862, 0x496A, 0xAB82, 0x4A82, 0x0972, 0x296A, 0xC759, 0x4A72, 0xE959, 0xA751, 0x2972, 
  0x296A, 0x095A, 0x0962, 0xE859, 0x2962, 0x6A6A, 0x8A72, 0x6A72, 0x8A72, 0xCC92, 0xED9A, 0x0E93, 0x70A3, 0x2F9B, 0x0E93, 0x8F9B, 
  0xB1AB, 0xB1B3, 0x709B, 0xD1A3, 0xF1A3, 0xD19B, 0xF1A3, 0x11AC, 0xF2B3, 0x34C4, 0x34C4, 0x54BC, 0xD7CC, 0xD6C4, 0xB7D4, 0xF7D4, 
  0xDADD, 0x79DD, 0x18D5, 0x79DD, 0x99E5, 0x9AE5, 0x39DD, 0xD4C3, 0x6C7A, 0x296A, 0x485A, 0x485A, 0x4962, 0x8A6A, 0x4962, 0x485A, 
  0xCA72, 0x496A, 0xAB72, 0xAA7A, 0x2752, 0x0852, 0x495A, 0x4952, 0x4952, 0x8962, 0x8A6A, 0x696A, 0xAA6A, 0x485A, 0x695A, 0x695A, 
  0x4852, 0x695A, 0x6962, 0x495A, 0x285A, 0x6962, 0x6962, 0x696A, 0x495A, 0x2852, 0x495A, 0x2852, 0x895A, 0x6962, 0x4862, 0x6962, 
  0x285A, 0x2852, 0x495A, 0x895A, 0x495A, 0x6962, 0x6962, 0x285A, 0x485A, 0x495A, 0x895A, 0x285A, 0x896A, 0x8962, 0x6952, 0x285A, 
  0x6962, 0x6962, 0x2852, 0x485A, 0x8A62, 0x696A, 0x896A, 0xAA72, 0x695A, 0xAA72, 0x695A, 0x8962, 0xAA6A, 0x084A, 0x4A6A, 0x74E3, 
  0x58FB, 0x97FB, 0x95EB, 0x12D3, 0xD7FB, 0x57FB, 0x38EB, 0x9AEC, 0xFFFF, 0x9FFF, 0x18EC, 0xF8FA, 0xB7FB, 0x58FB, 0xB8DA, 0xEF38, 
  0x0F21, 0x1029, 0x1029, 0x1029, 0x1029, 0x1029, 0x1029, 0x1029, 0x1029, 0x1029, 0x1029, 0x1029, 0x1029, 0x1029, 0x1029, 0x1029, 
  0x1029, 0x1029, 0x1029, 0x1029, 0x1029, 0x1029, 0x1029, 0x1029, 0x1029, 0x1029, 0x1029, 0x1029, 0x1029, 0x1029, 0x1029, 0x1029, 
  0x1029, 0x1029, 0x1029, 0x1029, 0x1029, 0x1029, 0x1029, 0x1029, 0x1029, 0x1029, 0x1029, 0x1029, 0x1029, 0x1029, 0x1029, 0x1029, 
  0x1029, 0xCF20, 0xB59A, 0x97FB, 0x38F4, 0xFCFD, 0x12E3, 0xD5FB, 0xD6FB, 0xD6FB, 0xD6FB, 0xD6FB, 0xB6FB, 0xD6FB, 0xD6FB, 0xD6FB, 
  0xD6FB, 0xD6FB, 0xD5FB, 0xD5FB, 0xD6FB, 0xB6FB, 0xD5FB, 0xD5FB, 0xD5FB, 0xD6FB, 0xD6FB, 0xD5FB, 0xD5FB, 0xD6FB, 0xF6FB, 0xD6FB, 
  0x16FC, 0x2FAB, 0x2852, 0x6962, 0x4962, 0x4952, 0x6962, 0x495A, 0x4852, 0x284A, 0x495A, 0x896A, 0x685A, 0x275A, 0x695A, 0xAA6A, 
  0x696A, 0xAA7A, 0x085A, 0x495A, 0x8962, 0x8962, 0x8962, 0x6862, 0xAA6A, 0x8972, 0xCA7A, 0x8962, 0x485A, 0x485A, 0xAA6A, 0xCB7A, 
  0xAA72, 0x485A, 0x6962, 0x8962, 0x0852, 0x2852, 0x695A, 0x485A, 0x485A, 0x696A, 0x6962, 0x0752, 0x085A, 0x2962, 0xE851, 0x085A, 
  0x496A, 0x0862, 0x0752, 0x285A, 0xC759, 0xE759, 0xE751, 0x285A, 0x2862, 0x4862, 0x075A, 0xC749, 0x2752, 0xE641, 0x2862, 0x085A, 
  0xE751, 0x296A, 0xAB8A, 0x496A, 0x2972, 0x4A8A, 0x496A, 0x074A, 0x0742, 0x8A62, 0x8A6A, 0x4852, 0x485A, 0x8962, 0x8A72, 0xEB82, 
  0xCA7A, 0x8A8A, 0x0D93, 0xCB92, 0x695A, 0x495A, 0x6A62, 0x895A, 0x6852, 0x485A, 0x495A, 0x495A, 0x2852, 0x4852, 0x695A, 0x695A, 
  0x4962, 0x495A, 0x6952, 0x2852, 0xCB7A, 0x695A, 0xCB7A, 0xEB82, 0x485A, 0x2852, 0x8A6A, 0xAA72, 0x6962, 0x8962, 0x4962, 0xAA6A, 
  0x6962, 0x695A, 0x495A, 0x295A, 0x485A, 0xAA6A, 0xAA72, 0x6962, 0x696A, 0x4962, 0x695A, 0x4852, 0x4962, 0x485A, 0x2852, 0x495A, 
  0x695A, 0x696A, 0xAA6A, 0xEB7A, 0x6962, 0x896A, 0xA96A, 0x896A, 0x695A, 0x6962, 0x6962, 0x6852, 0x4962, 0x685A, 0x2852, 0x0FB3, 
  0x78FB, 0x96FB, 0x77FB, 0x53DB, 0xD5F3, 0x57FB, 0xBBF4, 0xD8EB, 0x3FFF, 0xFFFF, 0x39F4, 0xB8FA, 0xB7FB, 0x57FB, 0x18FB, 0xF369, 
  0xEF18, 0xF030, 0x1029, 0x1029, 0x1029, 0x1029, 0x1029, 0x1029, 0x1029, 0x1029, 0x1029, 0x1029, 0x1029, 0x1029, 0x1029, 0x1029, 
  0x1029, 0x1029, 0x1029, 0x1029, 0x1029, 0x1029, 0x1029, 0x1029, 0x1029, 0x1029, 0x1029, 0x1029, 0x1029, 0x1029, 0x1029, 0x1029, 
  0x1029, 0x1029, 0x1029, 0x1029, 0x1029, 0x1029, 0x1029, 0x1029, 0x1029, 0x1029, 0x1029, 0x1029, 0x1029, 0x1029, 0x1029, 0x1029, 
  0x1029, 0xCF20, 0xF6B2, 0xB6FB, 0xF7FB, 0x1BF5, 0x33EB, 0xD6FB, 0xB6FB, 0xD5FB, 0xB6FB, 0x57FB, 0x56FB, 0xD6FB, 0xD5FB, 0xD6FB, 
  0xD6FB, 0xD6FB, 0xD6FB, 0xD5FB, 0xD6FB, 0xD6FB, 0xD5FB, 0xD6FB, 0xD6FB, 0xD6FB, 0xD6FB, 0xD5FB, 0xD5FB, 0xB6FB, 0xB6FB, 0xD6FB, 
  0x93DB, 0x8C82, 0x6A6A, 0x4862, 0x6962, 0x6962, 0xAA72, 0x696A, 0x685A, 0x8962, 0x6962, 0x896A, 0x6962, 0x495A, 0x895A, 0x8962, 
  0x696A, 0xEB82, 0x8962, 0x8962, 0x2862, 0xAA72, 0xAA6A, 0x485A, 0x284A, 0x8A6A, 0x4962, 0xCB82, 0xED92, 0xAC8A, 0x6B82, 0x496A, 
  0x0852, 0x2852, 0x495A, 0x6962, 0x695A, 0x695A, 0x695A, 0x696A, 0x6962, 0x4852, 0x495A, 0x6952, 0x695A, 0x695A, 0x6952, 0x285A, 
  0x485A, 0x285A, 0x8A72, 0xAA6A, 0x8962, 0xCB72, 0x695A, 0x8962, 0x696A, 0x4962, 0x6962, 0x8A62, 0x695A, 0x295A, 0xAA6A, 0xA962, 
  0x4852, 0x085A, 0x496A, 0x4962, 0x8A72, 0x6962, 0x885A, 0xAA6A, 0x8A72, 0x8A6A, 0x8A6A, 0x6962, 0x8962, 0xAA7A, 0x6972, 0x896A, 
  0xAA72, 0xCA82, 0x8A7A, 0xAA7A, 0x8962, 0x695A, 0x496A, 0x696A, 0x8A6A, 0x8962, 0x695A, 0x284A, 0x695A, 0x4962, 0x6A6A, 0x8A62, 
  0x6962, 0x695A, 0x695A, 0x4962, 0xCC82, 0x4962, 0x8A72, 0xAA7A, 0x6962, 0x8962, 0x8A72, 0x8A72, 0x695A, 0x6A62, 0x495A, 0x2852, 
  0x485A, 0x6962, 0x495A, 0x495A, 0x285A, 0x495A, 0x6962, 0x4962, 0xCA7A, 0x6962, 0x895A, 0x6A62, 0x6962, 0x6962, 0x8962, 0x6962, 
  0x8962, 0x485A, 0xAA7A, 0x8A7A, 0x6962, 0x8A72, 0x896A, 0x6962, 0x495A, 0x485A, 0x696A, 0x695A, 0x8A6A, 0x485A, 0x8962, 0x6A7A, 
  0x75F3, 0x77FB, 0x97FB, 0x55EB, 0x52DB, 0x97FB, 0x99F4, 0x7AF4, 0x9BF5, 0xFFFF, 0x5AFC, 0xB8FA, 0xB7FB, 0x38FB, 0x59FB, 0x57AB, 
  0xCE18, 0x1131, 0x1029, 0x1029, 0x1029, 0x1029, 0x1029, 0x1029, 0x1029, 0x1029, 0x1029, 0x1029, 0x1029, 0x1029, 0x1029, 0x1029, 
  0x1029, 0x1029, 0x1029, 0x1029, 0x1029, 0x1029, 0x1029, 0x1029, 0x1029, 0x1029, 0x1029, 0x1029, 0x1029, 0x1029, 0x1029, 0x1029, 
  0x1029, 0x1029, 0x1029, 0x1029, 0x1029, 0x1029, 0x1029, 0x1029, 0x1029, 0x1029, 0x1029, 0x1029, 0x1029, 0x1029, 0x1029, 0x1029, 
  0x1029, 0xCF20, 0xF4AA, 0xF6FB, 0xB6FB, 0x78FB, 0x76F3, 0xB5FB, 0xD5FB, 0xF5FB, 0x97FB, 0xF8FA, 0xF8FA, 0x96FB, 0xF5FB, 0xD6FB, 
  0xD6FB, 0xD6FB, 0xD6FB, 0xD6FB, 0xD6FB, 0xD6FB, 0xD6FB, 0xD6FB, 0xD6FB, 0xD6FB, 0xB6FB, 0xD6FB, 0xD6FB, 0xD6FB, 0xB6FB, 0xD5EB, 
  0x8B82, 0x285A, 0x6962, 0x896A, 0xCA72, 0x8A7A, 0xCB7A, 0xAA72, 0x6972, 0x8A6A, 0x896A, 0x485A, 0x695A, 0x695A, 0x2852, 0x8A6A, 
  0x496A, 0x485A, 0x695A, 0x8A62, 0x6962, 0xAA72, 0xAA72, 0x6962, 0x696A, 0x6862, 0x2852, 0x4A72, 0x0FAB, 0x30BB, 0x92D3, 0xB3DB, 
  0x72CB, 0x0FB3, 0x6B7A, 0x295A, 0x074A, 0x4852, 0x6962, 0x8A6A, 0x4962, 0x285A, 0x2852, 0x6962, 0x486A, 0x6A72, 0x8C92, 0xEFA2, 
  0x30A3, 0x30BB, 0x30CB, 0xEDA2, 0x4852, 0x0752, 0x2862, 0xAB82, 0xEFAA, 0x10BB, 0x0FA3, 0x4A72, 0x6A6A, 0x295A, 0xE749, 0x085A, 
  0xCD92, 0xADA2, 0x2FB3, 0x2FBB, 0x0EB3, 0xCB82, 0x4862, 0x285A, 0x696A, 0x896A, 0x2862, 0x285A, 0x6962, 0x6962, 0x8A62, 0x295A, 
  0x2852, 0x895A, 0x8972, 0xAA82, 0x8962, 0x685A, 0x485A, 0x6972, 0x6962, 0x696A, 0xAA72, 0x0852, 0x2852, 0x695A, 0x6962, 0x8962, 
  0x6962, 0x4962, 0x4962, 0x8A62, 0x485A, 0x485A, 0x6962, 0xCB82, 0xAA7A, 0x6962, 0x6962, 0x4862, 0x085A, 0x2852, 0x4852, 0x4852, 
  0x4852, 0x6962, 0x695A, 0x495A, 0x6962, 0x6962, 0x495A, 0x4962, 0xCA6A, 0x8962, 0x495A, 0x285A, 0x8A7A, 0x8A7A, 0x6862, 0x4962, 
  0x8A7A, 0x8962, 0x695A, 0x6962, 0x695A, 0x8A72, 0x896A, 0xAA6A, 0x495A, 0x8962, 0x2862, 0x2852, 0x4962, 0x696A, 0x8A6A, 0x285A, 
  0x10BB, 0x98FB, 0x76FB, 0x36FB, 0xF1CA, 0xD6F3, 0xB7F3, 0x7CF5, 0x39EC, 0xDFFF, 0x7AF4, 0xB8FA, 0xB6FB, 0x37FB, 0x19FB, 0xDBD4, 
  0x5031, 0xF120, 0x1029, 0x1029, 0x1029, 0x1029, 0x1029, 0x1029, 0x1029, 0x1029, 0x1029, 0x1029, 0x1029, 0x1029, 0x1029, 0x1029, 
  0x1029, 0x1029, 0x1029, 0x1029, 0x1029, 0x1029, 0x1029, 0x1029, 0x1029, 0x1029, 0x1029, 0x1029, 0x1029, 0x1029, 0x1029, 0x1029, 
  0x1029, 0x1029, 0x1029, 0x1029, 0x1029, 0x1029, 0x1029, 0x1029, 0x1029, 0x1029, 0x1029, 0x1029, 0x1029, 0x1029, 0x1029, 0x1029, 
  0x1029, 0xEF20, 0x3172, 0x95FB, 0xF6F3, 0x56F3, 0x97FB, 0xD5FB, 0xD6FB, 0xD5FB, 0x96FB, 0x19FB, 0xF9FA, 0x57FB, 0xD6FB, 0xD5FB, 
  0xD5FB, 0xD6FB, 0xD6FB, 0xD6FB, 0xD6FB, 0xD6FB, 0xD6FB, 0xD6FB, 0xD6FB, 0xD6FB, 0xB5FB, 0xB5FB, 0xF6FB, 0xD6FB, 0xF6FB, 0xCEAA, 
  0x284A, 0x6852, 0x896A, 0x8972, 0x6862, 0x6962, 0x4862, 0x4862, 0x6972, 0x8A6A, 0xCA6A, 0x485A, 0x4852, 0x285A, 0x4962, 0x695A, 
  0x695A, 0x6962, 0x285A, 0x4962, 0xAA72, 0x8972, 0x8A72, 0x8A6A, 0x896A, 0x696A, 0x6A7A, 0x0FA3, 0xEFAA, 0xAEA2, 0x4C8A, 0x4C92, 
  0xAEAA, 0x93DB, 0xD4E3, 0x92D3, 0x10AB, 0xAD8A, 0x6A62, 0x495A, 0xCA7A, 0xCB92, 0xAC9A, 0x10BB, 0x93DB, 0xD5F3, 0xD4EB, 0x92CB, 
  0x30B3, 0x8D8A, 0x0A6A, 0x2A72, 0xCD92, 0x30C3, 0x93E3, 0xB3D3, 0x30B3, 0xAC8A, 0x8962, 0x8862, 0x6862, 0x4A7A, 0xCFB2, 0x94DB, 
  0xF5F3, 0xD3DB, 0x0FA3, 0x4A6A, 0x2852, 0xCC8A, 0x696A, 0x8A72, 0x8A82, 0x896A, 0x4852, 0x485A, 0x896A, 0x695A, 0x695A, 0xED92, 
  0x6A7A, 0x2852, 0x284A, 0x685A, 0x485A, 0x485A, 0x6962, 0xAA6A, 0x695A, 0x4852, 0xA962, 0x4852, 0x4852, 0x895A, 0x6962, 0x6962, 
  0x896A, 0x8A6A, 0xAB7A, 0x6962, 0x685A, 0xA962, 0xAA72, 0x8A72, 0x496A, 0x496A, 0x8A6A, 0xAA72, 0xAA6A, 0x695A, 0x085A, 0x8A6A, 
  0x696A, 0x485A, 0xAA6A, 0x696A, 0x696A, 0x495A, 0x2952, 0x4952, 0x485A, 0x8A7A, 0x6A72, 0x4852, 0xCB82, 0x4EAB, 0xAA72, 0x896A, 
  0x4862, 0x896A, 0x4862, 0x4852, 0x4852, 0x6962, 0x6862, 0x685A, 0x8A62, 0x8962, 0xAB7A, 0x6A62, 0x8962, 0x4962, 0x4962, 0x8962, 
  0x8C8A, 0xB7F3, 0x76FB, 0x57FB, 0x33D3, 0x73DB, 0x96FB, 0x5BF5, 0x7AEC, 0x5CF6, 0xBCF4, 0xB8FA, 0x96FB, 0x57FB, 0xB8F2, 0x3BED, 
  0x114A, 0xD020, 0x1029, 0x1029, 0x1029, 0x1029, 0x1029, 0x1029, 0x1029, 0x1029, 0x1029, 0x1029, 0x1029, 0x1029, 0x1029, 0x1029, 
  0x1029, 0x1029, 0x1029, 0x1029, 0x1029, 0x1029, 0x1029, 0x1029, 0x1029, 0x1029, 0x1029, 0x1029, 0x1029, 0x1029, 0x1029, 0x1029, 
  0x1029, 0x1029, 0x1029, 0x1029, 0x1029, 0x1029, 0x1029, 0x1029, 0x1029, 0x1029, 0x1029, 0x1029, 0x1029, 0x1029, 0x1029, 0x1029, 
  0x1029, 0xF028, 0x2F39, 0x76CB, 0xF7FB, 0x96FB, 0x96FB, 0xB6FB, 0xD7FB, 0xD5FB, 0xD5FB, 0x77FB, 0x18FB, 0x18FB, 0xD6FB, 0xD6FB, 
  0xD6FB, 0xD6FB, 0xD6FB, 0xD6FB, 0xD6FB, 0xD6FB, 0xD5FB, 0xD6FB, 0xD6FB, 0xD6FB, 0xD6FB, 0xD6FB, 0xF6FB, 0xF6FB, 0x94EB, 0x4A7A, 
  0x495A, 0x8962, 0xAA72, 0x8A72, 0x485A, 0x695A, 0x695A, 0x8962, 0x485A, 0x2862, 0x4962, 0x495A, 0x8A6A, 0x6962, 0x4852, 0x695A, 
  0x495A, 0x6962, 0x8A6A, 0x4962, 0x696A, 0x4862, 0x4962, 0x8A6A, 0x8962, 0xAC82, 0x71CB, 0x8FB2, 0x10BB, 0xB2D3, 0xD3E3, 0xB3DB, 
  0x10B3, 0x4C92, 0x4C92, 0xADA2, 0xEDA2, 0xAC92, 0x0972, 0x4C92, 0x51CB, 0x94E3, 0xF6FB, 0xF5F3, 0x71C3, 0xCC92, 0x8B82, 0x085A, 
  0xE859, 0x4B82, 0x0EAB, 0xB3DB, 0xD4EB, 0x31C3, 0x8D8A, 0x2962, 0x285A, 0x4862, 0x6A7A, 0xAEA2, 0x93D3, 0x16FC, 0xF5FB, 0x71CB, 
  0x8C92, 0x0862, 0x0952, 0x4B7A, 0x0DA3, 0x6A7A, 0xCD92, 0xEEAA, 0x71D3, 0x6A82, 0x685A, 0xA962, 0x6972, 0x896A, 0x485A, 0x0EAB, 
  0x14F4, 0x30B3, 0x6B72, 0x295A, 0x695A, 0xCB72, 0x6962, 0x495A, 0x296A, 0x496A, 0x696A, 0xCA72, 0x6962, 0x6962, 0x8A6A, 0xAA6A, 
  0x485A, 0x6962, 0x6972, 0xAA72, 0x8962, 0x8A72, 0x696A, 0x685A, 0x6962, 0x695A, 0x895A, 0x8962, 0x8962, 0x6962, 0x8A7A, 0xCB82, 
  0xAB7A, 0x4962, 0x8962, 0x6962, 0xCA72, 0xAA6A, 0x695A, 0x8A62, 0x695A, 0x495A, 0x8A6A, 0x495A, 0x2852, 0x495A, 0x495A, 0x8A62, 
  0x2852, 0xCA72, 0xEDA2, 0xEC9A, 0x2862, 0xAA72, 0x8962, 0x2752, 0x4852, 0x074A, 0x8A6A, 0x6A62, 0x4852, 0x4852, 0x485A, 0x8A6A, 
  0x4972, 0x32CB, 0xB7FB, 0x96FB, 0x36EB, 0xCFAA, 0x95FB, 0xF8F3, 0xBCF5, 0x79EC, 0x5CFC, 0xB8F2, 0x97FB, 0x58FB, 0x98F2, 0x1BFD, 
  0x789C, 0x8E20, 0x3029, 0x1029, 0x1029, 0x1029, 0x1029, 0x1029, 0x1029, 0x1029, 0x1029, 0x1029, 0x1029, 0x1029, 0x1029, 0x1029, 
  0x1029, 0x1029, 0x1029, 0x1029, 0x1029, 0x1029, 0x1029, 0x1029, 0x1029, 0x1029, 0x1029, 0x1029, 0x1029, 0x1029, 0x1029, 0x1029, 
  0x1029, 0x1029, 0x1029, 0x1029, 0x1029, 0x1029, 0x1029, 0x1029, 0x1029, 0x1029, 0x1029, 0x1029, 0x1029, 0x1029, 0x1029, 0x1029, 
  0x1029, 0x1029, 0xF020, 0x9151, 0x77D3, 0xF7FB, 0xD6FB, 0xD6FB, 0xD5FB, 0xD6FB, 0xD5FB, 0xF6FB, 0x97FB, 0x37FB, 0x96FB, 0xD6FB, 
  0xD6FB, 0xD6FB, 0xD6FB, 0xD6FB, 0xD5FB, 0xD6FB, 0xD6FB, 0xD6FB, 0xD6FB, 0xD6FB, 0xD6FB, 0xD5FB, 0xD6FB, 0xF6FB, 0x71CB, 0x4962, 
  0x696A, 0x485A, 0x896A, 0xAB82, 0xCA72, 0x4852, 0x695A, 0x8A6A, 0x8A6A, 0x2852, 0x284A, 0x495A, 0x8A6A, 0x8A6A, 0x695A, 0xAA6A, 
  0x6962, 0x8A6A, 0x8962, 0x6962, 0xAA72, 0xAA72, 0x696A, 0x6962, 0x696A, 0x4A7A, 0xF4E3, 0xD5F3, 0x52D3, 0xEFB2, 0xCEAA, 0xEFB2, 
  0x52CB, 0xD5EB, 0xB4EB, 0x72D3, 0x31CB, 0x93DB, 0xB4EB, 0x37FC, 0xF6FB, 0x73E3, 0xEEA2, 0xE859, 0x075A, 0x8A82, 0xADA2, 0x52CB, 
  0xD5EB, 0x16F4, 0xB3DB, 0xEEA2, 0x496A, 0xE749, 0x284A, 0x6A6A, 0xAD9A, 0x31CB, 0xB5F3, 0x17FC, 0xD6F3, 0x10B3, 0x8B7A, 0x086A, 
  0x6A7A, 0xEFA2, 0x72D3, 0x50C3, 0xCD9A, 0xCEAA, 0xB3D3, 0x4D9A, 0xF6FB, 0x72D3, 0x8C8A, 0x296A, 0x4962, 0x495A, 0x8962, 0x296A, 
  0x0FB3, 0x37FC, 0xB4EB, 0xAEA2, 0x085A, 0x2852, 0x2852, 0xCB7A, 0x4972, 0xAA7A, 0xCA7A, 0x8A72, 0x2852, 0x495A, 0x6962, 0x8A72, 
  0x696A, 0x6962, 0x695A, 0x696A, 0xAA72, 0x4972, 0xAB8A, 0xAA7A, 0x6852, 0x4962, 0x285A, 0x695A, 0x8A6A, 0x896A, 0x4962, 0xAA72, 
  0x6962, 0x0852, 0x6962, 0x6962, 0xAA6A, 0x8A6A, 0x4962, 0x8A6A, 0x695A, 0x4962, 0xAB7A, 0x696A, 0x695A, 0x4852, 0x4852, 0x495A, 
  0x6952, 0x6962, 0x8A8A, 0x0DA3, 0x8A72, 0x8A72, 0xCA72, 0x6962, 0x495A, 0x695A, 0x6962, 0x6962, 0x4962, 0x6962, 0x6962, 0x8A6A, 
  0x8962, 0xCD9A, 0xF7FB, 0xB6FB, 0x57FB, 0xD1BA, 0x93E3, 0x57FB, 0x9BF5, 0x39EC, 0xF8FA, 0xF8FA, 0x77FB, 0x38FB, 0xB8FA, 0x3AFC, 
  0x1DE6, 0x3031, 0xF020, 0x1029, 0x1029, 0x1029, 0x1029, 0x1029, 0x1029, 0x1029, 0x1029, 0x1029, 0x1029, 0x1029, 0x1029, 0x1029, 
  0x1029, 0x1029, 0x1029, 0x1029, 0x1029, 0x1029, 0x1029, 0x1029, 0x1029, 0x1029, 0x1029, 0x1029, 0x1029, 0x1029, 0x1029, 0x1029, 
  0x1029, 0x1029, 0x1029, 0x1029, 0x1029, 0x1029, 0x1029, 0x1029, 0x1029, 0x1029, 0x1029, 0x1029, 0x1029, 0x1029, 0x1029, 0x1029, 
  0x1029, 0x1029, 0x1129, 0xCF28, 0x2E31, 0xF49A, 0x54DB, 0xB4EB, 0xF6FB, 0xD6FB, 0xD5FB, 0xF5FB, 0xD6FB, 0x97FB, 0xB6FB, 0xD6FB, 
  0xB6FB, 0xB6FB, 0xD6FB, 0xD5FB, 0xD5FB, 0xD6FB, 0xD6FB, 0xD6FB, 0xD5FB, 0xD5FB, 0xD6FB, 0xD5FB, 0xB5FB, 0xF7FB, 0xEFB2, 0x485A, 
  0x8A72, 0x685A, 0xA96A, 0x697A, 0x8972, 0x4962, 0x496A, 0x696A, 0x2852, 0x695A, 0x4952, 0xE741, 0x074A, 0x495A, 0x8A6A, 0x496A, 
  0x4962, 0x6962, 0x495A, 0x285A, 0x485A, 0xAA6A, 0x896A, 0x896A, 0xAA7A, 0x6972, 0xCEA2, 0x36FC, 0xF6FB, 0xF6FB, 0xF6FB, 0x74EB, 
  0x33E3, 0xB5F3, 0xF6FB, 0x17FC, 0x17FC, 0xF7FB, 0xD4E3, 0x30B3, 0x6B7A, 0x285A, 0x096A, 0xAC8A, 0x51C3, 0xF5FB, 0x17FC, 0xF5F3, 
  0x10B3, 0x6C82, 0x095A, 0xE851, 0x096A, 0xED9A, 0x72CB, 0xF6FB, 0x17FC, 0x17FC, 0x93DB, 0xEEA2, 0x2972, 0x2972, 0xEEA2, 0xB3DB, 
  0xF5F3, 0x93D3, 0xEFAA, 0x6A72, 0x275A, 0x0FB3, 0xF6FB, 0x4D9A, 0xD4E3, 0xF7FB, 0xB5F3, 0x72D3, 0xAC92, 0x485A, 0x695A, 0x6962, 
  0x085A, 0x0FB3, 0x16FC, 0xF6FB, 0x72CB, 0x096A, 0xE741, 0x8962, 0x896A, 0x2852, 0x4862, 0x485A, 0x4852, 0x695A, 0x285A, 0x2852, 
  0x6962, 0x8A72, 0xAA72, 0x685A, 0x896A, 0x696A, 0x0D93, 0xCC92, 0x896A, 0x896A, 0x4962, 0x8A6A, 0x285A, 0x8962, 0x8A6A, 0x6962, 
  0x695A, 0x485A, 0x485A, 0x896A, 0xEB7A, 0x8A72, 0x6962, 0x8962, 0x6962, 0x8A7A, 0x8A6A, 0x8962, 0x8962, 0x485A, 0x6962, 0x8A62, 
  0x695A, 0x4852, 0x485A, 0xCA72, 0xA96A, 0x6962, 0x696A, 0x4962, 0x8A6A, 0xAA72, 0xAA72, 0x8962, 0xAA72, 0x8A6A, 0x6962, 0x4962, 
  0x8962, 0x4A72, 0x72DB, 0xD6FB, 0xF8FB, 0xB6DB, 0xAFAA, 0xD7FB, 0x18EC, 0x1BF5, 0xB8FA, 0x18FB, 0x58FB, 0x38FB, 0xD8FA, 0x98F3, 
  0x9DEE, 0xB049, 0xD020, 0x1029, 0x1029, 0x1029, 0x1029, 0x1029, 0x1029, 0x1029, 0x1029, 0x1029, 0x1029, 0x1029, 0x1029, 0x1029, 
  0x1029, 0x1029, 0x1029, 0x1029, 0x1029, 0x1029, 0x1029, 0x1029, 0x1029, 0x1029, 0x1029, 0x1029, 0x1029, 0x1029, 0x1029, 0x1029, 
  0x1029, 0x1029, 0x1029, 0x1029, 0x1029, 0x1029, 0x1029, 0x1029, 0x1029, 0x1029, 0x1029, 0x1029, 0x1029, 0x1029, 0x1029, 0x1029, 
  0x1029, 0x1029, 0x1029, 0x1029, 0xEF28, 0xCF28, 0xF169, 0xF1AA, 0x72D3, 0xD6F3, 0xF6FB, 0xD5FB, 0xB5F3, 0xB5FB, 0xD5FB, 0xD6FB, 
  0xD6FB, 0xD6FB, 0xD5FB, 0xD6FB, 0xD6FB, 0xD6FB, 0xD6FB, 0xD5FB, 0xD5FB, 0xD5FB, 0xD6FB, 0xD6FB, 0xB5FB, 0xF7FB, 0xCFAA, 0x485A, 
  0x8962, 0x6962, 0x8A72, 0x696A, 0x495A, 0x6A62, 0x6962, 0x695A, 0x2852, 0x495A, 0x6962, 0x6A62, 0x4952, 0x2852, 0x495A, 0x495A, 
  0x6962, 0x8A6A, 0x695A, 0x695A, 0x6962, 0x896A, 0x6962, 0x6962, 0xA96A, 0xAA6A, 0x2962, 0x10B3, 0x16FC, 0xD5FB, 0xD5FB, 0xF6FB, 
  0x16FC, 0xF6FB, 0x94EB, 0x73D3, 0x70BB, 0xCC8A, 0x2862, 0xE751, 0x2A6A, 0xEFB2, 0xD4EB, 0x36FC, 0x16FC, 0x93D3, 0xCD92, 0x4A72, 
  0x485A, 0x2852, 0x6B7A, 0x51BB, 0xB5F3, 0x17FC, 0x17FC, 0xB4E3, 0xEFAA, 0x6B82, 0x2A82, 0x8C9A, 0x72CB, 0x16F4, 0x16FC, 0xB2DB, 
  0xACA2, 0xE759, 0x696A, 0xAA7A, 0x496A, 0x92D3, 0x18FC, 0xAEAA, 0x0FB3, 0xF7FB, 0x96FB, 0xF7FB, 0xF5EB, 0xEEA2, 0x085A, 0x695A, 
  0x695A, 0x2962, 0x51CB, 0xF6FB, 0xF6FB, 0xD4E3, 0x6B7A, 0x695A, 0x495A, 0x285A, 0xAA6A, 0xAA6A, 0x6962, 0x8962, 0x6962, 0x896A, 
  0xAA72, 0xCB8A, 0xAA7A, 0x485A, 0x6962, 0x6962, 0x495A, 0x4962, 0xCA72, 0xAA72, 0x6962, 0x6962, 0x4962, 0x8962, 0xAA6A, 0xCA7A, 
  0x6962, 0x4852, 0x4852, 0x2852, 0x6962, 0xAA7A, 0xAA7A, 0x896A, 0x695A, 0x695A, 0x6962, 0x285A, 0x495A, 0x484A, 0x6962, 0xAA72, 
  0x495A, 0x495A, 0x8962, 0xEB7A, 0x696A, 0xAA6A, 0x4962, 0x6A6A, 0x8962, 0x685A, 0x6862, 0x896A, 0xAA6A, 0x695A, 0x4962, 0x285A, 
  0x8962, 0x896A, 0xED9A, 0xD6FB, 0xD7F3, 0x3BF5, 0x4D9A, 0x73D3, 0x78FB, 0x5AF4, 0x58F3, 0xF8FA, 0x37FB, 0x39FB, 0xFAFA, 0x17F3, 
  0xBEFE, 0xD79B, 0xCF20, 0x1029, 0x1029, 0x3021, 0x1029, 0x1029, 0x1021, 0x1029, 0x1029, 0x1029, 0x1029, 0x1029, 0x1029, 0x1029, 
  0x1029, 0x1029, 0x1029, 0x1029, 0x1029, 0x1029, 0x1029, 0x1029, 0x1029, 0x1029, 0x1029, 0x1029, 0x1029, 0x1029, 0x1029, 0x1029, 
  0x1029, 0x1029, 0x1029, 0x1029, 0x1029, 0x1029, 0x1029, 0x1029, 0x1029, 0x1029, 0x1029, 0x1029, 0x1029, 0x1029, 0x1029, 0x1029, 
  0x1029, 0x1029, 0x1029, 0x1029, 0x1029, 0x1029, 0xEF28, 0x6F49, 0x7082, 0xAE9A, 0x51D3, 0xF7FB, 0xD7FB, 0xB6FB, 0xB6FB, 0xD6FB, 
  0xD5FB, 0xD5FB, 0xD6FB, 0xB6FB, 0xD6FB, 0xD6FB, 0xD6FB, 0xD6FB, 0xF6FB, 0xD5FB, 0xD6FB, 0xD5FB, 0xD5FB, 0xF6FB, 0x51C3, 0xAA72, 
  0x896A, 0x8A72, 0xAA6A, 0x284A, 0x484A, 0x295A, 0x6962, 0x896A, 0x695A, 0x6962, 0x6962, 0x896A, 0xAB72, 0x496A, 0x896A, 0xA962, 
  0xA96A, 0x696A, 0x696A, 0x8A6A, 0x8A72, 0xAA72, 0x8A72, 0xAA7A, 0xAA6A, 0x485A, 0x2852, 0x296A, 0x10C3, 0x16FC, 0x93E3, 0x8D9A, 
  0xCD92, 0x6A7A, 0x696A, 0x4862, 0x286A, 0x6A7A, 0xAC92, 0x92D3, 0x16FC, 0xD5EB, 0x31C3, 0xCE9A, 0x8B7A, 0x085A, 0x286A, 0x4862, 
  0xAA7A, 0xEFBA, 0xF5F3, 0x57FC, 0xD5F3, 0xEFB2, 0x2B7A, 0xE969, 0x4B82, 0x30BB, 0xF5F3, 0x18FC, 0xD6FB, 0x51CB, 0x8C82, 0x297A, 
  0xCCA2, 0xAB7A, 0x896A, 0xAA72, 0x8B82, 0xB4E3, 0xD8FB, 0x92DB, 0x4B92, 0xF5F3, 0x96FB, 0x57FB, 0x97FB, 0x17FC, 0x0FAB, 0x0852, 
  0x484A, 0x895A, 0x4A72, 0xD5EB, 0xD6FB, 0xF6FB, 0xB4F3, 0x6B72, 0x2852, 0x4852, 0x6962, 0x696A, 0x8A6A, 0x8A6A, 0x8A6A, 0x695A, 
  0xAA6A, 0xCB82, 0xEB82, 0x6962, 0x8A6A, 0x485A, 0x4962, 0x6962, 0x6962, 0x8A72, 0x6962, 0x696A, 0xCB72, 0x8A72, 0x8A72, 0xCB82, 
  0x485A, 0x4852, 0x285A, 0x6962, 0x4962, 0xCB72, 0x6A6A, 0xAA72, 0x4962, 0x285A, 0x6962, 0x6962, 0x8A62, 0x4852, 0x4962, 0x8A72, 
  0x2852, 0x6962, 0xAA72, 0x486A, 0x696A, 0x496A, 0x8962, 0x8A6A, 0x6972, 0xAA72, 0x6862, 0xAB72, 0x696A, 0x485A, 0x4862, 0x896A, 
  0x6962, 0x495A, 0x4962, 0xB4EB, 0xB6FB, 0x3BFD, 0xF5CB, 0x8EA2, 0xF7FB, 0x17F3, 0x19FB, 0x19FB, 0xF8FA, 0x18FB, 0x19FB, 0xB7F2, 
  0x5DFE, 0xBCD5, 0xEF30, 0x1029, 0xF030, 0x1029, 0x1029, 0xF028, 0x1029, 0x1029, 0x1029, 0x1029, 0x1029, 0x1029, 0x1029, 0x1029, 
  0x1029, 0x1029, 0x1029, 0x1029, 0x1029, 0x1029, 0x1029, 0x1029, 0x1029, 0x1029, 0x1029, 0x1029, 0x1029, 0x1029, 0x1029, 0x1029, 
  0x1029, 0x1029, 0x1029, 0x1029, 0x1029, 0x1029, 0x1029, 0x1029, 0x1029, 0x1029, 0x1029, 0x1029, 0x1029, 0x1029, 0x1029, 0x1029, 
  0x1029, 0x1029, 0x1029, 0x1029, 0x1029, 0x1021, 0x3121, 0xEF20, 0x3031, 0x316A, 0x4C7A, 0x8D92, 0x72D3, 0x16F4, 0xF7FB, 0xD6FB, 
  0xD5FB, 0xD6FB, 0xB6FB, 0x96FB, 0xB6FB, 0xD6FB, 0xB5FB, 0xD5FB, 0xF6FB, 0xD5FB, 0xD6FB, 0xD6FB, 0xD5FB, 0x16FC, 0x31CB, 0x4862, 
  0x6862, 0x8A7A, 0x6972, 0x285A, 0x8A6A, 0x695A, 0x4862, 0xAA72, 0xAA72, 0x8972, 0xEB7A, 0xAA7A, 0x8972, 0xAA72, 0xA96A, 0x8A7A, 
  0xAA7A, 0xA972, 0xAA7A, 0xCB82, 0xAA7A, 0xCB7A, 0x2862, 0x6962, 0x4962, 0x6962, 0xCA72, 0xAA72, 0x696A, 0xAD92, 0x92DB, 0x30C3, 
  0xAC8A, 0x2972, 0x8B82, 0xAC9A, 0x51CB, 0xB5F3, 0xF6F3, 0x72CB, 0x8D9A, 0x6A6A, 0x2852, 0x2852, 0x4962, 0xCD9A, 0x50B3, 0x4A72, 
  0x11B3, 0x17FC, 0x16FC, 0x0FB3, 0x2A72, 0x6B82, 0x10C3, 0xB4EB, 0x37FC, 0x17FC, 0x93E3, 0xEFB2, 0x8B92, 0x6A7A, 0x6C82, 0x71C3, 
  0x92D3, 0x6A6A, 0x484A, 0x285A, 0x8B7A, 0xB5F3, 0x37FB, 0xF7FB, 0xAC9A, 0x10BB, 0xF7FB, 0x17F3, 0x18FB, 0x57FB, 0x37FC, 0xEFAA, 
  0xE859, 0x895A, 0x0742, 0xAE9A, 0x16FC, 0xD6FB, 0xF6FB, 0xB3DB, 0x096A, 0x8A6A, 0x4962, 0x4862, 0x285A, 0x4862, 0x4962, 0x285A, 
  0x6962, 0x8962, 0x4862, 0xAA72, 0xAA72, 0x485A, 0x6962, 0x896A, 0x4962, 0x2862, 0x6962, 0x8A6A, 0x285A, 0x8962, 0x2752, 0x695A, 
  0x495A, 0x4962, 0xAB72, 0x6962, 0x495A, 0x6852, 0x695A, 0x895A, 0x2862, 0xAB72, 0x485A, 0x695A, 0x695A, 0x696A, 0x8A6A, 0x8A6A, 
  0xAA7A, 0xAA72, 0x6962, 0x896A, 0xAA72, 0x895A, 0x895A, 0x485A, 0x8A72, 0xAA7A, 0x8A72, 0x6962, 0x495A, 0x485A, 0x8A6A, 0xCA72, 
  0x6962, 0x4952, 0x6A6A, 0x2FBB, 0xF5FB, 0x58F4, 0x9BF5, 0x2C92, 0x4FB3, 0x98FB, 0xD9FA, 0x19FB, 0xF9FA, 0xF9FA, 0x19FB, 0x98FA, 
  0x3BF5, 0x3FFF, 0xB161, 0xEF20, 0x1031, 0x1029, 0x1021, 0x1029, 0x1029, 0x1029, 0x1029, 0x1029, 0x1029, 0x1029, 0x1029, 0x1029, 
  0x1029, 0x1029, 0x1029, 0x1029, 0x1029, 0x1029, 0x1029, 0x1029, 0x1029, 0x1029, 0x1029, 0x1029, 0x1029, 0x1029, 0x1029, 0x1029, 
  0x1029, 0x1029, 0x1029, 0x1029, 0x1029, 0x1029, 0x1029, 0x1029, 0x1029, 0x1029, 0x1029, 0x1029, 0x1029, 0x1029, 0x1029, 0x1029, 
  0x1029, 0x1029, 0x1029, 0x1029, 0x0F29, 0x0F29, 0x1029, 0x1029, 0xEF28, 0xF028, 0x5031, 0x8C49, 0x4B6A, 0xAC9A, 0x52D3, 0x16FC, 
  0xF6FB, 0xB6FB, 0x96FB, 0xD5F3, 0xD6FB, 0xD6FB, 0xB5FB, 0xD6FB, 0xD6FB, 0xD6FB, 0xD6FB, 0xD6FB, 0xD5FB, 0xF6FB, 0x73E3, 0x4972, 
  0xCB8A, 0xEB8A, 0x8962, 0xAA72, 0x8A7A, 0x896A, 0x896A, 0x696A, 0xAA72, 0x8972, 0xAA7A, 0xCA82, 0xAA7A, 0x896A, 0xCA72, 0xCC92, 
  0xCC92, 0x8972, 0x8A7A, 0xEB8A, 0xEB7A, 0x896A, 0x485A, 0x4852, 0x4852, 0x6962, 0x4962, 0x8A62, 0x4852, 0x2852, 0x296A, 0x30BB, 
  0xD5F3, 0xF5F3, 0xD6FB, 0xD6F3, 0xB3D3, 0x0FBB, 0x6C8A, 0x085A, 0xA96A, 0x6872, 0x0972, 0xAEA2, 0xB1CB, 0x70C3, 0x2962, 0xCEA2, 
  0xF7FB, 0x16F4, 0x8C8A, 0x4B8A, 0x71C3, 0xF6FB, 0x17FC, 0xB4E3, 0xCFAA, 0x6C8A, 0x4B8A, 0xAD9A, 0x92D3, 0xF5FB, 0xB3EB, 0x0EAB, 
  0x0DA3, 0x2962, 0x495A, 0x485A, 0x2A72, 0xB5EB, 0x37FB, 0x97FB, 0xD4E3, 0x2B7A, 0xB5EB, 0x58FB, 0xD8FA, 0x18FB, 0x56F3, 0x17FC, 
  0xAEAA, 0x4852, 0x684A, 0x4962, 0x51CB, 0xF6FB, 0xD5F3, 0x16FC, 0x30BB, 0x0852, 0x4852, 0xAA6A, 0xAA72, 0x0B83, 0xAB7A, 0x4962, 
  0x285A, 0xAB82, 0x6FB3, 0x8B82, 0xCA62, 0xAA72, 0x8A72, 0x8962, 0x896A, 0x485A, 0x8A6A, 0xCC82, 0x285A, 0x8A72, 0xEC82, 0x485A, 
  0x485A, 0x4852, 0x6962, 0x696A, 0x495A, 0x495A, 0x6962, 0x4962, 0xAB7A, 0xAB72, 0x495A, 0x285A, 0x8A6A, 0x6962, 0xAA6A, 0x6962, 
  0x8A6A, 0x8A6A, 0x4962, 0x8A6A, 0x8A6A, 0x6A72, 0xAB7A, 0x896A, 0x685A, 0x695A, 0x2852, 0x695A, 0x485A, 0x4852, 0xCA72, 0xAA72, 
  0x6962, 0x695A, 0x285A, 0xE859, 0x92DB, 0xD6FB, 0xBCFD, 0x92B3, 0xC861, 0x74DB, 0x18FB, 0xD8FA, 0x19F3, 0xF9FA, 0xD8FA, 0xB8FA, 
  0x39EC, 0xDFFF, 0xF492, 0xCF20, 0x1029, 0x1029, 0x1021, 0x1021, 0x1029, 0x1029, 0x1029, 0x1029, 0x1029, 0x1029, 0x1029, 0x1029, 
  0x1029, 0x1029, 0x1029, 0x1029, 0x1029, 0x1029, 0x1029, 0x1029, 0x1029, 0x1029, 0x1029, 0x1029, 0x1029, 0x1029, 0x1029, 0x1029, 
  0x1029, 0x1029, 0x1029, 0x1029, 0x1029, 0x1029, 0x1029, 0x1029, 0x1029, 0x1029, 0x1029, 0x1029, 0x1029, 0x1029, 0x1029, 0x1029, 
  0x1029, 0x1029, 0x1029, 0x1029, 0x1029, 0x0F29, 0x0F29, 0x1029, 0x3029, 0x1029, 0x1121, 0xF020, 0x8F51, 0xAE82, 0x2A6A, 0x6B82, 
  0x92D3, 0xD6FB, 0xD7FB, 0xB5FB, 0xD6FB, 0xD6FB, 0xD6FB, 0xD6FB, 0xD6FB, 0xD6FB, 0xD6FB, 0xF5FB, 0xD6FB, 0xB6FB, 0x74FB, 0xEDAA, 
  0x0C8B, 0xCA72, 0x6962, 0x696A, 0x8A72, 0xAA7A, 0xCB7A, 0xAB7A, 0xAA72, 0x6962, 0x485A, 0x896A, 0xAA6A, 0x2862, 0x4862, 0xAA72, 
  0x896A, 0x6962, 0x696A, 0x8A72, 0x696A, 0x2862, 0x8962, 0x695A, 0x4952, 0x4962, 0x496A, 0x4A7A, 0x4972, 0x8A6A, 0x695A, 0x085A, 
  0x6A72, 0xCD92, 0xCD9A, 0x2A72, 0x085A, 0xA962, 0x485A, 0x296A, 0x0D9B, 0x51CB, 0xD5EB, 0xD4EB, 0x0FB3, 0x4962, 0x8C8A, 0xF5F3, 
  0xF4EB, 0x6B8A, 0x8D9A, 0xD5FB, 0x17FC, 0x52D3, 0x6C8A, 0x4B82, 0xADA2, 0x51CB, 0xF6F3, 0x38FC, 0xD6F3, 0xF0AA, 0x0962, 0x6862, 
  0xCB8A, 0x496A, 0x4A72, 0x895A, 0x496A, 0x94EB, 0x38FB, 0xF7FA, 0xF7FB, 0x0FBB, 0x8C92, 0xF7FB, 0x18FB, 0xF9FA, 0xF8FA, 0x57FB, 
  0xF6FB, 0xAC8A, 0x085A, 0x2852, 0x4A72, 0xF5EB, 0xD6FB, 0xF6FB, 0xF6FB, 0x6B82, 0x495A, 0x8A72, 0x896A, 0x696A, 0xAA72, 0xAA6A, 
  0x2852, 0x8A62, 0xCB82, 0x6A7A, 0x685A, 0x8A7A, 0xAA82, 0x696A, 0x696A, 0x495A, 0x6962, 0x4852, 0x8A6A, 0x8A7A, 0x6A72, 0x8962, 
  0x695A, 0x284A, 0x695A, 0x8A6A, 0x495A, 0x8962, 0x896A, 0x8A72, 0x496A, 0x4852, 0x695A, 0x896A, 0x8A72, 0xCA7A, 0x695A, 0x4852, 
  0x495A, 0x485A, 0x4962, 0x485A, 0x2852, 0x495A, 0x4962, 0x696A, 0x8A6A, 0x6962, 0x0752, 0x4962, 0x8A6A, 0x695A, 0x4862, 0x2862, 
  0x896A, 0x4852, 0x6A5A, 0x2852, 0xCD92, 0xB5FB, 0xB9F4, 0x1AED, 0x2A7A, 0xCD92, 0xB7FB, 0xD8FA, 0xF9FA, 0xF9FA, 0xF9FA, 0xF8FA, 
  0x58F3, 0x9FFF, 0x5BD5, 0xCF40, 0x0F21, 0x1029, 0xF028, 0x1029, 0x1029, 0x1029, 0x1029, 0x1029, 0x1029, 0x1029, 0x1029, 0x1029, 
  0x1029, 0x1029, 0x1029, 0x1029, 0x1029, 0x1029, 0x1029, 0x1029, 0x1029, 0x1029, 0x1029, 0x1029, 0x1029, 0x1029, 0x1029, 0x1029, 
  0x1029, 0x1029, 0x1029, 0x1029, 0x1029, 0x1029, 0x1029, 0x1029, 0x1029, 0x1029, 0x1029, 0x1029, 0x1029, 0x1029, 0x1029, 0x1029, 
  0x1029, 0x1029, 0x1029, 0x1029, 0x1029, 0x1029, 0x1029, 0x1029, 0xF028, 0x0F29, 0x1029, 0x1029, 0xEF28, 0x9141, 0x0E5A, 0xAD82, 
  0x8A8A, 0xEDA2, 0x52CB, 0xD5FB, 0xB6FB, 0xB6FB, 0xD6FB, 0xD6FB, 0xD6FB, 0xD6FB, 0xB6FB, 0xB5FB, 0xD6FB, 0xB6FB, 0xD6FB, 0x8C92, 
  0x285A, 0x896A, 0x8A6A, 0x8A72, 0x6962, 0x8962, 0x6962, 0x8A6A, 0x4962, 0x695A, 0x4852, 0x495A, 0xCA72, 0xAA72, 0x8A6A, 0x695A, 
  0x6852, 0xAA72, 0x8A72, 0x696A, 0x6962, 0x896A, 0x896A, 0x8A6A, 0x4962, 0xAD92, 0xB4D3, 0xD4DB, 0x31C3, 0x8B8A, 0xAA6A, 0x6962, 
  0x696A, 0x285A, 0x6A72, 0x4FBB, 0x4A72, 0x4A6A, 0xEFB2, 0xB4E3, 0x16F4, 0x93DB, 0xCFAA, 0x4A72, 0x4862, 0xAC92, 0xD5F3, 0x17FC, 
  0xAD92, 0x6D9A, 0xF7FB, 0xD6FB, 0xCEA2, 0x2A7A, 0x30BB, 0xD5EB, 0xF7FB, 0x17FC, 0xF4EB, 0x0FAB, 0x2962, 0x2852, 0x285A, 0x695A, 
  0x4862, 0x896A, 0x8962, 0x6962, 0x686A, 0x52D3, 0x79FB, 0x78F3, 0x57FB, 0x15FC, 0x6B8A, 0x0FAB, 0xF8FB, 0x18FB, 0xF9FA, 0xF8FA, 
  0x78FB, 0xB4EB, 0x6B8A, 0x8A6A, 0x6962, 0x2FB3, 0xF6FB, 0xD6FB, 0xF6FB, 0x93D3, 0x296A, 0x8A72, 0xAA72, 0x696A, 0x4962, 0x074A, 
  0x2852, 0x285A, 0x4862, 0x8962, 0x074A, 0x695A, 0x6962, 0xAA6A, 0xAA6A, 0x4962, 0x0852, 0x0852, 0x696A, 0x4D93, 0xCB7A, 0x4962, 
  0x495A, 0x295A, 0x2852, 0x485A, 0x695A, 0x6962, 0x285A, 0x896A, 0xAA6A, 0x4852, 0x4852, 0x6962, 0xCB7A, 0xEB82, 0x2862, 0x6952, 
  0x285A, 0x695A, 0xAA62, 0x895A, 0x6962, 0x695A, 0x495A, 0x2962, 0xAB7A, 0x696A, 0x896A, 0xCB7A, 0x8A72, 0x4962, 0x696A, 0x8A6A, 
  0x6962, 0x6962, 0x4A62, 0x695A, 0x2962, 0x52DB, 0xD7FB, 0x5CFD, 0x0FA3, 0x4862, 0x93CB, 0x58FB, 0xD8FA, 0x19FB, 0x19FB, 0xF8FA, 
  0xD8F2, 0xBEFE, 0x9EEE, 0x3051, 0x0F21, 0x1029, 0xF030, 0x1029, 0x1029, 0x1029, 0x1029, 0x1029, 0x1029, 0x1029, 0x1029, 0x1029, 
  0x1029, 0x1029, 0x1029, 0x1029, 0x1029, 0x1029, 0x1029, 0x1029, 0x1029, 0x1029, 0x1029, 0x1029, 0x1029, 0x1029, 0x1029, 0x1029, 
  0x1029, 0x1029, 0x1029, 0x1029, 0x1029, 0x1029, 0x1029, 0x1029, 0x1029, 0x1029, 0x1029, 0x1029, 0x1029, 0x1029, 0x1029, 0x1029, 
  0x1029, 0x1029, 0x1029, 0x1029, 0x1029, 0x1029, 0x1029, 0x1029, 0x1029, 0x1029, 0x1029, 0x1029, 0x1029, 0xF020, 0xEF28, 0xD161, 
  0xF092, 0xAB82, 0x286A, 0xEEAA, 0xD5F3, 0xD6FB, 0xB5FB, 0xD6FB, 0xD6FB, 0xB6FB, 0xD6FB, 0xF6FB, 0xD5FB, 0xB6FB, 0xF6FB, 0x10B3, 
  0xE851, 0xAA6A, 0xEB82, 0x486A, 0x896A, 0x695A, 0x696A, 0xAA72, 0x8A6A, 0x2852, 0x4852, 0x495A, 0x6962, 0x8962, 0xE749, 0x485A, 
  0x6962, 0x496A, 0xEB8A, 0xAA72, 0x685A, 0x696A, 0x6962, 0x485A, 0x6C92, 0xB8EC, 0x5FFF, 0x9FFF, 0x9EFE, 0xF4DB, 0x6A72, 0x685A, 
  0xA96A, 0x4A62, 0x93E3, 0x93DB, 0x2C82, 0xD5E3, 0xF6FB, 0x51CB, 0xCD92, 0x4972, 0x6A7A, 0x8B7A, 0xEEA2, 0xF5F3, 0xD5F3, 0x4B8A, 
  0xEDA2, 0xF6FB, 0xF7FB, 0x31C3, 0x0972, 0xB4E3, 0xF7FB, 0xB6FB, 0xF5FB, 0x31BB, 0x2A72, 0x064A, 0x274A, 0x4962, 0x6A7A, 0x8A7A, 
  0xCA72, 0xAA72, 0x8A6A, 0x6A72, 0x8872, 0x10BB, 0xF9FB, 0x1DF6, 0x17F3, 0xD7FB, 0x72CB, 0xC859, 0x30BB, 0xD8FB, 0xF8F2, 0xF9FA, 
  0xF8FA, 0xD7FB, 0x92DB, 0x2962, 0x4962, 0x8B7A, 0xD4EB, 0xD6FB, 0xB5FB, 0xF6FB, 0xAD92, 0x485A, 0x695A, 0x696A, 0x696A, 0x6962, 
  0x8A6A, 0x8A7A, 0xCB8A, 0x8962, 0x695A, 0x2852, 0x2852, 0x6962, 0x6962, 0x6962, 0x6962, 0x8962, 0x695A, 0x285A, 0x695A, 0x285A, 
  0x6962, 0x8A62, 0x485A, 0x695A, 0x495A, 0x6962, 0xAA6A, 0x6962, 0x495A, 0x495A, 0x8962, 0x8A7A, 0xCA7A, 0x696A, 0x8A6A, 0x6962, 
  0x485A, 0x485A, 0x8962, 0x695A, 0x6962, 0x695A, 0x4852, 0x2852, 0x6962, 0x8962, 0x896A, 0x685A, 0x4962, 0x295A, 0xAA6A, 0x6962, 
  0x285A, 0x295A, 0x6A6A, 0xAA72, 0x696A, 0x8C82, 0xB5F3, 0xDAFC, 0xF4D3, 0xE861, 0x6C8A, 0xF7F3, 0xF8FA, 0x19FB, 0xF8FA, 0xF9FA, 
  0xD8F2, 0x7BF5, 0xDFFF, 0x3693, 0xCE20, 0x1029, 0x1029, 0x1029, 0x1029, 0x1029, 0x1029, 0x1029, 0x1029, 0x1029, 0x1029, 0x1029, 
  0x1029, 0x1029, 0x1029, 0x1029, 0x1029, 0x1029, 0x1029, 0x1029, 0x1029, 0x1029, 0x1029, 0x1029, 0x1029, 0x1029, 0x1029, 0x1029, 
  0x1029, 0x1029, 0x1029, 0x1029, 0x1029, 0x1029, 0x1029, 0x1029, 0x1029, 0x1029, 0x1029, 0x1029, 0x1029, 0x1029, 0x1029, 0x1029, 
  0x1029, 0x1029, 0x1029, 0x1029, 0x1029, 0x1029, 0x1029, 0x1029, 0x1029, 0x1029, 0x1029, 0x1029, 0x1029, 0x1029, 0x1129, 0xCF20, 
  0x2F39, 0x717A, 0xAE82, 0x8A72, 0x6A82, 0x31C3, 0xF6FB, 0xB5FB, 0xB5FB, 0xD5FB, 0xD6FB, 0xD6FB, 0xD6FB, 0xD6FB, 0x16FC, 0x72CB, 
  0x4962, 0x8A6A, 0x4862, 0x8A72, 0xCB7A, 0xCA7A, 0xCA7A, 0xAA7A, 0x8A72, 0x495A, 0x2852, 0x4852, 0x8962, 0x8A62, 0x6962, 0x8A62, 
  0xAA6A, 0x896A, 0x696A, 0x896A, 0x6962, 0x496A, 0x485A, 0x2852, 0xF2C2, 0xFFFE, 0xBFF7, 0xDFF7, 0xFFFF, 0x7EFE, 0xCFA2, 0x0752, 
  0x685A, 0x6B7A, 0xD5F3, 0xF0C2, 0xD6EB, 0xB4DB, 0x6B8A, 0x8A82, 0x696A, 0x6A6A, 0x0EB3, 0xB3E3, 0xF6FB, 0x72DB, 0x4B8A, 0xAD9A, 
  0x15F4, 0xD6FB, 0xD5F3, 0x8D9A, 0xB3E3, 0xD6FB, 0xB6FB, 0x16FC, 0x2FBB, 0xE869, 0x4A72, 0xEFA2, 0x51C3, 0x70BB, 0xCD9A, 0xEC92, 
  0xEB82, 0xAA6A, 0x696A, 0xAA72, 0x6962, 0xCD9A, 0xB7F3, 0x1EFF, 0xDBF4, 0x17F3, 0x16FC, 0xAC82, 0x085A, 0x52CB, 0x98FB, 0xF8FA, 
  0xF9FA, 0x17FB, 0xF7FB, 0xCD9A, 0x6962, 0xAA7A, 0x31C3, 0xD6FB, 0xB6FB, 0xF6FB, 0x92DB, 0x296A, 0x495A, 0xAA72, 0x8A72, 0xCB7A, 
  0xAB7A, 0xCB7A, 0xAB7A, 0x6962, 0x696A, 0x6962, 0x695A, 0x495A, 0x495A, 0x695A, 0x485A, 0x485A, 0x6962, 0x485A, 0x895A, 0x485A, 
  0x6962, 0x6962, 0x2852, 0x695A, 0x2852, 0x495A, 0x6962, 0x696A, 0xAA72, 0x8A72, 0x896A, 0x8972, 0x6962, 0x4852, 0x2852, 0xAA6A, 
  0x8962, 0x6962, 0x6962, 0x695A, 0x695A, 0x495A, 0xAA72, 0x8A62, 0x695A, 0x8A62, 0x4962, 0x8A6A, 0x485A, 0x6962, 0x6962, 0xAB7A, 
  0xAC8A, 0x4962, 0xCC8A, 0x896A, 0x896A, 0x0852, 0xEFAA, 0xB6F3, 0x39F4, 0x8D92, 0x4862, 0x73DB, 0x97FB, 0xF8FA, 0xF9FA, 0x18FB, 
  0xD9FA, 0x3AF4, 0xFFFF, 0x79CC, 0xCF30, 0x1029, 0x1029, 0x1029, 0x1029, 0x1029, 0x1029, 0x1029, 0x1029, 0x1029, 0x1029, 0x1029, 
  0x1029, 0x1029, 0x1029, 0x1029, 0x1029, 0x1029, 0x1029, 0x1029, 0x1029, 0x1029, 0x1029, 0x1029, 0x1029, 0x1029, 0x1029, 0x1029, 
  0x1029, 0x1029, 0x1029, 0x1029, 0x1029, 0x1029, 0x1029, 0x1029, 0x1029, 0x1029, 0x1029, 0x1029, 0x1029, 0x1029, 0x1029, 0x1029, 
  0x1029, 0x1029, 0x1029, 0x1029, 0x1029, 0x1029, 0x1029, 0x1029, 0x1029, 0x1029, 0x1029, 0x1029, 0x1029, 0x1029, 0xF028, 0x1029, 
  0x0F21, 0xF020, 0x9041, 0x2F6A, 0x0E93, 0x6A72, 0xEEA2, 0xF5F3, 0xF6FB, 0xF5F3, 0xD6FB, 0xD6FB, 0xD6FB, 0xD6FB, 0xF6FB, 0x72DB, 
  0x6A72, 0x8962, 0x8A6A, 0x896A, 0x696A, 0x8A7A, 0xAA72, 0x696A, 0xAA72, 0x8A6A, 0x2852, 0x4852, 0x495A, 0x6962, 0x8A6A, 0x6962, 
  0x896A, 0x6962, 0x4962, 0x8A62, 0x4852, 0x8A6A, 0x8A62, 0xC859, 0x36DC, 0xDEFE, 0x5BED, 0xDAEC, 0x9FFF, 0xBFFF, 0xF5DB, 0x6B7A, 
  0x8A72, 0xADA2, 0xF5F3, 0x33EB, 0x93EB, 0x496A, 0x486A, 0xEDA2, 0xCEAA, 0xB4E3, 0xF6F3, 0x51CB, 0xAC9A, 0x8B92, 0x4FBB, 0x16FC, 
  0xD6FB, 0xB5F3, 0xAFB2, 0x51CB, 0x16FC, 0x96FB, 0xF7FB, 0x31CB, 0x4B82, 0x71BB, 0xD3DB, 0x50BB, 0xCD92, 0x6A72, 0x6A6A, 0x6A6A, 
  0x8A72, 0x0852, 0x4852, 0x284A, 0x284A, 0x6A7A, 0x76EB, 0x7DFE, 0xDEFE, 0x17EB, 0xD7FB, 0x51CB, 0x6862, 0x4A72, 0x94DB, 0x58FB, 
  0xF9FA, 0xD9FA, 0x97FB, 0xD5EB, 0x8B82, 0x696A, 0xAD9A, 0x16FC, 0xD6FB, 0xD5FB, 0x16FC, 0xAD8A, 0x285A, 0x896A, 0x696A, 0x8A7A, 
  0x697A, 0x696A, 0x6962, 0x495A, 0x495A, 0x695A, 0x284A, 0x2852, 0x2852, 0x084A, 0x895A, 0x495A, 0x8A62, 0x485A, 0x2852, 0x8962, 
  0xCB6A, 0x485A, 0x285A, 0x495A, 0x8962, 0x6962, 0x6962, 0x8A72, 0x6972, 0x896A, 0xAA72, 0x6972, 0xAA6A, 0x485A, 0x695A, 0x6962, 
  0x695A, 0x495A, 0x495A, 0x495A, 0x4852, 0x8A7A, 0xCB8A, 0x696A, 0x485A, 0x8A72, 0x8B72, 0xAB72, 0x8962, 0x686A, 0x8A72, 0x8B7A, 
  0xB2CB, 0x4A6A, 0x496A, 0x696A, 0x8962, 0x495A, 0x095A, 0x6C9A, 0x78FB, 0x13C3, 0x4762, 0xEDA2, 0xD6FB, 0x77FB, 0x18FB, 0xF8FA, 
  0xD9FA, 0x38F3, 0x7FFF, 0xFCF5, 0x5149, 0xF020, 0x0F31, 0x0F29, 0x1029, 0x1029, 0x1029, 0x1029, 0x1029, 0x1029, 0x1029, 0x1029, 
  0x1029, 0x1029, 0x1029, 0x1029, 0x1029, 0x1029, 0x1029, 0x1029, 0x1029, 0x1029, 0x1029, 0x1029, 0x1029, 0x1029, 0x1029, 0x1029, 
  0x1029, 0x1029, 0x1029, 0x1029, 0x1029, 0x1029, 0x1029, 0x1029, 0x1029, 0x1029, 0x1029, 0x1029, 0x1029, 0x1029, 0x1029, 0x1029, 
  0x1029, 0x1029, 0x1029, 0x1029, 0x1029, 0x1029, 0x1029, 0x1029, 0x1029, 0x1029, 0x1029, 0x1029, 0x1029, 0x1029, 0x0F29, 0x1029, 
  0x1029, 0x3021, 0x0F21, 0x0F29, 0x1172, 0x4E72, 0x2A5A, 0x6B7A, 0x52D3, 0xF7FB, 0xD6FB, 0xD5FB, 0xD5FB, 0xB5FB, 0xD6FB, 0x72DB, 
  0x496A, 0x485A, 0x695A, 0x6962, 0xAA72, 0xAA7A, 0x485A, 0x2852, 0x8962, 0x6962, 0x4962, 0x895A, 0x495A, 0x8A6A, 0x4962, 0x4962, 
  0x4962, 0x695A, 0x4962, 0x695A, 0x695A, 0x8A6A, 0x6962, 0x4A7A, 0x37E4, 0xBDF6, 0x1BED, 0x58EB, 0x7FFF, 0xDFFF, 0x15EC, 0xAC92, 
  0x696A, 0xCDA2, 0xF6FB, 0xD6FB, 0x10C3, 0xE859, 0x0FB3, 0xD4EB, 0xD3E3, 0x0FB3, 0x6B82, 0x2A7A, 0xEEAA, 0xB4EB, 0xD7FB, 0x15FC, 
  0x53DB, 0xD0B2, 0x8EAA, 0xF6FB, 0xD5FB, 0xD6FB, 0x74EB, 0xF0C2, 0xD4E3, 0xEFAA, 0x096A, 0x485A, 0x6962, 0x4962, 0x2852, 0x495A, 
  0x4962, 0x2852, 0x4852, 0x2952, 0x2952, 0x6A6A, 0x34DB, 0x7BFD, 0xFFFF, 0xB8F3, 0x76FB, 0xB5F3, 0x4A72, 0x2852, 0x8C82, 0xD6FB, 
  0xF8FA, 0xF9FA, 0xF8FA, 0xB7FB, 0x72D3, 0x0862, 0x4962, 0xD4EB, 0xD6FB, 0xB5FB, 0xF6FB, 0x72CB, 0xE859, 0x4852, 0x896A, 0xAA7A, 
  0x485A, 0x695A, 0x4852, 0x4852, 0x895A, 0x4852, 0x495A, 0x6962, 0x495A, 0x695A, 0x695A, 0x485A, 0x6962, 0x695A, 0x2852, 0x485A, 
  0x6962, 0x6962, 0x8A62, 0x8A6A, 0xAA6A, 0xAA6A, 0x696A, 0xCB7A, 0x6972, 0xAA72, 0x6862, 0x6972, 0x6962, 0x495A, 0x4962, 0x285A, 
  0x284A, 0x285A, 0x6962, 0x6962, 0x8962, 0x8962, 0x496A, 0x4852, 0x6952, 0x2852, 0x2852, 0x2852, 0x696A, 0xEB82, 0xAA7A, 0x4962, 
  0xB2DB, 0x92D3, 0x496A, 0xAA72, 0x8A62, 0x4852, 0x695A, 0x696A, 0xF2C2, 0x78FB, 0xAC92, 0x0752, 0x52CB, 0xF7FB, 0x77FB, 0x18FB, 
  0xF9FA, 0xD7F2, 0x1DF6, 0x3FFF, 0x737A, 0xCF20, 0x1029, 0x1029, 0xF028, 0x1029, 0x1029, 0x1029, 0x1029, 0x1029, 0x1029, 0x1029, 
  0x1029, 0x1029, 0x1029, 0x1029, 0x1029, 0x1029, 0x1029, 0x1029, 0x1029, 0x1029, 0x1029, 0x1029, 0x1029, 0x1029, 0x1029, 0x1029, 
  0x1029, 0x1029, 0x1029, 0x1029, 0x1029, 0x1029, 0x1029, 0x1029, 0x1029, 0x1029, 0x1029, 0x1029, 0x1029, 0x1029, 0x1029, 0x1029, 
  0x1029, 0x1029, 0x1029, 0x1029, 0x1029, 0x1029, 0x1029, 0x1029, 0x1029, 0x1029, 0x1029, 0x1029, 0x1029, 0x1029, 0x1029, 0xF030, 
  0xEF30, 0xF030, 0x1029, 0x1029, 0xCF20, 0xF028, 0x6F41, 0xEB51, 0x095A, 0xCE9A, 0xB3D3, 0xF6FB, 0xD6FB, 0xB6FB, 0xF6FB, 0x72CB, 
  0x296A, 0x6962, 0x6962, 0x285A, 0x8A6A, 0x896A, 0xCA72, 0x695A, 0x695A, 0x696A, 0x6A6A, 0x6962, 0x696A, 0x8972, 0xAA72, 0xAA72, 
  0x896A, 0x695A, 0x6962, 0x4962, 0x485A, 0x485A, 0x8962, 0x2972, 0xF6DB, 0x5FFF, 0x9DF6, 0x9AED, 0xFFFF, 0x5FFF, 0x72C3, 0x4962, 
  0x6962, 0x30C3, 0x16FC, 0xF6FB, 0x32D3, 0xF1CA, 0xD5F3, 0xAFB2, 0x6D9A, 0xCEAA, 0x51D3, 0xD4F3, 0x16FC, 0xF6FB, 0xF6FB, 0x32D3, 
  0x30BB, 0x8D92, 0xB4EB, 0xD6FB, 0xB6FB, 0xF6FB, 0xD5EB, 0x51BB, 0x8B82, 0x8B8A, 0x0FB3, 0xAC8A, 0x896A, 0xAA72, 0x4962, 0x695A, 
  0x2852, 0x8A6A, 0x8A6A, 0x4962, 0x6962, 0x284A, 0xF0BA, 0x99F4, 0xFFFF, 0xDAF4, 0x36FB, 0x17FC, 0x8D9A, 0x485A, 0x295A, 0x51BB, 
  0x98FB, 0xF8FA, 0xD8FA, 0x17FB, 0xF7FB, 0x0FAB, 0xE751, 0x50C3, 0x16FC, 0xD5FB, 0xD6FB, 0x16F4, 0x6C82, 0x4852, 0x696A, 0x6A6A, 
  0xAA6A, 0x6962, 0x695A, 0x495A, 0x484A, 0x485A, 0x8A7A, 0x486A, 0x495A, 0x2952, 0x495A, 0x285A, 0x8A6A, 0x495A, 0x074A, 0x2852, 
  0x6962, 0x495A, 0x695A, 0x485A, 0x075A, 0x496A, 0x696A, 0x8962, 0x696A, 0x896A, 0x696A, 0xCB82, 0xEB7A, 0x6962, 0x6962, 0x8A62, 
  0x295A, 0x2FAB, 0x6A72, 0x6962, 0x6962, 0x896A, 0x4852, 0x2952, 0x2852, 0x8A6A, 0x896A, 0x696A, 0xAA82, 0xCA7A, 0x896A, 0x8A72, 
  0x11C3, 0x17FC, 0xADA2, 0x695A, 0x2962, 0x695A, 0xEA7A, 0x696A, 0x6A6A, 0x35EB, 0x56EB, 0x2B72, 0x8A7A, 0x16FC, 0xB6FB, 0x97F3, 
  0x17FB, 0xB8FA, 0x7AF4, 0xDFFF, 0x76B3, 0xCF28, 0x1029, 0x1029, 0xF028, 0x1029, 0x1029, 0x1029, 0x1029, 0x1029, 0x1029, 0x1029, 
  0x1029, 0x1029, 0x1029, 0x1029, 0x1029, 0x1029, 0x1029, 0x1029, 0x1029, 0x1029, 0x1029, 0x1029, 0x1029, 0x1029, 0x1029, 0x1029, 
  0x1029, 0x1029, 0x1029, 0x1029, 0x1029, 0x1029, 0x1029, 0x1029, 0x1029, 0x1029, 0x1029, 0x1029, 0x1029, 0x1029, 0x1029, 0x1029, 
  0x1029, 0x1029, 0x1029, 0x1029, 0x1029, 0x1029, 0x1029, 0x1029, 0x1029, 0x1029, 0x1029, 0x1029, 0x1029, 0x1029, 0x1029, 0x1029, 
  0x0F29, 0x1029, 0x1029, 0x1029, 0x3029, 0x1029, 0xF028, 0x1031, 0x8E41, 0x2C5A, 0x4A72, 0xCD9A, 0x52D3, 0xD5EB, 0xF7FB, 0x95F3, 
  0xCC8A, 0xAA72, 0xAA72, 0x6962, 0x896A, 0xCA72, 0x696A, 0x896A, 0x695A, 0x6962, 0x696A, 0x4962, 0xAA7A, 0xAA7A, 0xAA72, 0xCA72, 
  0x285A, 0x4962, 0xAA6A, 0x896A, 0x8A72, 0x696A, 0x8962, 0x485A, 0xF1BA, 0xDEFE, 0xFFFF, 0xFFFF, 0xFFFF, 0xBBFD, 0x8D92, 0x685A, 
  0x6A82, 0x73DB, 0xF6FB, 0xB5FB, 0xD5FB, 0xF6FB, 0x73E3, 0x73DB, 0xD5FB, 0xF6FB, 0xD6FB, 0xF6FB, 0xB6FB, 0xB5F3, 0x10C3, 0x51C3, 
  0x8D9A, 0x52D3, 0xF6FB, 0xD7FB, 0xF6FB, 0x92D3, 0x4B9A, 0x4C92, 0x92D3, 0xB3D3, 0xCDA2, 0x8A7A, 0x8862, 0x8972, 0xCA72, 0x6962, 
  0x8962, 0x896A, 0x8962, 0x8A6A, 0xA96A, 0x074A, 0xAD9A, 0xD7FB, 0x5EFF, 0xFDF5, 0xF6F2, 0x17FC, 0x11C3, 0x485A, 0x8A62, 0x6B7A, 
  0xD6F3, 0x18FB, 0xF9FA, 0xF8FA, 0x58FB, 0xD6FB, 0x6B8A, 0x4A72, 0x16F4, 0xD6FB, 0xB6FB, 0xF6FB, 0x92CB, 0x2962, 0x6A6A, 0x696A, 
  0x696A, 0xAA6A, 0x4962, 0x6962, 0x2852, 0x696A, 0x0C8B, 0x8A72, 0xAB72, 0x495A, 0x2852, 0x495A, 0xCB72, 0x4962, 0x695A, 0x8962, 
  0x285A, 0x495A, 0x8962, 0xAA6A, 0x8A72, 0xAA72, 0xAA6A, 0x2852, 0x6962, 0xAA6A, 0x285A, 0xAA72, 0x496A, 0x696A, 0x896A, 0x695A, 
  0x4A6A, 0xB3E3, 0x6B82, 0x485A, 0x696A, 0x6962, 0x4952, 0x6A5A, 0x295A, 0xCA7A, 0xA972, 0xAA6A, 0xCB7A, 0x6962, 0x2852, 0x4962, 
  0x10B3, 0x17FC, 0xB3EB, 0x2A6A, 0x6A72, 0xAA7A, 0xAA7A, 0xAA72, 0x0752, 0x6C82, 0x79FB, 0x55E3, 0x6B8A, 0x10B3, 0xD7FB, 0xD5FB, 
  0x57FB, 0xF9FA, 0x58EB, 0x3FFF, 0xDAE4, 0x1041, 0x1021, 0x1029, 0x1029, 0x1029, 0x1029, 0x1029, 0x1029, 0x1029, 0x1029, 0x1029, 
  0x1029, 0x1029, 0x1029, 0x1029, 0x1029, 0x1029, 0x1029, 0x1029, 0x1029, 0x1029, 0x1029, 0x1029, 0x1029, 0x1029, 0x1029, 0x1029, 
  0x1029, 0x1029, 0x1029, 0x1029, 0x1029, 0x1029, 0x1029, 0x1029, 0x1029, 0x1029, 0x1029, 0x1029, 0x1029, 0x1029, 0x1029, 0x1029, 
  0x1029, 0x1029, 0x1029, 0x1029, 0x1029, 0x1029, 0x1029, 0x1029, 0x1029, 0x1029, 0x1029, 0x1029, 0x1029, 0x1029, 0x1029, 0x1029, 
  0x1029, 0x1029, 0x1029, 0x1029, 0x1029, 0x1029, 0x1029, 0x1029, 0xCF28, 0x7041, 0x7072, 0x4C72, 0x0862, 0x496A, 0xCD9A, 0xEFB2, 
  0xAB82, 0x4862, 0x8A6A, 0x8A6A, 0x495A, 0x685A, 0x485A, 0x896A, 0x896A, 0x495A, 0x285A, 0x6962, 0x496A, 0xAA6A, 0x6962, 0x896A, 
  0x8A72, 0x695A, 0x485A, 0x896A, 0x896A, 0x4862, 0x8A6A, 0x695A, 0x2B7A, 0x16E4, 0x9EFE, 0x3FFF, 0xBBFD, 0xD0B2, 0x4962, 0xA96A, 
  0x6B82, 0xB5EB, 0x97FB, 0xD5FB, 0xD6FB, 0xD6FB, 0xF6FB, 0xF6FB, 0xD6FB, 0xB6FB, 0xB6FB, 0xD6FB, 0xD6FB, 0x94EB, 0xB3DB, 0xCEAA, 
  0xF0BA, 0x37FC, 0xF6FB, 0x72D3, 0x6C8A, 0x4B8A, 0x93D3, 0xF5EB, 0x0FB3, 0x496A, 0xAA6A, 0xAA7A, 0x896A, 0x6962, 0x696A, 0xCA7A, 
  0xAA72, 0x6962, 0x285A, 0x6962, 0x4852, 0x6962, 0xAC8A, 0x75F3, 0x5CF6, 0xDEFE, 0xF7F2, 0xF6FB, 0xB3DB, 0x085A, 0x695A, 0x496A, 
  0x52D3, 0x59FB, 0xD8FA, 0xF8FA, 0xF8FA, 0x78FB, 0xD3E3, 0xC861, 0x52BB, 0xF6FB, 0xB6FB, 0xB6FB, 0xF6FB, 0xCD9A, 0x696A, 0xEB82, 
  0x2C8B, 0x696A, 0x485A, 0x485A, 0x8962, 0x8962, 0x6962, 0x496A, 0x6972, 0x6962, 0x695A, 0x484A, 0x6962, 0x8962, 0x695A, 0x485A, 
  0x6962, 0xCA72, 0x6962, 0x8A6A, 0x6A6A, 0x4962, 0xAA6A, 0x8A6A, 0x285A, 0x6962, 0x485A, 0x4862, 0x896A, 0xCB82, 0xCA82, 0x8A6A, 
  0x2962, 0xB3DB, 0xEFAA, 0x4862, 0x695A, 0x4852, 0x4962, 0x495A, 0x8A6A, 0xEB82, 0x6862, 0x496A, 0x696A, 0x485A, 0x896A, 0x6972, 
  0x30BB, 0x16FC, 0x15FC, 0x10B3, 0x4962, 0xCA72, 0x485A, 0x4852, 0x485A, 0x4852, 0xAE92, 0x57F3, 0x97FB, 0x4C8A, 0xEFB2, 0x16FC, 
  0xB6FB, 0x58FB, 0xB7F2, 0xBCF5, 0xFCF5, 0x748A, 0xEF20, 0x1029, 0x1029, 0x1029, 0x1029, 0x1029, 0x1029, 0x1029, 0x1029, 0x1029, 
  0x1029, 0x1029, 0x1029, 0x1029, 0x1029, 0x1029, 0x1029, 0x1029, 0x1029, 0x1029, 0x1029, 0x1029, 0x1029, 0x1029, 0x1029, 0x1029, 
  0x1029, 0x1029, 0x1029, 0x1029, 0x1029, 0x1029, 0x1029, 0x1029, 0x1029, 0x1029, 0x1029, 0x1029, 0x1029, 0x1029, 0x1029, 0x1029, 
  0x1029, 0x1029, 0x1029, 0x1029, 0x1029, 0x1029, 0x1029, 0x1029, 0x1029, 0x1029, 0x1029, 0x1029, 0x1029, 0x1029, 0x1029, 0x1029, 
  0x1029, 0x1029, 0x1029, 0x1029, 0x1029, 0x1029, 0x1029, 0x1029, 0x1029, 0xEF28, 0xF028, 0x9049, 0x917A, 0xCD82, 0x285A, 0x6862, 
  0xAA72, 0x896A, 0x685A, 0x695A, 0x4A62, 0x6A6A, 0x6962, 0x696A, 0x8A6A, 0x8962, 0x6962, 0x8A72, 0xCB7A, 0x6962, 0x4852, 0x896A, 
  0xAB7A, 0x8962, 0x8A6A, 0xCA6A, 0x6962, 0x4862, 0x895A, 0x484A, 0x695A, 0x6C8A, 0x11BB, 0x72BB, 0x8D9A, 0x4962, 0x685A, 0x285A, 
  0xCD92, 0x77FB, 0x37FB, 0xF6FB, 0xD6FB, 0xD6FB, 0xD6FB, 0xD6FB, 0xD6FB, 0xD6FB, 0xD6FB, 0xB6FB, 0xD6FB, 0x17FC, 0x33DB, 0xAFB2, 
  0x37FC, 0xD5F3, 0xCEAA, 0x4B8A, 0x51C3, 0xF6F3, 0x31C3, 0x6A72, 0x485A, 0xAA72, 0x8972, 0x4862, 0x8962, 0x496A, 0x6962, 0xCA7A, 
  0xAA72, 0x6962, 0x696A, 0x8A62, 0x6952, 0x8962, 0x4A72, 0x54E3, 0x1AF5, 0x3FFF, 0x37F3, 0x97FB, 0xF6F3, 0x6B82, 0x285A, 0x6962, 
  0x0EA3, 0xB7FB, 0xD8FA, 0x38FB, 0x37FB, 0x17F3, 0xD7FB, 0x11BB, 0x4B82, 0x15FC, 0xB6FB, 0xD6FB, 0xF6FB, 0x92DB, 0x296A, 0x6962, 
  0x697A, 0x4962, 0x8962, 0x8962, 0x4962, 0x4962, 0xAA72, 0xAA82, 0xAA72, 0x896A, 0x696A, 0x485A, 0x695A, 0x284A, 0x0842, 0x084A, 
  0x8A62, 0x8A6A, 0x4962, 0x695A, 0x2852, 0x6962, 0x8A72, 0x4962, 0x485A, 0xAA72, 0xAA6A, 0xAA72, 0x896A, 0x8972, 0x896A, 0x8A62, 
  0x2962, 0x93D3, 0x93D3, 0x2862, 0x4852, 0x495A, 0x0752, 0x6B72, 0x6B72, 0x696A, 0x485A, 0xCB7A, 0x4962, 0x285A, 0xEB7A, 0x6972, 
  0x30C3, 0xF6FB, 0xF5FB, 0xF5F3, 0x8B7A, 0x6852, 0x085A, 0x695A, 0x495A, 0x2852, 0x084A, 0x2B7A, 0x34E3, 0x97F3, 0x6E9A, 0x32CB, 
  0xF6FB, 0xB6FB, 0xD7FA, 0xF9F3, 0x9CF5, 0x99CB, 0x3031, 0x1029, 0x1029, 0x1029, 0x1029, 0x1029, 0x1029, 0x1029, 0x1029, 0x1029, 
  0x1029, 0x1029, 0x1029, 0x1029, 0x1029, 0x1029, 0x1029, 0x1029, 0x1029, 0x1029, 0x1029, 0x1029, 0x1029, 0x1029, 0x1029, 0x1029, 
  0x1029, 0x1029, 0x1029, 0x1029, 0x1029, 0x1029, 0x1029, 0x1029, 0x1029, 0x1029, 0x1029, 0x1029, 0x1029, 0x1029, 0x1029, 0x1029, 
  0x1029, 0x1029, 0x1029, 0x1029, 0x1029, 0x1029, 0x1029, 0x1029, 0x1029, 0x1029, 0x1029, 0x1029, 0x1029, 0x1029, 0x1029, 0x1029, 
  0x1029, 0x1029, 0x1029, 0x1029, 0x1029, 0x1029, 0x1029, 0x1029, 0x1029, 0x1029, 0x1029, 0xEF20, 0x1029, 0xB151, 0x0F72, 0x6C72, 
  0x896A, 0x6962, 0x485A, 0x685A, 0x685A, 0x4962, 0x8A72, 0x4962, 0x4862, 0x696A, 0x8972, 0x8A7A, 0x896A, 0x6962, 0x896A, 0x6962, 
  0x285A, 0x8A6A, 0x6962, 0x485A, 0x4862, 0xEB82, 0xAA72, 0x2862, 0x696A, 0x8A6A, 0x4962, 0x496A, 0x2752, 0x6962, 0x6962, 0x495A, 
  0x2FB3, 0x39FB, 0xF8FA, 0xD6FB, 0xD6FB, 0xD6FB, 0xD6FB, 0xD6FB, 0xD6FB, 0xD6FB, 0xD6FB, 0xB6FB, 0xB6FB, 0xD6FB, 0x74EB, 0xD5F3, 
  0xB3EB, 0x6C9A, 0xEFBA, 0x16F4, 0xD4EB, 0xAD92, 0x085A, 0x896A, 0x895A, 0x696A, 0x6972, 0x896A, 0x695A, 0x6A6A, 0x6962, 0xAA72, 
  0xCB7A, 0x896A, 0x8A6A, 0x6A62, 0x495A, 0x685A, 0x696A, 0x72D3, 0x19FC, 0x1EFF, 0xB8F3, 0x57FB, 0x16FC, 0x0FB3, 0x485A, 0x695A, 
  0xCB8A, 0xD5F3, 0x18FB, 0x37FB, 0x77FB, 0x17FB, 0x17FB, 0xF7FB, 0x8DA2, 0x51CB, 0xF6FB, 0xB6FB, 0xD6FB, 0xF6FB, 0x0EA3, 0xA96A, 
  0x8972, 0x896A, 0xAA6A, 0x6962, 0x485A, 0x495A, 0xAA6A, 0xAA7A, 0x8962, 0x6962, 0x8A6A, 0x6962, 0x284A, 0x084A, 0x284A, 0x084A, 
  0x084A, 0x285A, 0xAA62, 0x695A, 0x2852, 0x6962, 0x4962, 0x6962, 0x8962, 0x4852, 0x695A, 0x485A, 0x896A, 0xCA72, 0x286A, 0x8A62, 
  0x0852, 0x72D3, 0xF5F3, 0x6A72, 0x695A, 0x8A62, 0x284A, 0x0E9B, 0xCD92, 0xE749, 0x695A, 0x8A6A, 0x696A, 0x485A, 0x6962, 0x496A, 
  0x51CB, 0xD7FB, 0x76F3, 0xF7FB, 0x50BB, 0xE749, 0x495A, 0x8A62, 0x6952, 0x2852, 0x695A, 0x8962, 0xAC92, 0x14E3, 0x99FB, 0xD1C2, 
  0x73E3, 0xF6FB, 0x76FB, 0xF8FA, 0x99FB, 0x98DB, 0x7041, 0xEF28, 0x1029, 0x1029, 0x1029, 0x1029, 0x1029, 0x1029, 0x1029, 0x1029, 
  0x1029, 0x1029, 0x1029, 0x1029, 0x1029, 0x1029, 0x1029, 0x1029, 0x1029, 0x1029, 0x1029, 0x1029, 0x1029, 0x1029, 0x1029, 0x1029, 
  0x1029, 0x1029, 0x1029, 0x1029, 0x1029, 0x1029, 0x1029, 0x1029, 0x1029, 0x1029, 0x1029, 0x1029, 0x1029, 0x1029, 0x1029, 0x1029, 
  0x1029, 0x1029, 0x1029, 0x1029, 0x1029, 0x1029, 0x1029, 0x1029, 0x1029, 0x1029, 0x1029, 0x1029, 0x1029, 0x1029, 0x1029, 0x1029, 
  0x1029, 0x1029, 0x1029, 0x1029, 0x1029, 0x1029, 0x1029, 0x1029, 0x1029, 0x1029, 0x1029, 0x1029, 0x1029, 0xEF20, 0x2F29, 0x4F39, 
  0xCE59, 0xCD72, 0x896A, 0x485A, 0x6962, 0x8962, 0xAA6A, 0x6A6A, 0x8A6A, 0x6962, 0xCA72, 0xAA7A, 0xAA72, 0xAA72, 0x8A72, 0xAA72, 
  0xCB7A, 0x4962, 0x6962, 0xAA72, 0x6962, 0x6962, 0xCB7A, 0x495A, 0x696A, 0x6A6A, 0x4952, 0x2952, 0x2952, 0x696A, 0xAA6A, 0x2962, 
  0x52D3, 0xB9FB, 0x58F3, 0x96FB, 0xD6FB, 0xD6FB, 0xD6FB, 0xD6FB, 0xD6FB, 0xD6FB, 0xD6FB, 0xD6FB, 0xD6FB, 0xD6FB, 0xF6FB, 0xB5F3, 
  0x8DA2, 0x51D3, 0xF6EB, 0xCF9A, 0x296A, 0x485A, 0xAA72, 0x6962, 0x6962, 0x485A, 0x4852, 0x6A62, 0xAB72, 0x495A, 0x6962, 0x6962, 
  0x8A6A, 0xAA72, 0xAA6A, 0x495A, 0x495A, 0x685A, 0x896A, 0x51CB, 0xB8FB, 0x5DFE, 0x1AF4, 0x57FB, 0x16FC, 0x52CB, 0x0862, 0x6962, 
  0x486A, 0x72D3, 0x79FB, 0x17FB, 0xB7FB, 0x57FB, 0xF8FA, 0x77FB, 0x94EB, 0xAFAA, 0xD6FB, 0xB6FB, 0xB6FB, 0xD6FB, 0xB4EB, 0x6A7A, 
  0xAA6A, 0x8A6A, 0x485A, 0x495A, 0x4962, 0x6962, 0x4962, 0x285A, 0x4852, 0x8A62, 0x4962, 0x084A, 0x284A, 0x495A, 0x294A, 0x4952, 
  0x4952, 0x2852, 0x495A, 0x8A6A, 0xAB72, 0x285A, 0x284A, 0x8A62, 0x4962, 0x4962, 0xAA6A, 0x696A, 0xAA72, 0xEB7A, 0x696A, 0x8A6A, 
  0x085A, 0x30BB, 0x17FC, 0xAC8A, 0x2852, 0x6962, 0x284A, 0xEFAA, 0x51C3, 0xE749, 0x695A, 0x4852, 0x896A, 0x695A, 0x895A, 0x2962, 
  0x92D3, 0x97FB, 0x16FB, 0xB7FB, 0xD4EB, 0x2A6A, 0x6952, 0x6862, 0xAB8A, 0xAB82, 0x6962, 0x896A, 0x696A, 0x4A6A, 0x33C3, 0x78FB, 
  0xB6F3, 0xF6FB, 0xD6FB, 0x38FB, 0xB7FA, 0x78F3, 0xD261, 0xEF18, 0x1029, 0x1029, 0x1029, 0x1029, 0x1029, 0x1029, 0x1029, 0x1029, 
  0x1029, 0x1029, 0x1029, 0x1029, 0x1029, 0x1029, 0x1029, 0x1029, 0x1029, 0x1029, 0x1029, 0x1029, 0x1029, 0x1029, 0x1029, 0x1029, 
  0x1029, 0x1029, 0x1029, 0x1029, 0x1029, 0x1029, 0x1029, 0x1029, 0x1029, 0x1029, 0x1029, 0x1029, 0x1029, 0x1029, 0x1029, 0x1029, 
  0x1029, 0x1029, 0x1029, 0x1029, 0x1029, 0x1029, 0x1029, 0x1029, 0x1029, 0x1029, 0x1029, 0x1029, 0x1029, 0x1029, 0x1029, 0x1029, 
  0x1029, 0x1029, 0x1029, 0x1029, 0x1029, 0x1029, 0x1029, 0x1029, 0x1029, 0x1029, 0x1029, 0x1029, 0x1029, 0x1129, 0x1029, 0xEF28, 
  0x1029, 0x9141, 0x8E51, 0x8E7A, 0xCB7A, 0x4862, 0x0752, 0x6962, 0x8A72, 0x6962, 0x8962, 0xCA72, 0x8972, 0xAA72, 0x496A, 0x8A7A, 
  0xAA72, 0x4862, 0x6962, 0x8A6A, 0x6962, 0x285A, 0x695A, 0x4852, 0x896A, 0xCA7A, 0x485A, 0x6962, 0x696A, 0xAA72, 0x6962, 0x4A72, 
  0x55EB, 0xDDFD, 0xFAF4, 0x55FB, 0xD6FB, 0xD6FB, 0xD6FB, 0xD6FB, 0xD6FB, 0xD6FB, 0xD5FB, 0xD5FB, 0xD6FB, 0xB5FB, 0xF6FB, 0x32D3, 
  0x11C3, 0xB3D3, 0x4A72, 0x274A, 0x6962, 0xCB7A, 0x6972, 0xAA72, 0x8A72, 0x8A72, 0x8962, 0x4852, 0x2852, 0x6962, 0x6962, 0x085A, 
  0x4962, 0x6962, 0x4862, 0x485A, 0x8A6A, 0x8962, 0x0752, 0x51C3, 0x96FB, 0x5BED, 0xD9F3, 0x76FB, 0xF6FB, 0xB4E3, 0x8B82, 0xEB7A, 
  0x6972, 0xEFAA, 0xD7FB, 0xF7FA, 0xB7FB, 0xB6FB, 0x18FB, 0xF7FA, 0xB7FB, 0x33DB, 0x94EB, 0xD6FB, 0xB6FB, 0xB6FB, 0xF6FB, 0xEFB2, 
  0x496A, 0x6962, 0x495A, 0x6962, 0x8A62, 0x485A, 0x495A, 0x495A, 0x6E93, 0xAB72, 0x2852, 0x695A, 0x2852, 0x4962, 0x4952, 0x2852, 
  0x8A5A, 0x695A, 0x0852, 0x8A62, 0x6A62, 0x0852, 0x4952, 0x485A, 0x4962, 0x8A72, 0x696A, 0x8A72, 0x4962, 0x696A, 0x8962, 0x6A62, 
  0x486A, 0x2FB3, 0x17FC, 0xCFB2, 0x6A6A, 0x6962, 0xE749, 0xCFA2, 0xB3E3, 0x295A, 0x485A, 0x4952, 0x4962, 0x485A, 0x2852, 0x2962, 
  0x73DB, 0x57FB, 0xD8FA, 0x57FB, 0x17FC, 0xAE9A, 0x074A, 0x696A, 0xAA7A, 0x6962, 0x6962, 0x8A62, 0x4852, 0x2742, 0x085A, 0xD1BA, 
  0x98FB, 0xB6FB, 0xF5FB, 0xB7FB, 0xF7FA, 0x39FB, 0x959A, 0xEF18, 0x1029, 0x1029, 0x1029, 0x1029, 0x1029, 0x1029, 0x1029, 0x1029, 
  0x1029, 0x1029, 0x1029, 0x1029, 0x1029, 0x1029, 0x1029, 0x1029, 0x1029, 0x1029, 0x1029, 0x1029, 0x1029, 0x1029, 0x1029, 0x1029, 
  0x1029, 0x1029, 0x1029, 0x1029, 0x1029, 0x1029, 0x1029, 0x1029, 0x1029, 0x1029, 0x1029, 0x1029, 0x1029, 0x1029, 0x1029, 0x1029, 
  0x1029, 0x1029, 0x1029, 0x1029, 0x1029, 0x1029, 0x1029, 0x1029, 0x1029, 0x1029, 0x1029, 0x1029, 0x1029, 0x1029, 0x1029, 0x1029, 
  0x1029, 0x1029, 0x1029, 0x1029, 0x1029, 0x1029, 0x1029, 0x1029, 0x1029, 0x1029, 0x1029, 0x1029, 0x1029, 0x1029, 0x1029, 0x1029, 
  0x1029, 0xEF20, 0xEF28, 0x7141, 0x3062, 0x8E7A, 0xAC7A, 0x2962, 0x696A, 0x896A, 0x285A, 0x4962, 0x6962, 0xCB7A, 0xEB8A, 0x486A, 
  0x8962, 0x896A, 0x8A6A, 0x8962, 0xCA6A, 0x8A72, 0x4962, 0x4962, 0x8A6A, 0xAA72, 0xAA72, 0xEB82, 0x8A7A, 0x8A6A, 0x8962, 0x8B82, 
  0xB7F3, 0x5FFF, 0x9BF5, 0x56FB, 0xF6FB, 0xD6FB, 0xB6FB, 0xB6FB, 0xB6FB, 0xD6FB, 0xD6FB, 0xF5FB, 0xD6FB, 0xB5FB, 0xF6FB, 0x72D3, 
  0xCFBA, 0x2A7A, 0x485A, 0x896A, 0x4862, 0x6A6A, 0x496A, 0xAB8A, 0xCB8A, 0x8A72, 0xAA72, 0x495A, 0x4962, 0xAA72, 0x695A, 0x6962, 
  0x485A, 0x895A, 0x8A6A, 0x695A, 0x495A, 0x695A, 0x4852, 0x51BB, 0xB6FB, 0xF9F3, 0x79F3, 0x96FB, 0xD5FB, 0xF6FB, 0x8C8A, 0x8972, 
  0xCA82, 0xAC92, 0xF5F3, 0x17FB, 0x77FB, 0xF5FB, 0x58FB, 0xD8FA, 0x38FB, 0xD6FB, 0xD5FB, 0xB6FB, 0xB6FB, 0xD6FB, 0xD6FB, 0xF5EB, 
  0x4B7A, 0x4962, 0x285A, 0x485A, 0x4962, 0x696A, 0x6962, 0x485A, 0x4E93, 0xCB7A, 0x8A6A, 0x6962, 0x6862, 0xAA62, 0x2852, 0x074A, 
  0x495A, 0x6962, 0x6962, 0x2852, 0x284A, 0x695A, 0x6A62, 0x6962, 0x485A, 0x4852, 0x485A, 0x895A, 0x6962, 0x8962, 0x4852, 0x084A, 
  0x6962, 0x0FB3, 0x17FC, 0x31D3, 0xEC8A, 0x4852, 0xC741, 0xEFA2, 0xD5F3, 0x4A6A, 0x285A, 0x2852, 0x8A6A, 0x8A6A, 0x6962, 0x2962, 
  0x93E3, 0x58FB, 0xF9FA, 0xF7FA, 0xD7FB, 0x72CB, 0x2962, 0x8A6A, 0x895A, 0x4852, 0x2752, 0x695A, 0x495A, 0x485A, 0x6962, 0x495A, 
  0xD0AA, 0xD6FB, 0xF5FB, 0xD5FB, 0x77FB, 0x19FB, 0xF8CA, 0xF030, 0x1021, 0x1029, 0x1029, 0x1029, 0x1029, 0x1029, 0x1029, 0x1029, 
  0x1029, 0x1029, 0x1029, 0x1029, 0x1029, 0x1029, 0x1029, 0x1029, 0x1029, 0x1029, 0x1029, 0x1029, 0x1029, 0x1029, 0x1029, 0x1029, 
  0x1029, 0x1029, 0x1029, 0x1029, 0x1029, 0x1029, 0x1029, 0x1029, 0x1029, 0x1029, 0x1029, 0x1029, 0x1029, 0x1029, 0x1029, 0x1029, 
  0x1029, 0x1029, 0x1029, 0x1029, 0x1029, 0x1029, 0x1029, 0x1029, 0x1029, 0x1029, 0x1029, 0x1029, 0x1029, 0x1029, 0x1029, 0x1029, 
  0x1029, 0x1029, 0x1029, 0x1029, 0x1029, 0x1029, 0x1029, 0x1029, 0x1029, 0x1029, 0x1029, 0x1029, 0x1029, 0x1029, 0x1029, 0x1029, 
  0x1029, 0x1029, 0x1029, 0xF020, 0xEF20, 0x7139, 0xF161, 0x917A, 0xAE7A, 0xAB7A, 0xAA72, 0xAA72, 0x896A, 0xAA7A, 0xCA82, 0xCA72, 
  0x485A, 0x6962, 0x696A, 0x8962, 0x485A, 0x4962, 0x696A, 0xA972, 0x4862, 0x485A, 0x695A, 0x6A7A, 0x6962, 0x895A, 0x285A, 0xAFA2, 
  0xD9F4, 0xFFFF, 0xBAF4, 0x76FB, 0xD6FB, 0xB6FB, 0xB6FB, 0xD6FB, 0xD6FB, 0xD6FB, 0xB5FB, 0xD6FB, 0xB5FB, 0xD6FB, 0xD5FB, 0xD5FB, 
  0xD0C2, 0x6C92, 0x6A7A, 0x8A6A, 0x6962, 0x2852, 0x8A6A, 0xCA7A, 0x896A, 0x4962, 0x485A, 0x695A, 0x4962, 0x4962, 0x695A, 0x6952, 
  0x495A, 0x495A, 0x6962, 0x495A, 0x4952, 0x295A, 0x084A, 0x50BB, 0x17FC, 0x18FB, 0xF8FA, 0xB6FB, 0xB6FB, 0xF7FB, 0x2FBB, 0x285A, 
  0x8972, 0x8A82, 0xB4E3, 0x77FB, 0x56FB, 0xF5FB, 0xB7FB, 0x19FB, 0xF8FA, 0x96FB, 0xD6FB, 0xD6FB, 0xD6FB, 0xD6FB, 0xD5FB, 0xF7FB, 
  0x30BB, 0x696A, 0xAA6A, 0xAA62, 0x4962, 0x896A, 0x695A, 0x4962, 0x4962, 0x695A, 0xAA72, 0x696A, 0x8A6A, 0x695A, 0x2852, 0x0852, 
  0x4952, 0x8962, 0x6962, 0x284A, 0x4952, 0x695A, 0x6962, 0x485A, 0xAA6A, 0x495A, 0x2852, 0x4952, 0x4852, 0x2852, 0x285A, 0x2952, 
  0x4952, 0xAD9A, 0x17FC, 0x73DB, 0x0852, 0x495A, 0x074A, 0xEEA2, 0xF5FB, 0x6A6A, 0x2852, 0x495A, 0x2852, 0x8962, 0x8A62, 0x2962, 
  0x93E3, 0x58FB, 0xD8FA, 0xF8FA, 0x78FB, 0xF4EB, 0x4A72, 0x2852, 0x695A, 0x8A62, 0x6962, 0x6962, 0xEB82, 0x8A6A, 0x695A, 0x4952, 
  0xC749, 0xCD9A, 0xF5F3, 0xD6FB, 0xF5F3, 0x57FB, 0xF8DA, 0x1039, 0x1021, 0x1029, 0x1029, 0x1029, 0x1029, 0x1029, 0x1029, 0x1029, 
  0x1029, 0x1029, 0x1029, 0x1029, 0x1029, 0x1029, 0x1029, 0x1029, 0x1029, 0x1029, 0x1029, 0x1029, 0x1029, 0x1029, 0x1029, 0x1029, 
  0x1029, 0x1029, 0x1029, 0x1029, 0x1029, 0x1029, 0x1029, 0x1029, 0x1029, 0x1029, 0x1029, 0x1029, 0x1029, 0x1029, 0x1029, 0x1029, 
  0x1029, 0x1029, 0x1029, 0x1029, 0x1029, 0x1029, 0x1029, 0x1029, 0x1029, 0x1029, 0x1029, 0x1029, 0x1029, 0x1029, 0x1029, 0x1029, 
  0x1029, 0x1029, 0x1029, 0x1029, 0x1029, 0x1029, 0x1029, 0x1029, 0x1029, 0x1029, 0x1029, 0x1029, 0x1029, 0x1029, 0x1029, 0x1029, 
  0x1029, 0x1029, 0x1029, 0x1029, 0x1029, 0xF028, 0xEF20, 0x2F29, 0x2F31, 0x115A, 0xB17A, 0x4E7A, 0x8B7A, 0x8A7A, 0xCB82, 0x8A72, 
  0x695A, 0x2852, 0x295A, 0x4A62, 0x495A, 0x485A, 0x696A, 0xCB72, 0x6962, 0x8A62, 0x4962, 0x285A, 0x2852, 0x495A, 0x2962, 0x12D3, 
  0xFCFD, 0xBFFF, 0xB7EB, 0xB6FB, 0xD6FB, 0xD6FB, 0xB6FB, 0xD6FB, 0xD6FB, 0xD6FB, 0xD6FB, 0xB6FB, 0xB6FB, 0xB6FB, 0xD6FB, 0xD6FB, 
  0xF6FB, 0x73D3, 0xCEA2, 0x4A72, 0xE749, 0x8962, 0x2862, 0x6962, 0x8A62, 0x8A6A, 0x8A6A, 0x2852, 0x8962, 0x8A6A, 0x685A, 0x685A, 
  0x0752, 0x696A, 0x8962, 0x6962, 0x495A, 0x495A, 0x495A, 0x51C3, 0xF6FB, 0x38FB, 0x18FB, 0xD7FB, 0xB6FB, 0xD7FB, 0x92DB, 0x6A72, 
  0x8972, 0x8A72, 0x31CB, 0xD8FB, 0x96FB, 0xD5FB, 0xB6FB, 0x38FB, 0xF8FA, 0x37FB, 0xD6FB, 0xD5FB, 0xD6FB, 0xD6FB, 0xD6FB, 0xD6FB, 
  0xF5F3, 0x4A72, 0x4962, 0x696A, 0x8962, 0x8A6A, 0x495A, 0x6962, 0x4962, 0x4852, 0x4962, 0x896A, 0x8962, 0x8A6A, 0x8962, 0x4962, 
  0x2852, 0x695A, 0x6852, 0x695A, 0x8A6A, 0x285A, 0x2852, 0x495A, 0x695A, 0x2852, 0x2852, 0x6952, 0x495A, 0x296A, 0x495A, 0x8A62, 
  0x4852, 0x6B8A, 0xF6FB, 0x94E3, 0x4962, 0x8A62, 0x0742, 0x8D8A, 0x15FC, 0x4B72, 0x4852, 0x8A62, 0x695A, 0x6962, 0x2962, 0x295A, 
  0x93D3, 0x57FB, 0xD8FA, 0xD9FA, 0x37FB, 0xD4EB, 0x6A72, 0x485A, 0x2852, 0x4962, 0xCB72, 0x496A, 0x496A, 0x285A, 0x4852, 0x284A, 
  0x4952, 0x2852, 0xEDA2, 0x36FC, 0xD6FB, 0xB6FB, 0x78F3, 0xD369, 0xEF20, 0x1029, 0x1029, 0x1029, 0x1029, 0x1029, 0x1029, 0x1029, 
  0x1029, 0x1029, 0x1029, 0x1029, 0x1029, 0x1029, 0x1029, 0x1029, 0x1029, 0x1029, 0x1029, 0x1029, 0x1029, 0x1029, 0x1029, 0x1029, 
  0x1029, 0x1029, 0x1029, 0x1029, 0x1029, 0x1029, 0x1029, 0x1029, 0x1029, 0x1029, 0x1029, 0x1029, 0x1029, 0x1029, 0x1029, 0x1029, 
  0x1029, 0x1029, 0x1029, 0x1029, 0x1029, 0x1029, 0x1029, 0x1029, 0x1029, 0x1029, 0x1029, 0x1029, 0x1029, 0x1029, 0x1029, 0x1029, 
  0x1029, 0x1029, 0x1029, 0x1029, 0x1029, 0x1029, 0x1029, 0x1029, 0x1029, 0x1029, 0x1029, 0x1029, 0x1029, 0x1029, 0x1029, 0x1029, 
  0x1029, 0x1029, 0x1029, 0x1029, 0x1029, 0x1029, 0x1029, 0x1029, 0xF028, 0xD028, 0xEF28, 0x0F31, 0x7041, 0xEF61, 0x4D72, 0x6A6A, 
  0x6962, 0x696A, 0x696A, 0x8A6A, 0x8A6A, 0x8962, 0x6862, 0x2962, 0x8A6A, 0xCA6A, 0x8A72, 0x8A6A, 0x8A6A, 0x495A, 0xCEA2, 0xD6EB, 
  0xDEFE, 0xFFFE, 0x39F4, 0xB5FB, 0xB6FB, 0xD5FB, 0xB6FB, 0xD6FB, 0xD6FB, 0xB6FB, 0xD6FB, 0xB6FB, 0xD6FB, 0xB6FB, 0xB6FB, 0xD6FB, 
  0xD6FB, 0xF6FB, 0xF6FB, 0xB4EB, 0x51C3, 0x6A7A, 0x4852, 0x695A, 0x2862, 0x4852, 0x896A, 0x8A72, 0x6962, 0x6962, 0xA962, 0x896A, 
  0xA962, 0xCA72, 0xAA6A, 0x4962, 0x6962, 0xCB72, 0x296A, 0x31CB, 0xF6FB, 0x37FB, 0x17FB, 0xD6FB, 0xB6FB, 0x96FB, 0xD5FB, 0xCC9A, 
  0x6962, 0x485A, 0xEFB2, 0xF7FB, 0xB5FB, 0xD6FB, 0xD6FB, 0x96FB, 0xF8FA, 0xF9FA, 0x96FB, 0xF5FB, 0xD5FB, 0xD6FB, 0xD6FB, 0xB6FB, 
  0x16FC, 0x0FB3, 0xE849, 0x8962, 0x685A, 0xAB7A, 0x6962, 0x495A, 0x485A, 0x695A, 0x8A62, 0x485A, 0x495A, 0x285A, 0x4862, 0x696A, 
  0x4852, 0x2852, 0x2852, 0x4852, 0x495A, 0x695A, 0x284A, 0x4952, 0x084A, 0x895A, 0x8A62, 0x495A, 0x4962, 0xED9A, 0x695A, 0x6962, 
  0x4852, 0x6B82, 0xF6FB, 0xD5E3, 0x095A, 0x2852, 0x084A, 0x0A62, 0x15F4, 0xAC82, 0x6852, 0x485A, 0x485A, 0x896A, 0x8962, 0x285A, 
  0x30B3, 0x98FB, 0xF8F2, 0xF9FA, 0x38FB, 0xF4EB, 0x6A6A, 0x4852, 0x4852, 0x895A, 0x695A, 0x2852, 0x695A, 0x695A, 0x495A, 0x2852, 
  0xE851, 0x8A62, 0x8A7A, 0xAE9A, 0xB5EB, 0xB5FB, 0x17FC, 0xD5A2, 0xAF28, 0x1029, 0x1029, 0x1029, 0x1029, 0x1029, 0x1029, 0x1029, 
  0x1029, 0x1029, 0x1029, 0x1029, 0x1029, 0x1029, 0x1029, 0x1029, 0x1029, 0x1029, 0x1029, 0x1029, 0x1029, 0x1029, 0x1029, 0x1029, 
  0x1029, 0x1029, 0x1029, 0x1029, 0x1029, 0x1029, 0x1029, 0x1029, 0x1029, 0x1029, 0x1029, 0x1029, 0x1029, 0x1029, 0x1029, 0x1029, 
  0x1029, 0x1029, 0x1029, 0x1029, 0x1029, 0x1029, 0x1029, 0x1029, 0x1029, 0x1029, 0x1029, 0x1029, 0x1029, 0x1029, 0x1029, 0x1029, 
  0x1029, 0x1029, 0x1029, 0x1029, 0x1029, 0x1029, 0x1029, 0x1029, 0x1029, 0x1029, 0x1029, 0x1029, 0x1029, 0x1029, 0x1029, 0x1029, 
  0x1029, 0x1029, 0x1029, 0x1029, 0x1029, 0x1029, 0x1029, 0x1029, 0x1029, 0x1029, 0x1029, 0x1029, 0xF028, 0xF028, 0xEF30, 0xB051, 
  0x8F7A, 0x8A72, 0x886A, 0x696A, 0x8A6A, 0x6962, 0x896A, 0xCA7A, 0xCB82, 0x6962, 0x6862, 0xAA72, 0x696A, 0xCD9A, 0xB5FB, 0x58F4, 
  0xFFFF, 0x5AF4, 0x57FB, 0xF5FB, 0xD5FB, 0xD6FB, 0xD5FB, 0xD6FB, 0xD6FB, 0xD6FB, 0xB5FB, 0xD6FB, 0xD5FB, 0xF6FB, 0xF6FB, 0xB5F3, 
  0xD5FB, 0xD5FB, 0xB6FB, 0xD6FB, 0x17FC, 0xB4EB, 0x8D92, 0x085A, 0x8A72, 0xAA72, 0x4862, 0xCB82, 0x8A6A, 0x6962, 0x6962, 0x2852, 
  0xAB72, 0x4962, 0x085A, 0x485A, 0x8A62, 0x8962, 0x4A72, 0xB4EB, 0xF6FB, 0x57FB, 0x17FB, 0xD6FB, 0xD6FB, 0xB6FB, 0xD6FB, 0x72D3, 
  0xAE9A, 0xAD92, 0xEFBA, 0xF6FB, 0xD5FB, 0xD6FB, 0xD5FB, 0xD6FB, 0x38FB, 0xF9FA, 0x57FB, 0xD6FB, 0xD5FB, 0xD6FB, 0xD6FB, 0xD6FB, 
  0xD6FB, 0xD4EB, 0x096A, 0x6962, 0x6962, 0x274A, 0x6962, 0x495A, 0x495A, 0x8A62, 0x695A, 0x485A, 0x696A, 0xEC8A, 0xCA6A, 0xAA62, 
  0x495A, 0x495A, 0x495A, 0x4952, 0x284A, 0x495A, 0x8A62, 0x495A, 0x6952, 0x495A, 0x4962, 0x495A, 0x496A, 0x2EAB, 0x285A, 0x6962, 
  0x695A, 0x0862, 0xD4E3, 0xF5EB, 0x0962, 0x073A, 0x6952, 0x2952, 0x71CB, 0x8B82, 0x8962, 0x485A, 0x8962, 0x896A, 0x695A, 0x2852, 
  0x4B7A, 0xD6F3, 0x78FB, 0xF7F2, 0xB8FB, 0x30C3, 0x2962, 0x6962, 0x8962, 0x495A, 0x2852, 0x284A, 0x8A62, 0x495A, 0x0852, 0x4952, 
  0x2852, 0x8A72, 0x495A, 0xE749, 0xCD92, 0xF5F3, 0x36FC, 0x74BB, 0xF028, 0x1029, 0x1029, 0x1029, 0x1029, 0x1029, 0x1029, 0x1029, 
  0x1029, 0x1029, 0x1029, 0x1029, 0x1029, 0x1029, 0x1029, 0x1029, 0x1029, 0x1029, 0x1029, 0x1029, 0x1029, 0x1029, 0x1029, 0x1029, 
  0x1029, 0x1029, 0x1029, 0x1029, 0x1029, 0x1029, 0x1029, 0x1029, 0x1029, 0x1029, 0x1029, 0x1029, 0x1029, 0x1029, 0x1029, 0x1029, 
  0x1029, 0x1029, 0x1029, 0x1029, 0x1029, 0x1029, 0x1029, 0x1029, 0x1029, 0x1029, 0x1029, 0x1029, 0x1029, 0x1029, 0x1029, 0x1029, 
  0x1029, 0x1029, 0x1029, 0x1029, 0x1029, 0x1029, 0x1029, 0x1029, 0x1029, 0x1029, 0x1029, 0x1029, 0x1029, 0x1029, 0x1029, 0x1029, 
  0x1029, 0x1029, 0x1029, 0x1029, 0x1029, 0x1029, 0xF028, 0x1029, 0x0F29, 0x2F29, 0x0F29, 0x1029, 0x3021, 0x1029, 0xF128, 0xD028, 
  0x7041, 0xCF59, 0x4D6A, 0x8A72, 0x8972, 0xAA72, 0x4962, 0xCA82, 0x896A, 0xAA6A, 0x8A7A, 0x8A6A, 0x4962, 0x92D3, 0x95FB, 0x3AFD, 
  0x9FFF, 0x58F3, 0x57FB, 0xD6FB, 0xD5FB, 0xD6FB, 0xD6FB, 0xD6FB, 0xD6FB, 0xD6FB, 0xD6FB, 0xD6FB, 0x17FC, 0x58FC, 0xF6FB, 0xB6FB, 
  0xD6FB, 0xF6FB, 0xF6FB, 0xB6FB, 0xD5FB, 0xF6FB, 0xD5EB, 0x4C92, 0x4A72, 0x8A72, 0x8962, 0x696A, 0xAA72, 0x485A, 0x6962, 0x696A, 
  0x696A, 0x8A6A, 0x696A, 0x695A, 0x695A, 0x285A, 0xAC8A, 0xF6FB, 0xD6FB, 0x77FB, 0x38FB, 0xF6FB, 0xD6FB, 0xD6FB, 0xD6FB, 0xB6FB, 
  0xF6FB, 0xB5F3, 0xB5F3, 0xF6FB, 0xD6FB, 0xD5FB, 0xD5FB, 0xD6FB, 0x57FB, 0xF8FA, 0x18FB, 0xB7FB, 0xD5FB, 0xD5FB, 0xD6FB, 0xD6FB, 
  0xD6FB, 0x17FC, 0x50B3, 0x2852, 0x8A6A, 0xAA6A, 0x4962, 0x695A, 0x695A, 0x2862, 0x6962, 0x485A, 0x8A7A, 0x8B82, 0x695A, 0x6A6A, 
  0x8C82, 0x2852, 0x4852, 0x0852, 0x4852, 0x695A, 0x6962, 0x495A, 0x495A, 0x495A, 0x285A, 0x8962, 0x696A, 0xEC82, 0x696A, 0x8A62, 
  0xCB72, 0x285A, 0x72CB, 0xD5EB, 0x296A, 0x284A, 0x695A, 0x695A, 0x6B7A, 0x4962, 0x8962, 0xCB7A, 0x8A6A, 0x896A, 0x8962, 0x6962, 
  0x2852, 0xCEA2, 0xD5F3, 0xD6FB, 0x73DB, 0x6B82, 0xAA62, 0xCB72, 0x2962, 0x495A, 0x495A, 0x495A, 0x8A6A, 0x8A6A, 0x4962, 0x6952, 
  0x695A, 0x6962, 0x695A, 0xAA72, 0x6962, 0xCFA2, 0x17FC, 0x95DB, 0x3031, 0x1029, 0x1029, 0x1029, 0x1029, 0x1029, 0x1029, 0x1029, 
  0x1029, 0x1029, 0x1029, 0x1029, 0x1029, 0x1029, 0x1029, 0x1029, 0x1029, 0x1029, 0x1029, 0x1029, 0x1029, 0x1029, 0x1029, 0x1029, 
  0x1029, 0x1029, 0x1029, 0x1029, 0x1029, 0x1029, 0x1029, 0x1029, 0x1029, 0x1029, 0x1029, 0x1029, 0x1029, 0x1029, 0x1029, 0x1029, 
  0x1029, 0x1029, 0x1029, 0x1029, 0x1029, 0x1029, 0x1029, 0x1029, 0x1029, 0x1029, 0x1029, 0x1029, 0x1029, 0x1029, 0x1029, 0x1029, 
  0x1029, 0x1029, 0x1029, 0x1029, 0x1029, 0x1029, 0x1029, 0x1029, 0x1029, 0x1029, 0x1029, 0x1029, 0x1029, 0x1029, 0x1029, 0x1029, 
  0x1029, 0x1029, 0x1029, 0x1029, 0x1029, 0x1029, 0x1029, 0x1029, 0x1029, 0x1029, 0x1029, 0x0F29, 0x1029, 0x1029, 0x1029, 0x1029, 
  0xF028, 0xCF20, 0x4F41, 0x8F7A, 0x8A72, 0xCA72, 0x6A6A, 0x8A7A, 0x8A72, 0x8962, 0x8A6A, 0x2852, 0x6C8A, 0xF6FB, 0x95F3, 0x1CF6, 
  0x3EFF, 0xF8F2, 0x58FB, 0xD6FB, 0xD5FB, 0xD6FB, 0xD5FB, 0xD5FB, 0xD5FB, 0xD6FB, 0xD6FB, 0xB5FB, 0xF6FB, 0xD6FB, 0xB6FB, 0xD6FB, 
  0xD6FB, 0xD6FB, 0xD5FB, 0xD5FB, 0xD5FB, 0xD5FB, 0xD6FB, 0xD5FB, 0x0FB3, 0x6A72, 0x4A6A, 0x2962, 0x496A, 0x8972, 0x696A, 0x6972, 
  0x8A72, 0x6972, 0x4962, 0x295A, 0x285A, 0x085A, 0xEEA2, 0xD6FB, 0xD6FB, 0x97FB, 0x38FB, 0xD6FB, 0xD6FB, 0xB6FB, 0xD6FB, 0xB7FB, 
  0x95FB, 0xB6FB, 0xD6FB, 0xD5FB, 0xB6FB, 0xD5FB, 0xD5FB, 0xD6FB, 0xB7FB, 0x18FB, 0xF9FA, 0x78FB, 0xD5FB, 0xD5FB, 0xD6FB, 0xD6FB, 
  0xD6FB, 0xD6FB, 0xB3DB, 0x2A72, 0x6962, 0x6962, 0x6962, 0x8962, 0x8962, 0xAA72, 0x6962, 0x4962, 0x896A, 0x6962, 0x4852, 0x0A62, 
  0xB2CB, 0x6A72, 0x2852, 0x2852, 0x495A, 0x6962, 0x685A, 0x6962, 0x6A62, 0x695A, 0xAA62, 0x2852, 0x285A, 0x495A, 0x8A6A, 0x495A, 
  0x4962, 0x485A, 0x10B3, 0xD5EB, 0x4A6A, 0x695A, 0x8962, 0x485A, 0x495A, 0x4952, 0x6962, 0xAA82, 0xAA7A, 0x896A, 0x6962, 0x4962, 
  0xA95A, 0x8972, 0x8B92, 0x0D93, 0x6A7A, 0x6862, 0x4852, 0x695A, 0x2852, 0x6A62, 0x495A, 0x2852, 0x485A, 0x8962, 0x485A, 0x495A, 
  0x8A6A, 0x285A, 0x495A, 0x6A6A, 0x896A, 0x2962, 0x94E3, 0x17F4, 0x9149, 0xEF20, 0x1029, 0x1029, 0x1029, 0x1029, 0x1029, 0x1029, 
  0x1029, 0x1029, 0x1029, 0x1029, 0x1029, 0x1029, 0x1029, 0x1029, 0x1029, 0x1029, 0x1029, 0x1029, 0x1029, 0x1029, 0x1029, 0x1029, 
  0x1029, 0x1029, 0x1029, 0x1029, 0x1029, 0x1029, 0x1029, 0x1029, 0x1029, 0x1029, 0x1029, 0x1029, 0x1029, 0x1029, 0x1029, 0x1029, 
  0x1029, 0x1029, 0x1029, 0x1029, 0x1029, 0x1029, 0x1029, 0x1029, 0x1029, 0x1029, 0x1029, 0x1029, 0x1029, 0x1029, 0x1029, 0x1029, 
  0x1029, 0x1029, 0x1029, 0x1029, 0x1029, 0x1029, 0x1029, 0x1029, 0x1029, 0x1029, 0x1029, 0x1029, 0x1029, 0x1029, 0x1029, 0x1029, 
  0x1029, 0x1029, 0x1029, 0x1029, 0x1029, 0x1029, 0x1029, 0x1029, 0x1029, 0x1029, 0x1029, 0x1029, 0x1029, 0x1029, 0x1029, 0x1029, 
  0x1029, 0x1029, 0xEF28, 0x7149, 0x8F72, 0x6962, 0x4962, 0x8A72, 0x4862, 0x6962, 0xAA6A, 0x696A, 0xB2CB, 0xF6FB, 0xB5F3, 0x1CF6, 
  0x5FFF, 0x38EB, 0xF8FA, 0x96FB, 0xD6FB, 0xD5FB, 0xD5FB, 0xD5FB, 0xD5FB, 0xD6FB, 0xD6FB, 0xD5FB, 0xD5FB, 0xD6FB, 0xD6FB, 0xB6FB, 
  0xB6FB, 0xD6FB, 0xB5FB, 0xD6FB, 0xD6FB, 0xB6FB, 0xB6FB, 0xD6FB, 0xF6FB, 0xD5F3, 0xB4E3, 0x72D3, 0x92D3, 0x71D3, 0x30C3, 0x30BB, 
  0x30BB, 0x10BB, 0x0FB3, 0x10B3, 0x51BB, 0x51C3, 0xB4E3, 0xD6FB, 0xD5FB, 0xB6FB, 0x76F3, 0xB6FB, 0xB5FB, 0xB6FB, 0xB6FB, 0xD6FB, 
  0xB6FB, 0xD6FB, 0xD6FB, 0xD6FB, 0xD6FB, 0xD6FB, 0xD5FB, 0xD5FB, 0xD6FB, 0x57FB, 0xF8FA, 0x58FB, 0xB5FB, 0xD5FB, 0xD6FB, 0xB6FB, 
  0xB6FB, 0xD6FB, 0xD4EB, 0x2A82, 0x485A, 0x8962, 0x896A, 0x6962, 0x6962, 0x6962, 0x696A, 0x696A, 0x4962, 0xAA72, 0x6962, 0x095A, 
  0x93D3, 0x10B3, 0x495A, 0x8A6A, 0x8962, 0xAA7A, 0xAA7A, 0x8962, 0x4952, 0x2852, 0xAA72, 0x8962, 0x485A, 0xAA72, 0xCA7A, 0x8A72, 
  0x495A, 0x2962, 0xAC8A, 0xB3DB, 0xE951, 0xCA6A, 0x8A6A, 0x896A, 0x485A, 0x4952, 0x2852, 0x485A, 0x896A, 0x8972, 0x696A, 0x8A62, 
  0x895A, 0x8962, 0x696A, 0xCA7A, 0x4862, 0x2852, 0x695A, 0x4852, 0x695A, 0x496A, 0x6962, 0x484A, 0xE741, 0xA962, 0x6962, 0x495A, 
  0x0852, 0x495A, 0x695A, 0x6A6A, 0x284A, 0x2852, 0xEEAA, 0x58FC, 0x536A, 0xCF20, 0x1029, 0x1029, 0x1029, 0x1029, 0x1029, 0x1029, 
  0x1029, 0x1029, 0x1029, 0x1029, 0x1029, 0x1029, 0x1029, 0x1029, 0x1029, 0x1029, 0x1029, 0x1029, 0x1029, 0x1029, 0x1029, 0x1029, 
  0x1029, 0x1029, 0x1029, 0x1029, 0x1029, 0x1029, 0x1029, 0x1029, 0x1029, 0x1029, 0x1029, 0x1029, 0x1029, 0x1029, 0x1029, 0x1029, 
  0x1029, 0x1029, 0x1029, 0x1029, 0x1029, 0x1029, 0x1029, 0x1029, 0x1029, 0x1029, 0x1029, 0x1029, 0x1029, 0x1029, 0x1029, 0x1029, 
  0x1029, 0x1029, 0x1029, 0x1029, 0x1029, 0x1029, 0x1029, 0x1029, 0x1029, 0x1029, 0x1029, 0x1029, 0x1029, 0x1029, 0x1029, 0x1029, 
  0x1029, 0x1029, 0x1029, 0x1029, 0x1029, 0x1029, 0x1029, 0x1029, 0x1029, 0x1029, 0x1029, 0x1029, 0x1029, 0x1029, 0x1029, 0x1029, 
  0x1029, 0x1029, 0x1029, 0x0F19, 0x4F39, 0x2E72, 0x8A72, 0x695A, 0x896A, 0xAA82, 0x4862, 0x496A, 0xD4E3, 0xF6FB, 0x76FB, 0x3AF5, 
  0xFFFF, 0x1AF4, 0xD7FA, 0x77FB, 0xD6FB, 0xD6FB, 0xD5FB, 0xD5FB, 0xD5FB, 0xD6FB, 0xD6FB, 0xD5FB, 0xD6FB, 0xD6FB, 0xD6FB, 0xD6FB, 
  0xD6FB, 0xD6FB, 0xB5FB, 0xB6FB, 0xB6FB, 0xD6FB, 0xD6FB, 0xD6FB, 0xD6FB, 0xD6FB, 0xD6FB, 0xF6FB, 0xF6FB, 0xF6FB, 0xF6FB, 0xF6FB, 
  0xF6FB, 0x17FC, 0xF6FB, 0xD6FB, 0xF6FB, 0xF6FB, 0xF6FB, 0xD6FB, 0xD5FB, 0xB6FB, 0x97FB, 0xB6FB, 0xD5FB, 0xD6FB, 0xD6FB, 0xD5FB, 
  0xD6FB, 0xD6FB, 0xD6FB, 0xB6FB, 0xD5FB, 0xD6FB, 0xD6FB, 0xD5FB, 0xD6FB, 0x97FB, 0x37FB, 0x57FB, 0xD6FB, 0xD5FB, 0xD6FB, 0xD6FB, 
  0xD5FB, 0xD6FB, 0xF5FB, 0xCD92, 0xAA6A, 0x896A, 0xCA72, 0x6962, 0x6962, 0x2852, 0x695A, 0x6962, 0x8A6A, 0x6962, 0x4852, 0x0962, 
  0xB4E3, 0x50C3, 0x4962, 0xAA72, 0xAA6A, 0xCA72, 0x4962, 0x4952, 0x295A, 0x495A, 0x2862, 0x896A, 0x495A, 0x8A6A, 0x8962, 0x485A, 
  0x6952, 0x695A, 0x696A, 0x0E9B, 0x6A62, 0x6962, 0x285A, 0x6962, 0x8962, 0x4852, 0x8A62, 0x896A, 0x8A72, 0x6972, 0x6A72, 0x8A72, 
  0x285A, 0x495A, 0x285A, 0x8962, 0x495A, 0x4962, 0x8A6A, 0x495A, 0xAA62, 0x8962, 0xA96A, 0xCA6A, 0x2852, 0x4952, 0xE851, 0x095A, 
  0x8B6A, 0x495A, 0x4962, 0xCB7A, 0x2852, 0x4952, 0x496A, 0xF5E3, 0x327A, 0xCF20, 0x1029, 0x1029, 0x1029, 0x1029, 0x1029, 0x1029, 
  0x1029, 0x1029, 0x1029, 0x1029, 0x1029, 0x1029, 0x1029, 0x1029, 0x1029, 0x1029, 0x1029, 0x1029, 0x1029, 0x1029, 0x1029, 0x1029, 
  0x1029, 0x1029, 0x1029, 0x1029, 0x1029, 0x1029, 0x1029, 0x1029, 0x1029, 0x1029, 0x1029, 0x1029, 0x1029, 0x1029, 0x1029, 0x1029, 
  0x1029, 0x1029, 0x1029, 0x1029, 0x1029, 0x1029, 0x1029, 0x1029, 0x1029, 0x1029, 0x1029, 0x1029, 0x1029, 0x1029, 0x1029, 0x1029, 
  0x1029, 0x1029, 0x1029, 0x1029, 0x1029, 0x1029, 0x1029, 0x1029, 0x1029, 0x1029, 0x1029, 0x1029, 0x1029, 0x1029, 0x1029, 0x1029, 
  0x1029, 0x1029, 0x1029, 0x1029, 0x1029, 0x1029, 0x1029, 0x1029, 0x1029, 0x1029, 0x1029, 0x1029, 0x1029, 0x1029, 0x1029, 0x1029, 
  0x1029, 0x1029, 0x1029, 0x3029, 0xF020, 0x7149, 0xCE82, 0x285A, 0xAA72, 0xCA82, 0xAB82, 0xCD9A, 0xF5FB, 0xD6FB, 0xB6FB, 0xF7F3, 
  0xBFFF, 0x5DFE, 0x36F3, 0x37FB, 0x97FB, 0xD6FB, 0xD6FB, 0xD5FB, 0xD5FB, 0xD6FB, 0xD6FB, 0xD6FB, 0xD6FB, 0xD6FB, 0xD6FB, 0xD6FB, 
  0xD6FB, 0xD6FB, 0xD6FB, 0xD6FB, 0xD6FB, 0xB6FB, 0xD6FB, 0xD6FB, 0xD6FB, 0xB6FB, 0xB5FB, 0xB6FB, 0xB6FB, 0xB5FB, 0xB5FB, 0xB5FB, 
  0xB6FB, 0xB6FB, 0xD6FB, 0xD6FB, 0xB6FB, 0xB6FB, 0xD6FB, 0xB6FB, 0xD5FB, 0xB6FB, 0xB6FB, 0xD6FB, 0xD5FB, 0xD5FB, 0xD6FB, 0xD6FB, 
  0xD6FB, 0xD6FB, 0xD6FB, 0xB6FB, 0xD5FB, 0xD6FB, 0xD6FB, 0xD6FB, 0xD5FB, 0xD6FB, 0xB7FB, 0xB6FB, 0xD6FB, 0xD6FB, 0xD6FB, 0xD5FB, 
  0xD5FB, 0xB6FB, 0xD6FB, 0x8D92, 0x8A62, 0x2862, 0x285A, 0x4862, 0x6962, 0xCB72, 0x6962, 0x4852, 0x4852, 0x6852, 0x2852, 0x8EA2, 
  0x56FC, 0xED9A, 0x285A, 0x6962, 0x2852, 0xAA72, 0x8962, 0x485A, 0x4962, 0x696A, 0xCA72, 0xA962, 0x0852, 0x495A, 0x6962, 0x495A, 
  0x6952, 0x484A, 0x896A, 0x2862, 0x495A, 0x285A, 0x485A, 0x485A, 0x685A, 0x485A, 0xAA6A, 0x696A, 0xCA72, 0xAA72, 0xEB7A, 0xAA72, 
  0x285A, 0x4952, 0xAA62, 0x0852, 0x484A, 0x484A, 0x6952, 0x2952, 0x2852, 0x0742, 0x2962, 0x2972, 0x8B82, 0xCDA2, 0x30C3, 0x92D3, 
  0xEE9A, 0x295A, 0x2852, 0x2A72, 0xEEA2, 0x285A, 0x6962, 0x8C72, 0xF171, 0xCF20, 0x1029, 0x1029, 0x1029, 0x1029, 0x1029, 0x1029, 
  0x1029, 0x1029, 0x1029, 0x1029, 0x1029, 0x1029, 0x1029, 0x1029, 0x1029, 0x1029, 0x1029, 0x1029, 0x1029, 0x1029, 0x1029, 0x1029, 
  0x1029, 0x1029, 0x1029, 0x1029, 0x1029, 0x1029, 0x1029, 0x1029, 0x1029, 0x1029, 0x1029, 0x1029, 0x1029, 0x1029, 0x1029, 0x1029, 
  0x1029, 0x1029, 0x1029, 0x1029, 0x1029, 0x1029, 0x1029, 0x1029, 0x1029, 0x1029, 0x1029, 0x1029, 0x1029, 0x1029, 0x1029, 0x1029, 
  0x1029, 0x1029, 0x1029, 0x1029, 0x1029, 0x1029, 0x1029, 0x1029, 0x1029, 0x1029, 0x1029, 0x1029, 0x1029, 0x1029, 0x1029, 0x1029, 
  0x1029, 0x1029, 0x1029, 0x1029, 0x1029, 0x1029, 0x1029, 0x1029, 0x1029, 0x1029, 0x1029, 0x1029, 0x1029, 0x1029, 0x1029, 0x1029, 
  0x1029, 0x1029, 0xF028, 0x1029, 0x1029, 0xD020, 0xAF51, 0x8C82, 0xAA7A, 0xAA7A, 0x6A7A, 0x30BB, 0xD6FB, 0xB5FB, 0xF5FB, 0x76FB, 
  0xFAF4, 0xFFFF, 0x7AF5, 0x17F3, 0x37FB, 0xB7FB, 0xB6FB, 0xD6FB, 0xD6FB, 0xD6FB, 0xD6FB, 0xD6FB, 0xD6FB, 0xD6FB, 0xD5FB, 0xD6FB, 
  0xD6FB, 0xD6FB, 0xD6FB, 0xD6FB, 0xD6FB, 0xB6FB, 0xD6FB, 0xD6FB, 0xD6FB, 0xD6FB, 0xD6FB, 0xD6FB, 0xD6FB, 0xD5FB, 0xB5FB, 0xD5FB, 
  0xD5FB, 0xD5FB, 0xD6FB, 0xD6FB, 0xB6FB, 0xD6FB, 0xD6FB, 0xF5FB, 0xD5FB, 0xB6FB, 0xB6FB, 0xD6FB, 0xD5FB, 0xD5FB, 0xD6FB, 0xD6FB, 
  0xD6FB, 0xB6FB, 0xB6FB, 0xB6FB, 0xB5FB, 0xD6FB, 0xD6FB, 0xD6FB, 0xD6FB, 0xD5FB, 0xD5FB, 0xD6FB, 0xD5FB, 0xD5FB, 0xD6FB, 0xD5FB, 
  0xD5FB, 0xB6FB, 0xF7FB, 0x30B3, 0x496A, 0xCA6A, 0x896A, 0xAA72, 0x8A72, 0xCB82, 0x4972, 0x285A, 0x285A, 0x4B72, 0x10AB, 0x17FC, 
  0x72D3, 0x2962, 0x695A, 0xA95A, 0x8A6A, 0x696A, 0x8A6A, 0xCA72, 0x696A, 0x696A, 0x4862, 0x685A, 0x695A, 0x8A62, 0x4962, 0x4962, 
  0x896A, 0x2852, 0x4962, 0xAA6A, 0x485A, 0x495A, 0x6962, 0x8962, 0xAA62, 0x8962, 0x285A, 0x6962, 0x485A, 0x6962, 0x695A, 0x695A, 
  0x8A62, 0x485A, 0x495A, 0x4952, 0x4852, 0x4852, 0x0852, 0x085A, 0x2A72, 0xCE92, 0x51BB, 0x94E3, 0xD5E3, 0x92D3, 0x30BB, 0xAC82, 
  0x085A, 0x6A72, 0x6A7A, 0x93CB, 0x72D3, 0x4972, 0x896A, 0x8A62, 0x6F49, 0xF020, 0x1029, 0x1029, 0x1029, 0x1029, 0x1029, 0x1029, 
  0x1029, 0x1029, 0x1029, 0x1029, 0x1029, 0x1029, 0x1029, 0x1029, 0x1029, 0x1029, 0x1029, 0x1029, 0x1029, 0x1029, 0x1029, 0x1029, 
  0x1029, 0x1029, 0x1029, 0x1029, 0x1029, 0x1029, 0x1029, 0x1029, 0x1029, 0x1029, 0x1029, 0x1029, 0x1029, 0x1029, 0x1029, 0x1029, 
  0x1029, 0x1029, 0x1029, 0x1029, 0x1029, 0x1029, 0x1029, 0x1029, 0x1029, 0x1029, 0x1029, 0x1029, 0x1029, 0x1029, 0x1029, 0x1029, 
  0x1029, 0x1029, 0x1029, 0x1029, 0x1029, 0x1029, 0x1029, 0x1029, 0x1029, 0x1029, 0x1029, 0x1029, 0x1029, 0x1029, 0x1029, 0x1029, 
  0x1029, 0x1029, 0x1029, 0x1029, 0x1029, 0x1029, 0x1029, 0x1029, 0x1029, 0x1029, 0x1029, 0x1029, 0x1029, 0x1029, 0x1029, 0x1029, 
  0x1029, 0x1029, 0x1029, 0x1029, 0x1029, 0x1029, 0xF028, 0x0F62, 0xAB82, 0xAA82, 0x496A, 0x72D3, 0xD7FB, 0xB5FB, 0xD5FB, 0xB6FB, 
  0x76F3, 0x7AF5, 0xFFFF, 0x3BED, 0x17F3, 0x57FB, 0xB7FB, 0xD6FB, 0xD6FB, 0xD6FB, 0xD6FB, 0xD6FB, 0xD6FB, 0xD6FB, 0xD6FB, 0xD6FB, 
  0xD6FB, 0xD6FB, 0xD6FB, 0xD6FB, 0xD6FB, 0xD6FB, 0xD6FB, 0xD6FB, 0xB5FB, 0xD6FB, 0xD6FB, 0xB6FB, 0x17FC, 0xF7FB, 0xD7FB, 0xB6FB, 
  0xB6FB, 0xD6FB, 0xD6FB, 0xD6FB, 0xD5FB, 0xD5FB, 0xD6FB, 0xD5FB, 0xD6FB, 0xB6FB, 0xD6FB, 0xD6FB, 0xD6FB, 0xD6FB, 0xD6FB, 0xD6FB, 
  0xB5FB, 0xB6FB, 0xB6FB, 0xD6FB, 0xB6FB, 0xD6FB, 0xD5FB, 0xD6FB, 0xB6FB, 0xD6FB, 0xD5FB, 0xD5FB, 0xD6FB, 0xD5FB, 0xD5FB, 0xD6FB, 
  0xD6FB, 0xD6FB, 0xD6FB, 0xD4EB, 0x2A7A, 0x485A, 0xEA72, 0xAA72, 0x696A, 0x6962, 0x8B72, 0xCD92, 0x71C3, 0xF4EB, 0xD4F3, 0x30BB, 
  0x0962, 0x084A, 0x695A, 0x695A, 0x296A, 0xEEAA, 0xCC82, 0x4962, 0x696A, 0x8A6A, 0xCB8A, 0xCC92, 0xAC82, 0x6962, 0x8A62, 0xCB7A, 
  0xAA72, 0x696A, 0x695A, 0xAA6A, 0x485A, 0x8A62, 0xCB72, 0x4862, 0x085A, 0x695A, 0x695A, 0x695A, 0x695A, 0x4852, 0x4852, 0x2852, 
  0x0852, 0x074A, 0xE851, 0x2A6A, 0x6C82, 0xCEA2, 0x51CB, 0xB4E3, 0xF5F3, 0xD5F3, 0xB3DB, 0x0FAB, 0x6B82, 0x0852, 0xE851, 0x4B7A, 
  0xF0B2, 0x93DB, 0xD5F3, 0x37FC, 0xEFAA, 0x2962, 0x6972, 0x8E82, 0x5039, 0xF028, 0x1029, 0x1029, 0x1029, 0x1029, 0x1029, 0x1029, 
  0x1029, 0x1029, 0x1029, 0x1029, 0x1029, 0x1029, 0x1029, 0x1029, 0x1029, 0x1029, 0x1029, 0x1029, 0x1029, 0x1029, 0x1029, 0x1029, 
  0x1029, 0x1029, 0x1029, 0x1029, 0x1029, 0x1029, 0x1029, 0x1029, 0x1029, 0x1029, 0x1029, 0x1029, 0x1029, 0x1029, 0x1029, 0x1029, 
  0x1029, 0x1029, 0x1029, 0x1029, 0x1029, 0x1029, 0x1029, 0x1029, 0x1029, 0x1029, 0x1029, 0x1029, 0x1029, 0x1029, 0x1029, 0x1029, 
  0x1029, 0x1029, 0x1029, 0x1029, 0x1029, 0x1029, 0x1029, 0x1029, 0x1029, 0x1029, 0x1029, 0x1029, 0x1029, 0x1029, 0x1029, 0x1029, 
  0x1029, 0x1029, 0x1029, 0x1029, 0x1029, 0x1029, 0x1029, 0x1029, 0x1029, 0x1029, 0x1029, 0x1029, 0x1029, 0x1029, 0x1029, 0x1029, 
  0x1029, 0x1029, 0x3029, 0x1029, 0x1031, 0x1129, 0xF028, 0x4F39, 0x6D72, 0x685A, 0x6A7A, 0xB5EB, 0xD6FB, 0xF6FB, 0xB6FB, 0xD5F3, 
  0xD6FB, 0xB5F3, 0x3AED, 0xDFFF, 0x3BF5, 0xF7F2, 0x57FB, 0xB6FB, 0xD6FB, 0xF5FB, 0xD5FB, 0xD6FB, 0xD5FB, 0xD5FB, 0xD6FB, 0xD6FB, 
  0xD6FB, 0xD6FB, 0xD6FB, 0xB6FB, 0xD6FB, 0xD6FB, 0xD6FB, 0xD5FB, 0xD5FB, 0xD6FB, 0xB6FB, 0xB6FB, 0xD6FB, 0xD6FB, 0xD6FB, 0xB6FB, 
  0xD6FB, 0xD6FB, 0xD6FB, 0xD6FB, 0xD6FB, 0xD6FB, 0xD6FB, 0xB6FB, 0xB6FB, 0xB6FB, 0xB5FB, 0xB6FB, 0xD6FB, 0xD6FB, 0xD5FB, 0xD6FB, 
  0xB6FB, 0xB6FB, 0xD6FB, 0xD5FB, 0xD6FB, 0xD6FB, 0xD5FB, 0xD6FB, 0xD6FB, 0xB6FB, 0xD6FB, 0xD6FB, 0xD6FB, 0xF6FB, 0xD5FB, 0xD6FB, 
  0xD6FB, 0xD6FB, 0xD6FB, 0xF6FB, 0x0FB3, 0x8962, 0xAA72, 0xAA72, 0x4962, 0xAC8A, 0x51BB, 0x51C3, 0x50BB, 0xAD9A, 0x6A72, 0x285A, 
  0x2862, 0x0D93, 0x4A7A, 0x0962, 0x50BB, 0x30BB, 0x8D92, 0xAB82, 0x2852, 0x695A, 0x6962, 0x8A6A, 0x496A, 0x285A, 0x485A, 0x6962, 
  0xA972, 0x896A, 0x495A, 0x495A, 0x284A, 0x2852, 0x6962, 0x696A, 0x285A, 0x485A, 0xE851, 0x495A, 0x085A, 0x2962, 0x4A72, 0x6B82, 
  0xCE9A, 0x30BB, 0x93D3, 0xD5EB, 0x16F4, 0xF5F3, 0x93DB, 0x2FAB, 0xAC82, 0x4A72, 0x085A, 0xE751, 0xAB82, 0x30B3, 0x93E3, 0xD5FB, 
  0xF6FB, 0xD6FB, 0xF7FB, 0xD4EB, 0x2A62, 0x2852, 0xCB7A, 0x506A, 0xD028, 0x1029, 0x1029, 0x1029, 0x1029, 0x1029, 0x1029, 0x1029, 
  0x1029, 0x1029, 0x1029, 0x1029, 0x1029, 0x1029, 0x1029, 0x1029, 0x1029, 0x1029, 0x1029, 0x1029, 0x1029, 0x1029, 0x1029, 0x1029, 
  0x1029, 0x1029, 0x1029, 0x1029, 0x1029, 0x1029, 0x1029, 0x1029, 0x1029, 0x1029, 0x1029, 0x1029, 0x1029, 0x1029, 0x1029, 0x1029, 
  0x1029, 0x1029, 0x1029, 0x1029, 0x1029, 0x1029, 0x1029, 0x1029, 0x1029, 0x1029, 0x1029, 0x1029, 0x1029, 0x1029, 0x1029, 0x1029, 
  0x1029, 0x1029, 0x1029, 0x1029, 0x1029, 0x1029, 0x1029, 0x1029, 0x1029, 0x1029, 0x1029, 0x1029, 0x1029, 0x1029, 0x1029, 0x1029, 
  0x1029, 0x1029, 0x1029, 0x1029, 0x1029, 0x1029, 0xF028, 0x1029, 0x1029, 0x1029, 0x1029, 0x1029, 0x1029, 0x1029, 0xF020, 0xF020, 
  0xF028, 0xCF20, 0xCF20, 0xD020, 0xCF20, 0xD020, 0xF028, 0xEF20, 0x517A, 0x896A, 0x496A, 0xD5E3, 0x16FC, 0xD6FB, 0xD7FB, 0xF6FB, 
  0xD6FB, 0xD6FB, 0x95F3, 0xD9F4, 0x9FFF, 0x3BED, 0xB7F2, 0x17FB, 0x97FB, 0xD5FB, 0xD6FB, 0xD6FB, 0xF5FB, 0xF5FB, 0xD5FB, 0xD6FB, 
  0xD6FB, 0xD5FB, 0xB6FB, 0xD6FB, 0xD6FB, 0xB6FB, 0xD6FB, 0xD6FB, 0xD6FB, 0xD6FB, 0xD6FB, 0xD5FB, 0xD6FB, 0xD6FB, 0xB5FB, 0xD6FB, 
  0xD6FB, 0xB6FB, 0xB6FB, 0xD6FB, 0xD6FB, 0xD6FB, 0xD6FB, 0xD5FB, 0xD6FB, 0xB6FB, 0xB6FB, 0xB6FB, 0xD6FB, 0xD5FB, 0xD5FB, 0xD5FB, 
  0xD6FB, 0xD6FB, 0xD6FB, 0xD6FB, 0xD6FB, 0xD6FB, 0xD6FB, 0xD6FB, 0xD6FB, 0xB6FB, 0xB6FB, 0xD6FB, 0xD6FB, 0xD6FB, 0xB5FB, 0xD6FB, 
  0xD5FB, 0xD5FB, 0xD6FB, 0xD6FB, 0x93E3, 0x8A72, 0x6962, 0x8A72, 0x6962, 0x495A, 0x2962, 0x496A, 0x0752, 0x085A, 0x4A6A, 0xEE9A, 
  0x71C3, 0xAC9A, 0x6B82, 0xB3D3, 0x10B3, 0x6D9A, 0xD3E3, 0x8C8A, 0x0852, 0x4852, 0x4852, 0x2862, 0xAB7A, 0x0C83, 0x485A, 0x896A, 
  0x8A72, 0x096A, 0x2A6A, 0x2962, 0x6B72, 0x6B72, 0x8C82, 0xCD92, 0x0FA3, 0x0FAB, 0x30BB, 0x92D3, 0x93E3, 0xB4F3, 0xD5F3, 0x16F4, 
  0x15EC, 0xD3DB, 0x71C3, 0xCEA2, 0x6B82, 0x496A, 0x4962, 0x2962, 0x696A, 0xCC8A, 0x0FB3, 0x94E3, 0xB6FB, 0xF7FB, 0xD6FB, 0xB5FB, 
  0xD5FB, 0xF6FB, 0xB3DB, 0x8C92, 0x4A6A, 0x6C6A, 0x906A, 0x2F31, 0x1029, 0x1029, 0x1029, 0x1029, 0x1029, 0x1029, 0x1029, 0x1029, 
  0x1029, 0x1029, 0x1029, 0x1029, 0x1029, 0x1029, 0x1029, 0x1029, 0x1029, 0x1029, 0x1029, 0x1029, 0x1029, 0x1029, 0x1029, 0x1029, 
  0x1029, 0x1029, 0x1029, 0x1029, 0x1029, 0x1029, 0x1029, 0x1029, 0x1029, 0x1029, 0x1029, 0x1029, 0x1029, 0x1029, 0x1029, 0x1029, 
  0x1029, 0x1029, 0x1029, 0x1029, 0x1029, 0x1029, 0x1029, 0x1029, 0x1029, 0x1029, 0x1029, 0x1029, 0x1029, 0x1029, 0x1029, 0x1029, 
  0x1029, 0x1029, 0x1029, 0x1029, 0x1029, 0x1029, 0x1029, 0x1029, 0x1029, 0x1029, 0x1029, 0x1029, 0x1029, 0x1029, 0x1029, 0x1029, 
  0x1029, 0x1029, 0x1029, 0x1029, 0x1029, 0x0F29, 0x1029, 0x1029, 0x2F29, 0x0F21, 0xCF18, 0x0F21, 0x1029, 0xEF28, 0x5139, 0x5041, 
  0x3041, 0xD159, 0x1162, 0xF261, 0x1362, 0x125A, 0x9041, 0xF128, 0x9041, 0xCD82, 0x0762, 0x8C7A, 0x0FBB, 0xADA2, 0xCEA2, 0x93DB, 
  0x31CB, 0xD5FB, 0xD6FB, 0x55F3, 0xD8EC, 0xDFFF, 0x5CF5, 0xB8F2, 0xF8FA, 0x38FB, 0x58FB, 0x37FB, 0x57FB, 0xB7FB, 0xD6FB, 0xB5FB, 
  0xD5FB, 0xD6FB, 0xD6FB, 0xD6FB, 0xB6FB, 0xB5FB, 0xD6FB, 0xD6FB, 0xD5FB, 0xD6FB, 0xD6FB, 0xD6FB, 0xD6FB, 0xD6FB, 0xD6FB, 0xB6FB, 
  0xB6FB, 0xD6FB, 0xD6FB, 0xD6FB, 0xD6FB, 0xD6FB, 0xD6FB, 0xD6FB, 0xD6FB, 0xD5FB, 0xD6FB, 0xD6FB, 0xD6FB, 0xD6FB, 0xD6FB, 0xF6FB, 
  0xB5FB, 0xB5FB, 0xD5FB, 0xB6FB, 0xD6FB, 0xD6FB, 0xD6FB, 0xB5FB, 0xB5FB, 0xD5FB, 0xD5FB, 0xD5FB, 0xD5FB, 0xB5FB, 0xB5FB, 0xB6FB, 
  0xB5FB, 0xF5FB, 0xD6FB, 0xF6FB, 0x72D3, 0xAC92, 0x0D8B, 0x696A, 0xAA7A, 0x896A, 0x2962, 0x8C8A, 0x0FAB, 0x51B3, 0x72CB, 0xCFB2, 
  0x8D92, 0x51BB, 0xB4E3, 0xD0C2, 0xF0BA, 0x16FC, 0xEEAA, 0x6962, 0x696A, 0x8A62, 0xAA62, 0x8A6A, 0x8A72, 0x4962, 0x485A, 0x495A, 
  0x8B82, 0x71BB, 0xB2D3, 0xD3E3, 0xF5F3, 0xF6F3, 0xD5FB, 0xD5FB, 0xD4F3, 0xD4E3, 0x73D3, 0x93CB, 0x31B3, 0x0FA3, 0xCD8A, 0x4A72, 
  0x0862, 0x085A, 0x084A, 0xE849, 0x2A6A, 0x6C92, 0x10BB, 0x72DB, 0xB5F3, 0x97FB, 0x78FB, 0x58FB, 0x56FB, 0xB6FB, 0xB6FB, 0xD6FB, 
  0xD5F3, 0x32C3, 0x6D8A, 0xCF82, 0x0F62, 0x0F39, 0xF028, 0xF028, 0x1029, 0x1029, 0x1029, 0x1029, 0x1029, 0x1029, 0x1029, 0x1029, 
  0x1029, 0x1029, 0x1029, 0x1029, 0x1029, 0x1029, 0x1029, 0x1029, 0x1029, 0x1029, 0x1029, 0x1029, 0x1029, 0x1029, 0x1029, 0x1029, 
  0x1029, 0x1029, 0x1029, 0x1029, 0x1029, 0x1029, 0x1029, 0x1029, 0x1029, 0x1029, 0x1029, 0x1029, 0x1029, 0x1029, 0x1029, 0x1029, 
  0x1029, 0x1029, 0x1029, 0x1029, 0x1029, 0x1029, 0x1029, 0x1029, 0x1029, 0x1029, 0x1029, 0x1029, 0x1029, 0x1029, 0x1029, 0x1029, 
  0x1029, 0x1029, 0x1029, 0x1029, 0x1029, 0x1029, 0x1029, 0x1029, 0x1029, 0x1029, 0x1029, 0x1029, 0x1029, 0x1029, 0x1029, 0x1029, 
  0x1029, 0x1029, 0x1029, 0x1029, 0x1029, 0x1029, 0x1021, 0xEF20, 0xEE20, 0x3041, 0x127A, 0x16BB, 0x35C3, 0x35BB, 0xB7DB, 0xD7E3, 
  0xB6E3, 0xF7F3, 0x73D3, 0xCFAA, 0x0FA3, 0x6FA3, 0xEE8A, 0x6F72, 0x0F62, 0xAD8A, 0xA972, 0x895A, 0x4962, 0x695A, 0x685A, 0xCB8A, 
  0x286A, 0xCD9A, 0xB4F3, 0xF5FB, 0x55F3, 0xB9F4, 0xFFFF, 0xFCF5, 0x38EB, 0x98FA, 0xD8F2, 0xF8FA, 0xD9FA, 0x18FB, 0x97FB, 0xD5FB, 
  0xD5FB, 0xD6FB, 0xD5FB, 0xD6FB, 0xD6FB, 0xD6FB, 0xD6FB, 0xD6FB, 0xD6FB, 0xD6FB, 0xD6FB, 0xD6FB, 0xD6FB, 0xD6FB, 0xD6FB, 0xD6FB, 
  0xD6FB, 0xD6FB, 0xD6FB, 0xD6FB, 0xB6FB, 0xD6FB, 0xD6FB, 0xD6FB, 0xB5FB, 0xD5FB, 0xD5FB, 0xD5FB, 0xD6FB, 0xD6FB, 0xB6FB, 0xB7FB, 
  0xD6FB, 0xF6FB, 0xB6FB, 0x96FB, 0x96FB, 0xB6FB, 0xD6FB, 0xB6FB, 0xD6FB, 0xD6FB, 0xB5FB, 0xD5FB, 0xF5FB, 0xD5FB, 0xD6FB, 0xD6FB, 
  0xD6FB, 0xD6FB, 0xD6FB, 0x16FC, 0x2FAB, 0xAB8A, 0xEC82, 0x4962, 0x6B8A, 0x6FBB, 0x91C3, 0x31CB, 0x11CB, 0xCEAA, 0xCD9A, 0x0FBB, 
  0x93D3, 0x32D3, 0xB0C2, 0x75EB, 0x17FC, 0xCFB2, 0x296A, 0xA962, 0x8962, 0x285A, 0x8A72, 0x8962, 0x695A, 0x285A, 0x8A5A, 0x495A, 
  0x4962, 0x4A6A, 0x4A72, 0x8C82, 0x6B7A, 0x8B72, 0x4A72, 0x8A72, 0x2962, 0xC751, 0x085A, 0x085A, 0xE749, 0x0852, 0x0852, 0x085A, 
  0x6B7A, 0xCE9A, 0x30BB, 0x93D3, 0xF5F3, 0xF6FB, 0xF6FB, 0xD6FB, 0x77FB, 0x37FB, 0x57FB, 0xB6FB, 0xF6FB, 0x17FC, 0xD6F3, 0x96DB, 
  0x729A, 0x1062, 0xB049, 0x1139, 0xEF20, 0xF028, 0xF030, 0x1029, 0x3021, 0x1029, 0x1029, 0x1029, 0x1029, 0x1029, 0x1029, 0x1029, 
  0x1029, 0x1029, 0x1029, 0x1029, 0x1029, 0x1029, 0x1029, 0x1029, 0x1029, 0x1029, 0x1029, 0x1029, 0x1029, 0x1029, 0x1029, 0x1029, 
  0x1029, 0x1029, 0x1029, 0x1029, 0x1029, 0x1029, 0x1029, 0x1029, 0x1029, 0x1029, 0x1029, 0x1029, 0x1029, 0x1029, 0x1029, 0x1029, 
  0x1029, 0x1029, 0x1029, 0x1029, 0x1029, 0x1029, 0x1029, 0x1029, 0x1029, 0x1029, 0x1029, 0x1029, 0x1029, 0x1029, 0x1029, 0x1029, 
  0x1029, 0x1029, 0x1029, 0x1029, 0x1029, 0x1029, 0x1029, 0x1029, 0x1029, 0x1029, 0x1029, 0x1029, 0x1029, 0x1029, 0x1029, 0x1029, 
  0x1029, 0x1029, 0x1029, 0xEF20, 0xCF20, 0xCF20, 0x3141, 0xF269, 0xD5A2, 0xB8DB, 0x3BFC, 0x3AFC, 0x5BFC, 0x3BFC, 0x1BFC, 0x79FB, 
  0x18FB, 0xF8FA, 0x57FB, 0x74EB, 0xCEB2, 0x497A, 0x486A, 0x896A, 0xA962, 0x6962, 0x8A6A, 0x6A6A, 0xAA72, 0x695A, 0x6962, 0x495A, 
  0x6A5A, 0x495A, 0x8B7A, 0xB4E3, 0xD8FB, 0x56F3, 0xF9EC, 0xFFFF, 0x1EFF, 0xFAF4, 0xD9F3, 0x58F3, 0xB7F2, 0xD9FA, 0x18FB, 0x97FB, 
  0xD7FB, 0xD6FB, 0xD6FB, 0xD6FB, 0xD6FB, 0xD6FB, 0xD6FB, 0xD6FB, 0xB6FB, 0xD6FB, 0xD6FB, 0xD6FB, 0xD6FB, 0xD6FB, 0xD6FB, 0xD6FB, 
  0xD6FB, 0xB6FB, 0xD6FB, 0xD5FB, 0xD6FB, 0xD6FB, 0xD6FB, 0xD6FB, 0xB6FB, 0xB6FB, 0xD6FB, 0xD5FB, 0xF5FB, 0xD5FB, 0xB5FB, 0xB6FB, 
  0x56FB, 0x37F3, 0x97EB, 0xB8F3, 0x99F3, 0x38F3, 0xD7FA, 0x18FB, 0x78F3, 0xB7FB, 0xB6FB, 0xD6FB, 0xD6FB, 0xB6FB, 0xD6FB, 0xB6FB, 
  0xB6FB, 0xD6FB, 0xF6FB, 0x93E3, 0xAB82, 0xAA72, 0x6862, 0x6A7A, 0x51CB, 0x32CB, 0xF0B2, 0xCFA2, 0x0FAB, 0x30C3, 0x12DB, 0xF1D2, 
  0xD0BA, 0x14DB, 0x57FB, 0xB6F3, 0xAE9A, 0x4862, 0x6852, 0x495A, 0x2962, 0x8A6A, 0x285A, 0x285A, 0x6962, 0x6962, 0xAA62, 0x2852, 
  0x485A, 0x4852, 0x284A, 0x284A, 0x8962, 0x486A, 0x4962, 0x285A, 0x4962, 0x8B7A, 0xCD92, 0xAD9A, 0x0FB3, 0x51CB, 0x93E3, 0xD5F3, 
  0xF6FB, 0x17FC, 0xF6FB, 0xD6FB, 0xD5FB, 0xD5FB, 0xF6FB, 0xF7FB, 0xF6FB, 0xF7FB, 0x17FC, 0xB6DB, 0x14B3, 0x538A, 0xB159, 0x7039, 
  0x0F29, 0xF020, 0xF020, 0xF028, 0x1029, 0x1029, 0x1029, 0x1029, 0x1029, 0x1029, 0x1029, 0x1029, 0x1029, 0x1029, 0x1029, 0x1029, 
  0x1029, 0x1029, 0x1029, 0x1029, 0x1029, 0x1029, 0x1029, 0x1029, 0x1029, 0x1029, 0x1029, 0x1029, 0x1029, 0x1029, 0x1029, 0x1029, 
  0x1029, 0x1029, 0x1029, 0x1029, 0x1029, 0x1029, 0x1029, 0x1029, 0x1029, 0x1029, 0x1029, 0x1029, 0x1029, 0x1029, 0x1029, 0x1029, 
  0x1029, 0x1029, 0x1029, 0x1029, 0x1029, 0x1029, 0x1029, 0x1029, 0x1029, 0x1029, 0x1029, 0x1029, 0x1029, 0x1029, 0x1029, 0x1029, 
  0x1029, 0x1029, 0x1029, 0x1029, 0x1029, 0x1029, 0x1029, 0x1029, 0x1029, 0x1029, 0x1029, 0x1029, 0x1029, 0x1029, 0x1029, 0xF020, 
  0xCF20, 0xCF18, 0x4F29, 0x9041, 0xF169, 0xD5A2, 0x98DB, 0x1AFC, 0x1AFC, 0xFAFB, 0xB8F3, 0xB7EB, 0x97F3, 0x77FB, 0x97FB, 0x77FB, 
  0x57FB, 0x38FB, 0x18FB, 0x58FB, 0xD7FB, 0x94E3, 0xCD9A, 0x496A, 0x4752, 0x274A, 0x495A, 0x8962, 0x696A, 0x495A, 0x495A, 0x285A, 
  0x4962, 0x6A72, 0x4862, 0x6B82, 0x72D3, 0x17FC, 0x36F3, 0xBAEC, 0xDFFF, 0xFFFF, 0xDFFF, 0x5FFF, 0x9CFD, 0x39F3, 0xF9FA, 0x18FB, 
  0x57FB, 0x96FB, 0xD6FB, 0xD6FB, 0xD6FB, 0xB6FB, 0xB6FB, 0xD6FB, 0xB6FB, 0xB6FB, 0xD6FB, 0xD6FB, 0xD6FB, 0xD6FB, 0xD6FB, 0xD6FB, 
  0xD6FB, 0xD6FB, 0xD6FB, 0xD5FB, 0xD6FB, 0xD6FB, 0xB6FB, 0xB6FB, 0xB6FB, 0xD6FB, 0xD6FB, 0xD6FB, 0xD6FB, 0xB6FB, 0x97FB, 0x36EB, 
  0x59F4, 0xFDF5, 0xFEF6, 0x7FFF, 0x5FFF, 0xFEF6, 0xFAF4, 0xD8FA, 0xF8FA, 0x37FB, 0xB6FB, 0xF6FB, 0xD6FB, 0xB6FB, 0xB6FB, 0xF6FB, 
  0xD5FB, 0x92DB, 0x50C3, 0x8B82, 0x496A, 0x8972, 0x696A, 0x70C3, 0xB5F3, 0x94DB, 0x31C3, 0xAFB2, 0x8FBA, 0x32CB, 0xD4D3, 0xB9E4, 
  0x5AFC, 0x57FB, 0x96F3, 0x4D8A, 0x295A, 0x896A, 0x895A, 0x6A62, 0xAB72, 0xAA7A, 0x695A, 0xAA6A, 0x8A72, 0x6962, 0x495A, 0x2852, 
  0x8962, 0x4962, 0x696A, 0x4A72, 0x70BB, 0xB2DB, 0xF4EB, 0xD4EB, 0xF5F3, 0xF6FB, 0xF7FB, 0x38FC, 0x37FC, 0x16FC, 0x16FC, 0xB5FB, 
  0xB4EB, 0xD4EB, 0x74EB, 0x95FB, 0xB6FB, 0xF7FB, 0xB6DB, 0x55BB, 0xF5AA, 0x1282, 0xD261, 0x3039, 0xEF28, 0xCF20, 0xEF20, 0x1021, 
  0x1029, 0x1029, 0x1029, 0x1029, 0xEF28, 0x0F29, 0x1029, 0x1029, 0x1029, 0x1029, 0x1029, 0x1029, 0x1029, 0x1029, 0x1029, 0x1029, 
  0x1029, 0x1029, 0x1029, 0x1029, 0x1029, 0x1029, 0x1029, 0x1029, 0x1029, 0x1029, 0x1029, 0x1029, 0x1029, 0x1029, 0x1029, 0x1029, 
  0x1029, 0x1029, 0x1029, 0x1029, 0x1029, 0x1029, 0x1029, 0x1029, 0x1029, 0x1029, 0x1029, 0x1029, 0x1029, 0x1029, 0x1029, 0x1029, 
  0x1029, 0x1029, 0x1029, 0x1029, 0x1029, 0x1029, 0x1029, 0x1029, 0x1029, 0x1029, 0x1029, 0x1029, 0x1029, 0x1029, 0x1029, 0x1029, 
  0x1029, 0x1029, 0x1029, 0x1029, 0x1029, 0x1029, 0x1029, 0x1029, 0x1029, 0x1029, 0x1029, 0xEF20, 0xCF18, 0xCE20, 0x0F29, 0x5041, 
  0x126A, 0x7492, 0x38CB, 0x59EB, 0x59FB, 0x79FB, 0x99FB, 0x97FB, 0x96F3, 0x96FB, 0x96FB, 0xB6FB, 0xB6FB, 0xD6FB, 0xD6FB, 0xD6FB, 
  0xD6FB, 0xD6FB, 0x97FB, 0x18FB, 0x17F3, 0xB7FB, 0xF5FB, 0x72DB, 0xAFAA, 0xAE92, 0x8A7A, 0x486A, 0xAB82, 0xAC92, 0xEEAA, 0x31C3, 
  0x51CB, 0xAB8A, 0x6862, 0x2852, 0x496A, 0x50C3, 0x17FC, 0x97FB, 0xD8EB, 0xDCF5, 0x1EFF, 0x7FFF, 0x1DF6, 0x38F3, 0xD9FA, 0xF8FA, 
  0x37FB, 0x97FB, 0xB6FB, 0xB6FB, 0xD6FB, 0xB6FB, 0xB6FB, 0xD6FB, 0xB6FB, 0xB6FB, 0xD6FB, 0xD6FB, 0xD6FB, 0xD6FB, 0xD6FB, 0xD6FB, 
  0xD6FB, 0xB6FB, 0xD6FB, 0xD6FB, 0xD5FB, 0xD6FB, 0xD6FB, 0xB6FB, 0xB5FB, 0xD5FB, 0xD5FB, 0xD5FB, 0xD7FB, 0x77FB, 0xD7F2, 0x3CF5, 
  0xFFFF, 0xFFFF, 0xFFFF, 0xFFFF, 0xFFF7, 0xFFFF, 0x1FFF, 0x18F3, 0xD9FA, 0x57FB, 0xD6FB, 0xD5FB, 0xD6FB, 0xF6FB, 0xB3DB, 0xEEAA, 
  0x8B8A, 0x4962, 0x6962, 0x685A, 0x896A, 0x6962, 0x6B7A, 0xB4E3, 0xF6FB, 0xEFB2, 0x6DA2, 0x15DC, 0xBBED, 0x1DFE, 0xBCF5, 0xB9F4, 
  0xB6F3, 0x17FC, 0x2FB3, 0x485A, 0x6962, 0x695A, 0x2852, 0x2852, 0xC96A, 0xAA82, 0x6972, 0x696A, 0x4852, 0x485A, 0x4962, 0x2852, 
  0x6962, 0x6962, 0x6A62, 0x6A72, 0xCD92, 0x30B3, 0x31C3, 0x92D3, 0x92DB, 0x51CB, 0x50C3, 0xCEAA, 0xEEA2, 0xCD9A, 0xCE9A, 0xCE9A, 
  0xAF9A, 0xB09A, 0xB19A, 0x1082, 0x3272, 0xD159, 0x3041, 0xCF28, 0xCF20, 0xCF18, 0xF020, 0xF028, 0x1029, 0x1029, 0x1029, 0x1029, 
  0x1029, 0x1029, 0x1029, 0x1029, 0x1029, 0x1029, 0x1029, 0x1029, 0x1029, 0x1029, 0x1029, 0x1029, 0x1029, 0x1029, 0x1029, 0x1029, 
  0x1029, 0x1029, 0x1029, 0x1029, 0x1029, 0x1029, 0x1029, 0x1029, 0x1029, 0x1029, 0x1029, 0x1029, 0x1029, 0x1029, 0x1029, 0x1029, 
  0x1029, 0x1029, 0x1029, 0x1029, 0x1029, 0x1029, 0x0F29, 0x1029, 0x1029, 0x1029, 0x1029, 0x1029, 0x1029, 0x1029, 0x1029, 0x1029, 
  0x1029, 0x1029, 0x1029, 0x1029, 0x1029, 0x1029, 0x1029, 0x1029, 0x1029, 0x1029, 0x1029, 0x1029, 0x1029, 0x1029, 0x1029, 0x1029, 
  0xF028, 0x1029, 0x1029, 0x3029, 0x1029, 0xF020, 0xCF18, 0xCF18, 0xEF20, 0xEF28, 0xEF30, 0x9149, 0x1372, 0x959A, 0x37C3, 0x38E3, 
  0x59FB, 0x59FB, 0x38FB, 0x17FB, 0x57FB, 0x77FB, 0xB6FB, 0xB6FB, 0xD6FB, 0xD6FB, 0xD6FB, 0xB6FB, 0xB6FB, 0xD6FB, 0xB6FB, 0xD6FB, 
  0xD6FB, 0xD6FB, 0xD6FB, 0xB7FB, 0x57FB, 0x77FB, 0xB6FB, 0xD6FB, 0xF7FB, 0xF6FB, 0xD5F3, 0x94F3, 0xB5F3, 0xD5FB, 0xD6FB, 0xF6FB, 
  0x52D3, 0xEEA2, 0xED9A, 0x6C8A, 0x6A72, 0x0862, 0x8C8A, 0xD4DB, 0xB7FB, 0x57FB, 0x77F3, 0x78F3, 0xF7F2, 0x17FB, 0x37FB, 0x77FB, 
  0xD7FB, 0xD5FB, 0xD6FB, 0x96FB, 0xB6FB, 0xB6FB, 0xD6FB, 0xD5FB, 0xD6FB, 0xD6FB, 0xD6FB, 0xD6FB, 0xD6FB, 0xD6FB, 0xB6FB, 0xD6FB, 
  0xD6FB, 0xD6FB, 0xD6FB, 0xD5FB, 0xD5FB, 0xD5FB, 0xD6FB, 0xD6FB, 0xD6FB, 0xD6FB, 0xD5FB, 0xD6FB, 0x97FB, 0x18FB, 0xD7FA, 0x3BF5, 
  0xFFFF, 0xFFFF, 0xFFFF, 0xFFFF, 0x9FFF, 0x7DF6, 0x19F4, 0x18FB, 0x98FB, 0xB6FB, 0xD6FB, 0xD6FB, 0xD4F3, 0x0FAB, 0x6B7A, 0x8A72, 
  0x4862, 0x8962, 0x685A, 0x6962, 0x8A6A, 0x6962, 0x8B7A, 0xF6FB, 0x73DB, 0x4D9A, 0xD9F4, 0xDDFD, 0x39EC, 0x57F3, 0x55F3, 0x95FB, 
  0xD6FB, 0x51C3, 0x6A6A, 0x485A, 0x4962, 0x6A62, 0x084A, 0x4952, 0x495A, 0x495A, 0x696A, 0x696A, 0x896A, 0x696A, 0x8962, 0x285A, 
  0x6A62, 0xEC7A, 0x6A72, 0x696A, 0x6A6A, 0x4A72, 0x6B72, 0x0A62, 0xEB59, 0xCB51, 0xCB59, 0x4F7A, 0x9082, 0x717A, 0xF061, 0xD151, 
  0x9141, 0x3031, 0x3031, 0xEF20, 0xCF20, 0xEF20, 0xF020, 0x1029, 0x1029, 0x1029, 0x1029, 0x1029, 0x1029, 0x1029, 0x1029, 0x1029, 
  0x1029, 0x1029, 0x1029, 0x1029, 0x1029, 0x1029, 0x1029, 0x1029, 0x1029, 0x1029, 0x1029, 0x1029, 0x1029, 0x1029, 0x1029, 0x1029, 
  0x1029, 0x1029, 0x1029, 0x1029, 0x1029, 0x1029, 0x1029, 0x1029, 0x1029, 0x1029, 0x1029, 0x1029, 0x1029, 0x1029, 0x1029, 0x1029, 
  0x1029, 0x1029, 0x1029, 0x1029, 0x1029, 0x1029, 0x1029, 0x1029, 0x1029, 0x1029, 0x0F29, 0x1029, 0x1029, 0x1029, 0x1029, 0x1029, 
  0x1029, 0x1029, 0x1029, 0x1029, 0x1029, 0x1029, 0x1029, 0x1029, 0x1029, 0x1029, 0x1029, 0x1029, 0x1029, 0x1029, 0x1029, 0x1029, 
  0x1021, 0xEF20, 0xEF18, 0xCF20, 0xEF28, 0x3039, 0xD261, 0x337A, 0xB5A2, 0x37C3, 0x16C3, 0x79E3, 0x59FB, 0x58FB, 0x57FB, 0x57FB, 
  0x56FB, 0x76FB, 0x96FB, 0xB6FB, 0xD6FB, 0xD5FB, 0xD5FB, 0xD6FB, 0xD6FB, 0xD6FB, 0xD6FB, 0xB6FB, 0xB6FB, 0xD6FB, 0xB6FB, 0xD6FB, 
  0xB6FB, 0xB6FB, 0xB6FB, 0xB5FB, 0xB6FB, 0x96FB, 0xB6FB, 0xD5FB, 0xB5FB, 0xB6FB, 0xD6FB, 0xD6FB, 0xD6FB, 0xB6FB, 0xD5FB, 0xD6FB, 
  0x97FB, 0xB7FB, 0x97FB, 0x96F3, 0x94E3, 0x10BB, 0x4B72, 0xC959, 0xCEA2, 0xB3D3, 0xF6FB, 0xD7FB, 0x17FC, 0x17FC, 0xF6FB, 0xF6FB, 
  0xD6FB, 0xF5FB, 0xD6FB, 0x97FB, 0x56FB, 0xB6FB, 0xD6FB, 0xB6FB, 0xD6FB, 0xD6FB, 0xD5FB, 0xD5FB, 0xD6FB, 0xB6FB, 0xB6FB, 0xD6FB, 
  0xD5FB, 0xD6FB, 0xD6FB, 0xD6FB, 0xB6FB, 0xD6FB, 0xD6FB, 0xB6FB, 0xB6FB, 0xD6FB, 0xD5FB, 0xD6FB, 0x76FB, 0x17FB, 0xF9FA, 0xF8F2, 
  0x7AF4, 0x5BF5, 0x3BF5, 0x99F4, 0xB8F3, 0x37F3, 0x37FB, 0x97FB, 0x96FB, 0xD6FB, 0xF7FB, 0x32C3, 0x4A7A, 0xAA7A, 0xAA82, 0x6962, 
  0x484A, 0x685A, 0x6962, 0x8A6A, 0x495A, 0x6962, 0x2852, 0x30B3, 0x72D3, 0xCEAA, 0x3CFD, 0x39F3, 0x18F3, 0x59F4, 0x78F4, 0xD6FB, 
  0xB4E3, 0x8B82, 0xAA72, 0xAA6A, 0x0862, 0xAB82, 0x6962, 0x6962, 0x496A, 0x4852, 0x895A, 0x495A, 0x8962, 0xCB82, 0x6862, 0x895A, 
  0x495A, 0x8972, 0xAA82, 0xCE8A, 0x517A, 0x7272, 0x316A, 0x3039, 0x1029, 0x1029, 0xF028, 0x3131, 0xF028, 0xCF28, 0xCF28, 0xEF20, 
  0xEF20, 0xF028, 0xF028, 0x1029, 0x1029, 0x1029, 0x1029, 0x1029, 0x1029, 0x1029, 0x1029, 0x1029, 0x1029, 0x1029, 0x1029, 0x1029, 
  0x1029, 0x1029, 0x1029, 0x1029, 0x1029, 0x1029, 0x1029, 0x1029, 0x1029, 0x1029, 0x1029, 0x1029, 0x1029, 0x1029, 0x1029, 0x1029, 
  0x1029, 0x1029, 0x1029, 0x1029, 0x1029, 0x1029, 0x1029, 0x1029, 0x1029, 0x1029, 0x1029, 0x1029, 0x1029, 0x1029, 0x1029, 0x1029, 
  0x1029, 0x1029, 0x1029, 0x1029, 0x1029, 0x1029, 0x1029, 0x1029, 0x1029, 0x0F29, 0x1029, 0x1029, 0x1029, 0x1029, 0x1029, 0x1029, 
  0x1029, 0x3029, 0x1029, 0x1029, 0x1029, 0x1029, 0x1029, 0x1029, 0x1031, 0x1029, 0x1029, 0xF028, 0xF020, 0xEF20, 0xCF20, 0xEF20, 
  0x3031, 0xB151, 0x127A, 0xB4A2, 0xF5BA, 0x58DB, 0x79F3, 0x78FB, 0x78FB, 0x77FB, 0x77FB, 0x77FB, 0x76FB, 0xB6FB, 0xD6FB, 0xD6FB, 
  0xB6FB, 0xD6FB, 0xB6FB, 0xB6FB, 0xD6FB, 0xB5FB, 0xB6FB, 0xD6FB, 0xB6FB, 0xD6FB, 0xB5FB, 0xD6FB, 0xD6FB, 0xD6FB, 0xD6FB, 0xB6FB, 
  0xB6FB, 0xD6FB, 0xD6FB, 0xB5FB, 0xB5FB, 0xB5FB, 0xB6FB, 0xD6FB, 0xB6FB, 0xD6FB, 0xD6FB, 0xD5FB, 0xB5FB, 0xB5FB, 0xD6FB, 0x56FB, 
  0x18FB, 0xD8FA, 0x58FB, 0x97FB, 0xD6FB, 0x37FC, 0x16FC, 0x31BB, 0x4A7A, 0xC861, 0x4B7A, 0x8C8A, 0xAD9A, 0xEFB2, 0x52D3, 0xD6FB, 
  0xD6FB, 0xD5FB, 0xD7FB, 0x57FB, 0x77FB, 0xD6FB, 0xD6FB, 0xD6FB, 0xB6FB, 0xB6FB, 0xB6FB, 0xB6FB, 0xD6FB, 0xB6FB, 0xB6FB, 0xD5FB, 
  0xD5FB, 0xB6FB, 0xD7FB, 0xB6FB, 0xB6FB, 0xB6FB, 0xB6FB, 0xB6FB, 0xB6FB, 0xD6FB, 0xD5FB, 0xD5FB, 0xD6FB, 0x97FB, 0x77FB, 0x57FB, 
  0x16FB, 0x37FB, 0x37FB, 0x36FB, 0x76FB, 0x57FB, 0x18FB, 0x59FB, 0x97FB, 0x32CB, 0xAC92, 0x496A, 0x485A, 0xAA7A, 0x696A, 0x895A, 
  0x8962, 0x4962, 0xE859, 0xE859, 0x4962, 0x6A62, 0x0852, 0x6B82, 0x30B3, 0xAFAA, 0x97F3, 0xD9FA, 0x39FB, 0x7BF4, 0x7CF5, 0x17F4, 
  0x51C3, 0x296A, 0xAA7A, 0x6972, 0xCB82, 0x2DA3, 0x696A, 0x695A, 0x4852, 0x274A, 0x6962, 0xAA6A, 0x2862, 0x8A72, 0x8962, 0x6A62, 
  0x695A, 0x4862, 0xCA72, 0x8D72, 0xAF51, 0xAF20, 0xEF20, 0x0F21, 0x1029, 0x1029, 0x0F29, 0x0F21, 0x1029, 0x1029, 0x1029, 0xF128, 
  0x1129, 0x1029, 0x1029, 0x1029, 0x1029, 0x1029, 0x1029, 0x1029, 0x1029, 0x1029, 0x1029, 0x1029, 0x1029, 0x1029, 0x1029, 0x1029, 
  0x1029, 0x1029, 0x1029, 0x1029, 0x1029, 0x1029, 0x1029, 0x1029, 0x1029, 0x1029, 0x1029, 0x1029, 0x1029, 0x1029, 0x1029, 0x1029, 
  0x1029, 0x1029, 0x1029, 0x1029, 0x1029, 0x1029, 0x1029, 0x1029, 0x1029, 0x1029, 0x1029, 0x1029, 0x1029, 0x1029, 0x1029, 0x1029, 
  0x1029, 0x1029, 0x1029, 0x1029, 0x1029, 0x1029, 0x1029, 0x1029, 0x1029, 0x1029, 0x1029, 0x3121, 0x3029, 0x0F21, 0xEF20, 0xCF20, 
  0xCF18, 0xCF18, 0xCF20, 0xEF20, 0xEF20, 0xCF20, 0xCF20, 0xEE20, 0xEF20, 0xCF20, 0xEF28, 0x0F39, 0x7149, 0x9151, 0x537A, 0xF5AA, 
  0x76D3, 0xD7F3, 0xD7FB, 0xD7FB, 0xB8FB, 0x97FB, 0x96FB, 0xB6FB, 0xD5FB, 0xD5FB, 0xD5FB, 0xB5FB, 0xD5FB, 0xD6FB, 0xD6FB, 0xB6FB, 
  0xB6FB, 0xB6FB, 0xB6FB, 0xD6FB, 0xB6FB, 0xB6FB, 0xB6FB, 0xD6FB, 0xB6FB, 0xB5FB, 0xB5FB, 0xD6FB, 0xD6FB, 0xD6FB, 0xB6FB, 0xD6FB, 
  0xD6FB, 0xD6FB, 0xD6FB, 0xD6FB, 0xB5FB, 0xD5FB, 0xB6FB, 0xB6FB, 0xB6FB, 0xD6FB, 0xD5FB, 0xD5FB, 0xB5FB, 0xB6FB, 0x56FB, 0x39F4, 
  0x5AF4, 0x57FB, 0x54DB, 0xCEAA, 0xAC9A, 0x8D9A, 0x51CB, 0x16FC, 0x16FC, 0x73D3, 0xEFA2, 0x8C8A, 0x8C9A, 0xCEB2, 0x72E3, 0xD6FB, 
  0xD6FB, 0xD6FB, 0x77FB, 0x37FB, 0xB7FB, 0xB6FB, 0x97FB, 0x77FB, 0x77FB, 0x97FB, 0xD7FB, 0xD5FB, 0xD6FB, 0xB6FB, 0xB6FB, 0xD5FB, 
  0xD6FB, 0xB7FB, 0x76FB, 0xB6FB, 0xD6FB, 0xD6FB, 0xD6FB, 0xB6FB, 0xB6FB, 0xB6FB, 0xD5FB, 0xD5FB, 0xB5FB, 0xB6FB, 0xB6FB, 0xB6FB, 
  0xB6FB, 0x77FB, 0x38FB, 0x39FB, 0x38FB, 0xFAFB, 0x97F3, 0xF1C2, 0xAD8A, 0x6A7A, 0xC972, 0xA96A, 0x8972, 0xAA72, 0x6962, 0x2982, 
  0x8C9A, 0xEE9A, 0xB2B3, 0xD5D3, 0x55E3, 0x56EB, 0x75EB, 0x31CB, 0xCD9A, 0xADAA, 0x11CB, 0x79FB, 0xD8FA, 0xB8F2, 0x18F3, 0xB8FB, 
  0xEFAA, 0x2852, 0x8962, 0x4962, 0x896A, 0x896A, 0x896A, 0xCA72, 0x8A6A, 0x495A, 0x285A, 0x8A6A, 0x896A, 0xA96A, 0x8A62, 0x485A, 
  0x6852, 0x8962, 0x6A5A, 0x0852, 0x2A52, 0xAE49, 0xF030, 0xF028, 0x0F31, 0x1029, 0x1029, 0x1029, 0x1029, 0x1029, 0x1029, 0x1029, 
  0x1029, 0x1029, 0x1029, 0x1029, 0x1029, 0x1029, 0x1029, 0x1029, 0x1029, 0x1029, 0x1029, 0x1029, 0x1029, 0x1029, 0x1029, 0x1029, 
  0x1029, 0x1029, 0x1029, 0x1029, 0x1029, 0x1029, 0x1029, 0x1029, 0x1029, 0x1029, 0x1029, 0x1029, 0x1029, 0x1029, 0x1029, 0x1029, 
  0x1029, 0x1029, 0x1029, 0x1029, 0x1029, 0x1029, 0x1029, 0x1029, 0x1029, 0x1029, 0x1029, 0x1029, 0x1029, 0x1029, 0x1029, 0x1029, 
  0x1029, 0x1029, 0x1029, 0x1029, 0x1029, 0x1029, 0x0F29, 0x1029, 0x1029, 0x1029, 0xEF28, 0xCF20, 0xCF20, 0x1031, 0x5049, 0xD169, 
  0x3282, 0xF5A2, 0x15AB, 0x15AB, 0x15AB, 0x15AB, 0x15AB, 0x35AB, 0x15A3, 0xD4A2, 0x76C3, 0xB6D3, 0xF7EB, 0xD6F3, 0xF6FB, 0xF7FB, 
  0xD6FB, 0xB6FB, 0xB6FB, 0xB6FB, 0xD5FB, 0xD5FB, 0xB6FB, 0xD6FB, 0xD6FB, 0xD6FB, 0xD6FB, 0xD6FB, 0xB6FB, 0xD6FB, 0xD5FB, 0xB5FB, 
  0xB6FB, 0xB6FB, 0xB5FB, 0xD5FB, 0xB5FB, 0xB6FB, 0xB6FB, 0xB6FB, 0xB6FB, 0xB6FB, 0xB6FB, 0xB5FB, 0xB6FB, 0xD6FB, 0xD6FB, 0xB6FB, 
  0xB6FB, 0xB6FB, 0xB6FB, 0xB6FB, 0xB6FB, 0xD6FB, 0xB6FB, 0xB6FB, 0xB6FB, 0xD6FB, 0xD6FB, 0xD5FB, 0xD6FB, 0x96FB, 0xD8F3, 0x7CF5, 
  0xD7F3, 0x10B3, 0x496A, 0x6752, 0x8962, 0x696A, 0x296A, 0x8D9A, 0xD5F3, 0xF7FB, 0xD6FB, 0xD6FB, 0xF6FB, 0xF6FB, 0xF7FB, 0xD6FB, 
  0xD6FB, 0xD6FB, 0x37FB, 0x77FB, 0xB6FB, 0xB6FB, 0x18FB, 0xF9FA, 0xF8FA, 0x37FB, 0x96FB, 0xD5FB, 0xD5FB, 0xD6FB, 0xD6FB, 0xD6FB, 
  0xB6FB, 0x56FB, 0x76FB, 0xB6FB, 0xB6FB, 0xD6FB, 0xB6FB, 0xB6FB, 0xD6FB, 0xD6FB, 0xD6FB, 0xD6FB, 0xD6FB, 0xF6FB, 0x97FB, 0x58FB, 
  0x58FB, 0x58FB, 0x36F3, 0x34E3, 0x12CB, 0x4F9B, 0x0D8B, 0x275A, 0x475A, 0xCA82, 0x8A7A, 0x496A, 0x4A72, 0x8C8A, 0x30B3, 0x96DC, 
  0xBBFD, 0x5EFE, 0xFDFD, 0x9AFC, 0x55E3, 0x34DB, 0x32CB, 0xB2D3, 0xD3DB, 0xD0C2, 0x4B82, 0x10B3, 0x77FB, 0x38FB, 0x17F3, 0x97FB, 
  0xCD92, 0x4862, 0xAA7A, 0xAA72, 0x4852, 0x4852, 0x685A, 0x896A, 0x6962, 0x4962, 0x696A, 0x696A, 0x896A, 0x685A, 0x296A, 0xCC8A, 
  0x696A, 0x4A62, 0x0952, 0x2852, 0x685A, 0xAC6A, 0xCE51, 0xF030, 0x0F21, 0x3021, 0x1029, 0x1029, 0x1029, 0x1029, 0x1029, 0x0F29, 
  0x0F29, 0x1029, 0x1029, 0x1029, 0x1029, 0x1029, 0x1029, 0x1029, 0x1029, 0x1029, 0x1029, 0x1029, 0x1029, 0x1029, 0x1029, 0x1029, 
  0x1029, 0x1029, 0x1029, 0x1029, 0x1029, 0x1029, 0x1029, 0x1029, 0x1029, 0x1029, 0x1029, 0x1029, 0x1029, 0x1029, 0x1029, 0x1029, 
  0x1029, 0x1029, 0x1029, 0x1029, 0x1029, 0x1029, 0x1029, 0x1029, 0x1029, 0x1029, 0x1029, 0x1029, 0x1029, 0x1029, 0x1029, 0x1029, 
  0x1029, 0x1029, 0x1029, 0x1029, 0x1029, 0x1029, 0xEF20, 0xCF20, 0xCF20, 0xEF30, 0x5049, 0x537A, 0xD4A2, 0xB7CB, 0xF7E3, 0x17FC, 
  0xF7FB, 0xF6FB, 0xF7FB, 0xF7FB, 0xF6FB, 0x16FC, 0x16FC, 0x16FC, 0xF6FB, 0xF6FB, 0xD6FB, 0xD6FB, 0xD6FB, 0xD6FB, 0xB5FB, 0xB5FB, 
  0xD6FB, 0xD5FB, 0xD5FB, 0xB6FB, 0xD6FB, 0xB6FB, 0xD6FB, 0xD5FB, 0xD6FB, 0xB5FB, 0xD6FB, 0xD6FB, 0xB6FB, 0xB6FB, 0xD6FB, 0xD6FB, 
  0xB6FB, 0xB6FB, 0xD6FB, 0xD6FB, 0xB6FB, 0xB6FB, 0xB6FB, 0xB6FB, 0xB6FB, 0xB6FB, 0xB6FB, 0xB6FB, 0xB6FB, 0xD6FB, 0xB6FB, 0xB6FB, 
  0xB6FB, 0xB6FB, 0xD6FB, 0xD6FB, 0xD6FB, 0xD6FB, 0xD5FB, 0xD5FB, 0xB6FB, 0xD6FB, 0xD6FB, 0xD6FB, 0xD7FB, 0x56FB, 0xFBF4, 0x18F4, 
  0x10C3, 0x8A7A, 0x4862, 0x6962, 0x6A6A, 0x8A72, 0xEB72, 0x285A, 0x6B7A, 0x93DB, 0xF6FB, 0xD6FB, 0xB6FB, 0xB6FB, 0xB5FB, 0xD5FB, 
  0xF5FB, 0xB7FB, 0x18FB, 0x97FB, 0xD4FB, 0xB6FB, 0x18FB, 0xF9FA, 0xF9FA, 0x18FB, 0x37FB, 0x97FB, 0xD6FB, 0xD6FB, 0xD6FB, 0xD6FB, 
  0x76FB, 0x57F3, 0xD7FB, 0xD6FB, 0xB6FB, 0xB6FB, 0xD6FB, 0xB6FB, 0xB5F3, 0xB5F3, 0xB5EB, 0xB5F3, 0xB4EB, 0x93E3, 0x53DB, 0x11C3, 
  0xEFAA, 0xCD92, 0x8B82, 0x697A, 0xAA82, 0x8972, 0x696A, 0xAA72, 0x6972, 0x2862, 0x6A6A, 0xCFAA, 0x14E3, 0x97F3, 0xFCFC, 0x5BF5, 
  0xB7DC, 0x71B3, 0x6D92, 0x2B72, 0x4A6A, 0x6972, 0xAA82, 0x496A, 0x6A7A, 0xEE9A, 0x8B82, 0x2862, 0xAEA2, 0x94EB, 0xD7FB, 0xB4EB, 
  0x4A7A, 0xEB7A, 0x8A72, 0x695A, 0x8962, 0x8A7A, 0xAA72, 0x6862, 0x6962, 0x6A6A, 0xA962, 0x695A, 0x696A, 0x8A72, 0xAB82, 0xCB7A, 
  0x495A, 0x495A, 0x284A, 0x084A, 0x2852, 0x4962, 0x495A, 0x0C52, 0x9041, 0xF028, 0x1029, 0x1029, 0x1029, 0x1029, 0x1029, 0x1029, 
  0x1029, 0x1029, 0x1029, 0x1029, 0x1029, 0x1029, 0x1029, 0x1029, 0x1029, 0x1029, 0x1029, 0x1029, 0x1029, 0x1029, 0x1029, 0x1029, 
  0x1029, 0x1029, 0x1029, 0x1029, 0x1029, 0x1029, 0x1029, 0x1029, 0x1029, 0x1029, 0x1029, 0x1029, 0x1029, 0x1029, 0x1029, 0x1029, 
  0x1029, 0x1029, 0x1029, 0x1029, 0x1029, 0x1029, 0x1029, 0x1029, 0x1029, 0x1029, 0x1029, 0x1029, 0x1029, 0x1029, 0x1029, 0x1029, 
  0x1029, 0x1029, 0x1029, 0xF020, 0xCF18, 0xCF28, 0x5041, 0xF261, 0x9492, 0x76CB, 0xD6EB, 0x17FC, 0x17FC, 0xF6FB, 0x37FC, 0xD5FB, 
  0xB5FB, 0xB5FB, 0xB6FB, 0xB6FB, 0xB6FB, 0xB6FB, 0xB5FB, 0xB5FB, 0xB6FB, 0xB6FB, 0xB5FB, 0xD6FB, 0xB6FB, 0xB6FB, 0xD6FB, 0xD6FB, 
  0xB6FB, 0xD5FB, 0xD5FB, 0xD5FB, 0xD6FB, 0xD6FB, 0xD6FB, 0xD6FB, 0xD6FB, 0xB6FB, 0xD6FB, 0xD6FB, 0xB5FB, 0xD5FB, 0xD5FB, 0xD6FB, 
  0xB6FB, 0xB6FB, 0xB6FB, 0xB6FB, 0xB6FB, 0xB6FB, 0xB6FB, 0xB6FB, 0xB6FB, 0xD6FB, 0xD6FB, 0xD6FB, 0xB6FB, 0xB6FB, 0xB6FB, 0xD6FB, 
  0xD6FB, 0xD5FB, 0xD5FB, 0xD5FB, 0xD5FB, 0xD6FB, 0xD6FB, 0xD5FB, 0xD6FB, 0xB6FB, 0xD6FB, 0xD6FB, 0xB6FB, 0x37FB, 0x99FB, 0x53DB, 
  0x8A7A, 0x696A, 0x6962, 0xCA7A, 0x896A, 0x496A, 0xAA72, 0x8A6A, 0x6962, 0x296A, 0xEEAA, 0x93E3, 0xF5F3, 0xF6FB, 0xF7FB, 0xF6FB, 
  0xD5FB, 0x96FB, 0x17FB, 0x97FB, 0xD5FB, 0xD5FB, 0x97FB, 0x18FB, 0xD8FA, 0xF8FA, 0x57FB, 0x57F3, 0xB7FB, 0xB6FB, 0xF5FB, 0xB7FB, 
  0x36FB, 0xB7FB, 0xB6FB, 0xD6FB, 0xB6FB, 0xD5FB, 0xD5FB, 0xD6FB, 0x52DB, 0x6B8A, 0x2962, 0x4A6A, 0x496A, 0xCA82, 0x696A, 0x485A, 
  0x085A, 0x486A, 0xA97A, 0x8A72, 0x6A7A, 0x697A, 0x6A7A, 0xED92, 0xCEA2, 0x31C3, 0xB6F3, 0xD8FB, 0x76F3, 0x33D3, 0xEFB2, 0x8C9A, 
  0x0972, 0xE751, 0x4962, 0xAA62, 0x485A, 0x696A, 0xAA72, 0x8962, 0x6962, 0x6A72, 0x4962, 0xEB7A, 0x496A, 0x6B82, 0x93E3, 0xD5EB, 
  0x0962, 0xA962, 0xAA72, 0x696A, 0xAA72, 0x8A72, 0xAA72, 0x6962, 0x896A, 0x896A, 0x485A, 0x695A, 0x285A, 0xCA72, 0xAA72, 0x485A, 
  0x6962, 0x695A, 0x2852, 0x2852, 0x6962, 0xAA72, 0x485A, 0x8A72, 0xCF8A, 0xD051, 0xCF20, 0xF020, 0x3021, 0x1031, 0x1029, 0x1029, 
  0x1029, 0x1021, 0x1029, 0x1029, 0x1029, 0x1029, 0x1029, 0x1029, 0x1029, 0x1029, 0x1029, 0x1029, 0x1029, 0x1029, 0x1029, 0x1029, 
  0x1029, 0x1029, 0x1029, 0x1029, 0x1029, 0x1029, 0x1029, 0x1029, 0x1029, 0x1029, 0x1029, 0x1029, 0x1029, 0x1029, 0x1029, 0x1029, 
  0x1029, 0x1029, 0x1029, 0x1029, 0x1029, 0x1029, 0x1029, 0x1029, 0x1029, 0x1029, 0x1029, 0x1029, 0x1029, 0x1029, 0x1029, 0x1029, 
  0xCF20, 0xCF20, 0xEF28, 0x9149, 0x5382, 0x36BB, 0xD7E3, 0xF7FB, 0xF6FB, 0xF6FB, 0xF5FB, 0xD5FB, 0xD6FB, 0xD6FB, 0xD6FB, 0xD6FB, 
  0xD6FB, 0xB6FB, 0xD6FB, 0xD6FB, 0xD6FB, 0xD6FB, 0xD6FB, 0xB6FB, 0xB6FB, 0xB6FB, 0xD6FB, 0xD6FB, 0xD6FB, 0xB6FB, 0xB6FB, 0xD6FB, 
  0xB6FB, 0xD6FB, 0xD6FB, 0xD5FB, 0xD6FB, 0xB6FB, 0xB6FB, 0xD6FB, 0xB6FB, 0xB6FB, 0xB6FB, 0xD6FB, 0xB5FB, 0xB6FB, 0xB6FB, 0xD6FB, 
  0xB6FB, 0xD6FB, 0xB6FB, 0xB6FB, 0xB6FB, 0xB6FB, 0xB6FB, 0xD6FB, 0xD6FB, 0xD6FB, 0xD6FB, 0xB6FB, 0xB6FB, 0xB6FB, 0xB6FB, 0xB6FB, 
  0xD6FB, 0xB6FB, 0xD6FB, 0xD6FB, 0xB6FB, 0x97FB, 0x58FB, 0x38FB, 0x77FB, 0xD6FB, 0xD5FB, 0xD5FB, 0x77FB, 0xF8FA, 0x76F3, 0xAD92, 
  0x496A, 0x485A, 0x8A62, 0x6962, 0x8962, 0x6962, 0x2862, 0x285A, 0x6962, 0xAA72, 0x8A6A, 0x496A, 0x8C8A, 0xCEAA, 0x10B3, 0x72CB, 
  0xF6FB, 0xD8FB, 0x37FB, 0x37FB, 0xB6FB, 0xD6FB, 0xD6FB, 0xD6FB, 0x77FB, 0x37F3, 0x78FB, 0x37FB, 0xB6FB, 0xD6FB, 0xD5FB, 0x77FB, 
  0x57FB, 0xD6FB, 0xD5FB, 0xD6FB, 0xB6FB, 0xB6FB, 0xB6FB, 0x76FB, 0x97FB, 0xB5EB, 0x10B3, 0x4A7A, 0x695A, 0x8A6A, 0x8B8A, 0x0EAB, 
  0x52CB, 0x53D3, 0x53E3, 0x74E3, 0x94EB, 0x94EB, 0xB4EB, 0xD5FB, 0xD5FB, 0xD5F3, 0x51CB, 0xAC9A, 0x6A72, 0x285A, 0xAA72, 0xEB82, 
  0x8A6A, 0x695A, 0x695A, 0x8A6A, 0x6A6A, 0x8A6A, 0x695A, 0x695A, 0x4862, 0xAA72, 0x8972, 0x686A, 0x896A, 0x896A, 0x6B7A, 0xD4E3, 
  0x4B7A, 0x495A, 0x8A7A, 0x696A, 0x8962, 0x896A, 0x8A72, 0x4862, 0xAA72, 0xAA7A, 0x4962, 0x695A, 0x274A, 0x0742, 0x8A62, 0x8A72, 
  0x496A, 0x4952, 0x2852, 0x284A, 0x696A, 0xAA6A, 0xA962, 0x8862, 0x8A72, 0xCF82, 0x516A, 0x5039, 0x0F29, 0xEF20, 0xF020, 0x3021, 
  0x1029, 0x1029, 0x1029, 0x1029, 0xF128, 0x1029, 0x1029, 0x1029, 0x1029, 0x1029, 0x1029, 0x1029, 0x1029, 0x1029, 0x1029, 0x1029, 
  0x1029, 0x1029, 0x1029, 0x1029, 0x1029, 0x1029, 0x1029, 0x1029, 0x1029, 0x1029, 0x1029, 0x1029, 0x1029, 0x1029, 0x1029, 0x1029, 
  0x1029, 0x1029, 0x1029, 0x1029, 0x1029, 0x1029, 0x1029, 0x1029, 0x1029, 0x1029, 0x1029, 0x1029, 0x1029, 0x1029, 0x1029, 0x1029, 
  0xB261, 0x9492, 0xB6CB, 0xF6E3, 0xD4EB, 0x93E3, 0x94F3, 0xD6FB, 0xB5FB, 0xB6FB, 0xB6FB, 0xD6FB, 0xD6FB, 0xD6FB, 0xD6FB, 0xB6FB, 
  0xB6FB, 0xB6FB, 0xB6FB, 0xB6FB, 0xB6FB, 0xD6FB, 0xD6FB, 0xD6FB, 0xD6FB, 0xD6FB, 0xD6FB, 0xD6FB, 0xD6FB, 0xD6FB, 0xB6FB, 0xB6FB, 
  0xB6FB, 0xD6FB, 0xD6FB, 0xB5FB, 0xB6FB, 0xD6FB, 0xD6FB, 0xD6FB, 0xD6FB, 0xD6FB, 0xD6FB, 0xD6FB, 0xB6FB, 0xD6FB, 0xD6FB, 0xD6FB, 
  0xD6FB, 0xB6FB, 0xB6FB, 0xD6FB, 0xB6FB, 0xB6FB, 0xD6FB, 0xD5FB, 0xD5FB, 0xD5FB, 0xD6FB, 0xD6FB, 0xD6FB, 0xD5FB, 0xD6FB, 0xB6FB, 
  0x97FB, 0x77FB, 0x77FB, 0x58FB, 0x18FB, 0xF8FA, 0xF8FA, 0xF9FA, 0x58FB, 0xD6FB, 0xD5FB, 0xD6FB, 0x18FB, 0x58FB, 0x31C3, 0x4862, 
  0x685A, 0x695A, 0x495A, 0x485A, 0x4862, 0x8962, 0x8A62, 0x495A, 0x6962, 0x8A72, 0xAA7A, 0xAA6A, 0x6962, 0x695A, 0x285A, 0x296A, 
  0xCDA2, 0x94E3, 0xB7FB, 0x77FB, 0x37FB, 0x58FB, 0x77FB, 0xB6FB, 0xB6FB, 0x97FB, 0x57FB, 0x76FB, 0x93E3, 0x73DB, 0xD6FB, 0x36FB, 
  0x97FB, 0xD6FB, 0xD5FB, 0xD6FB, 0xD6FB, 0xD6FB, 0xB7FB, 0x76FB, 0x17FB, 0x57FB, 0xB8FB, 0xD4EB, 0x4A7A, 0xEFAA, 0xB6F3, 0x77FB, 
  0x57FB, 0x98FB, 0xB7FB, 0xB6FB, 0xD6FB, 0xF6FB, 0x53E3, 0xCFB2, 0x8D9A, 0xAC92, 0x4A72, 0x296A, 0x8A72, 0x696A, 0x486A, 0xA972, 
  0x696A, 0x895A, 0x6852, 0x695A, 0x8A6A, 0x696A, 0x8A72, 0xAA72, 0xA962, 0xEB82, 0x0C93, 0xCA82, 0xAA72, 0x496A, 0x485A, 0xCC8A, 
  0x2EA3, 0x0852, 0x6962, 0xCA72, 0xA96A, 0x896A, 0xAA72, 0xAA6A, 0xAA72, 0x4962, 0x074A, 0x4952, 0xE749, 0xE749, 0x4862, 0x485A, 
  0x4752, 0x0862, 0x6962, 0x8A6A, 0x6862, 0x6962, 0x285A, 0x8962, 0x8962, 0x4962, 0x6A72, 0xAE7A, 0xB28A, 0xB261, 0x3241, 0xF028, 
  0xEF20, 0x1029, 0x0F29, 0x0F29, 0x0F21, 0x1029, 0x1029, 0x1029, 0x1029, 0x1029, 0x1029, 0x1029, 0x1029, 0x1029, 0x1029, 0x1029, 
  0x1029, 0x1029, 0x1029, 0x1029, 0x1029, 0x1029, 0x1029, 0x1029, 0x1029, 0x1029, 0x1029, 0x1029, 0x1029, 0x1029, 0x1029, 0x1029, 
  0x1029, 0x1029, 0x1029, 0x1029, 0x1029, 0x1029, 0x1029, 0x1029, 0x1029, 0x1029, 0x1029, 0x1029, 0x1029, 0x1029, 0x1029, 0x1029, 
  0xF5E3, 0x72D3, 0xCEB2, 0xADAA, 0xF0BA, 0x53DB, 0xD6FB, 0xD7FB, 0xB6FB, 0xD6FB, 0xD6FB, 0xD6FB, 0xD6FB, 0xD6FB, 0xB6FB, 0xB6FB, 
  0xB6FB, 0xB6FB, 0xB6FB, 0xD6FB, 0xD6FB, 0xB6FB, 0xB6FB, 0xB6FB, 0xD6FB, 0xD6FB, 0xB6FB, 0xD6FB, 0xD6FB, 0xD6FB, 0xB6FB, 0xD6FB, 
  0xD6FB, 0xD6FB, 0xD6FB, 0xD6FB, 0xD6FB, 0xD6FB, 0xB6FB, 0xD6FB, 0xD6FB, 0xB6FB, 0xB6FB, 0xD6FB, 0xD6FB, 0xD6FB, 0xB6FB, 0xB6FB, 
  0xD6FB, 0xB6FB, 0xB5FB, 0xB6FB, 0xB6FB, 0xD6FB, 0xD6FB, 0xD5FB, 0xD5FB, 0xD5FB, 0xB6FB, 0xD6FB, 0xD6FB, 0xD5FB, 0xD6FB, 0xB6FB, 
  0x57FB, 0x17FB, 0xF8FA, 0xF9FA, 0xF9FA, 0xF9FA, 0xF9FA, 0xF8FA, 0x76FB, 0xB6FB, 0xD6FB, 0x78FB, 0x18FB, 0xB5EB, 0x8B82, 0x696A, 
  0x2752, 0x695A, 0xAA72, 0x896A, 0x4862, 0xAA6A, 0x6962, 0x495A, 0x6962, 0x6962, 0x6962, 0x8A72, 0x6962, 0x695A, 0x4962, 0xAA7A, 
  0xA96A, 0x486A, 0x6C8A, 0x32CB, 0x95E3, 0x76F3, 0x57FB, 0x77FB, 0x77FB, 0x58FB, 0x98FB, 0xF6F3, 0x4B92, 0xCE9A, 0xB5EB, 0x76FB, 
  0xD7FB, 0xD5FB, 0xD6FB, 0xD6FB, 0xD6FB, 0xD5FB, 0xD5FB, 0xD6FB, 0xB6FB, 0x57FB, 0x17F3, 0xB7FB, 0x11CB, 0xD5FB, 0xF9FB, 0x78F3, 
  0x97FB, 0xD6FB, 0xD6FB, 0xD5FB, 0xD6FB, 0xD6FB, 0xD5F3, 0xF5E3, 0xD4EB, 0xB5F3, 0xD5F3, 0xB5F3, 0x94EB, 0x92DB, 0x2FBB, 0xEDA2, 
  0x8B8A, 0x4A72, 0x6972, 0x696A, 0x085A, 0x896A, 0xEA7A, 0x696A, 0x6862, 0x896A, 0x6A7A, 0xEEAA, 0x51CB, 0x0FAB, 0x6B7A, 0xE749, 
  0x496A, 0x695A, 0x895A, 0x696A, 0x8A7A, 0x496A, 0x2962, 0x6A72, 0xAC92, 0xAC92, 0xAD92, 0x71CB, 0x10CB, 0x2FAB, 0x4A72, 0x4A72, 
  0xCC82, 0xEEA2, 0x0FB3, 0x8B82, 0x2852, 0x695A, 0x6A6A, 0x4962, 0x695A, 0x485A, 0x084A, 0x074A, 0x6C8A, 0xD8F3, 0x54AB, 0x4F72, 
  0x9049, 0x3031, 0x0F21, 0xEF20, 0xF028, 0x0F29, 0x0F29, 0x1029, 0x1029, 0x1029, 0x1029, 0x1029, 0x1029, 0x1029, 0x1029, 0x1029, 
  0x1029, 0x1029, 0x1029, 0x1029, 0x1029, 0x1029, 0x1029, 0x1029, 0x1029, 0x1029, 0x1029, 0x1029, 0x1029, 0x1029, 0x1029, 0x1029, 
  0x1029, 0x1029, 0x1029, 0x1029, 0x1029, 0x1029, 0x1029, 0x1029, 0x1029, 0x1029, 0x1029, 0x1029, 0x1029, 0x1029, 0x1029, 0x1029, 
  0x6C92, 0xAEB2, 0x53DB, 0xB5F3, 0xF6FB, 0xF6FB, 0xF7FB, 0xD7FB, 0xD6FB, 0xB6FB, 0xD5FB, 0xD5FB, 0xD6FB, 0xB6FB, 0xB6FB, 0xD6FB, 
  0xD6FB, 0xD6FB, 0xB6FB, 0xB6FB, 0xB6FB, 0xD6FB, 0xD6FB, 0xD6FB, 0xB5FB, 0xB6FB, 0xD6FB, 0xB6FB, 0xB6FB, 0xB6FB, 0xD6FB, 0xD6FB, 
  0xD6FB, 0xD6FB, 0xB6FB, 0xD6FB, 0xD6FB, 0xB6FB, 0xB6FB, 0xD6FB, 0xD6FB, 0xD6FB, 0xD6FB, 0xB6FB, 0xB6FB, 0xB6FB, 0xB6FB, 0xB6FB, 
  0xB6FB, 0xB6FB, 0xB5FB, 0xD6FB, 0xD6FB, 0xD6FB, 0xD6FB, 0xD6FB, 0xD5FB, 0xD5FB, 0xD6FB, 0xB6FB, 0xD6FB, 0xD5FB, 0xD6FB, 0xB7FB, 
  0x37FB, 0xF9FA, 0xF8FA, 0xF8FA, 0xF9FA, 0xF9FA, 0xF9FA, 0xF8FA, 0x96FB, 0xD6FB, 0xD6FB, 0x37FB, 0xB8FB, 0x0EA3, 0x0852, 0x8A72, 
  0x8A62, 0x6962, 0xAA7A, 0x896A, 0xAA6A, 0x6962, 0x485A, 0x8962, 0xAA6A, 0x285A, 0x696A, 0xAB7A, 0x4962, 0x895A, 0x6962, 0x896A, 
  0xAA72, 0xCB7A, 0x285A, 0x074A, 0x6A6A, 0x8B82, 0xEEAA, 0x30BB, 0x50C3, 0x30C3, 0xEEAA, 0x6B7A, 0x4962, 0x4A62, 0xEFB2, 0xD7FB, 
  0xD6FB, 0xD5FB, 0xB6FB, 0xB6FB, 0xD6FB, 0xD5FB, 0xD5FB, 0xD5FB, 0xD5FB, 0x97FB, 0x18FB, 0x77FB, 0x52E3, 0xB6FB, 0x1BF5, 0xF7F3, 
  0xD5FB, 0xF5FB, 0xD6FB, 0xD6FB, 0xD6FB, 0xD5FB, 0xF5FB, 0xD5FB, 0xD6FB, 0xD6FB, 0xF6FB, 0xD6FB, 0xD6FB, 0xD7FB, 0xB7FB, 0xB7FB, 
  0xB7FB, 0x95EB, 0x73DB, 0x31C3, 0x10B3, 0xEFAA, 0xAC8A, 0x4A72, 0x0862, 0x4962, 0x30BB, 0x16FC, 0xD6FB, 0xD6FB, 0xD4E3, 0xCE9A, 
  0xE859, 0x0852, 0x296A, 0x50B3, 0x51CB, 0x8EAA, 0x72CB, 0xB4EB, 0xD5FB, 0xF5FB, 0x16FC, 0xF6FB, 0xF6FB, 0x16FC, 0x94E3, 0xB5F3, 
  0xD6FB, 0xF6FB, 0x17FC, 0x94DB, 0x0A6A, 0x6962, 0x4962, 0x4962, 0x4962, 0x695A, 0x6A62, 0x8862, 0x6A7A, 0x39FC, 0x709B, 0xE859, 
  0x2C6A, 0x6E6A, 0x1062, 0xB151, 0x1031, 0xEF20, 0xEF20, 0x1029, 0x1029, 0x1029, 0x1029, 0x1029, 0x1029, 0x1029, 0x1029, 0x1029, 
  0x1029, 0x1029, 0x1029, 0x1029, 0x1029, 0x1029, 0x1029, 0x1029, 0x1029, 0x1029, 0x1029, 0x1029, 0x1029, 0x1029, 0x1029, 0x1029, 
  0x1029, 0x1029, 0x1029, 0x1029, 0x1029, 0x1029, 0x1029, 0x1029, 0x1029, 0x1029, 0x1029, 0x1029, 0x1029, 0x1029, 0x1029, 0x1029, 
  0x95EB, 0xF6FB, 0xD6FB, 0xF6FB, 0xD5FB, 0xD5FB, 0xB5FB, 0xD5FB, 0xD6FB, 0xB6FB, 0xB6FB, 0xB6FB, 0xD6FB, 0xB6FB, 0xD6FB, 0xD6FB, 
  0xD6FB, 0xD6FB, 0xD6FB, 0xB6FB, 0xD6FB, 0xD6FB, 0xD6FB, 0xB6FB, 0xD6FB, 0xB6FB, 0xB6FB, 0xB6FB, 0xD6FB, 0xB5FB, 0xB5FB, 0xD6FB, 
  0xB6FB, 0xB6FB, 0xB6FB, 0xD6FB, 0xD6FB, 0xB6FB, 0xD6FB, 0xD6FB, 0xB6FB, 0xB6FB, 0xB6FB, 0xB6FB, 0xB6FB, 0xB6FB, 0xD6FB, 0xB6FB, 
  0xD6FB, 0xD6FB, 0xD6FB, 0xD6FB, 0xD6FB, 0xD5FB, 0xD6FB, 0xD6FB, 0xD6FB, 0xD5FB, 0xD5FB, 0xD6FB, 0xD6FB, 0xD6FB, 0xD6FB, 0x97FB, 
  0x17FB, 0xF9FA, 0xF9FA, 0xF9FA, 0xF9FA, 0xF9FA, 0x18FB, 0x37FB, 0xB7FB, 0xF5FB, 0xB6FB, 0x77FB, 0xB4E3, 0x296A, 0x685A, 0x4962, 
  0x696A, 0x696A, 0x896A, 0x4962, 0x8A6A, 0x8962, 0x4852, 0x6962, 0x496A, 0x8A6A, 0xEB7A, 0xCA7A, 0x696A, 0x8A72, 0x4962, 0x8A6A, 
  0x696A, 0xAA72, 0xA96A, 0xA962, 0x6962, 0x896A, 0x8972, 0x6962, 0x4962, 0x4862, 0x8972, 0x8962, 0x8962, 0x2852, 0xAD9A, 0xF6FB, 
  0xB5FB, 0xD5FB, 0xD6FB, 0xD6FB, 0xD6FB, 0xD5FB, 0xD6FB, 0xD6FB, 0xF6FB, 0x37FB, 0xF8FA, 0x96F3, 0x72E3, 0xF7F3, 0x7CF5, 0xF6F3, 
  0xD5FB, 0xD6FB, 0xB6FB, 0xF5FB, 0xD5FB, 0xF6FB, 0xD6FB, 0xB5FB, 0xD6FB, 0xF6FB, 0x96FB, 0x57FB, 0x37FB, 0x17FB, 0xF8FA, 0xF8FA, 
  0xF8FA, 0x79FB, 0x3AFC, 0xB9FB, 0x58FB, 0x78FB, 0xD7FB, 0xF5EB, 0xCFAA, 0xAEAA, 0x15FC, 0xD6FB, 0xD6F3, 0xD5FB, 0xD6FB, 0xF6FB, 
  0x73D3, 0x8D92, 0xB4E3, 0xF6FB, 0x12DB, 0xF5FB, 0x16FC, 0xF6FB, 0xD6FB, 0xD6FB, 0xB6FB, 0xD6FB, 0xD6F3, 0xB6FB, 0xB6FB, 0xD6FB, 
  0xD6FB, 0xD5FB, 0x51C3, 0xD4E3, 0x2FB3, 0x085A, 0x685A, 0xCA6A, 0x696A, 0xAB7A, 0xCB7A, 0x896A, 0x6C92, 0xDBFC, 0x91A3, 0xE751, 
  0x895A, 0x485A, 0x2862, 0x8C7A, 0x8F72, 0xEF59, 0x9049, 0x3031, 0xF028, 0x1029, 0x1029, 0x1029, 0x1029, 0x1029, 0x1029, 0x1029, 
  0x1029, 0x1029, 0x1029, 0x1029, 0x1029, 0x1029, 0x1029, 0x1029, 0x1029, 0x1029, 0x1029, 0x1029, 0x1029, 0x1029, 0x1029, 0x1029, 
  0x1029, 0x1029, 0x1029, 0x1029, 0x1029, 0x1029, 0x1029, 0x1029, 0x1029, 0x1029, 0x1029, 0x1029, 0x1029, 0x1029, 0x1029, 0x1029, 
  0xD6FB, 0xB6FB, 0xD5FB, 0xB5FB, 0xD6FB, 0xD6FB, 0xD6FB, 0xD6FB, 0xB5FB, 0xD6FB, 0xD6FB, 0xD6FB, 0xD6FB, 0xB6FB, 0xB5FB, 0xD5FB, 
  0xD6FB, 0xB6FB, 0xD6FB, 0xD6FB, 0xD6FB, 0xD6FB, 0xD6FB, 0xB6FB, 0xD6FB, 0xB6FB, 0xB6FB, 0xD6FB, 0xD6FB, 0xB6FB, 0xD5FB, 0xD5FB, 
  0xD6FB, 0xD6FB, 0xD6FB, 0xD6FB, 0xD6FB, 0xD6FB, 0xD6FB, 0xD6FB, 0xD6FB, 0xB6FB, 0xD6FB, 0xD6FB, 0xB6FB, 0xB6FB, 0xB6FB, 0xD5FB, 
  0xD5FB, 0xD6FB, 0xD6FB, 0xD6FB, 0xD6FB, 0xD6FB, 0xD6FB, 0xD6FB, 0xD6FB, 0xD6FB, 0xD5FB, 0xD5FB, 0xB6FB, 0xB6FB, 0xB6FB, 0x57FB, 
  0x19FB, 0xF9FA, 0xF9FA, 0xF9FA, 0xF9FA, 0xF8FA, 0xF8FA, 0x97FB, 0xD6FB, 0xD5FB, 0xB6FB, 0xF6FB, 0xEEA2, 0x4962, 0xCB7A, 0x8972, 
  0x8972, 0xAA6A, 0x4962, 0x4962, 0x696A, 0xAA72, 0xAA6A, 0x8962, 0x8972, 0xCB8A, 0x6A6A, 0x896A, 0x4862, 0x696A, 0x695A, 0x4952, 
  0x485A, 0x6972, 0x696A, 0x8962, 0x495A, 0x495A, 0x495A, 0x495A, 0x495A, 0x6962, 0x896A, 0x6962, 0x6A6A, 0xAA62, 0x8B82, 0xD5F3, 
  0xD6FB, 0xD6FB, 0xD5FB, 0xB6FB, 0xD6FB, 0xD5FB, 0xD6FB, 0xD6FB, 0x37FB, 0xF8FA, 0x78FB, 0xB4E3, 0x10CB, 0xD7FB, 0xFCFD, 0x58F4, 
  0xB6FB, 0xD5FB, 0xB6FB, 0xD6FB, 0xD5FB, 0xB6FB, 0xB6FB, 0xD6FB, 0xD6FB, 0xD6FB, 0x96FB, 0x77FB, 0x77FB, 0x97FB, 0x97FB, 0x77FB, 
  0x77FB, 0x97FB, 0xB8FB, 0x97F3, 0x17FB, 0x18F3, 0xF8FA, 0x98FB, 0xB6FB, 0xB5FB, 0xF6FB, 0xB6FB, 0xD6FB, 0xD6FB, 0xB6FB, 0xB6FB, 
  0xF6FB, 0x16FC, 0xF6FB, 0xB5FB, 0xD6FB, 0xF6FB, 0xD6FB, 0xB5FB, 0xD6FB, 0xD5FB, 0xD5FB, 0xB6FB, 0xD6FB, 0x76FB, 0x96FB, 0xD5FB, 
  0xF5F3, 0xCDA2, 0x085A, 0x6B82, 0x15EC, 0xAE92, 0x285A, 0xEB82, 0xAA7A, 0x696A, 0x6A6A, 0x4962, 0x8D9A, 0x9CFD, 0xB2AB, 0xE751, 
  0x8962, 0x495A, 0x6952, 0x685A, 0x4862, 0x6962, 0x8C72, 0x7072, 0x9049, 0x1029, 0xF020, 0x1021, 0x1029, 0x1029, 0x1029, 0x0F29, 
  0x0F29, 0x1029, 0x1029, 0x1029, 0x1029, 0x1029, 0x1029, 0x1029, 0x1029, 0x1029, 0x1029, 0x1029, 0x1029, 0x1029, 0x1029, 0x1029, 
  0x1029, 0x1029, 0x1029, 0x1029, 0x1029, 0x1029, 0x1029, 0x1029, 0x1029, 0x1029, 0x1029, 0x1029, 0x1029, 0x1029, 0x1029, 0x1029, 
  0xB6FB, 0xD6FB, 0xD6FB, 0xD6FB, 0xD6FB, 0xB5FB, 0xB6FB, 0xD6FB, 0xD6FB, 0xD6FB, 0xD6FB, 0xD6FB, 0xD6FB, 0xD6FB, 0xD5FB, 0xD5FB, 
  0xD6FB, 0xB6FB, 0xD6FB, 0xD6FB, 0xD6FB, 0xD6FB, 0xD6FB, 0xD6FB, 0xD6FB, 0xD6FB, 0xB6FB, 0xB6FB, 0xB6FB, 0xB6FB, 0xD6FB, 0xD6FB, 
  0xD6FB, 0xD6FB, 0xD6FB, 0xD6FB, 0xD6FB, 0xD6FB, 0xD6FB, 0xD6FB, 0xD6FB, 0xD6FB, 0xD6FB, 0xD6FB, 0xD6FB, 0xD6FB, 0xB6FB, 0xD6FB, 
  0xD6FB, 0xD6FB, 0xD6FB, 0xD6FB, 0xD6FB, 0xD6FB, 0xD6FB, 0xD6FB, 0xD6FB, 0xD6FB, 0xD6FB, 0xD6FB, 0xB6FB, 0xB6FB, 0x77FB, 0x18FB, 
  0xF9FA, 0xF9FA, 0xF8FA, 0xF8FA, 0xF8FA, 0xF8FA, 0x37FB, 0xB6FB, 0xB5FB, 0xB6FB, 0xD6FB, 0x72D3, 0x296A, 0x8962, 0x896A, 0xAA7A, 
  0xCA7A, 0x896A, 0x8A62, 0x895A, 0x2752, 0x6962, 0x4972, 0xAA7A, 0xAA72, 0x6962, 0x695A, 0x696A, 0xAB8A, 0x2962, 0x494A, 0x6962, 
  0x896A, 0x6962, 0x696A, 0x4862, 0x695A, 0x495A, 0x0852, 0x8A62, 0x6962, 0xAA6A, 0x4962, 0x4962, 0x8962, 0x6962, 0x285A, 0x50BB, 
  0x37FC, 0xD5FB, 0x16FC, 0xF6FB, 0xF5FB, 0xD5FB, 0xB5FB, 0x96EB, 0x3AF4, 0x17F3, 0xD7FB, 0xCEA2, 0x8C92, 0xB5FB, 0x9BF5, 0x7BF5, 
  0x75F3, 0xF6FB, 0xB6FB, 0xD6FB, 0xD5FB, 0xD6FB, 0xD6FB, 0xD5FB, 0xD5FB, 0xD6FB, 0xF5FB, 0xF5FB, 0x15FC, 0xF5FB, 0xD6FB, 0x76FB, 
  0x76F3, 0x57FB, 0x76FB, 0xB6FB, 0xD6FB, 0xB6FB, 0x77FB, 0x16FB, 0xD6FB, 0xD5FB, 0xD6FB, 0xD6FB, 0xB6FB, 0xB5FB, 0xB6FB, 0xD6FB, 
  0xD5FB, 0xD5FB, 0xD5FB, 0xD6FB, 0xD6FB, 0xB5FB, 0xD6FB, 0xD6FB, 0xD6FB, 0xD6FB, 0xD5FB, 0xD6FB, 0x77FB, 0x56FB, 0xB6FB, 0xD6FB, 
  0x72D3, 0x4A72, 0xAA6A, 0x6A72, 0xEFBA, 0xF5F3, 0x8C8A, 0x896A, 0xEB82, 0x6972, 0x895A, 0x6862, 0x10BB, 0xBDFD, 0x70A3, 0xE751, 
  0x4962, 0x6962, 0x495A, 0x495A, 0x485A, 0x485A, 0x2852, 0x485A, 0x8C6A, 0x8D51, 0x5141, 0x5039, 0xEE20, 0xF028, 0x3029, 0x1029, 
  0x1029, 0x1029, 0x1029, 0x1029, 0x0F29, 0x0F29, 0x1029, 0xF028, 0xF028, 0x1029, 0x1029, 0x1029, 0x1029, 0x1029, 0x1029, 0x1029, 
  0x1029, 0x1029, 0x1029, 0x1029, 0x1029, 0x1029, 0x1029, 0x1029, 0x1029, 0x1029, 0x1029, 0x1029, 0x1029, 0x1029, 0x1029, 0x1029, 
  0xB6FB, 0xD6FB, 0xD6FB, 0xD6FB, 0xD6FB, 0xD6FB, 0xD6FB, 0xD6FB, 0xD6FB, 0xD6FB, 0xD6FB, 0xD6FB, 0xD6FB, 0xD6FB, 0xD6FB, 0xD5FB, 
  0xD6FB, 0xD6FB, 0xD6FB, 0xB6FB, 0xD6FB, 0xD6FB, 0xD6FB, 0xB6FB, 0xB6FB, 0xD6FB, 0xD6FB, 0xD6FB, 0xB6FB, 0xD6FB, 0xD6FB, 0xD6FB, 
  0xD6FB, 0xD6FB, 0xD6FB, 0xD6FB, 0xD6FB, 0xD6FB, 0xB6FB, 0xD6FB, 0xD6FB, 0xD6FB, 0xD6FB, 0xD6FB, 0xB6FB, 0xB6FB, 0xD6FB, 0xD6FB, 
  0xD6FB, 0xD6FB, 0xB6FB, 0xB6FB, 0xB6FB, 0xB6FB, 0xD6FB, 0xD6FB, 0xD6FB, 0xD6FB, 0xB6FB, 0xB6FB, 0xD6FB, 0xB7FB, 0x37FB, 0xF8FA, 
  0xF9FA, 0xF9FA, 0xF8FA, 0xF8FA, 0xF9FA, 0x18FB, 0x97FB, 0xD5FB, 0xD6FB, 0xF6F3, 0x16F4, 0x8C8A, 0x4962, 0x696A, 0xAA72, 0x8962, 
  0x6962, 0x285A, 0x695A, 0x695A, 0x6962, 0x895A, 0x8962, 0x6962, 0x4852, 0x695A, 0x696A, 0x485A, 0xAC92, 0x72D3, 0x6B7A, 0x8962, 
  0xCB7A, 0x6962, 0x8A72, 0x8A72, 0x895A, 0x4852, 0x8962, 0x285A, 0x896A, 0xAA6A, 0x285A, 0x495A, 0xCB72, 0x8972, 0x896A, 0x4A72, 
  0x52D3, 0xD4EB, 0x10B3, 0xAC8A, 0x31CB, 0x96FB, 0xD7EB, 0xBDFE, 0x7CF5, 0x77FB, 0x31CB, 0x4962, 0x4A6A, 0x30BB, 0x37F4, 0x1EFF, 
  0x17F4, 0xB6FB, 0xD6FB, 0xD5FB, 0xD6FB, 0xB6FB, 0xD6FB, 0xD6FB, 0xD6FB, 0xD6FB, 0xD5FB, 0xF5FB, 0xF6FB, 0xF6FB, 0xD6FB, 0xB6FB, 
  0x57FB, 0x19FB, 0x38FB, 0x58F3, 0xB7F3, 0xD5FB, 0xD7FB, 0x96FB, 0xB6FB, 0xD6FB, 0xD6FB, 0xD6FB, 0xD6FB, 0xB6FB, 0xF6FB, 0xD5FB, 
  0xD5FB, 0xD5FB, 0xD6FB, 0xD6FB, 0xD6FB, 0xD6FB, 0xD6FB, 0xD6FB, 0xD5FB, 0xB6FB, 0xB6FB, 0xB7FB, 0x36FB, 0xB7FB, 0xB5FB, 0x16FC, 
  0x30BB, 0x6A62, 0xAA62, 0x6A72, 0xAC8A, 0x73E3, 0xB5F3, 0x8C8A, 0x896A, 0x4852, 0x4742, 0xEDA2, 0xF6F3, 0xBCFD, 0xCD9A, 0x4852, 
  0x8A62, 0x8A62, 0x495A, 0x8962, 0x6962, 0x8A62, 0x6962, 0x695A, 0x0852, 0x085A, 0xAC72, 0xB08A, 0xF061, 0x3039, 0xCF20, 0xF028, 
  0x1131, 0x1029, 0x1029, 0x1029, 0x0F29, 0x0F29, 0x1029, 0xF028, 0xF028, 0x1029, 0x1029, 0x1029, 0x1029, 0x1029, 0x1029, 0x1029, 
  0x1029, 0x1029, 0x1029, 0x1029, 0x1029, 0x1029, 0x1029, 0x1029, 0x1029, 0x1029, 0x1029, 0x1029, 0x1029, 0x1029, 0x1029, 0x1029, 
  0xB5FB, 0xD6FB, 0xB6FB, 0xB6FB, 0xB6FB, 0xD6FB, 0xD5FB, 0xD6FB, 0xD6FB, 0xD6FB, 0xB6FB, 0xB6FB, 0xD6FB, 0xD6FB, 0xD5FB, 0xD5FB, 
  0xD6FB, 0xB6FB, 0xD6FB, 0xD6FB, 0xD6FB, 0xD6FB, 0xD6FB, 0xB6FB, 0xB6FB, 0xB6FB, 0xB6FB, 0xB6FB, 0xB6FB, 0xB6FB, 0xD6FB, 0xB6FB, 
  0xB6FB, 0xD6FB, 0xD6FB, 0xB6FB, 0xD6FB, 0xD6FB, 0xD6FB, 0xD6FB, 0xD6FB, 0xD6FB, 0xD6FB, 0xB6FB, 0xB6FB, 0xB6FB, 0xB6FB, 0xB5FB, 
  0xD5FB, 0xD6FB, 0xB6FB, 0xB6FB, 0xB6FB, 0xD6FB, 0xD6FB, 0xD6FB, 0xB6FB, 0xD6FB, 0xB6FB, 0xB6FB, 0xD6FB, 0x77FB, 0xF8FA, 0xF9FA, 
  0xF9FA, 0xF9FA, 0xF9FA, 0xF8FA, 0xF9FA, 0x38FB, 0xB6FB, 0xD5FB, 0xB6FB, 0xF6FB, 0x31C3, 0x4962, 0x8A6A, 0xAA7A, 0x896A, 0x0862, 
  0x695A, 0x695A, 0x4962, 0x896A, 0xAA6A, 0x6962, 0x695A, 0x284A, 0x695A, 0x6962, 0x8962, 0x896A, 0x4962, 0x10B3, 0xD4E3, 0x4A72, 
  0x485A, 0x4962, 0x485A, 0x8972, 0x6962, 0x896A, 0x896A, 0x6962, 0x896A, 0x896A, 0x896A, 0x6962, 0x8A72, 0x696A, 0xCA7A, 0x8A6A, 
  0x4A6A, 0x495A, 0x2852, 0x2862, 0x11CB, 0xBAF4, 0x7FFF, 0x3EFF, 0xB7F3, 0x73D3, 0x4862, 0xAA6A, 0x6A6A, 0x2962, 0xAEA2, 0x1CF6, 
  0x9DFE, 0x55F3, 0xF6FB, 0xD6FB, 0xD5FB, 0xD6FB, 0xD6FB, 0xD6FB, 0xD6FB, 0xD6FB, 0xD6FB, 0xB7FB, 0x57FB, 0x38FB, 0x57FB, 0x77FB, 
  0xB7FB, 0x77FB, 0x16F3, 0xD9FB, 0x9AF4, 0x95FB, 0xB6FB, 0xD6FB, 0xB6FB, 0x74EB, 0xB5FB, 0xB5FB, 0xD5FB, 0xF6FB, 0xF6FB, 0xD5FB, 
  0xD5FB, 0xD5FB, 0xD5FB, 0xD6FB, 0xD6FB, 0xD6FB, 0xD6FB, 0xD6FB, 0xD6FB, 0xD5FB, 0xB6FB, 0x56FB, 0x76FB, 0xD6FB, 0x16FC, 0xD4DB, 
  0x2A6A, 0x285A, 0x485A, 0x6962, 0x6962, 0x8C8A, 0xD6FB, 0xD5F3, 0xCDA2, 0x4A72, 0xAD8A, 0x54E3, 0x9AFC, 0xF9EC, 0x4B82, 0xAA72, 
  0x8A72, 0x285A, 0x8A62, 0x4962, 0x6962, 0x8A6A, 0x285A, 0x0C9B, 0x8FAB, 0x8A6A, 0x4852, 0x697A, 0x70C3, 0xF2AA, 0x7382, 0x3039, 
  0xCF20, 0x0F21, 0x1029, 0x1129, 0x1029, 0xF028, 0x1029, 0x3021, 0x3021, 0x1029, 0x1029, 0x1029, 0x1029, 0x1029, 0x1029, 0x1029, 
  0x1029, 0x1029, 0x1029, 0x1029, 0x1029, 0x1029, 0x1029, 0x1029, 0x1029, 0x1029, 0x1029, 0x1029, 0x1029, 0x1029, 0x1029, 0x1029, 
  0xB5FB, 0xD6FB, 0xD6FB, 0xD6FB, 0xD6FB, 0xB6FB, 0xD6FB, 0xB5FB, 0xD6FB, 0xD6FB, 0xB6FB, 0xD6FB, 0xD6FB, 0xD6FB, 0xD5FB, 0xD5FB, 
  0xB6FB, 0xB6FB, 0xD6FB, 0xD6FB, 0xD5FB, 0xD5FB, 0xD6FB, 0xD6FB, 0xB6FB, 0xB6FB, 0xB6FB, 0xB6FB, 0xB6FB, 0xD6FB, 0xD6FB, 0xD6FB, 
  0xB6FB, 0xB6FB, 0xD6FB, 0xB6FB, 0xD6FB, 0xB6FB, 0xB6FB, 0xB6FB, 0xB6FB, 0xD6FB, 0xB6FB, 0xB6FB, 0xB6FB, 0xB6FB, 0xD6FB, 0xB6FB, 
  0xD5FB, 0xD5FB, 0xB6FB, 0xB6FB, 0xD6FB, 0xD6FB, 0xD6FB, 0xD6FB, 0xD6FB, 0xD6FB, 0xD6FB, 0xB6FB, 0xB7FB, 0x37FB, 0xF9FA, 0xF9FA, 
  0xF9FA, 0xF8FA, 0xF9FA, 0xF9FA, 0x18FB, 0x97FB, 0xD6FB, 0xD6FB, 0xB6FB, 0xB5FB, 0x6C8A, 0xAA62, 0x6962, 0x285A, 0x495A, 0x30BB, 
  0xCEA2, 0x495A, 0x696A, 0x8A72, 0x695A, 0x8A72, 0x4862, 0x4852, 0xAA7A, 0x496A, 0x8A72, 0xAA72, 0xAA72, 0x085A, 0x92D3, 0xB3DB, 
  0x2962, 0x6952, 0x895A, 0x696A, 0x8A72, 0xCB82, 0x8A6A, 0x8A62, 0x4962, 0x696A, 0x696A, 0x8A6A, 0x4852, 0x8962, 0x896A, 0xAA7A, 
  0x6962, 0x695A, 0x0962, 0x11BB, 0x7BF5, 0xDFFF, 0xFFFF, 0x79F4, 0x54EB, 0x4A7A, 0x896A, 0xAA6A, 0x695A, 0x8962, 0x4972, 0xB4CB, 
  0x9FFF, 0x9BF5, 0x55F3, 0xF6FB, 0xD6FB, 0xD6FB, 0xD6FB, 0xD6FB, 0xD6FB, 0xD6FB, 0xB6FB, 0x57FB, 0xF8FA, 0xF9FA, 0xF9FA, 0xF8FA, 
  0x57FB, 0xB6FB, 0xF8F3, 0xB7F3, 0x5BF5, 0xB7FB, 0xB6FB, 0xB5FB, 0xD6FB, 0xF0B2, 0x30C3, 0x16FC, 0xD6FB, 0xF6FB, 0xD5F3, 0xF5FB, 
  0xD5FB, 0xD6FB, 0xD6FB, 0xD6FB, 0xD5FB, 0xD6FB, 0xD6FB, 0xD5FB, 0xD6FB, 0xD5FB, 0xD5FB, 0xB7FB, 0xF7FB, 0xF5FB, 0x72CB, 0x0A72, 
  0x0852, 0x485A, 0x8962, 0x6962, 0x6962, 0x495A, 0xAD92, 0x16FC, 0x16FC, 0xB5F3, 0xB6FB, 0x57FB, 0x39FC, 0xEFA2, 0x285A, 0xCB7A, 
  0x4862, 0x285A, 0x695A, 0xAA6A, 0xAA72, 0x4962, 0x4962, 0xEC92, 0xAB82, 0x4862, 0x6962, 0x0B83, 0xEB92, 0x086A, 0x0FB3, 0xF5D3, 
  0xD49A, 0x5149, 0xCF28, 0xCE20, 0x1021, 0x1029, 0xF030, 0xF030, 0x1029, 0x1029, 0x1029, 0x1029, 0x1029, 0x1029, 0x1029, 0x1029, 
  0x1029, 0x1029, 0x1029, 0x1029, 0x1029, 0x1029, 0x1029, 0x1029, 0x1029, 0x1029, 0x1029, 0x1029, 0x1029, 0x1029, 0x1029, 0x1029, 
  0xD6FB, 0xD6FB, 0xB5FB, 0xD6FB, 0xB6FB, 0xB6FB, 0xD6FB, 0xB6FB, 0xB5FB, 0xD6FB, 0xD6FB, 0xD5FB, 0xD6FB, 0xB6FB, 0xD5FB, 0xD5FB, 
  0xB5FB, 0xD6FB, 0xD6FB, 0xD6FB, 0xD6FB, 0xD5FB, 0xF6FB, 0xF6FB, 0xD6FB, 0xD6FB, 0xD6FB, 0xD6FB, 0xB6FB, 0xB6FB, 0xB6FB, 0xB6FB, 
  0xD6FB, 0xB6FB, 0xD6FB, 0xB6FB, 0xB6FB, 0xB6FB, 0xB6FB, 0xD6FB, 0xD6FB, 0xD6FB, 0xB6FB, 0xD6FB, 0xB6FB, 0xB6FB, 0xD6FB, 0xB6FB, 
  0xD5FB, 0xD6FB, 0xD6FB, 0xB6FB, 0xB6FB, 0xB6FB, 0xB6FB, 0xB6FB, 0xB6FB, 0xB6FB, 0xB6FB, 0xB6FB, 0x77FB, 0x38FB, 0x5AFB, 0x19FB, 
  0x18FB, 0xF8FA, 0xF8FA, 0xF9FA, 0x57FB, 0xD6FB, 0xD6FB, 0xB6FB, 0x16FC, 0x30BB, 0x285A, 0x685A, 0x4862, 0xAA72, 0xAC8A, 0x93E3, 
  0xF6FB, 0x50BB, 0x496A, 0x696A, 0x8A6A, 0x8A72, 0xAA7A, 0xCB82, 0xAA72, 0x8A7A, 0x0C93, 0xA97A, 0xEB8A, 0x685A, 0x2A72, 0x16FC, 
  0x51C3, 0x0852, 0x695A, 0x2862, 0x4852, 0x696A, 0x295A, 0x495A, 0x696A, 0xCA72, 0xCB72, 0x4862, 0x495A, 0x6962, 0x696A, 0x8972, 
  0x8A6A, 0x496A, 0xAEA2, 0x5BF5, 0xDFFF, 0xFFFF, 0x3AFD, 0x74E3, 0xCB8A, 0x6962, 0x8A6A, 0xAA7A, 0xAA7A, 0xAA7A, 0xAA7A, 0x4B82, 
  0x59E5, 0xFFFF, 0x79F4, 0x76FB, 0xF6FB, 0xD6FB, 0xD6FB, 0xD6FB, 0xD6FB, 0xD6FB, 0x77FB, 0xF8FA, 0xF9FA, 0xF9FA, 0xF9FA, 0xF9FA, 
  0x18FB, 0x56FB, 0x9BFC, 0x37EC, 0x39F5, 0x19FC, 0x96FB, 0xD6FB, 0xF6FB, 0x51CB, 0x2972, 0x51BB, 0xB5F3, 0x37FC, 0x11C3, 0xCFBA, 
  0x16FC, 0xD6FB, 0x74F3, 0x54F3, 0xF6FB, 0xF6FB, 0xB5FB, 0xD6FB, 0xF5FB, 0xD5FB, 0xD4EB, 0x93D3, 0x10B3, 0x6B7A, 0x285A, 0x495A, 
  0x4852, 0x895A, 0x6962, 0x4962, 0x6962, 0x8962, 0x285A, 0xAD92, 0x95DB, 0x97FB, 0x56FB, 0x56F3, 0xAFAA, 0xCC92, 0xAB72, 0x495A, 
  0x485A, 0x695A, 0x0852, 0x6962, 0x8A6A, 0x4962, 0xAA72, 0x696A, 0x085A, 0xE849, 0x495A, 0x496A, 0xAA7A, 0xAA72, 0x6962, 0xCDA2, 
  0x16FC, 0xD7EB, 0x35AB, 0xF269, 0x0F31, 0xEF20, 0xF020, 0x1029, 0x1029, 0x1029, 0x1029, 0x1029, 0x1029, 0x1029, 0x1029, 0x1029, 
  0x1029, 0x1029, 0x1029, 0x1029, 0x1029, 0x1029, 0x1029, 0x1029, 0x1029, 0x1029, 0x1029, 0x1029, 0x1029, 0x1029, 0x1029, 0x1029, 
  0xD6FB, 0xD6FB, 0xD6FB, 0xD6FB, 0xD6FB, 0xD6FB, 0xD6FB, 0xD6FB, 0xD6FB, 0xD6FB, 0xB5FB, 0xD6FB, 0xD6FB, 0xD6FB, 0xD5FB, 0xD5FB, 
  0xD6FB, 0xD6FB, 0xD6FB, 0xB5FB, 0xD5FB, 0xD6FB, 0xF6FB, 0xF6FB, 0xD6FB, 0xB6FB, 0xB6FB, 0xD6FB, 0xD6FB, 0xB5FB, 0xD6FB, 0xD6FB, 
  0xB5FB, 0xD6FB, 0xB6FB, 0x96FB, 0xB6FB, 0xD6FB, 0xB5FB, 0xB6FB, 0xB6FB, 0xB6FB, 0xD6FB, 0xB6FB, 0xB6FB, 0xD6FB, 0xD6FB, 0xD5FB, 
  0xD6FB, 0xD6FB, 0xD6FB, 0xB6FB, 0xD6FB, 0xB6FB, 0xB6FB, 0xD6FB, 0xD5FB, 0xD5FB, 0xD6FB, 0x97FB, 0x18FB, 0xF9FA, 0x3AFB, 0x18FB, 
  0xF8FA, 0xF9FA, 0xF9FA, 0x18FB, 0xD6FB, 0xD5FB, 0xD5FB, 0xB6FB, 0xD4F3, 0x6B72, 0x2962, 0x8962, 0xAA72, 0x4962, 0xAEA2, 0xF6FB, 
  0xD5FB, 0xF6FB, 0xB3E3, 0x8C8A, 0x6962, 0x696A, 0x6962, 0xAB72, 0x8962, 0xAA7A, 0x8A72, 0xAA72, 0xAA72, 0x895A, 0x2852, 0xEEAA, 
  0x18FC, 0xAEA2, 0x2852, 0x8A6A, 0x6962, 0x8962, 0x285A, 0xAA6A, 0xAA6A, 0x496A, 0xAA72, 0x696A, 0x896A, 0x8A6A, 0x495A, 0x8972, 
  0xCA8A, 0x4B8A, 0xF9EC, 0xBFFF, 0xFFFF, 0x9CF5, 0x55EB, 0xCCA2, 0x686A, 0xAA6A, 0x4962, 0x896A, 0x896A, 0x285A, 0x495A, 0x2862, 
  0x10AB, 0x5EFF, 0x5FFF, 0x77F3, 0xB6FB, 0xD5FB, 0xB6FB, 0xB6FB, 0xD5FB, 0xD5FB, 0x77FB, 0xF9FA, 0xF8FA, 0xF9FA, 0xD8FA, 0xB9EB, 
  0x19F4, 0x56FB, 0xDAFC, 0x98F4, 0xD9EC, 0x38F4, 0x95FB, 0xB6FB, 0xD6FB, 0x94EB, 0xAB82, 0x085A, 0x2A6A, 0x0EA3, 0x72D3, 0x2B82, 
  0xB4DB, 0x16FC, 0x33E3, 0x74EB, 0xB3E3, 0xAC8A, 0x8B8A, 0xAC92, 0xAB82, 0xAC82, 0x4A6A, 0x4862, 0x496A, 0xAA72, 0xCA72, 0x8A6A, 
  0x695A, 0x695A, 0x4962, 0x6962, 0x8A6A, 0xCB7A, 0x8962, 0x0742, 0x6A6A, 0xEE9A, 0xCD9A, 0x6B7A, 0x085A, 0xCA72, 0xCB72, 0x6A6A, 
  0x8A6A, 0x8A6A, 0x485A, 0x485A, 0x696A, 0xAA82, 0x8972, 0x8A6A, 0x695A, 0xE741, 0x495A, 0x495A, 0x495A, 0xAA6A, 0x8962, 0x0852, 
  0xEFB2, 0xF6FB, 0xF6FB, 0xF7FB, 0x96D3, 0x7382, 0x7041, 0xF028, 0xCF20, 0xEF20, 0xF028, 0x1029, 0x1029, 0x1029, 0x1029, 0x1029, 
  0x1029, 0x1029, 0x1021, 0x1029, 0x1029, 0x1029, 0x1029, 0x1029, 0x1029, 0x1029, 0x1029, 0x1029, 0x1029, 0x1029, 0x1029, 0x1029, 
  0xD6FB, 0xD6FB, 0xD6FB, 0xD5FB, 0xD6FB, 0xD6FB, 0xD6FB, 0xD6FB, 0xD6FB, 0xD6FB, 0xD6FB, 0xD6FB, 0xD6FB, 0xD6FB, 0xD5FB, 0xD6FB, 
  0xD6FB, 0xD6FB, 0xD6FB, 0xB5FB, 0xD6FB, 0xD6FB, 0xD6FB, 0xD6FB, 0xD6FB, 0xD6FB, 0xD6FB, 0xD6FB, 0xD6FB, 0xD6FB, 0xD7FB, 0xB6FB, 
  0xB6FB, 0xD6FB, 0xB6FB, 0x96FB, 0xB6FB, 0xB6FB, 0xB6FB, 0xD6FB, 0xB6FB, 0xB6FB, 0xB6FB, 0xB5FB, 0xB6FB, 0xD6FB, 0xD6FB, 0xB6FB, 
  0xD6FB, 0xD6FB, 0xD6FB, 0xD6FB, 0xD6FB, 0xB6FB, 0xD5FB, 0xD6FB, 0xF6FB, 0xD6FB, 0xB7FB, 0x37FB, 0xF9FA, 0xF9FA, 0xF9FA, 0x19FB, 
  0xF9FA, 0xF9FA, 0xF8FA, 0x77FB, 0xD6FB, 0xD5FB, 0xD5F3, 0xF6FB, 0x10C3, 0x4962, 0x8962, 0x6862, 0x4862, 0x2A6A, 0xB4E3, 0xD6FB, 
  0xD6FB, 0xD6FB, 0xD6FB, 0x15EC, 0xAC8A, 0xE851, 0x8A72, 0x6962, 0xCB7A, 0x8A72, 0x6962, 0x285A, 0x695A, 0x085A, 0x696A, 0xAB92, 
  0x74EB, 0x57F3, 0xAC82, 0x485A, 0xAB7A, 0x896A, 0x495A, 0x695A, 0x685A, 0x8962, 0x6962, 0x485A, 0xA962, 0x696A, 0xAA6A, 0xCB82, 
  0xAB92, 0xD4D3, 0x5FFF, 0xFFFF, 0x5BF5, 0x73DB, 0xAC92, 0x6962, 0xEB7A, 0x8A72, 0x896A, 0xAA6A, 0x6962, 0x485A, 0x6A6A, 0x6862, 
  0x4A7A, 0xF8E4, 0xFFFF, 0xDCF5, 0x36F3, 0xD6FB, 0xD5FB, 0xB6FB, 0xD5FB, 0xB5FB, 0x97FB, 0x38FB, 0xF8FA, 0xF8FA, 0xD9FA, 0xB9F3, 
  0x5CF5, 0x56F3, 0x1AFD, 0xB8EC, 0x9AF4, 0x38FC, 0xB5FB, 0xD5FB, 0xD6FB, 0xD5F3, 0xCC8A, 0x8962, 0x8A62, 0x2962, 0x8B7A, 0x2962, 
  0x31C3, 0xD5F3, 0xF1C2, 0x93D3, 0x4A72, 0x4852, 0xEC92, 0x6962, 0x2852, 0x6962, 0x496A, 0x6962, 0xCA7A, 0x486A, 0x6962, 0x8A72, 
  0x485A, 0x495A, 0x8A6A, 0x6962, 0x285A, 0x696A, 0x4962, 0x2852, 0x6962, 0x496A, 0x485A, 0x895A, 0x696A, 0x696A, 0xCB82, 0x285A, 
  0x495A, 0x6A6A, 0x495A, 0x4852, 0x485A, 0x8962, 0x685A, 0x6962, 0xAB7A, 0x8962, 0x4852, 0x4952, 0x484A, 0x485A, 0x485A, 0x685A, 
  0x6C92, 0xD5FB, 0xB6FB, 0xB5FB, 0x15FC, 0x16FC, 0xD7EB, 0x36B3, 0xF269, 0x5049, 0xF028, 0xF018, 0xF020, 0xF028, 0x0F29, 0x3029, 
  0x1029, 0xF028, 0xF028, 0x1029, 0x1029, 0x1029, 0xF028, 0x1029, 0x1029, 0x1029, 0x1029, 0x1029, 0x1029, 0x1029, 0x1029, 0x1029, 
  0xD6FB, 0xD6FB, 0xB5FB, 0xD6FB, 0xD6FB, 0xD6FB, 0xD6FB, 0xD6FB, 0xD6FB, 0xD5FB, 0xD6FB, 0xD6FB, 0xD6FB, 0xD6FB, 0xD6FB, 0xD6FB, 
  0xD6FB, 0xD6FB, 0xD6FB, 0xB5FB, 0xD6FB, 0xD6FB, 0xD6FB, 0xD6FB, 0xD6FB, 0xB6FB, 0xB6FB, 0xB6FB, 0xD6FB, 0xB6FB, 0xD7FB, 0xB6FB, 
  0xB6FB, 0xD6FB, 0xB6FB, 0xB6FB, 0xD6FB, 0xB6FB, 0xB5FB, 0xB6FB, 0xD6FB, 0xD6FB, 0xD6FB, 0xD6FB, 0xB6FB, 0xB6FB, 0xD6FB, 0xB6FB, 
  0xD6FB, 0xD6FB, 0xD6FB, 0xD6FB, 0xD6FB, 0xB6FB, 0xD6FB, 0xD5FB, 0xD5FB, 0xB6FB, 0x57FB, 0xF8FA, 0xF9FA, 0xF9FA, 0xF9FA, 0x19FB, 
  0xF9FA, 0xF9FA, 0x37FB, 0xD7FB, 0xB6FB, 0xD6FB, 0xF6FB, 0xB4EB, 0x8B82, 0x896A, 0x8A6A, 0x896A, 0x8A6A, 0xEFB2, 0xD6FB, 0xD6FB, 
  0xF6F3, 0xF6FB, 0x96FB, 0xB6FB, 0xD5F3, 0xEFAA, 0x4A72, 0x6962, 0xA96A, 0x6862, 0x696A, 0x8A6A, 0xAB72, 0x695A, 0x696A, 0xCB92, 
  0x52E3, 0x59FB, 0x53D3, 0x0962, 0x696A, 0x6972, 0x8A62, 0x4862, 0x485A, 0x6962, 0x8A62, 0x6962, 0x4862, 0xCA7A, 0xA972, 0x8A72, 
  0xCFB2, 0x3CFE, 0xFFFF, 0x5BF5, 0x32D3, 0x6A7A, 0x4962, 0x6962, 0x285A, 0x8A6A, 0xCB7A, 0x6A6A, 0x6962, 0x485A, 0xEB7A, 0xEB82, 
  0x696A, 0x11B3, 0x5EFF, 0xDFFF, 0xF9F3, 0x97FB, 0xD5FB, 0xD6FB, 0xD6FB, 0xB5FB, 0xD5FB, 0x78FB, 0xF9FA, 0x18FB, 0xB9FA, 0xB9F3, 
  0xBCF5, 0x55F3, 0x3BFD, 0xD8EC, 0x98F3, 0xB8FB, 0xD6FB, 0xD5FB, 0xF6FB, 0xD6F3, 0x8B82, 0x8962, 0x695A, 0x485A, 0x495A, 0x6952, 
  0xADAA, 0x51CB, 0xEE9A, 0xAD8A, 0x8A6A, 0xCA82, 0x8A7A, 0x495A, 0x8A62, 0x4962, 0xAA72, 0x2862, 0x8A72, 0xAA7A, 0xAA6A, 0x6962, 
  0x6962, 0x4962, 0x4962, 0xCB72, 0x485A, 0x895A, 0x8A6A, 0x6A7A, 0x8A72, 0x485A, 0x6962, 0x6962, 0xAA6A, 0xCA7A, 0x8972, 0x8A72, 
  0x6962, 0x495A, 0x4952, 0x4952, 0x496A, 0xAA6A, 0x695A, 0x8A72, 0x8A7A, 0x4962, 0x6962, 0x4962, 0x8A72, 0x896A, 0x6862, 0xA95A, 
  0xAC92, 0xB4F3, 0xF5FB, 0xF5FB, 0xB5FB, 0xB6FB, 0xD6FB, 0xF6FB, 0x17FC, 0xB6DB, 0xD3AA, 0x117A, 0xB151, 0x5031, 0x1021, 0xEF20, 
  0xF028, 0x1029, 0x1029, 0x1029, 0x1029, 0x1029, 0x1029, 0xF028, 0xF028, 0x1029, 0x1029, 0x1029, 0x1029, 0x1029, 0x1029, 0x1029, 
  0xB5FB, 0xD6FB, 0xB5FB, 0xD6FB, 0xD6FB, 0xB6FB, 0xD6FB, 0xD6FB, 0xD6FB, 0xD5FB, 0xD5FB, 0xD6FB, 0xD6FB, 0xD6FB, 0xD5FB, 0xD5FB, 
  0xD6FB, 0xD5FB, 0xB5FB, 0xD6FB, 0xD6FB, 0xD6FB, 0xD6FB, 0xD6FB, 0xD6FB, 0xB6FB, 0xB6FB, 0xB6FB, 0xD6FB, 0xB6FB, 0xB6FB, 0xB6FB, 
  0xB6FB, 0xD6FB, 0xD5FB, 0xB5FB, 0xB6FB, 0xB6FB, 0xB6FB, 0xD6FB, 0xD6FB, 0xD6FB, 0xB6FB, 0xB6FB, 0xB6FB, 0xB6FB, 0xB6FB, 0xB6FB, 
  0xF7FB, 0xB6FB, 0xD6FB, 0xD6FB, 0xB5FB, 0xB6FB, 0xB6FB, 0xD5FB, 0xD5FB, 0x58FB, 0xF9FA, 0xF9FA, 0xF8FA, 0xF8FA, 0xF9FA, 0xD9FA, 
  0xF9FA, 0x18FB, 0xB6FB, 0xF6FB, 0xD6FB, 0xB6FB, 0xF6FB, 0xCEA2, 0x485A, 0x8962, 0x8972, 0x6862, 0x4962, 0x72DB, 0xD6FB, 0xD6FB, 
  0xD6FB, 0xD6FB, 0xD6FB, 0xB6FB, 0xB6FB, 0xF6FB, 0x2FAB, 0x2962, 0x896A, 0xAA72, 0xAA6A, 0xCC82, 0x2FBB, 0x096A, 0xA962, 0xC97A, 
  0xCEA2, 0x38EC, 0xFAFC, 0x8EA2, 0xA86A, 0xAA7A, 0x8A6A, 0x696A, 0xCA7A, 0xAA72, 0x6A6A, 0x8A6A, 0x6972, 0x6A72, 0x896A, 0x6B82, 
  0x57E4, 0xDFFF, 0x9BF5, 0x32D3, 0x2872, 0x8A62, 0x8A6A, 0xC972, 0xAA72, 0x285A, 0x485A, 0x285A, 0x6962, 0x6962, 0xAA7A, 0xCA82, 
  0x8A72, 0x2A82, 0x79ED, 0xFFFF, 0xFCF5, 0x56F3, 0xD6FB, 0xD5F3, 0xB6FB, 0xD5FB, 0xF5FB, 0xB7FB, 0x18FB, 0x58FB, 0x79F3, 0xB8EB, 
  0x1DF6, 0x76F3, 0xDAFC, 0xB8EC, 0x16FB, 0x77FB, 0xD6FB, 0xD5FB, 0xD5FB, 0xB5F3, 0x6B82, 0x8962, 0x695A, 0x695A, 0x4962, 0xAA72, 
  0x6B8A, 0xED9A, 0x6A6A, 0x295A, 0x8B82, 0xCA82, 0x896A, 0x495A, 0x495A, 0xAB7A, 0xCB7A, 0xAA6A, 0x2862, 0x6962, 0x6962, 0x6962, 
  0xAA6A, 0x8A6A, 0xAA6A, 0x696A, 0x8962, 0x2852, 0x695A, 0xCB82, 0x6962, 0xAA6A, 0xAA7A, 0x4962, 0x6962, 0xA962, 0x696A, 0xAA7A, 
  0xCB82, 0x8A6A, 0x896A, 0x6962, 0x896A, 0x8A6A, 0x6962, 0xAA6A, 0x896A, 0xCA7A, 0xEB92, 0xAA82, 0x8A72, 0x896A, 0xAA6A, 0x6852, 
  0x4B8A, 0xF5FB, 0xD6FB, 0xB6FB, 0xB6FB, 0xD6FB, 0xD6FB, 0xB6FB, 0xB6FB, 0xF6FB, 0xD5FB, 0x93EB, 0x11BB, 0xB192, 0x3072, 0xD159, 
  0x7039, 0x1021, 0x1029, 0x1029, 0x1029, 0x3029, 0x1021, 0x1029, 0xF028, 0x1029, 0x1029, 0x1029, 0x1029, 0x1029, 0x1029, 0x1029, 
  0xD6FB, 0xD6FB, 0xD6FB, 0xD6FB, 0xD6FB, 0xB6FB, 0xD6FB, 0xD6FB, 0xD6FB, 0xD6FB, 0xD6FB, 0xD5FB, 0xD6FB, 0xD6FB, 0xB5FB, 0xB5FB, 
  0xD6FB, 0xB5FB, 0xD6FB, 0xB5FB, 0xD5FB, 0xD6FB, 0xD6FB, 0xD6FB, 0xD6FB, 0xD6FB, 0xB6FB, 0xB6FB, 0xD6FB, 0xB6FB, 0xD6FB, 0xD6FB, 
  0xD6FB, 0xD6FB, 0xD5FB, 0xB5FB, 0xD6FB, 0xD6FB, 0xD6FB, 0xD6FB, 0xB6FB, 0xB6FB, 0xB6FB, 0xB6FB, 0xD6FB, 0xD6FB, 0xB6FB, 0xB6FB, 
  0xB6FB, 0xB6FB, 0xD6FB, 0xD5FB, 0xB5FB, 0xD6FB, 0xB6FB, 0xB6FB, 0x77FB, 0xF8FA, 0xFAFA, 0xF9FA, 0xF9FA, 0xF8FA, 0xF8FA, 0xF9FA, 
  0x18FB, 0x77FB, 0xD6FB, 0xD5FB, 0xB5FB, 0x16FC, 0x72D3, 0x4962, 0xA96A, 0x8A6A, 0x496A, 0x485A, 0x8B82, 0xD5F3, 0xD6FB, 0xD5FB, 
  0xD5FB, 0xD5FB, 0xF6FB, 0xD6FB, 0x95FB, 0xD6FB, 0xF6FB, 0x10BB, 0x0862, 0x8962, 0x8962, 0x2962, 0x51C3, 0x51D3, 0x296A, 0xAA6A, 
  0x2962, 0x72CB, 0x9EFE, 0x36DC, 0x497A, 0x495A, 0x6A6A, 0x696A, 0x896A, 0x2852, 0x695A, 0x4862, 0xA96A, 0xCA6A, 0x696A, 0xAFB2, 
  0x7EFE, 0x9DFE, 0x74E3, 0x8B8A, 0x696A, 0xAA72, 0x0C93, 0x4862, 0x695A, 0x495A, 0x6962, 0x8A62, 0x495A, 0xAA62, 0x8972, 0x896A, 
  0xEB82, 0xA97A, 0x92C3, 0x9FFF, 0x9FFF, 0xD7F3, 0xB7FB, 0xD5FB, 0xB6FB, 0xD6FB, 0xD5FB, 0xD6FB, 0x18FB, 0xB9FB, 0x9DF5, 0xB8EB, 
  0x7DF6, 0x96F3, 0x7AFC, 0x58F4, 0x17FB, 0x97FB, 0xB6FB, 0xB6FB, 0xD5FB, 0xD5F3, 0x6C82, 0x685A, 0x4852, 0x2962, 0x8A72, 0x485A, 
  0xAA7A, 0x6A72, 0x696A, 0x485A, 0x495A, 0x685A, 0xA962, 0x695A, 0x2852, 0x896A, 0xAA72, 0x6A6A, 0x496A, 0x0852, 0x485A, 0x8A62, 
  0x6962, 0x896A, 0x8A6A, 0x6962, 0x2852, 0x4962, 0x6962, 0x895A, 0xAA6A, 0x696A, 0xCB7A, 0xAA72, 0x6862, 0x6962, 0xAA72, 0x696A, 
  0x696A, 0xAA72, 0x2852, 0x4852, 0x484A, 0x4962, 0x6B82, 0x6A72, 0x286A, 0xCA72, 0x0B8B, 0xCB8A, 0xAA72, 0x8A6A, 0x6962, 0x295A, 
  0x0FAB, 0x16FC, 0xB6FB, 0xB5FB, 0xD5FB, 0xD5FB, 0xB5FB, 0xB6FB, 0xB6FB, 0xB6FB, 0xD6FB, 0xD6FB, 0xD5FB, 0xB3E3, 0x0FBB, 0xAFAA, 
  0xB08A, 0x4D41, 0x0E29, 0x3129, 0xD028, 0xEF28, 0x3021, 0x3029, 0xF028, 0x1029, 0x1029, 0x1029, 0x1029, 0x1029, 0x1029, 0x1029, 
  0xD6FB, 0xB5FB, 0xD6FB, 0xD6FB, 0xB6FB, 0xB6FB, 0xD6FB, 0xD6FB, 0xD6FB, 0xD6FB, 0xD6FB, 0xD5FB, 0xB5FB, 0xB5FB, 0xD6FB, 0xB5FB, 
  0xD6FB, 0xB5FB, 0xD6FB, 0xD6FB, 0xD6FB, 0xD6FB, 0xD6FB, 0xD6FB, 0xD6FB, 0xD6FB, 0xB6FB, 0xB6FB, 0xB6FB, 0xD6FB, 0xD6FB, 0xB6FB, 
  0xB6FB, 0xB6FB, 0xD6FB, 0xD6FB, 0xD6FB, 0xD6FB, 0xD6FB, 0xD6FB, 0xB6FB, 0xB6FB, 0xD6FB, 0xD6FB, 0xD6FB, 0xB6FB, 0xD6FB, 0xD6FB, 
  0xB6FB, 0xB6FB, 0xD6FB, 0xD6FB, 0xD6FB, 0xD6FB, 0xD6FB, 0x77FB, 0xF9FA, 0xF8FA, 0xF8FA, 0xF9FA, 0xF9FA, 0xF8FA, 0xF8FA, 0xF8FA, 
  0x57FB, 0xD6FB, 0xD6FB, 0xD6FB, 0xD5FB, 0xF5F3, 0x6B7A, 0x485A, 0xAA72, 0x6A6A, 0x6962, 0x485A, 0xCEA2, 0xF6FB, 0xB6FB, 0xD6FB, 
  0xD6FB, 0xD6FB, 0xF6FB, 0xB6FB, 0xD6FB, 0xD5FB, 0xB6FB, 0x16FC, 0x0FAB, 0xE851, 0x685A, 0x495A, 0x4A62, 0xF4E3, 0x93DB, 0x6A7A, 
  0x696A, 0xAFB2, 0xFCFD, 0xDEFE, 0x90B2, 0x4852, 0x695A, 0x4862, 0x8A72, 0x6962, 0x6962, 0x896A, 0xCA7A, 0x896A, 0x0A72, 0xF6E3, 
  0x1EFF, 0x57EC, 0xCEAA, 0x4962, 0x695A, 0x896A, 0x8A72, 0xAA72, 0x6962, 0x495A, 0x6A62, 0x4962, 0x4962, 0x896A, 0xAA6A, 0x8A6A, 
  0x6862, 0xA962, 0x4C8A, 0x1CF6, 0xFFFF, 0x7BF5, 0x37FB, 0xD6FB, 0xD5FB, 0xD6FB, 0xB6FB, 0xD6FB, 0x57FB, 0x79F3, 0xDEFE, 0x19EC, 
  0x5DF6, 0xF7F3, 0xB8FB, 0xB7F3, 0x58FB, 0xB7FB, 0x76FB, 0x96FB, 0xD5FB, 0xF6FB, 0xAC8A, 0x0752, 0x2852, 0x4962, 0x685A, 0x695A, 
  0x6862, 0x495A, 0x8962, 0x6962, 0x6952, 0x495A, 0x696A, 0x4962, 0x6962, 0x495A, 0x0852, 0x4852, 0x495A, 0xAA72, 0x6962, 0x495A, 
  0x285A, 0xAA6A, 0x696A, 0x4852, 0x695A, 0x6962, 0x495A, 0x695A, 0x6962, 0x485A, 0x485A, 0x896A, 0x696A, 0x696A, 0xAA72, 0x6962, 
  0x485A, 0xAA6A, 0x495A, 0x0852, 0xE741, 0xAE9A, 0xF6FB, 0x94EB, 0x10BB, 0x6A7A, 0x696A, 0xCA7A, 0x896A, 0x485A, 0x285A, 0x295A, 
  0x0FAB, 0xF6FB, 0xD5FB, 0xF5FB, 0xD6FB, 0xB6FB, 0xB6FB, 0xB6FB, 0xD6FB, 0xD6FB, 0xD6FB, 0xD5FB, 0xD6FB, 0xD6FB, 0xF6FB, 0xD5F3, 
  0x93E3, 0x52CB, 0x4FA2, 0xB19A, 0x5282, 0x5049, 0xEF28, 0xEF18, 0xF028, 0x1029, 0x1029, 0x1029, 0x1029, 0x1029, 0x1029, 0x1029, 
  0xD6FB, 0xD6FB, 0xB6FB, 0xD6FB, 0xD6FB, 0xD5FB, 0xD5FB, 0xD6FB, 0xD5FB, 0xD5FB, 0xD6FB, 0xD5FB, 0x17FC, 0xF6FB, 0xD6FB, 0xD6FB, 
  0xD6FB, 0xB6FB, 0xB6FB, 0xB6FB, 0xD6FB, 0xD6FB, 0xD6FB, 0xD6FB, 0xD6FB, 0xD6FB, 0xD6FB, 0xD6FB, 0xB6FB, 0xD6FB, 0xD6FB, 0xD6FB, 
  0xB6FB, 0xB6FB, 0xB6FB, 0xB6FB, 0xB6FB, 0xB6FB, 0xB6FB, 0xB6FB, 0xD6FB, 0xD6FB, 0xD5FB, 0xD5FB, 0xD5FB, 0xB6FB, 0xD6FB, 0xD5FB, 
  0xD5FB, 0xB6FB, 0xB6FB, 0xB6FB, 0xB7FB, 0x97FB, 0x37FB, 0xF8FA, 0xF9FA, 0xF9FA, 0xF8FA, 0xF9FA, 0xF9FA, 0xF8FA, 0xF9FA, 0x18FB, 
  0xB6FB, 0xD6FB, 0xD6FB, 0xB6FB, 0xF5FB, 0x30C3, 0x6A62, 0x4962, 0x8A7A, 0xCA7A, 0x8962, 0x2862, 0x30BB, 0xF6FB, 0xD6FB, 0xD6FB, 
  0xD6FB, 0xD6FB, 0xD6FB, 0xB5FB, 0xB6FB, 0xD6FB, 0xD6FB, 0xD6FB, 0x36FC, 0xEFAA, 0x0862, 0x4962, 0x284A, 0x8C8A, 0x16FC, 0x92D3, 
  0x4972, 0x8C9A, 0x78F4, 0xBFFF, 0xF9EC, 0x6B7A, 0x685A, 0xAA72, 0xA96A, 0x8A72, 0x8A6A, 0x6962, 0xAA8A, 0x896A, 0x6EA2, 0x3AF5, 
  0x9CF5, 0x32CB, 0x8A72, 0x6962, 0x696A, 0x6962, 0x495A, 0x695A, 0x496A, 0x8A6A, 0x8A6A, 0x896A, 0xAA6A, 0x6962, 0x4952, 0x695A, 
  0xAA72, 0x895A, 0xE869, 0x35CC, 0xFFFF, 0x3EFF, 0x77F3, 0xB6FB, 0xB6FB, 0xD6FB, 0xF5FB, 0xF6FB, 0x96FB, 0x18F3, 0x1FFF, 0xFAE4, 
  0x3DF6, 0x38F4, 0x37FB, 0x77FB, 0x77FB, 0xB6FB, 0x57FB, 0x57FB, 0xD5FB, 0xF5FB, 0xCD8A, 0x484A, 0x8A62, 0x8962, 0x2752, 0x4852, 
  0x8962, 0x8A62, 0x696A, 0x696A, 0x696A, 0xCA72, 0xAA7A, 0x4862, 0x8962, 0xAA6A, 0xAA72, 0x6962, 0x6962, 0x6962, 0x6962, 0x696A, 
  0xAA6A, 0x8962, 0x285A, 0x8962, 0x695A, 0x0852, 0x6A72, 0xAB82, 0x8B82, 0xCB7A, 0xAA7A, 0x8A7A, 0xAA72, 0x896A, 0xAA6A, 0x6962, 
  0x495A, 0x4852, 0x2852, 0x4952, 0x0742, 0x0FA3, 0xF7FB, 0xD6FB, 0xF6FB, 0xD5F3, 0xADA2, 0x2962, 0x8962, 0x285A, 0xAA72, 0xEB7A, 
  0x6B8A, 0x15FC, 0xD6FB, 0xF6FB, 0xD6FB, 0xB6FB, 0xD6FB, 0xD5FB, 0xD5FB, 0xD6FB, 0xD6FB, 0xD6FB, 0xD6FB, 0xD6FB, 0xD6FB, 0xB6FB, 
  0xB6FB, 0xD6FB, 0x16FC, 0xD4F3, 0x94F3, 0x35DB, 0x15B3, 0x1272, 0x2F39, 0xCF20, 0xF020, 0x1029, 0x1029, 0x1029, 0x3029, 0x1029, 
  0xD6FB, 0xD6FB, 0xD6FB, 0xD6FB, 0xD6FB, 0xD6FB, 0xD6FB, 0xD6FB, 0xD5FB, 0xD6FB, 0xD6FB, 0xD5FB, 0xF6FB, 0xF6FB, 0xD6FB, 0xD6FB, 
  0xD6FB, 0xD6FB, 0xB6FB, 0xB6FB, 0xB6FB, 0xF6FB, 0x37FC, 0xB5FB, 0xD6FB, 0xB6FB, 0xD6FB, 0xD6FB, 0xD6FB, 0xD6FB, 0xB6FB, 0xD6FB, 
  0xB6FB, 0xD6FB, 0xD6FB, 0xD6FB, 0xD6FB, 0xD6FB, 0xB6FB, 0xB6FB, 0xB6FB, 0xD6FB, 0xD6FB, 0xD6FB, 0xD6FB, 0xD6FB, 0xD6FB, 0xD5FB, 
  0xD5FB, 0xD6FB, 0x77FB, 0x37FB, 0x38FB, 0x18FB, 0xF9FA, 0xF9FA, 0xF8FA, 0xF9FA, 0xF9FA, 0xF9FA, 0xF9FA, 0xF8FA, 0xF8FA, 0x77FB, 
  0xD6FB, 0xD6FB, 0xB6FB, 0xD6FB, 0x93E3, 0x4A72, 0xAA6A, 0x696A, 0xCA7A, 0x8972, 0x8962, 0x2962, 0x72CB, 0xF6FB, 0xD6FB, 0xD6FB, 
  0xD6FB, 0xD6FB, 0xB5FB, 0xB5FB, 0xB6FB, 0xD6FB, 0xD6FB, 0xB6FB, 0xB5FB, 0x16F4, 0xCD8A, 0x285A, 0xAA62, 0x2852, 0x30B3, 0x37FC, 
  0x52CB, 0xCEAA, 0xB5F3, 0xBDF6, 0x5FFF, 0x32CB, 0x496A, 0xCA6A, 0x6972, 0xAA7A, 0x8A72, 0x6962, 0xCA82, 0x8A82, 0x33D3, 0xBCF5, 
  0x18EC, 0x6C92, 0x2852, 0x8962, 0x6962, 0x8962, 0x6962, 0x695A, 0x6962, 0x695A, 0x6962, 0xAA7A, 0x696A, 0x695A, 0x495A, 0x285A, 
  0x6A6A, 0x8962, 0x2962, 0xCFA2, 0xBDFE, 0xFFFF, 0xB9EC, 0x55FB, 0xD6FB, 0xD6FB, 0xD5FB, 0xD6FB, 0xD6FB, 0xD7FA, 0x9EFE, 0x1BEE, 
  0x1CF6, 0x79F4, 0x37FB, 0x77FB, 0x96FB, 0xB6FB, 0x38FB, 0x37FB, 0xD6FB, 0xF5FB, 0xAC8A, 0x685A, 0x296A, 0xCB7A, 0xAA72, 0x4862, 
  0xAA6A, 0x4962, 0x696A, 0xEC8A, 0xAA72, 0x6972, 0xCB82, 0xCB7A, 0x285A, 0x896A, 0x896A, 0x4962, 0xAA72, 0x485A, 0x6962, 0xAA72, 
  0xAA6A, 0x6962, 0xAA6A, 0xAA6A, 0x485A, 0x6962, 0xAA6A, 0x8A6A, 0x8A6A, 0xAA6A, 0x696A, 0xCB82, 0x896A, 0x6962, 0x6962, 0x285A, 
  0x495A, 0x2852, 0x4962, 0x495A, 0x2862, 0xAE9A, 0x16FC, 0xB5FB, 0xB6FB, 0xD6FB, 0x16FC, 0x0FB3, 0x295A, 0xCB72, 0xAA72, 0x896A, 
  0x086A, 0x10B3, 0x16FC, 0xB6FB, 0xD5FB, 0xF6FB, 0xD5FB, 0xD6FB, 0xD5FB, 0xD6FB, 0xD6FB, 0xD5FB, 0xD6FB, 0xD6FB, 0xD6FB, 0xD6FB, 
  0xB6FB, 0xD5FB, 0xD6FB, 0xF6FB, 0xD6FB, 0xD6FB, 0xF6FB, 0x16FC, 0xB6D3, 0xB492, 0x9151, 0xD028, 0xCF20, 0xF020, 0x1029, 0x1029, 
  0xD6FB, 0xD6FB, 0xD6FB, 0xD6FB, 0xD6FB, 0xD6FB, 0xD6FB, 0xD6FB, 0xD6FB, 0xD6FB, 0xD6FB, 0xD6FB, 0xD6FB, 0xD6FB, 0xD5FB, 0xD5FB, 
  0xD6FB, 0xB6FB, 0xB6FB, 0xB6FB, 0xD6FB, 0xD6FB, 0xD6FB, 0xB6FB, 0xD6FB, 0xD6FB, 0xD6FB, 0xB6FB, 0xD6FB, 0xD6FB, 0xD6FB, 0xD6FB, 
  0xB6FB, 0xD6FB, 0xD6FB, 0xB6FB, 0xB6FB, 0xD6FB, 0xB6FB, 0xB6FB, 0xD6FB, 0xB6FB, 0xD6FB, 0xB6FB, 0xB6FB, 0xD6FB, 0xD6FB, 0xD6FB, 
  0xD6FB, 0x77FB, 0x18FB, 0xF9FA, 0xF9FA, 0xF9FA, 0xF9FA, 0xF9FA, 0xF9FA, 0xF9FA, 0xF9FA, 0xF9FA, 0xF9FA, 0xF9FA, 0x57FB, 0xD6FB, 
  0xD6FB, 0xD5FB, 0xD6FB, 0xB4F3, 0x6B8A, 0xAA7A, 0x8972, 0x6962, 0x6962, 0x696A, 0x6962, 0x0852, 0x72D3, 0xF6FB, 0xD5FB, 0xD5FB, 
  0xD6FB, 0xD6FB, 0xD6FB, 0xD5FB, 0xD6FB, 0xD6FB, 0xD6FB, 0xB6FB, 0x96FB, 0xD6FB, 0xD5F3, 0xAB92, 0xCA72, 0x6962, 0x4962, 0x94DB, 
  0x97FB, 0xF7FB, 0xB5FB, 0xD9F4, 0xFFFF, 0x9BFD, 0x2D9A, 0x4862, 0x8972, 0xCA7A, 0x8A72, 0x696A, 0x8962, 0x6C92, 0x76F3, 0x3AFC, 
  0x53D3, 0x2962, 0x6962, 0x696A, 0x6862, 0x896A, 0x6972, 0xEB8A, 0x696A, 0x685A, 0x8962, 0x896A, 0x4862, 0x696A, 0x696A, 0x8A62, 
  0x695A, 0x6962, 0x8962, 0x2A82, 0xD7EC, 0xFFFF, 0x5DF6, 0x56F3, 0xF6FB, 0xD6FB, 0xD5FB, 0xD6FB, 0xD6FB, 0xF6FA, 0xBCF5, 0x3EFF, 
  0x9DF6, 0xB9FC, 0x56FB, 0x57FB, 0xD6FB, 0xB6FB, 0x38FB, 0x18FB, 0xD6FB, 0xD6FB, 0xAC8A, 0x485A, 0x696A, 0x8A72, 0xAA72, 0x696A, 
  0xAA72, 0x896A, 0x6962, 0x896A, 0x8962, 0x696A, 0x8A72, 0xAA72, 0x8A72, 0x4962, 0x285A, 0x495A, 0x495A, 0x4962, 0x495A, 0xAA6A, 
  0xE751, 0x6962, 0x6962, 0x4962, 0x4862, 0x6962, 0x8A6A, 0x2852, 0x485A, 0x895A, 0x485A, 0x4962, 0x2852, 0x8962, 0x495A, 0x8962, 
  0xAA6A, 0x8A6A, 0x8A72, 0x6A6A, 0xCD9A, 0x6D92, 0x16FC, 0xD6FB, 0xB6FB, 0xB6FB, 0xB6FB, 0x16FC, 0xAD9A, 0x0852, 0x8962, 0x896A, 
  0x6962, 0x296A, 0x51BB, 0xF6FB, 0xB5FB, 0xF6FB, 0xF6FB, 0xB6FB, 0xD5FB, 0xD6FB, 0xB5FB, 0xD5FB, 0xD6FB, 0xD6FB, 0xD6FB, 0xD6FB, 
  0xD6FB, 0xD6FB, 0xD6FB, 0xD6FB, 0xD5FB, 0xF5FB, 0xB5FB, 0xB6FB, 0xD6FB, 0x17FC, 0xF6EB, 0x55BB, 0x737A, 0x7149, 0xF030, 0xCF28, 
  0xD6FB, 0xD6FB, 0xD6FB, 0xD6FB, 0xD6FB, 0xD5FB, 0xD6FB, 0xB6FB, 0xB6FB, 0xD6FB, 0xD6FB, 0xD6FB, 0xB6FB, 0xB5FB, 0xD5FB, 0xD5FB, 
  0xD6FB, 0xD6FB, 0xB6FB, 0xB6FB, 0xD6FB, 0xD6FB, 0xD6FB, 0xB6FB, 0xD6FB, 0xD6FB, 0xD6FB, 0xD6FB, 0xD6FB, 0xD6FB, 0xD6FB, 0xB6FB, 
  0xB6FB, 0xB6FB, 0xB6FB, 0xB6FB, 0xB6FB, 0xB6FB, 0xD6FB, 0xD6FB, 0xB6FB, 0xB6FB, 0xB6FB, 0xB6FB, 0xB6FB, 0xD5FB, 0xB5FB, 0xB6FB, 
  0x97FB, 0x18FB, 0xF9FA, 0xF9FA, 0xF9FA, 0xF9FA, 0xF9FA, 0xF9FA, 0xF9FA, 0xF9FA, 0xF9FA, 0xF9FA, 0xF9FA, 0x18FB, 0x97FB, 0xD5FB, 
  0xB6FB, 0xD5FB, 0x16FC, 0xCEA2, 0x4972, 0x0B8B, 0x8972, 0x695A, 0x695A, 0x696A, 0xAA62, 0x2852, 0x72D3, 0xF6FB, 0xD6FB, 0xD6FB, 
  0xD6FB, 0xD6FB, 0xD6FB, 0xD6FB, 0xD6FB, 0xD6FB, 0xD6FB, 0xD6FB, 0xB6FB, 0xB6FB, 0xD6FB, 0xD5EB, 0x8B8A, 0x686A, 0x2962, 0xAD9A, 
  0x77F3, 0x17FB, 0xB6FB, 0xB7F3, 0x1DF7, 0x9FFF, 0xD4D3, 0x4A72, 0xAA72, 0xA96A, 0x696A, 0xAA72, 0x285A, 0xCFA2, 0x77FB, 0x58FB, 
  0x0FB3, 0x8962, 0xCB7A, 0xAA7A, 0x8A72, 0xAA72, 0xEB82, 0xAA82, 0x6972, 0x896A, 0x285A, 0x8A72, 0xAA6A, 0x8962, 0xAA6A, 0x4862, 
  0x6962, 0x696A, 0x896A, 0x8A72, 0x30BB, 0x5FFF, 0xBFFF, 0x18EC, 0x96FB, 0xD6FB, 0xD6FB, 0xD6FB, 0xD6FB, 0x75F3, 0x9AEC, 0xDFFF, 
  0xDFFF, 0xFAFC, 0x56FB, 0x77FB, 0xD6FB, 0xD6FB, 0x38FB, 0xF8FA, 0xB6FB, 0xD7FB, 0xAC92, 0x4852, 0x696A, 0x485A, 0x6962, 0x896A, 
  0x896A, 0xA96A, 0xCB7A, 0x697A, 0x8972, 0xAA72, 0x696A, 0x4962, 0x6962, 0x8A6A, 0x495A, 0x4852, 0x2852, 0x8962, 0x6962, 0x6962, 
  0x485A, 0x696A, 0x6962, 0xAA6A, 0x8A6A, 0xAA72, 0x8A6A, 0x4962, 0x4962, 0x4862, 0x8962, 0x8962, 0x695A, 0x695A, 0x485A, 0x6962, 
  0x8962, 0x4962, 0x695A, 0xCC82, 0x92CB, 0x6C82, 0xF5F3, 0xD6FB, 0xB5FB, 0x96FB, 0xD6FB, 0xF6FB, 0xD5FB, 0x8C92, 0x6A72, 0xAA72, 
  0xAA72, 0x6962, 0x296A, 0x30BB, 0x16FC, 0xB5FB, 0xD6FB, 0xB6FB, 0xD6FB, 0xD6FB, 0xD6FB, 0xD6FB, 0xD6FB, 0xD6FB, 0xD6FB, 0xD6FB, 
  0xD6FB, 0xD6FB, 0xD6FB, 0xD5FB, 0xD6FB, 0xD6FB, 0xD6FB, 0xB5FB, 0xD5FB, 0xD5FB, 0xD6FB, 0xF6FB, 0x37FC, 0xF6EB, 0x76C3, 0x737A, 
  0xD6FB, 0xD6FB, 0xD6FB, 0xD6FB, 0xD5FB, 0xD5FB, 0xD6FB, 0xD6FB, 0xB6FB, 0xB6FB, 0xB6FB, 0xB6FB, 0xD6FB, 0xB6FB, 0xD6FB, 0xD6FB, 
  0xB6FB, 0xB6FB, 0xB6FB, 0xB6FB, 0xD6FB, 0xD6FB, 0xD6FB, 0xB5FB, 0xD6FB, 0xB6FB, 0xD6FB, 0xD6FB, 0xB6FB, 0xD6FB, 0xD6FB, 0xB6FB, 
  0xB6FB, 0xB6FB, 0xB6FB, 0xB6FB, 0xB6FB, 0xB6FB, 0xB6FB, 0xD6FB, 0xD6FB, 0xB6FB, 0xB5FB, 0xB6FB, 0xD6FB, 0xD5FB, 0xD6FB, 0x97FB, 
  0x18FB, 0xF9FA, 0xF9FA, 0xF8FA, 0xF8FA, 0xF8FA, 0xF8FA, 0xF9FA, 0xF9FA, 0xF9FA, 0xF9FA, 0xF9FA, 0xF8FA, 0x78FB, 0xD6FB, 0xD5FB, 
  0xB6FB, 0x16FC, 0x71BB, 0x4A72, 0xCB8A, 0x6972, 0x4962, 0x896A, 0x8962, 0x696A, 0x8A62, 0x4962, 0x72D3, 0xF6FB, 0xD6FB, 0xD6FB, 
  0xD6FB, 0xD6FB, 0xD6FB, 0xD6FB, 0xD6FB, 0xD6FB, 0xD6FB, 0xD6FB, 0xD6FB, 0xD6FB, 0xD6F3, 0xF7FB, 0xB4E3, 0x4972, 0x4952, 0x485A, 
  0xD1B2, 0x39FC, 0x18F4, 0x75F3, 0x3AF5, 0xFFFF, 0xFCFD, 0xAEA2, 0x696A, 0x4862, 0x8962, 0x896A, 0x4962, 0x33CB, 0x58FB, 0x76F3, 
  0x8C92, 0x4862, 0x6962, 0x6962, 0x285A, 0x896A, 0xAA72, 0x896A, 0xEB82, 0x896A, 0x4862, 0x8A72, 0x6962, 0x4862, 0xA96A, 0x8962, 
  0x8962, 0x485A, 0x696A, 0x685A, 0x4B7A, 0x9AF5, 0xFFFF, 0x5BF5, 0x56FB, 0xD6FB, 0xD6F3, 0xB6FB, 0xF6FB, 0xB6FB, 0xB8F3, 0x9FFF, 
  0xFFFF, 0xBBED, 0x56F3, 0x77FB, 0xD6FB, 0xB6FB, 0x37FB, 0x17F3, 0x96FB, 0xF7FB, 0xEE9A, 0x485A, 0x8A72, 0x4962, 0x8A6A, 0xAA72, 
  0x8A72, 0x8A72, 0x8A72, 0x0C83, 0x6962, 0x8A62, 0x695A, 0x495A, 0x6962, 0x6962, 0x495A, 0x4952, 0x695A, 0x485A, 0x4962, 0xCA72, 
  0x896A, 0xCA72, 0x896A, 0x6962, 0xAA72, 0x8A6A, 0x695A, 0x4852, 0x895A, 0xAA72, 0x696A, 0x695A, 0x685A, 0x2852, 0xAA6A, 0x8962, 
  0x4852, 0x495A, 0x284A, 0x296A, 0x35EC, 0x0B82, 0x31CB, 0xF6FB, 0xB5F3, 0xD6FB, 0xD6FB, 0xD6FB, 0xD6FB, 0xF5F3, 0x8C82, 0x2852, 
  0x895A, 0x4852, 0x685A, 0x496A, 0x51CB, 0xF6FB, 0xD6FB, 0xD6FB, 0xD6FB, 0xD6FB, 0xD6FB, 0xD6FB, 0xD6FB, 0xD6FB, 0xD6FB, 0xD6FB, 
  0xD6FB, 0xF6FB, 0xD6FB, 0xD5FB, 0xD6FB, 0xD5FB, 0xD5FB, 0xD5FB, 0xF5FB, 0xD5FB, 0xB6FB, 0xB6FB, 0xB6FB, 0xB5FB, 0xD6FB, 0xB8F3, 
  0xD6FB, 0xD6FB, 0xD6FB, 0xD6FB, 0xD5FB, 0xD5FB, 0xD6FB, 0xD6FB, 0xB6FB, 0xD6FB, 0xD6FB, 0xD6FB, 0xD6FB, 0xD6FB, 0xD6FB, 0xD6FB, 
  0xB6FB, 0x96FB, 0xB6FB, 0xD6FB, 0xD6FB, 0xD6FB, 0xD6FB, 0xB5FB, 0xD6FB, 0xF7FB, 0xB6FB, 0xD6FB, 0xB6FB, 0xB6FB, 0xD6FB, 0xB6FB, 
  0xD6FB, 0xD6FB, 0xD6FB, 0xB6FB, 0xB6FB, 0xB6FB, 0xB6FB, 0xD6FB, 0xD6FB, 0xB5FB, 0xB5FB, 0xB6FB, 0xB6FB, 0xB6FB, 0xB6FB, 0x37FB, 
  0xF9FA, 0xF9FA, 0xF9FA, 0xF8FA, 0xF8FA, 0xF9FA, 0xF9FA, 0xF9FA, 0xF9FA, 0xF9FA, 0xF9FA, 0xF9FA, 0x38FB, 0xD6FB, 0xF5FB, 0xD5FB, 
  0x15FC, 0x94DB, 0x2A72, 0x285A, 0x685A, 0x6962, 0x696A, 0x6962, 0x8A72, 0x6962, 0x8962, 0x2962, 0x51C3, 0x16FC, 0xD5FB, 0xB5FB, 
  0xD6FB, 0xD5FB, 0xD6FB, 0xD6FB, 0xD6FB, 0xD6FB, 0xD5FB, 0xD5FB, 0xD6FB, 0xD6FB, 0xD6FB, 0xB5FB, 0xF6FB, 0x73CB, 0x2962, 0x8962, 
  0x4A7A, 0xD5DB, 0x3DFE, 0xD7F3, 0xB6F3, 0x3EFF, 0xBFFF, 0x35DC, 0x6B82, 0xAA6A, 0x8962, 0x4962, 0x8A72, 0x76EB, 0x38FB, 0x73DB, 
  0xAA7A, 0x896A, 0x284A, 0x8A62, 0xAA6A, 0x4962, 0xAA72, 0x696A, 0x8A72, 0xAA72, 0xAA6A, 0x8A6A, 0x8A6A, 0x8972, 0x8A72, 0x8A6A, 
  0xAA7A, 0xCA72, 0xA96A, 0x8A6A, 0x4A6A, 0xD3CB, 0xDFFF, 0x1EFF, 0x77F3, 0xD6FB, 0xD6FB, 0xD6FB, 0xF5F3, 0xD6FB, 0x37F3, 0xBDF6, 
  0xFFFF, 0x5CF6, 0x76F3, 0xB7FB, 0xD6FB, 0xD6FB, 0x78FB, 0xBBF4, 0x76F3, 0xF7FB, 0x0FAB, 0xA97A, 0x8972, 0x8962, 0xAA62, 0x074A, 
  0x0852, 0x695A, 0x285A, 0x495A, 0x495A, 0x4952, 0x2852, 0x8962, 0x8A6A, 0x495A, 0x8A62, 0x295A, 0x6962, 0x4962, 0x896A, 0xAA7A, 
  0xCA7A, 0x696A, 0x896A, 0x6962, 0x896A, 0x4962, 0x485A, 0x695A, 0x8A62, 0x6962, 0x495A, 0x695A, 0x4852, 0x695A, 0x8A62, 0x295A, 
  0x4952, 0x2852, 0x4952, 0x095A, 0xD4DB, 0x51CB, 0x6C92, 0xF6FB, 0xD5FB, 0xF6FB, 0xF6FB, 0xD6FB, 0xD6FB, 0xD6FB, 0xF5EB, 0x8C82, 
  0x4962, 0x8962, 0x896A, 0xAA6A, 0x8B82, 0xD5F3, 0xD6FB, 0xD5FB, 0xD6FB, 0xD6FB, 0xD6FB, 0xD6FB, 0xD6FB, 0xD6FB, 0xD6FB, 0xD6FB, 
  0xD6FB, 0xD5FB, 0xD5FB, 0xD5FB, 0xD5FB, 0xD6FB, 0xD6FB, 0xD5FB, 0xD6FB, 0xD6FB, 0xD6FB, 0xD5FB, 0xB6FB, 0xB6FB, 0xD6FB, 0x77FB, 
  0xD6FB, 0xD6FB, 0xD6FB, 0xD6FB, 0xD6FB, 0xD6FB, 0xB6FB, 0xB6FB, 0xB5FB, 0xD6FB, 0xD6FB, 0xD6FB, 0xD6FB, 0xD5FB, 0xD6FB, 0xD6FB, 
  0xB6FB, 0xB6FB, 0xB6FB, 0xD6FB, 0xD6FB, 0xD6FB, 0xB6FB, 0xD6FB, 0x94E3, 0xAD9A, 0x6C92, 0x72D3, 0xD6FB, 0xB6FB, 0xD6FB, 0xD6FB, 
  0xD6FB, 0xD6FB, 0xD6FB, 0xB6FB, 0xD6FB, 0xB6FB, 0xD6FB, 0xD6FB, 0xD6FB, 0xD6FB, 0xD6FB, 0xD6FB, 0xB6FB, 0xB6FB, 0x57FB, 0xF9FA, 
  0xF9FA, 0xF9FA, 0xF9FA, 0xF8FA, 0xF9FA, 0xF9FA, 0xF9FA, 0xF9FA, 0xF9FA, 0xF8FA, 0xF8FA, 0x18FB, 0xB7FB, 0xD5FB, 0xF6FB, 0xB6FB, 
  0xF5FB, 0xEEAA, 0x8A7A, 0xCA7A, 0xCA72, 0xCB7A, 0x6A72, 0x8A6A, 0xCA7A, 0xAA72, 0x4962, 0x085A, 0xEEA2, 0x16FC, 0xD5FB, 0xD6FB, 
  0xD6FB, 0xD6FB, 0xB6FB, 0xD6FB, 0xD6FB, 0xD6FB, 0xD5FB, 0xD6FB, 0xD6FB, 0xB6FB, 0xB6FB, 0xD6FB, 0xD5FB, 0xB7FB, 0x12CB, 0x4972, 
  0xA962, 0x2B92, 0x3AED, 0xDEFE, 0x16EB, 0x3BF5, 0xFFFF, 0x5DFE, 0xD0BA, 0x696A, 0x8A72, 0x696A, 0xEFAA, 0x97FB, 0x97FB, 0xCEA2, 
  0x4852, 0xAA62, 0x6962, 0x6962, 0x896A, 0x6962, 0x8A7A, 0x8A72, 0x896A, 0xA96A, 0xAA72, 0xAA7A, 0xAA7A, 0xEB8A, 0x696A, 0x8962, 
  0x285A, 0x6862, 0xAA6A, 0xAA6A, 0x6962, 0xCE9A, 0x9CFE, 0xFFFF, 0x79EC, 0x76FB, 0xD5FB, 0xD6FB, 0xF6FB, 0xF5FB, 0x36FB, 0x5CF5, 
  0xFFFF, 0x1EFF, 0x96F3, 0xB6FB, 0xB6FB, 0xF5FB, 0x77F3, 0x1DF6, 0xD7F3, 0xD6FB, 0x30BB, 0x286A, 0x896A, 0x6962, 0x495A, 0x285A, 
  0x4962, 0x8A6A, 0x696A, 0xAA6A, 0x2852, 0x495A, 0x6A6A, 0xAA5A, 0x495A, 0x696A, 0x8A6A, 0x285A, 0x495A, 0xAA6A, 0x896A, 0x8A72, 
  0xAA82, 0x8A7A, 0x896A, 0x8A62, 0x485A, 0x485A, 0xAA72, 0x696A, 0x6962, 0x485A, 0x2852, 0x4852, 0x4952, 0x4952, 0x2852, 0x4952, 
  0x695A, 0x294A, 0x495A, 0x4852, 0x2FAB, 0x16FC, 0x4B82, 0x10BB, 0xF7FB, 0xD6FB, 0xF5FB, 0xD5FB, 0xD6FB, 0xB6FB, 0xD6FB, 0xF5F3, 
  0xCEA2, 0x296A, 0xAA62, 0x084A, 0xE841, 0x52CB, 0xF6FB, 0xD5FB, 0xD5FB, 0xD6FB, 0xD6FB, 0xD6FB, 0xD6FB, 0xD6FB, 0xD6FB, 0xD6FB, 
  0xD5FB, 0xD5FB, 0xF6FB, 0xF6FB, 0xD5FB, 0xD6FB, 0xD6FB, 0xD6FB, 0xD6FB, 0xD6FB, 0xD6FB, 0xD6FB, 0xD6FB, 0xD6FB, 0xD5FB, 0xD6FB, 
  0xD6FB, 0xD6FB, 0xD6FB, 0xD6FB, 0xD6FB, 0xD6FB, 0xB6FB, 0xD6FB, 0xD6FB, 0xD6FB, 0xD6FB, 0xD6FB, 0xD6FB, 0xB5FB, 0xB6FB, 0xB6FB, 
  0xB6FB, 0xB6FB, 0xD6FB, 0xD6FB, 0xD6FB, 0xB6FB, 0xD6FB, 0x73DB, 0x2A7A, 0x485A, 0x496A, 0x10BB, 0xD6FB, 0x96FB, 0xD6FB, 0xB6FB, 
  0xB6FB, 0xD6FB, 0xB6FB, 0xB6FB, 0xD6FB, 0xD6FB, 0xB6FB, 0xB6FB, 0xB6FB, 0xD6FB, 0xD6FB, 0xD5FB, 0xD6FB, 0x97FB, 0x18FB, 0xF9FA, 
  0xF9FA, 0xF9FA, 0xF9FA, 0xF9FA, 0xF9FA, 0xF9FA, 0xF9FA, 0xF8FA, 0xF8FA, 0xF9FA, 0xF8FA, 0x77FB, 0xD6FB, 0xD6FB, 0xD5FB, 0xD6FB, 
  0x72D3, 0xAB8A, 0x897A, 0x0B83, 0x8972, 0x4962, 0x8A6A, 0x696A, 0xAA72, 0x696A, 0x697A, 0x8A7A, 0x8C8A, 0xF5FB, 0xD6FB, 0xD6FB, 
  0xD6FB, 0xD6FB, 0xB6FB, 0xD6FB, 0xD6FB, 0xD6FB, 0xD6FB, 0xD6FB, 0xB6FB, 0xB6FB, 0xD6FB, 0xD5FB, 0xF5FB, 0x97FB, 0x77FB, 0xAFA2, 
  0x496A, 0x8A7A, 0xF0AA, 0xBEFE, 0x3DFE, 0x57E3, 0x7EFF, 0xBFFF, 0x77E4, 0xAD92, 0x8A72, 0x896A, 0x31C3, 0x97FB, 0xB5EB, 0x6B82, 
  0x284A, 0x6962, 0x4962, 0x285A, 0x685A, 0x6962, 0x8A72, 0x6962, 0xAA72, 0xAA72, 0x896A, 0xAA72, 0x8A72, 0xCA72, 0x6962, 0x8962, 
  0x4852, 0x6962, 0x8A72, 0x696A, 0x6962, 0x0972, 0xB7E4, 0xFFFF, 0xFCF5, 0x36F3, 0xD6FB, 0xD6FB, 0xD6FB, 0xF5FB, 0x76FB, 0x59F4, 
  0xFFFF, 0xBFFF, 0x18EC, 0x96FB, 0xD6FB, 0xF5FB, 0x56FB, 0x1DF6, 0xB9F4, 0x96FB, 0x72CB, 0x085A, 0x8962, 0x8962, 0x4962, 0x4852, 
  0x695A, 0x4852, 0x8962, 0x896A, 0x2852, 0x495A, 0x695A, 0x074A, 0x2852, 0x485A, 0x6962, 0x4962, 0x8A6A, 0x696A, 0x896A, 0xAA7A, 
  0x6972, 0x696A, 0x8962, 0x6962, 0x4862, 0x8A62, 0x8962, 0x6962, 0x6962, 0xCA72, 0x485A, 0xAA62, 0x495A, 0x284A, 0x495A, 0x6962, 
  0x695A, 0x084A, 0x0852, 0x2852, 0x6B82, 0x16FC, 0x31C3, 0x0962, 0x93DB, 0xB6FB, 0xD5FB, 0xD5FB, 0xD5FB, 0xD6FB, 0xD6FB, 0xF6FB, 
  0x15F4, 0xEEA2, 0xE851, 0x484A, 0x0852, 0xEFAA, 0x16FC, 0xF6F3, 0xD5FB, 0xD6FB, 0xD6FB, 0xD6FB, 0xD6FB, 0xD6FB, 0xD6FB, 0xD6FB, 
  0xD5FB, 0xD6FB, 0xD6FB, 0xD5FB, 0xD5FB, 0xD5FB, 0xD5FB, 0xD6FB, 0xD6FB, 0xD6FB, 0xD5FB, 0xD6FB, 0xD5FB, 0xD6FB, 0xD6FB, 0xB6FB, 
  0xD5FB, 0xD6FB, 0xB5FB, 0xD6FB, 0xD6FB, 0xD6FB, 0xD6FB, 0xB6FB, 0xB6FB, 0xD6FB, 0xD6FB, 0xD6FB, 0xD6FB, 0xB6FB, 0xB6FB, 0xB6FB, 
  0xB6FB, 0xB6FB, 0xD6FB, 0xB5FB, 0xB6FB, 0xD6FB, 0xF5F3, 0x8B8A, 0x886A, 0xAA7A, 0x8C92, 0xD4EB, 0xF6FB, 0xD6FB, 0xB6FB, 0xB6FB, 
  0xD6FB, 0xB6FB, 0xB6FB, 0xB6FB, 0xD6FB, 0xD6FB, 0xB6FB, 0xB6FB, 0xD6FB, 0xB6FB, 0xD6FB, 0xB5FB, 0xB6FB, 0x38FB, 0xF9FA, 0xF8FA, 
  0xF8FA, 0xF9FA, 0xF9FA, 0xF9FA, 0xF9FA, 0xF9FA, 0xF9FA, 0xF8FA, 0xF8FA, 0xF9FA, 0x58FB, 0xD6FB, 0xD6FB, 0xD6FB, 0xD5FB, 0xB4F3, 
  0xAC8A, 0x8972, 0x6962, 0x896A, 0x8A72, 0x4962, 0x695A, 0x8A62, 0x696A, 0xAA6A, 0x0B8B, 0xAA72, 0x4A72, 0x93DB, 0xF6FB, 0xB5FB, 
  0xD6FB, 0xD6FB, 0xD6FB, 0xB6FB, 0xD6FB, 0xD6FB, 0xD5FB, 0xD6FB, 0xD6FB, 0xB6FB, 0xD6FB, 0xD5FB, 0xD6FB, 0xB6FB, 0x96FB, 0x76EB, 
  0xADA2, 0x8962, 0x496A, 0xF4CB, 0xBFFF, 0xFCED, 0x9DF6, 0xFFFF, 0x7DFE, 0xF1BA, 0x496A, 0x6962, 0x50BB, 0xF8FB, 0x93D3, 0x4972, 
  0x8962, 0x8962, 0x6962, 0xCA6A, 0x8962, 0xAA82, 0xCB7A, 0x485A, 0x4962, 0xAA72, 0x6962, 0x896A, 0x285A, 0x6962, 0xAA72, 0x8A72, 
  0xAA72, 0x8962, 0x695A, 0x4862, 0xAA6A, 0x696A, 0x51B3, 0x5FFF, 0x9FFF, 0x78F3, 0x97FB, 0xD5FB, 0xD5FB, 0xD6FB, 0xD6FB, 0x97EB, 
  0x5EFF, 0xFFFF, 0xDBEC, 0x56F3, 0xF5FB, 0xD6FB, 0x35FB, 0xDCF5, 0xDCF5, 0x76FB, 0x73DB, 0x495A, 0x485A, 0x696A, 0xEC82, 0x6962, 
  0x895A, 0x284A, 0x6962, 0xAA62, 0x6852, 0x0852, 0x285A, 0xEC8A, 0x695A, 0x695A, 0xCB72, 0x8A6A, 0x696A, 0x896A, 0xAA72, 0x8A72, 
  0xAA72, 0x485A, 0x8962, 0x8A6A, 0x496A, 0x495A, 0x284A, 0x485A, 0x4962, 0x485A, 0x2852, 0x495A, 0x2852, 0x6962, 0x495A, 0x696A, 
  0x4962, 0x4852, 0x4852, 0x6A5A, 0x496A, 0x51D3, 0x17FC, 0x6B82, 0x4A72, 0xF5F3, 0xD6FB, 0xD6FB, 0xD5FB, 0xD6FB, 0xB6FB, 0xD6FB, 
  0xD6FB, 0x16FC, 0x51C3, 0x6B82, 0xE749, 0xAC8A, 0xF6FB, 0xD6F3, 0xF6FB, 0xD6FB, 0xD6FB, 0xD6FB, 0xD6FB, 0xD6FB, 0xD6FB, 0xD5FB, 
  0xD5FB, 0xD6FB, 0xD6FB, 0xD6FB, 0xD5FB, 0xD6FB, 0xD6FB, 0xD6FB, 0xD6FB, 0xD6FB, 0xD6FB, 0xD6FB, 0xD6FB, 0xD6FB, 0xD6FB, 0xB6FB, 
  0xD6FB, 0xD6FB, 0xD6FB, 0xD6FB, 0xD6FB, 0xD6FB, 0xD6FB, 0xB6FB, 0x95FB, 0xB6FB, 0xB6FB, 0xB6FB, 0xB6FB, 0xB6FB, 0xB6FB, 0xB6FB, 
  0xB6FB, 0xB6FB, 0xD6FB, 0xB6FB, 0xD6FB, 0xF6FB, 0x52DB, 0x4A72, 0x8B82, 0xCEAA, 0xD5EB, 0xF6FB, 0xD5FB, 0xD5FB, 0xB6FB, 0xB6FB, 
  0xB6FB, 0xD6FB, 0xB6FB, 0xB6FB, 0xB6FB, 0xD6FB, 0xB6FB, 0xD6FB, 0xD6FB, 0xB6FB, 0xD6FB, 0xD6FB, 0x77FB, 0xF9FA, 0xF9FA, 0xF8FA, 
  0xF8FA, 0xF9FA, 0xF9FA, 0xF9FA, 0xF9FA, 0xF9FA, 0xF8FA, 0xF9FA, 0xF9FA, 0x18FB, 0xB7FB, 0xD5FB, 0xD6FB, 0xB6FB, 0xF6FB, 0xEFB2, 
  0x696A, 0xA96A, 0x8962, 0x696A, 0x8A72, 0x495A, 0x495A, 0x4962, 0x4962, 0xAA6A, 0xCA7A, 0x896A, 0x2852, 0xEFA2, 0xF6FB, 0xB5FB, 
  0xD6FB, 0xD6FB, 0xD6FB, 0xB6FB, 0xD6FB, 0xD6FB, 0xD6FB, 0xD6FB, 0xD6FB, 0xB6FB, 0xB5FB, 0xB6FB, 0xD6FB, 0xD6FB, 0x96FB, 0x98FB, 
  0xF6E3, 0x6A82, 0x696A, 0x6B92, 0x3AF5, 0xFFFF, 0xDFF7, 0xFFFF, 0xDFFF, 0x98EC, 0x4B82, 0x074A, 0xEEAA, 0x17FC, 0x30B3, 0x485A, 
  0x8962, 0x8A6A, 0xAA7A, 0x696A, 0x8A7A, 0x0C93, 0x6972, 0x696A, 0x8A6A, 0x6962, 0x6962, 0xAA6A, 0x2862, 0x696A, 0x896A, 0x496A, 
  0x696A, 0x485A, 0x6962, 0xCA7A, 0x4972, 0x695A, 0x4B82, 0x9AF5, 0xFFFF, 0xBAF4, 0x17FB, 0xF6FB, 0xD5FB, 0xD6FB, 0xF6FB, 0x36F3, 
  0x1CF6, 0xFFFF, 0xDDF5, 0x36F3, 0xF6FB, 0xD6FB, 0x75FB, 0x5BF5, 0xBEFE, 0x96FB, 0xB5EB, 0x2962, 0x6852, 0x4862, 0x4962, 0x4962, 
  0x695A, 0x495A, 0xAB7A, 0x8A6A, 0x2852, 0x2852, 0xAB72, 0x6A62, 0x4852, 0x495A, 0x4962, 0x8A72, 0xAA6A, 0x685A, 0x695A, 0x285A, 
  0x8962, 0x4862, 0x6962, 0x495A, 0x495A, 0x4952, 0x6952, 0x4852, 0x8A6A, 0x6962, 0x695A, 0x6962, 0x2852, 0x695A, 0x6962, 0x896A, 
  0x6962, 0x485A, 0x695A, 0x084A, 0x8962, 0xAC8A, 0x16FC, 0x72D3, 0x285A, 0x2FAB, 0x17FC, 0xD6FB, 0xD5FB, 0xD5FB, 0xD6FB, 0xD6FB, 
  0xD6FB, 0xD5FB, 0xF6FB, 0xF5F3, 0x10B3, 0x2B82, 0xB4EB, 0xD6FB, 0xD6FB, 0xD6FB, 0xD6FB, 0xD6FB, 0xD6FB, 0xD6FB, 0xD6FB, 0xD5FB, 
  0xD5FB, 0xD6FB, 0xD6FB, 0xB6FB, 0xD5FB, 0xD6FB, 0xD6FB, 0xD6FB, 0xB6FB, 0xD6FB, 0xD6FB, 0xD6FB, 0xD6FB, 0xD6FB, 0xD6FB, 0xB6FB, 
  0xD6FB, 0xD6FB, 0xD6FB, 0xD6FB, 0xB5FB, 0xB6FB, 0xD6FB, 0xB6FB, 0xB6FB, 0xB6FB, 0xB6FB, 0xB6FB, 0xB6FB, 0xB6FB, 0xB6FB, 0xB6FB, 
  0xB6FB, 0xB6FB, 0xD6FB, 0xB6FB, 0xB5FB, 0xB6FB, 0xD2E2, 0x31D3, 0xB4E3, 0xD6FB, 0x96FB, 0xB6FB, 0xD5FB, 0xD5FB, 0xB6FB, 0xB6FB, 
  0xD6FB, 0xD6FB, 0xD6FB, 0xD6FB, 0xD6FB, 0xD6FB, 0xB5FB, 0xD6FB, 0xD6FB, 0xD6FB, 0xB6FB, 0x97FB, 0x18FB, 0xF9FA, 0xF9FA, 0xF8FA, 
  0xF9FA, 0xF9FA, 0xF9FA, 0xF9FA, 0xF9FA, 0xF9FA, 0xF8FA, 0xF9FA, 0x18FB, 0x96FB, 0xD5FB, 0xD6FB, 0xD6FB, 0xD6FB, 0x93E3, 0x6A7A, 
  0xAA72, 0x696A, 0x485A, 0x896A, 0xEB82, 0xCB82, 0x285A, 0x896A, 0xAA6A, 0x6862, 0xAA7A, 0x696A, 0x495A, 0x2962, 0xF4E3, 0xF6FB, 
  0xB5FB, 0xD6FB, 0xD6FB, 0xB6FB, 0xD6FB, 0xD6FB, 0xD6FB, 0xD6FB, 0xD6FB, 0xD6FB, 0xB6FB, 0x97FB, 0xB6FB, 0xF6FB, 0xD6FB, 0x95F3, 
  0x7CFD, 0x72BB, 0x686A, 0x8A72, 0xF0B2, 0x9CFE, 0xFFFF, 0xDFFF, 0xFFFF, 0x9EFE, 0xD0B2, 0x074A, 0x8B82, 0x16FC, 0xEFB2, 0x485A, 
  0x285A, 0x485A, 0x6962, 0x8962, 0x696A, 0x4862, 0x485A, 0x6852, 0xA962, 0x485A, 0x696A, 0x696A, 0xEB82, 0xAB7A, 0xAA72, 0xAA72, 
  0xAA7A, 0x896A, 0x896A, 0xAA72, 0x896A, 0x6962, 0x497A, 0x35E4, 0xDFFF, 0x5DFE, 0xD7F2, 0x97FB, 0xD6FB, 0xD6FB, 0xF6FB, 0x56FB, 
  0xDAF4, 0xFFFF, 0xDEFE, 0x57F3, 0xB6FB, 0xD6FB, 0xB5FB, 0x99F4, 0x5FFF, 0x17EC, 0xB5F3, 0x4A72, 0x2852, 0xAA72, 0x8962, 0xAA7A, 
  0xCA72, 0x496A, 0x4962, 0x4962, 0x8A6A, 0x485A, 0x495A, 0x2852, 0x2852, 0xAA6A, 0x8A72, 0x696A, 0xAA6A, 0x485A, 0x695A, 0x695A, 
  0x6962, 0xAA72, 0x696A, 0x2852, 0x284A, 0x284A, 0x495A, 0x6962, 0x6962, 0x8962, 0x695A, 0x6A5A, 0x495A, 0x4962, 0x6962, 0x685A, 
  0x6962, 0x6962, 0xAA62, 0x2952, 0x695A, 0x0852, 0x10BB, 0x57FC, 0xEEA2, 0xE859, 0x51C3, 0x16FC, 0xB5FB, 0xD6FB, 0xF6F3, 0xD6FB, 
  0xB6FB, 0xD6FB, 0xB6FB, 0xD7FB, 0xF6FB, 0x93E3, 0x74E3, 0xD6FB, 0xD5FB, 0xD6FB, 0xD6FB, 0xD6FB, 0xD6FB, 0xD6FB, 0xD5FB, 0xF6FB, 
  0xD6FB, 0xB6FB, 0xB6FB, 0xB6FB, 0xB6FB, 0xD6FB, 0xB5FB, 0xB6FB, 0xB6FB, 0xB6FB, 0xD6FB, 0xD6FB, 0xD6FB, 0xD6FB, 0xD6FB, 0xB6FB, 
  0xD6FB, 0xD6FB, 0xD6FB, 0xD6FB, 0xD6FB, 0xD6FB, 0xD6FB, 0xB6FB, 0xB6FB, 0xB6FB, 0xB6FB, 0xB6FB, 0xB6FB, 0xB6FB, 0xB6FB, 0xB6FB, 
  0x96FB, 0xB6FB, 0xD6FB, 0xB6FB, 0xB5FB, 0xD6FB, 0xD6FB, 0xD6FB, 0xD6FB, 0x96FB, 0xB6FB, 0xD5FB, 0xD5FB, 0xB6FB, 0xB6FB, 0xB6FB, 
  0xB6FB, 0xD6FB, 0xB6FB, 0xB6FB, 0xD6FB, 0xB5FB, 0xD5FB, 0xD5FB, 0xD5FB, 0xB5FB, 0xB6FB, 0x37FB, 0xF9FA, 0xF9FA, 0xF8FA, 0xF9FA, 
  0xF9FA, 0xF9FA, 0xF9FA, 0xF9FA, 0xF9FA, 0xF9FA, 0xF9FA, 0x18FB, 0x97FB, 0xD5FB, 0xD5FB, 0xB6FB, 0xB6FB, 0xF6FB, 0xCEA2, 0x8A72, 
  0xCA72, 0x8A72, 0x696A, 0xA96A, 0x8972, 0xAA7A, 0x6A72, 0x896A, 0xAA72, 0x6972, 0x8A6A, 0x6A6A, 0x8A6A, 0x285A, 0x10B3, 0x16FC, 
  0xB5FB, 0xD5FB, 0xD6FB, 0xD6FB, 0xD5FB, 0xD6FB, 0xD6FB, 0xD6FB, 0xD6FB, 0xB6FB, 0xD6FB, 0xB6FB, 0xB5FB, 0xD6FB, 0xD6F3, 0xB5FB, 
  0x57F4, 0xFDF5, 0x8C92, 0x8A6A, 0x6972, 0xD3CB, 0x7FFF, 0xFFFF, 0xFFFF, 0xDFFF, 0xB8E4, 0x2A6A, 0x2852, 0xB4E3, 0x31C3, 0x6962, 
  0x6962, 0x4852, 0x4852, 0x6A62, 0x4852, 0x8962, 0x8A72, 0x6962, 0x896A, 0x896A, 0x8A72, 0xAA72, 0xAA72, 0x8972, 0x685A, 0x6962, 
  0xCB8A, 0xAA7A, 0x8962, 0x4862, 0x8A6A, 0x695A, 0x4862, 0xEFB2, 0xDDFE, 0xBFFF, 0x78F3, 0x18FB, 0xD6FB, 0xB5FB, 0xD6FB, 0xB6FB, 
  0xB8F3, 0x9FFF, 0xDFFF, 0xF9F3, 0x77FB, 0xD6FB, 0xD5FB, 0x18F4, 0x7FFF, 0x98EC, 0xB5FB, 0xCC8A, 0x6A6A, 0x696A, 0xA962, 0x8A7A, 
  0xCB82, 0x896A, 0x284A, 0x6962, 0x6852, 0x8962, 0x696A, 0x495A, 0x2852, 0x8A62, 0x696A, 0x896A, 0x485A, 0x8962, 0x8A6A, 0x4962, 
  0x895A, 0x495A, 0x495A, 0x495A, 0x484A, 0x4952, 0x6A72, 0xCB7A, 0x485A, 0x896A, 0x896A, 0x084A, 0x285A, 0xEC82, 0xAA72, 0x6962, 
  0xA96A, 0x495A, 0x0852, 0x8962, 0x4852, 0x084A, 0x4B72, 0xF5EB, 0xB4E3, 0x0962, 0x496A, 0xD4E3, 0xD6FB, 0xD6FB, 0xD5FB, 0xD5FB, 
  0xD5FB, 0xD6FB, 0xD5FB, 0xD5FB, 0xD5FB, 0xD6FB, 0xD6FB, 0xD5FB, 0xD5FB, 0xD6FB, 0xD6FB, 0xD6FB, 0xD6FB, 0xD6FB, 0xD6FB, 0xD5FB, 
  0xD6FB, 0xB6FB, 0xB6FB, 0xB6FB, 0xB6FB, 0xB5FB, 0xD6FB, 0xD6FB, 0xB6FB, 0xB6FB, 0xB6FB, 0xD6FB, 0xD6FB, 0xD6FB, 0xD6FB, 0xB6FB, 
  0xD6FB, 0xD6FB, 0xD6FB, 0xD6FB, 0xD6FB, 0xD6FB, 0xB6FB, 0xB6FB, 0xB6FB, 0xB6FB, 0xB6FB, 0xB6FB, 0x96FB, 0xB7FB, 0xB6FB, 0xB6FB, 
  0xB6FB, 0xB6FB, 0xB6FB, 0xD6FB, 0xD6FB, 0xD6FB, 0xD6FB, 0xB6FB, 0xD6FB, 0xB6FB, 0xD6FB, 0xB6FB, 0xB6FB, 0x96FB, 0xB6FB, 0xB6FB, 
  0xB6FB, 0xD6FB, 0xD6FB, 0xD6FB, 0xB6FB, 0xD6FB, 0xD5FB, 0xB6FB, 0xB6FB, 0xD6FB, 0x77FB, 0x18FB, 0xF9FA, 0xF9FA, 0xF8FA, 0xF9FA, 
  0xF8FA, 0xF9FA, 0xF9FA, 0xF9FA, 0xF9FA, 0xF9FA, 0xF8FA, 0x78FB, 0xD6FB, 0xD6FB, 0xD6FB, 0xB6FB, 0xD6FB, 0x72D3, 0x6A7A, 0x696A, 
  0x8962, 0x8A6A, 0x6962, 0x6962, 0x896A, 0xAA82, 0x8A82, 0xEA7A, 0xAA7A, 0x6A72, 0x695A, 0x8A62, 0xAA72, 0x8A72, 0x8B8A, 0xD5F3, 
  0xB6FB, 0xD6FB, 0xD5FB, 0xD6FB, 0xD6FB, 0xD6FB, 0xD6FB, 0xD6FB, 0xD6FB, 0xD6FB, 0xB6FB, 0xB5FB, 0xB6FB, 0xD6FB, 0xD6FB, 0xD6FB, 
  0x95F3, 0xBCFD, 0x18E5, 0x8B92, 0xAA7A, 0x2A82, 0xB9EC, 0xFFFF, 0xDFFF, 0xFFFF, 0x9DFE, 0xF0AA, 0x085A, 0x10C3, 0x52C3, 0x285A, 
  0xAA6A, 0x896A, 0x6962, 0x4962, 0x495A, 0x695A, 0x4962, 0x495A, 0x485A, 0x896A, 0x4862, 0x8A72, 0x896A, 0x6962, 0x696A, 0x285A, 
  0x8962, 0x8A6A, 0x8A72, 0xAA7A, 0xAA72, 0x896A, 0xCA7A, 0x8B9A, 0x39ED, 0xFFFF, 0xBBF4, 0xB8FA, 0x77FB, 0xB5FB, 0xD6FB, 0xF6FB, 
  0x37FB, 0x7EFE, 0xFFFF, 0xFCF4, 0x36F3, 0xF6FB, 0xD5FB, 0xB7F3, 0x5FFF, 0x7AF5, 0xB6FB, 0xAD9A, 0x074A, 0x2852, 0x485A, 0x896A, 
  0x4962, 0x2852, 0x8962, 0x8A72, 0x896A, 0xCA7A, 0x6962, 0x4852, 0x2852, 0x2852, 0x495A, 0x495A, 0x6A72, 0x696A, 0x2862, 0x8A72, 
  0x6962, 0x485A, 0x495A, 0x4852, 0x4852, 0x6962, 0x6A6A, 0x8A6A, 0x285A, 0x8A6A, 0x6962, 0x284A, 0x4952, 0x495A, 0x4962, 0x6962, 
  0x4852, 0x284A, 0x2952, 0x6962, 0x495A, 0x084A, 0x2752, 0x0FAB, 0x17FC, 0x70C3, 0x275A, 0xAD92, 0x16FC, 0xD5FB, 0xB6FB, 0xF5FB, 
  0xF5FB, 0xB6FB, 0xD6FB, 0xD5FB, 0xF5FB, 0xD6FB, 0xD6FB, 0xD6FB, 0xD5FB, 0xD6FB, 0xD6FB, 0xD6FB, 0xD6FB, 0xD6FB, 0xD6FB, 0xD6FB, 
  0xD6FB, 0xD6FB, 0xD6FB, 0xB6FB, 0xB6FB, 0xD6FB, 0xB6FB, 0xD6FB, 0xD6FB, 0xD6FB, 0xD6FB, 0xD5FB, 0xD6FB, 0xD6FB, 0xD6FB, 0xD6FB, 
  0xD6FB, 0xD6FB, 0xD6FB, 0xD6FB, 0xD6FB, 0xD6FB, 0xB6FB, 0xB6FB, 0xD6FB, 0xD6FB, 0xD6FB, 0xB6FB, 0xB6FB, 0xD7FB, 0xD7FB, 0x96FB, 
  0xB6FB, 0xB6FB, 0xB6FB, 0xD6FB, 0xD6FB, 0xB6FB, 0xB6FB, 0xB6FB, 0xB6FB, 0xB6FB, 0xB6FB, 0xB6FB, 0xB6FB, 0xD6FB, 0xD6FB, 0xD6FB, 
  0xB6FB, 0xD6FB, 0xD6FB, 0xD6FB, 0xD6FB, 0xD6FB, 0xB6FB, 0xB6FB, 0xB6FB, 0xB6FB, 0x38FB, 0xF8FA, 0xF8FA, 0xF9FA, 0xF9FA, 0xF8FA, 
  0xF8FA, 0xF9FA, 0xF9FA, 0xF9FA, 0xF9FA, 0xF8FA, 0x57FB, 0xB6FB, 0xB5FB, 0xD6FB, 0xD6FB, 0xD6FB, 0xD4E3, 0x8C92, 0x896A, 0x695A, 
  0x6A62, 0x696A, 0x8A6A, 0x8A6A, 0x896A, 0xEB82, 0xCB8A, 0x6972, 0x6862, 0x8962, 0x4962, 0x495A, 0x8A62, 0x6962, 0x4862, 0x51CB, 
  0xD7FB, 0xB6FB, 0xD5FB, 0xD6FB, 0xD6FB, 0xD6FB, 0xD6FB, 0xD6FB, 0xD6FB, 0xD6FB, 0xB6FB, 0xB6FB, 0xD6FB, 0xD6FB, 0xD5FB, 0xD6FB, 
  0xB6FB, 0xF6F3, 0xBEFE, 0xD2C3, 0x8A82, 0xAA72, 0xCEA2, 0x1CF6, 0xFFFF, 0xFFFF, 0xDFFF, 0x77EC, 0x4B8A, 0x8A7A, 0x72C3, 0x8A72, 
  0x2862, 0xAA6A, 0x685A, 0x495A, 0x6962, 0xAA62, 0x495A, 0x495A, 0x495A, 0x6962, 0x896A, 0x8A6A, 0x6962, 0x695A, 0xCA72, 0x8A72, 
  0x8A6A, 0x495A, 0x285A, 0x4862, 0x896A, 0x696A, 0xEB8A, 0x286A, 0x93C3, 0xDFFF, 0x3DF6, 0xD8F2, 0x18FB, 0xB6FB, 0xD6FB, 0xF6FB, 
  0x36FB, 0x5BF5, 0xFFFF, 0xFDF5, 0x37F3, 0xF5FB, 0xD5FB, 0x96F3, 0xBDF6, 0x5DFE, 0x96FB, 0x50BB, 0x695A, 0xAA6A, 0xA96A, 0xAA6A, 
  0x4962, 0x8A72, 0xCA82, 0xEB82, 0xEC9A, 0xEC9A, 0x8A7A, 0xAA72, 0xAA72, 0x8962, 0x4862, 0x8A6A, 0xCB72, 0x285A, 0x4962, 0x696A, 
  0x8A62, 0x6962, 0x0852, 0x6952, 0x285A, 0x8962, 0x8962, 0x4962, 0x285A, 0x6962, 0x4962, 0x285A, 0x4952, 0x2852, 0x695A, 0x495A, 
  0x074A, 0x4952, 0x4952, 0x084A, 0x4852, 0x695A, 0x695A, 0x2962, 0x73DB, 0x17FC, 0xAD8A, 0x085A, 0xEFB2, 0x16FC, 0xD6FB, 0xD6FB, 
  0xD5FB, 0xD5FB, 0xD5FB, 0xD5FB, 0xD5FB, 0xD5FB, 0xD5FB, 0xD5FB, 0xD6FB, 0xD6FB, 0xB5FB, 0xB5FB, 0xD6FB, 0xD6FB, 0xB6FB, 0xD6FB, 
  0xD5FB, 0xD5FB, 0xD5FB, 0xB6FB, 0xB6FB, 0xB6FB, 0xD6FB, 0xB6FB, 0xD6FB, 0xD6FB, 0xD5FB, 0xD5FB, 0xD6FB, 0xD6FB, 0xD6FB, 0xD6FB, 
  0xD6FB, 0xD6FB, 0xD6FB, 0xD6FB, 0xD6FB, 0xD6FB, 0xD6FB, 0xD6FB, 0xD5FB, 0xD5FB, 0xD5FB, 0xD6FB, 0xB6FB, 0xB6FB, 0xB6FB, 0xB6FB, 
  0xB6FB, 0xB6FB, 0xB6FB, 0xB6FB, 0xD6FB, 0xB6FB, 0xB6FB, 0xB6FB, 0xB6FB, 0xB6FB, 0xB6FB, 0xB6FB, 0xB6FB, 0xD6FB, 0xD6FB, 0xB6FB, 
  0xD6FB, 0xD6FB, 0xD6FB, 0xB6FB, 0xB5FB, 0xB6FB, 0xD6FB, 0xD5FB, 0xB6FB, 0x77FB, 0x18FB, 0xF8FA, 0xF9FA, 0xF9FA, 0xF9FA, 0xF9FA, 
  0xF9FA, 0xF8FA, 0xF9FA, 0xFAFA, 0xF9FA, 0x37FB, 0xB6FB, 0xB6FB, 0xD5FB, 0xD5FB, 0xD5FB, 0xF6FB, 0xCEAA, 0x6A72, 0x8962, 0x896A, 
  0xAA72, 0x495A, 0x695A, 0x6962, 0x6962, 0x6962, 0x485A, 0x6962, 0x8972, 0x896A, 0x6962, 0x8A6A, 0x6962, 0x8962, 0x485A, 0xCD92, 
  0xD6FB, 0xB6FB, 0xD6FB, 0xB6FB, 0xB6FB, 0xB6FB, 0xB6FB, 0xB6FB, 0xD6FB, 0xB6FB, 0xB6FB, 0xD6FB, 0xD6FB, 0xD6FB, 0xD6FB, 0xD6FB, 
  0xD6FB, 0x75F3, 0x9BFD, 0x3BF6, 0x2A7A, 0x485A, 0x275A, 0x11B3, 0xDEFE, 0xFFFF, 0xFFFF, 0x7CFE, 0x31CB, 0x8972, 0xAB82, 0xAB82, 
  0x896A, 0x696A, 0xAB72, 0x8A62, 0x6962, 0x4962, 0x6962, 0x6962, 0x8A62, 0x2852, 0x6962, 0xAA72, 0x696A, 0x696A, 0x696A, 0x896A, 
  0xAA6A, 0xAA72, 0x285A, 0x285A, 0x696A, 0x896A, 0x8A72, 0x6A72, 0xAEA2, 0xBDFE, 0x7FFF, 0x58F3, 0xF9FA, 0x58FB, 0xD6FB, 0xF6FB, 
  0x56FB, 0x19F4, 0xFFFF, 0x3FFF, 0x78F3, 0xB6FB, 0xF6FB, 0x75FB, 0xDCF5, 0x5FFF, 0xB7FB, 0x72D3, 0x2962, 0xCA7A, 0xA96A, 0x275A, 
  0x485A, 0xAA72, 0xCB7A, 0x6972, 0x8A7A, 0x8862, 0x6972, 0xCA7A, 0xCB82, 0xCA7A, 0x4862, 0x6962, 0xAA6A, 0x4852, 0x8952, 0x285A, 
  0x485A, 0x4852, 0x6A62, 0x495A, 0x2852, 0x8962, 0x285A, 0x6962, 0xAA6A, 0x6962, 0x8962, 0xAA6A, 0x485A, 0x285A, 0x8A6A, 0xAA6A, 
  0x485A, 0x4952, 0x695A, 0x4852, 0x4952, 0x0852, 0x295A, 0x484A, 0x6B7A, 0x77FB, 0x97E3, 0x896A, 0x2962, 0x52CB, 0x16FC, 0xD6FB, 
  0xD6FB, 0xD5FB, 0xF5FB, 0xD6FB, 0xD6FB, 0xD6FB, 0xD6FB, 0xD6FB, 0xD6FB, 0xD6FB, 0xD5FB, 0xB5FB, 0xD6FB, 0xD6FB, 0xD6FB, 0xD6FB, 
  0xD6FB, 0xD6FB, 0xD6FB, 0xD6FB, 0xB6FB, 0xB6FB, 0xB6FB, 0xD6FB, 0xD6FB, 0xD6FB, 0xD6FB, 0xD6FB, 0xB6FB, 0xD6FB, 0xD6FB, 0xD6FB, 
  0xD6FB, 0xD6FB, 0xD6FB, 0xD6FB, 0xD6FB, 0xD6FB, 0xD6FB, 0xD6FB, 0xD6FB, 0xD6FB, 0xD6FB, 0xD6FB, 0xD6FB, 0xB6FB, 0xB6FB, 0xD6FB, 
  0xB6FB, 0xB6FB, 0xD6FB, 0xB6FB, 0xD6FB, 0xD6FB, 0xB6FB, 0xB6FB, 0x96FB, 0xB6FB, 0xB6FB, 0xB6FB, 0xB6FB, 0xD6FB, 0xB6FB, 0xB6FB, 
  0xD6FB, 0xD6FB, 0xD6FB, 0xB6FB, 0xD6FB, 0xD6FB, 0xB6FB, 0xD5FB, 0xB6FB, 0x38FB, 0xF9FA, 0xF9FA, 0xF9FA, 0xF9FA, 0xF9FA, 0xF9FA, 
  0xF9FA, 0xF9FA, 0x19FB, 0xF9FA, 0x18FB, 0x97FB, 0xB6FB, 0xB6FB, 0xD6FB, 0xD6FB, 0xF6FB, 0x51CB, 0x6A7A, 0xAA6A, 0x8962, 0x485A, 
  0x8A72, 0x8A72, 0x8A6A, 0x896A, 0x496A, 0x896A, 0xAA6A, 0x896A, 0x2D9B, 0x8972, 0x685A, 0xAA72, 0x4A72, 0x6962, 0x8962, 0x8B7A, 
  0x93DB, 0xD6FB, 0xB6FB, 0xB6FB, 0xB6FB, 0xD6FB, 0xB6FB, 0xB6FB, 0xB6FB, 0xB6FB, 0xD6FB, 0xD6FB, 0xD6FB, 0xD6FB, 0xD6FB, 0xB6FB, 
  0xD5FB, 0xD6FB, 0xD6F3, 0x1FFF, 0x54BC, 0x0852, 0x895A, 0x0972, 0xF5D3, 0x7FFF, 0xFFF7, 0xBFFF, 0x76E4, 0x0A72, 0x084A, 0x495A, 
  0x8862, 0x486A, 0x4A72, 0x8A72, 0x496A, 0x8A72, 0x896A, 0x696A, 0x8962, 0x2852, 0x8962, 0x6962, 0x6962, 0x8962, 0xCA72, 0x8A7A, 
  0xAA7A, 0xAA72, 0x6962, 0x695A, 0x6962, 0x685A, 0x685A, 0x8A72, 0x2A72, 0x19ED, 0xFFFF, 0x7AF4, 0xB8FA, 0x19FB, 0xB6FB, 0xD6FB, 
  0xB6FB, 0x58F3, 0x3EFF, 0xFFFF, 0x19F4, 0x76FB, 0xF6FB, 0x95FB, 0xDAF4, 0xDFFF, 0x38F4, 0x93E3, 0x4A6A, 0xAA6A, 0x696A, 0x8A6A, 
  0x8A6A, 0x6962, 0x485A, 0x896A, 0x8972, 0x896A, 0xCA72, 0x8972, 0x6972, 0x4962, 0x485A, 0x485A, 0xCC82, 0x495A, 0x2852, 0x8962, 
  0x6962, 0x6962, 0x495A, 0x2852, 0x695A, 0x695A, 0x6962, 0x495A, 0x695A, 0x495A, 0x485A, 0x285A, 0x495A, 0x6962, 0xAA6A, 0x8962, 
  0x695A, 0x285A, 0x695A, 0x284A, 0x284A, 0x4952, 0x4A5A, 0x4852, 0x2752, 0xD0B2, 0x98FB, 0x54D3, 0x296A, 0x0962, 0x92D3, 0x16FC, 
  0xB6FB, 0xD6FB, 0xD6FB, 0xB6FB, 0xB6FB, 0xB6FB, 0xB6FB, 0xD6FB, 0xD6FB, 0xD6FB, 0xD6FB, 0xD6FB, 0xD6FB, 0xD6FB, 0xD6FB, 0xD5FB, 
  0xD6FB, 0xD6FB, 0xD6FB, 0xD6FB, 0xD6FB, 0xB6FB, 0xB6FB, 0xB6FB, 0xD6FB, 0xD6FB, 0xD6FB, 0xD6FB, 0xD6FB, 0xD6FB, 0xD6FB, 0xD6FB, 
  0xD6FB, 0xD6FB, 0xD6FB, 0xD6FB, 0xD6FB, 0xD6FB, 0xD6FB, 0xD6FB, 0xD6FB, 0xD6FB, 0xD6FB, 0xD6FB, 0xD5FB, 0xD5FB, 0xB5FB, 0xB6FB, 
  0xB6FB, 0xB6FB, 0xD6FB, 0xD6FB, 0xB5FB, 0xD6FB, 0xD6FB, 0xB6FB, 0xB6FB, 0xB6FB, 0xD6FB, 0xF6FB, 0xB6FB, 0xB6FB, 0xD6FB, 0xD6FB, 
  0xD6FB, 0xD6FB, 0xB6FB, 0xB6FB, 0xB6FB, 0xB6FB, 0xB6FB, 0xD6FB, 0x77FB, 0xF8FA, 0xF9FA, 0xF9FA, 0xF9FA, 0xF9FA, 0x19FB, 0xF9FA, 
  0xF9FA, 0xF9FA, 0xF8FA, 0x17FB, 0x97FB, 0xB6FB, 0x96FB, 0xB6FB, 0xB5FB, 0xF6FB, 0xB4E3, 0x2A72, 0x4862, 0x8962, 0x6962, 0x696A, 
  0xCB8A, 0xCA7A, 0x8A7A, 0xAA7A, 0xCB7A, 0x8A6A, 0x696A, 0x896A, 0x896A, 0x6862, 0xCA72, 0x896A, 0x6962, 0x8A72, 0xAA72, 0x696A, 
  0x0FB3, 0xF6FB, 0x96FB, 0xB6FB, 0xD6FB, 0xD6FB, 0xD6FB, 0xD6FB, 0xD6FB, 0xD6FB, 0xD6FB, 0xD5FB, 0xD5FB, 0xD5FB, 0xD6FB, 0xB6FB, 
  0xD6FB, 0xD5FB, 0x95FB, 0x5AF5, 0xFEFE, 0x8C8A, 0x495A, 0x8962, 0x4B8A, 0xD8EC, 0xDFFF, 0xFFF7, 0x7DFE, 0xB0A2, 0x285A, 0x4A62, 
  0x8962, 0x6862, 0xEC8A, 0x496A, 0x8A72, 0x0D8B, 0x485A, 0x4862, 0x4962, 0x696A, 0x896A, 0x8A72, 0x8A72, 0xAA72, 0xCA7A, 0xAA7A, 
  0xEB82, 0x8972, 0x8A6A, 0x6962, 0x495A, 0x6962, 0x695A, 0x695A, 0x0862, 0x92C3, 0xDFFF, 0xFCF5, 0xB7F2, 0xF9FA, 0x96FB, 0xD6FB, 
  0xF6FB, 0x36F3, 0xDCF5, 0xFFFF, 0x3BF5, 0x36F3, 0xD6FB, 0x95FB, 0x58F4, 0xDFFF, 0xFAF4, 0x95F3, 0x4B7A, 0x695A, 0x696A, 0x8A6A, 
  0x4962, 0x695A, 0x8962, 0xCB82, 0xAA7A, 0x696A, 0x896A, 0x8A7A, 0x8A72, 0x8A6A, 0x6962, 0x6962, 0x4962, 0x6A62, 0x6962, 0x485A, 
  0x6962, 0x4962, 0xAA6A, 0xEB7A, 0x285A, 0x0852, 0x6962, 0x6962, 0x285A, 0x495A, 0x2852, 0x8A62, 0xAA62, 0x0852, 0x4962, 0x6A5A, 
  0x495A, 0x896A, 0x6962, 0x0852, 0x284A, 0x4952, 0x495A, 0x2852, 0x8852, 0x896A, 0x12CB, 0x79FB, 0x33CB, 0x2962, 0x8A7A, 0xB3EB, 
  0xF6FB, 0xD6FB, 0xD6FB, 0xD6FB, 0xB6FB, 0xB5FB, 0xB6FB, 0xB6FB, 0xD6FB, 0xD6FB, 0xD6FB, 0xD6FB, 0xD6FB, 0xD6FB, 0xD5FB, 0xD5FB, 
  0xD6FB, 0xD6FB, 0xD6FB, 0xD6FB, 0xD6FB, 0xD6FB, 0xD6FB, 0xD5FB, 0xD6FB, 0xD6FB, 0xD5FB, 0xD5FB, 0xD6FB, 0xD6FB, 0xD6FB, 0xD6FB, 
  0xD6FB, 0xB6FB, 0xD6FB, 0xD6FB, 0xD6FB, 0xD6FB, 0xD5FB, 0xD6FB, 0xD6FB, 0xD6FB, 0xD6FB, 0xD5FB, 0xD5FB, 0xD5FB, 0xD6FB, 0xB6FB, 
  0xB6FB, 0xB6FB, 0xD6FB, 0xD6FB, 0xD6FB, 0xD5FB, 0xD6FB, 0xD6FB, 0xB6FB, 0xD6FB, 0xD6FB, 0xF6FB, 0xB6FB, 0xB6FB, 0xD5FB, 0xD5FB, 
  0xD6FB, 0xD6FB, 0xD5FB, 0xD5FB, 0xB6FB, 0xB5FB, 0xD6FB, 0xB7FB, 0x38FB, 0xF8FA, 0xF9FA, 0x19FB, 0x18FB, 0x18FB, 0x19FB, 0xF9FA, 
  0xF8FA, 0xF9FA, 0x18FB, 0x96FB, 0xD5FB, 0xD6FB, 0xD6FB, 0xD6FB, 0xB5FB, 0xF6FB, 0xADA2, 0x8962, 0x0B8B, 0x8A72, 0x495A, 0xAA72, 
  0xCA82, 0x8972, 0x897A, 0xCA7A, 0xA96A, 0x696A, 0x896A, 0xAA6A, 0x8962, 0x696A, 0x8A72, 0x8962, 0x8962, 0x6A82, 0x6972, 0x896A, 
  0xAB8A, 0xD5F3, 0xB6FB, 0xD6FB, 0xD6FB, 0xD5FB, 0xD5FB, 0xD5FB, 0xD6FB, 0xD6FB, 0xD6FB, 0xD5FB, 0xD5FB, 0xD5FB, 0xD6FB, 0xB6FB, 
  0xD6FB, 0xD5FB, 0xD5FB, 0xD5EB, 0xFEFE, 0xD6D4, 0xE869, 0xA962, 0x8962, 0x8EA2, 0xFBF5, 0xFFFF, 0x9FFF, 0x36D4, 0x4972, 0x8A72, 
  0x6962, 0x696A, 0xAB82, 0x896A, 0xEB7A, 0xAB82, 0x0752, 0x695A, 0x896A, 0x6862, 0x4962, 0x8A6A, 0x696A, 0x8A72, 0x8972, 0xAA72, 
  0x696A, 0x696A, 0xAA72, 0x4862, 0x6962, 0x6962, 0x4862, 0x695A, 0x896A, 0xCEA2, 0xBEFE, 0x3EFF, 0x17F3, 0xD9FA, 0x57FB, 0xD6FB, 
  0xF6FB, 0x56FB, 0x9AF4, 0xFFFF, 0x5DF6, 0x37F3, 0xB6FB, 0xD6FB, 0xD6EB, 0x7FFF, 0xDCF5, 0xB5FB, 0xCD92, 0x4852, 0x8962, 0x8962, 
  0x495A, 0x8962, 0xAA72, 0x6862, 0x6962, 0x896A, 0x4852, 0x4852, 0x8A6A, 0x8962, 0x695A, 0x8962, 0x6962, 0x4962, 0x495A, 0x485A, 
  0x496A, 0x496A, 0xCB8A, 0xAFB3, 0x8A7A, 0x896A, 0x896A, 0x6962, 0xCA6A, 0x485A, 0x485A, 0x6962, 0x6962, 0x495A, 0x695A, 0x2852, 
  0x4852, 0x695A, 0x6962, 0x8962, 0x695A, 0x4852, 0x2852, 0x4952, 0x4952, 0x495A, 0x6A7A, 0x54DB, 0x98FB, 0x30B3, 0x286A, 0x8B8A, 
  0xF4EB, 0xF6FB, 0xD5FB, 0xD6FB, 0xD6FB, 0xD6FB, 0xD6FB, 0xB5FB, 0xD6FB, 0xD6FB, 0xD6FB, 0xD5FB, 0xD5FB, 0xD6FB, 0xD6FB, 0xD5FB, 
  0xD6FB, 0xD6FB, 0xD6FB, 0xB5FB, 0xD6FB, 0xD6FB, 0xD5FB, 0xF6FB, 0xD5FB, 0xD5FB, 0xF5FB, 0xD5FB, 0xD5FB, 0xD5FB, 0xD6FB, 0xD5FB
};
